run_id,name,split,scope,metric,value,inter,union,n_valid
segformer__scratch__mit-b0__in_rover__seed1415__gpu_full__df715c71__gitc188b320__codebebd8b2d__20260714T105400494420Z,msl_ncam_nla_409036068edr_f0051606ncam00348m1,test_msl,soil,iou,,0,0,0
segformer__scratch__mit-b0__in_rover__seed1415__gpu_full__df715c71__gitc188b320__codebebd8b2d__20260714T105400494420Z,msl_ncam_nla_409036068edr_f0051606ncam00348m1,test_msl,bedrock,iou,,0,0,0
segformer__scratch__mit-b0__in_rover__seed1415__gpu_full__df715c71__gitc188b320__codebebd8b2d__20260714T105400494420Z,msl_ncam_nla_409036068edr_f0051606ncam00348m1,test_msl,sand,iou,,0,0,0
segformer__scratch__mit-b0__in_rover__seed1415__gpu_full__df715c71__gitc188b320__codebebd8b2d__20260714T105400494420Z,msl_ncam_nla_409036068edr_f0051606ncam00348m1,test_msl,big_rock,iou,,0,0,0
segformer__scratch__mit-b0__in_rover__seed1415__gpu_full__df715c71__gitc188b320__codebebd8b2d__20260714T105400494420Z,msl_ncam_nla_409036068edr_f0051606ncam00348m1,test_msl,ALL,pixel_acc,,0,0,0
segformer__scratch__mit-b0__in_rover__seed1415__gpu_full__df715c71__gitc188b320__codebebd8b2d__20260714T105400494420Z,msl_ncam_nla_409036068edr_f0051606ncam00348m1,test_msl,ALL,boundary_f1,,0,0,0
segformer__scratch__mit-b0__in_rover__seed1415__gpu_full__df715c71__gitc188b320__codebebd8b2d__20260714T105400494420Z,msl_ncam_nla_409036116edr_f0051606ncam00348m1,test_msl,soil,iou,0.0,0,4482,123986
segformer__scratch__mit-b0__in_rover__seed1415__gpu_full__df715c71__gitc188b320__codebebd8b2d__20260714T105400494420Z,msl_ncam_nla_409036116edr_f0051606ncam00348m1,test_msl,bedrock,iou,0.9638507573435711,119504,123986,123986
segformer__scratch__mit-b0__in_rover__seed1415__gpu_full__df715c71__gitc188b320__codebebd8b2d__20260714T105400494420Z,msl_ncam_nla_409036116edr_f0051606ncam00348m1,test_msl,sand,iou,,0,0,123986
segformer__scratch__mit-b0__in_rover__seed1415__gpu_full__df715c71__gitc188b320__codebebd8b2d__20260714T105400494420Z,msl_ncam_nla_409036116edr_f0051606ncam00348m1,test_msl,big_rock,iou,,0,0,123986
segformer__scratch__mit-b0__in_rover__seed1415__gpu_full__df715c71__gitc188b320__codebebd8b2d__20260714T105400494420Z,msl_ncam_nla_409036116edr_f0051606ncam00348m1,test_msl,ALL,pixel_acc,0.9638507573435711,0,0,123986
segformer__scratch__mit-b0__in_rover__seed1415__gpu_full__df715c71__gitc188b320__codebebd8b2d__20260714T105400494420Z,msl_ncam_nla_409036116edr_f0051606ncam00348m1,test_msl,ALL,boundary_f1,0.4829444720232608,0,0,123986
segformer__scratch__mit-b0__in_rover__seed1415__gpu_full__df715c71__gitc188b320__codebebd8b2d__20260714T105400494420Z,msl_ncam_nla_409036860edr_f0051662ncam00346m1,test_msl,soil,iou,0.9623485115895988,8179,8499,22748
segformer__scratch__mit-b0__in_rover__seed1415__gpu_full__df715c71__gitc188b320__codebebd8b2d__20260714T105400494420Z,msl_ncam_nla_409036860edr_f0051662ncam00346m1,test_msl,bedrock,iou,0.8895736658932715,12269,13792,22748
segformer__scratch__mit-b0__in_rover__seed1415__gpu_full__df715c71__gitc188b320__codebebd8b2d__20260714T105400494420Z,msl_ncam_nla_409036860edr_f0051662ncam00346m1,test_msl,sand,iou,0.0,0,1284,22748
segformer__scratch__mit-b0__in_rover__seed1415__gpu_full__df715c71__gitc188b320__codebebd8b2d__20260714T105400494420Z,msl_ncam_nla_409036860edr_f0051662ncam00346m1,test_msl,big_rock,iou,0.0,0,1473,22748
segformer__scratch__mit-b0__in_rover__seed1415__gpu_full__df715c71__gitc188b320__codebebd8b2d__20260714T105400494420Z,msl_ncam_nla_409036860edr_f0051662ncam00346m1,test_msl,ALL,pixel_acc,0.8988922103042025,0,0,22748
segformer__scratch__mit-b0__in_rover__seed1415__gpu_full__df715c71__gitc188b320__codebebd8b2d__20260714T105400494420Z,msl_ncam_nla_409036860edr_f0051662ncam00346m1,test_msl,ALL,boundary_f1,0.43941551605322077,0,0,22748
segformer__scratch__mit-b0__in_rover__seed1415__gpu_full__df715c71__gitc188b320__codebebd8b2d__20260714T105400494420Z,msl_ncam_nla_409036993edr_f0051662ncam05703m1,test_msl,soil,iou,,0,0,36839
segformer__scratch__mit-b0__in_rover__seed1415__gpu_full__df715c71__gitc188b320__codebebd8b2d__20260714T105400494420Z,msl_ncam_nla_409036993edr_f0051662ncam05703m1,test_msl,bedrock,iou,0.9862374114389642,36332,36839,36839
segformer__scratch__mit-b0__in_rover__seed1415__gpu_full__df715c71__gitc188b320__codebebd8b2d__20260714T105400494420Z,msl_ncam_nla_409036993edr_f0051662ncam05703m1,test_msl,sand,iou,,0,0,36839
segformer__scratch__mit-b0__in_rover__seed1415__gpu_full__df715c71__gitc188b320__codebebd8b2d__20260714T105400494420Z,msl_ncam_nla_409036993edr_f0051662ncam05703m1,test_msl,big_rock,iou,0.0,0,507,36839
segformer__scratch__mit-b0__in_rover__seed1415__gpu_full__df715c71__gitc188b320__codebebd8b2d__20260714T105400494420Z,msl_ncam_nla_409036993edr_f0051662ncam05703m1,test_msl,ALL,pixel_acc,0.9862374114389642,0,0,36839
segformer__scratch__mit-b0__in_rover__seed1415__gpu_full__df715c71__gitc188b320__codebebd8b2d__20260714T105400494420Z,msl_ncam_nla_409036993edr_f0051662ncam05703m1,test_msl,ALL,boundary_f1,0.4787577161367781,0,0,36839
segformer__scratch__mit-b0__in_rover__seed1415__gpu_full__df715c71__gitc188b320__codebebd8b2d__20260714T105400494420Z,msl_ncam_nla_409037112edr_f0051662ncam05703m1,test_msl,soil,iou,,0,0,88991
segformer__scratch__mit-b0__in_rover__seed1415__gpu_full__df715c71__gitc188b320__codebebd8b2d__20260714T105400494420Z,msl_ncam_nla_409037112edr_f0051662ncam05703m1,test_msl,bedrock,iou,1.0,88991,88991,88991
segformer__scratch__mit-b0__in_rover__seed1415__gpu_full__df715c71__gitc188b320__codebebd8b2d__20260714T105400494420Z,msl_ncam_nla_409037112edr_f0051662ncam05703m1,test_msl,sand,iou,,0,0,88991
segformer__scratch__mit-b0__in_rover__seed1415__gpu_full__df715c71__gitc188b320__codebebd8b2d__20260714T105400494420Z,msl_ncam_nla_409037112edr_f0051662ncam05703m1,test_msl,big_rock,iou,,0,0,88991
segformer__scratch__mit-b0__in_rover__seed1415__gpu_full__df715c71__gitc188b320__codebebd8b2d__20260714T105400494420Z,msl_ncam_nla_409037112edr_f0051662ncam05703m1,test_msl,ALL,pixel_acc,1.0,0,0,88991
segformer__scratch__mit-b0__in_rover__seed1415__gpu_full__df715c71__gitc188b320__codebebd8b2d__20260714T105400494420Z,msl_ncam_nla_409037112edr_f0051662ncam05703m1,test_msl,ALL,boundary_f1,1.0,0,0,88991
segformer__scratch__mit-b0__in_rover__seed1415__gpu_full__df715c71__gitc188b320__codebebd8b2d__20260714T105400494420Z,msl_ncam_nla_601414440edr_f0731482ncam00375m1,test_msl,soil,iou,,0,0,0
segformer__scratch__mit-b0__in_rover__seed1415__gpu_full__df715c71__gitc188b320__codebebd8b2d__20260714T105400494420Z,msl_ncam_nla_601414440edr_f0731482ncam00375m1,test_msl,bedrock,iou,,0,0,0
segformer__scratch__mit-b0__in_rover__seed1415__gpu_full__df715c71__gitc188b320__codebebd8b2d__20260714T105400494420Z,msl_ncam_nla_601414440edr_f0731482ncam00375m1,test_msl,sand,iou,,0,0,0
segformer__scratch__mit-b0__in_rover__seed1415__gpu_full__df715c71__gitc188b320__codebebd8b2d__20260714T105400494420Z,msl_ncam_nla_601414440edr_f0731482ncam00375m1,test_msl,big_rock,iou,,0,0,0
segformer__scratch__mit-b0__in_rover__seed1415__gpu_full__df715c71__gitc188b320__codebebd8b2d__20260714T105400494420Z,msl_ncam_nla_601414440edr_f0731482ncam00375m1,test_msl,ALL,pixel_acc,,0,0,0
segformer__scratch__mit-b0__in_rover__seed1415__gpu_full__df715c71__gitc188b320__codebebd8b2d__20260714T105400494420Z,msl_ncam_nla_601414440edr_f0731482ncam00375m1,test_msl,ALL,boundary_f1,,0,0,0
segformer__scratch__mit-b0__in_rover__seed1415__gpu_full__df715c71__gitc188b320__codebebd8b2d__20260714T105400494420Z,msl_ncam_nla_601414568edr_f0731482ncam00253m1,test_msl,soil,iou,1.0,124196,124196,124196
segformer__scratch__mit-b0__in_rover__seed1415__gpu_full__df715c71__gitc188b320__codebebd8b2d__20260714T105400494420Z,msl_ncam_nla_601414568edr_f0731482ncam00253m1,test_msl,bedrock,iou,,0,0,124196
segformer__scratch__mit-b0__in_rover__seed1415__gpu_full__df715c71__gitc188b320__codebebd8b2d__20260714T105400494420Z,msl_ncam_nla_601414568edr_f0731482ncam00253m1,test_msl,sand,iou,,0,0,124196
segformer__scratch__mit-b0__in_rover__seed1415__gpu_full__df715c71__gitc188b320__codebebd8b2d__20260714T105400494420Z,msl_ncam_nla_601414568edr_f0731482ncam00253m1,test_msl,big_rock,iou,,0,0,124196
segformer__scratch__mit-b0__in_rover__seed1415__gpu_full__df715c71__gitc188b320__codebebd8b2d__20260714T105400494420Z,msl_ncam_nla_601414568edr_f0731482ncam00253m1,test_msl,ALL,pixel_acc,1.0,0,0,124196
segformer__scratch__mit-b0__in_rover__seed1415__gpu_full__df715c71__gitc188b320__codebebd8b2d__20260714T105400494420Z,msl_ncam_nla_601414568edr_f0731482ncam00253m1,test_msl,ALL,boundary_f1,1.0,0,0,124196
segformer__scratch__mit-b0__in_rover__seed1415__gpu_full__df715c71__gitc188b320__codebebd8b2d__20260714T105400494420Z,msl_ncam_nla_601414993edr_f0731482ncam00254m1,test_msl,soil,iou,0.6835996407814697,80688,118034,118034
segformer__scratch__mit-b0__in_rover__seed1415__gpu_full__df715c71__gitc188b320__codebebd8b2d__20260714T105400494420Z,msl_ncam_nla_601414993edr_f0731482ncam00254m1,test_msl,bedrock,iou,0.0,0,37346,118034
segformer__scratch__mit-b0__in_rover__seed1415__gpu_full__df715c71__gitc188b320__codebebd8b2d__20260714T105400494420Z,msl_ncam_nla_601414993edr_f0731482ncam00254m1,test_msl,sand,iou,,0,0,118034
segformer__scratch__mit-b0__in_rover__seed1415__gpu_full__df715c71__gitc188b320__codebebd8b2d__20260714T105400494420Z,msl_ncam_nla_601414993edr_f0731482ncam00254m1,test_msl,big_rock,iou,,0,0,118034
segformer__scratch__mit-b0__in_rover__seed1415__gpu_full__df715c71__gitc188b320__codebebd8b2d__20260714T105400494420Z,msl_ncam_nla_601414993edr_f0731482ncam00254m1,test_msl,ALL,pixel_acc,0.6835996407814697,0,0,118034
segformer__scratch__mit-b0__in_rover__seed1415__gpu_full__df715c71__gitc188b320__codebebd8b2d__20260714T105400494420Z,msl_ncam_nla_601414993edr_f0731482ncam00254m1,test_msl,ALL,boundary_f1,0.41025641025641024,0,0,118034
segformer__scratch__mit-b0__in_rover__seed1415__gpu_full__df715c71__gitc188b320__codebebd8b2d__20260714T105400494420Z,msl_ncam_nla_601415225edr_f0731482ncam00254m1,test_msl,soil,iou,1.0,84983,84983,84983
segformer__scratch__mit-b0__in_rover__seed1415__gpu_full__df715c71__gitc188b320__codebebd8b2d__20260714T105400494420Z,msl_ncam_nla_601415225edr_f0731482ncam00254m1,test_msl,bedrock,iou,,0,0,84983
segformer__scratch__mit-b0__in_rover__seed1415__gpu_full__df715c71__gitc188b320__codebebd8b2d__20260714T105400494420Z,msl_ncam_nla_601415225edr_f0731482ncam00254m1,test_msl,sand,iou,,0,0,84983
segformer__scratch__mit-b0__in_rover__seed1415__gpu_full__df715c71__gitc188b320__codebebd8b2d__20260714T105400494420Z,msl_ncam_nla_601415225edr_f0731482ncam00254m1,test_msl,big_rock,iou,,0,0,84983
segformer__scratch__mit-b0__in_rover__seed1415__gpu_full__df715c71__gitc188b320__codebebd8b2d__20260714T105400494420Z,msl_ncam_nla_601415225edr_f0731482ncam00254m1,test_msl,ALL,pixel_acc,1.0,0,0,84983
segformer__scratch__mit-b0__in_rover__seed1415__gpu_full__df715c71__gitc188b320__codebebd8b2d__20260714T105400494420Z,msl_ncam_nla_601415225edr_f0731482ncam00254m1,test_msl,ALL,boundary_f1,1.0,0,0,84983
segformer__scratch__mit-b0__in_rover__seed1415__gpu_full__df715c71__gitc188b320__codebebd8b2d__20260714T105400494420Z,msl_ncam_nla_601421002edr_f0731482ccam05295m1,test_msl,soil,iou,1.0,146635,146635,146635
segformer__scratch__mit-b0__in_rover__seed1415__gpu_full__df715c71__gitc188b320__codebebd8b2d__20260714T105400494420Z,msl_ncam_nla_601421002edr_f0731482ccam05295m1,test_msl,bedrock,iou,,0,0,146635
segformer__scratch__mit-b0__in_rover__seed1415__gpu_full__df715c71__gitc188b320__codebebd8b2d__20260714T105400494420Z,msl_ncam_nla_601421002edr_f0731482ccam05295m1,test_msl,sand,iou,,0,0,146635
segformer__scratch__mit-b0__in_rover__seed1415__gpu_full__df715c71__gitc188b320__codebebd8b2d__20260714T105400494420Z,msl_ncam_nla_601421002edr_f0731482ccam05295m1,test_msl,big_rock,iou,,0,0,146635
segformer__scratch__mit-b0__in_rover__seed1415__gpu_full__df715c71__gitc188b320__codebebd8b2d__20260714T105400494420Z,msl_ncam_nla_601421002edr_f0731482ccam05295m1,test_msl,ALL,pixel_acc,1.0,0,0,146635
segformer__scratch__mit-b0__in_rover__seed1415__gpu_full__df715c71__gitc188b320__codebebd8b2d__20260714T105400494420Z,msl_ncam_nla_601421002edr_f0731482ccam05295m1,test_msl,ALL,boundary_f1,1.0,0,0,146635
segformer__scratch__mit-b0__in_rover__seed1415__gpu_full__df715c71__gitc188b320__codebebd8b2d__20260714T105400494420Z,msl_ncam_nla_602651352edr_f0732676ncam00207m1,test_msl,soil,iou,1.0,115704,115704,115704
segformer__scratch__mit-b0__in_rover__seed1415__gpu_full__df715c71__gitc188b320__codebebd8b2d__20260714T105400494420Z,msl_ncam_nla_602651352edr_f0732676ncam00207m1,test_msl,bedrock,iou,,0,0,115704
segformer__scratch__mit-b0__in_rover__seed1415__gpu_full__df715c71__gitc188b320__codebebd8b2d__20260714T105400494420Z,msl_ncam_nla_602651352edr_f0732676ncam00207m1,test_msl,sand,iou,,0,0,115704
segformer__scratch__mit-b0__in_rover__seed1415__gpu_full__df715c71__gitc188b320__codebebd8b2d__20260714T105400494420Z,msl_ncam_nla_602651352edr_f0732676ncam00207m1,test_msl,big_rock,iou,,0,0,115704
segformer__scratch__mit-b0__in_rover__seed1415__gpu_full__df715c71__gitc188b320__codebebd8b2d__20260714T105400494420Z,msl_ncam_nla_602651352edr_f0732676ncam00207m1,test_msl,ALL,pixel_acc,1.0,0,0,115704
segformer__scratch__mit-b0__in_rover__seed1415__gpu_full__df715c71__gitc188b320__codebebd8b2d__20260714T105400494420Z,msl_ncam_nla_602651352edr_f0732676ncam00207m1,test_msl,ALL,boundary_f1,1.0,0,0,115704
segformer__scratch__mit-b0__in_rover__seed1415__gpu_full__df715c71__gitc188b320__codebebd8b2d__20260714T105400494420Z,msl_ncam_nla_602657189edr_f0732688ncam00382m1,test_msl,soil,iou,1.0,113944,113944,113944
segformer__scratch__mit-b0__in_rover__seed1415__gpu_full__df715c71__gitc188b320__codebebd8b2d__20260714T105400494420Z,msl_ncam_nla_602657189edr_f0732688ncam00382m1,test_msl,bedrock,iou,,0,0,113944
segformer__scratch__mit-b0__in_rover__seed1415__gpu_full__df715c71__gitc188b320__codebebd8b2d__20260714T105400494420Z,msl_ncam_nla_602657189edr_f0732688ncam00382m1,test_msl,sand,iou,,0,0,113944
segformer__scratch__mit-b0__in_rover__seed1415__gpu_full__df715c71__gitc188b320__codebebd8b2d__20260714T105400494420Z,msl_ncam_nla_602657189edr_f0732688ncam00382m1,test_msl,big_rock,iou,,0,0,113944
segformer__scratch__mit-b0__in_rover__seed1415__gpu_full__df715c71__gitc188b320__codebebd8b2d__20260714T105400494420Z,msl_ncam_nla_602657189edr_f0732688ncam00382m1,test_msl,ALL,pixel_acc,1.0,0,0,113944
segformer__scratch__mit-b0__in_rover__seed1415__gpu_full__df715c71__gitc188b320__codebebd8b2d__20260714T105400494420Z,msl_ncam_nla_602657189edr_f0732688ncam00382m1,test_msl,ALL,boundary_f1,1.0,0,0,113944
segformer__scratch__mit-b0__in_rover__seed1415__gpu_full__df715c71__gitc188b320__codebebd8b2d__20260714T105400494420Z,msl_ncam_nla_602664101edr_f0732958ncam00375m1,test_msl,soil,iou,1.0,167623,167623,167623
segformer__scratch__mit-b0__in_rover__seed1415__gpu_full__df715c71__gitc188b320__codebebd8b2d__20260714T105400494420Z,msl_ncam_nla_602664101edr_f0732958ncam00375m1,test_msl,bedrock,iou,,0,0,167623
segformer__scratch__mit-b0__in_rover__seed1415__gpu_full__df715c71__gitc188b320__codebebd8b2d__20260714T105400494420Z,msl_ncam_nla_602664101edr_f0732958ncam00375m1,test_msl,sand,iou,,0,0,167623
segformer__scratch__mit-b0__in_rover__seed1415__gpu_full__df715c71__gitc188b320__codebebd8b2d__20260714T105400494420Z,msl_ncam_nla_602664101edr_f0732958ncam00375m1,test_msl,big_rock,iou,,0,0,167623
segformer__scratch__mit-b0__in_rover__seed1415__gpu_full__df715c71__gitc188b320__codebebd8b2d__20260714T105400494420Z,msl_ncam_nla_602664101edr_f0732958ncam00375m1,test_msl,ALL,pixel_acc,1.0,0,0,167623
segformer__scratch__mit-b0__in_rover__seed1415__gpu_full__df715c71__gitc188b320__codebebd8b2d__20260714T105400494420Z,msl_ncam_nla_602664101edr_f0732958ncam00375m1,test_msl,ALL,boundary_f1,1.0,0,0,167623
segformer__scratch__mit-b0__in_rover__seed1415__gpu_full__df715c71__gitc188b320__codebebd8b2d__20260714T105400494420Z,msl_ncam_nla_602664178edr_f0732958ncam00271m1,test_msl,soil,iou,1.0,81139,81139,81139
segformer__scratch__mit-b0__in_rover__seed1415__gpu_full__df715c71__gitc188b320__codebebd8b2d__20260714T105400494420Z,msl_ncam_nla_602664178edr_f0732958ncam00271m1,test_msl,bedrock,iou,,0,0,81139
segformer__scratch__mit-b0__in_rover__seed1415__gpu_full__df715c71__gitc188b320__codebebd8b2d__20260714T105400494420Z,msl_ncam_nla_602664178edr_f0732958ncam00271m1,test_msl,sand,iou,,0,0,81139
segformer__scratch__mit-b0__in_rover__seed1415__gpu_full__df715c71__gitc188b320__codebebd8b2d__20260714T105400494420Z,msl_ncam_nla_602664178edr_f0732958ncam00271m1,test_msl,big_rock,iou,,0,0,81139
segformer__scratch__mit-b0__in_rover__seed1415__gpu_full__df715c71__gitc188b320__codebebd8b2d__20260714T105400494420Z,msl_ncam_nla_602664178edr_f0732958ncam00271m1,test_msl,ALL,pixel_acc,1.0,0,0,81139
segformer__scratch__mit-b0__in_rover__seed1415__gpu_full__df715c71__gitc188b320__codebebd8b2d__20260714T105400494420Z,msl_ncam_nla_602664178edr_f0732958ncam00271m1,test_msl,ALL,boundary_f1,1.0,0,0,81139
segformer__scratch__mit-b0__in_rover__seed1415__gpu_full__df715c71__gitc188b320__codebebd8b2d__20260714T105400494420Z,msl_ncam_nla_602664242edr_f0732958ncam00271m1,test_msl,soil,iou,1.0,137437,137437,137437
segformer__scratch__mit-b0__in_rover__seed1415__gpu_full__df715c71__gitc188b320__codebebd8b2d__20260714T105400494420Z,msl_ncam_nla_602664242edr_f0732958ncam00271m1,test_msl,bedrock,iou,,0,0,137437
segformer__scratch__mit-b0__in_rover__seed1415__gpu_full__df715c71__gitc188b320__codebebd8b2d__20260714T105400494420Z,msl_ncam_nla_602664242edr_f0732958ncam00271m1,test_msl,sand,iou,,0,0,137437
segformer__scratch__mit-b0__in_rover__seed1415__gpu_full__df715c71__gitc188b320__codebebd8b2d__20260714T105400494420Z,msl_ncam_nla_602664242edr_f0732958ncam00271m1,test_msl,big_rock,iou,,0,0,137437
segformer__scratch__mit-b0__in_rover__seed1415__gpu_full__df715c71__gitc188b320__codebebd8b2d__20260714T105400494420Z,msl_ncam_nla_602664242edr_f0732958ncam00271m1,test_msl,ALL,pixel_acc,1.0,0,0,137437
segformer__scratch__mit-b0__in_rover__seed1415__gpu_full__df715c71__gitc188b320__codebebd8b2d__20260714T105400494420Z,msl_ncam_nla_602664242edr_f0732958ncam00271m1,test_msl,ALL,boundary_f1,1.0,0,0,137437
segformer__scratch__mit-b0__in_rover__seed1415__gpu_full__df715c71__gitc188b320__codebebd8b2d__20260714T105400494420Z,msl_ncam_nla_602664684edr_f0732958ncam00312m1,test_msl,soil,iou,1.0,236351,236351,236351
segformer__scratch__mit-b0__in_rover__seed1415__gpu_full__df715c71__gitc188b320__codebebd8b2d__20260714T105400494420Z,msl_ncam_nla_602664684edr_f0732958ncam00312m1,test_msl,bedrock,iou,,0,0,236351
segformer__scratch__mit-b0__in_rover__seed1415__gpu_full__df715c71__gitc188b320__codebebd8b2d__20260714T105400494420Z,msl_ncam_nla_602664684edr_f0732958ncam00312m1,test_msl,sand,iou,,0,0,236351
segformer__scratch__mit-b0__in_rover__seed1415__gpu_full__df715c71__gitc188b320__codebebd8b2d__20260714T105400494420Z,msl_ncam_nla_602664684edr_f0732958ncam00312m1,test_msl,big_rock,iou,,0,0,236351
segformer__scratch__mit-b0__in_rover__seed1415__gpu_full__df715c71__gitc188b320__codebebd8b2d__20260714T105400494420Z,msl_ncam_nla_602664684edr_f0732958ncam00312m1,test_msl,ALL,pixel_acc,1.0,0,0,236351
segformer__scratch__mit-b0__in_rover__seed1415__gpu_full__df715c71__gitc188b320__codebebd8b2d__20260714T105400494420Z,msl_ncam_nla_602664684edr_f0732958ncam00312m1,test_msl,ALL,boundary_f1,1.0,0,0,236351
segformer__scratch__mit-b0__in_rover__seed1415__gpu_full__df715c71__gitc188b320__codebebd8b2d__20260714T105400494420Z,msl_ncam_nla_602664993edr_f0732958ncam00272m1,test_msl,soil,iou,1.0,59718,59718,59718
segformer__scratch__mit-b0__in_rover__seed1415__gpu_full__df715c71__gitc188b320__codebebd8b2d__20260714T105400494420Z,msl_ncam_nla_602664993edr_f0732958ncam00272m1,test_msl,bedrock,iou,,0,0,59718
segformer__scratch__mit-b0__in_rover__seed1415__gpu_full__df715c71__gitc188b320__codebebd8b2d__20260714T105400494420Z,msl_ncam_nla_602664993edr_f0732958ncam00272m1,test_msl,sand,iou,,0,0,59718
segformer__scratch__mit-b0__in_rover__seed1415__gpu_full__df715c71__gitc188b320__codebebd8b2d__20260714T105400494420Z,msl_ncam_nla_602664993edr_f0732958ncam00272m1,test_msl,big_rock,iou,,0,0,59718
segformer__scratch__mit-b0__in_rover__seed1415__gpu_full__df715c71__gitc188b320__codebebd8b2d__20260714T105400494420Z,msl_ncam_nla_602664993edr_f0732958ncam00272m1,test_msl,ALL,pixel_acc,1.0,0,0,59718
segformer__scratch__mit-b0__in_rover__seed1415__gpu_full__df715c71__gitc188b320__codebebd8b2d__20260714T105400494420Z,msl_ncam_nla_602664993edr_f0732958ncam00272m1,test_msl,ALL,boundary_f1,1.0,0,0,59718
segformer__scratch__mit-b0__in_rover__seed1415__gpu_full__df715c71__gitc188b320__codebebd8b2d__20260714T105400494420Z,msl_ncam_nla_602665055edr_f0732958ncam00272m1,test_msl,soil,iou,1.0,83469,83469,83469
segformer__scratch__mit-b0__in_rover__seed1415__gpu_full__df715c71__gitc188b320__codebebd8b2d__20260714T105400494420Z,msl_ncam_nla_602665055edr_f0732958ncam00272m1,test_msl,bedrock,iou,,0,0,83469
segformer__scratch__mit-b0__in_rover__seed1415__gpu_full__df715c71__gitc188b320__codebebd8b2d__20260714T105400494420Z,msl_ncam_nla_602665055edr_f0732958ncam00272m1,test_msl,sand,iou,,0,0,83469
segformer__scratch__mit-b0__in_rover__seed1415__gpu_full__df715c71__gitc188b320__codebebd8b2d__20260714T105400494420Z,msl_ncam_nla_602665055edr_f0732958ncam00272m1,test_msl,big_rock,iou,,0,0,83469
segformer__scratch__mit-b0__in_rover__seed1415__gpu_full__df715c71__gitc188b320__codebebd8b2d__20260714T105400494420Z,msl_ncam_nla_602665055edr_f0732958ncam00272m1,test_msl,ALL,pixel_acc,1.0,0,0,83469
segformer__scratch__mit-b0__in_rover__seed1415__gpu_full__df715c71__gitc188b320__codebebd8b2d__20260714T105400494420Z,msl_ncam_nla_602665055edr_f0732958ncam00272m1,test_msl,ALL,boundary_f1,1.0,0,0,83469
segformer__scratch__mit-b0__in_rover__seed1415__gpu_full__df715c71__gitc188b320__codebebd8b2d__20260714T105400494420Z,msl_ncam_nlb_427501146edr_f0080590ncam00385m1,test_msl,soil,iou,1.0,221229,221229,221229
segformer__scratch__mit-b0__in_rover__seed1415__gpu_full__df715c71__gitc188b320__codebebd8b2d__20260714T105400494420Z,msl_ncam_nlb_427501146edr_f0080590ncam00385m1,test_msl,bedrock,iou,,0,0,221229
segformer__scratch__mit-b0__in_rover__seed1415__gpu_full__df715c71__gitc188b320__codebebd8b2d__20260714T105400494420Z,msl_ncam_nlb_427501146edr_f0080590ncam00385m1,test_msl,sand,iou,,0,0,221229
segformer__scratch__mit-b0__in_rover__seed1415__gpu_full__df715c71__gitc188b320__codebebd8b2d__20260714T105400494420Z,msl_ncam_nlb_427501146edr_f0080590ncam00385m1,test_msl,big_rock,iou,,0,0,221229
segformer__scratch__mit-b0__in_rover__seed1415__gpu_full__df715c71__gitc188b320__codebebd8b2d__20260714T105400494420Z,msl_ncam_nlb_427501146edr_f0080590ncam00385m1,test_msl,ALL,pixel_acc,1.0,0,0,221229
segformer__scratch__mit-b0__in_rover__seed1415__gpu_full__df715c71__gitc188b320__codebebd8b2d__20260714T105400494420Z,msl_ncam_nlb_427501146edr_f0080590ncam00385m1,test_msl,ALL,boundary_f1,1.0,0,0,221229
segformer__scratch__mit-b0__in_rover__seed1415__gpu_full__df715c71__gitc188b320__codebebd8b2d__20260714T105400494420Z,msl_ncam_nlb_427503509edr_f0080610ncam00253m1,test_msl,soil,iou,1.0,91532,91532,91532
segformer__scratch__mit-b0__in_rover__seed1415__gpu_full__df715c71__gitc188b320__codebebd8b2d__20260714T105400494420Z,msl_ncam_nlb_427503509edr_f0080610ncam00253m1,test_msl,bedrock,iou,,0,0,91532
segformer__scratch__mit-b0__in_rover__seed1415__gpu_full__df715c71__gitc188b320__codebebd8b2d__20260714T105400494420Z,msl_ncam_nlb_427503509edr_f0080610ncam00253m1,test_msl,sand,iou,,0,0,91532
segformer__scratch__mit-b0__in_rover__seed1415__gpu_full__df715c71__gitc188b320__codebebd8b2d__20260714T105400494420Z,msl_ncam_nlb_427503509edr_f0080610ncam00253m1,test_msl,big_rock,iou,,0,0,91532
segformer__scratch__mit-b0__in_rover__seed1415__gpu_full__df715c71__gitc188b320__codebebd8b2d__20260714T105400494420Z,msl_ncam_nlb_427503509edr_f0080610ncam00253m1,test_msl,ALL,pixel_acc,1.0,0,0,91532
segformer__scratch__mit-b0__in_rover__seed1415__gpu_full__df715c71__gitc188b320__codebebd8b2d__20260714T105400494420Z,msl_ncam_nlb_427503509edr_f0080610ncam00253m1,test_msl,ALL,boundary_f1,1.0,0,0,91532
segformer__scratch__mit-b0__in_rover__seed1415__gpu_full__df715c71__gitc188b320__codebebd8b2d__20260714T105400494420Z,msl_ncam_nlb_427503571edr_f0080610ncam00253m1,test_msl,soil,iou,1.0,70082,70082,70082
segformer__scratch__mit-b0__in_rover__seed1415__gpu_full__df715c71__gitc188b320__codebebd8b2d__20260714T105400494420Z,msl_ncam_nlb_427503571edr_f0080610ncam00253m1,test_msl,bedrock,iou,,0,0,70082
segformer__scratch__mit-b0__in_rover__seed1415__gpu_full__df715c71__gitc188b320__codebebd8b2d__20260714T105400494420Z,msl_ncam_nlb_427503571edr_f0080610ncam00253m1,test_msl,sand,iou,,0,0,70082
segformer__scratch__mit-b0__in_rover__seed1415__gpu_full__df715c71__gitc188b320__codebebd8b2d__20260714T105400494420Z,msl_ncam_nlb_427503571edr_f0080610ncam00253m1,test_msl,big_rock,iou,,0,0,70082
segformer__scratch__mit-b0__in_rover__seed1415__gpu_full__df715c71__gitc188b320__codebebd8b2d__20260714T105400494420Z,msl_ncam_nlb_427503571edr_f0080610ncam00253m1,test_msl,ALL,pixel_acc,1.0,0,0,70082
segformer__scratch__mit-b0__in_rover__seed1415__gpu_full__df715c71__gitc188b320__codebebd8b2d__20260714T105400494420Z,msl_ncam_nlb_427503571edr_f0080610ncam00253m1,test_msl,ALL,boundary_f1,1.0,0,0,70082
segformer__scratch__mit-b0__in_rover__seed1415__gpu_full__df715c71__gitc188b320__codebebd8b2d__20260714T105400494420Z,msl_ncam_nlb_428295522edr_f0100474ncam00385m1,test_msl,soil,iou,1.0,233287,233287,233287
segformer__scratch__mit-b0__in_rover__seed1415__gpu_full__df715c71__gitc188b320__codebebd8b2d__20260714T105400494420Z,msl_ncam_nlb_428295522edr_f0100474ncam00385m1,test_msl,bedrock,iou,,0,0,233287
segformer__scratch__mit-b0__in_rover__seed1415__gpu_full__df715c71__gitc188b320__codebebd8b2d__20260714T105400494420Z,msl_ncam_nlb_428295522edr_f0100474ncam00385m1,test_msl,sand,iou,,0,0,233287
segformer__scratch__mit-b0__in_rover__seed1415__gpu_full__df715c71__gitc188b320__codebebd8b2d__20260714T105400494420Z,msl_ncam_nlb_428295522edr_f0100474ncam00385m1,test_msl,big_rock,iou,,0,0,233287
segformer__scratch__mit-b0__in_rover__seed1415__gpu_full__df715c71__gitc188b320__codebebd8b2d__20260714T105400494420Z,msl_ncam_nlb_428295522edr_f0100474ncam00385m1,test_msl,ALL,pixel_acc,1.0,0,0,233287
segformer__scratch__mit-b0__in_rover__seed1415__gpu_full__df715c71__gitc188b320__codebebd8b2d__20260714T105400494420Z,msl_ncam_nlb_428295522edr_f0100474ncam00385m1,test_msl,ALL,boundary_f1,1.0,0,0,233287
segformer__scratch__mit-b0__in_rover__seed1415__gpu_full__df715c71__gitc188b320__codebebd8b2d__20260714T105400494420Z,msl_ncam_nlb_428304492edr_f0100508ncam05114m1,test_msl,soil,iou,1.0,88012,88012,88012
segformer__scratch__mit-b0__in_rover__seed1415__gpu_full__df715c71__gitc188b320__codebebd8b2d__20260714T105400494420Z,msl_ncam_nlb_428304492edr_f0100508ncam05114m1,test_msl,bedrock,iou,,0,0,88012
segformer__scratch__mit-b0__in_rover__seed1415__gpu_full__df715c71__gitc188b320__codebebd8b2d__20260714T105400494420Z,msl_ncam_nlb_428304492edr_f0100508ncam05114m1,test_msl,sand,iou,,0,0,88012
segformer__scratch__mit-b0__in_rover__seed1415__gpu_full__df715c71__gitc188b320__codebebd8b2d__20260714T105400494420Z,msl_ncam_nlb_428304492edr_f0100508ncam05114m1,test_msl,big_rock,iou,,0,0,88012
segformer__scratch__mit-b0__in_rover__seed1415__gpu_full__df715c71__gitc188b320__codebebd8b2d__20260714T105400494420Z,msl_ncam_nlb_428304492edr_f0100508ncam05114m1,test_msl,ALL,pixel_acc,1.0,0,0,88012
segformer__scratch__mit-b0__in_rover__seed1415__gpu_full__df715c71__gitc188b320__codebebd8b2d__20260714T105400494420Z,msl_ncam_nlb_428304492edr_f0100508ncam05114m1,test_msl,ALL,boundary_f1,1.0,0,0,88012
segformer__scratch__mit-b0__in_rover__seed1415__gpu_full__df715c71__gitc188b320__codebebd8b2d__20260714T105400494420Z,msl_ncam_nlb_428304547edr_f0100508ncam05114m1,test_msl,soil,iou,,0,0,0
segformer__scratch__mit-b0__in_rover__seed1415__gpu_full__df715c71__gitc188b320__codebebd8b2d__20260714T105400494420Z,msl_ncam_nlb_428304547edr_f0100508ncam05114m1,test_msl,bedrock,iou,,0,0,0
segformer__scratch__mit-b0__in_rover__seed1415__gpu_full__df715c71__gitc188b320__codebebd8b2d__20260714T105400494420Z,msl_ncam_nlb_428304547edr_f0100508ncam05114m1,test_msl,sand,iou,,0,0,0
segformer__scratch__mit-b0__in_rover__seed1415__gpu_full__df715c71__gitc188b320__codebebd8b2d__20260714T105400494420Z,msl_ncam_nlb_428304547edr_f0100508ncam05114m1,test_msl,big_rock,iou,,0,0,0
segformer__scratch__mit-b0__in_rover__seed1415__gpu_full__df715c71__gitc188b320__codebebd8b2d__20260714T105400494420Z,msl_ncam_nlb_428304547edr_f0100508ncam05114m1,test_msl,ALL,pixel_acc,,0,0,0
segformer__scratch__mit-b0__in_rover__seed1415__gpu_full__df715c71__gitc188b320__codebebd8b2d__20260714T105400494420Z,msl_ncam_nlb_428304547edr_f0100508ncam05114m1,test_msl,ALL,boundary_f1,,0,0,0
segformer__scratch__mit-b0__in_rover__seed1415__gpu_full__df715c71__gitc188b320__codebebd8b2d__20260714T105400494420Z,msl_ncam_nlb_428304609edr_f0100508ncam05114m1,test_msl,soil,iou,1.0,179511,179511,181034
segformer__scratch__mit-b0__in_rover__seed1415__gpu_full__df715c71__gitc188b320__codebebd8b2d__20260714T105400494420Z,msl_ncam_nlb_428304609edr_f0100508ncam05114m1,test_msl,bedrock,iou,,0,0,181034
segformer__scratch__mit-b0__in_rover__seed1415__gpu_full__df715c71__gitc188b320__codebebd8b2d__20260714T105400494420Z,msl_ncam_nlb_428304609edr_f0100508ncam05114m1,test_msl,sand,iou,,0,0,181034
segformer__scratch__mit-b0__in_rover__seed1415__gpu_full__df715c71__gitc188b320__codebebd8b2d__20260714T105400494420Z,msl_ncam_nlb_428304609edr_f0100508ncam05114m1,test_msl,big_rock,iou,1.0,1523,1523,181034
segformer__scratch__mit-b0__in_rover__seed1415__gpu_full__df715c71__gitc188b320__codebebd8b2d__20260714T105400494420Z,msl_ncam_nlb_428304609edr_f0100508ncam05114m1,test_msl,ALL,pixel_acc,1.0,0,0,181034
segformer__scratch__mit-b0__in_rover__seed1415__gpu_full__df715c71__gitc188b320__codebebd8b2d__20260714T105400494420Z,msl_ncam_nlb_428304609edr_f0100508ncam05114m1,test_msl,ALL,boundary_f1,1.0,0,0,181034
segformer__scratch__mit-b0__in_rover__seed1415__gpu_full__df715c71__gitc188b320__codebebd8b2d__20260714T105400494420Z,msl_ncam_nlb_431505395edr_f0141388ncam00385m1,test_msl,soil,iou,1.0,184315,184315,184315
segformer__scratch__mit-b0__in_rover__seed1415__gpu_full__df715c71__gitc188b320__codebebd8b2d__20260714T105400494420Z,msl_ncam_nlb_431505395edr_f0141388ncam00385m1,test_msl,bedrock,iou,,0,0,184315
segformer__scratch__mit-b0__in_rover__seed1415__gpu_full__df715c71__gitc188b320__codebebd8b2d__20260714T105400494420Z,msl_ncam_nlb_431505395edr_f0141388ncam00385m1,test_msl,sand,iou,,0,0,184315
segformer__scratch__mit-b0__in_rover__seed1415__gpu_full__df715c71__gitc188b320__codebebd8b2d__20260714T105400494420Z,msl_ncam_nlb_431505395edr_f0141388ncam00385m1,test_msl,big_rock,iou,,0,0,184315
segformer__scratch__mit-b0__in_rover__seed1415__gpu_full__df715c71__gitc188b320__codebebd8b2d__20260714T105400494420Z,msl_ncam_nlb_431505395edr_f0141388ncam00385m1,test_msl,ALL,pixel_acc,1.0,0,0,184315
segformer__scratch__mit-b0__in_rover__seed1415__gpu_full__df715c71__gitc188b320__codebebd8b2d__20260714T105400494420Z,msl_ncam_nlb_431505395edr_f0141388ncam00385m1,test_msl,ALL,boundary_f1,1.0,0,0,184315
segformer__scratch__mit-b0__in_rover__seed1415__gpu_full__df715c71__gitc188b320__codebebd8b2d__20260714T105400494420Z,msl_ncam_nlb_431511171edr_f0150000ncam00290m1,test_msl,soil,iou,1.0,93104,93104,93104
segformer__scratch__mit-b0__in_rover__seed1415__gpu_full__df715c71__gitc188b320__codebebd8b2d__20260714T105400494420Z,msl_ncam_nlb_431511171edr_f0150000ncam00290m1,test_msl,bedrock,iou,,0,0,93104
segformer__scratch__mit-b0__in_rover__seed1415__gpu_full__df715c71__gitc188b320__codebebd8b2d__20260714T105400494420Z,msl_ncam_nlb_431511171edr_f0150000ncam00290m1,test_msl,sand,iou,,0,0,93104
segformer__scratch__mit-b0__in_rover__seed1415__gpu_full__df715c71__gitc188b320__codebebd8b2d__20260714T105400494420Z,msl_ncam_nlb_431511171edr_f0150000ncam00290m1,test_msl,big_rock,iou,,0,0,93104
segformer__scratch__mit-b0__in_rover__seed1415__gpu_full__df715c71__gitc188b320__codebebd8b2d__20260714T105400494420Z,msl_ncam_nlb_431511171edr_f0150000ncam00290m1,test_msl,ALL,pixel_acc,1.0,0,0,93104
segformer__scratch__mit-b0__in_rover__seed1415__gpu_full__df715c71__gitc188b320__codebebd8b2d__20260714T105400494420Z,msl_ncam_nlb_431511171edr_f0150000ncam00290m1,test_msl,ALL,boundary_f1,1.0,0,0,93104
segformer__scratch__mit-b0__in_rover__seed1415__gpu_full__df715c71__gitc188b320__codebebd8b2d__20260714T105400494420Z,msl_ncam_nlb_431511237edr_f0150000ncam00290m1,test_msl,soil,iou,1.0,137132,137132,137132
segformer__scratch__mit-b0__in_rover__seed1415__gpu_full__df715c71__gitc188b320__codebebd8b2d__20260714T105400494420Z,msl_ncam_nlb_431511237edr_f0150000ncam00290m1,test_msl,bedrock,iou,,0,0,137132
segformer__scratch__mit-b0__in_rover__seed1415__gpu_full__df715c71__gitc188b320__codebebd8b2d__20260714T105400494420Z,msl_ncam_nlb_431511237edr_f0150000ncam00290m1,test_msl,sand,iou,,0,0,137132
segformer__scratch__mit-b0__in_rover__seed1415__gpu_full__df715c71__gitc188b320__codebebd8b2d__20260714T105400494420Z,msl_ncam_nlb_431511237edr_f0150000ncam00290m1,test_msl,big_rock,iou,,0,0,137132
segformer__scratch__mit-b0__in_rover__seed1415__gpu_full__df715c71__gitc188b320__codebebd8b2d__20260714T105400494420Z,msl_ncam_nlb_431511237edr_f0150000ncam00290m1,test_msl,ALL,pixel_acc,1.0,0,0,137132
segformer__scratch__mit-b0__in_rover__seed1415__gpu_full__df715c71__gitc188b320__codebebd8b2d__20260714T105400494420Z,msl_ncam_nlb_431511237edr_f0150000ncam00290m1,test_msl,ALL,boundary_f1,1.0,0,0,137132
segformer__scratch__mit-b0__in_rover__seed1415__gpu_full__df715c71__gitc188b320__codebebd8b2d__20260714T105400494420Z,msl_ncam_nlb_431511659edr_f0150000ncam00291m1,test_msl,soil,iou,1.0,196725,196725,196725
segformer__scratch__mit-b0__in_rover__seed1415__gpu_full__df715c71__gitc188b320__codebebd8b2d__20260714T105400494420Z,msl_ncam_nlb_431511659edr_f0150000ncam00291m1,test_msl,bedrock,iou,,0,0,196725
segformer__scratch__mit-b0__in_rover__seed1415__gpu_full__df715c71__gitc188b320__codebebd8b2d__20260714T105400494420Z,msl_ncam_nlb_431511659edr_f0150000ncam00291m1,test_msl,sand,iou,,0,0,196725
segformer__scratch__mit-b0__in_rover__seed1415__gpu_full__df715c71__gitc188b320__codebebd8b2d__20260714T105400494420Z,msl_ncam_nlb_431511659edr_f0150000ncam00291m1,test_msl,big_rock,iou,,0,0,196725
segformer__scratch__mit-b0__in_rover__seed1415__gpu_full__df715c71__gitc188b320__codebebd8b2d__20260714T105400494420Z,msl_ncam_nlb_431511659edr_f0150000ncam00291m1,test_msl,ALL,pixel_acc,1.0,0,0,196725
segformer__scratch__mit-b0__in_rover__seed1415__gpu_full__df715c71__gitc188b320__codebebd8b2d__20260714T105400494420Z,msl_ncam_nlb_431511659edr_f0150000ncam00291m1,test_msl,ALL,boundary_f1,1.0,0,0,196725
segformer__scratch__mit-b0__in_rover__seed1415__gpu_full__df715c71__gitc188b320__codebebd8b2d__20260714T105400494420Z,msl_ncam_nlb_431511807edr_f0150000ncam00291m1,test_msl,soil,iou,,0,0,0
segformer__scratch__mit-b0__in_rover__seed1415__gpu_full__df715c71__gitc188b320__codebebd8b2d__20260714T105400494420Z,msl_ncam_nlb_431511807edr_f0150000ncam00291m1,test_msl,bedrock,iou,,0,0,0
segformer__scratch__mit-b0__in_rover__seed1415__gpu_full__df715c71__gitc188b320__codebebd8b2d__20260714T105400494420Z,msl_ncam_nlb_431511807edr_f0150000ncam00291m1,test_msl,sand,iou,,0,0,0
segformer__scratch__mit-b0__in_rover__seed1415__gpu_full__df715c71__gitc188b320__codebebd8b2d__20260714T105400494420Z,msl_ncam_nlb_431511807edr_f0150000ncam00291m1,test_msl,big_rock,iou,,0,0,0
segformer__scratch__mit-b0__in_rover__seed1415__gpu_full__df715c71__gitc188b320__codebebd8b2d__20260714T105400494420Z,msl_ncam_nlb_431511807edr_f0150000ncam00291m1,test_msl,ALL,pixel_acc,,0,0,0
segformer__scratch__mit-b0__in_rover__seed1415__gpu_full__df715c71__gitc188b320__codebebd8b2d__20260714T105400494420Z,msl_ncam_nlb_431511807edr_f0150000ncam00291m1,test_msl,ALL,boundary_f1,,0,0,0
segformer__scratch__mit-b0__in_rover__seed1415__gpu_full__df715c71__gitc188b320__codebebd8b2d__20260714T105400494420Z,msl_ncam_nlb_431511862edr_f0150000ncam00354m1,test_msl,soil,iou,1.0,215849,215849,215849
segformer__scratch__mit-b0__in_rover__seed1415__gpu_full__df715c71__gitc188b320__codebebd8b2d__20260714T105400494420Z,msl_ncam_nlb_431511862edr_f0150000ncam00354m1,test_msl,bedrock,iou,,0,0,215849
segformer__scratch__mit-b0__in_rover__seed1415__gpu_full__df715c71__gitc188b320__codebebd8b2d__20260714T105400494420Z,msl_ncam_nlb_431511862edr_f0150000ncam00354m1,test_msl,sand,iou,,0,0,215849
segformer__scratch__mit-b0__in_rover__seed1415__gpu_full__df715c71__gitc188b320__codebebd8b2d__20260714T105400494420Z,msl_ncam_nlb_431511862edr_f0150000ncam00354m1,test_msl,big_rock,iou,,0,0,215849
segformer__scratch__mit-b0__in_rover__seed1415__gpu_full__df715c71__gitc188b320__codebebd8b2d__20260714T105400494420Z,msl_ncam_nlb_431511862edr_f0150000ncam00354m1,test_msl,ALL,pixel_acc,1.0,0,0,215849
segformer__scratch__mit-b0__in_rover__seed1415__gpu_full__df715c71__gitc188b320__codebebd8b2d__20260714T105400494420Z,msl_ncam_nlb_431511862edr_f0150000ncam00354m1,test_msl,ALL,boundary_f1,1.0,0,0,215849
segformer__scratch__mit-b0__in_rover__seed1415__gpu_full__df715c71__gitc188b320__codebebd8b2d__20260714T105400494420Z,msl_ncam_nlb_436380021edr_f0211362ncam00278m1,test_msl,soil,iou,1.0,86938,86938,86938
segformer__scratch__mit-b0__in_rover__seed1415__gpu_full__df715c71__gitc188b320__codebebd8b2d__20260714T105400494420Z,msl_ncam_nlb_436380021edr_f0211362ncam00278m1,test_msl,bedrock,iou,,0,0,86938
segformer__scratch__mit-b0__in_rover__seed1415__gpu_full__df715c71__gitc188b320__codebebd8b2d__20260714T105400494420Z,msl_ncam_nlb_436380021edr_f0211362ncam00278m1,test_msl,sand,iou,,0,0,86938
segformer__scratch__mit-b0__in_rover__seed1415__gpu_full__df715c71__gitc188b320__codebebd8b2d__20260714T105400494420Z,msl_ncam_nlb_436380021edr_f0211362ncam00278m1,test_msl,big_rock,iou,,0,0,86938
segformer__scratch__mit-b0__in_rover__seed1415__gpu_full__df715c71__gitc188b320__codebebd8b2d__20260714T105400494420Z,msl_ncam_nlb_436380021edr_f0211362ncam00278m1,test_msl,ALL,pixel_acc,1.0,0,0,86938
segformer__scratch__mit-b0__in_rover__seed1415__gpu_full__df715c71__gitc188b320__codebebd8b2d__20260714T105400494420Z,msl_ncam_nlb_436380021edr_f0211362ncam00278m1,test_msl,ALL,boundary_f1,1.0,0,0,86938
segformer__scratch__mit-b0__in_rover__seed1415__gpu_full__df715c71__gitc188b320__codebebd8b2d__20260714T105400494420Z,msl_ncam_nlb_436380133edr_f0211362ncam00278m1,test_msl,soil,iou,0.5787995973936536,10926,18877,32983
segformer__scratch__mit-b0__in_rover__seed1415__gpu_full__df715c71__gitc188b320__codebebd8b2d__20260714T105400494420Z,msl_ncam_nlb_436380133edr_f0211362ncam00278m1,test_msl,bedrock,iou,0.6395248673890375,14106,22057,32983
segformer__scratch__mit-b0__in_rover__seed1415__gpu_full__df715c71__gitc188b320__codebebd8b2d__20260714T105400494420Z,msl_ncam_nlb_436380133edr_f0211362ncam00278m1,test_msl,sand,iou,,0,0,32983
segformer__scratch__mit-b0__in_rover__seed1415__gpu_full__df715c71__gitc188b320__codebebd8b2d__20260714T105400494420Z,msl_ncam_nlb_436380133edr_f0211362ncam00278m1,test_msl,big_rock,iou,,0,0,32983
segformer__scratch__mit-b0__in_rover__seed1415__gpu_full__df715c71__gitc188b320__codebebd8b2d__20260714T105400494420Z,msl_ncam_nlb_436380133edr_f0211362ncam00278m1,test_msl,ALL,pixel_acc,0.7589364217930449,0,0,32983
segformer__scratch__mit-b0__in_rover__seed1415__gpu_full__df715c71__gitc188b320__codebebd8b2d__20260714T105400494420Z,msl_ncam_nlb_436380133edr_f0211362ncam00278m1,test_msl,ALL,boundary_f1,0.5952007740274349,0,0,32983
segformer__scratch__mit-b0__in_rover__seed1415__gpu_full__df715c71__gitc188b320__codebebd8b2d__20260714T105400494420Z,msl_ncam_nlb_436383872edr_f0211362ncam00354m1,test_msl,soil,iou,0.6039913911171982,6174,10222,31991
segformer__scratch__mit-b0__in_rover__seed1415__gpu_full__df715c71__gitc188b320__codebebd8b2d__20260714T105400494420Z,msl_ncam_nlb_436383872edr_f0211362ncam00354m1,test_msl,bedrock,iou,0.8432040903280784,21769,25817,31991
segformer__scratch__mit-b0__in_rover__seed1415__gpu_full__df715c71__gitc188b320__codebebd8b2d__20260714T105400494420Z,msl_ncam_nlb_436383872edr_f0211362ncam00354m1,test_msl,sand,iou,,0,0,31991
segformer__scratch__mit-b0__in_rover__seed1415__gpu_full__df715c71__gitc188b320__codebebd8b2d__20260714T105400494420Z,msl_ncam_nlb_436383872edr_f0211362ncam00354m1,test_msl,big_rock,iou,,0,0,31991
segformer__scratch__mit-b0__in_rover__seed1415__gpu_full__df715c71__gitc188b320__codebebd8b2d__20260714T105400494420Z,msl_ncam_nlb_436383872edr_f0211362ncam00354m1,test_msl,ALL,pixel_acc,0.8734644118658372,0,0,31991
segformer__scratch__mit-b0__in_rover__seed1415__gpu_full__df715c71__gitc188b320__codebebd8b2d__20260714T105400494420Z,msl_ncam_nlb_436383872edr_f0211362ncam00354m1,test_msl,ALL,boundary_f1,0.7600376247101113,0,0,31991
segformer__scratch__mit-b0__in_rover__seed1415__gpu_full__df715c71__gitc188b320__codebebd8b2d__20260714T105400494420Z,msl_ncam_nlb_436383928edr_f0211362ncam00354m1,test_msl,soil,iou,,0,0,58335
segformer__scratch__mit-b0__in_rover__seed1415__gpu_full__df715c71__gitc188b320__codebebd8b2d__20260714T105400494420Z,msl_ncam_nlb_436383928edr_f0211362ncam00354m1,test_msl,bedrock,iou,1.0,58335,58335,58335
segformer__scratch__mit-b0__in_rover__seed1415__gpu_full__df715c71__gitc188b320__codebebd8b2d__20260714T105400494420Z,msl_ncam_nlb_436383928edr_f0211362ncam00354m1,test_msl,sand,iou,,0,0,58335
segformer__scratch__mit-b0__in_rover__seed1415__gpu_full__df715c71__gitc188b320__codebebd8b2d__20260714T105400494420Z,msl_ncam_nlb_436383928edr_f0211362ncam00354m1,test_msl,big_rock,iou,,0,0,58335
segformer__scratch__mit-b0__in_rover__seed1415__gpu_full__df715c71__gitc188b320__codebebd8b2d__20260714T105400494420Z,msl_ncam_nlb_436383928edr_f0211362ncam00354m1,test_msl,ALL,pixel_acc,1.0,0,0,58335
segformer__scratch__mit-b0__in_rover__seed1415__gpu_full__df715c71__gitc188b320__codebebd8b2d__20260714T105400494420Z,msl_ncam_nlb_436383928edr_f0211362ncam00354m1,test_msl,ALL,boundary_f1,1.0,0,0,58335
segformer__scratch__mit-b0__in_rover__seed1415__gpu_full__df715c71__gitc188b320__codebebd8b2d__20260714T105400494420Z,msl_ncam_nlb_436384026edr_f0211362ncam00279m1,test_msl,soil,iou,0.9424144899333882,62958,66805,164119
segformer__scratch__mit-b0__in_rover__seed1415__gpu_full__df715c71__gitc188b320__codebebd8b2d__20260714T105400494420Z,msl_ncam_nlb_436384026edr_f0211362ncam00279m1,test_msl,bedrock,iou,0.9619715107600755,97314,101161,164119
segformer__scratch__mit-b0__in_rover__seed1415__gpu_full__df715c71__gitc188b320__codebebd8b2d__20260714T105400494420Z,msl_ncam_nlb_436384026edr_f0211362ncam00279m1,test_msl,sand,iou,,0,0,164119
segformer__scratch__mit-b0__in_rover__seed1415__gpu_full__df715c71__gitc188b320__codebebd8b2d__20260714T105400494420Z,msl_ncam_nlb_436384026edr_f0211362ncam00279m1,test_msl,big_rock,iou,,0,0,164119
segformer__scratch__mit-b0__in_rover__seed1415__gpu_full__df715c71__gitc188b320__codebebd8b2d__20260714T105400494420Z,msl_ncam_nlb_436384026edr_f0211362ncam00279m1,test_msl,ALL,pixel_acc,0.9765596914434038,0,0,164119
segformer__scratch__mit-b0__in_rover__seed1415__gpu_full__df715c71__gitc188b320__codebebd8b2d__20260714T105400494420Z,msl_ncam_nlb_436384026edr_f0211362ncam00279m1,test_msl,ALL,boundary_f1,0.8117837675909517,0,0,164119
segformer__scratch__mit-b0__in_rover__seed1415__gpu_full__df715c71__gitc188b320__codebebd8b2d__20260714T105400494420Z,msl_ncam_nlb_436384140edr_f0211362ncam00279m1,test_msl,soil,iou,,0,0,0
segformer__scratch__mit-b0__in_rover__seed1415__gpu_full__df715c71__gitc188b320__codebebd8b2d__20260714T105400494420Z,msl_ncam_nlb_436384140edr_f0211362ncam00279m1,test_msl,bedrock,iou,,0,0,0
segformer__scratch__mit-b0__in_rover__seed1415__gpu_full__df715c71__gitc188b320__codebebd8b2d__20260714T105400494420Z,msl_ncam_nlb_436384140edr_f0211362ncam00279m1,test_msl,sand,iou,,0,0,0
segformer__scratch__mit-b0__in_rover__seed1415__gpu_full__df715c71__gitc188b320__codebebd8b2d__20260714T105400494420Z,msl_ncam_nlb_436384140edr_f0211362ncam00279m1,test_msl,big_rock,iou,,0,0,0
segformer__scratch__mit-b0__in_rover__seed1415__gpu_full__df715c71__gitc188b320__codebebd8b2d__20260714T105400494420Z,msl_ncam_nlb_436384140edr_f0211362ncam00279m1,test_msl,ALL,pixel_acc,,0,0,0
segformer__scratch__mit-b0__in_rover__seed1415__gpu_full__df715c71__gitc188b320__codebebd8b2d__20260714T105400494420Z,msl_ncam_nlb_436384140edr_f0211362ncam00279m1,test_msl,ALL,boundary_f1,,0,0,0
segformer__scratch__mit-b0__in_rover__seed1415__gpu_full__df715c71__gitc188b320__codebebd8b2d__20260714T105400494420Z,msl_ncam_nlb_436384203edr_f0211362ncam00279m1,test_msl,soil,iou,0.6254336643139131,5228,8359,14096
segformer__scratch__mit-b0__in_rover__seed1415__gpu_full__df715c71__gitc188b320__codebebd8b2d__20260714T105400494420Z,msl_ncam_nlb_436384203edr_f0211362ncam00279m1,test_msl,bedrock,iou,0.6469327920613441,5737,8868,14096
segformer__scratch__mit-b0__in_rover__seed1415__gpu_full__df715c71__gitc188b320__codebebd8b2d__20260714T105400494420Z,msl_ncam_nlb_436384203edr_f0211362ncam00279m1,test_msl,sand,iou,,0,0,14096
segformer__scratch__mit-b0__in_rover__seed1415__gpu_full__df715c71__gitc188b320__codebebd8b2d__20260714T105400494420Z,msl_ncam_nlb_436384203edr_f0211362ncam00279m1,test_msl,big_rock,iou,,0,0,14096
segformer__scratch__mit-b0__in_rover__seed1415__gpu_full__df715c71__gitc188b320__codebebd8b2d__20260714T105400494420Z,msl_ncam_nlb_436384203edr_f0211362ncam00279m1,test_msl,ALL,pixel_acc,0.7778802497162316,0,0,14096
segformer__scratch__mit-b0__in_rover__seed1415__gpu_full__df715c71__gitc188b320__codebebd8b2d__20260714T105400494420Z,msl_ncam_nlb_436384203edr_f0211362ncam00279m1,test_msl,ALL,boundary_f1,0.7276951984996085,0,0,14096
segformer__scratch__mit-b0__in_rover__seed1415__gpu_full__df715c71__gitc188b320__codebebd8b2d__20260714T105400494420Z,msl_ncam_nlb_439225105edr_f0240000ncam00346m1,test_msl,soil,iou,,0,0,0
segformer__scratch__mit-b0__in_rover__seed1415__gpu_full__df715c71__gitc188b320__codebebd8b2d__20260714T105400494420Z,msl_ncam_nlb_439225105edr_f0240000ncam00346m1,test_msl,bedrock,iou,,0,0,0
segformer__scratch__mit-b0__in_rover__seed1415__gpu_full__df715c71__gitc188b320__codebebd8b2d__20260714T105400494420Z,msl_ncam_nlb_439225105edr_f0240000ncam00346m1,test_msl,sand,iou,,0,0,0
segformer__scratch__mit-b0__in_rover__seed1415__gpu_full__df715c71__gitc188b320__codebebd8b2d__20260714T105400494420Z,msl_ncam_nlb_439225105edr_f0240000ncam00346m1,test_msl,big_rock,iou,,0,0,0
segformer__scratch__mit-b0__in_rover__seed1415__gpu_full__df715c71__gitc188b320__codebebd8b2d__20260714T105400494420Z,msl_ncam_nlb_439225105edr_f0240000ncam00346m1,test_msl,ALL,pixel_acc,,0,0,0
segformer__scratch__mit-b0__in_rover__seed1415__gpu_full__df715c71__gitc188b320__codebebd8b2d__20260714T105400494420Z,msl_ncam_nlb_439225105edr_f0240000ncam00346m1,test_msl,ALL,boundary_f1,,0,0,0
segformer__scratch__mit-b0__in_rover__seed1415__gpu_full__df715c71__gitc188b320__codebebd8b2d__20260714T105400494420Z,msl_ncam_nlb_439225164edr_f0240000ncam05113m1,test_msl,soil,iou,0.8936157024793389,86502,96800,96800
segformer__scratch__mit-b0__in_rover__seed1415__gpu_full__df715c71__gitc188b320__codebebd8b2d__20260714T105400494420Z,msl_ncam_nlb_439225164edr_f0240000ncam05113m1,test_msl,bedrock,iou,0.0,0,10298,96800
segformer__scratch__mit-b0__in_rover__seed1415__gpu_full__df715c71__gitc188b320__codebebd8b2d__20260714T105400494420Z,msl_ncam_nlb_439225164edr_f0240000ncam05113m1,test_msl,sand,iou,,0,0,96800
segformer__scratch__mit-b0__in_rover__seed1415__gpu_full__df715c71__gitc188b320__codebebd8b2d__20260714T105400494420Z,msl_ncam_nlb_439225164edr_f0240000ncam05113m1,test_msl,big_rock,iou,,0,0,96800
segformer__scratch__mit-b0__in_rover__seed1415__gpu_full__df715c71__gitc188b320__codebebd8b2d__20260714T105400494420Z,msl_ncam_nlb_439225164edr_f0240000ncam05113m1,test_msl,ALL,pixel_acc,0.8936157024793389,0,0,96800
segformer__scratch__mit-b0__in_rover__seed1415__gpu_full__df715c71__gitc188b320__codebebd8b2d__20260714T105400494420Z,msl_ncam_nlb_439225164edr_f0240000ncam05113m1,test_msl,ALL,boundary_f1,0.37939988459319096,0,0,96800
segformer__scratch__mit-b0__in_rover__seed1415__gpu_full__df715c71__gitc188b320__codebebd8b2d__20260714T105400494420Z,msl_ncam_nlb_439225290edr_f0240000ncam05113m1,test_msl,soil,iou,1.0,8548,8548,8548
segformer__scratch__mit-b0__in_rover__seed1415__gpu_full__df715c71__gitc188b320__codebebd8b2d__20260714T105400494420Z,msl_ncam_nlb_439225290edr_f0240000ncam05113m1,test_msl,bedrock,iou,,0,0,8548
segformer__scratch__mit-b0__in_rover__seed1415__gpu_full__df715c71__gitc188b320__codebebd8b2d__20260714T105400494420Z,msl_ncam_nlb_439225290edr_f0240000ncam05113m1,test_msl,sand,iou,,0,0,8548
segformer__scratch__mit-b0__in_rover__seed1415__gpu_full__df715c71__gitc188b320__codebebd8b2d__20260714T105400494420Z,msl_ncam_nlb_439225290edr_f0240000ncam05113m1,test_msl,big_rock,iou,,0,0,8548
segformer__scratch__mit-b0__in_rover__seed1415__gpu_full__df715c71__gitc188b320__codebebd8b2d__20260714T105400494420Z,msl_ncam_nlb_439225290edr_f0240000ncam05113m1,test_msl,ALL,pixel_acc,1.0,0,0,8548
segformer__scratch__mit-b0__in_rover__seed1415__gpu_full__df715c71__gitc188b320__codebebd8b2d__20260714T105400494420Z,msl_ncam_nlb_439225290edr_f0240000ncam05113m1,test_msl,ALL,boundary_f1,1.0,0,0,8548
segformer__scratch__mit-b0__in_rover__seed1415__gpu_full__df715c71__gitc188b320__codebebd8b2d__20260714T105400494420Z,msl_ncam_nlb_439225843edr_f0240000ncam00267m1,test_msl,soil,iou,1.0,59790,59790,59790
segformer__scratch__mit-b0__in_rover__seed1415__gpu_full__df715c71__gitc188b320__codebebd8b2d__20260714T105400494420Z,msl_ncam_nlb_439225843edr_f0240000ncam00267m1,test_msl,bedrock,iou,,0,0,59790
segformer__scratch__mit-b0__in_rover__seed1415__gpu_full__df715c71__gitc188b320__codebebd8b2d__20260714T105400494420Z,msl_ncam_nlb_439225843edr_f0240000ncam00267m1,test_msl,sand,iou,,0,0,59790
segformer__scratch__mit-b0__in_rover__seed1415__gpu_full__df715c71__gitc188b320__codebebd8b2d__20260714T105400494420Z,msl_ncam_nlb_439225843edr_f0240000ncam00267m1,test_msl,big_rock,iou,,0,0,59790
segformer__scratch__mit-b0__in_rover__seed1415__gpu_full__df715c71__gitc188b320__codebebd8b2d__20260714T105400494420Z,msl_ncam_nlb_439225843edr_f0240000ncam00267m1,test_msl,ALL,pixel_acc,1.0,0,0,59790
segformer__scratch__mit-b0__in_rover__seed1415__gpu_full__df715c71__gitc188b320__codebebd8b2d__20260714T105400494420Z,msl_ncam_nlb_439225843edr_f0240000ncam00267m1,test_msl,ALL,boundary_f1,1.0,0,0,59790
segformer__scratch__mit-b0__in_rover__seed1415__gpu_full__df715c71__gitc188b320__codebebd8b2d__20260714T105400494420Z,msl_ncam_nlb_439225957edr_f0240000ncam00267m1,test_msl,soil,iou,1.0,32088,32088,32088
segformer__scratch__mit-b0__in_rover__seed1415__gpu_full__df715c71__gitc188b320__codebebd8b2d__20260714T105400494420Z,msl_ncam_nlb_439225957edr_f0240000ncam00267m1,test_msl,bedrock,iou,,0,0,32088
segformer__scratch__mit-b0__in_rover__seed1415__gpu_full__df715c71__gitc188b320__codebebd8b2d__20260714T105400494420Z,msl_ncam_nlb_439225957edr_f0240000ncam00267m1,test_msl,sand,iou,,0,0,32088
segformer__scratch__mit-b0__in_rover__seed1415__gpu_full__df715c71__gitc188b320__codebebd8b2d__20260714T105400494420Z,msl_ncam_nlb_439225957edr_f0240000ncam00267m1,test_msl,big_rock,iou,,0,0,32088
segformer__scratch__mit-b0__in_rover__seed1415__gpu_full__df715c71__gitc188b320__codebebd8b2d__20260714T105400494420Z,msl_ncam_nlb_439225957edr_f0240000ncam00267m1,test_msl,ALL,pixel_acc,1.0,0,0,32088
segformer__scratch__mit-b0__in_rover__seed1415__gpu_full__df715c71__gitc188b320__codebebd8b2d__20260714T105400494420Z,msl_ncam_nlb_439225957edr_f0240000ncam00267m1,test_msl,ALL,boundary_f1,1.0,0,0,32088
segformer__scratch__mit-b0__in_rover__seed1415__gpu_full__df715c71__gitc188b320__codebebd8b2d__20260714T105400494420Z,msl_ncam_nlb_439226019edr_f0240000ncam00267m1,test_msl,soil,iou,1.0,11757,11757,11757
segformer__scratch__mit-b0__in_rover__seed1415__gpu_full__df715c71__gitc188b320__codebebd8b2d__20260714T105400494420Z,msl_ncam_nlb_439226019edr_f0240000ncam00267m1,test_msl,bedrock,iou,,0,0,11757
segformer__scratch__mit-b0__in_rover__seed1415__gpu_full__df715c71__gitc188b320__codebebd8b2d__20260714T105400494420Z,msl_ncam_nlb_439226019edr_f0240000ncam00267m1,test_msl,sand,iou,,0,0,11757
segformer__scratch__mit-b0__in_rover__seed1415__gpu_full__df715c71__gitc188b320__codebebd8b2d__20260714T105400494420Z,msl_ncam_nlb_439226019edr_f0240000ncam00267m1,test_msl,big_rock,iou,,0,0,11757
segformer__scratch__mit-b0__in_rover__seed1415__gpu_full__df715c71__gitc188b320__codebebd8b2d__20260714T105400494420Z,msl_ncam_nlb_439226019edr_f0240000ncam00267m1,test_msl,ALL,pixel_acc,1.0,0,0,11757
segformer__scratch__mit-b0__in_rover__seed1415__gpu_full__df715c71__gitc188b320__codebebd8b2d__20260714T105400494420Z,msl_ncam_nlb_439226019edr_f0240000ncam00267m1,test_msl,ALL,boundary_f1,1.0,0,0,11757
segformer__scratch__mit-b0__in_rover__seed1415__gpu_full__df715c71__gitc188b320__codebebd8b2d__20260714T105400494420Z,msl_ncam_nlb_439226061edr_f0240000ncam00350m1,test_msl,soil,iou,1.0,23535,23535,23535
segformer__scratch__mit-b0__in_rover__seed1415__gpu_full__df715c71__gitc188b320__codebebd8b2d__20260714T105400494420Z,msl_ncam_nlb_439226061edr_f0240000ncam00350m1,test_msl,bedrock,iou,,0,0,23535
segformer__scratch__mit-b0__in_rover__seed1415__gpu_full__df715c71__gitc188b320__codebebd8b2d__20260714T105400494420Z,msl_ncam_nlb_439226061edr_f0240000ncam00350m1,test_msl,sand,iou,,0,0,23535
segformer__scratch__mit-b0__in_rover__seed1415__gpu_full__df715c71__gitc188b320__codebebd8b2d__20260714T105400494420Z,msl_ncam_nlb_439226061edr_f0240000ncam00350m1,test_msl,big_rock,iou,,0,0,23535
segformer__scratch__mit-b0__in_rover__seed1415__gpu_full__df715c71__gitc188b320__codebebd8b2d__20260714T105400494420Z,msl_ncam_nlb_439226061edr_f0240000ncam00350m1,test_msl,ALL,pixel_acc,1.0,0,0,23535
segformer__scratch__mit-b0__in_rover__seed1415__gpu_full__df715c71__gitc188b320__codebebd8b2d__20260714T105400494420Z,msl_ncam_nlb_439226061edr_f0240000ncam00350m1,test_msl,ALL,boundary_f1,1.0,0,0,23535
segformer__scratch__mit-b0__in_rover__seed1415__gpu_full__df715c71__gitc188b320__codebebd8b2d__20260714T105400494420Z,msl_ncam_nlb_439226140edr_f0240000ncam00350m1,test_msl,soil,iou,1.0,178948,178948,178948
segformer__scratch__mit-b0__in_rover__seed1415__gpu_full__df715c71__gitc188b320__codebebd8b2d__20260714T105400494420Z,msl_ncam_nlb_439226140edr_f0240000ncam00350m1,test_msl,bedrock,iou,,0,0,178948
segformer__scratch__mit-b0__in_rover__seed1415__gpu_full__df715c71__gitc188b320__codebebd8b2d__20260714T105400494420Z,msl_ncam_nlb_439226140edr_f0240000ncam00350m1,test_msl,sand,iou,,0,0,178948
segformer__scratch__mit-b0__in_rover__seed1415__gpu_full__df715c71__gitc188b320__codebebd8b2d__20260714T105400494420Z,msl_ncam_nlb_439226140edr_f0240000ncam00350m1,test_msl,big_rock,iou,,0,0,178948
segformer__scratch__mit-b0__in_rover__seed1415__gpu_full__df715c71__gitc188b320__codebebd8b2d__20260714T105400494420Z,msl_ncam_nlb_439226140edr_f0240000ncam00350m1,test_msl,ALL,pixel_acc,1.0,0,0,178948
segformer__scratch__mit-b0__in_rover__seed1415__gpu_full__df715c71__gitc188b320__codebebd8b2d__20260714T105400494420Z,msl_ncam_nlb_439226140edr_f0240000ncam00350m1,test_msl,ALL,boundary_f1,1.0,0,0,178948
segformer__scratch__mit-b0__in_rover__seed1415__gpu_full__df715c71__gitc188b320__codebebd8b2d__20260714T105400494420Z,msl_ncam_nlb_442591818edr_f0250254ncam00470m1,test_msl,soil,iou,0.9966415687124208,18399,18461,18461
segformer__scratch__mit-b0__in_rover__seed1415__gpu_full__df715c71__gitc188b320__codebebd8b2d__20260714T105400494420Z,msl_ncam_nlb_442591818edr_f0250254ncam00470m1,test_msl,bedrock,iou,0.0,0,62,18461
segformer__scratch__mit-b0__in_rover__seed1415__gpu_full__df715c71__gitc188b320__codebebd8b2d__20260714T105400494420Z,msl_ncam_nlb_442591818edr_f0250254ncam00470m1,test_msl,sand,iou,,0,0,18461
segformer__scratch__mit-b0__in_rover__seed1415__gpu_full__df715c71__gitc188b320__codebebd8b2d__20260714T105400494420Z,msl_ncam_nlb_442591818edr_f0250254ncam00470m1,test_msl,big_rock,iou,,0,0,18461
segformer__scratch__mit-b0__in_rover__seed1415__gpu_full__df715c71__gitc188b320__codebebd8b2d__20260714T105400494420Z,msl_ncam_nlb_442591818edr_f0250254ncam00470m1,test_msl,ALL,pixel_acc,0.9966415687124208,0,0,18461
segformer__scratch__mit-b0__in_rover__seed1415__gpu_full__df715c71__gitc188b320__codebebd8b2d__20260714T105400494420Z,msl_ncam_nlb_442591818edr_f0250254ncam00470m1,test_msl,ALL,boundary_f1,0.49803428094890617,0,0,18461
segformer__scratch__mit-b0__in_rover__seed1415__gpu_full__df715c71__gitc188b320__codebebd8b2d__20260714T105400494420Z,msl_ncam_nlb_442592358edr_f0250272ncam00385m1,test_msl,soil,iou,1.0,134437,134437,134437
segformer__scratch__mit-b0__in_rover__seed1415__gpu_full__df715c71__gitc188b320__codebebd8b2d__20260714T105400494420Z,msl_ncam_nlb_442592358edr_f0250272ncam00385m1,test_msl,bedrock,iou,,0,0,134437
segformer__scratch__mit-b0__in_rover__seed1415__gpu_full__df715c71__gitc188b320__codebebd8b2d__20260714T105400494420Z,msl_ncam_nlb_442592358edr_f0250272ncam00385m1,test_msl,sand,iou,,0,0,134437
segformer__scratch__mit-b0__in_rover__seed1415__gpu_full__df715c71__gitc188b320__codebebd8b2d__20260714T105400494420Z,msl_ncam_nlb_442592358edr_f0250272ncam00385m1,test_msl,big_rock,iou,,0,0,134437
segformer__scratch__mit-b0__in_rover__seed1415__gpu_full__df715c71__gitc188b320__codebebd8b2d__20260714T105400494420Z,msl_ncam_nlb_442592358edr_f0250272ncam00385m1,test_msl,ALL,pixel_acc,1.0,0,0,134437
segformer__scratch__mit-b0__in_rover__seed1415__gpu_full__df715c71__gitc188b320__codebebd8b2d__20260714T105400494420Z,msl_ncam_nlb_442592358edr_f0250272ncam00385m1,test_msl,ALL,boundary_f1,1.0,0,0,134437
segformer__scratch__mit-b0__in_rover__seed1415__gpu_full__df715c71__gitc188b320__codebebd8b2d__20260714T105400494420Z,msl_ncam_nlb_442593301edr_f0250312ncam00353m1,test_msl,soil,iou,1.0,106977,106977,106977
segformer__scratch__mit-b0__in_rover__seed1415__gpu_full__df715c71__gitc188b320__codebebd8b2d__20260714T105400494420Z,msl_ncam_nlb_442593301edr_f0250312ncam00353m1,test_msl,bedrock,iou,,0,0,106977
segformer__scratch__mit-b0__in_rover__seed1415__gpu_full__df715c71__gitc188b320__codebebd8b2d__20260714T105400494420Z,msl_ncam_nlb_442593301edr_f0250312ncam00353m1,test_msl,sand,iou,,0,0,106977
segformer__scratch__mit-b0__in_rover__seed1415__gpu_full__df715c71__gitc188b320__codebebd8b2d__20260714T105400494420Z,msl_ncam_nlb_442593301edr_f0250312ncam00353m1,test_msl,big_rock,iou,,0,0,106977
segformer__scratch__mit-b0__in_rover__seed1415__gpu_full__df715c71__gitc188b320__codebebd8b2d__20260714T105400494420Z,msl_ncam_nlb_442593301edr_f0250312ncam00353m1,test_msl,ALL,pixel_acc,1.0,0,0,106977
segformer__scratch__mit-b0__in_rover__seed1415__gpu_full__df715c71__gitc188b320__codebebd8b2d__20260714T105400494420Z,msl_ncam_nlb_442593301edr_f0250312ncam00353m1,test_msl,ALL,boundary_f1,1.0,0,0,106977
segformer__scratch__mit-b0__in_rover__seed1415__gpu_full__df715c71__gitc188b320__codebebd8b2d__20260714T105400494420Z,msl_ncam_nlb_442598077edr_f0250312ncam00281m1,test_msl,soil,iou,1.0,8175,8175,8175
segformer__scratch__mit-b0__in_rover__seed1415__gpu_full__df715c71__gitc188b320__codebebd8b2d__20260714T105400494420Z,msl_ncam_nlb_442598077edr_f0250312ncam00281m1,test_msl,bedrock,iou,,0,0,8175
segformer__scratch__mit-b0__in_rover__seed1415__gpu_full__df715c71__gitc188b320__codebebd8b2d__20260714T105400494420Z,msl_ncam_nlb_442598077edr_f0250312ncam00281m1,test_msl,sand,iou,,0,0,8175
segformer__scratch__mit-b0__in_rover__seed1415__gpu_full__df715c71__gitc188b320__codebebd8b2d__20260714T105400494420Z,msl_ncam_nlb_442598077edr_f0250312ncam00281m1,test_msl,big_rock,iou,,0,0,8175
segformer__scratch__mit-b0__in_rover__seed1415__gpu_full__df715c71__gitc188b320__codebebd8b2d__20260714T105400494420Z,msl_ncam_nlb_442598077edr_f0250312ncam00281m1,test_msl,ALL,pixel_acc,1.0,0,0,8175
segformer__scratch__mit-b0__in_rover__seed1415__gpu_full__df715c71__gitc188b320__codebebd8b2d__20260714T105400494420Z,msl_ncam_nlb_442598077edr_f0250312ncam00281m1,test_msl,ALL,boundary_f1,1.0,0,0,8175
segformer__scratch__mit-b0__in_rover__seed1415__gpu_full__df715c71__gitc188b320__codebebd8b2d__20260714T105400494420Z,msl_ncam_nlb_442598204edr_f0250312ncam00281m1,test_msl,soil,iou,0.9807783871479712,111234,113414,113414
segformer__scratch__mit-b0__in_rover__seed1415__gpu_full__df715c71__gitc188b320__codebebd8b2d__20260714T105400494420Z,msl_ncam_nlb_442598204edr_f0250312ncam00281m1,test_msl,bedrock,iou,0.0,0,902,113414
segformer__scratch__mit-b0__in_rover__seed1415__gpu_full__df715c71__gitc188b320__codebebd8b2d__20260714T105400494420Z,msl_ncam_nlb_442598204edr_f0250312ncam00281m1,test_msl,sand,iou,0.0,0,1278,113414
segformer__scratch__mit-b0__in_rover__seed1415__gpu_full__df715c71__gitc188b320__codebebd8b2d__20260714T105400494420Z,msl_ncam_nlb_442598204edr_f0250312ncam00281m1,test_msl,big_rock,iou,,0,0,113414
segformer__scratch__mit-b0__in_rover__seed1415__gpu_full__df715c71__gitc188b320__codebebd8b2d__20260714T105400494420Z,msl_ncam_nlb_442598204edr_f0250312ncam00281m1,test_msl,ALL,pixel_acc,0.9807783871479712,0,0,113414
segformer__scratch__mit-b0__in_rover__seed1415__gpu_full__df715c71__gitc188b320__codebebd8b2d__20260714T105400494420Z,msl_ncam_nlb_442598204edr_f0250312ncam00281m1,test_msl,ALL,boundary_f1,0.30353491089687407,0,0,113414
segformer__scratch__mit-b0__in_rover__seed1415__gpu_full__df715c71__gitc188b320__codebebd8b2d__20260714T105400494420Z,msl_ncam_nlb_442600163edr_f0250312ncam00350m1,test_msl,soil,iou,1.0,151293,151293,151293
segformer__scratch__mit-b0__in_rover__seed1415__gpu_full__df715c71__gitc188b320__codebebd8b2d__20260714T105400494420Z,msl_ncam_nlb_442600163edr_f0250312ncam00350m1,test_msl,bedrock,iou,,0,0,151293
segformer__scratch__mit-b0__in_rover__seed1415__gpu_full__df715c71__gitc188b320__codebebd8b2d__20260714T105400494420Z,msl_ncam_nlb_442600163edr_f0250312ncam00350m1,test_msl,sand,iou,,0,0,151293
segformer__scratch__mit-b0__in_rover__seed1415__gpu_full__df715c71__gitc188b320__codebebd8b2d__20260714T105400494420Z,msl_ncam_nlb_442600163edr_f0250312ncam00350m1,test_msl,big_rock,iou,,0,0,151293
segformer__scratch__mit-b0__in_rover__seed1415__gpu_full__df715c71__gitc188b320__codebebd8b2d__20260714T105400494420Z,msl_ncam_nlb_442600163edr_f0250312ncam00350m1,test_msl,ALL,pixel_acc,1.0,0,0,151293
segformer__scratch__mit-b0__in_rover__seed1415__gpu_full__df715c71__gitc188b320__codebebd8b2d__20260714T105400494420Z,msl_ncam_nlb_442600163edr_f0250312ncam00350m1,test_msl,ALL,boundary_f1,1.0,0,0,151293
segformer__scratch__mit-b0__in_rover__seed1415__gpu_full__df715c71__gitc188b320__codebebd8b2d__20260714T105400494420Z,msl_ncam_nlb_442600208edr_f0250312ncam00282m1,test_msl,soil,iou,1.0,68473,68473,68473
segformer__scratch__mit-b0__in_rover__seed1415__gpu_full__df715c71__gitc188b320__codebebd8b2d__20260714T105400494420Z,msl_ncam_nlb_442600208edr_f0250312ncam00282m1,test_msl,bedrock,iou,,0,0,68473
segformer__scratch__mit-b0__in_rover__seed1415__gpu_full__df715c71__gitc188b320__codebebd8b2d__20260714T105400494420Z,msl_ncam_nlb_442600208edr_f0250312ncam00282m1,test_msl,sand,iou,,0,0,68473
segformer__scratch__mit-b0__in_rover__seed1415__gpu_full__df715c71__gitc188b320__codebebd8b2d__20260714T105400494420Z,msl_ncam_nlb_442600208edr_f0250312ncam00282m1,test_msl,big_rock,iou,,0,0,68473
segformer__scratch__mit-b0__in_rover__seed1415__gpu_full__df715c71__gitc188b320__codebebd8b2d__20260714T105400494420Z,msl_ncam_nlb_442600208edr_f0250312ncam00282m1,test_msl,ALL,pixel_acc,1.0,0,0,68473
segformer__scratch__mit-b0__in_rover__seed1415__gpu_full__df715c71__gitc188b320__codebebd8b2d__20260714T105400494420Z,msl_ncam_nlb_442600208edr_f0250312ncam00282m1,test_msl,ALL,boundary_f1,1.0,0,0,68473
segformer__scratch__mit-b0__in_rover__seed1415__gpu_full__df715c71__gitc188b320__codebebd8b2d__20260714T105400494420Z,msl_ncam_nlb_442600301edr_f0250312ncam00282m1,test_msl,soil,iou,0.9861834787190445,50535,51243,51243
segformer__scratch__mit-b0__in_rover__seed1415__gpu_full__df715c71__gitc188b320__codebebd8b2d__20260714T105400494420Z,msl_ncam_nlb_442600301edr_f0250312ncam00282m1,test_msl,bedrock,iou,0.0,0,708,51243
segformer__scratch__mit-b0__in_rover__seed1415__gpu_full__df715c71__gitc188b320__codebebd8b2d__20260714T105400494420Z,msl_ncam_nlb_442600301edr_f0250312ncam00282m1,test_msl,sand,iou,,0,0,51243
segformer__scratch__mit-b0__in_rover__seed1415__gpu_full__df715c71__gitc188b320__codebebd8b2d__20260714T105400494420Z,msl_ncam_nlb_442600301edr_f0250312ncam00282m1,test_msl,big_rock,iou,,0,0,51243
segformer__scratch__mit-b0__in_rover__seed1415__gpu_full__df715c71__gitc188b320__codebebd8b2d__20260714T105400494420Z,msl_ncam_nlb_442600301edr_f0250312ncam00282m1,test_msl,ALL,pixel_acc,0.9861834787190445,0,0,51243
segformer__scratch__mit-b0__in_rover__seed1415__gpu_full__df715c71__gitc188b320__codebebd8b2d__20260714T105400494420Z,msl_ncam_nlb_442600301edr_f0250312ncam00282m1,test_msl,ALL,boundary_f1,0.4700854700854701,0,0,51243
segformer__scratch__mit-b0__in_rover__seed1415__gpu_full__df715c71__gitc188b320__codebebd8b2d__20260714T105400494420Z,msl_ncam_nlb_442600416edr_f0250312ncam00282m1,test_msl,soil,iou,1.0,7457,7457,8486
segformer__scratch__mit-b0__in_rover__seed1415__gpu_full__df715c71__gitc188b320__codebebd8b2d__20260714T105400494420Z,msl_ncam_nlb_442600416edr_f0250312ncam00282m1,test_msl,bedrock,iou,,0,0,8486
segformer__scratch__mit-b0__in_rover__seed1415__gpu_full__df715c71__gitc188b320__codebebd8b2d__20260714T105400494420Z,msl_ncam_nlb_442600416edr_f0250312ncam00282m1,test_msl,sand,iou,1.0,1029,1029,8486
segformer__scratch__mit-b0__in_rover__seed1415__gpu_full__df715c71__gitc188b320__codebebd8b2d__20260714T105400494420Z,msl_ncam_nlb_442600416edr_f0250312ncam00282m1,test_msl,big_rock,iou,,0,0,8486
segformer__scratch__mit-b0__in_rover__seed1415__gpu_full__df715c71__gitc188b320__codebebd8b2d__20260714T105400494420Z,msl_ncam_nlb_442600416edr_f0250312ncam00282m1,test_msl,ALL,pixel_acc,1.0,0,0,8486
segformer__scratch__mit-b0__in_rover__seed1415__gpu_full__df715c71__gitc188b320__codebebd8b2d__20260714T105400494420Z,msl_ncam_nlb_442600416edr_f0250312ncam00282m1,test_msl,ALL,boundary_f1,1.0,0,0,8486
segformer__scratch__mit-b0__in_rover__seed1415__gpu_full__df715c71__gitc188b320__codebebd8b2d__20260714T105400494420Z,msl_ncam_nlb_442600447edr_f0250312ncam00282m1,test_msl,soil,iou,0.9991254624957955,14852,14865,14865
segformer__scratch__mit-b0__in_rover__seed1415__gpu_full__df715c71__gitc188b320__codebebd8b2d__20260714T105400494420Z,msl_ncam_nlb_442600447edr_f0250312ncam00282m1,test_msl,bedrock,iou,,0,0,14865
segformer__scratch__mit-b0__in_rover__seed1415__gpu_full__df715c71__gitc188b320__codebebd8b2d__20260714T105400494420Z,msl_ncam_nlb_442600447edr_f0250312ncam00282m1,test_msl,sand,iou,0.0,0,13,14865
segformer__scratch__mit-b0__in_rover__seed1415__gpu_full__df715c71__gitc188b320__codebebd8b2d__20260714T105400494420Z,msl_ncam_nlb_442600447edr_f0250312ncam00282m1,test_msl,big_rock,iou,,0,0,14865
segformer__scratch__mit-b0__in_rover__seed1415__gpu_full__df715c71__gitc188b320__codebebd8b2d__20260714T105400494420Z,msl_ncam_nlb_442600447edr_f0250312ncam00282m1,test_msl,ALL,pixel_acc,0.9991254624957955,0,0,14865
segformer__scratch__mit-b0__in_rover__seed1415__gpu_full__df715c71__gitc188b320__codebebd8b2d__20260714T105400494420Z,msl_ncam_nlb_442600447edr_f0250312ncam00282m1,test_msl,ALL,boundary_f1,0.5,0,0,14865
segformer__scratch__mit-b0__in_rover__seed1415__gpu_full__df715c71__gitc188b320__codebebd8b2d__20260714T105400494420Z,msl_ncam_nlb_443659348edr_f0251082ncam00470m1,test_msl,soil,iou,1.0,97953,97953,97953
segformer__scratch__mit-b0__in_rover__seed1415__gpu_full__df715c71__gitc188b320__codebebd8b2d__20260714T105400494420Z,msl_ncam_nlb_443659348edr_f0251082ncam00470m1,test_msl,bedrock,iou,,0,0,97953
segformer__scratch__mit-b0__in_rover__seed1415__gpu_full__df715c71__gitc188b320__codebebd8b2d__20260714T105400494420Z,msl_ncam_nlb_443659348edr_f0251082ncam00470m1,test_msl,sand,iou,,0,0,97953
segformer__scratch__mit-b0__in_rover__seed1415__gpu_full__df715c71__gitc188b320__codebebd8b2d__20260714T105400494420Z,msl_ncam_nlb_443659348edr_f0251082ncam00470m1,test_msl,big_rock,iou,,0,0,97953
segformer__scratch__mit-b0__in_rover__seed1415__gpu_full__df715c71__gitc188b320__codebebd8b2d__20260714T105400494420Z,msl_ncam_nlb_443659348edr_f0251082ncam00470m1,test_msl,ALL,pixel_acc,1.0,0,0,97953
segformer__scratch__mit-b0__in_rover__seed1415__gpu_full__df715c71__gitc188b320__codebebd8b2d__20260714T105400494420Z,msl_ncam_nlb_443659348edr_f0251082ncam00470m1,test_msl,ALL,boundary_f1,1.0,0,0,97953
segformer__scratch__mit-b0__in_rover__seed1415__gpu_full__df715c71__gitc188b320__codebebd8b2d__20260714T105400494420Z,msl_ncam_nlb_443663198edr_f0251238ncam00353m1,test_msl,soil,iou,1.0,159090,159090,159090
segformer__scratch__mit-b0__in_rover__seed1415__gpu_full__df715c71__gitc188b320__codebebd8b2d__20260714T105400494420Z,msl_ncam_nlb_443663198edr_f0251238ncam00353m1,test_msl,bedrock,iou,,0,0,159090
segformer__scratch__mit-b0__in_rover__seed1415__gpu_full__df715c71__gitc188b320__codebebd8b2d__20260714T105400494420Z,msl_ncam_nlb_443663198edr_f0251238ncam00353m1,test_msl,sand,iou,,0,0,159090
segformer__scratch__mit-b0__in_rover__seed1415__gpu_full__df715c71__gitc188b320__codebebd8b2d__20260714T105400494420Z,msl_ncam_nlb_443663198edr_f0251238ncam00353m1,test_msl,big_rock,iou,,0,0,159090
segformer__scratch__mit-b0__in_rover__seed1415__gpu_full__df715c71__gitc188b320__codebebd8b2d__20260714T105400494420Z,msl_ncam_nlb_443663198edr_f0251238ncam00353m1,test_msl,ALL,pixel_acc,1.0,0,0,159090
segformer__scratch__mit-b0__in_rover__seed1415__gpu_full__df715c71__gitc188b320__codebebd8b2d__20260714T105400494420Z,msl_ncam_nlb_443663198edr_f0251238ncam00353m1,test_msl,ALL,boundary_f1,1.0,0,0,159090
segformer__scratch__mit-b0__in_rover__seed1415__gpu_full__df715c71__gitc188b320__codebebd8b2d__20260714T105400494420Z,msl_ncam_nlb_443663262edr_f0251238ncam00289m1,test_msl,soil,iou,1.0,68719,68719,68719
segformer__scratch__mit-b0__in_rover__seed1415__gpu_full__df715c71__gitc188b320__codebebd8b2d__20260714T105400494420Z,msl_ncam_nlb_443663262edr_f0251238ncam00289m1,test_msl,bedrock,iou,,0,0,68719
segformer__scratch__mit-b0__in_rover__seed1415__gpu_full__df715c71__gitc188b320__codebebd8b2d__20260714T105400494420Z,msl_ncam_nlb_443663262edr_f0251238ncam00289m1,test_msl,sand,iou,,0,0,68719
segformer__scratch__mit-b0__in_rover__seed1415__gpu_full__df715c71__gitc188b320__codebebd8b2d__20260714T105400494420Z,msl_ncam_nlb_443663262edr_f0251238ncam00289m1,test_msl,big_rock,iou,,0,0,68719
segformer__scratch__mit-b0__in_rover__seed1415__gpu_full__df715c71__gitc188b320__codebebd8b2d__20260714T105400494420Z,msl_ncam_nlb_443663262edr_f0251238ncam00289m1,test_msl,ALL,pixel_acc,1.0,0,0,68719
segformer__scratch__mit-b0__in_rover__seed1415__gpu_full__df715c71__gitc188b320__codebebd8b2d__20260714T105400494420Z,msl_ncam_nlb_443663262edr_f0251238ncam00289m1,test_msl,ALL,boundary_f1,1.0,0,0,68719
segformer__scratch__mit-b0__in_rover__seed1415__gpu_full__df715c71__gitc188b320__codebebd8b2d__20260714T105400494420Z,msl_ncam_nlb_443663326edr_f0251238ncam00289m1,test_msl,soil,iou,1.0,163565,163565,163565
segformer__scratch__mit-b0__in_rover__seed1415__gpu_full__df715c71__gitc188b320__codebebd8b2d__20260714T105400494420Z,msl_ncam_nlb_443663326edr_f0251238ncam00289m1,test_msl,bedrock,iou,,0,0,163565
segformer__scratch__mit-b0__in_rover__seed1415__gpu_full__df715c71__gitc188b320__codebebd8b2d__20260714T105400494420Z,msl_ncam_nlb_443663326edr_f0251238ncam00289m1,test_msl,sand,iou,,0,0,163565
segformer__scratch__mit-b0__in_rover__seed1415__gpu_full__df715c71__gitc188b320__codebebd8b2d__20260714T105400494420Z,msl_ncam_nlb_443663326edr_f0251238ncam00289m1,test_msl,big_rock,iou,,0,0,163565
segformer__scratch__mit-b0__in_rover__seed1415__gpu_full__df715c71__gitc188b320__codebebd8b2d__20260714T105400494420Z,msl_ncam_nlb_443663326edr_f0251238ncam00289m1,test_msl,ALL,pixel_acc,1.0,0,0,163565
segformer__scratch__mit-b0__in_rover__seed1415__gpu_full__df715c71__gitc188b320__codebebd8b2d__20260714T105400494420Z,msl_ncam_nlb_443663326edr_f0251238ncam00289m1,test_msl,ALL,boundary_f1,1.0,0,0,163565
segformer__scratch__mit-b0__in_rover__seed1415__gpu_full__df715c71__gitc188b320__codebebd8b2d__20260714T105400494420Z,msl_ncam_nlb_443668744edr_f0251238ncam00292m1,test_msl,soil,iou,1.0,56933,56933,56933
segformer__scratch__mit-b0__in_rover__seed1415__gpu_full__df715c71__gitc188b320__codebebd8b2d__20260714T105400494420Z,msl_ncam_nlb_443668744edr_f0251238ncam00292m1,test_msl,bedrock,iou,,0,0,56933
segformer__scratch__mit-b0__in_rover__seed1415__gpu_full__df715c71__gitc188b320__codebebd8b2d__20260714T105400494420Z,msl_ncam_nlb_443668744edr_f0251238ncam00292m1,test_msl,sand,iou,,0,0,56933
segformer__scratch__mit-b0__in_rover__seed1415__gpu_full__df715c71__gitc188b320__codebebd8b2d__20260714T105400494420Z,msl_ncam_nlb_443668744edr_f0251238ncam00292m1,test_msl,big_rock,iou,,0,0,56933
segformer__scratch__mit-b0__in_rover__seed1415__gpu_full__df715c71__gitc188b320__codebebd8b2d__20260714T105400494420Z,msl_ncam_nlb_443668744edr_f0251238ncam00292m1,test_msl,ALL,pixel_acc,1.0,0,0,56933
segformer__scratch__mit-b0__in_rover__seed1415__gpu_full__df715c71__gitc188b320__codebebd8b2d__20260714T105400494420Z,msl_ncam_nlb_443668744edr_f0251238ncam00292m1,test_msl,ALL,boundary_f1,1.0,0,0,56933
segformer__scratch__mit-b0__in_rover__seed1415__gpu_full__df715c71__gitc188b320__codebebd8b2d__20260714T105400494420Z,msl_ncam_nlb_443668806edr_f0251238ncam00292m1,test_msl,soil,iou,1.0,80428,80428,80428
segformer__scratch__mit-b0__in_rover__seed1415__gpu_full__df715c71__gitc188b320__codebebd8b2d__20260714T105400494420Z,msl_ncam_nlb_443668806edr_f0251238ncam00292m1,test_msl,bedrock,iou,,0,0,80428
segformer__scratch__mit-b0__in_rover__seed1415__gpu_full__df715c71__gitc188b320__codebebd8b2d__20260714T105400494420Z,msl_ncam_nlb_443668806edr_f0251238ncam00292m1,test_msl,sand,iou,,0,0,80428
segformer__scratch__mit-b0__in_rover__seed1415__gpu_full__df715c71__gitc188b320__codebebd8b2d__20260714T105400494420Z,msl_ncam_nlb_443668806edr_f0251238ncam00292m1,test_msl,big_rock,iou,,0,0,80428
segformer__scratch__mit-b0__in_rover__seed1415__gpu_full__df715c71__gitc188b320__codebebd8b2d__20260714T105400494420Z,msl_ncam_nlb_443668806edr_f0251238ncam00292m1,test_msl,ALL,pixel_acc,1.0,0,0,80428
segformer__scratch__mit-b0__in_rover__seed1415__gpu_full__df715c71__gitc188b320__codebebd8b2d__20260714T105400494420Z,msl_ncam_nlb_443668806edr_f0251238ncam00292m1,test_msl,ALL,boundary_f1,1.0,0,0,80428
segformer__scratch__mit-b0__in_rover__seed1415__gpu_full__df715c71__gitc188b320__codebebd8b2d__20260714T105400494420Z,msl_ncam_nlb_443668921edr_f0251238ncam00292m1,test_msl,soil,iou,0.9868447332330267,74115,75103,75475
segformer__scratch__mit-b0__in_rover__seed1415__gpu_full__df715c71__gitc188b320__codebebd8b2d__20260714T105400494420Z,msl_ncam_nlb_443668921edr_f0251238ncam00292m1,test_msl,bedrock,iou,0.0,0,610,75475
segformer__scratch__mit-b0__in_rover__seed1415__gpu_full__df715c71__gitc188b320__codebebd8b2d__20260714T105400494420Z,msl_ncam_nlb_443668921edr_f0251238ncam00292m1,test_msl,sand,iou,,0,0,75475
segformer__scratch__mit-b0__in_rover__seed1415__gpu_full__df715c71__gitc188b320__codebebd8b2d__20260714T105400494420Z,msl_ncam_nlb_443668921edr_f0251238ncam00292m1,test_msl,big_rock,iou,0.496,372,750,75475
segformer__scratch__mit-b0__in_rover__seed1415__gpu_full__df715c71__gitc188b320__codebebd8b2d__20260714T105400494420Z,msl_ncam_nlb_443668921edr_f0251238ncam00292m1,test_msl,ALL,pixel_acc,0.9869095727061941,0,0,75475
segformer__scratch__mit-b0__in_rover__seed1415__gpu_full__df715c71__gitc188b320__codebebd8b2d__20260714T105400494420Z,msl_ncam_nlb_443668921edr_f0251238ncam00292m1,test_msl,ALL,boundary_f1,0.5415406331921758,0,0,75475
segformer__scratch__mit-b0__in_rover__seed1415__gpu_full__df715c71__gitc188b320__codebebd8b2d__20260714T105400494420Z,msl_ncam_nlb_443669058edr_f0251238ncam00352m1,test_msl,soil,iou,1.0,191983,191983,191983
segformer__scratch__mit-b0__in_rover__seed1415__gpu_full__df715c71__gitc188b320__codebebd8b2d__20260714T105400494420Z,msl_ncam_nlb_443669058edr_f0251238ncam00352m1,test_msl,bedrock,iou,,0,0,191983
segformer__scratch__mit-b0__in_rover__seed1415__gpu_full__df715c71__gitc188b320__codebebd8b2d__20260714T105400494420Z,msl_ncam_nlb_443669058edr_f0251238ncam00352m1,test_msl,sand,iou,,0,0,191983
segformer__scratch__mit-b0__in_rover__seed1415__gpu_full__df715c71__gitc188b320__codebebd8b2d__20260714T105400494420Z,msl_ncam_nlb_443669058edr_f0251238ncam00352m1,test_msl,big_rock,iou,,0,0,191983
segformer__scratch__mit-b0__in_rover__seed1415__gpu_full__df715c71__gitc188b320__codebebd8b2d__20260714T105400494420Z,msl_ncam_nlb_443669058edr_f0251238ncam00352m1,test_msl,ALL,pixel_acc,1.0,0,0,191983
segformer__scratch__mit-b0__in_rover__seed1415__gpu_full__df715c71__gitc188b320__codebebd8b2d__20260714T105400494420Z,msl_ncam_nlb_443669058edr_f0251238ncam00352m1,test_msl,ALL,boundary_f1,1.0,0,0,191983
segformer__scratch__mit-b0__in_rover__seed1415__gpu_full__df715c71__gitc188b320__codebebd8b2d__20260714T105400494420Z,msl_ncam_nlb_443669122edr_f0251238ncam00352m1,test_msl,soil,iou,1.0,138713,138713,138713
segformer__scratch__mit-b0__in_rover__seed1415__gpu_full__df715c71__gitc188b320__codebebd8b2d__20260714T105400494420Z,msl_ncam_nlb_443669122edr_f0251238ncam00352m1,test_msl,bedrock,iou,,0,0,138713
segformer__scratch__mit-b0__in_rover__seed1415__gpu_full__df715c71__gitc188b320__codebebd8b2d__20260714T105400494420Z,msl_ncam_nlb_443669122edr_f0251238ncam00352m1,test_msl,sand,iou,,0,0,138713
segformer__scratch__mit-b0__in_rover__seed1415__gpu_full__df715c71__gitc188b320__codebebd8b2d__20260714T105400494420Z,msl_ncam_nlb_443669122edr_f0251238ncam00352m1,test_msl,big_rock,iou,,0,0,138713
segformer__scratch__mit-b0__in_rover__seed1415__gpu_full__df715c71__gitc188b320__codebebd8b2d__20260714T105400494420Z,msl_ncam_nlb_443669122edr_f0251238ncam00352m1,test_msl,ALL,pixel_acc,1.0,0,0,138713
segformer__scratch__mit-b0__in_rover__seed1415__gpu_full__df715c71__gitc188b320__codebebd8b2d__20260714T105400494420Z,msl_ncam_nlb_443669122edr_f0251238ncam00352m1,test_msl,ALL,boundary_f1,1.0,0,0,138713
segformer__scratch__mit-b0__in_rover__seed1415__gpu_full__df715c71__gitc188b320__codebebd8b2d__20260714T105400494420Z,msl_ncam_nlb_448278207edr_f0300432ncam00380m1,test_msl,soil,iou,1.0,219849,219849,219849
segformer__scratch__mit-b0__in_rover__seed1415__gpu_full__df715c71__gitc188b320__codebebd8b2d__20260714T105400494420Z,msl_ncam_nlb_448278207edr_f0300432ncam00380m1,test_msl,bedrock,iou,,0,0,219849
segformer__scratch__mit-b0__in_rover__seed1415__gpu_full__df715c71__gitc188b320__codebebd8b2d__20260714T105400494420Z,msl_ncam_nlb_448278207edr_f0300432ncam00380m1,test_msl,sand,iou,,0,0,219849
segformer__scratch__mit-b0__in_rover__seed1415__gpu_full__df715c71__gitc188b320__codebebd8b2d__20260714T105400494420Z,msl_ncam_nlb_448278207edr_f0300432ncam00380m1,test_msl,big_rock,iou,,0,0,219849
segformer__scratch__mit-b0__in_rover__seed1415__gpu_full__df715c71__gitc188b320__codebebd8b2d__20260714T105400494420Z,msl_ncam_nlb_448278207edr_f0300432ncam00380m1,test_msl,ALL,pixel_acc,1.0,0,0,219849
segformer__scratch__mit-b0__in_rover__seed1415__gpu_full__df715c71__gitc188b320__codebebd8b2d__20260714T105400494420Z,msl_ncam_nlb_448278207edr_f0300432ncam00380m1,test_msl,ALL,boundary_f1,1.0,0,0,219849
segformer__scratch__mit-b0__in_rover__seed1415__gpu_full__df715c71__gitc188b320__codebebd8b2d__20260714T105400494420Z,msl_ncam_nlb_448279148edr_f0300484ncam00353m1,test_msl,soil,iou,1.0,173750,173750,173750
segformer__scratch__mit-b0__in_rover__seed1415__gpu_full__df715c71__gitc188b320__codebebd8b2d__20260714T105400494420Z,msl_ncam_nlb_448279148edr_f0300484ncam00353m1,test_msl,bedrock,iou,,0,0,173750
segformer__scratch__mit-b0__in_rover__seed1415__gpu_full__df715c71__gitc188b320__codebebd8b2d__20260714T105400494420Z,msl_ncam_nlb_448279148edr_f0300484ncam00353m1,test_msl,sand,iou,,0,0,173750
segformer__scratch__mit-b0__in_rover__seed1415__gpu_full__df715c71__gitc188b320__codebebd8b2d__20260714T105400494420Z,msl_ncam_nlb_448279148edr_f0300484ncam00353m1,test_msl,big_rock,iou,,0,0,173750
segformer__scratch__mit-b0__in_rover__seed1415__gpu_full__df715c71__gitc188b320__codebebd8b2d__20260714T105400494420Z,msl_ncam_nlb_448279148edr_f0300484ncam00353m1,test_msl,ALL,pixel_acc,1.0,0,0,173750
segformer__scratch__mit-b0__in_rover__seed1415__gpu_full__df715c71__gitc188b320__codebebd8b2d__20260714T105400494420Z,msl_ncam_nlb_448279148edr_f0300484ncam00353m1,test_msl,ALL,boundary_f1,1.0,0,0,173750
segformer__scratch__mit-b0__in_rover__seed1415__gpu_full__df715c71__gitc188b320__codebebd8b2d__20260714T105400494420Z,msl_ncam_nlb_448279299edr_f0300484ncam00299m1,test_msl,soil,iou,1.0,103574,103574,103574
segformer__scratch__mit-b0__in_rover__seed1415__gpu_full__df715c71__gitc188b320__codebebd8b2d__20260714T105400494420Z,msl_ncam_nlb_448279299edr_f0300484ncam00299m1,test_msl,bedrock,iou,,0,0,103574
segformer__scratch__mit-b0__in_rover__seed1415__gpu_full__df715c71__gitc188b320__codebebd8b2d__20260714T105400494420Z,msl_ncam_nlb_448279299edr_f0300484ncam00299m1,test_msl,sand,iou,,0,0,103574
segformer__scratch__mit-b0__in_rover__seed1415__gpu_full__df715c71__gitc188b320__codebebd8b2d__20260714T105400494420Z,msl_ncam_nlb_448279299edr_f0300484ncam00299m1,test_msl,big_rock,iou,,0,0,103574
segformer__scratch__mit-b0__in_rover__seed1415__gpu_full__df715c71__gitc188b320__codebebd8b2d__20260714T105400494420Z,msl_ncam_nlb_448279299edr_f0300484ncam00299m1,test_msl,ALL,pixel_acc,1.0,0,0,103574
segformer__scratch__mit-b0__in_rover__seed1415__gpu_full__df715c71__gitc188b320__codebebd8b2d__20260714T105400494420Z,msl_ncam_nlb_448279299edr_f0300484ncam00299m1,test_msl,ALL,boundary_f1,1.0,0,0,103574
segformer__scratch__mit-b0__in_rover__seed1415__gpu_full__df715c71__gitc188b320__codebebd8b2d__20260714T105400494420Z,msl_ncam_nlb_448279363edr_f0300484ncam00299m1,test_msl,soil,iou,,0,0,0
segformer__scratch__mit-b0__in_rover__seed1415__gpu_full__df715c71__gitc188b320__codebebd8b2d__20260714T105400494420Z,msl_ncam_nlb_448279363edr_f0300484ncam00299m1,test_msl,bedrock,iou,,0,0,0
segformer__scratch__mit-b0__in_rover__seed1415__gpu_full__df715c71__gitc188b320__codebebd8b2d__20260714T105400494420Z,msl_ncam_nlb_448279363edr_f0300484ncam00299m1,test_msl,sand,iou,,0,0,0
segformer__scratch__mit-b0__in_rover__seed1415__gpu_full__df715c71__gitc188b320__codebebd8b2d__20260714T105400494420Z,msl_ncam_nlb_448279363edr_f0300484ncam00299m1,test_msl,big_rock,iou,,0,0,0
segformer__scratch__mit-b0__in_rover__seed1415__gpu_full__df715c71__gitc188b320__codebebd8b2d__20260714T105400494420Z,msl_ncam_nlb_448279363edr_f0300484ncam00299m1,test_msl,ALL,pixel_acc,,0,0,0
segformer__scratch__mit-b0__in_rover__seed1415__gpu_full__df715c71__gitc188b320__codebebd8b2d__20260714T105400494420Z,msl_ncam_nlb_448279363edr_f0300484ncam00299m1,test_msl,ALL,boundary_f1,,0,0,0
segformer__scratch__mit-b0__in_rover__seed1415__gpu_full__df715c71__gitc188b320__codebebd8b2d__20260714T105400494420Z,msl_ncam_nlb_448279809edr_f0300484ncam00354m1,test_msl,soil,iou,1.0,235752,235752,235752
segformer__scratch__mit-b0__in_rover__seed1415__gpu_full__df715c71__gitc188b320__codebebd8b2d__20260714T105400494420Z,msl_ncam_nlb_448279809edr_f0300484ncam00354m1,test_msl,bedrock,iou,,0,0,235752
segformer__scratch__mit-b0__in_rover__seed1415__gpu_full__df715c71__gitc188b320__codebebd8b2d__20260714T105400494420Z,msl_ncam_nlb_448279809edr_f0300484ncam00354m1,test_msl,sand,iou,,0,0,235752
segformer__scratch__mit-b0__in_rover__seed1415__gpu_full__df715c71__gitc188b320__codebebd8b2d__20260714T105400494420Z,msl_ncam_nlb_448279809edr_f0300484ncam00354m1,test_msl,big_rock,iou,,0,0,235752
segformer__scratch__mit-b0__in_rover__seed1415__gpu_full__df715c71__gitc188b320__codebebd8b2d__20260714T105400494420Z,msl_ncam_nlb_448279809edr_f0300484ncam00354m1,test_msl,ALL,pixel_acc,1.0,0,0,235752
segformer__scratch__mit-b0__in_rover__seed1415__gpu_full__df715c71__gitc188b320__codebebd8b2d__20260714T105400494420Z,msl_ncam_nlb_448279809edr_f0300484ncam00354m1,test_msl,ALL,boundary_f1,1.0,0,0,235752
segformer__scratch__mit-b0__in_rover__seed1415__gpu_full__df715c71__gitc188b320__codebebd8b2d__20260714T105400494420Z,msl_ncam_nlb_448279926edr_f0300484ncam00250m1,test_msl,soil,iou,1.0,165154,165154,165154
segformer__scratch__mit-b0__in_rover__seed1415__gpu_full__df715c71__gitc188b320__codebebd8b2d__20260714T105400494420Z,msl_ncam_nlb_448279926edr_f0300484ncam00250m1,test_msl,bedrock,iou,,0,0,165154
segformer__scratch__mit-b0__in_rover__seed1415__gpu_full__df715c71__gitc188b320__codebebd8b2d__20260714T105400494420Z,msl_ncam_nlb_448279926edr_f0300484ncam00250m1,test_msl,sand,iou,,0,0,165154
segformer__scratch__mit-b0__in_rover__seed1415__gpu_full__df715c71__gitc188b320__codebebd8b2d__20260714T105400494420Z,msl_ncam_nlb_448279926edr_f0300484ncam00250m1,test_msl,big_rock,iou,,0,0,165154
segformer__scratch__mit-b0__in_rover__seed1415__gpu_full__df715c71__gitc188b320__codebebd8b2d__20260714T105400494420Z,msl_ncam_nlb_448279926edr_f0300484ncam00250m1,test_msl,ALL,pixel_acc,1.0,0,0,165154
segformer__scratch__mit-b0__in_rover__seed1415__gpu_full__df715c71__gitc188b320__codebebd8b2d__20260714T105400494420Z,msl_ncam_nlb_448279926edr_f0300484ncam00250m1,test_msl,ALL,boundary_f1,1.0,0,0,165154
segformer__scratch__mit-b0__in_rover__seed1415__gpu_full__df715c71__gitc188b320__codebebd8b2d__20260714T105400494420Z,msl_ncam_nlb_448279988edr_f0300484ncam00250m1,test_msl,soil,iou,1.0,181913,181913,181913
segformer__scratch__mit-b0__in_rover__seed1415__gpu_full__df715c71__gitc188b320__codebebd8b2d__20260714T105400494420Z,msl_ncam_nlb_448279988edr_f0300484ncam00250m1,test_msl,bedrock,iou,,0,0,181913
segformer__scratch__mit-b0__in_rover__seed1415__gpu_full__df715c71__gitc188b320__codebebd8b2d__20260714T105400494420Z,msl_ncam_nlb_448279988edr_f0300484ncam00250m1,test_msl,sand,iou,,0,0,181913
segformer__scratch__mit-b0__in_rover__seed1415__gpu_full__df715c71__gitc188b320__codebebd8b2d__20260714T105400494420Z,msl_ncam_nlb_448279988edr_f0300484ncam00250m1,test_msl,big_rock,iou,,0,0,181913
segformer__scratch__mit-b0__in_rover__seed1415__gpu_full__df715c71__gitc188b320__codebebd8b2d__20260714T105400494420Z,msl_ncam_nlb_448279988edr_f0300484ncam00250m1,test_msl,ALL,pixel_acc,1.0,0,0,181913
segformer__scratch__mit-b0__in_rover__seed1415__gpu_full__df715c71__gitc188b320__codebebd8b2d__20260714T105400494420Z,msl_ncam_nlb_448279988edr_f0300484ncam00250m1,test_msl,ALL,boundary_f1,1.0,0,0,181913
segformer__scratch__mit-b0__in_rover__seed1415__gpu_full__df715c71__gitc188b320__codebebd8b2d__20260714T105400494420Z,msl_ncam_nlb_448280142edr_f0300484ncam00250m1,test_msl,soil,iou,1.0,85498,85498,85498
segformer__scratch__mit-b0__in_rover__seed1415__gpu_full__df715c71__gitc188b320__codebebd8b2d__20260714T105400494420Z,msl_ncam_nlb_448280142edr_f0300484ncam00250m1,test_msl,bedrock,iou,,0,0,85498
segformer__scratch__mit-b0__in_rover__seed1415__gpu_full__df715c71__gitc188b320__codebebd8b2d__20260714T105400494420Z,msl_ncam_nlb_448280142edr_f0300484ncam00250m1,test_msl,sand,iou,,0,0,85498
segformer__scratch__mit-b0__in_rover__seed1415__gpu_full__df715c71__gitc188b320__codebebd8b2d__20260714T105400494420Z,msl_ncam_nlb_448280142edr_f0300484ncam00250m1,test_msl,big_rock,iou,,0,0,85498
segformer__scratch__mit-b0__in_rover__seed1415__gpu_full__df715c71__gitc188b320__codebebd8b2d__20260714T105400494420Z,msl_ncam_nlb_448280142edr_f0300484ncam00250m1,test_msl,ALL,pixel_acc,1.0,0,0,85498
segformer__scratch__mit-b0__in_rover__seed1415__gpu_full__df715c71__gitc188b320__codebebd8b2d__20260714T105400494420Z,msl_ncam_nlb_448280142edr_f0300484ncam00250m1,test_msl,ALL,boundary_f1,1.0,0,0,85498
segformer__scratch__mit-b0__in_rover__seed1415__gpu_full__df715c71__gitc188b320__codebebd8b2d__20260714T105400494420Z,msl_ncam_nlb_453776957edr_f0320204ncam00498m1,test_msl,soil,iou,0.9907769147094422,194007,195813,201171
segformer__scratch__mit-b0__in_rover__seed1415__gpu_full__df715c71__gitc188b320__codebebd8b2d__20260714T105400494420Z,msl_ncam_nlb_453776957edr_f0320204ncam00498m1,test_msl,bedrock,iou,,0,0,201171
segformer__scratch__mit-b0__in_rover__seed1415__gpu_full__df715c71__gitc188b320__codebebd8b2d__20260714T105400494420Z,msl_ncam_nlb_453776957edr_f0320204ncam00498m1,test_msl,sand,iou,0.6286620638178765,3369,5359,201171
segformer__scratch__mit-b0__in_rover__seed1415__gpu_full__df715c71__gitc188b320__codebebd8b2d__20260714T105400494420Z,msl_ncam_nlb_453776957edr_f0320204ncam00498m1,test_msl,big_rock,iou,0.9074912016088487,1805,1989,201171
segformer__scratch__mit-b0__in_rover__seed1415__gpu_full__df715c71__gitc188b320__codebebd8b2d__20260714T105400494420Z,msl_ncam_nlb_453776957edr_f0320204ncam00498m1,test_msl,ALL,pixel_acc,0.9901079181392944,0,0,201171
segformer__scratch__mit-b0__in_rover__seed1415__gpu_full__df715c71__gitc188b320__codebebd8b2d__20260714T105400494420Z,msl_ncam_nlb_453776957edr_f0320204ncam00498m1,test_msl,ALL,boundary_f1,0.8136976652491588,0,0,201171
segformer__scratch__mit-b0__in_rover__seed1415__gpu_full__df715c71__gitc188b320__codebebd8b2d__20260714T105400494420Z,msl_ncam_nlb_453777056edr_f0320204ncam00497m1,test_msl,soil,iou,1.0,241876,241876,241876
segformer__scratch__mit-b0__in_rover__seed1415__gpu_full__df715c71__gitc188b320__codebebd8b2d__20260714T105400494420Z,msl_ncam_nlb_453777056edr_f0320204ncam00497m1,test_msl,bedrock,iou,,0,0,241876
segformer__scratch__mit-b0__in_rover__seed1415__gpu_full__df715c71__gitc188b320__codebebd8b2d__20260714T105400494420Z,msl_ncam_nlb_453777056edr_f0320204ncam00497m1,test_msl,sand,iou,,0,0,241876
segformer__scratch__mit-b0__in_rover__seed1415__gpu_full__df715c71__gitc188b320__codebebd8b2d__20260714T105400494420Z,msl_ncam_nlb_453777056edr_f0320204ncam00497m1,test_msl,big_rock,iou,,0,0,241876
segformer__scratch__mit-b0__in_rover__seed1415__gpu_full__df715c71__gitc188b320__codebebd8b2d__20260714T105400494420Z,msl_ncam_nlb_453777056edr_f0320204ncam00497m1,test_msl,ALL,pixel_acc,1.0,0,0,241876
segformer__scratch__mit-b0__in_rover__seed1415__gpu_full__df715c71__gitc188b320__codebebd8b2d__20260714T105400494420Z,msl_ncam_nlb_453777056edr_f0320204ncam00497m1,test_msl,ALL,boundary_f1,1.0,0,0,241876
segformer__scratch__mit-b0__in_rover__seed1415__gpu_full__df715c71__gitc188b320__codebebd8b2d__20260714T105400494420Z,msl_ncam_nlb_453780775edr_f0320478ncam00353m1,test_msl,soil,iou,1.0,178148,178148,178148
segformer__scratch__mit-b0__in_rover__seed1415__gpu_full__df715c71__gitc188b320__codebebd8b2d__20260714T105400494420Z,msl_ncam_nlb_453780775edr_f0320478ncam00353m1,test_msl,bedrock,iou,,0,0,178148
segformer__scratch__mit-b0__in_rover__seed1415__gpu_full__df715c71__gitc188b320__codebebd8b2d__20260714T105400494420Z,msl_ncam_nlb_453780775edr_f0320478ncam00353m1,test_msl,sand,iou,,0,0,178148
segformer__scratch__mit-b0__in_rover__seed1415__gpu_full__df715c71__gitc188b320__codebebd8b2d__20260714T105400494420Z,msl_ncam_nlb_453780775edr_f0320478ncam00353m1,test_msl,big_rock,iou,,0,0,178148
segformer__scratch__mit-b0__in_rover__seed1415__gpu_full__df715c71__gitc188b320__codebebd8b2d__20260714T105400494420Z,msl_ncam_nlb_453780775edr_f0320478ncam00353m1,test_msl,ALL,pixel_acc,1.0,0,0,178148
segformer__scratch__mit-b0__in_rover__seed1415__gpu_full__df715c71__gitc188b320__codebebd8b2d__20260714T105400494420Z,msl_ncam_nlb_453780775edr_f0320478ncam00353m1,test_msl,ALL,boundary_f1,1.0,0,0,178148
segformer__scratch__mit-b0__in_rover__seed1415__gpu_full__df715c71__gitc188b320__codebebd8b2d__20260714T105400494420Z,msl_ncam_nlb_453780853edr_f0320478ncam00281m1,test_msl,soil,iou,1.0,186845,186845,187378
segformer__scratch__mit-b0__in_rover__seed1415__gpu_full__df715c71__gitc188b320__codebebd8b2d__20260714T105400494420Z,msl_ncam_nlb_453780853edr_f0320478ncam00281m1,test_msl,bedrock,iou,,0,0,187378
segformer__scratch__mit-b0__in_rover__seed1415__gpu_full__df715c71__gitc188b320__codebebd8b2d__20260714T105400494420Z,msl_ncam_nlb_453780853edr_f0320478ncam00281m1,test_msl,sand,iou,,0,0,187378
segformer__scratch__mit-b0__in_rover__seed1415__gpu_full__df715c71__gitc188b320__codebebd8b2d__20260714T105400494420Z,msl_ncam_nlb_453780853edr_f0320478ncam00281m1,test_msl,big_rock,iou,1.0,533,533,187378
segformer__scratch__mit-b0__in_rover__seed1415__gpu_full__df715c71__gitc188b320__codebebd8b2d__20260714T105400494420Z,msl_ncam_nlb_453780853edr_f0320478ncam00281m1,test_msl,ALL,pixel_acc,1.0,0,0,187378
segformer__scratch__mit-b0__in_rover__seed1415__gpu_full__df715c71__gitc188b320__codebebd8b2d__20260714T105400494420Z,msl_ncam_nlb_453780853edr_f0320478ncam00281m1,test_msl,ALL,boundary_f1,1.0,0,0,187378
segformer__scratch__mit-b0__in_rover__seed1415__gpu_full__df715c71__gitc188b320__codebebd8b2d__20260714T105400494420Z,msl_ncam_nlb_453781520edr_f0320478ncam00282m1,test_msl,soil,iou,1.0,44638,44638,44638
segformer__scratch__mit-b0__in_rover__seed1415__gpu_full__df715c71__gitc188b320__codebebd8b2d__20260714T105400494420Z,msl_ncam_nlb_453781520edr_f0320478ncam00282m1,test_msl,bedrock,iou,,0,0,44638
segformer__scratch__mit-b0__in_rover__seed1415__gpu_full__df715c71__gitc188b320__codebebd8b2d__20260714T105400494420Z,msl_ncam_nlb_453781520edr_f0320478ncam00282m1,test_msl,sand,iou,,0,0,44638
segformer__scratch__mit-b0__in_rover__seed1415__gpu_full__df715c71__gitc188b320__codebebd8b2d__20260714T105400494420Z,msl_ncam_nlb_453781520edr_f0320478ncam00282m1,test_msl,big_rock,iou,,0,0,44638
segformer__scratch__mit-b0__in_rover__seed1415__gpu_full__df715c71__gitc188b320__codebebd8b2d__20260714T105400494420Z,msl_ncam_nlb_453781520edr_f0320478ncam00282m1,test_msl,ALL,pixel_acc,1.0,0,0,44638
segformer__scratch__mit-b0__in_rover__seed1415__gpu_full__df715c71__gitc188b320__codebebd8b2d__20260714T105400494420Z,msl_ncam_nlb_453781520edr_f0320478ncam00282m1,test_msl,ALL,boundary_f1,1.0,0,0,44638
segformer__scratch__mit-b0__in_rover__seed1415__gpu_full__df715c71__gitc188b320__codebebd8b2d__20260714T105400494420Z,msl_ncam_nlb_453781583edr_f0320478ncam00282m1,test_msl,soil,iou,,0,0,0
segformer__scratch__mit-b0__in_rover__seed1415__gpu_full__df715c71__gitc188b320__codebebd8b2d__20260714T105400494420Z,msl_ncam_nlb_453781583edr_f0320478ncam00282m1,test_msl,bedrock,iou,,0,0,0
segformer__scratch__mit-b0__in_rover__seed1415__gpu_full__df715c71__gitc188b320__codebebd8b2d__20260714T105400494420Z,msl_ncam_nlb_453781583edr_f0320478ncam00282m1,test_msl,sand,iou,,0,0,0
segformer__scratch__mit-b0__in_rover__seed1415__gpu_full__df715c71__gitc188b320__codebebd8b2d__20260714T105400494420Z,msl_ncam_nlb_453781583edr_f0320478ncam00282m1,test_msl,big_rock,iou,,0,0,0
segformer__scratch__mit-b0__in_rover__seed1415__gpu_full__df715c71__gitc188b320__codebebd8b2d__20260714T105400494420Z,msl_ncam_nlb_453781583edr_f0320478ncam00282m1,test_msl,ALL,pixel_acc,,0,0,0
segformer__scratch__mit-b0__in_rover__seed1415__gpu_full__df715c71__gitc188b320__codebebd8b2d__20260714T105400494420Z,msl_ncam_nlb_453781583edr_f0320478ncam00282m1,test_msl,ALL,boundary_f1,,0,0,0
segformer__scratch__mit-b0__in_rover__seed1415__gpu_full__df715c71__gitc188b320__codebebd8b2d__20260714T105400494420Z,msl_ncam_nlb_453781647edr_f0320478ncam00282m1,test_msl,soil,iou,1.0,198856,198856,198856
segformer__scratch__mit-b0__in_rover__seed1415__gpu_full__df715c71__gitc188b320__codebebd8b2d__20260714T105400494420Z,msl_ncam_nlb_453781647edr_f0320478ncam00282m1,test_msl,bedrock,iou,,0,0,198856
segformer__scratch__mit-b0__in_rover__seed1415__gpu_full__df715c71__gitc188b320__codebebd8b2d__20260714T105400494420Z,msl_ncam_nlb_453781647edr_f0320478ncam00282m1,test_msl,sand,iou,,0,0,198856
segformer__scratch__mit-b0__in_rover__seed1415__gpu_full__df715c71__gitc188b320__codebebd8b2d__20260714T105400494420Z,msl_ncam_nlb_453781647edr_f0320478ncam00282m1,test_msl,big_rock,iou,,0,0,198856
segformer__scratch__mit-b0__in_rover__seed1415__gpu_full__df715c71__gitc188b320__codebebd8b2d__20260714T105400494420Z,msl_ncam_nlb_453781647edr_f0320478ncam00282m1,test_msl,ALL,pixel_acc,1.0,0,0,198856
segformer__scratch__mit-b0__in_rover__seed1415__gpu_full__df715c71__gitc188b320__codebebd8b2d__20260714T105400494420Z,msl_ncam_nlb_453781647edr_f0320478ncam00282m1,test_msl,ALL,boundary_f1,1.0,0,0,198856
segformer__scratch__mit-b0__in_rover__seed1415__gpu_full__df715c71__gitc188b320__codebebd8b2d__20260714T105400494420Z,msl_ncam_nlb_454576834edr_f0330660ncam00291m1,test_msl,soil,iou,1.0,96212,96212,96212
segformer__scratch__mit-b0__in_rover__seed1415__gpu_full__df715c71__gitc188b320__codebebd8b2d__20260714T105400494420Z,msl_ncam_nlb_454576834edr_f0330660ncam00291m1,test_msl,bedrock,iou,,0,0,96212
segformer__scratch__mit-b0__in_rover__seed1415__gpu_full__df715c71__gitc188b320__codebebd8b2d__20260714T105400494420Z,msl_ncam_nlb_454576834edr_f0330660ncam00291m1,test_msl,sand,iou,,0,0,96212
segformer__scratch__mit-b0__in_rover__seed1415__gpu_full__df715c71__gitc188b320__codebebd8b2d__20260714T105400494420Z,msl_ncam_nlb_454576834edr_f0330660ncam00291m1,test_msl,big_rock,iou,,0,0,96212
segformer__scratch__mit-b0__in_rover__seed1415__gpu_full__df715c71__gitc188b320__codebebd8b2d__20260714T105400494420Z,msl_ncam_nlb_454576834edr_f0330660ncam00291m1,test_msl,ALL,pixel_acc,1.0,0,0,96212
segformer__scratch__mit-b0__in_rover__seed1415__gpu_full__df715c71__gitc188b320__codebebd8b2d__20260714T105400494420Z,msl_ncam_nlb_454576834edr_f0330660ncam00291m1,test_msl,ALL,boundary_f1,1.0,0,0,96212
segformer__scratch__mit-b0__in_rover__seed1415__gpu_full__df715c71__gitc188b320__codebebd8b2d__20260714T105400494420Z,msl_ncam_nlb_454577689edr_f0330660ncam00350m1,test_msl,soil,iou,1.0,220994,220994,220994
segformer__scratch__mit-b0__in_rover__seed1415__gpu_full__df715c71__gitc188b320__codebebd8b2d__20260714T105400494420Z,msl_ncam_nlb_454577689edr_f0330660ncam00350m1,test_msl,bedrock,iou,,0,0,220994
segformer__scratch__mit-b0__in_rover__seed1415__gpu_full__df715c71__gitc188b320__codebebd8b2d__20260714T105400494420Z,msl_ncam_nlb_454577689edr_f0330660ncam00350m1,test_msl,sand,iou,,0,0,220994
segformer__scratch__mit-b0__in_rover__seed1415__gpu_full__df715c71__gitc188b320__codebebd8b2d__20260714T105400494420Z,msl_ncam_nlb_454577689edr_f0330660ncam00350m1,test_msl,big_rock,iou,,0,0,220994
segformer__scratch__mit-b0__in_rover__seed1415__gpu_full__df715c71__gitc188b320__codebebd8b2d__20260714T105400494420Z,msl_ncam_nlb_454577689edr_f0330660ncam00350m1,test_msl,ALL,pixel_acc,1.0,0,0,220994
segformer__scratch__mit-b0__in_rover__seed1415__gpu_full__df715c71__gitc188b320__codebebd8b2d__20260714T105400494420Z,msl_ncam_nlb_454577689edr_f0330660ncam00350m1,test_msl,ALL,boundary_f1,1.0,0,0,220994
segformer__scratch__mit-b0__in_rover__seed1415__gpu_full__df715c71__gitc188b320__codebebd8b2d__20260714T105400494420Z,msl_ncam_nlb_454577808edr_f0330660ncam00350m1,test_msl,soil,iou,1.0,149819,149819,149819
segformer__scratch__mit-b0__in_rover__seed1415__gpu_full__df715c71__gitc188b320__codebebd8b2d__20260714T105400494420Z,msl_ncam_nlb_454577808edr_f0330660ncam00350m1,test_msl,bedrock,iou,,0,0,149819
segformer__scratch__mit-b0__in_rover__seed1415__gpu_full__df715c71__gitc188b320__codebebd8b2d__20260714T105400494420Z,msl_ncam_nlb_454577808edr_f0330660ncam00350m1,test_msl,sand,iou,,0,0,149819
segformer__scratch__mit-b0__in_rover__seed1415__gpu_full__df715c71__gitc188b320__codebebd8b2d__20260714T105400494420Z,msl_ncam_nlb_454577808edr_f0330660ncam00350m1,test_msl,big_rock,iou,,0,0,149819
segformer__scratch__mit-b0__in_rover__seed1415__gpu_full__df715c71__gitc188b320__codebebd8b2d__20260714T105400494420Z,msl_ncam_nlb_454577808edr_f0330660ncam00350m1,test_msl,ALL,pixel_acc,1.0,0,0,149819
segformer__scratch__mit-b0__in_rover__seed1415__gpu_full__df715c71__gitc188b320__codebebd8b2d__20260714T105400494420Z,msl_ncam_nlb_454577808edr_f0330660ncam00350m1,test_msl,ALL,boundary_f1,1.0,0,0,149819
segformer__scratch__mit-b0__in_rover__seed1415__gpu_full__df715c71__gitc188b320__codebebd8b2d__20260714T105400494420Z,msl_ncam_nlb_454577843edr_f0330660ncam00292m1,test_msl,soil,iou,1.0,190037,190037,190037
segformer__scratch__mit-b0__in_rover__seed1415__gpu_full__df715c71__gitc188b320__codebebd8b2d__20260714T105400494420Z,msl_ncam_nlb_454577843edr_f0330660ncam00292m1,test_msl,bedrock,iou,,0,0,190037
segformer__scratch__mit-b0__in_rover__seed1415__gpu_full__df715c71__gitc188b320__codebebd8b2d__20260714T105400494420Z,msl_ncam_nlb_454577843edr_f0330660ncam00292m1,test_msl,sand,iou,,0,0,190037
segformer__scratch__mit-b0__in_rover__seed1415__gpu_full__df715c71__gitc188b320__codebebd8b2d__20260714T105400494420Z,msl_ncam_nlb_454577843edr_f0330660ncam00292m1,test_msl,big_rock,iou,,0,0,190037
segformer__scratch__mit-b0__in_rover__seed1415__gpu_full__df715c71__gitc188b320__codebebd8b2d__20260714T105400494420Z,msl_ncam_nlb_454577843edr_f0330660ncam00292m1,test_msl,ALL,pixel_acc,1.0,0,0,190037
segformer__scratch__mit-b0__in_rover__seed1415__gpu_full__df715c71__gitc188b320__codebebd8b2d__20260714T105400494420Z,msl_ncam_nlb_454577843edr_f0330660ncam00292m1,test_msl,ALL,boundary_f1,1.0,0,0,190037
segformer__scratch__mit-b0__in_rover__seed1415__gpu_full__df715c71__gitc188b320__codebebd8b2d__20260714T105400494420Z,msl_ncam_nlb_454577912edr_f0330660ncam00292m1,test_msl,soil,iou,1.0,152116,152116,152116
segformer__scratch__mit-b0__in_rover__seed1415__gpu_full__df715c71__gitc188b320__codebebd8b2d__20260714T105400494420Z,msl_ncam_nlb_454577912edr_f0330660ncam00292m1,test_msl,bedrock,iou,,0,0,152116
segformer__scratch__mit-b0__in_rover__seed1415__gpu_full__df715c71__gitc188b320__codebebd8b2d__20260714T105400494420Z,msl_ncam_nlb_454577912edr_f0330660ncam00292m1,test_msl,sand,iou,,0,0,152116
segformer__scratch__mit-b0__in_rover__seed1415__gpu_full__df715c71__gitc188b320__codebebd8b2d__20260714T105400494420Z,msl_ncam_nlb_454577912edr_f0330660ncam00292m1,test_msl,big_rock,iou,,0,0,152116
segformer__scratch__mit-b0__in_rover__seed1415__gpu_full__df715c71__gitc188b320__codebebd8b2d__20260714T105400494420Z,msl_ncam_nlb_454577912edr_f0330660ncam00292m1,test_msl,ALL,pixel_acc,1.0,0,0,152116
segformer__scratch__mit-b0__in_rover__seed1415__gpu_full__df715c71__gitc188b320__codebebd8b2d__20260714T105400494420Z,msl_ncam_nlb_454577912edr_f0330660ncam00292m1,test_msl,ALL,boundary_f1,1.0,0,0,152116
segformer__scratch__mit-b0__in_rover__seed1415__gpu_full__df715c71__gitc188b320__codebebd8b2d__20260714T105400494420Z,msl_ncam_nlb_455641497edr_f0340774ncam00251m1,test_msl,soil,iou,1.0,200625,200625,200625
segformer__scratch__mit-b0__in_rover__seed1415__gpu_full__df715c71__gitc188b320__codebebd8b2d__20260714T105400494420Z,msl_ncam_nlb_455641497edr_f0340774ncam00251m1,test_msl,bedrock,iou,,0,0,200625
segformer__scratch__mit-b0__in_rover__seed1415__gpu_full__df715c71__gitc188b320__codebebd8b2d__20260714T105400494420Z,msl_ncam_nlb_455641497edr_f0340774ncam00251m1,test_msl,sand,iou,,0,0,200625
segformer__scratch__mit-b0__in_rover__seed1415__gpu_full__df715c71__gitc188b320__codebebd8b2d__20260714T105400494420Z,msl_ncam_nlb_455641497edr_f0340774ncam00251m1,test_msl,big_rock,iou,,0,0,200625
segformer__scratch__mit-b0__in_rover__seed1415__gpu_full__df715c71__gitc188b320__codebebd8b2d__20260714T105400494420Z,msl_ncam_nlb_455641497edr_f0340774ncam00251m1,test_msl,ALL,pixel_acc,1.0,0,0,200625
segformer__scratch__mit-b0__in_rover__seed1415__gpu_full__df715c71__gitc188b320__codebebd8b2d__20260714T105400494420Z,msl_ncam_nlb_455641497edr_f0340774ncam00251m1,test_msl,ALL,boundary_f1,1.0,0,0,200625
segformer__scratch__mit-b0__in_rover__seed1415__gpu_full__df715c71__gitc188b320__codebebd8b2d__20260714T105400494420Z,msl_ncam_nlb_455642279edr_f0340774ncam00354m1,test_msl,soil,iou,,0,0,0
segformer__scratch__mit-b0__in_rover__seed1415__gpu_full__df715c71__gitc188b320__codebebd8b2d__20260714T105400494420Z,msl_ncam_nlb_455642279edr_f0340774ncam00354m1,test_msl,bedrock,iou,,0,0,0
segformer__scratch__mit-b0__in_rover__seed1415__gpu_full__df715c71__gitc188b320__codebebd8b2d__20260714T105400494420Z,msl_ncam_nlb_455642279edr_f0340774ncam00354m1,test_msl,sand,iou,,0,0,0
segformer__scratch__mit-b0__in_rover__seed1415__gpu_full__df715c71__gitc188b320__codebebd8b2d__20260714T105400494420Z,msl_ncam_nlb_455642279edr_f0340774ncam00354m1,test_msl,big_rock,iou,,0,0,0
segformer__scratch__mit-b0__in_rover__seed1415__gpu_full__df715c71__gitc188b320__codebebd8b2d__20260714T105400494420Z,msl_ncam_nlb_455642279edr_f0340774ncam00354m1,test_msl,ALL,pixel_acc,,0,0,0
segformer__scratch__mit-b0__in_rover__seed1415__gpu_full__df715c71__gitc188b320__codebebd8b2d__20260714T105400494420Z,msl_ncam_nlb_455642279edr_f0340774ncam00354m1,test_msl,ALL,boundary_f1,,0,0,0
segformer__scratch__mit-b0__in_rover__seed1415__gpu_full__df715c71__gitc188b320__codebebd8b2d__20260714T105400494420Z,msl_ncam_nlb_455642442edr_f0340774ncam00252m1,test_msl,soil,iou,1.0,411,411,411
segformer__scratch__mit-b0__in_rover__seed1415__gpu_full__df715c71__gitc188b320__codebebd8b2d__20260714T105400494420Z,msl_ncam_nlb_455642442edr_f0340774ncam00252m1,test_msl,bedrock,iou,,0,0,411
segformer__scratch__mit-b0__in_rover__seed1415__gpu_full__df715c71__gitc188b320__codebebd8b2d__20260714T105400494420Z,msl_ncam_nlb_455642442edr_f0340774ncam00252m1,test_msl,sand,iou,,0,0,411
segformer__scratch__mit-b0__in_rover__seed1415__gpu_full__df715c71__gitc188b320__codebebd8b2d__20260714T105400494420Z,msl_ncam_nlb_455642442edr_f0340774ncam00252m1,test_msl,big_rock,iou,,0,0,411
segformer__scratch__mit-b0__in_rover__seed1415__gpu_full__df715c71__gitc188b320__codebebd8b2d__20260714T105400494420Z,msl_ncam_nlb_455642442edr_f0340774ncam00252m1,test_msl,ALL,pixel_acc,1.0,0,0,411
segformer__scratch__mit-b0__in_rover__seed1415__gpu_full__df715c71__gitc188b320__codebebd8b2d__20260714T105400494420Z,msl_ncam_nlb_455642442edr_f0340774ncam00252m1,test_msl,ALL,boundary_f1,1.0,0,0,411
segformer__scratch__mit-b0__in_rover__seed1415__gpu_full__df715c71__gitc188b320__codebebd8b2d__20260714T105400494420Z,msl_ncam_nlb_455642480edr_f0340774ncam00252m1,test_msl,soil,iou,1.0,162032,162032,162032
segformer__scratch__mit-b0__in_rover__seed1415__gpu_full__df715c71__gitc188b320__codebebd8b2d__20260714T105400494420Z,msl_ncam_nlb_455642480edr_f0340774ncam00252m1,test_msl,bedrock,iou,,0,0,162032
segformer__scratch__mit-b0__in_rover__seed1415__gpu_full__df715c71__gitc188b320__codebebd8b2d__20260714T105400494420Z,msl_ncam_nlb_455642480edr_f0340774ncam00252m1,test_msl,sand,iou,,0,0,162032
segformer__scratch__mit-b0__in_rover__seed1415__gpu_full__df715c71__gitc188b320__codebebd8b2d__20260714T105400494420Z,msl_ncam_nlb_455642480edr_f0340774ncam00252m1,test_msl,big_rock,iou,,0,0,162032
segformer__scratch__mit-b0__in_rover__seed1415__gpu_full__df715c71__gitc188b320__codebebd8b2d__20260714T105400494420Z,msl_ncam_nlb_455642480edr_f0340774ncam00252m1,test_msl,ALL,pixel_acc,1.0,0,0,162032
segformer__scratch__mit-b0__in_rover__seed1415__gpu_full__df715c71__gitc188b320__codebebd8b2d__20260714T105400494420Z,msl_ncam_nlb_455642480edr_f0340774ncam00252m1,test_msl,ALL,boundary_f1,1.0,0,0,162032
segformer__scratch__mit-b0__in_rover__seed1415__gpu_full__df715c71__gitc188b320__codebebd8b2d__20260714T105400494420Z,msl_ncam_nlb_455642594edr_f0340774ncam00252m1,test_msl,soil,iou,1.0,59579,59579,59579
segformer__scratch__mit-b0__in_rover__seed1415__gpu_full__df715c71__gitc188b320__codebebd8b2d__20260714T105400494420Z,msl_ncam_nlb_455642594edr_f0340774ncam00252m1,test_msl,bedrock,iou,,0,0,59579
segformer__scratch__mit-b0__in_rover__seed1415__gpu_full__df715c71__gitc188b320__codebebd8b2d__20260714T105400494420Z,msl_ncam_nlb_455642594edr_f0340774ncam00252m1,test_msl,sand,iou,,0,0,59579
segformer__scratch__mit-b0__in_rover__seed1415__gpu_full__df715c71__gitc188b320__codebebd8b2d__20260714T105400494420Z,msl_ncam_nlb_455642594edr_f0340774ncam00252m1,test_msl,big_rock,iou,,0,0,59579
segformer__scratch__mit-b0__in_rover__seed1415__gpu_full__df715c71__gitc188b320__codebebd8b2d__20260714T105400494420Z,msl_ncam_nlb_455642594edr_f0340774ncam00252m1,test_msl,ALL,pixel_acc,1.0,0,0,59579
segformer__scratch__mit-b0__in_rover__seed1415__gpu_full__df715c71__gitc188b320__codebebd8b2d__20260714T105400494420Z,msl_ncam_nlb_455642594edr_f0340774ncam00252m1,test_msl,ALL,boundary_f1,1.0,0,0,59579
segformer__scratch__mit-b0__in_rover__seed1415__gpu_full__df715c71__gitc188b320__codebebd8b2d__20260714T105400494420Z,msl_ncam_nlb_457064543edr_f0371542ncam00273m1,test_msl,soil,iou,0.9770268484946347,66558,68123,68123
segformer__scratch__mit-b0__in_rover__seed1415__gpu_full__df715c71__gitc188b320__codebebd8b2d__20260714T105400494420Z,msl_ncam_nlb_457064543edr_f0371542ncam00273m1,test_msl,bedrock,iou,,0,0,68123
segformer__scratch__mit-b0__in_rover__seed1415__gpu_full__df715c71__gitc188b320__codebebd8b2d__20260714T105400494420Z,msl_ncam_nlb_457064543edr_f0371542ncam00273m1,test_msl,sand,iou,0.0,0,1565,68123
segformer__scratch__mit-b0__in_rover__seed1415__gpu_full__df715c71__gitc188b320__codebebd8b2d__20260714T105400494420Z,msl_ncam_nlb_457064543edr_f0371542ncam00273m1,test_msl,big_rock,iou,,0,0,68123
segformer__scratch__mit-b0__in_rover__seed1415__gpu_full__df715c71__gitc188b320__codebebd8b2d__20260714T105400494420Z,msl_ncam_nlb_457064543edr_f0371542ncam00273m1,test_msl,ALL,pixel_acc,0.9770268484946347,0,0,68123
segformer__scratch__mit-b0__in_rover__seed1415__gpu_full__df715c71__gitc188b320__codebebd8b2d__20260714T105400494420Z,msl_ncam_nlb_457064543edr_f0371542ncam00273m1,test_msl,ALL,boundary_f1,0.4633726321367068,0,0,68123
segformer__scratch__mit-b0__in_rover__seed1415__gpu_full__df715c71__gitc188b320__codebebd8b2d__20260714T105400494420Z,msl_ncam_nlb_457064954edr_f0371542ncam00354m1,test_msl,soil,iou,,0,0,0
segformer__scratch__mit-b0__in_rover__seed1415__gpu_full__df715c71__gitc188b320__codebebd8b2d__20260714T105400494420Z,msl_ncam_nlb_457064954edr_f0371542ncam00354m1,test_msl,bedrock,iou,,0,0,0
segformer__scratch__mit-b0__in_rover__seed1415__gpu_full__df715c71__gitc188b320__codebebd8b2d__20260714T105400494420Z,msl_ncam_nlb_457064954edr_f0371542ncam00354m1,test_msl,sand,iou,,0,0,0
segformer__scratch__mit-b0__in_rover__seed1415__gpu_full__df715c71__gitc188b320__codebebd8b2d__20260714T105400494420Z,msl_ncam_nlb_457064954edr_f0371542ncam00354m1,test_msl,big_rock,iou,,0,0,0
segformer__scratch__mit-b0__in_rover__seed1415__gpu_full__df715c71__gitc188b320__codebebd8b2d__20260714T105400494420Z,msl_ncam_nlb_457064954edr_f0371542ncam00354m1,test_msl,ALL,pixel_acc,,0,0,0
segformer__scratch__mit-b0__in_rover__seed1415__gpu_full__df715c71__gitc188b320__codebebd8b2d__20260714T105400494420Z,msl_ncam_nlb_457064954edr_f0371542ncam00354m1,test_msl,ALL,boundary_f1,,0,0,0
segformer__scratch__mit-b0__in_rover__seed1415__gpu_full__df715c71__gitc188b320__codebebd8b2d__20260714T105400494420Z,msl_ncam_nlb_457065016edr_f0371542ncam00354m1,test_msl,soil,iou,1.0,169467,169467,169467
segformer__scratch__mit-b0__in_rover__seed1415__gpu_full__df715c71__gitc188b320__codebebd8b2d__20260714T105400494420Z,msl_ncam_nlb_457065016edr_f0371542ncam00354m1,test_msl,bedrock,iou,,0,0,169467
segformer__scratch__mit-b0__in_rover__seed1415__gpu_full__df715c71__gitc188b320__codebebd8b2d__20260714T105400494420Z,msl_ncam_nlb_457065016edr_f0371542ncam00354m1,test_msl,sand,iou,,0,0,169467
segformer__scratch__mit-b0__in_rover__seed1415__gpu_full__df715c71__gitc188b320__codebebd8b2d__20260714T105400494420Z,msl_ncam_nlb_457065016edr_f0371542ncam00354m1,test_msl,big_rock,iou,,0,0,169467
segformer__scratch__mit-b0__in_rover__seed1415__gpu_full__df715c71__gitc188b320__codebebd8b2d__20260714T105400494420Z,msl_ncam_nlb_457065016edr_f0371542ncam00354m1,test_msl,ALL,pixel_acc,1.0,0,0,169467
segformer__scratch__mit-b0__in_rover__seed1415__gpu_full__df715c71__gitc188b320__codebebd8b2d__20260714T105400494420Z,msl_ncam_nlb_457065016edr_f0371542ncam00354m1,test_msl,ALL,boundary_f1,1.0,0,0,169467
segformer__scratch__mit-b0__in_rover__seed1415__gpu_full__df715c71__gitc188b320__codebebd8b2d__20260714T105400494420Z,msl_ncam_nlb_457065086edr_f0371542ncam00354m1,test_msl,soil,iou,0.9788929112750686,78146,79831,79831
segformer__scratch__mit-b0__in_rover__seed1415__gpu_full__df715c71__gitc188b320__codebebd8b2d__20260714T105400494420Z,msl_ncam_nlb_457065086edr_f0371542ncam00354m1,test_msl,bedrock,iou,,0,0,79831
segformer__scratch__mit-b0__in_rover__seed1415__gpu_full__df715c71__gitc188b320__codebebd8b2d__20260714T105400494420Z,msl_ncam_nlb_457065086edr_f0371542ncam00354m1,test_msl,sand,iou,0.0,0,1685,79831
segformer__scratch__mit-b0__in_rover__seed1415__gpu_full__df715c71__gitc188b320__codebebd8b2d__20260714T105400494420Z,msl_ncam_nlb_457065086edr_f0371542ncam00354m1,test_msl,big_rock,iou,,0,0,79831
segformer__scratch__mit-b0__in_rover__seed1415__gpu_full__df715c71__gitc188b320__codebebd8b2d__20260714T105400494420Z,msl_ncam_nlb_457065086edr_f0371542ncam00354m1,test_msl,ALL,pixel_acc,0.9788929112750686,0,0,79831
segformer__scratch__mit-b0__in_rover__seed1415__gpu_full__df715c71__gitc188b320__codebebd8b2d__20260714T105400494420Z,msl_ncam_nlb_457065086edr_f0371542ncam00354m1,test_msl,ALL,boundary_f1,0.46907993966817496,0,0,79831
segformer__scratch__mit-b0__in_rover__seed1415__gpu_full__df715c71__gitc188b320__codebebd8b2d__20260714T105400494420Z,msl_ncam_nlb_457072541edr_f0371542ncam00274m1,test_msl,soil,iou,1.0,53194,53194,53194
segformer__scratch__mit-b0__in_rover__seed1415__gpu_full__df715c71__gitc188b320__codebebd8b2d__20260714T105400494420Z,msl_ncam_nlb_457072541edr_f0371542ncam00274m1,test_msl,bedrock,iou,,0,0,53194
segformer__scratch__mit-b0__in_rover__seed1415__gpu_full__df715c71__gitc188b320__codebebd8b2d__20260714T105400494420Z,msl_ncam_nlb_457072541edr_f0371542ncam00274m1,test_msl,sand,iou,,0,0,53194
segformer__scratch__mit-b0__in_rover__seed1415__gpu_full__df715c71__gitc188b320__codebebd8b2d__20260714T105400494420Z,msl_ncam_nlb_457072541edr_f0371542ncam00274m1,test_msl,big_rock,iou,,0,0,53194
segformer__scratch__mit-b0__in_rover__seed1415__gpu_full__df715c71__gitc188b320__codebebd8b2d__20260714T105400494420Z,msl_ncam_nlb_457072541edr_f0371542ncam00274m1,test_msl,ALL,pixel_acc,1.0,0,0,53194
segformer__scratch__mit-b0__in_rover__seed1415__gpu_full__df715c71__gitc188b320__codebebd8b2d__20260714T105400494420Z,msl_ncam_nlb_457072541edr_f0371542ncam00274m1,test_msl,ALL,boundary_f1,1.0,0,0,53194
segformer__scratch__mit-b0__in_rover__seed1415__gpu_full__df715c71__gitc188b320__codebebd8b2d__20260714T105400494420Z,msl_ncam_nlb_457072755edr_f0371542ncam00274m1,test_msl,soil,iou,1.0,71012,71012,71012
segformer__scratch__mit-b0__in_rover__seed1415__gpu_full__df715c71__gitc188b320__codebebd8b2d__20260714T105400494420Z,msl_ncam_nlb_457072755edr_f0371542ncam00274m1,test_msl,bedrock,iou,,0,0,71012
segformer__scratch__mit-b0__in_rover__seed1415__gpu_full__df715c71__gitc188b320__codebebd8b2d__20260714T105400494420Z,msl_ncam_nlb_457072755edr_f0371542ncam00274m1,test_msl,sand,iou,,0,0,71012
segformer__scratch__mit-b0__in_rover__seed1415__gpu_full__df715c71__gitc188b320__codebebd8b2d__20260714T105400494420Z,msl_ncam_nlb_457072755edr_f0371542ncam00274m1,test_msl,big_rock,iou,,0,0,71012
segformer__scratch__mit-b0__in_rover__seed1415__gpu_full__df715c71__gitc188b320__codebebd8b2d__20260714T105400494420Z,msl_ncam_nlb_457072755edr_f0371542ncam00274m1,test_msl,ALL,pixel_acc,1.0,0,0,71012
segformer__scratch__mit-b0__in_rover__seed1415__gpu_full__df715c71__gitc188b320__codebebd8b2d__20260714T105400494420Z,msl_ncam_nlb_457072755edr_f0371542ncam00274m1,test_msl,ALL,boundary_f1,1.0,0,0,71012
segformer__scratch__mit-b0__in_rover__seed1415__gpu_full__df715c71__gitc188b320__codebebd8b2d__20260714T105400494420Z,msl_ncam_nlb_457152468edr_f0380000ncam00346m1,test_msl,soil,iou,,0,0,89859
segformer__scratch__mit-b0__in_rover__seed1415__gpu_full__df715c71__gitc188b320__codebebd8b2d__20260714T105400494420Z,msl_ncam_nlb_457152468edr_f0380000ncam00346m1,test_msl,bedrock,iou,,0,0,89859
segformer__scratch__mit-b0__in_rover__seed1415__gpu_full__df715c71__gitc188b320__codebebd8b2d__20260714T105400494420Z,msl_ncam_nlb_457152468edr_f0380000ncam00346m1,test_msl,sand,iou,1.0,89859,89859,89859
segformer__scratch__mit-b0__in_rover__seed1415__gpu_full__df715c71__gitc188b320__codebebd8b2d__20260714T105400494420Z,msl_ncam_nlb_457152468edr_f0380000ncam00346m1,test_msl,big_rock,iou,,0,0,89859
segformer__scratch__mit-b0__in_rover__seed1415__gpu_full__df715c71__gitc188b320__codebebd8b2d__20260714T105400494420Z,msl_ncam_nlb_457152468edr_f0380000ncam00346m1,test_msl,ALL,pixel_acc,1.0,0,0,89859
segformer__scratch__mit-b0__in_rover__seed1415__gpu_full__df715c71__gitc188b320__codebebd8b2d__20260714T105400494420Z,msl_ncam_nlb_457152468edr_f0380000ncam00346m1,test_msl,ALL,boundary_f1,1.0,0,0,89859
segformer__scratch__mit-b0__in_rover__seed1415__gpu_full__df715c71__gitc188b320__codebebd8b2d__20260714T105400494420Z,msl_ncam_nlb_457152554edr_f0380000ncam00275m1,test_msl,soil,iou,0.6479406919275124,7866,12140,177280
segformer__scratch__mit-b0__in_rover__seed1415__gpu_full__df715c71__gitc188b320__codebebd8b2d__20260714T105400494420Z,msl_ncam_nlb_457152554edr_f0380000ncam00275m1,test_msl,bedrock,iou,,0,0,177280
segformer__scratch__mit-b0__in_rover__seed1415__gpu_full__df715c71__gitc188b320__codebebd8b2d__20260714T105400494420Z,msl_ncam_nlb_457152554edr_f0380000ncam00275m1,test_msl,sand,iou,0.9747718606490609,165140,169414,177280
segformer__scratch__mit-b0__in_rover__seed1415__gpu_full__df715c71__gitc188b320__codebebd8b2d__20260714T105400494420Z,msl_ncam_nlb_457152554edr_f0380000ncam00275m1,test_msl,big_rock,iou,,0,0,177280
segformer__scratch__mit-b0__in_rover__seed1415__gpu_full__df715c71__gitc188b320__codebebd8b2d__20260714T105400494420Z,msl_ncam_nlb_457152554edr_f0380000ncam00275m1,test_msl,ALL,pixel_acc,0.9758912454873646,0,0,177280
segformer__scratch__mit-b0__in_rover__seed1415__gpu_full__df715c71__gitc188b320__codebebd8b2d__20260714T105400494420Z,msl_ncam_nlb_457152554edr_f0380000ncam00275m1,test_msl,ALL,boundary_f1,0.7335894949674383,0,0,177280
segformer__scratch__mit-b0__in_rover__seed1415__gpu_full__df715c71__gitc188b320__codebebd8b2d__20260714T105400494420Z,msl_ncam_nlb_457153024edr_f0380000ncam00354m1,test_msl,soil,iou,,0,0,103858
segformer__scratch__mit-b0__in_rover__seed1415__gpu_full__df715c71__gitc188b320__codebebd8b2d__20260714T105400494420Z,msl_ncam_nlb_457153024edr_f0380000ncam00354m1,test_msl,bedrock,iou,,0,0,103858
segformer__scratch__mit-b0__in_rover__seed1415__gpu_full__df715c71__gitc188b320__codebebd8b2d__20260714T105400494420Z,msl_ncam_nlb_457153024edr_f0380000ncam00354m1,test_msl,sand,iou,1.0,103858,103858,103858
segformer__scratch__mit-b0__in_rover__seed1415__gpu_full__df715c71__gitc188b320__codebebd8b2d__20260714T105400494420Z,msl_ncam_nlb_457153024edr_f0380000ncam00354m1,test_msl,big_rock,iou,,0,0,103858
segformer__scratch__mit-b0__in_rover__seed1415__gpu_full__df715c71__gitc188b320__codebebd8b2d__20260714T105400494420Z,msl_ncam_nlb_457153024edr_f0380000ncam00354m1,test_msl,ALL,pixel_acc,1.0,0,0,103858
segformer__scratch__mit-b0__in_rover__seed1415__gpu_full__df715c71__gitc188b320__codebebd8b2d__20260714T105400494420Z,msl_ncam_nlb_457153024edr_f0380000ncam00354m1,test_msl,ALL,boundary_f1,1.0,0,0,103858
segformer__scratch__mit-b0__in_rover__seed1415__gpu_full__df715c71__gitc188b320__codebebd8b2d__20260714T105400494420Z,msl_ncam_nlb_457153056edr_f0380000ncam00354m1,test_msl,soil,iou,,0,0,167988
segformer__scratch__mit-b0__in_rover__seed1415__gpu_full__df715c71__gitc188b320__codebebd8b2d__20260714T105400494420Z,msl_ncam_nlb_457153056edr_f0380000ncam00354m1,test_msl,bedrock,iou,,0,0,167988
segformer__scratch__mit-b0__in_rover__seed1415__gpu_full__df715c71__gitc188b320__codebebd8b2d__20260714T105400494420Z,msl_ncam_nlb_457153056edr_f0380000ncam00354m1,test_msl,sand,iou,1.0,167988,167988,167988
segformer__scratch__mit-b0__in_rover__seed1415__gpu_full__df715c71__gitc188b320__codebebd8b2d__20260714T105400494420Z,msl_ncam_nlb_457153056edr_f0380000ncam00354m1,test_msl,big_rock,iou,,0,0,167988
segformer__scratch__mit-b0__in_rover__seed1415__gpu_full__df715c71__gitc188b320__codebebd8b2d__20260714T105400494420Z,msl_ncam_nlb_457153056edr_f0380000ncam00354m1,test_msl,ALL,pixel_acc,1.0,0,0,167988
segformer__scratch__mit-b0__in_rover__seed1415__gpu_full__df715c71__gitc188b320__codebebd8b2d__20260714T105400494420Z,msl_ncam_nlb_457153056edr_f0380000ncam00354m1,test_msl,ALL,boundary_f1,1.0,0,0,167988
segformer__scratch__mit-b0__in_rover__seed1415__gpu_full__df715c71__gitc188b320__codebebd8b2d__20260714T105400494420Z,msl_ncam_nlb_457153156edr_f0380000ncam00354m1,test_msl,soil,iou,,0,0,119229
segformer__scratch__mit-b0__in_rover__seed1415__gpu_full__df715c71__gitc188b320__codebebd8b2d__20260714T105400494420Z,msl_ncam_nlb_457153156edr_f0380000ncam00354m1,test_msl,bedrock,iou,,0,0,119229
segformer__scratch__mit-b0__in_rover__seed1415__gpu_full__df715c71__gitc188b320__codebebd8b2d__20260714T105400494420Z,msl_ncam_nlb_457153156edr_f0380000ncam00354m1,test_msl,sand,iou,1.0,119229,119229,119229
segformer__scratch__mit-b0__in_rover__seed1415__gpu_full__df715c71__gitc188b320__codebebd8b2d__20260714T105400494420Z,msl_ncam_nlb_457153156edr_f0380000ncam00354m1,test_msl,big_rock,iou,,0,0,119229
segformer__scratch__mit-b0__in_rover__seed1415__gpu_full__df715c71__gitc188b320__codebebd8b2d__20260714T105400494420Z,msl_ncam_nlb_457153156edr_f0380000ncam00354m1,test_msl,ALL,pixel_acc,1.0,0,0,119229
segformer__scratch__mit-b0__in_rover__seed1415__gpu_full__df715c71__gitc188b320__codebebd8b2d__20260714T105400494420Z,msl_ncam_nlb_457153156edr_f0380000ncam00354m1,test_msl,ALL,boundary_f1,1.0,0,0,119229
segformer__scratch__mit-b0__in_rover__seed1415__gpu_full__df715c71__gitc188b320__codebebd8b2d__20260714T105400494420Z,msl_ncam_nlb_457153643edr_f0380000ncam00276m1,test_msl,soil,iou,0.7503094735309109,10304,13733,99398
segformer__scratch__mit-b0__in_rover__seed1415__gpu_full__df715c71__gitc188b320__codebebd8b2d__20260714T105400494420Z,msl_ncam_nlb_457153643edr_f0380000ncam00276m1,test_msl,bedrock,iou,,0,0,99398
segformer__scratch__mit-b0__in_rover__seed1415__gpu_full__df715c71__gitc188b320__codebebd8b2d__20260714T105400494420Z,msl_ncam_nlb_457153643edr_f0380000ncam00276m1,test_msl,sand,iou,0.9615125597683346,85665,89094,99398
segformer__scratch__mit-b0__in_rover__seed1415__gpu_full__df715c71__gitc188b320__codebebd8b2d__20260714T105400494420Z,msl_ncam_nlb_457153643edr_f0380000ncam00276m1,test_msl,big_rock,iou,,0,0,99398
segformer__scratch__mit-b0__in_rover__seed1415__gpu_full__df715c71__gitc188b320__codebebd8b2d__20260714T105400494420Z,msl_ncam_nlb_457153643edr_f0380000ncam00276m1,test_msl,ALL,pixel_acc,0.9655023239904224,0,0,99398
segformer__scratch__mit-b0__in_rover__seed1415__gpu_full__df715c71__gitc188b320__codebebd8b2d__20260714T105400494420Z,msl_ncam_nlb_457153643edr_f0380000ncam00276m1,test_msl,ALL,boundary_f1,0.8321268181209218,0,0,99398
segformer__scratch__mit-b0__in_rover__seed1415__gpu_full__df715c71__gitc188b320__codebebd8b2d__20260714T105400494420Z,msl_ncam_nlb_457153706edr_f0380000ncam00276m1,test_msl,soil,iou,0.5425399839333966,7429,13693,108607
segformer__scratch__mit-b0__in_rover__seed1415__gpu_full__df715c71__gitc188b320__codebebd8b2d__20260714T105400494420Z,msl_ncam_nlb_457153706edr_f0380000ncam00276m1,test_msl,bedrock,iou,,0,0,108607
segformer__scratch__mit-b0__in_rover__seed1415__gpu_full__df715c71__gitc188b320__codebebd8b2d__20260714T105400494420Z,msl_ncam_nlb_457153706edr_f0380000ncam00276m1,test_msl,sand,iou,0.9380893079523217,94914,101178,108607
segformer__scratch__mit-b0__in_rover__seed1415__gpu_full__df715c71__gitc188b320__codebebd8b2d__20260714T105400494420Z,msl_ncam_nlb_457153706edr_f0380000ncam00276m1,test_msl,big_rock,iou,,0,0,108607
segformer__scratch__mit-b0__in_rover__seed1415__gpu_full__df715c71__gitc188b320__codebebd8b2d__20260714T105400494420Z,msl_ncam_nlb_457153706edr_f0380000ncam00276m1,test_msl,ALL,pixel_acc,0.9423241595845572,0,0,108607
segformer__scratch__mit-b0__in_rover__seed1415__gpu_full__df715c71__gitc188b320__codebebd8b2d__20260714T105400494420Z,msl_ncam_nlb_457153706edr_f0380000ncam00276m1,test_msl,ALL,boundary_f1,0.666886498446685,0,0,108607
segformer__scratch__mit-b0__in_rover__seed1415__gpu_full__df715c71__gitc188b320__codebebd8b2d__20260714T105400494420Z,msl_ncam_nlb_459278092edr_f0391396ncam00207m1,test_msl,soil,iou,,0,0,0
segformer__scratch__mit-b0__in_rover__seed1415__gpu_full__df715c71__gitc188b320__codebebd8b2d__20260714T105400494420Z,msl_ncam_nlb_459278092edr_f0391396ncam00207m1,test_msl,bedrock,iou,,0,0,0
segformer__scratch__mit-b0__in_rover__seed1415__gpu_full__df715c71__gitc188b320__codebebd8b2d__20260714T105400494420Z,msl_ncam_nlb_459278092edr_f0391396ncam00207m1,test_msl,sand,iou,,0,0,0
segformer__scratch__mit-b0__in_rover__seed1415__gpu_full__df715c71__gitc188b320__codebebd8b2d__20260714T105400494420Z,msl_ncam_nlb_459278092edr_f0391396ncam00207m1,test_msl,big_rock,iou,,0,0,0
segformer__scratch__mit-b0__in_rover__seed1415__gpu_full__df715c71__gitc188b320__codebebd8b2d__20260714T105400494420Z,msl_ncam_nlb_459278092edr_f0391396ncam00207m1,test_msl,ALL,pixel_acc,,0,0,0
segformer__scratch__mit-b0__in_rover__seed1415__gpu_full__df715c71__gitc188b320__codebebd8b2d__20260714T105400494420Z,msl_ncam_nlb_459278092edr_f0391396ncam00207m1,test_msl,ALL,boundary_f1,,0,0,0
segformer__scratch__mit-b0__in_rover__seed1415__gpu_full__df715c71__gitc188b320__codebebd8b2d__20260714T105400494420Z,msl_ncam_nlb_459290932edr_f0391552ncam00354m1,test_msl,soil,iou,1.0,91075,91075,91075
segformer__scratch__mit-b0__in_rover__seed1415__gpu_full__df715c71__gitc188b320__codebebd8b2d__20260714T105400494420Z,msl_ncam_nlb_459290932edr_f0391552ncam00354m1,test_msl,bedrock,iou,,0,0,91075
segformer__scratch__mit-b0__in_rover__seed1415__gpu_full__df715c71__gitc188b320__codebebd8b2d__20260714T105400494420Z,msl_ncam_nlb_459290932edr_f0391552ncam00354m1,test_msl,sand,iou,,0,0,91075
segformer__scratch__mit-b0__in_rover__seed1415__gpu_full__df715c71__gitc188b320__codebebd8b2d__20260714T105400494420Z,msl_ncam_nlb_459290932edr_f0391552ncam00354m1,test_msl,big_rock,iou,,0,0,91075
segformer__scratch__mit-b0__in_rover__seed1415__gpu_full__df715c71__gitc188b320__codebebd8b2d__20260714T105400494420Z,msl_ncam_nlb_459290932edr_f0391552ncam00354m1,test_msl,ALL,pixel_acc,1.0,0,0,91075
segformer__scratch__mit-b0__in_rover__seed1415__gpu_full__df715c71__gitc188b320__codebebd8b2d__20260714T105400494420Z,msl_ncam_nlb_459290932edr_f0391552ncam00354m1,test_msl,ALL,boundary_f1,1.0,0,0,91075
segformer__scratch__mit-b0__in_rover__seed1415__gpu_full__df715c71__gitc188b320__codebebd8b2d__20260714T105400494420Z,msl_ncam_nlb_459291038edr_f0391552ncam00252m1,test_msl,soil,iou,,0,0,0
segformer__scratch__mit-b0__in_rover__seed1415__gpu_full__df715c71__gitc188b320__codebebd8b2d__20260714T105400494420Z,msl_ncam_nlb_459291038edr_f0391552ncam00252m1,test_msl,bedrock,iou,,0,0,0
segformer__scratch__mit-b0__in_rover__seed1415__gpu_full__df715c71__gitc188b320__codebebd8b2d__20260714T105400494420Z,msl_ncam_nlb_459291038edr_f0391552ncam00252m1,test_msl,sand,iou,,0,0,0
segformer__scratch__mit-b0__in_rover__seed1415__gpu_full__df715c71__gitc188b320__codebebd8b2d__20260714T105400494420Z,msl_ncam_nlb_459291038edr_f0391552ncam00252m1,test_msl,big_rock,iou,,0,0,0
segformer__scratch__mit-b0__in_rover__seed1415__gpu_full__df715c71__gitc188b320__codebebd8b2d__20260714T105400494420Z,msl_ncam_nlb_459291038edr_f0391552ncam00252m1,test_msl,ALL,pixel_acc,,0,0,0
segformer__scratch__mit-b0__in_rover__seed1415__gpu_full__df715c71__gitc188b320__codebebd8b2d__20260714T105400494420Z,msl_ncam_nlb_459291038edr_f0391552ncam00252m1,test_msl,ALL,boundary_f1,,0,0,0
segformer__scratch__mit-b0__in_rover__seed1415__gpu_full__df715c71__gitc188b320__codebebd8b2d__20260714T105400494420Z,msl_ncam_nlb_459291152edr_f0391552ncam00252m1,test_msl,soil,iou,1.0,48046,48046,48046
segformer__scratch__mit-b0__in_rover__seed1415__gpu_full__df715c71__gitc188b320__codebebd8b2d__20260714T105400494420Z,msl_ncam_nlb_459291152edr_f0391552ncam00252m1,test_msl,bedrock,iou,,0,0,48046
segformer__scratch__mit-b0__in_rover__seed1415__gpu_full__df715c71__gitc188b320__codebebd8b2d__20260714T105400494420Z,msl_ncam_nlb_459291152edr_f0391552ncam00252m1,test_msl,sand,iou,,0,0,48046
segformer__scratch__mit-b0__in_rover__seed1415__gpu_full__df715c71__gitc188b320__codebebd8b2d__20260714T105400494420Z,msl_ncam_nlb_459291152edr_f0391552ncam00252m1,test_msl,big_rock,iou,,0,0,48046
segformer__scratch__mit-b0__in_rover__seed1415__gpu_full__df715c71__gitc188b320__codebebd8b2d__20260714T105400494420Z,msl_ncam_nlb_459291152edr_f0391552ncam00252m1,test_msl,ALL,pixel_acc,1.0,0,0,48046
segformer__scratch__mit-b0__in_rover__seed1415__gpu_full__df715c71__gitc188b320__codebebd8b2d__20260714T105400494420Z,msl_ncam_nlb_459291152edr_f0391552ncam00252m1,test_msl,ALL,boundary_f1,1.0,0,0,48046
segformer__scratch__mit-b0__in_rover__seed1415__gpu_full__df715c71__gitc188b320__codebebd8b2d__20260714T105400494420Z,msl_ncam_nlb_459291220edr_f0391552ncam00252m1,test_msl,soil,iou,1.0,132596,132596,132596
segformer__scratch__mit-b0__in_rover__seed1415__gpu_full__df715c71__gitc188b320__codebebd8b2d__20260714T105400494420Z,msl_ncam_nlb_459291220edr_f0391552ncam00252m1,test_msl,bedrock,iou,,0,0,132596
segformer__scratch__mit-b0__in_rover__seed1415__gpu_full__df715c71__gitc188b320__codebebd8b2d__20260714T105400494420Z,msl_ncam_nlb_459291220edr_f0391552ncam00252m1,test_msl,sand,iou,,0,0,132596
segformer__scratch__mit-b0__in_rover__seed1415__gpu_full__df715c71__gitc188b320__codebebd8b2d__20260714T105400494420Z,msl_ncam_nlb_459291220edr_f0391552ncam00252m1,test_msl,big_rock,iou,,0,0,132596
segformer__scratch__mit-b0__in_rover__seed1415__gpu_full__df715c71__gitc188b320__codebebd8b2d__20260714T105400494420Z,msl_ncam_nlb_459291220edr_f0391552ncam00252m1,test_msl,ALL,pixel_acc,1.0,0,0,132596
segformer__scratch__mit-b0__in_rover__seed1415__gpu_full__df715c71__gitc188b320__codebebd8b2d__20260714T105400494420Z,msl_ncam_nlb_459291220edr_f0391552ncam00252m1,test_msl,ALL,boundary_f1,1.0,0,0,132596
segformer__scratch__mit-b0__in_rover__seed1415__gpu_full__df715c71__gitc188b320__codebebd8b2d__20260714T105400494420Z,msl_ncam_nlb_462743799edr_f0410322ncam00271m1,test_msl,soil,iou,1.0,49308,49308,49308
segformer__scratch__mit-b0__in_rover__seed1415__gpu_full__df715c71__gitc188b320__codebebd8b2d__20260714T105400494420Z,msl_ncam_nlb_462743799edr_f0410322ncam00271m1,test_msl,bedrock,iou,,0,0,49308
segformer__scratch__mit-b0__in_rover__seed1415__gpu_full__df715c71__gitc188b320__codebebd8b2d__20260714T105400494420Z,msl_ncam_nlb_462743799edr_f0410322ncam00271m1,test_msl,sand,iou,,0,0,49308
segformer__scratch__mit-b0__in_rover__seed1415__gpu_full__df715c71__gitc188b320__codebebd8b2d__20260714T105400494420Z,msl_ncam_nlb_462743799edr_f0410322ncam00271m1,test_msl,big_rock,iou,,0,0,49308
segformer__scratch__mit-b0__in_rover__seed1415__gpu_full__df715c71__gitc188b320__codebebd8b2d__20260714T105400494420Z,msl_ncam_nlb_462743799edr_f0410322ncam00271m1,test_msl,ALL,pixel_acc,1.0,0,0,49308
segformer__scratch__mit-b0__in_rover__seed1415__gpu_full__df715c71__gitc188b320__codebebd8b2d__20260714T105400494420Z,msl_ncam_nlb_462743799edr_f0410322ncam00271m1,test_msl,ALL,boundary_f1,1.0,0,0,49308
segformer__scratch__mit-b0__in_rover__seed1415__gpu_full__df715c71__gitc188b320__codebebd8b2d__20260714T105400494420Z,msl_ncam_nlb_462744768edr_f0410322ncam00354m1,test_msl,soil,iou,,0,0,0
segformer__scratch__mit-b0__in_rover__seed1415__gpu_full__df715c71__gitc188b320__codebebd8b2d__20260714T105400494420Z,msl_ncam_nlb_462744768edr_f0410322ncam00354m1,test_msl,bedrock,iou,,0,0,0
segformer__scratch__mit-b0__in_rover__seed1415__gpu_full__df715c71__gitc188b320__codebebd8b2d__20260714T105400494420Z,msl_ncam_nlb_462744768edr_f0410322ncam00354m1,test_msl,sand,iou,,0,0,0
segformer__scratch__mit-b0__in_rover__seed1415__gpu_full__df715c71__gitc188b320__codebebd8b2d__20260714T105400494420Z,msl_ncam_nlb_462744768edr_f0410322ncam00354m1,test_msl,big_rock,iou,,0,0,0
segformer__scratch__mit-b0__in_rover__seed1415__gpu_full__df715c71__gitc188b320__codebebd8b2d__20260714T105400494420Z,msl_ncam_nlb_462744768edr_f0410322ncam00354m1,test_msl,ALL,pixel_acc,,0,0,0
segformer__scratch__mit-b0__in_rover__seed1415__gpu_full__df715c71__gitc188b320__codebebd8b2d__20260714T105400494420Z,msl_ncam_nlb_462744768edr_f0410322ncam00354m1,test_msl,ALL,boundary_f1,,0,0,0
segformer__scratch__mit-b0__in_rover__seed1415__gpu_full__df715c71__gitc188b320__codebebd8b2d__20260714T105400494420Z,msl_ncam_nlb_462744927edr_f0410322ncam00272m1,test_msl,soil,iou,,0,0,0
segformer__scratch__mit-b0__in_rover__seed1415__gpu_full__df715c71__gitc188b320__codebebd8b2d__20260714T105400494420Z,msl_ncam_nlb_462744927edr_f0410322ncam00272m1,test_msl,bedrock,iou,,0,0,0
segformer__scratch__mit-b0__in_rover__seed1415__gpu_full__df715c71__gitc188b320__codebebd8b2d__20260714T105400494420Z,msl_ncam_nlb_462744927edr_f0410322ncam00272m1,test_msl,sand,iou,,0,0,0
segformer__scratch__mit-b0__in_rover__seed1415__gpu_full__df715c71__gitc188b320__codebebd8b2d__20260714T105400494420Z,msl_ncam_nlb_462744927edr_f0410322ncam00272m1,test_msl,big_rock,iou,,0,0,0
segformer__scratch__mit-b0__in_rover__seed1415__gpu_full__df715c71__gitc188b320__codebebd8b2d__20260714T105400494420Z,msl_ncam_nlb_462744927edr_f0410322ncam00272m1,test_msl,ALL,pixel_acc,,0,0,0
segformer__scratch__mit-b0__in_rover__seed1415__gpu_full__df715c71__gitc188b320__codebebd8b2d__20260714T105400494420Z,msl_ncam_nlb_462744927edr_f0410322ncam00272m1,test_msl,ALL,boundary_f1,,0,0,0
segformer__scratch__mit-b0__in_rover__seed1415__gpu_full__df715c71__gitc188b320__codebebd8b2d__20260714T105400494420Z,msl_ncam_nlb_462744982edr_f0410322ncam00272m1,test_msl,soil,iou,1.0,109525,109525,109525
segformer__scratch__mit-b0__in_rover__seed1415__gpu_full__df715c71__gitc188b320__codebebd8b2d__20260714T105400494420Z,msl_ncam_nlb_462744982edr_f0410322ncam00272m1,test_msl,bedrock,iou,,0,0,109525
segformer__scratch__mit-b0__in_rover__seed1415__gpu_full__df715c71__gitc188b320__codebebd8b2d__20260714T105400494420Z,msl_ncam_nlb_462744982edr_f0410322ncam00272m1,test_msl,sand,iou,,0,0,109525
segformer__scratch__mit-b0__in_rover__seed1415__gpu_full__df715c71__gitc188b320__codebebd8b2d__20260714T105400494420Z,msl_ncam_nlb_462744982edr_f0410322ncam00272m1,test_msl,big_rock,iou,,0,0,109525
segformer__scratch__mit-b0__in_rover__seed1415__gpu_full__df715c71__gitc188b320__codebebd8b2d__20260714T105400494420Z,msl_ncam_nlb_462744982edr_f0410322ncam00272m1,test_msl,ALL,pixel_acc,1.0,0,0,109525
segformer__scratch__mit-b0__in_rover__seed1415__gpu_full__df715c71__gitc188b320__codebebd8b2d__20260714T105400494420Z,msl_ncam_nlb_462744982edr_f0410322ncam00272m1,test_msl,ALL,boundary_f1,1.0,0,0,109525
segformer__scratch__mit-b0__in_rover__seed1415__gpu_full__df715c71__gitc188b320__codebebd8b2d__20260714T105400494420Z,msl_ncam_nlb_463099226edr_f0410712ncam00385m1,test_msl,soil,iou,,0,0,121183
segformer__scratch__mit-b0__in_rover__seed1415__gpu_full__df715c71__gitc188b320__codebebd8b2d__20260714T105400494420Z,msl_ncam_nlb_463099226edr_f0410712ncam00385m1,test_msl,bedrock,iou,0.9999669920698447,121179,121183,121183
segformer__scratch__mit-b0__in_rover__seed1415__gpu_full__df715c71__gitc188b320__codebebd8b2d__20260714T105400494420Z,msl_ncam_nlb_463099226edr_f0410712ncam00385m1,test_msl,sand,iou,,0,0,121183
segformer__scratch__mit-b0__in_rover__seed1415__gpu_full__df715c71__gitc188b320__codebebd8b2d__20260714T105400494420Z,msl_ncam_nlb_463099226edr_f0410712ncam00385m1,test_msl,big_rock,iou,0.0,0,4,121183
segformer__scratch__mit-b0__in_rover__seed1415__gpu_full__df715c71__gitc188b320__codebebd8b2d__20260714T105400494420Z,msl_ncam_nlb_463099226edr_f0410712ncam00385m1,test_msl,ALL,pixel_acc,0.9999669920698447,0,0,121183
segformer__scratch__mit-b0__in_rover__seed1415__gpu_full__df715c71__gitc188b320__codebebd8b2d__20260714T105400494420Z,msl_ncam_nlb_463099226edr_f0410712ncam00385m1,test_msl,ALL,boundary_f1,0.5,0,0,121183
segformer__scratch__mit-b0__in_rover__seed1415__gpu_full__df715c71__gitc188b320__codebebd8b2d__20260714T105400494420Z,msl_ncam_nlb_463107188edr_f0410748ncam00274m1,test_msl,soil,iou,,0,0,60277
segformer__scratch__mit-b0__in_rover__seed1415__gpu_full__df715c71__gitc188b320__codebebd8b2d__20260714T105400494420Z,msl_ncam_nlb_463107188edr_f0410748ncam00274m1,test_msl,bedrock,iou,1.0,20386,20386,60277
segformer__scratch__mit-b0__in_rover__seed1415__gpu_full__df715c71__gitc188b320__codebebd8b2d__20260714T105400494420Z,msl_ncam_nlb_463107188edr_f0410748ncam00274m1,test_msl,sand,iou,0.9982201499085006,39820,39891,60277
segformer__scratch__mit-b0__in_rover__seed1415__gpu_full__df715c71__gitc188b320__codebebd8b2d__20260714T105400494420Z,msl_ncam_nlb_463107188edr_f0410748ncam00274m1,test_msl,big_rock,iou,0.0,0,71,60277
segformer__scratch__mit-b0__in_rover__seed1415__gpu_full__df715c71__gitc188b320__codebebd8b2d__20260714T105400494420Z,msl_ncam_nlb_463107188edr_f0410748ncam00274m1,test_msl,ALL,pixel_acc,0.9988221046170181,0,0,60277
segformer__scratch__mit-b0__in_rover__seed1415__gpu_full__df715c71__gitc188b320__codebebd8b2d__20260714T105400494420Z,msl_ncam_nlb_463107188edr_f0410748ncam00274m1,test_msl,ALL,boundary_f1,0.6666666666666666,0,0,60277
segformer__scratch__mit-b0__in_rover__seed1415__gpu_full__df715c71__gitc188b320__codebebd8b2d__20260714T105400494420Z,msl_ncam_nlb_463107249edr_f0410748ncam00274m1,test_msl,soil,iou,,0,0,0
segformer__scratch__mit-b0__in_rover__seed1415__gpu_full__df715c71__gitc188b320__codebebd8b2d__20260714T105400494420Z,msl_ncam_nlb_463107249edr_f0410748ncam00274m1,test_msl,bedrock,iou,,0,0,0
segformer__scratch__mit-b0__in_rover__seed1415__gpu_full__df715c71__gitc188b320__codebebd8b2d__20260714T105400494420Z,msl_ncam_nlb_463107249edr_f0410748ncam00274m1,test_msl,sand,iou,,0,0,0
segformer__scratch__mit-b0__in_rover__seed1415__gpu_full__df715c71__gitc188b320__codebebd8b2d__20260714T105400494420Z,msl_ncam_nlb_463107249edr_f0410748ncam00274m1,test_msl,big_rock,iou,,0,0,0
segformer__scratch__mit-b0__in_rover__seed1415__gpu_full__df715c71__gitc188b320__codebebd8b2d__20260714T105400494420Z,msl_ncam_nlb_463107249edr_f0410748ncam00274m1,test_msl,ALL,pixel_acc,,0,0,0
segformer__scratch__mit-b0__in_rover__seed1415__gpu_full__df715c71__gitc188b320__codebebd8b2d__20260714T105400494420Z,msl_ncam_nlb_463107249edr_f0410748ncam00274m1,test_msl,ALL,boundary_f1,,0,0,0
segformer__scratch__mit-b0__in_rover__seed1415__gpu_full__df715c71__gitc188b320__codebebd8b2d__20260714T105400494420Z,msl_ncam_nlb_463107562edr_f0410748ncam00354m1,test_msl,soil,iou,,0,0,80914
segformer__scratch__mit-b0__in_rover__seed1415__gpu_full__df715c71__gitc188b320__codebebd8b2d__20260714T105400494420Z,msl_ncam_nlb_463107562edr_f0410748ncam00354m1,test_msl,bedrock,iou,0.9463380873520033,76572,80914,80914
segformer__scratch__mit-b0__in_rover__seed1415__gpu_full__df715c71__gitc188b320__codebebd8b2d__20260714T105400494420Z,msl_ncam_nlb_463107562edr_f0410748ncam00354m1,test_msl,sand,iou,,0,0,80914
segformer__scratch__mit-b0__in_rover__seed1415__gpu_full__df715c71__gitc188b320__codebebd8b2d__20260714T105400494420Z,msl_ncam_nlb_463107562edr_f0410748ncam00354m1,test_msl,big_rock,iou,0.0,0,4342,80914
segformer__scratch__mit-b0__in_rover__seed1415__gpu_full__df715c71__gitc188b320__codebebd8b2d__20260714T105400494420Z,msl_ncam_nlb_463107562edr_f0410748ncam00354m1,test_msl,ALL,pixel_acc,0.9463380873520033,0,0,80914
segformer__scratch__mit-b0__in_rover__seed1415__gpu_full__df715c71__gitc188b320__codebebd8b2d__20260714T105400494420Z,msl_ncam_nlb_463107562edr_f0410748ncam00354m1,test_msl,ALL,boundary_f1,0.47394755003450656,0,0,80914
segformer__scratch__mit-b0__in_rover__seed1415__gpu_full__df715c71__gitc188b320__codebebd8b2d__20260714T105400494420Z,msl_ncam_nlb_463107626edr_f0410748ncam00354m1,test_msl,soil,iou,,0,0,108883
segformer__scratch__mit-b0__in_rover__seed1415__gpu_full__df715c71__gitc188b320__codebebd8b2d__20260714T105400494420Z,msl_ncam_nlb_463107626edr_f0410748ncam00354m1,test_msl,bedrock,iou,1.0,108883,108883,108883
segformer__scratch__mit-b0__in_rover__seed1415__gpu_full__df715c71__gitc188b320__codebebd8b2d__20260714T105400494420Z,msl_ncam_nlb_463107626edr_f0410748ncam00354m1,test_msl,sand,iou,,0,0,108883
segformer__scratch__mit-b0__in_rover__seed1415__gpu_full__df715c71__gitc188b320__codebebd8b2d__20260714T105400494420Z,msl_ncam_nlb_463107626edr_f0410748ncam00354m1,test_msl,big_rock,iou,,0,0,108883
segformer__scratch__mit-b0__in_rover__seed1415__gpu_full__df715c71__gitc188b320__codebebd8b2d__20260714T105400494420Z,msl_ncam_nlb_463107626edr_f0410748ncam00354m1,test_msl,ALL,pixel_acc,1.0,0,0,108883
segformer__scratch__mit-b0__in_rover__seed1415__gpu_full__df715c71__gitc188b320__codebebd8b2d__20260714T105400494420Z,msl_ncam_nlb_463107626edr_f0410748ncam00354m1,test_msl,ALL,boundary_f1,1.0,0,0,108883
segformer__scratch__mit-b0__in_rover__seed1415__gpu_full__df715c71__gitc188b320__codebebd8b2d__20260714T105400494420Z,msl_ncam_nlb_463107697edr_f0410748ncam00354m1,test_msl,soil,iou,,0,0,88228
segformer__scratch__mit-b0__in_rover__seed1415__gpu_full__df715c71__gitc188b320__codebebd8b2d__20260714T105400494420Z,msl_ncam_nlb_463107697edr_f0410748ncam00354m1,test_msl,bedrock,iou,1.0,88228,88228,88228
segformer__scratch__mit-b0__in_rover__seed1415__gpu_full__df715c71__gitc188b320__codebebd8b2d__20260714T105400494420Z,msl_ncam_nlb_463107697edr_f0410748ncam00354m1,test_msl,sand,iou,,0,0,88228
segformer__scratch__mit-b0__in_rover__seed1415__gpu_full__df715c71__gitc188b320__codebebd8b2d__20260714T105400494420Z,msl_ncam_nlb_463107697edr_f0410748ncam00354m1,test_msl,big_rock,iou,,0,0,88228
segformer__scratch__mit-b0__in_rover__seed1415__gpu_full__df715c71__gitc188b320__codebebd8b2d__20260714T105400494420Z,msl_ncam_nlb_463107697edr_f0410748ncam00354m1,test_msl,ALL,pixel_acc,1.0,0,0,88228
segformer__scratch__mit-b0__in_rover__seed1415__gpu_full__df715c71__gitc188b320__codebebd8b2d__20260714T105400494420Z,msl_ncam_nlb_463107697edr_f0410748ncam00354m1,test_msl,ALL,boundary_f1,1.0,0,0,88228
segformer__scratch__mit-b0__in_rover__seed1415__gpu_full__df715c71__gitc188b320__codebebd8b2d__20260714T105400494420Z,msl_ncam_nlb_463107797edr_f0410748ncam07753m1,test_msl,soil,iou,,0,0,100367
segformer__scratch__mit-b0__in_rover__seed1415__gpu_full__df715c71__gitc188b320__codebebd8b2d__20260714T105400494420Z,msl_ncam_nlb_463107797edr_f0410748ncam07753m1,test_msl,bedrock,iou,0.9931351938386123,99678,100367,100367
segformer__scratch__mit-b0__in_rover__seed1415__gpu_full__df715c71__gitc188b320__codebebd8b2d__20260714T105400494420Z,msl_ncam_nlb_463107797edr_f0410748ncam07753m1,test_msl,sand,iou,,0,0,100367
segformer__scratch__mit-b0__in_rover__seed1415__gpu_full__df715c71__gitc188b320__codebebd8b2d__20260714T105400494420Z,msl_ncam_nlb_463107797edr_f0410748ncam07753m1,test_msl,big_rock,iou,0.0,0,689,100367
segformer__scratch__mit-b0__in_rover__seed1415__gpu_full__df715c71__gitc188b320__codebebd8b2d__20260714T105400494420Z,msl_ncam_nlb_463107797edr_f0410748ncam07753m1,test_msl,ALL,pixel_acc,0.9931351938386123,0,0,100367
segformer__scratch__mit-b0__in_rover__seed1415__gpu_full__df715c71__gitc188b320__codebebd8b2d__20260714T105400494420Z,msl_ncam_nlb_463107797edr_f0410748ncam07753m1,test_msl,ALL,boundary_f1,0.4963956176252567,0,0,100367
segformer__scratch__mit-b0__in_rover__seed1415__gpu_full__df715c71__gitc188b320__codebebd8b2d__20260714T105400494420Z,msl_ncam_nlb_463107836edr_f0410748ncam07753m1,test_msl,soil,iou,,0,0,0
segformer__scratch__mit-b0__in_rover__seed1415__gpu_full__df715c71__gitc188b320__codebebd8b2d__20260714T105400494420Z,msl_ncam_nlb_463107836edr_f0410748ncam07753m1,test_msl,bedrock,iou,,0,0,0
segformer__scratch__mit-b0__in_rover__seed1415__gpu_full__df715c71__gitc188b320__codebebd8b2d__20260714T105400494420Z,msl_ncam_nlb_463107836edr_f0410748ncam07753m1,test_msl,sand,iou,,0,0,0
segformer__scratch__mit-b0__in_rover__seed1415__gpu_full__df715c71__gitc188b320__codebebd8b2d__20260714T105400494420Z,msl_ncam_nlb_463107836edr_f0410748ncam07753m1,test_msl,big_rock,iou,,0,0,0
segformer__scratch__mit-b0__in_rover__seed1415__gpu_full__df715c71__gitc188b320__codebebd8b2d__20260714T105400494420Z,msl_ncam_nlb_463107836edr_f0410748ncam07753m1,test_msl,ALL,pixel_acc,,0,0,0
segformer__scratch__mit-b0__in_rover__seed1415__gpu_full__df715c71__gitc188b320__codebebd8b2d__20260714T105400494420Z,msl_ncam_nlb_463107836edr_f0410748ncam07753m1,test_msl,ALL,boundary_f1,,0,0,0
segformer__scratch__mit-b0__in_rover__seed1415__gpu_full__df715c71__gitc188b320__codebebd8b2d__20260714T105400494420Z,msl_ncam_nlb_463107949edr_f0410748ncam07753m1,test_msl,soil,iou,,0,0,56667
segformer__scratch__mit-b0__in_rover__seed1415__gpu_full__df715c71__gitc188b320__codebebd8b2d__20260714T105400494420Z,msl_ncam_nlb_463107949edr_f0410748ncam07753m1,test_msl,bedrock,iou,1.0,56667,56667,56667
segformer__scratch__mit-b0__in_rover__seed1415__gpu_full__df715c71__gitc188b320__codebebd8b2d__20260714T105400494420Z,msl_ncam_nlb_463107949edr_f0410748ncam07753m1,test_msl,sand,iou,,0,0,56667
segformer__scratch__mit-b0__in_rover__seed1415__gpu_full__df715c71__gitc188b320__codebebd8b2d__20260714T105400494420Z,msl_ncam_nlb_463107949edr_f0410748ncam07753m1,test_msl,big_rock,iou,,0,0,56667
segformer__scratch__mit-b0__in_rover__seed1415__gpu_full__df715c71__gitc188b320__codebebd8b2d__20260714T105400494420Z,msl_ncam_nlb_463107949edr_f0410748ncam07753m1,test_msl,ALL,pixel_acc,1.0,0,0,56667
segformer__scratch__mit-b0__in_rover__seed1415__gpu_full__df715c71__gitc188b320__codebebd8b2d__20260714T105400494420Z,msl_ncam_nlb_463107949edr_f0410748ncam07753m1,test_msl,ALL,boundary_f1,1.0,0,0,56667
segformer__scratch__mit-b0__in_rover__seed1415__gpu_full__df715c71__gitc188b320__codebebd8b2d__20260714T105400494420Z,msl_ncam_nlb_463803954edr_f0411768ncam00382m1,test_msl,soil,iou,,0,0,67455
segformer__scratch__mit-b0__in_rover__seed1415__gpu_full__df715c71__gitc188b320__codebebd8b2d__20260714T105400494420Z,msl_ncam_nlb_463803954edr_f0411768ncam00382m1,test_msl,bedrock,iou,,0,0,67455
segformer__scratch__mit-b0__in_rover__seed1415__gpu_full__df715c71__gitc188b320__codebebd8b2d__20260714T105400494420Z,msl_ncam_nlb_463803954edr_f0411768ncam00382m1,test_msl,sand,iou,1.0,67455,67455,67455
segformer__scratch__mit-b0__in_rover__seed1415__gpu_full__df715c71__gitc188b320__codebebd8b2d__20260714T105400494420Z,msl_ncam_nlb_463803954edr_f0411768ncam00382m1,test_msl,big_rock,iou,,0,0,67455
segformer__scratch__mit-b0__in_rover__seed1415__gpu_full__df715c71__gitc188b320__codebebd8b2d__20260714T105400494420Z,msl_ncam_nlb_463803954edr_f0411768ncam00382m1,test_msl,ALL,pixel_acc,1.0,0,0,67455
segformer__scratch__mit-b0__in_rover__seed1415__gpu_full__df715c71__gitc188b320__codebebd8b2d__20260714T105400494420Z,msl_ncam_nlb_463803954edr_f0411768ncam00382m1,test_msl,ALL,boundary_f1,1.0,0,0,67455
segformer__scratch__mit-b0__in_rover__seed1415__gpu_full__df715c71__gitc188b320__codebebd8b2d__20260714T105400494420Z,msl_ncam_nlb_463813170edr_f0420000ncam06094m1,test_msl,soil,iou,0.6352394290652285,21318,33559,89391
segformer__scratch__mit-b0__in_rover__seed1415__gpu_full__df715c71__gitc188b320__codebebd8b2d__20260714T105400494420Z,msl_ncam_nlb_463813170edr_f0420000ncam06094m1,test_msl,bedrock,iou,1.0,7381,7381,89391
segformer__scratch__mit-b0__in_rover__seed1415__gpu_full__df715c71__gitc188b320__codebebd8b2d__20260714T105400494420Z,msl_ncam_nlb_463813170edr_f0420000ncam06094m1,test_msl,sand,iou,0.7983094971330653,48451,60692,89391
segformer__scratch__mit-b0__in_rover__seed1415__gpu_full__df715c71__gitc188b320__codebebd8b2d__20260714T105400494420Z,msl_ncam_nlb_463813170edr_f0420000ncam06094m1,test_msl,big_rock,iou,,0,0,89391
segformer__scratch__mit-b0__in_rover__seed1415__gpu_full__df715c71__gitc188b320__codebebd8b2d__20260714T105400494420Z,msl_ncam_nlb_463813170edr_f0420000ncam06094m1,test_msl,ALL,pixel_acc,0.8630622769630052,0,0,89391
segformer__scratch__mit-b0__in_rover__seed1415__gpu_full__df715c71__gitc188b320__codebebd8b2d__20260714T105400494420Z,msl_ncam_nlb_463813170edr_f0420000ncam06094m1,test_msl,ALL,boundary_f1,0.6704477852671604,0,0,89391
segformer__scratch__mit-b0__in_rover__seed1415__gpu_full__df715c71__gitc188b320__codebebd8b2d__20260714T105400494420Z,msl_ncam_nlb_463813296edr_f0420000ncam06094m1,test_msl,soil,iou,1.0,188552,188552,188552
segformer__scratch__mit-b0__in_rover__seed1415__gpu_full__df715c71__gitc188b320__codebebd8b2d__20260714T105400494420Z,msl_ncam_nlb_463813296edr_f0420000ncam06094m1,test_msl,bedrock,iou,,0,0,188552
segformer__scratch__mit-b0__in_rover__seed1415__gpu_full__df715c71__gitc188b320__codebebd8b2d__20260714T105400494420Z,msl_ncam_nlb_463813296edr_f0420000ncam06094m1,test_msl,sand,iou,,0,0,188552
segformer__scratch__mit-b0__in_rover__seed1415__gpu_full__df715c71__gitc188b320__codebebd8b2d__20260714T105400494420Z,msl_ncam_nlb_463813296edr_f0420000ncam06094m1,test_msl,big_rock,iou,,0,0,188552
segformer__scratch__mit-b0__in_rover__seed1415__gpu_full__df715c71__gitc188b320__codebebd8b2d__20260714T105400494420Z,msl_ncam_nlb_463813296edr_f0420000ncam06094m1,test_msl,ALL,pixel_acc,1.0,0,0,188552
segformer__scratch__mit-b0__in_rover__seed1415__gpu_full__df715c71__gitc188b320__codebebd8b2d__20260714T105400494420Z,msl_ncam_nlb_463813296edr_f0420000ncam06094m1,test_msl,ALL,boundary_f1,1.0,0,0,188552
segformer__scratch__mit-b0__in_rover__seed1415__gpu_full__df715c71__gitc188b320__codebebd8b2d__20260714T105400494420Z,msl_ncam_nlb_463814148edr_f0420000ncam00354m1,test_msl,soil,iou,1.0,227875,227875,227875
segformer__scratch__mit-b0__in_rover__seed1415__gpu_full__df715c71__gitc188b320__codebebd8b2d__20260714T105400494420Z,msl_ncam_nlb_463814148edr_f0420000ncam00354m1,test_msl,bedrock,iou,,0,0,227875
segformer__scratch__mit-b0__in_rover__seed1415__gpu_full__df715c71__gitc188b320__codebebd8b2d__20260714T105400494420Z,msl_ncam_nlb_463814148edr_f0420000ncam00354m1,test_msl,sand,iou,,0,0,227875
segformer__scratch__mit-b0__in_rover__seed1415__gpu_full__df715c71__gitc188b320__codebebd8b2d__20260714T105400494420Z,msl_ncam_nlb_463814148edr_f0420000ncam00354m1,test_msl,big_rock,iou,,0,0,227875
segformer__scratch__mit-b0__in_rover__seed1415__gpu_full__df715c71__gitc188b320__codebebd8b2d__20260714T105400494420Z,msl_ncam_nlb_463814148edr_f0420000ncam00354m1,test_msl,ALL,pixel_acc,1.0,0,0,227875
segformer__scratch__mit-b0__in_rover__seed1415__gpu_full__df715c71__gitc188b320__codebebd8b2d__20260714T105400494420Z,msl_ncam_nlb_463814148edr_f0420000ncam00354m1,test_msl,ALL,boundary_f1,1.0,0,0,227875
segformer__scratch__mit-b0__in_rover__seed1415__gpu_full__df715c71__gitc188b320__codebebd8b2d__20260714T105400494420Z,msl_ncam_nlb_463814218edr_f0420000ncam00354m1,test_msl,soil,iou,1.0,152384,152384,152384
segformer__scratch__mit-b0__in_rover__seed1415__gpu_full__df715c71__gitc188b320__codebebd8b2d__20260714T105400494420Z,msl_ncam_nlb_463814218edr_f0420000ncam00354m1,test_msl,bedrock,iou,,0,0,152384
segformer__scratch__mit-b0__in_rover__seed1415__gpu_full__df715c71__gitc188b320__codebebd8b2d__20260714T105400494420Z,msl_ncam_nlb_463814218edr_f0420000ncam00354m1,test_msl,sand,iou,,0,0,152384
segformer__scratch__mit-b0__in_rover__seed1415__gpu_full__df715c71__gitc188b320__codebebd8b2d__20260714T105400494420Z,msl_ncam_nlb_463814218edr_f0420000ncam00354m1,test_msl,big_rock,iou,,0,0,152384
segformer__scratch__mit-b0__in_rover__seed1415__gpu_full__df715c71__gitc188b320__codebebd8b2d__20260714T105400494420Z,msl_ncam_nlb_463814218edr_f0420000ncam00354m1,test_msl,ALL,pixel_acc,1.0,0,0,152384
segformer__scratch__mit-b0__in_rover__seed1415__gpu_full__df715c71__gitc188b320__codebebd8b2d__20260714T105400494420Z,msl_ncam_nlb_463814218edr_f0420000ncam00354m1,test_msl,ALL,boundary_f1,1.0,0,0,152384
segformer__scratch__mit-b0__in_rover__seed1415__gpu_full__df715c71__gitc188b320__codebebd8b2d__20260714T105400494420Z,msl_ncam_nlb_463814255edr_f0420000ncam00278m1,test_msl,soil,iou,1.0,85416,85416,85416
segformer__scratch__mit-b0__in_rover__seed1415__gpu_full__df715c71__gitc188b320__codebebd8b2d__20260714T105400494420Z,msl_ncam_nlb_463814255edr_f0420000ncam00278m1,test_msl,bedrock,iou,,0,0,85416
segformer__scratch__mit-b0__in_rover__seed1415__gpu_full__df715c71__gitc188b320__codebebd8b2d__20260714T105400494420Z,msl_ncam_nlb_463814255edr_f0420000ncam00278m1,test_msl,sand,iou,,0,0,85416
segformer__scratch__mit-b0__in_rover__seed1415__gpu_full__df715c71__gitc188b320__codebebd8b2d__20260714T105400494420Z,msl_ncam_nlb_463814255edr_f0420000ncam00278m1,test_msl,big_rock,iou,,0,0,85416
segformer__scratch__mit-b0__in_rover__seed1415__gpu_full__df715c71__gitc188b320__codebebd8b2d__20260714T105400494420Z,msl_ncam_nlb_463814255edr_f0420000ncam00278m1,test_msl,ALL,pixel_acc,1.0,0,0,85416
segformer__scratch__mit-b0__in_rover__seed1415__gpu_full__df715c71__gitc188b320__codebebd8b2d__20260714T105400494420Z,msl_ncam_nlb_463814255edr_f0420000ncam00278m1,test_msl,ALL,boundary_f1,1.0,0,0,85416
segformer__scratch__mit-b0__in_rover__seed1415__gpu_full__df715c71__gitc188b320__codebebd8b2d__20260714T105400494420Z,msl_ncam_nlb_463814438edr_f0420000ncam00278m1,test_msl,soil,iou,,0,0,0
segformer__scratch__mit-b0__in_rover__seed1415__gpu_full__df715c71__gitc188b320__codebebd8b2d__20260714T105400494420Z,msl_ncam_nlb_463814438edr_f0420000ncam00278m1,test_msl,bedrock,iou,,0,0,0
segformer__scratch__mit-b0__in_rover__seed1415__gpu_full__df715c71__gitc188b320__codebebd8b2d__20260714T105400494420Z,msl_ncam_nlb_463814438edr_f0420000ncam00278m1,test_msl,sand,iou,,0,0,0
segformer__scratch__mit-b0__in_rover__seed1415__gpu_full__df715c71__gitc188b320__codebebd8b2d__20260714T105400494420Z,msl_ncam_nlb_463814438edr_f0420000ncam00278m1,test_msl,big_rock,iou,,0,0,0
segformer__scratch__mit-b0__in_rover__seed1415__gpu_full__df715c71__gitc188b320__codebebd8b2d__20260714T105400494420Z,msl_ncam_nlb_463814438edr_f0420000ncam00278m1,test_msl,ALL,pixel_acc,,0,0,0
segformer__scratch__mit-b0__in_rover__seed1415__gpu_full__df715c71__gitc188b320__codebebd8b2d__20260714T105400494420Z,msl_ncam_nlb_463814438edr_f0420000ncam00278m1,test_msl,ALL,boundary_f1,,0,0,0
segformer__scratch__mit-b0__in_rover__seed1415__gpu_full__df715c71__gitc188b320__codebebd8b2d__20260714T105400494420Z,msl_ncam_nlb_492664173edr_f0490294ncam00294m1,test_msl,soil,iou,,0,0,16308
segformer__scratch__mit-b0__in_rover__seed1415__gpu_full__df715c71__gitc188b320__codebebd8b2d__20260714T105400494420Z,msl_ncam_nlb_492664173edr_f0490294ncam00294m1,test_msl,bedrock,iou,1.0,16308,16308,16308
segformer__scratch__mit-b0__in_rover__seed1415__gpu_full__df715c71__gitc188b320__codebebd8b2d__20260714T105400494420Z,msl_ncam_nlb_492664173edr_f0490294ncam00294m1,test_msl,sand,iou,,0,0,16308
segformer__scratch__mit-b0__in_rover__seed1415__gpu_full__df715c71__gitc188b320__codebebd8b2d__20260714T105400494420Z,msl_ncam_nlb_492664173edr_f0490294ncam00294m1,test_msl,big_rock,iou,,0,0,16308
segformer__scratch__mit-b0__in_rover__seed1415__gpu_full__df715c71__gitc188b320__codebebd8b2d__20260714T105400494420Z,msl_ncam_nlb_492664173edr_f0490294ncam00294m1,test_msl,ALL,pixel_acc,1.0,0,0,16308
segformer__scratch__mit-b0__in_rover__seed1415__gpu_full__df715c71__gitc188b320__codebebd8b2d__20260714T105400494420Z,msl_ncam_nlb_492664173edr_f0490294ncam00294m1,test_msl,ALL,boundary_f1,1.0,0,0,16308
segformer__scratch__mit-b0__in_rover__seed1415__gpu_full__df715c71__gitc188b320__codebebd8b2d__20260714T105400494420Z,msl_ncam_nlb_492664235edr_f0490294ncam00294m1,test_msl,soil,iou,,0,0,30789
segformer__scratch__mit-b0__in_rover__seed1415__gpu_full__df715c71__gitc188b320__codebebd8b2d__20260714T105400494420Z,msl_ncam_nlb_492664235edr_f0490294ncam00294m1,test_msl,bedrock,iou,1.0,30789,30789,30789
segformer__scratch__mit-b0__in_rover__seed1415__gpu_full__df715c71__gitc188b320__codebebd8b2d__20260714T105400494420Z,msl_ncam_nlb_492664235edr_f0490294ncam00294m1,test_msl,sand,iou,,0,0,30789
segformer__scratch__mit-b0__in_rover__seed1415__gpu_full__df715c71__gitc188b320__codebebd8b2d__20260714T105400494420Z,msl_ncam_nlb_492664235edr_f0490294ncam00294m1,test_msl,big_rock,iou,,0,0,30789
segformer__scratch__mit-b0__in_rover__seed1415__gpu_full__df715c71__gitc188b320__codebebd8b2d__20260714T105400494420Z,msl_ncam_nlb_492664235edr_f0490294ncam00294m1,test_msl,ALL,pixel_acc,1.0,0,0,30789
segformer__scratch__mit-b0__in_rover__seed1415__gpu_full__df715c71__gitc188b320__codebebd8b2d__20260714T105400494420Z,msl_ncam_nlb_492664235edr_f0490294ncam00294m1,test_msl,ALL,boundary_f1,1.0,0,0,30789
segformer__scratch__mit-b0__in_rover__seed1415__gpu_full__df715c71__gitc188b320__codebebd8b2d__20260714T105400494420Z,msl_ncam_nlb_492664291edr_f0490294ncam00294m1,test_msl,soil,iou,,0,0,5776
segformer__scratch__mit-b0__in_rover__seed1415__gpu_full__df715c71__gitc188b320__codebebd8b2d__20260714T105400494420Z,msl_ncam_nlb_492664291edr_f0490294ncam00294m1,test_msl,bedrock,iou,1.0,5776,5776,5776
segformer__scratch__mit-b0__in_rover__seed1415__gpu_full__df715c71__gitc188b320__codebebd8b2d__20260714T105400494420Z,msl_ncam_nlb_492664291edr_f0490294ncam00294m1,test_msl,sand,iou,,0,0,5776
segformer__scratch__mit-b0__in_rover__seed1415__gpu_full__df715c71__gitc188b320__codebebd8b2d__20260714T105400494420Z,msl_ncam_nlb_492664291edr_f0490294ncam00294m1,test_msl,big_rock,iou,,0,0,5776
segformer__scratch__mit-b0__in_rover__seed1415__gpu_full__df715c71__gitc188b320__codebebd8b2d__20260714T105400494420Z,msl_ncam_nlb_492664291edr_f0490294ncam00294m1,test_msl,ALL,pixel_acc,1.0,0,0,5776
segformer__scratch__mit-b0__in_rover__seed1415__gpu_full__df715c71__gitc188b320__codebebd8b2d__20260714T105400494420Z,msl_ncam_nlb_492664291edr_f0490294ncam00294m1,test_msl,ALL,boundary_f1,1.0,0,0,5776
segformer__scratch__mit-b0__in_rover__seed1415__gpu_full__df715c71__gitc188b320__codebebd8b2d__20260714T105400494420Z,msl_ncam_nlb_492664491edr_f0490294ncam00354m1,test_msl,soil,iou,0.9206624301944926,19124,20772,101609
segformer__scratch__mit-b0__in_rover__seed1415__gpu_full__df715c71__gitc188b320__codebebd8b2d__20260714T105400494420Z,msl_ncam_nlb_492664491edr_f0490294ncam00354m1,test_msl,bedrock,iou,0.9800206098078439,80837,82485,101609
segformer__scratch__mit-b0__in_rover__seed1415__gpu_full__df715c71__gitc188b320__codebebd8b2d__20260714T105400494420Z,msl_ncam_nlb_492664491edr_f0490294ncam00354m1,test_msl,sand,iou,,0,0,101609
segformer__scratch__mit-b0__in_rover__seed1415__gpu_full__df715c71__gitc188b320__codebebd8b2d__20260714T105400494420Z,msl_ncam_nlb_492664491edr_f0490294ncam00354m1,test_msl,big_rock,iou,,0,0,101609
segformer__scratch__mit-b0__in_rover__seed1415__gpu_full__df715c71__gitc188b320__codebebd8b2d__20260714T105400494420Z,msl_ncam_nlb_492664491edr_f0490294ncam00354m1,test_msl,ALL,pixel_acc,0.9837809642846598,0,0,101609
segformer__scratch__mit-b0__in_rover__seed1415__gpu_full__df715c71__gitc188b320__codebebd8b2d__20260714T105400494420Z,msl_ncam_nlb_492664491edr_f0490294ncam00354m1,test_msl,ALL,boundary_f1,0.83061461972854,0,0,101609
segformer__scratch__mit-b0__in_rover__seed1415__gpu_full__df715c71__gitc188b320__codebebd8b2d__20260714T105400494420Z,msl_ncam_nlb_492664554edr_f0490294ncam00354m1,test_msl,soil,iou,0.0,0,15267,43882
segformer__scratch__mit-b0__in_rover__seed1415__gpu_full__df715c71__gitc188b320__codebebd8b2d__20260714T105400494420Z,msl_ncam_nlb_492664554edr_f0490294ncam00354m1,test_msl,bedrock,iou,0.6105420700622047,13054,21381,43882
segformer__scratch__mit-b0__in_rover__seed1415__gpu_full__df715c71__gitc188b320__codebebd8b2d__20260714T105400494420Z,msl_ncam_nlb_492664554edr_f0490294ncam00354m1,test_msl,sand,iou,0.6863231580346463,15491,22571,43882
segformer__scratch__mit-b0__in_rover__seed1415__gpu_full__df715c71__gitc188b320__codebebd8b2d__20260714T105400494420Z,msl_ncam_nlb_492664554edr_f0490294ncam00354m1,test_msl,big_rock,iou,,0,0,43882
segformer__scratch__mit-b0__in_rover__seed1415__gpu_full__df715c71__gitc188b320__codebebd8b2d__20260714T105400494420Z,msl_ncam_nlb_492664554edr_f0490294ncam00354m1,test_msl,ALL,pixel_acc,0.6504945079987239,0,0,43882
segformer__scratch__mit-b0__in_rover__seed1415__gpu_full__df715c71__gitc188b320__codebebd8b2d__20260714T105400494420Z,msl_ncam_nlb_492664554edr_f0490294ncam00354m1,test_msl,ALL,boundary_f1,0.5269275272321153,0,0,43882
segformer__scratch__mit-b0__in_rover__seed1415__gpu_full__df715c71__gitc188b320__codebebd8b2d__20260714T105400494420Z,msl_ncam_nlb_492664625edr_f0490294ncam00354m1,test_msl,soil,iou,,0,0,48893
segformer__scratch__mit-b0__in_rover__seed1415__gpu_full__df715c71__gitc188b320__codebebd8b2d__20260714T105400494420Z,msl_ncam_nlb_492664625edr_f0490294ncam00354m1,test_msl,bedrock,iou,1.0,45924,45924,48893
segformer__scratch__mit-b0__in_rover__seed1415__gpu_full__df715c71__gitc188b320__codebebd8b2d__20260714T105400494420Z,msl_ncam_nlb_492664625edr_f0490294ncam00354m1,test_msl,sand,iou,1.0,2969,2969,48893
segformer__scratch__mit-b0__in_rover__seed1415__gpu_full__df715c71__gitc188b320__codebebd8b2d__20260714T105400494420Z,msl_ncam_nlb_492664625edr_f0490294ncam00354m1,test_msl,big_rock,iou,,0,0,48893
segformer__scratch__mit-b0__in_rover__seed1415__gpu_full__df715c71__gitc188b320__codebebd8b2d__20260714T105400494420Z,msl_ncam_nlb_492664625edr_f0490294ncam00354m1,test_msl,ALL,pixel_acc,1.0,0,0,48893
segformer__scratch__mit-b0__in_rover__seed1415__gpu_full__df715c71__gitc188b320__codebebd8b2d__20260714T105400494420Z,msl_ncam_nlb_492664625edr_f0490294ncam00354m1,test_msl,ALL,boundary_f1,1.0,0,0,48893
segformer__scratch__mit-b0__in_rover__seed1415__gpu_full__df715c71__gitc188b320__codebebd8b2d__20260714T105400494420Z,msl_ncam_nlb_492664724edr_f0490294ncam00296m1,test_msl,soil,iou,,0,0,0
segformer__scratch__mit-b0__in_rover__seed1415__gpu_full__df715c71__gitc188b320__codebebd8b2d__20260714T105400494420Z,msl_ncam_nlb_492664724edr_f0490294ncam00296m1,test_msl,bedrock,iou,,0,0,0
segformer__scratch__mit-b0__in_rover__seed1415__gpu_full__df715c71__gitc188b320__codebebd8b2d__20260714T105400494420Z,msl_ncam_nlb_492664724edr_f0490294ncam00296m1,test_msl,sand,iou,,0,0,0
segformer__scratch__mit-b0__in_rover__seed1415__gpu_full__df715c71__gitc188b320__codebebd8b2d__20260714T105400494420Z,msl_ncam_nlb_492664724edr_f0490294ncam00296m1,test_msl,big_rock,iou,,0,0,0
segformer__scratch__mit-b0__in_rover__seed1415__gpu_full__df715c71__gitc188b320__codebebd8b2d__20260714T105400494420Z,msl_ncam_nlb_492664724edr_f0490294ncam00296m1,test_msl,ALL,pixel_acc,,0,0,0
segformer__scratch__mit-b0__in_rover__seed1415__gpu_full__df715c71__gitc188b320__codebebd8b2d__20260714T105400494420Z,msl_ncam_nlb_492664724edr_f0490294ncam00296m1,test_msl,ALL,boundary_f1,,0,0,0
segformer__scratch__mit-b0__in_rover__seed1415__gpu_full__df715c71__gitc188b320__codebebd8b2d__20260714T105400494420Z,msl_ncam_nlb_492664901edr_f0490294ncam00295m1,test_msl,soil,iou,,0,0,9775
segformer__scratch__mit-b0__in_rover__seed1415__gpu_full__df715c71__gitc188b320__codebebd8b2d__20260714T105400494420Z,msl_ncam_nlb_492664901edr_f0490294ncam00295m1,test_msl,bedrock,iou,1.0,9775,9775,9775
segformer__scratch__mit-b0__in_rover__seed1415__gpu_full__df715c71__gitc188b320__codebebd8b2d__20260714T105400494420Z,msl_ncam_nlb_492664901edr_f0490294ncam00295m1,test_msl,sand,iou,,0,0,9775
segformer__scratch__mit-b0__in_rover__seed1415__gpu_full__df715c71__gitc188b320__codebebd8b2d__20260714T105400494420Z,msl_ncam_nlb_492664901edr_f0490294ncam00295m1,test_msl,big_rock,iou,,0,0,9775
segformer__scratch__mit-b0__in_rover__seed1415__gpu_full__df715c71__gitc188b320__codebebd8b2d__20260714T105400494420Z,msl_ncam_nlb_492664901edr_f0490294ncam00295m1,test_msl,ALL,pixel_acc,1.0,0,0,9775
segformer__scratch__mit-b0__in_rover__seed1415__gpu_full__df715c71__gitc188b320__codebebd8b2d__20260714T105400494420Z,msl_ncam_nlb_492664901edr_f0490294ncam00295m1,test_msl,ALL,boundary_f1,1.0,0,0,9775
segformer__scratch__mit-b0__in_rover__seed1415__gpu_full__df715c71__gitc188b320__codebebd8b2d__20260714T105400494420Z,msl_ncam_nlb_492665102edr_f0490294ncam00295m1,test_msl,soil,iou,,0,0,0
segformer__scratch__mit-b0__in_rover__seed1415__gpu_full__df715c71__gitc188b320__codebebd8b2d__20260714T105400494420Z,msl_ncam_nlb_492665102edr_f0490294ncam00295m1,test_msl,bedrock,iou,,0,0,0
segformer__scratch__mit-b0__in_rover__seed1415__gpu_full__df715c71__gitc188b320__codebebd8b2d__20260714T105400494420Z,msl_ncam_nlb_492665102edr_f0490294ncam00295m1,test_msl,sand,iou,,0,0,0
segformer__scratch__mit-b0__in_rover__seed1415__gpu_full__df715c71__gitc188b320__codebebd8b2d__20260714T105400494420Z,msl_ncam_nlb_492665102edr_f0490294ncam00295m1,test_msl,big_rock,iou,,0,0,0
segformer__scratch__mit-b0__in_rover__seed1415__gpu_full__df715c71__gitc188b320__codebebd8b2d__20260714T105400494420Z,msl_ncam_nlb_492665102edr_f0490294ncam00295m1,test_msl,ALL,pixel_acc,,0,0,0
segformer__scratch__mit-b0__in_rover__seed1415__gpu_full__df715c71__gitc188b320__codebebd8b2d__20260714T105400494420Z,msl_ncam_nlb_492665102edr_f0490294ncam00295m1,test_msl,ALL,boundary_f1,,0,0,0
segformer__scratch__mit-b0__in_rover__seed1415__gpu_full__df715c71__gitc188b320__codebebd8b2d__20260714T105400494420Z,msl_ncam_nlb_493996330edr_f0491846ncam00385m1,test_msl,soil,iou,,0,0,89098
segformer__scratch__mit-b0__in_rover__seed1415__gpu_full__df715c71__gitc188b320__codebebd8b2d__20260714T105400494420Z,msl_ncam_nlb_493996330edr_f0491846ncam00385m1,test_msl,bedrock,iou,1.0,39248,39248,89098
segformer__scratch__mit-b0__in_rover__seed1415__gpu_full__df715c71__gitc188b320__codebebd8b2d__20260714T105400494420Z,msl_ncam_nlb_493996330edr_f0491846ncam00385m1,test_msl,sand,iou,1.0,49850,49850,89098
segformer__scratch__mit-b0__in_rover__seed1415__gpu_full__df715c71__gitc188b320__codebebd8b2d__20260714T105400494420Z,msl_ncam_nlb_493996330edr_f0491846ncam00385m1,test_msl,big_rock,iou,,0,0,89098
segformer__scratch__mit-b0__in_rover__seed1415__gpu_full__df715c71__gitc188b320__codebebd8b2d__20260714T105400494420Z,msl_ncam_nlb_493996330edr_f0491846ncam00385m1,test_msl,ALL,pixel_acc,1.0,0,0,89098
segformer__scratch__mit-b0__in_rover__seed1415__gpu_full__df715c71__gitc188b320__codebebd8b2d__20260714T105400494420Z,msl_ncam_nlb_493996330edr_f0491846ncam00385m1,test_msl,ALL,boundary_f1,1.0,0,0,89098
segformer__scratch__mit-b0__in_rover__seed1415__gpu_full__df715c71__gitc188b320__codebebd8b2d__20260714T105400494420Z,msl_ncam_nlb_493996945edr_f0491876ncam00353m1,test_msl,soil,iou,,0,0,75892
segformer__scratch__mit-b0__in_rover__seed1415__gpu_full__df715c71__gitc188b320__codebebd8b2d__20260714T105400494420Z,msl_ncam_nlb_493996945edr_f0491876ncam00353m1,test_msl,bedrock,iou,0.7687503294154852,58342,75892,75892
segformer__scratch__mit-b0__in_rover__seed1415__gpu_full__df715c71__gitc188b320__codebebd8b2d__20260714T105400494420Z,msl_ncam_nlb_493996945edr_f0491876ncam00353m1,test_msl,sand,iou,0.0,0,17550,75892
segformer__scratch__mit-b0__in_rover__seed1415__gpu_full__df715c71__gitc188b320__codebebd8b2d__20260714T105400494420Z,msl_ncam_nlb_493996945edr_f0491876ncam00353m1,test_msl,big_rock,iou,,0,0,75892
segformer__scratch__mit-b0__in_rover__seed1415__gpu_full__df715c71__gitc188b320__codebebd8b2d__20260714T105400494420Z,msl_ncam_nlb_493996945edr_f0491876ncam00353m1,test_msl,ALL,pixel_acc,0.7687503294154852,0,0,75892
segformer__scratch__mit-b0__in_rover__seed1415__gpu_full__df715c71__gitc188b320__codebebd8b2d__20260714T105400494420Z,msl_ncam_nlb_493996945edr_f0491876ncam00353m1,test_msl,ALL,boundary_f1,0.3876561625955622,0,0,75892
segformer__scratch__mit-b0__in_rover__seed1415__gpu_full__df715c71__gitc188b320__codebebd8b2d__20260714T105400494420Z,msl_ncam_nlb_493997715edr_f0491876ncam00256m1,test_msl,soil,iou,,0,0,65259
segformer__scratch__mit-b0__in_rover__seed1415__gpu_full__df715c71__gitc188b320__codebebd8b2d__20260714T105400494420Z,msl_ncam_nlb_493997715edr_f0491876ncam00256m1,test_msl,bedrock,iou,0.9137595907928389,17864,19550,65259
segformer__scratch__mit-b0__in_rover__seed1415__gpu_full__df715c71__gitc188b320__codebebd8b2d__20260714T105400494420Z,msl_ncam_nlb_493997715edr_f0491876ncam00256m1,test_msl,sand,iou,0.9833487511563367,45709,46483,65259
segformer__scratch__mit-b0__in_rover__seed1415__gpu_full__df715c71__gitc188b320__codebebd8b2d__20260714T105400494420Z,msl_ncam_nlb_493997715edr_f0491876ncam00256m1,test_msl,big_rock,iou,0.0,0,912,65259
segformer__scratch__mit-b0__in_rover__seed1415__gpu_full__df715c71__gitc188b320__codebebd8b2d__20260714T105400494420Z,msl_ncam_nlb_493997715edr_f0491876ncam00256m1,test_msl,ALL,pixel_acc,0.9741644830598079,0,0,65259
segformer__scratch__mit-b0__in_rover__seed1415__gpu_full__df715c71__gitc188b320__codebebd8b2d__20260714T105400494420Z,msl_ncam_nlb_493997715edr_f0491876ncam00256m1,test_msl,ALL,boundary_f1,0.6158566415224547,0,0,65259
segformer__scratch__mit-b0__in_rover__seed1415__gpu_full__df715c71__gitc188b320__codebebd8b2d__20260714T105400494420Z,msl_ncam_nlb_493997775edr_f0491876ncam00256m1,test_msl,soil,iou,,0,0,41074
segformer__scratch__mit-b0__in_rover__seed1415__gpu_full__df715c71__gitc188b320__codebebd8b2d__20260714T105400494420Z,msl_ncam_nlb_493997775edr_f0491876ncam00256m1,test_msl,bedrock,iou,0.9999333844052892,30021,30023,41074
segformer__scratch__mit-b0__in_rover__seed1415__gpu_full__df715c71__gitc188b320__codebebd8b2d__20260714T105400494420Z,msl_ncam_nlb_493997775edr_f0491876ncam00256m1,test_msl,sand,iou,0.9998190536505926,11051,11053,41074
segformer__scratch__mit-b0__in_rover__seed1415__gpu_full__df715c71__gitc188b320__codebebd8b2d__20260714T105400494420Z,msl_ncam_nlb_493997775edr_f0491876ncam00256m1,test_msl,big_rock,iou,,0,0,41074
segformer__scratch__mit-b0__in_rover__seed1415__gpu_full__df715c71__gitc188b320__codebebd8b2d__20260714T105400494420Z,msl_ncam_nlb_493997775edr_f0491876ncam00256m1,test_msl,ALL,pixel_acc,0.9999513073964065,0,0,41074
segformer__scratch__mit-b0__in_rover__seed1415__gpu_full__df715c71__gitc188b320__codebebd8b2d__20260714T105400494420Z,msl_ncam_nlb_493997775edr_f0491876ncam00256m1,test_msl,ALL,boundary_f1,0.999605367008682,0,0,41074
segformer__scratch__mit-b0__in_rover__seed1415__gpu_full__df715c71__gitc188b320__codebebd8b2d__20260714T105400494420Z,msl_ncam_nlb_493997895edr_f0491876ncam00354m1,test_msl,soil,iou,,0,0,92765
segformer__scratch__mit-b0__in_rover__seed1415__gpu_full__df715c71__gitc188b320__codebebd8b2d__20260714T105400494420Z,msl_ncam_nlb_493997895edr_f0491876ncam00354m1,test_msl,bedrock,iou,0.8983257328287892,83326,92757,92765
segformer__scratch__mit-b0__in_rover__seed1415__gpu_full__df715c71__gitc188b320__codebebd8b2d__20260714T105400494420Z,msl_ncam_nlb_493997895edr_f0491876ncam00354m1,test_msl,sand,iou,0.0008475474096832291,8,9439,92765
segformer__scratch__mit-b0__in_rover__seed1415__gpu_full__df715c71__gitc188b320__codebebd8b2d__20260714T105400494420Z,msl_ncam_nlb_493997895edr_f0491876ncam00354m1,test_msl,big_rock,iou,,0,0,92765
segformer__scratch__mit-b0__in_rover__seed1415__gpu_full__df715c71__gitc188b320__codebebd8b2d__20260714T105400494420Z,msl_ncam_nlb_493997895edr_f0491876ncam00354m1,test_msl,ALL,pixel_acc,0.8983345011588423,0,0,92765
segformer__scratch__mit-b0__in_rover__seed1415__gpu_full__df715c71__gitc188b320__codebebd8b2d__20260714T105400494420Z,msl_ncam_nlb_493997895edr_f0491876ncam00354m1,test_msl,ALL,boundary_f1,0.45761733393312337,0,0,92765
segformer__scratch__mit-b0__in_rover__seed1415__gpu_full__df715c71__gitc188b320__codebebd8b2d__20260714T105400494420Z,msl_ncam_nlb_493997974edr_f0491876ncam00354m1,test_msl,soil,iou,,0,0,43129
segformer__scratch__mit-b0__in_rover__seed1415__gpu_full__df715c71__gitc188b320__codebebd8b2d__20260714T105400494420Z,msl_ncam_nlb_493997974edr_f0491876ncam00354m1,test_msl,bedrock,iou,0.9773915885813903,17941,18356,43129
segformer__scratch__mit-b0__in_rover__seed1415__gpu_full__df715c71__gitc188b320__codebebd8b2d__20260714T105400494420Z,msl_ncam_nlb_493997974edr_f0491876ncam00354m1,test_msl,sand,iou,0.9835239002699698,24773,25188,43129
segformer__scratch__mit-b0__in_rover__seed1415__gpu_full__df715c71__gitc188b320__codebebd8b2d__20260714T105400494420Z,msl_ncam_nlb_493997974edr_f0491876ncam00354m1,test_msl,big_rock,iou,,0,0,43129
segformer__scratch__mit-b0__in_rover__seed1415__gpu_full__df715c71__gitc188b320__codebebd8b2d__20260714T105400494420Z,msl_ncam_nlb_493997974edr_f0491876ncam00354m1,test_msl,ALL,pixel_acc,0.9903777040970113,0,0,43129
segformer__scratch__mit-b0__in_rover__seed1415__gpu_full__df715c71__gitc188b320__codebebd8b2d__20260714T105400494420Z,msl_ncam_nlb_493997974edr_f0491876ncam00354m1,test_msl,ALL,boundary_f1,0.944854042363351,0,0,43129
segformer__scratch__mit-b0__in_rover__seed1415__gpu_full__df715c71__gitc188b320__codebebd8b2d__20260714T105400494420Z,msl_ncam_nlb_493998022edr_f0491876ncam00257m1,test_msl,soil,iou,,0,0,59414
segformer__scratch__mit-b0__in_rover__seed1415__gpu_full__df715c71__gitc188b320__codebebd8b2d__20260714T105400494420Z,msl_ncam_nlb_493998022edr_f0491876ncam00257m1,test_msl,bedrock,iou,0.7694777699364855,43614,56680,59414
segformer__scratch__mit-b0__in_rover__seed1415__gpu_full__df715c71__gitc188b320__codebebd8b2d__20260714T105400494420Z,msl_ncam_nlb_493998022edr_f0491876ncam00257m1,test_msl,sand,iou,0.33496691987258026,2734,8162,59414
segformer__scratch__mit-b0__in_rover__seed1415__gpu_full__df715c71__gitc188b320__codebebd8b2d__20260714T105400494420Z,msl_ncam_nlb_493998022edr_f0491876ncam00257m1,test_msl,big_rock,iou,0.0,0,7638,59414
segformer__scratch__mit-b0__in_rover__seed1415__gpu_full__df715c71__gitc188b320__codebebd8b2d__20260714T105400494420Z,msl_ncam_nlb_493998022edr_f0491876ncam00257m1,test_msl,ALL,pixel_acc,0.7800855017335981,0,0,59414
segformer__scratch__mit-b0__in_rover__seed1415__gpu_full__df715c71__gitc188b320__codebebd8b2d__20260714T105400494420Z,msl_ncam_nlb_493998022edr_f0491876ncam00257m1,test_msl,ALL,boundary_f1,0.3746893021877323,0,0,59414
segformer__scratch__mit-b0__in_rover__seed1415__gpu_full__df715c71__gitc188b320__codebebd8b2d__20260714T105400494420Z,msl_ncam_nlb_493998141edr_f0491876ncam00257m1,test_msl,soil,iou,,0,0,18319
segformer__scratch__mit-b0__in_rover__seed1415__gpu_full__df715c71__gitc188b320__codebebd8b2d__20260714T105400494420Z,msl_ncam_nlb_493998141edr_f0491876ncam00257m1,test_msl,bedrock,iou,0.9994007191370355,5003,5006,18319
segformer__scratch__mit-b0__in_rover__seed1415__gpu_full__df715c71__gitc188b320__codebebd8b2d__20260714T105400494420Z,msl_ncam_nlb_493998141edr_f0491876ncam00257m1,test_msl,sand,iou,0.999774707119255,13313,13316,18319
segformer__scratch__mit-b0__in_rover__seed1415__gpu_full__df715c71__gitc188b320__codebebd8b2d__20260714T105400494420Z,msl_ncam_nlb_493998141edr_f0491876ncam00257m1,test_msl,big_rock,iou,,0,0,18319
segformer__scratch__mit-b0__in_rover__seed1415__gpu_full__df715c71__gitc188b320__codebebd8b2d__20260714T105400494420Z,msl_ncam_nlb_493998141edr_f0491876ncam00257m1,test_msl,ALL,pixel_acc,0.99983623560238,0,0,18319
segformer__scratch__mit-b0__in_rover__seed1415__gpu_full__df715c71__gitc188b320__codebebd8b2d__20260714T105400494420Z,msl_ncam_nlb_493998141edr_f0491876ncam00257m1,test_msl,ALL,boundary_f1,0.9991192014092778,0,0,18319
segformer__scratch__mit-b0__in_rover__seed1415__gpu_full__df715c71__gitc188b320__codebebd8b2d__20260714T105400494420Z,msl_ncam_nlb_493998256edr_f0491876ncam00257m1,test_msl,soil,iou,,0,0,4103
segformer__scratch__mit-b0__in_rover__seed1415__gpu_full__df715c71__gitc188b320__codebebd8b2d__20260714T105400494420Z,msl_ncam_nlb_493998256edr_f0491876ncam00257m1,test_msl,bedrock,iou,0.5757271815446339,1148,1994,4103
segformer__scratch__mit-b0__in_rover__seed1415__gpu_full__df715c71__gitc188b320__codebebd8b2d__20260714T105400494420Z,msl_ncam_nlb_493998256edr_f0491876ncam00257m1,test_msl,sand,iou,0.7137055837563452,2109,2955,4103
segformer__scratch__mit-b0__in_rover__seed1415__gpu_full__df715c71__gitc188b320__codebebd8b2d__20260714T105400494420Z,msl_ncam_nlb_493998256edr_f0491876ncam00257m1,test_msl,big_rock,iou,,0,0,4103
segformer__scratch__mit-b0__in_rover__seed1415__gpu_full__df715c71__gitc188b320__codebebd8b2d__20260714T105400494420Z,msl_ncam_nlb_493998256edr_f0491876ncam00257m1,test_msl,ALL,pixel_acc,0.7938094077504265,0,0,4103
segformer__scratch__mit-b0__in_rover__seed1415__gpu_full__df715c71__gitc188b320__codebebd8b2d__20260714T105400494420Z,msl_ncam_nlb_493998256edr_f0491876ncam00257m1,test_msl,ALL,boundary_f1,0.6997498614398046,0,0,4103
segformer__scratch__mit-b0__in_rover__seed1415__gpu_full__df715c71__gitc188b320__codebebd8b2d__20260714T105400494420Z,msl_ncam_nlb_500655478edr_f0503000ncam00385m1,test_msl,soil,iou,,0,0,113066
segformer__scratch__mit-b0__in_rover__seed1415__gpu_full__df715c71__gitc188b320__codebebd8b2d__20260714T105400494420Z,msl_ncam_nlb_500655478edr_f0503000ncam00385m1,test_msl,bedrock,iou,1.0,113066,113066,113066
segformer__scratch__mit-b0__in_rover__seed1415__gpu_full__df715c71__gitc188b320__codebebd8b2d__20260714T105400494420Z,msl_ncam_nlb_500655478edr_f0503000ncam00385m1,test_msl,sand,iou,,0,0,113066
segformer__scratch__mit-b0__in_rover__seed1415__gpu_full__df715c71__gitc188b320__codebebd8b2d__20260714T105400494420Z,msl_ncam_nlb_500655478edr_f0503000ncam00385m1,test_msl,big_rock,iou,,0,0,113066
segformer__scratch__mit-b0__in_rover__seed1415__gpu_full__df715c71__gitc188b320__codebebd8b2d__20260714T105400494420Z,msl_ncam_nlb_500655478edr_f0503000ncam00385m1,test_msl,ALL,pixel_acc,1.0,0,0,113066
segformer__scratch__mit-b0__in_rover__seed1415__gpu_full__df715c71__gitc188b320__codebebd8b2d__20260714T105400494420Z,msl_ncam_nlb_500655478edr_f0503000ncam00385m1,test_msl,ALL,boundary_f1,1.0,0,0,113066
segformer__scratch__mit-b0__in_rover__seed1415__gpu_full__df715c71__gitc188b320__codebebd8b2d__20260714T105400494420Z,msl_ncam_nlb_500656502edr_f0503076ncam00353m1,test_msl,soil,iou,0.8231273920174959,6022,7316,33179
segformer__scratch__mit-b0__in_rover__seed1415__gpu_full__df715c71__gitc188b320__codebebd8b2d__20260714T105400494420Z,msl_ncam_nlb_500656502edr_f0503076ncam00353m1,test_msl,bedrock,iou,0.9523511433516221,25863,27157,33179
segformer__scratch__mit-b0__in_rover__seed1415__gpu_full__df715c71__gitc188b320__codebebd8b2d__20260714T105400494420Z,msl_ncam_nlb_500656502edr_f0503076ncam00353m1,test_msl,sand,iou,,0,0,33179
segformer__scratch__mit-b0__in_rover__seed1415__gpu_full__df715c71__gitc188b320__codebebd8b2d__20260714T105400494420Z,msl_ncam_nlb_500656502edr_f0503076ncam00353m1,test_msl,big_rock,iou,,0,0,33179
segformer__scratch__mit-b0__in_rover__seed1415__gpu_full__df715c71__gitc188b320__codebebd8b2d__20260714T105400494420Z,msl_ncam_nlb_500656502edr_f0503076ncam00353m1,test_msl,ALL,pixel_acc,0.9609994273486241,0,0,33179
segformer__scratch__mit-b0__in_rover__seed1415__gpu_full__df715c71__gitc188b320__codebebd8b2d__20260714T105400494420Z,msl_ncam_nlb_500656502edr_f0503076ncam00353m1,test_msl,ALL,boundary_f1,0.8455513197404387,0,0,33179
segformer__scratch__mit-b0__in_rover__seed1415__gpu_full__df715c71__gitc188b320__codebebd8b2d__20260714T105400494420Z,msl_ncam_nlb_500661494edr_f0503076ncam00354m1,test_msl,soil,iou,,0,0,127313
segformer__scratch__mit-b0__in_rover__seed1415__gpu_full__df715c71__gitc188b320__codebebd8b2d__20260714T105400494420Z,msl_ncam_nlb_500661494edr_f0503076ncam00354m1,test_msl,bedrock,iou,1.0,127313,127313,127313
segformer__scratch__mit-b0__in_rover__seed1415__gpu_full__df715c71__gitc188b320__codebebd8b2d__20260714T105400494420Z,msl_ncam_nlb_500661494edr_f0503076ncam00354m1,test_msl,sand,iou,,0,0,127313
segformer__scratch__mit-b0__in_rover__seed1415__gpu_full__df715c71__gitc188b320__codebebd8b2d__20260714T105400494420Z,msl_ncam_nlb_500661494edr_f0503076ncam00354m1,test_msl,big_rock,iou,,0,0,127313
segformer__scratch__mit-b0__in_rover__seed1415__gpu_full__df715c71__gitc188b320__codebebd8b2d__20260714T105400494420Z,msl_ncam_nlb_500661494edr_f0503076ncam00354m1,test_msl,ALL,pixel_acc,1.0,0,0,127313
segformer__scratch__mit-b0__in_rover__seed1415__gpu_full__df715c71__gitc188b320__codebebd8b2d__20260714T105400494420Z,msl_ncam_nlb_500661494edr_f0503076ncam00354m1,test_msl,ALL,boundary_f1,1.0,0,0,127313
segformer__scratch__mit-b0__in_rover__seed1415__gpu_full__df715c71__gitc188b320__codebebd8b2d__20260714T105400494420Z,msl_ncam_nlb_500661565edr_f0503076ncam00354m1,test_msl,soil,iou,,0,0,25550
segformer__scratch__mit-b0__in_rover__seed1415__gpu_full__df715c71__gitc188b320__codebebd8b2d__20260714T105400494420Z,msl_ncam_nlb_500661565edr_f0503076ncam00354m1,test_msl,bedrock,iou,1.0,25550,25550,25550
segformer__scratch__mit-b0__in_rover__seed1415__gpu_full__df715c71__gitc188b320__codebebd8b2d__20260714T105400494420Z,msl_ncam_nlb_500661565edr_f0503076ncam00354m1,test_msl,sand,iou,,0,0,25550
segformer__scratch__mit-b0__in_rover__seed1415__gpu_full__df715c71__gitc188b320__codebebd8b2d__20260714T105400494420Z,msl_ncam_nlb_500661565edr_f0503076ncam00354m1,test_msl,big_rock,iou,,0,0,25550
segformer__scratch__mit-b0__in_rover__seed1415__gpu_full__df715c71__gitc188b320__codebebd8b2d__20260714T105400494420Z,msl_ncam_nlb_500661565edr_f0503076ncam00354m1,test_msl,ALL,pixel_acc,1.0,0,0,25550
segformer__scratch__mit-b0__in_rover__seed1415__gpu_full__df715c71__gitc188b320__codebebd8b2d__20260714T105400494420Z,msl_ncam_nlb_500661565edr_f0503076ncam00354m1,test_msl,ALL,boundary_f1,1.0,0,0,25550
segformer__scratch__mit-b0__in_rover__seed1415__gpu_full__df715c71__gitc188b320__codebebd8b2d__20260714T105400494420Z,msl_ncam_nlb_500661664edr_f0503076ncam07753m1,test_msl,soil,iou,0.8734291928467859,14457,16552,129119
segformer__scratch__mit-b0__in_rover__seed1415__gpu_full__df715c71__gitc188b320__codebebd8b2d__20260714T105400494420Z,msl_ncam_nlb_500661664edr_f0503076ncam07753m1,test_msl,bedrock,iou,0.9817289075718197,112567,114662,129119
segformer__scratch__mit-b0__in_rover__seed1415__gpu_full__df715c71__gitc188b320__codebebd8b2d__20260714T105400494420Z,msl_ncam_nlb_500661664edr_f0503076ncam07753m1,test_msl,sand,iou,,0,0,129119
segformer__scratch__mit-b0__in_rover__seed1415__gpu_full__df715c71__gitc188b320__codebebd8b2d__20260714T105400494420Z,msl_ncam_nlb_500661664edr_f0503076ncam07753m1,test_msl,big_rock,iou,,0,0,129119
segformer__scratch__mit-b0__in_rover__seed1415__gpu_full__df715c71__gitc188b320__codebebd8b2d__20260714T105400494420Z,msl_ncam_nlb_500661664edr_f0503076ncam07753m1,test_msl,ALL,pixel_acc,0.9837746574865047,0,0,129119
segformer__scratch__mit-b0__in_rover__seed1415__gpu_full__df715c71__gitc188b320__codebebd8b2d__20260714T105400494420Z,msl_ncam_nlb_500661664edr_f0503076ncam07753m1,test_msl,ALL,boundary_f1,0.7827251894940948,0,0,129119
segformer__scratch__mit-b0__in_rover__seed1415__gpu_full__df715c71__gitc188b320__codebebd8b2d__20260714T105400494420Z,msl_ncam_nlb_500661727edr_f0503076ncam07753m1,test_msl,soil,iou,,0,0,163353
segformer__scratch__mit-b0__in_rover__seed1415__gpu_full__df715c71__gitc188b320__codebebd8b2d__20260714T105400494420Z,msl_ncam_nlb_500661727edr_f0503076ncam07753m1,test_msl,bedrock,iou,1.0,163353,163353,163353
segformer__scratch__mit-b0__in_rover__seed1415__gpu_full__df715c71__gitc188b320__codebebd8b2d__20260714T105400494420Z,msl_ncam_nlb_500661727edr_f0503076ncam07753m1,test_msl,sand,iou,,0,0,163353
segformer__scratch__mit-b0__in_rover__seed1415__gpu_full__df715c71__gitc188b320__codebebd8b2d__20260714T105400494420Z,msl_ncam_nlb_500661727edr_f0503076ncam07753m1,test_msl,big_rock,iou,,0,0,163353
segformer__scratch__mit-b0__in_rover__seed1415__gpu_full__df715c71__gitc188b320__codebebd8b2d__20260714T105400494420Z,msl_ncam_nlb_500661727edr_f0503076ncam07753m1,test_msl,ALL,pixel_acc,1.0,0,0,163353
segformer__scratch__mit-b0__in_rover__seed1415__gpu_full__df715c71__gitc188b320__codebebd8b2d__20260714T105400494420Z,msl_ncam_nlb_500661727edr_f0503076ncam07753m1,test_msl,ALL,boundary_f1,1.0,0,0,163353
segformer__scratch__mit-b0__in_rover__seed1415__gpu_full__df715c71__gitc188b320__codebebd8b2d__20260714T105400494420Z,msl_ncam_nlb_500661784edr_f0503076ncam07753m1,test_msl,soil,iou,,0,0,133546
segformer__scratch__mit-b0__in_rover__seed1415__gpu_full__df715c71__gitc188b320__codebebd8b2d__20260714T105400494420Z,msl_ncam_nlb_500661784edr_f0503076ncam07753m1,test_msl,bedrock,iou,1.0,133546,133546,133546
segformer__scratch__mit-b0__in_rover__seed1415__gpu_full__df715c71__gitc188b320__codebebd8b2d__20260714T105400494420Z,msl_ncam_nlb_500661784edr_f0503076ncam07753m1,test_msl,sand,iou,,0,0,133546
segformer__scratch__mit-b0__in_rover__seed1415__gpu_full__df715c71__gitc188b320__codebebd8b2d__20260714T105400494420Z,msl_ncam_nlb_500661784edr_f0503076ncam07753m1,test_msl,big_rock,iou,,0,0,133546
segformer__scratch__mit-b0__in_rover__seed1415__gpu_full__df715c71__gitc188b320__codebebd8b2d__20260714T105400494420Z,msl_ncam_nlb_500661784edr_f0503076ncam07753m1,test_msl,ALL,pixel_acc,1.0,0,0,133546
segformer__scratch__mit-b0__in_rover__seed1415__gpu_full__df715c71__gitc188b320__codebebd8b2d__20260714T105400494420Z,msl_ncam_nlb_500661784edr_f0503076ncam07753m1,test_msl,ALL,boundary_f1,1.0,0,0,133546
segformer__scratch__mit-b0__in_rover__seed1415__gpu_full__df715c71__gitc188b320__codebebd8b2d__20260714T105400494420Z,msl_ncam_nlb_502512171edr_f0511298ncam00320m1,test_msl,soil,iou,,0,0,142320
segformer__scratch__mit-b0__in_rover__seed1415__gpu_full__df715c71__gitc188b320__codebebd8b2d__20260714T105400494420Z,msl_ncam_nlb_502512171edr_f0511298ncam00320m1,test_msl,bedrock,iou,0.0,0,163,142320
segformer__scratch__mit-b0__in_rover__seed1415__gpu_full__df715c71__gitc188b320__codebebd8b2d__20260714T105400494420Z,msl_ncam_nlb_502512171edr_f0511298ncam00320m1,test_msl,sand,iou,0.998854693648117,142157,142320,142320
segformer__scratch__mit-b0__in_rover__seed1415__gpu_full__df715c71__gitc188b320__codebebd8b2d__20260714T105400494420Z,msl_ncam_nlb_502512171edr_f0511298ncam00320m1,test_msl,big_rock,iou,,0,0,142320
segformer__scratch__mit-b0__in_rover__seed1415__gpu_full__df715c71__gitc188b320__codebebd8b2d__20260714T105400494420Z,msl_ncam_nlb_502512171edr_f0511298ncam00320m1,test_msl,ALL,pixel_acc,0.998854693648117,0,0,142320
segformer__scratch__mit-b0__in_rover__seed1415__gpu_full__df715c71__gitc188b320__codebebd8b2d__20260714T105400494420Z,msl_ncam_nlb_502512171edr_f0511298ncam00320m1,test_msl,ALL,boundary_f1,0.49682515099891594,0,0,142320
segformer__scratch__mit-b0__in_rover__seed1415__gpu_full__df715c71__gitc188b320__codebebd8b2d__20260714T105400494420Z,msl_ncam_nlb_502515217edr_f0511406ncam00418m1,test_msl,soil,iou,,0,0,105136
segformer__scratch__mit-b0__in_rover__seed1415__gpu_full__df715c71__gitc188b320__codebebd8b2d__20260714T105400494420Z,msl_ncam_nlb_502515217edr_f0511406ncam00418m1,test_msl,bedrock,iou,0.9108150363673442,13399,14711,105136
segformer__scratch__mit-b0__in_rover__seed1415__gpu_full__df715c71__gitc188b320__codebebd8b2d__20260714T105400494420Z,msl_ncam_nlb_502515217edr_f0511406ncam00418m1,test_msl,sand,iou,0.985698246073013,90425,91737,105136
segformer__scratch__mit-b0__in_rover__seed1415__gpu_full__df715c71__gitc188b320__codebebd8b2d__20260714T105400494420Z,msl_ncam_nlb_502515217edr_f0511406ncam00418m1,test_msl,big_rock,iou,,0,0,105136
segformer__scratch__mit-b0__in_rover__seed1415__gpu_full__df715c71__gitc188b320__codebebd8b2d__20260714T105400494420Z,msl_ncam_nlb_502515217edr_f0511406ncam00418m1,test_msl,ALL,pixel_acc,0.9875209252777355,0,0,105136
segformer__scratch__mit-b0__in_rover__seed1415__gpu_full__df715c71__gitc188b320__codebebd8b2d__20260714T105400494420Z,msl_ncam_nlb_502515217edr_f0511406ncam00418m1,test_msl,ALL,boundary_f1,0.8329948867032333,0,0,105136
segformer__scratch__mit-b0__in_rover__seed1415__gpu_full__df715c71__gitc188b320__codebebd8b2d__20260714T105400494420Z,msl_ncam_nlb_502516548edr_f0511430ncam00353m1,test_msl,soil,iou,,0,0,181365
segformer__scratch__mit-b0__in_rover__seed1415__gpu_full__df715c71__gitc188b320__codebebd8b2d__20260714T105400494420Z,msl_ncam_nlb_502516548edr_f0511430ncam00353m1,test_msl,bedrock,iou,,0,0,181365
segformer__scratch__mit-b0__in_rover__seed1415__gpu_full__df715c71__gitc188b320__codebebd8b2d__20260714T105400494420Z,msl_ncam_nlb_502516548edr_f0511430ncam00353m1,test_msl,sand,iou,1.0,181365,181365,181365
segformer__scratch__mit-b0__in_rover__seed1415__gpu_full__df715c71__gitc188b320__codebebd8b2d__20260714T105400494420Z,msl_ncam_nlb_502516548edr_f0511430ncam00353m1,test_msl,big_rock,iou,,0,0,181365
segformer__scratch__mit-b0__in_rover__seed1415__gpu_full__df715c71__gitc188b320__codebebd8b2d__20260714T105400494420Z,msl_ncam_nlb_502516548edr_f0511430ncam00353m1,test_msl,ALL,pixel_acc,1.0,0,0,181365
segformer__scratch__mit-b0__in_rover__seed1415__gpu_full__df715c71__gitc188b320__codebebd8b2d__20260714T105400494420Z,msl_ncam_nlb_502516548edr_f0511430ncam00353m1,test_msl,ALL,boundary_f1,1.0,0,0,181365
segformer__scratch__mit-b0__in_rover__seed1415__gpu_full__df715c71__gitc188b320__codebebd8b2d__20260714T105400494420Z,msl_ncam_nlb_502516765edr_f0511430ncam00419m1,test_msl,soil,iou,,0,0,160319
segformer__scratch__mit-b0__in_rover__seed1415__gpu_full__df715c71__gitc188b320__codebebd8b2d__20260714T105400494420Z,msl_ncam_nlb_502516765edr_f0511430ncam00419m1,test_msl,bedrock,iou,0.8929470127255734,12420,13909,160319
segformer__scratch__mit-b0__in_rover__seed1415__gpu_full__df715c71__gitc188b320__codebebd8b2d__20260714T105400494420Z,msl_ncam_nlb_502516765edr_f0511430ncam00419m1,test_msl,sand,iou,0.989932318676935,146410,147899,160319
segformer__scratch__mit-b0__in_rover__seed1415__gpu_full__df715c71__gitc188b320__codebebd8b2d__20260714T105400494420Z,msl_ncam_nlb_502516765edr_f0511430ncam00419m1,test_msl,big_rock,iou,,0,0,160319
segformer__scratch__mit-b0__in_rover__seed1415__gpu_full__df715c71__gitc188b320__codebebd8b2d__20260714T105400494420Z,msl_ncam_nlb_502516765edr_f0511430ncam00419m1,test_msl,ALL,pixel_acc,0.9907122674168377,0,0,160319
segformer__scratch__mit-b0__in_rover__seed1415__gpu_full__df715c71__gitc188b320__codebebd8b2d__20260714T105400494420Z,msl_ncam_nlb_502516765edr_f0511430ncam00419m1,test_msl,ALL,boundary_f1,0.8993867684116186,0,0,160319
segformer__scratch__mit-b0__in_rover__seed1415__gpu_full__df715c71__gitc188b320__codebebd8b2d__20260714T105400494420Z,msl_ncam_nlb_502516974edr_f0511430ncam09842m1,test_msl,soil,iou,,0,0,159008
segformer__scratch__mit-b0__in_rover__seed1415__gpu_full__df715c71__gitc188b320__codebebd8b2d__20260714T105400494420Z,msl_ncam_nlb_502516974edr_f0511430ncam09842m1,test_msl,bedrock,iou,0.9966032608695652,8802,8832,159008
segformer__scratch__mit-b0__in_rover__seed1415__gpu_full__df715c71__gitc188b320__codebebd8b2d__20260714T105400494420Z,msl_ncam_nlb_502516974edr_f0511430ncam09842m1,test_msl,sand,iou,0.9998002742899751,150176,150206,159008
segformer__scratch__mit-b0__in_rover__seed1415__gpu_full__df715c71__gitc188b320__codebebd8b2d__20260714T105400494420Z,msl_ncam_nlb_502516974edr_f0511430ncam09842m1,test_msl,big_rock,iou,,0,0,159008
segformer__scratch__mit-b0__in_rover__seed1415__gpu_full__df715c71__gitc188b320__codebebd8b2d__20260714T105400494420Z,msl_ncam_nlb_502516974edr_f0511430ncam09842m1,test_msl,ALL,pixel_acc,0.9998113302475348,0,0,159008
segformer__scratch__mit-b0__in_rover__seed1415__gpu_full__df715c71__gitc188b320__codebebd8b2d__20260714T105400494420Z,msl_ncam_nlb_502516974edr_f0511430ncam09842m1,test_msl,ALL,boundary_f1,0.9937137043599884,0,0,159008
segformer__scratch__mit-b0__in_rover__seed1415__gpu_full__df715c71__gitc188b320__codebebd8b2d__20260714T105400494420Z,msl_ncam_nlb_502517100edr_f0511430ncam09842m1,test_msl,soil,iou,,0,0,195816
segformer__scratch__mit-b0__in_rover__seed1415__gpu_full__df715c71__gitc188b320__codebebd8b2d__20260714T105400494420Z,msl_ncam_nlb_502517100edr_f0511430ncam09842m1,test_msl,bedrock,iou,,0,0,195816
segformer__scratch__mit-b0__in_rover__seed1415__gpu_full__df715c71__gitc188b320__codebebd8b2d__20260714T105400494420Z,msl_ncam_nlb_502517100edr_f0511430ncam09842m1,test_msl,sand,iou,1.0,195816,195816,195816
segformer__scratch__mit-b0__in_rover__seed1415__gpu_full__df715c71__gitc188b320__codebebd8b2d__20260714T105400494420Z,msl_ncam_nlb_502517100edr_f0511430ncam09842m1,test_msl,big_rock,iou,,0,0,195816
segformer__scratch__mit-b0__in_rover__seed1415__gpu_full__df715c71__gitc188b320__codebebd8b2d__20260714T105400494420Z,msl_ncam_nlb_502517100edr_f0511430ncam09842m1,test_msl,ALL,pixel_acc,1.0,0,0,195816
segformer__scratch__mit-b0__in_rover__seed1415__gpu_full__df715c71__gitc188b320__codebebd8b2d__20260714T105400494420Z,msl_ncam_nlb_502517100edr_f0511430ncam09842m1,test_msl,ALL,boundary_f1,1.0,0,0,195816
segformer__scratch__mit-b0__in_rover__seed1415__gpu_full__df715c71__gitc188b320__codebebd8b2d__20260714T105400494420Z,msl_ncam_nlb_502517193edr_f0511430ncam09842m1,test_msl,soil,iou,,0,0,102176
segformer__scratch__mit-b0__in_rover__seed1415__gpu_full__df715c71__gitc188b320__codebebd8b2d__20260714T105400494420Z,msl_ncam_nlb_502517193edr_f0511430ncam09842m1,test_msl,bedrock,iou,0.9653035077391876,27877,28879,102176
segformer__scratch__mit-b0__in_rover__seed1415__gpu_full__df715c71__gitc188b320__codebebd8b2d__20260714T105400494420Z,msl_ncam_nlb_502517193edr_f0511430ncam09842m1,test_msl,sand,iou,0.9865139503896418,73297,74299,102176
segformer__scratch__mit-b0__in_rover__seed1415__gpu_full__df715c71__gitc188b320__codebebd8b2d__20260714T105400494420Z,msl_ncam_nlb_502517193edr_f0511430ncam09842m1,test_msl,big_rock,iou,,0,0,102176
segformer__scratch__mit-b0__in_rover__seed1415__gpu_full__df715c71__gitc188b320__codebebd8b2d__20260714T105400494420Z,msl_ncam_nlb_502517193edr_f0511430ncam09842m1,test_msl,ALL,pixel_acc,0.9901933917945506,0,0,102176
segformer__scratch__mit-b0__in_rover__seed1415__gpu_full__df715c71__gitc188b320__codebebd8b2d__20260714T105400494420Z,msl_ncam_nlb_502517193edr_f0511430ncam09842m1,test_msl,ALL,boundary_f1,0.9406725670762872,0,0,102176
segformer__scratch__mit-b0__in_rover__seed1415__gpu_full__df715c71__gitc188b320__codebebd8b2d__20260714T105400494420Z,msl_ncam_nlb_504390285edr_f0520004ncam00353m1,test_msl,soil,iou,,0,0,0
segformer__scratch__mit-b0__in_rover__seed1415__gpu_full__df715c71__gitc188b320__codebebd8b2d__20260714T105400494420Z,msl_ncam_nlb_504390285edr_f0520004ncam00353m1,test_msl,bedrock,iou,,0,0,0
segformer__scratch__mit-b0__in_rover__seed1415__gpu_full__df715c71__gitc188b320__codebebd8b2d__20260714T105400494420Z,msl_ncam_nlb_504390285edr_f0520004ncam00353m1,test_msl,sand,iou,,0,0,0
segformer__scratch__mit-b0__in_rover__seed1415__gpu_full__df715c71__gitc188b320__codebebd8b2d__20260714T105400494420Z,msl_ncam_nlb_504390285edr_f0520004ncam00353m1,test_msl,big_rock,iou,,0,0,0
segformer__scratch__mit-b0__in_rover__seed1415__gpu_full__df715c71__gitc188b320__codebebd8b2d__20260714T105400494420Z,msl_ncam_nlb_504390285edr_f0520004ncam00353m1,test_msl,ALL,pixel_acc,,0,0,0
segformer__scratch__mit-b0__in_rover__seed1415__gpu_full__df715c71__gitc188b320__codebebd8b2d__20260714T105400494420Z,msl_ncam_nlb_504390285edr_f0520004ncam00353m1,test_msl,ALL,boundary_f1,,0,0,0
segformer__scratch__mit-b0__in_rover__seed1415__gpu_full__df715c71__gitc188b320__codebebd8b2d__20260714T105400494420Z,msl_ncam_nlb_504390796edr_f0520004ncam00354m1,test_msl,soil,iou,,0,0,98057
segformer__scratch__mit-b0__in_rover__seed1415__gpu_full__df715c71__gitc188b320__codebebd8b2d__20260714T105400494420Z,msl_ncam_nlb_504390796edr_f0520004ncam00354m1,test_msl,bedrock,iou,0.8481495456724151,83167,98057,98057
segformer__scratch__mit-b0__in_rover__seed1415__gpu_full__df715c71__gitc188b320__codebebd8b2d__20260714T105400494420Z,msl_ncam_nlb_504390796edr_f0520004ncam00354m1,test_msl,sand,iou,0.0,0,14890,98057
segformer__scratch__mit-b0__in_rover__seed1415__gpu_full__df715c71__gitc188b320__codebebd8b2d__20260714T105400494420Z,msl_ncam_nlb_504390796edr_f0520004ncam00354m1,test_msl,big_rock,iou,,0,0,98057
segformer__scratch__mit-b0__in_rover__seed1415__gpu_full__df715c71__gitc188b320__codebebd8b2d__20260714T105400494420Z,msl_ncam_nlb_504390796edr_f0520004ncam00354m1,test_msl,ALL,pixel_acc,0.8481495456724151,0,0,98057
segformer__scratch__mit-b0__in_rover__seed1415__gpu_full__df715c71__gitc188b320__codebebd8b2d__20260714T105400494420Z,msl_ncam_nlb_504390796edr_f0520004ncam00354m1,test_msl,ALL,boundary_f1,0.41324860388985174,0,0,98057
segformer__scratch__mit-b0__in_rover__seed1415__gpu_full__df715c71__gitc188b320__codebebd8b2d__20260714T105400494420Z,msl_ncam_nlb_504390846edr_f0520004ncam00354m1,test_msl,soil,iou,,0,0,66198
segformer__scratch__mit-b0__in_rover__seed1415__gpu_full__df715c71__gitc188b320__codebebd8b2d__20260714T105400494420Z,msl_ncam_nlb_504390846edr_f0520004ncam00354m1,test_msl,bedrock,iou,0.7634520680383093,50539,66198,66198
segformer__scratch__mit-b0__in_rover__seed1415__gpu_full__df715c71__gitc188b320__codebebd8b2d__20260714T105400494420Z,msl_ncam_nlb_504390846edr_f0520004ncam00354m1,test_msl,sand,iou,0.0,0,15659,66198
segformer__scratch__mit-b0__in_rover__seed1415__gpu_full__df715c71__gitc188b320__codebebd8b2d__20260714T105400494420Z,msl_ncam_nlb_504390846edr_f0520004ncam00354m1,test_msl,big_rock,iou,,0,0,66198
segformer__scratch__mit-b0__in_rover__seed1415__gpu_full__df715c71__gitc188b320__codebebd8b2d__20260714T105400494420Z,msl_ncam_nlb_504390846edr_f0520004ncam00354m1,test_msl,ALL,pixel_acc,0.7634520680383093,0,0,66198
segformer__scratch__mit-b0__in_rover__seed1415__gpu_full__df715c71__gitc188b320__codebebd8b2d__20260714T105400494420Z,msl_ncam_nlb_504390846edr_f0520004ncam00354m1,test_msl,ALL,boundary_f1,0.3643954077829134,0,0,66198
segformer__scratch__mit-b0__in_rover__seed1415__gpu_full__df715c71__gitc188b320__codebebd8b2d__20260714T105400494420Z,msl_ncam_nlb_504391195edr_f0520004ncam07753m1,test_msl,soil,iou,,0,0,173925
segformer__scratch__mit-b0__in_rover__seed1415__gpu_full__df715c71__gitc188b320__codebebd8b2d__20260714T105400494420Z,msl_ncam_nlb_504391195edr_f0520004ncam07753m1,test_msl,bedrock,iou,0.9709981723864203,52598,54169,173925
segformer__scratch__mit-b0__in_rover__seed1415__gpu_full__df715c71__gitc188b320__codebebd8b2d__20260714T105400494420Z,msl_ncam_nlb_504391195edr_f0520004ncam07753m1,test_msl,sand,iou,0.9870515219201003,119756,121327,173925
segformer__scratch__mit-b0__in_rover__seed1415__gpu_full__df715c71__gitc188b320__codebebd8b2d__20260714T105400494420Z,msl_ncam_nlb_504391195edr_f0520004ncam07753m1,test_msl,big_rock,iou,,0,0,173925
segformer__scratch__mit-b0__in_rover__seed1415__gpu_full__df715c71__gitc188b320__codebebd8b2d__20260714T105400494420Z,msl_ncam_nlb_504391195edr_f0520004ncam07753m1,test_msl,ALL,pixel_acc,0.9909673709932442,0,0,173925
segformer__scratch__mit-b0__in_rover__seed1415__gpu_full__df715c71__gitc188b320__codebebd8b2d__20260714T105400494420Z,msl_ncam_nlb_504391195edr_f0520004ncam07753m1,test_msl,ALL,boundary_f1,0.8915975396422324,0,0,173925
segformer__scratch__mit-b0__in_rover__seed1415__gpu_full__df715c71__gitc188b320__codebebd8b2d__20260714T105400494420Z,msl_ncam_nlb_504391382edr_f0520004ncam07753m1,test_msl,soil,iou,,0,0,62981
segformer__scratch__mit-b0__in_rover__seed1415__gpu_full__df715c71__gitc188b320__codebebd8b2d__20260714T105400494420Z,msl_ncam_nlb_504391382edr_f0520004ncam07753m1,test_msl,bedrock,iou,0.9794452205148673,29448,30066,62981
segformer__scratch__mit-b0__in_rover__seed1415__gpu_full__df715c71__gitc188b320__codebebd8b2d__20260714T105400494420Z,msl_ncam_nlb_504391382edr_f0520004ncam07753m1,test_msl,sand,iou,0.9815703933438702,32915,33533,62981
segformer__scratch__mit-b0__in_rover__seed1415__gpu_full__df715c71__gitc188b320__codebebd8b2d__20260714T105400494420Z,msl_ncam_nlb_504391382edr_f0520004ncam07753m1,test_msl,big_rock,iou,,0,0,62981
segformer__scratch__mit-b0__in_rover__seed1415__gpu_full__df715c71__gitc188b320__codebebd8b2d__20260714T105400494420Z,msl_ncam_nlb_504391382edr_f0520004ncam07753m1,test_msl,ALL,pixel_acc,0.9901875168701672,0,0,62981
segformer__scratch__mit-b0__in_rover__seed1415__gpu_full__df715c71__gitc188b320__codebebd8b2d__20260714T105400494420Z,msl_ncam_nlb_504391382edr_f0520004ncam07753m1,test_msl,ALL,boundary_f1,0.9522228060868101,0,0,62981
segformer__scratch__mit-b0__in_rover__seed1415__gpu_full__df715c71__gitc188b320__codebebd8b2d__20260714T105400494420Z,msl_ncam_nlb_505891855edr_f0521112ncam00319m1,test_msl,soil,iou,,0,0,93351
segformer__scratch__mit-b0__in_rover__seed1415__gpu_full__df715c71__gitc188b320__codebebd8b2d__20260714T105400494420Z,msl_ncam_nlb_505891855edr_f0521112ncam00319m1,test_msl,bedrock,iou,,0,0,93351
segformer__scratch__mit-b0__in_rover__seed1415__gpu_full__df715c71__gitc188b320__codebebd8b2d__20260714T105400494420Z,msl_ncam_nlb_505891855edr_f0521112ncam00319m1,test_msl,sand,iou,1.0,93351,93351,93351
segformer__scratch__mit-b0__in_rover__seed1415__gpu_full__df715c71__gitc188b320__codebebd8b2d__20260714T105400494420Z,msl_ncam_nlb_505891855edr_f0521112ncam00319m1,test_msl,big_rock,iou,,0,0,93351
segformer__scratch__mit-b0__in_rover__seed1415__gpu_full__df715c71__gitc188b320__codebebd8b2d__20260714T105400494420Z,msl_ncam_nlb_505891855edr_f0521112ncam00319m1,test_msl,ALL,pixel_acc,1.0,0,0,93351
segformer__scratch__mit-b0__in_rover__seed1415__gpu_full__df715c71__gitc188b320__codebebd8b2d__20260714T105400494420Z,msl_ncam_nlb_505891855edr_f0521112ncam00319m1,test_msl,ALL,boundary_f1,1.0,0,0,93351
segformer__scratch__mit-b0__in_rover__seed1415__gpu_full__df715c71__gitc188b320__codebebd8b2d__20260714T105400494420Z,msl_ncam_nlb_505898310edr_f0521162ncam12753m1,test_msl,soil,iou,,0,0,39614
segformer__scratch__mit-b0__in_rover__seed1415__gpu_full__df715c71__gitc188b320__codebebd8b2d__20260714T105400494420Z,msl_ncam_nlb_505898310edr_f0521162ncam12753m1,test_msl,bedrock,iou,0.8555056293229666,33890,39614,39614
segformer__scratch__mit-b0__in_rover__seed1415__gpu_full__df715c71__gitc188b320__codebebd8b2d__20260714T105400494420Z,msl_ncam_nlb_505898310edr_f0521162ncam12753m1,test_msl,sand,iou,0.0,0,5724,39614
segformer__scratch__mit-b0__in_rover__seed1415__gpu_full__df715c71__gitc188b320__codebebd8b2d__20260714T105400494420Z,msl_ncam_nlb_505898310edr_f0521162ncam12753m1,test_msl,big_rock,iou,,0,0,39614
segformer__scratch__mit-b0__in_rover__seed1415__gpu_full__df715c71__gitc188b320__codebebd8b2d__20260714T105400494420Z,msl_ncam_nlb_505898310edr_f0521162ncam12753m1,test_msl,ALL,pixel_acc,0.8555056293229666,0,0,39614
segformer__scratch__mit-b0__in_rover__seed1415__gpu_full__df715c71__gitc188b320__codebebd8b2d__20260714T105400494420Z,msl_ncam_nlb_505898310edr_f0521162ncam12753m1,test_msl,ALL,boundary_f1,0.4613887875471239,0,0,39614
segformer__scratch__mit-b0__in_rover__seed1415__gpu_full__df715c71__gitc188b320__codebebd8b2d__20260714T105400494420Z,msl_ncam_nlb_505898372edr_f0521162ncam12753m1,test_msl,soil,iou,,0,0,70730
segformer__scratch__mit-b0__in_rover__seed1415__gpu_full__df715c71__gitc188b320__codebebd8b2d__20260714T105400494420Z,msl_ncam_nlb_505898372edr_f0521162ncam12753m1,test_msl,bedrock,iou,0.7663809555696923,45779,59734,70730
segformer__scratch__mit-b0__in_rover__seed1415__gpu_full__df715c71__gitc188b320__codebebd8b2d__20260714T105400494420Z,msl_ncam_nlb_505898372edr_f0521162ncam12753m1,test_msl,sand,iou,0.440703779407639,10996,24951,70730
segformer__scratch__mit-b0__in_rover__seed1415__gpu_full__df715c71__gitc188b320__codebebd8b2d__20260714T105400494420Z,msl_ncam_nlb_505898372edr_f0521162ncam12753m1,test_msl,big_rock,iou,,0,0,70730
segformer__scratch__mit-b0__in_rover__seed1415__gpu_full__df715c71__gitc188b320__codebebd8b2d__20260714T105400494420Z,msl_ncam_nlb_505898372edr_f0521162ncam12753m1,test_msl,ALL,pixel_acc,0.8027004100098968,0,0,70730
segformer__scratch__mit-b0__in_rover__seed1415__gpu_full__df715c71__gitc188b320__codebebd8b2d__20260714T105400494420Z,msl_ncam_nlb_505898372edr_f0521162ncam12753m1,test_msl,ALL,boundary_f1,0.5183982634646059,0,0,70730
segformer__scratch__mit-b0__in_rover__seed1415__gpu_full__df715c71__gitc188b320__codebebd8b2d__20260714T105400494420Z,msl_ncam_nlb_505898434edr_f0521162ncam12753m1,test_msl,soil,iou,,0,0,186871
segformer__scratch__mit-b0__in_rover__seed1415__gpu_full__df715c71__gitc188b320__codebebd8b2d__20260714T105400494420Z,msl_ncam_nlb_505898434edr_f0521162ncam12753m1,test_msl,bedrock,iou,,0,0,186871
segformer__scratch__mit-b0__in_rover__seed1415__gpu_full__df715c71__gitc188b320__codebebd8b2d__20260714T105400494420Z,msl_ncam_nlb_505898434edr_f0521162ncam12753m1,test_msl,sand,iou,0.9963985851202166,186198,186871,186871
segformer__scratch__mit-b0__in_rover__seed1415__gpu_full__df715c71__gitc188b320__codebebd8b2d__20260714T105400494420Z,msl_ncam_nlb_505898434edr_f0521162ncam12753m1,test_msl,big_rock,iou,0.0,0,673,186871
segformer__scratch__mit-b0__in_rover__seed1415__gpu_full__df715c71__gitc188b320__codebebd8b2d__20260714T105400494420Z,msl_ncam_nlb_505898434edr_f0521162ncam12753m1,test_msl,ALL,pixel_acc,0.9963985851202166,0,0,186871
segformer__scratch__mit-b0__in_rover__seed1415__gpu_full__df715c71__gitc188b320__codebebd8b2d__20260714T105400494420Z,msl_ncam_nlb_505898434edr_f0521162ncam12753m1,test_msl,ALL,boundary_f1,0.4778197090555579,0,0,186871
segformer__scratch__mit-b0__in_rover__seed1415__gpu_full__df715c71__gitc188b320__codebebd8b2d__20260714T105400494420Z,msl_ncam_nlb_505898562edr_f0521162ncam12753m1,test_msl,soil,iou,,0,0,0
segformer__scratch__mit-b0__in_rover__seed1415__gpu_full__df715c71__gitc188b320__codebebd8b2d__20260714T105400494420Z,msl_ncam_nlb_505898562edr_f0521162ncam12753m1,test_msl,bedrock,iou,,0,0,0
segformer__scratch__mit-b0__in_rover__seed1415__gpu_full__df715c71__gitc188b320__codebebd8b2d__20260714T105400494420Z,msl_ncam_nlb_505898562edr_f0521162ncam12753m1,test_msl,sand,iou,,0,0,0
segformer__scratch__mit-b0__in_rover__seed1415__gpu_full__df715c71__gitc188b320__codebebd8b2d__20260714T105400494420Z,msl_ncam_nlb_505898562edr_f0521162ncam12753m1,test_msl,big_rock,iou,,0,0,0
segformer__scratch__mit-b0__in_rover__seed1415__gpu_full__df715c71__gitc188b320__codebebd8b2d__20260714T105400494420Z,msl_ncam_nlb_505898562edr_f0521162ncam12753m1,test_msl,ALL,pixel_acc,,0,0,0
segformer__scratch__mit-b0__in_rover__seed1415__gpu_full__df715c71__gitc188b320__codebebd8b2d__20260714T105400494420Z,msl_ncam_nlb_505898562edr_f0521162ncam12753m1,test_msl,ALL,boundary_f1,,0,0,0
segformer__scratch__mit-b0__in_rover__seed1415__gpu_full__df715c71__gitc188b320__codebebd8b2d__20260714T105400494420Z,msl_ncam_nlb_505898711edr_f0521162ncam12753m1,test_msl,soil,iou,,0,0,84361
segformer__scratch__mit-b0__in_rover__seed1415__gpu_full__df715c71__gitc188b320__codebebd8b2d__20260714T105400494420Z,msl_ncam_nlb_505898711edr_f0521162ncam12753m1,test_msl,bedrock,iou,0.9969215813350616,12306,12344,84361
segformer__scratch__mit-b0__in_rover__seed1415__gpu_full__df715c71__gitc188b320__codebebd8b2d__20260714T105400494420Z,msl_ncam_nlb_505898711edr_f0521162ncam12753m1,test_msl,sand,iou,0.9994726250780653,72017,72055,84361
segformer__scratch__mit-b0__in_rover__seed1415__gpu_full__df715c71__gitc188b320__codebebd8b2d__20260714T105400494420Z,msl_ncam_nlb_505898711edr_f0521162ncam12753m1,test_msl,big_rock,iou,,0,0,84361
segformer__scratch__mit-b0__in_rover__seed1415__gpu_full__df715c71__gitc188b320__codebebd8b2d__20260714T105400494420Z,msl_ncam_nlb_505898711edr_f0521162ncam12753m1,test_msl,ALL,pixel_acc,0.9995495548891076,0,0,84361
segformer__scratch__mit-b0__in_rover__seed1415__gpu_full__df715c71__gitc188b320__codebebd8b2d__20260714T105400494420Z,msl_ncam_nlb_505898711edr_f0521162ncam12753m1,test_msl,ALL,boundary_f1,0.992705529025014,0,0,84361
segformer__scratch__mit-b0__in_rover__seed1415__gpu_full__df715c71__gitc188b320__codebebd8b2d__20260714T105400494420Z,msl_ncam_nlb_505898763edr_f0521162ncam00353m1,test_msl,soil,iou,,0,0,107150
segformer__scratch__mit-b0__in_rover__seed1415__gpu_full__df715c71__gitc188b320__codebebd8b2d__20260714T105400494420Z,msl_ncam_nlb_505898763edr_f0521162ncam00353m1,test_msl,bedrock,iou,0.6733707000769316,6127,9099,107150
segformer__scratch__mit-b0__in_rover__seed1415__gpu_full__df715c71__gitc188b320__codebebd8b2d__20260714T105400494420Z,msl_ncam_nlb_505898763edr_f0521162ncam00353m1,test_msl,sand,iou,0.9967064803049556,98051,98375,107150
segformer__scratch__mit-b0__in_rover__seed1415__gpu_full__df715c71__gitc188b320__codebebd8b2d__20260714T105400494420Z,msl_ncam_nlb_505898763edr_f0521162ncam00353m1,test_msl,big_rock,iou,0.0,0,2648,107150
segformer__scratch__mit-b0__in_rover__seed1415__gpu_full__df715c71__gitc188b320__codebebd8b2d__20260714T105400494420Z,msl_ncam_nlb_505898763edr_f0521162ncam00353m1,test_msl,ALL,pixel_acc,0.972263182454503,0,0,107150
segformer__scratch__mit-b0__in_rover__seed1415__gpu_full__df715c71__gitc188b320__codebebd8b2d__20260714T105400494420Z,msl_ncam_nlb_505898763edr_f0521162ncam00353m1,test_msl,ALL,boundary_f1,0.5338451195627943,0,0,107150
segformer__scratch__mit-b0__in_rover__seed1415__gpu_full__df715c71__gitc188b320__codebebd8b2d__20260714T105400494420Z,msl_ncam_nlb_505900047edr_f0521162ncam00352m1,test_msl,soil,iou,,0,0,228276
segformer__scratch__mit-b0__in_rover__seed1415__gpu_full__df715c71__gitc188b320__codebebd8b2d__20260714T105400494420Z,msl_ncam_nlb_505900047edr_f0521162ncam00352m1,test_msl,bedrock,iou,0.0,0,228276,228276
segformer__scratch__mit-b0__in_rover__seed1415__gpu_full__df715c71__gitc188b320__codebebd8b2d__20260714T105400494420Z,msl_ncam_nlb_505900047edr_f0521162ncam00352m1,test_msl,sand,iou,0.0,0,228276,228276
segformer__scratch__mit-b0__in_rover__seed1415__gpu_full__df715c71__gitc188b320__codebebd8b2d__20260714T105400494420Z,msl_ncam_nlb_505900047edr_f0521162ncam00352m1,test_msl,big_rock,iou,,0,0,228276
segformer__scratch__mit-b0__in_rover__seed1415__gpu_full__df715c71__gitc188b320__codebebd8b2d__20260714T105400494420Z,msl_ncam_nlb_505900047edr_f0521162ncam00352m1,test_msl,ALL,pixel_acc,0.0,0,0,228276
segformer__scratch__mit-b0__in_rover__seed1415__gpu_full__df715c71__gitc188b320__codebebd8b2d__20260714T105400494420Z,msl_ncam_nlb_505900047edr_f0521162ncam00352m1,test_msl,ALL,boundary_f1,0.0,0,0,228276
segformer__scratch__mit-b0__in_rover__seed1415__gpu_full__df715c71__gitc188b320__codebebd8b2d__20260714T105400494420Z,msl_ncam_nlb_512555058edr_f0532644ncam00264m1,test_msl,soil,iou,,0,0,77059
segformer__scratch__mit-b0__in_rover__seed1415__gpu_full__df715c71__gitc188b320__codebebd8b2d__20260714T105400494420Z,msl_ncam_nlb_512555058edr_f0532644ncam00264m1,test_msl,bedrock,iou,0.9871545003543586,33429,33864,77059
segformer__scratch__mit-b0__in_rover__seed1415__gpu_full__df715c71__gitc188b320__codebebd8b2d__20260714T105400494420Z,msl_ncam_nlb_512555058edr_f0532644ncam00264m1,test_msl,sand,iou,0.9967003553463473,43195,43338,77059
segformer__scratch__mit-b0__in_rover__seed1415__gpu_full__df715c71__gitc188b320__codebebd8b2d__20260714T105400494420Z,msl_ncam_nlb_512555058edr_f0532644ncam00264m1,test_msl,big_rock,iou,0.0,0,292,77059
segformer__scratch__mit-b0__in_rover__seed1415__gpu_full__df715c71__gitc188b320__codebebd8b2d__20260714T105400494420Z,msl_ncam_nlb_512555058edr_f0532644ncam00264m1,test_msl,ALL,pixel_acc,0.9943549747595998,0,0,77059
segformer__scratch__mit-b0__in_rover__seed1415__gpu_full__df715c71__gitc188b320__codebebd8b2d__20260714T105400494420Z,msl_ncam_nlb_512555058edr_f0532644ncam00264m1,test_msl,ALL,boundary_f1,0.651685570345574,0,0,77059
segformer__scratch__mit-b0__in_rover__seed1415__gpu_full__df715c71__gitc188b320__codebebd8b2d__20260714T105400494420Z,msl_ncam_nlb_512555120edr_f0532644ncam00264m1,test_msl,soil,iou,,0,0,31610
segformer__scratch__mit-b0__in_rover__seed1415__gpu_full__df715c71__gitc188b320__codebebd8b2d__20260714T105400494420Z,msl_ncam_nlb_512555120edr_f0532644ncam00264m1,test_msl,bedrock,iou,1.0,31610,31610,31610
segformer__scratch__mit-b0__in_rover__seed1415__gpu_full__df715c71__gitc188b320__codebebd8b2d__20260714T105400494420Z,msl_ncam_nlb_512555120edr_f0532644ncam00264m1,test_msl,sand,iou,,0,0,31610
segformer__scratch__mit-b0__in_rover__seed1415__gpu_full__df715c71__gitc188b320__codebebd8b2d__20260714T105400494420Z,msl_ncam_nlb_512555120edr_f0532644ncam00264m1,test_msl,big_rock,iou,,0,0,31610
segformer__scratch__mit-b0__in_rover__seed1415__gpu_full__df715c71__gitc188b320__codebebd8b2d__20260714T105400494420Z,msl_ncam_nlb_512555120edr_f0532644ncam00264m1,test_msl,ALL,pixel_acc,1.0,0,0,31610
segformer__scratch__mit-b0__in_rover__seed1415__gpu_full__df715c71__gitc188b320__codebebd8b2d__20260714T105400494420Z,msl_ncam_nlb_512555120edr_f0532644ncam00264m1,test_msl,ALL,boundary_f1,1.0,0,0,31610
segformer__scratch__mit-b0__in_rover__seed1415__gpu_full__df715c71__gitc188b320__codebebd8b2d__20260714T105400494420Z,msl_ncam_nlb_512555645edr_f0532644ncam00354m1,test_msl,soil,iou,,0,0,29150
segformer__scratch__mit-b0__in_rover__seed1415__gpu_full__df715c71__gitc188b320__codebebd8b2d__20260714T105400494420Z,msl_ncam_nlb_512555645edr_f0532644ncam00354m1,test_msl,bedrock,iou,0.0,0,29150,29150
segformer__scratch__mit-b0__in_rover__seed1415__gpu_full__df715c71__gitc188b320__codebebd8b2d__20260714T105400494420Z,msl_ncam_nlb_512555645edr_f0532644ncam00354m1,test_msl,sand,iou,0.0,0,29150,29150
segformer__scratch__mit-b0__in_rover__seed1415__gpu_full__df715c71__gitc188b320__codebebd8b2d__20260714T105400494420Z,msl_ncam_nlb_512555645edr_f0532644ncam00354m1,test_msl,big_rock,iou,,0,0,29150
segformer__scratch__mit-b0__in_rover__seed1415__gpu_full__df715c71__gitc188b320__codebebd8b2d__20260714T105400494420Z,msl_ncam_nlb_512555645edr_f0532644ncam00354m1,test_msl,ALL,pixel_acc,0.0,0,0,29150
segformer__scratch__mit-b0__in_rover__seed1415__gpu_full__df715c71__gitc188b320__codebebd8b2d__20260714T105400494420Z,msl_ncam_nlb_512555645edr_f0532644ncam00354m1,test_msl,ALL,boundary_f1,0.0,0,0,29150
segformer__scratch__mit-b0__in_rover__seed1415__gpu_full__df715c71__gitc188b320__codebebd8b2d__20260714T105400494420Z,msl_ncam_nlb_512555804edr_f0532644ncam07753m1,test_msl,soil,iou,,0,0,0
segformer__scratch__mit-b0__in_rover__seed1415__gpu_full__df715c71__gitc188b320__codebebd8b2d__20260714T105400494420Z,msl_ncam_nlb_512555804edr_f0532644ncam07753m1,test_msl,bedrock,iou,,0,0,0
segformer__scratch__mit-b0__in_rover__seed1415__gpu_full__df715c71__gitc188b320__codebebd8b2d__20260714T105400494420Z,msl_ncam_nlb_512555804edr_f0532644ncam07753m1,test_msl,sand,iou,,0,0,0
segformer__scratch__mit-b0__in_rover__seed1415__gpu_full__df715c71__gitc188b320__codebebd8b2d__20260714T105400494420Z,msl_ncam_nlb_512555804edr_f0532644ncam07753m1,test_msl,big_rock,iou,,0,0,0
segformer__scratch__mit-b0__in_rover__seed1415__gpu_full__df715c71__gitc188b320__codebebd8b2d__20260714T105400494420Z,msl_ncam_nlb_512555804edr_f0532644ncam07753m1,test_msl,ALL,pixel_acc,,0,0,0
segformer__scratch__mit-b0__in_rover__seed1415__gpu_full__df715c71__gitc188b320__codebebd8b2d__20260714T105400494420Z,msl_ncam_nlb_512555804edr_f0532644ncam07753m1,test_msl,ALL,boundary_f1,,0,0,0
segformer__scratch__mit-b0__in_rover__seed1415__gpu_full__df715c71__gitc188b320__codebebd8b2d__20260714T105400494420Z,msl_ncam_nlb_512555867edr_f0532644ncam07753m1,test_msl,soil,iou,,0,0,52439
segformer__scratch__mit-b0__in_rover__seed1415__gpu_full__df715c71__gitc188b320__codebebd8b2d__20260714T105400494420Z,msl_ncam_nlb_512555867edr_f0532644ncam07753m1,test_msl,bedrock,iou,0.9946681881677062,50556,50827,52439
segformer__scratch__mit-b0__in_rover__seed1415__gpu_full__df715c71__gitc188b320__codebebd8b2d__20260714T105400494420Z,msl_ncam_nlb_512555867edr_f0532644ncam07753m1,test_msl,sand,iou,0.7243759957514604,1364,1883,52439
segformer__scratch__mit-b0__in_rover__seed1415__gpu_full__df715c71__gitc188b320__codebebd8b2d__20260714T105400494420Z,msl_ncam_nlb_512555867edr_f0532644ncam07753m1,test_msl,big_rock,iou,0.0,0,248,52439
segformer__scratch__mit-b0__in_rover__seed1415__gpu_full__df715c71__gitc188b320__codebebd8b2d__20260714T105400494420Z,msl_ncam_nlb_512555867edr_f0532644ncam07753m1,test_msl,ALL,pixel_acc,0.9901027860943191,0,0,52439
segformer__scratch__mit-b0__in_rover__seed1415__gpu_full__df715c71__gitc188b320__codebebd8b2d__20260714T105400494420Z,msl_ncam_nlb_512555867edr_f0532644ncam07753m1,test_msl,ALL,boundary_f1,0.5845277005851063,0,0,52439
segformer__scratch__mit-b0__in_rover__seed1415__gpu_full__df715c71__gitc188b320__codebebd8b2d__20260714T105400494420Z,msl_ncam_nlb_520358689edr_f0550940ncam00299m1,test_msl,soil,iou,,0,0,27530
segformer__scratch__mit-b0__in_rover__seed1415__gpu_full__df715c71__gitc188b320__codebebd8b2d__20260714T105400494420Z,msl_ncam_nlb_520358689edr_f0550940ncam00299m1,test_msl,bedrock,iou,1.0,27530,27530,27530
segformer__scratch__mit-b0__in_rover__seed1415__gpu_full__df715c71__gitc188b320__codebebd8b2d__20260714T105400494420Z,msl_ncam_nlb_520358689edr_f0550940ncam00299m1,test_msl,sand,iou,,0,0,27530
segformer__scratch__mit-b0__in_rover__seed1415__gpu_full__df715c71__gitc188b320__codebebd8b2d__20260714T105400494420Z,msl_ncam_nlb_520358689edr_f0550940ncam00299m1,test_msl,big_rock,iou,,0,0,27530
segformer__scratch__mit-b0__in_rover__seed1415__gpu_full__df715c71__gitc188b320__codebebd8b2d__20260714T105400494420Z,msl_ncam_nlb_520358689edr_f0550940ncam00299m1,test_msl,ALL,pixel_acc,1.0,0,0,27530
segformer__scratch__mit-b0__in_rover__seed1415__gpu_full__df715c71__gitc188b320__codebebd8b2d__20260714T105400494420Z,msl_ncam_nlb_520358689edr_f0550940ncam00299m1,test_msl,ALL,boundary_f1,1.0,0,0,27530
segformer__scratch__mit-b0__in_rover__seed1415__gpu_full__df715c71__gitc188b320__codebebd8b2d__20260714T105400494420Z,msl_ncam_nlb_520358799edr_f0550940ncam00299m1,test_msl,soil,iou,,0,0,150778
segformer__scratch__mit-b0__in_rover__seed1415__gpu_full__df715c71__gitc188b320__codebebd8b2d__20260714T105400494420Z,msl_ncam_nlb_520358799edr_f0550940ncam00299m1,test_msl,bedrock,iou,1.0,150778,150778,150778
segformer__scratch__mit-b0__in_rover__seed1415__gpu_full__df715c71__gitc188b320__codebebd8b2d__20260714T105400494420Z,msl_ncam_nlb_520358799edr_f0550940ncam00299m1,test_msl,sand,iou,,0,0,150778
segformer__scratch__mit-b0__in_rover__seed1415__gpu_full__df715c71__gitc188b320__codebebd8b2d__20260714T105400494420Z,msl_ncam_nlb_520358799edr_f0550940ncam00299m1,test_msl,big_rock,iou,,0,0,150778
segformer__scratch__mit-b0__in_rover__seed1415__gpu_full__df715c71__gitc188b320__codebebd8b2d__20260714T105400494420Z,msl_ncam_nlb_520358799edr_f0550940ncam00299m1,test_msl,ALL,pixel_acc,1.0,0,0,150778
segformer__scratch__mit-b0__in_rover__seed1415__gpu_full__df715c71__gitc188b320__codebebd8b2d__20260714T105400494420Z,msl_ncam_nlb_520358799edr_f0550940ncam00299m1,test_msl,ALL,boundary_f1,1.0,0,0,150778
segformer__scratch__mit-b0__in_rover__seed1415__gpu_full__df715c71__gitc188b320__codebebd8b2d__20260714T105400494420Z,msl_ncam_nlb_520359057edr_f0550940ncam00654m1,test_msl,soil,iou,,0,0,36846
segformer__scratch__mit-b0__in_rover__seed1415__gpu_full__df715c71__gitc188b320__codebebd8b2d__20260714T105400494420Z,msl_ncam_nlb_520359057edr_f0550940ncam00654m1,test_msl,bedrock,iou,0.8093144439016446,29820,36846,36846
segformer__scratch__mit-b0__in_rover__seed1415__gpu_full__df715c71__gitc188b320__codebebd8b2d__20260714T105400494420Z,msl_ncam_nlb_520359057edr_f0550940ncam00654m1,test_msl,sand,iou,0.0,0,7026,36846
segformer__scratch__mit-b0__in_rover__seed1415__gpu_full__df715c71__gitc188b320__codebebd8b2d__20260714T105400494420Z,msl_ncam_nlb_520359057edr_f0550940ncam00654m1,test_msl,big_rock,iou,,0,0,36846
segformer__scratch__mit-b0__in_rover__seed1415__gpu_full__df715c71__gitc188b320__codebebd8b2d__20260714T105400494420Z,msl_ncam_nlb_520359057edr_f0550940ncam00654m1,test_msl,ALL,pixel_acc,0.8093144439016446,0,0,36846
segformer__scratch__mit-b0__in_rover__seed1415__gpu_full__df715c71__gitc188b320__codebebd8b2d__20260714T105400494420Z,msl_ncam_nlb_520359057edr_f0550940ncam00654m1,test_msl,ALL,boundary_f1,0.4054521852012116,0,0,36846
segformer__scratch__mit-b0__in_rover__seed1415__gpu_full__df715c71__gitc188b320__codebebd8b2d__20260714T105400494420Z,msl_ncam_nlb_520359112edr_f0550940ncam00654m1,test_msl,soil,iou,,0,0,51622
segformer__scratch__mit-b0__in_rover__seed1415__gpu_full__df715c71__gitc188b320__codebebd8b2d__20260714T105400494420Z,msl_ncam_nlb_520359112edr_f0550940ncam00654m1,test_msl,bedrock,iou,0.9766572391615977,50417,51622,51622
segformer__scratch__mit-b0__in_rover__seed1415__gpu_full__df715c71__gitc188b320__codebebd8b2d__20260714T105400494420Z,msl_ncam_nlb_520359112edr_f0550940ncam00654m1,test_msl,sand,iou,0.0,0,1205,51622
segformer__scratch__mit-b0__in_rover__seed1415__gpu_full__df715c71__gitc188b320__codebebd8b2d__20260714T105400494420Z,msl_ncam_nlb_520359112edr_f0550940ncam00654m1,test_msl,big_rock,iou,,0,0,51622
segformer__scratch__mit-b0__in_rover__seed1415__gpu_full__df715c71__gitc188b320__codebebd8b2d__20260714T105400494420Z,msl_ncam_nlb_520359112edr_f0550940ncam00654m1,test_msl,ALL,pixel_acc,0.9766572391615977,0,0,51622
segformer__scratch__mit-b0__in_rover__seed1415__gpu_full__df715c71__gitc188b320__codebebd8b2d__20260714T105400494420Z,msl_ncam_nlb_520359112edr_f0550940ncam00654m1,test_msl,ALL,boundary_f1,0.4903941938238224,0,0,51622
segformer__scratch__mit-b0__in_rover__seed1415__gpu_full__df715c71__gitc188b320__codebebd8b2d__20260714T105400494420Z,msl_ncam_nlb_520359279edr_f0550940ncam07753m1,test_msl,soil,iou,,0,0,52407
segformer__scratch__mit-b0__in_rover__seed1415__gpu_full__df715c71__gitc188b320__codebebd8b2d__20260714T105400494420Z,msl_ncam_nlb_520359279edr_f0550940ncam07753m1,test_msl,bedrock,iou,0.9570858854733146,50158,52407,52407
segformer__scratch__mit-b0__in_rover__seed1415__gpu_full__df715c71__gitc188b320__codebebd8b2d__20260714T105400494420Z,msl_ncam_nlb_520359279edr_f0550940ncam07753m1,test_msl,sand,iou,0.0,0,2249,52407
segformer__scratch__mit-b0__in_rover__seed1415__gpu_full__df715c71__gitc188b320__codebebd8b2d__20260714T105400494420Z,msl_ncam_nlb_520359279edr_f0550940ncam07753m1,test_msl,big_rock,iou,,0,0,52407
segformer__scratch__mit-b0__in_rover__seed1415__gpu_full__df715c71__gitc188b320__codebebd8b2d__20260714T105400494420Z,msl_ncam_nlb_520359279edr_f0550940ncam07753m1,test_msl,ALL,pixel_acc,0.9570858854733146,0,0,52407
segformer__scratch__mit-b0__in_rover__seed1415__gpu_full__df715c71__gitc188b320__codebebd8b2d__20260714T105400494420Z,msl_ncam_nlb_520359279edr_f0550940ncam07753m1,test_msl,ALL,boundary_f1,0.4879534021710352,0,0,52407
segformer__scratch__mit-b0__in_rover__seed1415__gpu_full__df715c71__gitc188b320__codebebd8b2d__20260714T105400494420Z,msl_ncam_nlb_520359399edr_f0550940ncam07753m1,test_msl,soil,iou,,0,0,6638
segformer__scratch__mit-b0__in_rover__seed1415__gpu_full__df715c71__gitc188b320__codebebd8b2d__20260714T105400494420Z,msl_ncam_nlb_520359399edr_f0550940ncam07753m1,test_msl,bedrock,iou,1.0,6638,6638,6638
segformer__scratch__mit-b0__in_rover__seed1415__gpu_full__df715c71__gitc188b320__codebebd8b2d__20260714T105400494420Z,msl_ncam_nlb_520359399edr_f0550940ncam07753m1,test_msl,sand,iou,,0,0,6638
segformer__scratch__mit-b0__in_rover__seed1415__gpu_full__df715c71__gitc188b320__codebebd8b2d__20260714T105400494420Z,msl_ncam_nlb_520359399edr_f0550940ncam07753m1,test_msl,big_rock,iou,,0,0,6638
segformer__scratch__mit-b0__in_rover__seed1415__gpu_full__df715c71__gitc188b320__codebebd8b2d__20260714T105400494420Z,msl_ncam_nlb_520359399edr_f0550940ncam07753m1,test_msl,ALL,pixel_acc,1.0,0,0,6638
segformer__scratch__mit-b0__in_rover__seed1415__gpu_full__df715c71__gitc188b320__codebebd8b2d__20260714T105400494420Z,msl_ncam_nlb_520359399edr_f0550940ncam07753m1,test_msl,ALL,boundary_f1,1.0,0,0,6638
segformer__scratch__mit-b0__in_rover__seed1415__gpu_full__df715c71__gitc188b320__codebebd8b2d__20260714T105400494420Z,msl_ncam_nlb_525148881edr_f0570774ncam00353m1,test_msl,soil,iou,,0,0,0
segformer__scratch__mit-b0__in_rover__seed1415__gpu_full__df715c71__gitc188b320__codebebd8b2d__20260714T105400494420Z,msl_ncam_nlb_525148881edr_f0570774ncam00353m1,test_msl,bedrock,iou,,0,0,0
segformer__scratch__mit-b0__in_rover__seed1415__gpu_full__df715c71__gitc188b320__codebebd8b2d__20260714T105400494420Z,msl_ncam_nlb_525148881edr_f0570774ncam00353m1,test_msl,sand,iou,,0,0,0
segformer__scratch__mit-b0__in_rover__seed1415__gpu_full__df715c71__gitc188b320__codebebd8b2d__20260714T105400494420Z,msl_ncam_nlb_525148881edr_f0570774ncam00353m1,test_msl,big_rock,iou,,0,0,0
segformer__scratch__mit-b0__in_rover__seed1415__gpu_full__df715c71__gitc188b320__codebebd8b2d__20260714T105400494420Z,msl_ncam_nlb_525148881edr_f0570774ncam00353m1,test_msl,ALL,pixel_acc,,0,0,0
segformer__scratch__mit-b0__in_rover__seed1415__gpu_full__df715c71__gitc188b320__codebebd8b2d__20260714T105400494420Z,msl_ncam_nlb_525148881edr_f0570774ncam00353m1,test_msl,ALL,boundary_f1,,0,0,0
segformer__scratch__mit-b0__in_rover__seed1415__gpu_full__df715c71__gitc188b320__codebebd8b2d__20260714T105400494420Z,msl_ncam_nlb_525149027edr_f0570774ncam00287m1,test_msl,soil,iou,,0,0,57576
segformer__scratch__mit-b0__in_rover__seed1415__gpu_full__df715c71__gitc188b320__codebebd8b2d__20260714T105400494420Z,msl_ncam_nlb_525149027edr_f0570774ncam00287m1,test_msl,bedrock,iou,1.0,57576,57576,57576
segformer__scratch__mit-b0__in_rover__seed1415__gpu_full__df715c71__gitc188b320__codebebd8b2d__20260714T105400494420Z,msl_ncam_nlb_525149027edr_f0570774ncam00287m1,test_msl,sand,iou,,0,0,57576
segformer__scratch__mit-b0__in_rover__seed1415__gpu_full__df715c71__gitc188b320__codebebd8b2d__20260714T105400494420Z,msl_ncam_nlb_525149027edr_f0570774ncam00287m1,test_msl,big_rock,iou,,0,0,57576
segformer__scratch__mit-b0__in_rover__seed1415__gpu_full__df715c71__gitc188b320__codebebd8b2d__20260714T105400494420Z,msl_ncam_nlb_525149027edr_f0570774ncam00287m1,test_msl,ALL,pixel_acc,1.0,0,0,57576
segformer__scratch__mit-b0__in_rover__seed1415__gpu_full__df715c71__gitc188b320__codebebd8b2d__20260714T105400494420Z,msl_ncam_nlb_525149027edr_f0570774ncam00287m1,test_msl,ALL,boundary_f1,1.0,0,0,57576
segformer__scratch__mit-b0__in_rover__seed1415__gpu_full__df715c71__gitc188b320__codebebd8b2d__20260714T105400494420Z,msl_ncam_nlb_525149336edr_f0570774ncam00654m1,test_msl,soil,iou,,0,0,38978
segformer__scratch__mit-b0__in_rover__seed1415__gpu_full__df715c71__gitc188b320__codebebd8b2d__20260714T105400494420Z,msl_ncam_nlb_525149336edr_f0570774ncam00654m1,test_msl,bedrock,iou,1.0,38978,38978,38978
segformer__scratch__mit-b0__in_rover__seed1415__gpu_full__df715c71__gitc188b320__codebebd8b2d__20260714T105400494420Z,msl_ncam_nlb_525149336edr_f0570774ncam00654m1,test_msl,sand,iou,,0,0,38978
segformer__scratch__mit-b0__in_rover__seed1415__gpu_full__df715c71__gitc188b320__codebebd8b2d__20260714T105400494420Z,msl_ncam_nlb_525149336edr_f0570774ncam00654m1,test_msl,big_rock,iou,,0,0,38978
segformer__scratch__mit-b0__in_rover__seed1415__gpu_full__df715c71__gitc188b320__codebebd8b2d__20260714T105400494420Z,msl_ncam_nlb_525149336edr_f0570774ncam00654m1,test_msl,ALL,pixel_acc,1.0,0,0,38978
segformer__scratch__mit-b0__in_rover__seed1415__gpu_full__df715c71__gitc188b320__codebebd8b2d__20260714T105400494420Z,msl_ncam_nlb_525149336edr_f0570774ncam00654m1,test_msl,ALL,boundary_f1,1.0,0,0,38978
segformer__scratch__mit-b0__in_rover__seed1415__gpu_full__df715c71__gitc188b320__codebebd8b2d__20260714T105400494420Z,msl_ncam_nlb_525149367edr_f0570774ncam00654m1,test_msl,soil,iou,,0,0,62531
segformer__scratch__mit-b0__in_rover__seed1415__gpu_full__df715c71__gitc188b320__codebebd8b2d__20260714T105400494420Z,msl_ncam_nlb_525149367edr_f0570774ncam00654m1,test_msl,bedrock,iou,0.9438358574147223,59019,62531,62531
segformer__scratch__mit-b0__in_rover__seed1415__gpu_full__df715c71__gitc188b320__codebebd8b2d__20260714T105400494420Z,msl_ncam_nlb_525149367edr_f0570774ncam00654m1,test_msl,sand,iou,0.0,0,3512,62531
segformer__scratch__mit-b0__in_rover__seed1415__gpu_full__df715c71__gitc188b320__codebebd8b2d__20260714T105400494420Z,msl_ncam_nlb_525149367edr_f0570774ncam00654m1,test_msl,big_rock,iou,,0,0,62531
segformer__scratch__mit-b0__in_rover__seed1415__gpu_full__df715c71__gitc188b320__codebebd8b2d__20260714T105400494420Z,msl_ncam_nlb_525149367edr_f0570774ncam00654m1,test_msl,ALL,pixel_acc,0.9438358574147223,0,0,62531
segformer__scratch__mit-b0__in_rover__seed1415__gpu_full__df715c71__gitc188b320__codebebd8b2d__20260714T105400494420Z,msl_ncam_nlb_525149367edr_f0570774ncam00654m1,test_msl,ALL,boundary_f1,0.47517624118794066,0,0,62531
segformer__scratch__mit-b0__in_rover__seed1415__gpu_full__df715c71__gitc188b320__codebebd8b2d__20260714T105400494420Z,msl_ncam_nlb_525149424edr_f0570774ncam00654m1,test_msl,soil,iou,,0,0,56706
segformer__scratch__mit-b0__in_rover__seed1415__gpu_full__df715c71__gitc188b320__codebebd8b2d__20260714T105400494420Z,msl_ncam_nlb_525149424edr_f0570774ncam00654m1,test_msl,bedrock,iou,0.9044898247099072,51290,56706,56706
segformer__scratch__mit-b0__in_rover__seed1415__gpu_full__df715c71__gitc188b320__codebebd8b2d__20260714T105400494420Z,msl_ncam_nlb_525149424edr_f0570774ncam00654m1,test_msl,sand,iou,0.0,0,5416,56706
segformer__scratch__mit-b0__in_rover__seed1415__gpu_full__df715c71__gitc188b320__codebebd8b2d__20260714T105400494420Z,msl_ncam_nlb_525149424edr_f0570774ncam00654m1,test_msl,big_rock,iou,,0,0,56706
segformer__scratch__mit-b0__in_rover__seed1415__gpu_full__df715c71__gitc188b320__codebebd8b2d__20260714T105400494420Z,msl_ncam_nlb_525149424edr_f0570774ncam00654m1,test_msl,ALL,pixel_acc,0.9044898247099072,0,0,56706
segformer__scratch__mit-b0__in_rover__seed1415__gpu_full__df715c71__gitc188b320__codebebd8b2d__20260714T105400494420Z,msl_ncam_nlb_525149424edr_f0570774ncam00654m1,test_msl,ALL,boundary_f1,0.4686192468619247,0,0,56706
segformer__scratch__mit-b0__in_rover__seed1415__gpu_full__df715c71__gitc188b320__codebebd8b2d__20260714T105400494420Z,msl_ncam_nlb_525149485edr_f0570774ncam07753m1,test_msl,soil,iou,,0,0,26086
segformer__scratch__mit-b0__in_rover__seed1415__gpu_full__df715c71__gitc188b320__codebebd8b2d__20260714T105400494420Z,msl_ncam_nlb_525149485edr_f0570774ncam07753m1,test_msl,bedrock,iou,0.8747485687761102,22614,25852,26086
segformer__scratch__mit-b0__in_rover__seed1415__gpu_full__df715c71__gitc188b320__codebebd8b2d__20260714T105400494420Z,msl_ncam_nlb_525149485edr_f0570774ncam07753m1,test_msl,sand,iou,0.0673963133640553,234,3472,26086
segformer__scratch__mit-b0__in_rover__seed1415__gpu_full__df715c71__gitc188b320__codebebd8b2d__20260714T105400494420Z,msl_ncam_nlb_525149485edr_f0570774ncam07753m1,test_msl,big_rock,iou,,0,0,26086
segformer__scratch__mit-b0__in_rover__seed1415__gpu_full__df715c71__gitc188b320__codebebd8b2d__20260714T105400494420Z,msl_ncam_nlb_525149485edr_f0570774ncam07753m1,test_msl,ALL,pixel_acc,0.8758721153108947,0,0,26086
segformer__scratch__mit-b0__in_rover__seed1415__gpu_full__df715c71__gitc188b320__codebebd8b2d__20260714T105400494420Z,msl_ncam_nlb_525149485edr_f0570774ncam07753m1,test_msl,ALL,boundary_f1,0.6290892199520115,0,0,26086
segformer__scratch__mit-b0__in_rover__seed1415__gpu_full__df715c71__gitc188b320__codebebd8b2d__20260714T105400494420Z,msl_ncam_nlb_525149600edr_f0570774ncam07753m1,test_msl,soil,iou,,0,0,0
segformer__scratch__mit-b0__in_rover__seed1415__gpu_full__df715c71__gitc188b320__codebebd8b2d__20260714T105400494420Z,msl_ncam_nlb_525149600edr_f0570774ncam07753m1,test_msl,bedrock,iou,,0,0,0
segformer__scratch__mit-b0__in_rover__seed1415__gpu_full__df715c71__gitc188b320__codebebd8b2d__20260714T105400494420Z,msl_ncam_nlb_525149600edr_f0570774ncam07753m1,test_msl,sand,iou,,0,0,0
segformer__scratch__mit-b0__in_rover__seed1415__gpu_full__df715c71__gitc188b320__codebebd8b2d__20260714T105400494420Z,msl_ncam_nlb_525149600edr_f0570774ncam07753m1,test_msl,big_rock,iou,,0,0,0
segformer__scratch__mit-b0__in_rover__seed1415__gpu_full__df715c71__gitc188b320__codebebd8b2d__20260714T105400494420Z,msl_ncam_nlb_525149600edr_f0570774ncam07753m1,test_msl,ALL,pixel_acc,,0,0,0
segformer__scratch__mit-b0__in_rover__seed1415__gpu_full__df715c71__gitc188b320__codebebd8b2d__20260714T105400494420Z,msl_ncam_nlb_525149600edr_f0570774ncam07753m1,test_msl,ALL,boundary_f1,,0,0,0
segformer__scratch__mit-b0__in_rover__seed1415__gpu_full__df715c71__gitc188b320__codebebd8b2d__20260714T105400494420Z,msl_ncam_nlb_525149717edr_f0570774ncam07753m1,test_msl,soil,iou,,0,0,41397
segformer__scratch__mit-b0__in_rover__seed1415__gpu_full__df715c71__gitc188b320__codebebd8b2d__20260714T105400494420Z,msl_ncam_nlb_525149717edr_f0570774ncam07753m1,test_msl,bedrock,iou,0.952218759813513,39419,41397,41397
segformer__scratch__mit-b0__in_rover__seed1415__gpu_full__df715c71__gitc188b320__codebebd8b2d__20260714T105400494420Z,msl_ncam_nlb_525149717edr_f0570774ncam07753m1,test_msl,sand,iou,0.0,0,1978,41397
segformer__scratch__mit-b0__in_rover__seed1415__gpu_full__df715c71__gitc188b320__codebebd8b2d__20260714T105400494420Z,msl_ncam_nlb_525149717edr_f0570774ncam07753m1,test_msl,big_rock,iou,,0,0,41397
segformer__scratch__mit-b0__in_rover__seed1415__gpu_full__df715c71__gitc188b320__codebebd8b2d__20260714T105400494420Z,msl_ncam_nlb_525149717edr_f0570774ncam07753m1,test_msl,ALL,pixel_acc,0.952218759813513,0,0,41397
segformer__scratch__mit-b0__in_rover__seed1415__gpu_full__df715c71__gitc188b320__codebebd8b2d__20260714T105400494420Z,msl_ncam_nlb_525149717edr_f0570774ncam07753m1,test_msl,ALL,boundary_f1,0.49305507566857854,0,0,41397
segformer__scratch__mit-b0__in_rover__seed1415__gpu_full__df715c71__gitc188b320__codebebd8b2d__20260714T105400494420Z,msl_ncam_nlb_527820640edr_f0580000ncam00253m1,test_msl,soil,iou,,0,0,92147
segformer__scratch__mit-b0__in_rover__seed1415__gpu_full__df715c71__gitc188b320__codebebd8b2d__20260714T105400494420Z,msl_ncam_nlb_527820640edr_f0580000ncam00253m1,test_msl,bedrock,iou,0.9586747262526181,88339,92147,92147
segformer__scratch__mit-b0__in_rover__seed1415__gpu_full__df715c71__gitc188b320__codebebd8b2d__20260714T105400494420Z,msl_ncam_nlb_527820640edr_f0580000ncam00253m1,test_msl,sand,iou,0.0,0,3808,92147
segformer__scratch__mit-b0__in_rover__seed1415__gpu_full__df715c71__gitc188b320__codebebd8b2d__20260714T105400494420Z,msl_ncam_nlb_527820640edr_f0580000ncam00253m1,test_msl,big_rock,iou,,0,0,92147
segformer__scratch__mit-b0__in_rover__seed1415__gpu_full__df715c71__gitc188b320__codebebd8b2d__20260714T105400494420Z,msl_ncam_nlb_527820640edr_f0580000ncam00253m1,test_msl,ALL,pixel_acc,0.9586747262526181,0,0,92147
segformer__scratch__mit-b0__in_rover__seed1415__gpu_full__df715c71__gitc188b320__codebebd8b2d__20260714T105400494420Z,msl_ncam_nlb_527820640edr_f0580000ncam00253m1,test_msl,ALL,boundary_f1,0.4814001060686416,0,0,92147
segformer__scratch__mit-b0__in_rover__seed1415__gpu_full__df715c71__gitc188b320__codebebd8b2d__20260714T105400494420Z,msl_ncam_nlb_527820910edr_f0580000ncam00654m1,test_msl,soil,iou,,0,0,42689
segformer__scratch__mit-b0__in_rover__seed1415__gpu_full__df715c71__gitc188b320__codebebd8b2d__20260714T105400494420Z,msl_ncam_nlb_527820910edr_f0580000ncam00654m1,test_msl,bedrock,iou,0.9145266385588348,31018,33917,42689
segformer__scratch__mit-b0__in_rover__seed1415__gpu_full__df715c71__gitc188b320__codebebd8b2d__20260714T105400494420Z,msl_ncam_nlb_527820910edr_f0580000ncam00654m1,test_msl,sand,iou,0.7516065461400051,8772,11671,42689
segformer__scratch__mit-b0__in_rover__seed1415__gpu_full__df715c71__gitc188b320__codebebd8b2d__20260714T105400494420Z,msl_ncam_nlb_527820910edr_f0580000ncam00654m1,test_msl,big_rock,iou,,0,0,42689
segformer__scratch__mit-b0__in_rover__seed1415__gpu_full__df715c71__gitc188b320__codebebd8b2d__20260714T105400494420Z,msl_ncam_nlb_527820910edr_f0580000ncam00654m1,test_msl,ALL,pixel_acc,0.9320902340181312,0,0,42689
segformer__scratch__mit-b0__in_rover__seed1415__gpu_full__df715c71__gitc188b320__codebebd8b2d__20260714T105400494420Z,msl_ncam_nlb_527820910edr_f0580000ncam00654m1,test_msl,ALL,boundary_f1,0.7966504999802156,0,0,42689
segformer__scratch__mit-b0__in_rover__seed1415__gpu_full__df715c71__gitc188b320__codebebd8b2d__20260714T105400494420Z,msl_ncam_nlb_527820942edr_f0580000ncam00654m1,test_msl,soil,iou,,0,0,75399
segformer__scratch__mit-b0__in_rover__seed1415__gpu_full__df715c71__gitc188b320__codebebd8b2d__20260714T105400494420Z,msl_ncam_nlb_527820942edr_f0580000ncam00654m1,test_msl,bedrock,iou,0.6216848134364494,44936,72281,75399
segformer__scratch__mit-b0__in_rover__seed1415__gpu_full__df715c71__gitc188b320__codebebd8b2d__20260714T105400494420Z,msl_ncam_nlb_527820942edr_f0580000ncam00654m1,test_msl,sand,iou,0.10235367494993927,3118,30463,75399
segformer__scratch__mit-b0__in_rover__seed1415__gpu_full__df715c71__gitc188b320__codebebd8b2d__20260714T105400494420Z,msl_ncam_nlb_527820942edr_f0580000ncam00654m1,test_msl,big_rock,iou,,0,0,75399
segformer__scratch__mit-b0__in_rover__seed1415__gpu_full__df715c71__gitc188b320__codebebd8b2d__20260714T105400494420Z,msl_ncam_nlb_527820942edr_f0580000ncam00654m1,test_msl,ALL,pixel_acc,0.6373294075518243,0,0,75399
segformer__scratch__mit-b0__in_rover__seed1415__gpu_full__df715c71__gitc188b320__codebebd8b2d__20260714T105400494420Z,msl_ncam_nlb_527820942edr_f0580000ncam00654m1,test_msl,ALL,boundary_f1,0.37425919147429626,0,0,75399
segformer__scratch__mit-b0__in_rover__seed1415__gpu_full__df715c71__gitc188b320__codebebd8b2d__20260714T105400494420Z,msl_ncam_nlb_527821074edr_f0580000ncam07753m1,test_msl,soil,iou,,0,0,3982
segformer__scratch__mit-b0__in_rover__seed1415__gpu_full__df715c71__gitc188b320__codebebd8b2d__20260714T105400494420Z,msl_ncam_nlb_527821074edr_f0580000ncam07753m1,test_msl,bedrock,iou,0.0,0,3488,3982
segformer__scratch__mit-b0__in_rover__seed1415__gpu_full__df715c71__gitc188b320__codebebd8b2d__20260714T105400494420Z,msl_ncam_nlb_527821074edr_f0580000ncam07753m1,test_msl,sand,iou,0.12405826217980914,494,3982,3982
segformer__scratch__mit-b0__in_rover__seed1415__gpu_full__df715c71__gitc188b320__codebebd8b2d__20260714T105400494420Z,msl_ncam_nlb_527821074edr_f0580000ncam07753m1,test_msl,big_rock,iou,,0,0,3982
segformer__scratch__mit-b0__in_rover__seed1415__gpu_full__df715c71__gitc188b320__codebebd8b2d__20260714T105400494420Z,msl_ncam_nlb_527821074edr_f0580000ncam07753m1,test_msl,ALL,pixel_acc,0.12405826217980914,0,0,3982
segformer__scratch__mit-b0__in_rover__seed1415__gpu_full__df715c71__gitc188b320__codebebd8b2d__20260714T105400494420Z,msl_ncam_nlb_527821074edr_f0580000ncam07753m1,test_msl,ALL,boundary_f1,0.13754646840148702,0,0,3982
segformer__scratch__mit-b0__in_rover__seed1415__gpu_full__df715c71__gitc188b320__codebebd8b2d__20260714T105400494420Z,msl_ncam_nlb_527821213edr_f0580000ncam07753m1,test_msl,soil,iou,,0,0,13830
segformer__scratch__mit-b0__in_rover__seed1415__gpu_full__df715c71__gitc188b320__codebebd8b2d__20260714T105400494420Z,msl_ncam_nlb_527821213edr_f0580000ncam07753m1,test_msl,bedrock,iou,0.9446131597975416,13064,13830,13830
segformer__scratch__mit-b0__in_rover__seed1415__gpu_full__df715c71__gitc188b320__codebebd8b2d__20260714T105400494420Z,msl_ncam_nlb_527821213edr_f0580000ncam07753m1,test_msl,sand,iou,0.0,0,766,13830
segformer__scratch__mit-b0__in_rover__seed1415__gpu_full__df715c71__gitc188b320__codebebd8b2d__20260714T105400494420Z,msl_ncam_nlb_527821213edr_f0580000ncam07753m1,test_msl,big_rock,iou,,0,0,13830
segformer__scratch__mit-b0__in_rover__seed1415__gpu_full__df715c71__gitc188b320__codebebd8b2d__20260714T105400494420Z,msl_ncam_nlb_527821213edr_f0580000ncam07753m1,test_msl,ALL,pixel_acc,0.9446131597975416,0,0,13830
segformer__scratch__mit-b0__in_rover__seed1415__gpu_full__df715c71__gitc188b320__codebebd8b2d__20260714T105400494420Z,msl_ncam_nlb_527821213edr_f0580000ncam07753m1,test_msl,ALL,boundary_f1,0.4875061244487996,0,0,13830
segformer__scratch__mit-b0__in_rover__seed1415__gpu_full__df715c71__gitc188b320__codebebd8b2d__20260714T105400494420Z,msl_ncam_nlb_527821275edr_f0580000ncam07753m1,test_msl,soil,iou,,0,0,18660
segformer__scratch__mit-b0__in_rover__seed1415__gpu_full__df715c71__gitc188b320__codebebd8b2d__20260714T105400494420Z,msl_ncam_nlb_527821275edr_f0580000ncam07753m1,test_msl,bedrock,iou,1.0,18660,18660,18660
segformer__scratch__mit-b0__in_rover__seed1415__gpu_full__df715c71__gitc188b320__codebebd8b2d__20260714T105400494420Z,msl_ncam_nlb_527821275edr_f0580000ncam07753m1,test_msl,sand,iou,,0,0,18660
segformer__scratch__mit-b0__in_rover__seed1415__gpu_full__df715c71__gitc188b320__codebebd8b2d__20260714T105400494420Z,msl_ncam_nlb_527821275edr_f0580000ncam07753m1,test_msl,big_rock,iou,,0,0,18660
segformer__scratch__mit-b0__in_rover__seed1415__gpu_full__df715c71__gitc188b320__codebebd8b2d__20260714T105400494420Z,msl_ncam_nlb_527821275edr_f0580000ncam07753m1,test_msl,ALL,pixel_acc,1.0,0,0,18660
segformer__scratch__mit-b0__in_rover__seed1415__gpu_full__df715c71__gitc188b320__codebebd8b2d__20260714T105400494420Z,msl_ncam_nlb_527821275edr_f0580000ncam07753m1,test_msl,ALL,boundary_f1,1.0,0,0,18660
segformer__scratch__mit-b0__in_rover__seed1415__gpu_full__df715c71__gitc188b320__codebebd8b2d__20260714T105400494420Z,msl_ncam_nlb_528875763edr_f0581002ncam00207m1,test_msl,soil,iou,,0,0,55308
segformer__scratch__mit-b0__in_rover__seed1415__gpu_full__df715c71__gitc188b320__codebebd8b2d__20260714T105400494420Z,msl_ncam_nlb_528875763edr_f0581002ncam00207m1,test_msl,bedrock,iou,0.9149851739350546,50606,55308,55308
segformer__scratch__mit-b0__in_rover__seed1415__gpu_full__df715c71__gitc188b320__codebebd8b2d__20260714T105400494420Z,msl_ncam_nlb_528875763edr_f0581002ncam00207m1,test_msl,sand,iou,0.0,0,4702,55308
segformer__scratch__mit-b0__in_rover__seed1415__gpu_full__df715c71__gitc188b320__codebebd8b2d__20260714T105400494420Z,msl_ncam_nlb_528875763edr_f0581002ncam00207m1,test_msl,big_rock,iou,,0,0,55308
segformer__scratch__mit-b0__in_rover__seed1415__gpu_full__df715c71__gitc188b320__codebebd8b2d__20260714T105400494420Z,msl_ncam_nlb_528875763edr_f0581002ncam00207m1,test_msl,ALL,pixel_acc,0.9149851739350546,0,0,55308
segformer__scratch__mit-b0__in_rover__seed1415__gpu_full__df715c71__gitc188b320__codebebd8b2d__20260714T105400494420Z,msl_ncam_nlb_528875763edr_f0581002ncam00207m1,test_msl,ALL,boundary_f1,0.4767648552564754,0,0,55308
segformer__scratch__mit-b0__in_rover__seed1415__gpu_full__df715c71__gitc188b320__codebebd8b2d__20260714T105400494420Z,msl_ncam_nlb_528892751edr_f0581248ncam00346m1,test_msl,soil,iou,0.0,0,1554,25025
segformer__scratch__mit-b0__in_rover__seed1415__gpu_full__df715c71__gitc188b320__codebebd8b2d__20260714T105400494420Z,msl_ncam_nlb_528892751edr_f0581248ncam00346m1,test_msl,bedrock,iou,0.8542657342657343,21378,25025,25025
segformer__scratch__mit-b0__in_rover__seed1415__gpu_full__df715c71__gitc188b320__codebebd8b2d__20260714T105400494420Z,msl_ncam_nlb_528892751edr_f0581248ncam00346m1,test_msl,sand,iou,0.0,0,2093,25025
segformer__scratch__mit-b0__in_rover__seed1415__gpu_full__df715c71__gitc188b320__codebebd8b2d__20260714T105400494420Z,msl_ncam_nlb_528892751edr_f0581248ncam00346m1,test_msl,big_rock,iou,,0,0,25025
segformer__scratch__mit-b0__in_rover__seed1415__gpu_full__df715c71__gitc188b320__codebebd8b2d__20260714T105400494420Z,msl_ncam_nlb_528892751edr_f0581248ncam00346m1,test_msl,ALL,pixel_acc,0.8542657342657343,0,0,25025
segformer__scratch__mit-b0__in_rover__seed1415__gpu_full__df715c71__gitc188b320__codebebd8b2d__20260714T105400494420Z,msl_ncam_nlb_528892751edr_f0581248ncam00346m1,test_msl,ALL,boundary_f1,0.3006399554813578,0,0,25025
segformer__scratch__mit-b0__in_rover__seed1415__gpu_full__df715c71__gitc188b320__codebebd8b2d__20260714T105400494420Z,msl_ncam_nlb_528892900edr_f0581248ncam00262m1,test_msl,soil,iou,,0,0,58755
segformer__scratch__mit-b0__in_rover__seed1415__gpu_full__df715c71__gitc188b320__codebebd8b2d__20260714T105400494420Z,msl_ncam_nlb_528892900edr_f0581248ncam00262m1,test_msl,bedrock,iou,1.0,58755,58755,58755
segformer__scratch__mit-b0__in_rover__seed1415__gpu_full__df715c71__gitc188b320__codebebd8b2d__20260714T105400494420Z,msl_ncam_nlb_528892900edr_f0581248ncam00262m1,test_msl,sand,iou,,0,0,58755
segformer__scratch__mit-b0__in_rover__seed1415__gpu_full__df715c71__gitc188b320__codebebd8b2d__20260714T105400494420Z,msl_ncam_nlb_528892900edr_f0581248ncam00262m1,test_msl,big_rock,iou,,0,0,58755
segformer__scratch__mit-b0__in_rover__seed1415__gpu_full__df715c71__gitc188b320__codebebd8b2d__20260714T105400494420Z,msl_ncam_nlb_528892900edr_f0581248ncam00262m1,test_msl,ALL,pixel_acc,1.0,0,0,58755
segformer__scratch__mit-b0__in_rover__seed1415__gpu_full__df715c71__gitc188b320__codebebd8b2d__20260714T105400494420Z,msl_ncam_nlb_528892900edr_f0581248ncam00262m1,test_msl,ALL,boundary_f1,1.0,0,0,58755
segformer__scratch__mit-b0__in_rover__seed1415__gpu_full__df715c71__gitc188b320__codebebd8b2d__20260714T105400494420Z,msl_ncam_nlb_528893088edr_f0581248ncam07753m1,test_msl,soil,iou,,0,0,35879
segformer__scratch__mit-b0__in_rover__seed1415__gpu_full__df715c71__gitc188b320__codebebd8b2d__20260714T105400494420Z,msl_ncam_nlb_528893088edr_f0581248ncam07753m1,test_msl,bedrock,iou,1.0,35879,35879,35879
segformer__scratch__mit-b0__in_rover__seed1415__gpu_full__df715c71__gitc188b320__codebebd8b2d__20260714T105400494420Z,msl_ncam_nlb_528893088edr_f0581248ncam07753m1,test_msl,sand,iou,,0,0,35879
segformer__scratch__mit-b0__in_rover__seed1415__gpu_full__df715c71__gitc188b320__codebebd8b2d__20260714T105400494420Z,msl_ncam_nlb_528893088edr_f0581248ncam07753m1,test_msl,big_rock,iou,,0,0,35879
segformer__scratch__mit-b0__in_rover__seed1415__gpu_full__df715c71__gitc188b320__codebebd8b2d__20260714T105400494420Z,msl_ncam_nlb_528893088edr_f0581248ncam07753m1,test_msl,ALL,pixel_acc,1.0,0,0,35879
segformer__scratch__mit-b0__in_rover__seed1415__gpu_full__df715c71__gitc188b320__codebebd8b2d__20260714T105400494420Z,msl_ncam_nlb_528893088edr_f0581248ncam07753m1,test_msl,ALL,boundary_f1,1.0,0,0,35879
segformer__scratch__mit-b0__in_rover__seed1415__gpu_full__df715c71__gitc188b320__codebebd8b2d__20260714T105400494420Z,msl_ncam_nlb_528893506edr_f0581248ncam00654m1,test_msl,soil,iou,0.5677841528759069,11974,21089,66249
segformer__scratch__mit-b0__in_rover__seed1415__gpu_full__df715c71__gitc188b320__codebebd8b2d__20260714T105400494420Z,msl_ncam_nlb_528893506edr_f0581248ncam00654m1,test_msl,bedrock,iou,0.8117160222423381,37662,46398,66249
segformer__scratch__mit-b0__in_rover__seed1415__gpu_full__df715c71__gitc188b320__codebebd8b2d__20260714T105400494420Z,msl_ncam_nlb_528893506edr_f0581248ncam00654m1,test_msl,sand,iou,0.7782789729354614,6729,8646,66249
segformer__scratch__mit-b0__in_rover__seed1415__gpu_full__df715c71__gitc188b320__codebebd8b2d__20260714T105400494420Z,msl_ncam_nlb_528893506edr_f0581248ncam00654m1,test_msl,big_rock,iou,,0,0,66249
segformer__scratch__mit-b0__in_rover__seed1415__gpu_full__df715c71__gitc188b320__codebebd8b2d__20260714T105400494420Z,msl_ncam_nlb_528893506edr_f0581248ncam00654m1,test_msl,ALL,pixel_acc,0.8508052951742667,0,0,66249
segformer__scratch__mit-b0__in_rover__seed1415__gpu_full__df715c71__gitc188b320__codebebd8b2d__20260714T105400494420Z,msl_ncam_nlb_528893506edr_f0581248ncam00654m1,test_msl,ALL,boundary_f1,0.6220473971369276,0,0,66249
segformer__scratch__mit-b0__in_rover__seed1415__gpu_full__df715c71__gitc188b320__codebebd8b2d__20260714T105400494420Z,msl_ncam_nlb_528893540edr_f0581248ncam00654m1,test_msl,soil,iou,,0,0,0
segformer__scratch__mit-b0__in_rover__seed1415__gpu_full__df715c71__gitc188b320__codebebd8b2d__20260714T105400494420Z,msl_ncam_nlb_528893540edr_f0581248ncam00654m1,test_msl,bedrock,iou,,0,0,0
segformer__scratch__mit-b0__in_rover__seed1415__gpu_full__df715c71__gitc188b320__codebebd8b2d__20260714T105400494420Z,msl_ncam_nlb_528893540edr_f0581248ncam00654m1,test_msl,sand,iou,,0,0,0
segformer__scratch__mit-b0__in_rover__seed1415__gpu_full__df715c71__gitc188b320__codebebd8b2d__20260714T105400494420Z,msl_ncam_nlb_528893540edr_f0581248ncam00654m1,test_msl,big_rock,iou,,0,0,0
segformer__scratch__mit-b0__in_rover__seed1415__gpu_full__df715c71__gitc188b320__codebebd8b2d__20260714T105400494420Z,msl_ncam_nlb_528893540edr_f0581248ncam00654m1,test_msl,ALL,pixel_acc,,0,0,0
segformer__scratch__mit-b0__in_rover__seed1415__gpu_full__df715c71__gitc188b320__codebebd8b2d__20260714T105400494420Z,msl_ncam_nlb_528893540edr_f0581248ncam00654m1,test_msl,ALL,boundary_f1,,0,0,0
segformer__scratch__mit-b0__in_rover__seed1415__gpu_full__df715c71__gitc188b320__codebebd8b2d__20260714T105400494420Z,msl_ncam_nlb_528893599edr_f0581248ncam00654m1,test_msl,soil,iou,0.11974545454545454,3293,27500,81400
segformer__scratch__mit-b0__in_rover__seed1415__gpu_full__df715c71__gitc188b320__codebebd8b2d__20260714T105400494420Z,msl_ncam_nlb_528893599edr_f0581248ncam00654m1,test_msl,bedrock,iou,0.6900789942002638,53900,78107,81400
segformer__scratch__mit-b0__in_rover__seed1415__gpu_full__df715c71__gitc188b320__codebebd8b2d__20260714T105400494420Z,msl_ncam_nlb_528893599edr_f0581248ncam00654m1,test_msl,sand,iou,,0,0,81400
segformer__scratch__mit-b0__in_rover__seed1415__gpu_full__df715c71__gitc188b320__codebebd8b2d__20260714T105400494420Z,msl_ncam_nlb_528893599edr_f0581248ncam00654m1,test_msl,big_rock,iou,,0,0,81400
segformer__scratch__mit-b0__in_rover__seed1415__gpu_full__df715c71__gitc188b320__codebebd8b2d__20260714T105400494420Z,msl_ncam_nlb_528893599edr_f0581248ncam00654m1,test_msl,ALL,pixel_acc,0.7026167076167076,0,0,81400
segformer__scratch__mit-b0__in_rover__seed1415__gpu_full__df715c71__gitc188b320__codebebd8b2d__20260714T105400494420Z,msl_ncam_nlb_528893599edr_f0581248ncam00654m1,test_msl,ALL,boundary_f1,0.38489034430003854,0,0,81400
segformer__scratch__mit-b0__in_rover__seed1415__gpu_full__df715c71__gitc188b320__codebebd8b2d__20260714T105400494420Z,msl_ncam_nlb_537932733edr_f0600888ncam00320m1,test_msl,soil,iou,,0,0,71764
segformer__scratch__mit-b0__in_rover__seed1415__gpu_full__df715c71__gitc188b320__codebebd8b2d__20260714T105400494420Z,msl_ncam_nlb_537932733edr_f0600888ncam00320m1,test_msl,bedrock,iou,0.8993432324386065,6299,7004,71764
segformer__scratch__mit-b0__in_rover__seed1415__gpu_full__df715c71__gitc188b320__codebebd8b2d__20260714T105400494420Z,msl_ncam_nlb_537932733edr_f0600888ncam00320m1,test_msl,sand,iou,0.989230886733369,64760,65465,71764
segformer__scratch__mit-b0__in_rover__seed1415__gpu_full__df715c71__gitc188b320__codebebd8b2d__20260714T105400494420Z,msl_ncam_nlb_537932733edr_f0600888ncam00320m1,test_msl,big_rock,iou,,0,0,71764
segformer__scratch__mit-b0__in_rover__seed1415__gpu_full__df715c71__gitc188b320__codebebd8b2d__20260714T105400494420Z,msl_ncam_nlb_537932733edr_f0600888ncam00320m1,test_msl,ALL,pixel_acc,0.9901761328799955,0,0,71764
segformer__scratch__mit-b0__in_rover__seed1415__gpu_full__df715c71__gitc188b320__codebebd8b2d__20260714T105400494420Z,msl_ncam_nlb_537932733edr_f0600888ncam00320m1,test_msl,ALL,boundary_f1,0.942221553674472,0,0,71764
segformer__scratch__mit-b0__in_rover__seed1415__gpu_full__df715c71__gitc188b320__codebebd8b2d__20260714T105400494420Z,msl_ncam_nlb_537938493edr_f0601266ncam00653m1,test_msl,soil,iou,,0,0,106876
segformer__scratch__mit-b0__in_rover__seed1415__gpu_full__df715c71__gitc188b320__codebebd8b2d__20260714T105400494420Z,msl_ncam_nlb_537938493edr_f0601266ncam00653m1,test_msl,bedrock,iou,0.9983891656474659,33469,33523,106876
segformer__scratch__mit-b0__in_rover__seed1415__gpu_full__df715c71__gitc188b320__codebebd8b2d__20260714T105400494420Z,msl_ncam_nlb_537938493edr_f0601266ncam00653m1,test_msl,sand,iou,1.0,73353,73353,106876
segformer__scratch__mit-b0__in_rover__seed1415__gpu_full__df715c71__gitc188b320__codebebd8b2d__20260714T105400494420Z,msl_ncam_nlb_537938493edr_f0601266ncam00653m1,test_msl,big_rock,iou,0.0,0,54,106876
segformer__scratch__mit-b0__in_rover__seed1415__gpu_full__df715c71__gitc188b320__codebebd8b2d__20260714T105400494420Z,msl_ncam_nlb_537938493edr_f0601266ncam00653m1,test_msl,ALL,pixel_acc,0.9994947415696696,0,0,106876
segformer__scratch__mit-b0__in_rover__seed1415__gpu_full__df715c71__gitc188b320__codebebd8b2d__20260714T105400494420Z,msl_ncam_nlb_537938493edr_f0601266ncam00653m1,test_msl,ALL,boundary_f1,0.6663435126837939,0,0,106876
segformer__scratch__mit-b0__in_rover__seed1415__gpu_full__df715c71__gitc188b320__codebebd8b2d__20260714T105400494420Z,msl_ncam_nlb_537938609edr_f0601266ncam07753m1,test_msl,soil,iou,,0,0,30134
segformer__scratch__mit-b0__in_rover__seed1415__gpu_full__df715c71__gitc188b320__codebebd8b2d__20260714T105400494420Z,msl_ncam_nlb_537938609edr_f0601266ncam07753m1,test_msl,bedrock,iou,0.688412852969815,2828,4108,30134
segformer__scratch__mit-b0__in_rover__seed1415__gpu_full__df715c71__gitc188b320__codebebd8b2d__20260714T105400494420Z,msl_ncam_nlb_537938609edr_f0601266ncam07753m1,test_msl,sand,iou,0.9531238555628799,26026,27306,30134
segformer__scratch__mit-b0__in_rover__seed1415__gpu_full__df715c71__gitc188b320__codebebd8b2d__20260714T105400494420Z,msl_ncam_nlb_537938609edr_f0601266ncam07753m1,test_msl,big_rock,iou,,0,0,30134
segformer__scratch__mit-b0__in_rover__seed1415__gpu_full__df715c71__gitc188b320__codebebd8b2d__20260714T105400494420Z,msl_ncam_nlb_537938609edr_f0601266ncam07753m1,test_msl,ALL,pixel_acc,0.9575230636490343,0,0,30134
segformer__scratch__mit-b0__in_rover__seed1415__gpu_full__df715c71__gitc188b320__codebebd8b2d__20260714T105400494420Z,msl_ncam_nlb_537938609edr_f0601266ncam07753m1,test_msl,ALL,boundary_f1,0.8471492979411859,0,0,30134
segformer__scratch__mit-b0__in_rover__seed1415__gpu_full__df715c71__gitc188b320__codebebd8b2d__20260714T105400494420Z,msl_ncam_nlb_541040424edr_f0610954ncam00305m1,test_msl,soil,iou,,0,0,93717
segformer__scratch__mit-b0__in_rover__seed1415__gpu_full__df715c71__gitc188b320__codebebd8b2d__20260714T105400494420Z,msl_ncam_nlb_541040424edr_f0610954ncam00305m1,test_msl,bedrock,iou,0.9428724448808354,52815,56015,93717
segformer__scratch__mit-b0__in_rover__seed1415__gpu_full__df715c71__gitc188b320__codebebd8b2d__20260714T105400494420Z,msl_ncam_nlb_541040424edr_f0610954ncam00305m1,test_msl,sand,iou,0.9217642169087086,37702,40902,93717
segformer__scratch__mit-b0__in_rover__seed1415__gpu_full__df715c71__gitc188b320__codebebd8b2d__20260714T105400494420Z,msl_ncam_nlb_541040424edr_f0610954ncam00305m1,test_msl,big_rock,iou,,0,0,93717
segformer__scratch__mit-b0__in_rover__seed1415__gpu_full__df715c71__gitc188b320__codebebd8b2d__20260714T105400494420Z,msl_ncam_nlb_541040424edr_f0610954ncam00305m1,test_msl,ALL,pixel_acc,0.9658546475025875,0,0,93717
segformer__scratch__mit-b0__in_rover__seed1415__gpu_full__df715c71__gitc188b320__codebebd8b2d__20260714T105400494420Z,msl_ncam_nlb_541040424edr_f0610954ncam00305m1,test_msl,ALL,boundary_f1,0.886244046212779,0,0,93717
segformer__scratch__mit-b0__in_rover__seed1415__gpu_full__df715c71__gitc188b320__codebebd8b2d__20260714T105400494420Z,msl_ncam_nlb_541042107edr_f0611086ncam00385m1,test_msl,soil,iou,,0,0,164400
segformer__scratch__mit-b0__in_rover__seed1415__gpu_full__df715c71__gitc188b320__codebebd8b2d__20260714T105400494420Z,msl_ncam_nlb_541042107edr_f0611086ncam00385m1,test_msl,bedrock,iou,0.0,0,1243,164400
segformer__scratch__mit-b0__in_rover__seed1415__gpu_full__df715c71__gitc188b320__codebebd8b2d__20260714T105400494420Z,msl_ncam_nlb_541042107edr_f0611086ncam00385m1,test_msl,sand,iou,0.9924391727493918,163157,164400,164400
segformer__scratch__mit-b0__in_rover__seed1415__gpu_full__df715c71__gitc188b320__codebebd8b2d__20260714T105400494420Z,msl_ncam_nlb_541042107edr_f0611086ncam00385m1,test_msl,big_rock,iou,,0,0,164400
segformer__scratch__mit-b0__in_rover__seed1415__gpu_full__df715c71__gitc188b320__codebebd8b2d__20260714T105400494420Z,msl_ncam_nlb_541042107edr_f0611086ncam00385m1,test_msl,ALL,pixel_acc,0.9924391727493918,0,0,164400
segformer__scratch__mit-b0__in_rover__seed1415__gpu_full__df715c71__gitc188b320__codebebd8b2d__20260714T105400494420Z,msl_ncam_nlb_541042107edr_f0611086ncam00385m1,test_msl,ALL,boundary_f1,0.4856524023724274,0,0,164400
segformer__scratch__mit-b0__in_rover__seed1415__gpu_full__df715c71__gitc188b320__codebebd8b2d__20260714T105400494420Z,msl_ncam_nlb_541043499edr_f0611140ncam00346m1,test_msl,soil,iou,,0,0,119351
segformer__scratch__mit-b0__in_rover__seed1415__gpu_full__df715c71__gitc188b320__codebebd8b2d__20260714T105400494420Z,msl_ncam_nlb_541043499edr_f0611140ncam00346m1,test_msl,bedrock,iou,,0,0,119351
segformer__scratch__mit-b0__in_rover__seed1415__gpu_full__df715c71__gitc188b320__codebebd8b2d__20260714T105400494420Z,msl_ncam_nlb_541043499edr_f0611140ncam00346m1,test_msl,sand,iou,1.0,119351,119351,119351
segformer__scratch__mit-b0__in_rover__seed1415__gpu_full__df715c71__gitc188b320__codebebd8b2d__20260714T105400494420Z,msl_ncam_nlb_541043499edr_f0611140ncam00346m1,test_msl,big_rock,iou,,0,0,119351
segformer__scratch__mit-b0__in_rover__seed1415__gpu_full__df715c71__gitc188b320__codebebd8b2d__20260714T105400494420Z,msl_ncam_nlb_541043499edr_f0611140ncam00346m1,test_msl,ALL,pixel_acc,1.0,0,0,119351
segformer__scratch__mit-b0__in_rover__seed1415__gpu_full__df715c71__gitc188b320__codebebd8b2d__20260714T105400494420Z,msl_ncam_nlb_541043499edr_f0611140ncam00346m1,test_msl,ALL,boundary_f1,1.0,0,0,119351
segformer__scratch__mit-b0__in_rover__seed1415__gpu_full__df715c71__gitc188b320__codebebd8b2d__20260714T105400494420Z,msl_ncam_nlb_541043637edr_f0611140ncam00653m1,test_msl,soil,iou,,0,0,147407
segformer__scratch__mit-b0__in_rover__seed1415__gpu_full__df715c71__gitc188b320__codebebd8b2d__20260714T105400494420Z,msl_ncam_nlb_541043637edr_f0611140ncam00653m1,test_msl,bedrock,iou,0.9149322130991026,38332,41896,147407
segformer__scratch__mit-b0__in_rover__seed1415__gpu_full__df715c71__gitc188b320__codebebd8b2d__20260714T105400494420Z,msl_ncam_nlb_541043637edr_f0611140ncam00653m1,test_msl,sand,iou,0.9673252349300939,105511,109075,147407
segformer__scratch__mit-b0__in_rover__seed1415__gpu_full__df715c71__gitc188b320__codebebd8b2d__20260714T105400494420Z,msl_ncam_nlb_541043637edr_f0611140ncam00653m1,test_msl,big_rock,iou,,0,0,147407
segformer__scratch__mit-b0__in_rover__seed1415__gpu_full__df715c71__gitc188b320__codebebd8b2d__20260714T105400494420Z,msl_ncam_nlb_541043637edr_f0611140ncam00653m1,test_msl,ALL,pixel_acc,0.9758220437292666,0,0,147407
segformer__scratch__mit-b0__in_rover__seed1415__gpu_full__df715c71__gitc188b320__codebebd8b2d__20260714T105400494420Z,msl_ncam_nlb_541043637edr_f0611140ncam00653m1,test_msl,ALL,boundary_f1,0.8586791004573955,0,0,147407
segformer__scratch__mit-b0__in_rover__seed1415__gpu_full__df715c71__gitc188b320__codebebd8b2d__20260714T105400494420Z,msl_ncam_nlb_541049254edr_f0611140ncam12753m1,test_msl,soil,iou,,0,0,12239
segformer__scratch__mit-b0__in_rover__seed1415__gpu_full__df715c71__gitc188b320__codebebd8b2d__20260714T105400494420Z,msl_ncam_nlb_541049254edr_f0611140ncam12753m1,test_msl,bedrock,iou,0.4056476916181085,905,2231,12239
segformer__scratch__mit-b0__in_rover__seed1415__gpu_full__df715c71__gitc188b320__codebebd8b2d__20260714T105400494420Z,msl_ncam_nlb_541049254edr_f0611140ncam12753m1,test_msl,sand,iou,0.8830068819481207,10008,11334,12239
segformer__scratch__mit-b0__in_rover__seed1415__gpu_full__df715c71__gitc188b320__codebebd8b2d__20260714T105400494420Z,msl_ncam_nlb_541049254edr_f0611140ncam12753m1,test_msl,big_rock,iou,,0,0,12239
segformer__scratch__mit-b0__in_rover__seed1415__gpu_full__df715c71__gitc188b320__codebebd8b2d__20260714T105400494420Z,msl_ncam_nlb_541049254edr_f0611140ncam12753m1,test_msl,ALL,pixel_acc,0.8916578151809789,0,0,12239
segformer__scratch__mit-b0__in_rover__seed1415__gpu_full__df715c71__gitc188b320__codebebd8b2d__20260714T105400494420Z,msl_ncam_nlb_541049254edr_f0611140ncam12753m1,test_msl,ALL,boundary_f1,0.6928874724327558,0,0,12239
segformer__scratch__mit-b0__in_rover__seed1415__gpu_full__df715c71__gitc188b320__codebebd8b2d__20260714T105400494420Z,msl_ncam_nlb_541049316edr_f0611140ncam12753m1,test_msl,soil,iou,,0,0,134046
segformer__scratch__mit-b0__in_rover__seed1415__gpu_full__df715c71__gitc188b320__codebebd8b2d__20260714T105400494420Z,msl_ncam_nlb_541049316edr_f0611140ncam12753m1,test_msl,bedrock,iou,,0,0,134046
segformer__scratch__mit-b0__in_rover__seed1415__gpu_full__df715c71__gitc188b320__codebebd8b2d__20260714T105400494420Z,msl_ncam_nlb_541049316edr_f0611140ncam12753m1,test_msl,sand,iou,1.0,134046,134046,134046
segformer__scratch__mit-b0__in_rover__seed1415__gpu_full__df715c71__gitc188b320__codebebd8b2d__20260714T105400494420Z,msl_ncam_nlb_541049316edr_f0611140ncam12753m1,test_msl,big_rock,iou,,0,0,134046
segformer__scratch__mit-b0__in_rover__seed1415__gpu_full__df715c71__gitc188b320__codebebd8b2d__20260714T105400494420Z,msl_ncam_nlb_541049316edr_f0611140ncam12753m1,test_msl,ALL,pixel_acc,1.0,0,0,134046
segformer__scratch__mit-b0__in_rover__seed1415__gpu_full__df715c71__gitc188b320__codebebd8b2d__20260714T105400494420Z,msl_ncam_nlb_541049316edr_f0611140ncam12753m1,test_msl,ALL,boundary_f1,1.0,0,0,134046
segformer__scratch__mit-b0__in_rover__seed1415__gpu_full__df715c71__gitc188b320__codebebd8b2d__20260714T105400494420Z,msl_ncam_nlb_542730497edr_f0612232ncam00282m1,test_msl,soil,iou,,0,0,112532
segformer__scratch__mit-b0__in_rover__seed1415__gpu_full__df715c71__gitc188b320__codebebd8b2d__20260714T105400494420Z,msl_ncam_nlb_542730497edr_f0612232ncam00282m1,test_msl,bedrock,iou,0.0,0,271,112532
segformer__scratch__mit-b0__in_rover__seed1415__gpu_full__df715c71__gitc188b320__codebebd8b2d__20260714T105400494420Z,msl_ncam_nlb_542730497edr_f0612232ncam00282m1,test_msl,sand,iou,0.9975917961113283,112261,112532,112532
segformer__scratch__mit-b0__in_rover__seed1415__gpu_full__df715c71__gitc188b320__codebebd8b2d__20260714T105400494420Z,msl_ncam_nlb_542730497edr_f0612232ncam00282m1,test_msl,big_rock,iou,,0,0,112532
segformer__scratch__mit-b0__in_rover__seed1415__gpu_full__df715c71__gitc188b320__codebebd8b2d__20260714T105400494420Z,msl_ncam_nlb_542730497edr_f0612232ncam00282m1,test_msl,ALL,pixel_acc,0.9975917961113283,0,0,112532
segformer__scratch__mit-b0__in_rover__seed1415__gpu_full__df715c71__gitc188b320__codebebd8b2d__20260714T105400494420Z,msl_ncam_nlb_542730497edr_f0612232ncam00282m1,test_msl,ALL,boundary_f1,0.4971391134232336,0,0,112532
segformer__scratch__mit-b0__in_rover__seed1415__gpu_full__df715c71__gitc188b320__codebebd8b2d__20260714T105400494420Z,msl_ncam_nlb_542730580edr_f0612232ncam00282m1,test_msl,soil,iou,,0,0,0
segformer__scratch__mit-b0__in_rover__seed1415__gpu_full__df715c71__gitc188b320__codebebd8b2d__20260714T105400494420Z,msl_ncam_nlb_542730580edr_f0612232ncam00282m1,test_msl,bedrock,iou,,0,0,0
segformer__scratch__mit-b0__in_rover__seed1415__gpu_full__df715c71__gitc188b320__codebebd8b2d__20260714T105400494420Z,msl_ncam_nlb_542730580edr_f0612232ncam00282m1,test_msl,sand,iou,,0,0,0
segformer__scratch__mit-b0__in_rover__seed1415__gpu_full__df715c71__gitc188b320__codebebd8b2d__20260714T105400494420Z,msl_ncam_nlb_542730580edr_f0612232ncam00282m1,test_msl,big_rock,iou,,0,0,0
segformer__scratch__mit-b0__in_rover__seed1415__gpu_full__df715c71__gitc188b320__codebebd8b2d__20260714T105400494420Z,msl_ncam_nlb_542730580edr_f0612232ncam00282m1,test_msl,ALL,pixel_acc,,0,0,0
segformer__scratch__mit-b0__in_rover__seed1415__gpu_full__df715c71__gitc188b320__codebebd8b2d__20260714T105400494420Z,msl_ncam_nlb_542730580edr_f0612232ncam00282m1,test_msl,ALL,boundary_f1,,0,0,0
segformer__scratch__mit-b0__in_rover__seed1415__gpu_full__df715c71__gitc188b320__codebebd8b2d__20260714T105400494420Z,msl_ncam_nlb_542733799edr_f0612232ncam00353m1,test_msl,soil,iou,,0,0,135437
segformer__scratch__mit-b0__in_rover__seed1415__gpu_full__df715c71__gitc188b320__codebebd8b2d__20260714T105400494420Z,msl_ncam_nlb_542733799edr_f0612232ncam00353m1,test_msl,bedrock,iou,0.9712842329167775,3653,3761,135437
segformer__scratch__mit-b0__in_rover__seed1415__gpu_full__df715c71__gitc188b320__codebebd8b2d__20260714T105400494420Z,msl_ncam_nlb_542733799edr_f0612232ncam00353m1,test_msl,sand,iou,0.9991804771444182,131676,131784,135437
segformer__scratch__mit-b0__in_rover__seed1415__gpu_full__df715c71__gitc188b320__codebebd8b2d__20260714T105400494420Z,msl_ncam_nlb_542733799edr_f0612232ncam00353m1,test_msl,big_rock,iou,,0,0,135437
segformer__scratch__mit-b0__in_rover__seed1415__gpu_full__df715c71__gitc188b320__codebebd8b2d__20260714T105400494420Z,msl_ncam_nlb_542733799edr_f0612232ncam00353m1,test_msl,ALL,pixel_acc,0.9992025812739502,0,0,135437
segformer__scratch__mit-b0__in_rover__seed1415__gpu_full__df715c71__gitc188b320__codebebd8b2d__20260714T105400494420Z,msl_ncam_nlb_542733799edr_f0612232ncam00353m1,test_msl,ALL,boundary_f1,0.9644298380903814,0,0,135437
segformer__scratch__mit-b0__in_rover__seed1415__gpu_full__df715c71__gitc188b320__codebebd8b2d__20260714T105400494420Z,msl_ncam_nlb_542734078edr_f0612232ncam00654m1,test_msl,soil,iou,,0,0,143364
segformer__scratch__mit-b0__in_rover__seed1415__gpu_full__df715c71__gitc188b320__codebebd8b2d__20260714T105400494420Z,msl_ncam_nlb_542734078edr_f0612232ncam00654m1,test_msl,bedrock,iou,,0,0,143364
segformer__scratch__mit-b0__in_rover__seed1415__gpu_full__df715c71__gitc188b320__codebebd8b2d__20260714T105400494420Z,msl_ncam_nlb_542734078edr_f0612232ncam00654m1,test_msl,sand,iou,1.0,143364,143364,143364
segformer__scratch__mit-b0__in_rover__seed1415__gpu_full__df715c71__gitc188b320__codebebd8b2d__20260714T105400494420Z,msl_ncam_nlb_542734078edr_f0612232ncam00654m1,test_msl,big_rock,iou,,0,0,143364
segformer__scratch__mit-b0__in_rover__seed1415__gpu_full__df715c71__gitc188b320__codebebd8b2d__20260714T105400494420Z,msl_ncam_nlb_542734078edr_f0612232ncam00654m1,test_msl,ALL,pixel_acc,1.0,0,0,143364
segformer__scratch__mit-b0__in_rover__seed1415__gpu_full__df715c71__gitc188b320__codebebd8b2d__20260714T105400494420Z,msl_ncam_nlb_542734078edr_f0612232ncam00654m1,test_msl,ALL,boundary_f1,1.0,0,0,143364
segformer__scratch__mit-b0__in_rover__seed1415__gpu_full__df715c71__gitc188b320__codebebd8b2d__20260714T105400494420Z,msl_ncam_nlb_542734110edr_f0612232ncam00654m1,test_msl,soil,iou,,0,0,209285
segformer__scratch__mit-b0__in_rover__seed1415__gpu_full__df715c71__gitc188b320__codebebd8b2d__20260714T105400494420Z,msl_ncam_nlb_542734110edr_f0612232ncam00654m1,test_msl,bedrock,iou,,0,0,209285
segformer__scratch__mit-b0__in_rover__seed1415__gpu_full__df715c71__gitc188b320__codebebd8b2d__20260714T105400494420Z,msl_ncam_nlb_542734110edr_f0612232ncam00654m1,test_msl,sand,iou,1.0,209285,209285,209285
segformer__scratch__mit-b0__in_rover__seed1415__gpu_full__df715c71__gitc188b320__codebebd8b2d__20260714T105400494420Z,msl_ncam_nlb_542734110edr_f0612232ncam00654m1,test_msl,big_rock,iou,,0,0,209285
segformer__scratch__mit-b0__in_rover__seed1415__gpu_full__df715c71__gitc188b320__codebebd8b2d__20260714T105400494420Z,msl_ncam_nlb_542734110edr_f0612232ncam00654m1,test_msl,ALL,pixel_acc,1.0,0,0,209285
segformer__scratch__mit-b0__in_rover__seed1415__gpu_full__df715c71__gitc188b320__codebebd8b2d__20260714T105400494420Z,msl_ncam_nlb_542734110edr_f0612232ncam00654m1,test_msl,ALL,boundary_f1,1.0,0,0,209285
segformer__scratch__mit-b0__in_rover__seed1415__gpu_full__df715c71__gitc188b320__codebebd8b2d__20260714T105400494420Z,msl_ncam_nlb_542734199edr_f0612232ncam00654m1,test_msl,soil,iou,,0,0,176176
segformer__scratch__mit-b0__in_rover__seed1415__gpu_full__df715c71__gitc188b320__codebebd8b2d__20260714T105400494420Z,msl_ncam_nlb_542734199edr_f0612232ncam00654m1,test_msl,bedrock,iou,0.0,0,95,176176
segformer__scratch__mit-b0__in_rover__seed1415__gpu_full__df715c71__gitc188b320__codebebd8b2d__20260714T105400494420Z,msl_ncam_nlb_542734199edr_f0612232ncam00654m1,test_msl,sand,iou,0.9994607665062211,176081,176176,176176
segformer__scratch__mit-b0__in_rover__seed1415__gpu_full__df715c71__gitc188b320__codebebd8b2d__20260714T105400494420Z,msl_ncam_nlb_542734199edr_f0612232ncam00654m1,test_msl,big_rock,iou,,0,0,176176
segformer__scratch__mit-b0__in_rover__seed1415__gpu_full__df715c71__gitc188b320__codebebd8b2d__20260714T105400494420Z,msl_ncam_nlb_542734199edr_f0612232ncam00654m1,test_msl,ALL,pixel_acc,0.9994607665062211,0,0,176176
segformer__scratch__mit-b0__in_rover__seed1415__gpu_full__df715c71__gitc188b320__codebebd8b2d__20260714T105400494420Z,msl_ncam_nlb_542734199edr_f0612232ncam00654m1,test_msl,ALL,boundary_f1,0.49879609806270714,0,0,176176
segformer__scratch__mit-b0__in_rover__seed1415__gpu_full__df715c71__gitc188b320__codebebd8b2d__20260714T105400494420Z,msl_ncam_nlb_542734240edr_f0612232ncam00283m1,test_msl,soil,iou,,0,0,97181
segformer__scratch__mit-b0__in_rover__seed1415__gpu_full__df715c71__gitc188b320__codebebd8b2d__20260714T105400494420Z,msl_ncam_nlb_542734240edr_f0612232ncam00283m1,test_msl,bedrock,iou,0.0,0,818,97181
segformer__scratch__mit-b0__in_rover__seed1415__gpu_full__df715c71__gitc188b320__codebebd8b2d__20260714T105400494420Z,msl_ncam_nlb_542734240edr_f0612232ncam00283m1,test_msl,sand,iou,0.991582716786203,96363,97181,97181
segformer__scratch__mit-b0__in_rover__seed1415__gpu_full__df715c71__gitc188b320__codebebd8b2d__20260714T105400494420Z,msl_ncam_nlb_542734240edr_f0612232ncam00283m1,test_msl,big_rock,iou,,0,0,97181
segformer__scratch__mit-b0__in_rover__seed1415__gpu_full__df715c71__gitc188b320__codebebd8b2d__20260714T105400494420Z,msl_ncam_nlb_542734240edr_f0612232ncam00283m1,test_msl,ALL,pixel_acc,0.991582716786203,0,0,97181
segformer__scratch__mit-b0__in_rover__seed1415__gpu_full__df715c71__gitc188b320__codebebd8b2d__20260714T105400494420Z,msl_ncam_nlb_542734240edr_f0612232ncam00283m1,test_msl,ALL,boundary_f1,0.4894814887215415,0,0,97181
segformer__scratch__mit-b0__in_rover__seed1415__gpu_full__df715c71__gitc188b320__codebebd8b2d__20260714T105400494420Z,msl_ncam_nlb_542734362edr_f0612232ncam00283m1,test_msl,soil,iou,,0,0,145077
segformer__scratch__mit-b0__in_rover__seed1415__gpu_full__df715c71__gitc188b320__codebebd8b2d__20260714T105400494420Z,msl_ncam_nlb_542734362edr_f0612232ncam00283m1,test_msl,bedrock,iou,0.0,0,112,145077
segformer__scratch__mit-b0__in_rover__seed1415__gpu_full__df715c71__gitc188b320__codebebd8b2d__20260714T105400494420Z,msl_ncam_nlb_542734362edr_f0612232ncam00283m1,test_msl,sand,iou,0.9992279961675524,144965,145077,145077
segformer__scratch__mit-b0__in_rover__seed1415__gpu_full__df715c71__gitc188b320__codebebd8b2d__20260714T105400494420Z,msl_ncam_nlb_542734362edr_f0612232ncam00283m1,test_msl,big_rock,iou,,0,0,145077
segformer__scratch__mit-b0__in_rover__seed1415__gpu_full__df715c71__gitc188b320__codebebd8b2d__20260714T105400494420Z,msl_ncam_nlb_542734362edr_f0612232ncam00283m1,test_msl,ALL,pixel_acc,0.9992279961675524,0,0,145077
segformer__scratch__mit-b0__in_rover__seed1415__gpu_full__df715c71__gitc188b320__codebebd8b2d__20260714T105400494420Z,msl_ncam_nlb_542734362edr_f0612232ncam00283m1,test_msl,ALL,boundary_f1,0.4981884057971015,0,0,145077
segformer__scratch__mit-b0__in_rover__seed1415__gpu_full__df715c71__gitc188b320__codebebd8b2d__20260714T105400494420Z,msl_ncam_nlb_542738036edr_f0612232ccam15903m1,test_msl,soil,iou,,0,0,189972
segformer__scratch__mit-b0__in_rover__seed1415__gpu_full__df715c71__gitc188b320__codebebd8b2d__20260714T105400494420Z,msl_ncam_nlb_542738036edr_f0612232ccam15903m1,test_msl,bedrock,iou,0.0,0,19,189972
segformer__scratch__mit-b0__in_rover__seed1415__gpu_full__df715c71__gitc188b320__codebebd8b2d__20260714T105400494420Z,msl_ncam_nlb_542738036edr_f0612232ccam15903m1,test_msl,sand,iou,0.9998999852609858,189953,189972,189972
segformer__scratch__mit-b0__in_rover__seed1415__gpu_full__df715c71__gitc188b320__codebebd8b2d__20260714T105400494420Z,msl_ncam_nlb_542738036edr_f0612232ccam15903m1,test_msl,big_rock,iou,,0,0,189972
segformer__scratch__mit-b0__in_rover__seed1415__gpu_full__df715c71__gitc188b320__codebebd8b2d__20260714T105400494420Z,msl_ncam_nlb_542738036edr_f0612232ccam15903m1,test_msl,ALL,pixel_acc,0.9998999852609858,0,0,189972
segformer__scratch__mit-b0__in_rover__seed1415__gpu_full__df715c71__gitc188b320__codebebd8b2d__20260714T105400494420Z,msl_ncam_nlb_542738036edr_f0612232ccam15903m1,test_msl,ALL,boundary_f1,0.5,0,0,189972
segformer__scratch__mit-b0__in_rover__seed1415__gpu_full__df715c71__gitc188b320__codebebd8b2d__20260714T105400494420Z,msl_ncam_nlb_543351716edr_f0613076ncam00286m1,test_msl,soil,iou,,0,0,0
segformer__scratch__mit-b0__in_rover__seed1415__gpu_full__df715c71__gitc188b320__codebebd8b2d__20260714T105400494420Z,msl_ncam_nlb_543351716edr_f0613076ncam00286m1,test_msl,bedrock,iou,,0,0,0
segformer__scratch__mit-b0__in_rover__seed1415__gpu_full__df715c71__gitc188b320__codebebd8b2d__20260714T105400494420Z,msl_ncam_nlb_543351716edr_f0613076ncam00286m1,test_msl,sand,iou,,0,0,0
segformer__scratch__mit-b0__in_rover__seed1415__gpu_full__df715c71__gitc188b320__codebebd8b2d__20260714T105400494420Z,msl_ncam_nlb_543351716edr_f0613076ncam00286m1,test_msl,big_rock,iou,,0,0,0
segformer__scratch__mit-b0__in_rover__seed1415__gpu_full__df715c71__gitc188b320__codebebd8b2d__20260714T105400494420Z,msl_ncam_nlb_543351716edr_f0613076ncam00286m1,test_msl,ALL,pixel_acc,,0,0,0
segformer__scratch__mit-b0__in_rover__seed1415__gpu_full__df715c71__gitc188b320__codebebd8b2d__20260714T105400494420Z,msl_ncam_nlb_543351716edr_f0613076ncam00286m1,test_msl,ALL,boundary_f1,,0,0,0
segformer__scratch__mit-b0__in_rover__seed1415__gpu_full__df715c71__gitc188b320__codebebd8b2d__20260714T105400494420Z,msl_ncam_nlb_543357370edr_f0613076ncam00287m1,test_msl,soil,iou,,0,0,139163
segformer__scratch__mit-b0__in_rover__seed1415__gpu_full__df715c71__gitc188b320__codebebd8b2d__20260714T105400494420Z,msl_ncam_nlb_543357370edr_f0613076ncam00287m1,test_msl,bedrock,iou,0.0,0,122,139163
segformer__scratch__mit-b0__in_rover__seed1415__gpu_full__df715c71__gitc188b320__codebebd8b2d__20260714T105400494420Z,msl_ncam_nlb_543357370edr_f0613076ncam00287m1,test_msl,sand,iou,0.9991233301955261,139041,139163,139163
segformer__scratch__mit-b0__in_rover__seed1415__gpu_full__df715c71__gitc188b320__codebebd8b2d__20260714T105400494420Z,msl_ncam_nlb_543357370edr_f0613076ncam00287m1,test_msl,big_rock,iou,,0,0,139163
segformer__scratch__mit-b0__in_rover__seed1415__gpu_full__df715c71__gitc188b320__codebebd8b2d__20260714T105400494420Z,msl_ncam_nlb_543357370edr_f0613076ncam00287m1,test_msl,ALL,pixel_acc,0.9991233301955261,0,0,139163
segformer__scratch__mit-b0__in_rover__seed1415__gpu_full__df715c71__gitc188b320__codebebd8b2d__20260714T105400494420Z,msl_ncam_nlb_543357370edr_f0613076ncam00287m1,test_msl,ALL,boundary_f1,0.4984114376489277,0,0,139163
segformer__scratch__mit-b0__in_rover__seed1415__gpu_full__df715c71__gitc188b320__codebebd8b2d__20260714T105400494420Z,msl_ncam_nlb_543357433edr_f0613076ncam00287m1,test_msl,soil,iou,,0,0,73935
segformer__scratch__mit-b0__in_rover__seed1415__gpu_full__df715c71__gitc188b320__codebebd8b2d__20260714T105400494420Z,msl_ncam_nlb_543357433edr_f0613076ncam00287m1,test_msl,bedrock,iou,0.0,0,1692,73935
segformer__scratch__mit-b0__in_rover__seed1415__gpu_full__df715c71__gitc188b320__codebebd8b2d__20260714T105400494420Z,msl_ncam_nlb_543357433edr_f0613076ncam00287m1,test_msl,sand,iou,0.97711503347535,72243,73935,73935
segformer__scratch__mit-b0__in_rover__seed1415__gpu_full__df715c71__gitc188b320__codebebd8b2d__20260714T105400494420Z,msl_ncam_nlb_543357433edr_f0613076ncam00287m1,test_msl,big_rock,iou,,0,0,73935
segformer__scratch__mit-b0__in_rover__seed1415__gpu_full__df715c71__gitc188b320__codebebd8b2d__20260714T105400494420Z,msl_ncam_nlb_543357433edr_f0613076ncam00287m1,test_msl,ALL,pixel_acc,0.97711503347535,0,0,73935
segformer__scratch__mit-b0__in_rover__seed1415__gpu_full__df715c71__gitc188b320__codebebd8b2d__20260714T105400494420Z,msl_ncam_nlb_543357433edr_f0613076ncam00287m1,test_msl,ALL,boundary_f1,0.4845564102906787,0,0,73935
segformer__scratch__mit-b0__in_rover__seed1415__gpu_full__df715c71__gitc188b320__codebebd8b2d__20260714T105400494420Z,msl_ncam_nlb_543357548edr_f0613076ncam00287m1,test_msl,soil,iou,,0,0,0
segformer__scratch__mit-b0__in_rover__seed1415__gpu_full__df715c71__gitc188b320__codebebd8b2d__20260714T105400494420Z,msl_ncam_nlb_543357548edr_f0613076ncam00287m1,test_msl,bedrock,iou,,0,0,0
segformer__scratch__mit-b0__in_rover__seed1415__gpu_full__df715c71__gitc188b320__codebebd8b2d__20260714T105400494420Z,msl_ncam_nlb_543357548edr_f0613076ncam00287m1,test_msl,sand,iou,,0,0,0
segformer__scratch__mit-b0__in_rover__seed1415__gpu_full__df715c71__gitc188b320__codebebd8b2d__20260714T105400494420Z,msl_ncam_nlb_543357548edr_f0613076ncam00287m1,test_msl,big_rock,iou,,0,0,0
segformer__scratch__mit-b0__in_rover__seed1415__gpu_full__df715c71__gitc188b320__codebebd8b2d__20260714T105400494420Z,msl_ncam_nlb_543357548edr_f0613076ncam00287m1,test_msl,ALL,pixel_acc,,0,0,0
segformer__scratch__mit-b0__in_rover__seed1415__gpu_full__df715c71__gitc188b320__codebebd8b2d__20260714T105400494420Z,msl_ncam_nlb_543357548edr_f0613076ncam00287m1,test_msl,ALL,boundary_f1,,0,0,0
segformer__scratch__mit-b0__in_rover__seed1415__gpu_full__df715c71__gitc188b320__codebebd8b2d__20260714T105400494420Z,msl_ncam_nlb_548047620edr_f0630346ncam00320m1,test_msl,soil,iou,,0,0,96137
segformer__scratch__mit-b0__in_rover__seed1415__gpu_full__df715c71__gitc188b320__codebebd8b2d__20260714T105400494420Z,msl_ncam_nlb_548047620edr_f0630346ncam00320m1,test_msl,bedrock,iou,0.9990320277808027,82567,82647,96137
segformer__scratch__mit-b0__in_rover__seed1415__gpu_full__df715c71__gitc188b320__codebebd8b2d__20260714T105400494420Z,msl_ncam_nlb_548047620edr_f0630346ncam00320m1,test_msl,sand,iou,0.9941046425939573,13490,13570,96137
segformer__scratch__mit-b0__in_rover__seed1415__gpu_full__df715c71__gitc188b320__codebebd8b2d__20260714T105400494420Z,msl_ncam_nlb_548047620edr_f0630346ncam00320m1,test_msl,big_rock,iou,,0,0,96137
segformer__scratch__mit-b0__in_rover__seed1415__gpu_full__df715c71__gitc188b320__codebebd8b2d__20260714T105400494420Z,msl_ncam_nlb_548047620edr_f0630346ncam00320m1,test_msl,ALL,pixel_acc,0.9991678542080572,0,0,96137
segformer__scratch__mit-b0__in_rover__seed1415__gpu_full__df715c71__gitc188b320__codebebd8b2d__20260714T105400494420Z,msl_ncam_nlb_548047620edr_f0630346ncam00320m1,test_msl,ALL,boundary_f1,0.9924134593779024,0,0,96137
segformer__scratch__mit-b0__in_rover__seed1415__gpu_full__df715c71__gitc188b320__codebebd8b2d__20260714T105400494420Z,msl_ncam_nlb_548057490edr_f0630724ncam00385m1,test_msl,soil,iou,,0,0,65888
segformer__scratch__mit-b0__in_rover__seed1415__gpu_full__df715c71__gitc188b320__codebebd8b2d__20260714T105400494420Z,msl_ncam_nlb_548057490edr_f0630724ncam00385m1,test_msl,bedrock,iou,0.9121539582321515,60100,65888,65888
segformer__scratch__mit-b0__in_rover__seed1415__gpu_full__df715c71__gitc188b320__codebebd8b2d__20260714T105400494420Z,msl_ncam_nlb_548057490edr_f0630724ncam00385m1,test_msl,sand,iou,0.0,0,5788,65888
segformer__scratch__mit-b0__in_rover__seed1415__gpu_full__df715c71__gitc188b320__codebebd8b2d__20260714T105400494420Z,msl_ncam_nlb_548057490edr_f0630724ncam00385m1,test_msl,big_rock,iou,,0,0,65888
segformer__scratch__mit-b0__in_rover__seed1415__gpu_full__df715c71__gitc188b320__codebebd8b2d__20260714T105400494420Z,msl_ncam_nlb_548057490edr_f0630724ncam00385m1,test_msl,ALL,pixel_acc,0.9121539582321515,0,0,65888
segformer__scratch__mit-b0__in_rover__seed1415__gpu_full__df715c71__gitc188b320__codebebd8b2d__20260714T105400494420Z,msl_ncam_nlb_548057490edr_f0630724ncam00385m1,test_msl,ALL,boundary_f1,0.46822289156626506,0,0,65888
segformer__scratch__mit-b0__in_rover__seed1415__gpu_full__df715c71__gitc188b320__codebebd8b2d__20260714T105400494420Z,msl_ncam_nlb_548058260edr_f0630766ncam00375m1,test_msl,soil,iou,,0,0,41868
segformer__scratch__mit-b0__in_rover__seed1415__gpu_full__df715c71__gitc188b320__codebebd8b2d__20260714T105400494420Z,msl_ncam_nlb_548058260edr_f0630766ncam00375m1,test_msl,bedrock,iou,0.9686966006180694,26644,27505,41868
segformer__scratch__mit-b0__in_rover__seed1415__gpu_full__df715c71__gitc188b320__codebebd8b2d__20260714T105400494420Z,msl_ncam_nlb_548058260edr_f0630766ncam00375m1,test_msl,sand,iou,0.9434445612191277,14363,15224,41868
segformer__scratch__mit-b0__in_rover__seed1415__gpu_full__df715c71__gitc188b320__codebebd8b2d__20260714T105400494420Z,msl_ncam_nlb_548058260edr_f0630766ncam00375m1,test_msl,big_rock,iou,,0,0,41868
segformer__scratch__mit-b0__in_rover__seed1415__gpu_full__df715c71__gitc188b320__codebebd8b2d__20260714T105400494420Z,msl_ncam_nlb_548058260edr_f0630766ncam00375m1,test_msl,ALL,pixel_acc,0.9794353683003726,0,0,41868
segformer__scratch__mit-b0__in_rover__seed1415__gpu_full__df715c71__gitc188b320__codebebd8b2d__20260714T105400494420Z,msl_ncam_nlb_548058260edr_f0630766ncam00375m1,test_msl,ALL,boundary_f1,0.942605609619818,0,0,41868
segformer__scratch__mit-b0__in_rover__seed1415__gpu_full__df715c71__gitc188b320__codebebd8b2d__20260714T105400494420Z,msl_ncam_nlb_548058358edr_f0630766ncam00273m1,test_msl,soil,iou,,0,0,43577
segformer__scratch__mit-b0__in_rover__seed1415__gpu_full__df715c71__gitc188b320__codebebd8b2d__20260714T105400494420Z,msl_ncam_nlb_548058358edr_f0630766ncam00273m1,test_msl,bedrock,iou,0.9404409345179335,22864,24312,43577
segformer__scratch__mit-b0__in_rover__seed1415__gpu_full__df715c71__gitc188b320__codebebd8b2d__20260714T105400494420Z,msl_ncam_nlb_548058358edr_f0630766ncam00273m1,test_msl,sand,iou,0.9300922126200937,19265,20713,43577
segformer__scratch__mit-b0__in_rover__seed1415__gpu_full__df715c71__gitc188b320__codebebd8b2d__20260714T105400494420Z,msl_ncam_nlb_548058358edr_f0630766ncam00273m1,test_msl,big_rock,iou,,0,0,43577
segformer__scratch__mit-b0__in_rover__seed1415__gpu_full__df715c71__gitc188b320__codebebd8b2d__20260714T105400494420Z,msl_ncam_nlb_548058358edr_f0630766ncam00273m1,test_msl,ALL,pixel_acc,0.9667714620097758,0,0,43577
segformer__scratch__mit-b0__in_rover__seed1415__gpu_full__df715c71__gitc188b320__codebebd8b2d__20260714T105400494420Z,msl_ncam_nlb_548058358edr_f0630766ncam00273m1,test_msl,ALL,boundary_f1,0.9218222253163828,0,0,43577
segformer__scratch__mit-b0__in_rover__seed1415__gpu_full__df715c71__gitc188b320__codebebd8b2d__20260714T105400494420Z,msl_ncam_nlb_548063838edr_f0630766ncam07753m1,test_msl,soil,iou,,0,0,13320
segformer__scratch__mit-b0__in_rover__seed1415__gpu_full__df715c71__gitc188b320__codebebd8b2d__20260714T105400494420Z,msl_ncam_nlb_548063838edr_f0630766ncam07753m1,test_msl,bedrock,iou,1.0,13320,13320,13320
segformer__scratch__mit-b0__in_rover__seed1415__gpu_full__df715c71__gitc188b320__codebebd8b2d__20260714T105400494420Z,msl_ncam_nlb_548063838edr_f0630766ncam07753m1,test_msl,sand,iou,,0,0,13320
segformer__scratch__mit-b0__in_rover__seed1415__gpu_full__df715c71__gitc188b320__codebebd8b2d__20260714T105400494420Z,msl_ncam_nlb_548063838edr_f0630766ncam07753m1,test_msl,big_rock,iou,,0,0,13320
segformer__scratch__mit-b0__in_rover__seed1415__gpu_full__df715c71__gitc188b320__codebebd8b2d__20260714T105400494420Z,msl_ncam_nlb_548063838edr_f0630766ncam07753m1,test_msl,ALL,pixel_acc,1.0,0,0,13320
segformer__scratch__mit-b0__in_rover__seed1415__gpu_full__df715c71__gitc188b320__codebebd8b2d__20260714T105400494420Z,msl_ncam_nlb_548063838edr_f0630766ncam07753m1,test_msl,ALL,boundary_f1,1.0,0,0,13320
segformer__scratch__mit-b0__in_rover__seed1415__gpu_full__df715c71__gitc188b320__codebebd8b2d__20260714T105400494420Z,msl_ncam_nlb_552665174edr_f0641980ncam00320m1,test_msl,soil,iou,,0,0,107820
segformer__scratch__mit-b0__in_rover__seed1415__gpu_full__df715c71__gitc188b320__codebebd8b2d__20260714T105400494420Z,msl_ncam_nlb_552665174edr_f0641980ncam00320m1,test_msl,bedrock,iou,1.0,20145,20145,107820
segformer__scratch__mit-b0__in_rover__seed1415__gpu_full__df715c71__gitc188b320__codebebd8b2d__20260714T105400494420Z,msl_ncam_nlb_552665174edr_f0641980ncam00320m1,test_msl,sand,iou,1.0,87675,87675,107820
segformer__scratch__mit-b0__in_rover__seed1415__gpu_full__df715c71__gitc188b320__codebebd8b2d__20260714T105400494420Z,msl_ncam_nlb_552665174edr_f0641980ncam00320m1,test_msl,big_rock,iou,,0,0,107820
segformer__scratch__mit-b0__in_rover__seed1415__gpu_full__df715c71__gitc188b320__codebebd8b2d__20260714T105400494420Z,msl_ncam_nlb_552665174edr_f0641980ncam00320m1,test_msl,ALL,pixel_acc,1.0,0,0,107820
segformer__scratch__mit-b0__in_rover__seed1415__gpu_full__df715c71__gitc188b320__codebebd8b2d__20260714T105400494420Z,msl_ncam_nlb_552665174edr_f0641980ncam00320m1,test_msl,ALL,boundary_f1,1.0,0,0,107820
segformer__scratch__mit-b0__in_rover__seed1415__gpu_full__df715c71__gitc188b320__codebebd8b2d__20260714T105400494420Z,msl_ncam_nlb_552676131edr_f0642004ncam00385m1,test_msl,soil,iou,,0,0,241952
segformer__scratch__mit-b0__in_rover__seed1415__gpu_full__df715c71__gitc188b320__codebebd8b2d__20260714T105400494420Z,msl_ncam_nlb_552676131edr_f0642004ncam00385m1,test_msl,bedrock,iou,,0,0,241952
segformer__scratch__mit-b0__in_rover__seed1415__gpu_full__df715c71__gitc188b320__codebebd8b2d__20260714T105400494420Z,msl_ncam_nlb_552676131edr_f0642004ncam00385m1,test_msl,sand,iou,1.0,241952,241952,241952
segformer__scratch__mit-b0__in_rover__seed1415__gpu_full__df715c71__gitc188b320__codebebd8b2d__20260714T105400494420Z,msl_ncam_nlb_552676131edr_f0642004ncam00385m1,test_msl,big_rock,iou,,0,0,241952
segformer__scratch__mit-b0__in_rover__seed1415__gpu_full__df715c71__gitc188b320__codebebd8b2d__20260714T105400494420Z,msl_ncam_nlb_552676131edr_f0642004ncam00385m1,test_msl,ALL,pixel_acc,1.0,0,0,241952
segformer__scratch__mit-b0__in_rover__seed1415__gpu_full__df715c71__gitc188b320__codebebd8b2d__20260714T105400494420Z,msl_ncam_nlb_552676131edr_f0642004ncam00385m1,test_msl,ALL,boundary_f1,1.0,0,0,241952
segformer__scratch__mit-b0__in_rover__seed1415__gpu_full__df715c71__gitc188b320__codebebd8b2d__20260714T105400494420Z,msl_ncam_nlb_552677384edr_f0642088ncam00376m1,test_msl,soil,iou,,0,0,93137
segformer__scratch__mit-b0__in_rover__seed1415__gpu_full__df715c71__gitc188b320__codebebd8b2d__20260714T105400494420Z,msl_ncam_nlb_552677384edr_f0642088ncam00376m1,test_msl,bedrock,iou,,0,0,93137
segformer__scratch__mit-b0__in_rover__seed1415__gpu_full__df715c71__gitc188b320__codebebd8b2d__20260714T105400494420Z,msl_ncam_nlb_552677384edr_f0642088ncam00376m1,test_msl,sand,iou,1.0,93137,93137,93137
segformer__scratch__mit-b0__in_rover__seed1415__gpu_full__df715c71__gitc188b320__codebebd8b2d__20260714T105400494420Z,msl_ncam_nlb_552677384edr_f0642088ncam00376m1,test_msl,big_rock,iou,,0,0,93137
segformer__scratch__mit-b0__in_rover__seed1415__gpu_full__df715c71__gitc188b320__codebebd8b2d__20260714T105400494420Z,msl_ncam_nlb_552677384edr_f0642088ncam00376m1,test_msl,ALL,pixel_acc,1.0,0,0,93137
segformer__scratch__mit-b0__in_rover__seed1415__gpu_full__df715c71__gitc188b320__codebebd8b2d__20260714T105400494420Z,msl_ncam_nlb_552677384edr_f0642088ncam00376m1,test_msl,ALL,boundary_f1,1.0,0,0,93137
segformer__scratch__mit-b0__in_rover__seed1415__gpu_full__df715c71__gitc188b320__codebebd8b2d__20260714T105400494420Z,msl_ncam_nlb_552677513edr_f0642088ncam00255m1,test_msl,soil,iou,,0,0,42984
segformer__scratch__mit-b0__in_rover__seed1415__gpu_full__df715c71__gitc188b320__codebebd8b2d__20260714T105400494420Z,msl_ncam_nlb_552677513edr_f0642088ncam00255m1,test_msl,bedrock,iou,0.9911924119241192,1463,1476,42984
segformer__scratch__mit-b0__in_rover__seed1415__gpu_full__df715c71__gitc188b320__codebebd8b2d__20260714T105400494420Z,msl_ncam_nlb_552677513edr_f0642088ncam00255m1,test_msl,sand,iou,0.9996869054213531,41508,41521,42984
segformer__scratch__mit-b0__in_rover__seed1415__gpu_full__df715c71__gitc188b320__codebebd8b2d__20260714T105400494420Z,msl_ncam_nlb_552677513edr_f0642088ncam00255m1,test_msl,big_rock,iou,,0,0,42984
segformer__scratch__mit-b0__in_rover__seed1415__gpu_full__df715c71__gitc188b320__codebebd8b2d__20260714T105400494420Z,msl_ncam_nlb_552677513edr_f0642088ncam00255m1,test_msl,ALL,pixel_acc,0.9996975618834916,0,0,42984
segformer__scratch__mit-b0__in_rover__seed1415__gpu_full__df715c71__gitc188b320__codebebd8b2d__20260714T105400494420Z,msl_ncam_nlb_552677513edr_f0642088ncam00255m1,test_msl,ALL,boundary_f1,0.9948804417207928,0,0,42984
segformer__scratch__mit-b0__in_rover__seed1415__gpu_full__df715c71__gitc188b320__codebebd8b2d__20260714T105400494420Z,msl_ncam_nlb_552677608edr_f0642088ncam00255m1,test_msl,soil,iou,,0,0,238297
segformer__scratch__mit-b0__in_rover__seed1415__gpu_full__df715c71__gitc188b320__codebebd8b2d__20260714T105400494420Z,msl_ncam_nlb_552677608edr_f0642088ncam00255m1,test_msl,bedrock,iou,,0,0,238297
segformer__scratch__mit-b0__in_rover__seed1415__gpu_full__df715c71__gitc188b320__codebebd8b2d__20260714T105400494420Z,msl_ncam_nlb_552677608edr_f0642088ncam00255m1,test_msl,sand,iou,1.0,238297,238297,238297
segformer__scratch__mit-b0__in_rover__seed1415__gpu_full__df715c71__gitc188b320__codebebd8b2d__20260714T105400494420Z,msl_ncam_nlb_552677608edr_f0642088ncam00255m1,test_msl,big_rock,iou,,0,0,238297
segformer__scratch__mit-b0__in_rover__seed1415__gpu_full__df715c71__gitc188b320__codebebd8b2d__20260714T105400494420Z,msl_ncam_nlb_552677608edr_f0642088ncam00255m1,test_msl,ALL,pixel_acc,1.0,0,0,238297
segformer__scratch__mit-b0__in_rover__seed1415__gpu_full__df715c71__gitc188b320__codebebd8b2d__20260714T105400494420Z,msl_ncam_nlb_552677608edr_f0642088ncam00255m1,test_msl,ALL,boundary_f1,1.0,0,0,238297
segformer__scratch__mit-b0__in_rover__seed1415__gpu_full__df715c71__gitc188b320__codebebd8b2d__20260714T105400494420Z,msl_ncam_nlb_552677960edr_f0642088ncam00354m1,test_msl,soil,iou,,0,0,141082
segformer__scratch__mit-b0__in_rover__seed1415__gpu_full__df715c71__gitc188b320__codebebd8b2d__20260714T105400494420Z,msl_ncam_nlb_552677960edr_f0642088ncam00354m1,test_msl,bedrock,iou,,0,0,141082
segformer__scratch__mit-b0__in_rover__seed1415__gpu_full__df715c71__gitc188b320__codebebd8b2d__20260714T105400494420Z,msl_ncam_nlb_552677960edr_f0642088ncam00354m1,test_msl,sand,iou,1.0,141082,141082,141082
segformer__scratch__mit-b0__in_rover__seed1415__gpu_full__df715c71__gitc188b320__codebebd8b2d__20260714T105400494420Z,msl_ncam_nlb_552677960edr_f0642088ncam00354m1,test_msl,big_rock,iou,,0,0,141082
segformer__scratch__mit-b0__in_rover__seed1415__gpu_full__df715c71__gitc188b320__codebebd8b2d__20260714T105400494420Z,msl_ncam_nlb_552677960edr_f0642088ncam00354m1,test_msl,ALL,pixel_acc,1.0,0,0,141082
segformer__scratch__mit-b0__in_rover__seed1415__gpu_full__df715c71__gitc188b320__codebebd8b2d__20260714T105400494420Z,msl_ncam_nlb_552677960edr_f0642088ncam00354m1,test_msl,ALL,boundary_f1,1.0,0,0,141082
segformer__scratch__mit-b0__in_rover__seed1415__gpu_full__df715c71__gitc188b320__codebebd8b2d__20260714T105400494420Z,msl_ncam_nlb_552678040edr_f0642088ncam00354m1,test_msl,soil,iou,,0,0,124577
segformer__scratch__mit-b0__in_rover__seed1415__gpu_full__df715c71__gitc188b320__codebebd8b2d__20260714T105400494420Z,msl_ncam_nlb_552678040edr_f0642088ncam00354m1,test_msl,bedrock,iou,,0,0,124577
segformer__scratch__mit-b0__in_rover__seed1415__gpu_full__df715c71__gitc188b320__codebebd8b2d__20260714T105400494420Z,msl_ncam_nlb_552678040edr_f0642088ncam00354m1,test_msl,sand,iou,1.0,124577,124577,124577
segformer__scratch__mit-b0__in_rover__seed1415__gpu_full__df715c71__gitc188b320__codebebd8b2d__20260714T105400494420Z,msl_ncam_nlb_552678040edr_f0642088ncam00354m1,test_msl,big_rock,iou,,0,0,124577
segformer__scratch__mit-b0__in_rover__seed1415__gpu_full__df715c71__gitc188b320__codebebd8b2d__20260714T105400494420Z,msl_ncam_nlb_552678040edr_f0642088ncam00354m1,test_msl,ALL,pixel_acc,1.0,0,0,124577
segformer__scratch__mit-b0__in_rover__seed1415__gpu_full__df715c71__gitc188b320__codebebd8b2d__20260714T105400494420Z,msl_ncam_nlb_552678040edr_f0642088ncam00354m1,test_msl,ALL,boundary_f1,1.0,0,0,124577
segformer__scratch__mit-b0__in_rover__seed1415__gpu_full__df715c71__gitc188b320__codebebd8b2d__20260714T105400494420Z,msl_ncam_nlb_552682049edr_f0642088ncam07753m1,test_msl,soil,iou,,0,0,203617
segformer__scratch__mit-b0__in_rover__seed1415__gpu_full__df715c71__gitc188b320__codebebd8b2d__20260714T105400494420Z,msl_ncam_nlb_552682049edr_f0642088ncam07753m1,test_msl,bedrock,iou,,0,0,203617
segformer__scratch__mit-b0__in_rover__seed1415__gpu_full__df715c71__gitc188b320__codebebd8b2d__20260714T105400494420Z,msl_ncam_nlb_552682049edr_f0642088ncam07753m1,test_msl,sand,iou,1.0,203617,203617,203617
segformer__scratch__mit-b0__in_rover__seed1415__gpu_full__df715c71__gitc188b320__codebebd8b2d__20260714T105400494420Z,msl_ncam_nlb_552682049edr_f0642088ncam07753m1,test_msl,big_rock,iou,,0,0,203617
segformer__scratch__mit-b0__in_rover__seed1415__gpu_full__df715c71__gitc188b320__codebebd8b2d__20260714T105400494420Z,msl_ncam_nlb_552682049edr_f0642088ncam07753m1,test_msl,ALL,pixel_acc,1.0,0,0,203617
segformer__scratch__mit-b0__in_rover__seed1415__gpu_full__df715c71__gitc188b320__codebebd8b2d__20260714T105400494420Z,msl_ncam_nlb_552682049edr_f0642088ncam07753m1,test_msl,ALL,boundary_f1,1.0,0,0,203617
segformer__scratch__mit-b0__in_rover__seed1415__gpu_full__df715c71__gitc188b320__codebebd8b2d__20260714T105400494420Z,msl_ncam_nlb_552682173edr_f0642088ncam07753m1,test_msl,soil,iou,,0,0,37725
segformer__scratch__mit-b0__in_rover__seed1415__gpu_full__df715c71__gitc188b320__codebebd8b2d__20260714T105400494420Z,msl_ncam_nlb_552682173edr_f0642088ncam07753m1,test_msl,bedrock,iou,1.0,3020,3020,37725
segformer__scratch__mit-b0__in_rover__seed1415__gpu_full__df715c71__gitc188b320__codebebd8b2d__20260714T105400494420Z,msl_ncam_nlb_552682173edr_f0642088ncam07753m1,test_msl,sand,iou,1.0,34705,34705,37725
segformer__scratch__mit-b0__in_rover__seed1415__gpu_full__df715c71__gitc188b320__codebebd8b2d__20260714T105400494420Z,msl_ncam_nlb_552682173edr_f0642088ncam07753m1,test_msl,big_rock,iou,,0,0,37725
segformer__scratch__mit-b0__in_rover__seed1415__gpu_full__df715c71__gitc188b320__codebebd8b2d__20260714T105400494420Z,msl_ncam_nlb_552682173edr_f0642088ncam07753m1,test_msl,ALL,pixel_acc,1.0,0,0,37725
segformer__scratch__mit-b0__in_rover__seed1415__gpu_full__df715c71__gitc188b320__codebebd8b2d__20260714T105400494420Z,msl_ncam_nlb_552682173edr_f0642088ncam07753m1,test_msl,ALL,boundary_f1,1.0,0,0,37725
segformer__scratch__mit-b0__in_rover__seed1415__gpu_full__df715c71__gitc188b320__codebebd8b2d__20260714T105400494420Z,msl_ncam_nlb_556418003edr_f0651174ncam00320m1,test_msl,soil,iou,,0,0,95260
segformer__scratch__mit-b0__in_rover__seed1415__gpu_full__df715c71__gitc188b320__codebebd8b2d__20260714T105400494420Z,msl_ncam_nlb_556418003edr_f0651174ncam00320m1,test_msl,bedrock,iou,0.8522599734720947,8353,9801,95260
segformer__scratch__mit-b0__in_rover__seed1415__gpu_full__df715c71__gitc188b320__codebebd8b2d__20260714T105400494420Z,msl_ncam_nlb_556418003edr_f0651174ncam00320m1,test_msl,sand,iou,0.9833385112821752,85459,86907,95260
segformer__scratch__mit-b0__in_rover__seed1415__gpu_full__df715c71__gitc188b320__codebebd8b2d__20260714T105400494420Z,msl_ncam_nlb_556418003edr_f0651174ncam00320m1,test_msl,big_rock,iou,,0,0,95260
segformer__scratch__mit-b0__in_rover__seed1415__gpu_full__df715c71__gitc188b320__codebebd8b2d__20260714T105400494420Z,msl_ncam_nlb_556418003edr_f0651174ncam00320m1,test_msl,ALL,pixel_acc,0.9847994961158933,0,0,95260
segformer__scratch__mit-b0__in_rover__seed1415__gpu_full__df715c71__gitc188b320__codebebd8b2d__20260714T105400494420Z,msl_ncam_nlb_556418003edr_f0651174ncam00320m1,test_msl,ALL,boundary_f1,0.8841456375581795,0,0,95260
segformer__scratch__mit-b0__in_rover__seed1415__gpu_full__df715c71__gitc188b320__codebebd8b2d__20260714T105400494420Z,msl_ncam_nlb_556756244edr_f0651642ncam00285m1,test_msl,soil,iou,,0,0,71198
segformer__scratch__mit-b0__in_rover__seed1415__gpu_full__df715c71__gitc188b320__codebebd8b2d__20260714T105400494420Z,msl_ncam_nlb_556756244edr_f0651642ncam00285m1,test_msl,bedrock,iou,0.9544148985453534,10301,10793,71198
segformer__scratch__mit-b0__in_rover__seed1415__gpu_full__df715c71__gitc188b320__codebebd8b2d__20260714T105400494420Z,msl_ncam_nlb_556756244edr_f0651642ncam00285m1,test_msl,sand,iou,0.9919207842750875,60405,60897,71198
segformer__scratch__mit-b0__in_rover__seed1415__gpu_full__df715c71__gitc188b320__codebebd8b2d__20260714T105400494420Z,msl_ncam_nlb_556756244edr_f0651642ncam00285m1,test_msl,big_rock,iou,,0,0,71198
segformer__scratch__mit-b0__in_rover__seed1415__gpu_full__df715c71__gitc188b320__codebebd8b2d__20260714T105400494420Z,msl_ncam_nlb_556756244edr_f0651642ncam00285m1,test_msl,ALL,pixel_acc,0.9930896935307172,0,0,71198
segformer__scratch__mit-b0__in_rover__seed1415__gpu_full__df715c71__gitc188b320__codebebd8b2d__20260714T105400494420Z,msl_ncam_nlb_556756244edr_f0651642ncam00285m1,test_msl,ALL,boundary_f1,0.9690954292949888,0,0,71198
segformer__scratch__mit-b0__in_rover__seed1415__gpu_full__df715c71__gitc188b320__codebebd8b2d__20260714T105400494420Z,msl_ncam_nlb_556756308edr_f0651642ncam00285m1,test_msl,soil,iou,,0,0,120672
segformer__scratch__mit-b0__in_rover__seed1415__gpu_full__df715c71__gitc188b320__codebebd8b2d__20260714T105400494420Z,msl_ncam_nlb_556756308edr_f0651642ncam00285m1,test_msl,bedrock,iou,0.36294190797655,2043,5629,120672
segformer__scratch__mit-b0__in_rover__seed1415__gpu_full__df715c71__gitc188b320__codebebd8b2d__20260714T105400494420Z,msl_ncam_nlb_556756308edr_f0651642ncam00285m1,test_msl,sand,iou,0.979031293601754,98236,100340,120672
segformer__scratch__mit-b0__in_rover__seed1415__gpu_full__df715c71__gitc188b320__codebebd8b2d__20260714T105400494420Z,msl_ncam_nlb_556756308edr_f0651642ncam00285m1,test_msl,big_rock,iou,0.7632636655948553,15192,19904,120672
segformer__scratch__mit-b0__in_rover__seed1415__gpu_full__df715c71__gitc188b320__codebebd8b2d__20260714T105400494420Z,msl_ncam_nlb_556756308edr_f0651642ncam00285m1,test_msl,ALL,pixel_acc,0.9568996950411032,0,0,120672
segformer__scratch__mit-b0__in_rover__seed1415__gpu_full__df715c71__gitc188b320__codebebd8b2d__20260714T105400494420Z,msl_ncam_nlb_556756308edr_f0651642ncam00285m1,test_msl,ALL,boundary_f1,0.6843023392457317,0,0,120672
segformer__scratch__mit-b0__in_rover__seed1415__gpu_full__df715c71__gitc188b320__codebebd8b2d__20260714T105400494420Z,msl_ncam_nlb_556756606edr_f0651642ncam00312m1,test_msl,soil,iou,,0,0,172993
segformer__scratch__mit-b0__in_rover__seed1415__gpu_full__df715c71__gitc188b320__codebebd8b2d__20260714T105400494420Z,msl_ncam_nlb_556756606edr_f0651642ncam00312m1,test_msl,bedrock,iou,0.9342462039045553,13782,14752,172993
segformer__scratch__mit-b0__in_rover__seed1415__gpu_full__df715c71__gitc188b320__codebebd8b2d__20260714T105400494420Z,msl_ncam_nlb_556756606edr_f0651642ncam00312m1,test_msl,sand,iou,0.9939074561431057,158241,159211,172993
segformer__scratch__mit-b0__in_rover__seed1415__gpu_full__df715c71__gitc188b320__codebebd8b2d__20260714T105400494420Z,msl_ncam_nlb_556756606edr_f0651642ncam00312m1,test_msl,big_rock,iou,,0,0,172993
segformer__scratch__mit-b0__in_rover__seed1415__gpu_full__df715c71__gitc188b320__codebebd8b2d__20260714T105400494420Z,msl_ncam_nlb_556756606edr_f0651642ncam00312m1,test_msl,ALL,pixel_acc,0.9943928367043753,0,0,172993
segformer__scratch__mit-b0__in_rover__seed1415__gpu_full__df715c71__gitc188b320__codebebd8b2d__20260714T105400494420Z,msl_ncam_nlb_556756606edr_f0651642ncam00312m1,test_msl,ALL,boundary_f1,0.9492488704123137,0,0,172993
segformer__scratch__mit-b0__in_rover__seed1415__gpu_full__df715c71__gitc188b320__codebebd8b2d__20260714T105400494420Z,msl_ncam_nlb_556763962edr_f0651642ncam07753m1,test_msl,soil,iou,0.0,0,249,156742
segformer__scratch__mit-b0__in_rover__seed1415__gpu_full__df715c71__gitc188b320__codebebd8b2d__20260714T105400494420Z,msl_ncam_nlb_556763962edr_f0651642ncam07753m1,test_msl,bedrock,iou,0.9354352468282879,7447,7961,156742
segformer__scratch__mit-b0__in_rover__seed1415__gpu_full__df715c71__gitc188b320__codebebd8b2d__20260714T105400494420Z,msl_ncam_nlb_556763962edr_f0651642ncam07753m1,test_msl,sand,iou,0.9981482226963487,148770,149046,156742
segformer__scratch__mit-b0__in_rover__seed1415__gpu_full__df715c71__gitc188b320__codebebd8b2d__20260714T105400494420Z,msl_ncam_nlb_556763962edr_f0651642ncam07753m1,test_msl,big_rock,iou,0.0,0,11,156742
segformer__scratch__mit-b0__in_rover__seed1415__gpu_full__df715c71__gitc188b320__codebebd8b2d__20260714T105400494420Z,msl_ncam_nlb_556763962edr_f0651642ncam07753m1,test_msl,ALL,pixel_acc,0.9966505467583673,0,0,156742
segformer__scratch__mit-b0__in_rover__seed1415__gpu_full__df715c71__gitc188b320__codebebd8b2d__20260714T105400494420Z,msl_ncam_nlb_556763962edr_f0651642ncam07753m1,test_msl,ALL,boundary_f1,0.4461178504366487,0,0,156742
segformer__scratch__mit-b0__in_rover__seed1415__gpu_full__df715c71__gitc188b320__codebebd8b2d__20260714T105400494420Z,msl_ncam_nlb_556764110edr_f0651642ncam07753m1,test_msl,soil,iou,,0,0,19514
segformer__scratch__mit-b0__in_rover__seed1415__gpu_full__df715c71__gitc188b320__codebebd8b2d__20260714T105400494420Z,msl_ncam_nlb_556764110edr_f0651642ncam07753m1,test_msl,bedrock,iou,0.0,0,610,19514
segformer__scratch__mit-b0__in_rover__seed1415__gpu_full__df715c71__gitc188b320__codebebd8b2d__20260714T105400494420Z,msl_ncam_nlb_556764110edr_f0651642ncam07753m1,test_msl,sand,iou,0.968740391513785,18904,19514,19514
segformer__scratch__mit-b0__in_rover__seed1415__gpu_full__df715c71__gitc188b320__codebebd8b2d__20260714T105400494420Z,msl_ncam_nlb_556764110edr_f0651642ncam07753m1,test_msl,big_rock,iou,,0,0,19514
segformer__scratch__mit-b0__in_rover__seed1415__gpu_full__df715c71__gitc188b320__codebebd8b2d__20260714T105400494420Z,msl_ncam_nlb_556764110edr_f0651642ncam07753m1,test_msl,ALL,pixel_acc,0.968740391513785,0,0,19514
segformer__scratch__mit-b0__in_rover__seed1415__gpu_full__df715c71__gitc188b320__codebebd8b2d__20260714T105400494420Z,msl_ncam_nlb_556764110edr_f0651642ncam07753m1,test_msl,ALL,boundary_f1,0.46672856700711857,0,0,19514
segformer__scratch__mit-b0__in_rover__seed1415__gpu_full__df715c71__gitc188b320__codebebd8b2d__20260714T105400494420Z,msl_ncam_nlb_556764172edr_f0651642ncam07753m1,test_msl,soil,iou,,0,0,45242
segformer__scratch__mit-b0__in_rover__seed1415__gpu_full__df715c71__gitc188b320__codebebd8b2d__20260714T105400494420Z,msl_ncam_nlb_556764172edr_f0651642ncam07753m1,test_msl,bedrock,iou,0.8730553827006845,7015,8035,45242
segformer__scratch__mit-b0__in_rover__seed1415__gpu_full__df715c71__gitc188b320__codebebd8b2d__20260714T105400494420Z,msl_ncam_nlb_556764172edr_f0651642ncam07753m1,test_msl,sand,iou,0.9733172888272686,37207,38227,45242
segformer__scratch__mit-b0__in_rover__seed1415__gpu_full__df715c71__gitc188b320__codebebd8b2d__20260714T105400494420Z,msl_ncam_nlb_556764172edr_f0651642ncam07753m1,test_msl,big_rock,iou,,0,0,45242
segformer__scratch__mit-b0__in_rover__seed1415__gpu_full__df715c71__gitc188b320__codebebd8b2d__20260714T105400494420Z,msl_ncam_nlb_556764172edr_f0651642ncam07753m1,test_msl,ALL,pixel_acc,0.9774545776048804,0,0,45242
segformer__scratch__mit-b0__in_rover__seed1415__gpu_full__df715c71__gitc188b320__codebebd8b2d__20260714T105400494420Z,msl_ncam_nlb_556764172edr_f0651642ncam07753m1,test_msl,ALL,boundary_f1,0.9079400721568538,0,0,45242
segformer__scratch__mit-b0__in_rover__seed1415__gpu_full__df715c71__gitc188b320__codebebd8b2d__20260714T105400494420Z,msl_ncam_nlb_558363908edr_f0660000ncam00375m1,test_msl,soil,iou,,0,0,137927
segformer__scratch__mit-b0__in_rover__seed1415__gpu_full__df715c71__gitc188b320__codebebd8b2d__20260714T105400494420Z,msl_ncam_nlb_558363908edr_f0660000ncam00375m1,test_msl,bedrock,iou,1.0,137927,137927,137927
segformer__scratch__mit-b0__in_rover__seed1415__gpu_full__df715c71__gitc188b320__codebebd8b2d__20260714T105400494420Z,msl_ncam_nlb_558363908edr_f0660000ncam00375m1,test_msl,sand,iou,,0,0,137927
segformer__scratch__mit-b0__in_rover__seed1415__gpu_full__df715c71__gitc188b320__codebebd8b2d__20260714T105400494420Z,msl_ncam_nlb_558363908edr_f0660000ncam00375m1,test_msl,big_rock,iou,,0,0,137927
segformer__scratch__mit-b0__in_rover__seed1415__gpu_full__df715c71__gitc188b320__codebebd8b2d__20260714T105400494420Z,msl_ncam_nlb_558363908edr_f0660000ncam00375m1,test_msl,ALL,pixel_acc,1.0,0,0,137927
segformer__scratch__mit-b0__in_rover__seed1415__gpu_full__df715c71__gitc188b320__codebebd8b2d__20260714T105400494420Z,msl_ncam_nlb_558363908edr_f0660000ncam00375m1,test_msl,ALL,boundary_f1,1.0,0,0,137927
segformer__scratch__mit-b0__in_rover__seed1415__gpu_full__df715c71__gitc188b320__codebebd8b2d__20260714T105400494420Z,msl_ncam_nlb_558364034edr_f0660000ncam00252m1,test_msl,soil,iou,,0,0,216388
segformer__scratch__mit-b0__in_rover__seed1415__gpu_full__df715c71__gitc188b320__codebebd8b2d__20260714T105400494420Z,msl_ncam_nlb_558364034edr_f0660000ncam00252m1,test_msl,bedrock,iou,1.0,216388,216388,216388
segformer__scratch__mit-b0__in_rover__seed1415__gpu_full__df715c71__gitc188b320__codebebd8b2d__20260714T105400494420Z,msl_ncam_nlb_558364034edr_f0660000ncam00252m1,test_msl,sand,iou,,0,0,216388
segformer__scratch__mit-b0__in_rover__seed1415__gpu_full__df715c71__gitc188b320__codebebd8b2d__20260714T105400494420Z,msl_ncam_nlb_558364034edr_f0660000ncam00252m1,test_msl,big_rock,iou,,0,0,216388
segformer__scratch__mit-b0__in_rover__seed1415__gpu_full__df715c71__gitc188b320__codebebd8b2d__20260714T105400494420Z,msl_ncam_nlb_558364034edr_f0660000ncam00252m1,test_msl,ALL,pixel_acc,1.0,0,0,216388
segformer__scratch__mit-b0__in_rover__seed1415__gpu_full__df715c71__gitc188b320__codebebd8b2d__20260714T105400494420Z,msl_ncam_nlb_558364034edr_f0660000ncam00252m1,test_msl,ALL,boundary_f1,1.0,0,0,216388
segformer__scratch__mit-b0__in_rover__seed1415__gpu_full__df715c71__gitc188b320__codebebd8b2d__20260714T105400494420Z,msl_ncam_nlb_558364090edr_f0660000ncam00252m1,test_msl,soil,iou,,0,0,0
segformer__scratch__mit-b0__in_rover__seed1415__gpu_full__df715c71__gitc188b320__codebebd8b2d__20260714T105400494420Z,msl_ncam_nlb_558364090edr_f0660000ncam00252m1,test_msl,bedrock,iou,,0,0,0
segformer__scratch__mit-b0__in_rover__seed1415__gpu_full__df715c71__gitc188b320__codebebd8b2d__20260714T105400494420Z,msl_ncam_nlb_558364090edr_f0660000ncam00252m1,test_msl,sand,iou,,0,0,0
segformer__scratch__mit-b0__in_rover__seed1415__gpu_full__df715c71__gitc188b320__codebebd8b2d__20260714T105400494420Z,msl_ncam_nlb_558364090edr_f0660000ncam00252m1,test_msl,big_rock,iou,,0,0,0
segformer__scratch__mit-b0__in_rover__seed1415__gpu_full__df715c71__gitc188b320__codebebd8b2d__20260714T105400494420Z,msl_ncam_nlb_558364090edr_f0660000ncam00252m1,test_msl,ALL,pixel_acc,,0,0,0
segformer__scratch__mit-b0__in_rover__seed1415__gpu_full__df715c71__gitc188b320__codebebd8b2d__20260714T105400494420Z,msl_ncam_nlb_558364090edr_f0660000ncam00252m1,test_msl,ALL,boundary_f1,,0,0,0
segformer__scratch__mit-b0__in_rover__seed1415__gpu_full__df715c71__gitc188b320__codebebd8b2d__20260714T105400494420Z,msl_ncam_nlb_558364829edr_f0660000ncam00253m1,test_msl,soil,iou,0.0,0,1311,110732
segformer__scratch__mit-b0__in_rover__seed1415__gpu_full__df715c71__gitc188b320__codebebd8b2d__20260714T105400494420Z,msl_ncam_nlb_558364829edr_f0660000ncam00253m1,test_msl,bedrock,iou,0.9881606039807824,109421,110732,110732
segformer__scratch__mit-b0__in_rover__seed1415__gpu_full__df715c71__gitc188b320__codebebd8b2d__20260714T105400494420Z,msl_ncam_nlb_558364829edr_f0660000ncam00253m1,test_msl,sand,iou,,0,0,110732
segformer__scratch__mit-b0__in_rover__seed1415__gpu_full__df715c71__gitc188b320__codebebd8b2d__20260714T105400494420Z,msl_ncam_nlb_558364829edr_f0660000ncam00253m1,test_msl,big_rock,iou,,0,0,110732
segformer__scratch__mit-b0__in_rover__seed1415__gpu_full__df715c71__gitc188b320__codebebd8b2d__20260714T105400494420Z,msl_ncam_nlb_558364829edr_f0660000ncam00253m1,test_msl,ALL,pixel_acc,0.9881606039807824,0,0,110732
segformer__scratch__mit-b0__in_rover__seed1415__gpu_full__df715c71__gitc188b320__codebebd8b2d__20260714T105400494420Z,msl_ncam_nlb_558364829edr_f0660000ncam00253m1,test_msl,ALL,boundary_f1,0.4826183917093008,0,0,110732
segformer__scratch__mit-b0__in_rover__seed1415__gpu_full__df715c71__gitc188b320__codebebd8b2d__20260714T105400494420Z,msl_ncam_nlb_558364943edr_f0660000ncam00253m1,test_msl,soil,iou,,0,0,3436
segformer__scratch__mit-b0__in_rover__seed1415__gpu_full__df715c71__gitc188b320__codebebd8b2d__20260714T105400494420Z,msl_ncam_nlb_558364943edr_f0660000ncam00253m1,test_msl,bedrock,iou,1.0,3436,3436,3436
segformer__scratch__mit-b0__in_rover__seed1415__gpu_full__df715c71__gitc188b320__codebebd8b2d__20260714T105400494420Z,msl_ncam_nlb_558364943edr_f0660000ncam00253m1,test_msl,sand,iou,,0,0,3436
segformer__scratch__mit-b0__in_rover__seed1415__gpu_full__df715c71__gitc188b320__codebebd8b2d__20260714T105400494420Z,msl_ncam_nlb_558364943edr_f0660000ncam00253m1,test_msl,big_rock,iou,,0,0,3436
segformer__scratch__mit-b0__in_rover__seed1415__gpu_full__df715c71__gitc188b320__codebebd8b2d__20260714T105400494420Z,msl_ncam_nlb_558364943edr_f0660000ncam00253m1,test_msl,ALL,pixel_acc,1.0,0,0,3436
segformer__scratch__mit-b0__in_rover__seed1415__gpu_full__df715c71__gitc188b320__codebebd8b2d__20260714T105400494420Z,msl_ncam_nlb_558364943edr_f0660000ncam00253m1,test_msl,ALL,boundary_f1,1.0,0,0,3436
segformer__scratch__mit-b0__in_rover__seed1415__gpu_full__df715c71__gitc188b320__codebebd8b2d__20260714T105400494420Z,msl_ncam_nlb_558365006edr_f0660000ncam00253m1,test_msl,soil,iou,0.0,0,136,47526
segformer__scratch__mit-b0__in_rover__seed1415__gpu_full__df715c71__gitc188b320__codebebd8b2d__20260714T105400494420Z,msl_ncam_nlb_558365006edr_f0660000ncam00253m1,test_msl,bedrock,iou,0.9971384084501115,47390,47526,47526
segformer__scratch__mit-b0__in_rover__seed1415__gpu_full__df715c71__gitc188b320__codebebd8b2d__20260714T105400494420Z,msl_ncam_nlb_558365006edr_f0660000ncam00253m1,test_msl,sand,iou,,0,0,47526
segformer__scratch__mit-b0__in_rover__seed1415__gpu_full__df715c71__gitc188b320__codebebd8b2d__20260714T105400494420Z,msl_ncam_nlb_558365006edr_f0660000ncam00253m1,test_msl,big_rock,iou,,0,0,47526
segformer__scratch__mit-b0__in_rover__seed1415__gpu_full__df715c71__gitc188b320__codebebd8b2d__20260714T105400494420Z,msl_ncam_nlb_558365006edr_f0660000ncam00253m1,test_msl,ALL,pixel_acc,0.9971384084501115,0,0,47526
segformer__scratch__mit-b0__in_rover__seed1415__gpu_full__df715c71__gitc188b320__codebebd8b2d__20260714T105400494420Z,msl_ncam_nlb_558365006edr_f0660000ncam00253m1,test_msl,ALL,boundary_f1,0.4961896697713802,0,0,47526
segformer__scratch__mit-b0__in_rover__seed1415__gpu_full__df715c71__gitc188b320__codebebd8b2d__20260714T105400494420Z,msl_ncam_nlb_558365068edr_f0660000ncam00253m1,test_msl,soil,iou,,0,0,142185
segformer__scratch__mit-b0__in_rover__seed1415__gpu_full__df715c71__gitc188b320__codebebd8b2d__20260714T105400494420Z,msl_ncam_nlb_558365068edr_f0660000ncam00253m1,test_msl,bedrock,iou,1.0,142185,142185,142185
segformer__scratch__mit-b0__in_rover__seed1415__gpu_full__df715c71__gitc188b320__codebebd8b2d__20260714T105400494420Z,msl_ncam_nlb_558365068edr_f0660000ncam00253m1,test_msl,sand,iou,,0,0,142185
segformer__scratch__mit-b0__in_rover__seed1415__gpu_full__df715c71__gitc188b320__codebebd8b2d__20260714T105400494420Z,msl_ncam_nlb_558365068edr_f0660000ncam00253m1,test_msl,big_rock,iou,,0,0,142185
segformer__scratch__mit-b0__in_rover__seed1415__gpu_full__df715c71__gitc188b320__codebebd8b2d__20260714T105400494420Z,msl_ncam_nlb_558365068edr_f0660000ncam00253m1,test_msl,ALL,pixel_acc,1.0,0,0,142185
segformer__scratch__mit-b0__in_rover__seed1415__gpu_full__df715c71__gitc188b320__codebebd8b2d__20260714T105400494420Z,msl_ncam_nlb_558365068edr_f0660000ncam00253m1,test_msl,ALL,boundary_f1,1.0,0,0,142185
segformer__scratch__mit-b0__in_rover__seed1415__gpu_full__df715c71__gitc188b320__codebebd8b2d__20260714T105400494420Z,msl_ncam_nlb_560302217edr_f0660952ncam00320m1,test_msl,soil,iou,,0,0,41827
segformer__scratch__mit-b0__in_rover__seed1415__gpu_full__df715c71__gitc188b320__codebebd8b2d__20260714T105400494420Z,msl_ncam_nlb_560302217edr_f0660952ncam00320m1,test_msl,bedrock,iou,1.0,41827,41827,41827
segformer__scratch__mit-b0__in_rover__seed1415__gpu_full__df715c71__gitc188b320__codebebd8b2d__20260714T105400494420Z,msl_ncam_nlb_560302217edr_f0660952ncam00320m1,test_msl,sand,iou,,0,0,41827
segformer__scratch__mit-b0__in_rover__seed1415__gpu_full__df715c71__gitc188b320__codebebd8b2d__20260714T105400494420Z,msl_ncam_nlb_560302217edr_f0660952ncam00320m1,test_msl,big_rock,iou,,0,0,41827
segformer__scratch__mit-b0__in_rover__seed1415__gpu_full__df715c71__gitc188b320__codebebd8b2d__20260714T105400494420Z,msl_ncam_nlb_560302217edr_f0660952ncam00320m1,test_msl,ALL,pixel_acc,1.0,0,0,41827
segformer__scratch__mit-b0__in_rover__seed1415__gpu_full__df715c71__gitc188b320__codebebd8b2d__20260714T105400494420Z,msl_ncam_nlb_560302217edr_f0660952ncam00320m1,test_msl,ALL,boundary_f1,1.0,0,0,41827
segformer__scratch__mit-b0__in_rover__seed1415__gpu_full__df715c71__gitc188b320__codebebd8b2d__20260714T105400494420Z,msl_ncam_nlb_560310464edr_f0661030ncam00385m1,test_msl,soil,iou,,0,0,158565
segformer__scratch__mit-b0__in_rover__seed1415__gpu_full__df715c71__gitc188b320__codebebd8b2d__20260714T105400494420Z,msl_ncam_nlb_560310464edr_f0661030ncam00385m1,test_msl,bedrock,iou,1.0,158565,158565,158565
segformer__scratch__mit-b0__in_rover__seed1415__gpu_full__df715c71__gitc188b320__codebebd8b2d__20260714T105400494420Z,msl_ncam_nlb_560310464edr_f0661030ncam00385m1,test_msl,sand,iou,,0,0,158565
segformer__scratch__mit-b0__in_rover__seed1415__gpu_full__df715c71__gitc188b320__codebebd8b2d__20260714T105400494420Z,msl_ncam_nlb_560310464edr_f0661030ncam00385m1,test_msl,big_rock,iou,,0,0,158565
segformer__scratch__mit-b0__in_rover__seed1415__gpu_full__df715c71__gitc188b320__codebebd8b2d__20260714T105400494420Z,msl_ncam_nlb_560310464edr_f0661030ncam00385m1,test_msl,ALL,pixel_acc,1.0,0,0,158565
segformer__scratch__mit-b0__in_rover__seed1415__gpu_full__df715c71__gitc188b320__codebebd8b2d__20260714T105400494420Z,msl_ncam_nlb_560310464edr_f0661030ncam00385m1,test_msl,ALL,boundary_f1,1.0,0,0,158565
segformer__scratch__mit-b0__in_rover__seed1415__gpu_full__df715c71__gitc188b320__codebebd8b2d__20260714T105400494420Z,msl_ncam_nlb_560311677edr_f0661112ncam00353m1,test_msl,soil,iou,0.0,0,206,58722
segformer__scratch__mit-b0__in_rover__seed1415__gpu_full__df715c71__gitc188b320__codebebd8b2d__20260714T105400494420Z,msl_ncam_nlb_560311677edr_f0661112ncam00353m1,test_msl,bedrock,iou,0.9964919450972378,58516,58722,58722
segformer__scratch__mit-b0__in_rover__seed1415__gpu_full__df715c71__gitc188b320__codebebd8b2d__20260714T105400494420Z,msl_ncam_nlb_560311677edr_f0661112ncam00353m1,test_msl,sand,iou,,0,0,58722
segformer__scratch__mit-b0__in_rover__seed1415__gpu_full__df715c71__gitc188b320__codebebd8b2d__20260714T105400494420Z,msl_ncam_nlb_560311677edr_f0661112ncam00353m1,test_msl,big_rock,iou,,0,0,58722
segformer__scratch__mit-b0__in_rover__seed1415__gpu_full__df715c71__gitc188b320__codebebd8b2d__20260714T105400494420Z,msl_ncam_nlb_560311677edr_f0661112ncam00353m1,test_msl,ALL,pixel_acc,0.9964919450972378,0,0,58722
segformer__scratch__mit-b0__in_rover__seed1415__gpu_full__df715c71__gitc188b320__codebebd8b2d__20260714T105400494420Z,msl_ncam_nlb_560311677edr_f0661112ncam00353m1,test_msl,ALL,boundary_f1,0.4872396597242593,0,0,58722
segformer__scratch__mit-b0__in_rover__seed1415__gpu_full__df715c71__gitc188b320__codebebd8b2d__20260714T105400494420Z,msl_ncam_nlb_560311785edr_f0661112ncam00273m1,test_msl,soil,iou,,0,0,67364
segformer__scratch__mit-b0__in_rover__seed1415__gpu_full__df715c71__gitc188b320__codebebd8b2d__20260714T105400494420Z,msl_ncam_nlb_560311785edr_f0661112ncam00273m1,test_msl,bedrock,iou,1.0,67364,67364,67364
segformer__scratch__mit-b0__in_rover__seed1415__gpu_full__df715c71__gitc188b320__codebebd8b2d__20260714T105400494420Z,msl_ncam_nlb_560311785edr_f0661112ncam00273m1,test_msl,sand,iou,,0,0,67364
segformer__scratch__mit-b0__in_rover__seed1415__gpu_full__df715c71__gitc188b320__codebebd8b2d__20260714T105400494420Z,msl_ncam_nlb_560311785edr_f0661112ncam00273m1,test_msl,big_rock,iou,,0,0,67364
segformer__scratch__mit-b0__in_rover__seed1415__gpu_full__df715c71__gitc188b320__codebebd8b2d__20260714T105400494420Z,msl_ncam_nlb_560311785edr_f0661112ncam00273m1,test_msl,ALL,pixel_acc,1.0,0,0,67364
segformer__scratch__mit-b0__in_rover__seed1415__gpu_full__df715c71__gitc188b320__codebebd8b2d__20260714T105400494420Z,msl_ncam_nlb_560311785edr_f0661112ncam00273m1,test_msl,ALL,boundary_f1,1.0,0,0,67364
segformer__scratch__mit-b0__in_rover__seed1415__gpu_full__df715c71__gitc188b320__codebebd8b2d__20260714T105400494420Z,msl_ncam_nlb_560311842edr_f0661112ncam00273m1,test_msl,soil,iou,0.0,0,968,94786
segformer__scratch__mit-b0__in_rover__seed1415__gpu_full__df715c71__gitc188b320__codebebd8b2d__20260714T105400494420Z,msl_ncam_nlb_560311842edr_f0661112ncam00273m1,test_msl,bedrock,iou,0.9897875213639145,93818,94786,94786
segformer__scratch__mit-b0__in_rover__seed1415__gpu_full__df715c71__gitc188b320__codebebd8b2d__20260714T105400494420Z,msl_ncam_nlb_560311842edr_f0661112ncam00273m1,test_msl,sand,iou,,0,0,94786
segformer__scratch__mit-b0__in_rover__seed1415__gpu_full__df715c71__gitc188b320__codebebd8b2d__20260714T105400494420Z,msl_ncam_nlb_560311842edr_f0661112ncam00273m1,test_msl,big_rock,iou,,0,0,94786
segformer__scratch__mit-b0__in_rover__seed1415__gpu_full__df715c71__gitc188b320__codebebd8b2d__20260714T105400494420Z,msl_ncam_nlb_560311842edr_f0661112ncam00273m1,test_msl,ALL,pixel_acc,0.9897875213639145,0,0,94786
segformer__scratch__mit-b0__in_rover__seed1415__gpu_full__df715c71__gitc188b320__codebebd8b2d__20260714T105400494420Z,msl_ncam_nlb_560311842edr_f0661112ncam00273m1,test_msl,ALL,boundary_f1,0.483848021586626,0,0,94786
segformer__scratch__mit-b0__in_rover__seed1415__gpu_full__df715c71__gitc188b320__codebebd8b2d__20260714T105400494420Z,msl_ncam_nlb_560311891edr_f0661112ncam00273m1,test_msl,soil,iou,,0,0,80347
segformer__scratch__mit-b0__in_rover__seed1415__gpu_full__df715c71__gitc188b320__codebebd8b2d__20260714T105400494420Z,msl_ncam_nlb_560311891edr_f0661112ncam00273m1,test_msl,bedrock,iou,1.0,80347,80347,80347
segformer__scratch__mit-b0__in_rover__seed1415__gpu_full__df715c71__gitc188b320__codebebd8b2d__20260714T105400494420Z,msl_ncam_nlb_560311891edr_f0661112ncam00273m1,test_msl,sand,iou,,0,0,80347
segformer__scratch__mit-b0__in_rover__seed1415__gpu_full__df715c71__gitc188b320__codebebd8b2d__20260714T105400494420Z,msl_ncam_nlb_560311891edr_f0661112ncam00273m1,test_msl,big_rock,iou,,0,0,80347
segformer__scratch__mit-b0__in_rover__seed1415__gpu_full__df715c71__gitc188b320__codebebd8b2d__20260714T105400494420Z,msl_ncam_nlb_560311891edr_f0661112ncam00273m1,test_msl,ALL,pixel_acc,1.0,0,0,80347
segformer__scratch__mit-b0__in_rover__seed1415__gpu_full__df715c71__gitc188b320__codebebd8b2d__20260714T105400494420Z,msl_ncam_nlb_560311891edr_f0661112ncam00273m1,test_msl,ALL,boundary_f1,1.0,0,0,80347
segformer__scratch__mit-b0__in_rover__seed1415__gpu_full__df715c71__gitc188b320__codebebd8b2d__20260714T105400494420Z,msl_ncam_nlb_560312189edr_f0661112ncam00354m1,test_msl,soil,iou,,0,0,115548
segformer__scratch__mit-b0__in_rover__seed1415__gpu_full__df715c71__gitc188b320__codebebd8b2d__20260714T105400494420Z,msl_ncam_nlb_560312189edr_f0661112ncam00354m1,test_msl,bedrock,iou,1.0,115548,115548,115548
segformer__scratch__mit-b0__in_rover__seed1415__gpu_full__df715c71__gitc188b320__codebebd8b2d__20260714T105400494420Z,msl_ncam_nlb_560312189edr_f0661112ncam00354m1,test_msl,sand,iou,,0,0,115548
segformer__scratch__mit-b0__in_rover__seed1415__gpu_full__df715c71__gitc188b320__codebebd8b2d__20260714T105400494420Z,msl_ncam_nlb_560312189edr_f0661112ncam00354m1,test_msl,big_rock,iou,,0,0,115548
segformer__scratch__mit-b0__in_rover__seed1415__gpu_full__df715c71__gitc188b320__codebebd8b2d__20260714T105400494420Z,msl_ncam_nlb_560312189edr_f0661112ncam00354m1,test_msl,ALL,pixel_acc,1.0,0,0,115548
segformer__scratch__mit-b0__in_rover__seed1415__gpu_full__df715c71__gitc188b320__codebebd8b2d__20260714T105400494420Z,msl_ncam_nlb_560312189edr_f0661112ncam00354m1,test_msl,ALL,boundary_f1,1.0,0,0,115548
segformer__scratch__mit-b0__in_rover__seed1415__gpu_full__df715c71__gitc188b320__codebebd8b2d__20260714T105400494420Z,msl_ncam_nlb_560316500edr_f0661112ncam00274m1,test_msl,soil,iou,,0,0,167888
segformer__scratch__mit-b0__in_rover__seed1415__gpu_full__df715c71__gitc188b320__codebebd8b2d__20260714T105400494420Z,msl_ncam_nlb_560316500edr_f0661112ncam00274m1,test_msl,bedrock,iou,1.0,167888,167888,167888
segformer__scratch__mit-b0__in_rover__seed1415__gpu_full__df715c71__gitc188b320__codebebd8b2d__20260714T105400494420Z,msl_ncam_nlb_560316500edr_f0661112ncam00274m1,test_msl,sand,iou,,0,0,167888
segformer__scratch__mit-b0__in_rover__seed1415__gpu_full__df715c71__gitc188b320__codebebd8b2d__20260714T105400494420Z,msl_ncam_nlb_560316500edr_f0661112ncam00274m1,test_msl,big_rock,iou,,0,0,167888
segformer__scratch__mit-b0__in_rover__seed1415__gpu_full__df715c71__gitc188b320__codebebd8b2d__20260714T105400494420Z,msl_ncam_nlb_560316500edr_f0661112ncam00274m1,test_msl,ALL,pixel_acc,1.0,0,0,167888
segformer__scratch__mit-b0__in_rover__seed1415__gpu_full__df715c71__gitc188b320__codebebd8b2d__20260714T105400494420Z,msl_ncam_nlb_560316500edr_f0661112ncam00274m1,test_msl,ALL,boundary_f1,1.0,0,0,167888
segformer__scratch__mit-b0__in_rover__seed1415__gpu_full__df715c71__gitc188b320__codebebd8b2d__20260714T105400494420Z,msl_ncam_nlb_560316562edr_f0661112ncam00274m1,test_msl,soil,iou,,0,0,130575
segformer__scratch__mit-b0__in_rover__seed1415__gpu_full__df715c71__gitc188b320__codebebd8b2d__20260714T105400494420Z,msl_ncam_nlb_560316562edr_f0661112ncam00274m1,test_msl,bedrock,iou,1.0,130575,130575,130575
segformer__scratch__mit-b0__in_rover__seed1415__gpu_full__df715c71__gitc188b320__codebebd8b2d__20260714T105400494420Z,msl_ncam_nlb_560316562edr_f0661112ncam00274m1,test_msl,sand,iou,,0,0,130575
segformer__scratch__mit-b0__in_rover__seed1415__gpu_full__df715c71__gitc188b320__codebebd8b2d__20260714T105400494420Z,msl_ncam_nlb_560316562edr_f0661112ncam00274m1,test_msl,big_rock,iou,,0,0,130575
segformer__scratch__mit-b0__in_rover__seed1415__gpu_full__df715c71__gitc188b320__codebebd8b2d__20260714T105400494420Z,msl_ncam_nlb_560316562edr_f0661112ncam00274m1,test_msl,ALL,pixel_acc,1.0,0,0,130575
segformer__scratch__mit-b0__in_rover__seed1415__gpu_full__df715c71__gitc188b320__codebebd8b2d__20260714T105400494420Z,msl_ncam_nlb_560316562edr_f0661112ncam00274m1,test_msl,ALL,boundary_f1,1.0,0,0,130575
segformer__scratch__mit-b0__in_rover__seed1415__gpu_full__df715c71__gitc188b320__codebebd8b2d__20260714T105400494420Z,msl_ncam_nlb_560316739edr_f0661112ncam00274m1,test_msl,soil,iou,,0,0,49617
segformer__scratch__mit-b0__in_rover__seed1415__gpu_full__df715c71__gitc188b320__codebebd8b2d__20260714T105400494420Z,msl_ncam_nlb_560316739edr_f0661112ncam00274m1,test_msl,bedrock,iou,1.0,49617,49617,49617
segformer__scratch__mit-b0__in_rover__seed1415__gpu_full__df715c71__gitc188b320__codebebd8b2d__20260714T105400494420Z,msl_ncam_nlb_560316739edr_f0661112ncam00274m1,test_msl,sand,iou,,0,0,49617
segformer__scratch__mit-b0__in_rover__seed1415__gpu_full__df715c71__gitc188b320__codebebd8b2d__20260714T105400494420Z,msl_ncam_nlb_560316739edr_f0661112ncam00274m1,test_msl,big_rock,iou,,0,0,49617
segformer__scratch__mit-b0__in_rover__seed1415__gpu_full__df715c71__gitc188b320__codebebd8b2d__20260714T105400494420Z,msl_ncam_nlb_560316739edr_f0661112ncam00274m1,test_msl,ALL,pixel_acc,1.0,0,0,49617
segformer__scratch__mit-b0__in_rover__seed1415__gpu_full__df715c71__gitc188b320__codebebd8b2d__20260714T105400494420Z,msl_ncam_nlb_560316739edr_f0661112ncam00274m1,test_msl,ALL,boundary_f1,1.0,0,0,49617
segformer__scratch__mit-b0__in_rover__seed1415__gpu_full__df715c71__gitc188b320__codebebd8b2d__20260714T105400494420Z,msl_ncam_nlb_565016252edr_f0670180ncam00385m1,test_msl,soil,iou,1.0,119731,119731,119731
segformer__scratch__mit-b0__in_rover__seed1415__gpu_full__df715c71__gitc188b320__codebebd8b2d__20260714T105400494420Z,msl_ncam_nlb_565016252edr_f0670180ncam00385m1,test_msl,bedrock,iou,,0,0,119731
segformer__scratch__mit-b0__in_rover__seed1415__gpu_full__df715c71__gitc188b320__codebebd8b2d__20260714T105400494420Z,msl_ncam_nlb_565016252edr_f0670180ncam00385m1,test_msl,sand,iou,,0,0,119731
segformer__scratch__mit-b0__in_rover__seed1415__gpu_full__df715c71__gitc188b320__codebebd8b2d__20260714T105400494420Z,msl_ncam_nlb_565016252edr_f0670180ncam00385m1,test_msl,big_rock,iou,,0,0,119731
segformer__scratch__mit-b0__in_rover__seed1415__gpu_full__df715c71__gitc188b320__codebebd8b2d__20260714T105400494420Z,msl_ncam_nlb_565016252edr_f0670180ncam00385m1,test_msl,ALL,pixel_acc,1.0,0,0,119731
segformer__scratch__mit-b0__in_rover__seed1415__gpu_full__df715c71__gitc188b320__codebebd8b2d__20260714T105400494420Z,msl_ncam_nlb_565016252edr_f0670180ncam00385m1,test_msl,ALL,boundary_f1,1.0,0,0,119731
segformer__scratch__mit-b0__in_rover__seed1415__gpu_full__df715c71__gitc188b320__codebebd8b2d__20260714T105400494420Z,msl_ncam_nlb_565022734edr_f0670216ncam00375m1,test_msl,soil,iou,0.924747341303917,55999,60556,61281
segformer__scratch__mit-b0__in_rover__seed1415__gpu_full__df715c71__gitc188b320__codebebd8b2d__20260714T105400494420Z,msl_ncam_nlb_565022734edr_f0670216ncam00375m1,test_msl,bedrock,iou,0.13725861416130253,725,5282,61281
segformer__scratch__mit-b0__in_rover__seed1415__gpu_full__df715c71__gitc188b320__codebebd8b2d__20260714T105400494420Z,msl_ncam_nlb_565022734edr_f0670216ncam00375m1,test_msl,sand,iou,,0,0,61281
segformer__scratch__mit-b0__in_rover__seed1415__gpu_full__df715c71__gitc188b320__codebebd8b2d__20260714T105400494420Z,msl_ncam_nlb_565022734edr_f0670216ncam00375m1,test_msl,big_rock,iou,,0,0,61281
segformer__scratch__mit-b0__in_rover__seed1415__gpu_full__df715c71__gitc188b320__codebebd8b2d__20260714T105400494420Z,msl_ncam_nlb_565022734edr_f0670216ncam00375m1,test_msl,ALL,pixel_acc,0.925637636461546,0,0,61281
segformer__scratch__mit-b0__in_rover__seed1415__gpu_full__df715c71__gitc188b320__codebebd8b2d__20260714T105400494420Z,msl_ncam_nlb_565022734edr_f0670216ncam00375m1,test_msl,ALL,boundary_f1,0.5660770817826389,0,0,61281
segformer__scratch__mit-b0__in_rover__seed1415__gpu_full__df715c71__gitc188b320__codebebd8b2d__20260714T105400494420Z,msl_ncam_nlb_565022803edr_f0670216ncam00252m1,test_msl,soil,iou,0.8154460180865933,48422,59381,61883
segformer__scratch__mit-b0__in_rover__seed1415__gpu_full__df715c71__gitc188b320__codebebd8b2d__20260714T105400494420Z,msl_ncam_nlb_565022803edr_f0670216ncam00252m1,test_msl,bedrock,iou,,0,0,61883
segformer__scratch__mit-b0__in_rover__seed1415__gpu_full__df715c71__gitc188b320__codebebd8b2d__20260714T105400494420Z,msl_ncam_nlb_565022803edr_f0670216ncam00252m1,test_msl,sand,iou,0.18587029195453533,2502,13461,61883
segformer__scratch__mit-b0__in_rover__seed1415__gpu_full__df715c71__gitc188b320__codebebd8b2d__20260714T105400494420Z,msl_ncam_nlb_565022803edr_f0670216ncam00252m1,test_msl,big_rock,iou,,0,0,61883
segformer__scratch__mit-b0__in_rover__seed1415__gpu_full__df715c71__gitc188b320__codebebd8b2d__20260714T105400494420Z,msl_ncam_nlb_565022803edr_f0670216ncam00252m1,test_msl,ALL,pixel_acc,0.8229077452612188,0,0,61883
segformer__scratch__mit-b0__in_rover__seed1415__gpu_full__df715c71__gitc188b320__codebebd8b2d__20260714T105400494420Z,msl_ncam_nlb_565022803edr_f0670216ncam00252m1,test_msl,ALL,boundary_f1,0.3713516660500448,0,0,61883
segformer__scratch__mit-b0__in_rover__seed1415__gpu_full__df715c71__gitc188b320__codebebd8b2d__20260714T105400494420Z,msl_ncam_nlb_565022931edr_f0670216ncam00252m1,test_msl,soil,iou,1.0,213200,213200,213200
segformer__scratch__mit-b0__in_rover__seed1415__gpu_full__df715c71__gitc188b320__codebebd8b2d__20260714T105400494420Z,msl_ncam_nlb_565022931edr_f0670216ncam00252m1,test_msl,bedrock,iou,,0,0,213200
segformer__scratch__mit-b0__in_rover__seed1415__gpu_full__df715c71__gitc188b320__codebebd8b2d__20260714T105400494420Z,msl_ncam_nlb_565022931edr_f0670216ncam00252m1,test_msl,sand,iou,,0,0,213200
segformer__scratch__mit-b0__in_rover__seed1415__gpu_full__df715c71__gitc188b320__codebebd8b2d__20260714T105400494420Z,msl_ncam_nlb_565022931edr_f0670216ncam00252m1,test_msl,big_rock,iou,,0,0,213200
segformer__scratch__mit-b0__in_rover__seed1415__gpu_full__df715c71__gitc188b320__codebebd8b2d__20260714T105400494420Z,msl_ncam_nlb_565022931edr_f0670216ncam00252m1,test_msl,ALL,pixel_acc,1.0,0,0,213200
segformer__scratch__mit-b0__in_rover__seed1415__gpu_full__df715c71__gitc188b320__codebebd8b2d__20260714T105400494420Z,msl_ncam_nlb_565022931edr_f0670216ncam00252m1,test_msl,ALL,boundary_f1,1.0,0,0,213200
segformer__scratch__mit-b0__in_rover__seed1415__gpu_full__df715c71__gitc188b320__codebebd8b2d__20260714T105400494420Z,msl_ncam_nlb_565023199edr_f0670216ncam00312m1,test_msl,soil,iou,1.0,135942,135942,135942
segformer__scratch__mit-b0__in_rover__seed1415__gpu_full__df715c71__gitc188b320__codebebd8b2d__20260714T105400494420Z,msl_ncam_nlb_565023199edr_f0670216ncam00312m1,test_msl,bedrock,iou,,0,0,135942
segformer__scratch__mit-b0__in_rover__seed1415__gpu_full__df715c71__gitc188b320__codebebd8b2d__20260714T105400494420Z,msl_ncam_nlb_565023199edr_f0670216ncam00312m1,test_msl,sand,iou,,0,0,135942
segformer__scratch__mit-b0__in_rover__seed1415__gpu_full__df715c71__gitc188b320__codebebd8b2d__20260714T105400494420Z,msl_ncam_nlb_565023199edr_f0670216ncam00312m1,test_msl,big_rock,iou,,0,0,135942
segformer__scratch__mit-b0__in_rover__seed1415__gpu_full__df715c71__gitc188b320__codebebd8b2d__20260714T105400494420Z,msl_ncam_nlb_565023199edr_f0670216ncam00312m1,test_msl,ALL,pixel_acc,1.0,0,0,135942
segformer__scratch__mit-b0__in_rover__seed1415__gpu_full__df715c71__gitc188b320__codebebd8b2d__20260714T105400494420Z,msl_ncam_nlb_565023199edr_f0670216ncam00312m1,test_msl,ALL,boundary_f1,1.0,0,0,135942
segformer__scratch__mit-b0__in_rover__seed1415__gpu_full__df715c71__gitc188b320__codebebd8b2d__20260714T105400494420Z,msl_ncam_nlb_565023322edr_f0670216ncam00253m1,test_msl,soil,iou,1.0,197483,197483,197483
segformer__scratch__mit-b0__in_rover__seed1415__gpu_full__df715c71__gitc188b320__codebebd8b2d__20260714T105400494420Z,msl_ncam_nlb_565023322edr_f0670216ncam00253m1,test_msl,bedrock,iou,,0,0,197483
segformer__scratch__mit-b0__in_rover__seed1415__gpu_full__df715c71__gitc188b320__codebebd8b2d__20260714T105400494420Z,msl_ncam_nlb_565023322edr_f0670216ncam00253m1,test_msl,sand,iou,,0,0,197483
segformer__scratch__mit-b0__in_rover__seed1415__gpu_full__df715c71__gitc188b320__codebebd8b2d__20260714T105400494420Z,msl_ncam_nlb_565023322edr_f0670216ncam00253m1,test_msl,big_rock,iou,,0,0,197483
segformer__scratch__mit-b0__in_rover__seed1415__gpu_full__df715c71__gitc188b320__codebebd8b2d__20260714T105400494420Z,msl_ncam_nlb_565023322edr_f0670216ncam00253m1,test_msl,ALL,pixel_acc,1.0,0,0,197483
segformer__scratch__mit-b0__in_rover__seed1415__gpu_full__df715c71__gitc188b320__codebebd8b2d__20260714T105400494420Z,msl_ncam_nlb_565023322edr_f0670216ncam00253m1,test_msl,ALL,boundary_f1,1.0,0,0,197483
segformer__scratch__mit-b0__in_rover__seed1415__gpu_full__df715c71__gitc188b320__codebebd8b2d__20260714T105400494420Z,msl_ncam_nlb_565023592edr_f0670216ncam00253m1,test_msl,soil,iou,1.0,71215,71215,71215
segformer__scratch__mit-b0__in_rover__seed1415__gpu_full__df715c71__gitc188b320__codebebd8b2d__20260714T105400494420Z,msl_ncam_nlb_565023592edr_f0670216ncam00253m1,test_msl,bedrock,iou,,0,0,71215
segformer__scratch__mit-b0__in_rover__seed1415__gpu_full__df715c71__gitc188b320__codebebd8b2d__20260714T105400494420Z,msl_ncam_nlb_565023592edr_f0670216ncam00253m1,test_msl,sand,iou,,0,0,71215
segformer__scratch__mit-b0__in_rover__seed1415__gpu_full__df715c71__gitc188b320__codebebd8b2d__20260714T105400494420Z,msl_ncam_nlb_565023592edr_f0670216ncam00253m1,test_msl,big_rock,iou,,0,0,71215
segformer__scratch__mit-b0__in_rover__seed1415__gpu_full__df715c71__gitc188b320__codebebd8b2d__20260714T105400494420Z,msl_ncam_nlb_565023592edr_f0670216ncam00253m1,test_msl,ALL,pixel_acc,1.0,0,0,71215
segformer__scratch__mit-b0__in_rover__seed1415__gpu_full__df715c71__gitc188b320__codebebd8b2d__20260714T105400494420Z,msl_ncam_nlb_565023592edr_f0670216ncam00253m1,test_msl,ALL,boundary_f1,1.0,0,0,71215
segformer__scratch__mit-b0__in_rover__seed1415__gpu_full__df715c71__gitc188b320__codebebd8b2d__20260714T105400494420Z,msl_ncam_nlb_565365464edr_f0670550ncam00385m1,test_msl,soil,iou,0.9078484941349834,139234,153367,153367
segformer__scratch__mit-b0__in_rover__seed1415__gpu_full__df715c71__gitc188b320__codebebd8b2d__20260714T105400494420Z,msl_ncam_nlb_565365464edr_f0670550ncam00385m1,test_msl,bedrock,iou,0.0,0,14133,153367
segformer__scratch__mit-b0__in_rover__seed1415__gpu_full__df715c71__gitc188b320__codebebd8b2d__20260714T105400494420Z,msl_ncam_nlb_565365464edr_f0670550ncam00385m1,test_msl,sand,iou,,0,0,153367
segformer__scratch__mit-b0__in_rover__seed1415__gpu_full__df715c71__gitc188b320__codebebd8b2d__20260714T105400494420Z,msl_ncam_nlb_565365464edr_f0670550ncam00385m1,test_msl,big_rock,iou,,0,0,153367
segformer__scratch__mit-b0__in_rover__seed1415__gpu_full__df715c71__gitc188b320__codebebd8b2d__20260714T105400494420Z,msl_ncam_nlb_565365464edr_f0670550ncam00385m1,test_msl,ALL,pixel_acc,0.9078484941349834,0,0,153367
segformer__scratch__mit-b0__in_rover__seed1415__gpu_full__df715c71__gitc188b320__codebebd8b2d__20260714T105400494420Z,msl_ncam_nlb_565365464edr_f0670550ncam00385m1,test_msl,ALL,boundary_f1,0.43550394027374534,0,0,153367
segformer__scratch__mit-b0__in_rover__seed1415__gpu_full__df715c71__gitc188b320__codebebd8b2d__20260714T105400494420Z,msl_ncam_nlb_565366137edr_f0670604ncam00257m1,test_msl,soil,iou,0.9220079537780446,61438,66635,66635
segformer__scratch__mit-b0__in_rover__seed1415__gpu_full__df715c71__gitc188b320__codebebd8b2d__20260714T105400494420Z,msl_ncam_nlb_565366137edr_f0670604ncam00257m1,test_msl,bedrock,iou,0.0,0,5197,66635
segformer__scratch__mit-b0__in_rover__seed1415__gpu_full__df715c71__gitc188b320__codebebd8b2d__20260714T105400494420Z,msl_ncam_nlb_565366137edr_f0670604ncam00257m1,test_msl,sand,iou,,0,0,66635
segformer__scratch__mit-b0__in_rover__seed1415__gpu_full__df715c71__gitc188b320__codebebd8b2d__20260714T105400494420Z,msl_ncam_nlb_565366137edr_f0670604ncam00257m1,test_msl,big_rock,iou,,0,0,66635
segformer__scratch__mit-b0__in_rover__seed1415__gpu_full__df715c71__gitc188b320__codebebd8b2d__20260714T105400494420Z,msl_ncam_nlb_565366137edr_f0670604ncam00257m1,test_msl,ALL,pixel_acc,0.9220079537780446,0,0,66635
segformer__scratch__mit-b0__in_rover__seed1415__gpu_full__df715c71__gitc188b320__codebebd8b2d__20260714T105400494420Z,msl_ncam_nlb_565366137edr_f0670604ncam00257m1,test_msl,ALL,boundary_f1,0.42423349056603776,0,0,66635
segformer__scratch__mit-b0__in_rover__seed1415__gpu_full__df715c71__gitc188b320__codebebd8b2d__20260714T105400494420Z,msl_ncam_nlb_565367106edr_f0670650ncam00353m1,test_msl,soil,iou,0.4937704619861768,10859,21992,22563
segformer__scratch__mit-b0__in_rover__seed1415__gpu_full__df715c71__gitc188b320__codebebd8b2d__20260714T105400494420Z,msl_ncam_nlb_565367106edr_f0670650ncam00353m1,test_msl,bedrock,iou,0.04878673957621326,571,11704,22563
segformer__scratch__mit-b0__in_rover__seed1415__gpu_full__df715c71__gitc188b320__codebebd8b2d__20260714T105400494420Z,msl_ncam_nlb_565367106edr_f0670650ncam00353m1,test_msl,sand,iou,,0,0,22563
segformer__scratch__mit-b0__in_rover__seed1415__gpu_full__df715c71__gitc188b320__codebebd8b2d__20260714T105400494420Z,msl_ncam_nlb_565367106edr_f0670650ncam00353m1,test_msl,big_rock,iou,,0,0,22563
segformer__scratch__mit-b0__in_rover__seed1415__gpu_full__df715c71__gitc188b320__codebebd8b2d__20260714T105400494420Z,msl_ncam_nlb_565367106edr_f0670650ncam00353m1,test_msl,ALL,pixel_acc,0.5065815715995213,0,0,22563
segformer__scratch__mit-b0__in_rover__seed1415__gpu_full__df715c71__gitc188b320__codebebd8b2d__20260714T105400494420Z,msl_ncam_nlb_565367106edr_f0670650ncam00353m1,test_msl,ALL,boundary_f1,0.4069098723010684,0,0,22563
segformer__scratch__mit-b0__in_rover__seed1415__gpu_full__df715c71__gitc188b320__codebebd8b2d__20260714T105400494420Z,msl_ncam_nlb_565373114edr_f0670650ncam12753m1,test_msl,soil,iou,1.0,145604,145604,145604
segformer__scratch__mit-b0__in_rover__seed1415__gpu_full__df715c71__gitc188b320__codebebd8b2d__20260714T105400494420Z,msl_ncam_nlb_565373114edr_f0670650ncam12753m1,test_msl,bedrock,iou,,0,0,145604
segformer__scratch__mit-b0__in_rover__seed1415__gpu_full__df715c71__gitc188b320__codebebd8b2d__20260714T105400494420Z,msl_ncam_nlb_565373114edr_f0670650ncam12753m1,test_msl,sand,iou,,0,0,145604
segformer__scratch__mit-b0__in_rover__seed1415__gpu_full__df715c71__gitc188b320__codebebd8b2d__20260714T105400494420Z,msl_ncam_nlb_565373114edr_f0670650ncam12753m1,test_msl,big_rock,iou,,0,0,145604
segformer__scratch__mit-b0__in_rover__seed1415__gpu_full__df715c71__gitc188b320__codebebd8b2d__20260714T105400494420Z,msl_ncam_nlb_565373114edr_f0670650ncam12753m1,test_msl,ALL,pixel_acc,1.0,0,0,145604
segformer__scratch__mit-b0__in_rover__seed1415__gpu_full__df715c71__gitc188b320__codebebd8b2d__20260714T105400494420Z,msl_ncam_nlb_565373114edr_f0670650ncam12753m1,test_msl,ALL,boundary_f1,1.0,0,0,145604
segformer__scratch__mit-b0__in_rover__seed1415__gpu_full__df715c71__gitc188b320__codebebd8b2d__20260714T105400494420Z,msl_ncam_nlb_565373298edr_f0670650ncam12753m1,test_msl,soil,iou,0.9591190714536945,35450,36961,37349
segformer__scratch__mit-b0__in_rover__seed1415__gpu_full__df715c71__gitc188b320__codebebd8b2d__20260714T105400494420Z,msl_ncam_nlb_565373298edr_f0670650ncam12753m1,test_msl,bedrock,iou,0.20431806213796735,388,1899,37349
segformer__scratch__mit-b0__in_rover__seed1415__gpu_full__df715c71__gitc188b320__codebebd8b2d__20260714T105400494420Z,msl_ncam_nlb_565373298edr_f0670650ncam12753m1,test_msl,sand,iou,,0,0,37349
segformer__scratch__mit-b0__in_rover__seed1415__gpu_full__df715c71__gitc188b320__codebebd8b2d__20260714T105400494420Z,msl_ncam_nlb_565373298edr_f0670650ncam12753m1,test_msl,big_rock,iou,,0,0,37349
segformer__scratch__mit-b0__in_rover__seed1415__gpu_full__df715c71__gitc188b320__codebebd8b2d__20260714T105400494420Z,msl_ncam_nlb_565373298edr_f0670650ncam12753m1,test_msl,ALL,pixel_acc,0.9595437628852178,0,0,37349
segformer__scratch__mit-b0__in_rover__seed1415__gpu_full__df715c71__gitc188b320__codebebd8b2d__20260714T105400494420Z,msl_ncam_nlb_565373298edr_f0670650ncam12753m1,test_msl,ALL,boundary_f1,0.6810171276435111,0,0,37349
segformer__scratch__mit-b0__in_rover__seed1415__gpu_full__df715c71__gitc188b320__codebebd8b2d__20260714T105400494420Z,msl_ncam_nlb_565373360edr_f0670650ncam12753m1,test_msl,soil,iou,0.8637595710583068,43657,50543,50543
segformer__scratch__mit-b0__in_rover__seed1415__gpu_full__df715c71__gitc188b320__codebebd8b2d__20260714T105400494420Z,msl_ncam_nlb_565373360edr_f0670650ncam12753m1,test_msl,bedrock,iou,0.0,0,6886,50543
segformer__scratch__mit-b0__in_rover__seed1415__gpu_full__df715c71__gitc188b320__codebebd8b2d__20260714T105400494420Z,msl_ncam_nlb_565373360edr_f0670650ncam12753m1,test_msl,sand,iou,,0,0,50543
segformer__scratch__mit-b0__in_rover__seed1415__gpu_full__df715c71__gitc188b320__codebebd8b2d__20260714T105400494420Z,msl_ncam_nlb_565373360edr_f0670650ncam12753m1,test_msl,big_rock,iou,,0,0,50543
segformer__scratch__mit-b0__in_rover__seed1415__gpu_full__df715c71__gitc188b320__codebebd8b2d__20260714T105400494420Z,msl_ncam_nlb_565373360edr_f0670650ncam12753m1,test_msl,ALL,pixel_acc,0.8637595710583068,0,0,50543
segformer__scratch__mit-b0__in_rover__seed1415__gpu_full__df715c71__gitc188b320__codebebd8b2d__20260714T105400494420Z,msl_ncam_nlb_565373360edr_f0670650ncam12753m1,test_msl,ALL,boundary_f1,0.4126778783958603,0,0,50543
segformer__scratch__mit-b0__in_rover__seed1415__gpu_full__df715c71__gitc188b320__codebebd8b2d__20260714T105400494420Z,msl_ncam_nlb_565373417edr_f0670650ncam12753m1,test_msl,soil,iou,0.9456890219786429,66951,70796,70796
segformer__scratch__mit-b0__in_rover__seed1415__gpu_full__df715c71__gitc188b320__codebebd8b2d__20260714T105400494420Z,msl_ncam_nlb_565373417edr_f0670650ncam12753m1,test_msl,bedrock,iou,0.0,0,3845,70796
segformer__scratch__mit-b0__in_rover__seed1415__gpu_full__df715c71__gitc188b320__codebebd8b2d__20260714T105400494420Z,msl_ncam_nlb_565373417edr_f0670650ncam12753m1,test_msl,sand,iou,,0,0,70796
segformer__scratch__mit-b0__in_rover__seed1415__gpu_full__df715c71__gitc188b320__codebebd8b2d__20260714T105400494420Z,msl_ncam_nlb_565373417edr_f0670650ncam12753m1,test_msl,big_rock,iou,,0,0,70796
segformer__scratch__mit-b0__in_rover__seed1415__gpu_full__df715c71__gitc188b320__codebebd8b2d__20260714T105400494420Z,msl_ncam_nlb_565373417edr_f0670650ncam12753m1,test_msl,ALL,pixel_acc,0.9456890219786429,0,0,70796
segformer__scratch__mit-b0__in_rover__seed1415__gpu_full__df715c71__gitc188b320__codebebd8b2d__20260714T105400494420Z,msl_ncam_nlb_565373417edr_f0670650ncam12753m1,test_msl,ALL,boundary_f1,0.46806459387804294,0,0,70796
segformer__scratch__mit-b0__in_rover__seed1415__gpu_full__df715c71__gitc188b320__codebebd8b2d__20260714T105400494420Z,msl_ncam_nlb_565373904edr_f0670650ccam15903m1,test_msl,soil,iou,,0,0,0
segformer__scratch__mit-b0__in_rover__seed1415__gpu_full__df715c71__gitc188b320__codebebd8b2d__20260714T105400494420Z,msl_ncam_nlb_565373904edr_f0670650ccam15903m1,test_msl,bedrock,iou,,0,0,0
segformer__scratch__mit-b0__in_rover__seed1415__gpu_full__df715c71__gitc188b320__codebebd8b2d__20260714T105400494420Z,msl_ncam_nlb_565373904edr_f0670650ccam15903m1,test_msl,sand,iou,,0,0,0
segformer__scratch__mit-b0__in_rover__seed1415__gpu_full__df715c71__gitc188b320__codebebd8b2d__20260714T105400494420Z,msl_ncam_nlb_565373904edr_f0670650ccam15903m1,test_msl,big_rock,iou,,0,0,0
segformer__scratch__mit-b0__in_rover__seed1415__gpu_full__df715c71__gitc188b320__codebebd8b2d__20260714T105400494420Z,msl_ncam_nlb_565373904edr_f0670650ccam15903m1,test_msl,ALL,pixel_acc,,0,0,0
segformer__scratch__mit-b0__in_rover__seed1415__gpu_full__df715c71__gitc188b320__codebebd8b2d__20260714T105400494420Z,msl_ncam_nlb_565373904edr_f0670650ccam15903m1,test_msl,ALL,boundary_f1,,0,0,0
segformer__scratch__mit-b0__in_rover__seed1415__gpu_full__df715c71__gitc188b320__codebebd8b2d__20260714T105400494420Z,msl_ncam_nlb_565810401edr_f0670962ncam00386m1,test_msl,soil,iou,1.0,251102,251102,251102
segformer__scratch__mit-b0__in_rover__seed1415__gpu_full__df715c71__gitc188b320__codebebd8b2d__20260714T105400494420Z,msl_ncam_nlb_565810401edr_f0670962ncam00386m1,test_msl,bedrock,iou,,0,0,251102
segformer__scratch__mit-b0__in_rover__seed1415__gpu_full__df715c71__gitc188b320__codebebd8b2d__20260714T105400494420Z,msl_ncam_nlb_565810401edr_f0670962ncam00386m1,test_msl,sand,iou,,0,0,251102
segformer__scratch__mit-b0__in_rover__seed1415__gpu_full__df715c71__gitc188b320__codebebd8b2d__20260714T105400494420Z,msl_ncam_nlb_565810401edr_f0670962ncam00386m1,test_msl,big_rock,iou,,0,0,251102
segformer__scratch__mit-b0__in_rover__seed1415__gpu_full__df715c71__gitc188b320__codebebd8b2d__20260714T105400494420Z,msl_ncam_nlb_565810401edr_f0670962ncam00386m1,test_msl,ALL,pixel_acc,1.0,0,0,251102
segformer__scratch__mit-b0__in_rover__seed1415__gpu_full__df715c71__gitc188b320__codebebd8b2d__20260714T105400494420Z,msl_ncam_nlb_565810401edr_f0670962ncam00386m1,test_msl,ALL,boundary_f1,1.0,0,0,251102
segformer__scratch__mit-b0__in_rover__seed1415__gpu_full__df715c71__gitc188b320__codebebd8b2d__20260714T105400494420Z,msl_ncam_nlb_565811189edr_f0671016ncam00353m1,test_msl,soil,iou,,0,0,0
segformer__scratch__mit-b0__in_rover__seed1415__gpu_full__df715c71__gitc188b320__codebebd8b2d__20260714T105400494420Z,msl_ncam_nlb_565811189edr_f0671016ncam00353m1,test_msl,bedrock,iou,,0,0,0
segformer__scratch__mit-b0__in_rover__seed1415__gpu_full__df715c71__gitc188b320__codebebd8b2d__20260714T105400494420Z,msl_ncam_nlb_565811189edr_f0671016ncam00353m1,test_msl,sand,iou,,0,0,0
segformer__scratch__mit-b0__in_rover__seed1415__gpu_full__df715c71__gitc188b320__codebebd8b2d__20260714T105400494420Z,msl_ncam_nlb_565811189edr_f0671016ncam00353m1,test_msl,big_rock,iou,,0,0,0
segformer__scratch__mit-b0__in_rover__seed1415__gpu_full__df715c71__gitc188b320__codebebd8b2d__20260714T105400494420Z,msl_ncam_nlb_565811189edr_f0671016ncam00353m1,test_msl,ALL,pixel_acc,,0,0,0
segformer__scratch__mit-b0__in_rover__seed1415__gpu_full__df715c71__gitc188b320__codebebd8b2d__20260714T105400494420Z,msl_ncam_nlb_565811189edr_f0671016ncam00353m1,test_msl,ALL,boundary_f1,,0,0,0
segformer__scratch__mit-b0__in_rover__seed1415__gpu_full__df715c71__gitc188b320__codebebd8b2d__20260714T105400494420Z,msl_ncam_nlb_565811345edr_f0671016ncam00261m1,test_msl,soil,iou,1.0,108477,108477,108477
segformer__scratch__mit-b0__in_rover__seed1415__gpu_full__df715c71__gitc188b320__codebebd8b2d__20260714T105400494420Z,msl_ncam_nlb_565811345edr_f0671016ncam00261m1,test_msl,bedrock,iou,,0,0,108477
segformer__scratch__mit-b0__in_rover__seed1415__gpu_full__df715c71__gitc188b320__codebebd8b2d__20260714T105400494420Z,msl_ncam_nlb_565811345edr_f0671016ncam00261m1,test_msl,sand,iou,,0,0,108477
segformer__scratch__mit-b0__in_rover__seed1415__gpu_full__df715c71__gitc188b320__codebebd8b2d__20260714T105400494420Z,msl_ncam_nlb_565811345edr_f0671016ncam00261m1,test_msl,big_rock,iou,,0,0,108477
segformer__scratch__mit-b0__in_rover__seed1415__gpu_full__df715c71__gitc188b320__codebebd8b2d__20260714T105400494420Z,msl_ncam_nlb_565811345edr_f0671016ncam00261m1,test_msl,ALL,pixel_acc,1.0,0,0,108477
segformer__scratch__mit-b0__in_rover__seed1415__gpu_full__df715c71__gitc188b320__codebebd8b2d__20260714T105400494420Z,msl_ncam_nlb_565811345edr_f0671016ncam00261m1,test_msl,ALL,boundary_f1,1.0,0,0,108477
segformer__scratch__mit-b0__in_rover__seed1415__gpu_full__df715c71__gitc188b320__codebebd8b2d__20260714T105400494420Z,msl_ncam_nlb_565811572edr_f0671016ncam00261m1,test_msl,soil,iou,0.9899683603201191,106382,107460,107460
segformer__scratch__mit-b0__in_rover__seed1415__gpu_full__df715c71__gitc188b320__codebebd8b2d__20260714T105400494420Z,msl_ncam_nlb_565811572edr_f0671016ncam00261m1,test_msl,bedrock,iou,0.0,0,1078,107460
segformer__scratch__mit-b0__in_rover__seed1415__gpu_full__df715c71__gitc188b320__codebebd8b2d__20260714T105400494420Z,msl_ncam_nlb_565811572edr_f0671016ncam00261m1,test_msl,sand,iou,,0,0,107460
segformer__scratch__mit-b0__in_rover__seed1415__gpu_full__df715c71__gitc188b320__codebebd8b2d__20260714T105400494420Z,msl_ncam_nlb_565811572edr_f0671016ncam00261m1,test_msl,big_rock,iou,,0,0,107460
segformer__scratch__mit-b0__in_rover__seed1415__gpu_full__df715c71__gitc188b320__codebebd8b2d__20260714T105400494420Z,msl_ncam_nlb_565811572edr_f0671016ncam00261m1,test_msl,ALL,pixel_acc,0.9899683603201191,0,0,107460
segformer__scratch__mit-b0__in_rover__seed1415__gpu_full__df715c71__gitc188b320__codebebd8b2d__20260714T105400494420Z,msl_ncam_nlb_565811572edr_f0671016ncam00261m1,test_msl,ALL,boundary_f1,0.4807649043869516,0,0,107460
segformer__scratch__mit-b0__in_rover__seed1415__gpu_full__df715c71__gitc188b320__codebebd8b2d__20260714T105400494420Z,msl_ncam_nlb_565811686edr_f0671016ncam00261m1,test_msl,soil,iou,1.0,54790,54790,54790
segformer__scratch__mit-b0__in_rover__seed1415__gpu_full__df715c71__gitc188b320__codebebd8b2d__20260714T105400494420Z,msl_ncam_nlb_565811686edr_f0671016ncam00261m1,test_msl,bedrock,iou,,0,0,54790
segformer__scratch__mit-b0__in_rover__seed1415__gpu_full__df715c71__gitc188b320__codebebd8b2d__20260714T105400494420Z,msl_ncam_nlb_565811686edr_f0671016ncam00261m1,test_msl,sand,iou,,0,0,54790
segformer__scratch__mit-b0__in_rover__seed1415__gpu_full__df715c71__gitc188b320__codebebd8b2d__20260714T105400494420Z,msl_ncam_nlb_565811686edr_f0671016ncam00261m1,test_msl,big_rock,iou,,0,0,54790
segformer__scratch__mit-b0__in_rover__seed1415__gpu_full__df715c71__gitc188b320__codebebd8b2d__20260714T105400494420Z,msl_ncam_nlb_565811686edr_f0671016ncam00261m1,test_msl,ALL,pixel_acc,1.0,0,0,54790
segformer__scratch__mit-b0__in_rover__seed1415__gpu_full__df715c71__gitc188b320__codebebd8b2d__20260714T105400494420Z,msl_ncam_nlb_565811686edr_f0671016ncam00261m1,test_msl,ALL,boundary_f1,1.0,0,0,54790
segformer__scratch__mit-b0__in_rover__seed1415__gpu_full__df715c71__gitc188b320__codebebd8b2d__20260714T105400494420Z,msl_ncam_nlb_565812047edr_f0671016ncam00312m1,test_msl,soil,iou,1.0,188747,188747,188747
segformer__scratch__mit-b0__in_rover__seed1415__gpu_full__df715c71__gitc188b320__codebebd8b2d__20260714T105400494420Z,msl_ncam_nlb_565812047edr_f0671016ncam00312m1,test_msl,bedrock,iou,,0,0,188747
segformer__scratch__mit-b0__in_rover__seed1415__gpu_full__df715c71__gitc188b320__codebebd8b2d__20260714T105400494420Z,msl_ncam_nlb_565812047edr_f0671016ncam00312m1,test_msl,sand,iou,,0,0,188747
segformer__scratch__mit-b0__in_rover__seed1415__gpu_full__df715c71__gitc188b320__codebebd8b2d__20260714T105400494420Z,msl_ncam_nlb_565812047edr_f0671016ncam00312m1,test_msl,big_rock,iou,,0,0,188747
segformer__scratch__mit-b0__in_rover__seed1415__gpu_full__df715c71__gitc188b320__codebebd8b2d__20260714T105400494420Z,msl_ncam_nlb_565812047edr_f0671016ncam00312m1,test_msl,ALL,pixel_acc,1.0,0,0,188747
segformer__scratch__mit-b0__in_rover__seed1415__gpu_full__df715c71__gitc188b320__codebebd8b2d__20260714T105400494420Z,msl_ncam_nlb_565812047edr_f0671016ncam00312m1,test_msl,ALL,boundary_f1,1.0,0,0,188747
segformer__scratch__mit-b0__in_rover__seed1415__gpu_full__df715c71__gitc188b320__codebebd8b2d__20260714T105400494420Z,msl_ncam_nlb_570072657edr_f0672848ncam00385m1,test_msl,soil,iou,,0,0,0
segformer__scratch__mit-b0__in_rover__seed1415__gpu_full__df715c71__gitc188b320__codebebd8b2d__20260714T105400494420Z,msl_ncam_nlb_570072657edr_f0672848ncam00385m1,test_msl,bedrock,iou,,0,0,0
segformer__scratch__mit-b0__in_rover__seed1415__gpu_full__df715c71__gitc188b320__codebebd8b2d__20260714T105400494420Z,msl_ncam_nlb_570072657edr_f0672848ncam00385m1,test_msl,sand,iou,,0,0,0
segformer__scratch__mit-b0__in_rover__seed1415__gpu_full__df715c71__gitc188b320__codebebd8b2d__20260714T105400494420Z,msl_ncam_nlb_570072657edr_f0672848ncam00385m1,test_msl,big_rock,iou,,0,0,0
segformer__scratch__mit-b0__in_rover__seed1415__gpu_full__df715c71__gitc188b320__codebebd8b2d__20260714T105400494420Z,msl_ncam_nlb_570072657edr_f0672848ncam00385m1,test_msl,ALL,pixel_acc,,0,0,0
segformer__scratch__mit-b0__in_rover__seed1415__gpu_full__df715c71__gitc188b320__codebebd8b2d__20260714T105400494420Z,msl_ncam_nlb_570072657edr_f0672848ncam00385m1,test_msl,ALL,boundary_f1,,0,0,0
segformer__scratch__mit-b0__in_rover__seed1415__gpu_full__df715c71__gitc188b320__codebebd8b2d__20260714T105400494420Z,msl_ncam_nlb_570073321edr_f0672884ncam00375m1,test_msl,soil,iou,0.9550519434176951,141851,148527,148527
segformer__scratch__mit-b0__in_rover__seed1415__gpu_full__df715c71__gitc188b320__codebebd8b2d__20260714T105400494420Z,msl_ncam_nlb_570073321edr_f0672884ncam00375m1,test_msl,bedrock,iou,,0,0,148527
segformer__scratch__mit-b0__in_rover__seed1415__gpu_full__df715c71__gitc188b320__codebebd8b2d__20260714T105400494420Z,msl_ncam_nlb_570073321edr_f0672884ncam00375m1,test_msl,sand,iou,0.0,0,6676,148527
segformer__scratch__mit-b0__in_rover__seed1415__gpu_full__df715c71__gitc188b320__codebebd8b2d__20260714T105400494420Z,msl_ncam_nlb_570073321edr_f0672884ncam00375m1,test_msl,big_rock,iou,,0,0,148527
segformer__scratch__mit-b0__in_rover__seed1415__gpu_full__df715c71__gitc188b320__codebebd8b2d__20260714T105400494420Z,msl_ncam_nlb_570073321edr_f0672884ncam00375m1,test_msl,ALL,pixel_acc,0.9550519434176951,0,0,148527
segformer__scratch__mit-b0__in_rover__seed1415__gpu_full__df715c71__gitc188b320__codebebd8b2d__20260714T105400494420Z,msl_ncam_nlb_570073321edr_f0672884ncam00375m1,test_msl,ALL,boundary_f1,0.44036125817502336,0,0,148527
segformer__scratch__mit-b0__in_rover__seed1415__gpu_full__df715c71__gitc188b320__codebebd8b2d__20260714T105400494420Z,msl_ncam_nlb_570073400edr_f0672884ncam00284m1,test_msl,soil,iou,0.9998375786507729,141584,141607,141607
segformer__scratch__mit-b0__in_rover__seed1415__gpu_full__df715c71__gitc188b320__codebebd8b2d__20260714T105400494420Z,msl_ncam_nlb_570073400edr_f0672884ncam00284m1,test_msl,bedrock,iou,,0,0,141607
segformer__scratch__mit-b0__in_rover__seed1415__gpu_full__df715c71__gitc188b320__codebebd8b2d__20260714T105400494420Z,msl_ncam_nlb_570073400edr_f0672884ncam00284m1,test_msl,sand,iou,,0,0,141607
segformer__scratch__mit-b0__in_rover__seed1415__gpu_full__df715c71__gitc188b320__codebebd8b2d__20260714T105400494420Z,msl_ncam_nlb_570073400edr_f0672884ncam00284m1,test_msl,big_rock,iou,0.0,0,23,141607
segformer__scratch__mit-b0__in_rover__seed1415__gpu_full__df715c71__gitc188b320__codebebd8b2d__20260714T105400494420Z,msl_ncam_nlb_570073400edr_f0672884ncam00284m1,test_msl,ALL,pixel_acc,0.9998375786507729,0,0,141607
segformer__scratch__mit-b0__in_rover__seed1415__gpu_full__df715c71__gitc188b320__codebebd8b2d__20260714T105400494420Z,msl_ncam_nlb_570073400edr_f0672884ncam00284m1,test_msl,ALL,boundary_f1,0.5,0,0,141607
segformer__scratch__mit-b0__in_rover__seed1415__gpu_full__df715c71__gitc188b320__codebebd8b2d__20260714T105400494420Z,msl_ncam_nlb_570073456edr_f0672884ncam00284m1,test_msl,soil,iou,0.9053267936580358,87307,96437,96552
segformer__scratch__mit-b0__in_rover__seed1415__gpu_full__df715c71__gitc188b320__codebebd8b2d__20260714T105400494420Z,msl_ncam_nlb_570073456edr_f0672884ncam00284m1,test_msl,bedrock,iou,0.012439156300703082,115,9245,96552
segformer__scratch__mit-b0__in_rover__seed1415__gpu_full__df715c71__gitc188b320__codebebd8b2d__20260714T105400494420Z,msl_ncam_nlb_570073456edr_f0672884ncam00284m1,test_msl,sand,iou,,0,0,96552
segformer__scratch__mit-b0__in_rover__seed1415__gpu_full__df715c71__gitc188b320__codebebd8b2d__20260714T105400494420Z,msl_ncam_nlb_570073456edr_f0672884ncam00284m1,test_msl,big_rock,iou,,0,0,96552
segformer__scratch__mit-b0__in_rover__seed1415__gpu_full__df715c71__gitc188b320__codebebd8b2d__20260714T105400494420Z,msl_ncam_nlb_570073456edr_f0672884ncam00284m1,test_msl,ALL,pixel_acc,0.9054395558869832,0,0,96552
segformer__scratch__mit-b0__in_rover__seed1415__gpu_full__df715c71__gitc188b320__codebebd8b2d__20260714T105400494420Z,msl_ncam_nlb_570073456edr_f0672884ncam00284m1,test_msl,ALL,boundary_f1,0.4305269524945017,0,0,96552
segformer__scratch__mit-b0__in_rover__seed1415__gpu_full__df715c71__gitc188b320__codebebd8b2d__20260714T105400494420Z,msl_ncam_nlb_570074025edr_f0672884ncam00285m1,test_msl,soil,iou,0.4407508613520257,18549,42085,105810
segformer__scratch__mit-b0__in_rover__seed1415__gpu_full__df715c71__gitc188b320__codebebd8b2d__20260714T105400494420Z,msl_ncam_nlb_570074025edr_f0672884ncam00285m1,test_msl,bedrock,iou,0.7286443106907423,63556,87225,105810
segformer__scratch__mit-b0__in_rover__seed1415__gpu_full__df715c71__gitc188b320__codebebd8b2d__20260714T105400494420Z,msl_ncam_nlb_570074025edr_f0672884ncam00285m1,test_msl,sand,iou,0.0,0,36,105810
segformer__scratch__mit-b0__in_rover__seed1415__gpu_full__df715c71__gitc188b320__codebebd8b2d__20260714T105400494420Z,msl_ncam_nlb_570074025edr_f0672884ncam00285m1,test_msl,big_rock,iou,0.0,0,169,105810
segformer__scratch__mit-b0__in_rover__seed1415__gpu_full__df715c71__gitc188b320__codebebd8b2d__20260714T105400494420Z,msl_ncam_nlb_570074025edr_f0672884ncam00285m1,test_msl,ALL,pixel_acc,0.7759663547868821,0,0,105810
segformer__scratch__mit-b0__in_rover__seed1415__gpu_full__df715c71__gitc188b320__codebebd8b2d__20260714T105400494420Z,msl_ncam_nlb_570074025edr_f0672884ncam00285m1,test_msl,ALL,boundary_f1,0.25494230286825886,0,0,105810
segformer__scratch__mit-b0__in_rover__seed1415__gpu_full__df715c71__gitc188b320__codebebd8b2d__20260714T105400494420Z,msl_ncam_nlb_570074144edr_f0672884ncam00285m1,test_msl,soil,iou,0.0,0,218,14959
segformer__scratch__mit-b0__in_rover__seed1415__gpu_full__df715c71__gitc188b320__codebebd8b2d__20260714T105400494420Z,msl_ncam_nlb_570074144edr_f0672884ncam00285m1,test_msl,bedrock,iou,0.9854268333444749,14741,14959,14959
segformer__scratch__mit-b0__in_rover__seed1415__gpu_full__df715c71__gitc188b320__codebebd8b2d__20260714T105400494420Z,msl_ncam_nlb_570074144edr_f0672884ncam00285m1,test_msl,sand,iou,,0,0,14959
segformer__scratch__mit-b0__in_rover__seed1415__gpu_full__df715c71__gitc188b320__codebebd8b2d__20260714T105400494420Z,msl_ncam_nlb_570074144edr_f0672884ncam00285m1,test_msl,big_rock,iou,,0,0,14959
segformer__scratch__mit-b0__in_rover__seed1415__gpu_full__df715c71__gitc188b320__codebebd8b2d__20260714T105400494420Z,msl_ncam_nlb_570074144edr_f0672884ncam00285m1,test_msl,ALL,pixel_acc,0.9854268333444749,0,0,14959
segformer__scratch__mit-b0__in_rover__seed1415__gpu_full__df715c71__gitc188b320__codebebd8b2d__20260714T105400494420Z,msl_ncam_nlb_570074144edr_f0672884ncam00285m1,test_msl,ALL,boundary_f1,0.48539314038727066,0,0,14959
segformer__scratch__mit-b0__in_rover__seed1415__gpu_full__df715c71__gitc188b320__codebebd8b2d__20260714T105400494420Z,msl_ncam_nlb_570074258edr_f0672884ncam00285m1,test_msl,soil,iou,0.0,0,90077,90077
segformer__scratch__mit-b0__in_rover__seed1415__gpu_full__df715c71__gitc188b320__codebebd8b2d__20260714T105400494420Z,msl_ncam_nlb_570074258edr_f0672884ncam00285m1,test_msl,bedrock,iou,,0,0,90077
segformer__scratch__mit-b0__in_rover__seed1415__gpu_full__df715c71__gitc188b320__codebebd8b2d__20260714T105400494420Z,msl_ncam_nlb_570074258edr_f0672884ncam00285m1,test_msl,sand,iou,0.0,0,90077,90077
segformer__scratch__mit-b0__in_rover__seed1415__gpu_full__df715c71__gitc188b320__codebebd8b2d__20260714T105400494420Z,msl_ncam_nlb_570074258edr_f0672884ncam00285m1,test_msl,big_rock,iou,,0,0,90077
segformer__scratch__mit-b0__in_rover__seed1415__gpu_full__df715c71__gitc188b320__codebebd8b2d__20260714T105400494420Z,msl_ncam_nlb_570074258edr_f0672884ncam00285m1,test_msl,ALL,pixel_acc,0.0,0,0,90077
segformer__scratch__mit-b0__in_rover__seed1415__gpu_full__df715c71__gitc188b320__codebebd8b2d__20260714T105400494420Z,msl_ncam_nlb_570074258edr_f0672884ncam00285m1,test_msl,ALL,boundary_f1,0.0,0,0,90077
segformer__scratch__mit-b0__in_rover__seed1415__gpu_full__df715c71__gitc188b320__codebebd8b2d__20260714T105400494420Z,msl_ncam_nlb_574061102edr_f0681232ncam00320m1,test_msl,soil,iou,1.0,26670,26670,26670
segformer__scratch__mit-b0__in_rover__seed1415__gpu_full__df715c71__gitc188b320__codebebd8b2d__20260714T105400494420Z,msl_ncam_nlb_574061102edr_f0681232ncam00320m1,test_msl,bedrock,iou,,0,0,26670
segformer__scratch__mit-b0__in_rover__seed1415__gpu_full__df715c71__gitc188b320__codebebd8b2d__20260714T105400494420Z,msl_ncam_nlb_574061102edr_f0681232ncam00320m1,test_msl,sand,iou,,0,0,26670
segformer__scratch__mit-b0__in_rover__seed1415__gpu_full__df715c71__gitc188b320__codebebd8b2d__20260714T105400494420Z,msl_ncam_nlb_574061102edr_f0681232ncam00320m1,test_msl,big_rock,iou,,0,0,26670
segformer__scratch__mit-b0__in_rover__seed1415__gpu_full__df715c71__gitc188b320__codebebd8b2d__20260714T105400494420Z,msl_ncam_nlb_574061102edr_f0681232ncam00320m1,test_msl,ALL,pixel_acc,1.0,0,0,26670
segformer__scratch__mit-b0__in_rover__seed1415__gpu_full__df715c71__gitc188b320__codebebd8b2d__20260714T105400494420Z,msl_ncam_nlb_574061102edr_f0681232ncam00320m1,test_msl,ALL,boundary_f1,1.0,0,0,26670
segformer__scratch__mit-b0__in_rover__seed1415__gpu_full__df715c71__gitc188b320__codebebd8b2d__20260714T105400494420Z,msl_ncam_nlb_574071379edr_f0681556ncam00379m1,test_msl,soil,iou,1.0,13651,13651,116837
segformer__scratch__mit-b0__in_rover__seed1415__gpu_full__df715c71__gitc188b320__codebebd8b2d__20260714T105400494420Z,msl_ncam_nlb_574071379edr_f0681556ncam00379m1,test_msl,bedrock,iou,1.0,103186,103186,116837
segformer__scratch__mit-b0__in_rover__seed1415__gpu_full__df715c71__gitc188b320__codebebd8b2d__20260714T105400494420Z,msl_ncam_nlb_574071379edr_f0681556ncam00379m1,test_msl,sand,iou,,0,0,116837
segformer__scratch__mit-b0__in_rover__seed1415__gpu_full__df715c71__gitc188b320__codebebd8b2d__20260714T105400494420Z,msl_ncam_nlb_574071379edr_f0681556ncam00379m1,test_msl,big_rock,iou,,0,0,116837
segformer__scratch__mit-b0__in_rover__seed1415__gpu_full__df715c71__gitc188b320__codebebd8b2d__20260714T105400494420Z,msl_ncam_nlb_574071379edr_f0681556ncam00379m1,test_msl,ALL,pixel_acc,1.0,0,0,116837
segformer__scratch__mit-b0__in_rover__seed1415__gpu_full__df715c71__gitc188b320__codebebd8b2d__20260714T105400494420Z,msl_ncam_nlb_574071379edr_f0681556ncam00379m1,test_msl,ALL,boundary_f1,1.0,0,0,116837
segformer__scratch__mit-b0__in_rover__seed1415__gpu_full__df715c71__gitc188b320__codebebd8b2d__20260714T105400494420Z,msl_ncam_nlb_574072088edr_f0681616ncam00257m1,test_msl,soil,iou,,0,0,0
segformer__scratch__mit-b0__in_rover__seed1415__gpu_full__df715c71__gitc188b320__codebebd8b2d__20260714T105400494420Z,msl_ncam_nlb_574072088edr_f0681616ncam00257m1,test_msl,bedrock,iou,,0,0,0
segformer__scratch__mit-b0__in_rover__seed1415__gpu_full__df715c71__gitc188b320__codebebd8b2d__20260714T105400494420Z,msl_ncam_nlb_574072088edr_f0681616ncam00257m1,test_msl,sand,iou,,0,0,0
segformer__scratch__mit-b0__in_rover__seed1415__gpu_full__df715c71__gitc188b320__codebebd8b2d__20260714T105400494420Z,msl_ncam_nlb_574072088edr_f0681616ncam00257m1,test_msl,big_rock,iou,,0,0,0
segformer__scratch__mit-b0__in_rover__seed1415__gpu_full__df715c71__gitc188b320__codebebd8b2d__20260714T105400494420Z,msl_ncam_nlb_574072088edr_f0681616ncam00257m1,test_msl,ALL,pixel_acc,,0,0,0
segformer__scratch__mit-b0__in_rover__seed1415__gpu_full__df715c71__gitc188b320__codebebd8b2d__20260714T105400494420Z,msl_ncam_nlb_574072088edr_f0681616ncam00257m1,test_msl,ALL,boundary_f1,,0,0,0
segformer__scratch__mit-b0__in_rover__seed1415__gpu_full__df715c71__gitc188b320__codebebd8b2d__20260714T105400494420Z,msl_ncam_nlb_574078028edr_f0681626ncam00256m1,test_msl,soil,iou,,0,0,0
segformer__scratch__mit-b0__in_rover__seed1415__gpu_full__df715c71__gitc188b320__codebebd8b2d__20260714T105400494420Z,msl_ncam_nlb_574078028edr_f0681626ncam00256m1,test_msl,bedrock,iou,,0,0,0
segformer__scratch__mit-b0__in_rover__seed1415__gpu_full__df715c71__gitc188b320__codebebd8b2d__20260714T105400494420Z,msl_ncam_nlb_574078028edr_f0681626ncam00256m1,test_msl,sand,iou,,0,0,0
segformer__scratch__mit-b0__in_rover__seed1415__gpu_full__df715c71__gitc188b320__codebebd8b2d__20260714T105400494420Z,msl_ncam_nlb_574078028edr_f0681626ncam00256m1,test_msl,big_rock,iou,,0,0,0
segformer__scratch__mit-b0__in_rover__seed1415__gpu_full__df715c71__gitc188b320__codebebd8b2d__20260714T105400494420Z,msl_ncam_nlb_574078028edr_f0681626ncam00256m1,test_msl,ALL,pixel_acc,,0,0,0
segformer__scratch__mit-b0__in_rover__seed1415__gpu_full__df715c71__gitc188b320__codebebd8b2d__20260714T105400494420Z,msl_ncam_nlb_574078028edr_f0681626ncam00256m1,test_msl,ALL,boundary_f1,,0,0,0
segformer__scratch__mit-b0__in_rover__seed1415__gpu_full__df715c71__gitc188b320__codebebd8b2d__20260714T105400494420Z,msl_ncam_nlb_574078090edr_f0681626ncam00256m1,test_msl,soil,iou,1.0,2992,2992,2992
segformer__scratch__mit-b0__in_rover__seed1415__gpu_full__df715c71__gitc188b320__codebebd8b2d__20260714T105400494420Z,msl_ncam_nlb_574078090edr_f0681626ncam00256m1,test_msl,bedrock,iou,,0,0,2992
segformer__scratch__mit-b0__in_rover__seed1415__gpu_full__df715c71__gitc188b320__codebebd8b2d__20260714T105400494420Z,msl_ncam_nlb_574078090edr_f0681626ncam00256m1,test_msl,sand,iou,,0,0,2992
segformer__scratch__mit-b0__in_rover__seed1415__gpu_full__df715c71__gitc188b320__codebebd8b2d__20260714T105400494420Z,msl_ncam_nlb_574078090edr_f0681626ncam00256m1,test_msl,big_rock,iou,,0,0,2992
segformer__scratch__mit-b0__in_rover__seed1415__gpu_full__df715c71__gitc188b320__codebebd8b2d__20260714T105400494420Z,msl_ncam_nlb_574078090edr_f0681626ncam00256m1,test_msl,ALL,pixel_acc,1.0,0,0,2992
segformer__scratch__mit-b0__in_rover__seed1415__gpu_full__df715c71__gitc188b320__codebebd8b2d__20260714T105400494420Z,msl_ncam_nlb_574078090edr_f0681626ncam00256m1,test_msl,ALL,boundary_f1,1.0,0,0,2992
segformer__scratch__mit-b0__in_rover__seed1415__gpu_full__df715c71__gitc188b320__codebebd8b2d__20260714T105400494420Z,msl_ncam_nlb_574078155edr_f0681626ncam00256m1,test_msl,soil,iou,1.0,31502,31502,31502
segformer__scratch__mit-b0__in_rover__seed1415__gpu_full__df715c71__gitc188b320__codebebd8b2d__20260714T105400494420Z,msl_ncam_nlb_574078155edr_f0681626ncam00256m1,test_msl,bedrock,iou,,0,0,31502
segformer__scratch__mit-b0__in_rover__seed1415__gpu_full__df715c71__gitc188b320__codebebd8b2d__20260714T105400494420Z,msl_ncam_nlb_574078155edr_f0681626ncam00256m1,test_msl,sand,iou,,0,0,31502
segformer__scratch__mit-b0__in_rover__seed1415__gpu_full__df715c71__gitc188b320__codebebd8b2d__20260714T105400494420Z,msl_ncam_nlb_574078155edr_f0681626ncam00256m1,test_msl,big_rock,iou,,0,0,31502
segformer__scratch__mit-b0__in_rover__seed1415__gpu_full__df715c71__gitc188b320__codebebd8b2d__20260714T105400494420Z,msl_ncam_nlb_574078155edr_f0681626ncam00256m1,test_msl,ALL,pixel_acc,1.0,0,0,31502
segformer__scratch__mit-b0__in_rover__seed1415__gpu_full__df715c71__gitc188b320__codebebd8b2d__20260714T105400494420Z,msl_ncam_nlb_574078155edr_f0681626ncam00256m1,test_msl,ALL,boundary_f1,1.0,0,0,31502
segformer__scratch__mit-b0__in_rover__seed1415__gpu_full__df715c71__gitc188b320__codebebd8b2d__20260714T105400494420Z,msl_ncam_nlb_574078440edr_f0681626ncam00354m1,test_msl,soil,iou,,0,0,160997
segformer__scratch__mit-b0__in_rover__seed1415__gpu_full__df715c71__gitc188b320__codebebd8b2d__20260714T105400494420Z,msl_ncam_nlb_574078440edr_f0681626ncam00354m1,test_msl,bedrock,iou,1.0,160997,160997,160997
segformer__scratch__mit-b0__in_rover__seed1415__gpu_full__df715c71__gitc188b320__codebebd8b2d__20260714T105400494420Z,msl_ncam_nlb_574078440edr_f0681626ncam00354m1,test_msl,sand,iou,,0,0,160997
segformer__scratch__mit-b0__in_rover__seed1415__gpu_full__df715c71__gitc188b320__codebebd8b2d__20260714T105400494420Z,msl_ncam_nlb_574078440edr_f0681626ncam00354m1,test_msl,big_rock,iou,,0,0,160997
segformer__scratch__mit-b0__in_rover__seed1415__gpu_full__df715c71__gitc188b320__codebebd8b2d__20260714T105400494420Z,msl_ncam_nlb_574078440edr_f0681626ncam00354m1,test_msl,ALL,pixel_acc,1.0,0,0,160997
segformer__scratch__mit-b0__in_rover__seed1415__gpu_full__df715c71__gitc188b320__codebebd8b2d__20260714T105400494420Z,msl_ncam_nlb_574078440edr_f0681626ncam00354m1,test_msl,ALL,boundary_f1,1.0,0,0,160997
segformer__scratch__mit-b0__in_rover__seed1415__gpu_full__df715c71__gitc188b320__codebebd8b2d__20260714T105400494420Z,msl_ncam_nlb_574078554edr_f0681626ncam00354m1,test_msl,soil,iou,0.9996608483313738,44213,44228,59636
segformer__scratch__mit-b0__in_rover__seed1415__gpu_full__df715c71__gitc188b320__codebebd8b2d__20260714T105400494420Z,msl_ncam_nlb_574078554edr_f0681626ncam00354m1,test_msl,bedrock,iou,0.9990274265707061,15408,15423,59636
segformer__scratch__mit-b0__in_rover__seed1415__gpu_full__df715c71__gitc188b320__codebebd8b2d__20260714T105400494420Z,msl_ncam_nlb_574078554edr_f0681626ncam00354m1,test_msl,sand,iou,,0,0,59636
segformer__scratch__mit-b0__in_rover__seed1415__gpu_full__df715c71__gitc188b320__codebebd8b2d__20260714T105400494420Z,msl_ncam_nlb_574078554edr_f0681626ncam00354m1,test_msl,big_rock,iou,,0,0,59636
segformer__scratch__mit-b0__in_rover__seed1415__gpu_full__df715c71__gitc188b320__codebebd8b2d__20260714T105400494420Z,msl_ncam_nlb_574078554edr_f0681626ncam00354m1,test_msl,ALL,pixel_acc,0.9997484740760615,0,0,59636
segformer__scratch__mit-b0__in_rover__seed1415__gpu_full__df715c71__gitc188b320__codebebd8b2d__20260714T105400494420Z,msl_ncam_nlb_574078554edr_f0681626ncam00354m1,test_msl,ALL,boundary_f1,0.9959901242241387,0,0,59636
segformer__scratch__mit-b0__in_rover__seed1415__gpu_full__df715c71__gitc188b320__codebebd8b2d__20260714T105400494420Z,msl_ncam_nlb_574078665edr_f0681626ncam07753m1,test_msl,soil,iou,0.8898228507785739,42344,47587,92466
segformer__scratch__mit-b0__in_rover__seed1415__gpu_full__df715c71__gitc188b320__codebebd8b2d__20260714T105400494420Z,msl_ncam_nlb_574078665edr_f0681626ncam07753m1,test_msl,bedrock,iou,0.8953952356250748,44879,50122,92466
segformer__scratch__mit-b0__in_rover__seed1415__gpu_full__df715c71__gitc188b320__codebebd8b2d__20260714T105400494420Z,msl_ncam_nlb_574078665edr_f0681626ncam07753m1,test_msl,sand,iou,,0,0,92466
segformer__scratch__mit-b0__in_rover__seed1415__gpu_full__df715c71__gitc188b320__codebebd8b2d__20260714T105400494420Z,msl_ncam_nlb_574078665edr_f0681626ncam07753m1,test_msl,big_rock,iou,,0,0,92466
segformer__scratch__mit-b0__in_rover__seed1415__gpu_full__df715c71__gitc188b320__codebebd8b2d__20260714T105400494420Z,msl_ncam_nlb_574078665edr_f0681626ncam07753m1,test_msl,ALL,pixel_acc,0.9432980771310536,0,0,92466
segformer__scratch__mit-b0__in_rover__seed1415__gpu_full__df715c71__gitc188b320__codebebd8b2d__20260714T105400494420Z,msl_ncam_nlb_574078665edr_f0681626ncam07753m1,test_msl,ALL,boundary_f1,0.8332173807841239,0,0,92466
segformer__scratch__mit-b0__in_rover__seed1415__gpu_full__df715c71__gitc188b320__codebebd8b2d__20260714T105400494420Z,msl_ncam_nlb_574078735edr_f0681626ncam07753m1,test_msl,soil,iou,0.0,0,947,13225
segformer__scratch__mit-b0__in_rover__seed1415__gpu_full__df715c71__gitc188b320__codebebd8b2d__20260714T105400494420Z,msl_ncam_nlb_574078735edr_f0681626ncam07753m1,test_msl,bedrock,iou,0.9283931947069943,12278,13225,13225
segformer__scratch__mit-b0__in_rover__seed1415__gpu_full__df715c71__gitc188b320__codebebd8b2d__20260714T105400494420Z,msl_ncam_nlb_574078735edr_f0681626ncam07753m1,test_msl,sand,iou,,0,0,13225
segformer__scratch__mit-b0__in_rover__seed1415__gpu_full__df715c71__gitc188b320__codebebd8b2d__20260714T105400494420Z,msl_ncam_nlb_574078735edr_f0681626ncam07753m1,test_msl,big_rock,iou,,0,0,13225
segformer__scratch__mit-b0__in_rover__seed1415__gpu_full__df715c71__gitc188b320__codebebd8b2d__20260714T105400494420Z,msl_ncam_nlb_574078735edr_f0681626ncam07753m1,test_msl,ALL,pixel_acc,0.9283931947069943,0,0,13225
segformer__scratch__mit-b0__in_rover__seed1415__gpu_full__df715c71__gitc188b320__codebebd8b2d__20260714T105400494420Z,msl_ncam_nlb_574078735edr_f0681626ncam07753m1,test_msl,ALL,boundary_f1,0.4535841441569583,0,0,13225
segformer__scratch__mit-b0__in_rover__seed1415__gpu_full__df715c71__gitc188b320__codebebd8b2d__20260714T105400494420Z,msl_ncam_nlb_577080310edr_f0691768ncam00320m1,test_msl,soil,iou,1.0,118491,118491,118491
segformer__scratch__mit-b0__in_rover__seed1415__gpu_full__df715c71__gitc188b320__codebebd8b2d__20260714T105400494420Z,msl_ncam_nlb_577080310edr_f0691768ncam00320m1,test_msl,bedrock,iou,,0,0,118491
segformer__scratch__mit-b0__in_rover__seed1415__gpu_full__df715c71__gitc188b320__codebebd8b2d__20260714T105400494420Z,msl_ncam_nlb_577080310edr_f0691768ncam00320m1,test_msl,sand,iou,,0,0,118491
segformer__scratch__mit-b0__in_rover__seed1415__gpu_full__df715c71__gitc188b320__codebebd8b2d__20260714T105400494420Z,msl_ncam_nlb_577080310edr_f0691768ncam00320m1,test_msl,big_rock,iou,,0,0,118491
segformer__scratch__mit-b0__in_rover__seed1415__gpu_full__df715c71__gitc188b320__codebebd8b2d__20260714T105400494420Z,msl_ncam_nlb_577080310edr_f0691768ncam00320m1,test_msl,ALL,pixel_acc,1.0,0,0,118491
segformer__scratch__mit-b0__in_rover__seed1415__gpu_full__df715c71__gitc188b320__codebebd8b2d__20260714T105400494420Z,msl_ncam_nlb_577080310edr_f0691768ncam00320m1,test_msl,ALL,boundary_f1,1.0,0,0,118491
segformer__scratch__mit-b0__in_rover__seed1415__gpu_full__df715c71__gitc188b320__codebebd8b2d__20260714T105400494420Z,msl_ncam_nlb_577089308edr_f0691828ncam00379m1,test_msl,soil,iou,,0,0,0
segformer__scratch__mit-b0__in_rover__seed1415__gpu_full__df715c71__gitc188b320__codebebd8b2d__20260714T105400494420Z,msl_ncam_nlb_577089308edr_f0691828ncam00379m1,test_msl,bedrock,iou,,0,0,0
segformer__scratch__mit-b0__in_rover__seed1415__gpu_full__df715c71__gitc188b320__codebebd8b2d__20260714T105400494420Z,msl_ncam_nlb_577089308edr_f0691828ncam00379m1,test_msl,sand,iou,,0,0,0
segformer__scratch__mit-b0__in_rover__seed1415__gpu_full__df715c71__gitc188b320__codebebd8b2d__20260714T105400494420Z,msl_ncam_nlb_577089308edr_f0691828ncam00379m1,test_msl,big_rock,iou,,0,0,0
segformer__scratch__mit-b0__in_rover__seed1415__gpu_full__df715c71__gitc188b320__codebebd8b2d__20260714T105400494420Z,msl_ncam_nlb_577089308edr_f0691828ncam00379m1,test_msl,ALL,pixel_acc,,0,0,0
segformer__scratch__mit-b0__in_rover__seed1415__gpu_full__df715c71__gitc188b320__codebebd8b2d__20260714T105400494420Z,msl_ncam_nlb_577089308edr_f0691828ncam00379m1,test_msl,ALL,boundary_f1,,0,0,0
segformer__scratch__mit-b0__in_rover__seed1415__gpu_full__df715c71__gitc188b320__codebebd8b2d__20260714T105400494420Z,msl_ncam_nlb_577089970edr_f0691858ncam00286m1,test_msl,soil,iou,0.7688393593005339,21456,27907,99131
segformer__scratch__mit-b0__in_rover__seed1415__gpu_full__df715c71__gitc188b320__codebebd8b2d__20260714T105400494420Z,msl_ncam_nlb_577089970edr_f0691858ncam00286m1,test_msl,bedrock,iou,0.9795323269246867,70207,71674,99131
segformer__scratch__mit-b0__in_rover__seed1415__gpu_full__df715c71__gitc188b320__codebebd8b2d__20260714T105400494420Z,msl_ncam_nlb_577089970edr_f0691858ncam00286m1,test_msl,sand,iou,0.0,0,7018,99131
segformer__scratch__mit-b0__in_rover__seed1415__gpu_full__df715c71__gitc188b320__codebebd8b2d__20260714T105400494420Z,msl_ncam_nlb_577089970edr_f0691858ncam00286m1,test_msl,big_rock,iou,,0,0,99131
segformer__scratch__mit-b0__in_rover__seed1415__gpu_full__df715c71__gitc188b320__codebebd8b2d__20260714T105400494420Z,msl_ncam_nlb_577089970edr_f0691858ncam00286m1,test_msl,ALL,pixel_acc,0.9246653418204195,0,0,99131
segformer__scratch__mit-b0__in_rover__seed1415__gpu_full__df715c71__gitc188b320__codebebd8b2d__20260714T105400494420Z,msl_ncam_nlb_577089970edr_f0691858ncam00286m1,test_msl,ALL,boundary_f1,0.5621180388448553,0,0,99131
segformer__scratch__mit-b0__in_rover__seed1415__gpu_full__df715c71__gitc188b320__codebebd8b2d__20260714T105400494420Z,msl_ncam_nlb_577090033edr_f0691858ncam00286m1,test_msl,soil,iou,0.5270979020979021,603,1144,49689
segformer__scratch__mit-b0__in_rover__seed1415__gpu_full__df715c71__gitc188b320__codebebd8b2d__20260714T105400494420Z,msl_ncam_nlb_577090033edr_f0691858ncam00286m1,test_msl,bedrock,iou,0.9889785274823779,48545,49086,49689
segformer__scratch__mit-b0__in_rover__seed1415__gpu_full__df715c71__gitc188b320__codebebd8b2d__20260714T105400494420Z,msl_ncam_nlb_577090033edr_f0691858ncam00286m1,test_msl,sand,iou,,0,0,49689
segformer__scratch__mit-b0__in_rover__seed1415__gpu_full__df715c71__gitc188b320__codebebd8b2d__20260714T105400494420Z,msl_ncam_nlb_577090033edr_f0691858ncam00286m1,test_msl,big_rock,iou,,0,0,49689
segformer__scratch__mit-b0__in_rover__seed1415__gpu_full__df715c71__gitc188b320__codebebd8b2d__20260714T105400494420Z,msl_ncam_nlb_577090033edr_f0691858ncam00286m1,test_msl,ALL,pixel_acc,0.9891122783714705,0,0,49689
segformer__scratch__mit-b0__in_rover__seed1415__gpu_full__df715c71__gitc188b320__codebebd8b2d__20260714T105400494420Z,msl_ncam_nlb_577090033edr_f0691858ncam00286m1,test_msl,ALL,boundary_f1,0.8317346366363259,0,0,49689
segformer__scratch__mit-b0__in_rover__seed1415__gpu_full__df715c71__gitc188b320__codebebd8b2d__20260714T105400494420Z,msl_ncam_nlb_577090148edr_f0691858ncam00286m1,test_msl,soil,iou,0.08585458577538413,542,6313,7622
segformer__scratch__mit-b0__in_rover__seed1415__gpu_full__df715c71__gitc188b320__codebebd8b2d__20260714T105400494420Z,msl_ncam_nlb_577090148edr_f0691858ncam00286m1,test_msl,bedrock,iou,0.18488700564971752,1309,7080,7622
segformer__scratch__mit-b0__in_rover__seed1415__gpu_full__df715c71__gitc188b320__codebebd8b2d__20260714T105400494420Z,msl_ncam_nlb_577090148edr_f0691858ncam00286m1,test_msl,sand,iou,,0,0,7622
segformer__scratch__mit-b0__in_rover__seed1415__gpu_full__df715c71__gitc188b320__codebebd8b2d__20260714T105400494420Z,msl_ncam_nlb_577090148edr_f0691858ncam00286m1,test_msl,big_rock,iou,,0,0,7622
segformer__scratch__mit-b0__in_rover__seed1415__gpu_full__df715c71__gitc188b320__codebebd8b2d__20260714T105400494420Z,msl_ncam_nlb_577090148edr_f0691858ncam00286m1,test_msl,ALL,pixel_acc,0.2428496457622671,0,0,7622
segformer__scratch__mit-b0__in_rover__seed1415__gpu_full__df715c71__gitc188b320__codebebd8b2d__20260714T105400494420Z,msl_ncam_nlb_577090148edr_f0691858ncam00286m1,test_msl,ALL,boundary_f1,0.3403474300948827,0,0,7622
segformer__scratch__mit-b0__in_rover__seed1415__gpu_full__df715c71__gitc188b320__codebebd8b2d__20260714T105400494420Z,msl_ncam_nlb_577090437edr_f0691858ncam00312m1,test_msl,soil,iou,,0,0,91551
segformer__scratch__mit-b0__in_rover__seed1415__gpu_full__df715c71__gitc188b320__codebebd8b2d__20260714T105400494420Z,msl_ncam_nlb_577090437edr_f0691858ncam00312m1,test_msl,bedrock,iou,,0,0,91551
segformer__scratch__mit-b0__in_rover__seed1415__gpu_full__df715c71__gitc188b320__codebebd8b2d__20260714T105400494420Z,msl_ncam_nlb_577090437edr_f0691858ncam00312m1,test_msl,sand,iou,1.0,91551,91551,91551
segformer__scratch__mit-b0__in_rover__seed1415__gpu_full__df715c71__gitc188b320__codebebd8b2d__20260714T105400494420Z,msl_ncam_nlb_577090437edr_f0691858ncam00312m1,test_msl,big_rock,iou,,0,0,91551
segformer__scratch__mit-b0__in_rover__seed1415__gpu_full__df715c71__gitc188b320__codebebd8b2d__20260714T105400494420Z,msl_ncam_nlb_577090437edr_f0691858ncam00312m1,test_msl,ALL,pixel_acc,1.0,0,0,91551
segformer__scratch__mit-b0__in_rover__seed1415__gpu_full__df715c71__gitc188b320__codebebd8b2d__20260714T105400494420Z,msl_ncam_nlb_577090437edr_f0691858ncam00312m1,test_msl,ALL,boundary_f1,1.0,0,0,91551
segformer__scratch__mit-b0__in_rover__seed1415__gpu_full__df715c71__gitc188b320__codebebd8b2d__20260714T105400494420Z,msl_ncam_nlb_577090635edr_f0691858ncam00287m1,test_msl,soil,iou,,0,0,29086
segformer__scratch__mit-b0__in_rover__seed1415__gpu_full__df715c71__gitc188b320__codebebd8b2d__20260714T105400494420Z,msl_ncam_nlb_577090635edr_f0691858ncam00287m1,test_msl,bedrock,iou,0.5679059180576631,2994,5272,29086
segformer__scratch__mit-b0__in_rover__seed1415__gpu_full__df715c71__gitc188b320__codebebd8b2d__20260714T105400494420Z,msl_ncam_nlb_577090635edr_f0691858ncam00287m1,test_msl,sand,iou,0.9126935459144565,23814,26092,29086
segformer__scratch__mit-b0__in_rover__seed1415__gpu_full__df715c71__gitc188b320__codebebd8b2d__20260714T105400494420Z,msl_ncam_nlb_577090635edr_f0691858ncam00287m1,test_msl,big_rock,iou,,0,0,29086
segformer__scratch__mit-b0__in_rover__seed1415__gpu_full__df715c71__gitc188b320__codebebd8b2d__20260714T105400494420Z,msl_ncam_nlb_577090635edr_f0691858ncam00287m1,test_msl,ALL,pixel_acc,0.9216805335900433,0,0,29086
segformer__scratch__mit-b0__in_rover__seed1415__gpu_full__df715c71__gitc188b320__codebebd8b2d__20260714T105400494420Z,msl_ncam_nlb_577090635edr_f0691858ncam00287m1,test_msl,ALL,boundary_f1,0.8452806876078653,0,0,29086
segformer__scratch__mit-b0__in_rover__seed1415__gpu_full__df715c71__gitc188b320__codebebd8b2d__20260714T105400494420Z,msl_ncam_nlb_577090699edr_f0691858ncam00287m1,test_msl,soil,iou,,0,0,84812
segformer__scratch__mit-b0__in_rover__seed1415__gpu_full__df715c71__gitc188b320__codebebd8b2d__20260714T105400494420Z,msl_ncam_nlb_577090699edr_f0691858ncam00287m1,test_msl,bedrock,iou,1.0,3640,3640,84812
segformer__scratch__mit-b0__in_rover__seed1415__gpu_full__df715c71__gitc188b320__codebebd8b2d__20260714T105400494420Z,msl_ncam_nlb_577090699edr_f0691858ncam00287m1,test_msl,sand,iou,1.0,81172,81172,84812
segformer__scratch__mit-b0__in_rover__seed1415__gpu_full__df715c71__gitc188b320__codebebd8b2d__20260714T105400494420Z,msl_ncam_nlb_577090699edr_f0691858ncam00287m1,test_msl,big_rock,iou,,0,0,84812
segformer__scratch__mit-b0__in_rover__seed1415__gpu_full__df715c71__gitc188b320__codebebd8b2d__20260714T105400494420Z,msl_ncam_nlb_577090699edr_f0691858ncam00287m1,test_msl,ALL,pixel_acc,1.0,0,0,84812
segformer__scratch__mit-b0__in_rover__seed1415__gpu_full__df715c71__gitc188b320__codebebd8b2d__20260714T105400494420Z,msl_ncam_nlb_577090699edr_f0691858ncam00287m1,test_msl,ALL,boundary_f1,1.0,0,0,84812
segformer__scratch__mit-b0__in_rover__seed1415__gpu_full__df715c71__gitc188b320__codebebd8b2d__20260714T105400494420Z,msl_ncam_nlb_577090763edr_f0691858ncam00287m1,test_msl,soil,iou,0.9466841759684833,21627,22845,81680
segformer__scratch__mit-b0__in_rover__seed1415__gpu_full__df715c71__gitc188b320__codebebd8b2d__20260714T105400494420Z,msl_ncam_nlb_577090763edr_f0691858ncam00287m1,test_msl,bedrock,iou,1.0,22802,22802,81680
segformer__scratch__mit-b0__in_rover__seed1415__gpu_full__df715c71__gitc188b320__codebebd8b2d__20260714T105400494420Z,msl_ncam_nlb_577090763edr_f0691858ncam00287m1,test_msl,sand,iou,0.9673028911975518,36033,37251,81680
segformer__scratch__mit-b0__in_rover__seed1415__gpu_full__df715c71__gitc188b320__codebebd8b2d__20260714T105400494420Z,msl_ncam_nlb_577090763edr_f0691858ncam00287m1,test_msl,big_rock,iou,,0,0,81680
segformer__scratch__mit-b0__in_rover__seed1415__gpu_full__df715c71__gitc188b320__codebebd8b2d__20260714T105400494420Z,msl_ncam_nlb_577090763edr_f0691858ncam00287m1,test_msl,ALL,pixel_acc,0.9850881488736533,0,0,81680
segformer__scratch__mit-b0__in_rover__seed1415__gpu_full__df715c71__gitc188b320__codebebd8b2d__20260714T105400494420Z,msl_ncam_nlb_577090763edr_f0691858ncam00287m1,test_msl,ALL,boundary_f1,0.9362387115953954,0,0,81680
segformer__scratch__mit-b0__in_rover__seed1415__gpu_full__df715c71__gitc188b320__codebebd8b2d__20260714T105400494420Z,msl_ncam_nlb_577095146edr_f0691858ncam00376m1,test_msl,soil,iou,0.0,0,19369,131880
segformer__scratch__mit-b0__in_rover__seed1415__gpu_full__df715c71__gitc188b320__codebebd8b2d__20260714T105400494420Z,msl_ncam_nlb_577095146edr_f0691858ncam00376m1,test_msl,bedrock,iou,,0,0,131880
segformer__scratch__mit-b0__in_rover__seed1415__gpu_full__df715c71__gitc188b320__codebebd8b2d__20260714T105400494420Z,msl_ncam_nlb_577095146edr_f0691858ncam00376m1,test_msl,sand,iou,0.8531316348195329,112511,131880,131880
segformer__scratch__mit-b0__in_rover__seed1415__gpu_full__df715c71__gitc188b320__codebebd8b2d__20260714T105400494420Z,msl_ncam_nlb_577095146edr_f0691858ncam00376m1,test_msl,big_rock,iou,,0,0,131880
segformer__scratch__mit-b0__in_rover__seed1415__gpu_full__df715c71__gitc188b320__codebebd8b2d__20260714T105400494420Z,msl_ncam_nlb_577095146edr_f0691858ncam00376m1,test_msl,ALL,pixel_acc,0.8531316348195329,0,0,131880
segformer__scratch__mit-b0__in_rover__seed1415__gpu_full__df715c71__gitc188b320__codebebd8b2d__20260714T105400494420Z,msl_ncam_nlb_577095146edr_f0691858ncam00376m1,test_msl,ALL,boundary_f1,0.3907291174068182,0,0,131880
segformer__scratch__mit-b0__in_rover__seed1415__gpu_full__df715c71__gitc188b320__codebebd8b2d__20260714T105400494420Z,msl_ncam_nlb_613564331edr_f0760274ncam00320m1,test_msl,soil,iou,1.0,100868,100868,100868
segformer__scratch__mit-b0__in_rover__seed1415__gpu_full__df715c71__gitc188b320__codebebd8b2d__20260714T105400494420Z,msl_ncam_nlb_613564331edr_f0760274ncam00320m1,test_msl,bedrock,iou,,0,0,100868
segformer__scratch__mit-b0__in_rover__seed1415__gpu_full__df715c71__gitc188b320__codebebd8b2d__20260714T105400494420Z,msl_ncam_nlb_613564331edr_f0760274ncam00320m1,test_msl,sand,iou,,0,0,100868
segformer__scratch__mit-b0__in_rover__seed1415__gpu_full__df715c71__gitc188b320__codebebd8b2d__20260714T105400494420Z,msl_ncam_nlb_613564331edr_f0760274ncam00320m1,test_msl,big_rock,iou,,0,0,100868
segformer__scratch__mit-b0__in_rover__seed1415__gpu_full__df715c71__gitc188b320__codebebd8b2d__20260714T105400494420Z,msl_ncam_nlb_613564331edr_f0760274ncam00320m1,test_msl,ALL,pixel_acc,1.0,0,0,100868
segformer__scratch__mit-b0__in_rover__seed1415__gpu_full__df715c71__gitc188b320__codebebd8b2d__20260714T105400494420Z,msl_ncam_nlb_613564331edr_f0760274ncam00320m1,test_msl,ALL,boundary_f1,1.0,0,0,100868
segformer__scratch__mit-b0__in_rover__seed1415__gpu_full__df715c71__gitc188b320__codebebd8b2d__20260714T105400494420Z,msl_ncam_nlb_613582793edr_f0760556ncam00385m1,test_msl,soil,iou,1.0,229198,229198,229198
segformer__scratch__mit-b0__in_rover__seed1415__gpu_full__df715c71__gitc188b320__codebebd8b2d__20260714T105400494420Z,msl_ncam_nlb_613582793edr_f0760556ncam00385m1,test_msl,bedrock,iou,,0,0,229198
segformer__scratch__mit-b0__in_rover__seed1415__gpu_full__df715c71__gitc188b320__codebebd8b2d__20260714T105400494420Z,msl_ncam_nlb_613582793edr_f0760556ncam00385m1,test_msl,sand,iou,,0,0,229198
segformer__scratch__mit-b0__in_rover__seed1415__gpu_full__df715c71__gitc188b320__codebebd8b2d__20260714T105400494420Z,msl_ncam_nlb_613582793edr_f0760556ncam00385m1,test_msl,big_rock,iou,,0,0,229198
segformer__scratch__mit-b0__in_rover__seed1415__gpu_full__df715c71__gitc188b320__codebebd8b2d__20260714T105400494420Z,msl_ncam_nlb_613582793edr_f0760556ncam00385m1,test_msl,ALL,pixel_acc,1.0,0,0,229198
segformer__scratch__mit-b0__in_rover__seed1415__gpu_full__df715c71__gitc188b320__codebebd8b2d__20260714T105400494420Z,msl_ncam_nlb_613582793edr_f0760556ncam00385m1,test_msl,ALL,boundary_f1,1.0,0,0,229198
segformer__scratch__mit-b0__in_rover__seed1415__gpu_full__df715c71__gitc188b320__codebebd8b2d__20260714T105400494420Z,msl_ncam_nlb_613583192edr_f0760568ncam00375m1,test_msl,soil,iou,1.0,148104,148104,148104
segformer__scratch__mit-b0__in_rover__seed1415__gpu_full__df715c71__gitc188b320__codebebd8b2d__20260714T105400494420Z,msl_ncam_nlb_613583192edr_f0760568ncam00375m1,test_msl,bedrock,iou,,0,0,148104
segformer__scratch__mit-b0__in_rover__seed1415__gpu_full__df715c71__gitc188b320__codebebd8b2d__20260714T105400494420Z,msl_ncam_nlb_613583192edr_f0760568ncam00375m1,test_msl,sand,iou,,0,0,148104
segformer__scratch__mit-b0__in_rover__seed1415__gpu_full__df715c71__gitc188b320__codebebd8b2d__20260714T105400494420Z,msl_ncam_nlb_613583192edr_f0760568ncam00375m1,test_msl,big_rock,iou,,0,0,148104
segformer__scratch__mit-b0__in_rover__seed1415__gpu_full__df715c71__gitc188b320__codebebd8b2d__20260714T105400494420Z,msl_ncam_nlb_613583192edr_f0760568ncam00375m1,test_msl,ALL,pixel_acc,1.0,0,0,148104
segformer__scratch__mit-b0__in_rover__seed1415__gpu_full__df715c71__gitc188b320__codebebd8b2d__20260714T105400494420Z,msl_ncam_nlb_613583192edr_f0760568ncam00375m1,test_msl,ALL,boundary_f1,1.0,0,0,148104
segformer__scratch__mit-b0__in_rover__seed1415__gpu_full__df715c71__gitc188b320__codebebd8b2d__20260714T105400494420Z,msl_ncam_nlb_613583340edr_f0760568ncam00280m1,test_msl,soil,iou,1.0,240254,240254,240254
segformer__scratch__mit-b0__in_rover__seed1415__gpu_full__df715c71__gitc188b320__codebebd8b2d__20260714T105400494420Z,msl_ncam_nlb_613583340edr_f0760568ncam00280m1,test_msl,bedrock,iou,,0,0,240254
segformer__scratch__mit-b0__in_rover__seed1415__gpu_full__df715c71__gitc188b320__codebebd8b2d__20260714T105400494420Z,msl_ncam_nlb_613583340edr_f0760568ncam00280m1,test_msl,sand,iou,,0,0,240254
segformer__scratch__mit-b0__in_rover__seed1415__gpu_full__df715c71__gitc188b320__codebebd8b2d__20260714T105400494420Z,msl_ncam_nlb_613583340edr_f0760568ncam00280m1,test_msl,big_rock,iou,,0,0,240254
segformer__scratch__mit-b0__in_rover__seed1415__gpu_full__df715c71__gitc188b320__codebebd8b2d__20260714T105400494420Z,msl_ncam_nlb_613583340edr_f0760568ncam00280m1,test_msl,ALL,pixel_acc,1.0,0,0,240254
segformer__scratch__mit-b0__in_rover__seed1415__gpu_full__df715c71__gitc188b320__codebebd8b2d__20260714T105400494420Z,msl_ncam_nlb_613583340edr_f0760568ncam00280m1,test_msl,ALL,boundary_f1,1.0,0,0,240254
segformer__scratch__mit-b0__in_rover__seed1415__gpu_full__df715c71__gitc188b320__codebebd8b2d__20260714T105400494420Z,msl_ncam_nlb_613583373edr_f0760568ncam00280m1,test_msl,soil,iou,1.0,197718,197718,197718
segformer__scratch__mit-b0__in_rover__seed1415__gpu_full__df715c71__gitc188b320__codebebd8b2d__20260714T105400494420Z,msl_ncam_nlb_613583373edr_f0760568ncam00280m1,test_msl,bedrock,iou,,0,0,197718
segformer__scratch__mit-b0__in_rover__seed1415__gpu_full__df715c71__gitc188b320__codebebd8b2d__20260714T105400494420Z,msl_ncam_nlb_613583373edr_f0760568ncam00280m1,test_msl,sand,iou,,0,0,197718
segformer__scratch__mit-b0__in_rover__seed1415__gpu_full__df715c71__gitc188b320__codebebd8b2d__20260714T105400494420Z,msl_ncam_nlb_613583373edr_f0760568ncam00280m1,test_msl,big_rock,iou,,0,0,197718
segformer__scratch__mit-b0__in_rover__seed1415__gpu_full__df715c71__gitc188b320__codebebd8b2d__20260714T105400494420Z,msl_ncam_nlb_613583373edr_f0760568ncam00280m1,test_msl,ALL,pixel_acc,1.0,0,0,197718
segformer__scratch__mit-b0__in_rover__seed1415__gpu_full__df715c71__gitc188b320__codebebd8b2d__20260714T105400494420Z,msl_ncam_nlb_613583373edr_f0760568ncam00280m1,test_msl,ALL,boundary_f1,1.0,0,0,197718
segformer__scratch__mit-b0__in_rover__seed1415__gpu_full__df715c71__gitc188b320__codebebd8b2d__20260714T105400494420Z,msl_ncam_nlb_613583763edr_f0760568ncam00354m1,test_msl,soil,iou,1.0,224188,224188,224188
segformer__scratch__mit-b0__in_rover__seed1415__gpu_full__df715c71__gitc188b320__codebebd8b2d__20260714T105400494420Z,msl_ncam_nlb_613583763edr_f0760568ncam00354m1,test_msl,bedrock,iou,,0,0,224188
segformer__scratch__mit-b0__in_rover__seed1415__gpu_full__df715c71__gitc188b320__codebebd8b2d__20260714T105400494420Z,msl_ncam_nlb_613583763edr_f0760568ncam00354m1,test_msl,sand,iou,,0,0,224188
segformer__scratch__mit-b0__in_rover__seed1415__gpu_full__df715c71__gitc188b320__codebebd8b2d__20260714T105400494420Z,msl_ncam_nlb_613583763edr_f0760568ncam00354m1,test_msl,big_rock,iou,,0,0,224188
segformer__scratch__mit-b0__in_rover__seed1415__gpu_full__df715c71__gitc188b320__codebebd8b2d__20260714T105400494420Z,msl_ncam_nlb_613583763edr_f0760568ncam00354m1,test_msl,ALL,pixel_acc,1.0,0,0,224188
segformer__scratch__mit-b0__in_rover__seed1415__gpu_full__df715c71__gitc188b320__codebebd8b2d__20260714T105400494420Z,msl_ncam_nlb_613583763edr_f0760568ncam00354m1,test_msl,ALL,boundary_f1,1.0,0,0,224188
segformer__scratch__mit-b0__in_rover__seed1415__gpu_full__df715c71__gitc188b320__codebebd8b2d__20260714T105400494420Z,msl_ncam_nlb_613583877edr_f0760568ncam00354m1,test_msl,soil,iou,1.0,156354,156354,156354
segformer__scratch__mit-b0__in_rover__seed1415__gpu_full__df715c71__gitc188b320__codebebd8b2d__20260714T105400494420Z,msl_ncam_nlb_613583877edr_f0760568ncam00354m1,test_msl,bedrock,iou,,0,0,156354
segformer__scratch__mit-b0__in_rover__seed1415__gpu_full__df715c71__gitc188b320__codebebd8b2d__20260714T105400494420Z,msl_ncam_nlb_613583877edr_f0760568ncam00354m1,test_msl,sand,iou,,0,0,156354
segformer__scratch__mit-b0__in_rover__seed1415__gpu_full__df715c71__gitc188b320__codebebd8b2d__20260714T105400494420Z,msl_ncam_nlb_613583877edr_f0760568ncam00354m1,test_msl,big_rock,iou,,0,0,156354
segformer__scratch__mit-b0__in_rover__seed1415__gpu_full__df715c71__gitc188b320__codebebd8b2d__20260714T105400494420Z,msl_ncam_nlb_613583877edr_f0760568ncam00354m1,test_msl,ALL,pixel_acc,1.0,0,0,156354
segformer__scratch__mit-b0__in_rover__seed1415__gpu_full__df715c71__gitc188b320__codebebd8b2d__20260714T105400494420Z,msl_ncam_nlb_613583877edr_f0760568ncam00354m1,test_msl,ALL,boundary_f1,1.0,0,0,156354
segformer__scratch__mit-b0__in_rover__seed1415__gpu_full__df715c71__gitc188b320__codebebd8b2d__20260714T105400494420Z,msl_ncam_nlb_613584057edr_f0760568ncam00281m1,test_msl,soil,iou,1.0,150118,150118,150118
segformer__scratch__mit-b0__in_rover__seed1415__gpu_full__df715c71__gitc188b320__codebebd8b2d__20260714T105400494420Z,msl_ncam_nlb_613584057edr_f0760568ncam00281m1,test_msl,bedrock,iou,,0,0,150118
segformer__scratch__mit-b0__in_rover__seed1415__gpu_full__df715c71__gitc188b320__codebebd8b2d__20260714T105400494420Z,msl_ncam_nlb_613584057edr_f0760568ncam00281m1,test_msl,sand,iou,,0,0,150118
segformer__scratch__mit-b0__in_rover__seed1415__gpu_full__df715c71__gitc188b320__codebebd8b2d__20260714T105400494420Z,msl_ncam_nlb_613584057edr_f0760568ncam00281m1,test_msl,big_rock,iou,,0,0,150118
segformer__scratch__mit-b0__in_rover__seed1415__gpu_full__df715c71__gitc188b320__codebebd8b2d__20260714T105400494420Z,msl_ncam_nlb_613584057edr_f0760568ncam00281m1,test_msl,ALL,pixel_acc,1.0,0,0,150118
segformer__scratch__mit-b0__in_rover__seed1415__gpu_full__df715c71__gitc188b320__codebebd8b2d__20260714T105400494420Z,msl_ncam_nlb_613584057edr_f0760568ncam00281m1,test_msl,ALL,boundary_f1,1.0,0,0,150118
segformer__scratch__mit-b0__in_rover__seed1415__gpu_full__df715c71__gitc188b320__codebebd8b2d__20260714T105400494420Z,msl_ncam_nlb_613584326edr_f0760568ncam00281m1,test_msl,soil,iou,0.37685990884092363,40018,106188,107819
segformer__scratch__mit-b0__in_rover__seed1415__gpu_full__df715c71__gitc188b320__codebebd8b2d__20260714T105400494420Z,msl_ncam_nlb_613584326edr_f0760568ncam00281m1,test_msl,bedrock,iou,,0,0,107819
segformer__scratch__mit-b0__in_rover__seed1415__gpu_full__df715c71__gitc188b320__codebebd8b2d__20260714T105400494420Z,msl_ncam_nlb_613584326edr_f0760568ncam00281m1,test_msl,sand,iou,0.024055692393917492,1631,67801,107819
segformer__scratch__mit-b0__in_rover__seed1415__gpu_full__df715c71__gitc188b320__codebebd8b2d__20260714T105400494420Z,msl_ncam_nlb_613584326edr_f0760568ncam00281m1,test_msl,big_rock,iou,,0,0,107819
segformer__scratch__mit-b0__in_rover__seed1415__gpu_full__df715c71__gitc188b320__codebebd8b2d__20260714T105400494420Z,msl_ncam_nlb_613584326edr_f0760568ncam00281m1,test_msl,ALL,pixel_acc,0.38628627607379035,0,0,107819
segformer__scratch__mit-b0__in_rover__seed1415__gpu_full__df715c71__gitc188b320__codebebd8b2d__20260714T105400494420Z,msl_ncam_nlb_613584326edr_f0760568ncam00281m1,test_msl,ALL,boundary_f1,0.39019580812646953,0,0,107819
