run_id,name,split,scope,metric,value,inter,union,n_valid
segformer__scratch__mit-b2__in_rover__seed1416__gpu_full__99146410__git3e52372c__codebebd8b2d__20260717T090304272832Z,msl_ncam_nla_409036068edr_f0051606ncam00348m1,test_msl,soil,iou,,0,0,0
segformer__scratch__mit-b2__in_rover__seed1416__gpu_full__99146410__git3e52372c__codebebd8b2d__20260717T090304272832Z,msl_ncam_nla_409036068edr_f0051606ncam00348m1,test_msl,bedrock,iou,,0,0,0
segformer__scratch__mit-b2__in_rover__seed1416__gpu_full__99146410__git3e52372c__codebebd8b2d__20260717T090304272832Z,msl_ncam_nla_409036068edr_f0051606ncam00348m1,test_msl,sand,iou,,0,0,0
segformer__scratch__mit-b2__in_rover__seed1416__gpu_full__99146410__git3e52372c__codebebd8b2d__20260717T090304272832Z,msl_ncam_nla_409036068edr_f0051606ncam00348m1,test_msl,big_rock,iou,,0,0,0
segformer__scratch__mit-b2__in_rover__seed1416__gpu_full__99146410__git3e52372c__codebebd8b2d__20260717T090304272832Z,msl_ncam_nla_409036068edr_f0051606ncam00348m1,test_msl,ALL,pixel_acc,,0,0,0
segformer__scratch__mit-b2__in_rover__seed1416__gpu_full__99146410__git3e52372c__codebebd8b2d__20260717T090304272832Z,msl_ncam_nla_409036068edr_f0051606ncam00348m1,test_msl,ALL,boundary_f1,,0,0,0
segformer__scratch__mit-b2__in_rover__seed1416__gpu_full__99146410__git3e52372c__codebebd8b2d__20260717T090304272832Z,msl_ncam_nla_409036116edr_f0051606ncam00348m1,test_msl,soil,iou,0.0,0,4482,123986
segformer__scratch__mit-b2__in_rover__seed1416__gpu_full__99146410__git3e52372c__codebebd8b2d__20260717T090304272832Z,msl_ncam_nla_409036116edr_f0051606ncam00348m1,test_msl,bedrock,iou,0.9638507573435711,119504,123986,123986
segformer__scratch__mit-b2__in_rover__seed1416__gpu_full__99146410__git3e52372c__codebebd8b2d__20260717T090304272832Z,msl_ncam_nla_409036116edr_f0051606ncam00348m1,test_msl,sand,iou,,0,0,123986
segformer__scratch__mit-b2__in_rover__seed1416__gpu_full__99146410__git3e52372c__codebebd8b2d__20260717T090304272832Z,msl_ncam_nla_409036116edr_f0051606ncam00348m1,test_msl,big_rock,iou,,0,0,123986
segformer__scratch__mit-b2__in_rover__seed1416__gpu_full__99146410__git3e52372c__codebebd8b2d__20260717T090304272832Z,msl_ncam_nla_409036116edr_f0051606ncam00348m1,test_msl,ALL,pixel_acc,0.9638507573435711,0,0,123986
segformer__scratch__mit-b2__in_rover__seed1416__gpu_full__99146410__git3e52372c__codebebd8b2d__20260717T090304272832Z,msl_ncam_nla_409036116edr_f0051606ncam00348m1,test_msl,ALL,boundary_f1,0.4829444720232608,0,0,123986
segformer__scratch__mit-b2__in_rover__seed1416__gpu_full__99146410__git3e52372c__codebebd8b2d__20260717T090304272832Z,msl_ncam_nla_409036860edr_f0051662ncam00346m1,test_msl,soil,iou,0.000366255646441216,3,8191,22748
segformer__scratch__mit-b2__in_rover__seed1416__gpu_full__99146410__git3e52372c__codebebd8b2d__20260717T090304272832Z,msl_ncam_nla_409036860edr_f0051662ncam00346m1,test_msl,bedrock,iou,0.8408441558441558,12949,15400,22748
segformer__scratch__mit-b2__in_rover__seed1416__gpu_full__99146410__git3e52372c__codebebd8b2d__20260717T090304272832Z,msl_ncam_nla_409036860edr_f0051662ncam00346m1,test_msl,sand,iou,0.0,0,8475,22748
segformer__scratch__mit-b2__in_rover__seed1416__gpu_full__99146410__git3e52372c__codebebd8b2d__20260717T090304272832Z,msl_ncam_nla_409036860edr_f0051662ncam00346m1,test_msl,big_rock,iou,0.0,0,478,22748
segformer__scratch__mit-b2__in_rover__seed1416__gpu_full__99146410__git3e52372c__codebebd8b2d__20260717T090304272832Z,msl_ncam_nla_409036860edr_f0051662ncam00346m1,test_msl,ALL,pixel_acc,0.5693687357130297,0,0,22748
segformer__scratch__mit-b2__in_rover__seed1416__gpu_full__99146410__git3e52372c__codebebd8b2d__20260717T090304272832Z,msl_ncam_nla_409036860edr_f0051662ncam00346m1,test_msl,ALL,boundary_f1,0.19617453258515916,0,0,22748
segformer__scratch__mit-b2__in_rover__seed1416__gpu_full__99146410__git3e52372c__codebebd8b2d__20260717T090304272832Z,msl_ncam_nla_409036993edr_f0051662ncam05703m1,test_msl,soil,iou,,0,0,36839
segformer__scratch__mit-b2__in_rover__seed1416__gpu_full__99146410__git3e52372c__codebebd8b2d__20260717T090304272832Z,msl_ncam_nla_409036993edr_f0051662ncam05703m1,test_msl,bedrock,iou,1.0,36839,36839,36839
segformer__scratch__mit-b2__in_rover__seed1416__gpu_full__99146410__git3e52372c__codebebd8b2d__20260717T090304272832Z,msl_ncam_nla_409036993edr_f0051662ncam05703m1,test_msl,sand,iou,,0,0,36839
segformer__scratch__mit-b2__in_rover__seed1416__gpu_full__99146410__git3e52372c__codebebd8b2d__20260717T090304272832Z,msl_ncam_nla_409036993edr_f0051662ncam05703m1,test_msl,big_rock,iou,,0,0,36839
segformer__scratch__mit-b2__in_rover__seed1416__gpu_full__99146410__git3e52372c__codebebd8b2d__20260717T090304272832Z,msl_ncam_nla_409036993edr_f0051662ncam05703m1,test_msl,ALL,pixel_acc,1.0,0,0,36839
segformer__scratch__mit-b2__in_rover__seed1416__gpu_full__99146410__git3e52372c__codebebd8b2d__20260717T090304272832Z,msl_ncam_nla_409036993edr_f0051662ncam05703m1,test_msl,ALL,boundary_f1,1.0,0,0,36839
segformer__scratch__mit-b2__in_rover__seed1416__gpu_full__99146410__git3e52372c__codebebd8b2d__20260717T090304272832Z,msl_ncam_nla_409037112edr_f0051662ncam05703m1,test_msl,soil,iou,,0,0,88991
segformer__scratch__mit-b2__in_rover__seed1416__gpu_full__99146410__git3e52372c__codebebd8b2d__20260717T090304272832Z,msl_ncam_nla_409037112edr_f0051662ncam05703m1,test_msl,bedrock,iou,1.0,88991,88991,88991
segformer__scratch__mit-b2__in_rover__seed1416__gpu_full__99146410__git3e52372c__codebebd8b2d__20260717T090304272832Z,msl_ncam_nla_409037112edr_f0051662ncam05703m1,test_msl,sand,iou,,0,0,88991
segformer__scratch__mit-b2__in_rover__seed1416__gpu_full__99146410__git3e52372c__codebebd8b2d__20260717T090304272832Z,msl_ncam_nla_409037112edr_f0051662ncam05703m1,test_msl,big_rock,iou,,0,0,88991
segformer__scratch__mit-b2__in_rover__seed1416__gpu_full__99146410__git3e52372c__codebebd8b2d__20260717T090304272832Z,msl_ncam_nla_409037112edr_f0051662ncam05703m1,test_msl,ALL,pixel_acc,1.0,0,0,88991
segformer__scratch__mit-b2__in_rover__seed1416__gpu_full__99146410__git3e52372c__codebebd8b2d__20260717T090304272832Z,msl_ncam_nla_409037112edr_f0051662ncam05703m1,test_msl,ALL,boundary_f1,1.0,0,0,88991
segformer__scratch__mit-b2__in_rover__seed1416__gpu_full__99146410__git3e52372c__codebebd8b2d__20260717T090304272832Z,msl_ncam_nla_601414440edr_f0731482ncam00375m1,test_msl,soil,iou,,0,0,0
segformer__scratch__mit-b2__in_rover__seed1416__gpu_full__99146410__git3e52372c__codebebd8b2d__20260717T090304272832Z,msl_ncam_nla_601414440edr_f0731482ncam00375m1,test_msl,bedrock,iou,,0,0,0
segformer__scratch__mit-b2__in_rover__seed1416__gpu_full__99146410__git3e52372c__codebebd8b2d__20260717T090304272832Z,msl_ncam_nla_601414440edr_f0731482ncam00375m1,test_msl,sand,iou,,0,0,0
segformer__scratch__mit-b2__in_rover__seed1416__gpu_full__99146410__git3e52372c__codebebd8b2d__20260717T090304272832Z,msl_ncam_nla_601414440edr_f0731482ncam00375m1,test_msl,big_rock,iou,,0,0,0
segformer__scratch__mit-b2__in_rover__seed1416__gpu_full__99146410__git3e52372c__codebebd8b2d__20260717T090304272832Z,msl_ncam_nla_601414440edr_f0731482ncam00375m1,test_msl,ALL,pixel_acc,,0,0,0
segformer__scratch__mit-b2__in_rover__seed1416__gpu_full__99146410__git3e52372c__codebebd8b2d__20260717T090304272832Z,msl_ncam_nla_601414440edr_f0731482ncam00375m1,test_msl,ALL,boundary_f1,,0,0,0
segformer__scratch__mit-b2__in_rover__seed1416__gpu_full__99146410__git3e52372c__codebebd8b2d__20260717T090304272832Z,msl_ncam_nla_601414568edr_f0731482ncam00253m1,test_msl,soil,iou,1.0,124196,124196,124196
segformer__scratch__mit-b2__in_rover__seed1416__gpu_full__99146410__git3e52372c__codebebd8b2d__20260717T090304272832Z,msl_ncam_nla_601414568edr_f0731482ncam00253m1,test_msl,bedrock,iou,,0,0,124196
segformer__scratch__mit-b2__in_rover__seed1416__gpu_full__99146410__git3e52372c__codebebd8b2d__20260717T090304272832Z,msl_ncam_nla_601414568edr_f0731482ncam00253m1,test_msl,sand,iou,,0,0,124196
segformer__scratch__mit-b2__in_rover__seed1416__gpu_full__99146410__git3e52372c__codebebd8b2d__20260717T090304272832Z,msl_ncam_nla_601414568edr_f0731482ncam00253m1,test_msl,big_rock,iou,,0,0,124196
segformer__scratch__mit-b2__in_rover__seed1416__gpu_full__99146410__git3e52372c__codebebd8b2d__20260717T090304272832Z,msl_ncam_nla_601414568edr_f0731482ncam00253m1,test_msl,ALL,pixel_acc,1.0,0,0,124196
segformer__scratch__mit-b2__in_rover__seed1416__gpu_full__99146410__git3e52372c__codebebd8b2d__20260717T090304272832Z,msl_ncam_nla_601414568edr_f0731482ncam00253m1,test_msl,ALL,boundary_f1,1.0,0,0,124196
segformer__scratch__mit-b2__in_rover__seed1416__gpu_full__99146410__git3e52372c__codebebd8b2d__20260717T090304272832Z,msl_ncam_nla_601414993edr_f0731482ncam00254m1,test_msl,soil,iou,0.6835996407814697,80688,118034,118034
segformer__scratch__mit-b2__in_rover__seed1416__gpu_full__99146410__git3e52372c__codebebd8b2d__20260717T090304272832Z,msl_ncam_nla_601414993edr_f0731482ncam00254m1,test_msl,bedrock,iou,0.0,0,37346,118034
segformer__scratch__mit-b2__in_rover__seed1416__gpu_full__99146410__git3e52372c__codebebd8b2d__20260717T090304272832Z,msl_ncam_nla_601414993edr_f0731482ncam00254m1,test_msl,sand,iou,,0,0,118034
segformer__scratch__mit-b2__in_rover__seed1416__gpu_full__99146410__git3e52372c__codebebd8b2d__20260717T090304272832Z,msl_ncam_nla_601414993edr_f0731482ncam00254m1,test_msl,big_rock,iou,,0,0,118034
segformer__scratch__mit-b2__in_rover__seed1416__gpu_full__99146410__git3e52372c__codebebd8b2d__20260717T090304272832Z,msl_ncam_nla_601414993edr_f0731482ncam00254m1,test_msl,ALL,pixel_acc,0.6835996407814697,0,0,118034
segformer__scratch__mit-b2__in_rover__seed1416__gpu_full__99146410__git3e52372c__codebebd8b2d__20260717T090304272832Z,msl_ncam_nla_601414993edr_f0731482ncam00254m1,test_msl,ALL,boundary_f1,0.41025641025641024,0,0,118034
segformer__scratch__mit-b2__in_rover__seed1416__gpu_full__99146410__git3e52372c__codebebd8b2d__20260717T090304272832Z,msl_ncam_nla_601415225edr_f0731482ncam00254m1,test_msl,soil,iou,1.0,84983,84983,84983
segformer__scratch__mit-b2__in_rover__seed1416__gpu_full__99146410__git3e52372c__codebebd8b2d__20260717T090304272832Z,msl_ncam_nla_601415225edr_f0731482ncam00254m1,test_msl,bedrock,iou,,0,0,84983
segformer__scratch__mit-b2__in_rover__seed1416__gpu_full__99146410__git3e52372c__codebebd8b2d__20260717T090304272832Z,msl_ncam_nla_601415225edr_f0731482ncam00254m1,test_msl,sand,iou,,0,0,84983
segformer__scratch__mit-b2__in_rover__seed1416__gpu_full__99146410__git3e52372c__codebebd8b2d__20260717T090304272832Z,msl_ncam_nla_601415225edr_f0731482ncam00254m1,test_msl,big_rock,iou,,0,0,84983
segformer__scratch__mit-b2__in_rover__seed1416__gpu_full__99146410__git3e52372c__codebebd8b2d__20260717T090304272832Z,msl_ncam_nla_601415225edr_f0731482ncam00254m1,test_msl,ALL,pixel_acc,1.0,0,0,84983
segformer__scratch__mit-b2__in_rover__seed1416__gpu_full__99146410__git3e52372c__codebebd8b2d__20260717T090304272832Z,msl_ncam_nla_601415225edr_f0731482ncam00254m1,test_msl,ALL,boundary_f1,1.0,0,0,84983
segformer__scratch__mit-b2__in_rover__seed1416__gpu_full__99146410__git3e52372c__codebebd8b2d__20260717T090304272832Z,msl_ncam_nla_601421002edr_f0731482ccam05295m1,test_msl,soil,iou,1.0,146635,146635,146635
segformer__scratch__mit-b2__in_rover__seed1416__gpu_full__99146410__git3e52372c__codebebd8b2d__20260717T090304272832Z,msl_ncam_nla_601421002edr_f0731482ccam05295m1,test_msl,bedrock,iou,,0,0,146635
segformer__scratch__mit-b2__in_rover__seed1416__gpu_full__99146410__git3e52372c__codebebd8b2d__20260717T090304272832Z,msl_ncam_nla_601421002edr_f0731482ccam05295m1,test_msl,sand,iou,,0,0,146635
segformer__scratch__mit-b2__in_rover__seed1416__gpu_full__99146410__git3e52372c__codebebd8b2d__20260717T090304272832Z,msl_ncam_nla_601421002edr_f0731482ccam05295m1,test_msl,big_rock,iou,,0,0,146635
segformer__scratch__mit-b2__in_rover__seed1416__gpu_full__99146410__git3e52372c__codebebd8b2d__20260717T090304272832Z,msl_ncam_nla_601421002edr_f0731482ccam05295m1,test_msl,ALL,pixel_acc,1.0,0,0,146635
segformer__scratch__mit-b2__in_rover__seed1416__gpu_full__99146410__git3e52372c__codebebd8b2d__20260717T090304272832Z,msl_ncam_nla_601421002edr_f0731482ccam05295m1,test_msl,ALL,boundary_f1,1.0,0,0,146635
segformer__scratch__mit-b2__in_rover__seed1416__gpu_full__99146410__git3e52372c__codebebd8b2d__20260717T090304272832Z,msl_ncam_nla_602651352edr_f0732676ncam00207m1,test_msl,soil,iou,1.0,115704,115704,115704
segformer__scratch__mit-b2__in_rover__seed1416__gpu_full__99146410__git3e52372c__codebebd8b2d__20260717T090304272832Z,msl_ncam_nla_602651352edr_f0732676ncam00207m1,test_msl,bedrock,iou,,0,0,115704
segformer__scratch__mit-b2__in_rover__seed1416__gpu_full__99146410__git3e52372c__codebebd8b2d__20260717T090304272832Z,msl_ncam_nla_602651352edr_f0732676ncam00207m1,test_msl,sand,iou,,0,0,115704
segformer__scratch__mit-b2__in_rover__seed1416__gpu_full__99146410__git3e52372c__codebebd8b2d__20260717T090304272832Z,msl_ncam_nla_602651352edr_f0732676ncam00207m1,test_msl,big_rock,iou,,0,0,115704
segformer__scratch__mit-b2__in_rover__seed1416__gpu_full__99146410__git3e52372c__codebebd8b2d__20260717T090304272832Z,msl_ncam_nla_602651352edr_f0732676ncam00207m1,test_msl,ALL,pixel_acc,1.0,0,0,115704
segformer__scratch__mit-b2__in_rover__seed1416__gpu_full__99146410__git3e52372c__codebebd8b2d__20260717T090304272832Z,msl_ncam_nla_602651352edr_f0732676ncam00207m1,test_msl,ALL,boundary_f1,1.0,0,0,115704
segformer__scratch__mit-b2__in_rover__seed1416__gpu_full__99146410__git3e52372c__codebebd8b2d__20260717T090304272832Z,msl_ncam_nla_602657189edr_f0732688ncam00382m1,test_msl,soil,iou,0.9983588429403918,113757,113944,113944
segformer__scratch__mit-b2__in_rover__seed1416__gpu_full__99146410__git3e52372c__codebebd8b2d__20260717T090304272832Z,msl_ncam_nla_602657189edr_f0732688ncam00382m1,test_msl,bedrock,iou,,0,0,113944
segformer__scratch__mit-b2__in_rover__seed1416__gpu_full__99146410__git3e52372c__codebebd8b2d__20260717T090304272832Z,msl_ncam_nla_602657189edr_f0732688ncam00382m1,test_msl,sand,iou,0.0,0,187,113944
segformer__scratch__mit-b2__in_rover__seed1416__gpu_full__99146410__git3e52372c__codebebd8b2d__20260717T090304272832Z,msl_ncam_nla_602657189edr_f0732688ncam00382m1,test_msl,big_rock,iou,,0,0,113944
segformer__scratch__mit-b2__in_rover__seed1416__gpu_full__99146410__git3e52372c__codebebd8b2d__20260717T090304272832Z,msl_ncam_nla_602657189edr_f0732688ncam00382m1,test_msl,ALL,pixel_acc,0.9983588429403918,0,0,113944
segformer__scratch__mit-b2__in_rover__seed1416__gpu_full__99146410__git3e52372c__codebebd8b2d__20260717T090304272832Z,msl_ncam_nla_602657189edr_f0732688ncam00382m1,test_msl,ALL,boundary_f1,0.49442783365044846,0,0,113944
segformer__scratch__mit-b2__in_rover__seed1416__gpu_full__99146410__git3e52372c__codebebd8b2d__20260717T090304272832Z,msl_ncam_nla_602664101edr_f0732958ncam00375m1,test_msl,soil,iou,1.0,167623,167623,167623
segformer__scratch__mit-b2__in_rover__seed1416__gpu_full__99146410__git3e52372c__codebebd8b2d__20260717T090304272832Z,msl_ncam_nla_602664101edr_f0732958ncam00375m1,test_msl,bedrock,iou,,0,0,167623
segformer__scratch__mit-b2__in_rover__seed1416__gpu_full__99146410__git3e52372c__codebebd8b2d__20260717T090304272832Z,msl_ncam_nla_602664101edr_f0732958ncam00375m1,test_msl,sand,iou,,0,0,167623
segformer__scratch__mit-b2__in_rover__seed1416__gpu_full__99146410__git3e52372c__codebebd8b2d__20260717T090304272832Z,msl_ncam_nla_602664101edr_f0732958ncam00375m1,test_msl,big_rock,iou,,0,0,167623
segformer__scratch__mit-b2__in_rover__seed1416__gpu_full__99146410__git3e52372c__codebebd8b2d__20260717T090304272832Z,msl_ncam_nla_602664101edr_f0732958ncam00375m1,test_msl,ALL,pixel_acc,1.0,0,0,167623
segformer__scratch__mit-b2__in_rover__seed1416__gpu_full__99146410__git3e52372c__codebebd8b2d__20260717T090304272832Z,msl_ncam_nla_602664101edr_f0732958ncam00375m1,test_msl,ALL,boundary_f1,1.0,0,0,167623
segformer__scratch__mit-b2__in_rover__seed1416__gpu_full__99146410__git3e52372c__codebebd8b2d__20260717T090304272832Z,msl_ncam_nla_602664178edr_f0732958ncam00271m1,test_msl,soil,iou,1.0,81139,81139,81139
segformer__scratch__mit-b2__in_rover__seed1416__gpu_full__99146410__git3e52372c__codebebd8b2d__20260717T090304272832Z,msl_ncam_nla_602664178edr_f0732958ncam00271m1,test_msl,bedrock,iou,,0,0,81139
segformer__scratch__mit-b2__in_rover__seed1416__gpu_full__99146410__git3e52372c__codebebd8b2d__20260717T090304272832Z,msl_ncam_nla_602664178edr_f0732958ncam00271m1,test_msl,sand,iou,,0,0,81139
segformer__scratch__mit-b2__in_rover__seed1416__gpu_full__99146410__git3e52372c__codebebd8b2d__20260717T090304272832Z,msl_ncam_nla_602664178edr_f0732958ncam00271m1,test_msl,big_rock,iou,,0,0,81139
segformer__scratch__mit-b2__in_rover__seed1416__gpu_full__99146410__git3e52372c__codebebd8b2d__20260717T090304272832Z,msl_ncam_nla_602664178edr_f0732958ncam00271m1,test_msl,ALL,pixel_acc,1.0,0,0,81139
segformer__scratch__mit-b2__in_rover__seed1416__gpu_full__99146410__git3e52372c__codebebd8b2d__20260717T090304272832Z,msl_ncam_nla_602664178edr_f0732958ncam00271m1,test_msl,ALL,boundary_f1,1.0,0,0,81139
segformer__scratch__mit-b2__in_rover__seed1416__gpu_full__99146410__git3e52372c__codebebd8b2d__20260717T090304272832Z,msl_ncam_nla_602664242edr_f0732958ncam00271m1,test_msl,soil,iou,1.0,137437,137437,137437
segformer__scratch__mit-b2__in_rover__seed1416__gpu_full__99146410__git3e52372c__codebebd8b2d__20260717T090304272832Z,msl_ncam_nla_602664242edr_f0732958ncam00271m1,test_msl,bedrock,iou,,0,0,137437
segformer__scratch__mit-b2__in_rover__seed1416__gpu_full__99146410__git3e52372c__codebebd8b2d__20260717T090304272832Z,msl_ncam_nla_602664242edr_f0732958ncam00271m1,test_msl,sand,iou,,0,0,137437
segformer__scratch__mit-b2__in_rover__seed1416__gpu_full__99146410__git3e52372c__codebebd8b2d__20260717T090304272832Z,msl_ncam_nla_602664242edr_f0732958ncam00271m1,test_msl,big_rock,iou,,0,0,137437
segformer__scratch__mit-b2__in_rover__seed1416__gpu_full__99146410__git3e52372c__codebebd8b2d__20260717T090304272832Z,msl_ncam_nla_602664242edr_f0732958ncam00271m1,test_msl,ALL,pixel_acc,1.0,0,0,137437
segformer__scratch__mit-b2__in_rover__seed1416__gpu_full__99146410__git3e52372c__codebebd8b2d__20260717T090304272832Z,msl_ncam_nla_602664242edr_f0732958ncam00271m1,test_msl,ALL,boundary_f1,1.0,0,0,137437
segformer__scratch__mit-b2__in_rover__seed1416__gpu_full__99146410__git3e52372c__codebebd8b2d__20260717T090304272832Z,msl_ncam_nla_602664684edr_f0732958ncam00312m1,test_msl,soil,iou,1.0,236351,236351,236351
segformer__scratch__mit-b2__in_rover__seed1416__gpu_full__99146410__git3e52372c__codebebd8b2d__20260717T090304272832Z,msl_ncam_nla_602664684edr_f0732958ncam00312m1,test_msl,bedrock,iou,,0,0,236351
segformer__scratch__mit-b2__in_rover__seed1416__gpu_full__99146410__git3e52372c__codebebd8b2d__20260717T090304272832Z,msl_ncam_nla_602664684edr_f0732958ncam00312m1,test_msl,sand,iou,,0,0,236351
segformer__scratch__mit-b2__in_rover__seed1416__gpu_full__99146410__git3e52372c__codebebd8b2d__20260717T090304272832Z,msl_ncam_nla_602664684edr_f0732958ncam00312m1,test_msl,big_rock,iou,,0,0,236351
segformer__scratch__mit-b2__in_rover__seed1416__gpu_full__99146410__git3e52372c__codebebd8b2d__20260717T090304272832Z,msl_ncam_nla_602664684edr_f0732958ncam00312m1,test_msl,ALL,pixel_acc,1.0,0,0,236351
segformer__scratch__mit-b2__in_rover__seed1416__gpu_full__99146410__git3e52372c__codebebd8b2d__20260717T090304272832Z,msl_ncam_nla_602664684edr_f0732958ncam00312m1,test_msl,ALL,boundary_f1,1.0,0,0,236351
segformer__scratch__mit-b2__in_rover__seed1416__gpu_full__99146410__git3e52372c__codebebd8b2d__20260717T090304272832Z,msl_ncam_nla_602664993edr_f0732958ncam00272m1,test_msl,soil,iou,1.0,59718,59718,59718
segformer__scratch__mit-b2__in_rover__seed1416__gpu_full__99146410__git3e52372c__codebebd8b2d__20260717T090304272832Z,msl_ncam_nla_602664993edr_f0732958ncam00272m1,test_msl,bedrock,iou,,0,0,59718
segformer__scratch__mit-b2__in_rover__seed1416__gpu_full__99146410__git3e52372c__codebebd8b2d__20260717T090304272832Z,msl_ncam_nla_602664993edr_f0732958ncam00272m1,test_msl,sand,iou,,0,0,59718
segformer__scratch__mit-b2__in_rover__seed1416__gpu_full__99146410__git3e52372c__codebebd8b2d__20260717T090304272832Z,msl_ncam_nla_602664993edr_f0732958ncam00272m1,test_msl,big_rock,iou,,0,0,59718
segformer__scratch__mit-b2__in_rover__seed1416__gpu_full__99146410__git3e52372c__codebebd8b2d__20260717T090304272832Z,msl_ncam_nla_602664993edr_f0732958ncam00272m1,test_msl,ALL,pixel_acc,1.0,0,0,59718
segformer__scratch__mit-b2__in_rover__seed1416__gpu_full__99146410__git3e52372c__codebebd8b2d__20260717T090304272832Z,msl_ncam_nla_602664993edr_f0732958ncam00272m1,test_msl,ALL,boundary_f1,1.0,0,0,59718
segformer__scratch__mit-b2__in_rover__seed1416__gpu_full__99146410__git3e52372c__codebebd8b2d__20260717T090304272832Z,msl_ncam_nla_602665055edr_f0732958ncam00272m1,test_msl,soil,iou,1.0,83469,83469,83469
segformer__scratch__mit-b2__in_rover__seed1416__gpu_full__99146410__git3e52372c__codebebd8b2d__20260717T090304272832Z,msl_ncam_nla_602665055edr_f0732958ncam00272m1,test_msl,bedrock,iou,,0,0,83469
segformer__scratch__mit-b2__in_rover__seed1416__gpu_full__99146410__git3e52372c__codebebd8b2d__20260717T090304272832Z,msl_ncam_nla_602665055edr_f0732958ncam00272m1,test_msl,sand,iou,,0,0,83469
segformer__scratch__mit-b2__in_rover__seed1416__gpu_full__99146410__git3e52372c__codebebd8b2d__20260717T090304272832Z,msl_ncam_nla_602665055edr_f0732958ncam00272m1,test_msl,big_rock,iou,,0,0,83469
segformer__scratch__mit-b2__in_rover__seed1416__gpu_full__99146410__git3e52372c__codebebd8b2d__20260717T090304272832Z,msl_ncam_nla_602665055edr_f0732958ncam00272m1,test_msl,ALL,pixel_acc,1.0,0,0,83469
segformer__scratch__mit-b2__in_rover__seed1416__gpu_full__99146410__git3e52372c__codebebd8b2d__20260717T090304272832Z,msl_ncam_nla_602665055edr_f0732958ncam00272m1,test_msl,ALL,boundary_f1,1.0,0,0,83469
segformer__scratch__mit-b2__in_rover__seed1416__gpu_full__99146410__git3e52372c__codebebd8b2d__20260717T090304272832Z,msl_ncam_nlb_427501146edr_f0080590ncam00385m1,test_msl,soil,iou,1.0,221229,221229,221229
segformer__scratch__mit-b2__in_rover__seed1416__gpu_full__99146410__git3e52372c__codebebd8b2d__20260717T090304272832Z,msl_ncam_nlb_427501146edr_f0080590ncam00385m1,test_msl,bedrock,iou,,0,0,221229
segformer__scratch__mit-b2__in_rover__seed1416__gpu_full__99146410__git3e52372c__codebebd8b2d__20260717T090304272832Z,msl_ncam_nlb_427501146edr_f0080590ncam00385m1,test_msl,sand,iou,,0,0,221229
segformer__scratch__mit-b2__in_rover__seed1416__gpu_full__99146410__git3e52372c__codebebd8b2d__20260717T090304272832Z,msl_ncam_nlb_427501146edr_f0080590ncam00385m1,test_msl,big_rock,iou,,0,0,221229
segformer__scratch__mit-b2__in_rover__seed1416__gpu_full__99146410__git3e52372c__codebebd8b2d__20260717T090304272832Z,msl_ncam_nlb_427501146edr_f0080590ncam00385m1,test_msl,ALL,pixel_acc,1.0,0,0,221229
segformer__scratch__mit-b2__in_rover__seed1416__gpu_full__99146410__git3e52372c__codebebd8b2d__20260717T090304272832Z,msl_ncam_nlb_427501146edr_f0080590ncam00385m1,test_msl,ALL,boundary_f1,1.0,0,0,221229
segformer__scratch__mit-b2__in_rover__seed1416__gpu_full__99146410__git3e52372c__codebebd8b2d__20260717T090304272832Z,msl_ncam_nlb_427503509edr_f0080610ncam00253m1,test_msl,soil,iou,1.0,91532,91532,91532
segformer__scratch__mit-b2__in_rover__seed1416__gpu_full__99146410__git3e52372c__codebebd8b2d__20260717T090304272832Z,msl_ncam_nlb_427503509edr_f0080610ncam00253m1,test_msl,bedrock,iou,,0,0,91532
segformer__scratch__mit-b2__in_rover__seed1416__gpu_full__99146410__git3e52372c__codebebd8b2d__20260717T090304272832Z,msl_ncam_nlb_427503509edr_f0080610ncam00253m1,test_msl,sand,iou,,0,0,91532
segformer__scratch__mit-b2__in_rover__seed1416__gpu_full__99146410__git3e52372c__codebebd8b2d__20260717T090304272832Z,msl_ncam_nlb_427503509edr_f0080610ncam00253m1,test_msl,big_rock,iou,,0,0,91532
segformer__scratch__mit-b2__in_rover__seed1416__gpu_full__99146410__git3e52372c__codebebd8b2d__20260717T090304272832Z,msl_ncam_nlb_427503509edr_f0080610ncam00253m1,test_msl,ALL,pixel_acc,1.0,0,0,91532
segformer__scratch__mit-b2__in_rover__seed1416__gpu_full__99146410__git3e52372c__codebebd8b2d__20260717T090304272832Z,msl_ncam_nlb_427503509edr_f0080610ncam00253m1,test_msl,ALL,boundary_f1,1.0,0,0,91532
segformer__scratch__mit-b2__in_rover__seed1416__gpu_full__99146410__git3e52372c__codebebd8b2d__20260717T090304272832Z,msl_ncam_nlb_427503571edr_f0080610ncam00253m1,test_msl,soil,iou,1.0,70082,70082,70082
segformer__scratch__mit-b2__in_rover__seed1416__gpu_full__99146410__git3e52372c__codebebd8b2d__20260717T090304272832Z,msl_ncam_nlb_427503571edr_f0080610ncam00253m1,test_msl,bedrock,iou,,0,0,70082
segformer__scratch__mit-b2__in_rover__seed1416__gpu_full__99146410__git3e52372c__codebebd8b2d__20260717T090304272832Z,msl_ncam_nlb_427503571edr_f0080610ncam00253m1,test_msl,sand,iou,,0,0,70082
segformer__scratch__mit-b2__in_rover__seed1416__gpu_full__99146410__git3e52372c__codebebd8b2d__20260717T090304272832Z,msl_ncam_nlb_427503571edr_f0080610ncam00253m1,test_msl,big_rock,iou,,0,0,70082
segformer__scratch__mit-b2__in_rover__seed1416__gpu_full__99146410__git3e52372c__codebebd8b2d__20260717T090304272832Z,msl_ncam_nlb_427503571edr_f0080610ncam00253m1,test_msl,ALL,pixel_acc,1.0,0,0,70082
segformer__scratch__mit-b2__in_rover__seed1416__gpu_full__99146410__git3e52372c__codebebd8b2d__20260717T090304272832Z,msl_ncam_nlb_427503571edr_f0080610ncam00253m1,test_msl,ALL,boundary_f1,1.0,0,0,70082
segformer__scratch__mit-b2__in_rover__seed1416__gpu_full__99146410__git3e52372c__codebebd8b2d__20260717T090304272832Z,msl_ncam_nlb_428295522edr_f0100474ncam00385m1,test_msl,soil,iou,1.0,233287,233287,233287
segformer__scratch__mit-b2__in_rover__seed1416__gpu_full__99146410__git3e52372c__codebebd8b2d__20260717T090304272832Z,msl_ncam_nlb_428295522edr_f0100474ncam00385m1,test_msl,bedrock,iou,,0,0,233287
segformer__scratch__mit-b2__in_rover__seed1416__gpu_full__99146410__git3e52372c__codebebd8b2d__20260717T090304272832Z,msl_ncam_nlb_428295522edr_f0100474ncam00385m1,test_msl,sand,iou,,0,0,233287
segformer__scratch__mit-b2__in_rover__seed1416__gpu_full__99146410__git3e52372c__codebebd8b2d__20260717T090304272832Z,msl_ncam_nlb_428295522edr_f0100474ncam00385m1,test_msl,big_rock,iou,,0,0,233287
segformer__scratch__mit-b2__in_rover__seed1416__gpu_full__99146410__git3e52372c__codebebd8b2d__20260717T090304272832Z,msl_ncam_nlb_428295522edr_f0100474ncam00385m1,test_msl,ALL,pixel_acc,1.0,0,0,233287
segformer__scratch__mit-b2__in_rover__seed1416__gpu_full__99146410__git3e52372c__codebebd8b2d__20260717T090304272832Z,msl_ncam_nlb_428295522edr_f0100474ncam00385m1,test_msl,ALL,boundary_f1,1.0,0,0,233287
segformer__scratch__mit-b2__in_rover__seed1416__gpu_full__99146410__git3e52372c__codebebd8b2d__20260717T090304272832Z,msl_ncam_nlb_428304492edr_f0100508ncam05114m1,test_msl,soil,iou,1.0,88012,88012,88012
segformer__scratch__mit-b2__in_rover__seed1416__gpu_full__99146410__git3e52372c__codebebd8b2d__20260717T090304272832Z,msl_ncam_nlb_428304492edr_f0100508ncam05114m1,test_msl,bedrock,iou,,0,0,88012
segformer__scratch__mit-b2__in_rover__seed1416__gpu_full__99146410__git3e52372c__codebebd8b2d__20260717T090304272832Z,msl_ncam_nlb_428304492edr_f0100508ncam05114m1,test_msl,sand,iou,,0,0,88012
segformer__scratch__mit-b2__in_rover__seed1416__gpu_full__99146410__git3e52372c__codebebd8b2d__20260717T090304272832Z,msl_ncam_nlb_428304492edr_f0100508ncam05114m1,test_msl,big_rock,iou,,0,0,88012
segformer__scratch__mit-b2__in_rover__seed1416__gpu_full__99146410__git3e52372c__codebebd8b2d__20260717T090304272832Z,msl_ncam_nlb_428304492edr_f0100508ncam05114m1,test_msl,ALL,pixel_acc,1.0,0,0,88012
segformer__scratch__mit-b2__in_rover__seed1416__gpu_full__99146410__git3e52372c__codebebd8b2d__20260717T090304272832Z,msl_ncam_nlb_428304492edr_f0100508ncam05114m1,test_msl,ALL,boundary_f1,1.0,0,0,88012
segformer__scratch__mit-b2__in_rover__seed1416__gpu_full__99146410__git3e52372c__codebebd8b2d__20260717T090304272832Z,msl_ncam_nlb_428304547edr_f0100508ncam05114m1,test_msl,soil,iou,,0,0,0
segformer__scratch__mit-b2__in_rover__seed1416__gpu_full__99146410__git3e52372c__codebebd8b2d__20260717T090304272832Z,msl_ncam_nlb_428304547edr_f0100508ncam05114m1,test_msl,bedrock,iou,,0,0,0
segformer__scratch__mit-b2__in_rover__seed1416__gpu_full__99146410__git3e52372c__codebebd8b2d__20260717T090304272832Z,msl_ncam_nlb_428304547edr_f0100508ncam05114m1,test_msl,sand,iou,,0,0,0
segformer__scratch__mit-b2__in_rover__seed1416__gpu_full__99146410__git3e52372c__codebebd8b2d__20260717T090304272832Z,msl_ncam_nlb_428304547edr_f0100508ncam05114m1,test_msl,big_rock,iou,,0,0,0
segformer__scratch__mit-b2__in_rover__seed1416__gpu_full__99146410__git3e52372c__codebebd8b2d__20260717T090304272832Z,msl_ncam_nlb_428304547edr_f0100508ncam05114m1,test_msl,ALL,pixel_acc,,0,0,0
segformer__scratch__mit-b2__in_rover__seed1416__gpu_full__99146410__git3e52372c__codebebd8b2d__20260717T090304272832Z,msl_ncam_nlb_428304547edr_f0100508ncam05114m1,test_msl,ALL,boundary_f1,,0,0,0
segformer__scratch__mit-b2__in_rover__seed1416__gpu_full__99146410__git3e52372c__codebebd8b2d__20260717T090304272832Z,msl_ncam_nlb_428304609edr_f0100508ncam05114m1,test_msl,soil,iou,1.0,179511,179511,181034
segformer__scratch__mit-b2__in_rover__seed1416__gpu_full__99146410__git3e52372c__codebebd8b2d__20260717T090304272832Z,msl_ncam_nlb_428304609edr_f0100508ncam05114m1,test_msl,bedrock,iou,,0,0,181034
segformer__scratch__mit-b2__in_rover__seed1416__gpu_full__99146410__git3e52372c__codebebd8b2d__20260717T090304272832Z,msl_ncam_nlb_428304609edr_f0100508ncam05114m1,test_msl,sand,iou,,0,0,181034
segformer__scratch__mit-b2__in_rover__seed1416__gpu_full__99146410__git3e52372c__codebebd8b2d__20260717T090304272832Z,msl_ncam_nlb_428304609edr_f0100508ncam05114m1,test_msl,big_rock,iou,1.0,1523,1523,181034
segformer__scratch__mit-b2__in_rover__seed1416__gpu_full__99146410__git3e52372c__codebebd8b2d__20260717T090304272832Z,msl_ncam_nlb_428304609edr_f0100508ncam05114m1,test_msl,ALL,pixel_acc,1.0,0,0,181034
segformer__scratch__mit-b2__in_rover__seed1416__gpu_full__99146410__git3e52372c__codebebd8b2d__20260717T090304272832Z,msl_ncam_nlb_428304609edr_f0100508ncam05114m1,test_msl,ALL,boundary_f1,1.0,0,0,181034
segformer__scratch__mit-b2__in_rover__seed1416__gpu_full__99146410__git3e52372c__codebebd8b2d__20260717T090304272832Z,msl_ncam_nlb_431505395edr_f0141388ncam00385m1,test_msl,soil,iou,1.0,184315,184315,184315
segformer__scratch__mit-b2__in_rover__seed1416__gpu_full__99146410__git3e52372c__codebebd8b2d__20260717T090304272832Z,msl_ncam_nlb_431505395edr_f0141388ncam00385m1,test_msl,bedrock,iou,,0,0,184315
segformer__scratch__mit-b2__in_rover__seed1416__gpu_full__99146410__git3e52372c__codebebd8b2d__20260717T090304272832Z,msl_ncam_nlb_431505395edr_f0141388ncam00385m1,test_msl,sand,iou,,0,0,184315
segformer__scratch__mit-b2__in_rover__seed1416__gpu_full__99146410__git3e52372c__codebebd8b2d__20260717T090304272832Z,msl_ncam_nlb_431505395edr_f0141388ncam00385m1,test_msl,big_rock,iou,,0,0,184315
segformer__scratch__mit-b2__in_rover__seed1416__gpu_full__99146410__git3e52372c__codebebd8b2d__20260717T090304272832Z,msl_ncam_nlb_431505395edr_f0141388ncam00385m1,test_msl,ALL,pixel_acc,1.0,0,0,184315
segformer__scratch__mit-b2__in_rover__seed1416__gpu_full__99146410__git3e52372c__codebebd8b2d__20260717T090304272832Z,msl_ncam_nlb_431505395edr_f0141388ncam00385m1,test_msl,ALL,boundary_f1,1.0,0,0,184315
segformer__scratch__mit-b2__in_rover__seed1416__gpu_full__99146410__git3e52372c__codebebd8b2d__20260717T090304272832Z,msl_ncam_nlb_431511171edr_f0150000ncam00290m1,test_msl,soil,iou,1.0,93104,93104,93104
segformer__scratch__mit-b2__in_rover__seed1416__gpu_full__99146410__git3e52372c__codebebd8b2d__20260717T090304272832Z,msl_ncam_nlb_431511171edr_f0150000ncam00290m1,test_msl,bedrock,iou,,0,0,93104
segformer__scratch__mit-b2__in_rover__seed1416__gpu_full__99146410__git3e52372c__codebebd8b2d__20260717T090304272832Z,msl_ncam_nlb_431511171edr_f0150000ncam00290m1,test_msl,sand,iou,,0,0,93104
segformer__scratch__mit-b2__in_rover__seed1416__gpu_full__99146410__git3e52372c__codebebd8b2d__20260717T090304272832Z,msl_ncam_nlb_431511171edr_f0150000ncam00290m1,test_msl,big_rock,iou,,0,0,93104
segformer__scratch__mit-b2__in_rover__seed1416__gpu_full__99146410__git3e52372c__codebebd8b2d__20260717T090304272832Z,msl_ncam_nlb_431511171edr_f0150000ncam00290m1,test_msl,ALL,pixel_acc,1.0,0,0,93104
segformer__scratch__mit-b2__in_rover__seed1416__gpu_full__99146410__git3e52372c__codebebd8b2d__20260717T090304272832Z,msl_ncam_nlb_431511171edr_f0150000ncam00290m1,test_msl,ALL,boundary_f1,1.0,0,0,93104
segformer__scratch__mit-b2__in_rover__seed1416__gpu_full__99146410__git3e52372c__codebebd8b2d__20260717T090304272832Z,msl_ncam_nlb_431511237edr_f0150000ncam00290m1,test_msl,soil,iou,1.0,137132,137132,137132
segformer__scratch__mit-b2__in_rover__seed1416__gpu_full__99146410__git3e52372c__codebebd8b2d__20260717T090304272832Z,msl_ncam_nlb_431511237edr_f0150000ncam00290m1,test_msl,bedrock,iou,,0,0,137132
segformer__scratch__mit-b2__in_rover__seed1416__gpu_full__99146410__git3e52372c__codebebd8b2d__20260717T090304272832Z,msl_ncam_nlb_431511237edr_f0150000ncam00290m1,test_msl,sand,iou,,0,0,137132
segformer__scratch__mit-b2__in_rover__seed1416__gpu_full__99146410__git3e52372c__codebebd8b2d__20260717T090304272832Z,msl_ncam_nlb_431511237edr_f0150000ncam00290m1,test_msl,big_rock,iou,,0,0,137132
segformer__scratch__mit-b2__in_rover__seed1416__gpu_full__99146410__git3e52372c__codebebd8b2d__20260717T090304272832Z,msl_ncam_nlb_431511237edr_f0150000ncam00290m1,test_msl,ALL,pixel_acc,1.0,0,0,137132
segformer__scratch__mit-b2__in_rover__seed1416__gpu_full__99146410__git3e52372c__codebebd8b2d__20260717T090304272832Z,msl_ncam_nlb_431511237edr_f0150000ncam00290m1,test_msl,ALL,boundary_f1,1.0,0,0,137132
segformer__scratch__mit-b2__in_rover__seed1416__gpu_full__99146410__git3e52372c__codebebd8b2d__20260717T090304272832Z,msl_ncam_nlb_431511659edr_f0150000ncam00291m1,test_msl,soil,iou,1.0,196725,196725,196725
segformer__scratch__mit-b2__in_rover__seed1416__gpu_full__99146410__git3e52372c__codebebd8b2d__20260717T090304272832Z,msl_ncam_nlb_431511659edr_f0150000ncam00291m1,test_msl,bedrock,iou,,0,0,196725
segformer__scratch__mit-b2__in_rover__seed1416__gpu_full__99146410__git3e52372c__codebebd8b2d__20260717T090304272832Z,msl_ncam_nlb_431511659edr_f0150000ncam00291m1,test_msl,sand,iou,,0,0,196725
segformer__scratch__mit-b2__in_rover__seed1416__gpu_full__99146410__git3e52372c__codebebd8b2d__20260717T090304272832Z,msl_ncam_nlb_431511659edr_f0150000ncam00291m1,test_msl,big_rock,iou,,0,0,196725
segformer__scratch__mit-b2__in_rover__seed1416__gpu_full__99146410__git3e52372c__codebebd8b2d__20260717T090304272832Z,msl_ncam_nlb_431511659edr_f0150000ncam00291m1,test_msl,ALL,pixel_acc,1.0,0,0,196725
segformer__scratch__mit-b2__in_rover__seed1416__gpu_full__99146410__git3e52372c__codebebd8b2d__20260717T090304272832Z,msl_ncam_nlb_431511659edr_f0150000ncam00291m1,test_msl,ALL,boundary_f1,1.0,0,0,196725
segformer__scratch__mit-b2__in_rover__seed1416__gpu_full__99146410__git3e52372c__codebebd8b2d__20260717T090304272832Z,msl_ncam_nlb_431511807edr_f0150000ncam00291m1,test_msl,soil,iou,,0,0,0
segformer__scratch__mit-b2__in_rover__seed1416__gpu_full__99146410__git3e52372c__codebebd8b2d__20260717T090304272832Z,msl_ncam_nlb_431511807edr_f0150000ncam00291m1,test_msl,bedrock,iou,,0,0,0
segformer__scratch__mit-b2__in_rover__seed1416__gpu_full__99146410__git3e52372c__codebebd8b2d__20260717T090304272832Z,msl_ncam_nlb_431511807edr_f0150000ncam00291m1,test_msl,sand,iou,,0,0,0
segformer__scratch__mit-b2__in_rover__seed1416__gpu_full__99146410__git3e52372c__codebebd8b2d__20260717T090304272832Z,msl_ncam_nlb_431511807edr_f0150000ncam00291m1,test_msl,big_rock,iou,,0,0,0
segformer__scratch__mit-b2__in_rover__seed1416__gpu_full__99146410__git3e52372c__codebebd8b2d__20260717T090304272832Z,msl_ncam_nlb_431511807edr_f0150000ncam00291m1,test_msl,ALL,pixel_acc,,0,0,0
segformer__scratch__mit-b2__in_rover__seed1416__gpu_full__99146410__git3e52372c__codebebd8b2d__20260717T090304272832Z,msl_ncam_nlb_431511807edr_f0150000ncam00291m1,test_msl,ALL,boundary_f1,,0,0,0
segformer__scratch__mit-b2__in_rover__seed1416__gpu_full__99146410__git3e52372c__codebebd8b2d__20260717T090304272832Z,msl_ncam_nlb_431511862edr_f0150000ncam00354m1,test_msl,soil,iou,1.0,215849,215849,215849
segformer__scratch__mit-b2__in_rover__seed1416__gpu_full__99146410__git3e52372c__codebebd8b2d__20260717T090304272832Z,msl_ncam_nlb_431511862edr_f0150000ncam00354m1,test_msl,bedrock,iou,,0,0,215849
segformer__scratch__mit-b2__in_rover__seed1416__gpu_full__99146410__git3e52372c__codebebd8b2d__20260717T090304272832Z,msl_ncam_nlb_431511862edr_f0150000ncam00354m1,test_msl,sand,iou,,0,0,215849
segformer__scratch__mit-b2__in_rover__seed1416__gpu_full__99146410__git3e52372c__codebebd8b2d__20260717T090304272832Z,msl_ncam_nlb_431511862edr_f0150000ncam00354m1,test_msl,big_rock,iou,,0,0,215849
segformer__scratch__mit-b2__in_rover__seed1416__gpu_full__99146410__git3e52372c__codebebd8b2d__20260717T090304272832Z,msl_ncam_nlb_431511862edr_f0150000ncam00354m1,test_msl,ALL,pixel_acc,1.0,0,0,215849
segformer__scratch__mit-b2__in_rover__seed1416__gpu_full__99146410__git3e52372c__codebebd8b2d__20260717T090304272832Z,msl_ncam_nlb_431511862edr_f0150000ncam00354m1,test_msl,ALL,boundary_f1,1.0,0,0,215849
segformer__scratch__mit-b2__in_rover__seed1416__gpu_full__99146410__git3e52372c__codebebd8b2d__20260717T090304272832Z,msl_ncam_nlb_436380021edr_f0211362ncam00278m1,test_msl,soil,iou,1.0,86938,86938,86938
segformer__scratch__mit-b2__in_rover__seed1416__gpu_full__99146410__git3e52372c__codebebd8b2d__20260717T090304272832Z,msl_ncam_nlb_436380021edr_f0211362ncam00278m1,test_msl,bedrock,iou,,0,0,86938
segformer__scratch__mit-b2__in_rover__seed1416__gpu_full__99146410__git3e52372c__codebebd8b2d__20260717T090304272832Z,msl_ncam_nlb_436380021edr_f0211362ncam00278m1,test_msl,sand,iou,,0,0,86938
segformer__scratch__mit-b2__in_rover__seed1416__gpu_full__99146410__git3e52372c__codebebd8b2d__20260717T090304272832Z,msl_ncam_nlb_436380021edr_f0211362ncam00278m1,test_msl,big_rock,iou,,0,0,86938
segformer__scratch__mit-b2__in_rover__seed1416__gpu_full__99146410__git3e52372c__codebebd8b2d__20260717T090304272832Z,msl_ncam_nlb_436380021edr_f0211362ncam00278m1,test_msl,ALL,pixel_acc,1.0,0,0,86938
segformer__scratch__mit-b2__in_rover__seed1416__gpu_full__99146410__git3e52372c__codebebd8b2d__20260717T090304272832Z,msl_ncam_nlb_436380021edr_f0211362ncam00278m1,test_msl,ALL,boundary_f1,1.0,0,0,86938
segformer__scratch__mit-b2__in_rover__seed1416__gpu_full__99146410__git3e52372c__codebebd8b2d__20260717T090304272832Z,msl_ncam_nlb_436380133edr_f0211362ncam00278m1,test_msl,soil,iou,0.5198648712946662,10926,21017,32983
segformer__scratch__mit-b2__in_rover__seed1416__gpu_full__99146410__git3e52372c__codebebd8b2d__20260717T090304272832Z,msl_ncam_nlb_436380133edr_f0211362ncam00278m1,test_msl,bedrock,iou,0.5425035136237929,11966,22057,32983
segformer__scratch__mit-b2__in_rover__seed1416__gpu_full__99146410__git3e52372c__codebebd8b2d__20260717T090304272832Z,msl_ncam_nlb_436380133edr_f0211362ncam00278m1,test_msl,sand,iou,,0,0,32983
segformer__scratch__mit-b2__in_rover__seed1416__gpu_full__99146410__git3e52372c__codebebd8b2d__20260717T090304272832Z,msl_ncam_nlb_436380133edr_f0211362ncam00278m1,test_msl,big_rock,iou,,0,0,32983
segformer__scratch__mit-b2__in_rover__seed1416__gpu_full__99146410__git3e52372c__codebebd8b2d__20260717T090304272832Z,msl_ncam_nlb_436380133edr_f0211362ncam00278m1,test_msl,ALL,pixel_acc,0.6940545129309038,0,0,32983
segformer__scratch__mit-b2__in_rover__seed1416__gpu_full__99146410__git3e52372c__codebebd8b2d__20260717T090304272832Z,msl_ncam_nlb_436380133edr_f0211362ncam00278m1,test_msl,ALL,boundary_f1,0.4290505310993057,0,0,32983
segformer__scratch__mit-b2__in_rover__seed1416__gpu_full__99146410__git3e52372c__codebebd8b2d__20260717T090304272832Z,msl_ncam_nlb_436383872edr_f0211362ncam00354m1,test_msl,soil,iou,0.2782234396399922,2844,10222,31991
segformer__scratch__mit-b2__in_rover__seed1416__gpu_full__99146410__git3e52372c__codebebd8b2d__20260717T090304272832Z,msl_ncam_nlb_436383872edr_f0211362ncam00354m1,test_msl,bedrock,iou,0.7468693175970083,21769,29147,31991
segformer__scratch__mit-b2__in_rover__seed1416__gpu_full__99146410__git3e52372c__codebebd8b2d__20260717T090304272832Z,msl_ncam_nlb_436383872edr_f0211362ncam00354m1,test_msl,sand,iou,,0,0,31991
segformer__scratch__mit-b2__in_rover__seed1416__gpu_full__99146410__git3e52372c__codebebd8b2d__20260717T090304272832Z,msl_ncam_nlb_436383872edr_f0211362ncam00354m1,test_msl,big_rock,iou,,0,0,31991
segformer__scratch__mit-b2__in_rover__seed1416__gpu_full__99146410__git3e52372c__codebebd8b2d__20260717T090304272832Z,msl_ncam_nlb_436383872edr_f0211362ncam00354m1,test_msl,ALL,pixel_acc,0.7693726360538902,0,0,31991
segformer__scratch__mit-b2__in_rover__seed1416__gpu_full__99146410__git3e52372c__codebebd8b2d__20260717T090304272832Z,msl_ncam_nlb_436383872edr_f0211362ncam00354m1,test_msl,ALL,boundary_f1,0.5040378937573285,0,0,31991
segformer__scratch__mit-b2__in_rover__seed1416__gpu_full__99146410__git3e52372c__codebebd8b2d__20260717T090304272832Z,msl_ncam_nlb_436383928edr_f0211362ncam00354m1,test_msl,soil,iou,,0,0,58335
segformer__scratch__mit-b2__in_rover__seed1416__gpu_full__99146410__git3e52372c__codebebd8b2d__20260717T090304272832Z,msl_ncam_nlb_436383928edr_f0211362ncam00354m1,test_msl,bedrock,iou,1.0,58335,58335,58335
segformer__scratch__mit-b2__in_rover__seed1416__gpu_full__99146410__git3e52372c__codebebd8b2d__20260717T090304272832Z,msl_ncam_nlb_436383928edr_f0211362ncam00354m1,test_msl,sand,iou,,0,0,58335
segformer__scratch__mit-b2__in_rover__seed1416__gpu_full__99146410__git3e52372c__codebebd8b2d__20260717T090304272832Z,msl_ncam_nlb_436383928edr_f0211362ncam00354m1,test_msl,big_rock,iou,,0,0,58335
segformer__scratch__mit-b2__in_rover__seed1416__gpu_full__99146410__git3e52372c__codebebd8b2d__20260717T090304272832Z,msl_ncam_nlb_436383928edr_f0211362ncam00354m1,test_msl,ALL,pixel_acc,1.0,0,0,58335
segformer__scratch__mit-b2__in_rover__seed1416__gpu_full__99146410__git3e52372c__codebebd8b2d__20260717T090304272832Z,msl_ncam_nlb_436383928edr_f0211362ncam00354m1,test_msl,ALL,boundary_f1,1.0,0,0,58335
segformer__scratch__mit-b2__in_rover__seed1416__gpu_full__99146410__git3e52372c__codebebd8b2d__20260717T090304272832Z,msl_ncam_nlb_436384026edr_f0211362ncam00279m1,test_msl,soil,iou,0.8860564329017289,59193,66805,164119
segformer__scratch__mit-b2__in_rover__seed1416__gpu_full__99146410__git3e52372c__codebebd8b2d__20260717T090304272832Z,msl_ncam_nlb_436384026edr_f0211362ncam00279m1,test_msl,bedrock,iou,0.927453633989669,97314,104926,164119
segformer__scratch__mit-b2__in_rover__seed1416__gpu_full__99146410__git3e52372c__codebebd8b2d__20260717T090304272832Z,msl_ncam_nlb_436384026edr_f0211362ncam00279m1,test_msl,sand,iou,,0,0,164119
segformer__scratch__mit-b2__in_rover__seed1416__gpu_full__99146410__git3e52372c__codebebd8b2d__20260717T090304272832Z,msl_ncam_nlb_436384026edr_f0211362ncam00279m1,test_msl,big_rock,iou,,0,0,164119
segformer__scratch__mit-b2__in_rover__seed1416__gpu_full__99146410__git3e52372c__codebebd8b2d__20260717T090304272832Z,msl_ncam_nlb_436384026edr_f0211362ncam00279m1,test_msl,ALL,pixel_acc,0.9536190203449936,0,0,164119
segformer__scratch__mit-b2__in_rover__seed1416__gpu_full__99146410__git3e52372c__codebebd8b2d__20260717T090304272832Z,msl_ncam_nlb_436384026edr_f0211362ncam00279m1,test_msl,ALL,boundary_f1,0.7204647903693135,0,0,164119
segformer__scratch__mit-b2__in_rover__seed1416__gpu_full__99146410__git3e52372c__codebebd8b2d__20260717T090304272832Z,msl_ncam_nlb_436384140edr_f0211362ncam00279m1,test_msl,soil,iou,,0,0,0
segformer__scratch__mit-b2__in_rover__seed1416__gpu_full__99146410__git3e52372c__codebebd8b2d__20260717T090304272832Z,msl_ncam_nlb_436384140edr_f0211362ncam00279m1,test_msl,bedrock,iou,,0,0,0
segformer__scratch__mit-b2__in_rover__seed1416__gpu_full__99146410__git3e52372c__codebebd8b2d__20260717T090304272832Z,msl_ncam_nlb_436384140edr_f0211362ncam00279m1,test_msl,sand,iou,,0,0,0
segformer__scratch__mit-b2__in_rover__seed1416__gpu_full__99146410__git3e52372c__codebebd8b2d__20260717T090304272832Z,msl_ncam_nlb_436384140edr_f0211362ncam00279m1,test_msl,big_rock,iou,,0,0,0
segformer__scratch__mit-b2__in_rover__seed1416__gpu_full__99146410__git3e52372c__codebebd8b2d__20260717T090304272832Z,msl_ncam_nlb_436384140edr_f0211362ncam00279m1,test_msl,ALL,pixel_acc,,0,0,0
segformer__scratch__mit-b2__in_rover__seed1416__gpu_full__99146410__git3e52372c__codebebd8b2d__20260717T090304272832Z,msl_ncam_nlb_436384140edr_f0211362ncam00279m1,test_msl,ALL,boundary_f1,,0,0,0
segformer__scratch__mit-b2__in_rover__seed1416__gpu_full__99146410__git3e52372c__codebebd8b2d__20260717T090304272832Z,msl_ncam_nlb_436384203edr_f0211362ncam00279m1,test_msl,soil,iou,0.998472116119175,5228,5236,14096
segformer__scratch__mit-b2__in_rover__seed1416__gpu_full__99146410__git3e52372c__codebebd8b2d__20260717T090304272832Z,msl_ncam_nlb_436384203edr_f0211362ncam00279m1,test_msl,bedrock,iou,0.9990978800180425,8860,8868,14096
segformer__scratch__mit-b2__in_rover__seed1416__gpu_full__99146410__git3e52372c__codebebd8b2d__20260717T090304272832Z,msl_ncam_nlb_436384203edr_f0211362ncam00279m1,test_msl,sand,iou,,0,0,14096
segformer__scratch__mit-b2__in_rover__seed1416__gpu_full__99146410__git3e52372c__codebebd8b2d__20260717T090304272832Z,msl_ncam_nlb_436384203edr_f0211362ncam00279m1,test_msl,big_rock,iou,,0,0,14096
segformer__scratch__mit-b2__in_rover__seed1416__gpu_full__99146410__git3e52372c__codebebd8b2d__20260717T090304272832Z,msl_ncam_nlb_436384203edr_f0211362ncam00279m1,test_msl,ALL,pixel_acc,0.9994324631101021,0,0,14096
segformer__scratch__mit-b2__in_rover__seed1416__gpu_full__99146410__git3e52372c__codebebd8b2d__20260717T090304272832Z,msl_ncam_nlb_436384203edr_f0211362ncam00279m1,test_msl,ALL,boundary_f1,0.9893762524941676,0,0,14096
segformer__scratch__mit-b2__in_rover__seed1416__gpu_full__99146410__git3e52372c__codebebd8b2d__20260717T090304272832Z,msl_ncam_nlb_439225105edr_f0240000ncam00346m1,test_msl,soil,iou,,0,0,0
segformer__scratch__mit-b2__in_rover__seed1416__gpu_full__99146410__git3e52372c__codebebd8b2d__20260717T090304272832Z,msl_ncam_nlb_439225105edr_f0240000ncam00346m1,test_msl,bedrock,iou,,0,0,0
segformer__scratch__mit-b2__in_rover__seed1416__gpu_full__99146410__git3e52372c__codebebd8b2d__20260717T090304272832Z,msl_ncam_nlb_439225105edr_f0240000ncam00346m1,test_msl,sand,iou,,0,0,0
segformer__scratch__mit-b2__in_rover__seed1416__gpu_full__99146410__git3e52372c__codebebd8b2d__20260717T090304272832Z,msl_ncam_nlb_439225105edr_f0240000ncam00346m1,test_msl,big_rock,iou,,0,0,0
segformer__scratch__mit-b2__in_rover__seed1416__gpu_full__99146410__git3e52372c__codebebd8b2d__20260717T090304272832Z,msl_ncam_nlb_439225105edr_f0240000ncam00346m1,test_msl,ALL,pixel_acc,,0,0,0
segformer__scratch__mit-b2__in_rover__seed1416__gpu_full__99146410__git3e52372c__codebebd8b2d__20260717T090304272832Z,msl_ncam_nlb_439225105edr_f0240000ncam00346m1,test_msl,ALL,boundary_f1,,0,0,0
segformer__scratch__mit-b2__in_rover__seed1416__gpu_full__99146410__git3e52372c__codebebd8b2d__20260717T090304272832Z,msl_ncam_nlb_439225164edr_f0240000ncam05113m1,test_msl,soil,iou,0.8936157024793389,86502,96800,96800
segformer__scratch__mit-b2__in_rover__seed1416__gpu_full__99146410__git3e52372c__codebebd8b2d__20260717T090304272832Z,msl_ncam_nlb_439225164edr_f0240000ncam05113m1,test_msl,bedrock,iou,0.0,0,10298,96800
segformer__scratch__mit-b2__in_rover__seed1416__gpu_full__99146410__git3e52372c__codebebd8b2d__20260717T090304272832Z,msl_ncam_nlb_439225164edr_f0240000ncam05113m1,test_msl,sand,iou,,0,0,96800
segformer__scratch__mit-b2__in_rover__seed1416__gpu_full__99146410__git3e52372c__codebebd8b2d__20260717T090304272832Z,msl_ncam_nlb_439225164edr_f0240000ncam05113m1,test_msl,big_rock,iou,,0,0,96800
segformer__scratch__mit-b2__in_rover__seed1416__gpu_full__99146410__git3e52372c__codebebd8b2d__20260717T090304272832Z,msl_ncam_nlb_439225164edr_f0240000ncam05113m1,test_msl,ALL,pixel_acc,0.8936157024793389,0,0,96800
segformer__scratch__mit-b2__in_rover__seed1416__gpu_full__99146410__git3e52372c__codebebd8b2d__20260717T090304272832Z,msl_ncam_nlb_439225164edr_f0240000ncam05113m1,test_msl,ALL,boundary_f1,0.37939988459319096,0,0,96800
segformer__scratch__mit-b2__in_rover__seed1416__gpu_full__99146410__git3e52372c__codebebd8b2d__20260717T090304272832Z,msl_ncam_nlb_439225290edr_f0240000ncam05113m1,test_msl,soil,iou,1.0,8548,8548,8548
segformer__scratch__mit-b2__in_rover__seed1416__gpu_full__99146410__git3e52372c__codebebd8b2d__20260717T090304272832Z,msl_ncam_nlb_439225290edr_f0240000ncam05113m1,test_msl,bedrock,iou,,0,0,8548
segformer__scratch__mit-b2__in_rover__seed1416__gpu_full__99146410__git3e52372c__codebebd8b2d__20260717T090304272832Z,msl_ncam_nlb_439225290edr_f0240000ncam05113m1,test_msl,sand,iou,,0,0,8548
segformer__scratch__mit-b2__in_rover__seed1416__gpu_full__99146410__git3e52372c__codebebd8b2d__20260717T090304272832Z,msl_ncam_nlb_439225290edr_f0240000ncam05113m1,test_msl,big_rock,iou,,0,0,8548
segformer__scratch__mit-b2__in_rover__seed1416__gpu_full__99146410__git3e52372c__codebebd8b2d__20260717T090304272832Z,msl_ncam_nlb_439225290edr_f0240000ncam05113m1,test_msl,ALL,pixel_acc,1.0,0,0,8548
segformer__scratch__mit-b2__in_rover__seed1416__gpu_full__99146410__git3e52372c__codebebd8b2d__20260717T090304272832Z,msl_ncam_nlb_439225290edr_f0240000ncam05113m1,test_msl,ALL,boundary_f1,1.0,0,0,8548
segformer__scratch__mit-b2__in_rover__seed1416__gpu_full__99146410__git3e52372c__codebebd8b2d__20260717T090304272832Z,msl_ncam_nlb_439225843edr_f0240000ncam00267m1,test_msl,soil,iou,1.0,59790,59790,59790
segformer__scratch__mit-b2__in_rover__seed1416__gpu_full__99146410__git3e52372c__codebebd8b2d__20260717T090304272832Z,msl_ncam_nlb_439225843edr_f0240000ncam00267m1,test_msl,bedrock,iou,,0,0,59790
segformer__scratch__mit-b2__in_rover__seed1416__gpu_full__99146410__git3e52372c__codebebd8b2d__20260717T090304272832Z,msl_ncam_nlb_439225843edr_f0240000ncam00267m1,test_msl,sand,iou,,0,0,59790
segformer__scratch__mit-b2__in_rover__seed1416__gpu_full__99146410__git3e52372c__codebebd8b2d__20260717T090304272832Z,msl_ncam_nlb_439225843edr_f0240000ncam00267m1,test_msl,big_rock,iou,,0,0,59790
segformer__scratch__mit-b2__in_rover__seed1416__gpu_full__99146410__git3e52372c__codebebd8b2d__20260717T090304272832Z,msl_ncam_nlb_439225843edr_f0240000ncam00267m1,test_msl,ALL,pixel_acc,1.0,0,0,59790
segformer__scratch__mit-b2__in_rover__seed1416__gpu_full__99146410__git3e52372c__codebebd8b2d__20260717T090304272832Z,msl_ncam_nlb_439225843edr_f0240000ncam00267m1,test_msl,ALL,boundary_f1,1.0,0,0,59790
segformer__scratch__mit-b2__in_rover__seed1416__gpu_full__99146410__git3e52372c__codebebd8b2d__20260717T090304272832Z,msl_ncam_nlb_439225957edr_f0240000ncam00267m1,test_msl,soil,iou,1.0,32088,32088,32088
segformer__scratch__mit-b2__in_rover__seed1416__gpu_full__99146410__git3e52372c__codebebd8b2d__20260717T090304272832Z,msl_ncam_nlb_439225957edr_f0240000ncam00267m1,test_msl,bedrock,iou,,0,0,32088
segformer__scratch__mit-b2__in_rover__seed1416__gpu_full__99146410__git3e52372c__codebebd8b2d__20260717T090304272832Z,msl_ncam_nlb_439225957edr_f0240000ncam00267m1,test_msl,sand,iou,,0,0,32088
segformer__scratch__mit-b2__in_rover__seed1416__gpu_full__99146410__git3e52372c__codebebd8b2d__20260717T090304272832Z,msl_ncam_nlb_439225957edr_f0240000ncam00267m1,test_msl,big_rock,iou,,0,0,32088
segformer__scratch__mit-b2__in_rover__seed1416__gpu_full__99146410__git3e52372c__codebebd8b2d__20260717T090304272832Z,msl_ncam_nlb_439225957edr_f0240000ncam00267m1,test_msl,ALL,pixel_acc,1.0,0,0,32088
segformer__scratch__mit-b2__in_rover__seed1416__gpu_full__99146410__git3e52372c__codebebd8b2d__20260717T090304272832Z,msl_ncam_nlb_439225957edr_f0240000ncam00267m1,test_msl,ALL,boundary_f1,1.0,0,0,32088
segformer__scratch__mit-b2__in_rover__seed1416__gpu_full__99146410__git3e52372c__codebebd8b2d__20260717T090304272832Z,msl_ncam_nlb_439226019edr_f0240000ncam00267m1,test_msl,soil,iou,1.0,11757,11757,11757
segformer__scratch__mit-b2__in_rover__seed1416__gpu_full__99146410__git3e52372c__codebebd8b2d__20260717T090304272832Z,msl_ncam_nlb_439226019edr_f0240000ncam00267m1,test_msl,bedrock,iou,,0,0,11757
segformer__scratch__mit-b2__in_rover__seed1416__gpu_full__99146410__git3e52372c__codebebd8b2d__20260717T090304272832Z,msl_ncam_nlb_439226019edr_f0240000ncam00267m1,test_msl,sand,iou,,0,0,11757
segformer__scratch__mit-b2__in_rover__seed1416__gpu_full__99146410__git3e52372c__codebebd8b2d__20260717T090304272832Z,msl_ncam_nlb_439226019edr_f0240000ncam00267m1,test_msl,big_rock,iou,,0,0,11757
segformer__scratch__mit-b2__in_rover__seed1416__gpu_full__99146410__git3e52372c__codebebd8b2d__20260717T090304272832Z,msl_ncam_nlb_439226019edr_f0240000ncam00267m1,test_msl,ALL,pixel_acc,1.0,0,0,11757
segformer__scratch__mit-b2__in_rover__seed1416__gpu_full__99146410__git3e52372c__codebebd8b2d__20260717T090304272832Z,msl_ncam_nlb_439226019edr_f0240000ncam00267m1,test_msl,ALL,boundary_f1,1.0,0,0,11757
segformer__scratch__mit-b2__in_rover__seed1416__gpu_full__99146410__git3e52372c__codebebd8b2d__20260717T090304272832Z,msl_ncam_nlb_439226061edr_f0240000ncam00350m1,test_msl,soil,iou,1.0,23535,23535,23535
segformer__scratch__mit-b2__in_rover__seed1416__gpu_full__99146410__git3e52372c__codebebd8b2d__20260717T090304272832Z,msl_ncam_nlb_439226061edr_f0240000ncam00350m1,test_msl,bedrock,iou,,0,0,23535
segformer__scratch__mit-b2__in_rover__seed1416__gpu_full__99146410__git3e52372c__codebebd8b2d__20260717T090304272832Z,msl_ncam_nlb_439226061edr_f0240000ncam00350m1,test_msl,sand,iou,,0,0,23535
segformer__scratch__mit-b2__in_rover__seed1416__gpu_full__99146410__git3e52372c__codebebd8b2d__20260717T090304272832Z,msl_ncam_nlb_439226061edr_f0240000ncam00350m1,test_msl,big_rock,iou,,0,0,23535
segformer__scratch__mit-b2__in_rover__seed1416__gpu_full__99146410__git3e52372c__codebebd8b2d__20260717T090304272832Z,msl_ncam_nlb_439226061edr_f0240000ncam00350m1,test_msl,ALL,pixel_acc,1.0,0,0,23535
segformer__scratch__mit-b2__in_rover__seed1416__gpu_full__99146410__git3e52372c__codebebd8b2d__20260717T090304272832Z,msl_ncam_nlb_439226061edr_f0240000ncam00350m1,test_msl,ALL,boundary_f1,1.0,0,0,23535
segformer__scratch__mit-b2__in_rover__seed1416__gpu_full__99146410__git3e52372c__codebebd8b2d__20260717T090304272832Z,msl_ncam_nlb_439226140edr_f0240000ncam00350m1,test_msl,soil,iou,1.0,178948,178948,178948
segformer__scratch__mit-b2__in_rover__seed1416__gpu_full__99146410__git3e52372c__codebebd8b2d__20260717T090304272832Z,msl_ncam_nlb_439226140edr_f0240000ncam00350m1,test_msl,bedrock,iou,,0,0,178948
segformer__scratch__mit-b2__in_rover__seed1416__gpu_full__99146410__git3e52372c__codebebd8b2d__20260717T090304272832Z,msl_ncam_nlb_439226140edr_f0240000ncam00350m1,test_msl,sand,iou,,0,0,178948
segformer__scratch__mit-b2__in_rover__seed1416__gpu_full__99146410__git3e52372c__codebebd8b2d__20260717T090304272832Z,msl_ncam_nlb_439226140edr_f0240000ncam00350m1,test_msl,big_rock,iou,,0,0,178948
segformer__scratch__mit-b2__in_rover__seed1416__gpu_full__99146410__git3e52372c__codebebd8b2d__20260717T090304272832Z,msl_ncam_nlb_439226140edr_f0240000ncam00350m1,test_msl,ALL,pixel_acc,1.0,0,0,178948
segformer__scratch__mit-b2__in_rover__seed1416__gpu_full__99146410__git3e52372c__codebebd8b2d__20260717T090304272832Z,msl_ncam_nlb_439226140edr_f0240000ncam00350m1,test_msl,ALL,boundary_f1,1.0,0,0,178948
segformer__scratch__mit-b2__in_rover__seed1416__gpu_full__99146410__git3e52372c__codebebd8b2d__20260717T090304272832Z,msl_ncam_nlb_442591818edr_f0250254ncam00470m1,test_msl,soil,iou,1.0,18461,18461,18461
segformer__scratch__mit-b2__in_rover__seed1416__gpu_full__99146410__git3e52372c__codebebd8b2d__20260717T090304272832Z,msl_ncam_nlb_442591818edr_f0250254ncam00470m1,test_msl,bedrock,iou,,0,0,18461
segformer__scratch__mit-b2__in_rover__seed1416__gpu_full__99146410__git3e52372c__codebebd8b2d__20260717T090304272832Z,msl_ncam_nlb_442591818edr_f0250254ncam00470m1,test_msl,sand,iou,,0,0,18461
segformer__scratch__mit-b2__in_rover__seed1416__gpu_full__99146410__git3e52372c__codebebd8b2d__20260717T090304272832Z,msl_ncam_nlb_442591818edr_f0250254ncam00470m1,test_msl,big_rock,iou,,0,0,18461
segformer__scratch__mit-b2__in_rover__seed1416__gpu_full__99146410__git3e52372c__codebebd8b2d__20260717T090304272832Z,msl_ncam_nlb_442591818edr_f0250254ncam00470m1,test_msl,ALL,pixel_acc,1.0,0,0,18461
segformer__scratch__mit-b2__in_rover__seed1416__gpu_full__99146410__git3e52372c__codebebd8b2d__20260717T090304272832Z,msl_ncam_nlb_442591818edr_f0250254ncam00470m1,test_msl,ALL,boundary_f1,1.0,0,0,18461
segformer__scratch__mit-b2__in_rover__seed1416__gpu_full__99146410__git3e52372c__codebebd8b2d__20260717T090304272832Z,msl_ncam_nlb_442592358edr_f0250272ncam00385m1,test_msl,soil,iou,1.0,134437,134437,134437
segformer__scratch__mit-b2__in_rover__seed1416__gpu_full__99146410__git3e52372c__codebebd8b2d__20260717T090304272832Z,msl_ncam_nlb_442592358edr_f0250272ncam00385m1,test_msl,bedrock,iou,,0,0,134437
segformer__scratch__mit-b2__in_rover__seed1416__gpu_full__99146410__git3e52372c__codebebd8b2d__20260717T090304272832Z,msl_ncam_nlb_442592358edr_f0250272ncam00385m1,test_msl,sand,iou,,0,0,134437
segformer__scratch__mit-b2__in_rover__seed1416__gpu_full__99146410__git3e52372c__codebebd8b2d__20260717T090304272832Z,msl_ncam_nlb_442592358edr_f0250272ncam00385m1,test_msl,big_rock,iou,,0,0,134437
segformer__scratch__mit-b2__in_rover__seed1416__gpu_full__99146410__git3e52372c__codebebd8b2d__20260717T090304272832Z,msl_ncam_nlb_442592358edr_f0250272ncam00385m1,test_msl,ALL,pixel_acc,1.0,0,0,134437
segformer__scratch__mit-b2__in_rover__seed1416__gpu_full__99146410__git3e52372c__codebebd8b2d__20260717T090304272832Z,msl_ncam_nlb_442592358edr_f0250272ncam00385m1,test_msl,ALL,boundary_f1,1.0,0,0,134437
segformer__scratch__mit-b2__in_rover__seed1416__gpu_full__99146410__git3e52372c__codebebd8b2d__20260717T090304272832Z,msl_ncam_nlb_442593301edr_f0250312ncam00353m1,test_msl,soil,iou,1.0,106977,106977,106977
segformer__scratch__mit-b2__in_rover__seed1416__gpu_full__99146410__git3e52372c__codebebd8b2d__20260717T090304272832Z,msl_ncam_nlb_442593301edr_f0250312ncam00353m1,test_msl,bedrock,iou,,0,0,106977
segformer__scratch__mit-b2__in_rover__seed1416__gpu_full__99146410__git3e52372c__codebebd8b2d__20260717T090304272832Z,msl_ncam_nlb_442593301edr_f0250312ncam00353m1,test_msl,sand,iou,,0,0,106977
segformer__scratch__mit-b2__in_rover__seed1416__gpu_full__99146410__git3e52372c__codebebd8b2d__20260717T090304272832Z,msl_ncam_nlb_442593301edr_f0250312ncam00353m1,test_msl,big_rock,iou,,0,0,106977
segformer__scratch__mit-b2__in_rover__seed1416__gpu_full__99146410__git3e52372c__codebebd8b2d__20260717T090304272832Z,msl_ncam_nlb_442593301edr_f0250312ncam00353m1,test_msl,ALL,pixel_acc,1.0,0,0,106977
segformer__scratch__mit-b2__in_rover__seed1416__gpu_full__99146410__git3e52372c__codebebd8b2d__20260717T090304272832Z,msl_ncam_nlb_442593301edr_f0250312ncam00353m1,test_msl,ALL,boundary_f1,1.0,0,0,106977
segformer__scratch__mit-b2__in_rover__seed1416__gpu_full__99146410__git3e52372c__codebebd8b2d__20260717T090304272832Z,msl_ncam_nlb_442598077edr_f0250312ncam00281m1,test_msl,soil,iou,1.0,8175,8175,8175
segformer__scratch__mit-b2__in_rover__seed1416__gpu_full__99146410__git3e52372c__codebebd8b2d__20260717T090304272832Z,msl_ncam_nlb_442598077edr_f0250312ncam00281m1,test_msl,bedrock,iou,,0,0,8175
segformer__scratch__mit-b2__in_rover__seed1416__gpu_full__99146410__git3e52372c__codebebd8b2d__20260717T090304272832Z,msl_ncam_nlb_442598077edr_f0250312ncam00281m1,test_msl,sand,iou,,0,0,8175
segformer__scratch__mit-b2__in_rover__seed1416__gpu_full__99146410__git3e52372c__codebebd8b2d__20260717T090304272832Z,msl_ncam_nlb_442598077edr_f0250312ncam00281m1,test_msl,big_rock,iou,,0,0,8175
segformer__scratch__mit-b2__in_rover__seed1416__gpu_full__99146410__git3e52372c__codebebd8b2d__20260717T090304272832Z,msl_ncam_nlb_442598077edr_f0250312ncam00281m1,test_msl,ALL,pixel_acc,1.0,0,0,8175
segformer__scratch__mit-b2__in_rover__seed1416__gpu_full__99146410__git3e52372c__codebebd8b2d__20260717T090304272832Z,msl_ncam_nlb_442598077edr_f0250312ncam00281m1,test_msl,ALL,boundary_f1,1.0,0,0,8175
segformer__scratch__mit-b2__in_rover__seed1416__gpu_full__99146410__git3e52372c__codebebd8b2d__20260717T090304272832Z,msl_ncam_nlb_442598204edr_f0250312ncam00281m1,test_msl,soil,iou,0.9807783871479712,111234,113414,113414
segformer__scratch__mit-b2__in_rover__seed1416__gpu_full__99146410__git3e52372c__codebebd8b2d__20260717T090304272832Z,msl_ncam_nlb_442598204edr_f0250312ncam00281m1,test_msl,bedrock,iou,0.0,0,902,113414
segformer__scratch__mit-b2__in_rover__seed1416__gpu_full__99146410__git3e52372c__codebebd8b2d__20260717T090304272832Z,msl_ncam_nlb_442598204edr_f0250312ncam00281m1,test_msl,sand,iou,0.0,0,1278,113414
segformer__scratch__mit-b2__in_rover__seed1416__gpu_full__99146410__git3e52372c__codebebd8b2d__20260717T090304272832Z,msl_ncam_nlb_442598204edr_f0250312ncam00281m1,test_msl,big_rock,iou,,0,0,113414
segformer__scratch__mit-b2__in_rover__seed1416__gpu_full__99146410__git3e52372c__codebebd8b2d__20260717T090304272832Z,msl_ncam_nlb_442598204edr_f0250312ncam00281m1,test_msl,ALL,pixel_acc,0.9807783871479712,0,0,113414
segformer__scratch__mit-b2__in_rover__seed1416__gpu_full__99146410__git3e52372c__codebebd8b2d__20260717T090304272832Z,msl_ncam_nlb_442598204edr_f0250312ncam00281m1,test_msl,ALL,boundary_f1,0.30353491089687407,0,0,113414
segformer__scratch__mit-b2__in_rover__seed1416__gpu_full__99146410__git3e52372c__codebebd8b2d__20260717T090304272832Z,msl_ncam_nlb_442600163edr_f0250312ncam00350m1,test_msl,soil,iou,1.0,151293,151293,151293
segformer__scratch__mit-b2__in_rover__seed1416__gpu_full__99146410__git3e52372c__codebebd8b2d__20260717T090304272832Z,msl_ncam_nlb_442600163edr_f0250312ncam00350m1,test_msl,bedrock,iou,,0,0,151293
segformer__scratch__mit-b2__in_rover__seed1416__gpu_full__99146410__git3e52372c__codebebd8b2d__20260717T090304272832Z,msl_ncam_nlb_442600163edr_f0250312ncam00350m1,test_msl,sand,iou,,0,0,151293
segformer__scratch__mit-b2__in_rover__seed1416__gpu_full__99146410__git3e52372c__codebebd8b2d__20260717T090304272832Z,msl_ncam_nlb_442600163edr_f0250312ncam00350m1,test_msl,big_rock,iou,,0,0,151293
segformer__scratch__mit-b2__in_rover__seed1416__gpu_full__99146410__git3e52372c__codebebd8b2d__20260717T090304272832Z,msl_ncam_nlb_442600163edr_f0250312ncam00350m1,test_msl,ALL,pixel_acc,1.0,0,0,151293
segformer__scratch__mit-b2__in_rover__seed1416__gpu_full__99146410__git3e52372c__codebebd8b2d__20260717T090304272832Z,msl_ncam_nlb_442600163edr_f0250312ncam00350m1,test_msl,ALL,boundary_f1,1.0,0,0,151293
segformer__scratch__mit-b2__in_rover__seed1416__gpu_full__99146410__git3e52372c__codebebd8b2d__20260717T090304272832Z,msl_ncam_nlb_442600208edr_f0250312ncam00282m1,test_msl,soil,iou,1.0,68473,68473,68473
segformer__scratch__mit-b2__in_rover__seed1416__gpu_full__99146410__git3e52372c__codebebd8b2d__20260717T090304272832Z,msl_ncam_nlb_442600208edr_f0250312ncam00282m1,test_msl,bedrock,iou,,0,0,68473
segformer__scratch__mit-b2__in_rover__seed1416__gpu_full__99146410__git3e52372c__codebebd8b2d__20260717T090304272832Z,msl_ncam_nlb_442600208edr_f0250312ncam00282m1,test_msl,sand,iou,,0,0,68473
segformer__scratch__mit-b2__in_rover__seed1416__gpu_full__99146410__git3e52372c__codebebd8b2d__20260717T090304272832Z,msl_ncam_nlb_442600208edr_f0250312ncam00282m1,test_msl,big_rock,iou,,0,0,68473
segformer__scratch__mit-b2__in_rover__seed1416__gpu_full__99146410__git3e52372c__codebebd8b2d__20260717T090304272832Z,msl_ncam_nlb_442600208edr_f0250312ncam00282m1,test_msl,ALL,pixel_acc,1.0,0,0,68473
segformer__scratch__mit-b2__in_rover__seed1416__gpu_full__99146410__git3e52372c__codebebd8b2d__20260717T090304272832Z,msl_ncam_nlb_442600208edr_f0250312ncam00282m1,test_msl,ALL,boundary_f1,1.0,0,0,68473
segformer__scratch__mit-b2__in_rover__seed1416__gpu_full__99146410__git3e52372c__codebebd8b2d__20260717T090304272832Z,msl_ncam_nlb_442600301edr_f0250312ncam00282m1,test_msl,soil,iou,0.9861834787190445,50535,51243,51243
segformer__scratch__mit-b2__in_rover__seed1416__gpu_full__99146410__git3e52372c__codebebd8b2d__20260717T090304272832Z,msl_ncam_nlb_442600301edr_f0250312ncam00282m1,test_msl,bedrock,iou,0.0,0,708,51243
segformer__scratch__mit-b2__in_rover__seed1416__gpu_full__99146410__git3e52372c__codebebd8b2d__20260717T090304272832Z,msl_ncam_nlb_442600301edr_f0250312ncam00282m1,test_msl,sand,iou,,0,0,51243
segformer__scratch__mit-b2__in_rover__seed1416__gpu_full__99146410__git3e52372c__codebebd8b2d__20260717T090304272832Z,msl_ncam_nlb_442600301edr_f0250312ncam00282m1,test_msl,big_rock,iou,,0,0,51243
segformer__scratch__mit-b2__in_rover__seed1416__gpu_full__99146410__git3e52372c__codebebd8b2d__20260717T090304272832Z,msl_ncam_nlb_442600301edr_f0250312ncam00282m1,test_msl,ALL,pixel_acc,0.9861834787190445,0,0,51243
segformer__scratch__mit-b2__in_rover__seed1416__gpu_full__99146410__git3e52372c__codebebd8b2d__20260717T090304272832Z,msl_ncam_nlb_442600301edr_f0250312ncam00282m1,test_msl,ALL,boundary_f1,0.4700854700854701,0,0,51243
segformer__scratch__mit-b2__in_rover__seed1416__gpu_full__99146410__git3e52372c__codebebd8b2d__20260717T090304272832Z,msl_ncam_nlb_442600416edr_f0250312ncam00282m1,test_msl,soil,iou,0.9708371305819554,7457,7681,8486
segformer__scratch__mit-b2__in_rover__seed1416__gpu_full__99146410__git3e52372c__codebebd8b2d__20260717T090304272832Z,msl_ncam_nlb_442600416edr_f0250312ncam00282m1,test_msl,bedrock,iou,,0,0,8486
segformer__scratch__mit-b2__in_rover__seed1416__gpu_full__99146410__git3e52372c__codebebd8b2d__20260717T090304272832Z,msl_ncam_nlb_442600416edr_f0250312ncam00282m1,test_msl,sand,iou,0.782312925170068,805,1029,8486
segformer__scratch__mit-b2__in_rover__seed1416__gpu_full__99146410__git3e52372c__codebebd8b2d__20260717T090304272832Z,msl_ncam_nlb_442600416edr_f0250312ncam00282m1,test_msl,big_rock,iou,,0,0,8486
segformer__scratch__mit-b2__in_rover__seed1416__gpu_full__99146410__git3e52372c__codebebd8b2d__20260717T090304272832Z,msl_ncam_nlb_442600416edr_f0250312ncam00282m1,test_msl,ALL,pixel_acc,0.9736035823709639,0,0,8486
segformer__scratch__mit-b2__in_rover__seed1416__gpu_full__99146410__git3e52372c__codebebd8b2d__20260717T090304272832Z,msl_ncam_nlb_442600416edr_f0250312ncam00282m1,test_msl,ALL,boundary_f1,0.806397472603416,0,0,8486
segformer__scratch__mit-b2__in_rover__seed1416__gpu_full__99146410__git3e52372c__codebebd8b2d__20260717T090304272832Z,msl_ncam_nlb_442600447edr_f0250312ncam00282m1,test_msl,soil,iou,1.0,14865,14865,14865
segformer__scratch__mit-b2__in_rover__seed1416__gpu_full__99146410__git3e52372c__codebebd8b2d__20260717T090304272832Z,msl_ncam_nlb_442600447edr_f0250312ncam00282m1,test_msl,bedrock,iou,,0,0,14865
segformer__scratch__mit-b2__in_rover__seed1416__gpu_full__99146410__git3e52372c__codebebd8b2d__20260717T090304272832Z,msl_ncam_nlb_442600447edr_f0250312ncam00282m1,test_msl,sand,iou,,0,0,14865
segformer__scratch__mit-b2__in_rover__seed1416__gpu_full__99146410__git3e52372c__codebebd8b2d__20260717T090304272832Z,msl_ncam_nlb_442600447edr_f0250312ncam00282m1,test_msl,big_rock,iou,,0,0,14865
segformer__scratch__mit-b2__in_rover__seed1416__gpu_full__99146410__git3e52372c__codebebd8b2d__20260717T090304272832Z,msl_ncam_nlb_442600447edr_f0250312ncam00282m1,test_msl,ALL,pixel_acc,1.0,0,0,14865
segformer__scratch__mit-b2__in_rover__seed1416__gpu_full__99146410__git3e52372c__codebebd8b2d__20260717T090304272832Z,msl_ncam_nlb_442600447edr_f0250312ncam00282m1,test_msl,ALL,boundary_f1,1.0,0,0,14865
segformer__scratch__mit-b2__in_rover__seed1416__gpu_full__99146410__git3e52372c__codebebd8b2d__20260717T090304272832Z,msl_ncam_nlb_443659348edr_f0251082ncam00470m1,test_msl,soil,iou,1.0,97953,97953,97953
segformer__scratch__mit-b2__in_rover__seed1416__gpu_full__99146410__git3e52372c__codebebd8b2d__20260717T090304272832Z,msl_ncam_nlb_443659348edr_f0251082ncam00470m1,test_msl,bedrock,iou,,0,0,97953
segformer__scratch__mit-b2__in_rover__seed1416__gpu_full__99146410__git3e52372c__codebebd8b2d__20260717T090304272832Z,msl_ncam_nlb_443659348edr_f0251082ncam00470m1,test_msl,sand,iou,,0,0,97953
segformer__scratch__mit-b2__in_rover__seed1416__gpu_full__99146410__git3e52372c__codebebd8b2d__20260717T090304272832Z,msl_ncam_nlb_443659348edr_f0251082ncam00470m1,test_msl,big_rock,iou,,0,0,97953
segformer__scratch__mit-b2__in_rover__seed1416__gpu_full__99146410__git3e52372c__codebebd8b2d__20260717T090304272832Z,msl_ncam_nlb_443659348edr_f0251082ncam00470m1,test_msl,ALL,pixel_acc,1.0,0,0,97953
segformer__scratch__mit-b2__in_rover__seed1416__gpu_full__99146410__git3e52372c__codebebd8b2d__20260717T090304272832Z,msl_ncam_nlb_443659348edr_f0251082ncam00470m1,test_msl,ALL,boundary_f1,1.0,0,0,97953
segformer__scratch__mit-b2__in_rover__seed1416__gpu_full__99146410__git3e52372c__codebebd8b2d__20260717T090304272832Z,msl_ncam_nlb_443663198edr_f0251238ncam00353m1,test_msl,soil,iou,1.0,159090,159090,159090
segformer__scratch__mit-b2__in_rover__seed1416__gpu_full__99146410__git3e52372c__codebebd8b2d__20260717T090304272832Z,msl_ncam_nlb_443663198edr_f0251238ncam00353m1,test_msl,bedrock,iou,,0,0,159090
segformer__scratch__mit-b2__in_rover__seed1416__gpu_full__99146410__git3e52372c__codebebd8b2d__20260717T090304272832Z,msl_ncam_nlb_443663198edr_f0251238ncam00353m1,test_msl,sand,iou,,0,0,159090
segformer__scratch__mit-b2__in_rover__seed1416__gpu_full__99146410__git3e52372c__codebebd8b2d__20260717T090304272832Z,msl_ncam_nlb_443663198edr_f0251238ncam00353m1,test_msl,big_rock,iou,,0,0,159090
segformer__scratch__mit-b2__in_rover__seed1416__gpu_full__99146410__git3e52372c__codebebd8b2d__20260717T090304272832Z,msl_ncam_nlb_443663198edr_f0251238ncam00353m1,test_msl,ALL,pixel_acc,1.0,0,0,159090
segformer__scratch__mit-b2__in_rover__seed1416__gpu_full__99146410__git3e52372c__codebebd8b2d__20260717T090304272832Z,msl_ncam_nlb_443663198edr_f0251238ncam00353m1,test_msl,ALL,boundary_f1,1.0,0,0,159090
segformer__scratch__mit-b2__in_rover__seed1416__gpu_full__99146410__git3e52372c__codebebd8b2d__20260717T090304272832Z,msl_ncam_nlb_443663262edr_f0251238ncam00289m1,test_msl,soil,iou,1.0,68719,68719,68719
segformer__scratch__mit-b2__in_rover__seed1416__gpu_full__99146410__git3e52372c__codebebd8b2d__20260717T090304272832Z,msl_ncam_nlb_443663262edr_f0251238ncam00289m1,test_msl,bedrock,iou,,0,0,68719
segformer__scratch__mit-b2__in_rover__seed1416__gpu_full__99146410__git3e52372c__codebebd8b2d__20260717T090304272832Z,msl_ncam_nlb_443663262edr_f0251238ncam00289m1,test_msl,sand,iou,,0,0,68719
segformer__scratch__mit-b2__in_rover__seed1416__gpu_full__99146410__git3e52372c__codebebd8b2d__20260717T090304272832Z,msl_ncam_nlb_443663262edr_f0251238ncam00289m1,test_msl,big_rock,iou,,0,0,68719
segformer__scratch__mit-b2__in_rover__seed1416__gpu_full__99146410__git3e52372c__codebebd8b2d__20260717T090304272832Z,msl_ncam_nlb_443663262edr_f0251238ncam00289m1,test_msl,ALL,pixel_acc,1.0,0,0,68719
segformer__scratch__mit-b2__in_rover__seed1416__gpu_full__99146410__git3e52372c__codebebd8b2d__20260717T090304272832Z,msl_ncam_nlb_443663262edr_f0251238ncam00289m1,test_msl,ALL,boundary_f1,1.0,0,0,68719
segformer__scratch__mit-b2__in_rover__seed1416__gpu_full__99146410__git3e52372c__codebebd8b2d__20260717T090304272832Z,msl_ncam_nlb_443663326edr_f0251238ncam00289m1,test_msl,soil,iou,1.0,163565,163565,163565
segformer__scratch__mit-b2__in_rover__seed1416__gpu_full__99146410__git3e52372c__codebebd8b2d__20260717T090304272832Z,msl_ncam_nlb_443663326edr_f0251238ncam00289m1,test_msl,bedrock,iou,,0,0,163565
segformer__scratch__mit-b2__in_rover__seed1416__gpu_full__99146410__git3e52372c__codebebd8b2d__20260717T090304272832Z,msl_ncam_nlb_443663326edr_f0251238ncam00289m1,test_msl,sand,iou,,0,0,163565
segformer__scratch__mit-b2__in_rover__seed1416__gpu_full__99146410__git3e52372c__codebebd8b2d__20260717T090304272832Z,msl_ncam_nlb_443663326edr_f0251238ncam00289m1,test_msl,big_rock,iou,,0,0,163565
segformer__scratch__mit-b2__in_rover__seed1416__gpu_full__99146410__git3e52372c__codebebd8b2d__20260717T090304272832Z,msl_ncam_nlb_443663326edr_f0251238ncam00289m1,test_msl,ALL,pixel_acc,1.0,0,0,163565
segformer__scratch__mit-b2__in_rover__seed1416__gpu_full__99146410__git3e52372c__codebebd8b2d__20260717T090304272832Z,msl_ncam_nlb_443663326edr_f0251238ncam00289m1,test_msl,ALL,boundary_f1,1.0,0,0,163565
segformer__scratch__mit-b2__in_rover__seed1416__gpu_full__99146410__git3e52372c__codebebd8b2d__20260717T090304272832Z,msl_ncam_nlb_443668744edr_f0251238ncam00292m1,test_msl,soil,iou,1.0,56933,56933,56933
segformer__scratch__mit-b2__in_rover__seed1416__gpu_full__99146410__git3e52372c__codebebd8b2d__20260717T090304272832Z,msl_ncam_nlb_443668744edr_f0251238ncam00292m1,test_msl,bedrock,iou,,0,0,56933
segformer__scratch__mit-b2__in_rover__seed1416__gpu_full__99146410__git3e52372c__codebebd8b2d__20260717T090304272832Z,msl_ncam_nlb_443668744edr_f0251238ncam00292m1,test_msl,sand,iou,,0,0,56933
segformer__scratch__mit-b2__in_rover__seed1416__gpu_full__99146410__git3e52372c__codebebd8b2d__20260717T090304272832Z,msl_ncam_nlb_443668744edr_f0251238ncam00292m1,test_msl,big_rock,iou,,0,0,56933
segformer__scratch__mit-b2__in_rover__seed1416__gpu_full__99146410__git3e52372c__codebebd8b2d__20260717T090304272832Z,msl_ncam_nlb_443668744edr_f0251238ncam00292m1,test_msl,ALL,pixel_acc,1.0,0,0,56933
segformer__scratch__mit-b2__in_rover__seed1416__gpu_full__99146410__git3e52372c__codebebd8b2d__20260717T090304272832Z,msl_ncam_nlb_443668744edr_f0251238ncam00292m1,test_msl,ALL,boundary_f1,1.0,0,0,56933
segformer__scratch__mit-b2__in_rover__seed1416__gpu_full__99146410__git3e52372c__codebebd8b2d__20260717T090304272832Z,msl_ncam_nlb_443668806edr_f0251238ncam00292m1,test_msl,soil,iou,1.0,80428,80428,80428
segformer__scratch__mit-b2__in_rover__seed1416__gpu_full__99146410__git3e52372c__codebebd8b2d__20260717T090304272832Z,msl_ncam_nlb_443668806edr_f0251238ncam00292m1,test_msl,bedrock,iou,,0,0,80428
segformer__scratch__mit-b2__in_rover__seed1416__gpu_full__99146410__git3e52372c__codebebd8b2d__20260717T090304272832Z,msl_ncam_nlb_443668806edr_f0251238ncam00292m1,test_msl,sand,iou,,0,0,80428
segformer__scratch__mit-b2__in_rover__seed1416__gpu_full__99146410__git3e52372c__codebebd8b2d__20260717T090304272832Z,msl_ncam_nlb_443668806edr_f0251238ncam00292m1,test_msl,big_rock,iou,,0,0,80428
segformer__scratch__mit-b2__in_rover__seed1416__gpu_full__99146410__git3e52372c__codebebd8b2d__20260717T090304272832Z,msl_ncam_nlb_443668806edr_f0251238ncam00292m1,test_msl,ALL,pixel_acc,1.0,0,0,80428
segformer__scratch__mit-b2__in_rover__seed1416__gpu_full__99146410__git3e52372c__codebebd8b2d__20260717T090304272832Z,msl_ncam_nlb_443668806edr_f0251238ncam00292m1,test_msl,ALL,boundary_f1,1.0,0,0,80428
segformer__scratch__mit-b2__in_rover__seed1416__gpu_full__99146410__git3e52372c__codebebd8b2d__20260717T090304272832Z,msl_ncam_nlb_443668921edr_f0251238ncam00292m1,test_msl,soil,iou,0.7848691619741637,59238,75475,75475
segformer__scratch__mit-b2__in_rover__seed1416__gpu_full__99146410__git3e52372c__codebebd8b2d__20260717T090304272832Z,msl_ncam_nlb_443668921edr_f0251238ncam00292m1,test_msl,bedrock,iou,,0,0,75475
segformer__scratch__mit-b2__in_rover__seed1416__gpu_full__99146410__git3e52372c__codebebd8b2d__20260717T090304272832Z,msl_ncam_nlb_443668921edr_f0251238ncam00292m1,test_msl,sand,iou,0.0,0,15865,75475
segformer__scratch__mit-b2__in_rover__seed1416__gpu_full__99146410__git3e52372c__codebebd8b2d__20260717T090304272832Z,msl_ncam_nlb_443668921edr_f0251238ncam00292m1,test_msl,big_rock,iou,0.0,0,372,75475
segformer__scratch__mit-b2__in_rover__seed1416__gpu_full__99146410__git3e52372c__codebebd8b2d__20260717T090304272832Z,msl_ncam_nlb_443668921edr_f0251238ncam00292m1,test_msl,ALL,pixel_acc,0.7848691619741637,0,0,75475
segformer__scratch__mit-b2__in_rover__seed1416__gpu_full__99146410__git3e52372c__codebebd8b2d__20260717T090304272832Z,msl_ncam_nlb_443668921edr_f0251238ncam00292m1,test_msl,ALL,boundary_f1,0.25890483396950775,0,0,75475
segformer__scratch__mit-b2__in_rover__seed1416__gpu_full__99146410__git3e52372c__codebebd8b2d__20260717T090304272832Z,msl_ncam_nlb_443669058edr_f0251238ncam00352m1,test_msl,soil,iou,1.0,191983,191983,191983
segformer__scratch__mit-b2__in_rover__seed1416__gpu_full__99146410__git3e52372c__codebebd8b2d__20260717T090304272832Z,msl_ncam_nlb_443669058edr_f0251238ncam00352m1,test_msl,bedrock,iou,,0,0,191983
segformer__scratch__mit-b2__in_rover__seed1416__gpu_full__99146410__git3e52372c__codebebd8b2d__20260717T090304272832Z,msl_ncam_nlb_443669058edr_f0251238ncam00352m1,test_msl,sand,iou,,0,0,191983
segformer__scratch__mit-b2__in_rover__seed1416__gpu_full__99146410__git3e52372c__codebebd8b2d__20260717T090304272832Z,msl_ncam_nlb_443669058edr_f0251238ncam00352m1,test_msl,big_rock,iou,,0,0,191983
segformer__scratch__mit-b2__in_rover__seed1416__gpu_full__99146410__git3e52372c__codebebd8b2d__20260717T090304272832Z,msl_ncam_nlb_443669058edr_f0251238ncam00352m1,test_msl,ALL,pixel_acc,1.0,0,0,191983
segformer__scratch__mit-b2__in_rover__seed1416__gpu_full__99146410__git3e52372c__codebebd8b2d__20260717T090304272832Z,msl_ncam_nlb_443669058edr_f0251238ncam00352m1,test_msl,ALL,boundary_f1,1.0,0,0,191983
segformer__scratch__mit-b2__in_rover__seed1416__gpu_full__99146410__git3e52372c__codebebd8b2d__20260717T090304272832Z,msl_ncam_nlb_443669122edr_f0251238ncam00352m1,test_msl,soil,iou,1.0,138713,138713,138713
segformer__scratch__mit-b2__in_rover__seed1416__gpu_full__99146410__git3e52372c__codebebd8b2d__20260717T090304272832Z,msl_ncam_nlb_443669122edr_f0251238ncam00352m1,test_msl,bedrock,iou,,0,0,138713
segformer__scratch__mit-b2__in_rover__seed1416__gpu_full__99146410__git3e52372c__codebebd8b2d__20260717T090304272832Z,msl_ncam_nlb_443669122edr_f0251238ncam00352m1,test_msl,sand,iou,,0,0,138713
segformer__scratch__mit-b2__in_rover__seed1416__gpu_full__99146410__git3e52372c__codebebd8b2d__20260717T090304272832Z,msl_ncam_nlb_443669122edr_f0251238ncam00352m1,test_msl,big_rock,iou,,0,0,138713
segformer__scratch__mit-b2__in_rover__seed1416__gpu_full__99146410__git3e52372c__codebebd8b2d__20260717T090304272832Z,msl_ncam_nlb_443669122edr_f0251238ncam00352m1,test_msl,ALL,pixel_acc,1.0,0,0,138713
segformer__scratch__mit-b2__in_rover__seed1416__gpu_full__99146410__git3e52372c__codebebd8b2d__20260717T090304272832Z,msl_ncam_nlb_443669122edr_f0251238ncam00352m1,test_msl,ALL,boundary_f1,1.0,0,0,138713
segformer__scratch__mit-b2__in_rover__seed1416__gpu_full__99146410__git3e52372c__codebebd8b2d__20260717T090304272832Z,msl_ncam_nlb_448278207edr_f0300432ncam00380m1,test_msl,soil,iou,1.0,219849,219849,219849
segformer__scratch__mit-b2__in_rover__seed1416__gpu_full__99146410__git3e52372c__codebebd8b2d__20260717T090304272832Z,msl_ncam_nlb_448278207edr_f0300432ncam00380m1,test_msl,bedrock,iou,,0,0,219849
segformer__scratch__mit-b2__in_rover__seed1416__gpu_full__99146410__git3e52372c__codebebd8b2d__20260717T090304272832Z,msl_ncam_nlb_448278207edr_f0300432ncam00380m1,test_msl,sand,iou,,0,0,219849
segformer__scratch__mit-b2__in_rover__seed1416__gpu_full__99146410__git3e52372c__codebebd8b2d__20260717T090304272832Z,msl_ncam_nlb_448278207edr_f0300432ncam00380m1,test_msl,big_rock,iou,,0,0,219849
segformer__scratch__mit-b2__in_rover__seed1416__gpu_full__99146410__git3e52372c__codebebd8b2d__20260717T090304272832Z,msl_ncam_nlb_448278207edr_f0300432ncam00380m1,test_msl,ALL,pixel_acc,1.0,0,0,219849
segformer__scratch__mit-b2__in_rover__seed1416__gpu_full__99146410__git3e52372c__codebebd8b2d__20260717T090304272832Z,msl_ncam_nlb_448278207edr_f0300432ncam00380m1,test_msl,ALL,boundary_f1,1.0,0,0,219849
segformer__scratch__mit-b2__in_rover__seed1416__gpu_full__99146410__git3e52372c__codebebd8b2d__20260717T090304272832Z,msl_ncam_nlb_448279148edr_f0300484ncam00353m1,test_msl,soil,iou,1.0,173750,173750,173750
segformer__scratch__mit-b2__in_rover__seed1416__gpu_full__99146410__git3e52372c__codebebd8b2d__20260717T090304272832Z,msl_ncam_nlb_448279148edr_f0300484ncam00353m1,test_msl,bedrock,iou,,0,0,173750
segformer__scratch__mit-b2__in_rover__seed1416__gpu_full__99146410__git3e52372c__codebebd8b2d__20260717T090304272832Z,msl_ncam_nlb_448279148edr_f0300484ncam00353m1,test_msl,sand,iou,,0,0,173750
segformer__scratch__mit-b2__in_rover__seed1416__gpu_full__99146410__git3e52372c__codebebd8b2d__20260717T090304272832Z,msl_ncam_nlb_448279148edr_f0300484ncam00353m1,test_msl,big_rock,iou,,0,0,173750
segformer__scratch__mit-b2__in_rover__seed1416__gpu_full__99146410__git3e52372c__codebebd8b2d__20260717T090304272832Z,msl_ncam_nlb_448279148edr_f0300484ncam00353m1,test_msl,ALL,pixel_acc,1.0,0,0,173750
segformer__scratch__mit-b2__in_rover__seed1416__gpu_full__99146410__git3e52372c__codebebd8b2d__20260717T090304272832Z,msl_ncam_nlb_448279148edr_f0300484ncam00353m1,test_msl,ALL,boundary_f1,1.0,0,0,173750
segformer__scratch__mit-b2__in_rover__seed1416__gpu_full__99146410__git3e52372c__codebebd8b2d__20260717T090304272832Z,msl_ncam_nlb_448279299edr_f0300484ncam00299m1,test_msl,soil,iou,1.0,103574,103574,103574
segformer__scratch__mit-b2__in_rover__seed1416__gpu_full__99146410__git3e52372c__codebebd8b2d__20260717T090304272832Z,msl_ncam_nlb_448279299edr_f0300484ncam00299m1,test_msl,bedrock,iou,,0,0,103574
segformer__scratch__mit-b2__in_rover__seed1416__gpu_full__99146410__git3e52372c__codebebd8b2d__20260717T090304272832Z,msl_ncam_nlb_448279299edr_f0300484ncam00299m1,test_msl,sand,iou,,0,0,103574
segformer__scratch__mit-b2__in_rover__seed1416__gpu_full__99146410__git3e52372c__codebebd8b2d__20260717T090304272832Z,msl_ncam_nlb_448279299edr_f0300484ncam00299m1,test_msl,big_rock,iou,,0,0,103574
segformer__scratch__mit-b2__in_rover__seed1416__gpu_full__99146410__git3e52372c__codebebd8b2d__20260717T090304272832Z,msl_ncam_nlb_448279299edr_f0300484ncam00299m1,test_msl,ALL,pixel_acc,1.0,0,0,103574
segformer__scratch__mit-b2__in_rover__seed1416__gpu_full__99146410__git3e52372c__codebebd8b2d__20260717T090304272832Z,msl_ncam_nlb_448279299edr_f0300484ncam00299m1,test_msl,ALL,boundary_f1,1.0,0,0,103574
segformer__scratch__mit-b2__in_rover__seed1416__gpu_full__99146410__git3e52372c__codebebd8b2d__20260717T090304272832Z,msl_ncam_nlb_448279363edr_f0300484ncam00299m1,test_msl,soil,iou,,0,0,0
segformer__scratch__mit-b2__in_rover__seed1416__gpu_full__99146410__git3e52372c__codebebd8b2d__20260717T090304272832Z,msl_ncam_nlb_448279363edr_f0300484ncam00299m1,test_msl,bedrock,iou,,0,0,0
segformer__scratch__mit-b2__in_rover__seed1416__gpu_full__99146410__git3e52372c__codebebd8b2d__20260717T090304272832Z,msl_ncam_nlb_448279363edr_f0300484ncam00299m1,test_msl,sand,iou,,0,0,0
segformer__scratch__mit-b2__in_rover__seed1416__gpu_full__99146410__git3e52372c__codebebd8b2d__20260717T090304272832Z,msl_ncam_nlb_448279363edr_f0300484ncam00299m1,test_msl,big_rock,iou,,0,0,0
segformer__scratch__mit-b2__in_rover__seed1416__gpu_full__99146410__git3e52372c__codebebd8b2d__20260717T090304272832Z,msl_ncam_nlb_448279363edr_f0300484ncam00299m1,test_msl,ALL,pixel_acc,,0,0,0
segformer__scratch__mit-b2__in_rover__seed1416__gpu_full__99146410__git3e52372c__codebebd8b2d__20260717T090304272832Z,msl_ncam_nlb_448279363edr_f0300484ncam00299m1,test_msl,ALL,boundary_f1,,0,0,0
segformer__scratch__mit-b2__in_rover__seed1416__gpu_full__99146410__git3e52372c__codebebd8b2d__20260717T090304272832Z,msl_ncam_nlb_448279809edr_f0300484ncam00354m1,test_msl,soil,iou,1.0,235752,235752,235752
segformer__scratch__mit-b2__in_rover__seed1416__gpu_full__99146410__git3e52372c__codebebd8b2d__20260717T090304272832Z,msl_ncam_nlb_448279809edr_f0300484ncam00354m1,test_msl,bedrock,iou,,0,0,235752
segformer__scratch__mit-b2__in_rover__seed1416__gpu_full__99146410__git3e52372c__codebebd8b2d__20260717T090304272832Z,msl_ncam_nlb_448279809edr_f0300484ncam00354m1,test_msl,sand,iou,,0,0,235752
segformer__scratch__mit-b2__in_rover__seed1416__gpu_full__99146410__git3e52372c__codebebd8b2d__20260717T090304272832Z,msl_ncam_nlb_448279809edr_f0300484ncam00354m1,test_msl,big_rock,iou,,0,0,235752
segformer__scratch__mit-b2__in_rover__seed1416__gpu_full__99146410__git3e52372c__codebebd8b2d__20260717T090304272832Z,msl_ncam_nlb_448279809edr_f0300484ncam00354m1,test_msl,ALL,pixel_acc,1.0,0,0,235752
segformer__scratch__mit-b2__in_rover__seed1416__gpu_full__99146410__git3e52372c__codebebd8b2d__20260717T090304272832Z,msl_ncam_nlb_448279809edr_f0300484ncam00354m1,test_msl,ALL,boundary_f1,1.0,0,0,235752
segformer__scratch__mit-b2__in_rover__seed1416__gpu_full__99146410__git3e52372c__codebebd8b2d__20260717T090304272832Z,msl_ncam_nlb_448279926edr_f0300484ncam00250m1,test_msl,soil,iou,1.0,165154,165154,165154
segformer__scratch__mit-b2__in_rover__seed1416__gpu_full__99146410__git3e52372c__codebebd8b2d__20260717T090304272832Z,msl_ncam_nlb_448279926edr_f0300484ncam00250m1,test_msl,bedrock,iou,,0,0,165154
segformer__scratch__mit-b2__in_rover__seed1416__gpu_full__99146410__git3e52372c__codebebd8b2d__20260717T090304272832Z,msl_ncam_nlb_448279926edr_f0300484ncam00250m1,test_msl,sand,iou,,0,0,165154
segformer__scratch__mit-b2__in_rover__seed1416__gpu_full__99146410__git3e52372c__codebebd8b2d__20260717T090304272832Z,msl_ncam_nlb_448279926edr_f0300484ncam00250m1,test_msl,big_rock,iou,,0,0,165154
segformer__scratch__mit-b2__in_rover__seed1416__gpu_full__99146410__git3e52372c__codebebd8b2d__20260717T090304272832Z,msl_ncam_nlb_448279926edr_f0300484ncam00250m1,test_msl,ALL,pixel_acc,1.0,0,0,165154
segformer__scratch__mit-b2__in_rover__seed1416__gpu_full__99146410__git3e52372c__codebebd8b2d__20260717T090304272832Z,msl_ncam_nlb_448279926edr_f0300484ncam00250m1,test_msl,ALL,boundary_f1,1.0,0,0,165154
segformer__scratch__mit-b2__in_rover__seed1416__gpu_full__99146410__git3e52372c__codebebd8b2d__20260717T090304272832Z,msl_ncam_nlb_448279988edr_f0300484ncam00250m1,test_msl,soil,iou,1.0,181913,181913,181913
segformer__scratch__mit-b2__in_rover__seed1416__gpu_full__99146410__git3e52372c__codebebd8b2d__20260717T090304272832Z,msl_ncam_nlb_448279988edr_f0300484ncam00250m1,test_msl,bedrock,iou,,0,0,181913
segformer__scratch__mit-b2__in_rover__seed1416__gpu_full__99146410__git3e52372c__codebebd8b2d__20260717T090304272832Z,msl_ncam_nlb_448279988edr_f0300484ncam00250m1,test_msl,sand,iou,,0,0,181913
segformer__scratch__mit-b2__in_rover__seed1416__gpu_full__99146410__git3e52372c__codebebd8b2d__20260717T090304272832Z,msl_ncam_nlb_448279988edr_f0300484ncam00250m1,test_msl,big_rock,iou,,0,0,181913
segformer__scratch__mit-b2__in_rover__seed1416__gpu_full__99146410__git3e52372c__codebebd8b2d__20260717T090304272832Z,msl_ncam_nlb_448279988edr_f0300484ncam00250m1,test_msl,ALL,pixel_acc,1.0,0,0,181913
segformer__scratch__mit-b2__in_rover__seed1416__gpu_full__99146410__git3e52372c__codebebd8b2d__20260717T090304272832Z,msl_ncam_nlb_448279988edr_f0300484ncam00250m1,test_msl,ALL,boundary_f1,1.0,0,0,181913
segformer__scratch__mit-b2__in_rover__seed1416__gpu_full__99146410__git3e52372c__codebebd8b2d__20260717T090304272832Z,msl_ncam_nlb_448280142edr_f0300484ncam00250m1,test_msl,soil,iou,1.0,85498,85498,85498
segformer__scratch__mit-b2__in_rover__seed1416__gpu_full__99146410__git3e52372c__codebebd8b2d__20260717T090304272832Z,msl_ncam_nlb_448280142edr_f0300484ncam00250m1,test_msl,bedrock,iou,,0,0,85498
segformer__scratch__mit-b2__in_rover__seed1416__gpu_full__99146410__git3e52372c__codebebd8b2d__20260717T090304272832Z,msl_ncam_nlb_448280142edr_f0300484ncam00250m1,test_msl,sand,iou,,0,0,85498
segformer__scratch__mit-b2__in_rover__seed1416__gpu_full__99146410__git3e52372c__codebebd8b2d__20260717T090304272832Z,msl_ncam_nlb_448280142edr_f0300484ncam00250m1,test_msl,big_rock,iou,,0,0,85498
segformer__scratch__mit-b2__in_rover__seed1416__gpu_full__99146410__git3e52372c__codebebd8b2d__20260717T090304272832Z,msl_ncam_nlb_448280142edr_f0300484ncam00250m1,test_msl,ALL,pixel_acc,1.0,0,0,85498
segformer__scratch__mit-b2__in_rover__seed1416__gpu_full__99146410__git3e52372c__codebebd8b2d__20260717T090304272832Z,msl_ncam_nlb_448280142edr_f0300484ncam00250m1,test_msl,ALL,boundary_f1,1.0,0,0,85498
segformer__scratch__mit-b2__in_rover__seed1416__gpu_full__99146410__git3e52372c__codebebd8b2d__20260717T090304272832Z,msl_ncam_nlb_453776957edr_f0320204ncam00498m1,test_msl,soil,iou,0.937301231398867,181843,194007,201171
segformer__scratch__mit-b2__in_rover__seed1416__gpu_full__99146410__git3e52372c__codebebd8b2d__20260717T090304272832Z,msl_ncam_nlb_453776957edr_f0320204ncam00498m1,test_msl,bedrock,iou,,0,0,201171
segformer__scratch__mit-b2__in_rover__seed1416__gpu_full__99146410__git3e52372c__codebebd8b2d__20260717T090304272832Z,msl_ncam_nlb_453776957edr_f0320204ncam00498m1,test_msl,sand,iou,0.305313017177424,5350,17523,201171
segformer__scratch__mit-b2__in_rover__seed1416__gpu_full__99146410__git3e52372c__codebebd8b2d__20260717T090304272832Z,msl_ncam_nlb_453776957edr_f0320204ncam00498m1,test_msl,big_rock,iou,0.9950385887541345,1805,1814,201171
segformer__scratch__mit-b2__in_rover__seed1416__gpu_full__99146410__git3e52372c__codebebd8b2d__20260717T090304272832Z,msl_ncam_nlb_453776957edr_f0320204ncam00498m1,test_msl,ALL,pixel_acc,0.9394892902058448,0,0,201171
segformer__scratch__mit-b2__in_rover__seed1416__gpu_full__99146410__git3e52372c__codebebd8b2d__20260717T090304272832Z,msl_ncam_nlb_453776957edr_f0320204ncam00498m1,test_msl,ALL,boundary_f1,0.8055915122451394,0,0,201171
segformer__scratch__mit-b2__in_rover__seed1416__gpu_full__99146410__git3e52372c__codebebd8b2d__20260717T090304272832Z,msl_ncam_nlb_453777056edr_f0320204ncam00497m1,test_msl,soil,iou,1.0,241876,241876,241876
segformer__scratch__mit-b2__in_rover__seed1416__gpu_full__99146410__git3e52372c__codebebd8b2d__20260717T090304272832Z,msl_ncam_nlb_453777056edr_f0320204ncam00497m1,test_msl,bedrock,iou,,0,0,241876
segformer__scratch__mit-b2__in_rover__seed1416__gpu_full__99146410__git3e52372c__codebebd8b2d__20260717T090304272832Z,msl_ncam_nlb_453777056edr_f0320204ncam00497m1,test_msl,sand,iou,,0,0,241876
segformer__scratch__mit-b2__in_rover__seed1416__gpu_full__99146410__git3e52372c__codebebd8b2d__20260717T090304272832Z,msl_ncam_nlb_453777056edr_f0320204ncam00497m1,test_msl,big_rock,iou,,0,0,241876
segformer__scratch__mit-b2__in_rover__seed1416__gpu_full__99146410__git3e52372c__codebebd8b2d__20260717T090304272832Z,msl_ncam_nlb_453777056edr_f0320204ncam00497m1,test_msl,ALL,pixel_acc,1.0,0,0,241876
segformer__scratch__mit-b2__in_rover__seed1416__gpu_full__99146410__git3e52372c__codebebd8b2d__20260717T090304272832Z,msl_ncam_nlb_453777056edr_f0320204ncam00497m1,test_msl,ALL,boundary_f1,1.0,0,0,241876
segformer__scratch__mit-b2__in_rover__seed1416__gpu_full__99146410__git3e52372c__codebebd8b2d__20260717T090304272832Z,msl_ncam_nlb_453780775edr_f0320478ncam00353m1,test_msl,soil,iou,1.0,178148,178148,178148
segformer__scratch__mit-b2__in_rover__seed1416__gpu_full__99146410__git3e52372c__codebebd8b2d__20260717T090304272832Z,msl_ncam_nlb_453780775edr_f0320478ncam00353m1,test_msl,bedrock,iou,,0,0,178148
segformer__scratch__mit-b2__in_rover__seed1416__gpu_full__99146410__git3e52372c__codebebd8b2d__20260717T090304272832Z,msl_ncam_nlb_453780775edr_f0320478ncam00353m1,test_msl,sand,iou,,0,0,178148
segformer__scratch__mit-b2__in_rover__seed1416__gpu_full__99146410__git3e52372c__codebebd8b2d__20260717T090304272832Z,msl_ncam_nlb_453780775edr_f0320478ncam00353m1,test_msl,big_rock,iou,,0,0,178148
segformer__scratch__mit-b2__in_rover__seed1416__gpu_full__99146410__git3e52372c__codebebd8b2d__20260717T090304272832Z,msl_ncam_nlb_453780775edr_f0320478ncam00353m1,test_msl,ALL,pixel_acc,1.0,0,0,178148
segformer__scratch__mit-b2__in_rover__seed1416__gpu_full__99146410__git3e52372c__codebebd8b2d__20260717T090304272832Z,msl_ncam_nlb_453780775edr_f0320478ncam00353m1,test_msl,ALL,boundary_f1,1.0,0,0,178148
segformer__scratch__mit-b2__in_rover__seed1416__gpu_full__99146410__git3e52372c__codebebd8b2d__20260717T090304272832Z,msl_ncam_nlb_453780853edr_f0320478ncam00281m1,test_msl,soil,iou,0.9999411311384168,186845,186856,187378
segformer__scratch__mit-b2__in_rover__seed1416__gpu_full__99146410__git3e52372c__codebebd8b2d__20260717T090304272832Z,msl_ncam_nlb_453780853edr_f0320478ncam00281m1,test_msl,bedrock,iou,,0,0,187378
segformer__scratch__mit-b2__in_rover__seed1416__gpu_full__99146410__git3e52372c__codebebd8b2d__20260717T090304272832Z,msl_ncam_nlb_453780853edr_f0320478ncam00281m1,test_msl,sand,iou,,0,0,187378
segformer__scratch__mit-b2__in_rover__seed1416__gpu_full__99146410__git3e52372c__codebebd8b2d__20260717T090304272832Z,msl_ncam_nlb_453780853edr_f0320478ncam00281m1,test_msl,big_rock,iou,0.9793621013133208,522,533,187378
segformer__scratch__mit-b2__in_rover__seed1416__gpu_full__99146410__git3e52372c__codebebd8b2d__20260717T090304272832Z,msl_ncam_nlb_453780853edr_f0320478ncam00281m1,test_msl,ALL,pixel_acc,0.9999412951360351,0,0,187378
segformer__scratch__mit-b2__in_rover__seed1416__gpu_full__99146410__git3e52372c__codebebd8b2d__20260717T090304272832Z,msl_ncam_nlb_453780853edr_f0320478ncam00281m1,test_msl,ALL,boundary_f1,0.998410863912164,0,0,187378
segformer__scratch__mit-b2__in_rover__seed1416__gpu_full__99146410__git3e52372c__codebebd8b2d__20260717T090304272832Z,msl_ncam_nlb_453781520edr_f0320478ncam00282m1,test_msl,soil,iou,1.0,44638,44638,44638
segformer__scratch__mit-b2__in_rover__seed1416__gpu_full__99146410__git3e52372c__codebebd8b2d__20260717T090304272832Z,msl_ncam_nlb_453781520edr_f0320478ncam00282m1,test_msl,bedrock,iou,,0,0,44638
segformer__scratch__mit-b2__in_rover__seed1416__gpu_full__99146410__git3e52372c__codebebd8b2d__20260717T090304272832Z,msl_ncam_nlb_453781520edr_f0320478ncam00282m1,test_msl,sand,iou,,0,0,44638
segformer__scratch__mit-b2__in_rover__seed1416__gpu_full__99146410__git3e52372c__codebebd8b2d__20260717T090304272832Z,msl_ncam_nlb_453781520edr_f0320478ncam00282m1,test_msl,big_rock,iou,,0,0,44638
segformer__scratch__mit-b2__in_rover__seed1416__gpu_full__99146410__git3e52372c__codebebd8b2d__20260717T090304272832Z,msl_ncam_nlb_453781520edr_f0320478ncam00282m1,test_msl,ALL,pixel_acc,1.0,0,0,44638
segformer__scratch__mit-b2__in_rover__seed1416__gpu_full__99146410__git3e52372c__codebebd8b2d__20260717T090304272832Z,msl_ncam_nlb_453781520edr_f0320478ncam00282m1,test_msl,ALL,boundary_f1,1.0,0,0,44638
segformer__scratch__mit-b2__in_rover__seed1416__gpu_full__99146410__git3e52372c__codebebd8b2d__20260717T090304272832Z,msl_ncam_nlb_453781583edr_f0320478ncam00282m1,test_msl,soil,iou,,0,0,0
segformer__scratch__mit-b2__in_rover__seed1416__gpu_full__99146410__git3e52372c__codebebd8b2d__20260717T090304272832Z,msl_ncam_nlb_453781583edr_f0320478ncam00282m1,test_msl,bedrock,iou,,0,0,0
segformer__scratch__mit-b2__in_rover__seed1416__gpu_full__99146410__git3e52372c__codebebd8b2d__20260717T090304272832Z,msl_ncam_nlb_453781583edr_f0320478ncam00282m1,test_msl,sand,iou,,0,0,0
segformer__scratch__mit-b2__in_rover__seed1416__gpu_full__99146410__git3e52372c__codebebd8b2d__20260717T090304272832Z,msl_ncam_nlb_453781583edr_f0320478ncam00282m1,test_msl,big_rock,iou,,0,0,0
segformer__scratch__mit-b2__in_rover__seed1416__gpu_full__99146410__git3e52372c__codebebd8b2d__20260717T090304272832Z,msl_ncam_nlb_453781583edr_f0320478ncam00282m1,test_msl,ALL,pixel_acc,,0,0,0
segformer__scratch__mit-b2__in_rover__seed1416__gpu_full__99146410__git3e52372c__codebebd8b2d__20260717T090304272832Z,msl_ncam_nlb_453781583edr_f0320478ncam00282m1,test_msl,ALL,boundary_f1,,0,0,0
segformer__scratch__mit-b2__in_rover__seed1416__gpu_full__99146410__git3e52372c__codebebd8b2d__20260717T090304272832Z,msl_ncam_nlb_453781647edr_f0320478ncam00282m1,test_msl,soil,iou,1.0,198856,198856,198856
segformer__scratch__mit-b2__in_rover__seed1416__gpu_full__99146410__git3e52372c__codebebd8b2d__20260717T090304272832Z,msl_ncam_nlb_453781647edr_f0320478ncam00282m1,test_msl,bedrock,iou,,0,0,198856
segformer__scratch__mit-b2__in_rover__seed1416__gpu_full__99146410__git3e52372c__codebebd8b2d__20260717T090304272832Z,msl_ncam_nlb_453781647edr_f0320478ncam00282m1,test_msl,sand,iou,,0,0,198856
segformer__scratch__mit-b2__in_rover__seed1416__gpu_full__99146410__git3e52372c__codebebd8b2d__20260717T090304272832Z,msl_ncam_nlb_453781647edr_f0320478ncam00282m1,test_msl,big_rock,iou,,0,0,198856
segformer__scratch__mit-b2__in_rover__seed1416__gpu_full__99146410__git3e52372c__codebebd8b2d__20260717T090304272832Z,msl_ncam_nlb_453781647edr_f0320478ncam00282m1,test_msl,ALL,pixel_acc,1.0,0,0,198856
segformer__scratch__mit-b2__in_rover__seed1416__gpu_full__99146410__git3e52372c__codebebd8b2d__20260717T090304272832Z,msl_ncam_nlb_453781647edr_f0320478ncam00282m1,test_msl,ALL,boundary_f1,1.0,0,0,198856
segformer__scratch__mit-b2__in_rover__seed1416__gpu_full__99146410__git3e52372c__codebebd8b2d__20260717T090304272832Z,msl_ncam_nlb_454576834edr_f0330660ncam00291m1,test_msl,soil,iou,1.0,96212,96212,96212
segformer__scratch__mit-b2__in_rover__seed1416__gpu_full__99146410__git3e52372c__codebebd8b2d__20260717T090304272832Z,msl_ncam_nlb_454576834edr_f0330660ncam00291m1,test_msl,bedrock,iou,,0,0,96212
segformer__scratch__mit-b2__in_rover__seed1416__gpu_full__99146410__git3e52372c__codebebd8b2d__20260717T090304272832Z,msl_ncam_nlb_454576834edr_f0330660ncam00291m1,test_msl,sand,iou,,0,0,96212
segformer__scratch__mit-b2__in_rover__seed1416__gpu_full__99146410__git3e52372c__codebebd8b2d__20260717T090304272832Z,msl_ncam_nlb_454576834edr_f0330660ncam00291m1,test_msl,big_rock,iou,,0,0,96212
segformer__scratch__mit-b2__in_rover__seed1416__gpu_full__99146410__git3e52372c__codebebd8b2d__20260717T090304272832Z,msl_ncam_nlb_454576834edr_f0330660ncam00291m1,test_msl,ALL,pixel_acc,1.0,0,0,96212
segformer__scratch__mit-b2__in_rover__seed1416__gpu_full__99146410__git3e52372c__codebebd8b2d__20260717T090304272832Z,msl_ncam_nlb_454576834edr_f0330660ncam00291m1,test_msl,ALL,boundary_f1,1.0,0,0,96212
segformer__scratch__mit-b2__in_rover__seed1416__gpu_full__99146410__git3e52372c__codebebd8b2d__20260717T090304272832Z,msl_ncam_nlb_454577689edr_f0330660ncam00350m1,test_msl,soil,iou,1.0,220994,220994,220994
segformer__scratch__mit-b2__in_rover__seed1416__gpu_full__99146410__git3e52372c__codebebd8b2d__20260717T090304272832Z,msl_ncam_nlb_454577689edr_f0330660ncam00350m1,test_msl,bedrock,iou,,0,0,220994
segformer__scratch__mit-b2__in_rover__seed1416__gpu_full__99146410__git3e52372c__codebebd8b2d__20260717T090304272832Z,msl_ncam_nlb_454577689edr_f0330660ncam00350m1,test_msl,sand,iou,,0,0,220994
segformer__scratch__mit-b2__in_rover__seed1416__gpu_full__99146410__git3e52372c__codebebd8b2d__20260717T090304272832Z,msl_ncam_nlb_454577689edr_f0330660ncam00350m1,test_msl,big_rock,iou,,0,0,220994
segformer__scratch__mit-b2__in_rover__seed1416__gpu_full__99146410__git3e52372c__codebebd8b2d__20260717T090304272832Z,msl_ncam_nlb_454577689edr_f0330660ncam00350m1,test_msl,ALL,pixel_acc,1.0,0,0,220994
segformer__scratch__mit-b2__in_rover__seed1416__gpu_full__99146410__git3e52372c__codebebd8b2d__20260717T090304272832Z,msl_ncam_nlb_454577689edr_f0330660ncam00350m1,test_msl,ALL,boundary_f1,1.0,0,0,220994
segformer__scratch__mit-b2__in_rover__seed1416__gpu_full__99146410__git3e52372c__codebebd8b2d__20260717T090304272832Z,msl_ncam_nlb_454577808edr_f0330660ncam00350m1,test_msl,soil,iou,1.0,149819,149819,149819
segformer__scratch__mit-b2__in_rover__seed1416__gpu_full__99146410__git3e52372c__codebebd8b2d__20260717T090304272832Z,msl_ncam_nlb_454577808edr_f0330660ncam00350m1,test_msl,bedrock,iou,,0,0,149819
segformer__scratch__mit-b2__in_rover__seed1416__gpu_full__99146410__git3e52372c__codebebd8b2d__20260717T090304272832Z,msl_ncam_nlb_454577808edr_f0330660ncam00350m1,test_msl,sand,iou,,0,0,149819
segformer__scratch__mit-b2__in_rover__seed1416__gpu_full__99146410__git3e52372c__codebebd8b2d__20260717T090304272832Z,msl_ncam_nlb_454577808edr_f0330660ncam00350m1,test_msl,big_rock,iou,,0,0,149819
segformer__scratch__mit-b2__in_rover__seed1416__gpu_full__99146410__git3e52372c__codebebd8b2d__20260717T090304272832Z,msl_ncam_nlb_454577808edr_f0330660ncam00350m1,test_msl,ALL,pixel_acc,1.0,0,0,149819
segformer__scratch__mit-b2__in_rover__seed1416__gpu_full__99146410__git3e52372c__codebebd8b2d__20260717T090304272832Z,msl_ncam_nlb_454577808edr_f0330660ncam00350m1,test_msl,ALL,boundary_f1,1.0,0,0,149819
segformer__scratch__mit-b2__in_rover__seed1416__gpu_full__99146410__git3e52372c__codebebd8b2d__20260717T090304272832Z,msl_ncam_nlb_454577843edr_f0330660ncam00292m1,test_msl,soil,iou,1.0,190037,190037,190037
segformer__scratch__mit-b2__in_rover__seed1416__gpu_full__99146410__git3e52372c__codebebd8b2d__20260717T090304272832Z,msl_ncam_nlb_454577843edr_f0330660ncam00292m1,test_msl,bedrock,iou,,0,0,190037
segformer__scratch__mit-b2__in_rover__seed1416__gpu_full__99146410__git3e52372c__codebebd8b2d__20260717T090304272832Z,msl_ncam_nlb_454577843edr_f0330660ncam00292m1,test_msl,sand,iou,,0,0,190037
segformer__scratch__mit-b2__in_rover__seed1416__gpu_full__99146410__git3e52372c__codebebd8b2d__20260717T090304272832Z,msl_ncam_nlb_454577843edr_f0330660ncam00292m1,test_msl,big_rock,iou,,0,0,190037
segformer__scratch__mit-b2__in_rover__seed1416__gpu_full__99146410__git3e52372c__codebebd8b2d__20260717T090304272832Z,msl_ncam_nlb_454577843edr_f0330660ncam00292m1,test_msl,ALL,pixel_acc,1.0,0,0,190037
segformer__scratch__mit-b2__in_rover__seed1416__gpu_full__99146410__git3e52372c__codebebd8b2d__20260717T090304272832Z,msl_ncam_nlb_454577843edr_f0330660ncam00292m1,test_msl,ALL,boundary_f1,1.0,0,0,190037
segformer__scratch__mit-b2__in_rover__seed1416__gpu_full__99146410__git3e52372c__codebebd8b2d__20260717T090304272832Z,msl_ncam_nlb_454577912edr_f0330660ncam00292m1,test_msl,soil,iou,1.0,152116,152116,152116
segformer__scratch__mit-b2__in_rover__seed1416__gpu_full__99146410__git3e52372c__codebebd8b2d__20260717T090304272832Z,msl_ncam_nlb_454577912edr_f0330660ncam00292m1,test_msl,bedrock,iou,,0,0,152116
segformer__scratch__mit-b2__in_rover__seed1416__gpu_full__99146410__git3e52372c__codebebd8b2d__20260717T090304272832Z,msl_ncam_nlb_454577912edr_f0330660ncam00292m1,test_msl,sand,iou,,0,0,152116
segformer__scratch__mit-b2__in_rover__seed1416__gpu_full__99146410__git3e52372c__codebebd8b2d__20260717T090304272832Z,msl_ncam_nlb_454577912edr_f0330660ncam00292m1,test_msl,big_rock,iou,,0,0,152116
segformer__scratch__mit-b2__in_rover__seed1416__gpu_full__99146410__git3e52372c__codebebd8b2d__20260717T090304272832Z,msl_ncam_nlb_454577912edr_f0330660ncam00292m1,test_msl,ALL,pixel_acc,1.0,0,0,152116
segformer__scratch__mit-b2__in_rover__seed1416__gpu_full__99146410__git3e52372c__codebebd8b2d__20260717T090304272832Z,msl_ncam_nlb_454577912edr_f0330660ncam00292m1,test_msl,ALL,boundary_f1,1.0,0,0,152116
segformer__scratch__mit-b2__in_rover__seed1416__gpu_full__99146410__git3e52372c__codebebd8b2d__20260717T090304272832Z,msl_ncam_nlb_455641497edr_f0340774ncam00251m1,test_msl,soil,iou,1.0,200625,200625,200625
segformer__scratch__mit-b2__in_rover__seed1416__gpu_full__99146410__git3e52372c__codebebd8b2d__20260717T090304272832Z,msl_ncam_nlb_455641497edr_f0340774ncam00251m1,test_msl,bedrock,iou,,0,0,200625
segformer__scratch__mit-b2__in_rover__seed1416__gpu_full__99146410__git3e52372c__codebebd8b2d__20260717T090304272832Z,msl_ncam_nlb_455641497edr_f0340774ncam00251m1,test_msl,sand,iou,,0,0,200625
segformer__scratch__mit-b2__in_rover__seed1416__gpu_full__99146410__git3e52372c__codebebd8b2d__20260717T090304272832Z,msl_ncam_nlb_455641497edr_f0340774ncam00251m1,test_msl,big_rock,iou,,0,0,200625
segformer__scratch__mit-b2__in_rover__seed1416__gpu_full__99146410__git3e52372c__codebebd8b2d__20260717T090304272832Z,msl_ncam_nlb_455641497edr_f0340774ncam00251m1,test_msl,ALL,pixel_acc,1.0,0,0,200625
segformer__scratch__mit-b2__in_rover__seed1416__gpu_full__99146410__git3e52372c__codebebd8b2d__20260717T090304272832Z,msl_ncam_nlb_455641497edr_f0340774ncam00251m1,test_msl,ALL,boundary_f1,1.0,0,0,200625
segformer__scratch__mit-b2__in_rover__seed1416__gpu_full__99146410__git3e52372c__codebebd8b2d__20260717T090304272832Z,msl_ncam_nlb_455642279edr_f0340774ncam00354m1,test_msl,soil,iou,,0,0,0
segformer__scratch__mit-b2__in_rover__seed1416__gpu_full__99146410__git3e52372c__codebebd8b2d__20260717T090304272832Z,msl_ncam_nlb_455642279edr_f0340774ncam00354m1,test_msl,bedrock,iou,,0,0,0
segformer__scratch__mit-b2__in_rover__seed1416__gpu_full__99146410__git3e52372c__codebebd8b2d__20260717T090304272832Z,msl_ncam_nlb_455642279edr_f0340774ncam00354m1,test_msl,sand,iou,,0,0,0
segformer__scratch__mit-b2__in_rover__seed1416__gpu_full__99146410__git3e52372c__codebebd8b2d__20260717T090304272832Z,msl_ncam_nlb_455642279edr_f0340774ncam00354m1,test_msl,big_rock,iou,,0,0,0
segformer__scratch__mit-b2__in_rover__seed1416__gpu_full__99146410__git3e52372c__codebebd8b2d__20260717T090304272832Z,msl_ncam_nlb_455642279edr_f0340774ncam00354m1,test_msl,ALL,pixel_acc,,0,0,0
segformer__scratch__mit-b2__in_rover__seed1416__gpu_full__99146410__git3e52372c__codebebd8b2d__20260717T090304272832Z,msl_ncam_nlb_455642279edr_f0340774ncam00354m1,test_msl,ALL,boundary_f1,,0,0,0
segformer__scratch__mit-b2__in_rover__seed1416__gpu_full__99146410__git3e52372c__codebebd8b2d__20260717T090304272832Z,msl_ncam_nlb_455642442edr_f0340774ncam00252m1,test_msl,soil,iou,1.0,411,411,411
segformer__scratch__mit-b2__in_rover__seed1416__gpu_full__99146410__git3e52372c__codebebd8b2d__20260717T090304272832Z,msl_ncam_nlb_455642442edr_f0340774ncam00252m1,test_msl,bedrock,iou,,0,0,411
segformer__scratch__mit-b2__in_rover__seed1416__gpu_full__99146410__git3e52372c__codebebd8b2d__20260717T090304272832Z,msl_ncam_nlb_455642442edr_f0340774ncam00252m1,test_msl,sand,iou,,0,0,411
segformer__scratch__mit-b2__in_rover__seed1416__gpu_full__99146410__git3e52372c__codebebd8b2d__20260717T090304272832Z,msl_ncam_nlb_455642442edr_f0340774ncam00252m1,test_msl,big_rock,iou,,0,0,411
segformer__scratch__mit-b2__in_rover__seed1416__gpu_full__99146410__git3e52372c__codebebd8b2d__20260717T090304272832Z,msl_ncam_nlb_455642442edr_f0340774ncam00252m1,test_msl,ALL,pixel_acc,1.0,0,0,411
segformer__scratch__mit-b2__in_rover__seed1416__gpu_full__99146410__git3e52372c__codebebd8b2d__20260717T090304272832Z,msl_ncam_nlb_455642442edr_f0340774ncam00252m1,test_msl,ALL,boundary_f1,1.0,0,0,411
segformer__scratch__mit-b2__in_rover__seed1416__gpu_full__99146410__git3e52372c__codebebd8b2d__20260717T090304272832Z,msl_ncam_nlb_455642480edr_f0340774ncam00252m1,test_msl,soil,iou,1.0,162032,162032,162032
segformer__scratch__mit-b2__in_rover__seed1416__gpu_full__99146410__git3e52372c__codebebd8b2d__20260717T090304272832Z,msl_ncam_nlb_455642480edr_f0340774ncam00252m1,test_msl,bedrock,iou,,0,0,162032
segformer__scratch__mit-b2__in_rover__seed1416__gpu_full__99146410__git3e52372c__codebebd8b2d__20260717T090304272832Z,msl_ncam_nlb_455642480edr_f0340774ncam00252m1,test_msl,sand,iou,,0,0,162032
segformer__scratch__mit-b2__in_rover__seed1416__gpu_full__99146410__git3e52372c__codebebd8b2d__20260717T090304272832Z,msl_ncam_nlb_455642480edr_f0340774ncam00252m1,test_msl,big_rock,iou,,0,0,162032
segformer__scratch__mit-b2__in_rover__seed1416__gpu_full__99146410__git3e52372c__codebebd8b2d__20260717T090304272832Z,msl_ncam_nlb_455642480edr_f0340774ncam00252m1,test_msl,ALL,pixel_acc,1.0,0,0,162032
segformer__scratch__mit-b2__in_rover__seed1416__gpu_full__99146410__git3e52372c__codebebd8b2d__20260717T090304272832Z,msl_ncam_nlb_455642480edr_f0340774ncam00252m1,test_msl,ALL,boundary_f1,1.0,0,0,162032
segformer__scratch__mit-b2__in_rover__seed1416__gpu_full__99146410__git3e52372c__codebebd8b2d__20260717T090304272832Z,msl_ncam_nlb_455642594edr_f0340774ncam00252m1,test_msl,soil,iou,1.0,59579,59579,59579
segformer__scratch__mit-b2__in_rover__seed1416__gpu_full__99146410__git3e52372c__codebebd8b2d__20260717T090304272832Z,msl_ncam_nlb_455642594edr_f0340774ncam00252m1,test_msl,bedrock,iou,,0,0,59579
segformer__scratch__mit-b2__in_rover__seed1416__gpu_full__99146410__git3e52372c__codebebd8b2d__20260717T090304272832Z,msl_ncam_nlb_455642594edr_f0340774ncam00252m1,test_msl,sand,iou,,0,0,59579
segformer__scratch__mit-b2__in_rover__seed1416__gpu_full__99146410__git3e52372c__codebebd8b2d__20260717T090304272832Z,msl_ncam_nlb_455642594edr_f0340774ncam00252m1,test_msl,big_rock,iou,,0,0,59579
segformer__scratch__mit-b2__in_rover__seed1416__gpu_full__99146410__git3e52372c__codebebd8b2d__20260717T090304272832Z,msl_ncam_nlb_455642594edr_f0340774ncam00252m1,test_msl,ALL,pixel_acc,1.0,0,0,59579
segformer__scratch__mit-b2__in_rover__seed1416__gpu_full__99146410__git3e52372c__codebebd8b2d__20260717T090304272832Z,msl_ncam_nlb_455642594edr_f0340774ncam00252m1,test_msl,ALL,boundary_f1,1.0,0,0,59579
segformer__scratch__mit-b2__in_rover__seed1416__gpu_full__99146410__git3e52372c__codebebd8b2d__20260717T090304272832Z,msl_ncam_nlb_457064543edr_f0371542ncam00273m1,test_msl,soil,iou,0.9770268484946347,66558,68123,68123
segformer__scratch__mit-b2__in_rover__seed1416__gpu_full__99146410__git3e52372c__codebebd8b2d__20260717T090304272832Z,msl_ncam_nlb_457064543edr_f0371542ncam00273m1,test_msl,bedrock,iou,,0,0,68123
segformer__scratch__mit-b2__in_rover__seed1416__gpu_full__99146410__git3e52372c__codebebd8b2d__20260717T090304272832Z,msl_ncam_nlb_457064543edr_f0371542ncam00273m1,test_msl,sand,iou,0.0,0,1565,68123
segformer__scratch__mit-b2__in_rover__seed1416__gpu_full__99146410__git3e52372c__codebebd8b2d__20260717T090304272832Z,msl_ncam_nlb_457064543edr_f0371542ncam00273m1,test_msl,big_rock,iou,,0,0,68123
segformer__scratch__mit-b2__in_rover__seed1416__gpu_full__99146410__git3e52372c__codebebd8b2d__20260717T090304272832Z,msl_ncam_nlb_457064543edr_f0371542ncam00273m1,test_msl,ALL,pixel_acc,0.9770268484946347,0,0,68123
segformer__scratch__mit-b2__in_rover__seed1416__gpu_full__99146410__git3e52372c__codebebd8b2d__20260717T090304272832Z,msl_ncam_nlb_457064543edr_f0371542ncam00273m1,test_msl,ALL,boundary_f1,0.4633726321367068,0,0,68123
segformer__scratch__mit-b2__in_rover__seed1416__gpu_full__99146410__git3e52372c__codebebd8b2d__20260717T090304272832Z,msl_ncam_nlb_457064954edr_f0371542ncam00354m1,test_msl,soil,iou,,0,0,0
segformer__scratch__mit-b2__in_rover__seed1416__gpu_full__99146410__git3e52372c__codebebd8b2d__20260717T090304272832Z,msl_ncam_nlb_457064954edr_f0371542ncam00354m1,test_msl,bedrock,iou,,0,0,0
segformer__scratch__mit-b2__in_rover__seed1416__gpu_full__99146410__git3e52372c__codebebd8b2d__20260717T090304272832Z,msl_ncam_nlb_457064954edr_f0371542ncam00354m1,test_msl,sand,iou,,0,0,0
segformer__scratch__mit-b2__in_rover__seed1416__gpu_full__99146410__git3e52372c__codebebd8b2d__20260717T090304272832Z,msl_ncam_nlb_457064954edr_f0371542ncam00354m1,test_msl,big_rock,iou,,0,0,0
segformer__scratch__mit-b2__in_rover__seed1416__gpu_full__99146410__git3e52372c__codebebd8b2d__20260717T090304272832Z,msl_ncam_nlb_457064954edr_f0371542ncam00354m1,test_msl,ALL,pixel_acc,,0,0,0
segformer__scratch__mit-b2__in_rover__seed1416__gpu_full__99146410__git3e52372c__codebebd8b2d__20260717T090304272832Z,msl_ncam_nlb_457064954edr_f0371542ncam00354m1,test_msl,ALL,boundary_f1,,0,0,0
segformer__scratch__mit-b2__in_rover__seed1416__gpu_full__99146410__git3e52372c__codebebd8b2d__20260717T090304272832Z,msl_ncam_nlb_457065016edr_f0371542ncam00354m1,test_msl,soil,iou,1.0,169467,169467,169467
segformer__scratch__mit-b2__in_rover__seed1416__gpu_full__99146410__git3e52372c__codebebd8b2d__20260717T090304272832Z,msl_ncam_nlb_457065016edr_f0371542ncam00354m1,test_msl,bedrock,iou,,0,0,169467
segformer__scratch__mit-b2__in_rover__seed1416__gpu_full__99146410__git3e52372c__codebebd8b2d__20260717T090304272832Z,msl_ncam_nlb_457065016edr_f0371542ncam00354m1,test_msl,sand,iou,,0,0,169467
segformer__scratch__mit-b2__in_rover__seed1416__gpu_full__99146410__git3e52372c__codebebd8b2d__20260717T090304272832Z,msl_ncam_nlb_457065016edr_f0371542ncam00354m1,test_msl,big_rock,iou,,0,0,169467
segformer__scratch__mit-b2__in_rover__seed1416__gpu_full__99146410__git3e52372c__codebebd8b2d__20260717T090304272832Z,msl_ncam_nlb_457065016edr_f0371542ncam00354m1,test_msl,ALL,pixel_acc,1.0,0,0,169467
segformer__scratch__mit-b2__in_rover__seed1416__gpu_full__99146410__git3e52372c__codebebd8b2d__20260717T090304272832Z,msl_ncam_nlb_457065016edr_f0371542ncam00354m1,test_msl,ALL,boundary_f1,1.0,0,0,169467
segformer__scratch__mit-b2__in_rover__seed1416__gpu_full__99146410__git3e52372c__codebebd8b2d__20260717T090304272832Z,msl_ncam_nlb_457065086edr_f0371542ncam00354m1,test_msl,soil,iou,0.9788929112750686,78146,79831,79831
segformer__scratch__mit-b2__in_rover__seed1416__gpu_full__99146410__git3e52372c__codebebd8b2d__20260717T090304272832Z,msl_ncam_nlb_457065086edr_f0371542ncam00354m1,test_msl,bedrock,iou,,0,0,79831
segformer__scratch__mit-b2__in_rover__seed1416__gpu_full__99146410__git3e52372c__codebebd8b2d__20260717T090304272832Z,msl_ncam_nlb_457065086edr_f0371542ncam00354m1,test_msl,sand,iou,0.0,0,1685,79831
segformer__scratch__mit-b2__in_rover__seed1416__gpu_full__99146410__git3e52372c__codebebd8b2d__20260717T090304272832Z,msl_ncam_nlb_457065086edr_f0371542ncam00354m1,test_msl,big_rock,iou,,0,0,79831
segformer__scratch__mit-b2__in_rover__seed1416__gpu_full__99146410__git3e52372c__codebebd8b2d__20260717T090304272832Z,msl_ncam_nlb_457065086edr_f0371542ncam00354m1,test_msl,ALL,pixel_acc,0.9788929112750686,0,0,79831
segformer__scratch__mit-b2__in_rover__seed1416__gpu_full__99146410__git3e52372c__codebebd8b2d__20260717T090304272832Z,msl_ncam_nlb_457065086edr_f0371542ncam00354m1,test_msl,ALL,boundary_f1,0.46907993966817496,0,0,79831
segformer__scratch__mit-b2__in_rover__seed1416__gpu_full__99146410__git3e52372c__codebebd8b2d__20260717T090304272832Z,msl_ncam_nlb_457072541edr_f0371542ncam00274m1,test_msl,soil,iou,1.0,53194,53194,53194
segformer__scratch__mit-b2__in_rover__seed1416__gpu_full__99146410__git3e52372c__codebebd8b2d__20260717T090304272832Z,msl_ncam_nlb_457072541edr_f0371542ncam00274m1,test_msl,bedrock,iou,,0,0,53194
segformer__scratch__mit-b2__in_rover__seed1416__gpu_full__99146410__git3e52372c__codebebd8b2d__20260717T090304272832Z,msl_ncam_nlb_457072541edr_f0371542ncam00274m1,test_msl,sand,iou,,0,0,53194
segformer__scratch__mit-b2__in_rover__seed1416__gpu_full__99146410__git3e52372c__codebebd8b2d__20260717T090304272832Z,msl_ncam_nlb_457072541edr_f0371542ncam00274m1,test_msl,big_rock,iou,,0,0,53194
segformer__scratch__mit-b2__in_rover__seed1416__gpu_full__99146410__git3e52372c__codebebd8b2d__20260717T090304272832Z,msl_ncam_nlb_457072541edr_f0371542ncam00274m1,test_msl,ALL,pixel_acc,1.0,0,0,53194
segformer__scratch__mit-b2__in_rover__seed1416__gpu_full__99146410__git3e52372c__codebebd8b2d__20260717T090304272832Z,msl_ncam_nlb_457072541edr_f0371542ncam00274m1,test_msl,ALL,boundary_f1,1.0,0,0,53194
segformer__scratch__mit-b2__in_rover__seed1416__gpu_full__99146410__git3e52372c__codebebd8b2d__20260717T090304272832Z,msl_ncam_nlb_457072755edr_f0371542ncam00274m1,test_msl,soil,iou,1.0,71012,71012,71012
segformer__scratch__mit-b2__in_rover__seed1416__gpu_full__99146410__git3e52372c__codebebd8b2d__20260717T090304272832Z,msl_ncam_nlb_457072755edr_f0371542ncam00274m1,test_msl,bedrock,iou,,0,0,71012
segformer__scratch__mit-b2__in_rover__seed1416__gpu_full__99146410__git3e52372c__codebebd8b2d__20260717T090304272832Z,msl_ncam_nlb_457072755edr_f0371542ncam00274m1,test_msl,sand,iou,,0,0,71012
segformer__scratch__mit-b2__in_rover__seed1416__gpu_full__99146410__git3e52372c__codebebd8b2d__20260717T090304272832Z,msl_ncam_nlb_457072755edr_f0371542ncam00274m1,test_msl,big_rock,iou,,0,0,71012
segformer__scratch__mit-b2__in_rover__seed1416__gpu_full__99146410__git3e52372c__codebebd8b2d__20260717T090304272832Z,msl_ncam_nlb_457072755edr_f0371542ncam00274m1,test_msl,ALL,pixel_acc,1.0,0,0,71012
segformer__scratch__mit-b2__in_rover__seed1416__gpu_full__99146410__git3e52372c__codebebd8b2d__20260717T090304272832Z,msl_ncam_nlb_457072755edr_f0371542ncam00274m1,test_msl,ALL,boundary_f1,1.0,0,0,71012
segformer__scratch__mit-b2__in_rover__seed1416__gpu_full__99146410__git3e52372c__codebebd8b2d__20260717T090304272832Z,msl_ncam_nlb_457152468edr_f0380000ncam00346m1,test_msl,soil,iou,,0,0,89859
segformer__scratch__mit-b2__in_rover__seed1416__gpu_full__99146410__git3e52372c__codebebd8b2d__20260717T090304272832Z,msl_ncam_nlb_457152468edr_f0380000ncam00346m1,test_msl,bedrock,iou,,0,0,89859
segformer__scratch__mit-b2__in_rover__seed1416__gpu_full__99146410__git3e52372c__codebebd8b2d__20260717T090304272832Z,msl_ncam_nlb_457152468edr_f0380000ncam00346m1,test_msl,sand,iou,1.0,89859,89859,89859
segformer__scratch__mit-b2__in_rover__seed1416__gpu_full__99146410__git3e52372c__codebebd8b2d__20260717T090304272832Z,msl_ncam_nlb_457152468edr_f0380000ncam00346m1,test_msl,big_rock,iou,,0,0,89859
segformer__scratch__mit-b2__in_rover__seed1416__gpu_full__99146410__git3e52372c__codebebd8b2d__20260717T090304272832Z,msl_ncam_nlb_457152468edr_f0380000ncam00346m1,test_msl,ALL,pixel_acc,1.0,0,0,89859
segformer__scratch__mit-b2__in_rover__seed1416__gpu_full__99146410__git3e52372c__codebebd8b2d__20260717T090304272832Z,msl_ncam_nlb_457152468edr_f0380000ncam00346m1,test_msl,ALL,boundary_f1,1.0,0,0,89859
segformer__scratch__mit-b2__in_rover__seed1416__gpu_full__99146410__git3e52372c__codebebd8b2d__20260717T090304272832Z,msl_ncam_nlb_457152554edr_f0380000ncam00275m1,test_msl,soil,iou,0.9620263591433278,11679,12140,177280
segformer__scratch__mit-b2__in_rover__seed1416__gpu_full__99146410__git3e52372c__codebebd8b2d__20260717T090304272832Z,msl_ncam_nlb_457152554edr_f0380000ncam00275m1,test_msl,bedrock,iou,,0,0,177280
segformer__scratch__mit-b2__in_rover__seed1416__gpu_full__99146410__git3e52372c__codebebd8b2d__20260717T090304272832Z,msl_ncam_nlb_457152554edr_f0380000ncam00275m1,test_msl,sand,iou,0.9972162003852634,165140,165601,177280
segformer__scratch__mit-b2__in_rover__seed1416__gpu_full__99146410__git3e52372c__codebebd8b2d__20260717T090304272832Z,msl_ncam_nlb_457152554edr_f0380000ncam00275m1,test_msl,big_rock,iou,,0,0,177280
segformer__scratch__mit-b2__in_rover__seed1416__gpu_full__99146410__git3e52372c__codebebd8b2d__20260717T090304272832Z,msl_ncam_nlb_457152554edr_f0380000ncam00275m1,test_msl,ALL,pixel_acc,0.9973995938628158,0,0,177280
segformer__scratch__mit-b2__in_rover__seed1416__gpu_full__99146410__git3e52372c__codebebd8b2d__20260717T090304272832Z,msl_ncam_nlb_457152554edr_f0380000ncam00275m1,test_msl,ALL,boundary_f1,0.9328602032410052,0,0,177280
segformer__scratch__mit-b2__in_rover__seed1416__gpu_full__99146410__git3e52372c__codebebd8b2d__20260717T090304272832Z,msl_ncam_nlb_457153024edr_f0380000ncam00354m1,test_msl,soil,iou,,0,0,103858
segformer__scratch__mit-b2__in_rover__seed1416__gpu_full__99146410__git3e52372c__codebebd8b2d__20260717T090304272832Z,msl_ncam_nlb_457153024edr_f0380000ncam00354m1,test_msl,bedrock,iou,,0,0,103858
segformer__scratch__mit-b2__in_rover__seed1416__gpu_full__99146410__git3e52372c__codebebd8b2d__20260717T090304272832Z,msl_ncam_nlb_457153024edr_f0380000ncam00354m1,test_msl,sand,iou,1.0,103858,103858,103858
segformer__scratch__mit-b2__in_rover__seed1416__gpu_full__99146410__git3e52372c__codebebd8b2d__20260717T090304272832Z,msl_ncam_nlb_457153024edr_f0380000ncam00354m1,test_msl,big_rock,iou,,0,0,103858
segformer__scratch__mit-b2__in_rover__seed1416__gpu_full__99146410__git3e52372c__codebebd8b2d__20260717T090304272832Z,msl_ncam_nlb_457153024edr_f0380000ncam00354m1,test_msl,ALL,pixel_acc,1.0,0,0,103858
segformer__scratch__mit-b2__in_rover__seed1416__gpu_full__99146410__git3e52372c__codebebd8b2d__20260717T090304272832Z,msl_ncam_nlb_457153024edr_f0380000ncam00354m1,test_msl,ALL,boundary_f1,1.0,0,0,103858
segformer__scratch__mit-b2__in_rover__seed1416__gpu_full__99146410__git3e52372c__codebebd8b2d__20260717T090304272832Z,msl_ncam_nlb_457153056edr_f0380000ncam00354m1,test_msl,soil,iou,,0,0,167988
segformer__scratch__mit-b2__in_rover__seed1416__gpu_full__99146410__git3e52372c__codebebd8b2d__20260717T090304272832Z,msl_ncam_nlb_457153056edr_f0380000ncam00354m1,test_msl,bedrock,iou,,0,0,167988
segformer__scratch__mit-b2__in_rover__seed1416__gpu_full__99146410__git3e52372c__codebebd8b2d__20260717T090304272832Z,msl_ncam_nlb_457153056edr_f0380000ncam00354m1,test_msl,sand,iou,1.0,167988,167988,167988
segformer__scratch__mit-b2__in_rover__seed1416__gpu_full__99146410__git3e52372c__codebebd8b2d__20260717T090304272832Z,msl_ncam_nlb_457153056edr_f0380000ncam00354m1,test_msl,big_rock,iou,,0,0,167988
segformer__scratch__mit-b2__in_rover__seed1416__gpu_full__99146410__git3e52372c__codebebd8b2d__20260717T090304272832Z,msl_ncam_nlb_457153056edr_f0380000ncam00354m1,test_msl,ALL,pixel_acc,1.0,0,0,167988
segformer__scratch__mit-b2__in_rover__seed1416__gpu_full__99146410__git3e52372c__codebebd8b2d__20260717T090304272832Z,msl_ncam_nlb_457153056edr_f0380000ncam00354m1,test_msl,ALL,boundary_f1,1.0,0,0,167988
segformer__scratch__mit-b2__in_rover__seed1416__gpu_full__99146410__git3e52372c__codebebd8b2d__20260717T090304272832Z,msl_ncam_nlb_457153156edr_f0380000ncam00354m1,test_msl,soil,iou,,0,0,119229
segformer__scratch__mit-b2__in_rover__seed1416__gpu_full__99146410__git3e52372c__codebebd8b2d__20260717T090304272832Z,msl_ncam_nlb_457153156edr_f0380000ncam00354m1,test_msl,bedrock,iou,,0,0,119229
segformer__scratch__mit-b2__in_rover__seed1416__gpu_full__99146410__git3e52372c__codebebd8b2d__20260717T090304272832Z,msl_ncam_nlb_457153156edr_f0380000ncam00354m1,test_msl,sand,iou,1.0,119229,119229,119229
segformer__scratch__mit-b2__in_rover__seed1416__gpu_full__99146410__git3e52372c__codebebd8b2d__20260717T090304272832Z,msl_ncam_nlb_457153156edr_f0380000ncam00354m1,test_msl,big_rock,iou,,0,0,119229
segformer__scratch__mit-b2__in_rover__seed1416__gpu_full__99146410__git3e52372c__codebebd8b2d__20260717T090304272832Z,msl_ncam_nlb_457153156edr_f0380000ncam00354m1,test_msl,ALL,pixel_acc,1.0,0,0,119229
segformer__scratch__mit-b2__in_rover__seed1416__gpu_full__99146410__git3e52372c__codebebd8b2d__20260717T090304272832Z,msl_ncam_nlb_457153156edr_f0380000ncam00354m1,test_msl,ALL,boundary_f1,1.0,0,0,119229
segformer__scratch__mit-b2__in_rover__seed1416__gpu_full__99146410__git3e52372c__codebebd8b2d__20260717T090304272832Z,msl_ncam_nlb_457153643edr_f0380000ncam00276m1,test_msl,soil,iou,0.7584650112866818,10416,13733,99398
segformer__scratch__mit-b2__in_rover__seed1416__gpu_full__99146410__git3e52372c__codebebd8b2d__20260717T090304272832Z,msl_ncam_nlb_457153643edr_f0380000ncam00276m1,test_msl,bedrock,iou,,0,0,99398
segformer__scratch__mit-b2__in_rover__seed1416__gpu_full__99146410__git3e52372c__codebebd8b2d__20260717T090304272832Z,msl_ncam_nlb_457153643edr_f0380000ncam00276m1,test_msl,sand,iou,0.962722797869232,85665,88982,99398
segformer__scratch__mit-b2__in_rover__seed1416__gpu_full__99146410__git3e52372c__codebebd8b2d__20260717T090304272832Z,msl_ncam_nlb_457153643edr_f0380000ncam00276m1,test_msl,big_rock,iou,,0,0,99398
segformer__scratch__mit-b2__in_rover__seed1416__gpu_full__99146410__git3e52372c__codebebd8b2d__20260717T090304272832Z,msl_ncam_nlb_457153643edr_f0380000ncam00276m1,test_msl,ALL,pixel_acc,0.9666291072254974,0,0,99398
segformer__scratch__mit-b2__in_rover__seed1416__gpu_full__99146410__git3e52372c__codebebd8b2d__20260717T090304272832Z,msl_ncam_nlb_457153643edr_f0380000ncam00276m1,test_msl,ALL,boundary_f1,0.7735276942935354,0,0,99398
segformer__scratch__mit-b2__in_rover__seed1416__gpu_full__99146410__git3e52372c__codebebd8b2d__20260717T090304272832Z,msl_ncam_nlb_457153706edr_f0380000ncam00276m1,test_msl,soil,iou,0.5166873585043453,7075,13693,108607
segformer__scratch__mit-b2__in_rover__seed1416__gpu_full__99146410__git3e52372c__codebebd8b2d__20260717T090304272832Z,msl_ncam_nlb_457153706edr_f0380000ncam00276m1,test_msl,bedrock,iou,,0,0,108607
segformer__scratch__mit-b2__in_rover__seed1416__gpu_full__99146410__git3e52372c__codebebd8b2d__20260717T090304272832Z,msl_ncam_nlb_457153706edr_f0380000ncam00276m1,test_msl,sand,iou,0.9348185793641414,94914,101532,108607
segformer__scratch__mit-b2__in_rover__seed1416__gpu_full__99146410__git3e52372c__codebebd8b2d__20260717T090304272832Z,msl_ncam_nlb_457153706edr_f0380000ncam00276m1,test_msl,big_rock,iou,,0,0,108607
segformer__scratch__mit-b2__in_rover__seed1416__gpu_full__99146410__git3e52372c__codebebd8b2d__20260717T090304272832Z,msl_ncam_nlb_457153706edr_f0380000ncam00276m1,test_msl,ALL,pixel_acc,0.9390647011702745,0,0,108607
segformer__scratch__mit-b2__in_rover__seed1416__gpu_full__99146410__git3e52372c__codebebd8b2d__20260717T090304272832Z,msl_ncam_nlb_457153706edr_f0380000ncam00276m1,test_msl,ALL,boundary_f1,0.6084999242835636,0,0,108607
segformer__scratch__mit-b2__in_rover__seed1416__gpu_full__99146410__git3e52372c__codebebd8b2d__20260717T090304272832Z,msl_ncam_nlb_459278092edr_f0391396ncam00207m1,test_msl,soil,iou,,0,0,0
segformer__scratch__mit-b2__in_rover__seed1416__gpu_full__99146410__git3e52372c__codebebd8b2d__20260717T090304272832Z,msl_ncam_nlb_459278092edr_f0391396ncam00207m1,test_msl,bedrock,iou,,0,0,0
segformer__scratch__mit-b2__in_rover__seed1416__gpu_full__99146410__git3e52372c__codebebd8b2d__20260717T090304272832Z,msl_ncam_nlb_459278092edr_f0391396ncam00207m1,test_msl,sand,iou,,0,0,0
segformer__scratch__mit-b2__in_rover__seed1416__gpu_full__99146410__git3e52372c__codebebd8b2d__20260717T090304272832Z,msl_ncam_nlb_459278092edr_f0391396ncam00207m1,test_msl,big_rock,iou,,0,0,0
segformer__scratch__mit-b2__in_rover__seed1416__gpu_full__99146410__git3e52372c__codebebd8b2d__20260717T090304272832Z,msl_ncam_nlb_459278092edr_f0391396ncam00207m1,test_msl,ALL,pixel_acc,,0,0,0
segformer__scratch__mit-b2__in_rover__seed1416__gpu_full__99146410__git3e52372c__codebebd8b2d__20260717T090304272832Z,msl_ncam_nlb_459278092edr_f0391396ncam00207m1,test_msl,ALL,boundary_f1,,0,0,0
segformer__scratch__mit-b2__in_rover__seed1416__gpu_full__99146410__git3e52372c__codebebd8b2d__20260717T090304272832Z,msl_ncam_nlb_459290932edr_f0391552ncam00354m1,test_msl,soil,iou,1.0,91075,91075,91075
segformer__scratch__mit-b2__in_rover__seed1416__gpu_full__99146410__git3e52372c__codebebd8b2d__20260717T090304272832Z,msl_ncam_nlb_459290932edr_f0391552ncam00354m1,test_msl,bedrock,iou,,0,0,91075
segformer__scratch__mit-b2__in_rover__seed1416__gpu_full__99146410__git3e52372c__codebebd8b2d__20260717T090304272832Z,msl_ncam_nlb_459290932edr_f0391552ncam00354m1,test_msl,sand,iou,,0,0,91075
segformer__scratch__mit-b2__in_rover__seed1416__gpu_full__99146410__git3e52372c__codebebd8b2d__20260717T090304272832Z,msl_ncam_nlb_459290932edr_f0391552ncam00354m1,test_msl,big_rock,iou,,0,0,91075
segformer__scratch__mit-b2__in_rover__seed1416__gpu_full__99146410__git3e52372c__codebebd8b2d__20260717T090304272832Z,msl_ncam_nlb_459290932edr_f0391552ncam00354m1,test_msl,ALL,pixel_acc,1.0,0,0,91075
segformer__scratch__mit-b2__in_rover__seed1416__gpu_full__99146410__git3e52372c__codebebd8b2d__20260717T090304272832Z,msl_ncam_nlb_459290932edr_f0391552ncam00354m1,test_msl,ALL,boundary_f1,1.0,0,0,91075
segformer__scratch__mit-b2__in_rover__seed1416__gpu_full__99146410__git3e52372c__codebebd8b2d__20260717T090304272832Z,msl_ncam_nlb_459291038edr_f0391552ncam00252m1,test_msl,soil,iou,,0,0,0
segformer__scratch__mit-b2__in_rover__seed1416__gpu_full__99146410__git3e52372c__codebebd8b2d__20260717T090304272832Z,msl_ncam_nlb_459291038edr_f0391552ncam00252m1,test_msl,bedrock,iou,,0,0,0
segformer__scratch__mit-b2__in_rover__seed1416__gpu_full__99146410__git3e52372c__codebebd8b2d__20260717T090304272832Z,msl_ncam_nlb_459291038edr_f0391552ncam00252m1,test_msl,sand,iou,,0,0,0
segformer__scratch__mit-b2__in_rover__seed1416__gpu_full__99146410__git3e52372c__codebebd8b2d__20260717T090304272832Z,msl_ncam_nlb_459291038edr_f0391552ncam00252m1,test_msl,big_rock,iou,,0,0,0
segformer__scratch__mit-b2__in_rover__seed1416__gpu_full__99146410__git3e52372c__codebebd8b2d__20260717T090304272832Z,msl_ncam_nlb_459291038edr_f0391552ncam00252m1,test_msl,ALL,pixel_acc,,0,0,0
segformer__scratch__mit-b2__in_rover__seed1416__gpu_full__99146410__git3e52372c__codebebd8b2d__20260717T090304272832Z,msl_ncam_nlb_459291038edr_f0391552ncam00252m1,test_msl,ALL,boundary_f1,,0,0,0
segformer__scratch__mit-b2__in_rover__seed1416__gpu_full__99146410__git3e52372c__codebebd8b2d__20260717T090304272832Z,msl_ncam_nlb_459291152edr_f0391552ncam00252m1,test_msl,soil,iou,1.0,48046,48046,48046
segformer__scratch__mit-b2__in_rover__seed1416__gpu_full__99146410__git3e52372c__codebebd8b2d__20260717T090304272832Z,msl_ncam_nlb_459291152edr_f0391552ncam00252m1,test_msl,bedrock,iou,,0,0,48046
segformer__scratch__mit-b2__in_rover__seed1416__gpu_full__99146410__git3e52372c__codebebd8b2d__20260717T090304272832Z,msl_ncam_nlb_459291152edr_f0391552ncam00252m1,test_msl,sand,iou,,0,0,48046
segformer__scratch__mit-b2__in_rover__seed1416__gpu_full__99146410__git3e52372c__codebebd8b2d__20260717T090304272832Z,msl_ncam_nlb_459291152edr_f0391552ncam00252m1,test_msl,big_rock,iou,,0,0,48046
segformer__scratch__mit-b2__in_rover__seed1416__gpu_full__99146410__git3e52372c__codebebd8b2d__20260717T090304272832Z,msl_ncam_nlb_459291152edr_f0391552ncam00252m1,test_msl,ALL,pixel_acc,1.0,0,0,48046
segformer__scratch__mit-b2__in_rover__seed1416__gpu_full__99146410__git3e52372c__codebebd8b2d__20260717T090304272832Z,msl_ncam_nlb_459291152edr_f0391552ncam00252m1,test_msl,ALL,boundary_f1,1.0,0,0,48046
segformer__scratch__mit-b2__in_rover__seed1416__gpu_full__99146410__git3e52372c__codebebd8b2d__20260717T090304272832Z,msl_ncam_nlb_459291220edr_f0391552ncam00252m1,test_msl,soil,iou,1.0,132596,132596,132596
segformer__scratch__mit-b2__in_rover__seed1416__gpu_full__99146410__git3e52372c__codebebd8b2d__20260717T090304272832Z,msl_ncam_nlb_459291220edr_f0391552ncam00252m1,test_msl,bedrock,iou,,0,0,132596
segformer__scratch__mit-b2__in_rover__seed1416__gpu_full__99146410__git3e52372c__codebebd8b2d__20260717T090304272832Z,msl_ncam_nlb_459291220edr_f0391552ncam00252m1,test_msl,sand,iou,,0,0,132596
segformer__scratch__mit-b2__in_rover__seed1416__gpu_full__99146410__git3e52372c__codebebd8b2d__20260717T090304272832Z,msl_ncam_nlb_459291220edr_f0391552ncam00252m1,test_msl,big_rock,iou,,0,0,132596
segformer__scratch__mit-b2__in_rover__seed1416__gpu_full__99146410__git3e52372c__codebebd8b2d__20260717T090304272832Z,msl_ncam_nlb_459291220edr_f0391552ncam00252m1,test_msl,ALL,pixel_acc,1.0,0,0,132596
segformer__scratch__mit-b2__in_rover__seed1416__gpu_full__99146410__git3e52372c__codebebd8b2d__20260717T090304272832Z,msl_ncam_nlb_459291220edr_f0391552ncam00252m1,test_msl,ALL,boundary_f1,1.0,0,0,132596
segformer__scratch__mit-b2__in_rover__seed1416__gpu_full__99146410__git3e52372c__codebebd8b2d__20260717T090304272832Z,msl_ncam_nlb_462743799edr_f0410322ncam00271m1,test_msl,soil,iou,1.0,49308,49308,49308
segformer__scratch__mit-b2__in_rover__seed1416__gpu_full__99146410__git3e52372c__codebebd8b2d__20260717T090304272832Z,msl_ncam_nlb_462743799edr_f0410322ncam00271m1,test_msl,bedrock,iou,,0,0,49308
segformer__scratch__mit-b2__in_rover__seed1416__gpu_full__99146410__git3e52372c__codebebd8b2d__20260717T090304272832Z,msl_ncam_nlb_462743799edr_f0410322ncam00271m1,test_msl,sand,iou,,0,0,49308
segformer__scratch__mit-b2__in_rover__seed1416__gpu_full__99146410__git3e52372c__codebebd8b2d__20260717T090304272832Z,msl_ncam_nlb_462743799edr_f0410322ncam00271m1,test_msl,big_rock,iou,,0,0,49308
segformer__scratch__mit-b2__in_rover__seed1416__gpu_full__99146410__git3e52372c__codebebd8b2d__20260717T090304272832Z,msl_ncam_nlb_462743799edr_f0410322ncam00271m1,test_msl,ALL,pixel_acc,1.0,0,0,49308
segformer__scratch__mit-b2__in_rover__seed1416__gpu_full__99146410__git3e52372c__codebebd8b2d__20260717T090304272832Z,msl_ncam_nlb_462743799edr_f0410322ncam00271m1,test_msl,ALL,boundary_f1,1.0,0,0,49308
segformer__scratch__mit-b2__in_rover__seed1416__gpu_full__99146410__git3e52372c__codebebd8b2d__20260717T090304272832Z,msl_ncam_nlb_462744768edr_f0410322ncam00354m1,test_msl,soil,iou,,0,0,0
segformer__scratch__mit-b2__in_rover__seed1416__gpu_full__99146410__git3e52372c__codebebd8b2d__20260717T090304272832Z,msl_ncam_nlb_462744768edr_f0410322ncam00354m1,test_msl,bedrock,iou,,0,0,0
segformer__scratch__mit-b2__in_rover__seed1416__gpu_full__99146410__git3e52372c__codebebd8b2d__20260717T090304272832Z,msl_ncam_nlb_462744768edr_f0410322ncam00354m1,test_msl,sand,iou,,0,0,0
segformer__scratch__mit-b2__in_rover__seed1416__gpu_full__99146410__git3e52372c__codebebd8b2d__20260717T090304272832Z,msl_ncam_nlb_462744768edr_f0410322ncam00354m1,test_msl,big_rock,iou,,0,0,0
segformer__scratch__mit-b2__in_rover__seed1416__gpu_full__99146410__git3e52372c__codebebd8b2d__20260717T090304272832Z,msl_ncam_nlb_462744768edr_f0410322ncam00354m1,test_msl,ALL,pixel_acc,,0,0,0
segformer__scratch__mit-b2__in_rover__seed1416__gpu_full__99146410__git3e52372c__codebebd8b2d__20260717T090304272832Z,msl_ncam_nlb_462744768edr_f0410322ncam00354m1,test_msl,ALL,boundary_f1,,0,0,0
segformer__scratch__mit-b2__in_rover__seed1416__gpu_full__99146410__git3e52372c__codebebd8b2d__20260717T090304272832Z,msl_ncam_nlb_462744927edr_f0410322ncam00272m1,test_msl,soil,iou,,0,0,0
segformer__scratch__mit-b2__in_rover__seed1416__gpu_full__99146410__git3e52372c__codebebd8b2d__20260717T090304272832Z,msl_ncam_nlb_462744927edr_f0410322ncam00272m1,test_msl,bedrock,iou,,0,0,0
segformer__scratch__mit-b2__in_rover__seed1416__gpu_full__99146410__git3e52372c__codebebd8b2d__20260717T090304272832Z,msl_ncam_nlb_462744927edr_f0410322ncam00272m1,test_msl,sand,iou,,0,0,0
segformer__scratch__mit-b2__in_rover__seed1416__gpu_full__99146410__git3e52372c__codebebd8b2d__20260717T090304272832Z,msl_ncam_nlb_462744927edr_f0410322ncam00272m1,test_msl,big_rock,iou,,0,0,0
segformer__scratch__mit-b2__in_rover__seed1416__gpu_full__99146410__git3e52372c__codebebd8b2d__20260717T090304272832Z,msl_ncam_nlb_462744927edr_f0410322ncam00272m1,test_msl,ALL,pixel_acc,,0,0,0
segformer__scratch__mit-b2__in_rover__seed1416__gpu_full__99146410__git3e52372c__codebebd8b2d__20260717T090304272832Z,msl_ncam_nlb_462744927edr_f0410322ncam00272m1,test_msl,ALL,boundary_f1,,0,0,0
segformer__scratch__mit-b2__in_rover__seed1416__gpu_full__99146410__git3e52372c__codebebd8b2d__20260717T090304272832Z,msl_ncam_nlb_462744982edr_f0410322ncam00272m1,test_msl,soil,iou,1.0,109525,109525,109525
segformer__scratch__mit-b2__in_rover__seed1416__gpu_full__99146410__git3e52372c__codebebd8b2d__20260717T090304272832Z,msl_ncam_nlb_462744982edr_f0410322ncam00272m1,test_msl,bedrock,iou,,0,0,109525
segformer__scratch__mit-b2__in_rover__seed1416__gpu_full__99146410__git3e52372c__codebebd8b2d__20260717T090304272832Z,msl_ncam_nlb_462744982edr_f0410322ncam00272m1,test_msl,sand,iou,,0,0,109525
segformer__scratch__mit-b2__in_rover__seed1416__gpu_full__99146410__git3e52372c__codebebd8b2d__20260717T090304272832Z,msl_ncam_nlb_462744982edr_f0410322ncam00272m1,test_msl,big_rock,iou,,0,0,109525
segformer__scratch__mit-b2__in_rover__seed1416__gpu_full__99146410__git3e52372c__codebebd8b2d__20260717T090304272832Z,msl_ncam_nlb_462744982edr_f0410322ncam00272m1,test_msl,ALL,pixel_acc,1.0,0,0,109525
segformer__scratch__mit-b2__in_rover__seed1416__gpu_full__99146410__git3e52372c__codebebd8b2d__20260717T090304272832Z,msl_ncam_nlb_462744982edr_f0410322ncam00272m1,test_msl,ALL,boundary_f1,1.0,0,0,109525
segformer__scratch__mit-b2__in_rover__seed1416__gpu_full__99146410__git3e52372c__codebebd8b2d__20260717T090304272832Z,msl_ncam_nlb_463099226edr_f0410712ncam00385m1,test_msl,soil,iou,,0,0,121183
segformer__scratch__mit-b2__in_rover__seed1416__gpu_full__99146410__git3e52372c__codebebd8b2d__20260717T090304272832Z,msl_ncam_nlb_463099226edr_f0410712ncam00385m1,test_msl,bedrock,iou,1.0,121183,121183,121183
segformer__scratch__mit-b2__in_rover__seed1416__gpu_full__99146410__git3e52372c__codebebd8b2d__20260717T090304272832Z,msl_ncam_nlb_463099226edr_f0410712ncam00385m1,test_msl,sand,iou,,0,0,121183
segformer__scratch__mit-b2__in_rover__seed1416__gpu_full__99146410__git3e52372c__codebebd8b2d__20260717T090304272832Z,msl_ncam_nlb_463099226edr_f0410712ncam00385m1,test_msl,big_rock,iou,,0,0,121183
segformer__scratch__mit-b2__in_rover__seed1416__gpu_full__99146410__git3e52372c__codebebd8b2d__20260717T090304272832Z,msl_ncam_nlb_463099226edr_f0410712ncam00385m1,test_msl,ALL,pixel_acc,1.0,0,0,121183
segformer__scratch__mit-b2__in_rover__seed1416__gpu_full__99146410__git3e52372c__codebebd8b2d__20260717T090304272832Z,msl_ncam_nlb_463099226edr_f0410712ncam00385m1,test_msl,ALL,boundary_f1,1.0,0,0,121183
segformer__scratch__mit-b2__in_rover__seed1416__gpu_full__99146410__git3e52372c__codebebd8b2d__20260717T090304272832Z,msl_ncam_nlb_463107188edr_f0410748ncam00274m1,test_msl,soil,iou,,0,0,60277
segformer__scratch__mit-b2__in_rover__seed1416__gpu_full__99146410__git3e52372c__codebebd8b2d__20260717T090304272832Z,msl_ncam_nlb_463107188edr_f0410748ncam00274m1,test_msl,bedrock,iou,1.0,20386,20386,60277
segformer__scratch__mit-b2__in_rover__seed1416__gpu_full__99146410__git3e52372c__codebebd8b2d__20260717T090304272832Z,msl_ncam_nlb_463107188edr_f0410748ncam00274m1,test_msl,sand,iou,1.0,39891,39891,60277
segformer__scratch__mit-b2__in_rover__seed1416__gpu_full__99146410__git3e52372c__codebebd8b2d__20260717T090304272832Z,msl_ncam_nlb_463107188edr_f0410748ncam00274m1,test_msl,big_rock,iou,,0,0,60277
segformer__scratch__mit-b2__in_rover__seed1416__gpu_full__99146410__git3e52372c__codebebd8b2d__20260717T090304272832Z,msl_ncam_nlb_463107188edr_f0410748ncam00274m1,test_msl,ALL,pixel_acc,1.0,0,0,60277
segformer__scratch__mit-b2__in_rover__seed1416__gpu_full__99146410__git3e52372c__codebebd8b2d__20260717T090304272832Z,msl_ncam_nlb_463107188edr_f0410748ncam00274m1,test_msl,ALL,boundary_f1,1.0,0,0,60277
segformer__scratch__mit-b2__in_rover__seed1416__gpu_full__99146410__git3e52372c__codebebd8b2d__20260717T090304272832Z,msl_ncam_nlb_463107249edr_f0410748ncam00274m1,test_msl,soil,iou,,0,0,0
segformer__scratch__mit-b2__in_rover__seed1416__gpu_full__99146410__git3e52372c__codebebd8b2d__20260717T090304272832Z,msl_ncam_nlb_463107249edr_f0410748ncam00274m1,test_msl,bedrock,iou,,0,0,0
segformer__scratch__mit-b2__in_rover__seed1416__gpu_full__99146410__git3e52372c__codebebd8b2d__20260717T090304272832Z,msl_ncam_nlb_463107249edr_f0410748ncam00274m1,test_msl,sand,iou,,0,0,0
segformer__scratch__mit-b2__in_rover__seed1416__gpu_full__99146410__git3e52372c__codebebd8b2d__20260717T090304272832Z,msl_ncam_nlb_463107249edr_f0410748ncam00274m1,test_msl,big_rock,iou,,0,0,0
segformer__scratch__mit-b2__in_rover__seed1416__gpu_full__99146410__git3e52372c__codebebd8b2d__20260717T090304272832Z,msl_ncam_nlb_463107249edr_f0410748ncam00274m1,test_msl,ALL,pixel_acc,,0,0,0
segformer__scratch__mit-b2__in_rover__seed1416__gpu_full__99146410__git3e52372c__codebebd8b2d__20260717T090304272832Z,msl_ncam_nlb_463107249edr_f0410748ncam00274m1,test_msl,ALL,boundary_f1,,0,0,0
segformer__scratch__mit-b2__in_rover__seed1416__gpu_full__99146410__git3e52372c__codebebd8b2d__20260717T090304272832Z,msl_ncam_nlb_463107562edr_f0410748ncam00354m1,test_msl,soil,iou,,0,0,80914
segformer__scratch__mit-b2__in_rover__seed1416__gpu_full__99146410__git3e52372c__codebebd8b2d__20260717T090304272832Z,msl_ncam_nlb_463107562edr_f0410748ncam00354m1,test_msl,bedrock,iou,1.0,80914,80914,80914
segformer__scratch__mit-b2__in_rover__seed1416__gpu_full__99146410__git3e52372c__codebebd8b2d__20260717T090304272832Z,msl_ncam_nlb_463107562edr_f0410748ncam00354m1,test_msl,sand,iou,,0,0,80914
segformer__scratch__mit-b2__in_rover__seed1416__gpu_full__99146410__git3e52372c__codebebd8b2d__20260717T090304272832Z,msl_ncam_nlb_463107562edr_f0410748ncam00354m1,test_msl,big_rock,iou,,0,0,80914
segformer__scratch__mit-b2__in_rover__seed1416__gpu_full__99146410__git3e52372c__codebebd8b2d__20260717T090304272832Z,msl_ncam_nlb_463107562edr_f0410748ncam00354m1,test_msl,ALL,pixel_acc,1.0,0,0,80914
segformer__scratch__mit-b2__in_rover__seed1416__gpu_full__99146410__git3e52372c__codebebd8b2d__20260717T090304272832Z,msl_ncam_nlb_463107562edr_f0410748ncam00354m1,test_msl,ALL,boundary_f1,1.0,0,0,80914
segformer__scratch__mit-b2__in_rover__seed1416__gpu_full__99146410__git3e52372c__codebebd8b2d__20260717T090304272832Z,msl_ncam_nlb_463107626edr_f0410748ncam00354m1,test_msl,soil,iou,,0,0,108883
segformer__scratch__mit-b2__in_rover__seed1416__gpu_full__99146410__git3e52372c__codebebd8b2d__20260717T090304272832Z,msl_ncam_nlb_463107626edr_f0410748ncam00354m1,test_msl,bedrock,iou,1.0,108883,108883,108883
segformer__scratch__mit-b2__in_rover__seed1416__gpu_full__99146410__git3e52372c__codebebd8b2d__20260717T090304272832Z,msl_ncam_nlb_463107626edr_f0410748ncam00354m1,test_msl,sand,iou,,0,0,108883
segformer__scratch__mit-b2__in_rover__seed1416__gpu_full__99146410__git3e52372c__codebebd8b2d__20260717T090304272832Z,msl_ncam_nlb_463107626edr_f0410748ncam00354m1,test_msl,big_rock,iou,,0,0,108883
segformer__scratch__mit-b2__in_rover__seed1416__gpu_full__99146410__git3e52372c__codebebd8b2d__20260717T090304272832Z,msl_ncam_nlb_463107626edr_f0410748ncam00354m1,test_msl,ALL,pixel_acc,1.0,0,0,108883
segformer__scratch__mit-b2__in_rover__seed1416__gpu_full__99146410__git3e52372c__codebebd8b2d__20260717T090304272832Z,msl_ncam_nlb_463107626edr_f0410748ncam00354m1,test_msl,ALL,boundary_f1,1.0,0,0,108883
segformer__scratch__mit-b2__in_rover__seed1416__gpu_full__99146410__git3e52372c__codebebd8b2d__20260717T090304272832Z,msl_ncam_nlb_463107697edr_f0410748ncam00354m1,test_msl,soil,iou,,0,0,88228
segformer__scratch__mit-b2__in_rover__seed1416__gpu_full__99146410__git3e52372c__codebebd8b2d__20260717T090304272832Z,msl_ncam_nlb_463107697edr_f0410748ncam00354m1,test_msl,bedrock,iou,1.0,88228,88228,88228
segformer__scratch__mit-b2__in_rover__seed1416__gpu_full__99146410__git3e52372c__codebebd8b2d__20260717T090304272832Z,msl_ncam_nlb_463107697edr_f0410748ncam00354m1,test_msl,sand,iou,,0,0,88228
segformer__scratch__mit-b2__in_rover__seed1416__gpu_full__99146410__git3e52372c__codebebd8b2d__20260717T090304272832Z,msl_ncam_nlb_463107697edr_f0410748ncam00354m1,test_msl,big_rock,iou,,0,0,88228
segformer__scratch__mit-b2__in_rover__seed1416__gpu_full__99146410__git3e52372c__codebebd8b2d__20260717T090304272832Z,msl_ncam_nlb_463107697edr_f0410748ncam00354m1,test_msl,ALL,pixel_acc,1.0,0,0,88228
segformer__scratch__mit-b2__in_rover__seed1416__gpu_full__99146410__git3e52372c__codebebd8b2d__20260717T090304272832Z,msl_ncam_nlb_463107697edr_f0410748ncam00354m1,test_msl,ALL,boundary_f1,1.0,0,0,88228
segformer__scratch__mit-b2__in_rover__seed1416__gpu_full__99146410__git3e52372c__codebebd8b2d__20260717T090304272832Z,msl_ncam_nlb_463107797edr_f0410748ncam07753m1,test_msl,soil,iou,,0,0,100367
segformer__scratch__mit-b2__in_rover__seed1416__gpu_full__99146410__git3e52372c__codebebd8b2d__20260717T090304272832Z,msl_ncam_nlb_463107797edr_f0410748ncam07753m1,test_msl,bedrock,iou,1.0,100367,100367,100367
segformer__scratch__mit-b2__in_rover__seed1416__gpu_full__99146410__git3e52372c__codebebd8b2d__20260717T090304272832Z,msl_ncam_nlb_463107797edr_f0410748ncam07753m1,test_msl,sand,iou,,0,0,100367
segformer__scratch__mit-b2__in_rover__seed1416__gpu_full__99146410__git3e52372c__codebebd8b2d__20260717T090304272832Z,msl_ncam_nlb_463107797edr_f0410748ncam07753m1,test_msl,big_rock,iou,,0,0,100367
segformer__scratch__mit-b2__in_rover__seed1416__gpu_full__99146410__git3e52372c__codebebd8b2d__20260717T090304272832Z,msl_ncam_nlb_463107797edr_f0410748ncam07753m1,test_msl,ALL,pixel_acc,1.0,0,0,100367
segformer__scratch__mit-b2__in_rover__seed1416__gpu_full__99146410__git3e52372c__codebebd8b2d__20260717T090304272832Z,msl_ncam_nlb_463107797edr_f0410748ncam07753m1,test_msl,ALL,boundary_f1,1.0,0,0,100367
segformer__scratch__mit-b2__in_rover__seed1416__gpu_full__99146410__git3e52372c__codebebd8b2d__20260717T090304272832Z,msl_ncam_nlb_463107836edr_f0410748ncam07753m1,test_msl,soil,iou,,0,0,0
segformer__scratch__mit-b2__in_rover__seed1416__gpu_full__99146410__git3e52372c__codebebd8b2d__20260717T090304272832Z,msl_ncam_nlb_463107836edr_f0410748ncam07753m1,test_msl,bedrock,iou,,0,0,0
segformer__scratch__mit-b2__in_rover__seed1416__gpu_full__99146410__git3e52372c__codebebd8b2d__20260717T090304272832Z,msl_ncam_nlb_463107836edr_f0410748ncam07753m1,test_msl,sand,iou,,0,0,0
segformer__scratch__mit-b2__in_rover__seed1416__gpu_full__99146410__git3e52372c__codebebd8b2d__20260717T090304272832Z,msl_ncam_nlb_463107836edr_f0410748ncam07753m1,test_msl,big_rock,iou,,0,0,0
segformer__scratch__mit-b2__in_rover__seed1416__gpu_full__99146410__git3e52372c__codebebd8b2d__20260717T090304272832Z,msl_ncam_nlb_463107836edr_f0410748ncam07753m1,test_msl,ALL,pixel_acc,,0,0,0
segformer__scratch__mit-b2__in_rover__seed1416__gpu_full__99146410__git3e52372c__codebebd8b2d__20260717T090304272832Z,msl_ncam_nlb_463107836edr_f0410748ncam07753m1,test_msl,ALL,boundary_f1,,0,0,0
segformer__scratch__mit-b2__in_rover__seed1416__gpu_full__99146410__git3e52372c__codebebd8b2d__20260717T090304272832Z,msl_ncam_nlb_463107949edr_f0410748ncam07753m1,test_msl,soil,iou,,0,0,56667
segformer__scratch__mit-b2__in_rover__seed1416__gpu_full__99146410__git3e52372c__codebebd8b2d__20260717T090304272832Z,msl_ncam_nlb_463107949edr_f0410748ncam07753m1,test_msl,bedrock,iou,1.0,56667,56667,56667
segformer__scratch__mit-b2__in_rover__seed1416__gpu_full__99146410__git3e52372c__codebebd8b2d__20260717T090304272832Z,msl_ncam_nlb_463107949edr_f0410748ncam07753m1,test_msl,sand,iou,,0,0,56667
segformer__scratch__mit-b2__in_rover__seed1416__gpu_full__99146410__git3e52372c__codebebd8b2d__20260717T090304272832Z,msl_ncam_nlb_463107949edr_f0410748ncam07753m1,test_msl,big_rock,iou,,0,0,56667
segformer__scratch__mit-b2__in_rover__seed1416__gpu_full__99146410__git3e52372c__codebebd8b2d__20260717T090304272832Z,msl_ncam_nlb_463107949edr_f0410748ncam07753m1,test_msl,ALL,pixel_acc,1.0,0,0,56667
segformer__scratch__mit-b2__in_rover__seed1416__gpu_full__99146410__git3e52372c__codebebd8b2d__20260717T090304272832Z,msl_ncam_nlb_463107949edr_f0410748ncam07753m1,test_msl,ALL,boundary_f1,1.0,0,0,56667
segformer__scratch__mit-b2__in_rover__seed1416__gpu_full__99146410__git3e52372c__codebebd8b2d__20260717T090304272832Z,msl_ncam_nlb_463803954edr_f0411768ncam00382m1,test_msl,soil,iou,,0,0,67455
segformer__scratch__mit-b2__in_rover__seed1416__gpu_full__99146410__git3e52372c__codebebd8b2d__20260717T090304272832Z,msl_ncam_nlb_463803954edr_f0411768ncam00382m1,test_msl,bedrock,iou,,0,0,67455
segformer__scratch__mit-b2__in_rover__seed1416__gpu_full__99146410__git3e52372c__codebebd8b2d__20260717T090304272832Z,msl_ncam_nlb_463803954edr_f0411768ncam00382m1,test_msl,sand,iou,1.0,67455,67455,67455
segformer__scratch__mit-b2__in_rover__seed1416__gpu_full__99146410__git3e52372c__codebebd8b2d__20260717T090304272832Z,msl_ncam_nlb_463803954edr_f0411768ncam00382m1,test_msl,big_rock,iou,,0,0,67455
segformer__scratch__mit-b2__in_rover__seed1416__gpu_full__99146410__git3e52372c__codebebd8b2d__20260717T090304272832Z,msl_ncam_nlb_463803954edr_f0411768ncam00382m1,test_msl,ALL,pixel_acc,1.0,0,0,67455
segformer__scratch__mit-b2__in_rover__seed1416__gpu_full__99146410__git3e52372c__codebebd8b2d__20260717T090304272832Z,msl_ncam_nlb_463803954edr_f0411768ncam00382m1,test_msl,ALL,boundary_f1,1.0,0,0,67455
segformer__scratch__mit-b2__in_rover__seed1416__gpu_full__99146410__git3e52372c__codebebd8b2d__20260717T090304272832Z,msl_ncam_nlb_463813170edr_f0420000ncam06094m1,test_msl,soil,iou,0.8789594445603266,29497,33559,89391
segformer__scratch__mit-b2__in_rover__seed1416__gpu_full__99146410__git3e52372c__codebebd8b2d__20260717T090304272832Z,msl_ncam_nlb_463813170edr_f0420000ncam06094m1,test_msl,bedrock,iou,0.9934051144010767,7381,7430,89391
segformer__scratch__mit-b2__in_rover__seed1416__gpu_full__99146410__git3e52372c__codebebd8b2d__20260717T090304272832Z,msl_ncam_nlb_463813170edr_f0420000ncam06094m1,test_msl,sand,iou,0.921714623045722,48402,52513,89391
segformer__scratch__mit-b2__in_rover__seed1416__gpu_full__99146410__git3e52372c__codebebd8b2d__20260717T090304272832Z,msl_ncam_nlb_463813170edr_f0420000ncam06094m1,test_msl,big_rock,iou,,0,0,89391
segformer__scratch__mit-b2__in_rover__seed1416__gpu_full__99146410__git3e52372c__codebebd8b2d__20260717T090304272832Z,msl_ncam_nlb_463813170edr_f0420000ncam06094m1,test_msl,ALL,pixel_acc,0.9540110301931962,0,0,89391
segformer__scratch__mit-b2__in_rover__seed1416__gpu_full__99146410__git3e52372c__codebebd8b2d__20260717T090304272832Z,msl_ncam_nlb_463813170edr_f0420000ncam06094m1,test_msl,ALL,boundary_f1,0.8640731680180292,0,0,89391
segformer__scratch__mit-b2__in_rover__seed1416__gpu_full__99146410__git3e52372c__codebebd8b2d__20260717T090304272832Z,msl_ncam_nlb_463813296edr_f0420000ncam06094m1,test_msl,soil,iou,1.0,188552,188552,188552
segformer__scratch__mit-b2__in_rover__seed1416__gpu_full__99146410__git3e52372c__codebebd8b2d__20260717T090304272832Z,msl_ncam_nlb_463813296edr_f0420000ncam06094m1,test_msl,bedrock,iou,,0,0,188552
segformer__scratch__mit-b2__in_rover__seed1416__gpu_full__99146410__git3e52372c__codebebd8b2d__20260717T090304272832Z,msl_ncam_nlb_463813296edr_f0420000ncam06094m1,test_msl,sand,iou,,0,0,188552
segformer__scratch__mit-b2__in_rover__seed1416__gpu_full__99146410__git3e52372c__codebebd8b2d__20260717T090304272832Z,msl_ncam_nlb_463813296edr_f0420000ncam06094m1,test_msl,big_rock,iou,,0,0,188552
segformer__scratch__mit-b2__in_rover__seed1416__gpu_full__99146410__git3e52372c__codebebd8b2d__20260717T090304272832Z,msl_ncam_nlb_463813296edr_f0420000ncam06094m1,test_msl,ALL,pixel_acc,1.0,0,0,188552
segformer__scratch__mit-b2__in_rover__seed1416__gpu_full__99146410__git3e52372c__codebebd8b2d__20260717T090304272832Z,msl_ncam_nlb_463813296edr_f0420000ncam06094m1,test_msl,ALL,boundary_f1,1.0,0,0,188552
segformer__scratch__mit-b2__in_rover__seed1416__gpu_full__99146410__git3e52372c__codebebd8b2d__20260717T090304272832Z,msl_ncam_nlb_463814148edr_f0420000ncam00354m1,test_msl,soil,iou,1.0,227875,227875,227875
segformer__scratch__mit-b2__in_rover__seed1416__gpu_full__99146410__git3e52372c__codebebd8b2d__20260717T090304272832Z,msl_ncam_nlb_463814148edr_f0420000ncam00354m1,test_msl,bedrock,iou,,0,0,227875
segformer__scratch__mit-b2__in_rover__seed1416__gpu_full__99146410__git3e52372c__codebebd8b2d__20260717T090304272832Z,msl_ncam_nlb_463814148edr_f0420000ncam00354m1,test_msl,sand,iou,,0,0,227875
segformer__scratch__mit-b2__in_rover__seed1416__gpu_full__99146410__git3e52372c__codebebd8b2d__20260717T090304272832Z,msl_ncam_nlb_463814148edr_f0420000ncam00354m1,test_msl,big_rock,iou,,0,0,227875
segformer__scratch__mit-b2__in_rover__seed1416__gpu_full__99146410__git3e52372c__codebebd8b2d__20260717T090304272832Z,msl_ncam_nlb_463814148edr_f0420000ncam00354m1,test_msl,ALL,pixel_acc,1.0,0,0,227875
segformer__scratch__mit-b2__in_rover__seed1416__gpu_full__99146410__git3e52372c__codebebd8b2d__20260717T090304272832Z,msl_ncam_nlb_463814148edr_f0420000ncam00354m1,test_msl,ALL,boundary_f1,1.0,0,0,227875
segformer__scratch__mit-b2__in_rover__seed1416__gpu_full__99146410__git3e52372c__codebebd8b2d__20260717T090304272832Z,msl_ncam_nlb_463814218edr_f0420000ncam00354m1,test_msl,soil,iou,1.0,152384,152384,152384
segformer__scratch__mit-b2__in_rover__seed1416__gpu_full__99146410__git3e52372c__codebebd8b2d__20260717T090304272832Z,msl_ncam_nlb_463814218edr_f0420000ncam00354m1,test_msl,bedrock,iou,,0,0,152384
segformer__scratch__mit-b2__in_rover__seed1416__gpu_full__99146410__git3e52372c__codebebd8b2d__20260717T090304272832Z,msl_ncam_nlb_463814218edr_f0420000ncam00354m1,test_msl,sand,iou,,0,0,152384
segformer__scratch__mit-b2__in_rover__seed1416__gpu_full__99146410__git3e52372c__codebebd8b2d__20260717T090304272832Z,msl_ncam_nlb_463814218edr_f0420000ncam00354m1,test_msl,big_rock,iou,,0,0,152384
segformer__scratch__mit-b2__in_rover__seed1416__gpu_full__99146410__git3e52372c__codebebd8b2d__20260717T090304272832Z,msl_ncam_nlb_463814218edr_f0420000ncam00354m1,test_msl,ALL,pixel_acc,1.0,0,0,152384
segformer__scratch__mit-b2__in_rover__seed1416__gpu_full__99146410__git3e52372c__codebebd8b2d__20260717T090304272832Z,msl_ncam_nlb_463814218edr_f0420000ncam00354m1,test_msl,ALL,boundary_f1,1.0,0,0,152384
segformer__scratch__mit-b2__in_rover__seed1416__gpu_full__99146410__git3e52372c__codebebd8b2d__20260717T090304272832Z,msl_ncam_nlb_463814255edr_f0420000ncam00278m1,test_msl,soil,iou,1.0,85416,85416,85416
segformer__scratch__mit-b2__in_rover__seed1416__gpu_full__99146410__git3e52372c__codebebd8b2d__20260717T090304272832Z,msl_ncam_nlb_463814255edr_f0420000ncam00278m1,test_msl,bedrock,iou,,0,0,85416
segformer__scratch__mit-b2__in_rover__seed1416__gpu_full__99146410__git3e52372c__codebebd8b2d__20260717T090304272832Z,msl_ncam_nlb_463814255edr_f0420000ncam00278m1,test_msl,sand,iou,,0,0,85416
segformer__scratch__mit-b2__in_rover__seed1416__gpu_full__99146410__git3e52372c__codebebd8b2d__20260717T090304272832Z,msl_ncam_nlb_463814255edr_f0420000ncam00278m1,test_msl,big_rock,iou,,0,0,85416
segformer__scratch__mit-b2__in_rover__seed1416__gpu_full__99146410__git3e52372c__codebebd8b2d__20260717T090304272832Z,msl_ncam_nlb_463814255edr_f0420000ncam00278m1,test_msl,ALL,pixel_acc,1.0,0,0,85416
segformer__scratch__mit-b2__in_rover__seed1416__gpu_full__99146410__git3e52372c__codebebd8b2d__20260717T090304272832Z,msl_ncam_nlb_463814255edr_f0420000ncam00278m1,test_msl,ALL,boundary_f1,1.0,0,0,85416
segformer__scratch__mit-b2__in_rover__seed1416__gpu_full__99146410__git3e52372c__codebebd8b2d__20260717T090304272832Z,msl_ncam_nlb_463814438edr_f0420000ncam00278m1,test_msl,soil,iou,,0,0,0
segformer__scratch__mit-b2__in_rover__seed1416__gpu_full__99146410__git3e52372c__codebebd8b2d__20260717T090304272832Z,msl_ncam_nlb_463814438edr_f0420000ncam00278m1,test_msl,bedrock,iou,,0,0,0
segformer__scratch__mit-b2__in_rover__seed1416__gpu_full__99146410__git3e52372c__codebebd8b2d__20260717T090304272832Z,msl_ncam_nlb_463814438edr_f0420000ncam00278m1,test_msl,sand,iou,,0,0,0
segformer__scratch__mit-b2__in_rover__seed1416__gpu_full__99146410__git3e52372c__codebebd8b2d__20260717T090304272832Z,msl_ncam_nlb_463814438edr_f0420000ncam00278m1,test_msl,big_rock,iou,,0,0,0
segformer__scratch__mit-b2__in_rover__seed1416__gpu_full__99146410__git3e52372c__codebebd8b2d__20260717T090304272832Z,msl_ncam_nlb_463814438edr_f0420000ncam00278m1,test_msl,ALL,pixel_acc,,0,0,0
segformer__scratch__mit-b2__in_rover__seed1416__gpu_full__99146410__git3e52372c__codebebd8b2d__20260717T090304272832Z,msl_ncam_nlb_463814438edr_f0420000ncam00278m1,test_msl,ALL,boundary_f1,,0,0,0
segformer__scratch__mit-b2__in_rover__seed1416__gpu_full__99146410__git3e52372c__codebebd8b2d__20260717T090304272832Z,msl_ncam_nlb_492664173edr_f0490294ncam00294m1,test_msl,soil,iou,,0,0,16308
segformer__scratch__mit-b2__in_rover__seed1416__gpu_full__99146410__git3e52372c__codebebd8b2d__20260717T090304272832Z,msl_ncam_nlb_492664173edr_f0490294ncam00294m1,test_msl,bedrock,iou,1.0,16308,16308,16308
segformer__scratch__mit-b2__in_rover__seed1416__gpu_full__99146410__git3e52372c__codebebd8b2d__20260717T090304272832Z,msl_ncam_nlb_492664173edr_f0490294ncam00294m1,test_msl,sand,iou,,0,0,16308
segformer__scratch__mit-b2__in_rover__seed1416__gpu_full__99146410__git3e52372c__codebebd8b2d__20260717T090304272832Z,msl_ncam_nlb_492664173edr_f0490294ncam00294m1,test_msl,big_rock,iou,,0,0,16308
segformer__scratch__mit-b2__in_rover__seed1416__gpu_full__99146410__git3e52372c__codebebd8b2d__20260717T090304272832Z,msl_ncam_nlb_492664173edr_f0490294ncam00294m1,test_msl,ALL,pixel_acc,1.0,0,0,16308
segformer__scratch__mit-b2__in_rover__seed1416__gpu_full__99146410__git3e52372c__codebebd8b2d__20260717T090304272832Z,msl_ncam_nlb_492664173edr_f0490294ncam00294m1,test_msl,ALL,boundary_f1,1.0,0,0,16308
segformer__scratch__mit-b2__in_rover__seed1416__gpu_full__99146410__git3e52372c__codebebd8b2d__20260717T090304272832Z,msl_ncam_nlb_492664235edr_f0490294ncam00294m1,test_msl,soil,iou,,0,0,30789
segformer__scratch__mit-b2__in_rover__seed1416__gpu_full__99146410__git3e52372c__codebebd8b2d__20260717T090304272832Z,msl_ncam_nlb_492664235edr_f0490294ncam00294m1,test_msl,bedrock,iou,1.0,30789,30789,30789
segformer__scratch__mit-b2__in_rover__seed1416__gpu_full__99146410__git3e52372c__codebebd8b2d__20260717T090304272832Z,msl_ncam_nlb_492664235edr_f0490294ncam00294m1,test_msl,sand,iou,,0,0,30789
segformer__scratch__mit-b2__in_rover__seed1416__gpu_full__99146410__git3e52372c__codebebd8b2d__20260717T090304272832Z,msl_ncam_nlb_492664235edr_f0490294ncam00294m1,test_msl,big_rock,iou,,0,0,30789
segformer__scratch__mit-b2__in_rover__seed1416__gpu_full__99146410__git3e52372c__codebebd8b2d__20260717T090304272832Z,msl_ncam_nlb_492664235edr_f0490294ncam00294m1,test_msl,ALL,pixel_acc,1.0,0,0,30789
segformer__scratch__mit-b2__in_rover__seed1416__gpu_full__99146410__git3e52372c__codebebd8b2d__20260717T090304272832Z,msl_ncam_nlb_492664235edr_f0490294ncam00294m1,test_msl,ALL,boundary_f1,1.0,0,0,30789
segformer__scratch__mit-b2__in_rover__seed1416__gpu_full__99146410__git3e52372c__codebebd8b2d__20260717T090304272832Z,msl_ncam_nlb_492664291edr_f0490294ncam00294m1,test_msl,soil,iou,,0,0,5776
segformer__scratch__mit-b2__in_rover__seed1416__gpu_full__99146410__git3e52372c__codebebd8b2d__20260717T090304272832Z,msl_ncam_nlb_492664291edr_f0490294ncam00294m1,test_msl,bedrock,iou,1.0,5776,5776,5776
segformer__scratch__mit-b2__in_rover__seed1416__gpu_full__99146410__git3e52372c__codebebd8b2d__20260717T090304272832Z,msl_ncam_nlb_492664291edr_f0490294ncam00294m1,test_msl,sand,iou,,0,0,5776
segformer__scratch__mit-b2__in_rover__seed1416__gpu_full__99146410__git3e52372c__codebebd8b2d__20260717T090304272832Z,msl_ncam_nlb_492664291edr_f0490294ncam00294m1,test_msl,big_rock,iou,,0,0,5776
segformer__scratch__mit-b2__in_rover__seed1416__gpu_full__99146410__git3e52372c__codebebd8b2d__20260717T090304272832Z,msl_ncam_nlb_492664291edr_f0490294ncam00294m1,test_msl,ALL,pixel_acc,1.0,0,0,5776
segformer__scratch__mit-b2__in_rover__seed1416__gpu_full__99146410__git3e52372c__codebebd8b2d__20260717T090304272832Z,msl_ncam_nlb_492664291edr_f0490294ncam00294m1,test_msl,ALL,boundary_f1,1.0,0,0,5776
segformer__scratch__mit-b2__in_rover__seed1416__gpu_full__99146410__git3e52372c__codebebd8b2d__20260717T090304272832Z,msl_ncam_nlb_492664491edr_f0490294ncam00354m1,test_msl,soil,iou,0.6869327608080413,14078,20494,101609
segformer__scratch__mit-b2__in_rover__seed1416__gpu_full__99146410__git3e52372c__codebebd8b2d__20260717T090304272832Z,msl_ncam_nlb_492664491edr_f0490294ncam00354m1,test_msl,bedrock,iou,0.9267002547668826,81115,87531,101609
segformer__scratch__mit-b2__in_rover__seed1416__gpu_full__99146410__git3e52372c__codebebd8b2d__20260717T090304272832Z,msl_ncam_nlb_492664491edr_f0490294ncam00354m1,test_msl,sand,iou,,0,0,101609
segformer__scratch__mit-b2__in_rover__seed1416__gpu_full__99146410__git3e52372c__codebebd8b2d__20260717T090304272832Z,msl_ncam_nlb_492664491edr_f0490294ncam00354m1,test_msl,big_rock,iou,,0,0,101609
segformer__scratch__mit-b2__in_rover__seed1416__gpu_full__99146410__git3e52372c__codebebd8b2d__20260717T090304272832Z,msl_ncam_nlb_492664491edr_f0490294ncam00354m1,test_msl,ALL,pixel_acc,0.9368559871664912,0,0,101609
segformer__scratch__mit-b2__in_rover__seed1416__gpu_full__99146410__git3e52372c__codebebd8b2d__20260717T090304272832Z,msl_ncam_nlb_492664491edr_f0490294ncam00354m1,test_msl,ALL,boundary_f1,0.6155549260973376,0,0,101609
segformer__scratch__mit-b2__in_rover__seed1416__gpu_full__99146410__git3e52372c__codebebd8b2d__20260717T090304272832Z,msl_ncam_nlb_492664554edr_f0490294ncam00354m1,test_msl,soil,iou,0.0,0,15267,43882
segformer__scratch__mit-b2__in_rover__seed1416__gpu_full__99146410__git3e52372c__codebebd8b2d__20260717T090304272832Z,msl_ncam_nlb_492664554edr_f0490294ncam00354m1,test_msl,bedrock,iou,0.5882273827669685,13121,22306,43882
segformer__scratch__mit-b2__in_rover__seed1416__gpu_full__99146410__git3e52372c__codebebd8b2d__20260717T090304272832Z,msl_ncam_nlb_492664554edr_f0490294ncam00354m1,test_msl,sand,iou,0.7178738588442467,15491,21579,43882
segformer__scratch__mit-b2__in_rover__seed1416__gpu_full__99146410__git3e52372c__codebebd8b2d__20260717T090304272832Z,msl_ncam_nlb_492664554edr_f0490294ncam00354m1,test_msl,big_rock,iou,,0,0,43882
segformer__scratch__mit-b2__in_rover__seed1416__gpu_full__99146410__git3e52372c__codebebd8b2d__20260717T090304272832Z,msl_ncam_nlb_492664554edr_f0490294ncam00354m1,test_msl,ALL,pixel_acc,0.6520213299302675,0,0,43882
segformer__scratch__mit-b2__in_rover__seed1416__gpu_full__99146410__git3e52372c__codebebd8b2d__20260717T090304272832Z,msl_ncam_nlb_492664554edr_f0490294ncam00354m1,test_msl,ALL,boundary_f1,0.5310632368916984,0,0,43882
segformer__scratch__mit-b2__in_rover__seed1416__gpu_full__99146410__git3e52372c__codebebd8b2d__20260717T090304272832Z,msl_ncam_nlb_492664625edr_f0490294ncam00354m1,test_msl,soil,iou,,0,0,48893
segformer__scratch__mit-b2__in_rover__seed1416__gpu_full__99146410__git3e52372c__codebebd8b2d__20260717T090304272832Z,msl_ncam_nlb_492664625edr_f0490294ncam00354m1,test_msl,bedrock,iou,1.0,45924,45924,48893
segformer__scratch__mit-b2__in_rover__seed1416__gpu_full__99146410__git3e52372c__codebebd8b2d__20260717T090304272832Z,msl_ncam_nlb_492664625edr_f0490294ncam00354m1,test_msl,sand,iou,1.0,2969,2969,48893
segformer__scratch__mit-b2__in_rover__seed1416__gpu_full__99146410__git3e52372c__codebebd8b2d__20260717T090304272832Z,msl_ncam_nlb_492664625edr_f0490294ncam00354m1,test_msl,big_rock,iou,,0,0,48893
segformer__scratch__mit-b2__in_rover__seed1416__gpu_full__99146410__git3e52372c__codebebd8b2d__20260717T090304272832Z,msl_ncam_nlb_492664625edr_f0490294ncam00354m1,test_msl,ALL,pixel_acc,1.0,0,0,48893
segformer__scratch__mit-b2__in_rover__seed1416__gpu_full__99146410__git3e52372c__codebebd8b2d__20260717T090304272832Z,msl_ncam_nlb_492664625edr_f0490294ncam00354m1,test_msl,ALL,boundary_f1,1.0,0,0,48893
segformer__scratch__mit-b2__in_rover__seed1416__gpu_full__99146410__git3e52372c__codebebd8b2d__20260717T090304272832Z,msl_ncam_nlb_492664724edr_f0490294ncam00296m1,test_msl,soil,iou,,0,0,0
segformer__scratch__mit-b2__in_rover__seed1416__gpu_full__99146410__git3e52372c__codebebd8b2d__20260717T090304272832Z,msl_ncam_nlb_492664724edr_f0490294ncam00296m1,test_msl,bedrock,iou,,0,0,0
segformer__scratch__mit-b2__in_rover__seed1416__gpu_full__99146410__git3e52372c__codebebd8b2d__20260717T090304272832Z,msl_ncam_nlb_492664724edr_f0490294ncam00296m1,test_msl,sand,iou,,0,0,0
segformer__scratch__mit-b2__in_rover__seed1416__gpu_full__99146410__git3e52372c__codebebd8b2d__20260717T090304272832Z,msl_ncam_nlb_492664724edr_f0490294ncam00296m1,test_msl,big_rock,iou,,0,0,0
segformer__scratch__mit-b2__in_rover__seed1416__gpu_full__99146410__git3e52372c__codebebd8b2d__20260717T090304272832Z,msl_ncam_nlb_492664724edr_f0490294ncam00296m1,test_msl,ALL,pixel_acc,,0,0,0
segformer__scratch__mit-b2__in_rover__seed1416__gpu_full__99146410__git3e52372c__codebebd8b2d__20260717T090304272832Z,msl_ncam_nlb_492664724edr_f0490294ncam00296m1,test_msl,ALL,boundary_f1,,0,0,0
segformer__scratch__mit-b2__in_rover__seed1416__gpu_full__99146410__git3e52372c__codebebd8b2d__20260717T090304272832Z,msl_ncam_nlb_492664901edr_f0490294ncam00295m1,test_msl,soil,iou,,0,0,9775
segformer__scratch__mit-b2__in_rover__seed1416__gpu_full__99146410__git3e52372c__codebebd8b2d__20260717T090304272832Z,msl_ncam_nlb_492664901edr_f0490294ncam00295m1,test_msl,bedrock,iou,1.0,9775,9775,9775
segformer__scratch__mit-b2__in_rover__seed1416__gpu_full__99146410__git3e52372c__codebebd8b2d__20260717T090304272832Z,msl_ncam_nlb_492664901edr_f0490294ncam00295m1,test_msl,sand,iou,,0,0,9775
segformer__scratch__mit-b2__in_rover__seed1416__gpu_full__99146410__git3e52372c__codebebd8b2d__20260717T090304272832Z,msl_ncam_nlb_492664901edr_f0490294ncam00295m1,test_msl,big_rock,iou,,0,0,9775
segformer__scratch__mit-b2__in_rover__seed1416__gpu_full__99146410__git3e52372c__codebebd8b2d__20260717T090304272832Z,msl_ncam_nlb_492664901edr_f0490294ncam00295m1,test_msl,ALL,pixel_acc,1.0,0,0,9775
segformer__scratch__mit-b2__in_rover__seed1416__gpu_full__99146410__git3e52372c__codebebd8b2d__20260717T090304272832Z,msl_ncam_nlb_492664901edr_f0490294ncam00295m1,test_msl,ALL,boundary_f1,1.0,0,0,9775
segformer__scratch__mit-b2__in_rover__seed1416__gpu_full__99146410__git3e52372c__codebebd8b2d__20260717T090304272832Z,msl_ncam_nlb_492665102edr_f0490294ncam00295m1,test_msl,soil,iou,,0,0,0
segformer__scratch__mit-b2__in_rover__seed1416__gpu_full__99146410__git3e52372c__codebebd8b2d__20260717T090304272832Z,msl_ncam_nlb_492665102edr_f0490294ncam00295m1,test_msl,bedrock,iou,,0,0,0
segformer__scratch__mit-b2__in_rover__seed1416__gpu_full__99146410__git3e52372c__codebebd8b2d__20260717T090304272832Z,msl_ncam_nlb_492665102edr_f0490294ncam00295m1,test_msl,sand,iou,,0,0,0
segformer__scratch__mit-b2__in_rover__seed1416__gpu_full__99146410__git3e52372c__codebebd8b2d__20260717T090304272832Z,msl_ncam_nlb_492665102edr_f0490294ncam00295m1,test_msl,big_rock,iou,,0,0,0
segformer__scratch__mit-b2__in_rover__seed1416__gpu_full__99146410__git3e52372c__codebebd8b2d__20260717T090304272832Z,msl_ncam_nlb_492665102edr_f0490294ncam00295m1,test_msl,ALL,pixel_acc,,0,0,0
segformer__scratch__mit-b2__in_rover__seed1416__gpu_full__99146410__git3e52372c__codebebd8b2d__20260717T090304272832Z,msl_ncam_nlb_492665102edr_f0490294ncam00295m1,test_msl,ALL,boundary_f1,,0,0,0
segformer__scratch__mit-b2__in_rover__seed1416__gpu_full__99146410__git3e52372c__codebebd8b2d__20260717T090304272832Z,msl_ncam_nlb_493996330edr_f0491846ncam00385m1,test_msl,soil,iou,,0,0,89098
segformer__scratch__mit-b2__in_rover__seed1416__gpu_full__99146410__git3e52372c__codebebd8b2d__20260717T090304272832Z,msl_ncam_nlb_493996330edr_f0491846ncam00385m1,test_msl,bedrock,iou,1.0,39248,39248,89098
segformer__scratch__mit-b2__in_rover__seed1416__gpu_full__99146410__git3e52372c__codebebd8b2d__20260717T090304272832Z,msl_ncam_nlb_493996330edr_f0491846ncam00385m1,test_msl,sand,iou,1.0,49850,49850,89098
segformer__scratch__mit-b2__in_rover__seed1416__gpu_full__99146410__git3e52372c__codebebd8b2d__20260717T090304272832Z,msl_ncam_nlb_493996330edr_f0491846ncam00385m1,test_msl,big_rock,iou,,0,0,89098
segformer__scratch__mit-b2__in_rover__seed1416__gpu_full__99146410__git3e52372c__codebebd8b2d__20260717T090304272832Z,msl_ncam_nlb_493996330edr_f0491846ncam00385m1,test_msl,ALL,pixel_acc,1.0,0,0,89098
segformer__scratch__mit-b2__in_rover__seed1416__gpu_full__99146410__git3e52372c__codebebd8b2d__20260717T090304272832Z,msl_ncam_nlb_493996330edr_f0491846ncam00385m1,test_msl,ALL,boundary_f1,1.0,0,0,89098
segformer__scratch__mit-b2__in_rover__seed1416__gpu_full__99146410__git3e52372c__codebebd8b2d__20260717T090304272832Z,msl_ncam_nlb_493996945edr_f0491876ncam00353m1,test_msl,soil,iou,,0,0,75892
segformer__scratch__mit-b2__in_rover__seed1416__gpu_full__99146410__git3e52372c__codebebd8b2d__20260717T090304272832Z,msl_ncam_nlb_493996945edr_f0491876ncam00353m1,test_msl,bedrock,iou,0.7687503294154852,58342,75892,75892
segformer__scratch__mit-b2__in_rover__seed1416__gpu_full__99146410__git3e52372c__codebebd8b2d__20260717T090304272832Z,msl_ncam_nlb_493996945edr_f0491876ncam00353m1,test_msl,sand,iou,0.0,0,17550,75892
segformer__scratch__mit-b2__in_rover__seed1416__gpu_full__99146410__git3e52372c__codebebd8b2d__20260717T090304272832Z,msl_ncam_nlb_493996945edr_f0491876ncam00353m1,test_msl,big_rock,iou,,0,0,75892
segformer__scratch__mit-b2__in_rover__seed1416__gpu_full__99146410__git3e52372c__codebebd8b2d__20260717T090304272832Z,msl_ncam_nlb_493996945edr_f0491876ncam00353m1,test_msl,ALL,pixel_acc,0.7687503294154852,0,0,75892
segformer__scratch__mit-b2__in_rover__seed1416__gpu_full__99146410__git3e52372c__codebebd8b2d__20260717T090304272832Z,msl_ncam_nlb_493996945edr_f0491876ncam00353m1,test_msl,ALL,boundary_f1,0.3876561625955622,0,0,75892
segformer__scratch__mit-b2__in_rover__seed1416__gpu_full__99146410__git3e52372c__codebebd8b2d__20260717T090304272832Z,msl_ncam_nlb_493997715edr_f0491876ncam00256m1,test_msl,soil,iou,,0,0,65259
segformer__scratch__mit-b2__in_rover__seed1416__gpu_full__99146410__git3e52372c__codebebd8b2d__20260717T090304272832Z,msl_ncam_nlb_493997715edr_f0491876ncam00256m1,test_msl,bedrock,iou,0.7518640818065616,14117,18776,65259
segformer__scratch__mit-b2__in_rover__seed1416__gpu_full__99146410__git3e52372c__codebebd8b2d__20260717T090304272832Z,msl_ncam_nlb_493997715edr_f0491876ncam00256m1,test_msl,sand,iou,0.9813910461889293,45618,46483,65259
segformer__scratch__mit-b2__in_rover__seed1416__gpu_full__99146410__git3e52372c__codebebd8b2d__20260717T090304272832Z,msl_ncam_nlb_493997715edr_f0491876ncam00256m1,test_msl,big_rock,iou,0.0,0,5524,65259
segformer__scratch__mit-b2__in_rover__seed1416__gpu_full__99146410__git3e52372c__codebebd8b2d__20260717T090304272832Z,msl_ncam_nlb_493997715edr_f0491876ncam00256m1,test_msl,ALL,pixel_acc,0.9153526716621462,0,0,65259
segformer__scratch__mit-b2__in_rover__seed1416__gpu_full__99146410__git3e52372c__codebebd8b2d__20260717T090304272832Z,msl_ncam_nlb_493997715edr_f0491876ncam00256m1,test_msl,ALL,boundary_f1,0.5854818668640344,0,0,65259
segformer__scratch__mit-b2__in_rover__seed1416__gpu_full__99146410__git3e52372c__codebebd8b2d__20260717T090304272832Z,msl_ncam_nlb_493997775edr_f0491876ncam00256m1,test_msl,soil,iou,,0,0,41074
segformer__scratch__mit-b2__in_rover__seed1416__gpu_full__99146410__git3e52372c__codebebd8b2d__20260717T090304272832Z,msl_ncam_nlb_493997775edr_f0491876ncam00256m1,test_msl,bedrock,iou,0.9044921816154982,30021,33191,41074
segformer__scratch__mit-b2__in_rover__seed1416__gpu_full__99146410__git3e52372c__codebebd8b2d__20260717T090304272832Z,msl_ncam_nlb_493997775edr_f0491876ncam00256m1,test_msl,sand,iou,0.7132000361892699,7883,11053,41074
segformer__scratch__mit-b2__in_rover__seed1416__gpu_full__99146410__git3e52372c__codebebd8b2d__20260717T090304272832Z,msl_ncam_nlb_493997775edr_f0491876ncam00256m1,test_msl,big_rock,iou,,0,0,41074
segformer__scratch__mit-b2__in_rover__seed1416__gpu_full__99146410__git3e52372c__codebebd8b2d__20260717T090304272832Z,msl_ncam_nlb_493997775edr_f0491876ncam00256m1,test_msl,ALL,pixel_acc,0.9228222233042801,0,0,41074
segformer__scratch__mit-b2__in_rover__seed1416__gpu_full__99146410__git3e52372c__codebebd8b2d__20260717T090304272832Z,msl_ncam_nlb_493997775edr_f0491876ncam00256m1,test_msl,ALL,boundary_f1,0.7995229109647622,0,0,41074
segformer__scratch__mit-b2__in_rover__seed1416__gpu_full__99146410__git3e52372c__codebebd8b2d__20260717T090304272832Z,msl_ncam_nlb_493997895edr_f0491876ncam00354m1,test_msl,soil,iou,,0,0,92765
segformer__scratch__mit-b2__in_rover__seed1416__gpu_full__99146410__git3e52372c__codebebd8b2d__20260717T090304272832Z,msl_ncam_nlb_493997895edr_f0491876ncam00354m1,test_msl,bedrock,iou,0.8997030718566107,83326,92615,92765
segformer__scratch__mit-b2__in_rover__seed1416__gpu_full__99146410__git3e52372c__codebebd8b2d__20260717T090304272832Z,msl_ncam_nlb_493997895edr_f0491876ncam00354m1,test_msl,sand,iou,0.015891513931560547,150,9439,92765
segformer__scratch__mit-b2__in_rover__seed1416__gpu_full__99146410__git3e52372c__codebebd8b2d__20260717T090304272832Z,msl_ncam_nlb_493997895edr_f0491876ncam00354m1,test_msl,big_rock,iou,,0,0,92765
segformer__scratch__mit-b2__in_rover__seed1416__gpu_full__99146410__git3e52372c__codebebd8b2d__20260717T090304272832Z,msl_ncam_nlb_493997895edr_f0491876ncam00354m1,test_msl,ALL,pixel_acc,0.899865250902819,0,0,92765
segformer__scratch__mit-b2__in_rover__seed1416__gpu_full__99146410__git3e52372c__codebebd8b2d__20260717T090304272832Z,msl_ncam_nlb_493997895edr_f0491876ncam00354m1,test_msl,ALL,boundary_f1,0.48973681382462464,0,0,92765
segformer__scratch__mit-b2__in_rover__seed1416__gpu_full__99146410__git3e52372c__codebebd8b2d__20260717T090304272832Z,msl_ncam_nlb_493997974edr_f0491876ncam00354m1,test_msl,soil,iou,,0,0,43129
segformer__scratch__mit-b2__in_rover__seed1416__gpu_full__99146410__git3e52372c__codebebd8b2d__20260717T090304272832Z,msl_ncam_nlb_493997974edr_f0491876ncam00354m1,test_msl,bedrock,iou,0.7854634229912626,18339,23348,43129
segformer__scratch__mit-b2__in_rover__seed1416__gpu_full__99146410__git3e52372c__codebebd8b2d__20260717T090304272832Z,msl_ncam_nlb_493997974edr_f0491876ncam00354m1,test_msl,sand,iou,0.7974586526825332,19769,24790,43129
segformer__scratch__mit-b2__in_rover__seed1416__gpu_full__99146410__git3e52372c__codebebd8b2d__20260717T090304272832Z,msl_ncam_nlb_493997974edr_f0491876ncam00354m1,test_msl,big_rock,iou,0.0,0,12,43129
segformer__scratch__mit-b2__in_rover__seed1416__gpu_full__99146410__git3e52372c__codebebd8b2d__20260717T090304272832Z,msl_ncam_nlb_493997974edr_f0491876ncam00354m1,test_msl,ALL,pixel_acc,0.8835818127014305,0,0,43129
segformer__scratch__mit-b2__in_rover__seed1416__gpu_full__99146410__git3e52372c__codebebd8b2d__20260717T090304272832Z,msl_ncam_nlb_493997974edr_f0491876ncam00354m1,test_msl,ALL,boundary_f1,0.5048264591272945,0,0,43129
segformer__scratch__mit-b2__in_rover__seed1416__gpu_full__99146410__git3e52372c__codebebd8b2d__20260717T090304272832Z,msl_ncam_nlb_493998022edr_f0491876ncam00257m1,test_msl,soil,iou,,0,0,59414
segformer__scratch__mit-b2__in_rover__seed1416__gpu_full__99146410__git3e52372c__codebebd8b2d__20260717T090304272832Z,msl_ncam_nlb_493998022edr_f0491876ncam00257m1,test_msl,bedrock,iou,0.7313357461493141,43445,59405,59414
segformer__scratch__mit-b2__in_rover__seed1416__gpu_full__99146410__git3e52372c__codebebd8b2d__20260717T090304272832Z,msl_ncam_nlb_493998022edr_f0491876ncam00257m1,test_msl,sand,iou,0.0011026709139916686,9,8162,59414
segformer__scratch__mit-b2__in_rover__seed1416__gpu_full__99146410__git3e52372c__codebebd8b2d__20260717T090304272832Z,msl_ncam_nlb_493998022edr_f0491876ncam00257m1,test_msl,big_rock,iou,0.0,0,7807,59414
segformer__scratch__mit-b2__in_rover__seed1416__gpu_full__99146410__git3e52372c__codebebd8b2d__20260717T090304272832Z,msl_ncam_nlb_493998022edr_f0491876ncam00257m1,test_msl,ALL,pixel_acc,0.7313764432625307,0,0,59414
segformer__scratch__mit-b2__in_rover__seed1416__gpu_full__99146410__git3e52372c__codebebd8b2d__20260717T090304272832Z,msl_ncam_nlb_493998022edr_f0491876ncam00257m1,test_msl,ALL,boundary_f1,0.27149205900827406,0,0,59414
segformer__scratch__mit-b2__in_rover__seed1416__gpu_full__99146410__git3e52372c__codebebd8b2d__20260717T090304272832Z,msl_ncam_nlb_493998141edr_f0491876ncam00257m1,test_msl,soil,iou,,0,0,18319
segformer__scratch__mit-b2__in_rover__seed1416__gpu_full__99146410__git3e52372c__codebebd8b2d__20260717T090304272832Z,msl_ncam_nlb_493998141edr_f0491876ncam00257m1,test_msl,bedrock,iou,0.9035157810627247,4523,5006,18319
segformer__scratch__mit-b2__in_rover__seed1416__gpu_full__99146410__git3e52372c__codebebd8b2d__20260717T090304272832Z,msl_ncam_nlb_493998141edr_f0491876ncam00257m1,test_msl,sand,iou,0.999774707119255,13313,13316,18319
segformer__scratch__mit-b2__in_rover__seed1416__gpu_full__99146410__git3e52372c__codebebd8b2d__20260717T090304272832Z,msl_ncam_nlb_493998141edr_f0491876ncam00257m1,test_msl,big_rock,iou,0.0,0,480,18319
segformer__scratch__mit-b2__in_rover__seed1416__gpu_full__99146410__git3e52372c__codebebd8b2d__20260717T090304272832Z,msl_ncam_nlb_493998141edr_f0491876ncam00257m1,test_msl,ALL,pixel_acc,0.9736339319831868,0,0,18319
segformer__scratch__mit-b2__in_rover__seed1416__gpu_full__99146410__git3e52372c__codebebd8b2d__20260717T090304272832Z,msl_ncam_nlb_493998141edr_f0491876ncam00257m1,test_msl,ALL,boundary_f1,0.6548788858372472,0,0,18319
segformer__scratch__mit-b2__in_rover__seed1416__gpu_full__99146410__git3e52372c__codebebd8b2d__20260717T090304272832Z,msl_ncam_nlb_493998256edr_f0491876ncam00257m1,test_msl,soil,iou,,0,0,4103
segformer__scratch__mit-b2__in_rover__seed1416__gpu_full__99146410__git3e52372c__codebebd8b2d__20260717T090304272832Z,msl_ncam_nlb_493998256edr_f0491876ncam00257m1,test_msl,bedrock,iou,0.3441247002398082,1148,3336,4103
segformer__scratch__mit-b2__in_rover__seed1416__gpu_full__99146410__git3e52372c__codebebd8b2d__20260717T090304272832Z,msl_ncam_nlb_493998256edr_f0491876ncam00257m1,test_msl,sand,iou,0.2595600676818951,767,2955,4103
segformer__scratch__mit-b2__in_rover__seed1416__gpu_full__99146410__git3e52372c__codebebd8b2d__20260717T090304272832Z,msl_ncam_nlb_493998256edr_f0491876ncam00257m1,test_msl,big_rock,iou,,0,0,4103
segformer__scratch__mit-b2__in_rover__seed1416__gpu_full__99146410__git3e52372c__codebebd8b2d__20260717T090304272832Z,msl_ncam_nlb_493998256edr_f0491876ncam00257m1,test_msl,ALL,pixel_acc,0.4667316597611504,0,0,4103
segformer__scratch__mit-b2__in_rover__seed1416__gpu_full__99146410__git3e52372c__codebebd8b2d__20260717T090304272832Z,msl_ncam_nlb_493998256edr_f0491876ncam00257m1,test_msl,ALL,boundary_f1,0.4181601021232031,0,0,4103
segformer__scratch__mit-b2__in_rover__seed1416__gpu_full__99146410__git3e52372c__codebebd8b2d__20260717T090304272832Z,msl_ncam_nlb_500655478edr_f0503000ncam00385m1,test_msl,soil,iou,,0,0,113066
segformer__scratch__mit-b2__in_rover__seed1416__gpu_full__99146410__git3e52372c__codebebd8b2d__20260717T090304272832Z,msl_ncam_nlb_500655478edr_f0503000ncam00385m1,test_msl,bedrock,iou,1.0,113066,113066,113066
segformer__scratch__mit-b2__in_rover__seed1416__gpu_full__99146410__git3e52372c__codebebd8b2d__20260717T090304272832Z,msl_ncam_nlb_500655478edr_f0503000ncam00385m1,test_msl,sand,iou,,0,0,113066
segformer__scratch__mit-b2__in_rover__seed1416__gpu_full__99146410__git3e52372c__codebebd8b2d__20260717T090304272832Z,msl_ncam_nlb_500655478edr_f0503000ncam00385m1,test_msl,big_rock,iou,,0,0,113066
segformer__scratch__mit-b2__in_rover__seed1416__gpu_full__99146410__git3e52372c__codebebd8b2d__20260717T090304272832Z,msl_ncam_nlb_500655478edr_f0503000ncam00385m1,test_msl,ALL,pixel_acc,1.0,0,0,113066
segformer__scratch__mit-b2__in_rover__seed1416__gpu_full__99146410__git3e52372c__codebebd8b2d__20260717T090304272832Z,msl_ncam_nlb_500655478edr_f0503000ncam00385m1,test_msl,ALL,boundary_f1,1.0,0,0,113066
segformer__scratch__mit-b2__in_rover__seed1416__gpu_full__99146410__git3e52372c__codebebd8b2d__20260717T090304272832Z,msl_ncam_nlb_500656502edr_f0503076ncam00353m1,test_msl,soil,iou,0.0,0,7316,33179
segformer__scratch__mit-b2__in_rover__seed1416__gpu_full__99146410__git3e52372c__codebebd8b2d__20260717T090304272832Z,msl_ncam_nlb_500656502edr_f0503076ncam00353m1,test_msl,bedrock,iou,0.779499080743844,25863,33179,33179
segformer__scratch__mit-b2__in_rover__seed1416__gpu_full__99146410__git3e52372c__codebebd8b2d__20260717T090304272832Z,msl_ncam_nlb_500656502edr_f0503076ncam00353m1,test_msl,sand,iou,,0,0,33179
segformer__scratch__mit-b2__in_rover__seed1416__gpu_full__99146410__git3e52372c__codebebd8b2d__20260717T090304272832Z,msl_ncam_nlb_500656502edr_f0503076ncam00353m1,test_msl,big_rock,iou,,0,0,33179
segformer__scratch__mit-b2__in_rover__seed1416__gpu_full__99146410__git3e52372c__codebebd8b2d__20260717T090304272832Z,msl_ncam_nlb_500656502edr_f0503076ncam00353m1,test_msl,ALL,pixel_acc,0.779499080743844,0,0,33179
segformer__scratch__mit-b2__in_rover__seed1416__gpu_full__99146410__git3e52372c__codebebd8b2d__20260717T090304272832Z,msl_ncam_nlb_500656502edr_f0503076ncam00353m1,test_msl,ALL,boundary_f1,0.46972388180203456,0,0,33179
segformer__scratch__mit-b2__in_rover__seed1416__gpu_full__99146410__git3e52372c__codebebd8b2d__20260717T090304272832Z,msl_ncam_nlb_500661494edr_f0503076ncam00354m1,test_msl,soil,iou,,0,0,127313
segformer__scratch__mit-b2__in_rover__seed1416__gpu_full__99146410__git3e52372c__codebebd8b2d__20260717T090304272832Z,msl_ncam_nlb_500661494edr_f0503076ncam00354m1,test_msl,bedrock,iou,1.0,127313,127313,127313
segformer__scratch__mit-b2__in_rover__seed1416__gpu_full__99146410__git3e52372c__codebebd8b2d__20260717T090304272832Z,msl_ncam_nlb_500661494edr_f0503076ncam00354m1,test_msl,sand,iou,,0,0,127313
segformer__scratch__mit-b2__in_rover__seed1416__gpu_full__99146410__git3e52372c__codebebd8b2d__20260717T090304272832Z,msl_ncam_nlb_500661494edr_f0503076ncam00354m1,test_msl,big_rock,iou,,0,0,127313
segformer__scratch__mit-b2__in_rover__seed1416__gpu_full__99146410__git3e52372c__codebebd8b2d__20260717T090304272832Z,msl_ncam_nlb_500661494edr_f0503076ncam00354m1,test_msl,ALL,pixel_acc,1.0,0,0,127313
segformer__scratch__mit-b2__in_rover__seed1416__gpu_full__99146410__git3e52372c__codebebd8b2d__20260717T090304272832Z,msl_ncam_nlb_500661494edr_f0503076ncam00354m1,test_msl,ALL,boundary_f1,1.0,0,0,127313
segformer__scratch__mit-b2__in_rover__seed1416__gpu_full__99146410__git3e52372c__codebebd8b2d__20260717T090304272832Z,msl_ncam_nlb_500661565edr_f0503076ncam00354m1,test_msl,soil,iou,,0,0,25550
segformer__scratch__mit-b2__in_rover__seed1416__gpu_full__99146410__git3e52372c__codebebd8b2d__20260717T090304272832Z,msl_ncam_nlb_500661565edr_f0503076ncam00354m1,test_msl,bedrock,iou,1.0,25550,25550,25550
segformer__scratch__mit-b2__in_rover__seed1416__gpu_full__99146410__git3e52372c__codebebd8b2d__20260717T090304272832Z,msl_ncam_nlb_500661565edr_f0503076ncam00354m1,test_msl,sand,iou,,0,0,25550
segformer__scratch__mit-b2__in_rover__seed1416__gpu_full__99146410__git3e52372c__codebebd8b2d__20260717T090304272832Z,msl_ncam_nlb_500661565edr_f0503076ncam00354m1,test_msl,big_rock,iou,,0,0,25550
segformer__scratch__mit-b2__in_rover__seed1416__gpu_full__99146410__git3e52372c__codebebd8b2d__20260717T090304272832Z,msl_ncam_nlb_500661565edr_f0503076ncam00354m1,test_msl,ALL,pixel_acc,1.0,0,0,25550
segformer__scratch__mit-b2__in_rover__seed1416__gpu_full__99146410__git3e52372c__codebebd8b2d__20260717T090304272832Z,msl_ncam_nlb_500661565edr_f0503076ncam00354m1,test_msl,ALL,boundary_f1,1.0,0,0,25550
segformer__scratch__mit-b2__in_rover__seed1416__gpu_full__99146410__git3e52372c__codebebd8b2d__20260717T090304272832Z,msl_ncam_nlb_500661664edr_f0503076ncam07753m1,test_msl,soil,iou,0.0665176413726438,1101,16552,129119
segformer__scratch__mit-b2__in_rover__seed1416__gpu_full__99146410__git3e52372c__codebebd8b2d__20260717T090304272832Z,msl_ncam_nlb_500661664edr_f0503076ncam07753m1,test_msl,bedrock,iou,0.8793060350888157,112567,128018,129119
segformer__scratch__mit-b2__in_rover__seed1416__gpu_full__99146410__git3e52372c__codebebd8b2d__20260717T090304272832Z,msl_ncam_nlb_500661664edr_f0503076ncam07753m1,test_msl,sand,iou,,0,0,129119
segformer__scratch__mit-b2__in_rover__seed1416__gpu_full__99146410__git3e52372c__codebebd8b2d__20260717T090304272832Z,msl_ncam_nlb_500661664edr_f0503076ncam07753m1,test_msl,big_rock,iou,,0,0,129119
segformer__scratch__mit-b2__in_rover__seed1416__gpu_full__99146410__git3e52372c__codebebd8b2d__20260717T090304272832Z,msl_ncam_nlb_500661664edr_f0503076ncam07753m1,test_msl,ALL,pixel_acc,0.8803351946653862,0,0,129119
segformer__scratch__mit-b2__in_rover__seed1416__gpu_full__99146410__git3e52372c__codebebd8b2d__20260717T090304272832Z,msl_ncam_nlb_500661664edr_f0503076ncam07753m1,test_msl,ALL,boundary_f1,0.41130604288499023,0,0,129119
segformer__scratch__mit-b2__in_rover__seed1416__gpu_full__99146410__git3e52372c__codebebd8b2d__20260717T090304272832Z,msl_ncam_nlb_500661727edr_f0503076ncam07753m1,test_msl,soil,iou,,0,0,163353
segformer__scratch__mit-b2__in_rover__seed1416__gpu_full__99146410__git3e52372c__codebebd8b2d__20260717T090304272832Z,msl_ncam_nlb_500661727edr_f0503076ncam07753m1,test_msl,bedrock,iou,1.0,163353,163353,163353
segformer__scratch__mit-b2__in_rover__seed1416__gpu_full__99146410__git3e52372c__codebebd8b2d__20260717T090304272832Z,msl_ncam_nlb_500661727edr_f0503076ncam07753m1,test_msl,sand,iou,,0,0,163353
segformer__scratch__mit-b2__in_rover__seed1416__gpu_full__99146410__git3e52372c__codebebd8b2d__20260717T090304272832Z,msl_ncam_nlb_500661727edr_f0503076ncam07753m1,test_msl,big_rock,iou,,0,0,163353
segformer__scratch__mit-b2__in_rover__seed1416__gpu_full__99146410__git3e52372c__codebebd8b2d__20260717T090304272832Z,msl_ncam_nlb_500661727edr_f0503076ncam07753m1,test_msl,ALL,pixel_acc,1.0,0,0,163353
segformer__scratch__mit-b2__in_rover__seed1416__gpu_full__99146410__git3e52372c__codebebd8b2d__20260717T090304272832Z,msl_ncam_nlb_500661727edr_f0503076ncam07753m1,test_msl,ALL,boundary_f1,1.0,0,0,163353
segformer__scratch__mit-b2__in_rover__seed1416__gpu_full__99146410__git3e52372c__codebebd8b2d__20260717T090304272832Z,msl_ncam_nlb_500661784edr_f0503076ncam07753m1,test_msl,soil,iou,,0,0,133546
segformer__scratch__mit-b2__in_rover__seed1416__gpu_full__99146410__git3e52372c__codebebd8b2d__20260717T090304272832Z,msl_ncam_nlb_500661784edr_f0503076ncam07753m1,test_msl,bedrock,iou,1.0,133546,133546,133546
segformer__scratch__mit-b2__in_rover__seed1416__gpu_full__99146410__git3e52372c__codebebd8b2d__20260717T090304272832Z,msl_ncam_nlb_500661784edr_f0503076ncam07753m1,test_msl,sand,iou,,0,0,133546
segformer__scratch__mit-b2__in_rover__seed1416__gpu_full__99146410__git3e52372c__codebebd8b2d__20260717T090304272832Z,msl_ncam_nlb_500661784edr_f0503076ncam07753m1,test_msl,big_rock,iou,,0,0,133546
segformer__scratch__mit-b2__in_rover__seed1416__gpu_full__99146410__git3e52372c__codebebd8b2d__20260717T090304272832Z,msl_ncam_nlb_500661784edr_f0503076ncam07753m1,test_msl,ALL,pixel_acc,1.0,0,0,133546
segformer__scratch__mit-b2__in_rover__seed1416__gpu_full__99146410__git3e52372c__codebebd8b2d__20260717T090304272832Z,msl_ncam_nlb_500661784edr_f0503076ncam07753m1,test_msl,ALL,boundary_f1,1.0,0,0,133546
segformer__scratch__mit-b2__in_rover__seed1416__gpu_full__99146410__git3e52372c__codebebd8b2d__20260717T090304272832Z,msl_ncam_nlb_502512171edr_f0511298ncam00320m1,test_msl,soil,iou,,0,0,142320
segformer__scratch__mit-b2__in_rover__seed1416__gpu_full__99146410__git3e52372c__codebebd8b2d__20260717T090304272832Z,msl_ncam_nlb_502512171edr_f0511298ncam00320m1,test_msl,bedrock,iou,,0,0,142320
segformer__scratch__mit-b2__in_rover__seed1416__gpu_full__99146410__git3e52372c__codebebd8b2d__20260717T090304272832Z,msl_ncam_nlb_502512171edr_f0511298ncam00320m1,test_msl,sand,iou,0.9801644182124789,139497,142320,142320
segformer__scratch__mit-b2__in_rover__seed1416__gpu_full__99146410__git3e52372c__codebebd8b2d__20260717T090304272832Z,msl_ncam_nlb_502512171edr_f0511298ncam00320m1,test_msl,big_rock,iou,0.0,0,2823,142320
segformer__scratch__mit-b2__in_rover__seed1416__gpu_full__99146410__git3e52372c__codebebd8b2d__20260717T090304272832Z,msl_ncam_nlb_502512171edr_f0511298ncam00320m1,test_msl,ALL,pixel_acc,0.9801644182124789,0,0,142320
segformer__scratch__mit-b2__in_rover__seed1416__gpu_full__99146410__git3e52372c__codebebd8b2d__20260717T090304272832Z,msl_ncam_nlb_502512171edr_f0511298ncam00320m1,test_msl,ALL,boundary_f1,0.46932135110009304,0,0,142320
segformer__scratch__mit-b2__in_rover__seed1416__gpu_full__99146410__git3e52372c__codebebd8b2d__20260717T090304272832Z,msl_ncam_nlb_502515217edr_f0511406ncam00418m1,test_msl,soil,iou,,0,0,105136
segformer__scratch__mit-b2__in_rover__seed1416__gpu_full__99146410__git3e52372c__codebebd8b2d__20260717T090304272832Z,msl_ncam_nlb_502515217edr_f0511406ncam00418m1,test_msl,bedrock,iou,0.838380678263046,13399,15982,105136
segformer__scratch__mit-b2__in_rover__seed1416__gpu_full__99146410__git3e52372c__codebebd8b2d__20260717T090304272832Z,msl_ncam_nlb_502515217edr_f0511406ncam00418m1,test_msl,sand,iou,0.9718434219562445,89154,91737,105136
segformer__scratch__mit-b2__in_rover__seed1416__gpu_full__99146410__git3e52372c__codebebd8b2d__20260717T090304272832Z,msl_ncam_nlb_502515217edr_f0511406ncam00418m1,test_msl,big_rock,iou,,0,0,105136
segformer__scratch__mit-b2__in_rover__seed1416__gpu_full__99146410__git3e52372c__codebebd8b2d__20260717T090304272832Z,msl_ncam_nlb_502515217edr_f0511406ncam00418m1,test_msl,ALL,pixel_acc,0.9754318216405418,0,0,105136
segformer__scratch__mit-b2__in_rover__seed1416__gpu_full__99146410__git3e52372c__codebebd8b2d__20260717T090304272832Z,msl_ncam_nlb_502515217edr_f0511406ncam00418m1,test_msl,ALL,boundary_f1,0.7728361171913927,0,0,105136
segformer__scratch__mit-b2__in_rover__seed1416__gpu_full__99146410__git3e52372c__codebebd8b2d__20260717T090304272832Z,msl_ncam_nlb_502516548edr_f0511430ncam00353m1,test_msl,soil,iou,,0,0,181365
segformer__scratch__mit-b2__in_rover__seed1416__gpu_full__99146410__git3e52372c__codebebd8b2d__20260717T090304272832Z,msl_ncam_nlb_502516548edr_f0511430ncam00353m1,test_msl,bedrock,iou,,0,0,181365
segformer__scratch__mit-b2__in_rover__seed1416__gpu_full__99146410__git3e52372c__codebebd8b2d__20260717T090304272832Z,msl_ncam_nlb_502516548edr_f0511430ncam00353m1,test_msl,sand,iou,1.0,181365,181365,181365
segformer__scratch__mit-b2__in_rover__seed1416__gpu_full__99146410__git3e52372c__codebebd8b2d__20260717T090304272832Z,msl_ncam_nlb_502516548edr_f0511430ncam00353m1,test_msl,big_rock,iou,,0,0,181365
segformer__scratch__mit-b2__in_rover__seed1416__gpu_full__99146410__git3e52372c__codebebd8b2d__20260717T090304272832Z,msl_ncam_nlb_502516548edr_f0511430ncam00353m1,test_msl,ALL,pixel_acc,1.0,0,0,181365
segformer__scratch__mit-b2__in_rover__seed1416__gpu_full__99146410__git3e52372c__codebebd8b2d__20260717T090304272832Z,msl_ncam_nlb_502516548edr_f0511430ncam00353m1,test_msl,ALL,boundary_f1,1.0,0,0,181365
segformer__scratch__mit-b2__in_rover__seed1416__gpu_full__99146410__git3e52372c__codebebd8b2d__20260717T090304272832Z,msl_ncam_nlb_502516765edr_f0511430ncam00419m1,test_msl,soil,iou,,0,0,160319
segformer__scratch__mit-b2__in_rover__seed1416__gpu_full__99146410__git3e52372c__codebebd8b2d__20260717T090304272832Z,msl_ncam_nlb_502516765edr_f0511430ncam00419m1,test_msl,bedrock,iou,0.895716140199048,12420,13866,160319
segformer__scratch__mit-b2__in_rover__seed1416__gpu_full__99146410__git3e52372c__codebebd8b2d__20260717T090304272832Z,msl_ncam_nlb_502516765edr_f0511430ncam00419m1,test_msl,sand,iou,0.9902230576271644,146453,147899,160319
segformer__scratch__mit-b2__in_rover__seed1416__gpu_full__99146410__git3e52372c__codebebd8b2d__20260717T090304272832Z,msl_ncam_nlb_502516765edr_f0511430ncam00419m1,test_msl,big_rock,iou,,0,0,160319
segformer__scratch__mit-b2__in_rover__seed1416__gpu_full__99146410__git3e52372c__codebebd8b2d__20260717T090304272832Z,msl_ncam_nlb_502516765edr_f0511430ncam00419m1,test_msl,ALL,pixel_acc,0.9909804826626912,0,0,160319
segformer__scratch__mit-b2__in_rover__seed1416__gpu_full__99146410__git3e52372c__codebebd8b2d__20260717T090304272832Z,msl_ncam_nlb_502516765edr_f0511430ncam00419m1,test_msl,ALL,boundary_f1,0.9027551493485311,0,0,160319
segformer__scratch__mit-b2__in_rover__seed1416__gpu_full__99146410__git3e52372c__codebebd8b2d__20260717T090304272832Z,msl_ncam_nlb_502516974edr_f0511430ncam09842m1,test_msl,soil,iou,,0,0,159008
segformer__scratch__mit-b2__in_rover__seed1416__gpu_full__99146410__git3e52372c__codebebd8b2d__20260717T090304272832Z,msl_ncam_nlb_502516974edr_f0511430ncam09842m1,test_msl,bedrock,iou,0.9951467268623024,8817,8860,159008
segformer__scratch__mit-b2__in_rover__seed1416__gpu_full__99146410__git3e52372c__codebebd8b2d__20260717T090304272832Z,msl_ncam_nlb_502516974edr_f0511430ncam09842m1,test_msl,sand,iou,0.9997136978913517,150148,150191,159008
segformer__scratch__mit-b2__in_rover__seed1416__gpu_full__99146410__git3e52372c__codebebd8b2d__20260717T090304272832Z,msl_ncam_nlb_502516974edr_f0511430ncam09842m1,test_msl,big_rock,iou,,0,0,159008
segformer__scratch__mit-b2__in_rover__seed1416__gpu_full__99146410__git3e52372c__codebebd8b2d__20260717T090304272832Z,msl_ncam_nlb_502516974edr_f0511430ncam09842m1,test_msl,ALL,pixel_acc,0.9997295733547997,0,0,159008
segformer__scratch__mit-b2__in_rover__seed1416__gpu_full__99146410__git3e52372c__codebebd8b2d__20260717T090304272832Z,msl_ncam_nlb_502516974edr_f0511430ncam09842m1,test_msl,ALL,boundary_f1,0.9865870189786206,0,0,159008
segformer__scratch__mit-b2__in_rover__seed1416__gpu_full__99146410__git3e52372c__codebebd8b2d__20260717T090304272832Z,msl_ncam_nlb_502517100edr_f0511430ncam09842m1,test_msl,soil,iou,,0,0,195816
segformer__scratch__mit-b2__in_rover__seed1416__gpu_full__99146410__git3e52372c__codebebd8b2d__20260717T090304272832Z,msl_ncam_nlb_502517100edr_f0511430ncam09842m1,test_msl,bedrock,iou,0.0,0,23,195816
segformer__scratch__mit-b2__in_rover__seed1416__gpu_full__99146410__git3e52372c__codebebd8b2d__20260717T090304272832Z,msl_ncam_nlb_502517100edr_f0511430ncam09842m1,test_msl,sand,iou,0.9998825427952772,195793,195816,195816
segformer__scratch__mit-b2__in_rover__seed1416__gpu_full__99146410__git3e52372c__codebebd8b2d__20260717T090304272832Z,msl_ncam_nlb_502517100edr_f0511430ncam09842m1,test_msl,big_rock,iou,,0,0,195816
segformer__scratch__mit-b2__in_rover__seed1416__gpu_full__99146410__git3e52372c__codebebd8b2d__20260717T090304272832Z,msl_ncam_nlb_502517100edr_f0511430ncam09842m1,test_msl,ALL,pixel_acc,0.9998825427952772,0,0,195816
segformer__scratch__mit-b2__in_rover__seed1416__gpu_full__99146410__git3e52372c__codebebd8b2d__20260717T090304272832Z,msl_ncam_nlb_502517100edr_f0511430ncam09842m1,test_msl,ALL,boundary_f1,0.5,0,0,195816
segformer__scratch__mit-b2__in_rover__seed1416__gpu_full__99146410__git3e52372c__codebebd8b2d__20260717T090304272832Z,msl_ncam_nlb_502517193edr_f0511430ncam09842m1,test_msl,soil,iou,,0,0,102176
segformer__scratch__mit-b2__in_rover__seed1416__gpu_full__99146410__git3e52372c__codebebd8b2d__20260717T090304272832Z,msl_ncam_nlb_502517193edr_f0511430ncam09842m1,test_msl,bedrock,iou,0.9648655197480009,27874,28889,102176
segformer__scratch__mit-b2__in_rover__seed1416__gpu_full__99146410__git3e52372c__codebebd8b2d__20260717T090304272832Z,msl_ncam_nlb_502517193edr_f0511430ncam09842m1,test_msl,sand,iou,0.9863395332561707,73287,74302,102176
segformer__scratch__mit-b2__in_rover__seed1416__gpu_full__99146410__git3e52372c__codebebd8b2d__20260717T090304272832Z,msl_ncam_nlb_502517193edr_f0511430ncam09842m1,test_msl,big_rock,iou,,0,0,102176
segformer__scratch__mit-b2__in_rover__seed1416__gpu_full__99146410__git3e52372c__codebebd8b2d__20260717T090304272832Z,msl_ncam_nlb_502517193edr_f0511430ncam09842m1,test_msl,ALL,pixel_acc,0.9900661603507673,0,0,102176
segformer__scratch__mit-b2__in_rover__seed1416__gpu_full__99146410__git3e52372c__codebebd8b2d__20260717T090304272832Z,msl_ncam_nlb_502517193edr_f0511430ncam09842m1,test_msl,ALL,boundary_f1,0.9404026123769826,0,0,102176
segformer__scratch__mit-b2__in_rover__seed1416__gpu_full__99146410__git3e52372c__codebebd8b2d__20260717T090304272832Z,msl_ncam_nlb_504390285edr_f0520004ncam00353m1,test_msl,soil,iou,,0,0,0
segformer__scratch__mit-b2__in_rover__seed1416__gpu_full__99146410__git3e52372c__codebebd8b2d__20260717T090304272832Z,msl_ncam_nlb_504390285edr_f0520004ncam00353m1,test_msl,bedrock,iou,,0,0,0
segformer__scratch__mit-b2__in_rover__seed1416__gpu_full__99146410__git3e52372c__codebebd8b2d__20260717T090304272832Z,msl_ncam_nlb_504390285edr_f0520004ncam00353m1,test_msl,sand,iou,,0,0,0
segformer__scratch__mit-b2__in_rover__seed1416__gpu_full__99146410__git3e52372c__codebebd8b2d__20260717T090304272832Z,msl_ncam_nlb_504390285edr_f0520004ncam00353m1,test_msl,big_rock,iou,,0,0,0
segformer__scratch__mit-b2__in_rover__seed1416__gpu_full__99146410__git3e52372c__codebebd8b2d__20260717T090304272832Z,msl_ncam_nlb_504390285edr_f0520004ncam00353m1,test_msl,ALL,pixel_acc,,0,0,0
segformer__scratch__mit-b2__in_rover__seed1416__gpu_full__99146410__git3e52372c__codebebd8b2d__20260717T090304272832Z,msl_ncam_nlb_504390285edr_f0520004ncam00353m1,test_msl,ALL,boundary_f1,,0,0,0
segformer__scratch__mit-b2__in_rover__seed1416__gpu_full__99146410__git3e52372c__codebebd8b2d__20260717T090304272832Z,msl_ncam_nlb_504390796edr_f0520004ncam00354m1,test_msl,soil,iou,,0,0,98057
segformer__scratch__mit-b2__in_rover__seed1416__gpu_full__99146410__git3e52372c__codebebd8b2d__20260717T090304272832Z,msl_ncam_nlb_504390796edr_f0520004ncam00354m1,test_msl,bedrock,iou,0.8850471964158393,83167,93969,98057
segformer__scratch__mit-b2__in_rover__seed1416__gpu_full__99146410__git3e52372c__codebebd8b2d__20260717T090304272832Z,msl_ncam_nlb_504390796edr_f0520004ncam00354m1,test_msl,sand,iou,0.2745466756212223,4088,14890,98057
segformer__scratch__mit-b2__in_rover__seed1416__gpu_full__99146410__git3e52372c__codebebd8b2d__20260717T090304272832Z,msl_ncam_nlb_504390796edr_f0520004ncam00354m1,test_msl,big_rock,iou,,0,0,98057
segformer__scratch__mit-b2__in_rover__seed1416__gpu_full__99146410__git3e52372c__codebebd8b2d__20260717T090304272832Z,msl_ncam_nlb_504390796edr_f0520004ncam00354m1,test_msl,ALL,pixel_acc,0.8898395830996257,0,0,98057
segformer__scratch__mit-b2__in_rover__seed1416__gpu_full__99146410__git3e52372c__codebebd8b2d__20260717T090304272832Z,msl_ncam_nlb_504390796edr_f0520004ncam00354m1,test_msl,ALL,boundary_f1,0.644226903014048,0,0,98057
segformer__scratch__mit-b2__in_rover__seed1416__gpu_full__99146410__git3e52372c__codebebd8b2d__20260717T090304272832Z,msl_ncam_nlb_504390846edr_f0520004ncam00354m1,test_msl,soil,iou,,0,0,66198
segformer__scratch__mit-b2__in_rover__seed1416__gpu_full__99146410__git3e52372c__codebebd8b2d__20260717T090304272832Z,msl_ncam_nlb_504390846edr_f0520004ncam00354m1,test_msl,bedrock,iou,0.7701767753733618,50539,65620,66198
segformer__scratch__mit-b2__in_rover__seed1416__gpu_full__99146410__git3e52372c__codebebd8b2d__20260717T090304272832Z,msl_ncam_nlb_504390846edr_f0520004ncam00354m1,test_msl,sand,iou,0.0,0,15659,66198
segformer__scratch__mit-b2__in_rover__seed1416__gpu_full__99146410__git3e52372c__codebebd8b2d__20260717T090304272832Z,msl_ncam_nlb_504390846edr_f0520004ncam00354m1,test_msl,big_rock,iou,0.0,0,578,66198
segformer__scratch__mit-b2__in_rover__seed1416__gpu_full__99146410__git3e52372c__codebebd8b2d__20260717T090304272832Z,msl_ncam_nlb_504390846edr_f0520004ncam00354m1,test_msl,ALL,pixel_acc,0.7634520680383093,0,0,66198
segformer__scratch__mit-b2__in_rover__seed1416__gpu_full__99146410__git3e52372c__codebebd8b2d__20260717T090304272832Z,msl_ncam_nlb_504390846edr_f0520004ncam00354m1,test_msl,ALL,boundary_f1,0.24300273427790206,0,0,66198
segformer__scratch__mit-b2__in_rover__seed1416__gpu_full__99146410__git3e52372c__codebebd8b2d__20260717T090304272832Z,msl_ncam_nlb_504391195edr_f0520004ncam07753m1,test_msl,soil,iou,,0,0,173925
segformer__scratch__mit-b2__in_rover__seed1416__gpu_full__99146410__git3e52372c__codebebd8b2d__20260717T090304272832Z,msl_ncam_nlb_504391195edr_f0520004ncam07753m1,test_msl,bedrock,iou,0.983232077764277,52598,53495,173925
segformer__scratch__mit-b2__in_rover__seed1416__gpu_full__99146410__git3e52372c__codebebd8b2d__20260717T090304272832Z,msl_ncam_nlb_504391195edr_f0520004ncam07753m1,test_msl,sand,iou,0.9926067569461043,120430,121327,173925
segformer__scratch__mit-b2__in_rover__seed1416__gpu_full__99146410__git3e52372c__codebebd8b2d__20260717T090304272832Z,msl_ncam_nlb_504391195edr_f0520004ncam07753m1,test_msl,big_rock,iou,,0,0,173925
segformer__scratch__mit-b2__in_rover__seed1416__gpu_full__99146410__git3e52372c__codebebd8b2d__20260717T090304272832Z,msl_ncam_nlb_504391195edr_f0520004ncam07753m1,test_msl,ALL,pixel_acc,0.9948426045709358,0,0,173925
segformer__scratch__mit-b2__in_rover__seed1416__gpu_full__99146410__git3e52372c__codebebd8b2d__20260717T090304272832Z,msl_ncam_nlb_504391195edr_f0520004ncam07753m1,test_msl,ALL,boundary_f1,0.9454102462943133,0,0,173925
segformer__scratch__mit-b2__in_rover__seed1416__gpu_full__99146410__git3e52372c__codebebd8b2d__20260717T090304272832Z,msl_ncam_nlb_504391382edr_f0520004ncam07753m1,test_msl,soil,iou,,0,0,62981
segformer__scratch__mit-b2__in_rover__seed1416__gpu_full__99146410__git3e52372c__codebebd8b2d__20260717T090304272832Z,msl_ncam_nlb_504391382edr_f0520004ncam07753m1,test_msl,bedrock,iou,0.9665073369656049,28915,29917,62981
segformer__scratch__mit-b2__in_rover__seed1416__gpu_full__99146410__git3e52372c__codebebd8b2d__20260717T090304272832Z,msl_ncam_nlb_504391382edr_f0520004ncam07753m1,test_msl,sand,iou,0.9705865085422415,33064,34066,62981
segformer__scratch__mit-b2__in_rover__seed1416__gpu_full__99146410__git3e52372c__codebebd8b2d__20260717T090304272832Z,msl_ncam_nlb_504391382edr_f0520004ncam07753m1,test_msl,big_rock,iou,,0,0,62981
segformer__scratch__mit-b2__in_rover__seed1416__gpu_full__99146410__git3e52372c__codebebd8b2d__20260717T090304272832Z,msl_ncam_nlb_504391382edr_f0520004ncam07753m1,test_msl,ALL,pixel_acc,0.9840904399739604,0,0,62981
segformer__scratch__mit-b2__in_rover__seed1416__gpu_full__99146410__git3e52372c__codebebd8b2d__20260717T090304272832Z,msl_ncam_nlb_504391382edr_f0520004ncam07753m1,test_msl,ALL,boundary_f1,0.9085715011560198,0,0,62981
segformer__scratch__mit-b2__in_rover__seed1416__gpu_full__99146410__git3e52372c__codebebd8b2d__20260717T090304272832Z,msl_ncam_nlb_505891855edr_f0521112ncam00319m1,test_msl,soil,iou,,0,0,93351
segformer__scratch__mit-b2__in_rover__seed1416__gpu_full__99146410__git3e52372c__codebebd8b2d__20260717T090304272832Z,msl_ncam_nlb_505891855edr_f0521112ncam00319m1,test_msl,bedrock,iou,,0,0,93351
segformer__scratch__mit-b2__in_rover__seed1416__gpu_full__99146410__git3e52372c__codebebd8b2d__20260717T090304272832Z,msl_ncam_nlb_505891855edr_f0521112ncam00319m1,test_msl,sand,iou,1.0,93351,93351,93351
segformer__scratch__mit-b2__in_rover__seed1416__gpu_full__99146410__git3e52372c__codebebd8b2d__20260717T090304272832Z,msl_ncam_nlb_505891855edr_f0521112ncam00319m1,test_msl,big_rock,iou,,0,0,93351
segformer__scratch__mit-b2__in_rover__seed1416__gpu_full__99146410__git3e52372c__codebebd8b2d__20260717T090304272832Z,msl_ncam_nlb_505891855edr_f0521112ncam00319m1,test_msl,ALL,pixel_acc,1.0,0,0,93351
segformer__scratch__mit-b2__in_rover__seed1416__gpu_full__99146410__git3e52372c__codebebd8b2d__20260717T090304272832Z,msl_ncam_nlb_505891855edr_f0521112ncam00319m1,test_msl,ALL,boundary_f1,1.0,0,0,93351
segformer__scratch__mit-b2__in_rover__seed1416__gpu_full__99146410__git3e52372c__codebebd8b2d__20260717T090304272832Z,msl_ncam_nlb_505898310edr_f0521162ncam12753m1,test_msl,soil,iou,,0,0,39614
segformer__scratch__mit-b2__in_rover__seed1416__gpu_full__99146410__git3e52372c__codebebd8b2d__20260717T090304272832Z,msl_ncam_nlb_505898310edr_f0521162ncam12753m1,test_msl,bedrock,iou,0.8555056293229666,33890,39614,39614
segformer__scratch__mit-b2__in_rover__seed1416__gpu_full__99146410__git3e52372c__codebebd8b2d__20260717T090304272832Z,msl_ncam_nlb_505898310edr_f0521162ncam12753m1,test_msl,sand,iou,0.0,0,5724,39614
segformer__scratch__mit-b2__in_rover__seed1416__gpu_full__99146410__git3e52372c__codebebd8b2d__20260717T090304272832Z,msl_ncam_nlb_505898310edr_f0521162ncam12753m1,test_msl,big_rock,iou,,0,0,39614
segformer__scratch__mit-b2__in_rover__seed1416__gpu_full__99146410__git3e52372c__codebebd8b2d__20260717T090304272832Z,msl_ncam_nlb_505898310edr_f0521162ncam12753m1,test_msl,ALL,pixel_acc,0.8555056293229666,0,0,39614
segformer__scratch__mit-b2__in_rover__seed1416__gpu_full__99146410__git3e52372c__codebebd8b2d__20260717T090304272832Z,msl_ncam_nlb_505898310edr_f0521162ncam12753m1,test_msl,ALL,boundary_f1,0.4613887875471239,0,0,39614
segformer__scratch__mit-b2__in_rover__seed1416__gpu_full__99146410__git3e52372c__codebebd8b2d__20260717T090304272832Z,msl_ncam_nlb_505898372edr_f0521162ncam12753m1,test_msl,soil,iou,,0,0,70730
segformer__scratch__mit-b2__in_rover__seed1416__gpu_full__99146410__git3e52372c__codebebd8b2d__20260717T090304272832Z,msl_ncam_nlb_505898372edr_f0521162ncam12753m1,test_msl,bedrock,iou,0.7987263369100585,45779,57315,70730
segformer__scratch__mit-b2__in_rover__seed1416__gpu_full__99146410__git3e52372c__codebebd8b2d__20260717T090304272832Z,msl_ncam_nlb_505898372edr_f0521162ncam12753m1,test_msl,sand,iou,0.5376538014508436,13415,24951,70730
segformer__scratch__mit-b2__in_rover__seed1416__gpu_full__99146410__git3e52372c__codebebd8b2d__20260717T090304272832Z,msl_ncam_nlb_505898372edr_f0521162ncam12753m1,test_msl,big_rock,iou,,0,0,70730
segformer__scratch__mit-b2__in_rover__seed1416__gpu_full__99146410__git3e52372c__codebebd8b2d__20260717T090304272832Z,msl_ncam_nlb_505898372edr_f0521162ncam12753m1,test_msl,ALL,pixel_acc,0.8369008907111551,0,0,70730
segformer__scratch__mit-b2__in_rover__seed1416__gpu_full__99146410__git3e52372c__codebebd8b2d__20260717T090304272832Z,msl_ncam_nlb_505898372edr_f0521162ncam12753m1,test_msl,ALL,boundary_f1,0.5973710531197797,0,0,70730
segformer__scratch__mit-b2__in_rover__seed1416__gpu_full__99146410__git3e52372c__codebebd8b2d__20260717T090304272832Z,msl_ncam_nlb_505898434edr_f0521162ncam12753m1,test_msl,soil,iou,,0,0,186871
segformer__scratch__mit-b2__in_rover__seed1416__gpu_full__99146410__git3e52372c__codebebd8b2d__20260717T090304272832Z,msl_ncam_nlb_505898434edr_f0521162ncam12753m1,test_msl,bedrock,iou,,0,0,186871
segformer__scratch__mit-b2__in_rover__seed1416__gpu_full__99146410__git3e52372c__codebebd8b2d__20260717T090304272832Z,msl_ncam_nlb_505898434edr_f0521162ncam12753m1,test_msl,sand,iou,0.9978059731044411,186461,186871,186871
segformer__scratch__mit-b2__in_rover__seed1416__gpu_full__99146410__git3e52372c__codebebd8b2d__20260717T090304272832Z,msl_ncam_nlb_505898434edr_f0521162ncam12753m1,test_msl,big_rock,iou,0.0,0,410,186871
segformer__scratch__mit-b2__in_rover__seed1416__gpu_full__99146410__git3e52372c__codebebd8b2d__20260717T090304272832Z,msl_ncam_nlb_505898434edr_f0521162ncam12753m1,test_msl,ALL,pixel_acc,0.9978059731044411,0,0,186871
segformer__scratch__mit-b2__in_rover__seed1416__gpu_full__99146410__git3e52372c__codebebd8b2d__20260717T090304272832Z,msl_ncam_nlb_505898434edr_f0521162ncam12753m1,test_msl,ALL,boundary_f1,0.4883522194924201,0,0,186871
segformer__scratch__mit-b2__in_rover__seed1416__gpu_full__99146410__git3e52372c__codebebd8b2d__20260717T090304272832Z,msl_ncam_nlb_505898562edr_f0521162ncam12753m1,test_msl,soil,iou,,0,0,0
segformer__scratch__mit-b2__in_rover__seed1416__gpu_full__99146410__git3e52372c__codebebd8b2d__20260717T090304272832Z,msl_ncam_nlb_505898562edr_f0521162ncam12753m1,test_msl,bedrock,iou,,0,0,0
segformer__scratch__mit-b2__in_rover__seed1416__gpu_full__99146410__git3e52372c__codebebd8b2d__20260717T090304272832Z,msl_ncam_nlb_505898562edr_f0521162ncam12753m1,test_msl,sand,iou,,0,0,0
segformer__scratch__mit-b2__in_rover__seed1416__gpu_full__99146410__git3e52372c__codebebd8b2d__20260717T090304272832Z,msl_ncam_nlb_505898562edr_f0521162ncam12753m1,test_msl,big_rock,iou,,0,0,0
segformer__scratch__mit-b2__in_rover__seed1416__gpu_full__99146410__git3e52372c__codebebd8b2d__20260717T090304272832Z,msl_ncam_nlb_505898562edr_f0521162ncam12753m1,test_msl,ALL,pixel_acc,,0,0,0
segformer__scratch__mit-b2__in_rover__seed1416__gpu_full__99146410__git3e52372c__codebebd8b2d__20260717T090304272832Z,msl_ncam_nlb_505898562edr_f0521162ncam12753m1,test_msl,ALL,boundary_f1,,0,0,0
segformer__scratch__mit-b2__in_rover__seed1416__gpu_full__99146410__git3e52372c__codebebd8b2d__20260717T090304272832Z,msl_ncam_nlb_505898711edr_f0521162ncam12753m1,test_msl,soil,iou,,0,0,84361
segformer__scratch__mit-b2__in_rover__seed1416__gpu_full__99146410__git3e52372c__codebebd8b2d__20260717T090304272832Z,msl_ncam_nlb_505898711edr_f0521162ncam12753m1,test_msl,bedrock,iou,0.9902786779001944,12224,12344,84361
segformer__scratch__mit-b2__in_rover__seed1416__gpu_full__99146410__git3e52372c__codebebd8b2d__20260717T090304272832Z,msl_ncam_nlb_505898711edr_f0521162ncam12753m1,test_msl,sand,iou,0.9983364986068176,72017,72137,84361
segformer__scratch__mit-b2__in_rover__seed1416__gpu_full__99146410__git3e52372c__codebebd8b2d__20260717T090304272832Z,msl_ncam_nlb_505898711edr_f0521162ncam12753m1,test_msl,big_rock,iou,,0,0,84361
segformer__scratch__mit-b2__in_rover__seed1416__gpu_full__99146410__git3e52372c__codebebd8b2d__20260717T090304272832Z,msl_ncam_nlb_505898711edr_f0521162ncam12753m1,test_msl,ALL,pixel_acc,0.9985775417550764,0,0,84361
segformer__scratch__mit-b2__in_rover__seed1416__gpu_full__99146410__git3e52372c__codebebd8b2d__20260717T090304272832Z,msl_ncam_nlb_505898711edr_f0521162ncam12753m1,test_msl,ALL,boundary_f1,0.9800706897154097,0,0,84361
segformer__scratch__mit-b2__in_rover__seed1416__gpu_full__99146410__git3e52372c__codebebd8b2d__20260717T090304272832Z,msl_ncam_nlb_505898763edr_f0521162ncam00353m1,test_msl,soil,iou,,0,0,107150
segformer__scratch__mit-b2__in_rover__seed1416__gpu_full__99146410__git3e52372c__codebebd8b2d__20260717T090304272832Z,msl_ncam_nlb_505898763edr_f0521162ncam00353m1,test_msl,bedrock,iou,0.8491787439613526,8789,10350,107150
segformer__scratch__mit-b2__in_rover__seed1416__gpu_full__99146410__git3e52372c__codebebd8b2d__20260717T090304272832Z,msl_ncam_nlb_505898763edr_f0521162ncam00353m1,test_msl,sand,iou,0.9561614867681296,94049,98361,107150
segformer__scratch__mit-b2__in_rover__seed1416__gpu_full__99146410__git3e52372c__codebebd8b2d__20260717T090304272832Z,msl_ncam_nlb_505898763edr_f0521162ncam00353m1,test_msl,big_rock,iou,0.0,0,2751,107150
segformer__scratch__mit-b2__in_rover__seed1416__gpu_full__99146410__git3e52372c__codebebd8b2d__20260717T090304272832Z,msl_ncam_nlb_505898763edr_f0521162ncam00353m1,test_msl,ALL,pixel_acc,0.9597573495100327,0,0,107150
segformer__scratch__mit-b2__in_rover__seed1416__gpu_full__99146410__git3e52372c__codebebd8b2d__20260717T090304272832Z,msl_ncam_nlb_505898763edr_f0521162ncam00353m1,test_msl,ALL,boundary_f1,0.5390651919765836,0,0,107150
segformer__scratch__mit-b2__in_rover__seed1416__gpu_full__99146410__git3e52372c__codebebd8b2d__20260717T090304272832Z,msl_ncam_nlb_505900047edr_f0521162ncam00352m1,test_msl,soil,iou,,0,0,228276
segformer__scratch__mit-b2__in_rover__seed1416__gpu_full__99146410__git3e52372c__codebebd8b2d__20260717T090304272832Z,msl_ncam_nlb_505900047edr_f0521162ncam00352m1,test_msl,bedrock,iou,0.0,0,143698,228276
segformer__scratch__mit-b2__in_rover__seed1416__gpu_full__99146410__git3e52372c__codebebd8b2d__20260717T090304272832Z,msl_ncam_nlb_505900047edr_f0521162ncam00352m1,test_msl,sand,iou,0.3703718305910389,84547,228276,228276
segformer__scratch__mit-b2__in_rover__seed1416__gpu_full__99146410__git3e52372c__codebebd8b2d__20260717T090304272832Z,msl_ncam_nlb_505900047edr_f0521162ncam00352m1,test_msl,big_rock,iou,0.0,0,31,228276
segformer__scratch__mit-b2__in_rover__seed1416__gpu_full__99146410__git3e52372c__codebebd8b2d__20260717T090304272832Z,msl_ncam_nlb_505900047edr_f0521162ncam00352m1,test_msl,ALL,pixel_acc,0.3703718305910389,0,0,228276
segformer__scratch__mit-b2__in_rover__seed1416__gpu_full__99146410__git3e52372c__codebebd8b2d__20260717T090304272832Z,msl_ncam_nlb_505900047edr_f0521162ncam00352m1,test_msl,ALL,boundary_f1,0.10829963472420923,0,0,228276
segformer__scratch__mit-b2__in_rover__seed1416__gpu_full__99146410__git3e52372c__codebebd8b2d__20260717T090304272832Z,msl_ncam_nlb_512555058edr_f0532644ncam00264m1,test_msl,soil,iou,,0,0,77059
segformer__scratch__mit-b2__in_rover__seed1416__gpu_full__99146410__git3e52372c__codebebd8b2d__20260717T090304272832Z,msl_ncam_nlb_512555058edr_f0532644ncam00264m1,test_msl,bedrock,iou,0.9941716707877075,33774,33972,77059
segformer__scratch__mit-b2__in_rover__seed1416__gpu_full__99146410__git3e52372c__codebebd8b2d__20260717T090304272832Z,msl_ncam_nlb_512555058edr_f0532644ncam00264m1,test_msl,sand,iou,0.995425667090216,43087,43285,77059
segformer__scratch__mit-b2__in_rover__seed1416__gpu_full__99146410__git3e52372c__codebebd8b2d__20260717T090304272832Z,msl_ncam_nlb_512555058edr_f0532644ncam00264m1,test_msl,big_rock,iou,,0,0,77059
segformer__scratch__mit-b2__in_rover__seed1416__gpu_full__99146410__git3e52372c__codebebd8b2d__20260717T090304272832Z,msl_ncam_nlb_512555058edr_f0532644ncam00264m1,test_msl,ALL,pixel_acc,0.997430540235404,0,0,77059
segformer__scratch__mit-b2__in_rover__seed1416__gpu_full__99146410__git3e52372c__codebebd8b2d__20260717T090304272832Z,msl_ncam_nlb_512555058edr_f0532644ncam00264m1,test_msl,ALL,boundary_f1,0.9780612061248253,0,0,77059
segformer__scratch__mit-b2__in_rover__seed1416__gpu_full__99146410__git3e52372c__codebebd8b2d__20260717T090304272832Z,msl_ncam_nlb_512555120edr_f0532644ncam00264m1,test_msl,soil,iou,,0,0,31610
segformer__scratch__mit-b2__in_rover__seed1416__gpu_full__99146410__git3e52372c__codebebd8b2d__20260717T090304272832Z,msl_ncam_nlb_512555120edr_f0532644ncam00264m1,test_msl,bedrock,iou,1.0,31610,31610,31610
segformer__scratch__mit-b2__in_rover__seed1416__gpu_full__99146410__git3e52372c__codebebd8b2d__20260717T090304272832Z,msl_ncam_nlb_512555120edr_f0532644ncam00264m1,test_msl,sand,iou,,0,0,31610
segformer__scratch__mit-b2__in_rover__seed1416__gpu_full__99146410__git3e52372c__codebebd8b2d__20260717T090304272832Z,msl_ncam_nlb_512555120edr_f0532644ncam00264m1,test_msl,big_rock,iou,,0,0,31610
segformer__scratch__mit-b2__in_rover__seed1416__gpu_full__99146410__git3e52372c__codebebd8b2d__20260717T090304272832Z,msl_ncam_nlb_512555120edr_f0532644ncam00264m1,test_msl,ALL,pixel_acc,1.0,0,0,31610
segformer__scratch__mit-b2__in_rover__seed1416__gpu_full__99146410__git3e52372c__codebebd8b2d__20260717T090304272832Z,msl_ncam_nlb_512555120edr_f0532644ncam00264m1,test_msl,ALL,boundary_f1,1.0,0,0,31610
segformer__scratch__mit-b2__in_rover__seed1416__gpu_full__99146410__git3e52372c__codebebd8b2d__20260717T090304272832Z,msl_ncam_nlb_512555645edr_f0532644ncam00354m1,test_msl,soil,iou,,0,0,29150
segformer__scratch__mit-b2__in_rover__seed1416__gpu_full__99146410__git3e52372c__codebebd8b2d__20260717T090304272832Z,msl_ncam_nlb_512555645edr_f0532644ncam00354m1,test_msl,bedrock,iou,0.0,0,29150,29150
segformer__scratch__mit-b2__in_rover__seed1416__gpu_full__99146410__git3e52372c__codebebd8b2d__20260717T090304272832Z,msl_ncam_nlb_512555645edr_f0532644ncam00354m1,test_msl,sand,iou,0.0,0,29150,29150
segformer__scratch__mit-b2__in_rover__seed1416__gpu_full__99146410__git3e52372c__codebebd8b2d__20260717T090304272832Z,msl_ncam_nlb_512555645edr_f0532644ncam00354m1,test_msl,big_rock,iou,,0,0,29150
segformer__scratch__mit-b2__in_rover__seed1416__gpu_full__99146410__git3e52372c__codebebd8b2d__20260717T090304272832Z,msl_ncam_nlb_512555645edr_f0532644ncam00354m1,test_msl,ALL,pixel_acc,0.0,0,0,29150
segformer__scratch__mit-b2__in_rover__seed1416__gpu_full__99146410__git3e52372c__codebebd8b2d__20260717T090304272832Z,msl_ncam_nlb_512555645edr_f0532644ncam00354m1,test_msl,ALL,boundary_f1,0.0,0,0,29150
segformer__scratch__mit-b2__in_rover__seed1416__gpu_full__99146410__git3e52372c__codebebd8b2d__20260717T090304272832Z,msl_ncam_nlb_512555804edr_f0532644ncam07753m1,test_msl,soil,iou,,0,0,0
segformer__scratch__mit-b2__in_rover__seed1416__gpu_full__99146410__git3e52372c__codebebd8b2d__20260717T090304272832Z,msl_ncam_nlb_512555804edr_f0532644ncam07753m1,test_msl,bedrock,iou,,0,0,0
segformer__scratch__mit-b2__in_rover__seed1416__gpu_full__99146410__git3e52372c__codebebd8b2d__20260717T090304272832Z,msl_ncam_nlb_512555804edr_f0532644ncam07753m1,test_msl,sand,iou,,0,0,0
segformer__scratch__mit-b2__in_rover__seed1416__gpu_full__99146410__git3e52372c__codebebd8b2d__20260717T090304272832Z,msl_ncam_nlb_512555804edr_f0532644ncam07753m1,test_msl,big_rock,iou,,0,0,0
segformer__scratch__mit-b2__in_rover__seed1416__gpu_full__99146410__git3e52372c__codebebd8b2d__20260717T090304272832Z,msl_ncam_nlb_512555804edr_f0532644ncam07753m1,test_msl,ALL,pixel_acc,,0,0,0
segformer__scratch__mit-b2__in_rover__seed1416__gpu_full__99146410__git3e52372c__codebebd8b2d__20260717T090304272832Z,msl_ncam_nlb_512555804edr_f0532644ncam07753m1,test_msl,ALL,boundary_f1,,0,0,0
segformer__scratch__mit-b2__in_rover__seed1416__gpu_full__99146410__git3e52372c__codebebd8b2d__20260717T090304272832Z,msl_ncam_nlb_512555867edr_f0532644ncam07753m1,test_msl,soil,iou,,0,0,52439
segformer__scratch__mit-b2__in_rover__seed1416__gpu_full__99146410__git3e52372c__codebebd8b2d__20260717T090304272832Z,msl_ncam_nlb_512555867edr_f0532644ncam07753m1,test_msl,bedrock,iou,0.9646434772653552,50556,52409,52439
segformer__scratch__mit-b2__in_rover__seed1416__gpu_full__99146410__git3e52372c__codebebd8b2d__20260717T090304272832Z,msl_ncam_nlb_512555867edr_f0532644ncam07753m1,test_msl,sand,iou,0.0053106744556558685,10,1883,52439
segformer__scratch__mit-b2__in_rover__seed1416__gpu_full__99146410__git3e52372c__codebebd8b2d__20260717T090304272832Z,msl_ncam_nlb_512555867edr_f0532644ncam07753m1,test_msl,big_rock,iou,0.0,0,20,52439
segformer__scratch__mit-b2__in_rover__seed1416__gpu_full__99146410__git3e52372c__codebebd8b2d__20260717T090304272832Z,msl_ncam_nlb_512555867edr_f0532644ncam07753m1,test_msl,ALL,pixel_acc,0.9642823089685157,0,0,52439
segformer__scratch__mit-b2__in_rover__seed1416__gpu_full__99146410__git3e52372c__codebebd8b2d__20260717T090304272832Z,msl_ncam_nlb_512555867edr_f0532644ncam07753m1,test_msl,ALL,boundary_f1,0.323003728944323,0,0,52439
segformer__scratch__mit-b2__in_rover__seed1416__gpu_full__99146410__git3e52372c__codebebd8b2d__20260717T090304272832Z,msl_ncam_nlb_520358689edr_f0550940ncam00299m1,test_msl,soil,iou,,0,0,27530
segformer__scratch__mit-b2__in_rover__seed1416__gpu_full__99146410__git3e52372c__codebebd8b2d__20260717T090304272832Z,msl_ncam_nlb_520358689edr_f0550940ncam00299m1,test_msl,bedrock,iou,1.0,27530,27530,27530
segformer__scratch__mit-b2__in_rover__seed1416__gpu_full__99146410__git3e52372c__codebebd8b2d__20260717T090304272832Z,msl_ncam_nlb_520358689edr_f0550940ncam00299m1,test_msl,sand,iou,,0,0,27530
segformer__scratch__mit-b2__in_rover__seed1416__gpu_full__99146410__git3e52372c__codebebd8b2d__20260717T090304272832Z,msl_ncam_nlb_520358689edr_f0550940ncam00299m1,test_msl,big_rock,iou,,0,0,27530
segformer__scratch__mit-b2__in_rover__seed1416__gpu_full__99146410__git3e52372c__codebebd8b2d__20260717T090304272832Z,msl_ncam_nlb_520358689edr_f0550940ncam00299m1,test_msl,ALL,pixel_acc,1.0,0,0,27530
segformer__scratch__mit-b2__in_rover__seed1416__gpu_full__99146410__git3e52372c__codebebd8b2d__20260717T090304272832Z,msl_ncam_nlb_520358689edr_f0550940ncam00299m1,test_msl,ALL,boundary_f1,1.0,0,0,27530
segformer__scratch__mit-b2__in_rover__seed1416__gpu_full__99146410__git3e52372c__codebebd8b2d__20260717T090304272832Z,msl_ncam_nlb_520358799edr_f0550940ncam00299m1,test_msl,soil,iou,,0,0,150778
segformer__scratch__mit-b2__in_rover__seed1416__gpu_full__99146410__git3e52372c__codebebd8b2d__20260717T090304272832Z,msl_ncam_nlb_520358799edr_f0550940ncam00299m1,test_msl,bedrock,iou,1.0,150778,150778,150778
segformer__scratch__mit-b2__in_rover__seed1416__gpu_full__99146410__git3e52372c__codebebd8b2d__20260717T090304272832Z,msl_ncam_nlb_520358799edr_f0550940ncam00299m1,test_msl,sand,iou,,0,0,150778
segformer__scratch__mit-b2__in_rover__seed1416__gpu_full__99146410__git3e52372c__codebebd8b2d__20260717T090304272832Z,msl_ncam_nlb_520358799edr_f0550940ncam00299m1,test_msl,big_rock,iou,,0,0,150778
segformer__scratch__mit-b2__in_rover__seed1416__gpu_full__99146410__git3e52372c__codebebd8b2d__20260717T090304272832Z,msl_ncam_nlb_520358799edr_f0550940ncam00299m1,test_msl,ALL,pixel_acc,1.0,0,0,150778
segformer__scratch__mit-b2__in_rover__seed1416__gpu_full__99146410__git3e52372c__codebebd8b2d__20260717T090304272832Z,msl_ncam_nlb_520358799edr_f0550940ncam00299m1,test_msl,ALL,boundary_f1,1.0,0,0,150778
segformer__scratch__mit-b2__in_rover__seed1416__gpu_full__99146410__git3e52372c__codebebd8b2d__20260717T090304272832Z,msl_ncam_nlb_520359057edr_f0550940ncam00654m1,test_msl,soil,iou,,0,0,36846
segformer__scratch__mit-b2__in_rover__seed1416__gpu_full__99146410__git3e52372c__codebebd8b2d__20260717T090304272832Z,msl_ncam_nlb_520359057edr_f0550940ncam00654m1,test_msl,bedrock,iou,0.8093144439016446,29820,36846,36846
segformer__scratch__mit-b2__in_rover__seed1416__gpu_full__99146410__git3e52372c__codebebd8b2d__20260717T090304272832Z,msl_ncam_nlb_520359057edr_f0550940ncam00654m1,test_msl,sand,iou,0.0,0,7026,36846
segformer__scratch__mit-b2__in_rover__seed1416__gpu_full__99146410__git3e52372c__codebebd8b2d__20260717T090304272832Z,msl_ncam_nlb_520359057edr_f0550940ncam00654m1,test_msl,big_rock,iou,,0,0,36846
segformer__scratch__mit-b2__in_rover__seed1416__gpu_full__99146410__git3e52372c__codebebd8b2d__20260717T090304272832Z,msl_ncam_nlb_520359057edr_f0550940ncam00654m1,test_msl,ALL,pixel_acc,0.8093144439016446,0,0,36846
segformer__scratch__mit-b2__in_rover__seed1416__gpu_full__99146410__git3e52372c__codebebd8b2d__20260717T090304272832Z,msl_ncam_nlb_520359057edr_f0550940ncam00654m1,test_msl,ALL,boundary_f1,0.4054521852012116,0,0,36846
segformer__scratch__mit-b2__in_rover__seed1416__gpu_full__99146410__git3e52372c__codebebd8b2d__20260717T090304272832Z,msl_ncam_nlb_520359112edr_f0550940ncam00654m1,test_msl,soil,iou,,0,0,51622
segformer__scratch__mit-b2__in_rover__seed1416__gpu_full__99146410__git3e52372c__codebebd8b2d__20260717T090304272832Z,msl_ncam_nlb_520359112edr_f0550940ncam00654m1,test_msl,bedrock,iou,0.9766572391615977,50417,51622,51622
segformer__scratch__mit-b2__in_rover__seed1416__gpu_full__99146410__git3e52372c__codebebd8b2d__20260717T090304272832Z,msl_ncam_nlb_520359112edr_f0550940ncam00654m1,test_msl,sand,iou,0.0,0,1205,51622
segformer__scratch__mit-b2__in_rover__seed1416__gpu_full__99146410__git3e52372c__codebebd8b2d__20260717T090304272832Z,msl_ncam_nlb_520359112edr_f0550940ncam00654m1,test_msl,big_rock,iou,,0,0,51622
segformer__scratch__mit-b2__in_rover__seed1416__gpu_full__99146410__git3e52372c__codebebd8b2d__20260717T090304272832Z,msl_ncam_nlb_520359112edr_f0550940ncam00654m1,test_msl,ALL,pixel_acc,0.9766572391615977,0,0,51622
segformer__scratch__mit-b2__in_rover__seed1416__gpu_full__99146410__git3e52372c__codebebd8b2d__20260717T090304272832Z,msl_ncam_nlb_520359112edr_f0550940ncam00654m1,test_msl,ALL,boundary_f1,0.4903941938238224,0,0,51622
segformer__scratch__mit-b2__in_rover__seed1416__gpu_full__99146410__git3e52372c__codebebd8b2d__20260717T090304272832Z,msl_ncam_nlb_520359279edr_f0550940ncam07753m1,test_msl,soil,iou,,0,0,52407
segformer__scratch__mit-b2__in_rover__seed1416__gpu_full__99146410__git3e52372c__codebebd8b2d__20260717T090304272832Z,msl_ncam_nlb_520359279edr_f0550940ncam07753m1,test_msl,bedrock,iou,0.9570858854733146,50158,52407,52407
segformer__scratch__mit-b2__in_rover__seed1416__gpu_full__99146410__git3e52372c__codebebd8b2d__20260717T090304272832Z,msl_ncam_nlb_520359279edr_f0550940ncam07753m1,test_msl,sand,iou,0.0,0,2249,52407
segformer__scratch__mit-b2__in_rover__seed1416__gpu_full__99146410__git3e52372c__codebebd8b2d__20260717T090304272832Z,msl_ncam_nlb_520359279edr_f0550940ncam07753m1,test_msl,big_rock,iou,,0,0,52407
segformer__scratch__mit-b2__in_rover__seed1416__gpu_full__99146410__git3e52372c__codebebd8b2d__20260717T090304272832Z,msl_ncam_nlb_520359279edr_f0550940ncam07753m1,test_msl,ALL,pixel_acc,0.9570858854733146,0,0,52407
segformer__scratch__mit-b2__in_rover__seed1416__gpu_full__99146410__git3e52372c__codebebd8b2d__20260717T090304272832Z,msl_ncam_nlb_520359279edr_f0550940ncam07753m1,test_msl,ALL,boundary_f1,0.4879534021710352,0,0,52407
segformer__scratch__mit-b2__in_rover__seed1416__gpu_full__99146410__git3e52372c__codebebd8b2d__20260717T090304272832Z,msl_ncam_nlb_520359399edr_f0550940ncam07753m1,test_msl,soil,iou,,0,0,6638
segformer__scratch__mit-b2__in_rover__seed1416__gpu_full__99146410__git3e52372c__codebebd8b2d__20260717T090304272832Z,msl_ncam_nlb_520359399edr_f0550940ncam07753m1,test_msl,bedrock,iou,1.0,6638,6638,6638
segformer__scratch__mit-b2__in_rover__seed1416__gpu_full__99146410__git3e52372c__codebebd8b2d__20260717T090304272832Z,msl_ncam_nlb_520359399edr_f0550940ncam07753m1,test_msl,sand,iou,,0,0,6638
segformer__scratch__mit-b2__in_rover__seed1416__gpu_full__99146410__git3e52372c__codebebd8b2d__20260717T090304272832Z,msl_ncam_nlb_520359399edr_f0550940ncam07753m1,test_msl,big_rock,iou,,0,0,6638
segformer__scratch__mit-b2__in_rover__seed1416__gpu_full__99146410__git3e52372c__codebebd8b2d__20260717T090304272832Z,msl_ncam_nlb_520359399edr_f0550940ncam07753m1,test_msl,ALL,pixel_acc,1.0,0,0,6638
segformer__scratch__mit-b2__in_rover__seed1416__gpu_full__99146410__git3e52372c__codebebd8b2d__20260717T090304272832Z,msl_ncam_nlb_520359399edr_f0550940ncam07753m1,test_msl,ALL,boundary_f1,1.0,0,0,6638
segformer__scratch__mit-b2__in_rover__seed1416__gpu_full__99146410__git3e52372c__codebebd8b2d__20260717T090304272832Z,msl_ncam_nlb_525148881edr_f0570774ncam00353m1,test_msl,soil,iou,,0,0,0
segformer__scratch__mit-b2__in_rover__seed1416__gpu_full__99146410__git3e52372c__codebebd8b2d__20260717T090304272832Z,msl_ncam_nlb_525148881edr_f0570774ncam00353m1,test_msl,bedrock,iou,,0,0,0
segformer__scratch__mit-b2__in_rover__seed1416__gpu_full__99146410__git3e52372c__codebebd8b2d__20260717T090304272832Z,msl_ncam_nlb_525148881edr_f0570774ncam00353m1,test_msl,sand,iou,,0,0,0
segformer__scratch__mit-b2__in_rover__seed1416__gpu_full__99146410__git3e52372c__codebebd8b2d__20260717T090304272832Z,msl_ncam_nlb_525148881edr_f0570774ncam00353m1,test_msl,big_rock,iou,,0,0,0
segformer__scratch__mit-b2__in_rover__seed1416__gpu_full__99146410__git3e52372c__codebebd8b2d__20260717T090304272832Z,msl_ncam_nlb_525148881edr_f0570774ncam00353m1,test_msl,ALL,pixel_acc,,0,0,0
segformer__scratch__mit-b2__in_rover__seed1416__gpu_full__99146410__git3e52372c__codebebd8b2d__20260717T090304272832Z,msl_ncam_nlb_525148881edr_f0570774ncam00353m1,test_msl,ALL,boundary_f1,,0,0,0
segformer__scratch__mit-b2__in_rover__seed1416__gpu_full__99146410__git3e52372c__codebebd8b2d__20260717T090304272832Z,msl_ncam_nlb_525149027edr_f0570774ncam00287m1,test_msl,soil,iou,,0,0,57576
segformer__scratch__mit-b2__in_rover__seed1416__gpu_full__99146410__git3e52372c__codebebd8b2d__20260717T090304272832Z,msl_ncam_nlb_525149027edr_f0570774ncam00287m1,test_msl,bedrock,iou,1.0,57576,57576,57576
segformer__scratch__mit-b2__in_rover__seed1416__gpu_full__99146410__git3e52372c__codebebd8b2d__20260717T090304272832Z,msl_ncam_nlb_525149027edr_f0570774ncam00287m1,test_msl,sand,iou,,0,0,57576
segformer__scratch__mit-b2__in_rover__seed1416__gpu_full__99146410__git3e52372c__codebebd8b2d__20260717T090304272832Z,msl_ncam_nlb_525149027edr_f0570774ncam00287m1,test_msl,big_rock,iou,,0,0,57576
segformer__scratch__mit-b2__in_rover__seed1416__gpu_full__99146410__git3e52372c__codebebd8b2d__20260717T090304272832Z,msl_ncam_nlb_525149027edr_f0570774ncam00287m1,test_msl,ALL,pixel_acc,1.0,0,0,57576
segformer__scratch__mit-b2__in_rover__seed1416__gpu_full__99146410__git3e52372c__codebebd8b2d__20260717T090304272832Z,msl_ncam_nlb_525149027edr_f0570774ncam00287m1,test_msl,ALL,boundary_f1,1.0,0,0,57576
segformer__scratch__mit-b2__in_rover__seed1416__gpu_full__99146410__git3e52372c__codebebd8b2d__20260717T090304272832Z,msl_ncam_nlb_525149336edr_f0570774ncam00654m1,test_msl,soil,iou,,0,0,38978
segformer__scratch__mit-b2__in_rover__seed1416__gpu_full__99146410__git3e52372c__codebebd8b2d__20260717T090304272832Z,msl_ncam_nlb_525149336edr_f0570774ncam00654m1,test_msl,bedrock,iou,1.0,38978,38978,38978
segformer__scratch__mit-b2__in_rover__seed1416__gpu_full__99146410__git3e52372c__codebebd8b2d__20260717T090304272832Z,msl_ncam_nlb_525149336edr_f0570774ncam00654m1,test_msl,sand,iou,,0,0,38978
segformer__scratch__mit-b2__in_rover__seed1416__gpu_full__99146410__git3e52372c__codebebd8b2d__20260717T090304272832Z,msl_ncam_nlb_525149336edr_f0570774ncam00654m1,test_msl,big_rock,iou,,0,0,38978
segformer__scratch__mit-b2__in_rover__seed1416__gpu_full__99146410__git3e52372c__codebebd8b2d__20260717T090304272832Z,msl_ncam_nlb_525149336edr_f0570774ncam00654m1,test_msl,ALL,pixel_acc,1.0,0,0,38978
segformer__scratch__mit-b2__in_rover__seed1416__gpu_full__99146410__git3e52372c__codebebd8b2d__20260717T090304272832Z,msl_ncam_nlb_525149336edr_f0570774ncam00654m1,test_msl,ALL,boundary_f1,1.0,0,0,38978
segformer__scratch__mit-b2__in_rover__seed1416__gpu_full__99146410__git3e52372c__codebebd8b2d__20260717T090304272832Z,msl_ncam_nlb_525149367edr_f0570774ncam00654m1,test_msl,soil,iou,,0,0,62531
segformer__scratch__mit-b2__in_rover__seed1416__gpu_full__99146410__git3e52372c__codebebd8b2d__20260717T090304272832Z,msl_ncam_nlb_525149367edr_f0570774ncam00654m1,test_msl,bedrock,iou,0.9438358574147223,59019,62531,62531
segformer__scratch__mit-b2__in_rover__seed1416__gpu_full__99146410__git3e52372c__codebebd8b2d__20260717T090304272832Z,msl_ncam_nlb_525149367edr_f0570774ncam00654m1,test_msl,sand,iou,0.0,0,3512,62531
segformer__scratch__mit-b2__in_rover__seed1416__gpu_full__99146410__git3e52372c__codebebd8b2d__20260717T090304272832Z,msl_ncam_nlb_525149367edr_f0570774ncam00654m1,test_msl,big_rock,iou,,0,0,62531
segformer__scratch__mit-b2__in_rover__seed1416__gpu_full__99146410__git3e52372c__codebebd8b2d__20260717T090304272832Z,msl_ncam_nlb_525149367edr_f0570774ncam00654m1,test_msl,ALL,pixel_acc,0.9438358574147223,0,0,62531
segformer__scratch__mit-b2__in_rover__seed1416__gpu_full__99146410__git3e52372c__codebebd8b2d__20260717T090304272832Z,msl_ncam_nlb_525149367edr_f0570774ncam00654m1,test_msl,ALL,boundary_f1,0.47517624118794066,0,0,62531
segformer__scratch__mit-b2__in_rover__seed1416__gpu_full__99146410__git3e52372c__codebebd8b2d__20260717T090304272832Z,msl_ncam_nlb_525149424edr_f0570774ncam00654m1,test_msl,soil,iou,,0,0,56706
segformer__scratch__mit-b2__in_rover__seed1416__gpu_full__99146410__git3e52372c__codebebd8b2d__20260717T090304272832Z,msl_ncam_nlb_525149424edr_f0570774ncam00654m1,test_msl,bedrock,iou,0.9281074136402294,51290,55263,56706
segformer__scratch__mit-b2__in_rover__seed1416__gpu_full__99146410__git3e52372c__codebebd8b2d__20260717T090304272832Z,msl_ncam_nlb_525149424edr_f0570774ncam00654m1,test_msl,sand,iou,0.2664327917282127,1443,5416,56706
segformer__scratch__mit-b2__in_rover__seed1416__gpu_full__99146410__git3e52372c__codebebd8b2d__20260717T090304272832Z,msl_ncam_nlb_525149424edr_f0570774ncam00654m1,test_msl,big_rock,iou,,0,0,56706
segformer__scratch__mit-b2__in_rover__seed1416__gpu_full__99146410__git3e52372c__codebebd8b2d__20260717T090304272832Z,msl_ncam_nlb_525149424edr_f0570774ncam00654m1,test_msl,ALL,pixel_acc,0.9299368673508976,0,0,56706
segformer__scratch__mit-b2__in_rover__seed1416__gpu_full__99146410__git3e52372c__codebebd8b2d__20260717T090304272832Z,msl_ncam_nlb_525149424edr_f0570774ncam00654m1,test_msl,ALL,boundary_f1,0.6939910449995552,0,0,56706
segformer__scratch__mit-b2__in_rover__seed1416__gpu_full__99146410__git3e52372c__codebebd8b2d__20260717T090304272832Z,msl_ncam_nlb_525149485edr_f0570774ncam07753m1,test_msl,soil,iou,,0,0,26086
segformer__scratch__mit-b2__in_rover__seed1416__gpu_full__99146410__git3e52372c__codebebd8b2d__20260717T090304272832Z,msl_ncam_nlb_525149485edr_f0570774ncam07753m1,test_msl,bedrock,iou,0.8703382981180002,22614,25983,26086
segformer__scratch__mit-b2__in_rover__seed1416__gpu_full__99146410__git3e52372c__codebebd8b2d__20260717T090304272832Z,msl_ncam_nlb_525149485edr_f0570774ncam07753m1,test_msl,sand,iou,0.02966589861751152,103,3472,26086
segformer__scratch__mit-b2__in_rover__seed1416__gpu_full__99146410__git3e52372c__codebebd8b2d__20260717T090304272832Z,msl_ncam_nlb_525149485edr_f0570774ncam07753m1,test_msl,big_rock,iou,,0,0,26086
segformer__scratch__mit-b2__in_rover__seed1416__gpu_full__99146410__git3e52372c__codebebd8b2d__20260717T090304272832Z,msl_ncam_nlb_525149485edr_f0570774ncam07753m1,test_msl,ALL,pixel_acc,0.8708502645096987,0,0,26086
segformer__scratch__mit-b2__in_rover__seed1416__gpu_full__99146410__git3e52372c__codebebd8b2d__20260717T090304272832Z,msl_ncam_nlb_525149485edr_f0570774ncam07753m1,test_msl,ALL,boundary_f1,0.5736276938096306,0,0,26086
segformer__scratch__mit-b2__in_rover__seed1416__gpu_full__99146410__git3e52372c__codebebd8b2d__20260717T090304272832Z,msl_ncam_nlb_525149600edr_f0570774ncam07753m1,test_msl,soil,iou,,0,0,0
segformer__scratch__mit-b2__in_rover__seed1416__gpu_full__99146410__git3e52372c__codebebd8b2d__20260717T090304272832Z,msl_ncam_nlb_525149600edr_f0570774ncam07753m1,test_msl,bedrock,iou,,0,0,0
segformer__scratch__mit-b2__in_rover__seed1416__gpu_full__99146410__git3e52372c__codebebd8b2d__20260717T090304272832Z,msl_ncam_nlb_525149600edr_f0570774ncam07753m1,test_msl,sand,iou,,0,0,0
segformer__scratch__mit-b2__in_rover__seed1416__gpu_full__99146410__git3e52372c__codebebd8b2d__20260717T090304272832Z,msl_ncam_nlb_525149600edr_f0570774ncam07753m1,test_msl,big_rock,iou,,0,0,0
segformer__scratch__mit-b2__in_rover__seed1416__gpu_full__99146410__git3e52372c__codebebd8b2d__20260717T090304272832Z,msl_ncam_nlb_525149600edr_f0570774ncam07753m1,test_msl,ALL,pixel_acc,,0,0,0
segformer__scratch__mit-b2__in_rover__seed1416__gpu_full__99146410__git3e52372c__codebebd8b2d__20260717T090304272832Z,msl_ncam_nlb_525149600edr_f0570774ncam07753m1,test_msl,ALL,boundary_f1,,0,0,0
segformer__scratch__mit-b2__in_rover__seed1416__gpu_full__99146410__git3e52372c__codebebd8b2d__20260717T090304272832Z,msl_ncam_nlb_525149717edr_f0570774ncam07753m1,test_msl,soil,iou,,0,0,41397
segformer__scratch__mit-b2__in_rover__seed1416__gpu_full__99146410__git3e52372c__codebebd8b2d__20260717T090304272832Z,msl_ncam_nlb_525149717edr_f0570774ncam07753m1,test_msl,bedrock,iou,0.952218759813513,39419,41397,41397
segformer__scratch__mit-b2__in_rover__seed1416__gpu_full__99146410__git3e52372c__codebebd8b2d__20260717T090304272832Z,msl_ncam_nlb_525149717edr_f0570774ncam07753m1,test_msl,sand,iou,0.0,0,1978,41397
segformer__scratch__mit-b2__in_rover__seed1416__gpu_full__99146410__git3e52372c__codebebd8b2d__20260717T090304272832Z,msl_ncam_nlb_525149717edr_f0570774ncam07753m1,test_msl,big_rock,iou,,0,0,41397
segformer__scratch__mit-b2__in_rover__seed1416__gpu_full__99146410__git3e52372c__codebebd8b2d__20260717T090304272832Z,msl_ncam_nlb_525149717edr_f0570774ncam07753m1,test_msl,ALL,pixel_acc,0.952218759813513,0,0,41397
segformer__scratch__mit-b2__in_rover__seed1416__gpu_full__99146410__git3e52372c__codebebd8b2d__20260717T090304272832Z,msl_ncam_nlb_525149717edr_f0570774ncam07753m1,test_msl,ALL,boundary_f1,0.49305507566857854,0,0,41397
segformer__scratch__mit-b2__in_rover__seed1416__gpu_full__99146410__git3e52372c__codebebd8b2d__20260717T090304272832Z,msl_ncam_nlb_527820640edr_f0580000ncam00253m1,test_msl,soil,iou,,0,0,92147
segformer__scratch__mit-b2__in_rover__seed1416__gpu_full__99146410__git3e52372c__codebebd8b2d__20260717T090304272832Z,msl_ncam_nlb_527820640edr_f0580000ncam00253m1,test_msl,bedrock,iou,0.9586747262526181,88339,92147,92147
segformer__scratch__mit-b2__in_rover__seed1416__gpu_full__99146410__git3e52372c__codebebd8b2d__20260717T090304272832Z,msl_ncam_nlb_527820640edr_f0580000ncam00253m1,test_msl,sand,iou,0.0,0,3808,92147
segformer__scratch__mit-b2__in_rover__seed1416__gpu_full__99146410__git3e52372c__codebebd8b2d__20260717T090304272832Z,msl_ncam_nlb_527820640edr_f0580000ncam00253m1,test_msl,big_rock,iou,,0,0,92147
segformer__scratch__mit-b2__in_rover__seed1416__gpu_full__99146410__git3e52372c__codebebd8b2d__20260717T090304272832Z,msl_ncam_nlb_527820640edr_f0580000ncam00253m1,test_msl,ALL,pixel_acc,0.9586747262526181,0,0,92147
segformer__scratch__mit-b2__in_rover__seed1416__gpu_full__99146410__git3e52372c__codebebd8b2d__20260717T090304272832Z,msl_ncam_nlb_527820640edr_f0580000ncam00253m1,test_msl,ALL,boundary_f1,0.4814001060686416,0,0,92147
segformer__scratch__mit-b2__in_rover__seed1416__gpu_full__99146410__git3e52372c__codebebd8b2d__20260717T090304272832Z,msl_ncam_nlb_527820910edr_f0580000ncam00654m1,test_msl,soil,iou,,0,0,42689
segformer__scratch__mit-b2__in_rover__seed1416__gpu_full__99146410__git3e52372c__codebebd8b2d__20260717T090304272832Z,msl_ncam_nlb_527820910edr_f0580000ncam00654m1,test_msl,bedrock,iou,0.9012406659499665,31018,34417,42689
segformer__scratch__mit-b2__in_rover__seed1416__gpu_full__99146410__git3e52372c__codebebd8b2d__20260717T090304272832Z,msl_ncam_nlb_527820910edr_f0580000ncam00654m1,test_msl,sand,iou,0.708765315739868,8272,11671,42689
segformer__scratch__mit-b2__in_rover__seed1416__gpu_full__99146410__git3e52372c__codebebd8b2d__20260717T090304272832Z,msl_ncam_nlb_527820910edr_f0580000ncam00654m1,test_msl,big_rock,iou,,0,0,42689
segformer__scratch__mit-b2__in_rover__seed1416__gpu_full__99146410__git3e52372c__codebebd8b2d__20260717T090304272832Z,msl_ncam_nlb_527820910edr_f0580000ncam00654m1,test_msl,ALL,pixel_acc,0.920377614842231,0,0,42689
segformer__scratch__mit-b2__in_rover__seed1416__gpu_full__99146410__git3e52372c__codebebd8b2d__20260717T090304272832Z,msl_ncam_nlb_527820910edr_f0580000ncam00654m1,test_msl,ALL,boundary_f1,0.8197601359519906,0,0,42689
segformer__scratch__mit-b2__in_rover__seed1416__gpu_full__99146410__git3e52372c__codebebd8b2d__20260717T090304272832Z,msl_ncam_nlb_527820942edr_f0580000ncam00654m1,test_msl,soil,iou,,0,0,75399
segformer__scratch__mit-b2__in_rover__seed1416__gpu_full__99146410__git3e52372c__codebebd8b2d__20260717T090304272832Z,msl_ncam_nlb_527820942edr_f0580000ncam00654m1,test_msl,bedrock,iou,0.6799727623515169,44936,66085,75399
segformer__scratch__mit-b2__in_rover__seed1416__gpu_full__99146410__git3e52372c__codebebd8b2d__20260717T090304272832Z,msl_ncam_nlb_527820942edr_f0580000ncam00654m1,test_msl,sand,iou,0.30574795653743886,9314,30463,75399
segformer__scratch__mit-b2__in_rover__seed1416__gpu_full__99146410__git3e52372c__codebebd8b2d__20260717T090304272832Z,msl_ncam_nlb_527820942edr_f0580000ncam00654m1,test_msl,big_rock,iou,,0,0,75399
segformer__scratch__mit-b2__in_rover__seed1416__gpu_full__99146410__git3e52372c__codebebd8b2d__20260717T090304272832Z,msl_ncam_nlb_527820942edr_f0580000ncam00654m1,test_msl,ALL,pixel_acc,0.719505563734267,0,0,75399
segformer__scratch__mit-b2__in_rover__seed1416__gpu_full__99146410__git3e52372c__codebebd8b2d__20260717T090304272832Z,msl_ncam_nlb_527820942edr_f0580000ncam00654m1,test_msl,ALL,boundary_f1,0.5122359946746743,0,0,75399
segformer__scratch__mit-b2__in_rover__seed1416__gpu_full__99146410__git3e52372c__codebebd8b2d__20260717T090304272832Z,msl_ncam_nlb_527821074edr_f0580000ncam07753m1,test_msl,soil,iou,,0,0,3982
segformer__scratch__mit-b2__in_rover__seed1416__gpu_full__99146410__git3e52372c__codebebd8b2d__20260717T090304272832Z,msl_ncam_nlb_527821074edr_f0580000ncam07753m1,test_msl,bedrock,iou,0.0,0,3982,3982
segformer__scratch__mit-b2__in_rover__seed1416__gpu_full__99146410__git3e52372c__codebebd8b2d__20260717T090304272832Z,msl_ncam_nlb_527821074edr_f0580000ncam07753m1,test_msl,sand,iou,0.0,0,3982,3982
segformer__scratch__mit-b2__in_rover__seed1416__gpu_full__99146410__git3e52372c__codebebd8b2d__20260717T090304272832Z,msl_ncam_nlb_527821074edr_f0580000ncam07753m1,test_msl,big_rock,iou,,0,0,3982
segformer__scratch__mit-b2__in_rover__seed1416__gpu_full__99146410__git3e52372c__codebebd8b2d__20260717T090304272832Z,msl_ncam_nlb_527821074edr_f0580000ncam07753m1,test_msl,ALL,pixel_acc,0.0,0,0,3982
segformer__scratch__mit-b2__in_rover__seed1416__gpu_full__99146410__git3e52372c__codebebd8b2d__20260717T090304272832Z,msl_ncam_nlb_527821074edr_f0580000ncam07753m1,test_msl,ALL,boundary_f1,0.0,0,0,3982
segformer__scratch__mit-b2__in_rover__seed1416__gpu_full__99146410__git3e52372c__codebebd8b2d__20260717T090304272832Z,msl_ncam_nlb_527821213edr_f0580000ncam07753m1,test_msl,soil,iou,,0,0,13830
segformer__scratch__mit-b2__in_rover__seed1416__gpu_full__99146410__git3e52372c__codebebd8b2d__20260717T090304272832Z,msl_ncam_nlb_527821213edr_f0580000ncam07753m1,test_msl,bedrock,iou,0.9446131597975416,13064,13830,13830
segformer__scratch__mit-b2__in_rover__seed1416__gpu_full__99146410__git3e52372c__codebebd8b2d__20260717T090304272832Z,msl_ncam_nlb_527821213edr_f0580000ncam07753m1,test_msl,sand,iou,0.0,0,766,13830
segformer__scratch__mit-b2__in_rover__seed1416__gpu_full__99146410__git3e52372c__codebebd8b2d__20260717T090304272832Z,msl_ncam_nlb_527821213edr_f0580000ncam07753m1,test_msl,big_rock,iou,,0,0,13830
segformer__scratch__mit-b2__in_rover__seed1416__gpu_full__99146410__git3e52372c__codebebd8b2d__20260717T090304272832Z,msl_ncam_nlb_527821213edr_f0580000ncam07753m1,test_msl,ALL,pixel_acc,0.9446131597975416,0,0,13830
segformer__scratch__mit-b2__in_rover__seed1416__gpu_full__99146410__git3e52372c__codebebd8b2d__20260717T090304272832Z,msl_ncam_nlb_527821213edr_f0580000ncam07753m1,test_msl,ALL,boundary_f1,0.4875061244487996,0,0,13830
segformer__scratch__mit-b2__in_rover__seed1416__gpu_full__99146410__git3e52372c__codebebd8b2d__20260717T090304272832Z,msl_ncam_nlb_527821275edr_f0580000ncam07753m1,test_msl,soil,iou,,0,0,18660
segformer__scratch__mit-b2__in_rover__seed1416__gpu_full__99146410__git3e52372c__codebebd8b2d__20260717T090304272832Z,msl_ncam_nlb_527821275edr_f0580000ncam07753m1,test_msl,bedrock,iou,1.0,18660,18660,18660
segformer__scratch__mit-b2__in_rover__seed1416__gpu_full__99146410__git3e52372c__codebebd8b2d__20260717T090304272832Z,msl_ncam_nlb_527821275edr_f0580000ncam07753m1,test_msl,sand,iou,,0,0,18660
segformer__scratch__mit-b2__in_rover__seed1416__gpu_full__99146410__git3e52372c__codebebd8b2d__20260717T090304272832Z,msl_ncam_nlb_527821275edr_f0580000ncam07753m1,test_msl,big_rock,iou,,0,0,18660
segformer__scratch__mit-b2__in_rover__seed1416__gpu_full__99146410__git3e52372c__codebebd8b2d__20260717T090304272832Z,msl_ncam_nlb_527821275edr_f0580000ncam07753m1,test_msl,ALL,pixel_acc,1.0,0,0,18660
segformer__scratch__mit-b2__in_rover__seed1416__gpu_full__99146410__git3e52372c__codebebd8b2d__20260717T090304272832Z,msl_ncam_nlb_527821275edr_f0580000ncam07753m1,test_msl,ALL,boundary_f1,1.0,0,0,18660
segformer__scratch__mit-b2__in_rover__seed1416__gpu_full__99146410__git3e52372c__codebebd8b2d__20260717T090304272832Z,msl_ncam_nlb_528875763edr_f0581002ncam00207m1,test_msl,soil,iou,,0,0,55308
segformer__scratch__mit-b2__in_rover__seed1416__gpu_full__99146410__git3e52372c__codebebd8b2d__20260717T090304272832Z,msl_ncam_nlb_528875763edr_f0581002ncam00207m1,test_msl,bedrock,iou,0.9149851739350546,50606,55308,55308
segformer__scratch__mit-b2__in_rover__seed1416__gpu_full__99146410__git3e52372c__codebebd8b2d__20260717T090304272832Z,msl_ncam_nlb_528875763edr_f0581002ncam00207m1,test_msl,sand,iou,0.0,0,4702,55308
segformer__scratch__mit-b2__in_rover__seed1416__gpu_full__99146410__git3e52372c__codebebd8b2d__20260717T090304272832Z,msl_ncam_nlb_528875763edr_f0581002ncam00207m1,test_msl,big_rock,iou,,0,0,55308
segformer__scratch__mit-b2__in_rover__seed1416__gpu_full__99146410__git3e52372c__codebebd8b2d__20260717T090304272832Z,msl_ncam_nlb_528875763edr_f0581002ncam00207m1,test_msl,ALL,pixel_acc,0.9149851739350546,0,0,55308
segformer__scratch__mit-b2__in_rover__seed1416__gpu_full__99146410__git3e52372c__codebebd8b2d__20260717T090304272832Z,msl_ncam_nlb_528875763edr_f0581002ncam00207m1,test_msl,ALL,boundary_f1,0.4767648552564754,0,0,55308
segformer__scratch__mit-b2__in_rover__seed1416__gpu_full__99146410__git3e52372c__codebebd8b2d__20260717T090304272832Z,msl_ncam_nlb_528892751edr_f0581248ncam00346m1,test_msl,soil,iou,0.0,0,1554,25025
segformer__scratch__mit-b2__in_rover__seed1416__gpu_full__99146410__git3e52372c__codebebd8b2d__20260717T090304272832Z,msl_ncam_nlb_528892751edr_f0581248ncam00346m1,test_msl,bedrock,iou,0.8542657342657343,21378,25025,25025
segformer__scratch__mit-b2__in_rover__seed1416__gpu_full__99146410__git3e52372c__codebebd8b2d__20260717T090304272832Z,msl_ncam_nlb_528892751edr_f0581248ncam00346m1,test_msl,sand,iou,0.0,0,2093,25025
segformer__scratch__mit-b2__in_rover__seed1416__gpu_full__99146410__git3e52372c__codebebd8b2d__20260717T090304272832Z,msl_ncam_nlb_528892751edr_f0581248ncam00346m1,test_msl,big_rock,iou,,0,0,25025
segformer__scratch__mit-b2__in_rover__seed1416__gpu_full__99146410__git3e52372c__codebebd8b2d__20260717T090304272832Z,msl_ncam_nlb_528892751edr_f0581248ncam00346m1,test_msl,ALL,pixel_acc,0.8542657342657343,0,0,25025
segformer__scratch__mit-b2__in_rover__seed1416__gpu_full__99146410__git3e52372c__codebebd8b2d__20260717T090304272832Z,msl_ncam_nlb_528892751edr_f0581248ncam00346m1,test_msl,ALL,boundary_f1,0.3006399554813578,0,0,25025
segformer__scratch__mit-b2__in_rover__seed1416__gpu_full__99146410__git3e52372c__codebebd8b2d__20260717T090304272832Z,msl_ncam_nlb_528892900edr_f0581248ncam00262m1,test_msl,soil,iou,,0,0,58755
segformer__scratch__mit-b2__in_rover__seed1416__gpu_full__99146410__git3e52372c__codebebd8b2d__20260717T090304272832Z,msl_ncam_nlb_528892900edr_f0581248ncam00262m1,test_msl,bedrock,iou,1.0,58755,58755,58755
segformer__scratch__mit-b2__in_rover__seed1416__gpu_full__99146410__git3e52372c__codebebd8b2d__20260717T090304272832Z,msl_ncam_nlb_528892900edr_f0581248ncam00262m1,test_msl,sand,iou,,0,0,58755
segformer__scratch__mit-b2__in_rover__seed1416__gpu_full__99146410__git3e52372c__codebebd8b2d__20260717T090304272832Z,msl_ncam_nlb_528892900edr_f0581248ncam00262m1,test_msl,big_rock,iou,,0,0,58755
segformer__scratch__mit-b2__in_rover__seed1416__gpu_full__99146410__git3e52372c__codebebd8b2d__20260717T090304272832Z,msl_ncam_nlb_528892900edr_f0581248ncam00262m1,test_msl,ALL,pixel_acc,1.0,0,0,58755
segformer__scratch__mit-b2__in_rover__seed1416__gpu_full__99146410__git3e52372c__codebebd8b2d__20260717T090304272832Z,msl_ncam_nlb_528892900edr_f0581248ncam00262m1,test_msl,ALL,boundary_f1,1.0,0,0,58755
segformer__scratch__mit-b2__in_rover__seed1416__gpu_full__99146410__git3e52372c__codebebd8b2d__20260717T090304272832Z,msl_ncam_nlb_528893088edr_f0581248ncam07753m1,test_msl,soil,iou,,0,0,35879
segformer__scratch__mit-b2__in_rover__seed1416__gpu_full__99146410__git3e52372c__codebebd8b2d__20260717T090304272832Z,msl_ncam_nlb_528893088edr_f0581248ncam07753m1,test_msl,bedrock,iou,1.0,35879,35879,35879
segformer__scratch__mit-b2__in_rover__seed1416__gpu_full__99146410__git3e52372c__codebebd8b2d__20260717T090304272832Z,msl_ncam_nlb_528893088edr_f0581248ncam07753m1,test_msl,sand,iou,,0,0,35879
segformer__scratch__mit-b2__in_rover__seed1416__gpu_full__99146410__git3e52372c__codebebd8b2d__20260717T090304272832Z,msl_ncam_nlb_528893088edr_f0581248ncam07753m1,test_msl,big_rock,iou,,0,0,35879
segformer__scratch__mit-b2__in_rover__seed1416__gpu_full__99146410__git3e52372c__codebebd8b2d__20260717T090304272832Z,msl_ncam_nlb_528893088edr_f0581248ncam07753m1,test_msl,ALL,pixel_acc,1.0,0,0,35879
segformer__scratch__mit-b2__in_rover__seed1416__gpu_full__99146410__git3e52372c__codebebd8b2d__20260717T090304272832Z,msl_ncam_nlb_528893088edr_f0581248ncam07753m1,test_msl,ALL,boundary_f1,1.0,0,0,35879
segformer__scratch__mit-b2__in_rover__seed1416__gpu_full__99146410__git3e52372c__codebebd8b2d__20260717T090304272832Z,msl_ncam_nlb_528893506edr_f0581248ncam00654m1,test_msl,soil,iou,0.5443185685807361,11195,20567,66249
segformer__scratch__mit-b2__in_rover__seed1416__gpu_full__99146410__git3e52372c__codebebd8b2d__20260717T090304272832Z,msl_ncam_nlb_528893506edr_f0581248ncam00654m1,test_msl,bedrock,iou,0.814225832937211,37684,46282,66249
segformer__scratch__mit-b2__in_rover__seed1416__gpu_full__99146410__git3e52372c__codebebd8b2d__20260717T090304272832Z,msl_ncam_nlb_528893506edr_f0581248ncam00654m1,test_msl,sand,iou,0.7306501547987616,7080,9690,66249
segformer__scratch__mit-b2__in_rover__seed1416__gpu_full__99146410__git3e52372c__codebebd8b2d__20260717T090304272832Z,msl_ncam_nlb_528893506edr_f0581248ncam00654m1,test_msl,big_rock,iou,,0,0,66249
segformer__scratch__mit-b2__in_rover__seed1416__gpu_full__99146410__git3e52372c__codebebd8b2d__20260717T090304272832Z,msl_ncam_nlb_528893506edr_f0581248ncam00654m1,test_msl,ALL,pixel_acc,0.8446769007834081,0,0,66249
segformer__scratch__mit-b2__in_rover__seed1416__gpu_full__99146410__git3e52372c__codebebd8b2d__20260717T090304272832Z,msl_ncam_nlb_528893506edr_f0581248ncam00654m1,test_msl,ALL,boundary_f1,0.6430014763032449,0,0,66249
segformer__scratch__mit-b2__in_rover__seed1416__gpu_full__99146410__git3e52372c__codebebd8b2d__20260717T090304272832Z,msl_ncam_nlb_528893540edr_f0581248ncam00654m1,test_msl,soil,iou,,0,0,0
segformer__scratch__mit-b2__in_rover__seed1416__gpu_full__99146410__git3e52372c__codebebd8b2d__20260717T090304272832Z,msl_ncam_nlb_528893540edr_f0581248ncam00654m1,test_msl,bedrock,iou,,0,0,0
segformer__scratch__mit-b2__in_rover__seed1416__gpu_full__99146410__git3e52372c__codebebd8b2d__20260717T090304272832Z,msl_ncam_nlb_528893540edr_f0581248ncam00654m1,test_msl,sand,iou,,0,0,0
segformer__scratch__mit-b2__in_rover__seed1416__gpu_full__99146410__git3e52372c__codebebd8b2d__20260717T090304272832Z,msl_ncam_nlb_528893540edr_f0581248ncam00654m1,test_msl,big_rock,iou,,0,0,0
segformer__scratch__mit-b2__in_rover__seed1416__gpu_full__99146410__git3e52372c__codebebd8b2d__20260717T090304272832Z,msl_ncam_nlb_528893540edr_f0581248ncam00654m1,test_msl,ALL,pixel_acc,,0,0,0
segformer__scratch__mit-b2__in_rover__seed1416__gpu_full__99146410__git3e52372c__codebebd8b2d__20260717T090304272832Z,msl_ncam_nlb_528893540edr_f0581248ncam00654m1,test_msl,ALL,boundary_f1,,0,0,0
segformer__scratch__mit-b2__in_rover__seed1416__gpu_full__99146410__git3e52372c__codebebd8b2d__20260717T090304272832Z,msl_ncam_nlb_528893599edr_f0581248ncam00654m1,test_msl,soil,iou,0.0002909090909090909,8,27500,81400
segformer__scratch__mit-b2__in_rover__seed1416__gpu_full__99146410__git3e52372c__codebebd8b2d__20260717T090304272832Z,msl_ncam_nlb_528893599edr_f0581248ncam00654m1,test_msl,bedrock,iou,0.662227245920975,53900,81392,81400
segformer__scratch__mit-b2__in_rover__seed1416__gpu_full__99146410__git3e52372c__codebebd8b2d__20260717T090304272832Z,msl_ncam_nlb_528893599edr_f0581248ncam00654m1,test_msl,sand,iou,,0,0,81400
segformer__scratch__mit-b2__in_rover__seed1416__gpu_full__99146410__git3e52372c__codebebd8b2d__20260717T090304272832Z,msl_ncam_nlb_528893599edr_f0581248ncam00654m1,test_msl,big_rock,iou,,0,0,81400
segformer__scratch__mit-b2__in_rover__seed1416__gpu_full__99146410__git3e52372c__codebebd8b2d__20260717T090304272832Z,msl_ncam_nlb_528893599edr_f0581248ncam00654m1,test_msl,ALL,pixel_acc,0.6622604422604422,0,0,81400
segformer__scratch__mit-b2__in_rover__seed1416__gpu_full__99146410__git3e52372c__codebebd8b2d__20260717T090304272832Z,msl_ncam_nlb_528893599edr_f0581248ncam00654m1,test_msl,ALL,boundary_f1,0.37775187775187774,0,0,81400
segformer__scratch__mit-b2__in_rover__seed1416__gpu_full__99146410__git3e52372c__codebebd8b2d__20260717T090304272832Z,msl_ncam_nlb_537932733edr_f0600888ncam00320m1,test_msl,soil,iou,,0,0,71764
segformer__scratch__mit-b2__in_rover__seed1416__gpu_full__99146410__git3e52372c__codebebd8b2d__20260717T090304272832Z,msl_ncam_nlb_537932733edr_f0600888ncam00320m1,test_msl,bedrock,iou,0.8993432324386065,6299,7004,71764
segformer__scratch__mit-b2__in_rover__seed1416__gpu_full__99146410__git3e52372c__codebebd8b2d__20260717T090304272832Z,msl_ncam_nlb_537932733edr_f0600888ncam00320m1,test_msl,sand,iou,0.989230886733369,64760,65465,71764
segformer__scratch__mit-b2__in_rover__seed1416__gpu_full__99146410__git3e52372c__codebebd8b2d__20260717T090304272832Z,msl_ncam_nlb_537932733edr_f0600888ncam00320m1,test_msl,big_rock,iou,,0,0,71764
segformer__scratch__mit-b2__in_rover__seed1416__gpu_full__99146410__git3e52372c__codebebd8b2d__20260717T090304272832Z,msl_ncam_nlb_537932733edr_f0600888ncam00320m1,test_msl,ALL,pixel_acc,0.9901761328799955,0,0,71764
segformer__scratch__mit-b2__in_rover__seed1416__gpu_full__99146410__git3e52372c__codebebd8b2d__20260717T090304272832Z,msl_ncam_nlb_537932733edr_f0600888ncam00320m1,test_msl,ALL,boundary_f1,0.942221553674472,0,0,71764
segformer__scratch__mit-b2__in_rover__seed1416__gpu_full__99146410__git3e52372c__codebebd8b2d__20260717T090304272832Z,msl_ncam_nlb_537938493edr_f0601266ncam00653m1,test_msl,soil,iou,,0,0,106876
segformer__scratch__mit-b2__in_rover__seed1416__gpu_full__99146410__git3e52372c__codebebd8b2d__20260717T090304272832Z,msl_ncam_nlb_537938493edr_f0601266ncam00653m1,test_msl,bedrock,iou,0.9902753333532202,33197,33523,106876
segformer__scratch__mit-b2__in_rover__seed1416__gpu_full__99146410__git3e52372c__codebebd8b2d__20260717T090304272832Z,msl_ncam_nlb_537938493edr_f0601266ncam00653m1,test_msl,sand,iou,1.0,73353,73353,106876
segformer__scratch__mit-b2__in_rover__seed1416__gpu_full__99146410__git3e52372c__codebebd8b2d__20260717T090304272832Z,msl_ncam_nlb_537938493edr_f0601266ncam00653m1,test_msl,big_rock,iou,0.0,0,326,106876
segformer__scratch__mit-b2__in_rover__seed1416__gpu_full__99146410__git3e52372c__codebebd8b2d__20260717T090304272832Z,msl_ncam_nlb_537938493edr_f0601266ncam00653m1,test_msl,ALL,pixel_acc,0.9969497361428197,0,0,106876
segformer__scratch__mit-b2__in_rover__seed1416__gpu_full__99146410__git3e52372c__codebebd8b2d__20260717T090304272832Z,msl_ncam_nlb_537938493edr_f0601266ncam00653m1,test_msl,ALL,boundary_f1,0.6593131687251702,0,0,106876
segformer__scratch__mit-b2__in_rover__seed1416__gpu_full__99146410__git3e52372c__codebebd8b2d__20260717T090304272832Z,msl_ncam_nlb_537938609edr_f0601266ncam07753m1,test_msl,soil,iou,,0,0,30134
segformer__scratch__mit-b2__in_rover__seed1416__gpu_full__99146410__git3e52372c__codebebd8b2d__20260717T090304272832Z,msl_ncam_nlb_537938609edr_f0601266ncam07753m1,test_msl,bedrock,iou,0.5912852969814996,2429,4108,30134
segformer__scratch__mit-b2__in_rover__seed1416__gpu_full__99146410__git3e52372c__codebebd8b2d__20260717T090304272832Z,msl_ncam_nlb_537938609edr_f0601266ncam07753m1,test_msl,sand,iou,0.9393972207182819,26026,27705,30134
segformer__scratch__mit-b2__in_rover__seed1416__gpu_full__99146410__git3e52372c__codebebd8b2d__20260717T090304272832Z,msl_ncam_nlb_537938609edr_f0601266ncam07753m1,test_msl,big_rock,iou,,0,0,30134
segformer__scratch__mit-b2__in_rover__seed1416__gpu_full__99146410__git3e52372c__codebebd8b2d__20260717T090304272832Z,msl_ncam_nlb_537938609edr_f0601266ncam07753m1,test_msl,ALL,pixel_acc,0.9442822061458818,0,0,30134
segformer__scratch__mit-b2__in_rover__seed1416__gpu_full__99146410__git3e52372c__codebebd8b2d__20260717T090304272832Z,msl_ncam_nlb_537938609edr_f0601266ncam07753m1,test_msl,ALL,boundary_f1,0.778422774888244,0,0,30134
segformer__scratch__mit-b2__in_rover__seed1416__gpu_full__99146410__git3e52372c__codebebd8b2d__20260717T090304272832Z,msl_ncam_nlb_541040424edr_f0610954ncam00305m1,test_msl,soil,iou,,0,0,93717
segformer__scratch__mit-b2__in_rover__seed1416__gpu_full__99146410__git3e52372c__codebebd8b2d__20260717T090304272832Z,msl_ncam_nlb_541040424edr_f0610954ncam00305m1,test_msl,bedrock,iou,0.9873415445473344,54911,55615,93717
segformer__scratch__mit-b2__in_rover__seed1416__gpu_full__99146410__git3e52372c__codebebd8b2d__20260717T090304272832Z,msl_ncam_nlb_541040424edr_f0610954ncam00305m1,test_msl,sand,iou,0.9818584754934804,38102,38806,93717
segformer__scratch__mit-b2__in_rover__seed1416__gpu_full__99146410__git3e52372c__codebebd8b2d__20260717T090304272832Z,msl_ncam_nlb_541040424edr_f0610954ncam00305m1,test_msl,big_rock,iou,,0,0,93717
segformer__scratch__mit-b2__in_rover__seed1416__gpu_full__99146410__git3e52372c__codebebd8b2d__20260717T090304272832Z,msl_ncam_nlb_541040424edr_f0610954ncam00305m1,test_msl,ALL,pixel_acc,0.9924880224505692,0,0,93717
segformer__scratch__mit-b2__in_rover__seed1416__gpu_full__99146410__git3e52372c__codebebd8b2d__20260717T090304272832Z,msl_ncam_nlb_541040424edr_f0610954ncam00305m1,test_msl,ALL,boundary_f1,0.9405886859166401,0,0,93717
segformer__scratch__mit-b2__in_rover__seed1416__gpu_full__99146410__git3e52372c__codebebd8b2d__20260717T090304272832Z,msl_ncam_nlb_541042107edr_f0611086ncam00385m1,test_msl,soil,iou,,0,0,164400
segformer__scratch__mit-b2__in_rover__seed1416__gpu_full__99146410__git3e52372c__codebebd8b2d__20260717T090304272832Z,msl_ncam_nlb_541042107edr_f0611086ncam00385m1,test_msl,bedrock,iou,0.0,0,1250,164400
segformer__scratch__mit-b2__in_rover__seed1416__gpu_full__99146410__git3e52372c__codebebd8b2d__20260717T090304272832Z,msl_ncam_nlb_541042107edr_f0611086ncam00385m1,test_msl,sand,iou,0.9923965936739659,163150,164400,164400
segformer__scratch__mit-b2__in_rover__seed1416__gpu_full__99146410__git3e52372c__codebebd8b2d__20260717T090304272832Z,msl_ncam_nlb_541042107edr_f0611086ncam00385m1,test_msl,big_rock,iou,,0,0,164400
segformer__scratch__mit-b2__in_rover__seed1416__gpu_full__99146410__git3e52372c__codebebd8b2d__20260717T090304272832Z,msl_ncam_nlb_541042107edr_f0611086ncam00385m1,test_msl,ALL,pixel_acc,0.9923965936739659,0,0,164400
segformer__scratch__mit-b2__in_rover__seed1416__gpu_full__99146410__git3e52372c__codebebd8b2d__20260717T090304272832Z,msl_ncam_nlb_541042107edr_f0611086ncam00385m1,test_msl,ALL,boundary_f1,0.4847139286655886,0,0,164400
segformer__scratch__mit-b2__in_rover__seed1416__gpu_full__99146410__git3e52372c__codebebd8b2d__20260717T090304272832Z,msl_ncam_nlb_541043499edr_f0611140ncam00346m1,test_msl,soil,iou,,0,0,119351
segformer__scratch__mit-b2__in_rover__seed1416__gpu_full__99146410__git3e52372c__codebebd8b2d__20260717T090304272832Z,msl_ncam_nlb_541043499edr_f0611140ncam00346m1,test_msl,bedrock,iou,,0,0,119351
segformer__scratch__mit-b2__in_rover__seed1416__gpu_full__99146410__git3e52372c__codebebd8b2d__20260717T090304272832Z,msl_ncam_nlb_541043499edr_f0611140ncam00346m1,test_msl,sand,iou,1.0,119351,119351,119351
segformer__scratch__mit-b2__in_rover__seed1416__gpu_full__99146410__git3e52372c__codebebd8b2d__20260717T090304272832Z,msl_ncam_nlb_541043499edr_f0611140ncam00346m1,test_msl,big_rock,iou,,0,0,119351
segformer__scratch__mit-b2__in_rover__seed1416__gpu_full__99146410__git3e52372c__codebebd8b2d__20260717T090304272832Z,msl_ncam_nlb_541043499edr_f0611140ncam00346m1,test_msl,ALL,pixel_acc,1.0,0,0,119351
segformer__scratch__mit-b2__in_rover__seed1416__gpu_full__99146410__git3e52372c__codebebd8b2d__20260717T090304272832Z,msl_ncam_nlb_541043499edr_f0611140ncam00346m1,test_msl,ALL,boundary_f1,1.0,0,0,119351
segformer__scratch__mit-b2__in_rover__seed1416__gpu_full__99146410__git3e52372c__codebebd8b2d__20260717T090304272832Z,msl_ncam_nlb_541043637edr_f0611140ncam00653m1,test_msl,soil,iou,,0,0,147407
segformer__scratch__mit-b2__in_rover__seed1416__gpu_full__99146410__git3e52372c__codebebd8b2d__20260717T090304272832Z,msl_ncam_nlb_541043637edr_f0611140ncam00653m1,test_msl,bedrock,iou,0.9194410488722705,38360,41721,147407
segformer__scratch__mit-b2__in_rover__seed1416__gpu_full__99146410__git3e52372c__codebebd8b2d__20260717T090304272832Z,msl_ncam_nlb_541043637edr_f0611140ncam00653m1,test_msl,sand,iou,0.9691784276504627,105686,109047,147407
segformer__scratch__mit-b2__in_rover__seed1416__gpu_full__99146410__git3e52372c__codebebd8b2d__20260717T090304272832Z,msl_ncam_nlb_541043637edr_f0611140ncam00653m1,test_msl,big_rock,iou,,0,0,147407
segformer__scratch__mit-b2__in_rover__seed1416__gpu_full__99146410__git3e52372c__codebebd8b2d__20260717T090304272832Z,msl_ncam_nlb_541043637edr_f0611140ncam00653m1,test_msl,ALL,pixel_acc,0.9771991832138229,0,0,147407
segformer__scratch__mit-b2__in_rover__seed1416__gpu_full__99146410__git3e52372c__codebebd8b2d__20260717T090304272832Z,msl_ncam_nlb_541043637edr_f0611140ncam00653m1,test_msl,ALL,boundary_f1,0.8729061461310195,0,0,147407
segformer__scratch__mit-b2__in_rover__seed1416__gpu_full__99146410__git3e52372c__codebebd8b2d__20260717T090304272832Z,msl_ncam_nlb_541049254edr_f0611140ncam12753m1,test_msl,soil,iou,,0,0,12239
segformer__scratch__mit-b2__in_rover__seed1416__gpu_full__99146410__git3e52372c__codebebd8b2d__20260717T090304272832Z,msl_ncam_nlb_541049254edr_f0611140ncam12753m1,test_msl,bedrock,iou,0.5036171396772399,905,1797,12239
segformer__scratch__mit-b2__in_rover__seed1416__gpu_full__99146410__git3e52372c__codebebd8b2d__20260717T090304272832Z,msl_ncam_nlb_541049254edr_f0611140ncam12753m1,test_msl,sand,iou,0.9212987471325216,10442,11334,12239
segformer__scratch__mit-b2__in_rover__seed1416__gpu_full__99146410__git3e52372c__codebebd8b2d__20260717T090304272832Z,msl_ncam_nlb_541049254edr_f0611140ncam12753m1,test_msl,big_rock,iou,,0,0,12239
segformer__scratch__mit-b2__in_rover__seed1416__gpu_full__99146410__git3e52372c__codebebd8b2d__20260717T090304272832Z,msl_ncam_nlb_541049254edr_f0611140ncam12753m1,test_msl,ALL,pixel_acc,0.9271182286134488,0,0,12239
segformer__scratch__mit-b2__in_rover__seed1416__gpu_full__99146410__git3e52372c__codebebd8b2d__20260717T090304272832Z,msl_ncam_nlb_541049254edr_f0611140ncam12753m1,test_msl,ALL,boundary_f1,0.7492164285878675,0,0,12239
segformer__scratch__mit-b2__in_rover__seed1416__gpu_full__99146410__git3e52372c__codebebd8b2d__20260717T090304272832Z,msl_ncam_nlb_541049316edr_f0611140ncam12753m1,test_msl,soil,iou,,0,0,134046
segformer__scratch__mit-b2__in_rover__seed1416__gpu_full__99146410__git3e52372c__codebebd8b2d__20260717T090304272832Z,msl_ncam_nlb_541049316edr_f0611140ncam12753m1,test_msl,bedrock,iou,,0,0,134046
segformer__scratch__mit-b2__in_rover__seed1416__gpu_full__99146410__git3e52372c__codebebd8b2d__20260717T090304272832Z,msl_ncam_nlb_541049316edr_f0611140ncam12753m1,test_msl,sand,iou,1.0,134046,134046,134046
segformer__scratch__mit-b2__in_rover__seed1416__gpu_full__99146410__git3e52372c__codebebd8b2d__20260717T090304272832Z,msl_ncam_nlb_541049316edr_f0611140ncam12753m1,test_msl,big_rock,iou,,0,0,134046
segformer__scratch__mit-b2__in_rover__seed1416__gpu_full__99146410__git3e52372c__codebebd8b2d__20260717T090304272832Z,msl_ncam_nlb_541049316edr_f0611140ncam12753m1,test_msl,ALL,pixel_acc,1.0,0,0,134046
segformer__scratch__mit-b2__in_rover__seed1416__gpu_full__99146410__git3e52372c__codebebd8b2d__20260717T090304272832Z,msl_ncam_nlb_541049316edr_f0611140ncam12753m1,test_msl,ALL,boundary_f1,1.0,0,0,134046
segformer__scratch__mit-b2__in_rover__seed1416__gpu_full__99146410__git3e52372c__codebebd8b2d__20260717T090304272832Z,msl_ncam_nlb_542730497edr_f0612232ncam00282m1,test_msl,soil,iou,,0,0,112532
segformer__scratch__mit-b2__in_rover__seed1416__gpu_full__99146410__git3e52372c__codebebd8b2d__20260717T090304272832Z,msl_ncam_nlb_542730497edr_f0612232ncam00282m1,test_msl,bedrock,iou,0.0,0,89,112532
segformer__scratch__mit-b2__in_rover__seed1416__gpu_full__99146410__git3e52372c__codebebd8b2d__20260717T090304272832Z,msl_ncam_nlb_542730497edr_f0612232ncam00282m1,test_msl,sand,iou,0.9992091138520599,112443,112532,112532
segformer__scratch__mit-b2__in_rover__seed1416__gpu_full__99146410__git3e52372c__codebebd8b2d__20260717T090304272832Z,msl_ncam_nlb_542730497edr_f0612232ncam00282m1,test_msl,big_rock,iou,,0,0,112532
segformer__scratch__mit-b2__in_rover__seed1416__gpu_full__99146410__git3e52372c__codebebd8b2d__20260717T090304272832Z,msl_ncam_nlb_542730497edr_f0612232ncam00282m1,test_msl,ALL,pixel_acc,0.9992091138520599,0,0,112532
segformer__scratch__mit-b2__in_rover__seed1416__gpu_full__99146410__git3e52372c__codebebd8b2d__20260717T090304272832Z,msl_ncam_nlb_542730497edr_f0612232ncam00282m1,test_msl,ALL,boundary_f1,0.499449454248894,0,0,112532
segformer__scratch__mit-b2__in_rover__seed1416__gpu_full__99146410__git3e52372c__codebebd8b2d__20260717T090304272832Z,msl_ncam_nlb_542730580edr_f0612232ncam00282m1,test_msl,soil,iou,,0,0,0
segformer__scratch__mit-b2__in_rover__seed1416__gpu_full__99146410__git3e52372c__codebebd8b2d__20260717T090304272832Z,msl_ncam_nlb_542730580edr_f0612232ncam00282m1,test_msl,bedrock,iou,,0,0,0
segformer__scratch__mit-b2__in_rover__seed1416__gpu_full__99146410__git3e52372c__codebebd8b2d__20260717T090304272832Z,msl_ncam_nlb_542730580edr_f0612232ncam00282m1,test_msl,sand,iou,,0,0,0
segformer__scratch__mit-b2__in_rover__seed1416__gpu_full__99146410__git3e52372c__codebebd8b2d__20260717T090304272832Z,msl_ncam_nlb_542730580edr_f0612232ncam00282m1,test_msl,big_rock,iou,,0,0,0
segformer__scratch__mit-b2__in_rover__seed1416__gpu_full__99146410__git3e52372c__codebebd8b2d__20260717T090304272832Z,msl_ncam_nlb_542730580edr_f0612232ncam00282m1,test_msl,ALL,pixel_acc,,0,0,0
segformer__scratch__mit-b2__in_rover__seed1416__gpu_full__99146410__git3e52372c__codebebd8b2d__20260717T090304272832Z,msl_ncam_nlb_542730580edr_f0612232ncam00282m1,test_msl,ALL,boundary_f1,,0,0,0
segformer__scratch__mit-b2__in_rover__seed1416__gpu_full__99146410__git3e52372c__codebebd8b2d__20260717T090304272832Z,msl_ncam_nlb_542733799edr_f0612232ncam00353m1,test_msl,soil,iou,,0,0,135437
segformer__scratch__mit-b2__in_rover__seed1416__gpu_full__99146410__git3e52372c__codebebd8b2d__20260717T090304272832Z,msl_ncam_nlb_542733799edr_f0612232ncam00353m1,test_msl,bedrock,iou,0.9250946457544619,3421,3698,135437
segformer__scratch__mit-b2__in_rover__seed1416__gpu_full__99146410__git3e52372c__codebebd8b2d__20260717T090304272832Z,msl_ncam_nlb_542733799edr_f0612232ncam00353m1,test_msl,sand,iou,0.997901769482487,131739,132016,135437
segformer__scratch__mit-b2__in_rover__seed1416__gpu_full__99146410__git3e52372c__codebebd8b2d__20260717T090304272832Z,msl_ncam_nlb_542733799edr_f0612232ncam00353m1,test_msl,big_rock,iou,,0,0,135437
segformer__scratch__mit-b2__in_rover__seed1416__gpu_full__99146410__git3e52372c__codebebd8b2d__20260717T090304272832Z,msl_ncam_nlb_542733799edr_f0612232ncam00353m1,test_msl,ALL,pixel_acc,0.9979547686378168,0,0,135437
segformer__scratch__mit-b2__in_rover__seed1416__gpu_full__99146410__git3e52372c__codebebd8b2d__20260717T090304272832Z,msl_ncam_nlb_542733799edr_f0612232ncam00353m1,test_msl,ALL,boundary_f1,0.9280420767636097,0,0,135437
segformer__scratch__mit-b2__in_rover__seed1416__gpu_full__99146410__git3e52372c__codebebd8b2d__20260717T090304272832Z,msl_ncam_nlb_542734078edr_f0612232ncam00654m1,test_msl,soil,iou,,0,0,143364
segformer__scratch__mit-b2__in_rover__seed1416__gpu_full__99146410__git3e52372c__codebebd8b2d__20260717T090304272832Z,msl_ncam_nlb_542734078edr_f0612232ncam00654m1,test_msl,bedrock,iou,,0,0,143364
segformer__scratch__mit-b2__in_rover__seed1416__gpu_full__99146410__git3e52372c__codebebd8b2d__20260717T090304272832Z,msl_ncam_nlb_542734078edr_f0612232ncam00654m1,test_msl,sand,iou,1.0,143364,143364,143364
segformer__scratch__mit-b2__in_rover__seed1416__gpu_full__99146410__git3e52372c__codebebd8b2d__20260717T090304272832Z,msl_ncam_nlb_542734078edr_f0612232ncam00654m1,test_msl,big_rock,iou,,0,0,143364
segformer__scratch__mit-b2__in_rover__seed1416__gpu_full__99146410__git3e52372c__codebebd8b2d__20260717T090304272832Z,msl_ncam_nlb_542734078edr_f0612232ncam00654m1,test_msl,ALL,pixel_acc,1.0,0,0,143364
segformer__scratch__mit-b2__in_rover__seed1416__gpu_full__99146410__git3e52372c__codebebd8b2d__20260717T090304272832Z,msl_ncam_nlb_542734078edr_f0612232ncam00654m1,test_msl,ALL,boundary_f1,1.0,0,0,143364
segformer__scratch__mit-b2__in_rover__seed1416__gpu_full__99146410__git3e52372c__codebebd8b2d__20260717T090304272832Z,msl_ncam_nlb_542734110edr_f0612232ncam00654m1,test_msl,soil,iou,,0,0,209285
segformer__scratch__mit-b2__in_rover__seed1416__gpu_full__99146410__git3e52372c__codebebd8b2d__20260717T090304272832Z,msl_ncam_nlb_542734110edr_f0612232ncam00654m1,test_msl,bedrock,iou,,0,0,209285
segformer__scratch__mit-b2__in_rover__seed1416__gpu_full__99146410__git3e52372c__codebebd8b2d__20260717T090304272832Z,msl_ncam_nlb_542734110edr_f0612232ncam00654m1,test_msl,sand,iou,1.0,209285,209285,209285
segformer__scratch__mit-b2__in_rover__seed1416__gpu_full__99146410__git3e52372c__codebebd8b2d__20260717T090304272832Z,msl_ncam_nlb_542734110edr_f0612232ncam00654m1,test_msl,big_rock,iou,,0,0,209285
segformer__scratch__mit-b2__in_rover__seed1416__gpu_full__99146410__git3e52372c__codebebd8b2d__20260717T090304272832Z,msl_ncam_nlb_542734110edr_f0612232ncam00654m1,test_msl,ALL,pixel_acc,1.0,0,0,209285
segformer__scratch__mit-b2__in_rover__seed1416__gpu_full__99146410__git3e52372c__codebebd8b2d__20260717T090304272832Z,msl_ncam_nlb_542734110edr_f0612232ncam00654m1,test_msl,ALL,boundary_f1,1.0,0,0,209285
segformer__scratch__mit-b2__in_rover__seed1416__gpu_full__99146410__git3e52372c__codebebd8b2d__20260717T090304272832Z,msl_ncam_nlb_542734199edr_f0612232ncam00654m1,test_msl,soil,iou,,0,0,176176
segformer__scratch__mit-b2__in_rover__seed1416__gpu_full__99146410__git3e52372c__codebebd8b2d__20260717T090304272832Z,msl_ncam_nlb_542734199edr_f0612232ncam00654m1,test_msl,bedrock,iou,0.0,0,162,176176
segformer__scratch__mit-b2__in_rover__seed1416__gpu_full__99146410__git3e52372c__codebebd8b2d__20260717T090304272832Z,msl_ncam_nlb_542734199edr_f0612232ncam00654m1,test_msl,sand,iou,0.9990804649895559,176014,176176,176176
segformer__scratch__mit-b2__in_rover__seed1416__gpu_full__99146410__git3e52372c__codebebd8b2d__20260717T090304272832Z,msl_ncam_nlb_542734199edr_f0612232ncam00654m1,test_msl,big_rock,iou,,0,0,176176
segformer__scratch__mit-b2__in_rover__seed1416__gpu_full__99146410__git3e52372c__codebebd8b2d__20260717T090304272832Z,msl_ncam_nlb_542734199edr_f0612232ncam00654m1,test_msl,ALL,pixel_acc,0.9990804649895559,0,0,176176
segformer__scratch__mit-b2__in_rover__seed1416__gpu_full__99146410__git3e52372c__codebebd8b2d__20260717T090304272832Z,msl_ncam_nlb_542734199edr_f0612232ncam00654m1,test_msl,ALL,boundary_f1,0.4982965310772579,0,0,176176
segformer__scratch__mit-b2__in_rover__seed1416__gpu_full__99146410__git3e52372c__codebebd8b2d__20260717T090304272832Z,msl_ncam_nlb_542734240edr_f0612232ncam00283m1,test_msl,soil,iou,,0,0,97181
segformer__scratch__mit-b2__in_rover__seed1416__gpu_full__99146410__git3e52372c__codebebd8b2d__20260717T090304272832Z,msl_ncam_nlb_542734240edr_f0612232ncam00283m1,test_msl,bedrock,iou,0.0,0,214,97181
segformer__scratch__mit-b2__in_rover__seed1416__gpu_full__99146410__git3e52372c__codebebd8b2d__20260717T090304272832Z,msl_ncam_nlb_542734240edr_f0612232ncam00283m1,test_msl,sand,iou,0.9977979234624053,96967,97181,97181
segformer__scratch__mit-b2__in_rover__seed1416__gpu_full__99146410__git3e52372c__codebebd8b2d__20260717T090304272832Z,msl_ncam_nlb_542734240edr_f0612232ncam00283m1,test_msl,big_rock,iou,,0,0,97181
segformer__scratch__mit-b2__in_rover__seed1416__gpu_full__99146410__git3e52372c__codebebd8b2d__20260717T090304272832Z,msl_ncam_nlb_542734240edr_f0612232ncam00283m1,test_msl,ALL,pixel_acc,0.9977979234624053,0,0,97181
segformer__scratch__mit-b2__in_rover__seed1416__gpu_full__99146410__git3e52372c__codebebd8b2d__20260717T090304272832Z,msl_ncam_nlb_542734240edr_f0612232ncam00283m1,test_msl,ALL,boundary_f1,0.4965976517411389,0,0,97181
segformer__scratch__mit-b2__in_rover__seed1416__gpu_full__99146410__git3e52372c__codebebd8b2d__20260717T090304272832Z,msl_ncam_nlb_542734362edr_f0612232ncam00283m1,test_msl,soil,iou,,0,0,145077
segformer__scratch__mit-b2__in_rover__seed1416__gpu_full__99146410__git3e52372c__codebebd8b2d__20260717T090304272832Z,msl_ncam_nlb_542734362edr_f0612232ncam00283m1,test_msl,bedrock,iou,0.0,0,136,145077
segformer__scratch__mit-b2__in_rover__seed1416__gpu_full__99146410__git3e52372c__codebebd8b2d__20260717T090304272832Z,msl_ncam_nlb_542734362edr_f0612232ncam00283m1,test_msl,sand,iou,0.999062566774885,144941,145077,145077
segformer__scratch__mit-b2__in_rover__seed1416__gpu_full__99146410__git3e52372c__codebebd8b2d__20260717T090304272832Z,msl_ncam_nlb_542734362edr_f0612232ncam00283m1,test_msl,big_rock,iou,,0,0,145077
segformer__scratch__mit-b2__in_rover__seed1416__gpu_full__99146410__git3e52372c__codebebd8b2d__20260717T090304272832Z,msl_ncam_nlb_542734362edr_f0612232ncam00283m1,test_msl,ALL,pixel_acc,0.999062566774885,0,0,145077
segformer__scratch__mit-b2__in_rover__seed1416__gpu_full__99146410__git3e52372c__codebebd8b2d__20260717T090304272832Z,msl_ncam_nlb_542734362edr_f0612232ncam00283m1,test_msl,ALL,boundary_f1,0.4979817118378779,0,0,145077
segformer__scratch__mit-b2__in_rover__seed1416__gpu_full__99146410__git3e52372c__codebebd8b2d__20260717T090304272832Z,msl_ncam_nlb_542738036edr_f0612232ccam15903m1,test_msl,soil,iou,,0,0,189972
segformer__scratch__mit-b2__in_rover__seed1416__gpu_full__99146410__git3e52372c__codebebd8b2d__20260717T090304272832Z,msl_ncam_nlb_542738036edr_f0612232ccam15903m1,test_msl,bedrock,iou,,0,0,189972
segformer__scratch__mit-b2__in_rover__seed1416__gpu_full__99146410__git3e52372c__codebebd8b2d__20260717T090304272832Z,msl_ncam_nlb_542738036edr_f0612232ccam15903m1,test_msl,sand,iou,1.0,189972,189972,189972
segformer__scratch__mit-b2__in_rover__seed1416__gpu_full__99146410__git3e52372c__codebebd8b2d__20260717T090304272832Z,msl_ncam_nlb_542738036edr_f0612232ccam15903m1,test_msl,big_rock,iou,,0,0,189972
segformer__scratch__mit-b2__in_rover__seed1416__gpu_full__99146410__git3e52372c__codebebd8b2d__20260717T090304272832Z,msl_ncam_nlb_542738036edr_f0612232ccam15903m1,test_msl,ALL,pixel_acc,1.0,0,0,189972
segformer__scratch__mit-b2__in_rover__seed1416__gpu_full__99146410__git3e52372c__codebebd8b2d__20260717T090304272832Z,msl_ncam_nlb_542738036edr_f0612232ccam15903m1,test_msl,ALL,boundary_f1,1.0,0,0,189972
segformer__scratch__mit-b2__in_rover__seed1416__gpu_full__99146410__git3e52372c__codebebd8b2d__20260717T090304272832Z,msl_ncam_nlb_543351716edr_f0613076ncam00286m1,test_msl,soil,iou,,0,0,0
segformer__scratch__mit-b2__in_rover__seed1416__gpu_full__99146410__git3e52372c__codebebd8b2d__20260717T090304272832Z,msl_ncam_nlb_543351716edr_f0613076ncam00286m1,test_msl,bedrock,iou,,0,0,0
segformer__scratch__mit-b2__in_rover__seed1416__gpu_full__99146410__git3e52372c__codebebd8b2d__20260717T090304272832Z,msl_ncam_nlb_543351716edr_f0613076ncam00286m1,test_msl,sand,iou,,0,0,0
segformer__scratch__mit-b2__in_rover__seed1416__gpu_full__99146410__git3e52372c__codebebd8b2d__20260717T090304272832Z,msl_ncam_nlb_543351716edr_f0613076ncam00286m1,test_msl,big_rock,iou,,0,0,0
segformer__scratch__mit-b2__in_rover__seed1416__gpu_full__99146410__git3e52372c__codebebd8b2d__20260717T090304272832Z,msl_ncam_nlb_543351716edr_f0613076ncam00286m1,test_msl,ALL,pixel_acc,,0,0,0
segformer__scratch__mit-b2__in_rover__seed1416__gpu_full__99146410__git3e52372c__codebebd8b2d__20260717T090304272832Z,msl_ncam_nlb_543351716edr_f0613076ncam00286m1,test_msl,ALL,boundary_f1,,0,0,0
segformer__scratch__mit-b2__in_rover__seed1416__gpu_full__99146410__git3e52372c__codebebd8b2d__20260717T090304272832Z,msl_ncam_nlb_543357370edr_f0613076ncam00287m1,test_msl,soil,iou,0.0,0,490,139163
segformer__scratch__mit-b2__in_rover__seed1416__gpu_full__99146410__git3e52372c__codebebd8b2d__20260717T090304272832Z,msl_ncam_nlb_543357370edr_f0613076ncam00287m1,test_msl,bedrock,iou,0.0,0,1,139163
segformer__scratch__mit-b2__in_rover__seed1416__gpu_full__99146410__git3e52372c__codebebd8b2d__20260717T090304272832Z,msl_ncam_nlb_543357370edr_f0613076ncam00287m1,test_msl,sand,iou,0.9964717633278961,138672,139163,139163
segformer__scratch__mit-b2__in_rover__seed1416__gpu_full__99146410__git3e52372c__codebebd8b2d__20260717T090304272832Z,msl_ncam_nlb_543357370edr_f0613076ncam00287m1,test_msl,big_rock,iou,,0,0,139163
segformer__scratch__mit-b2__in_rover__seed1416__gpu_full__99146410__git3e52372c__codebebd8b2d__20260717T090304272832Z,msl_ncam_nlb_543357370edr_f0613076ncam00287m1,test_msl,ALL,pixel_acc,0.9964717633278961,0,0,139163
segformer__scratch__mit-b2__in_rover__seed1416__gpu_full__99146410__git3e52372c__codebebd8b2d__20260717T090304272832Z,msl_ncam_nlb_543357370edr_f0613076ncam00287m1,test_msl,ALL,boundary_f1,0.3303483379018451,0,0,139163
segformer__scratch__mit-b2__in_rover__seed1416__gpu_full__99146410__git3e52372c__codebebd8b2d__20260717T090304272832Z,msl_ncam_nlb_543357433edr_f0613076ncam00287m1,test_msl,soil,iou,,0,0,73935
segformer__scratch__mit-b2__in_rover__seed1416__gpu_full__99146410__git3e52372c__codebebd8b2d__20260717T090304272832Z,msl_ncam_nlb_543357433edr_f0613076ncam00287m1,test_msl,bedrock,iou,0.0,0,1286,73935
segformer__scratch__mit-b2__in_rover__seed1416__gpu_full__99146410__git3e52372c__codebebd8b2d__20260717T090304272832Z,msl_ncam_nlb_543357433edr_f0613076ncam00287m1,test_msl,sand,iou,0.9826063434097518,72649,73935,73935
segformer__scratch__mit-b2__in_rover__seed1416__gpu_full__99146410__git3e52372c__codebebd8b2d__20260717T090304272832Z,msl_ncam_nlb_543357433edr_f0613076ncam00287m1,test_msl,big_rock,iou,,0,0,73935
segformer__scratch__mit-b2__in_rover__seed1416__gpu_full__99146410__git3e52372c__codebebd8b2d__20260717T090304272832Z,msl_ncam_nlb_543357433edr_f0613076ncam00287m1,test_msl,ALL,pixel_acc,0.9826063434097518,0,0,73935
segformer__scratch__mit-b2__in_rover__seed1416__gpu_full__99146410__git3e52372c__codebebd8b2d__20260717T090304272832Z,msl_ncam_nlb_543357433edr_f0613076ncam00287m1,test_msl,ALL,boundary_f1,0.4900212958827174,0,0,73935
segformer__scratch__mit-b2__in_rover__seed1416__gpu_full__99146410__git3e52372c__codebebd8b2d__20260717T090304272832Z,msl_ncam_nlb_543357548edr_f0613076ncam00287m1,test_msl,soil,iou,,0,0,0
segformer__scratch__mit-b2__in_rover__seed1416__gpu_full__99146410__git3e52372c__codebebd8b2d__20260717T090304272832Z,msl_ncam_nlb_543357548edr_f0613076ncam00287m1,test_msl,bedrock,iou,,0,0,0
segformer__scratch__mit-b2__in_rover__seed1416__gpu_full__99146410__git3e52372c__codebebd8b2d__20260717T090304272832Z,msl_ncam_nlb_543357548edr_f0613076ncam00287m1,test_msl,sand,iou,,0,0,0
segformer__scratch__mit-b2__in_rover__seed1416__gpu_full__99146410__git3e52372c__codebebd8b2d__20260717T090304272832Z,msl_ncam_nlb_543357548edr_f0613076ncam00287m1,test_msl,big_rock,iou,,0,0,0
segformer__scratch__mit-b2__in_rover__seed1416__gpu_full__99146410__git3e52372c__codebebd8b2d__20260717T090304272832Z,msl_ncam_nlb_543357548edr_f0613076ncam00287m1,test_msl,ALL,pixel_acc,,0,0,0
segformer__scratch__mit-b2__in_rover__seed1416__gpu_full__99146410__git3e52372c__codebebd8b2d__20260717T090304272832Z,msl_ncam_nlb_543357548edr_f0613076ncam00287m1,test_msl,ALL,boundary_f1,,0,0,0
segformer__scratch__mit-b2__in_rover__seed1416__gpu_full__99146410__git3e52372c__codebebd8b2d__20260717T090304272832Z,msl_ncam_nlb_548047620edr_f0630346ncam00320m1,test_msl,soil,iou,,0,0,96137
segformer__scratch__mit-b2__in_rover__seed1416__gpu_full__99146410__git3e52372c__codebebd8b2d__20260717T090304272832Z,msl_ncam_nlb_548047620edr_f0630346ncam00320m1,test_msl,bedrock,iou,0.9980779924086745,82567,82726,96137
segformer__scratch__mit-b2__in_rover__seed1416__gpu_full__99146410__git3e52372c__codebebd8b2d__20260717T090304272832Z,msl_ncam_nlb_548047620edr_f0630346ncam00320m1,test_msl,sand,iou,0.9882829771554901,13411,13570,96137
segformer__scratch__mit-b2__in_rover__seed1416__gpu_full__99146410__git3e52372c__codebebd8b2d__20260717T090304272832Z,msl_ncam_nlb_548047620edr_f0630346ncam00320m1,test_msl,big_rock,iou,,0,0,96137
segformer__scratch__mit-b2__in_rover__seed1416__gpu_full__99146410__git3e52372c__codebebd8b2d__20260717T090304272832Z,msl_ncam_nlb_548047620edr_f0630346ncam00320m1,test_msl,ALL,pixel_acc,0.9983461102385138,0,0,96137
segformer__scratch__mit-b2__in_rover__seed1416__gpu_full__99146410__git3e52372c__codebebd8b2d__20260717T090304272832Z,msl_ncam_nlb_548047620edr_f0630346ncam00320m1,test_msl,ALL,boundary_f1,0.9866288759723143,0,0,96137
segformer__scratch__mit-b2__in_rover__seed1416__gpu_full__99146410__git3e52372c__codebebd8b2d__20260717T090304272832Z,msl_ncam_nlb_548057490edr_f0630724ncam00385m1,test_msl,soil,iou,,0,0,65888
segformer__scratch__mit-b2__in_rover__seed1416__gpu_full__99146410__git3e52372c__codebebd8b2d__20260717T090304272832Z,msl_ncam_nlb_548057490edr_f0630724ncam00385m1,test_msl,bedrock,iou,0.9121539582321515,60100,65888,65888
segformer__scratch__mit-b2__in_rover__seed1416__gpu_full__99146410__git3e52372c__codebebd8b2d__20260717T090304272832Z,msl_ncam_nlb_548057490edr_f0630724ncam00385m1,test_msl,sand,iou,0.0,0,5788,65888
segformer__scratch__mit-b2__in_rover__seed1416__gpu_full__99146410__git3e52372c__codebebd8b2d__20260717T090304272832Z,msl_ncam_nlb_548057490edr_f0630724ncam00385m1,test_msl,big_rock,iou,,0,0,65888
segformer__scratch__mit-b2__in_rover__seed1416__gpu_full__99146410__git3e52372c__codebebd8b2d__20260717T090304272832Z,msl_ncam_nlb_548057490edr_f0630724ncam00385m1,test_msl,ALL,pixel_acc,0.9121539582321515,0,0,65888
segformer__scratch__mit-b2__in_rover__seed1416__gpu_full__99146410__git3e52372c__codebebd8b2d__20260717T090304272832Z,msl_ncam_nlb_548057490edr_f0630724ncam00385m1,test_msl,ALL,boundary_f1,0.46822289156626506,0,0,65888
segformer__scratch__mit-b2__in_rover__seed1416__gpu_full__99146410__git3e52372c__codebebd8b2d__20260717T090304272832Z,msl_ncam_nlb_548058260edr_f0630766ncam00375m1,test_msl,soil,iou,,0,0,41868
segformer__scratch__mit-b2__in_rover__seed1416__gpu_full__99146410__git3e52372c__codebebd8b2d__20260717T090304272832Z,msl_ncam_nlb_548058260edr_f0630766ncam00375m1,test_msl,bedrock,iou,0.9732637756765569,26865,27603,41868
segformer__scratch__mit-b2__in_rover__seed1416__gpu_full__99146410__git3e52372c__codebebd8b2d__20260717T090304272832Z,msl_ncam_nlb_548058260edr_f0630766ncam00375m1,test_msl,sand,iou,0.9508098380323935,14265,15003,41868
segformer__scratch__mit-b2__in_rover__seed1416__gpu_full__99146410__git3e52372c__codebebd8b2d__20260717T090304272832Z,msl_ncam_nlb_548058260edr_f0630766ncam00375m1,test_msl,big_rock,iou,,0,0,41868
segformer__scratch__mit-b2__in_rover__seed1416__gpu_full__99146410__git3e52372c__codebebd8b2d__20260717T090304272832Z,msl_ncam_nlb_548058260edr_f0630766ncam00375m1,test_msl,ALL,pixel_acc,0.9823731728288908,0,0,41868
segformer__scratch__mit-b2__in_rover__seed1416__gpu_full__99146410__git3e52372c__codebebd8b2d__20260717T090304272832Z,msl_ncam_nlb_548058260edr_f0630766ncam00375m1,test_msl,ALL,boundary_f1,0.9549968333993009,0,0,41868
segformer__scratch__mit-b2__in_rover__seed1416__gpu_full__99146410__git3e52372c__codebebd8b2d__20260717T090304272832Z,msl_ncam_nlb_548058358edr_f0630766ncam00273m1,test_msl,soil,iou,,0,0,43577
segformer__scratch__mit-b2__in_rover__seed1416__gpu_full__99146410__git3e52372c__codebebd8b2d__20260717T090304272832Z,msl_ncam_nlb_548058358edr_f0630766ncam00273m1,test_msl,bedrock,iou,0.9309080539373447,22851,24547,43577
segformer__scratch__mit-b2__in_rover__seed1416__gpu_full__99146410__git3e52372c__codebebd8b2d__20260717T090304272832Z,msl_ncam_nlb_548058358edr_f0630766ncam00273m1,test_msl,sand,iou,0.9181704139727878,19030,20726,43577
segformer__scratch__mit-b2__in_rover__seed1416__gpu_full__99146410__git3e52372c__codebebd8b2d__20260717T090304272832Z,msl_ncam_nlb_548058358edr_f0630766ncam00273m1,test_msl,big_rock,iou,,0,0,43577
segformer__scratch__mit-b2__in_rover__seed1416__gpu_full__99146410__git3e52372c__codebebd8b2d__20260717T090304272832Z,msl_ncam_nlb_548058358edr_f0630766ncam00273m1,test_msl,ALL,pixel_acc,0.9610803864423894,0,0,43577
segformer__scratch__mit-b2__in_rover__seed1416__gpu_full__99146410__git3e52372c__codebebd8b2d__20260717T090304272832Z,msl_ncam_nlb_548058358edr_f0630766ncam00273m1,test_msl,ALL,boundary_f1,0.9114109431382338,0,0,43577
segformer__scratch__mit-b2__in_rover__seed1416__gpu_full__99146410__git3e52372c__codebebd8b2d__20260717T090304272832Z,msl_ncam_nlb_548063838edr_f0630766ncam07753m1,test_msl,soil,iou,,0,0,13320
segformer__scratch__mit-b2__in_rover__seed1416__gpu_full__99146410__git3e52372c__codebebd8b2d__20260717T090304272832Z,msl_ncam_nlb_548063838edr_f0630766ncam07753m1,test_msl,bedrock,iou,1.0,13320,13320,13320
segformer__scratch__mit-b2__in_rover__seed1416__gpu_full__99146410__git3e52372c__codebebd8b2d__20260717T090304272832Z,msl_ncam_nlb_548063838edr_f0630766ncam07753m1,test_msl,sand,iou,,0,0,13320
segformer__scratch__mit-b2__in_rover__seed1416__gpu_full__99146410__git3e52372c__codebebd8b2d__20260717T090304272832Z,msl_ncam_nlb_548063838edr_f0630766ncam07753m1,test_msl,big_rock,iou,,0,0,13320
segformer__scratch__mit-b2__in_rover__seed1416__gpu_full__99146410__git3e52372c__codebebd8b2d__20260717T090304272832Z,msl_ncam_nlb_548063838edr_f0630766ncam07753m1,test_msl,ALL,pixel_acc,1.0,0,0,13320
segformer__scratch__mit-b2__in_rover__seed1416__gpu_full__99146410__git3e52372c__codebebd8b2d__20260717T090304272832Z,msl_ncam_nlb_548063838edr_f0630766ncam07753m1,test_msl,ALL,boundary_f1,1.0,0,0,13320
segformer__scratch__mit-b2__in_rover__seed1416__gpu_full__99146410__git3e52372c__codebebd8b2d__20260717T090304272832Z,msl_ncam_nlb_552665174edr_f0641980ncam00320m1,test_msl,soil,iou,,0,0,107820
segformer__scratch__mit-b2__in_rover__seed1416__gpu_full__99146410__git3e52372c__codebebd8b2d__20260717T090304272832Z,msl_ncam_nlb_552665174edr_f0641980ncam00320m1,test_msl,bedrock,iou,1.0,20145,20145,107820
segformer__scratch__mit-b2__in_rover__seed1416__gpu_full__99146410__git3e52372c__codebebd8b2d__20260717T090304272832Z,msl_ncam_nlb_552665174edr_f0641980ncam00320m1,test_msl,sand,iou,1.0,87675,87675,107820
segformer__scratch__mit-b2__in_rover__seed1416__gpu_full__99146410__git3e52372c__codebebd8b2d__20260717T090304272832Z,msl_ncam_nlb_552665174edr_f0641980ncam00320m1,test_msl,big_rock,iou,,0,0,107820
segformer__scratch__mit-b2__in_rover__seed1416__gpu_full__99146410__git3e52372c__codebebd8b2d__20260717T090304272832Z,msl_ncam_nlb_552665174edr_f0641980ncam00320m1,test_msl,ALL,pixel_acc,1.0,0,0,107820
segformer__scratch__mit-b2__in_rover__seed1416__gpu_full__99146410__git3e52372c__codebebd8b2d__20260717T090304272832Z,msl_ncam_nlb_552665174edr_f0641980ncam00320m1,test_msl,ALL,boundary_f1,1.0,0,0,107820
segformer__scratch__mit-b2__in_rover__seed1416__gpu_full__99146410__git3e52372c__codebebd8b2d__20260717T090304272832Z,msl_ncam_nlb_552676131edr_f0642004ncam00385m1,test_msl,soil,iou,,0,0,241952
segformer__scratch__mit-b2__in_rover__seed1416__gpu_full__99146410__git3e52372c__codebebd8b2d__20260717T090304272832Z,msl_ncam_nlb_552676131edr_f0642004ncam00385m1,test_msl,bedrock,iou,,0,0,241952
segformer__scratch__mit-b2__in_rover__seed1416__gpu_full__99146410__git3e52372c__codebebd8b2d__20260717T090304272832Z,msl_ncam_nlb_552676131edr_f0642004ncam00385m1,test_msl,sand,iou,1.0,241952,241952,241952
segformer__scratch__mit-b2__in_rover__seed1416__gpu_full__99146410__git3e52372c__codebebd8b2d__20260717T090304272832Z,msl_ncam_nlb_552676131edr_f0642004ncam00385m1,test_msl,big_rock,iou,,0,0,241952
segformer__scratch__mit-b2__in_rover__seed1416__gpu_full__99146410__git3e52372c__codebebd8b2d__20260717T090304272832Z,msl_ncam_nlb_552676131edr_f0642004ncam00385m1,test_msl,ALL,pixel_acc,1.0,0,0,241952
segformer__scratch__mit-b2__in_rover__seed1416__gpu_full__99146410__git3e52372c__codebebd8b2d__20260717T090304272832Z,msl_ncam_nlb_552676131edr_f0642004ncam00385m1,test_msl,ALL,boundary_f1,1.0,0,0,241952
segformer__scratch__mit-b2__in_rover__seed1416__gpu_full__99146410__git3e52372c__codebebd8b2d__20260717T090304272832Z,msl_ncam_nlb_552677384edr_f0642088ncam00376m1,test_msl,soil,iou,,0,0,93137
segformer__scratch__mit-b2__in_rover__seed1416__gpu_full__99146410__git3e52372c__codebebd8b2d__20260717T090304272832Z,msl_ncam_nlb_552677384edr_f0642088ncam00376m1,test_msl,bedrock,iou,,0,0,93137
segformer__scratch__mit-b2__in_rover__seed1416__gpu_full__99146410__git3e52372c__codebebd8b2d__20260717T090304272832Z,msl_ncam_nlb_552677384edr_f0642088ncam00376m1,test_msl,sand,iou,1.0,93137,93137,93137
segformer__scratch__mit-b2__in_rover__seed1416__gpu_full__99146410__git3e52372c__codebebd8b2d__20260717T090304272832Z,msl_ncam_nlb_552677384edr_f0642088ncam00376m1,test_msl,big_rock,iou,,0,0,93137
segformer__scratch__mit-b2__in_rover__seed1416__gpu_full__99146410__git3e52372c__codebebd8b2d__20260717T090304272832Z,msl_ncam_nlb_552677384edr_f0642088ncam00376m1,test_msl,ALL,pixel_acc,1.0,0,0,93137
segformer__scratch__mit-b2__in_rover__seed1416__gpu_full__99146410__git3e52372c__codebebd8b2d__20260717T090304272832Z,msl_ncam_nlb_552677384edr_f0642088ncam00376m1,test_msl,ALL,boundary_f1,1.0,0,0,93137
segformer__scratch__mit-b2__in_rover__seed1416__gpu_full__99146410__git3e52372c__codebebd8b2d__20260717T090304272832Z,msl_ncam_nlb_552677513edr_f0642088ncam00255m1,test_msl,soil,iou,,0,0,42984
segformer__scratch__mit-b2__in_rover__seed1416__gpu_full__99146410__git3e52372c__codebebd8b2d__20260717T090304272832Z,msl_ncam_nlb_552677513edr_f0642088ncam00255m1,test_msl,bedrock,iou,0.9351978171896317,1371,1466,42984
segformer__scratch__mit-b2__in_rover__seed1416__gpu_full__99146410__git3e52372c__codebebd8b2d__20260717T090304272832Z,msl_ncam_nlb_552677513edr_f0642088ncam00255m1,test_msl,sand,iou,0.9985088985088985,41518,41580,42984
segformer__scratch__mit-b2__in_rover__seed1416__gpu_full__99146410__git3e52372c__codebebd8b2d__20260717T090304272832Z,msl_ncam_nlb_552677513edr_f0642088ncam00255m1,test_msl,big_rock,iou,0.0,0,33,42984
segformer__scratch__mit-b2__in_rover__seed1416__gpu_full__99146410__git3e52372c__codebebd8b2d__20260717T090304272832Z,msl_ncam_nlb_552677513edr_f0642088ncam00255m1,test_msl,ALL,pixel_acc,0.9977898753024381,0,0,42984
segformer__scratch__mit-b2__in_rover__seed1416__gpu_full__99146410__git3e52372c__codebebd8b2d__20260717T090304272832Z,msl_ncam_nlb_552677513edr_f0642088ncam00255m1,test_msl,ALL,boundary_f1,0.6406950605262841,0,0,42984
segformer__scratch__mit-b2__in_rover__seed1416__gpu_full__99146410__git3e52372c__codebebd8b2d__20260717T090304272832Z,msl_ncam_nlb_552677608edr_f0642088ncam00255m1,test_msl,soil,iou,,0,0,238297
segformer__scratch__mit-b2__in_rover__seed1416__gpu_full__99146410__git3e52372c__codebebd8b2d__20260717T090304272832Z,msl_ncam_nlb_552677608edr_f0642088ncam00255m1,test_msl,bedrock,iou,,0,0,238297
segformer__scratch__mit-b2__in_rover__seed1416__gpu_full__99146410__git3e52372c__codebebd8b2d__20260717T090304272832Z,msl_ncam_nlb_552677608edr_f0642088ncam00255m1,test_msl,sand,iou,1.0,238297,238297,238297
segformer__scratch__mit-b2__in_rover__seed1416__gpu_full__99146410__git3e52372c__codebebd8b2d__20260717T090304272832Z,msl_ncam_nlb_552677608edr_f0642088ncam00255m1,test_msl,big_rock,iou,,0,0,238297
segformer__scratch__mit-b2__in_rover__seed1416__gpu_full__99146410__git3e52372c__codebebd8b2d__20260717T090304272832Z,msl_ncam_nlb_552677608edr_f0642088ncam00255m1,test_msl,ALL,pixel_acc,1.0,0,0,238297
segformer__scratch__mit-b2__in_rover__seed1416__gpu_full__99146410__git3e52372c__codebebd8b2d__20260717T090304272832Z,msl_ncam_nlb_552677608edr_f0642088ncam00255m1,test_msl,ALL,boundary_f1,1.0,0,0,238297
segformer__scratch__mit-b2__in_rover__seed1416__gpu_full__99146410__git3e52372c__codebebd8b2d__20260717T090304272832Z,msl_ncam_nlb_552677960edr_f0642088ncam00354m1,test_msl,soil,iou,,0,0,141082
segformer__scratch__mit-b2__in_rover__seed1416__gpu_full__99146410__git3e52372c__codebebd8b2d__20260717T090304272832Z,msl_ncam_nlb_552677960edr_f0642088ncam00354m1,test_msl,bedrock,iou,,0,0,141082
segformer__scratch__mit-b2__in_rover__seed1416__gpu_full__99146410__git3e52372c__codebebd8b2d__20260717T090304272832Z,msl_ncam_nlb_552677960edr_f0642088ncam00354m1,test_msl,sand,iou,1.0,141082,141082,141082
segformer__scratch__mit-b2__in_rover__seed1416__gpu_full__99146410__git3e52372c__codebebd8b2d__20260717T090304272832Z,msl_ncam_nlb_552677960edr_f0642088ncam00354m1,test_msl,big_rock,iou,,0,0,141082
segformer__scratch__mit-b2__in_rover__seed1416__gpu_full__99146410__git3e52372c__codebebd8b2d__20260717T090304272832Z,msl_ncam_nlb_552677960edr_f0642088ncam00354m1,test_msl,ALL,pixel_acc,1.0,0,0,141082
segformer__scratch__mit-b2__in_rover__seed1416__gpu_full__99146410__git3e52372c__codebebd8b2d__20260717T090304272832Z,msl_ncam_nlb_552677960edr_f0642088ncam00354m1,test_msl,ALL,boundary_f1,1.0,0,0,141082
segformer__scratch__mit-b2__in_rover__seed1416__gpu_full__99146410__git3e52372c__codebebd8b2d__20260717T090304272832Z,msl_ncam_nlb_552678040edr_f0642088ncam00354m1,test_msl,soil,iou,,0,0,124577
segformer__scratch__mit-b2__in_rover__seed1416__gpu_full__99146410__git3e52372c__codebebd8b2d__20260717T090304272832Z,msl_ncam_nlb_552678040edr_f0642088ncam00354m1,test_msl,bedrock,iou,,0,0,124577
segformer__scratch__mit-b2__in_rover__seed1416__gpu_full__99146410__git3e52372c__codebebd8b2d__20260717T090304272832Z,msl_ncam_nlb_552678040edr_f0642088ncam00354m1,test_msl,sand,iou,1.0,124577,124577,124577
segformer__scratch__mit-b2__in_rover__seed1416__gpu_full__99146410__git3e52372c__codebebd8b2d__20260717T090304272832Z,msl_ncam_nlb_552678040edr_f0642088ncam00354m1,test_msl,big_rock,iou,,0,0,124577
segformer__scratch__mit-b2__in_rover__seed1416__gpu_full__99146410__git3e52372c__codebebd8b2d__20260717T090304272832Z,msl_ncam_nlb_552678040edr_f0642088ncam00354m1,test_msl,ALL,pixel_acc,1.0,0,0,124577
segformer__scratch__mit-b2__in_rover__seed1416__gpu_full__99146410__git3e52372c__codebebd8b2d__20260717T090304272832Z,msl_ncam_nlb_552678040edr_f0642088ncam00354m1,test_msl,ALL,boundary_f1,1.0,0,0,124577
segformer__scratch__mit-b2__in_rover__seed1416__gpu_full__99146410__git3e52372c__codebebd8b2d__20260717T090304272832Z,msl_ncam_nlb_552682049edr_f0642088ncam07753m1,test_msl,soil,iou,,0,0,203617
segformer__scratch__mit-b2__in_rover__seed1416__gpu_full__99146410__git3e52372c__codebebd8b2d__20260717T090304272832Z,msl_ncam_nlb_552682049edr_f0642088ncam07753m1,test_msl,bedrock,iou,,0,0,203617
segformer__scratch__mit-b2__in_rover__seed1416__gpu_full__99146410__git3e52372c__codebebd8b2d__20260717T090304272832Z,msl_ncam_nlb_552682049edr_f0642088ncam07753m1,test_msl,sand,iou,1.0,203617,203617,203617
segformer__scratch__mit-b2__in_rover__seed1416__gpu_full__99146410__git3e52372c__codebebd8b2d__20260717T090304272832Z,msl_ncam_nlb_552682049edr_f0642088ncam07753m1,test_msl,big_rock,iou,,0,0,203617
segformer__scratch__mit-b2__in_rover__seed1416__gpu_full__99146410__git3e52372c__codebebd8b2d__20260717T090304272832Z,msl_ncam_nlb_552682049edr_f0642088ncam07753m1,test_msl,ALL,pixel_acc,1.0,0,0,203617
segformer__scratch__mit-b2__in_rover__seed1416__gpu_full__99146410__git3e52372c__codebebd8b2d__20260717T090304272832Z,msl_ncam_nlb_552682049edr_f0642088ncam07753m1,test_msl,ALL,boundary_f1,1.0,0,0,203617
segformer__scratch__mit-b2__in_rover__seed1416__gpu_full__99146410__git3e52372c__codebebd8b2d__20260717T090304272832Z,msl_ncam_nlb_552682173edr_f0642088ncam07753m1,test_msl,soil,iou,,0,0,37725
segformer__scratch__mit-b2__in_rover__seed1416__gpu_full__99146410__git3e52372c__codebebd8b2d__20260717T090304272832Z,msl_ncam_nlb_552682173edr_f0642088ncam07753m1,test_msl,bedrock,iou,1.0,3020,3020,37725
segformer__scratch__mit-b2__in_rover__seed1416__gpu_full__99146410__git3e52372c__codebebd8b2d__20260717T090304272832Z,msl_ncam_nlb_552682173edr_f0642088ncam07753m1,test_msl,sand,iou,1.0,34705,34705,37725
segformer__scratch__mit-b2__in_rover__seed1416__gpu_full__99146410__git3e52372c__codebebd8b2d__20260717T090304272832Z,msl_ncam_nlb_552682173edr_f0642088ncam07753m1,test_msl,big_rock,iou,,0,0,37725
segformer__scratch__mit-b2__in_rover__seed1416__gpu_full__99146410__git3e52372c__codebebd8b2d__20260717T090304272832Z,msl_ncam_nlb_552682173edr_f0642088ncam07753m1,test_msl,ALL,pixel_acc,1.0,0,0,37725
segformer__scratch__mit-b2__in_rover__seed1416__gpu_full__99146410__git3e52372c__codebebd8b2d__20260717T090304272832Z,msl_ncam_nlb_552682173edr_f0642088ncam07753m1,test_msl,ALL,boundary_f1,1.0,0,0,37725
segformer__scratch__mit-b2__in_rover__seed1416__gpu_full__99146410__git3e52372c__codebebd8b2d__20260717T090304272832Z,msl_ncam_nlb_556418003edr_f0651174ncam00320m1,test_msl,soil,iou,,0,0,95260
segformer__scratch__mit-b2__in_rover__seed1416__gpu_full__99146410__git3e52372c__codebebd8b2d__20260717T090304272832Z,msl_ncam_nlb_556418003edr_f0651174ncam00320m1,test_msl,bedrock,iou,0.8386212712132392,7956,9487,95260
segformer__scratch__mit-b2__in_rover__seed1416__gpu_full__99146410__git3e52372c__codebebd8b2d__20260717T090304272832Z,msl_ncam_nlb_556418003edr_f0651174ncam00320m1,test_msl,sand,iou,0.9824635755520938,85773,87304,95260
segformer__scratch__mit-b2__in_rover__seed1416__gpu_full__99146410__git3e52372c__codebebd8b2d__20260717T090304272832Z,msl_ncam_nlb_556418003edr_f0651174ncam00320m1,test_msl,big_rock,iou,,0,0,95260
segformer__scratch__mit-b2__in_rover__seed1416__gpu_full__99146410__git3e52372c__codebebd8b2d__20260717T090304272832Z,msl_ncam_nlb_556418003edr_f0651174ncam00320m1,test_msl,ALL,pixel_acc,0.9839281965148016,0,0,95260
segformer__scratch__mit-b2__in_rover__seed1416__gpu_full__99146410__git3e52372c__codebebd8b2d__20260717T090304272832Z,msl_ncam_nlb_556418003edr_f0651174ncam00320m1,test_msl,ALL,boundary_f1,0.9034961092320031,0,0,95260
segformer__scratch__mit-b2__in_rover__seed1416__gpu_full__99146410__git3e52372c__codebebd8b2d__20260717T090304272832Z,msl_ncam_nlb_556756244edr_f0651642ncam00285m1,test_msl,soil,iou,,0,0,71198
segformer__scratch__mit-b2__in_rover__seed1416__gpu_full__99146410__git3e52372c__codebebd8b2d__20260717T090304272832Z,msl_ncam_nlb_556756244edr_f0651642ncam00285m1,test_msl,bedrock,iou,0.8853514116536514,10317,11653,71198
segformer__scratch__mit-b2__in_rover__seed1416__gpu_full__99146410__git3e52372c__codebebd8b2d__20260717T090304272832Z,msl_ncam_nlb_556756244edr_f0651642ncam00285m1,test_msl,sand,iou,0.9780555509929206,59545,60881,71198
segformer__scratch__mit-b2__in_rover__seed1416__gpu_full__99146410__git3e52372c__codebebd8b2d__20260717T090304272832Z,msl_ncam_nlb_556756244edr_f0651642ncam00285m1,test_msl,big_rock,iou,,0,0,71198
segformer__scratch__mit-b2__in_rover__seed1416__gpu_full__99146410__git3e52372c__codebebd8b2d__20260717T090304272832Z,msl_ncam_nlb_556756244edr_f0651642ncam00285m1,test_msl,ALL,pixel_acc,0.9812354279614596,0,0,71198
segformer__scratch__mit-b2__in_rover__seed1416__gpu_full__99146410__git3e52372c__codebebd8b2d__20260717T090304272832Z,msl_ncam_nlb_556756244edr_f0651642ncam00285m1,test_msl,ALL,boundary_f1,0.930699871248003,0,0,71198
segformer__scratch__mit-b2__in_rover__seed1416__gpu_full__99146410__git3e52372c__codebebd8b2d__20260717T090304272832Z,msl_ncam_nlb_556756308edr_f0651642ncam00285m1,test_msl,soil,iou,,0,0,120672
segformer__scratch__mit-b2__in_rover__seed1416__gpu_full__99146410__git3e52372c__codebebd8b2d__20260717T090304272832Z,msl_ncam_nlb_556756308edr_f0651642ncam00285m1,test_msl,bedrock,iou,0.6194706308919506,3417,5516,120672
segformer__scratch__mit-b2__in_rover__seed1416__gpu_full__99146410__git3e52372c__codebebd8b2d__20260717T090304272832Z,msl_ncam_nlb_556756308edr_f0651642ncam00285m1,test_msl,sand,iou,0.9820609926250747,98540,100340,120672
segformer__scratch__mit-b2__in_rover__seed1416__gpu_full__99146410__git3e52372c__codebebd8b2d__20260717T090304272832Z,msl_ncam_nlb_556756308edr_f0651642ncam00285m1,test_msl,big_rock,iou,0.8283984950106331,15192,18339,120672
segformer__scratch__mit-b2__in_rover__seed1416__gpu_full__99146410__git3e52372c__codebebd8b2d__20260717T090304272832Z,msl_ncam_nlb_556756308edr_f0651642ncam00285m1,test_msl,ALL,pixel_acc,0.9708051577830814,0,0,120672
segformer__scratch__mit-b2__in_rover__seed1416__gpu_full__99146410__git3e52372c__codebebd8b2d__20260717T090304272832Z,msl_ncam_nlb_556756308edr_f0651642ncam00285m1,test_msl,ALL,boundary_f1,0.7399684408659161,0,0,120672
segformer__scratch__mit-b2__in_rover__seed1416__gpu_full__99146410__git3e52372c__codebebd8b2d__20260717T090304272832Z,msl_ncam_nlb_556756606edr_f0651642ncam00312m1,test_msl,soil,iou,,0,0,172993
segformer__scratch__mit-b2__in_rover__seed1416__gpu_full__99146410__git3e52372c__codebebd8b2d__20260717T090304272832Z,msl_ncam_nlb_556756606edr_f0651642ncam00312m1,test_msl,bedrock,iou,0.9602465122578897,14179,14766,172993
segformer__scratch__mit-b2__in_rover__seed1416__gpu_full__99146410__git3e52372c__codebebd8b2d__20260717T090304272832Z,msl_ncam_nlb_556756606edr_f0651642ncam00312m1,test_msl,sand,iou,0.9952711977533467,158063,158814,172993
segformer__scratch__mit-b2__in_rover__seed1416__gpu_full__99146410__git3e52372c__codebebd8b2d__20260717T090304272832Z,msl_ncam_nlb_556756606edr_f0651642ncam00312m1,test_msl,big_rock,iou,0.0,0,164,172993
segformer__scratch__mit-b2__in_rover__seed1416__gpu_full__99146410__git3e52372c__codebebd8b2d__20260717T090304272832Z,msl_ncam_nlb_556756606edr_f0651642ncam00312m1,test_msl,ALL,pixel_acc,0.9956587838814287,0,0,172993
segformer__scratch__mit-b2__in_rover__seed1416__gpu_full__99146410__git3e52372c__codebebd8b2d__20260717T090304272832Z,msl_ncam_nlb_556756606edr_f0651642ncam00312m1,test_msl,ALL,boundary_f1,0.6384948736981945,0,0,172993
segformer__scratch__mit-b2__in_rover__seed1416__gpu_full__99146410__git3e52372c__codebebd8b2d__20260717T090304272832Z,msl_ncam_nlb_556763962edr_f0651642ncam07753m1,test_msl,soil,iou,0.0,0,309,156742
segformer__scratch__mit-b2__in_rover__seed1416__gpu_full__99146410__git3e52372c__codebebd8b2d__20260717T090304272832Z,msl_ncam_nlb_556763962edr_f0651642ncam07753m1,test_msl,bedrock,iou,0.9575525812619503,7512,7845,156742
segformer__scratch__mit-b2__in_rover__seed1416__gpu_full__99146410__git3e52372c__codebebd8b2d__20260717T090304272832Z,msl_ncam_nlb_556763962edr_f0651642ncam07753m1,test_msl,sand,iou,0.9998388407276341,148897,148921,156742
segformer__scratch__mit-b2__in_rover__seed1416__gpu_full__99146410__git3e52372c__codebebd8b2d__20260717T090304272832Z,msl_ncam_nlb_556763962edr_f0651642ncam07753m1,test_msl,big_rock,iou,,0,0,156742
segformer__scratch__mit-b2__in_rover__seed1416__gpu_full__99146410__git3e52372c__codebebd8b2d__20260717T090304272832Z,msl_ncam_nlb_556763962edr_f0651642ncam07753m1,test_msl,ALL,pixel_acc,0.9978754896581644,0,0,156742
segformer__scratch__mit-b2__in_rover__seed1416__gpu_full__99146410__git3e52372c__codebebd8b2d__20260717T090304272832Z,msl_ncam_nlb_556763962edr_f0651642ncam07753m1,test_msl,ALL,boundary_f1,0.6218665702186658,0,0,156742
segformer__scratch__mit-b2__in_rover__seed1416__gpu_full__99146410__git3e52372c__codebebd8b2d__20260717T090304272832Z,msl_ncam_nlb_556764110edr_f0651642ncam07753m1,test_msl,soil,iou,,0,0,19514
segformer__scratch__mit-b2__in_rover__seed1416__gpu_full__99146410__git3e52372c__codebebd8b2d__20260717T090304272832Z,msl_ncam_nlb_556764110edr_f0651642ncam07753m1,test_msl,bedrock,iou,0.0,0,610,19514
segformer__scratch__mit-b2__in_rover__seed1416__gpu_full__99146410__git3e52372c__codebebd8b2d__20260717T090304272832Z,msl_ncam_nlb_556764110edr_f0651642ncam07753m1,test_msl,sand,iou,0.968740391513785,18904,19514,19514
segformer__scratch__mit-b2__in_rover__seed1416__gpu_full__99146410__git3e52372c__codebebd8b2d__20260717T090304272832Z,msl_ncam_nlb_556764110edr_f0651642ncam07753m1,test_msl,big_rock,iou,,0,0,19514
segformer__scratch__mit-b2__in_rover__seed1416__gpu_full__99146410__git3e52372c__codebebd8b2d__20260717T090304272832Z,msl_ncam_nlb_556764110edr_f0651642ncam07753m1,test_msl,ALL,pixel_acc,0.968740391513785,0,0,19514
segformer__scratch__mit-b2__in_rover__seed1416__gpu_full__99146410__git3e52372c__codebebd8b2d__20260717T090304272832Z,msl_ncam_nlb_556764110edr_f0651642ncam07753m1,test_msl,ALL,boundary_f1,0.46672856700711857,0,0,19514
segformer__scratch__mit-b2__in_rover__seed1416__gpu_full__99146410__git3e52372c__codebebd8b2d__20260717T090304272832Z,msl_ncam_nlb_556764172edr_f0651642ncam07753m1,test_msl,soil,iou,0.0,0,7,45242
segformer__scratch__mit-b2__in_rover__seed1416__gpu_full__99146410__git3e52372c__codebebd8b2d__20260717T090304272832Z,msl_ncam_nlb_556764172edr_f0651642ncam07753m1,test_msl,bedrock,iou,0.4548657825613428,7100,15609,45242
segformer__scratch__mit-b2__in_rover__seed1416__gpu_full__99146410__git3e52372c__codebebd8b2d__20260717T090304272832Z,msl_ncam_nlb_556764172edr_f0651642ncam07753m1,test_msl,sand,iou,0.7767290650726234,29626,38142,45242
segformer__scratch__mit-b2__in_rover__seed1416__gpu_full__99146410__git3e52372c__codebebd8b2d__20260717T090304272832Z,msl_ncam_nlb_556764172edr_f0651642ncam07753m1,test_msl,big_rock,iou,,0,0,45242
segformer__scratch__mit-b2__in_rover__seed1416__gpu_full__99146410__git3e52372c__codebebd8b2d__20260717T090304272832Z,msl_ncam_nlb_556764172edr_f0651642ncam07753m1,test_msl,ALL,pixel_acc,0.8117678263560408,0,0,45242
segformer__scratch__mit-b2__in_rover__seed1416__gpu_full__99146410__git3e52372c__codebebd8b2d__20260717T090304272832Z,msl_ncam_nlb_556764172edr_f0651642ncam07753m1,test_msl,ALL,boundary_f1,0.43645661135711905,0,0,45242
segformer__scratch__mit-b2__in_rover__seed1416__gpu_full__99146410__git3e52372c__codebebd8b2d__20260717T090304272832Z,msl_ncam_nlb_558363908edr_f0660000ncam00375m1,test_msl,soil,iou,,0,0,137927
segformer__scratch__mit-b2__in_rover__seed1416__gpu_full__99146410__git3e52372c__codebebd8b2d__20260717T090304272832Z,msl_ncam_nlb_558363908edr_f0660000ncam00375m1,test_msl,bedrock,iou,1.0,137927,137927,137927
segformer__scratch__mit-b2__in_rover__seed1416__gpu_full__99146410__git3e52372c__codebebd8b2d__20260717T090304272832Z,msl_ncam_nlb_558363908edr_f0660000ncam00375m1,test_msl,sand,iou,,0,0,137927
segformer__scratch__mit-b2__in_rover__seed1416__gpu_full__99146410__git3e52372c__codebebd8b2d__20260717T090304272832Z,msl_ncam_nlb_558363908edr_f0660000ncam00375m1,test_msl,big_rock,iou,,0,0,137927
segformer__scratch__mit-b2__in_rover__seed1416__gpu_full__99146410__git3e52372c__codebebd8b2d__20260717T090304272832Z,msl_ncam_nlb_558363908edr_f0660000ncam00375m1,test_msl,ALL,pixel_acc,1.0,0,0,137927
segformer__scratch__mit-b2__in_rover__seed1416__gpu_full__99146410__git3e52372c__codebebd8b2d__20260717T090304272832Z,msl_ncam_nlb_558363908edr_f0660000ncam00375m1,test_msl,ALL,boundary_f1,1.0,0,0,137927
segformer__scratch__mit-b2__in_rover__seed1416__gpu_full__99146410__git3e52372c__codebebd8b2d__20260717T090304272832Z,msl_ncam_nlb_558364034edr_f0660000ncam00252m1,test_msl,soil,iou,,0,0,216388
segformer__scratch__mit-b2__in_rover__seed1416__gpu_full__99146410__git3e52372c__codebebd8b2d__20260717T090304272832Z,msl_ncam_nlb_558364034edr_f0660000ncam00252m1,test_msl,bedrock,iou,1.0,216388,216388,216388
segformer__scratch__mit-b2__in_rover__seed1416__gpu_full__99146410__git3e52372c__codebebd8b2d__20260717T090304272832Z,msl_ncam_nlb_558364034edr_f0660000ncam00252m1,test_msl,sand,iou,,0,0,216388
segformer__scratch__mit-b2__in_rover__seed1416__gpu_full__99146410__git3e52372c__codebebd8b2d__20260717T090304272832Z,msl_ncam_nlb_558364034edr_f0660000ncam00252m1,test_msl,big_rock,iou,,0,0,216388
segformer__scratch__mit-b2__in_rover__seed1416__gpu_full__99146410__git3e52372c__codebebd8b2d__20260717T090304272832Z,msl_ncam_nlb_558364034edr_f0660000ncam00252m1,test_msl,ALL,pixel_acc,1.0,0,0,216388
segformer__scratch__mit-b2__in_rover__seed1416__gpu_full__99146410__git3e52372c__codebebd8b2d__20260717T090304272832Z,msl_ncam_nlb_558364034edr_f0660000ncam00252m1,test_msl,ALL,boundary_f1,1.0,0,0,216388
segformer__scratch__mit-b2__in_rover__seed1416__gpu_full__99146410__git3e52372c__codebebd8b2d__20260717T090304272832Z,msl_ncam_nlb_558364090edr_f0660000ncam00252m1,test_msl,soil,iou,,0,0,0
segformer__scratch__mit-b2__in_rover__seed1416__gpu_full__99146410__git3e52372c__codebebd8b2d__20260717T090304272832Z,msl_ncam_nlb_558364090edr_f0660000ncam00252m1,test_msl,bedrock,iou,,0,0,0
segformer__scratch__mit-b2__in_rover__seed1416__gpu_full__99146410__git3e52372c__codebebd8b2d__20260717T090304272832Z,msl_ncam_nlb_558364090edr_f0660000ncam00252m1,test_msl,sand,iou,,0,0,0
segformer__scratch__mit-b2__in_rover__seed1416__gpu_full__99146410__git3e52372c__codebebd8b2d__20260717T090304272832Z,msl_ncam_nlb_558364090edr_f0660000ncam00252m1,test_msl,big_rock,iou,,0,0,0
segformer__scratch__mit-b2__in_rover__seed1416__gpu_full__99146410__git3e52372c__codebebd8b2d__20260717T090304272832Z,msl_ncam_nlb_558364090edr_f0660000ncam00252m1,test_msl,ALL,pixel_acc,,0,0,0
segformer__scratch__mit-b2__in_rover__seed1416__gpu_full__99146410__git3e52372c__codebebd8b2d__20260717T090304272832Z,msl_ncam_nlb_558364090edr_f0660000ncam00252m1,test_msl,ALL,boundary_f1,,0,0,0
segformer__scratch__mit-b2__in_rover__seed1416__gpu_full__99146410__git3e52372c__codebebd8b2d__20260717T090304272832Z,msl_ncam_nlb_558364829edr_f0660000ncam00253m1,test_msl,soil,iou,0.0,0,1311,110732
segformer__scratch__mit-b2__in_rover__seed1416__gpu_full__99146410__git3e52372c__codebebd8b2d__20260717T090304272832Z,msl_ncam_nlb_558364829edr_f0660000ncam00253m1,test_msl,bedrock,iou,0.9881606039807824,109421,110732,110732
segformer__scratch__mit-b2__in_rover__seed1416__gpu_full__99146410__git3e52372c__codebebd8b2d__20260717T090304272832Z,msl_ncam_nlb_558364829edr_f0660000ncam00253m1,test_msl,sand,iou,,0,0,110732
segformer__scratch__mit-b2__in_rover__seed1416__gpu_full__99146410__git3e52372c__codebebd8b2d__20260717T090304272832Z,msl_ncam_nlb_558364829edr_f0660000ncam00253m1,test_msl,big_rock,iou,,0,0,110732
segformer__scratch__mit-b2__in_rover__seed1416__gpu_full__99146410__git3e52372c__codebebd8b2d__20260717T090304272832Z,msl_ncam_nlb_558364829edr_f0660000ncam00253m1,test_msl,ALL,pixel_acc,0.9881606039807824,0,0,110732
segformer__scratch__mit-b2__in_rover__seed1416__gpu_full__99146410__git3e52372c__codebebd8b2d__20260717T090304272832Z,msl_ncam_nlb_558364829edr_f0660000ncam00253m1,test_msl,ALL,boundary_f1,0.4826183917093008,0,0,110732
segformer__scratch__mit-b2__in_rover__seed1416__gpu_full__99146410__git3e52372c__codebebd8b2d__20260717T090304272832Z,msl_ncam_nlb_558364943edr_f0660000ncam00253m1,test_msl,soil,iou,,0,0,3436
segformer__scratch__mit-b2__in_rover__seed1416__gpu_full__99146410__git3e52372c__codebebd8b2d__20260717T090304272832Z,msl_ncam_nlb_558364943edr_f0660000ncam00253m1,test_msl,bedrock,iou,1.0,3436,3436,3436
segformer__scratch__mit-b2__in_rover__seed1416__gpu_full__99146410__git3e52372c__codebebd8b2d__20260717T090304272832Z,msl_ncam_nlb_558364943edr_f0660000ncam00253m1,test_msl,sand,iou,,0,0,3436
segformer__scratch__mit-b2__in_rover__seed1416__gpu_full__99146410__git3e52372c__codebebd8b2d__20260717T090304272832Z,msl_ncam_nlb_558364943edr_f0660000ncam00253m1,test_msl,big_rock,iou,,0,0,3436
segformer__scratch__mit-b2__in_rover__seed1416__gpu_full__99146410__git3e52372c__codebebd8b2d__20260717T090304272832Z,msl_ncam_nlb_558364943edr_f0660000ncam00253m1,test_msl,ALL,pixel_acc,1.0,0,0,3436
segformer__scratch__mit-b2__in_rover__seed1416__gpu_full__99146410__git3e52372c__codebebd8b2d__20260717T090304272832Z,msl_ncam_nlb_558364943edr_f0660000ncam00253m1,test_msl,ALL,boundary_f1,1.0,0,0,3436
segformer__scratch__mit-b2__in_rover__seed1416__gpu_full__99146410__git3e52372c__codebebd8b2d__20260717T090304272832Z,msl_ncam_nlb_558365006edr_f0660000ncam00253m1,test_msl,soil,iou,0.0,0,136,47526
segformer__scratch__mit-b2__in_rover__seed1416__gpu_full__99146410__git3e52372c__codebebd8b2d__20260717T090304272832Z,msl_ncam_nlb_558365006edr_f0660000ncam00253m1,test_msl,bedrock,iou,0.9971384084501115,47390,47526,47526
segformer__scratch__mit-b2__in_rover__seed1416__gpu_full__99146410__git3e52372c__codebebd8b2d__20260717T090304272832Z,msl_ncam_nlb_558365006edr_f0660000ncam00253m1,test_msl,sand,iou,,0,0,47526
segformer__scratch__mit-b2__in_rover__seed1416__gpu_full__99146410__git3e52372c__codebebd8b2d__20260717T090304272832Z,msl_ncam_nlb_558365006edr_f0660000ncam00253m1,test_msl,big_rock,iou,,0,0,47526
segformer__scratch__mit-b2__in_rover__seed1416__gpu_full__99146410__git3e52372c__codebebd8b2d__20260717T090304272832Z,msl_ncam_nlb_558365006edr_f0660000ncam00253m1,test_msl,ALL,pixel_acc,0.9971384084501115,0,0,47526
segformer__scratch__mit-b2__in_rover__seed1416__gpu_full__99146410__git3e52372c__codebebd8b2d__20260717T090304272832Z,msl_ncam_nlb_558365006edr_f0660000ncam00253m1,test_msl,ALL,boundary_f1,0.4961896697713802,0,0,47526
segformer__scratch__mit-b2__in_rover__seed1416__gpu_full__99146410__git3e52372c__codebebd8b2d__20260717T090304272832Z,msl_ncam_nlb_558365068edr_f0660000ncam00253m1,test_msl,soil,iou,,0,0,142185
segformer__scratch__mit-b2__in_rover__seed1416__gpu_full__99146410__git3e52372c__codebebd8b2d__20260717T090304272832Z,msl_ncam_nlb_558365068edr_f0660000ncam00253m1,test_msl,bedrock,iou,1.0,142185,142185,142185
segformer__scratch__mit-b2__in_rover__seed1416__gpu_full__99146410__git3e52372c__codebebd8b2d__20260717T090304272832Z,msl_ncam_nlb_558365068edr_f0660000ncam00253m1,test_msl,sand,iou,,0,0,142185
segformer__scratch__mit-b2__in_rover__seed1416__gpu_full__99146410__git3e52372c__codebebd8b2d__20260717T090304272832Z,msl_ncam_nlb_558365068edr_f0660000ncam00253m1,test_msl,big_rock,iou,,0,0,142185
segformer__scratch__mit-b2__in_rover__seed1416__gpu_full__99146410__git3e52372c__codebebd8b2d__20260717T090304272832Z,msl_ncam_nlb_558365068edr_f0660000ncam00253m1,test_msl,ALL,pixel_acc,1.0,0,0,142185
segformer__scratch__mit-b2__in_rover__seed1416__gpu_full__99146410__git3e52372c__codebebd8b2d__20260717T090304272832Z,msl_ncam_nlb_558365068edr_f0660000ncam00253m1,test_msl,ALL,boundary_f1,1.0,0,0,142185
segformer__scratch__mit-b2__in_rover__seed1416__gpu_full__99146410__git3e52372c__codebebd8b2d__20260717T090304272832Z,msl_ncam_nlb_560302217edr_f0660952ncam00320m1,test_msl,soil,iou,,0,0,41827
segformer__scratch__mit-b2__in_rover__seed1416__gpu_full__99146410__git3e52372c__codebebd8b2d__20260717T090304272832Z,msl_ncam_nlb_560302217edr_f0660952ncam00320m1,test_msl,bedrock,iou,1.0,41827,41827,41827
segformer__scratch__mit-b2__in_rover__seed1416__gpu_full__99146410__git3e52372c__codebebd8b2d__20260717T090304272832Z,msl_ncam_nlb_560302217edr_f0660952ncam00320m1,test_msl,sand,iou,,0,0,41827
segformer__scratch__mit-b2__in_rover__seed1416__gpu_full__99146410__git3e52372c__codebebd8b2d__20260717T090304272832Z,msl_ncam_nlb_560302217edr_f0660952ncam00320m1,test_msl,big_rock,iou,,0,0,41827
segformer__scratch__mit-b2__in_rover__seed1416__gpu_full__99146410__git3e52372c__codebebd8b2d__20260717T090304272832Z,msl_ncam_nlb_560302217edr_f0660952ncam00320m1,test_msl,ALL,pixel_acc,1.0,0,0,41827
segformer__scratch__mit-b2__in_rover__seed1416__gpu_full__99146410__git3e52372c__codebebd8b2d__20260717T090304272832Z,msl_ncam_nlb_560302217edr_f0660952ncam00320m1,test_msl,ALL,boundary_f1,1.0,0,0,41827
segformer__scratch__mit-b2__in_rover__seed1416__gpu_full__99146410__git3e52372c__codebebd8b2d__20260717T090304272832Z,msl_ncam_nlb_560310464edr_f0661030ncam00385m1,test_msl,soil,iou,,0,0,158565
segformer__scratch__mit-b2__in_rover__seed1416__gpu_full__99146410__git3e52372c__codebebd8b2d__20260717T090304272832Z,msl_ncam_nlb_560310464edr_f0661030ncam00385m1,test_msl,bedrock,iou,1.0,158565,158565,158565
segformer__scratch__mit-b2__in_rover__seed1416__gpu_full__99146410__git3e52372c__codebebd8b2d__20260717T090304272832Z,msl_ncam_nlb_560310464edr_f0661030ncam00385m1,test_msl,sand,iou,,0,0,158565
segformer__scratch__mit-b2__in_rover__seed1416__gpu_full__99146410__git3e52372c__codebebd8b2d__20260717T090304272832Z,msl_ncam_nlb_560310464edr_f0661030ncam00385m1,test_msl,big_rock,iou,,0,0,158565
segformer__scratch__mit-b2__in_rover__seed1416__gpu_full__99146410__git3e52372c__codebebd8b2d__20260717T090304272832Z,msl_ncam_nlb_560310464edr_f0661030ncam00385m1,test_msl,ALL,pixel_acc,1.0,0,0,158565
segformer__scratch__mit-b2__in_rover__seed1416__gpu_full__99146410__git3e52372c__codebebd8b2d__20260717T090304272832Z,msl_ncam_nlb_560310464edr_f0661030ncam00385m1,test_msl,ALL,boundary_f1,1.0,0,0,158565
segformer__scratch__mit-b2__in_rover__seed1416__gpu_full__99146410__git3e52372c__codebebd8b2d__20260717T090304272832Z,msl_ncam_nlb_560311677edr_f0661112ncam00353m1,test_msl,soil,iou,0.0,0,206,58722
segformer__scratch__mit-b2__in_rover__seed1416__gpu_full__99146410__git3e52372c__codebebd8b2d__20260717T090304272832Z,msl_ncam_nlb_560311677edr_f0661112ncam00353m1,test_msl,bedrock,iou,0.9964919450972378,58516,58722,58722
segformer__scratch__mit-b2__in_rover__seed1416__gpu_full__99146410__git3e52372c__codebebd8b2d__20260717T090304272832Z,msl_ncam_nlb_560311677edr_f0661112ncam00353m1,test_msl,sand,iou,,0,0,58722
segformer__scratch__mit-b2__in_rover__seed1416__gpu_full__99146410__git3e52372c__codebebd8b2d__20260717T090304272832Z,msl_ncam_nlb_560311677edr_f0661112ncam00353m1,test_msl,big_rock,iou,,0,0,58722
segformer__scratch__mit-b2__in_rover__seed1416__gpu_full__99146410__git3e52372c__codebebd8b2d__20260717T090304272832Z,msl_ncam_nlb_560311677edr_f0661112ncam00353m1,test_msl,ALL,pixel_acc,0.9964919450972378,0,0,58722
segformer__scratch__mit-b2__in_rover__seed1416__gpu_full__99146410__git3e52372c__codebebd8b2d__20260717T090304272832Z,msl_ncam_nlb_560311677edr_f0661112ncam00353m1,test_msl,ALL,boundary_f1,0.4872396597242593,0,0,58722
segformer__scratch__mit-b2__in_rover__seed1416__gpu_full__99146410__git3e52372c__codebebd8b2d__20260717T090304272832Z,msl_ncam_nlb_560311785edr_f0661112ncam00273m1,test_msl,soil,iou,,0,0,67364
segformer__scratch__mit-b2__in_rover__seed1416__gpu_full__99146410__git3e52372c__codebebd8b2d__20260717T090304272832Z,msl_ncam_nlb_560311785edr_f0661112ncam00273m1,test_msl,bedrock,iou,1.0,67364,67364,67364
segformer__scratch__mit-b2__in_rover__seed1416__gpu_full__99146410__git3e52372c__codebebd8b2d__20260717T090304272832Z,msl_ncam_nlb_560311785edr_f0661112ncam00273m1,test_msl,sand,iou,,0,0,67364
segformer__scratch__mit-b2__in_rover__seed1416__gpu_full__99146410__git3e52372c__codebebd8b2d__20260717T090304272832Z,msl_ncam_nlb_560311785edr_f0661112ncam00273m1,test_msl,big_rock,iou,,0,0,67364
segformer__scratch__mit-b2__in_rover__seed1416__gpu_full__99146410__git3e52372c__codebebd8b2d__20260717T090304272832Z,msl_ncam_nlb_560311785edr_f0661112ncam00273m1,test_msl,ALL,pixel_acc,1.0,0,0,67364
segformer__scratch__mit-b2__in_rover__seed1416__gpu_full__99146410__git3e52372c__codebebd8b2d__20260717T090304272832Z,msl_ncam_nlb_560311785edr_f0661112ncam00273m1,test_msl,ALL,boundary_f1,1.0,0,0,67364
segformer__scratch__mit-b2__in_rover__seed1416__gpu_full__99146410__git3e52372c__codebebd8b2d__20260717T090304272832Z,msl_ncam_nlb_560311842edr_f0661112ncam00273m1,test_msl,soil,iou,,0,0,94786
segformer__scratch__mit-b2__in_rover__seed1416__gpu_full__99146410__git3e52372c__codebebd8b2d__20260717T090304272832Z,msl_ncam_nlb_560311842edr_f0661112ncam00273m1,test_msl,bedrock,iou,1.0,94786,94786,94786
segformer__scratch__mit-b2__in_rover__seed1416__gpu_full__99146410__git3e52372c__codebebd8b2d__20260717T090304272832Z,msl_ncam_nlb_560311842edr_f0661112ncam00273m1,test_msl,sand,iou,,0,0,94786
segformer__scratch__mit-b2__in_rover__seed1416__gpu_full__99146410__git3e52372c__codebebd8b2d__20260717T090304272832Z,msl_ncam_nlb_560311842edr_f0661112ncam00273m1,test_msl,big_rock,iou,,0,0,94786
segformer__scratch__mit-b2__in_rover__seed1416__gpu_full__99146410__git3e52372c__codebebd8b2d__20260717T090304272832Z,msl_ncam_nlb_560311842edr_f0661112ncam00273m1,test_msl,ALL,pixel_acc,1.0,0,0,94786
segformer__scratch__mit-b2__in_rover__seed1416__gpu_full__99146410__git3e52372c__codebebd8b2d__20260717T090304272832Z,msl_ncam_nlb_560311842edr_f0661112ncam00273m1,test_msl,ALL,boundary_f1,1.0,0,0,94786
segformer__scratch__mit-b2__in_rover__seed1416__gpu_full__99146410__git3e52372c__codebebd8b2d__20260717T090304272832Z,msl_ncam_nlb_560311891edr_f0661112ncam00273m1,test_msl,soil,iou,,0,0,80347
segformer__scratch__mit-b2__in_rover__seed1416__gpu_full__99146410__git3e52372c__codebebd8b2d__20260717T090304272832Z,msl_ncam_nlb_560311891edr_f0661112ncam00273m1,test_msl,bedrock,iou,1.0,80347,80347,80347
segformer__scratch__mit-b2__in_rover__seed1416__gpu_full__99146410__git3e52372c__codebebd8b2d__20260717T090304272832Z,msl_ncam_nlb_560311891edr_f0661112ncam00273m1,test_msl,sand,iou,,0,0,80347
segformer__scratch__mit-b2__in_rover__seed1416__gpu_full__99146410__git3e52372c__codebebd8b2d__20260717T090304272832Z,msl_ncam_nlb_560311891edr_f0661112ncam00273m1,test_msl,big_rock,iou,,0,0,80347
segformer__scratch__mit-b2__in_rover__seed1416__gpu_full__99146410__git3e52372c__codebebd8b2d__20260717T090304272832Z,msl_ncam_nlb_560311891edr_f0661112ncam00273m1,test_msl,ALL,pixel_acc,1.0,0,0,80347
segformer__scratch__mit-b2__in_rover__seed1416__gpu_full__99146410__git3e52372c__codebebd8b2d__20260717T090304272832Z,msl_ncam_nlb_560311891edr_f0661112ncam00273m1,test_msl,ALL,boundary_f1,1.0,0,0,80347
segformer__scratch__mit-b2__in_rover__seed1416__gpu_full__99146410__git3e52372c__codebebd8b2d__20260717T090304272832Z,msl_ncam_nlb_560312189edr_f0661112ncam00354m1,test_msl,soil,iou,,0,0,115548
segformer__scratch__mit-b2__in_rover__seed1416__gpu_full__99146410__git3e52372c__codebebd8b2d__20260717T090304272832Z,msl_ncam_nlb_560312189edr_f0661112ncam00354m1,test_msl,bedrock,iou,1.0,115548,115548,115548
segformer__scratch__mit-b2__in_rover__seed1416__gpu_full__99146410__git3e52372c__codebebd8b2d__20260717T090304272832Z,msl_ncam_nlb_560312189edr_f0661112ncam00354m1,test_msl,sand,iou,,0,0,115548
segformer__scratch__mit-b2__in_rover__seed1416__gpu_full__99146410__git3e52372c__codebebd8b2d__20260717T090304272832Z,msl_ncam_nlb_560312189edr_f0661112ncam00354m1,test_msl,big_rock,iou,,0,0,115548
segformer__scratch__mit-b2__in_rover__seed1416__gpu_full__99146410__git3e52372c__codebebd8b2d__20260717T090304272832Z,msl_ncam_nlb_560312189edr_f0661112ncam00354m1,test_msl,ALL,pixel_acc,1.0,0,0,115548
segformer__scratch__mit-b2__in_rover__seed1416__gpu_full__99146410__git3e52372c__codebebd8b2d__20260717T090304272832Z,msl_ncam_nlb_560312189edr_f0661112ncam00354m1,test_msl,ALL,boundary_f1,1.0,0,0,115548
segformer__scratch__mit-b2__in_rover__seed1416__gpu_full__99146410__git3e52372c__codebebd8b2d__20260717T090304272832Z,msl_ncam_nlb_560316500edr_f0661112ncam00274m1,test_msl,soil,iou,,0,0,167888
segformer__scratch__mit-b2__in_rover__seed1416__gpu_full__99146410__git3e52372c__codebebd8b2d__20260717T090304272832Z,msl_ncam_nlb_560316500edr_f0661112ncam00274m1,test_msl,bedrock,iou,1.0,167888,167888,167888
segformer__scratch__mit-b2__in_rover__seed1416__gpu_full__99146410__git3e52372c__codebebd8b2d__20260717T090304272832Z,msl_ncam_nlb_560316500edr_f0661112ncam00274m1,test_msl,sand,iou,,0,0,167888
segformer__scratch__mit-b2__in_rover__seed1416__gpu_full__99146410__git3e52372c__codebebd8b2d__20260717T090304272832Z,msl_ncam_nlb_560316500edr_f0661112ncam00274m1,test_msl,big_rock,iou,,0,0,167888
segformer__scratch__mit-b2__in_rover__seed1416__gpu_full__99146410__git3e52372c__codebebd8b2d__20260717T090304272832Z,msl_ncam_nlb_560316500edr_f0661112ncam00274m1,test_msl,ALL,pixel_acc,1.0,0,0,167888
segformer__scratch__mit-b2__in_rover__seed1416__gpu_full__99146410__git3e52372c__codebebd8b2d__20260717T090304272832Z,msl_ncam_nlb_560316500edr_f0661112ncam00274m1,test_msl,ALL,boundary_f1,1.0,0,0,167888
segformer__scratch__mit-b2__in_rover__seed1416__gpu_full__99146410__git3e52372c__codebebd8b2d__20260717T090304272832Z,msl_ncam_nlb_560316562edr_f0661112ncam00274m1,test_msl,soil,iou,,0,0,130575
segformer__scratch__mit-b2__in_rover__seed1416__gpu_full__99146410__git3e52372c__codebebd8b2d__20260717T090304272832Z,msl_ncam_nlb_560316562edr_f0661112ncam00274m1,test_msl,bedrock,iou,1.0,130575,130575,130575
segformer__scratch__mit-b2__in_rover__seed1416__gpu_full__99146410__git3e52372c__codebebd8b2d__20260717T090304272832Z,msl_ncam_nlb_560316562edr_f0661112ncam00274m1,test_msl,sand,iou,,0,0,130575
segformer__scratch__mit-b2__in_rover__seed1416__gpu_full__99146410__git3e52372c__codebebd8b2d__20260717T090304272832Z,msl_ncam_nlb_560316562edr_f0661112ncam00274m1,test_msl,big_rock,iou,,0,0,130575
segformer__scratch__mit-b2__in_rover__seed1416__gpu_full__99146410__git3e52372c__codebebd8b2d__20260717T090304272832Z,msl_ncam_nlb_560316562edr_f0661112ncam00274m1,test_msl,ALL,pixel_acc,1.0,0,0,130575
segformer__scratch__mit-b2__in_rover__seed1416__gpu_full__99146410__git3e52372c__codebebd8b2d__20260717T090304272832Z,msl_ncam_nlb_560316562edr_f0661112ncam00274m1,test_msl,ALL,boundary_f1,1.0,0,0,130575
segformer__scratch__mit-b2__in_rover__seed1416__gpu_full__99146410__git3e52372c__codebebd8b2d__20260717T090304272832Z,msl_ncam_nlb_560316739edr_f0661112ncam00274m1,test_msl,soil,iou,,0,0,49617
segformer__scratch__mit-b2__in_rover__seed1416__gpu_full__99146410__git3e52372c__codebebd8b2d__20260717T090304272832Z,msl_ncam_nlb_560316739edr_f0661112ncam00274m1,test_msl,bedrock,iou,1.0,49617,49617,49617
segformer__scratch__mit-b2__in_rover__seed1416__gpu_full__99146410__git3e52372c__codebebd8b2d__20260717T090304272832Z,msl_ncam_nlb_560316739edr_f0661112ncam00274m1,test_msl,sand,iou,,0,0,49617
segformer__scratch__mit-b2__in_rover__seed1416__gpu_full__99146410__git3e52372c__codebebd8b2d__20260717T090304272832Z,msl_ncam_nlb_560316739edr_f0661112ncam00274m1,test_msl,big_rock,iou,,0,0,49617
segformer__scratch__mit-b2__in_rover__seed1416__gpu_full__99146410__git3e52372c__codebebd8b2d__20260717T090304272832Z,msl_ncam_nlb_560316739edr_f0661112ncam00274m1,test_msl,ALL,pixel_acc,1.0,0,0,49617
segformer__scratch__mit-b2__in_rover__seed1416__gpu_full__99146410__git3e52372c__codebebd8b2d__20260717T090304272832Z,msl_ncam_nlb_560316739edr_f0661112ncam00274m1,test_msl,ALL,boundary_f1,1.0,0,0,49617
segformer__scratch__mit-b2__in_rover__seed1416__gpu_full__99146410__git3e52372c__codebebd8b2d__20260717T090304272832Z,msl_ncam_nlb_565016252edr_f0670180ncam00385m1,test_msl,soil,iou,1.0,119731,119731,119731
segformer__scratch__mit-b2__in_rover__seed1416__gpu_full__99146410__git3e52372c__codebebd8b2d__20260717T090304272832Z,msl_ncam_nlb_565016252edr_f0670180ncam00385m1,test_msl,bedrock,iou,,0,0,119731
segformer__scratch__mit-b2__in_rover__seed1416__gpu_full__99146410__git3e52372c__codebebd8b2d__20260717T090304272832Z,msl_ncam_nlb_565016252edr_f0670180ncam00385m1,test_msl,sand,iou,,0,0,119731
segformer__scratch__mit-b2__in_rover__seed1416__gpu_full__99146410__git3e52372c__codebebd8b2d__20260717T090304272832Z,msl_ncam_nlb_565016252edr_f0670180ncam00385m1,test_msl,big_rock,iou,,0,0,119731
segformer__scratch__mit-b2__in_rover__seed1416__gpu_full__99146410__git3e52372c__codebebd8b2d__20260717T090304272832Z,msl_ncam_nlb_565016252edr_f0670180ncam00385m1,test_msl,ALL,pixel_acc,1.0,0,0,119731
segformer__scratch__mit-b2__in_rover__seed1416__gpu_full__99146410__git3e52372c__codebebd8b2d__20260717T090304272832Z,msl_ncam_nlb_565016252edr_f0670180ncam00385m1,test_msl,ALL,boundary_f1,1.0,0,0,119731
segformer__scratch__mit-b2__in_rover__seed1416__gpu_full__99146410__git3e52372c__codebebd8b2d__20260717T090304272832Z,msl_ncam_nlb_565022734edr_f0670216ncam00375m1,test_msl,soil,iou,0.9138068895742563,55999,61281,61281
segformer__scratch__mit-b2__in_rover__seed1416__gpu_full__99146410__git3e52372c__codebebd8b2d__20260717T090304272832Z,msl_ncam_nlb_565022734edr_f0670216ncam00375m1,test_msl,bedrock,iou,0.0,0,5282,61281
segformer__scratch__mit-b2__in_rover__seed1416__gpu_full__99146410__git3e52372c__codebebd8b2d__20260717T090304272832Z,msl_ncam_nlb_565022734edr_f0670216ncam00375m1,test_msl,sand,iou,,0,0,61281
segformer__scratch__mit-b2__in_rover__seed1416__gpu_full__99146410__git3e52372c__codebebd8b2d__20260717T090304272832Z,msl_ncam_nlb_565022734edr_f0670216ncam00375m1,test_msl,big_rock,iou,,0,0,61281
segformer__scratch__mit-b2__in_rover__seed1416__gpu_full__99146410__git3e52372c__codebebd8b2d__20260717T090304272832Z,msl_ncam_nlb_565022734edr_f0670216ncam00375m1,test_msl,ALL,pixel_acc,0.9138068895742563,0,0,61281
segformer__scratch__mit-b2__in_rover__seed1416__gpu_full__99146410__git3e52372c__codebebd8b2d__20260717T090304272832Z,msl_ncam_nlb_565022734edr_f0670216ncam00375m1,test_msl,ALL,boundary_f1,0.41748526522593316,0,0,61281
segformer__scratch__mit-b2__in_rover__seed1416__gpu_full__99146410__git3e52372c__codebebd8b2d__20260717T090304272832Z,msl_ncam_nlb_565022803edr_f0670216ncam00252m1,test_msl,soil,iou,0.905629621004832,46668,51531,61883
segformer__scratch__mit-b2__in_rover__seed1416__gpu_full__99146410__git3e52372c__codebebd8b2d__20260717T090304272832Z,msl_ncam_nlb_565022803edr_f0670216ncam00252m1,test_msl,bedrock,iou,,0,0,61883
segformer__scratch__mit-b2__in_rover__seed1416__gpu_full__99146410__git3e52372c__codebebd8b2d__20260717T090304272832Z,msl_ncam_nlb_565022803edr_f0670216ncam00252m1,test_msl,sand,iou,0.6803812027604338,10352,15215,61883
segformer__scratch__mit-b2__in_rover__seed1416__gpu_full__99146410__git3e52372c__codebebd8b2d__20260717T090304272832Z,msl_ncam_nlb_565022803edr_f0670216ncam00252m1,test_msl,big_rock,iou,,0,0,61883
segformer__scratch__mit-b2__in_rover__seed1416__gpu_full__99146410__git3e52372c__codebebd8b2d__20260717T090304272832Z,msl_ncam_nlb_565022803edr_f0670216ncam00252m1,test_msl,ALL,pixel_acc,0.9214162209330511,0,0,61883
segformer__scratch__mit-b2__in_rover__seed1416__gpu_full__99146410__git3e52372c__codebebd8b2d__20260717T090304272832Z,msl_ncam_nlb_565022803edr_f0670216ncam00252m1,test_msl,ALL,boundary_f1,0.733348194654469,0,0,61883
segformer__scratch__mit-b2__in_rover__seed1416__gpu_full__99146410__git3e52372c__codebebd8b2d__20260717T090304272832Z,msl_ncam_nlb_565022931edr_f0670216ncam00252m1,test_msl,soil,iou,1.0,213200,213200,213200
segformer__scratch__mit-b2__in_rover__seed1416__gpu_full__99146410__git3e52372c__codebebd8b2d__20260717T090304272832Z,msl_ncam_nlb_565022931edr_f0670216ncam00252m1,test_msl,bedrock,iou,,0,0,213200
segformer__scratch__mit-b2__in_rover__seed1416__gpu_full__99146410__git3e52372c__codebebd8b2d__20260717T090304272832Z,msl_ncam_nlb_565022931edr_f0670216ncam00252m1,test_msl,sand,iou,,0,0,213200
segformer__scratch__mit-b2__in_rover__seed1416__gpu_full__99146410__git3e52372c__codebebd8b2d__20260717T090304272832Z,msl_ncam_nlb_565022931edr_f0670216ncam00252m1,test_msl,big_rock,iou,,0,0,213200
segformer__scratch__mit-b2__in_rover__seed1416__gpu_full__99146410__git3e52372c__codebebd8b2d__20260717T090304272832Z,msl_ncam_nlb_565022931edr_f0670216ncam00252m1,test_msl,ALL,pixel_acc,1.0,0,0,213200
segformer__scratch__mit-b2__in_rover__seed1416__gpu_full__99146410__git3e52372c__codebebd8b2d__20260717T090304272832Z,msl_ncam_nlb_565022931edr_f0670216ncam00252m1,test_msl,ALL,boundary_f1,1.0,0,0,213200
segformer__scratch__mit-b2__in_rover__seed1416__gpu_full__99146410__git3e52372c__codebebd8b2d__20260717T090304272832Z,msl_ncam_nlb_565023199edr_f0670216ncam00312m1,test_msl,soil,iou,1.0,135942,135942,135942
segformer__scratch__mit-b2__in_rover__seed1416__gpu_full__99146410__git3e52372c__codebebd8b2d__20260717T090304272832Z,msl_ncam_nlb_565023199edr_f0670216ncam00312m1,test_msl,bedrock,iou,,0,0,135942
segformer__scratch__mit-b2__in_rover__seed1416__gpu_full__99146410__git3e52372c__codebebd8b2d__20260717T090304272832Z,msl_ncam_nlb_565023199edr_f0670216ncam00312m1,test_msl,sand,iou,,0,0,135942
segformer__scratch__mit-b2__in_rover__seed1416__gpu_full__99146410__git3e52372c__codebebd8b2d__20260717T090304272832Z,msl_ncam_nlb_565023199edr_f0670216ncam00312m1,test_msl,big_rock,iou,,0,0,135942
segformer__scratch__mit-b2__in_rover__seed1416__gpu_full__99146410__git3e52372c__codebebd8b2d__20260717T090304272832Z,msl_ncam_nlb_565023199edr_f0670216ncam00312m1,test_msl,ALL,pixel_acc,1.0,0,0,135942
segformer__scratch__mit-b2__in_rover__seed1416__gpu_full__99146410__git3e52372c__codebebd8b2d__20260717T090304272832Z,msl_ncam_nlb_565023199edr_f0670216ncam00312m1,test_msl,ALL,boundary_f1,1.0,0,0,135942
segformer__scratch__mit-b2__in_rover__seed1416__gpu_full__99146410__git3e52372c__codebebd8b2d__20260717T090304272832Z,msl_ncam_nlb_565023322edr_f0670216ncam00253m1,test_msl,soil,iou,1.0,197483,197483,197483
segformer__scratch__mit-b2__in_rover__seed1416__gpu_full__99146410__git3e52372c__codebebd8b2d__20260717T090304272832Z,msl_ncam_nlb_565023322edr_f0670216ncam00253m1,test_msl,bedrock,iou,,0,0,197483
segformer__scratch__mit-b2__in_rover__seed1416__gpu_full__99146410__git3e52372c__codebebd8b2d__20260717T090304272832Z,msl_ncam_nlb_565023322edr_f0670216ncam00253m1,test_msl,sand,iou,,0,0,197483
segformer__scratch__mit-b2__in_rover__seed1416__gpu_full__99146410__git3e52372c__codebebd8b2d__20260717T090304272832Z,msl_ncam_nlb_565023322edr_f0670216ncam00253m1,test_msl,big_rock,iou,,0,0,197483
segformer__scratch__mit-b2__in_rover__seed1416__gpu_full__99146410__git3e52372c__codebebd8b2d__20260717T090304272832Z,msl_ncam_nlb_565023322edr_f0670216ncam00253m1,test_msl,ALL,pixel_acc,1.0,0,0,197483
segformer__scratch__mit-b2__in_rover__seed1416__gpu_full__99146410__git3e52372c__codebebd8b2d__20260717T090304272832Z,msl_ncam_nlb_565023322edr_f0670216ncam00253m1,test_msl,ALL,boundary_f1,1.0,0,0,197483
segformer__scratch__mit-b2__in_rover__seed1416__gpu_full__99146410__git3e52372c__codebebd8b2d__20260717T090304272832Z,msl_ncam_nlb_565023592edr_f0670216ncam00253m1,test_msl,soil,iou,1.0,71215,71215,71215
segformer__scratch__mit-b2__in_rover__seed1416__gpu_full__99146410__git3e52372c__codebebd8b2d__20260717T090304272832Z,msl_ncam_nlb_565023592edr_f0670216ncam00253m1,test_msl,bedrock,iou,,0,0,71215
segformer__scratch__mit-b2__in_rover__seed1416__gpu_full__99146410__git3e52372c__codebebd8b2d__20260717T090304272832Z,msl_ncam_nlb_565023592edr_f0670216ncam00253m1,test_msl,sand,iou,,0,0,71215
segformer__scratch__mit-b2__in_rover__seed1416__gpu_full__99146410__git3e52372c__codebebd8b2d__20260717T090304272832Z,msl_ncam_nlb_565023592edr_f0670216ncam00253m1,test_msl,big_rock,iou,,0,0,71215
segformer__scratch__mit-b2__in_rover__seed1416__gpu_full__99146410__git3e52372c__codebebd8b2d__20260717T090304272832Z,msl_ncam_nlb_565023592edr_f0670216ncam00253m1,test_msl,ALL,pixel_acc,1.0,0,0,71215
segformer__scratch__mit-b2__in_rover__seed1416__gpu_full__99146410__git3e52372c__codebebd8b2d__20260717T090304272832Z,msl_ncam_nlb_565023592edr_f0670216ncam00253m1,test_msl,ALL,boundary_f1,1.0,0,0,71215
segformer__scratch__mit-b2__in_rover__seed1416__gpu_full__99146410__git3e52372c__codebebd8b2d__20260717T090304272832Z,msl_ncam_nlb_565365464edr_f0670550ncam00385m1,test_msl,soil,iou,0.9078484941349834,139234,153367,153367
segformer__scratch__mit-b2__in_rover__seed1416__gpu_full__99146410__git3e52372c__codebebd8b2d__20260717T090304272832Z,msl_ncam_nlb_565365464edr_f0670550ncam00385m1,test_msl,bedrock,iou,0.0,0,14133,153367
segformer__scratch__mit-b2__in_rover__seed1416__gpu_full__99146410__git3e52372c__codebebd8b2d__20260717T090304272832Z,msl_ncam_nlb_565365464edr_f0670550ncam00385m1,test_msl,sand,iou,,0,0,153367
segformer__scratch__mit-b2__in_rover__seed1416__gpu_full__99146410__git3e52372c__codebebd8b2d__20260717T090304272832Z,msl_ncam_nlb_565365464edr_f0670550ncam00385m1,test_msl,big_rock,iou,,0,0,153367
segformer__scratch__mit-b2__in_rover__seed1416__gpu_full__99146410__git3e52372c__codebebd8b2d__20260717T090304272832Z,msl_ncam_nlb_565365464edr_f0670550ncam00385m1,test_msl,ALL,pixel_acc,0.9078484941349834,0,0,153367
segformer__scratch__mit-b2__in_rover__seed1416__gpu_full__99146410__git3e52372c__codebebd8b2d__20260717T090304272832Z,msl_ncam_nlb_565365464edr_f0670550ncam00385m1,test_msl,ALL,boundary_f1,0.43550394027374534,0,0,153367
segformer__scratch__mit-b2__in_rover__seed1416__gpu_full__99146410__git3e52372c__codebebd8b2d__20260717T090304272832Z,msl_ncam_nlb_565366137edr_f0670604ncam00257m1,test_msl,soil,iou,0.9220079537780446,61438,66635,66635
segformer__scratch__mit-b2__in_rover__seed1416__gpu_full__99146410__git3e52372c__codebebd8b2d__20260717T090304272832Z,msl_ncam_nlb_565366137edr_f0670604ncam00257m1,test_msl,bedrock,iou,0.0,0,5197,66635
segformer__scratch__mit-b2__in_rover__seed1416__gpu_full__99146410__git3e52372c__codebebd8b2d__20260717T090304272832Z,msl_ncam_nlb_565366137edr_f0670604ncam00257m1,test_msl,sand,iou,,0,0,66635
segformer__scratch__mit-b2__in_rover__seed1416__gpu_full__99146410__git3e52372c__codebebd8b2d__20260717T090304272832Z,msl_ncam_nlb_565366137edr_f0670604ncam00257m1,test_msl,big_rock,iou,,0,0,66635
segformer__scratch__mit-b2__in_rover__seed1416__gpu_full__99146410__git3e52372c__codebebd8b2d__20260717T090304272832Z,msl_ncam_nlb_565366137edr_f0670604ncam00257m1,test_msl,ALL,pixel_acc,0.9220079537780446,0,0,66635
segformer__scratch__mit-b2__in_rover__seed1416__gpu_full__99146410__git3e52372c__codebebd8b2d__20260717T090304272832Z,msl_ncam_nlb_565366137edr_f0670604ncam00257m1,test_msl,ALL,boundary_f1,0.42423349056603776,0,0,66635
segformer__scratch__mit-b2__in_rover__seed1416__gpu_full__99146410__git3e52372c__codebebd8b2d__20260717T090304272832Z,msl_ncam_nlb_565367106edr_f0670650ncam00353m1,test_msl,soil,iou,0.48127465319328105,10859,22563,22563
segformer__scratch__mit-b2__in_rover__seed1416__gpu_full__99146410__git3e52372c__codebebd8b2d__20260717T090304272832Z,msl_ncam_nlb_565367106edr_f0670650ncam00353m1,test_msl,bedrock,iou,0.0,0,11704,22563
segformer__scratch__mit-b2__in_rover__seed1416__gpu_full__99146410__git3e52372c__codebebd8b2d__20260717T090304272832Z,msl_ncam_nlb_565367106edr_f0670650ncam00353m1,test_msl,sand,iou,,0,0,22563
segformer__scratch__mit-b2__in_rover__seed1416__gpu_full__99146410__git3e52372c__codebebd8b2d__20260717T090304272832Z,msl_ncam_nlb_565367106edr_f0670650ncam00353m1,test_msl,big_rock,iou,,0,0,22563
segformer__scratch__mit-b2__in_rover__seed1416__gpu_full__99146410__git3e52372c__codebebd8b2d__20260717T090304272832Z,msl_ncam_nlb_565367106edr_f0670650ncam00353m1,test_msl,ALL,pixel_acc,0.48127465319328105,0,0,22563
segformer__scratch__mit-b2__in_rover__seed1416__gpu_full__99146410__git3e52372c__codebebd8b2d__20260717T090304272832Z,msl_ncam_nlb_565367106edr_f0670650ncam00353m1,test_msl,ALL,boundary_f1,0.32476190476190475,0,0,22563
segformer__scratch__mit-b2__in_rover__seed1416__gpu_full__99146410__git3e52372c__codebebd8b2d__20260717T090304272832Z,msl_ncam_nlb_565373114edr_f0670650ncam12753m1,test_msl,soil,iou,1.0,145604,145604,145604
segformer__scratch__mit-b2__in_rover__seed1416__gpu_full__99146410__git3e52372c__codebebd8b2d__20260717T090304272832Z,msl_ncam_nlb_565373114edr_f0670650ncam12753m1,test_msl,bedrock,iou,,0,0,145604
segformer__scratch__mit-b2__in_rover__seed1416__gpu_full__99146410__git3e52372c__codebebd8b2d__20260717T090304272832Z,msl_ncam_nlb_565373114edr_f0670650ncam12753m1,test_msl,sand,iou,,0,0,145604
segformer__scratch__mit-b2__in_rover__seed1416__gpu_full__99146410__git3e52372c__codebebd8b2d__20260717T090304272832Z,msl_ncam_nlb_565373114edr_f0670650ncam12753m1,test_msl,big_rock,iou,,0,0,145604
segformer__scratch__mit-b2__in_rover__seed1416__gpu_full__99146410__git3e52372c__codebebd8b2d__20260717T090304272832Z,msl_ncam_nlb_565373114edr_f0670650ncam12753m1,test_msl,ALL,pixel_acc,1.0,0,0,145604
segformer__scratch__mit-b2__in_rover__seed1416__gpu_full__99146410__git3e52372c__codebebd8b2d__20260717T090304272832Z,msl_ncam_nlb_565373114edr_f0670650ncam12753m1,test_msl,ALL,boundary_f1,1.0,0,0,145604
segformer__scratch__mit-b2__in_rover__seed1416__gpu_full__99146410__git3e52372c__codebebd8b2d__20260717T090304272832Z,msl_ncam_nlb_565373298edr_f0670650ncam12753m1,test_msl,soil,iou,0.9527008868583714,35450,37210,37349
segformer__scratch__mit-b2__in_rover__seed1416__gpu_full__99146410__git3e52372c__codebebd8b2d__20260717T090304272832Z,msl_ncam_nlb_565373298edr_f0670650ncam12753m1,test_msl,bedrock,iou,0.07319641916798315,139,1899,37349
segformer__scratch__mit-b2__in_rover__seed1416__gpu_full__99146410__git3e52372c__codebebd8b2d__20260717T090304272832Z,msl_ncam_nlb_565373298edr_f0670650ncam12753m1,test_msl,sand,iou,,0,0,37349
segformer__scratch__mit-b2__in_rover__seed1416__gpu_full__99146410__git3e52372c__codebebd8b2d__20260717T090304272832Z,msl_ncam_nlb_565373298edr_f0670650ncam12753m1,test_msl,big_rock,iou,,0,0,37349
segformer__scratch__mit-b2__in_rover__seed1416__gpu_full__99146410__git3e52372c__codebebd8b2d__20260717T090304272832Z,msl_ncam_nlb_565373298edr_f0670650ncam12753m1,test_msl,ALL,pixel_acc,0.9528769177220273,0,0,37349
segformer__scratch__mit-b2__in_rover__seed1416__gpu_full__99146410__git3e52372c__codebebd8b2d__20260717T090304272832Z,msl_ncam_nlb_565373298edr_f0670650ncam12753m1,test_msl,ALL,boundary_f1,0.5791138891375303,0,0,37349
segformer__scratch__mit-b2__in_rover__seed1416__gpu_full__99146410__git3e52372c__codebebd8b2d__20260717T090304272832Z,msl_ncam_nlb_565373360edr_f0670650ncam12753m1,test_msl,soil,iou,0.8866525854015191,43657,49238,50543
segformer__scratch__mit-b2__in_rover__seed1416__gpu_full__99146410__git3e52372c__codebebd8b2d__20260717T090304272832Z,msl_ncam_nlb_565373360edr_f0670650ncam12753m1,test_msl,bedrock,iou,0.1895149578855649,1305,6886,50543
segformer__scratch__mit-b2__in_rover__seed1416__gpu_full__99146410__git3e52372c__codebebd8b2d__20260717T090304272832Z,msl_ncam_nlb_565373360edr_f0670650ncam12753m1,test_msl,sand,iou,,0,0,50543
segformer__scratch__mit-b2__in_rover__seed1416__gpu_full__99146410__git3e52372c__codebebd8b2d__20260717T090304272832Z,msl_ncam_nlb_565373360edr_f0670650ncam12753m1,test_msl,big_rock,iou,,0,0,50543
segformer__scratch__mit-b2__in_rover__seed1416__gpu_full__99146410__git3e52372c__codebebd8b2d__20260717T090304272832Z,msl_ncam_nlb_565373360edr_f0670650ncam12753m1,test_msl,ALL,pixel_acc,0.8895791702115031,0,0,50543
segformer__scratch__mit-b2__in_rover__seed1416__gpu_full__99146410__git3e52372c__codebebd8b2d__20260717T090304272832Z,msl_ncam_nlb_565373360edr_f0670650ncam12753m1,test_msl,ALL,boundary_f1,0.4555747860196247,0,0,50543
segformer__scratch__mit-b2__in_rover__seed1416__gpu_full__99146410__git3e52372c__codebebd8b2d__20260717T090304272832Z,msl_ncam_nlb_565373417edr_f0670650ncam12753m1,test_msl,soil,iou,0.9456890219786429,66951,70796,70796
segformer__scratch__mit-b2__in_rover__seed1416__gpu_full__99146410__git3e52372c__codebebd8b2d__20260717T090304272832Z,msl_ncam_nlb_565373417edr_f0670650ncam12753m1,test_msl,bedrock,iou,0.0,0,3845,70796
segformer__scratch__mit-b2__in_rover__seed1416__gpu_full__99146410__git3e52372c__codebebd8b2d__20260717T090304272832Z,msl_ncam_nlb_565373417edr_f0670650ncam12753m1,test_msl,sand,iou,,0,0,70796
segformer__scratch__mit-b2__in_rover__seed1416__gpu_full__99146410__git3e52372c__codebebd8b2d__20260717T090304272832Z,msl_ncam_nlb_565373417edr_f0670650ncam12753m1,test_msl,big_rock,iou,,0,0,70796
segformer__scratch__mit-b2__in_rover__seed1416__gpu_full__99146410__git3e52372c__codebebd8b2d__20260717T090304272832Z,msl_ncam_nlb_565373417edr_f0670650ncam12753m1,test_msl,ALL,pixel_acc,0.9456890219786429,0,0,70796
segformer__scratch__mit-b2__in_rover__seed1416__gpu_full__99146410__git3e52372c__codebebd8b2d__20260717T090304272832Z,msl_ncam_nlb_565373417edr_f0670650ncam12753m1,test_msl,ALL,boundary_f1,0.46806459387804294,0,0,70796
segformer__scratch__mit-b2__in_rover__seed1416__gpu_full__99146410__git3e52372c__codebebd8b2d__20260717T090304272832Z,msl_ncam_nlb_565373904edr_f0670650ccam15903m1,test_msl,soil,iou,,0,0,0
segformer__scratch__mit-b2__in_rover__seed1416__gpu_full__99146410__git3e52372c__codebebd8b2d__20260717T090304272832Z,msl_ncam_nlb_565373904edr_f0670650ccam15903m1,test_msl,bedrock,iou,,0,0,0
segformer__scratch__mit-b2__in_rover__seed1416__gpu_full__99146410__git3e52372c__codebebd8b2d__20260717T090304272832Z,msl_ncam_nlb_565373904edr_f0670650ccam15903m1,test_msl,sand,iou,,0,0,0
segformer__scratch__mit-b2__in_rover__seed1416__gpu_full__99146410__git3e52372c__codebebd8b2d__20260717T090304272832Z,msl_ncam_nlb_565373904edr_f0670650ccam15903m1,test_msl,big_rock,iou,,0,0,0
segformer__scratch__mit-b2__in_rover__seed1416__gpu_full__99146410__git3e52372c__codebebd8b2d__20260717T090304272832Z,msl_ncam_nlb_565373904edr_f0670650ccam15903m1,test_msl,ALL,pixel_acc,,0,0,0
segformer__scratch__mit-b2__in_rover__seed1416__gpu_full__99146410__git3e52372c__codebebd8b2d__20260717T090304272832Z,msl_ncam_nlb_565373904edr_f0670650ccam15903m1,test_msl,ALL,boundary_f1,,0,0,0
segformer__scratch__mit-b2__in_rover__seed1416__gpu_full__99146410__git3e52372c__codebebd8b2d__20260717T090304272832Z,msl_ncam_nlb_565810401edr_f0670962ncam00386m1,test_msl,soil,iou,1.0,251102,251102,251102
segformer__scratch__mit-b2__in_rover__seed1416__gpu_full__99146410__git3e52372c__codebebd8b2d__20260717T090304272832Z,msl_ncam_nlb_565810401edr_f0670962ncam00386m1,test_msl,bedrock,iou,,0,0,251102
segformer__scratch__mit-b2__in_rover__seed1416__gpu_full__99146410__git3e52372c__codebebd8b2d__20260717T090304272832Z,msl_ncam_nlb_565810401edr_f0670962ncam00386m1,test_msl,sand,iou,,0,0,251102
segformer__scratch__mit-b2__in_rover__seed1416__gpu_full__99146410__git3e52372c__codebebd8b2d__20260717T090304272832Z,msl_ncam_nlb_565810401edr_f0670962ncam00386m1,test_msl,big_rock,iou,,0,0,251102
segformer__scratch__mit-b2__in_rover__seed1416__gpu_full__99146410__git3e52372c__codebebd8b2d__20260717T090304272832Z,msl_ncam_nlb_565810401edr_f0670962ncam00386m1,test_msl,ALL,pixel_acc,1.0,0,0,251102
segformer__scratch__mit-b2__in_rover__seed1416__gpu_full__99146410__git3e52372c__codebebd8b2d__20260717T090304272832Z,msl_ncam_nlb_565810401edr_f0670962ncam00386m1,test_msl,ALL,boundary_f1,1.0,0,0,251102
segformer__scratch__mit-b2__in_rover__seed1416__gpu_full__99146410__git3e52372c__codebebd8b2d__20260717T090304272832Z,msl_ncam_nlb_565811189edr_f0671016ncam00353m1,test_msl,soil,iou,,0,0,0
segformer__scratch__mit-b2__in_rover__seed1416__gpu_full__99146410__git3e52372c__codebebd8b2d__20260717T090304272832Z,msl_ncam_nlb_565811189edr_f0671016ncam00353m1,test_msl,bedrock,iou,,0,0,0
segformer__scratch__mit-b2__in_rover__seed1416__gpu_full__99146410__git3e52372c__codebebd8b2d__20260717T090304272832Z,msl_ncam_nlb_565811189edr_f0671016ncam00353m1,test_msl,sand,iou,,0,0,0
segformer__scratch__mit-b2__in_rover__seed1416__gpu_full__99146410__git3e52372c__codebebd8b2d__20260717T090304272832Z,msl_ncam_nlb_565811189edr_f0671016ncam00353m1,test_msl,big_rock,iou,,0,0,0
segformer__scratch__mit-b2__in_rover__seed1416__gpu_full__99146410__git3e52372c__codebebd8b2d__20260717T090304272832Z,msl_ncam_nlb_565811189edr_f0671016ncam00353m1,test_msl,ALL,pixel_acc,,0,0,0
segformer__scratch__mit-b2__in_rover__seed1416__gpu_full__99146410__git3e52372c__codebebd8b2d__20260717T090304272832Z,msl_ncam_nlb_565811189edr_f0671016ncam00353m1,test_msl,ALL,boundary_f1,,0,0,0
segformer__scratch__mit-b2__in_rover__seed1416__gpu_full__99146410__git3e52372c__codebebd8b2d__20260717T090304272832Z,msl_ncam_nlb_565811345edr_f0671016ncam00261m1,test_msl,soil,iou,1.0,108477,108477,108477
segformer__scratch__mit-b2__in_rover__seed1416__gpu_full__99146410__git3e52372c__codebebd8b2d__20260717T090304272832Z,msl_ncam_nlb_565811345edr_f0671016ncam00261m1,test_msl,bedrock,iou,,0,0,108477
segformer__scratch__mit-b2__in_rover__seed1416__gpu_full__99146410__git3e52372c__codebebd8b2d__20260717T090304272832Z,msl_ncam_nlb_565811345edr_f0671016ncam00261m1,test_msl,sand,iou,,0,0,108477
segformer__scratch__mit-b2__in_rover__seed1416__gpu_full__99146410__git3e52372c__codebebd8b2d__20260717T090304272832Z,msl_ncam_nlb_565811345edr_f0671016ncam00261m1,test_msl,big_rock,iou,,0,0,108477
segformer__scratch__mit-b2__in_rover__seed1416__gpu_full__99146410__git3e52372c__codebebd8b2d__20260717T090304272832Z,msl_ncam_nlb_565811345edr_f0671016ncam00261m1,test_msl,ALL,pixel_acc,1.0,0,0,108477
segformer__scratch__mit-b2__in_rover__seed1416__gpu_full__99146410__git3e52372c__codebebd8b2d__20260717T090304272832Z,msl_ncam_nlb_565811345edr_f0671016ncam00261m1,test_msl,ALL,boundary_f1,1.0,0,0,108477
segformer__scratch__mit-b2__in_rover__seed1416__gpu_full__99146410__git3e52372c__codebebd8b2d__20260717T090304272832Z,msl_ncam_nlb_565811572edr_f0671016ncam00261m1,test_msl,soil,iou,0.9899683603201191,106382,107460,107460
segformer__scratch__mit-b2__in_rover__seed1416__gpu_full__99146410__git3e52372c__codebebd8b2d__20260717T090304272832Z,msl_ncam_nlb_565811572edr_f0671016ncam00261m1,test_msl,bedrock,iou,0.0,0,1078,107460
segformer__scratch__mit-b2__in_rover__seed1416__gpu_full__99146410__git3e52372c__codebebd8b2d__20260717T090304272832Z,msl_ncam_nlb_565811572edr_f0671016ncam00261m1,test_msl,sand,iou,,0,0,107460
segformer__scratch__mit-b2__in_rover__seed1416__gpu_full__99146410__git3e52372c__codebebd8b2d__20260717T090304272832Z,msl_ncam_nlb_565811572edr_f0671016ncam00261m1,test_msl,big_rock,iou,,0,0,107460
segformer__scratch__mit-b2__in_rover__seed1416__gpu_full__99146410__git3e52372c__codebebd8b2d__20260717T090304272832Z,msl_ncam_nlb_565811572edr_f0671016ncam00261m1,test_msl,ALL,pixel_acc,0.9899683603201191,0,0,107460
segformer__scratch__mit-b2__in_rover__seed1416__gpu_full__99146410__git3e52372c__codebebd8b2d__20260717T090304272832Z,msl_ncam_nlb_565811572edr_f0671016ncam00261m1,test_msl,ALL,boundary_f1,0.4807649043869516,0,0,107460
segformer__scratch__mit-b2__in_rover__seed1416__gpu_full__99146410__git3e52372c__codebebd8b2d__20260717T090304272832Z,msl_ncam_nlb_565811686edr_f0671016ncam00261m1,test_msl,soil,iou,0.997554298229604,54656,54790,54790
segformer__scratch__mit-b2__in_rover__seed1416__gpu_full__99146410__git3e52372c__codebebd8b2d__20260717T090304272832Z,msl_ncam_nlb_565811686edr_f0671016ncam00261m1,test_msl,bedrock,iou,,0,0,54790
segformer__scratch__mit-b2__in_rover__seed1416__gpu_full__99146410__git3e52372c__codebebd8b2d__20260717T090304272832Z,msl_ncam_nlb_565811686edr_f0671016ncam00261m1,test_msl,sand,iou,0.0,0,134,54790
segformer__scratch__mit-b2__in_rover__seed1416__gpu_full__99146410__git3e52372c__codebebd8b2d__20260717T090304272832Z,msl_ncam_nlb_565811686edr_f0671016ncam00261m1,test_msl,big_rock,iou,,0,0,54790
segformer__scratch__mit-b2__in_rover__seed1416__gpu_full__99146410__git3e52372c__codebebd8b2d__20260717T090304272832Z,msl_ncam_nlb_565811686edr_f0671016ncam00261m1,test_msl,ALL,pixel_acc,0.997554298229604,0,0,54790
segformer__scratch__mit-b2__in_rover__seed1416__gpu_full__99146410__git3e52372c__codebebd8b2d__20260717T090304272832Z,msl_ncam_nlb_565811686edr_f0671016ncam00261m1,test_msl,ALL,boundary_f1,0.49759066221650683,0,0,54790
segformer__scratch__mit-b2__in_rover__seed1416__gpu_full__99146410__git3e52372c__codebebd8b2d__20260717T090304272832Z,msl_ncam_nlb_565812047edr_f0671016ncam00312m1,test_msl,soil,iou,1.0,188747,188747,188747
segformer__scratch__mit-b2__in_rover__seed1416__gpu_full__99146410__git3e52372c__codebebd8b2d__20260717T090304272832Z,msl_ncam_nlb_565812047edr_f0671016ncam00312m1,test_msl,bedrock,iou,,0,0,188747
segformer__scratch__mit-b2__in_rover__seed1416__gpu_full__99146410__git3e52372c__codebebd8b2d__20260717T090304272832Z,msl_ncam_nlb_565812047edr_f0671016ncam00312m1,test_msl,sand,iou,,0,0,188747
segformer__scratch__mit-b2__in_rover__seed1416__gpu_full__99146410__git3e52372c__codebebd8b2d__20260717T090304272832Z,msl_ncam_nlb_565812047edr_f0671016ncam00312m1,test_msl,big_rock,iou,,0,0,188747
segformer__scratch__mit-b2__in_rover__seed1416__gpu_full__99146410__git3e52372c__codebebd8b2d__20260717T090304272832Z,msl_ncam_nlb_565812047edr_f0671016ncam00312m1,test_msl,ALL,pixel_acc,1.0,0,0,188747
segformer__scratch__mit-b2__in_rover__seed1416__gpu_full__99146410__git3e52372c__codebebd8b2d__20260717T090304272832Z,msl_ncam_nlb_565812047edr_f0671016ncam00312m1,test_msl,ALL,boundary_f1,1.0,0,0,188747
segformer__scratch__mit-b2__in_rover__seed1416__gpu_full__99146410__git3e52372c__codebebd8b2d__20260717T090304272832Z,msl_ncam_nlb_570072657edr_f0672848ncam00385m1,test_msl,soil,iou,,0,0,0
segformer__scratch__mit-b2__in_rover__seed1416__gpu_full__99146410__git3e52372c__codebebd8b2d__20260717T090304272832Z,msl_ncam_nlb_570072657edr_f0672848ncam00385m1,test_msl,bedrock,iou,,0,0,0
segformer__scratch__mit-b2__in_rover__seed1416__gpu_full__99146410__git3e52372c__codebebd8b2d__20260717T090304272832Z,msl_ncam_nlb_570072657edr_f0672848ncam00385m1,test_msl,sand,iou,,0,0,0
segformer__scratch__mit-b2__in_rover__seed1416__gpu_full__99146410__git3e52372c__codebebd8b2d__20260717T090304272832Z,msl_ncam_nlb_570072657edr_f0672848ncam00385m1,test_msl,big_rock,iou,,0,0,0
segformer__scratch__mit-b2__in_rover__seed1416__gpu_full__99146410__git3e52372c__codebebd8b2d__20260717T090304272832Z,msl_ncam_nlb_570072657edr_f0672848ncam00385m1,test_msl,ALL,pixel_acc,,0,0,0
segformer__scratch__mit-b2__in_rover__seed1416__gpu_full__99146410__git3e52372c__codebebd8b2d__20260717T090304272832Z,msl_ncam_nlb_570072657edr_f0672848ncam00385m1,test_msl,ALL,boundary_f1,,0,0,0
segformer__scratch__mit-b2__in_rover__seed1416__gpu_full__99146410__git3e52372c__codebebd8b2d__20260717T090304272832Z,msl_ncam_nlb_570073321edr_f0672884ncam00375m1,test_msl,soil,iou,0.9239128239310025,137226,148527,148527
segformer__scratch__mit-b2__in_rover__seed1416__gpu_full__99146410__git3e52372c__codebebd8b2d__20260717T090304272832Z,msl_ncam_nlb_570073321edr_f0672884ncam00375m1,test_msl,bedrock,iou,,0,0,148527
segformer__scratch__mit-b2__in_rover__seed1416__gpu_full__99146410__git3e52372c__codebebd8b2d__20260717T090304272832Z,msl_ncam_nlb_570073321edr_f0672884ncam00375m1,test_msl,sand,iou,0.0,0,11301,148527
segformer__scratch__mit-b2__in_rover__seed1416__gpu_full__99146410__git3e52372c__codebebd8b2d__20260717T090304272832Z,msl_ncam_nlb_570073321edr_f0672884ncam00375m1,test_msl,big_rock,iou,,0,0,148527
segformer__scratch__mit-b2__in_rover__seed1416__gpu_full__99146410__git3e52372c__codebebd8b2d__20260717T090304272832Z,msl_ncam_nlb_570073321edr_f0672884ncam00375m1,test_msl,ALL,pixel_acc,0.9239128239310025,0,0,148527
segformer__scratch__mit-b2__in_rover__seed1416__gpu_full__99146410__git3e52372c__codebebd8b2d__20260717T090304272832Z,msl_ncam_nlb_570073321edr_f0672884ncam00375m1,test_msl,ALL,boundary_f1,0.4112402033207824,0,0,148527
segformer__scratch__mit-b2__in_rover__seed1416__gpu_full__99146410__git3e52372c__codebebd8b2d__20260717T090304272832Z,msl_ncam_nlb_570073400edr_f0672884ncam00284m1,test_msl,soil,iou,0.5787778852740331,81959,141607,141607
segformer__scratch__mit-b2__in_rover__seed1416__gpu_full__99146410__git3e52372c__codebebd8b2d__20260717T090304272832Z,msl_ncam_nlb_570073400edr_f0672884ncam00284m1,test_msl,bedrock,iou,,0,0,141607
segformer__scratch__mit-b2__in_rover__seed1416__gpu_full__99146410__git3e52372c__codebebd8b2d__20260717T090304272832Z,msl_ncam_nlb_570073400edr_f0672884ncam00284m1,test_msl,sand,iou,0.0,0,59583,141607
segformer__scratch__mit-b2__in_rover__seed1416__gpu_full__99146410__git3e52372c__codebebd8b2d__20260717T090304272832Z,msl_ncam_nlb_570073400edr_f0672884ncam00284m1,test_msl,big_rock,iou,0.0,0,65,141607
segformer__scratch__mit-b2__in_rover__seed1416__gpu_full__99146410__git3e52372c__codebebd8b2d__20260717T090304272832Z,msl_ncam_nlb_570073400edr_f0672884ncam00284m1,test_msl,ALL,pixel_acc,0.5787778852740331,0,0,141607
segformer__scratch__mit-b2__in_rover__seed1416__gpu_full__99146410__git3e52372c__codebebd8b2d__20260717T090304272832Z,msl_ncam_nlb_570073400edr_f0672884ncam00284m1,test_msl,ALL,boundary_f1,0.13849906891700095,0,0,141607
segformer__scratch__mit-b2__in_rover__seed1416__gpu_full__99146410__git3e52372c__codebebd8b2d__20260717T090304272832Z,msl_ncam_nlb_570073456edr_f0672884ncam00284m1,test_msl,soil,iou,0.9944966045303314,87281,87764,96552
segformer__scratch__mit-b2__in_rover__seed1416__gpu_full__99146410__git3e52372c__codebebd8b2d__20260717T090304272832Z,msl_ncam_nlb_570073456edr_f0672884ncam00284m1,test_msl,bedrock,iou,0.947902060187682,8788,9271,96552
segformer__scratch__mit-b2__in_rover__seed1416__gpu_full__99146410__git3e52372c__codebebd8b2d__20260717T090304272832Z,msl_ncam_nlb_570073456edr_f0672884ncam00284m1,test_msl,sand,iou,,0,0,96552
segformer__scratch__mit-b2__in_rover__seed1416__gpu_full__99146410__git3e52372c__codebebd8b2d__20260717T090304272832Z,msl_ncam_nlb_570073456edr_f0672884ncam00284m1,test_msl,big_rock,iou,,0,0,96552
segformer__scratch__mit-b2__in_rover__seed1416__gpu_full__99146410__git3e52372c__codebebd8b2d__20260717T090304272832Z,msl_ncam_nlb_570073456edr_f0672884ncam00284m1,test_msl,ALL,pixel_acc,0.9949975142928164,0,0,96552
segformer__scratch__mit-b2__in_rover__seed1416__gpu_full__99146410__git3e52372c__codebebd8b2d__20260717T090304272832Z,msl_ncam_nlb_570073456edr_f0672884ncam00284m1,test_msl,ALL,boundary_f1,0.9202279583312327,0,0,96552
segformer__scratch__mit-b2__in_rover__seed1416__gpu_full__99146410__git3e52372c__codebebd8b2d__20260717T090304272832Z,msl_ncam_nlb_570074025edr_f0672884ncam00285m1,test_msl,soil,iou,0.35269925555729087,6775,19209,105810
segformer__scratch__mit-b2__in_rover__seed1416__gpu_full__99146410__git3e52372c__codebebd8b2d__20260717T090304272832Z,msl_ncam_nlb_570074025edr_f0672884ncam00285m1,test_msl,bedrock,iou,0.974353683003726,84988,87225,105810
segformer__scratch__mit-b2__in_rover__seed1416__gpu_full__99146410__git3e52372c__codebebd8b2d__20260717T090304272832Z,msl_ncam_nlb_570074025edr_f0672884ncam00285m1,test_msl,sand,iou,0.0,0,11810,105810
segformer__scratch__mit-b2__in_rover__seed1416__gpu_full__99146410__git3e52372c__codebebd8b2d__20260717T090304272832Z,msl_ncam_nlb_570074025edr_f0672884ncam00285m1,test_msl,big_rock,iou,0.0,0,1613,105810
segformer__scratch__mit-b2__in_rover__seed1416__gpu_full__99146410__git3e52372c__codebebd8b2d__20260717T090304272832Z,msl_ncam_nlb_570074025edr_f0672884ncam00285m1,test_msl,ALL,pixel_acc,0.8672431717228996,0,0,105810
segformer__scratch__mit-b2__in_rover__seed1416__gpu_full__99146410__git3e52372c__codebebd8b2d__20260717T090304272832Z,msl_ncam_nlb_570074025edr_f0672884ncam00285m1,test_msl,ALL,boundary_f1,0.35499276188590145,0,0,105810
segformer__scratch__mit-b2__in_rover__seed1416__gpu_full__99146410__git3e52372c__codebebd8b2d__20260717T090304272832Z,msl_ncam_nlb_570074144edr_f0672884ncam00285m1,test_msl,soil,iou,0.0,0,14959,14959
segformer__scratch__mit-b2__in_rover__seed1416__gpu_full__99146410__git3e52372c__codebebd8b2d__20260717T090304272832Z,msl_ncam_nlb_570074144edr_f0672884ncam00285m1,test_msl,bedrock,iou,0.0,0,14959,14959
segformer__scratch__mit-b2__in_rover__seed1416__gpu_full__99146410__git3e52372c__codebebd8b2d__20260717T090304272832Z,msl_ncam_nlb_570074144edr_f0672884ncam00285m1,test_msl,sand,iou,,0,0,14959
segformer__scratch__mit-b2__in_rover__seed1416__gpu_full__99146410__git3e52372c__codebebd8b2d__20260717T090304272832Z,msl_ncam_nlb_570074144edr_f0672884ncam00285m1,test_msl,big_rock,iou,,0,0,14959
segformer__scratch__mit-b2__in_rover__seed1416__gpu_full__99146410__git3e52372c__codebebd8b2d__20260717T090304272832Z,msl_ncam_nlb_570074144edr_f0672884ncam00285m1,test_msl,ALL,pixel_acc,0.0,0,0,14959
segformer__scratch__mit-b2__in_rover__seed1416__gpu_full__99146410__git3e52372c__codebebd8b2d__20260717T090304272832Z,msl_ncam_nlb_570074144edr_f0672884ncam00285m1,test_msl,ALL,boundary_f1,0.0,0,0,14959
segformer__scratch__mit-b2__in_rover__seed1416__gpu_full__99146410__git3e52372c__codebebd8b2d__20260717T090304272832Z,msl_ncam_nlb_570074258edr_f0672884ncam00285m1,test_msl,soil,iou,0.09353109006738679,8425,90077,90077
segformer__scratch__mit-b2__in_rover__seed1416__gpu_full__99146410__git3e52372c__codebebd8b2d__20260717T090304272832Z,msl_ncam_nlb_570074258edr_f0672884ncam00285m1,test_msl,bedrock,iou,,0,0,90077
segformer__scratch__mit-b2__in_rover__seed1416__gpu_full__99146410__git3e52372c__codebebd8b2d__20260717T090304272832Z,msl_ncam_nlb_570074258edr_f0672884ncam00285m1,test_msl,sand,iou,0.0,0,81652,90077
segformer__scratch__mit-b2__in_rover__seed1416__gpu_full__99146410__git3e52372c__codebebd8b2d__20260717T090304272832Z,msl_ncam_nlb_570074258edr_f0672884ncam00285m1,test_msl,big_rock,iou,,0,0,90077
segformer__scratch__mit-b2__in_rover__seed1416__gpu_full__99146410__git3e52372c__codebebd8b2d__20260717T090304272832Z,msl_ncam_nlb_570074258edr_f0672884ncam00285m1,test_msl,ALL,pixel_acc,0.09353109006738679,0,0,90077
segformer__scratch__mit-b2__in_rover__seed1416__gpu_full__99146410__git3e52372c__codebebd8b2d__20260717T090304272832Z,msl_ncam_nlb_570074258edr_f0672884ncam00285m1,test_msl,ALL,boundary_f1,0.17596383553585704,0,0,90077
segformer__scratch__mit-b2__in_rover__seed1416__gpu_full__99146410__git3e52372c__codebebd8b2d__20260717T090304272832Z,msl_ncam_nlb_574061102edr_f0681232ncam00320m1,test_msl,soil,iou,1.0,26670,26670,26670
segformer__scratch__mit-b2__in_rover__seed1416__gpu_full__99146410__git3e52372c__codebebd8b2d__20260717T090304272832Z,msl_ncam_nlb_574061102edr_f0681232ncam00320m1,test_msl,bedrock,iou,,0,0,26670
segformer__scratch__mit-b2__in_rover__seed1416__gpu_full__99146410__git3e52372c__codebebd8b2d__20260717T090304272832Z,msl_ncam_nlb_574061102edr_f0681232ncam00320m1,test_msl,sand,iou,,0,0,26670
segformer__scratch__mit-b2__in_rover__seed1416__gpu_full__99146410__git3e52372c__codebebd8b2d__20260717T090304272832Z,msl_ncam_nlb_574061102edr_f0681232ncam00320m1,test_msl,big_rock,iou,,0,0,26670
segformer__scratch__mit-b2__in_rover__seed1416__gpu_full__99146410__git3e52372c__codebebd8b2d__20260717T090304272832Z,msl_ncam_nlb_574061102edr_f0681232ncam00320m1,test_msl,ALL,pixel_acc,1.0,0,0,26670
segformer__scratch__mit-b2__in_rover__seed1416__gpu_full__99146410__git3e52372c__codebebd8b2d__20260717T090304272832Z,msl_ncam_nlb_574061102edr_f0681232ncam00320m1,test_msl,ALL,boundary_f1,1.0,0,0,26670
segformer__scratch__mit-b2__in_rover__seed1416__gpu_full__99146410__git3e52372c__codebebd8b2d__20260717T090304272832Z,msl_ncam_nlb_574071379edr_f0681556ncam00379m1,test_msl,soil,iou,0.9273313310380192,12659,13651,116837
segformer__scratch__mit-b2__in_rover__seed1416__gpu_full__99146410__git3e52372c__codebebd8b2d__20260717T090304272832Z,msl_ncam_nlb_574071379edr_f0681556ncam00379m1,test_msl,bedrock,iou,0.9904778360114419,103186,104178,116837
segformer__scratch__mit-b2__in_rover__seed1416__gpu_full__99146410__git3e52372c__codebebd8b2d__20260717T090304272832Z,msl_ncam_nlb_574071379edr_f0681556ncam00379m1,test_msl,sand,iou,,0,0,116837
segformer__scratch__mit-b2__in_rover__seed1416__gpu_full__99146410__git3e52372c__codebebd8b2d__20260717T090304272832Z,msl_ncam_nlb_574071379edr_f0681556ncam00379m1,test_msl,big_rock,iou,,0,0,116837
segformer__scratch__mit-b2__in_rover__seed1416__gpu_full__99146410__git3e52372c__codebebd8b2d__20260717T090304272832Z,msl_ncam_nlb_574071379edr_f0681556ncam00379m1,test_msl,ALL,pixel_acc,0.9915095389303046,0,0,116837
segformer__scratch__mit-b2__in_rover__seed1416__gpu_full__99146410__git3e52372c__codebebd8b2d__20260717T090304272832Z,msl_ncam_nlb_574071379edr_f0681556ncam00379m1,test_msl,ALL,boundary_f1,0.844279826890933,0,0,116837
segformer__scratch__mit-b2__in_rover__seed1416__gpu_full__99146410__git3e52372c__codebebd8b2d__20260717T090304272832Z,msl_ncam_nlb_574072088edr_f0681616ncam00257m1,test_msl,soil,iou,,0,0,0
segformer__scratch__mit-b2__in_rover__seed1416__gpu_full__99146410__git3e52372c__codebebd8b2d__20260717T090304272832Z,msl_ncam_nlb_574072088edr_f0681616ncam00257m1,test_msl,bedrock,iou,,0,0,0
segformer__scratch__mit-b2__in_rover__seed1416__gpu_full__99146410__git3e52372c__codebebd8b2d__20260717T090304272832Z,msl_ncam_nlb_574072088edr_f0681616ncam00257m1,test_msl,sand,iou,,0,0,0
segformer__scratch__mit-b2__in_rover__seed1416__gpu_full__99146410__git3e52372c__codebebd8b2d__20260717T090304272832Z,msl_ncam_nlb_574072088edr_f0681616ncam00257m1,test_msl,big_rock,iou,,0,0,0
segformer__scratch__mit-b2__in_rover__seed1416__gpu_full__99146410__git3e52372c__codebebd8b2d__20260717T090304272832Z,msl_ncam_nlb_574072088edr_f0681616ncam00257m1,test_msl,ALL,pixel_acc,,0,0,0
segformer__scratch__mit-b2__in_rover__seed1416__gpu_full__99146410__git3e52372c__codebebd8b2d__20260717T090304272832Z,msl_ncam_nlb_574072088edr_f0681616ncam00257m1,test_msl,ALL,boundary_f1,,0,0,0
segformer__scratch__mit-b2__in_rover__seed1416__gpu_full__99146410__git3e52372c__codebebd8b2d__20260717T090304272832Z,msl_ncam_nlb_574078028edr_f0681626ncam00256m1,test_msl,soil,iou,,0,0,0
segformer__scratch__mit-b2__in_rover__seed1416__gpu_full__99146410__git3e52372c__codebebd8b2d__20260717T090304272832Z,msl_ncam_nlb_574078028edr_f0681626ncam00256m1,test_msl,bedrock,iou,,0,0,0
segformer__scratch__mit-b2__in_rover__seed1416__gpu_full__99146410__git3e52372c__codebebd8b2d__20260717T090304272832Z,msl_ncam_nlb_574078028edr_f0681626ncam00256m1,test_msl,sand,iou,,0,0,0
segformer__scratch__mit-b2__in_rover__seed1416__gpu_full__99146410__git3e52372c__codebebd8b2d__20260717T090304272832Z,msl_ncam_nlb_574078028edr_f0681626ncam00256m1,test_msl,big_rock,iou,,0,0,0
segformer__scratch__mit-b2__in_rover__seed1416__gpu_full__99146410__git3e52372c__codebebd8b2d__20260717T090304272832Z,msl_ncam_nlb_574078028edr_f0681626ncam00256m1,test_msl,ALL,pixel_acc,,0,0,0
segformer__scratch__mit-b2__in_rover__seed1416__gpu_full__99146410__git3e52372c__codebebd8b2d__20260717T090304272832Z,msl_ncam_nlb_574078028edr_f0681626ncam00256m1,test_msl,ALL,boundary_f1,,0,0,0
segformer__scratch__mit-b2__in_rover__seed1416__gpu_full__99146410__git3e52372c__codebebd8b2d__20260717T090304272832Z,msl_ncam_nlb_574078090edr_f0681626ncam00256m1,test_msl,soil,iou,1.0,2992,2992,2992
segformer__scratch__mit-b2__in_rover__seed1416__gpu_full__99146410__git3e52372c__codebebd8b2d__20260717T090304272832Z,msl_ncam_nlb_574078090edr_f0681626ncam00256m1,test_msl,bedrock,iou,,0,0,2992
segformer__scratch__mit-b2__in_rover__seed1416__gpu_full__99146410__git3e52372c__codebebd8b2d__20260717T090304272832Z,msl_ncam_nlb_574078090edr_f0681626ncam00256m1,test_msl,sand,iou,,0,0,2992
segformer__scratch__mit-b2__in_rover__seed1416__gpu_full__99146410__git3e52372c__codebebd8b2d__20260717T090304272832Z,msl_ncam_nlb_574078090edr_f0681626ncam00256m1,test_msl,big_rock,iou,,0,0,2992
segformer__scratch__mit-b2__in_rover__seed1416__gpu_full__99146410__git3e52372c__codebebd8b2d__20260717T090304272832Z,msl_ncam_nlb_574078090edr_f0681626ncam00256m1,test_msl,ALL,pixel_acc,1.0,0,0,2992
segformer__scratch__mit-b2__in_rover__seed1416__gpu_full__99146410__git3e52372c__codebebd8b2d__20260717T090304272832Z,msl_ncam_nlb_574078090edr_f0681626ncam00256m1,test_msl,ALL,boundary_f1,1.0,0,0,2992
segformer__scratch__mit-b2__in_rover__seed1416__gpu_full__99146410__git3e52372c__codebebd8b2d__20260717T090304272832Z,msl_ncam_nlb_574078155edr_f0681626ncam00256m1,test_msl,soil,iou,1.0,31502,31502,31502
segformer__scratch__mit-b2__in_rover__seed1416__gpu_full__99146410__git3e52372c__codebebd8b2d__20260717T090304272832Z,msl_ncam_nlb_574078155edr_f0681626ncam00256m1,test_msl,bedrock,iou,,0,0,31502
segformer__scratch__mit-b2__in_rover__seed1416__gpu_full__99146410__git3e52372c__codebebd8b2d__20260717T090304272832Z,msl_ncam_nlb_574078155edr_f0681626ncam00256m1,test_msl,sand,iou,,0,0,31502
segformer__scratch__mit-b2__in_rover__seed1416__gpu_full__99146410__git3e52372c__codebebd8b2d__20260717T090304272832Z,msl_ncam_nlb_574078155edr_f0681626ncam00256m1,test_msl,big_rock,iou,,0,0,31502
segformer__scratch__mit-b2__in_rover__seed1416__gpu_full__99146410__git3e52372c__codebebd8b2d__20260717T090304272832Z,msl_ncam_nlb_574078155edr_f0681626ncam00256m1,test_msl,ALL,pixel_acc,1.0,0,0,31502
segformer__scratch__mit-b2__in_rover__seed1416__gpu_full__99146410__git3e52372c__codebebd8b2d__20260717T090304272832Z,msl_ncam_nlb_574078155edr_f0681626ncam00256m1,test_msl,ALL,boundary_f1,1.0,0,0,31502
segformer__scratch__mit-b2__in_rover__seed1416__gpu_full__99146410__git3e52372c__codebebd8b2d__20260717T090304272832Z,msl_ncam_nlb_574078440edr_f0681626ncam00354m1,test_msl,soil,iou,,0,0,160997
segformer__scratch__mit-b2__in_rover__seed1416__gpu_full__99146410__git3e52372c__codebebd8b2d__20260717T090304272832Z,msl_ncam_nlb_574078440edr_f0681626ncam00354m1,test_msl,bedrock,iou,1.0,160997,160997,160997
segformer__scratch__mit-b2__in_rover__seed1416__gpu_full__99146410__git3e52372c__codebebd8b2d__20260717T090304272832Z,msl_ncam_nlb_574078440edr_f0681626ncam00354m1,test_msl,sand,iou,,0,0,160997
segformer__scratch__mit-b2__in_rover__seed1416__gpu_full__99146410__git3e52372c__codebebd8b2d__20260717T090304272832Z,msl_ncam_nlb_574078440edr_f0681626ncam00354m1,test_msl,big_rock,iou,,0,0,160997
segformer__scratch__mit-b2__in_rover__seed1416__gpu_full__99146410__git3e52372c__codebebd8b2d__20260717T090304272832Z,msl_ncam_nlb_574078440edr_f0681626ncam00354m1,test_msl,ALL,pixel_acc,1.0,0,0,160997
segformer__scratch__mit-b2__in_rover__seed1416__gpu_full__99146410__git3e52372c__codebebd8b2d__20260717T090304272832Z,msl_ncam_nlb_574078440edr_f0681626ncam00354m1,test_msl,ALL,boundary_f1,1.0,0,0,160997
segformer__scratch__mit-b2__in_rover__seed1416__gpu_full__99146410__git3e52372c__codebebd8b2d__20260717T090304272832Z,msl_ncam_nlb_574078554edr_f0681626ncam00354m1,test_msl,soil,iou,0.9925023009405796,44213,44547,59636
segformer__scratch__mit-b2__in_rover__seed1416__gpu_full__99146410__git3e52372c__codebebd8b2d__20260717T090304272832Z,msl_ncam_nlb_574078554edr_f0681626ncam00354m1,test_msl,bedrock,iou,0.9783440316410555,15089,15423,59636
segformer__scratch__mit-b2__in_rover__seed1416__gpu_full__99146410__git3e52372c__codebebd8b2d__20260717T090304272832Z,msl_ncam_nlb_574078554edr_f0681626ncam00354m1,test_msl,sand,iou,,0,0,59636
segformer__scratch__mit-b2__in_rover__seed1416__gpu_full__99146410__git3e52372c__codebebd8b2d__20260717T090304272832Z,msl_ncam_nlb_574078554edr_f0681626ncam00354m1,test_msl,big_rock,iou,,0,0,59636
segformer__scratch__mit-b2__in_rover__seed1416__gpu_full__99146410__git3e52372c__codebebd8b2d__20260717T090304272832Z,msl_ncam_nlb_574078554edr_f0681626ncam00354m1,test_msl,ALL,pixel_acc,0.9943993560936347,0,0,59636
segformer__scratch__mit-b2__in_rover__seed1416__gpu_full__99146410__git3e52372c__codebebd8b2d__20260717T090304272832Z,msl_ncam_nlb_574078554edr_f0681626ncam00354m1,test_msl,ALL,boundary_f1,0.9629275580442838,0,0,59636
segformer__scratch__mit-b2__in_rover__seed1416__gpu_full__99146410__git3e52372c__codebebd8b2d__20260717T090304272832Z,msl_ncam_nlb_574078665edr_f0681626ncam07753m1,test_msl,soil,iou,0.458238642512391,42344,92406,92466
segformer__scratch__mit-b2__in_rover__seed1416__gpu_full__99146410__git3e52372c__codebebd8b2d__20260717T090304272832Z,msl_ncam_nlb_574078665edr_f0681626ncam07753m1,test_msl,bedrock,iou,0.00119707912693029,60,50122,92466
segformer__scratch__mit-b2__in_rover__seed1416__gpu_full__99146410__git3e52372c__codebebd8b2d__20260717T090304272832Z,msl_ncam_nlb_574078665edr_f0681626ncam07753m1,test_msl,sand,iou,,0,0,92466
segformer__scratch__mit-b2__in_rover__seed1416__gpu_full__99146410__git3e52372c__codebebd8b2d__20260717T090304272832Z,msl_ncam_nlb_574078665edr_f0681626ncam07753m1,test_msl,big_rock,iou,,0,0,92466
segformer__scratch__mit-b2__in_rover__seed1416__gpu_full__99146410__git3e52372c__codebebd8b2d__20260717T090304272832Z,msl_ncam_nlb_574078665edr_f0681626ncam07753m1,test_msl,ALL,pixel_acc,0.45859018450024874,0,0,92466
segformer__scratch__mit-b2__in_rover__seed1416__gpu_full__99146410__git3e52372c__codebebd8b2d__20260717T090304272832Z,msl_ncam_nlb_574078665edr_f0681626ncam07753m1,test_msl,ALL,boundary_f1,0.39566690793742343,0,0,92466
segformer__scratch__mit-b2__in_rover__seed1416__gpu_full__99146410__git3e52372c__codebebd8b2d__20260717T090304272832Z,msl_ncam_nlb_574078735edr_f0681626ncam07753m1,test_msl,soil,iou,0.0,0,6554,13225
segformer__scratch__mit-b2__in_rover__seed1416__gpu_full__99146410__git3e52372c__codebebd8b2d__20260717T090304272832Z,msl_ncam_nlb_574078735edr_f0681626ncam07753m1,test_msl,bedrock,iou,0.5044234404536861,6671,13225,13225
segformer__scratch__mit-b2__in_rover__seed1416__gpu_full__99146410__git3e52372c__codebebd8b2d__20260717T090304272832Z,msl_ncam_nlb_574078735edr_f0681626ncam07753m1,test_msl,sand,iou,,0,0,13225
segformer__scratch__mit-b2__in_rover__seed1416__gpu_full__99146410__git3e52372c__codebebd8b2d__20260717T090304272832Z,msl_ncam_nlb_574078735edr_f0681626ncam07753m1,test_msl,big_rock,iou,,0,0,13225
segformer__scratch__mit-b2__in_rover__seed1416__gpu_full__99146410__git3e52372c__codebebd8b2d__20260717T090304272832Z,msl_ncam_nlb_574078735edr_f0681626ncam07753m1,test_msl,ALL,pixel_acc,0.5044234404536861,0,0,13225
segformer__scratch__mit-b2__in_rover__seed1416__gpu_full__99146410__git3e52372c__codebebd8b2d__20260717T090304272832Z,msl_ncam_nlb_574078735edr_f0681626ncam07753m1,test_msl,ALL,boundary_f1,0.19353446487114578,0,0,13225
segformer__scratch__mit-b2__in_rover__seed1416__gpu_full__99146410__git3e52372c__codebebd8b2d__20260717T090304272832Z,msl_ncam_nlb_577080310edr_f0691768ncam00320m1,test_msl,soil,iou,1.0,118491,118491,118491
segformer__scratch__mit-b2__in_rover__seed1416__gpu_full__99146410__git3e52372c__codebebd8b2d__20260717T090304272832Z,msl_ncam_nlb_577080310edr_f0691768ncam00320m1,test_msl,bedrock,iou,,0,0,118491
segformer__scratch__mit-b2__in_rover__seed1416__gpu_full__99146410__git3e52372c__codebebd8b2d__20260717T090304272832Z,msl_ncam_nlb_577080310edr_f0691768ncam00320m1,test_msl,sand,iou,,0,0,118491
segformer__scratch__mit-b2__in_rover__seed1416__gpu_full__99146410__git3e52372c__codebebd8b2d__20260717T090304272832Z,msl_ncam_nlb_577080310edr_f0691768ncam00320m1,test_msl,big_rock,iou,,0,0,118491
segformer__scratch__mit-b2__in_rover__seed1416__gpu_full__99146410__git3e52372c__codebebd8b2d__20260717T090304272832Z,msl_ncam_nlb_577080310edr_f0691768ncam00320m1,test_msl,ALL,pixel_acc,1.0,0,0,118491
segformer__scratch__mit-b2__in_rover__seed1416__gpu_full__99146410__git3e52372c__codebebd8b2d__20260717T090304272832Z,msl_ncam_nlb_577080310edr_f0691768ncam00320m1,test_msl,ALL,boundary_f1,1.0,0,0,118491
segformer__scratch__mit-b2__in_rover__seed1416__gpu_full__99146410__git3e52372c__codebebd8b2d__20260717T090304272832Z,msl_ncam_nlb_577089308edr_f0691828ncam00379m1,test_msl,soil,iou,,0,0,0
segformer__scratch__mit-b2__in_rover__seed1416__gpu_full__99146410__git3e52372c__codebebd8b2d__20260717T090304272832Z,msl_ncam_nlb_577089308edr_f0691828ncam00379m1,test_msl,bedrock,iou,,0,0,0
segformer__scratch__mit-b2__in_rover__seed1416__gpu_full__99146410__git3e52372c__codebebd8b2d__20260717T090304272832Z,msl_ncam_nlb_577089308edr_f0691828ncam00379m1,test_msl,sand,iou,,0,0,0
segformer__scratch__mit-b2__in_rover__seed1416__gpu_full__99146410__git3e52372c__codebebd8b2d__20260717T090304272832Z,msl_ncam_nlb_577089308edr_f0691828ncam00379m1,test_msl,big_rock,iou,,0,0,0
segformer__scratch__mit-b2__in_rover__seed1416__gpu_full__99146410__git3e52372c__codebebd8b2d__20260717T090304272832Z,msl_ncam_nlb_577089308edr_f0691828ncam00379m1,test_msl,ALL,pixel_acc,,0,0,0
segformer__scratch__mit-b2__in_rover__seed1416__gpu_full__99146410__git3e52372c__codebebd8b2d__20260717T090304272832Z,msl_ncam_nlb_577089308edr_f0691828ncam00379m1,test_msl,ALL,boundary_f1,,0,0,0
segformer__scratch__mit-b2__in_rover__seed1416__gpu_full__99146410__git3e52372c__codebebd8b2d__20260717T090304272832Z,msl_ncam_nlb_577089970edr_f0691858ncam00286m1,test_msl,soil,iou,0.8353242974194043,21817,26118,99131
segformer__scratch__mit-b2__in_rover__seed1416__gpu_full__99146410__git3e52372c__codebebd8b2d__20260717T090304272832Z,msl_ncam_nlb_577089970edr_f0691858ncam00286m1,test_msl,bedrock,iou,0.9448176924278795,66518,70403,99131
segformer__scratch__mit-b2__in_rover__seed1416__gpu_full__99146410__git3e52372c__codebebd8b2d__20260717T090304272832Z,msl_ncam_nlb_577089970edr_f0691858ncam00286m1,test_msl,sand,iou,0.9102308349957253,6388,7018,99131
segformer__scratch__mit-b2__in_rover__seed1416__gpu_full__99146410__git3e52372c__codebebd8b2d__20260717T090304272832Z,msl_ncam_nlb_577089970edr_f0691858ncam00286m1,test_msl,big_rock,iou,,0,0,99131
segformer__scratch__mit-b2__in_rover__seed1416__gpu_full__99146410__git3e52372c__codebebd8b2d__20260717T090304272832Z,msl_ncam_nlb_577089970edr_f0691858ncam00286m1,test_msl,ALL,pixel_acc,0.9555335868698994,0,0,99131
segformer__scratch__mit-b2__in_rover__seed1416__gpu_full__99146410__git3e52372c__codebebd8b2d__20260717T090304272832Z,msl_ncam_nlb_577089970edr_f0691858ncam00286m1,test_msl,ALL,boundary_f1,0.7487569646425666,0,0,99131
segformer__scratch__mit-b2__in_rover__seed1416__gpu_full__99146410__git3e52372c__codebebd8b2d__20260717T090304272832Z,msl_ncam_nlb_577090033edr_f0691858ncam00286m1,test_msl,soil,iou,0.5533216783216783,633,1144,49689
segformer__scratch__mit-b2__in_rover__seed1416__gpu_full__99146410__git3e52372c__codebebd8b2d__20260717T090304272832Z,msl_ncam_nlb_577090033edr_f0691858ncam00286m1,test_msl,bedrock,iou,0.9895833333333334,48545,49056,49689
segformer__scratch__mit-b2__in_rover__seed1416__gpu_full__99146410__git3e52372c__codebebd8b2d__20260717T090304272832Z,msl_ncam_nlb_577090033edr_f0691858ncam00286m1,test_msl,sand,iou,,0,0,49689
segformer__scratch__mit-b2__in_rover__seed1416__gpu_full__99146410__git3e52372c__codebebd8b2d__20260717T090304272832Z,msl_ncam_nlb_577090033edr_f0691858ncam00286m1,test_msl,big_rock,iou,,0,0,49689
segformer__scratch__mit-b2__in_rover__seed1416__gpu_full__99146410__git3e52372c__codebebd8b2d__20260717T090304272832Z,msl_ncam_nlb_577090033edr_f0691858ncam00286m1,test_msl,ALL,pixel_acc,0.9897160337297993,0,0,49689
segformer__scratch__mit-b2__in_rover__seed1416__gpu_full__99146410__git3e52372c__codebebd8b2d__20260717T090304272832Z,msl_ncam_nlb_577090033edr_f0691858ncam00286m1,test_msl,ALL,boundary_f1,0.8460900717759477,0,0,49689
segformer__scratch__mit-b2__in_rover__seed1416__gpu_full__99146410__git3e52372c__codebebd8b2d__20260717T090304272832Z,msl_ncam_nlb_577090148edr_f0691858ncam00286m1,test_msl,soil,iou,0.0,0,6250,7622
segformer__scratch__mit-b2__in_rover__seed1416__gpu_full__99146410__git3e52372c__codebebd8b2d__20260717T090304272832Z,msl_ncam_nlb_577090148edr_f0691858ncam00286m1,test_msl,bedrock,iou,0.180005247966413,1372,7622,7622
segformer__scratch__mit-b2__in_rover__seed1416__gpu_full__99146410__git3e52372c__codebebd8b2d__20260717T090304272832Z,msl_ncam_nlb_577090148edr_f0691858ncam00286m1,test_msl,sand,iou,,0,0,7622
segformer__scratch__mit-b2__in_rover__seed1416__gpu_full__99146410__git3e52372c__codebebd8b2d__20260717T090304272832Z,msl_ncam_nlb_577090148edr_f0691858ncam00286m1,test_msl,big_rock,iou,,0,0,7622
segformer__scratch__mit-b2__in_rover__seed1416__gpu_full__99146410__git3e52372c__codebebd8b2d__20260717T090304272832Z,msl_ncam_nlb_577090148edr_f0691858ncam00286m1,test_msl,ALL,pixel_acc,0.180005247966413,0,0,7622
segformer__scratch__mit-b2__in_rover__seed1416__gpu_full__99146410__git3e52372c__codebebd8b2d__20260717T090304272832Z,msl_ncam_nlb_577090148edr_f0691858ncam00286m1,test_msl,ALL,boundary_f1,0.24200426439232411,0,0,7622
segformer__scratch__mit-b2__in_rover__seed1416__gpu_full__99146410__git3e52372c__codebebd8b2d__20260717T090304272832Z,msl_ncam_nlb_577090437edr_f0691858ncam00312m1,test_msl,soil,iou,,0,0,91551
segformer__scratch__mit-b2__in_rover__seed1416__gpu_full__99146410__git3e52372c__codebebd8b2d__20260717T090304272832Z,msl_ncam_nlb_577090437edr_f0691858ncam00312m1,test_msl,bedrock,iou,,0,0,91551
segformer__scratch__mit-b2__in_rover__seed1416__gpu_full__99146410__git3e52372c__codebebd8b2d__20260717T090304272832Z,msl_ncam_nlb_577090437edr_f0691858ncam00312m1,test_msl,sand,iou,1.0,91551,91551,91551
segformer__scratch__mit-b2__in_rover__seed1416__gpu_full__99146410__git3e52372c__codebebd8b2d__20260717T090304272832Z,msl_ncam_nlb_577090437edr_f0691858ncam00312m1,test_msl,big_rock,iou,,0,0,91551
segformer__scratch__mit-b2__in_rover__seed1416__gpu_full__99146410__git3e52372c__codebebd8b2d__20260717T090304272832Z,msl_ncam_nlb_577090437edr_f0691858ncam00312m1,test_msl,ALL,pixel_acc,1.0,0,0,91551
segformer__scratch__mit-b2__in_rover__seed1416__gpu_full__99146410__git3e52372c__codebebd8b2d__20260717T090304272832Z,msl_ncam_nlb_577090437edr_f0691858ncam00312m1,test_msl,ALL,boundary_f1,1.0,0,0,91551
segformer__scratch__mit-b2__in_rover__seed1416__gpu_full__99146410__git3e52372c__codebebd8b2d__20260717T090304272832Z,msl_ncam_nlb_577090635edr_f0691858ncam00287m1,test_msl,soil,iou,,0,0,29086
segformer__scratch__mit-b2__in_rover__seed1416__gpu_full__99146410__git3e52372c__codebebd8b2d__20260717T090304272832Z,msl_ncam_nlb_577090635edr_f0691858ncam00287m1,test_msl,bedrock,iou,0.5788863109048724,2994,5172,29086
segformer__scratch__mit-b2__in_rover__seed1416__gpu_full__99146410__git3e52372c__codebebd8b2d__20260717T090304272832Z,msl_ncam_nlb_577090635edr_f0691858ncam00287m1,test_msl,sand,iou,0.9165261382799326,23914,26092,29086
segformer__scratch__mit-b2__in_rover__seed1416__gpu_full__99146410__git3e52372c__codebebd8b2d__20260717T090304272832Z,msl_ncam_nlb_577090635edr_f0691858ncam00287m1,test_msl,big_rock,iou,,0,0,29086
segformer__scratch__mit-b2__in_rover__seed1416__gpu_full__99146410__git3e52372c__codebebd8b2d__20260717T090304272832Z,msl_ncam_nlb_577090635edr_f0691858ncam00287m1,test_msl,ALL,pixel_acc,0.9251186137660731,0,0,29086
segformer__scratch__mit-b2__in_rover__seed1416__gpu_full__99146410__git3e52372c__codebebd8b2d__20260717T090304272832Z,msl_ncam_nlb_577090635edr_f0691858ncam00287m1,test_msl,ALL,boundary_f1,0.8398230097861068,0,0,29086
segformer__scratch__mit-b2__in_rover__seed1416__gpu_full__99146410__git3e52372c__codebebd8b2d__20260717T090304272832Z,msl_ncam_nlb_577090699edr_f0691858ncam00287m1,test_msl,soil,iou,,0,0,84812
segformer__scratch__mit-b2__in_rover__seed1416__gpu_full__99146410__git3e52372c__codebebd8b2d__20260717T090304272832Z,msl_ncam_nlb_577090699edr_f0691858ncam00287m1,test_msl,bedrock,iou,1.0,3640,3640,84812
segformer__scratch__mit-b2__in_rover__seed1416__gpu_full__99146410__git3e52372c__codebebd8b2d__20260717T090304272832Z,msl_ncam_nlb_577090699edr_f0691858ncam00287m1,test_msl,sand,iou,1.0,81172,81172,84812
segformer__scratch__mit-b2__in_rover__seed1416__gpu_full__99146410__git3e52372c__codebebd8b2d__20260717T090304272832Z,msl_ncam_nlb_577090699edr_f0691858ncam00287m1,test_msl,big_rock,iou,,0,0,84812
segformer__scratch__mit-b2__in_rover__seed1416__gpu_full__99146410__git3e52372c__codebebd8b2d__20260717T090304272832Z,msl_ncam_nlb_577090699edr_f0691858ncam00287m1,test_msl,ALL,pixel_acc,1.0,0,0,84812
segformer__scratch__mit-b2__in_rover__seed1416__gpu_full__99146410__git3e52372c__codebebd8b2d__20260717T090304272832Z,msl_ncam_nlb_577090699edr_f0691858ncam00287m1,test_msl,ALL,boundary_f1,1.0,0,0,84812
segformer__scratch__mit-b2__in_rover__seed1416__gpu_full__99146410__git3e52372c__codebebd8b2d__20260717T090304272832Z,msl_ncam_nlb_577090763edr_f0691858ncam00287m1,test_msl,soil,iou,0.5380864895421142,22845,42456,81680
segformer__scratch__mit-b2__in_rover__seed1416__gpu_full__99146410__git3e52372c__codebebd8b2d__20260717T090304272832Z,msl_ncam_nlb_577090763edr_f0691858ncam00287m1,test_msl,bedrock,iou,0.9675804124586268,22802,23566,81680
segformer__scratch__mit-b2__in_rover__seed1416__gpu_full__99146410__git3e52372c__codebebd8b2d__20260717T090304272832Z,msl_ncam_nlb_577090763edr_f0691858ncam00287m1,test_msl,sand,iou,0.43454611050981046,15658,36033,81680
segformer__scratch__mit-b2__in_rover__seed1416__gpu_full__99146410__git3e52372c__codebebd8b2d__20260717T090304272832Z,msl_ncam_nlb_577090763edr_f0691858ncam00287m1,test_msl,big_rock,iou,,0,0,81680
segformer__scratch__mit-b2__in_rover__seed1416__gpu_full__99146410__git3e52372c__codebebd8b2d__20260717T090304272832Z,msl_ncam_nlb_577090763edr_f0691858ncam00287m1,test_msl,ALL,pixel_acc,0.750550930460333,0,0,81680
segformer__scratch__mit-b2__in_rover__seed1416__gpu_full__99146410__git3e52372c__codebebd8b2d__20260717T090304272832Z,msl_ncam_nlb_577090763edr_f0691858ncam00287m1,test_msl,ALL,boundary_f1,0.6903994650169473,0,0,81680
segformer__scratch__mit-b2__in_rover__seed1416__gpu_full__99146410__git3e52372c__codebebd8b2d__20260717T090304272832Z,msl_ncam_nlb_577095146edr_f0691858ncam00376m1,test_msl,soil,iou,0.0,0,11457,131880
segformer__scratch__mit-b2__in_rover__seed1416__gpu_full__99146410__git3e52372c__codebebd8b2d__20260717T090304272832Z,msl_ncam_nlb_577095146edr_f0691858ncam00376m1,test_msl,bedrock,iou,,0,0,131880
segformer__scratch__mit-b2__in_rover__seed1416__gpu_full__99146410__git3e52372c__codebebd8b2d__20260717T090304272832Z,msl_ncam_nlb_577095146edr_f0691858ncam00376m1,test_msl,sand,iou,0.9131255686988171,120423,131880,131880
segformer__scratch__mit-b2__in_rover__seed1416__gpu_full__99146410__git3e52372c__codebebd8b2d__20260717T090304272832Z,msl_ncam_nlb_577095146edr_f0691858ncam00376m1,test_msl,big_rock,iou,,0,0,131880
segformer__scratch__mit-b2__in_rover__seed1416__gpu_full__99146410__git3e52372c__codebebd8b2d__20260717T090304272832Z,msl_ncam_nlb_577095146edr_f0691858ncam00376m1,test_msl,ALL,pixel_acc,0.9131255686988171,0,0,131880
segformer__scratch__mit-b2__in_rover__seed1416__gpu_full__99146410__git3e52372c__codebebd8b2d__20260717T090304272832Z,msl_ncam_nlb_577095146edr_f0691858ncam00376m1,test_msl,ALL,boundary_f1,0.40495362869219304,0,0,131880
segformer__scratch__mit-b2__in_rover__seed1416__gpu_full__99146410__git3e52372c__codebebd8b2d__20260717T090304272832Z,msl_ncam_nlb_613564331edr_f0760274ncam00320m1,test_msl,soil,iou,1.0,100868,100868,100868
segformer__scratch__mit-b2__in_rover__seed1416__gpu_full__99146410__git3e52372c__codebebd8b2d__20260717T090304272832Z,msl_ncam_nlb_613564331edr_f0760274ncam00320m1,test_msl,bedrock,iou,,0,0,100868
segformer__scratch__mit-b2__in_rover__seed1416__gpu_full__99146410__git3e52372c__codebebd8b2d__20260717T090304272832Z,msl_ncam_nlb_613564331edr_f0760274ncam00320m1,test_msl,sand,iou,,0,0,100868
segformer__scratch__mit-b2__in_rover__seed1416__gpu_full__99146410__git3e52372c__codebebd8b2d__20260717T090304272832Z,msl_ncam_nlb_613564331edr_f0760274ncam00320m1,test_msl,big_rock,iou,,0,0,100868
segformer__scratch__mit-b2__in_rover__seed1416__gpu_full__99146410__git3e52372c__codebebd8b2d__20260717T090304272832Z,msl_ncam_nlb_613564331edr_f0760274ncam00320m1,test_msl,ALL,pixel_acc,1.0,0,0,100868
segformer__scratch__mit-b2__in_rover__seed1416__gpu_full__99146410__git3e52372c__codebebd8b2d__20260717T090304272832Z,msl_ncam_nlb_613564331edr_f0760274ncam00320m1,test_msl,ALL,boundary_f1,1.0,0,0,100868
segformer__scratch__mit-b2__in_rover__seed1416__gpu_full__99146410__git3e52372c__codebebd8b2d__20260717T090304272832Z,msl_ncam_nlb_613582793edr_f0760556ncam00385m1,test_msl,soil,iou,1.0,229198,229198,229198
segformer__scratch__mit-b2__in_rover__seed1416__gpu_full__99146410__git3e52372c__codebebd8b2d__20260717T090304272832Z,msl_ncam_nlb_613582793edr_f0760556ncam00385m1,test_msl,bedrock,iou,,0,0,229198
segformer__scratch__mit-b2__in_rover__seed1416__gpu_full__99146410__git3e52372c__codebebd8b2d__20260717T090304272832Z,msl_ncam_nlb_613582793edr_f0760556ncam00385m1,test_msl,sand,iou,,0,0,229198
segformer__scratch__mit-b2__in_rover__seed1416__gpu_full__99146410__git3e52372c__codebebd8b2d__20260717T090304272832Z,msl_ncam_nlb_613582793edr_f0760556ncam00385m1,test_msl,big_rock,iou,,0,0,229198
segformer__scratch__mit-b2__in_rover__seed1416__gpu_full__99146410__git3e52372c__codebebd8b2d__20260717T090304272832Z,msl_ncam_nlb_613582793edr_f0760556ncam00385m1,test_msl,ALL,pixel_acc,1.0,0,0,229198
segformer__scratch__mit-b2__in_rover__seed1416__gpu_full__99146410__git3e52372c__codebebd8b2d__20260717T090304272832Z,msl_ncam_nlb_613582793edr_f0760556ncam00385m1,test_msl,ALL,boundary_f1,1.0,0,0,229198
segformer__scratch__mit-b2__in_rover__seed1416__gpu_full__99146410__git3e52372c__codebebd8b2d__20260717T090304272832Z,msl_ncam_nlb_613583192edr_f0760568ncam00375m1,test_msl,soil,iou,1.0,148104,148104,148104
segformer__scratch__mit-b2__in_rover__seed1416__gpu_full__99146410__git3e52372c__codebebd8b2d__20260717T090304272832Z,msl_ncam_nlb_613583192edr_f0760568ncam00375m1,test_msl,bedrock,iou,,0,0,148104
segformer__scratch__mit-b2__in_rover__seed1416__gpu_full__99146410__git3e52372c__codebebd8b2d__20260717T090304272832Z,msl_ncam_nlb_613583192edr_f0760568ncam00375m1,test_msl,sand,iou,,0,0,148104
segformer__scratch__mit-b2__in_rover__seed1416__gpu_full__99146410__git3e52372c__codebebd8b2d__20260717T090304272832Z,msl_ncam_nlb_613583192edr_f0760568ncam00375m1,test_msl,big_rock,iou,,0,0,148104
segformer__scratch__mit-b2__in_rover__seed1416__gpu_full__99146410__git3e52372c__codebebd8b2d__20260717T090304272832Z,msl_ncam_nlb_613583192edr_f0760568ncam00375m1,test_msl,ALL,pixel_acc,1.0,0,0,148104
segformer__scratch__mit-b2__in_rover__seed1416__gpu_full__99146410__git3e52372c__codebebd8b2d__20260717T090304272832Z,msl_ncam_nlb_613583192edr_f0760568ncam00375m1,test_msl,ALL,boundary_f1,1.0,0,0,148104
segformer__scratch__mit-b2__in_rover__seed1416__gpu_full__99146410__git3e52372c__codebebd8b2d__20260717T090304272832Z,msl_ncam_nlb_613583340edr_f0760568ncam00280m1,test_msl,soil,iou,1.0,240254,240254,240254
segformer__scratch__mit-b2__in_rover__seed1416__gpu_full__99146410__git3e52372c__codebebd8b2d__20260717T090304272832Z,msl_ncam_nlb_613583340edr_f0760568ncam00280m1,test_msl,bedrock,iou,,0,0,240254
segformer__scratch__mit-b2__in_rover__seed1416__gpu_full__99146410__git3e52372c__codebebd8b2d__20260717T090304272832Z,msl_ncam_nlb_613583340edr_f0760568ncam00280m1,test_msl,sand,iou,,0,0,240254
segformer__scratch__mit-b2__in_rover__seed1416__gpu_full__99146410__git3e52372c__codebebd8b2d__20260717T090304272832Z,msl_ncam_nlb_613583340edr_f0760568ncam00280m1,test_msl,big_rock,iou,,0,0,240254
segformer__scratch__mit-b2__in_rover__seed1416__gpu_full__99146410__git3e52372c__codebebd8b2d__20260717T090304272832Z,msl_ncam_nlb_613583340edr_f0760568ncam00280m1,test_msl,ALL,pixel_acc,1.0,0,0,240254
segformer__scratch__mit-b2__in_rover__seed1416__gpu_full__99146410__git3e52372c__codebebd8b2d__20260717T090304272832Z,msl_ncam_nlb_613583340edr_f0760568ncam00280m1,test_msl,ALL,boundary_f1,1.0,0,0,240254
segformer__scratch__mit-b2__in_rover__seed1416__gpu_full__99146410__git3e52372c__codebebd8b2d__20260717T090304272832Z,msl_ncam_nlb_613583373edr_f0760568ncam00280m1,test_msl,soil,iou,1.0,197718,197718,197718
segformer__scratch__mit-b2__in_rover__seed1416__gpu_full__99146410__git3e52372c__codebebd8b2d__20260717T090304272832Z,msl_ncam_nlb_613583373edr_f0760568ncam00280m1,test_msl,bedrock,iou,,0,0,197718
segformer__scratch__mit-b2__in_rover__seed1416__gpu_full__99146410__git3e52372c__codebebd8b2d__20260717T090304272832Z,msl_ncam_nlb_613583373edr_f0760568ncam00280m1,test_msl,sand,iou,,0,0,197718
segformer__scratch__mit-b2__in_rover__seed1416__gpu_full__99146410__git3e52372c__codebebd8b2d__20260717T090304272832Z,msl_ncam_nlb_613583373edr_f0760568ncam00280m1,test_msl,big_rock,iou,,0,0,197718
segformer__scratch__mit-b2__in_rover__seed1416__gpu_full__99146410__git3e52372c__codebebd8b2d__20260717T090304272832Z,msl_ncam_nlb_613583373edr_f0760568ncam00280m1,test_msl,ALL,pixel_acc,1.0,0,0,197718
segformer__scratch__mit-b2__in_rover__seed1416__gpu_full__99146410__git3e52372c__codebebd8b2d__20260717T090304272832Z,msl_ncam_nlb_613583373edr_f0760568ncam00280m1,test_msl,ALL,boundary_f1,1.0,0,0,197718
segformer__scratch__mit-b2__in_rover__seed1416__gpu_full__99146410__git3e52372c__codebebd8b2d__20260717T090304272832Z,msl_ncam_nlb_613583763edr_f0760568ncam00354m1,test_msl,soil,iou,1.0,224188,224188,224188
segformer__scratch__mit-b2__in_rover__seed1416__gpu_full__99146410__git3e52372c__codebebd8b2d__20260717T090304272832Z,msl_ncam_nlb_613583763edr_f0760568ncam00354m1,test_msl,bedrock,iou,,0,0,224188
segformer__scratch__mit-b2__in_rover__seed1416__gpu_full__99146410__git3e52372c__codebebd8b2d__20260717T090304272832Z,msl_ncam_nlb_613583763edr_f0760568ncam00354m1,test_msl,sand,iou,,0,0,224188
segformer__scratch__mit-b2__in_rover__seed1416__gpu_full__99146410__git3e52372c__codebebd8b2d__20260717T090304272832Z,msl_ncam_nlb_613583763edr_f0760568ncam00354m1,test_msl,big_rock,iou,,0,0,224188
segformer__scratch__mit-b2__in_rover__seed1416__gpu_full__99146410__git3e52372c__codebebd8b2d__20260717T090304272832Z,msl_ncam_nlb_613583763edr_f0760568ncam00354m1,test_msl,ALL,pixel_acc,1.0,0,0,224188
segformer__scratch__mit-b2__in_rover__seed1416__gpu_full__99146410__git3e52372c__codebebd8b2d__20260717T090304272832Z,msl_ncam_nlb_613583763edr_f0760568ncam00354m1,test_msl,ALL,boundary_f1,1.0,0,0,224188
segformer__scratch__mit-b2__in_rover__seed1416__gpu_full__99146410__git3e52372c__codebebd8b2d__20260717T090304272832Z,msl_ncam_nlb_613583877edr_f0760568ncam00354m1,test_msl,soil,iou,1.0,156354,156354,156354
segformer__scratch__mit-b2__in_rover__seed1416__gpu_full__99146410__git3e52372c__codebebd8b2d__20260717T090304272832Z,msl_ncam_nlb_613583877edr_f0760568ncam00354m1,test_msl,bedrock,iou,,0,0,156354
segformer__scratch__mit-b2__in_rover__seed1416__gpu_full__99146410__git3e52372c__codebebd8b2d__20260717T090304272832Z,msl_ncam_nlb_613583877edr_f0760568ncam00354m1,test_msl,sand,iou,,0,0,156354
segformer__scratch__mit-b2__in_rover__seed1416__gpu_full__99146410__git3e52372c__codebebd8b2d__20260717T090304272832Z,msl_ncam_nlb_613583877edr_f0760568ncam00354m1,test_msl,big_rock,iou,,0,0,156354
segformer__scratch__mit-b2__in_rover__seed1416__gpu_full__99146410__git3e52372c__codebebd8b2d__20260717T090304272832Z,msl_ncam_nlb_613583877edr_f0760568ncam00354m1,test_msl,ALL,pixel_acc,1.0,0,0,156354
segformer__scratch__mit-b2__in_rover__seed1416__gpu_full__99146410__git3e52372c__codebebd8b2d__20260717T090304272832Z,msl_ncam_nlb_613583877edr_f0760568ncam00354m1,test_msl,ALL,boundary_f1,1.0,0,0,156354
segformer__scratch__mit-b2__in_rover__seed1416__gpu_full__99146410__git3e52372c__codebebd8b2d__20260717T090304272832Z,msl_ncam_nlb_613584057edr_f0760568ncam00281m1,test_msl,soil,iou,1.0,150118,150118,150118
segformer__scratch__mit-b2__in_rover__seed1416__gpu_full__99146410__git3e52372c__codebebd8b2d__20260717T090304272832Z,msl_ncam_nlb_613584057edr_f0760568ncam00281m1,test_msl,bedrock,iou,,0,0,150118
segformer__scratch__mit-b2__in_rover__seed1416__gpu_full__99146410__git3e52372c__codebebd8b2d__20260717T090304272832Z,msl_ncam_nlb_613584057edr_f0760568ncam00281m1,test_msl,sand,iou,,0,0,150118
segformer__scratch__mit-b2__in_rover__seed1416__gpu_full__99146410__git3e52372c__codebebd8b2d__20260717T090304272832Z,msl_ncam_nlb_613584057edr_f0760568ncam00281m1,test_msl,big_rock,iou,,0,0,150118
segformer__scratch__mit-b2__in_rover__seed1416__gpu_full__99146410__git3e52372c__codebebd8b2d__20260717T090304272832Z,msl_ncam_nlb_613584057edr_f0760568ncam00281m1,test_msl,ALL,pixel_acc,1.0,0,0,150118
segformer__scratch__mit-b2__in_rover__seed1416__gpu_full__99146410__git3e52372c__codebebd8b2d__20260717T090304272832Z,msl_ncam_nlb_613584057edr_f0760568ncam00281m1,test_msl,ALL,boundary_f1,1.0,0,0,150118
segformer__scratch__mit-b2__in_rover__seed1416__gpu_full__99146410__git3e52372c__codebebd8b2d__20260717T090304272832Z,msl_ncam_nlb_613584326edr_f0760568ncam00281m1,test_msl,soil,iou,0.0,0,106188,107819
segformer__scratch__mit-b2__in_rover__seed1416__gpu_full__99146410__git3e52372c__codebebd8b2d__20260717T090304272832Z,msl_ncam_nlb_613584326edr_f0760568ncam00281m1,test_msl,bedrock,iou,,0,0,107819
segformer__scratch__mit-b2__in_rover__seed1416__gpu_full__99146410__git3e52372c__codebebd8b2d__20260717T090304272832Z,msl_ncam_nlb_613584326edr_f0760568ncam00281m1,test_msl,sand,iou,0.015127203925096689,1631,107819,107819
segformer__scratch__mit-b2__in_rover__seed1416__gpu_full__99146410__git3e52372c__codebebd8b2d__20260717T090304272832Z,msl_ncam_nlb_613584326edr_f0760568ncam00281m1,test_msl,big_rock,iou,,0,0,107819
segformer__scratch__mit-b2__in_rover__seed1416__gpu_full__99146410__git3e52372c__codebebd8b2d__20260717T090304272832Z,msl_ncam_nlb_613584326edr_f0760568ncam00281m1,test_msl,ALL,pixel_acc,0.015127203925096689,0,0,107819
segformer__scratch__mit-b2__in_rover__seed1416__gpu_full__99146410__git3e52372c__codebebd8b2d__20260717T090304272832Z,msl_ncam_nlb_613584326edr_f0760568ncam00281m1,test_msl,ALL,boundary_f1,0.07258753202391117,0,0,107819
