run_id,name,split,scope,metric,value,inter,union,n_valid
sam__region_oracle_upper_bound__vit-b__in_rover__seed1414__gpu_full__3e6df100__git3bd8b1e0__code6e952f10__20260724T172450269924Z,msl_ncam_nla_409036068edr_f0051606ncam00348m1,test_msl,soil,iou,,0,0,0
sam__region_oracle_upper_bound__vit-b__in_rover__seed1414__gpu_full__3e6df100__git3bd8b1e0__code6e952f10__20260724T172450269924Z,msl_ncam_nla_409036068edr_f0051606ncam00348m1,test_msl,bedrock,iou,,0,0,0
sam__region_oracle_upper_bound__vit-b__in_rover__seed1414__gpu_full__3e6df100__git3bd8b1e0__code6e952f10__20260724T172450269924Z,msl_ncam_nla_409036068edr_f0051606ncam00348m1,test_msl,sand,iou,,0,0,0
sam__region_oracle_upper_bound__vit-b__in_rover__seed1414__gpu_full__3e6df100__git3bd8b1e0__code6e952f10__20260724T172450269924Z,msl_ncam_nla_409036068edr_f0051606ncam00348m1,test_msl,big_rock,iou,,0,0,0
sam__region_oracle_upper_bound__vit-b__in_rover__seed1414__gpu_full__3e6df100__git3bd8b1e0__code6e952f10__20260724T172450269924Z,msl_ncam_nla_409036068edr_f0051606ncam00348m1,test_msl,ALL,pixel_acc,,0,0,0
sam__region_oracle_upper_bound__vit-b__in_rover__seed1414__gpu_full__3e6df100__git3bd8b1e0__code6e952f10__20260724T172450269924Z,msl_ncam_nla_409036068edr_f0051606ncam00348m1,test_msl,ALL,boundary_f1,,0,0,0
sam__region_oracle_upper_bound__vit-b__in_rover__seed1414__gpu_full__3e6df100__git3bd8b1e0__code6e952f10__20260724T172450269924Z,msl_ncam_nla_409036116edr_f0051606ncam00348m1,test_msl,soil,iou,0.07728385695071904,4482,57994,123986
sam__region_oracle_upper_bound__vit-b__in_rover__seed1414__gpu_full__3e6df100__git3bd8b1e0__code6e952f10__20260724T172450269924Z,msl_ncam_nla_409036116edr_f0051606ncam00348m1,test_msl,bedrock,iou,0.5522158254117017,65992,119504,123986
sam__region_oracle_upper_bound__vit-b__in_rover__seed1414__gpu_full__3e6df100__git3bd8b1e0__code6e952f10__20260724T172450269924Z,msl_ncam_nla_409036116edr_f0051606ncam00348m1,test_msl,sand,iou,,0,0,123986
sam__region_oracle_upper_bound__vit-b__in_rover__seed1414__gpu_full__3e6df100__git3bd8b1e0__code6e952f10__20260724T172450269924Z,msl_ncam_nla_409036116edr_f0051606ncam00348m1,test_msl,big_rock,iou,,0,0,123986
sam__region_oracle_upper_bound__vit-b__in_rover__seed1414__gpu_full__3e6df100__git3bd8b1e0__code6e952f10__20260724T172450269924Z,msl_ncam_nla_409036116edr_f0051606ncam00348m1,test_msl,ALL,pixel_acc,0.5684028841966029,0,0,123986
sam__region_oracle_upper_bound__vit-b__in_rover__seed1414__gpu_full__3e6df100__git3bd8b1e0__code6e952f10__20260724T172450269924Z,msl_ncam_nla_409036116edr_f0051606ncam00348m1,test_msl,ALL,boundary_f1,0.37349564473396285,0,0,123986
sam__region_oracle_upper_bound__vit-b__in_rover__seed1414__gpu_full__3e6df100__git3bd8b1e0__code6e952f10__20260724T172450269924Z,msl_ncam_nla_409036860edr_f0051662ncam00346m1,test_msl,soil,iou,0.36380190983788585,8191,22515,22748
sam__region_oracle_upper_bound__vit-b__in_rover__seed1414__gpu_full__3e6df100__git3bd8b1e0__code6e952f10__20260724T172450269924Z,msl_ncam_nla_409036860edr_f0051662ncam00346m1,test_msl,bedrock,iou,0.015972274542303926,212,13273,22748
sam__region_oracle_upper_bound__vit-b__in_rover__seed1414__gpu_full__3e6df100__git3bd8b1e0__code6e952f10__20260724T172450269924Z,msl_ncam_nla_409036860edr_f0051662ncam00346m1,test_msl,sand,iou,0.016355140186915886,21,1284,22748
sam__region_oracle_upper_bound__vit-b__in_rover__seed1414__gpu_full__3e6df100__git3bd8b1e0__code6e952f10__20260724T172450269924Z,msl_ncam_nla_409036860edr_f0051662ncam00346m1,test_msl,big_rock,iou,,0,0,22748
sam__region_oracle_upper_bound__vit-b__in_rover__seed1414__gpu_full__3e6df100__git3bd8b1e0__code6e952f10__20260724T172450269924Z,msl_ncam_nla_409036860edr_f0051662ncam00346m1,test_msl,ALL,pixel_acc,0.3703182697379989,0,0,22748
sam__region_oracle_upper_bound__vit-b__in_rover__seed1414__gpu_full__3e6df100__git3bd8b1e0__code6e952f10__20260724T172450269924Z,msl_ncam_nla_409036860edr_f0051662ncam00346m1,test_msl,ALL,boundary_f1,0.24580763816238685,0,0,22748
sam__region_oracle_upper_bound__vit-b__in_rover__seed1414__gpu_full__3e6df100__git3bd8b1e0__code6e952f10__20260724T172450269924Z,msl_ncam_nla_409036993edr_f0051662ncam05703m1,test_msl,soil,iou,0.0,0,34263,36839
sam__region_oracle_upper_bound__vit-b__in_rover__seed1414__gpu_full__3e6df100__git3bd8b1e0__code6e952f10__20260724T172450269924Z,msl_ncam_nla_409036993edr_f0051662ncam05703m1,test_msl,bedrock,iou,0.06992589375390211,2576,36839,36839
sam__region_oracle_upper_bound__vit-b__in_rover__seed1414__gpu_full__3e6df100__git3bd8b1e0__code6e952f10__20260724T172450269924Z,msl_ncam_nla_409036993edr_f0051662ncam05703m1,test_msl,sand,iou,,0,0,36839
sam__region_oracle_upper_bound__vit-b__in_rover__seed1414__gpu_full__3e6df100__git3bd8b1e0__code6e952f10__20260724T172450269924Z,msl_ncam_nla_409036993edr_f0051662ncam05703m1,test_msl,big_rock,iou,,0,0,36839
sam__region_oracle_upper_bound__vit-b__in_rover__seed1414__gpu_full__3e6df100__git3bd8b1e0__code6e952f10__20260724T172450269924Z,msl_ncam_nla_409036993edr_f0051662ncam05703m1,test_msl,ALL,pixel_acc,0.06992589375390211,0,0,36839
sam__region_oracle_upper_bound__vit-b__in_rover__seed1414__gpu_full__3e6df100__git3bd8b1e0__code6e952f10__20260724T172450269924Z,msl_ncam_nla_409036993edr_f0051662ncam05703m1,test_msl,ALL,boundary_f1,0.11768900883344659,0,0,36839
sam__region_oracle_upper_bound__vit-b__in_rover__seed1414__gpu_full__3e6df100__git3bd8b1e0__code6e952f10__20260724T172450269924Z,msl_ncam_nla_409037112edr_f0051662ncam05703m1,test_msl,soil,iou,0.0,0,67425,88991
sam__region_oracle_upper_bound__vit-b__in_rover__seed1414__gpu_full__3e6df100__git3bd8b1e0__code6e952f10__20260724T172450269924Z,msl_ncam_nla_409037112edr_f0051662ncam05703m1,test_msl,bedrock,iou,0.24233911294400556,21566,88991,88991
sam__region_oracle_upper_bound__vit-b__in_rover__seed1414__gpu_full__3e6df100__git3bd8b1e0__code6e952f10__20260724T172450269924Z,msl_ncam_nla_409037112edr_f0051662ncam05703m1,test_msl,sand,iou,,0,0,88991
sam__region_oracle_upper_bound__vit-b__in_rover__seed1414__gpu_full__3e6df100__git3bd8b1e0__code6e952f10__20260724T172450269924Z,msl_ncam_nla_409037112edr_f0051662ncam05703m1,test_msl,big_rock,iou,,0,0,88991
sam__region_oracle_upper_bound__vit-b__in_rover__seed1414__gpu_full__3e6df100__git3bd8b1e0__code6e952f10__20260724T172450269924Z,msl_ncam_nla_409037112edr_f0051662ncam05703m1,test_msl,ALL,pixel_acc,0.24233911294400556,0,0,88991
sam__region_oracle_upper_bound__vit-b__in_rover__seed1414__gpu_full__3e6df100__git3bd8b1e0__code6e952f10__20260724T172450269924Z,msl_ncam_nla_409037112edr_f0051662ncam05703m1,test_msl,ALL,boundary_f1,0.2149873304391836,0,0,88991
sam__region_oracle_upper_bound__vit-b__in_rover__seed1414__gpu_full__3e6df100__git3bd8b1e0__code6e952f10__20260724T172450269924Z,msl_ncam_nla_601414440edr_f0731482ncam00375m1,test_msl,soil,iou,,0,0,0
sam__region_oracle_upper_bound__vit-b__in_rover__seed1414__gpu_full__3e6df100__git3bd8b1e0__code6e952f10__20260724T172450269924Z,msl_ncam_nla_601414440edr_f0731482ncam00375m1,test_msl,bedrock,iou,,0,0,0
sam__region_oracle_upper_bound__vit-b__in_rover__seed1414__gpu_full__3e6df100__git3bd8b1e0__code6e952f10__20260724T172450269924Z,msl_ncam_nla_601414440edr_f0731482ncam00375m1,test_msl,sand,iou,,0,0,0
sam__region_oracle_upper_bound__vit-b__in_rover__seed1414__gpu_full__3e6df100__git3bd8b1e0__code6e952f10__20260724T172450269924Z,msl_ncam_nla_601414440edr_f0731482ncam00375m1,test_msl,big_rock,iou,,0,0,0
sam__region_oracle_upper_bound__vit-b__in_rover__seed1414__gpu_full__3e6df100__git3bd8b1e0__code6e952f10__20260724T172450269924Z,msl_ncam_nla_601414440edr_f0731482ncam00375m1,test_msl,ALL,pixel_acc,,0,0,0
sam__region_oracle_upper_bound__vit-b__in_rover__seed1414__gpu_full__3e6df100__git3bd8b1e0__code6e952f10__20260724T172450269924Z,msl_ncam_nla_601414440edr_f0731482ncam00375m1,test_msl,ALL,boundary_f1,,0,0,0
sam__region_oracle_upper_bound__vit-b__in_rover__seed1414__gpu_full__3e6df100__git3bd8b1e0__code6e952f10__20260724T172450269924Z,msl_ncam_nla_601414568edr_f0731482ncam00253m1,test_msl,soil,iou,1.0,124196,124196,124196
sam__region_oracle_upper_bound__vit-b__in_rover__seed1414__gpu_full__3e6df100__git3bd8b1e0__code6e952f10__20260724T172450269924Z,msl_ncam_nla_601414568edr_f0731482ncam00253m1,test_msl,bedrock,iou,,0,0,124196
sam__region_oracle_upper_bound__vit-b__in_rover__seed1414__gpu_full__3e6df100__git3bd8b1e0__code6e952f10__20260724T172450269924Z,msl_ncam_nla_601414568edr_f0731482ncam00253m1,test_msl,sand,iou,,0,0,124196
sam__region_oracle_upper_bound__vit-b__in_rover__seed1414__gpu_full__3e6df100__git3bd8b1e0__code6e952f10__20260724T172450269924Z,msl_ncam_nla_601414568edr_f0731482ncam00253m1,test_msl,big_rock,iou,,0,0,124196
sam__region_oracle_upper_bound__vit-b__in_rover__seed1414__gpu_full__3e6df100__git3bd8b1e0__code6e952f10__20260724T172450269924Z,msl_ncam_nla_601414568edr_f0731482ncam00253m1,test_msl,ALL,pixel_acc,1.0,0,0,124196
sam__region_oracle_upper_bound__vit-b__in_rover__seed1414__gpu_full__3e6df100__git3bd8b1e0__code6e952f10__20260724T172450269924Z,msl_ncam_nla_601414568edr_f0731482ncam00253m1,test_msl,ALL,boundary_f1,1.0,0,0,124196
sam__region_oracle_upper_bound__vit-b__in_rover__seed1414__gpu_full__3e6df100__git3bd8b1e0__code6e952f10__20260724T172450269924Z,msl_ncam_nla_601414993edr_f0731482ncam00254m1,test_msl,soil,iou,0.6896822886839383,80688,116993,118034
sam__region_oracle_upper_bound__vit-b__in_rover__seed1414__gpu_full__3e6df100__git3bd8b1e0__code6e952f10__20260724T172450269924Z,msl_ncam_nla_601414993edr_f0731482ncam00254m1,test_msl,bedrock,iou,0.027874471161570182,1041,37346,118034
sam__region_oracle_upper_bound__vit-b__in_rover__seed1414__gpu_full__3e6df100__git3bd8b1e0__code6e952f10__20260724T172450269924Z,msl_ncam_nla_601414993edr_f0731482ncam00254m1,test_msl,sand,iou,,0,0,118034
sam__region_oracle_upper_bound__vit-b__in_rover__seed1414__gpu_full__3e6df100__git3bd8b1e0__code6e952f10__20260724T172450269924Z,msl_ncam_nla_601414993edr_f0731482ncam00254m1,test_msl,big_rock,iou,,0,0,118034
sam__region_oracle_upper_bound__vit-b__in_rover__seed1414__gpu_full__3e6df100__git3bd8b1e0__code6e952f10__20260724T172450269924Z,msl_ncam_nla_601414993edr_f0731482ncam00254m1,test_msl,ALL,pixel_acc,0.6924191334700172,0,0,118034
sam__region_oracle_upper_bound__vit-b__in_rover__seed1414__gpu_full__3e6df100__git3bd8b1e0__code6e952f10__20260724T172450269924Z,msl_ncam_nla_601414993edr_f0731482ncam00254m1,test_msl,ALL,boundary_f1,0.38295316434971466,0,0,118034
sam__region_oracle_upper_bound__vit-b__in_rover__seed1414__gpu_full__3e6df100__git3bd8b1e0__code6e952f10__20260724T172450269924Z,msl_ncam_nla_601415225edr_f0731482ncam00254m1,test_msl,soil,iou,1.0,84983,84983,84983
sam__region_oracle_upper_bound__vit-b__in_rover__seed1414__gpu_full__3e6df100__git3bd8b1e0__code6e952f10__20260724T172450269924Z,msl_ncam_nla_601415225edr_f0731482ncam00254m1,test_msl,bedrock,iou,,0,0,84983
sam__region_oracle_upper_bound__vit-b__in_rover__seed1414__gpu_full__3e6df100__git3bd8b1e0__code6e952f10__20260724T172450269924Z,msl_ncam_nla_601415225edr_f0731482ncam00254m1,test_msl,sand,iou,,0,0,84983
sam__region_oracle_upper_bound__vit-b__in_rover__seed1414__gpu_full__3e6df100__git3bd8b1e0__code6e952f10__20260724T172450269924Z,msl_ncam_nla_601415225edr_f0731482ncam00254m1,test_msl,big_rock,iou,,0,0,84983
sam__region_oracle_upper_bound__vit-b__in_rover__seed1414__gpu_full__3e6df100__git3bd8b1e0__code6e952f10__20260724T172450269924Z,msl_ncam_nla_601415225edr_f0731482ncam00254m1,test_msl,ALL,pixel_acc,1.0,0,0,84983
sam__region_oracle_upper_bound__vit-b__in_rover__seed1414__gpu_full__3e6df100__git3bd8b1e0__code6e952f10__20260724T172450269924Z,msl_ncam_nla_601415225edr_f0731482ncam00254m1,test_msl,ALL,boundary_f1,1.0,0,0,84983
sam__region_oracle_upper_bound__vit-b__in_rover__seed1414__gpu_full__3e6df100__git3bd8b1e0__code6e952f10__20260724T172450269924Z,msl_ncam_nla_601421002edr_f0731482ccam05295m1,test_msl,soil,iou,1.0,146635,146635,146635
sam__region_oracle_upper_bound__vit-b__in_rover__seed1414__gpu_full__3e6df100__git3bd8b1e0__code6e952f10__20260724T172450269924Z,msl_ncam_nla_601421002edr_f0731482ccam05295m1,test_msl,bedrock,iou,,0,0,146635
sam__region_oracle_upper_bound__vit-b__in_rover__seed1414__gpu_full__3e6df100__git3bd8b1e0__code6e952f10__20260724T172450269924Z,msl_ncam_nla_601421002edr_f0731482ccam05295m1,test_msl,sand,iou,,0,0,146635
sam__region_oracle_upper_bound__vit-b__in_rover__seed1414__gpu_full__3e6df100__git3bd8b1e0__code6e952f10__20260724T172450269924Z,msl_ncam_nla_601421002edr_f0731482ccam05295m1,test_msl,big_rock,iou,,0,0,146635
sam__region_oracle_upper_bound__vit-b__in_rover__seed1414__gpu_full__3e6df100__git3bd8b1e0__code6e952f10__20260724T172450269924Z,msl_ncam_nla_601421002edr_f0731482ccam05295m1,test_msl,ALL,pixel_acc,1.0,0,0,146635
sam__region_oracle_upper_bound__vit-b__in_rover__seed1414__gpu_full__3e6df100__git3bd8b1e0__code6e952f10__20260724T172450269924Z,msl_ncam_nla_601421002edr_f0731482ccam05295m1,test_msl,ALL,boundary_f1,1.0,0,0,146635
sam__region_oracle_upper_bound__vit-b__in_rover__seed1414__gpu_full__3e6df100__git3bd8b1e0__code6e952f10__20260724T172450269924Z,msl_ncam_nla_602651352edr_f0732676ncam00207m1,test_msl,soil,iou,1.0,115704,115704,115704
sam__region_oracle_upper_bound__vit-b__in_rover__seed1414__gpu_full__3e6df100__git3bd8b1e0__code6e952f10__20260724T172450269924Z,msl_ncam_nla_602651352edr_f0732676ncam00207m1,test_msl,bedrock,iou,,0,0,115704
sam__region_oracle_upper_bound__vit-b__in_rover__seed1414__gpu_full__3e6df100__git3bd8b1e0__code6e952f10__20260724T172450269924Z,msl_ncam_nla_602651352edr_f0732676ncam00207m1,test_msl,sand,iou,,0,0,115704
sam__region_oracle_upper_bound__vit-b__in_rover__seed1414__gpu_full__3e6df100__git3bd8b1e0__code6e952f10__20260724T172450269924Z,msl_ncam_nla_602651352edr_f0732676ncam00207m1,test_msl,big_rock,iou,,0,0,115704
sam__region_oracle_upper_bound__vit-b__in_rover__seed1414__gpu_full__3e6df100__git3bd8b1e0__code6e952f10__20260724T172450269924Z,msl_ncam_nla_602651352edr_f0732676ncam00207m1,test_msl,ALL,pixel_acc,1.0,0,0,115704
sam__region_oracle_upper_bound__vit-b__in_rover__seed1414__gpu_full__3e6df100__git3bd8b1e0__code6e952f10__20260724T172450269924Z,msl_ncam_nla_602651352edr_f0732676ncam00207m1,test_msl,ALL,boundary_f1,1.0,0,0,115704
sam__region_oracle_upper_bound__vit-b__in_rover__seed1414__gpu_full__3e6df100__git3bd8b1e0__code6e952f10__20260724T172450269924Z,msl_ncam_nla_602657189edr_f0732688ncam00382m1,test_msl,soil,iou,1.0,113944,113944,113944
sam__region_oracle_upper_bound__vit-b__in_rover__seed1414__gpu_full__3e6df100__git3bd8b1e0__code6e952f10__20260724T172450269924Z,msl_ncam_nla_602657189edr_f0732688ncam00382m1,test_msl,bedrock,iou,,0,0,113944
sam__region_oracle_upper_bound__vit-b__in_rover__seed1414__gpu_full__3e6df100__git3bd8b1e0__code6e952f10__20260724T172450269924Z,msl_ncam_nla_602657189edr_f0732688ncam00382m1,test_msl,sand,iou,,0,0,113944
sam__region_oracle_upper_bound__vit-b__in_rover__seed1414__gpu_full__3e6df100__git3bd8b1e0__code6e952f10__20260724T172450269924Z,msl_ncam_nla_602657189edr_f0732688ncam00382m1,test_msl,big_rock,iou,,0,0,113944
sam__region_oracle_upper_bound__vit-b__in_rover__seed1414__gpu_full__3e6df100__git3bd8b1e0__code6e952f10__20260724T172450269924Z,msl_ncam_nla_602657189edr_f0732688ncam00382m1,test_msl,ALL,pixel_acc,1.0,0,0,113944
sam__region_oracle_upper_bound__vit-b__in_rover__seed1414__gpu_full__3e6df100__git3bd8b1e0__code6e952f10__20260724T172450269924Z,msl_ncam_nla_602657189edr_f0732688ncam00382m1,test_msl,ALL,boundary_f1,1.0,0,0,113944
sam__region_oracle_upper_bound__vit-b__in_rover__seed1414__gpu_full__3e6df100__git3bd8b1e0__code6e952f10__20260724T172450269924Z,msl_ncam_nla_602664101edr_f0732958ncam00375m1,test_msl,soil,iou,1.0,167623,167623,167623
sam__region_oracle_upper_bound__vit-b__in_rover__seed1414__gpu_full__3e6df100__git3bd8b1e0__code6e952f10__20260724T172450269924Z,msl_ncam_nla_602664101edr_f0732958ncam00375m1,test_msl,bedrock,iou,,0,0,167623
sam__region_oracle_upper_bound__vit-b__in_rover__seed1414__gpu_full__3e6df100__git3bd8b1e0__code6e952f10__20260724T172450269924Z,msl_ncam_nla_602664101edr_f0732958ncam00375m1,test_msl,sand,iou,,0,0,167623
sam__region_oracle_upper_bound__vit-b__in_rover__seed1414__gpu_full__3e6df100__git3bd8b1e0__code6e952f10__20260724T172450269924Z,msl_ncam_nla_602664101edr_f0732958ncam00375m1,test_msl,big_rock,iou,,0,0,167623
sam__region_oracle_upper_bound__vit-b__in_rover__seed1414__gpu_full__3e6df100__git3bd8b1e0__code6e952f10__20260724T172450269924Z,msl_ncam_nla_602664101edr_f0732958ncam00375m1,test_msl,ALL,pixel_acc,1.0,0,0,167623
sam__region_oracle_upper_bound__vit-b__in_rover__seed1414__gpu_full__3e6df100__git3bd8b1e0__code6e952f10__20260724T172450269924Z,msl_ncam_nla_602664101edr_f0732958ncam00375m1,test_msl,ALL,boundary_f1,1.0,0,0,167623
sam__region_oracle_upper_bound__vit-b__in_rover__seed1414__gpu_full__3e6df100__git3bd8b1e0__code6e952f10__20260724T172450269924Z,msl_ncam_nla_602664178edr_f0732958ncam00271m1,test_msl,soil,iou,1.0,81139,81139,81139
sam__region_oracle_upper_bound__vit-b__in_rover__seed1414__gpu_full__3e6df100__git3bd8b1e0__code6e952f10__20260724T172450269924Z,msl_ncam_nla_602664178edr_f0732958ncam00271m1,test_msl,bedrock,iou,,0,0,81139
sam__region_oracle_upper_bound__vit-b__in_rover__seed1414__gpu_full__3e6df100__git3bd8b1e0__code6e952f10__20260724T172450269924Z,msl_ncam_nla_602664178edr_f0732958ncam00271m1,test_msl,sand,iou,,0,0,81139
sam__region_oracle_upper_bound__vit-b__in_rover__seed1414__gpu_full__3e6df100__git3bd8b1e0__code6e952f10__20260724T172450269924Z,msl_ncam_nla_602664178edr_f0732958ncam00271m1,test_msl,big_rock,iou,,0,0,81139
sam__region_oracle_upper_bound__vit-b__in_rover__seed1414__gpu_full__3e6df100__git3bd8b1e0__code6e952f10__20260724T172450269924Z,msl_ncam_nla_602664178edr_f0732958ncam00271m1,test_msl,ALL,pixel_acc,1.0,0,0,81139
sam__region_oracle_upper_bound__vit-b__in_rover__seed1414__gpu_full__3e6df100__git3bd8b1e0__code6e952f10__20260724T172450269924Z,msl_ncam_nla_602664178edr_f0732958ncam00271m1,test_msl,ALL,boundary_f1,1.0,0,0,81139
sam__region_oracle_upper_bound__vit-b__in_rover__seed1414__gpu_full__3e6df100__git3bd8b1e0__code6e952f10__20260724T172450269924Z,msl_ncam_nla_602664242edr_f0732958ncam00271m1,test_msl,soil,iou,1.0,137437,137437,137437
sam__region_oracle_upper_bound__vit-b__in_rover__seed1414__gpu_full__3e6df100__git3bd8b1e0__code6e952f10__20260724T172450269924Z,msl_ncam_nla_602664242edr_f0732958ncam00271m1,test_msl,bedrock,iou,,0,0,137437
sam__region_oracle_upper_bound__vit-b__in_rover__seed1414__gpu_full__3e6df100__git3bd8b1e0__code6e952f10__20260724T172450269924Z,msl_ncam_nla_602664242edr_f0732958ncam00271m1,test_msl,sand,iou,,0,0,137437
sam__region_oracle_upper_bound__vit-b__in_rover__seed1414__gpu_full__3e6df100__git3bd8b1e0__code6e952f10__20260724T172450269924Z,msl_ncam_nla_602664242edr_f0732958ncam00271m1,test_msl,big_rock,iou,,0,0,137437
sam__region_oracle_upper_bound__vit-b__in_rover__seed1414__gpu_full__3e6df100__git3bd8b1e0__code6e952f10__20260724T172450269924Z,msl_ncam_nla_602664242edr_f0732958ncam00271m1,test_msl,ALL,pixel_acc,1.0,0,0,137437
sam__region_oracle_upper_bound__vit-b__in_rover__seed1414__gpu_full__3e6df100__git3bd8b1e0__code6e952f10__20260724T172450269924Z,msl_ncam_nla_602664242edr_f0732958ncam00271m1,test_msl,ALL,boundary_f1,1.0,0,0,137437
sam__region_oracle_upper_bound__vit-b__in_rover__seed1414__gpu_full__3e6df100__git3bd8b1e0__code6e952f10__20260724T172450269924Z,msl_ncam_nla_602664684edr_f0732958ncam00312m1,test_msl,soil,iou,1.0,236351,236351,236351
sam__region_oracle_upper_bound__vit-b__in_rover__seed1414__gpu_full__3e6df100__git3bd8b1e0__code6e952f10__20260724T172450269924Z,msl_ncam_nla_602664684edr_f0732958ncam00312m1,test_msl,bedrock,iou,,0,0,236351
sam__region_oracle_upper_bound__vit-b__in_rover__seed1414__gpu_full__3e6df100__git3bd8b1e0__code6e952f10__20260724T172450269924Z,msl_ncam_nla_602664684edr_f0732958ncam00312m1,test_msl,sand,iou,,0,0,236351
sam__region_oracle_upper_bound__vit-b__in_rover__seed1414__gpu_full__3e6df100__git3bd8b1e0__code6e952f10__20260724T172450269924Z,msl_ncam_nla_602664684edr_f0732958ncam00312m1,test_msl,big_rock,iou,,0,0,236351
sam__region_oracle_upper_bound__vit-b__in_rover__seed1414__gpu_full__3e6df100__git3bd8b1e0__code6e952f10__20260724T172450269924Z,msl_ncam_nla_602664684edr_f0732958ncam00312m1,test_msl,ALL,pixel_acc,1.0,0,0,236351
sam__region_oracle_upper_bound__vit-b__in_rover__seed1414__gpu_full__3e6df100__git3bd8b1e0__code6e952f10__20260724T172450269924Z,msl_ncam_nla_602664684edr_f0732958ncam00312m1,test_msl,ALL,boundary_f1,1.0,0,0,236351
sam__region_oracle_upper_bound__vit-b__in_rover__seed1414__gpu_full__3e6df100__git3bd8b1e0__code6e952f10__20260724T172450269924Z,msl_ncam_nla_602664993edr_f0732958ncam00272m1,test_msl,soil,iou,1.0,59718,59718,59718
sam__region_oracle_upper_bound__vit-b__in_rover__seed1414__gpu_full__3e6df100__git3bd8b1e0__code6e952f10__20260724T172450269924Z,msl_ncam_nla_602664993edr_f0732958ncam00272m1,test_msl,bedrock,iou,,0,0,59718
sam__region_oracle_upper_bound__vit-b__in_rover__seed1414__gpu_full__3e6df100__git3bd8b1e0__code6e952f10__20260724T172450269924Z,msl_ncam_nla_602664993edr_f0732958ncam00272m1,test_msl,sand,iou,,0,0,59718
sam__region_oracle_upper_bound__vit-b__in_rover__seed1414__gpu_full__3e6df100__git3bd8b1e0__code6e952f10__20260724T172450269924Z,msl_ncam_nla_602664993edr_f0732958ncam00272m1,test_msl,big_rock,iou,,0,0,59718
sam__region_oracle_upper_bound__vit-b__in_rover__seed1414__gpu_full__3e6df100__git3bd8b1e0__code6e952f10__20260724T172450269924Z,msl_ncam_nla_602664993edr_f0732958ncam00272m1,test_msl,ALL,pixel_acc,1.0,0,0,59718
sam__region_oracle_upper_bound__vit-b__in_rover__seed1414__gpu_full__3e6df100__git3bd8b1e0__code6e952f10__20260724T172450269924Z,msl_ncam_nla_602664993edr_f0732958ncam00272m1,test_msl,ALL,boundary_f1,1.0,0,0,59718
sam__region_oracle_upper_bound__vit-b__in_rover__seed1414__gpu_full__3e6df100__git3bd8b1e0__code6e952f10__20260724T172450269924Z,msl_ncam_nla_602665055edr_f0732958ncam00272m1,test_msl,soil,iou,1.0,83469,83469,83469
sam__region_oracle_upper_bound__vit-b__in_rover__seed1414__gpu_full__3e6df100__git3bd8b1e0__code6e952f10__20260724T172450269924Z,msl_ncam_nla_602665055edr_f0732958ncam00272m1,test_msl,bedrock,iou,,0,0,83469
sam__region_oracle_upper_bound__vit-b__in_rover__seed1414__gpu_full__3e6df100__git3bd8b1e0__code6e952f10__20260724T172450269924Z,msl_ncam_nla_602665055edr_f0732958ncam00272m1,test_msl,sand,iou,,0,0,83469
sam__region_oracle_upper_bound__vit-b__in_rover__seed1414__gpu_full__3e6df100__git3bd8b1e0__code6e952f10__20260724T172450269924Z,msl_ncam_nla_602665055edr_f0732958ncam00272m1,test_msl,big_rock,iou,,0,0,83469
sam__region_oracle_upper_bound__vit-b__in_rover__seed1414__gpu_full__3e6df100__git3bd8b1e0__code6e952f10__20260724T172450269924Z,msl_ncam_nla_602665055edr_f0732958ncam00272m1,test_msl,ALL,pixel_acc,1.0,0,0,83469
sam__region_oracle_upper_bound__vit-b__in_rover__seed1414__gpu_full__3e6df100__git3bd8b1e0__code6e952f10__20260724T172450269924Z,msl_ncam_nla_602665055edr_f0732958ncam00272m1,test_msl,ALL,boundary_f1,1.0,0,0,83469
sam__region_oracle_upper_bound__vit-b__in_rover__seed1414__gpu_full__3e6df100__git3bd8b1e0__code6e952f10__20260724T172450269924Z,msl_ncam_nlb_427501146edr_f0080590ncam00385m1,test_msl,soil,iou,1.0,221229,221229,221229
sam__region_oracle_upper_bound__vit-b__in_rover__seed1414__gpu_full__3e6df100__git3bd8b1e0__code6e952f10__20260724T172450269924Z,msl_ncam_nlb_427501146edr_f0080590ncam00385m1,test_msl,bedrock,iou,,0,0,221229
sam__region_oracle_upper_bound__vit-b__in_rover__seed1414__gpu_full__3e6df100__git3bd8b1e0__code6e952f10__20260724T172450269924Z,msl_ncam_nlb_427501146edr_f0080590ncam00385m1,test_msl,sand,iou,,0,0,221229
sam__region_oracle_upper_bound__vit-b__in_rover__seed1414__gpu_full__3e6df100__git3bd8b1e0__code6e952f10__20260724T172450269924Z,msl_ncam_nlb_427501146edr_f0080590ncam00385m1,test_msl,big_rock,iou,,0,0,221229
sam__region_oracle_upper_bound__vit-b__in_rover__seed1414__gpu_full__3e6df100__git3bd8b1e0__code6e952f10__20260724T172450269924Z,msl_ncam_nlb_427501146edr_f0080590ncam00385m1,test_msl,ALL,pixel_acc,1.0,0,0,221229
sam__region_oracle_upper_bound__vit-b__in_rover__seed1414__gpu_full__3e6df100__git3bd8b1e0__code6e952f10__20260724T172450269924Z,msl_ncam_nlb_427501146edr_f0080590ncam00385m1,test_msl,ALL,boundary_f1,1.0,0,0,221229
sam__region_oracle_upper_bound__vit-b__in_rover__seed1414__gpu_full__3e6df100__git3bd8b1e0__code6e952f10__20260724T172450269924Z,msl_ncam_nlb_427503509edr_f0080610ncam00253m1,test_msl,soil,iou,1.0,91532,91532,91532
sam__region_oracle_upper_bound__vit-b__in_rover__seed1414__gpu_full__3e6df100__git3bd8b1e0__code6e952f10__20260724T172450269924Z,msl_ncam_nlb_427503509edr_f0080610ncam00253m1,test_msl,bedrock,iou,,0,0,91532
sam__region_oracle_upper_bound__vit-b__in_rover__seed1414__gpu_full__3e6df100__git3bd8b1e0__code6e952f10__20260724T172450269924Z,msl_ncam_nlb_427503509edr_f0080610ncam00253m1,test_msl,sand,iou,,0,0,91532
sam__region_oracle_upper_bound__vit-b__in_rover__seed1414__gpu_full__3e6df100__git3bd8b1e0__code6e952f10__20260724T172450269924Z,msl_ncam_nlb_427503509edr_f0080610ncam00253m1,test_msl,big_rock,iou,,0,0,91532
sam__region_oracle_upper_bound__vit-b__in_rover__seed1414__gpu_full__3e6df100__git3bd8b1e0__code6e952f10__20260724T172450269924Z,msl_ncam_nlb_427503509edr_f0080610ncam00253m1,test_msl,ALL,pixel_acc,1.0,0,0,91532
sam__region_oracle_upper_bound__vit-b__in_rover__seed1414__gpu_full__3e6df100__git3bd8b1e0__code6e952f10__20260724T172450269924Z,msl_ncam_nlb_427503509edr_f0080610ncam00253m1,test_msl,ALL,boundary_f1,1.0,0,0,91532
sam__region_oracle_upper_bound__vit-b__in_rover__seed1414__gpu_full__3e6df100__git3bd8b1e0__code6e952f10__20260724T172450269924Z,msl_ncam_nlb_427503571edr_f0080610ncam00253m1,test_msl,soil,iou,1.0,70082,70082,70082
sam__region_oracle_upper_bound__vit-b__in_rover__seed1414__gpu_full__3e6df100__git3bd8b1e0__code6e952f10__20260724T172450269924Z,msl_ncam_nlb_427503571edr_f0080610ncam00253m1,test_msl,bedrock,iou,,0,0,70082
sam__region_oracle_upper_bound__vit-b__in_rover__seed1414__gpu_full__3e6df100__git3bd8b1e0__code6e952f10__20260724T172450269924Z,msl_ncam_nlb_427503571edr_f0080610ncam00253m1,test_msl,sand,iou,,0,0,70082
sam__region_oracle_upper_bound__vit-b__in_rover__seed1414__gpu_full__3e6df100__git3bd8b1e0__code6e952f10__20260724T172450269924Z,msl_ncam_nlb_427503571edr_f0080610ncam00253m1,test_msl,big_rock,iou,,0,0,70082
sam__region_oracle_upper_bound__vit-b__in_rover__seed1414__gpu_full__3e6df100__git3bd8b1e0__code6e952f10__20260724T172450269924Z,msl_ncam_nlb_427503571edr_f0080610ncam00253m1,test_msl,ALL,pixel_acc,1.0,0,0,70082
sam__region_oracle_upper_bound__vit-b__in_rover__seed1414__gpu_full__3e6df100__git3bd8b1e0__code6e952f10__20260724T172450269924Z,msl_ncam_nlb_427503571edr_f0080610ncam00253m1,test_msl,ALL,boundary_f1,1.0,0,0,70082
sam__region_oracle_upper_bound__vit-b__in_rover__seed1414__gpu_full__3e6df100__git3bd8b1e0__code6e952f10__20260724T172450269924Z,msl_ncam_nlb_428295522edr_f0100474ncam00385m1,test_msl,soil,iou,1.0,233287,233287,233287
sam__region_oracle_upper_bound__vit-b__in_rover__seed1414__gpu_full__3e6df100__git3bd8b1e0__code6e952f10__20260724T172450269924Z,msl_ncam_nlb_428295522edr_f0100474ncam00385m1,test_msl,bedrock,iou,,0,0,233287
sam__region_oracle_upper_bound__vit-b__in_rover__seed1414__gpu_full__3e6df100__git3bd8b1e0__code6e952f10__20260724T172450269924Z,msl_ncam_nlb_428295522edr_f0100474ncam00385m1,test_msl,sand,iou,,0,0,233287
sam__region_oracle_upper_bound__vit-b__in_rover__seed1414__gpu_full__3e6df100__git3bd8b1e0__code6e952f10__20260724T172450269924Z,msl_ncam_nlb_428295522edr_f0100474ncam00385m1,test_msl,big_rock,iou,,0,0,233287
sam__region_oracle_upper_bound__vit-b__in_rover__seed1414__gpu_full__3e6df100__git3bd8b1e0__code6e952f10__20260724T172450269924Z,msl_ncam_nlb_428295522edr_f0100474ncam00385m1,test_msl,ALL,pixel_acc,1.0,0,0,233287
sam__region_oracle_upper_bound__vit-b__in_rover__seed1414__gpu_full__3e6df100__git3bd8b1e0__code6e952f10__20260724T172450269924Z,msl_ncam_nlb_428295522edr_f0100474ncam00385m1,test_msl,ALL,boundary_f1,1.0,0,0,233287
sam__region_oracle_upper_bound__vit-b__in_rover__seed1414__gpu_full__3e6df100__git3bd8b1e0__code6e952f10__20260724T172450269924Z,msl_ncam_nlb_428304492edr_f0100508ncam05114m1,test_msl,soil,iou,1.0,88012,88012,88012
sam__region_oracle_upper_bound__vit-b__in_rover__seed1414__gpu_full__3e6df100__git3bd8b1e0__code6e952f10__20260724T172450269924Z,msl_ncam_nlb_428304492edr_f0100508ncam05114m1,test_msl,bedrock,iou,,0,0,88012
sam__region_oracle_upper_bound__vit-b__in_rover__seed1414__gpu_full__3e6df100__git3bd8b1e0__code6e952f10__20260724T172450269924Z,msl_ncam_nlb_428304492edr_f0100508ncam05114m1,test_msl,sand,iou,,0,0,88012
sam__region_oracle_upper_bound__vit-b__in_rover__seed1414__gpu_full__3e6df100__git3bd8b1e0__code6e952f10__20260724T172450269924Z,msl_ncam_nlb_428304492edr_f0100508ncam05114m1,test_msl,big_rock,iou,,0,0,88012
sam__region_oracle_upper_bound__vit-b__in_rover__seed1414__gpu_full__3e6df100__git3bd8b1e0__code6e952f10__20260724T172450269924Z,msl_ncam_nlb_428304492edr_f0100508ncam05114m1,test_msl,ALL,pixel_acc,1.0,0,0,88012
sam__region_oracle_upper_bound__vit-b__in_rover__seed1414__gpu_full__3e6df100__git3bd8b1e0__code6e952f10__20260724T172450269924Z,msl_ncam_nlb_428304492edr_f0100508ncam05114m1,test_msl,ALL,boundary_f1,1.0,0,0,88012
sam__region_oracle_upper_bound__vit-b__in_rover__seed1414__gpu_full__3e6df100__git3bd8b1e0__code6e952f10__20260724T172450269924Z,msl_ncam_nlb_428304547edr_f0100508ncam05114m1,test_msl,soil,iou,,0,0,0
sam__region_oracle_upper_bound__vit-b__in_rover__seed1414__gpu_full__3e6df100__git3bd8b1e0__code6e952f10__20260724T172450269924Z,msl_ncam_nlb_428304547edr_f0100508ncam05114m1,test_msl,bedrock,iou,,0,0,0
sam__region_oracle_upper_bound__vit-b__in_rover__seed1414__gpu_full__3e6df100__git3bd8b1e0__code6e952f10__20260724T172450269924Z,msl_ncam_nlb_428304547edr_f0100508ncam05114m1,test_msl,sand,iou,,0,0,0
sam__region_oracle_upper_bound__vit-b__in_rover__seed1414__gpu_full__3e6df100__git3bd8b1e0__code6e952f10__20260724T172450269924Z,msl_ncam_nlb_428304547edr_f0100508ncam05114m1,test_msl,big_rock,iou,,0,0,0
sam__region_oracle_upper_bound__vit-b__in_rover__seed1414__gpu_full__3e6df100__git3bd8b1e0__code6e952f10__20260724T172450269924Z,msl_ncam_nlb_428304547edr_f0100508ncam05114m1,test_msl,ALL,pixel_acc,,0,0,0
sam__region_oracle_upper_bound__vit-b__in_rover__seed1414__gpu_full__3e6df100__git3bd8b1e0__code6e952f10__20260724T172450269924Z,msl_ncam_nlb_428304547edr_f0100508ncam05114m1,test_msl,ALL,boundary_f1,,0,0,0
sam__region_oracle_upper_bound__vit-b__in_rover__seed1414__gpu_full__3e6df100__git3bd8b1e0__code6e952f10__20260724T172450269924Z,msl_ncam_nlb_428304609edr_f0100508ncam05114m1,test_msl,soil,iou,0.9999275862837281,179511,179524,181034
sam__region_oracle_upper_bound__vit-b__in_rover__seed1414__gpu_full__3e6df100__git3bd8b1e0__code6e952f10__20260724T172450269924Z,msl_ncam_nlb_428304609edr_f0100508ncam05114m1,test_msl,bedrock,iou,,0,0,181034
sam__region_oracle_upper_bound__vit-b__in_rover__seed1414__gpu_full__3e6df100__git3bd8b1e0__code6e952f10__20260724T172450269924Z,msl_ncam_nlb_428304609edr_f0100508ncam05114m1,test_msl,sand,iou,,0,0,181034
sam__region_oracle_upper_bound__vit-b__in_rover__seed1414__gpu_full__3e6df100__git3bd8b1e0__code6e952f10__20260724T172450269924Z,msl_ncam_nlb_428304609edr_f0100508ncam05114m1,test_msl,big_rock,iou,0.9914642153644123,1510,1523,181034
sam__region_oracle_upper_bound__vit-b__in_rover__seed1414__gpu_full__3e6df100__git3bd8b1e0__code6e952f10__20260724T172450269924Z,msl_ncam_nlb_428304609edr_f0100508ncam05114m1,test_msl,ALL,pixel_acc,0.9999281902846979,0,0,181034
sam__region_oracle_upper_bound__vit-b__in_rover__seed1414__gpu_full__3e6df100__git3bd8b1e0__code6e952f10__20260724T172450269924Z,msl_ncam_nlb_428304609edr_f0100508ncam05114m1,test_msl,ALL,boundary_f1,0.97796852010392,0,0,181034
sam__region_oracle_upper_bound__vit-b__in_rover__seed1414__gpu_full__3e6df100__git3bd8b1e0__code6e952f10__20260724T172450269924Z,msl_ncam_nlb_431505395edr_f0141388ncam00385m1,test_msl,soil,iou,1.0,184315,184315,184315
sam__region_oracle_upper_bound__vit-b__in_rover__seed1414__gpu_full__3e6df100__git3bd8b1e0__code6e952f10__20260724T172450269924Z,msl_ncam_nlb_431505395edr_f0141388ncam00385m1,test_msl,bedrock,iou,,0,0,184315
sam__region_oracle_upper_bound__vit-b__in_rover__seed1414__gpu_full__3e6df100__git3bd8b1e0__code6e952f10__20260724T172450269924Z,msl_ncam_nlb_431505395edr_f0141388ncam00385m1,test_msl,sand,iou,,0,0,184315
sam__region_oracle_upper_bound__vit-b__in_rover__seed1414__gpu_full__3e6df100__git3bd8b1e0__code6e952f10__20260724T172450269924Z,msl_ncam_nlb_431505395edr_f0141388ncam00385m1,test_msl,big_rock,iou,,0,0,184315
sam__region_oracle_upper_bound__vit-b__in_rover__seed1414__gpu_full__3e6df100__git3bd8b1e0__code6e952f10__20260724T172450269924Z,msl_ncam_nlb_431505395edr_f0141388ncam00385m1,test_msl,ALL,pixel_acc,1.0,0,0,184315
sam__region_oracle_upper_bound__vit-b__in_rover__seed1414__gpu_full__3e6df100__git3bd8b1e0__code6e952f10__20260724T172450269924Z,msl_ncam_nlb_431505395edr_f0141388ncam00385m1,test_msl,ALL,boundary_f1,1.0,0,0,184315
sam__region_oracle_upper_bound__vit-b__in_rover__seed1414__gpu_full__3e6df100__git3bd8b1e0__code6e952f10__20260724T172450269924Z,msl_ncam_nlb_431511171edr_f0150000ncam00290m1,test_msl,soil,iou,1.0,93104,93104,93104
sam__region_oracle_upper_bound__vit-b__in_rover__seed1414__gpu_full__3e6df100__git3bd8b1e0__code6e952f10__20260724T172450269924Z,msl_ncam_nlb_431511171edr_f0150000ncam00290m1,test_msl,bedrock,iou,,0,0,93104
sam__region_oracle_upper_bound__vit-b__in_rover__seed1414__gpu_full__3e6df100__git3bd8b1e0__code6e952f10__20260724T172450269924Z,msl_ncam_nlb_431511171edr_f0150000ncam00290m1,test_msl,sand,iou,,0,0,93104
sam__region_oracle_upper_bound__vit-b__in_rover__seed1414__gpu_full__3e6df100__git3bd8b1e0__code6e952f10__20260724T172450269924Z,msl_ncam_nlb_431511171edr_f0150000ncam00290m1,test_msl,big_rock,iou,,0,0,93104
sam__region_oracle_upper_bound__vit-b__in_rover__seed1414__gpu_full__3e6df100__git3bd8b1e0__code6e952f10__20260724T172450269924Z,msl_ncam_nlb_431511171edr_f0150000ncam00290m1,test_msl,ALL,pixel_acc,1.0,0,0,93104
sam__region_oracle_upper_bound__vit-b__in_rover__seed1414__gpu_full__3e6df100__git3bd8b1e0__code6e952f10__20260724T172450269924Z,msl_ncam_nlb_431511171edr_f0150000ncam00290m1,test_msl,ALL,boundary_f1,1.0,0,0,93104
sam__region_oracle_upper_bound__vit-b__in_rover__seed1414__gpu_full__3e6df100__git3bd8b1e0__code6e952f10__20260724T172450269924Z,msl_ncam_nlb_431511237edr_f0150000ncam00290m1,test_msl,soil,iou,1.0,137132,137132,137132
sam__region_oracle_upper_bound__vit-b__in_rover__seed1414__gpu_full__3e6df100__git3bd8b1e0__code6e952f10__20260724T172450269924Z,msl_ncam_nlb_431511237edr_f0150000ncam00290m1,test_msl,bedrock,iou,,0,0,137132
sam__region_oracle_upper_bound__vit-b__in_rover__seed1414__gpu_full__3e6df100__git3bd8b1e0__code6e952f10__20260724T172450269924Z,msl_ncam_nlb_431511237edr_f0150000ncam00290m1,test_msl,sand,iou,,0,0,137132
sam__region_oracle_upper_bound__vit-b__in_rover__seed1414__gpu_full__3e6df100__git3bd8b1e0__code6e952f10__20260724T172450269924Z,msl_ncam_nlb_431511237edr_f0150000ncam00290m1,test_msl,big_rock,iou,,0,0,137132
sam__region_oracle_upper_bound__vit-b__in_rover__seed1414__gpu_full__3e6df100__git3bd8b1e0__code6e952f10__20260724T172450269924Z,msl_ncam_nlb_431511237edr_f0150000ncam00290m1,test_msl,ALL,pixel_acc,1.0,0,0,137132
sam__region_oracle_upper_bound__vit-b__in_rover__seed1414__gpu_full__3e6df100__git3bd8b1e0__code6e952f10__20260724T172450269924Z,msl_ncam_nlb_431511237edr_f0150000ncam00290m1,test_msl,ALL,boundary_f1,1.0,0,0,137132
sam__region_oracle_upper_bound__vit-b__in_rover__seed1414__gpu_full__3e6df100__git3bd8b1e0__code6e952f10__20260724T172450269924Z,msl_ncam_nlb_431511659edr_f0150000ncam00291m1,test_msl,soil,iou,1.0,196725,196725,196725
sam__region_oracle_upper_bound__vit-b__in_rover__seed1414__gpu_full__3e6df100__git3bd8b1e0__code6e952f10__20260724T172450269924Z,msl_ncam_nlb_431511659edr_f0150000ncam00291m1,test_msl,bedrock,iou,,0,0,196725
sam__region_oracle_upper_bound__vit-b__in_rover__seed1414__gpu_full__3e6df100__git3bd8b1e0__code6e952f10__20260724T172450269924Z,msl_ncam_nlb_431511659edr_f0150000ncam00291m1,test_msl,sand,iou,,0,0,196725
sam__region_oracle_upper_bound__vit-b__in_rover__seed1414__gpu_full__3e6df100__git3bd8b1e0__code6e952f10__20260724T172450269924Z,msl_ncam_nlb_431511659edr_f0150000ncam00291m1,test_msl,big_rock,iou,,0,0,196725
sam__region_oracle_upper_bound__vit-b__in_rover__seed1414__gpu_full__3e6df100__git3bd8b1e0__code6e952f10__20260724T172450269924Z,msl_ncam_nlb_431511659edr_f0150000ncam00291m1,test_msl,ALL,pixel_acc,1.0,0,0,196725
sam__region_oracle_upper_bound__vit-b__in_rover__seed1414__gpu_full__3e6df100__git3bd8b1e0__code6e952f10__20260724T172450269924Z,msl_ncam_nlb_431511659edr_f0150000ncam00291m1,test_msl,ALL,boundary_f1,1.0,0,0,196725
sam__region_oracle_upper_bound__vit-b__in_rover__seed1414__gpu_full__3e6df100__git3bd8b1e0__code6e952f10__20260724T172450269924Z,msl_ncam_nlb_431511807edr_f0150000ncam00291m1,test_msl,soil,iou,,0,0,0
sam__region_oracle_upper_bound__vit-b__in_rover__seed1414__gpu_full__3e6df100__git3bd8b1e0__code6e952f10__20260724T172450269924Z,msl_ncam_nlb_431511807edr_f0150000ncam00291m1,test_msl,bedrock,iou,,0,0,0
sam__region_oracle_upper_bound__vit-b__in_rover__seed1414__gpu_full__3e6df100__git3bd8b1e0__code6e952f10__20260724T172450269924Z,msl_ncam_nlb_431511807edr_f0150000ncam00291m1,test_msl,sand,iou,,0,0,0
sam__region_oracle_upper_bound__vit-b__in_rover__seed1414__gpu_full__3e6df100__git3bd8b1e0__code6e952f10__20260724T172450269924Z,msl_ncam_nlb_431511807edr_f0150000ncam00291m1,test_msl,big_rock,iou,,0,0,0
sam__region_oracle_upper_bound__vit-b__in_rover__seed1414__gpu_full__3e6df100__git3bd8b1e0__code6e952f10__20260724T172450269924Z,msl_ncam_nlb_431511807edr_f0150000ncam00291m1,test_msl,ALL,pixel_acc,,0,0,0
sam__region_oracle_upper_bound__vit-b__in_rover__seed1414__gpu_full__3e6df100__git3bd8b1e0__code6e952f10__20260724T172450269924Z,msl_ncam_nlb_431511807edr_f0150000ncam00291m1,test_msl,ALL,boundary_f1,,0,0,0
sam__region_oracle_upper_bound__vit-b__in_rover__seed1414__gpu_full__3e6df100__git3bd8b1e0__code6e952f10__20260724T172450269924Z,msl_ncam_nlb_431511862edr_f0150000ncam00354m1,test_msl,soil,iou,1.0,215849,215849,215849
sam__region_oracle_upper_bound__vit-b__in_rover__seed1414__gpu_full__3e6df100__git3bd8b1e0__code6e952f10__20260724T172450269924Z,msl_ncam_nlb_431511862edr_f0150000ncam00354m1,test_msl,bedrock,iou,,0,0,215849
sam__region_oracle_upper_bound__vit-b__in_rover__seed1414__gpu_full__3e6df100__git3bd8b1e0__code6e952f10__20260724T172450269924Z,msl_ncam_nlb_431511862edr_f0150000ncam00354m1,test_msl,sand,iou,,0,0,215849
sam__region_oracle_upper_bound__vit-b__in_rover__seed1414__gpu_full__3e6df100__git3bd8b1e0__code6e952f10__20260724T172450269924Z,msl_ncam_nlb_431511862edr_f0150000ncam00354m1,test_msl,big_rock,iou,,0,0,215849
sam__region_oracle_upper_bound__vit-b__in_rover__seed1414__gpu_full__3e6df100__git3bd8b1e0__code6e952f10__20260724T172450269924Z,msl_ncam_nlb_431511862edr_f0150000ncam00354m1,test_msl,ALL,pixel_acc,1.0,0,0,215849
sam__region_oracle_upper_bound__vit-b__in_rover__seed1414__gpu_full__3e6df100__git3bd8b1e0__code6e952f10__20260724T172450269924Z,msl_ncam_nlb_431511862edr_f0150000ncam00354m1,test_msl,ALL,boundary_f1,1.0,0,0,215849
sam__region_oracle_upper_bound__vit-b__in_rover__seed1414__gpu_full__3e6df100__git3bd8b1e0__code6e952f10__20260724T172450269924Z,msl_ncam_nlb_436380021edr_f0211362ncam00278m1,test_msl,soil,iou,1.0,86938,86938,86938
sam__region_oracle_upper_bound__vit-b__in_rover__seed1414__gpu_full__3e6df100__git3bd8b1e0__code6e952f10__20260724T172450269924Z,msl_ncam_nlb_436380021edr_f0211362ncam00278m1,test_msl,bedrock,iou,,0,0,86938
sam__region_oracle_upper_bound__vit-b__in_rover__seed1414__gpu_full__3e6df100__git3bd8b1e0__code6e952f10__20260724T172450269924Z,msl_ncam_nlb_436380021edr_f0211362ncam00278m1,test_msl,sand,iou,,0,0,86938
sam__region_oracle_upper_bound__vit-b__in_rover__seed1414__gpu_full__3e6df100__git3bd8b1e0__code6e952f10__20260724T172450269924Z,msl_ncam_nlb_436380021edr_f0211362ncam00278m1,test_msl,big_rock,iou,,0,0,86938
sam__region_oracle_upper_bound__vit-b__in_rover__seed1414__gpu_full__3e6df100__git3bd8b1e0__code6e952f10__20260724T172450269924Z,msl_ncam_nlb_436380021edr_f0211362ncam00278m1,test_msl,ALL,pixel_acc,1.0,0,0,86938
sam__region_oracle_upper_bound__vit-b__in_rover__seed1414__gpu_full__3e6df100__git3bd8b1e0__code6e952f10__20260724T172450269924Z,msl_ncam_nlb_436380021edr_f0211362ncam00278m1,test_msl,ALL,boundary_f1,1.0,0,0,86938
sam__region_oracle_upper_bound__vit-b__in_rover__seed1414__gpu_full__3e6df100__git3bd8b1e0__code6e952f10__20260724T172450269924Z,msl_ncam_nlb_436380133edr_f0211362ncam00278m1,test_msl,soil,iou,0.3789670840414831,10926,28831,32983
sam__region_oracle_upper_bound__vit-b__in_rover__seed1414__gpu_full__3e6df100__git3bd8b1e0__code6e952f10__20260724T172450269924Z,msl_ncam_nlb_436380133edr_f0211362ncam00278m1,test_msl,bedrock,iou,0.188239561137054,4152,22057,32983
sam__region_oracle_upper_bound__vit-b__in_rover__seed1414__gpu_full__3e6df100__git3bd8b1e0__code6e952f10__20260724T172450269924Z,msl_ncam_nlb_436380133edr_f0211362ncam00278m1,test_msl,sand,iou,,0,0,32983
sam__region_oracle_upper_bound__vit-b__in_rover__seed1414__gpu_full__3e6df100__git3bd8b1e0__code6e952f10__20260724T172450269924Z,msl_ncam_nlb_436380133edr_f0211362ncam00278m1,test_msl,big_rock,iou,,0,0,32983
sam__region_oracle_upper_bound__vit-b__in_rover__seed1414__gpu_full__3e6df100__git3bd8b1e0__code6e952f10__20260724T172450269924Z,msl_ncam_nlb_436380133edr_f0211362ncam00278m1,test_msl,ALL,pixel_acc,0.45714458963708576,0,0,32983
sam__region_oracle_upper_bound__vit-b__in_rover__seed1414__gpu_full__3e6df100__git3bd8b1e0__code6e952f10__20260724T172450269924Z,msl_ncam_nlb_436380133edr_f0211362ncam00278m1,test_msl,ALL,boundary_f1,0.33681569042165266,0,0,32983
sam__region_oracle_upper_bound__vit-b__in_rover__seed1414__gpu_full__3e6df100__git3bd8b1e0__code6e952f10__20260724T172450269924Z,msl_ncam_nlb_436383872edr_f0211362ncam00354m1,test_msl,soil,iou,0.36899862825788754,10222,27702,31991
sam__region_oracle_upper_bound__vit-b__in_rover__seed1414__gpu_full__3e6df100__git3bd8b1e0__code6e952f10__20260724T172450269924Z,msl_ncam_nlb_436383872edr_f0211362ncam00354m1,test_msl,bedrock,iou,0.19702328999954064,4289,21769,31991
sam__region_oracle_upper_bound__vit-b__in_rover__seed1414__gpu_full__3e6df100__git3bd8b1e0__code6e952f10__20260724T172450269924Z,msl_ncam_nlb_436383872edr_f0211362ncam00354m1,test_msl,sand,iou,,0,0,31991
sam__region_oracle_upper_bound__vit-b__in_rover__seed1414__gpu_full__3e6df100__git3bd8b1e0__code6e952f10__20260724T172450269924Z,msl_ncam_nlb_436383872edr_f0211362ncam00354m1,test_msl,big_rock,iou,,0,0,31991
sam__region_oracle_upper_bound__vit-b__in_rover__seed1414__gpu_full__3e6df100__git3bd8b1e0__code6e952f10__20260724T172450269924Z,msl_ncam_nlb_436383872edr_f0211362ncam00354m1,test_msl,ALL,pixel_acc,0.4535963239661155,0,0,31991
sam__region_oracle_upper_bound__vit-b__in_rover__seed1414__gpu_full__3e6df100__git3bd8b1e0__code6e952f10__20260724T172450269924Z,msl_ncam_nlb_436383872edr_f0211362ncam00354m1,test_msl,ALL,boundary_f1,0.4473660073003769,0,0,31991
sam__region_oracle_upper_bound__vit-b__in_rover__seed1414__gpu_full__3e6df100__git3bd8b1e0__code6e952f10__20260724T172450269924Z,msl_ncam_nlb_436383928edr_f0211362ncam00354m1,test_msl,soil,iou,0.0,0,52544,58335
sam__region_oracle_upper_bound__vit-b__in_rover__seed1414__gpu_full__3e6df100__git3bd8b1e0__code6e952f10__20260724T172450269924Z,msl_ncam_nlb_436383928edr_f0211362ncam00354m1,test_msl,bedrock,iou,0.09927144938716037,5791,58335,58335
sam__region_oracle_upper_bound__vit-b__in_rover__seed1414__gpu_full__3e6df100__git3bd8b1e0__code6e952f10__20260724T172450269924Z,msl_ncam_nlb_436383928edr_f0211362ncam00354m1,test_msl,sand,iou,,0,0,58335
sam__region_oracle_upper_bound__vit-b__in_rover__seed1414__gpu_full__3e6df100__git3bd8b1e0__code6e952f10__20260724T172450269924Z,msl_ncam_nlb_436383928edr_f0211362ncam00354m1,test_msl,big_rock,iou,,0,0,58335
sam__region_oracle_upper_bound__vit-b__in_rover__seed1414__gpu_full__3e6df100__git3bd8b1e0__code6e952f10__20260724T172450269924Z,msl_ncam_nlb_436383928edr_f0211362ncam00354m1,test_msl,ALL,pixel_acc,0.09927144938716037,0,0,58335
sam__region_oracle_upper_bound__vit-b__in_rover__seed1414__gpu_full__3e6df100__git3bd8b1e0__code6e952f10__20260724T172450269924Z,msl_ncam_nlb_436383928edr_f0211362ncam00354m1,test_msl,ALL,boundary_f1,0.10824198445782512,0,0,58335
sam__region_oracle_upper_bound__vit-b__in_rover__seed1414__gpu_full__3e6df100__git3bd8b1e0__code6e952f10__20260724T172450269924Z,msl_ncam_nlb_436384026edr_f0211362ncam00279m1,test_msl,soil,iou,0.01062478518806318,711,66919,164119
sam__region_oracle_upper_bound__vit-b__in_rover__seed1414__gpu_full__3e6df100__git3bd8b1e0__code6e952f10__20260724T172450269924Z,msl_ncam_nlb_436384026edr_f0211362ncam00279m1,test_msl,bedrock,iou,0.5948301184764516,97200,163408,164119
sam__region_oracle_upper_bound__vit-b__in_rover__seed1414__gpu_full__3e6df100__git3bd8b1e0__code6e952f10__20260724T172450269924Z,msl_ncam_nlb_436384026edr_f0211362ncam00279m1,test_msl,sand,iou,,0,0,164119
sam__region_oracle_upper_bound__vit-b__in_rover__seed1414__gpu_full__3e6df100__git3bd8b1e0__code6e952f10__20260724T172450269924Z,msl_ncam_nlb_436384026edr_f0211362ncam00279m1,test_msl,big_rock,iou,,0,0,164119
sam__region_oracle_upper_bound__vit-b__in_rover__seed1414__gpu_full__3e6df100__git3bd8b1e0__code6e952f10__20260724T172450269924Z,msl_ncam_nlb_436384026edr_f0211362ncam00279m1,test_msl,ALL,pixel_acc,0.5965854044930813,0,0,164119
sam__region_oracle_upper_bound__vit-b__in_rover__seed1414__gpu_full__3e6df100__git3bd8b1e0__code6e952f10__20260724T172450269924Z,msl_ncam_nlb_436384026edr_f0211362ncam00279m1,test_msl,ALL,boundary_f1,0.3609036200595868,0,0,164119
sam__region_oracle_upper_bound__vit-b__in_rover__seed1414__gpu_full__3e6df100__git3bd8b1e0__code6e952f10__20260724T172450269924Z,msl_ncam_nlb_436384140edr_f0211362ncam00279m1,test_msl,soil,iou,,0,0,0
sam__region_oracle_upper_bound__vit-b__in_rover__seed1414__gpu_full__3e6df100__git3bd8b1e0__code6e952f10__20260724T172450269924Z,msl_ncam_nlb_436384140edr_f0211362ncam00279m1,test_msl,bedrock,iou,,0,0,0
sam__region_oracle_upper_bound__vit-b__in_rover__seed1414__gpu_full__3e6df100__git3bd8b1e0__code6e952f10__20260724T172450269924Z,msl_ncam_nlb_436384140edr_f0211362ncam00279m1,test_msl,sand,iou,,0,0,0
sam__region_oracle_upper_bound__vit-b__in_rover__seed1414__gpu_full__3e6df100__git3bd8b1e0__code6e952f10__20260724T172450269924Z,msl_ncam_nlb_436384140edr_f0211362ncam00279m1,test_msl,big_rock,iou,,0,0,0
sam__region_oracle_upper_bound__vit-b__in_rover__seed1414__gpu_full__3e6df100__git3bd8b1e0__code6e952f10__20260724T172450269924Z,msl_ncam_nlb_436384140edr_f0211362ncam00279m1,test_msl,ALL,pixel_acc,,0,0,0
sam__region_oracle_upper_bound__vit-b__in_rover__seed1414__gpu_full__3e6df100__git3bd8b1e0__code6e952f10__20260724T172450269924Z,msl_ncam_nlb_436384140edr_f0211362ncam00279m1,test_msl,ALL,boundary_f1,,0,0,0
sam__region_oracle_upper_bound__vit-b__in_rover__seed1414__gpu_full__3e6df100__git3bd8b1e0__code6e952f10__20260724T172450269924Z,msl_ncam_nlb_436384203edr_f0211362ncam00279m1,test_msl,soil,iou,0.0,0,5228,14096
sam__region_oracle_upper_bound__vit-b__in_rover__seed1414__gpu_full__3e6df100__git3bd8b1e0__code6e952f10__20260724T172450269924Z,msl_ncam_nlb_436384203edr_f0211362ncam00279m1,test_msl,bedrock,iou,0.6291146424517594,8868,14096,14096
sam__region_oracle_upper_bound__vit-b__in_rover__seed1414__gpu_full__3e6df100__git3bd8b1e0__code6e952f10__20260724T172450269924Z,msl_ncam_nlb_436384203edr_f0211362ncam00279m1,test_msl,sand,iou,,0,0,14096
sam__region_oracle_upper_bound__vit-b__in_rover__seed1414__gpu_full__3e6df100__git3bd8b1e0__code6e952f10__20260724T172450269924Z,msl_ncam_nlb_436384203edr_f0211362ncam00279m1,test_msl,big_rock,iou,,0,0,14096
sam__region_oracle_upper_bound__vit-b__in_rover__seed1414__gpu_full__3e6df100__git3bd8b1e0__code6e952f10__20260724T172450269924Z,msl_ncam_nlb_436384203edr_f0211362ncam00279m1,test_msl,ALL,pixel_acc,0.6291146424517594,0,0,14096
sam__region_oracle_upper_bound__vit-b__in_rover__seed1414__gpu_full__3e6df100__git3bd8b1e0__code6e952f10__20260724T172450269924Z,msl_ncam_nlb_436384203edr_f0211362ncam00279m1,test_msl,ALL,boundary_f1,0.3722438391699092,0,0,14096
sam__region_oracle_upper_bound__vit-b__in_rover__seed1414__gpu_full__3e6df100__git3bd8b1e0__code6e952f10__20260724T172450269924Z,msl_ncam_nlb_439225105edr_f0240000ncam00346m1,test_msl,soil,iou,,0,0,0
sam__region_oracle_upper_bound__vit-b__in_rover__seed1414__gpu_full__3e6df100__git3bd8b1e0__code6e952f10__20260724T172450269924Z,msl_ncam_nlb_439225105edr_f0240000ncam00346m1,test_msl,bedrock,iou,,0,0,0
sam__region_oracle_upper_bound__vit-b__in_rover__seed1414__gpu_full__3e6df100__git3bd8b1e0__code6e952f10__20260724T172450269924Z,msl_ncam_nlb_439225105edr_f0240000ncam00346m1,test_msl,sand,iou,,0,0,0
sam__region_oracle_upper_bound__vit-b__in_rover__seed1414__gpu_full__3e6df100__git3bd8b1e0__code6e952f10__20260724T172450269924Z,msl_ncam_nlb_439225105edr_f0240000ncam00346m1,test_msl,big_rock,iou,,0,0,0
sam__region_oracle_upper_bound__vit-b__in_rover__seed1414__gpu_full__3e6df100__git3bd8b1e0__code6e952f10__20260724T172450269924Z,msl_ncam_nlb_439225105edr_f0240000ncam00346m1,test_msl,ALL,pixel_acc,,0,0,0
sam__region_oracle_upper_bound__vit-b__in_rover__seed1414__gpu_full__3e6df100__git3bd8b1e0__code6e952f10__20260724T172450269924Z,msl_ncam_nlb_439225105edr_f0240000ncam00346m1,test_msl,ALL,boundary_f1,,0,0,0
sam__region_oracle_upper_bound__vit-b__in_rover__seed1414__gpu_full__3e6df100__git3bd8b1e0__code6e952f10__20260724T172450269924Z,msl_ncam_nlb_439225164edr_f0240000ncam05113m1,test_msl,soil,iou,0.9048515659323417,86502,95598,96800
sam__region_oracle_upper_bound__vit-b__in_rover__seed1414__gpu_full__3e6df100__git3bd8b1e0__code6e952f10__20260724T172450269924Z,msl_ncam_nlb_439225164edr_f0240000ncam05113m1,test_msl,bedrock,iou,0.1167216935327248,1202,10298,96800
sam__region_oracle_upper_bound__vit-b__in_rover__seed1414__gpu_full__3e6df100__git3bd8b1e0__code6e952f10__20260724T172450269924Z,msl_ncam_nlb_439225164edr_f0240000ncam05113m1,test_msl,sand,iou,,0,0,96800
sam__region_oracle_upper_bound__vit-b__in_rover__seed1414__gpu_full__3e6df100__git3bd8b1e0__code6e952f10__20260724T172450269924Z,msl_ncam_nlb_439225164edr_f0240000ncam05113m1,test_msl,big_rock,iou,,0,0,96800
sam__region_oracle_upper_bound__vit-b__in_rover__seed1414__gpu_full__3e6df100__git3bd8b1e0__code6e952f10__20260724T172450269924Z,msl_ncam_nlb_439225164edr_f0240000ncam05113m1,test_msl,ALL,pixel_acc,0.9060330578512397,0,0,96800
sam__region_oracle_upper_bound__vit-b__in_rover__seed1414__gpu_full__3e6df100__git3bd8b1e0__code6e952f10__20260724T172450269924Z,msl_ncam_nlb_439225164edr_f0240000ncam05113m1,test_msl,ALL,boundary_f1,0.5787253785482307,0,0,96800
sam__region_oracle_upper_bound__vit-b__in_rover__seed1414__gpu_full__3e6df100__git3bd8b1e0__code6e952f10__20260724T172450269924Z,msl_ncam_nlb_439225290edr_f0240000ncam05113m1,test_msl,soil,iou,1.0,8548,8548,8548
sam__region_oracle_upper_bound__vit-b__in_rover__seed1414__gpu_full__3e6df100__git3bd8b1e0__code6e952f10__20260724T172450269924Z,msl_ncam_nlb_439225290edr_f0240000ncam05113m1,test_msl,bedrock,iou,,0,0,8548
sam__region_oracle_upper_bound__vit-b__in_rover__seed1414__gpu_full__3e6df100__git3bd8b1e0__code6e952f10__20260724T172450269924Z,msl_ncam_nlb_439225290edr_f0240000ncam05113m1,test_msl,sand,iou,,0,0,8548
sam__region_oracle_upper_bound__vit-b__in_rover__seed1414__gpu_full__3e6df100__git3bd8b1e0__code6e952f10__20260724T172450269924Z,msl_ncam_nlb_439225290edr_f0240000ncam05113m1,test_msl,big_rock,iou,,0,0,8548
sam__region_oracle_upper_bound__vit-b__in_rover__seed1414__gpu_full__3e6df100__git3bd8b1e0__code6e952f10__20260724T172450269924Z,msl_ncam_nlb_439225290edr_f0240000ncam05113m1,test_msl,ALL,pixel_acc,1.0,0,0,8548
sam__region_oracle_upper_bound__vit-b__in_rover__seed1414__gpu_full__3e6df100__git3bd8b1e0__code6e952f10__20260724T172450269924Z,msl_ncam_nlb_439225290edr_f0240000ncam05113m1,test_msl,ALL,boundary_f1,1.0,0,0,8548
sam__region_oracle_upper_bound__vit-b__in_rover__seed1414__gpu_full__3e6df100__git3bd8b1e0__code6e952f10__20260724T172450269924Z,msl_ncam_nlb_439225843edr_f0240000ncam00267m1,test_msl,soil,iou,1.0,59790,59790,59790
sam__region_oracle_upper_bound__vit-b__in_rover__seed1414__gpu_full__3e6df100__git3bd8b1e0__code6e952f10__20260724T172450269924Z,msl_ncam_nlb_439225843edr_f0240000ncam00267m1,test_msl,bedrock,iou,,0,0,59790
sam__region_oracle_upper_bound__vit-b__in_rover__seed1414__gpu_full__3e6df100__git3bd8b1e0__code6e952f10__20260724T172450269924Z,msl_ncam_nlb_439225843edr_f0240000ncam00267m1,test_msl,sand,iou,,0,0,59790
sam__region_oracle_upper_bound__vit-b__in_rover__seed1414__gpu_full__3e6df100__git3bd8b1e0__code6e952f10__20260724T172450269924Z,msl_ncam_nlb_439225843edr_f0240000ncam00267m1,test_msl,big_rock,iou,,0,0,59790
sam__region_oracle_upper_bound__vit-b__in_rover__seed1414__gpu_full__3e6df100__git3bd8b1e0__code6e952f10__20260724T172450269924Z,msl_ncam_nlb_439225843edr_f0240000ncam00267m1,test_msl,ALL,pixel_acc,1.0,0,0,59790
sam__region_oracle_upper_bound__vit-b__in_rover__seed1414__gpu_full__3e6df100__git3bd8b1e0__code6e952f10__20260724T172450269924Z,msl_ncam_nlb_439225843edr_f0240000ncam00267m1,test_msl,ALL,boundary_f1,1.0,0,0,59790
sam__region_oracle_upper_bound__vit-b__in_rover__seed1414__gpu_full__3e6df100__git3bd8b1e0__code6e952f10__20260724T172450269924Z,msl_ncam_nlb_439225957edr_f0240000ncam00267m1,test_msl,soil,iou,1.0,32088,32088,32088
sam__region_oracle_upper_bound__vit-b__in_rover__seed1414__gpu_full__3e6df100__git3bd8b1e0__code6e952f10__20260724T172450269924Z,msl_ncam_nlb_439225957edr_f0240000ncam00267m1,test_msl,bedrock,iou,,0,0,32088
sam__region_oracle_upper_bound__vit-b__in_rover__seed1414__gpu_full__3e6df100__git3bd8b1e0__code6e952f10__20260724T172450269924Z,msl_ncam_nlb_439225957edr_f0240000ncam00267m1,test_msl,sand,iou,,0,0,32088
sam__region_oracle_upper_bound__vit-b__in_rover__seed1414__gpu_full__3e6df100__git3bd8b1e0__code6e952f10__20260724T172450269924Z,msl_ncam_nlb_439225957edr_f0240000ncam00267m1,test_msl,big_rock,iou,,0,0,32088
sam__region_oracle_upper_bound__vit-b__in_rover__seed1414__gpu_full__3e6df100__git3bd8b1e0__code6e952f10__20260724T172450269924Z,msl_ncam_nlb_439225957edr_f0240000ncam00267m1,test_msl,ALL,pixel_acc,1.0,0,0,32088
sam__region_oracle_upper_bound__vit-b__in_rover__seed1414__gpu_full__3e6df100__git3bd8b1e0__code6e952f10__20260724T172450269924Z,msl_ncam_nlb_439225957edr_f0240000ncam00267m1,test_msl,ALL,boundary_f1,1.0,0,0,32088
sam__region_oracle_upper_bound__vit-b__in_rover__seed1414__gpu_full__3e6df100__git3bd8b1e0__code6e952f10__20260724T172450269924Z,msl_ncam_nlb_439226019edr_f0240000ncam00267m1,test_msl,soil,iou,1.0,11757,11757,11757
sam__region_oracle_upper_bound__vit-b__in_rover__seed1414__gpu_full__3e6df100__git3bd8b1e0__code6e952f10__20260724T172450269924Z,msl_ncam_nlb_439226019edr_f0240000ncam00267m1,test_msl,bedrock,iou,,0,0,11757
sam__region_oracle_upper_bound__vit-b__in_rover__seed1414__gpu_full__3e6df100__git3bd8b1e0__code6e952f10__20260724T172450269924Z,msl_ncam_nlb_439226019edr_f0240000ncam00267m1,test_msl,sand,iou,,0,0,11757
sam__region_oracle_upper_bound__vit-b__in_rover__seed1414__gpu_full__3e6df100__git3bd8b1e0__code6e952f10__20260724T172450269924Z,msl_ncam_nlb_439226019edr_f0240000ncam00267m1,test_msl,big_rock,iou,,0,0,11757
sam__region_oracle_upper_bound__vit-b__in_rover__seed1414__gpu_full__3e6df100__git3bd8b1e0__code6e952f10__20260724T172450269924Z,msl_ncam_nlb_439226019edr_f0240000ncam00267m1,test_msl,ALL,pixel_acc,1.0,0,0,11757
sam__region_oracle_upper_bound__vit-b__in_rover__seed1414__gpu_full__3e6df100__git3bd8b1e0__code6e952f10__20260724T172450269924Z,msl_ncam_nlb_439226019edr_f0240000ncam00267m1,test_msl,ALL,boundary_f1,1.0,0,0,11757
sam__region_oracle_upper_bound__vit-b__in_rover__seed1414__gpu_full__3e6df100__git3bd8b1e0__code6e952f10__20260724T172450269924Z,msl_ncam_nlb_439226061edr_f0240000ncam00350m1,test_msl,soil,iou,1.0,23535,23535,23535
sam__region_oracle_upper_bound__vit-b__in_rover__seed1414__gpu_full__3e6df100__git3bd8b1e0__code6e952f10__20260724T172450269924Z,msl_ncam_nlb_439226061edr_f0240000ncam00350m1,test_msl,bedrock,iou,,0,0,23535
sam__region_oracle_upper_bound__vit-b__in_rover__seed1414__gpu_full__3e6df100__git3bd8b1e0__code6e952f10__20260724T172450269924Z,msl_ncam_nlb_439226061edr_f0240000ncam00350m1,test_msl,sand,iou,,0,0,23535
sam__region_oracle_upper_bound__vit-b__in_rover__seed1414__gpu_full__3e6df100__git3bd8b1e0__code6e952f10__20260724T172450269924Z,msl_ncam_nlb_439226061edr_f0240000ncam00350m1,test_msl,big_rock,iou,,0,0,23535
sam__region_oracle_upper_bound__vit-b__in_rover__seed1414__gpu_full__3e6df100__git3bd8b1e0__code6e952f10__20260724T172450269924Z,msl_ncam_nlb_439226061edr_f0240000ncam00350m1,test_msl,ALL,pixel_acc,1.0,0,0,23535
sam__region_oracle_upper_bound__vit-b__in_rover__seed1414__gpu_full__3e6df100__git3bd8b1e0__code6e952f10__20260724T172450269924Z,msl_ncam_nlb_439226061edr_f0240000ncam00350m1,test_msl,ALL,boundary_f1,1.0,0,0,23535
sam__region_oracle_upper_bound__vit-b__in_rover__seed1414__gpu_full__3e6df100__git3bd8b1e0__code6e952f10__20260724T172450269924Z,msl_ncam_nlb_439226140edr_f0240000ncam00350m1,test_msl,soil,iou,1.0,178948,178948,178948
sam__region_oracle_upper_bound__vit-b__in_rover__seed1414__gpu_full__3e6df100__git3bd8b1e0__code6e952f10__20260724T172450269924Z,msl_ncam_nlb_439226140edr_f0240000ncam00350m1,test_msl,bedrock,iou,,0,0,178948
sam__region_oracle_upper_bound__vit-b__in_rover__seed1414__gpu_full__3e6df100__git3bd8b1e0__code6e952f10__20260724T172450269924Z,msl_ncam_nlb_439226140edr_f0240000ncam00350m1,test_msl,sand,iou,,0,0,178948
sam__region_oracle_upper_bound__vit-b__in_rover__seed1414__gpu_full__3e6df100__git3bd8b1e0__code6e952f10__20260724T172450269924Z,msl_ncam_nlb_439226140edr_f0240000ncam00350m1,test_msl,big_rock,iou,,0,0,178948
sam__region_oracle_upper_bound__vit-b__in_rover__seed1414__gpu_full__3e6df100__git3bd8b1e0__code6e952f10__20260724T172450269924Z,msl_ncam_nlb_439226140edr_f0240000ncam00350m1,test_msl,ALL,pixel_acc,1.0,0,0,178948
sam__region_oracle_upper_bound__vit-b__in_rover__seed1414__gpu_full__3e6df100__git3bd8b1e0__code6e952f10__20260724T172450269924Z,msl_ncam_nlb_439226140edr_f0240000ncam00350m1,test_msl,ALL,boundary_f1,1.0,0,0,178948
sam__region_oracle_upper_bound__vit-b__in_rover__seed1414__gpu_full__3e6df100__git3bd8b1e0__code6e952f10__20260724T172450269924Z,msl_ncam_nlb_442591818edr_f0250254ncam00470m1,test_msl,soil,iou,1.0,18461,18461,18461
sam__region_oracle_upper_bound__vit-b__in_rover__seed1414__gpu_full__3e6df100__git3bd8b1e0__code6e952f10__20260724T172450269924Z,msl_ncam_nlb_442591818edr_f0250254ncam00470m1,test_msl,bedrock,iou,,0,0,18461
sam__region_oracle_upper_bound__vit-b__in_rover__seed1414__gpu_full__3e6df100__git3bd8b1e0__code6e952f10__20260724T172450269924Z,msl_ncam_nlb_442591818edr_f0250254ncam00470m1,test_msl,sand,iou,,0,0,18461
sam__region_oracle_upper_bound__vit-b__in_rover__seed1414__gpu_full__3e6df100__git3bd8b1e0__code6e952f10__20260724T172450269924Z,msl_ncam_nlb_442591818edr_f0250254ncam00470m1,test_msl,big_rock,iou,,0,0,18461
sam__region_oracle_upper_bound__vit-b__in_rover__seed1414__gpu_full__3e6df100__git3bd8b1e0__code6e952f10__20260724T172450269924Z,msl_ncam_nlb_442591818edr_f0250254ncam00470m1,test_msl,ALL,pixel_acc,1.0,0,0,18461
sam__region_oracle_upper_bound__vit-b__in_rover__seed1414__gpu_full__3e6df100__git3bd8b1e0__code6e952f10__20260724T172450269924Z,msl_ncam_nlb_442591818edr_f0250254ncam00470m1,test_msl,ALL,boundary_f1,1.0,0,0,18461
sam__region_oracle_upper_bound__vit-b__in_rover__seed1414__gpu_full__3e6df100__git3bd8b1e0__code6e952f10__20260724T172450269924Z,msl_ncam_nlb_442592358edr_f0250272ncam00385m1,test_msl,soil,iou,1.0,134437,134437,134437
sam__region_oracle_upper_bound__vit-b__in_rover__seed1414__gpu_full__3e6df100__git3bd8b1e0__code6e952f10__20260724T172450269924Z,msl_ncam_nlb_442592358edr_f0250272ncam00385m1,test_msl,bedrock,iou,,0,0,134437
sam__region_oracle_upper_bound__vit-b__in_rover__seed1414__gpu_full__3e6df100__git3bd8b1e0__code6e952f10__20260724T172450269924Z,msl_ncam_nlb_442592358edr_f0250272ncam00385m1,test_msl,sand,iou,,0,0,134437
sam__region_oracle_upper_bound__vit-b__in_rover__seed1414__gpu_full__3e6df100__git3bd8b1e0__code6e952f10__20260724T172450269924Z,msl_ncam_nlb_442592358edr_f0250272ncam00385m1,test_msl,big_rock,iou,,0,0,134437
sam__region_oracle_upper_bound__vit-b__in_rover__seed1414__gpu_full__3e6df100__git3bd8b1e0__code6e952f10__20260724T172450269924Z,msl_ncam_nlb_442592358edr_f0250272ncam00385m1,test_msl,ALL,pixel_acc,1.0,0,0,134437
sam__region_oracle_upper_bound__vit-b__in_rover__seed1414__gpu_full__3e6df100__git3bd8b1e0__code6e952f10__20260724T172450269924Z,msl_ncam_nlb_442592358edr_f0250272ncam00385m1,test_msl,ALL,boundary_f1,1.0,0,0,134437
sam__region_oracle_upper_bound__vit-b__in_rover__seed1414__gpu_full__3e6df100__git3bd8b1e0__code6e952f10__20260724T172450269924Z,msl_ncam_nlb_442593301edr_f0250312ncam00353m1,test_msl,soil,iou,1.0,106977,106977,106977
sam__region_oracle_upper_bound__vit-b__in_rover__seed1414__gpu_full__3e6df100__git3bd8b1e0__code6e952f10__20260724T172450269924Z,msl_ncam_nlb_442593301edr_f0250312ncam00353m1,test_msl,bedrock,iou,,0,0,106977
sam__region_oracle_upper_bound__vit-b__in_rover__seed1414__gpu_full__3e6df100__git3bd8b1e0__code6e952f10__20260724T172450269924Z,msl_ncam_nlb_442593301edr_f0250312ncam00353m1,test_msl,sand,iou,,0,0,106977
sam__region_oracle_upper_bound__vit-b__in_rover__seed1414__gpu_full__3e6df100__git3bd8b1e0__code6e952f10__20260724T172450269924Z,msl_ncam_nlb_442593301edr_f0250312ncam00353m1,test_msl,big_rock,iou,,0,0,106977
sam__region_oracle_upper_bound__vit-b__in_rover__seed1414__gpu_full__3e6df100__git3bd8b1e0__code6e952f10__20260724T172450269924Z,msl_ncam_nlb_442593301edr_f0250312ncam00353m1,test_msl,ALL,pixel_acc,1.0,0,0,106977
sam__region_oracle_upper_bound__vit-b__in_rover__seed1414__gpu_full__3e6df100__git3bd8b1e0__code6e952f10__20260724T172450269924Z,msl_ncam_nlb_442593301edr_f0250312ncam00353m1,test_msl,ALL,boundary_f1,1.0,0,0,106977
sam__region_oracle_upper_bound__vit-b__in_rover__seed1414__gpu_full__3e6df100__git3bd8b1e0__code6e952f10__20260724T172450269924Z,msl_ncam_nlb_442598077edr_f0250312ncam00281m1,test_msl,soil,iou,1.0,8175,8175,8175
sam__region_oracle_upper_bound__vit-b__in_rover__seed1414__gpu_full__3e6df100__git3bd8b1e0__code6e952f10__20260724T172450269924Z,msl_ncam_nlb_442598077edr_f0250312ncam00281m1,test_msl,bedrock,iou,,0,0,8175
sam__region_oracle_upper_bound__vit-b__in_rover__seed1414__gpu_full__3e6df100__git3bd8b1e0__code6e952f10__20260724T172450269924Z,msl_ncam_nlb_442598077edr_f0250312ncam00281m1,test_msl,sand,iou,,0,0,8175
sam__region_oracle_upper_bound__vit-b__in_rover__seed1414__gpu_full__3e6df100__git3bd8b1e0__code6e952f10__20260724T172450269924Z,msl_ncam_nlb_442598077edr_f0250312ncam00281m1,test_msl,big_rock,iou,,0,0,8175
sam__region_oracle_upper_bound__vit-b__in_rover__seed1414__gpu_full__3e6df100__git3bd8b1e0__code6e952f10__20260724T172450269924Z,msl_ncam_nlb_442598077edr_f0250312ncam00281m1,test_msl,ALL,pixel_acc,1.0,0,0,8175
sam__region_oracle_upper_bound__vit-b__in_rover__seed1414__gpu_full__3e6df100__git3bd8b1e0__code6e952f10__20260724T172450269924Z,msl_ncam_nlb_442598077edr_f0250312ncam00281m1,test_msl,ALL,boundary_f1,1.0,0,0,8175
sam__region_oracle_upper_bound__vit-b__in_rover__seed1414__gpu_full__3e6df100__git3bd8b1e0__code6e952f10__20260724T172450269924Z,msl_ncam_nlb_442598204edr_f0250312ncam00281m1,test_msl,soil,iou,0.9807783871479712,111234,113414,113414
sam__region_oracle_upper_bound__vit-b__in_rover__seed1414__gpu_full__3e6df100__git3bd8b1e0__code6e952f10__20260724T172450269924Z,msl_ncam_nlb_442598204edr_f0250312ncam00281m1,test_msl,bedrock,iou,0.0,0,902,113414
sam__region_oracle_upper_bound__vit-b__in_rover__seed1414__gpu_full__3e6df100__git3bd8b1e0__code6e952f10__20260724T172450269924Z,msl_ncam_nlb_442598204edr_f0250312ncam00281m1,test_msl,sand,iou,0.0,0,1278,113414
sam__region_oracle_upper_bound__vit-b__in_rover__seed1414__gpu_full__3e6df100__git3bd8b1e0__code6e952f10__20260724T172450269924Z,msl_ncam_nlb_442598204edr_f0250312ncam00281m1,test_msl,big_rock,iou,,0,0,113414
sam__region_oracle_upper_bound__vit-b__in_rover__seed1414__gpu_full__3e6df100__git3bd8b1e0__code6e952f10__20260724T172450269924Z,msl_ncam_nlb_442598204edr_f0250312ncam00281m1,test_msl,ALL,pixel_acc,0.9807783871479712,0,0,113414
sam__region_oracle_upper_bound__vit-b__in_rover__seed1414__gpu_full__3e6df100__git3bd8b1e0__code6e952f10__20260724T172450269924Z,msl_ncam_nlb_442598204edr_f0250312ncam00281m1,test_msl,ALL,boundary_f1,0.30353491089687407,0,0,113414
sam__region_oracle_upper_bound__vit-b__in_rover__seed1414__gpu_full__3e6df100__git3bd8b1e0__code6e952f10__20260724T172450269924Z,msl_ncam_nlb_442600163edr_f0250312ncam00350m1,test_msl,soil,iou,1.0,151293,151293,151293
sam__region_oracle_upper_bound__vit-b__in_rover__seed1414__gpu_full__3e6df100__git3bd8b1e0__code6e952f10__20260724T172450269924Z,msl_ncam_nlb_442600163edr_f0250312ncam00350m1,test_msl,bedrock,iou,,0,0,151293
sam__region_oracle_upper_bound__vit-b__in_rover__seed1414__gpu_full__3e6df100__git3bd8b1e0__code6e952f10__20260724T172450269924Z,msl_ncam_nlb_442600163edr_f0250312ncam00350m1,test_msl,sand,iou,,0,0,151293
sam__region_oracle_upper_bound__vit-b__in_rover__seed1414__gpu_full__3e6df100__git3bd8b1e0__code6e952f10__20260724T172450269924Z,msl_ncam_nlb_442600163edr_f0250312ncam00350m1,test_msl,big_rock,iou,,0,0,151293
sam__region_oracle_upper_bound__vit-b__in_rover__seed1414__gpu_full__3e6df100__git3bd8b1e0__code6e952f10__20260724T172450269924Z,msl_ncam_nlb_442600163edr_f0250312ncam00350m1,test_msl,ALL,pixel_acc,1.0,0,0,151293
sam__region_oracle_upper_bound__vit-b__in_rover__seed1414__gpu_full__3e6df100__git3bd8b1e0__code6e952f10__20260724T172450269924Z,msl_ncam_nlb_442600163edr_f0250312ncam00350m1,test_msl,ALL,boundary_f1,1.0,0,0,151293
sam__region_oracle_upper_bound__vit-b__in_rover__seed1414__gpu_full__3e6df100__git3bd8b1e0__code6e952f10__20260724T172450269924Z,msl_ncam_nlb_442600208edr_f0250312ncam00282m1,test_msl,soil,iou,1.0,68473,68473,68473
sam__region_oracle_upper_bound__vit-b__in_rover__seed1414__gpu_full__3e6df100__git3bd8b1e0__code6e952f10__20260724T172450269924Z,msl_ncam_nlb_442600208edr_f0250312ncam00282m1,test_msl,bedrock,iou,,0,0,68473
sam__region_oracle_upper_bound__vit-b__in_rover__seed1414__gpu_full__3e6df100__git3bd8b1e0__code6e952f10__20260724T172450269924Z,msl_ncam_nlb_442600208edr_f0250312ncam00282m1,test_msl,sand,iou,,0,0,68473
sam__region_oracle_upper_bound__vit-b__in_rover__seed1414__gpu_full__3e6df100__git3bd8b1e0__code6e952f10__20260724T172450269924Z,msl_ncam_nlb_442600208edr_f0250312ncam00282m1,test_msl,big_rock,iou,,0,0,68473
sam__region_oracle_upper_bound__vit-b__in_rover__seed1414__gpu_full__3e6df100__git3bd8b1e0__code6e952f10__20260724T172450269924Z,msl_ncam_nlb_442600208edr_f0250312ncam00282m1,test_msl,ALL,pixel_acc,1.0,0,0,68473
sam__region_oracle_upper_bound__vit-b__in_rover__seed1414__gpu_full__3e6df100__git3bd8b1e0__code6e952f10__20260724T172450269924Z,msl_ncam_nlb_442600208edr_f0250312ncam00282m1,test_msl,ALL,boundary_f1,1.0,0,0,68473
sam__region_oracle_upper_bound__vit-b__in_rover__seed1414__gpu_full__3e6df100__git3bd8b1e0__code6e952f10__20260724T172450269924Z,msl_ncam_nlb_442600301edr_f0250312ncam00282m1,test_msl,soil,iou,0.9861834787190445,50535,51243,51243
sam__region_oracle_upper_bound__vit-b__in_rover__seed1414__gpu_full__3e6df100__git3bd8b1e0__code6e952f10__20260724T172450269924Z,msl_ncam_nlb_442600301edr_f0250312ncam00282m1,test_msl,bedrock,iou,0.0,0,708,51243
sam__region_oracle_upper_bound__vit-b__in_rover__seed1414__gpu_full__3e6df100__git3bd8b1e0__code6e952f10__20260724T172450269924Z,msl_ncam_nlb_442600301edr_f0250312ncam00282m1,test_msl,sand,iou,,0,0,51243
sam__region_oracle_upper_bound__vit-b__in_rover__seed1414__gpu_full__3e6df100__git3bd8b1e0__code6e952f10__20260724T172450269924Z,msl_ncam_nlb_442600301edr_f0250312ncam00282m1,test_msl,big_rock,iou,,0,0,51243
sam__region_oracle_upper_bound__vit-b__in_rover__seed1414__gpu_full__3e6df100__git3bd8b1e0__code6e952f10__20260724T172450269924Z,msl_ncam_nlb_442600301edr_f0250312ncam00282m1,test_msl,ALL,pixel_acc,0.9861834787190445,0,0,51243
sam__region_oracle_upper_bound__vit-b__in_rover__seed1414__gpu_full__3e6df100__git3bd8b1e0__code6e952f10__20260724T172450269924Z,msl_ncam_nlb_442600301edr_f0250312ncam00282m1,test_msl,ALL,boundary_f1,0.4700854700854701,0,0,51243
sam__region_oracle_upper_bound__vit-b__in_rover__seed1414__gpu_full__3e6df100__git3bd8b1e0__code6e952f10__20260724T172450269924Z,msl_ncam_nlb_442600416edr_f0250312ncam00282m1,test_msl,soil,iou,0.8787414565166156,7457,8486,8486
sam__region_oracle_upper_bound__vit-b__in_rover__seed1414__gpu_full__3e6df100__git3bd8b1e0__code6e952f10__20260724T172450269924Z,msl_ncam_nlb_442600416edr_f0250312ncam00282m1,test_msl,bedrock,iou,,0,0,8486
sam__region_oracle_upper_bound__vit-b__in_rover__seed1414__gpu_full__3e6df100__git3bd8b1e0__code6e952f10__20260724T172450269924Z,msl_ncam_nlb_442600416edr_f0250312ncam00282m1,test_msl,sand,iou,0.0,0,1029,8486
sam__region_oracle_upper_bound__vit-b__in_rover__seed1414__gpu_full__3e6df100__git3bd8b1e0__code6e952f10__20260724T172450269924Z,msl_ncam_nlb_442600416edr_f0250312ncam00282m1,test_msl,big_rock,iou,,0,0,8486
sam__region_oracle_upper_bound__vit-b__in_rover__seed1414__gpu_full__3e6df100__git3bd8b1e0__code6e952f10__20260724T172450269924Z,msl_ncam_nlb_442600416edr_f0250312ncam00282m1,test_msl,ALL,pixel_acc,0.8787414565166156,0,0,8486
sam__region_oracle_upper_bound__vit-b__in_rover__seed1414__gpu_full__3e6df100__git3bd8b1e0__code6e952f10__20260724T172450269924Z,msl_ncam_nlb_442600416edr_f0250312ncam00282m1,test_msl,ALL,boundary_f1,0.4213075060532688,0,0,8486
sam__region_oracle_upper_bound__vit-b__in_rover__seed1414__gpu_full__3e6df100__git3bd8b1e0__code6e952f10__20260724T172450269924Z,msl_ncam_nlb_442600447edr_f0250312ncam00282m1,test_msl,soil,iou,1.0,14865,14865,14865
sam__region_oracle_upper_bound__vit-b__in_rover__seed1414__gpu_full__3e6df100__git3bd8b1e0__code6e952f10__20260724T172450269924Z,msl_ncam_nlb_442600447edr_f0250312ncam00282m1,test_msl,bedrock,iou,,0,0,14865
sam__region_oracle_upper_bound__vit-b__in_rover__seed1414__gpu_full__3e6df100__git3bd8b1e0__code6e952f10__20260724T172450269924Z,msl_ncam_nlb_442600447edr_f0250312ncam00282m1,test_msl,sand,iou,,0,0,14865
sam__region_oracle_upper_bound__vit-b__in_rover__seed1414__gpu_full__3e6df100__git3bd8b1e0__code6e952f10__20260724T172450269924Z,msl_ncam_nlb_442600447edr_f0250312ncam00282m1,test_msl,big_rock,iou,,0,0,14865
sam__region_oracle_upper_bound__vit-b__in_rover__seed1414__gpu_full__3e6df100__git3bd8b1e0__code6e952f10__20260724T172450269924Z,msl_ncam_nlb_442600447edr_f0250312ncam00282m1,test_msl,ALL,pixel_acc,1.0,0,0,14865
sam__region_oracle_upper_bound__vit-b__in_rover__seed1414__gpu_full__3e6df100__git3bd8b1e0__code6e952f10__20260724T172450269924Z,msl_ncam_nlb_442600447edr_f0250312ncam00282m1,test_msl,ALL,boundary_f1,1.0,0,0,14865
sam__region_oracle_upper_bound__vit-b__in_rover__seed1414__gpu_full__3e6df100__git3bd8b1e0__code6e952f10__20260724T172450269924Z,msl_ncam_nlb_443659348edr_f0251082ncam00470m1,test_msl,soil,iou,1.0,97953,97953,97953
sam__region_oracle_upper_bound__vit-b__in_rover__seed1414__gpu_full__3e6df100__git3bd8b1e0__code6e952f10__20260724T172450269924Z,msl_ncam_nlb_443659348edr_f0251082ncam00470m1,test_msl,bedrock,iou,,0,0,97953
sam__region_oracle_upper_bound__vit-b__in_rover__seed1414__gpu_full__3e6df100__git3bd8b1e0__code6e952f10__20260724T172450269924Z,msl_ncam_nlb_443659348edr_f0251082ncam00470m1,test_msl,sand,iou,,0,0,97953
sam__region_oracle_upper_bound__vit-b__in_rover__seed1414__gpu_full__3e6df100__git3bd8b1e0__code6e952f10__20260724T172450269924Z,msl_ncam_nlb_443659348edr_f0251082ncam00470m1,test_msl,big_rock,iou,,0,0,97953
sam__region_oracle_upper_bound__vit-b__in_rover__seed1414__gpu_full__3e6df100__git3bd8b1e0__code6e952f10__20260724T172450269924Z,msl_ncam_nlb_443659348edr_f0251082ncam00470m1,test_msl,ALL,pixel_acc,1.0,0,0,97953
sam__region_oracle_upper_bound__vit-b__in_rover__seed1414__gpu_full__3e6df100__git3bd8b1e0__code6e952f10__20260724T172450269924Z,msl_ncam_nlb_443659348edr_f0251082ncam00470m1,test_msl,ALL,boundary_f1,1.0,0,0,97953
sam__region_oracle_upper_bound__vit-b__in_rover__seed1414__gpu_full__3e6df100__git3bd8b1e0__code6e952f10__20260724T172450269924Z,msl_ncam_nlb_443663198edr_f0251238ncam00353m1,test_msl,soil,iou,1.0,159090,159090,159090
sam__region_oracle_upper_bound__vit-b__in_rover__seed1414__gpu_full__3e6df100__git3bd8b1e0__code6e952f10__20260724T172450269924Z,msl_ncam_nlb_443663198edr_f0251238ncam00353m1,test_msl,bedrock,iou,,0,0,159090
sam__region_oracle_upper_bound__vit-b__in_rover__seed1414__gpu_full__3e6df100__git3bd8b1e0__code6e952f10__20260724T172450269924Z,msl_ncam_nlb_443663198edr_f0251238ncam00353m1,test_msl,sand,iou,,0,0,159090
sam__region_oracle_upper_bound__vit-b__in_rover__seed1414__gpu_full__3e6df100__git3bd8b1e0__code6e952f10__20260724T172450269924Z,msl_ncam_nlb_443663198edr_f0251238ncam00353m1,test_msl,big_rock,iou,,0,0,159090
sam__region_oracle_upper_bound__vit-b__in_rover__seed1414__gpu_full__3e6df100__git3bd8b1e0__code6e952f10__20260724T172450269924Z,msl_ncam_nlb_443663198edr_f0251238ncam00353m1,test_msl,ALL,pixel_acc,1.0,0,0,159090
sam__region_oracle_upper_bound__vit-b__in_rover__seed1414__gpu_full__3e6df100__git3bd8b1e0__code6e952f10__20260724T172450269924Z,msl_ncam_nlb_443663198edr_f0251238ncam00353m1,test_msl,ALL,boundary_f1,1.0,0,0,159090
sam__region_oracle_upper_bound__vit-b__in_rover__seed1414__gpu_full__3e6df100__git3bd8b1e0__code6e952f10__20260724T172450269924Z,msl_ncam_nlb_443663262edr_f0251238ncam00289m1,test_msl,soil,iou,1.0,68719,68719,68719
sam__region_oracle_upper_bound__vit-b__in_rover__seed1414__gpu_full__3e6df100__git3bd8b1e0__code6e952f10__20260724T172450269924Z,msl_ncam_nlb_443663262edr_f0251238ncam00289m1,test_msl,bedrock,iou,,0,0,68719
sam__region_oracle_upper_bound__vit-b__in_rover__seed1414__gpu_full__3e6df100__git3bd8b1e0__code6e952f10__20260724T172450269924Z,msl_ncam_nlb_443663262edr_f0251238ncam00289m1,test_msl,sand,iou,,0,0,68719
sam__region_oracle_upper_bound__vit-b__in_rover__seed1414__gpu_full__3e6df100__git3bd8b1e0__code6e952f10__20260724T172450269924Z,msl_ncam_nlb_443663262edr_f0251238ncam00289m1,test_msl,big_rock,iou,,0,0,68719
sam__region_oracle_upper_bound__vit-b__in_rover__seed1414__gpu_full__3e6df100__git3bd8b1e0__code6e952f10__20260724T172450269924Z,msl_ncam_nlb_443663262edr_f0251238ncam00289m1,test_msl,ALL,pixel_acc,1.0,0,0,68719
sam__region_oracle_upper_bound__vit-b__in_rover__seed1414__gpu_full__3e6df100__git3bd8b1e0__code6e952f10__20260724T172450269924Z,msl_ncam_nlb_443663262edr_f0251238ncam00289m1,test_msl,ALL,boundary_f1,1.0,0,0,68719
sam__region_oracle_upper_bound__vit-b__in_rover__seed1414__gpu_full__3e6df100__git3bd8b1e0__code6e952f10__20260724T172450269924Z,msl_ncam_nlb_443663326edr_f0251238ncam00289m1,test_msl,soil,iou,1.0,163565,163565,163565
sam__region_oracle_upper_bound__vit-b__in_rover__seed1414__gpu_full__3e6df100__git3bd8b1e0__code6e952f10__20260724T172450269924Z,msl_ncam_nlb_443663326edr_f0251238ncam00289m1,test_msl,bedrock,iou,,0,0,163565
sam__region_oracle_upper_bound__vit-b__in_rover__seed1414__gpu_full__3e6df100__git3bd8b1e0__code6e952f10__20260724T172450269924Z,msl_ncam_nlb_443663326edr_f0251238ncam00289m1,test_msl,sand,iou,,0,0,163565
sam__region_oracle_upper_bound__vit-b__in_rover__seed1414__gpu_full__3e6df100__git3bd8b1e0__code6e952f10__20260724T172450269924Z,msl_ncam_nlb_443663326edr_f0251238ncam00289m1,test_msl,big_rock,iou,,0,0,163565
sam__region_oracle_upper_bound__vit-b__in_rover__seed1414__gpu_full__3e6df100__git3bd8b1e0__code6e952f10__20260724T172450269924Z,msl_ncam_nlb_443663326edr_f0251238ncam00289m1,test_msl,ALL,pixel_acc,1.0,0,0,163565
sam__region_oracle_upper_bound__vit-b__in_rover__seed1414__gpu_full__3e6df100__git3bd8b1e0__code6e952f10__20260724T172450269924Z,msl_ncam_nlb_443663326edr_f0251238ncam00289m1,test_msl,ALL,boundary_f1,1.0,0,0,163565
sam__region_oracle_upper_bound__vit-b__in_rover__seed1414__gpu_full__3e6df100__git3bd8b1e0__code6e952f10__20260724T172450269924Z,msl_ncam_nlb_443668744edr_f0251238ncam00292m1,test_msl,soil,iou,1.0,56933,56933,56933
sam__region_oracle_upper_bound__vit-b__in_rover__seed1414__gpu_full__3e6df100__git3bd8b1e0__code6e952f10__20260724T172450269924Z,msl_ncam_nlb_443668744edr_f0251238ncam00292m1,test_msl,bedrock,iou,,0,0,56933
sam__region_oracle_upper_bound__vit-b__in_rover__seed1414__gpu_full__3e6df100__git3bd8b1e0__code6e952f10__20260724T172450269924Z,msl_ncam_nlb_443668744edr_f0251238ncam00292m1,test_msl,sand,iou,,0,0,56933
sam__region_oracle_upper_bound__vit-b__in_rover__seed1414__gpu_full__3e6df100__git3bd8b1e0__code6e952f10__20260724T172450269924Z,msl_ncam_nlb_443668744edr_f0251238ncam00292m1,test_msl,big_rock,iou,,0,0,56933
sam__region_oracle_upper_bound__vit-b__in_rover__seed1414__gpu_full__3e6df100__git3bd8b1e0__code6e952f10__20260724T172450269924Z,msl_ncam_nlb_443668744edr_f0251238ncam00292m1,test_msl,ALL,pixel_acc,1.0,0,0,56933
sam__region_oracle_upper_bound__vit-b__in_rover__seed1414__gpu_full__3e6df100__git3bd8b1e0__code6e952f10__20260724T172450269924Z,msl_ncam_nlb_443668744edr_f0251238ncam00292m1,test_msl,ALL,boundary_f1,1.0,0,0,56933
sam__region_oracle_upper_bound__vit-b__in_rover__seed1414__gpu_full__3e6df100__git3bd8b1e0__code6e952f10__20260724T172450269924Z,msl_ncam_nlb_443668806edr_f0251238ncam00292m1,test_msl,soil,iou,1.0,80428,80428,80428
sam__region_oracle_upper_bound__vit-b__in_rover__seed1414__gpu_full__3e6df100__git3bd8b1e0__code6e952f10__20260724T172450269924Z,msl_ncam_nlb_443668806edr_f0251238ncam00292m1,test_msl,bedrock,iou,,0,0,80428
sam__region_oracle_upper_bound__vit-b__in_rover__seed1414__gpu_full__3e6df100__git3bd8b1e0__code6e952f10__20260724T172450269924Z,msl_ncam_nlb_443668806edr_f0251238ncam00292m1,test_msl,sand,iou,,0,0,80428
sam__region_oracle_upper_bound__vit-b__in_rover__seed1414__gpu_full__3e6df100__git3bd8b1e0__code6e952f10__20260724T172450269924Z,msl_ncam_nlb_443668806edr_f0251238ncam00292m1,test_msl,big_rock,iou,,0,0,80428
sam__region_oracle_upper_bound__vit-b__in_rover__seed1414__gpu_full__3e6df100__git3bd8b1e0__code6e952f10__20260724T172450269924Z,msl_ncam_nlb_443668806edr_f0251238ncam00292m1,test_msl,ALL,pixel_acc,1.0,0,0,80428
sam__region_oracle_upper_bound__vit-b__in_rover__seed1414__gpu_full__3e6df100__git3bd8b1e0__code6e952f10__20260724T172450269924Z,msl_ncam_nlb_443668806edr_f0251238ncam00292m1,test_msl,ALL,boundary_f1,1.0,0,0,80428
sam__region_oracle_upper_bound__vit-b__in_rover__seed1414__gpu_full__3e6df100__git3bd8b1e0__code6e952f10__20260724T172450269924Z,msl_ncam_nlb_443668921edr_f0251238ncam00292m1,test_msl,soil,iou,0.9999866851299531,75103,75104,75475
sam__region_oracle_upper_bound__vit-b__in_rover__seed1414__gpu_full__3e6df100__git3bd8b1e0__code6e952f10__20260724T172450269924Z,msl_ncam_nlb_443668921edr_f0251238ncam00292m1,test_msl,bedrock,iou,,0,0,75475
sam__region_oracle_upper_bound__vit-b__in_rover__seed1414__gpu_full__3e6df100__git3bd8b1e0__code6e952f10__20260724T172450269924Z,msl_ncam_nlb_443668921edr_f0251238ncam00292m1,test_msl,sand,iou,,0,0,75475
sam__region_oracle_upper_bound__vit-b__in_rover__seed1414__gpu_full__3e6df100__git3bd8b1e0__code6e952f10__20260724T172450269924Z,msl_ncam_nlb_443668921edr_f0251238ncam00292m1,test_msl,big_rock,iou,0.9973118279569892,371,372,75475
sam__region_oracle_upper_bound__vit-b__in_rover__seed1414__gpu_full__3e6df100__git3bd8b1e0__code6e952f10__20260724T172450269924Z,msl_ncam_nlb_443668921edr_f0251238ncam00292m1,test_msl,ALL,pixel_acc,0.9999867505796621,0,0,75475
sam__region_oracle_upper_bound__vit-b__in_rover__seed1414__gpu_full__3e6df100__git3bd8b1e0__code6e952f10__20260724T172450269924Z,msl_ncam_nlb_443668921edr_f0251238ncam00292m1,test_msl,ALL,boundary_f1,0.9998990510801534,0,0,75475
sam__region_oracle_upper_bound__vit-b__in_rover__seed1414__gpu_full__3e6df100__git3bd8b1e0__code6e952f10__20260724T172450269924Z,msl_ncam_nlb_443669058edr_f0251238ncam00352m1,test_msl,soil,iou,1.0,191983,191983,191983
sam__region_oracle_upper_bound__vit-b__in_rover__seed1414__gpu_full__3e6df100__git3bd8b1e0__code6e952f10__20260724T172450269924Z,msl_ncam_nlb_443669058edr_f0251238ncam00352m1,test_msl,bedrock,iou,,0,0,191983
sam__region_oracle_upper_bound__vit-b__in_rover__seed1414__gpu_full__3e6df100__git3bd8b1e0__code6e952f10__20260724T172450269924Z,msl_ncam_nlb_443669058edr_f0251238ncam00352m1,test_msl,sand,iou,,0,0,191983
sam__region_oracle_upper_bound__vit-b__in_rover__seed1414__gpu_full__3e6df100__git3bd8b1e0__code6e952f10__20260724T172450269924Z,msl_ncam_nlb_443669058edr_f0251238ncam00352m1,test_msl,big_rock,iou,,0,0,191983
sam__region_oracle_upper_bound__vit-b__in_rover__seed1414__gpu_full__3e6df100__git3bd8b1e0__code6e952f10__20260724T172450269924Z,msl_ncam_nlb_443669058edr_f0251238ncam00352m1,test_msl,ALL,pixel_acc,1.0,0,0,191983
sam__region_oracle_upper_bound__vit-b__in_rover__seed1414__gpu_full__3e6df100__git3bd8b1e0__code6e952f10__20260724T172450269924Z,msl_ncam_nlb_443669058edr_f0251238ncam00352m1,test_msl,ALL,boundary_f1,1.0,0,0,191983
sam__region_oracle_upper_bound__vit-b__in_rover__seed1414__gpu_full__3e6df100__git3bd8b1e0__code6e952f10__20260724T172450269924Z,msl_ncam_nlb_443669122edr_f0251238ncam00352m1,test_msl,soil,iou,1.0,138713,138713,138713
sam__region_oracle_upper_bound__vit-b__in_rover__seed1414__gpu_full__3e6df100__git3bd8b1e0__code6e952f10__20260724T172450269924Z,msl_ncam_nlb_443669122edr_f0251238ncam00352m1,test_msl,bedrock,iou,,0,0,138713
sam__region_oracle_upper_bound__vit-b__in_rover__seed1414__gpu_full__3e6df100__git3bd8b1e0__code6e952f10__20260724T172450269924Z,msl_ncam_nlb_443669122edr_f0251238ncam00352m1,test_msl,sand,iou,,0,0,138713
sam__region_oracle_upper_bound__vit-b__in_rover__seed1414__gpu_full__3e6df100__git3bd8b1e0__code6e952f10__20260724T172450269924Z,msl_ncam_nlb_443669122edr_f0251238ncam00352m1,test_msl,big_rock,iou,,0,0,138713
sam__region_oracle_upper_bound__vit-b__in_rover__seed1414__gpu_full__3e6df100__git3bd8b1e0__code6e952f10__20260724T172450269924Z,msl_ncam_nlb_443669122edr_f0251238ncam00352m1,test_msl,ALL,pixel_acc,1.0,0,0,138713
sam__region_oracle_upper_bound__vit-b__in_rover__seed1414__gpu_full__3e6df100__git3bd8b1e0__code6e952f10__20260724T172450269924Z,msl_ncam_nlb_443669122edr_f0251238ncam00352m1,test_msl,ALL,boundary_f1,1.0,0,0,138713
sam__region_oracle_upper_bound__vit-b__in_rover__seed1414__gpu_full__3e6df100__git3bd8b1e0__code6e952f10__20260724T172450269924Z,msl_ncam_nlb_448278207edr_f0300432ncam00380m1,test_msl,soil,iou,1.0,219849,219849,219849
sam__region_oracle_upper_bound__vit-b__in_rover__seed1414__gpu_full__3e6df100__git3bd8b1e0__code6e952f10__20260724T172450269924Z,msl_ncam_nlb_448278207edr_f0300432ncam00380m1,test_msl,bedrock,iou,,0,0,219849
sam__region_oracle_upper_bound__vit-b__in_rover__seed1414__gpu_full__3e6df100__git3bd8b1e0__code6e952f10__20260724T172450269924Z,msl_ncam_nlb_448278207edr_f0300432ncam00380m1,test_msl,sand,iou,,0,0,219849
sam__region_oracle_upper_bound__vit-b__in_rover__seed1414__gpu_full__3e6df100__git3bd8b1e0__code6e952f10__20260724T172450269924Z,msl_ncam_nlb_448278207edr_f0300432ncam00380m1,test_msl,big_rock,iou,,0,0,219849
sam__region_oracle_upper_bound__vit-b__in_rover__seed1414__gpu_full__3e6df100__git3bd8b1e0__code6e952f10__20260724T172450269924Z,msl_ncam_nlb_448278207edr_f0300432ncam00380m1,test_msl,ALL,pixel_acc,1.0,0,0,219849
sam__region_oracle_upper_bound__vit-b__in_rover__seed1414__gpu_full__3e6df100__git3bd8b1e0__code6e952f10__20260724T172450269924Z,msl_ncam_nlb_448278207edr_f0300432ncam00380m1,test_msl,ALL,boundary_f1,1.0,0,0,219849
sam__region_oracle_upper_bound__vit-b__in_rover__seed1414__gpu_full__3e6df100__git3bd8b1e0__code6e952f10__20260724T172450269924Z,msl_ncam_nlb_448279148edr_f0300484ncam00353m1,test_msl,soil,iou,1.0,173750,173750,173750
sam__region_oracle_upper_bound__vit-b__in_rover__seed1414__gpu_full__3e6df100__git3bd8b1e0__code6e952f10__20260724T172450269924Z,msl_ncam_nlb_448279148edr_f0300484ncam00353m1,test_msl,bedrock,iou,,0,0,173750
sam__region_oracle_upper_bound__vit-b__in_rover__seed1414__gpu_full__3e6df100__git3bd8b1e0__code6e952f10__20260724T172450269924Z,msl_ncam_nlb_448279148edr_f0300484ncam00353m1,test_msl,sand,iou,,0,0,173750
sam__region_oracle_upper_bound__vit-b__in_rover__seed1414__gpu_full__3e6df100__git3bd8b1e0__code6e952f10__20260724T172450269924Z,msl_ncam_nlb_448279148edr_f0300484ncam00353m1,test_msl,big_rock,iou,,0,0,173750
sam__region_oracle_upper_bound__vit-b__in_rover__seed1414__gpu_full__3e6df100__git3bd8b1e0__code6e952f10__20260724T172450269924Z,msl_ncam_nlb_448279148edr_f0300484ncam00353m1,test_msl,ALL,pixel_acc,1.0,0,0,173750
sam__region_oracle_upper_bound__vit-b__in_rover__seed1414__gpu_full__3e6df100__git3bd8b1e0__code6e952f10__20260724T172450269924Z,msl_ncam_nlb_448279148edr_f0300484ncam00353m1,test_msl,ALL,boundary_f1,1.0,0,0,173750
sam__region_oracle_upper_bound__vit-b__in_rover__seed1414__gpu_full__3e6df100__git3bd8b1e0__code6e952f10__20260724T172450269924Z,msl_ncam_nlb_448279299edr_f0300484ncam00299m1,test_msl,soil,iou,1.0,103574,103574,103574
sam__region_oracle_upper_bound__vit-b__in_rover__seed1414__gpu_full__3e6df100__git3bd8b1e0__code6e952f10__20260724T172450269924Z,msl_ncam_nlb_448279299edr_f0300484ncam00299m1,test_msl,bedrock,iou,,0,0,103574
sam__region_oracle_upper_bound__vit-b__in_rover__seed1414__gpu_full__3e6df100__git3bd8b1e0__code6e952f10__20260724T172450269924Z,msl_ncam_nlb_448279299edr_f0300484ncam00299m1,test_msl,sand,iou,,0,0,103574
sam__region_oracle_upper_bound__vit-b__in_rover__seed1414__gpu_full__3e6df100__git3bd8b1e0__code6e952f10__20260724T172450269924Z,msl_ncam_nlb_448279299edr_f0300484ncam00299m1,test_msl,big_rock,iou,,0,0,103574
sam__region_oracle_upper_bound__vit-b__in_rover__seed1414__gpu_full__3e6df100__git3bd8b1e0__code6e952f10__20260724T172450269924Z,msl_ncam_nlb_448279299edr_f0300484ncam00299m1,test_msl,ALL,pixel_acc,1.0,0,0,103574
sam__region_oracle_upper_bound__vit-b__in_rover__seed1414__gpu_full__3e6df100__git3bd8b1e0__code6e952f10__20260724T172450269924Z,msl_ncam_nlb_448279299edr_f0300484ncam00299m1,test_msl,ALL,boundary_f1,1.0,0,0,103574
sam__region_oracle_upper_bound__vit-b__in_rover__seed1414__gpu_full__3e6df100__git3bd8b1e0__code6e952f10__20260724T172450269924Z,msl_ncam_nlb_448279363edr_f0300484ncam00299m1,test_msl,soil,iou,,0,0,0
sam__region_oracle_upper_bound__vit-b__in_rover__seed1414__gpu_full__3e6df100__git3bd8b1e0__code6e952f10__20260724T172450269924Z,msl_ncam_nlb_448279363edr_f0300484ncam00299m1,test_msl,bedrock,iou,,0,0,0
sam__region_oracle_upper_bound__vit-b__in_rover__seed1414__gpu_full__3e6df100__git3bd8b1e0__code6e952f10__20260724T172450269924Z,msl_ncam_nlb_448279363edr_f0300484ncam00299m1,test_msl,sand,iou,,0,0,0
sam__region_oracle_upper_bound__vit-b__in_rover__seed1414__gpu_full__3e6df100__git3bd8b1e0__code6e952f10__20260724T172450269924Z,msl_ncam_nlb_448279363edr_f0300484ncam00299m1,test_msl,big_rock,iou,,0,0,0
sam__region_oracle_upper_bound__vit-b__in_rover__seed1414__gpu_full__3e6df100__git3bd8b1e0__code6e952f10__20260724T172450269924Z,msl_ncam_nlb_448279363edr_f0300484ncam00299m1,test_msl,ALL,pixel_acc,,0,0,0
sam__region_oracle_upper_bound__vit-b__in_rover__seed1414__gpu_full__3e6df100__git3bd8b1e0__code6e952f10__20260724T172450269924Z,msl_ncam_nlb_448279363edr_f0300484ncam00299m1,test_msl,ALL,boundary_f1,,0,0,0
sam__region_oracle_upper_bound__vit-b__in_rover__seed1414__gpu_full__3e6df100__git3bd8b1e0__code6e952f10__20260724T172450269924Z,msl_ncam_nlb_448279809edr_f0300484ncam00354m1,test_msl,soil,iou,1.0,235752,235752,235752
sam__region_oracle_upper_bound__vit-b__in_rover__seed1414__gpu_full__3e6df100__git3bd8b1e0__code6e952f10__20260724T172450269924Z,msl_ncam_nlb_448279809edr_f0300484ncam00354m1,test_msl,bedrock,iou,,0,0,235752
sam__region_oracle_upper_bound__vit-b__in_rover__seed1414__gpu_full__3e6df100__git3bd8b1e0__code6e952f10__20260724T172450269924Z,msl_ncam_nlb_448279809edr_f0300484ncam00354m1,test_msl,sand,iou,,0,0,235752
sam__region_oracle_upper_bound__vit-b__in_rover__seed1414__gpu_full__3e6df100__git3bd8b1e0__code6e952f10__20260724T172450269924Z,msl_ncam_nlb_448279809edr_f0300484ncam00354m1,test_msl,big_rock,iou,,0,0,235752
sam__region_oracle_upper_bound__vit-b__in_rover__seed1414__gpu_full__3e6df100__git3bd8b1e0__code6e952f10__20260724T172450269924Z,msl_ncam_nlb_448279809edr_f0300484ncam00354m1,test_msl,ALL,pixel_acc,1.0,0,0,235752
sam__region_oracle_upper_bound__vit-b__in_rover__seed1414__gpu_full__3e6df100__git3bd8b1e0__code6e952f10__20260724T172450269924Z,msl_ncam_nlb_448279809edr_f0300484ncam00354m1,test_msl,ALL,boundary_f1,1.0,0,0,235752
sam__region_oracle_upper_bound__vit-b__in_rover__seed1414__gpu_full__3e6df100__git3bd8b1e0__code6e952f10__20260724T172450269924Z,msl_ncam_nlb_448279926edr_f0300484ncam00250m1,test_msl,soil,iou,1.0,165154,165154,165154
sam__region_oracle_upper_bound__vit-b__in_rover__seed1414__gpu_full__3e6df100__git3bd8b1e0__code6e952f10__20260724T172450269924Z,msl_ncam_nlb_448279926edr_f0300484ncam00250m1,test_msl,bedrock,iou,,0,0,165154
sam__region_oracle_upper_bound__vit-b__in_rover__seed1414__gpu_full__3e6df100__git3bd8b1e0__code6e952f10__20260724T172450269924Z,msl_ncam_nlb_448279926edr_f0300484ncam00250m1,test_msl,sand,iou,,0,0,165154
sam__region_oracle_upper_bound__vit-b__in_rover__seed1414__gpu_full__3e6df100__git3bd8b1e0__code6e952f10__20260724T172450269924Z,msl_ncam_nlb_448279926edr_f0300484ncam00250m1,test_msl,big_rock,iou,,0,0,165154
sam__region_oracle_upper_bound__vit-b__in_rover__seed1414__gpu_full__3e6df100__git3bd8b1e0__code6e952f10__20260724T172450269924Z,msl_ncam_nlb_448279926edr_f0300484ncam00250m1,test_msl,ALL,pixel_acc,1.0,0,0,165154
sam__region_oracle_upper_bound__vit-b__in_rover__seed1414__gpu_full__3e6df100__git3bd8b1e0__code6e952f10__20260724T172450269924Z,msl_ncam_nlb_448279926edr_f0300484ncam00250m1,test_msl,ALL,boundary_f1,1.0,0,0,165154
sam__region_oracle_upper_bound__vit-b__in_rover__seed1414__gpu_full__3e6df100__git3bd8b1e0__code6e952f10__20260724T172450269924Z,msl_ncam_nlb_448279988edr_f0300484ncam00250m1,test_msl,soil,iou,1.0,181913,181913,181913
sam__region_oracle_upper_bound__vit-b__in_rover__seed1414__gpu_full__3e6df100__git3bd8b1e0__code6e952f10__20260724T172450269924Z,msl_ncam_nlb_448279988edr_f0300484ncam00250m1,test_msl,bedrock,iou,,0,0,181913
sam__region_oracle_upper_bound__vit-b__in_rover__seed1414__gpu_full__3e6df100__git3bd8b1e0__code6e952f10__20260724T172450269924Z,msl_ncam_nlb_448279988edr_f0300484ncam00250m1,test_msl,sand,iou,,0,0,181913
sam__region_oracle_upper_bound__vit-b__in_rover__seed1414__gpu_full__3e6df100__git3bd8b1e0__code6e952f10__20260724T172450269924Z,msl_ncam_nlb_448279988edr_f0300484ncam00250m1,test_msl,big_rock,iou,,0,0,181913
sam__region_oracle_upper_bound__vit-b__in_rover__seed1414__gpu_full__3e6df100__git3bd8b1e0__code6e952f10__20260724T172450269924Z,msl_ncam_nlb_448279988edr_f0300484ncam00250m1,test_msl,ALL,pixel_acc,1.0,0,0,181913
sam__region_oracle_upper_bound__vit-b__in_rover__seed1414__gpu_full__3e6df100__git3bd8b1e0__code6e952f10__20260724T172450269924Z,msl_ncam_nlb_448279988edr_f0300484ncam00250m1,test_msl,ALL,boundary_f1,1.0,0,0,181913
sam__region_oracle_upper_bound__vit-b__in_rover__seed1414__gpu_full__3e6df100__git3bd8b1e0__code6e952f10__20260724T172450269924Z,msl_ncam_nlb_448280142edr_f0300484ncam00250m1,test_msl,soil,iou,1.0,85498,85498,85498
sam__region_oracle_upper_bound__vit-b__in_rover__seed1414__gpu_full__3e6df100__git3bd8b1e0__code6e952f10__20260724T172450269924Z,msl_ncam_nlb_448280142edr_f0300484ncam00250m1,test_msl,bedrock,iou,,0,0,85498
sam__region_oracle_upper_bound__vit-b__in_rover__seed1414__gpu_full__3e6df100__git3bd8b1e0__code6e952f10__20260724T172450269924Z,msl_ncam_nlb_448280142edr_f0300484ncam00250m1,test_msl,sand,iou,,0,0,85498
sam__region_oracle_upper_bound__vit-b__in_rover__seed1414__gpu_full__3e6df100__git3bd8b1e0__code6e952f10__20260724T172450269924Z,msl_ncam_nlb_448280142edr_f0300484ncam00250m1,test_msl,big_rock,iou,,0,0,85498
sam__region_oracle_upper_bound__vit-b__in_rover__seed1414__gpu_full__3e6df100__git3bd8b1e0__code6e952f10__20260724T172450269924Z,msl_ncam_nlb_448280142edr_f0300484ncam00250m1,test_msl,ALL,pixel_acc,1.0,0,0,85498
sam__region_oracle_upper_bound__vit-b__in_rover__seed1414__gpu_full__3e6df100__git3bd8b1e0__code6e952f10__20260724T172450269924Z,msl_ncam_nlb_448280142edr_f0300484ncam00250m1,test_msl,ALL,boundary_f1,1.0,0,0,85498
sam__region_oracle_upper_bound__vit-b__in_rover__seed1414__gpu_full__3e6df100__git3bd8b1e0__code6e952f10__20260724T172450269924Z,msl_ncam_nlb_453776957edr_f0320204ncam00498m1,test_msl,soil,iou,0.9663243146318138,194007,200768,201171
sam__region_oracle_upper_bound__vit-b__in_rover__seed1414__gpu_full__3e6df100__git3bd8b1e0__code6e952f10__20260724T172450269924Z,msl_ncam_nlb_453776957edr_f0320204ncam00498m1,test_msl,bedrock,iou,,0,0,201171
sam__region_oracle_upper_bound__vit-b__in_rover__seed1414__gpu_full__3e6df100__git3bd8b1e0__code6e952f10__20260724T172450269924Z,msl_ncam_nlb_453776957edr_f0320204ncam00498m1,test_msl,sand,iou,0.0,0,5359,201171
sam__region_oracle_upper_bound__vit-b__in_rover__seed1414__gpu_full__3e6df100__git3bd8b1e0__code6e952f10__20260724T172450269924Z,msl_ncam_nlb_453776957edr_f0320204ncam00498m1,test_msl,big_rock,iou,0.22326869806094182,403,1805,201171
sam__region_oracle_upper_bound__vit-b__in_rover__seed1414__gpu_full__3e6df100__git3bd8b1e0__code6e952f10__20260724T172450269924Z,msl_ncam_nlb_453776957edr_f0320204ncam00498m1,test_msl,ALL,pixel_acc,0.966391776150638,0,0,201171
sam__region_oracle_upper_bound__vit-b__in_rover__seed1414__gpu_full__3e6df100__git3bd8b1e0__code6e952f10__20260724T172450269924Z,msl_ncam_nlb_453776957edr_f0320204ncam00498m1,test_msl,ALL,boundary_f1,0.38512034498662057,0,0,201171
sam__region_oracle_upper_bound__vit-b__in_rover__seed1414__gpu_full__3e6df100__git3bd8b1e0__code6e952f10__20260724T172450269924Z,msl_ncam_nlb_453777056edr_f0320204ncam00497m1,test_msl,soil,iou,1.0,241876,241876,241876
sam__region_oracle_upper_bound__vit-b__in_rover__seed1414__gpu_full__3e6df100__git3bd8b1e0__code6e952f10__20260724T172450269924Z,msl_ncam_nlb_453777056edr_f0320204ncam00497m1,test_msl,bedrock,iou,,0,0,241876
sam__region_oracle_upper_bound__vit-b__in_rover__seed1414__gpu_full__3e6df100__git3bd8b1e0__code6e952f10__20260724T172450269924Z,msl_ncam_nlb_453777056edr_f0320204ncam00497m1,test_msl,sand,iou,,0,0,241876
sam__region_oracle_upper_bound__vit-b__in_rover__seed1414__gpu_full__3e6df100__git3bd8b1e0__code6e952f10__20260724T172450269924Z,msl_ncam_nlb_453777056edr_f0320204ncam00497m1,test_msl,big_rock,iou,,0,0,241876
sam__region_oracle_upper_bound__vit-b__in_rover__seed1414__gpu_full__3e6df100__git3bd8b1e0__code6e952f10__20260724T172450269924Z,msl_ncam_nlb_453777056edr_f0320204ncam00497m1,test_msl,ALL,pixel_acc,1.0,0,0,241876
sam__region_oracle_upper_bound__vit-b__in_rover__seed1414__gpu_full__3e6df100__git3bd8b1e0__code6e952f10__20260724T172450269924Z,msl_ncam_nlb_453777056edr_f0320204ncam00497m1,test_msl,ALL,boundary_f1,1.0,0,0,241876
sam__region_oracle_upper_bound__vit-b__in_rover__seed1414__gpu_full__3e6df100__git3bd8b1e0__code6e952f10__20260724T172450269924Z,msl_ncam_nlb_453780775edr_f0320478ncam00353m1,test_msl,soil,iou,1.0,178148,178148,178148
sam__region_oracle_upper_bound__vit-b__in_rover__seed1414__gpu_full__3e6df100__git3bd8b1e0__code6e952f10__20260724T172450269924Z,msl_ncam_nlb_453780775edr_f0320478ncam00353m1,test_msl,bedrock,iou,,0,0,178148
sam__region_oracle_upper_bound__vit-b__in_rover__seed1414__gpu_full__3e6df100__git3bd8b1e0__code6e952f10__20260724T172450269924Z,msl_ncam_nlb_453780775edr_f0320478ncam00353m1,test_msl,sand,iou,,0,0,178148
sam__region_oracle_upper_bound__vit-b__in_rover__seed1414__gpu_full__3e6df100__git3bd8b1e0__code6e952f10__20260724T172450269924Z,msl_ncam_nlb_453780775edr_f0320478ncam00353m1,test_msl,big_rock,iou,,0,0,178148
sam__region_oracle_upper_bound__vit-b__in_rover__seed1414__gpu_full__3e6df100__git3bd8b1e0__code6e952f10__20260724T172450269924Z,msl_ncam_nlb_453780775edr_f0320478ncam00353m1,test_msl,ALL,pixel_acc,1.0,0,0,178148
sam__region_oracle_upper_bound__vit-b__in_rover__seed1414__gpu_full__3e6df100__git3bd8b1e0__code6e952f10__20260724T172450269924Z,msl_ncam_nlb_453780775edr_f0320478ncam00353m1,test_msl,ALL,boundary_f1,1.0,0,0,178148
sam__region_oracle_upper_bound__vit-b__in_rover__seed1414__gpu_full__3e6df100__git3bd8b1e0__code6e952f10__20260724T172450269924Z,msl_ncam_nlb_453780853edr_f0320478ncam00281m1,test_msl,soil,iou,0.999983944168522,186845,186848,187378
sam__region_oracle_upper_bound__vit-b__in_rover__seed1414__gpu_full__3e6df100__git3bd8b1e0__code6e952f10__20260724T172450269924Z,msl_ncam_nlb_453780853edr_f0320478ncam00281m1,test_msl,bedrock,iou,,0,0,187378
sam__region_oracle_upper_bound__vit-b__in_rover__seed1414__gpu_full__3e6df100__git3bd8b1e0__code6e952f10__20260724T172450269924Z,msl_ncam_nlb_453780853edr_f0320478ncam00281m1,test_msl,sand,iou,,0,0,187378
sam__region_oracle_upper_bound__vit-b__in_rover__seed1414__gpu_full__3e6df100__git3bd8b1e0__code6e952f10__20260724T172450269924Z,msl_ncam_nlb_453780853edr_f0320478ncam00281m1,test_msl,big_rock,iou,0.9943714821763602,530,533,187378
sam__region_oracle_upper_bound__vit-b__in_rover__seed1414__gpu_full__3e6df100__git3bd8b1e0__code6e952f10__20260724T172450269924Z,msl_ncam_nlb_453780853edr_f0320478ncam00281m1,test_msl,ALL,pixel_acc,0.9999839895825551,0,0,187378
sam__region_oracle_upper_bound__vit-b__in_rover__seed1414__gpu_full__3e6df100__git3bd8b1e0__code6e952f10__20260724T172450269924Z,msl_ncam_nlb_453780853edr_f0320478ncam00281m1,test_msl,ALL,boundary_f1,0.9995655951346655,0,0,187378
sam__region_oracle_upper_bound__vit-b__in_rover__seed1414__gpu_full__3e6df100__git3bd8b1e0__code6e952f10__20260724T172450269924Z,msl_ncam_nlb_453781520edr_f0320478ncam00282m1,test_msl,soil,iou,1.0,44638,44638,44638
sam__region_oracle_upper_bound__vit-b__in_rover__seed1414__gpu_full__3e6df100__git3bd8b1e0__code6e952f10__20260724T172450269924Z,msl_ncam_nlb_453781520edr_f0320478ncam00282m1,test_msl,bedrock,iou,,0,0,44638
sam__region_oracle_upper_bound__vit-b__in_rover__seed1414__gpu_full__3e6df100__git3bd8b1e0__code6e952f10__20260724T172450269924Z,msl_ncam_nlb_453781520edr_f0320478ncam00282m1,test_msl,sand,iou,,0,0,44638
sam__region_oracle_upper_bound__vit-b__in_rover__seed1414__gpu_full__3e6df100__git3bd8b1e0__code6e952f10__20260724T172450269924Z,msl_ncam_nlb_453781520edr_f0320478ncam00282m1,test_msl,big_rock,iou,,0,0,44638
sam__region_oracle_upper_bound__vit-b__in_rover__seed1414__gpu_full__3e6df100__git3bd8b1e0__code6e952f10__20260724T172450269924Z,msl_ncam_nlb_453781520edr_f0320478ncam00282m1,test_msl,ALL,pixel_acc,1.0,0,0,44638
sam__region_oracle_upper_bound__vit-b__in_rover__seed1414__gpu_full__3e6df100__git3bd8b1e0__code6e952f10__20260724T172450269924Z,msl_ncam_nlb_453781520edr_f0320478ncam00282m1,test_msl,ALL,boundary_f1,1.0,0,0,44638
sam__region_oracle_upper_bound__vit-b__in_rover__seed1414__gpu_full__3e6df100__git3bd8b1e0__code6e952f10__20260724T172450269924Z,msl_ncam_nlb_453781583edr_f0320478ncam00282m1,test_msl,soil,iou,,0,0,0
sam__region_oracle_upper_bound__vit-b__in_rover__seed1414__gpu_full__3e6df100__git3bd8b1e0__code6e952f10__20260724T172450269924Z,msl_ncam_nlb_453781583edr_f0320478ncam00282m1,test_msl,bedrock,iou,,0,0,0
sam__region_oracle_upper_bound__vit-b__in_rover__seed1414__gpu_full__3e6df100__git3bd8b1e0__code6e952f10__20260724T172450269924Z,msl_ncam_nlb_453781583edr_f0320478ncam00282m1,test_msl,sand,iou,,0,0,0
sam__region_oracle_upper_bound__vit-b__in_rover__seed1414__gpu_full__3e6df100__git3bd8b1e0__code6e952f10__20260724T172450269924Z,msl_ncam_nlb_453781583edr_f0320478ncam00282m1,test_msl,big_rock,iou,,0,0,0
sam__region_oracle_upper_bound__vit-b__in_rover__seed1414__gpu_full__3e6df100__git3bd8b1e0__code6e952f10__20260724T172450269924Z,msl_ncam_nlb_453781583edr_f0320478ncam00282m1,test_msl,ALL,pixel_acc,,0,0,0
sam__region_oracle_upper_bound__vit-b__in_rover__seed1414__gpu_full__3e6df100__git3bd8b1e0__code6e952f10__20260724T172450269924Z,msl_ncam_nlb_453781583edr_f0320478ncam00282m1,test_msl,ALL,boundary_f1,,0,0,0
sam__region_oracle_upper_bound__vit-b__in_rover__seed1414__gpu_full__3e6df100__git3bd8b1e0__code6e952f10__20260724T172450269924Z,msl_ncam_nlb_453781647edr_f0320478ncam00282m1,test_msl,soil,iou,1.0,198856,198856,198856
sam__region_oracle_upper_bound__vit-b__in_rover__seed1414__gpu_full__3e6df100__git3bd8b1e0__code6e952f10__20260724T172450269924Z,msl_ncam_nlb_453781647edr_f0320478ncam00282m1,test_msl,bedrock,iou,,0,0,198856
sam__region_oracle_upper_bound__vit-b__in_rover__seed1414__gpu_full__3e6df100__git3bd8b1e0__code6e952f10__20260724T172450269924Z,msl_ncam_nlb_453781647edr_f0320478ncam00282m1,test_msl,sand,iou,,0,0,198856
sam__region_oracle_upper_bound__vit-b__in_rover__seed1414__gpu_full__3e6df100__git3bd8b1e0__code6e952f10__20260724T172450269924Z,msl_ncam_nlb_453781647edr_f0320478ncam00282m1,test_msl,big_rock,iou,,0,0,198856
sam__region_oracle_upper_bound__vit-b__in_rover__seed1414__gpu_full__3e6df100__git3bd8b1e0__code6e952f10__20260724T172450269924Z,msl_ncam_nlb_453781647edr_f0320478ncam00282m1,test_msl,ALL,pixel_acc,1.0,0,0,198856
sam__region_oracle_upper_bound__vit-b__in_rover__seed1414__gpu_full__3e6df100__git3bd8b1e0__code6e952f10__20260724T172450269924Z,msl_ncam_nlb_453781647edr_f0320478ncam00282m1,test_msl,ALL,boundary_f1,1.0,0,0,198856
sam__region_oracle_upper_bound__vit-b__in_rover__seed1414__gpu_full__3e6df100__git3bd8b1e0__code6e952f10__20260724T172450269924Z,msl_ncam_nlb_454576834edr_f0330660ncam00291m1,test_msl,soil,iou,1.0,96212,96212,96212
sam__region_oracle_upper_bound__vit-b__in_rover__seed1414__gpu_full__3e6df100__git3bd8b1e0__code6e952f10__20260724T172450269924Z,msl_ncam_nlb_454576834edr_f0330660ncam00291m1,test_msl,bedrock,iou,,0,0,96212
sam__region_oracle_upper_bound__vit-b__in_rover__seed1414__gpu_full__3e6df100__git3bd8b1e0__code6e952f10__20260724T172450269924Z,msl_ncam_nlb_454576834edr_f0330660ncam00291m1,test_msl,sand,iou,,0,0,96212
sam__region_oracle_upper_bound__vit-b__in_rover__seed1414__gpu_full__3e6df100__git3bd8b1e0__code6e952f10__20260724T172450269924Z,msl_ncam_nlb_454576834edr_f0330660ncam00291m1,test_msl,big_rock,iou,,0,0,96212
sam__region_oracle_upper_bound__vit-b__in_rover__seed1414__gpu_full__3e6df100__git3bd8b1e0__code6e952f10__20260724T172450269924Z,msl_ncam_nlb_454576834edr_f0330660ncam00291m1,test_msl,ALL,pixel_acc,1.0,0,0,96212
sam__region_oracle_upper_bound__vit-b__in_rover__seed1414__gpu_full__3e6df100__git3bd8b1e0__code6e952f10__20260724T172450269924Z,msl_ncam_nlb_454576834edr_f0330660ncam00291m1,test_msl,ALL,boundary_f1,1.0,0,0,96212
sam__region_oracle_upper_bound__vit-b__in_rover__seed1414__gpu_full__3e6df100__git3bd8b1e0__code6e952f10__20260724T172450269924Z,msl_ncam_nlb_454577689edr_f0330660ncam00350m1,test_msl,soil,iou,1.0,220994,220994,220994
sam__region_oracle_upper_bound__vit-b__in_rover__seed1414__gpu_full__3e6df100__git3bd8b1e0__code6e952f10__20260724T172450269924Z,msl_ncam_nlb_454577689edr_f0330660ncam00350m1,test_msl,bedrock,iou,,0,0,220994
sam__region_oracle_upper_bound__vit-b__in_rover__seed1414__gpu_full__3e6df100__git3bd8b1e0__code6e952f10__20260724T172450269924Z,msl_ncam_nlb_454577689edr_f0330660ncam00350m1,test_msl,sand,iou,,0,0,220994
sam__region_oracle_upper_bound__vit-b__in_rover__seed1414__gpu_full__3e6df100__git3bd8b1e0__code6e952f10__20260724T172450269924Z,msl_ncam_nlb_454577689edr_f0330660ncam00350m1,test_msl,big_rock,iou,,0,0,220994
sam__region_oracle_upper_bound__vit-b__in_rover__seed1414__gpu_full__3e6df100__git3bd8b1e0__code6e952f10__20260724T172450269924Z,msl_ncam_nlb_454577689edr_f0330660ncam00350m1,test_msl,ALL,pixel_acc,1.0,0,0,220994
sam__region_oracle_upper_bound__vit-b__in_rover__seed1414__gpu_full__3e6df100__git3bd8b1e0__code6e952f10__20260724T172450269924Z,msl_ncam_nlb_454577689edr_f0330660ncam00350m1,test_msl,ALL,boundary_f1,1.0,0,0,220994
sam__region_oracle_upper_bound__vit-b__in_rover__seed1414__gpu_full__3e6df100__git3bd8b1e0__code6e952f10__20260724T172450269924Z,msl_ncam_nlb_454577808edr_f0330660ncam00350m1,test_msl,soil,iou,1.0,149819,149819,149819
sam__region_oracle_upper_bound__vit-b__in_rover__seed1414__gpu_full__3e6df100__git3bd8b1e0__code6e952f10__20260724T172450269924Z,msl_ncam_nlb_454577808edr_f0330660ncam00350m1,test_msl,bedrock,iou,,0,0,149819
sam__region_oracle_upper_bound__vit-b__in_rover__seed1414__gpu_full__3e6df100__git3bd8b1e0__code6e952f10__20260724T172450269924Z,msl_ncam_nlb_454577808edr_f0330660ncam00350m1,test_msl,sand,iou,,0,0,149819
sam__region_oracle_upper_bound__vit-b__in_rover__seed1414__gpu_full__3e6df100__git3bd8b1e0__code6e952f10__20260724T172450269924Z,msl_ncam_nlb_454577808edr_f0330660ncam00350m1,test_msl,big_rock,iou,,0,0,149819
sam__region_oracle_upper_bound__vit-b__in_rover__seed1414__gpu_full__3e6df100__git3bd8b1e0__code6e952f10__20260724T172450269924Z,msl_ncam_nlb_454577808edr_f0330660ncam00350m1,test_msl,ALL,pixel_acc,1.0,0,0,149819
sam__region_oracle_upper_bound__vit-b__in_rover__seed1414__gpu_full__3e6df100__git3bd8b1e0__code6e952f10__20260724T172450269924Z,msl_ncam_nlb_454577808edr_f0330660ncam00350m1,test_msl,ALL,boundary_f1,1.0,0,0,149819
sam__region_oracle_upper_bound__vit-b__in_rover__seed1414__gpu_full__3e6df100__git3bd8b1e0__code6e952f10__20260724T172450269924Z,msl_ncam_nlb_454577843edr_f0330660ncam00292m1,test_msl,soil,iou,1.0,190037,190037,190037
sam__region_oracle_upper_bound__vit-b__in_rover__seed1414__gpu_full__3e6df100__git3bd8b1e0__code6e952f10__20260724T172450269924Z,msl_ncam_nlb_454577843edr_f0330660ncam00292m1,test_msl,bedrock,iou,,0,0,190037
sam__region_oracle_upper_bound__vit-b__in_rover__seed1414__gpu_full__3e6df100__git3bd8b1e0__code6e952f10__20260724T172450269924Z,msl_ncam_nlb_454577843edr_f0330660ncam00292m1,test_msl,sand,iou,,0,0,190037
sam__region_oracle_upper_bound__vit-b__in_rover__seed1414__gpu_full__3e6df100__git3bd8b1e0__code6e952f10__20260724T172450269924Z,msl_ncam_nlb_454577843edr_f0330660ncam00292m1,test_msl,big_rock,iou,,0,0,190037
sam__region_oracle_upper_bound__vit-b__in_rover__seed1414__gpu_full__3e6df100__git3bd8b1e0__code6e952f10__20260724T172450269924Z,msl_ncam_nlb_454577843edr_f0330660ncam00292m1,test_msl,ALL,pixel_acc,1.0,0,0,190037
sam__region_oracle_upper_bound__vit-b__in_rover__seed1414__gpu_full__3e6df100__git3bd8b1e0__code6e952f10__20260724T172450269924Z,msl_ncam_nlb_454577843edr_f0330660ncam00292m1,test_msl,ALL,boundary_f1,1.0,0,0,190037
sam__region_oracle_upper_bound__vit-b__in_rover__seed1414__gpu_full__3e6df100__git3bd8b1e0__code6e952f10__20260724T172450269924Z,msl_ncam_nlb_454577912edr_f0330660ncam00292m1,test_msl,soil,iou,1.0,152116,152116,152116
sam__region_oracle_upper_bound__vit-b__in_rover__seed1414__gpu_full__3e6df100__git3bd8b1e0__code6e952f10__20260724T172450269924Z,msl_ncam_nlb_454577912edr_f0330660ncam00292m1,test_msl,bedrock,iou,,0,0,152116
sam__region_oracle_upper_bound__vit-b__in_rover__seed1414__gpu_full__3e6df100__git3bd8b1e0__code6e952f10__20260724T172450269924Z,msl_ncam_nlb_454577912edr_f0330660ncam00292m1,test_msl,sand,iou,,0,0,152116
sam__region_oracle_upper_bound__vit-b__in_rover__seed1414__gpu_full__3e6df100__git3bd8b1e0__code6e952f10__20260724T172450269924Z,msl_ncam_nlb_454577912edr_f0330660ncam00292m1,test_msl,big_rock,iou,,0,0,152116
sam__region_oracle_upper_bound__vit-b__in_rover__seed1414__gpu_full__3e6df100__git3bd8b1e0__code6e952f10__20260724T172450269924Z,msl_ncam_nlb_454577912edr_f0330660ncam00292m1,test_msl,ALL,pixel_acc,1.0,0,0,152116
sam__region_oracle_upper_bound__vit-b__in_rover__seed1414__gpu_full__3e6df100__git3bd8b1e0__code6e952f10__20260724T172450269924Z,msl_ncam_nlb_454577912edr_f0330660ncam00292m1,test_msl,ALL,boundary_f1,1.0,0,0,152116
sam__region_oracle_upper_bound__vit-b__in_rover__seed1414__gpu_full__3e6df100__git3bd8b1e0__code6e952f10__20260724T172450269924Z,msl_ncam_nlb_455641497edr_f0340774ncam00251m1,test_msl,soil,iou,1.0,200625,200625,200625
sam__region_oracle_upper_bound__vit-b__in_rover__seed1414__gpu_full__3e6df100__git3bd8b1e0__code6e952f10__20260724T172450269924Z,msl_ncam_nlb_455641497edr_f0340774ncam00251m1,test_msl,bedrock,iou,,0,0,200625
sam__region_oracle_upper_bound__vit-b__in_rover__seed1414__gpu_full__3e6df100__git3bd8b1e0__code6e952f10__20260724T172450269924Z,msl_ncam_nlb_455641497edr_f0340774ncam00251m1,test_msl,sand,iou,,0,0,200625
sam__region_oracle_upper_bound__vit-b__in_rover__seed1414__gpu_full__3e6df100__git3bd8b1e0__code6e952f10__20260724T172450269924Z,msl_ncam_nlb_455641497edr_f0340774ncam00251m1,test_msl,big_rock,iou,,0,0,200625
sam__region_oracle_upper_bound__vit-b__in_rover__seed1414__gpu_full__3e6df100__git3bd8b1e0__code6e952f10__20260724T172450269924Z,msl_ncam_nlb_455641497edr_f0340774ncam00251m1,test_msl,ALL,pixel_acc,1.0,0,0,200625
sam__region_oracle_upper_bound__vit-b__in_rover__seed1414__gpu_full__3e6df100__git3bd8b1e0__code6e952f10__20260724T172450269924Z,msl_ncam_nlb_455641497edr_f0340774ncam00251m1,test_msl,ALL,boundary_f1,1.0,0,0,200625
sam__region_oracle_upper_bound__vit-b__in_rover__seed1414__gpu_full__3e6df100__git3bd8b1e0__code6e952f10__20260724T172450269924Z,msl_ncam_nlb_455642279edr_f0340774ncam00354m1,test_msl,soil,iou,,0,0,0
sam__region_oracle_upper_bound__vit-b__in_rover__seed1414__gpu_full__3e6df100__git3bd8b1e0__code6e952f10__20260724T172450269924Z,msl_ncam_nlb_455642279edr_f0340774ncam00354m1,test_msl,bedrock,iou,,0,0,0
sam__region_oracle_upper_bound__vit-b__in_rover__seed1414__gpu_full__3e6df100__git3bd8b1e0__code6e952f10__20260724T172450269924Z,msl_ncam_nlb_455642279edr_f0340774ncam00354m1,test_msl,sand,iou,,0,0,0
sam__region_oracle_upper_bound__vit-b__in_rover__seed1414__gpu_full__3e6df100__git3bd8b1e0__code6e952f10__20260724T172450269924Z,msl_ncam_nlb_455642279edr_f0340774ncam00354m1,test_msl,big_rock,iou,,0,0,0
sam__region_oracle_upper_bound__vit-b__in_rover__seed1414__gpu_full__3e6df100__git3bd8b1e0__code6e952f10__20260724T172450269924Z,msl_ncam_nlb_455642279edr_f0340774ncam00354m1,test_msl,ALL,pixel_acc,,0,0,0
sam__region_oracle_upper_bound__vit-b__in_rover__seed1414__gpu_full__3e6df100__git3bd8b1e0__code6e952f10__20260724T172450269924Z,msl_ncam_nlb_455642279edr_f0340774ncam00354m1,test_msl,ALL,boundary_f1,,0,0,0
sam__region_oracle_upper_bound__vit-b__in_rover__seed1414__gpu_full__3e6df100__git3bd8b1e0__code6e952f10__20260724T172450269924Z,msl_ncam_nlb_455642442edr_f0340774ncam00252m1,test_msl,soil,iou,1.0,411,411,411
sam__region_oracle_upper_bound__vit-b__in_rover__seed1414__gpu_full__3e6df100__git3bd8b1e0__code6e952f10__20260724T172450269924Z,msl_ncam_nlb_455642442edr_f0340774ncam00252m1,test_msl,bedrock,iou,,0,0,411
sam__region_oracle_upper_bound__vit-b__in_rover__seed1414__gpu_full__3e6df100__git3bd8b1e0__code6e952f10__20260724T172450269924Z,msl_ncam_nlb_455642442edr_f0340774ncam00252m1,test_msl,sand,iou,,0,0,411
sam__region_oracle_upper_bound__vit-b__in_rover__seed1414__gpu_full__3e6df100__git3bd8b1e0__code6e952f10__20260724T172450269924Z,msl_ncam_nlb_455642442edr_f0340774ncam00252m1,test_msl,big_rock,iou,,0,0,411
sam__region_oracle_upper_bound__vit-b__in_rover__seed1414__gpu_full__3e6df100__git3bd8b1e0__code6e952f10__20260724T172450269924Z,msl_ncam_nlb_455642442edr_f0340774ncam00252m1,test_msl,ALL,pixel_acc,1.0,0,0,411
sam__region_oracle_upper_bound__vit-b__in_rover__seed1414__gpu_full__3e6df100__git3bd8b1e0__code6e952f10__20260724T172450269924Z,msl_ncam_nlb_455642442edr_f0340774ncam00252m1,test_msl,ALL,boundary_f1,1.0,0,0,411
sam__region_oracle_upper_bound__vit-b__in_rover__seed1414__gpu_full__3e6df100__git3bd8b1e0__code6e952f10__20260724T172450269924Z,msl_ncam_nlb_455642480edr_f0340774ncam00252m1,test_msl,soil,iou,1.0,162032,162032,162032
sam__region_oracle_upper_bound__vit-b__in_rover__seed1414__gpu_full__3e6df100__git3bd8b1e0__code6e952f10__20260724T172450269924Z,msl_ncam_nlb_455642480edr_f0340774ncam00252m1,test_msl,bedrock,iou,,0,0,162032
sam__region_oracle_upper_bound__vit-b__in_rover__seed1414__gpu_full__3e6df100__git3bd8b1e0__code6e952f10__20260724T172450269924Z,msl_ncam_nlb_455642480edr_f0340774ncam00252m1,test_msl,sand,iou,,0,0,162032
sam__region_oracle_upper_bound__vit-b__in_rover__seed1414__gpu_full__3e6df100__git3bd8b1e0__code6e952f10__20260724T172450269924Z,msl_ncam_nlb_455642480edr_f0340774ncam00252m1,test_msl,big_rock,iou,,0,0,162032
sam__region_oracle_upper_bound__vit-b__in_rover__seed1414__gpu_full__3e6df100__git3bd8b1e0__code6e952f10__20260724T172450269924Z,msl_ncam_nlb_455642480edr_f0340774ncam00252m1,test_msl,ALL,pixel_acc,1.0,0,0,162032
sam__region_oracle_upper_bound__vit-b__in_rover__seed1414__gpu_full__3e6df100__git3bd8b1e0__code6e952f10__20260724T172450269924Z,msl_ncam_nlb_455642480edr_f0340774ncam00252m1,test_msl,ALL,boundary_f1,1.0,0,0,162032
sam__region_oracle_upper_bound__vit-b__in_rover__seed1414__gpu_full__3e6df100__git3bd8b1e0__code6e952f10__20260724T172450269924Z,msl_ncam_nlb_455642594edr_f0340774ncam00252m1,test_msl,soil,iou,1.0,59579,59579,59579
sam__region_oracle_upper_bound__vit-b__in_rover__seed1414__gpu_full__3e6df100__git3bd8b1e0__code6e952f10__20260724T172450269924Z,msl_ncam_nlb_455642594edr_f0340774ncam00252m1,test_msl,bedrock,iou,,0,0,59579
sam__region_oracle_upper_bound__vit-b__in_rover__seed1414__gpu_full__3e6df100__git3bd8b1e0__code6e952f10__20260724T172450269924Z,msl_ncam_nlb_455642594edr_f0340774ncam00252m1,test_msl,sand,iou,,0,0,59579
sam__region_oracle_upper_bound__vit-b__in_rover__seed1414__gpu_full__3e6df100__git3bd8b1e0__code6e952f10__20260724T172450269924Z,msl_ncam_nlb_455642594edr_f0340774ncam00252m1,test_msl,big_rock,iou,,0,0,59579
sam__region_oracle_upper_bound__vit-b__in_rover__seed1414__gpu_full__3e6df100__git3bd8b1e0__code6e952f10__20260724T172450269924Z,msl_ncam_nlb_455642594edr_f0340774ncam00252m1,test_msl,ALL,pixel_acc,1.0,0,0,59579
sam__region_oracle_upper_bound__vit-b__in_rover__seed1414__gpu_full__3e6df100__git3bd8b1e0__code6e952f10__20260724T172450269924Z,msl_ncam_nlb_455642594edr_f0340774ncam00252m1,test_msl,ALL,boundary_f1,1.0,0,0,59579
sam__region_oracle_upper_bound__vit-b__in_rover__seed1414__gpu_full__3e6df100__git3bd8b1e0__code6e952f10__20260724T172450269924Z,msl_ncam_nlb_457064543edr_f0371542ncam00273m1,test_msl,soil,iou,0.9770268484946347,66558,68123,68123
sam__region_oracle_upper_bound__vit-b__in_rover__seed1414__gpu_full__3e6df100__git3bd8b1e0__code6e952f10__20260724T172450269924Z,msl_ncam_nlb_457064543edr_f0371542ncam00273m1,test_msl,bedrock,iou,,0,0,68123
sam__region_oracle_upper_bound__vit-b__in_rover__seed1414__gpu_full__3e6df100__git3bd8b1e0__code6e952f10__20260724T172450269924Z,msl_ncam_nlb_457064543edr_f0371542ncam00273m1,test_msl,sand,iou,0.0,0,1565,68123
sam__region_oracle_upper_bound__vit-b__in_rover__seed1414__gpu_full__3e6df100__git3bd8b1e0__code6e952f10__20260724T172450269924Z,msl_ncam_nlb_457064543edr_f0371542ncam00273m1,test_msl,big_rock,iou,,0,0,68123
sam__region_oracle_upper_bound__vit-b__in_rover__seed1414__gpu_full__3e6df100__git3bd8b1e0__code6e952f10__20260724T172450269924Z,msl_ncam_nlb_457064543edr_f0371542ncam00273m1,test_msl,ALL,pixel_acc,0.9770268484946347,0,0,68123
sam__region_oracle_upper_bound__vit-b__in_rover__seed1414__gpu_full__3e6df100__git3bd8b1e0__code6e952f10__20260724T172450269924Z,msl_ncam_nlb_457064543edr_f0371542ncam00273m1,test_msl,ALL,boundary_f1,0.4633726321367068,0,0,68123
sam__region_oracle_upper_bound__vit-b__in_rover__seed1414__gpu_full__3e6df100__git3bd8b1e0__code6e952f10__20260724T172450269924Z,msl_ncam_nlb_457064954edr_f0371542ncam00354m1,test_msl,soil,iou,,0,0,0
sam__region_oracle_upper_bound__vit-b__in_rover__seed1414__gpu_full__3e6df100__git3bd8b1e0__code6e952f10__20260724T172450269924Z,msl_ncam_nlb_457064954edr_f0371542ncam00354m1,test_msl,bedrock,iou,,0,0,0
sam__region_oracle_upper_bound__vit-b__in_rover__seed1414__gpu_full__3e6df100__git3bd8b1e0__code6e952f10__20260724T172450269924Z,msl_ncam_nlb_457064954edr_f0371542ncam00354m1,test_msl,sand,iou,,0,0,0
sam__region_oracle_upper_bound__vit-b__in_rover__seed1414__gpu_full__3e6df100__git3bd8b1e0__code6e952f10__20260724T172450269924Z,msl_ncam_nlb_457064954edr_f0371542ncam00354m1,test_msl,big_rock,iou,,0,0,0
sam__region_oracle_upper_bound__vit-b__in_rover__seed1414__gpu_full__3e6df100__git3bd8b1e0__code6e952f10__20260724T172450269924Z,msl_ncam_nlb_457064954edr_f0371542ncam00354m1,test_msl,ALL,pixel_acc,,0,0,0
sam__region_oracle_upper_bound__vit-b__in_rover__seed1414__gpu_full__3e6df100__git3bd8b1e0__code6e952f10__20260724T172450269924Z,msl_ncam_nlb_457064954edr_f0371542ncam00354m1,test_msl,ALL,boundary_f1,,0,0,0
sam__region_oracle_upper_bound__vit-b__in_rover__seed1414__gpu_full__3e6df100__git3bd8b1e0__code6e952f10__20260724T172450269924Z,msl_ncam_nlb_457065016edr_f0371542ncam00354m1,test_msl,soil,iou,1.0,169467,169467,169467
sam__region_oracle_upper_bound__vit-b__in_rover__seed1414__gpu_full__3e6df100__git3bd8b1e0__code6e952f10__20260724T172450269924Z,msl_ncam_nlb_457065016edr_f0371542ncam00354m1,test_msl,bedrock,iou,,0,0,169467
sam__region_oracle_upper_bound__vit-b__in_rover__seed1414__gpu_full__3e6df100__git3bd8b1e0__code6e952f10__20260724T172450269924Z,msl_ncam_nlb_457065016edr_f0371542ncam00354m1,test_msl,sand,iou,,0,0,169467
sam__region_oracle_upper_bound__vit-b__in_rover__seed1414__gpu_full__3e6df100__git3bd8b1e0__code6e952f10__20260724T172450269924Z,msl_ncam_nlb_457065016edr_f0371542ncam00354m1,test_msl,big_rock,iou,,0,0,169467
sam__region_oracle_upper_bound__vit-b__in_rover__seed1414__gpu_full__3e6df100__git3bd8b1e0__code6e952f10__20260724T172450269924Z,msl_ncam_nlb_457065016edr_f0371542ncam00354m1,test_msl,ALL,pixel_acc,1.0,0,0,169467
sam__region_oracle_upper_bound__vit-b__in_rover__seed1414__gpu_full__3e6df100__git3bd8b1e0__code6e952f10__20260724T172450269924Z,msl_ncam_nlb_457065016edr_f0371542ncam00354m1,test_msl,ALL,boundary_f1,1.0,0,0,169467
sam__region_oracle_upper_bound__vit-b__in_rover__seed1414__gpu_full__3e6df100__git3bd8b1e0__code6e952f10__20260724T172450269924Z,msl_ncam_nlb_457065086edr_f0371542ncam00354m1,test_msl,soil,iou,0.9788929112750686,78146,79831,79831
sam__region_oracle_upper_bound__vit-b__in_rover__seed1414__gpu_full__3e6df100__git3bd8b1e0__code6e952f10__20260724T172450269924Z,msl_ncam_nlb_457065086edr_f0371542ncam00354m1,test_msl,bedrock,iou,,0,0,79831
sam__region_oracle_upper_bound__vit-b__in_rover__seed1414__gpu_full__3e6df100__git3bd8b1e0__code6e952f10__20260724T172450269924Z,msl_ncam_nlb_457065086edr_f0371542ncam00354m1,test_msl,sand,iou,0.0,0,1685,79831
sam__region_oracle_upper_bound__vit-b__in_rover__seed1414__gpu_full__3e6df100__git3bd8b1e0__code6e952f10__20260724T172450269924Z,msl_ncam_nlb_457065086edr_f0371542ncam00354m1,test_msl,big_rock,iou,,0,0,79831
sam__region_oracle_upper_bound__vit-b__in_rover__seed1414__gpu_full__3e6df100__git3bd8b1e0__code6e952f10__20260724T172450269924Z,msl_ncam_nlb_457065086edr_f0371542ncam00354m1,test_msl,ALL,pixel_acc,0.9788929112750686,0,0,79831
sam__region_oracle_upper_bound__vit-b__in_rover__seed1414__gpu_full__3e6df100__git3bd8b1e0__code6e952f10__20260724T172450269924Z,msl_ncam_nlb_457065086edr_f0371542ncam00354m1,test_msl,ALL,boundary_f1,0.46907993966817496,0,0,79831
sam__region_oracle_upper_bound__vit-b__in_rover__seed1414__gpu_full__3e6df100__git3bd8b1e0__code6e952f10__20260724T172450269924Z,msl_ncam_nlb_457072541edr_f0371542ncam00274m1,test_msl,soil,iou,1.0,53194,53194,53194
sam__region_oracle_upper_bound__vit-b__in_rover__seed1414__gpu_full__3e6df100__git3bd8b1e0__code6e952f10__20260724T172450269924Z,msl_ncam_nlb_457072541edr_f0371542ncam00274m1,test_msl,bedrock,iou,,0,0,53194
sam__region_oracle_upper_bound__vit-b__in_rover__seed1414__gpu_full__3e6df100__git3bd8b1e0__code6e952f10__20260724T172450269924Z,msl_ncam_nlb_457072541edr_f0371542ncam00274m1,test_msl,sand,iou,,0,0,53194
sam__region_oracle_upper_bound__vit-b__in_rover__seed1414__gpu_full__3e6df100__git3bd8b1e0__code6e952f10__20260724T172450269924Z,msl_ncam_nlb_457072541edr_f0371542ncam00274m1,test_msl,big_rock,iou,,0,0,53194
sam__region_oracle_upper_bound__vit-b__in_rover__seed1414__gpu_full__3e6df100__git3bd8b1e0__code6e952f10__20260724T172450269924Z,msl_ncam_nlb_457072541edr_f0371542ncam00274m1,test_msl,ALL,pixel_acc,1.0,0,0,53194
sam__region_oracle_upper_bound__vit-b__in_rover__seed1414__gpu_full__3e6df100__git3bd8b1e0__code6e952f10__20260724T172450269924Z,msl_ncam_nlb_457072541edr_f0371542ncam00274m1,test_msl,ALL,boundary_f1,1.0,0,0,53194
sam__region_oracle_upper_bound__vit-b__in_rover__seed1414__gpu_full__3e6df100__git3bd8b1e0__code6e952f10__20260724T172450269924Z,msl_ncam_nlb_457072755edr_f0371542ncam00274m1,test_msl,soil,iou,1.0,71012,71012,71012
sam__region_oracle_upper_bound__vit-b__in_rover__seed1414__gpu_full__3e6df100__git3bd8b1e0__code6e952f10__20260724T172450269924Z,msl_ncam_nlb_457072755edr_f0371542ncam00274m1,test_msl,bedrock,iou,,0,0,71012
sam__region_oracle_upper_bound__vit-b__in_rover__seed1414__gpu_full__3e6df100__git3bd8b1e0__code6e952f10__20260724T172450269924Z,msl_ncam_nlb_457072755edr_f0371542ncam00274m1,test_msl,sand,iou,,0,0,71012
sam__region_oracle_upper_bound__vit-b__in_rover__seed1414__gpu_full__3e6df100__git3bd8b1e0__code6e952f10__20260724T172450269924Z,msl_ncam_nlb_457072755edr_f0371542ncam00274m1,test_msl,big_rock,iou,,0,0,71012
sam__region_oracle_upper_bound__vit-b__in_rover__seed1414__gpu_full__3e6df100__git3bd8b1e0__code6e952f10__20260724T172450269924Z,msl_ncam_nlb_457072755edr_f0371542ncam00274m1,test_msl,ALL,pixel_acc,1.0,0,0,71012
sam__region_oracle_upper_bound__vit-b__in_rover__seed1414__gpu_full__3e6df100__git3bd8b1e0__code6e952f10__20260724T172450269924Z,msl_ncam_nlb_457072755edr_f0371542ncam00274m1,test_msl,ALL,boundary_f1,1.0,0,0,71012
sam__region_oracle_upper_bound__vit-b__in_rover__seed1414__gpu_full__3e6df100__git3bd8b1e0__code6e952f10__20260724T172450269924Z,msl_ncam_nlb_457152468edr_f0380000ncam00346m1,test_msl,soil,iou,0.0,0,88156,89859
sam__region_oracle_upper_bound__vit-b__in_rover__seed1414__gpu_full__3e6df100__git3bd8b1e0__code6e952f10__20260724T172450269924Z,msl_ncam_nlb_457152468edr_f0380000ncam00346m1,test_msl,bedrock,iou,,0,0,89859
sam__region_oracle_upper_bound__vit-b__in_rover__seed1414__gpu_full__3e6df100__git3bd8b1e0__code6e952f10__20260724T172450269924Z,msl_ncam_nlb_457152468edr_f0380000ncam00346m1,test_msl,sand,iou,0.01895191355345597,1703,89859,89859
sam__region_oracle_upper_bound__vit-b__in_rover__seed1414__gpu_full__3e6df100__git3bd8b1e0__code6e952f10__20260724T172450269924Z,msl_ncam_nlb_457152468edr_f0380000ncam00346m1,test_msl,big_rock,iou,,0,0,89859
sam__region_oracle_upper_bound__vit-b__in_rover__seed1414__gpu_full__3e6df100__git3bd8b1e0__code6e952f10__20260724T172450269924Z,msl_ncam_nlb_457152468edr_f0380000ncam00346m1,test_msl,ALL,pixel_acc,0.01895191355345597,0,0,89859
sam__region_oracle_upper_bound__vit-b__in_rover__seed1414__gpu_full__3e6df100__git3bd8b1e0__code6e952f10__20260724T172450269924Z,msl_ncam_nlb_457152468edr_f0380000ncam00346m1,test_msl,ALL,boundary_f1,0.09554513481828839,0,0,89859
sam__region_oracle_upper_bound__vit-b__in_rover__seed1414__gpu_full__3e6df100__git3bd8b1e0__code6e952f10__20260724T172450269924Z,msl_ncam_nlb_457152554edr_f0380000ncam00275m1,test_msl,soil,iou,0.003046521202140799,37,12145,177280
sam__region_oracle_upper_bound__vit-b__in_rover__seed1414__gpu_full__3e6df100__git3bd8b1e0__code6e952f10__20260724T172450269924Z,msl_ncam_nlb_457152554edr_f0380000ncam00275m1,test_msl,bedrock,iou,,0,0,177280
sam__region_oracle_upper_bound__vit-b__in_rover__seed1414__gpu_full__3e6df100__git3bd8b1e0__code6e952f10__20260724T172450269924Z,msl_ncam_nlb_457152554edr_f0380000ncam00275m1,test_msl,sand,iou,0.9316870059748481,165135,177243,177280
sam__region_oracle_upper_bound__vit-b__in_rover__seed1414__gpu_full__3e6df100__git3bd8b1e0__code6e952f10__20260724T172450269924Z,msl_ncam_nlb_457152554edr_f0380000ncam00275m1,test_msl,big_rock,iou,,0,0,177280
sam__region_oracle_upper_bound__vit-b__in_rover__seed1414__gpu_full__3e6df100__git3bd8b1e0__code6e952f10__20260724T172450269924Z,msl_ncam_nlb_457152554edr_f0380000ncam00275m1,test_msl,ALL,pixel_acc,0.9317012635379062,0,0,177280
sam__region_oracle_upper_bound__vit-b__in_rover__seed1414__gpu_full__3e6df100__git3bd8b1e0__code6e952f10__20260724T172450269924Z,msl_ncam_nlb_457152554edr_f0380000ncam00275m1,test_msl,ALL,boundary_f1,0.4051984219076352,0,0,177280
sam__region_oracle_upper_bound__vit-b__in_rover__seed1414__gpu_full__3e6df100__git3bd8b1e0__code6e952f10__20260724T172450269924Z,msl_ncam_nlb_457153024edr_f0380000ncam00354m1,test_msl,soil,iou,,0,0,103858
sam__region_oracle_upper_bound__vit-b__in_rover__seed1414__gpu_full__3e6df100__git3bd8b1e0__code6e952f10__20260724T172450269924Z,msl_ncam_nlb_457153024edr_f0380000ncam00354m1,test_msl,bedrock,iou,,0,0,103858
sam__region_oracle_upper_bound__vit-b__in_rover__seed1414__gpu_full__3e6df100__git3bd8b1e0__code6e952f10__20260724T172450269924Z,msl_ncam_nlb_457153024edr_f0380000ncam00354m1,test_msl,sand,iou,1.0,103858,103858,103858
sam__region_oracle_upper_bound__vit-b__in_rover__seed1414__gpu_full__3e6df100__git3bd8b1e0__code6e952f10__20260724T172450269924Z,msl_ncam_nlb_457153024edr_f0380000ncam00354m1,test_msl,big_rock,iou,,0,0,103858
sam__region_oracle_upper_bound__vit-b__in_rover__seed1414__gpu_full__3e6df100__git3bd8b1e0__code6e952f10__20260724T172450269924Z,msl_ncam_nlb_457153024edr_f0380000ncam00354m1,test_msl,ALL,pixel_acc,1.0,0,0,103858
sam__region_oracle_upper_bound__vit-b__in_rover__seed1414__gpu_full__3e6df100__git3bd8b1e0__code6e952f10__20260724T172450269924Z,msl_ncam_nlb_457153024edr_f0380000ncam00354m1,test_msl,ALL,boundary_f1,1.0,0,0,103858
sam__region_oracle_upper_bound__vit-b__in_rover__seed1414__gpu_full__3e6df100__git3bd8b1e0__code6e952f10__20260724T172450269924Z,msl_ncam_nlb_457153056edr_f0380000ncam00354m1,test_msl,soil,iou,,0,0,167988
sam__region_oracle_upper_bound__vit-b__in_rover__seed1414__gpu_full__3e6df100__git3bd8b1e0__code6e952f10__20260724T172450269924Z,msl_ncam_nlb_457153056edr_f0380000ncam00354m1,test_msl,bedrock,iou,,0,0,167988
sam__region_oracle_upper_bound__vit-b__in_rover__seed1414__gpu_full__3e6df100__git3bd8b1e0__code6e952f10__20260724T172450269924Z,msl_ncam_nlb_457153056edr_f0380000ncam00354m1,test_msl,sand,iou,1.0,167988,167988,167988
sam__region_oracle_upper_bound__vit-b__in_rover__seed1414__gpu_full__3e6df100__git3bd8b1e0__code6e952f10__20260724T172450269924Z,msl_ncam_nlb_457153056edr_f0380000ncam00354m1,test_msl,big_rock,iou,,0,0,167988
sam__region_oracle_upper_bound__vit-b__in_rover__seed1414__gpu_full__3e6df100__git3bd8b1e0__code6e952f10__20260724T172450269924Z,msl_ncam_nlb_457153056edr_f0380000ncam00354m1,test_msl,ALL,pixel_acc,1.0,0,0,167988
sam__region_oracle_upper_bound__vit-b__in_rover__seed1414__gpu_full__3e6df100__git3bd8b1e0__code6e952f10__20260724T172450269924Z,msl_ncam_nlb_457153056edr_f0380000ncam00354m1,test_msl,ALL,boundary_f1,1.0,0,0,167988
sam__region_oracle_upper_bound__vit-b__in_rover__seed1414__gpu_full__3e6df100__git3bd8b1e0__code6e952f10__20260724T172450269924Z,msl_ncam_nlb_457153156edr_f0380000ncam00354m1,test_msl,soil,iou,0.0,0,33,119229
sam__region_oracle_upper_bound__vit-b__in_rover__seed1414__gpu_full__3e6df100__git3bd8b1e0__code6e952f10__20260724T172450269924Z,msl_ncam_nlb_457153156edr_f0380000ncam00354m1,test_msl,bedrock,iou,,0,0,119229
sam__region_oracle_upper_bound__vit-b__in_rover__seed1414__gpu_full__3e6df100__git3bd8b1e0__code6e952f10__20260724T172450269924Z,msl_ncam_nlb_457153156edr_f0380000ncam00354m1,test_msl,sand,iou,0.9997232216994187,119196,119229,119229
sam__region_oracle_upper_bound__vit-b__in_rover__seed1414__gpu_full__3e6df100__git3bd8b1e0__code6e952f10__20260724T172450269924Z,msl_ncam_nlb_457153156edr_f0380000ncam00354m1,test_msl,big_rock,iou,,0,0,119229
sam__region_oracle_upper_bound__vit-b__in_rover__seed1414__gpu_full__3e6df100__git3bd8b1e0__code6e952f10__20260724T172450269924Z,msl_ncam_nlb_457153156edr_f0380000ncam00354m1,test_msl,ALL,pixel_acc,0.9997232216994187,0,0,119229
sam__region_oracle_upper_bound__vit-b__in_rover__seed1414__gpu_full__3e6df100__git3bd8b1e0__code6e952f10__20260724T172450269924Z,msl_ncam_nlb_457153156edr_f0380000ncam00354m1,test_msl,ALL,boundary_f1,0.5,0,0,119229
sam__region_oracle_upper_bound__vit-b__in_rover__seed1414__gpu_full__3e6df100__git3bd8b1e0__code6e952f10__20260724T172450269924Z,msl_ncam_nlb_457153643edr_f0380000ncam00276m1,test_msl,soil,iou,0.0031306880232981433,43,13735,99398
sam__region_oracle_upper_bound__vit-b__in_rover__seed1414__gpu_full__3e6df100__git3bd8b1e0__code6e952f10__20260724T172450269924Z,msl_ncam_nlb_457153643edr_f0380000ncam00276m1,test_msl,bedrock,iou,,0,0,99398
sam__region_oracle_upper_bound__vit-b__in_rover__seed1414__gpu_full__3e6df100__git3bd8b1e0__code6e952f10__20260724T172450269924Z,msl_ncam_nlb_457153643edr_f0380000ncam00276m1,test_msl,sand,iou,0.8621911328066025,85663,99355,99398
sam__region_oracle_upper_bound__vit-b__in_rover__seed1414__gpu_full__3e6df100__git3bd8b1e0__code6e952f10__20260724T172450269924Z,msl_ncam_nlb_457153643edr_f0380000ncam00276m1,test_msl,big_rock,iou,,0,0,99398
sam__region_oracle_upper_bound__vit-b__in_rover__seed1414__gpu_full__3e6df100__git3bd8b1e0__code6e952f10__20260724T172450269924Z,msl_ncam_nlb_457153643edr_f0380000ncam00276m1,test_msl,ALL,pixel_acc,0.8622507495120626,0,0,99398
sam__region_oracle_upper_bound__vit-b__in_rover__seed1414__gpu_full__3e6df100__git3bd8b1e0__code6e952f10__20260724T172450269924Z,msl_ncam_nlb_457153643edr_f0380000ncam00276m1,test_msl,ALL,boundary_f1,0.41588881974694053,0,0,99398
sam__region_oracle_upper_bound__vit-b__in_rover__seed1414__gpu_full__3e6df100__git3bd8b1e0__code6e952f10__20260724T172450269924Z,msl_ncam_nlb_457153706edr_f0380000ncam00276m1,test_msl,soil,iou,0.2908206609463937,13693,47084,108607
sam__region_oracle_upper_bound__vit-b__in_rover__seed1414__gpu_full__3e6df100__git3bd8b1e0__code6e952f10__20260724T172450269924Z,msl_ncam_nlb_457153706edr_f0380000ncam00276m1,test_msl,bedrock,iou,,0,0,108607
sam__region_oracle_upper_bound__vit-b__in_rover__seed1414__gpu_full__3e6df100__git3bd8b1e0__code6e952f10__20260724T172450269924Z,msl_ncam_nlb_457153706edr_f0380000ncam00276m1,test_msl,sand,iou,0.6481973154645257,61523,94914,108607
sam__region_oracle_upper_bound__vit-b__in_rover__seed1414__gpu_full__3e6df100__git3bd8b1e0__code6e952f10__20260724T172450269924Z,msl_ncam_nlb_457153706edr_f0380000ncam00276m1,test_msl,big_rock,iou,,0,0,108607
sam__region_oracle_upper_bound__vit-b__in_rover__seed1414__gpu_full__3e6df100__git3bd8b1e0__code6e952f10__20260724T172450269924Z,msl_ncam_nlb_457153706edr_f0380000ncam00276m1,test_msl,ALL,pixel_acc,0.6925520454482677,0,0,108607
sam__region_oracle_upper_bound__vit-b__in_rover__seed1414__gpu_full__3e6df100__git3bd8b1e0__code6e952f10__20260724T172450269924Z,msl_ncam_nlb_457153706edr_f0380000ncam00276m1,test_msl,ALL,boundary_f1,0.458918794055166,0,0,108607
sam__region_oracle_upper_bound__vit-b__in_rover__seed1414__gpu_full__3e6df100__git3bd8b1e0__code6e952f10__20260724T172450269924Z,msl_ncam_nlb_459278092edr_f0391396ncam00207m1,test_msl,soil,iou,,0,0,0
sam__region_oracle_upper_bound__vit-b__in_rover__seed1414__gpu_full__3e6df100__git3bd8b1e0__code6e952f10__20260724T172450269924Z,msl_ncam_nlb_459278092edr_f0391396ncam00207m1,test_msl,bedrock,iou,,0,0,0
sam__region_oracle_upper_bound__vit-b__in_rover__seed1414__gpu_full__3e6df100__git3bd8b1e0__code6e952f10__20260724T172450269924Z,msl_ncam_nlb_459278092edr_f0391396ncam00207m1,test_msl,sand,iou,,0,0,0
sam__region_oracle_upper_bound__vit-b__in_rover__seed1414__gpu_full__3e6df100__git3bd8b1e0__code6e952f10__20260724T172450269924Z,msl_ncam_nlb_459278092edr_f0391396ncam00207m1,test_msl,big_rock,iou,,0,0,0
sam__region_oracle_upper_bound__vit-b__in_rover__seed1414__gpu_full__3e6df100__git3bd8b1e0__code6e952f10__20260724T172450269924Z,msl_ncam_nlb_459278092edr_f0391396ncam00207m1,test_msl,ALL,pixel_acc,,0,0,0
sam__region_oracle_upper_bound__vit-b__in_rover__seed1414__gpu_full__3e6df100__git3bd8b1e0__code6e952f10__20260724T172450269924Z,msl_ncam_nlb_459278092edr_f0391396ncam00207m1,test_msl,ALL,boundary_f1,,0,0,0
sam__region_oracle_upper_bound__vit-b__in_rover__seed1414__gpu_full__3e6df100__git3bd8b1e0__code6e952f10__20260724T172450269924Z,msl_ncam_nlb_459290932edr_f0391552ncam00354m1,test_msl,soil,iou,1.0,91075,91075,91075
sam__region_oracle_upper_bound__vit-b__in_rover__seed1414__gpu_full__3e6df100__git3bd8b1e0__code6e952f10__20260724T172450269924Z,msl_ncam_nlb_459290932edr_f0391552ncam00354m1,test_msl,bedrock,iou,,0,0,91075
sam__region_oracle_upper_bound__vit-b__in_rover__seed1414__gpu_full__3e6df100__git3bd8b1e0__code6e952f10__20260724T172450269924Z,msl_ncam_nlb_459290932edr_f0391552ncam00354m1,test_msl,sand,iou,,0,0,91075
sam__region_oracle_upper_bound__vit-b__in_rover__seed1414__gpu_full__3e6df100__git3bd8b1e0__code6e952f10__20260724T172450269924Z,msl_ncam_nlb_459290932edr_f0391552ncam00354m1,test_msl,big_rock,iou,,0,0,91075
sam__region_oracle_upper_bound__vit-b__in_rover__seed1414__gpu_full__3e6df100__git3bd8b1e0__code6e952f10__20260724T172450269924Z,msl_ncam_nlb_459290932edr_f0391552ncam00354m1,test_msl,ALL,pixel_acc,1.0,0,0,91075
sam__region_oracle_upper_bound__vit-b__in_rover__seed1414__gpu_full__3e6df100__git3bd8b1e0__code6e952f10__20260724T172450269924Z,msl_ncam_nlb_459290932edr_f0391552ncam00354m1,test_msl,ALL,boundary_f1,1.0,0,0,91075
sam__region_oracle_upper_bound__vit-b__in_rover__seed1414__gpu_full__3e6df100__git3bd8b1e0__code6e952f10__20260724T172450269924Z,msl_ncam_nlb_459291038edr_f0391552ncam00252m1,test_msl,soil,iou,,0,0,0
sam__region_oracle_upper_bound__vit-b__in_rover__seed1414__gpu_full__3e6df100__git3bd8b1e0__code6e952f10__20260724T172450269924Z,msl_ncam_nlb_459291038edr_f0391552ncam00252m1,test_msl,bedrock,iou,,0,0,0
sam__region_oracle_upper_bound__vit-b__in_rover__seed1414__gpu_full__3e6df100__git3bd8b1e0__code6e952f10__20260724T172450269924Z,msl_ncam_nlb_459291038edr_f0391552ncam00252m1,test_msl,sand,iou,,0,0,0
sam__region_oracle_upper_bound__vit-b__in_rover__seed1414__gpu_full__3e6df100__git3bd8b1e0__code6e952f10__20260724T172450269924Z,msl_ncam_nlb_459291038edr_f0391552ncam00252m1,test_msl,big_rock,iou,,0,0,0
sam__region_oracle_upper_bound__vit-b__in_rover__seed1414__gpu_full__3e6df100__git3bd8b1e0__code6e952f10__20260724T172450269924Z,msl_ncam_nlb_459291038edr_f0391552ncam00252m1,test_msl,ALL,pixel_acc,,0,0,0
sam__region_oracle_upper_bound__vit-b__in_rover__seed1414__gpu_full__3e6df100__git3bd8b1e0__code6e952f10__20260724T172450269924Z,msl_ncam_nlb_459291038edr_f0391552ncam00252m1,test_msl,ALL,boundary_f1,,0,0,0
sam__region_oracle_upper_bound__vit-b__in_rover__seed1414__gpu_full__3e6df100__git3bd8b1e0__code6e952f10__20260724T172450269924Z,msl_ncam_nlb_459291152edr_f0391552ncam00252m1,test_msl,soil,iou,1.0,48046,48046,48046
sam__region_oracle_upper_bound__vit-b__in_rover__seed1414__gpu_full__3e6df100__git3bd8b1e0__code6e952f10__20260724T172450269924Z,msl_ncam_nlb_459291152edr_f0391552ncam00252m1,test_msl,bedrock,iou,,0,0,48046
sam__region_oracle_upper_bound__vit-b__in_rover__seed1414__gpu_full__3e6df100__git3bd8b1e0__code6e952f10__20260724T172450269924Z,msl_ncam_nlb_459291152edr_f0391552ncam00252m1,test_msl,sand,iou,,0,0,48046
sam__region_oracle_upper_bound__vit-b__in_rover__seed1414__gpu_full__3e6df100__git3bd8b1e0__code6e952f10__20260724T172450269924Z,msl_ncam_nlb_459291152edr_f0391552ncam00252m1,test_msl,big_rock,iou,,0,0,48046
sam__region_oracle_upper_bound__vit-b__in_rover__seed1414__gpu_full__3e6df100__git3bd8b1e0__code6e952f10__20260724T172450269924Z,msl_ncam_nlb_459291152edr_f0391552ncam00252m1,test_msl,ALL,pixel_acc,1.0,0,0,48046
sam__region_oracle_upper_bound__vit-b__in_rover__seed1414__gpu_full__3e6df100__git3bd8b1e0__code6e952f10__20260724T172450269924Z,msl_ncam_nlb_459291152edr_f0391552ncam00252m1,test_msl,ALL,boundary_f1,1.0,0,0,48046
sam__region_oracle_upper_bound__vit-b__in_rover__seed1414__gpu_full__3e6df100__git3bd8b1e0__code6e952f10__20260724T172450269924Z,msl_ncam_nlb_459291220edr_f0391552ncam00252m1,test_msl,soil,iou,1.0,132596,132596,132596
sam__region_oracle_upper_bound__vit-b__in_rover__seed1414__gpu_full__3e6df100__git3bd8b1e0__code6e952f10__20260724T172450269924Z,msl_ncam_nlb_459291220edr_f0391552ncam00252m1,test_msl,bedrock,iou,,0,0,132596
sam__region_oracle_upper_bound__vit-b__in_rover__seed1414__gpu_full__3e6df100__git3bd8b1e0__code6e952f10__20260724T172450269924Z,msl_ncam_nlb_459291220edr_f0391552ncam00252m1,test_msl,sand,iou,,0,0,132596
sam__region_oracle_upper_bound__vit-b__in_rover__seed1414__gpu_full__3e6df100__git3bd8b1e0__code6e952f10__20260724T172450269924Z,msl_ncam_nlb_459291220edr_f0391552ncam00252m1,test_msl,big_rock,iou,,0,0,132596
sam__region_oracle_upper_bound__vit-b__in_rover__seed1414__gpu_full__3e6df100__git3bd8b1e0__code6e952f10__20260724T172450269924Z,msl_ncam_nlb_459291220edr_f0391552ncam00252m1,test_msl,ALL,pixel_acc,1.0,0,0,132596
sam__region_oracle_upper_bound__vit-b__in_rover__seed1414__gpu_full__3e6df100__git3bd8b1e0__code6e952f10__20260724T172450269924Z,msl_ncam_nlb_459291220edr_f0391552ncam00252m1,test_msl,ALL,boundary_f1,1.0,0,0,132596
sam__region_oracle_upper_bound__vit-b__in_rover__seed1414__gpu_full__3e6df100__git3bd8b1e0__code6e952f10__20260724T172450269924Z,msl_ncam_nlb_462743799edr_f0410322ncam00271m1,test_msl,soil,iou,1.0,49308,49308,49308
sam__region_oracle_upper_bound__vit-b__in_rover__seed1414__gpu_full__3e6df100__git3bd8b1e0__code6e952f10__20260724T172450269924Z,msl_ncam_nlb_462743799edr_f0410322ncam00271m1,test_msl,bedrock,iou,,0,0,49308
sam__region_oracle_upper_bound__vit-b__in_rover__seed1414__gpu_full__3e6df100__git3bd8b1e0__code6e952f10__20260724T172450269924Z,msl_ncam_nlb_462743799edr_f0410322ncam00271m1,test_msl,sand,iou,,0,0,49308
sam__region_oracle_upper_bound__vit-b__in_rover__seed1414__gpu_full__3e6df100__git3bd8b1e0__code6e952f10__20260724T172450269924Z,msl_ncam_nlb_462743799edr_f0410322ncam00271m1,test_msl,big_rock,iou,,0,0,49308
sam__region_oracle_upper_bound__vit-b__in_rover__seed1414__gpu_full__3e6df100__git3bd8b1e0__code6e952f10__20260724T172450269924Z,msl_ncam_nlb_462743799edr_f0410322ncam00271m1,test_msl,ALL,pixel_acc,1.0,0,0,49308
sam__region_oracle_upper_bound__vit-b__in_rover__seed1414__gpu_full__3e6df100__git3bd8b1e0__code6e952f10__20260724T172450269924Z,msl_ncam_nlb_462743799edr_f0410322ncam00271m1,test_msl,ALL,boundary_f1,1.0,0,0,49308
sam__region_oracle_upper_bound__vit-b__in_rover__seed1414__gpu_full__3e6df100__git3bd8b1e0__code6e952f10__20260724T172450269924Z,msl_ncam_nlb_462744768edr_f0410322ncam00354m1,test_msl,soil,iou,,0,0,0
sam__region_oracle_upper_bound__vit-b__in_rover__seed1414__gpu_full__3e6df100__git3bd8b1e0__code6e952f10__20260724T172450269924Z,msl_ncam_nlb_462744768edr_f0410322ncam00354m1,test_msl,bedrock,iou,,0,0,0
sam__region_oracle_upper_bound__vit-b__in_rover__seed1414__gpu_full__3e6df100__git3bd8b1e0__code6e952f10__20260724T172450269924Z,msl_ncam_nlb_462744768edr_f0410322ncam00354m1,test_msl,sand,iou,,0,0,0
sam__region_oracle_upper_bound__vit-b__in_rover__seed1414__gpu_full__3e6df100__git3bd8b1e0__code6e952f10__20260724T172450269924Z,msl_ncam_nlb_462744768edr_f0410322ncam00354m1,test_msl,big_rock,iou,,0,0,0
sam__region_oracle_upper_bound__vit-b__in_rover__seed1414__gpu_full__3e6df100__git3bd8b1e0__code6e952f10__20260724T172450269924Z,msl_ncam_nlb_462744768edr_f0410322ncam00354m1,test_msl,ALL,pixel_acc,,0,0,0
sam__region_oracle_upper_bound__vit-b__in_rover__seed1414__gpu_full__3e6df100__git3bd8b1e0__code6e952f10__20260724T172450269924Z,msl_ncam_nlb_462744768edr_f0410322ncam00354m1,test_msl,ALL,boundary_f1,,0,0,0
sam__region_oracle_upper_bound__vit-b__in_rover__seed1414__gpu_full__3e6df100__git3bd8b1e0__code6e952f10__20260724T172450269924Z,msl_ncam_nlb_462744927edr_f0410322ncam00272m1,test_msl,soil,iou,,0,0,0
sam__region_oracle_upper_bound__vit-b__in_rover__seed1414__gpu_full__3e6df100__git3bd8b1e0__code6e952f10__20260724T172450269924Z,msl_ncam_nlb_462744927edr_f0410322ncam00272m1,test_msl,bedrock,iou,,0,0,0
sam__region_oracle_upper_bound__vit-b__in_rover__seed1414__gpu_full__3e6df100__git3bd8b1e0__code6e952f10__20260724T172450269924Z,msl_ncam_nlb_462744927edr_f0410322ncam00272m1,test_msl,sand,iou,,0,0,0
sam__region_oracle_upper_bound__vit-b__in_rover__seed1414__gpu_full__3e6df100__git3bd8b1e0__code6e952f10__20260724T172450269924Z,msl_ncam_nlb_462744927edr_f0410322ncam00272m1,test_msl,big_rock,iou,,0,0,0
sam__region_oracle_upper_bound__vit-b__in_rover__seed1414__gpu_full__3e6df100__git3bd8b1e0__code6e952f10__20260724T172450269924Z,msl_ncam_nlb_462744927edr_f0410322ncam00272m1,test_msl,ALL,pixel_acc,,0,0,0
sam__region_oracle_upper_bound__vit-b__in_rover__seed1414__gpu_full__3e6df100__git3bd8b1e0__code6e952f10__20260724T172450269924Z,msl_ncam_nlb_462744927edr_f0410322ncam00272m1,test_msl,ALL,boundary_f1,,0,0,0
sam__region_oracle_upper_bound__vit-b__in_rover__seed1414__gpu_full__3e6df100__git3bd8b1e0__code6e952f10__20260724T172450269924Z,msl_ncam_nlb_462744982edr_f0410322ncam00272m1,test_msl,soil,iou,1.0,109525,109525,109525
sam__region_oracle_upper_bound__vit-b__in_rover__seed1414__gpu_full__3e6df100__git3bd8b1e0__code6e952f10__20260724T172450269924Z,msl_ncam_nlb_462744982edr_f0410322ncam00272m1,test_msl,bedrock,iou,,0,0,109525
sam__region_oracle_upper_bound__vit-b__in_rover__seed1414__gpu_full__3e6df100__git3bd8b1e0__code6e952f10__20260724T172450269924Z,msl_ncam_nlb_462744982edr_f0410322ncam00272m1,test_msl,sand,iou,,0,0,109525
sam__region_oracle_upper_bound__vit-b__in_rover__seed1414__gpu_full__3e6df100__git3bd8b1e0__code6e952f10__20260724T172450269924Z,msl_ncam_nlb_462744982edr_f0410322ncam00272m1,test_msl,big_rock,iou,,0,0,109525
sam__region_oracle_upper_bound__vit-b__in_rover__seed1414__gpu_full__3e6df100__git3bd8b1e0__code6e952f10__20260724T172450269924Z,msl_ncam_nlb_462744982edr_f0410322ncam00272m1,test_msl,ALL,pixel_acc,1.0,0,0,109525
sam__region_oracle_upper_bound__vit-b__in_rover__seed1414__gpu_full__3e6df100__git3bd8b1e0__code6e952f10__20260724T172450269924Z,msl_ncam_nlb_462744982edr_f0410322ncam00272m1,test_msl,ALL,boundary_f1,1.0,0,0,109525
sam__region_oracle_upper_bound__vit-b__in_rover__seed1414__gpu_full__3e6df100__git3bd8b1e0__code6e952f10__20260724T172450269924Z,msl_ncam_nlb_463099226edr_f0410712ncam00385m1,test_msl,soil,iou,0.0,0,80308,121183
sam__region_oracle_upper_bound__vit-b__in_rover__seed1414__gpu_full__3e6df100__git3bd8b1e0__code6e952f10__20260724T172450269924Z,msl_ncam_nlb_463099226edr_f0410712ncam00385m1,test_msl,bedrock,iou,0.33729978627365226,40875,121183,121183
sam__region_oracle_upper_bound__vit-b__in_rover__seed1414__gpu_full__3e6df100__git3bd8b1e0__code6e952f10__20260724T172450269924Z,msl_ncam_nlb_463099226edr_f0410712ncam00385m1,test_msl,sand,iou,,0,0,121183
sam__region_oracle_upper_bound__vit-b__in_rover__seed1414__gpu_full__3e6df100__git3bd8b1e0__code6e952f10__20260724T172450269924Z,msl_ncam_nlb_463099226edr_f0410712ncam00385m1,test_msl,big_rock,iou,,0,0,121183
sam__region_oracle_upper_bound__vit-b__in_rover__seed1414__gpu_full__3e6df100__git3bd8b1e0__code6e952f10__20260724T172450269924Z,msl_ncam_nlb_463099226edr_f0410712ncam00385m1,test_msl,ALL,pixel_acc,0.33729978627365226,0,0,121183
sam__region_oracle_upper_bound__vit-b__in_rover__seed1414__gpu_full__3e6df100__git3bd8b1e0__code6e952f10__20260724T172450269924Z,msl_ncam_nlb_463099226edr_f0410712ncam00385m1,test_msl,ALL,boundary_f1,0.16100202011120449,0,0,121183
sam__region_oracle_upper_bound__vit-b__in_rover__seed1414__gpu_full__3e6df100__git3bd8b1e0__code6e952f10__20260724T172450269924Z,msl_ncam_nlb_463107188edr_f0410748ncam00274m1,test_msl,soil,iou,0.0,0,57638,60277
sam__region_oracle_upper_bound__vit-b__in_rover__seed1414__gpu_full__3e6df100__git3bd8b1e0__code6e952f10__20260724T172450269924Z,msl_ncam_nlb_463107188edr_f0410748ncam00274m1,test_msl,bedrock,iou,0.02383989012067105,486,20386,60277
sam__region_oracle_upper_bound__vit-b__in_rover__seed1414__gpu_full__3e6df100__git3bd8b1e0__code6e952f10__20260724T172450269924Z,msl_ncam_nlb_463107188edr_f0410748ncam00274m1,test_msl,sand,iou,0.053972073901381264,2153,39891,60277
sam__region_oracle_upper_bound__vit-b__in_rover__seed1414__gpu_full__3e6df100__git3bd8b1e0__code6e952f10__20260724T172450269924Z,msl_ncam_nlb_463107188edr_f0410748ncam00274m1,test_msl,big_rock,iou,,0,0,60277
sam__region_oracle_upper_bound__vit-b__in_rover__seed1414__gpu_full__3e6df100__git3bd8b1e0__code6e952f10__20260724T172450269924Z,msl_ncam_nlb_463107188edr_f0410748ncam00274m1,test_msl,ALL,pixel_acc,0.04378121008013006,0,0,60277
sam__region_oracle_upper_bound__vit-b__in_rover__seed1414__gpu_full__3e6df100__git3bd8b1e0__code6e952f10__20260724T172450269924Z,msl_ncam_nlb_463107188edr_f0410748ncam00274m1,test_msl,ALL,boundary_f1,0.08282431297317637,0,0,60277
sam__region_oracle_upper_bound__vit-b__in_rover__seed1414__gpu_full__3e6df100__git3bd8b1e0__code6e952f10__20260724T172450269924Z,msl_ncam_nlb_463107249edr_f0410748ncam00274m1,test_msl,soil,iou,,0,0,0
sam__region_oracle_upper_bound__vit-b__in_rover__seed1414__gpu_full__3e6df100__git3bd8b1e0__code6e952f10__20260724T172450269924Z,msl_ncam_nlb_463107249edr_f0410748ncam00274m1,test_msl,bedrock,iou,,0,0,0
sam__region_oracle_upper_bound__vit-b__in_rover__seed1414__gpu_full__3e6df100__git3bd8b1e0__code6e952f10__20260724T172450269924Z,msl_ncam_nlb_463107249edr_f0410748ncam00274m1,test_msl,sand,iou,,0,0,0
sam__region_oracle_upper_bound__vit-b__in_rover__seed1414__gpu_full__3e6df100__git3bd8b1e0__code6e952f10__20260724T172450269924Z,msl_ncam_nlb_463107249edr_f0410748ncam00274m1,test_msl,big_rock,iou,,0,0,0
sam__region_oracle_upper_bound__vit-b__in_rover__seed1414__gpu_full__3e6df100__git3bd8b1e0__code6e952f10__20260724T172450269924Z,msl_ncam_nlb_463107249edr_f0410748ncam00274m1,test_msl,ALL,pixel_acc,,0,0,0
sam__region_oracle_upper_bound__vit-b__in_rover__seed1414__gpu_full__3e6df100__git3bd8b1e0__code6e952f10__20260724T172450269924Z,msl_ncam_nlb_463107249edr_f0410748ncam00274m1,test_msl,ALL,boundary_f1,,0,0,0
sam__region_oracle_upper_bound__vit-b__in_rover__seed1414__gpu_full__3e6df100__git3bd8b1e0__code6e952f10__20260724T172450269924Z,msl_ncam_nlb_463107562edr_f0410748ncam00354m1,test_msl,soil,iou,0.0,0,28119,80914
sam__region_oracle_upper_bound__vit-b__in_rover__seed1414__gpu_full__3e6df100__git3bd8b1e0__code6e952f10__20260724T172450269924Z,msl_ncam_nlb_463107562edr_f0410748ncam00354m1,test_msl,bedrock,iou,0.6524828830610278,52795,80914,80914
sam__region_oracle_upper_bound__vit-b__in_rover__seed1414__gpu_full__3e6df100__git3bd8b1e0__code6e952f10__20260724T172450269924Z,msl_ncam_nlb_463107562edr_f0410748ncam00354m1,test_msl,sand,iou,,0,0,80914
sam__region_oracle_upper_bound__vit-b__in_rover__seed1414__gpu_full__3e6df100__git3bd8b1e0__code6e952f10__20260724T172450269924Z,msl_ncam_nlb_463107562edr_f0410748ncam00354m1,test_msl,big_rock,iou,,0,0,80914
sam__region_oracle_upper_bound__vit-b__in_rover__seed1414__gpu_full__3e6df100__git3bd8b1e0__code6e952f10__20260724T172450269924Z,msl_ncam_nlb_463107562edr_f0410748ncam00354m1,test_msl,ALL,pixel_acc,0.6524828830610278,0,0,80914
sam__region_oracle_upper_bound__vit-b__in_rover__seed1414__gpu_full__3e6df100__git3bd8b1e0__code6e952f10__20260724T172450269924Z,msl_ncam_nlb_463107562edr_f0410748ncam00354m1,test_msl,ALL,boundary_f1,0.23807412426066338,0,0,80914
sam__region_oracle_upper_bound__vit-b__in_rover__seed1414__gpu_full__3e6df100__git3bd8b1e0__code6e952f10__20260724T172450269924Z,msl_ncam_nlb_463107626edr_f0410748ncam00354m1,test_msl,soil,iou,0.0,0,78643,108883
sam__region_oracle_upper_bound__vit-b__in_rover__seed1414__gpu_full__3e6df100__git3bd8b1e0__code6e952f10__20260724T172450269924Z,msl_ncam_nlb_463107626edr_f0410748ncam00354m1,test_msl,bedrock,iou,0.2777293057685773,30240,108883,108883
sam__region_oracle_upper_bound__vit-b__in_rover__seed1414__gpu_full__3e6df100__git3bd8b1e0__code6e952f10__20260724T172450269924Z,msl_ncam_nlb_463107626edr_f0410748ncam00354m1,test_msl,sand,iou,,0,0,108883
sam__region_oracle_upper_bound__vit-b__in_rover__seed1414__gpu_full__3e6df100__git3bd8b1e0__code6e952f10__20260724T172450269924Z,msl_ncam_nlb_463107626edr_f0410748ncam00354m1,test_msl,big_rock,iou,,0,0,108883
sam__region_oracle_upper_bound__vit-b__in_rover__seed1414__gpu_full__3e6df100__git3bd8b1e0__code6e952f10__20260724T172450269924Z,msl_ncam_nlb_463107626edr_f0410748ncam00354m1,test_msl,ALL,pixel_acc,0.2777293057685773,0,0,108883
sam__region_oracle_upper_bound__vit-b__in_rover__seed1414__gpu_full__3e6df100__git3bd8b1e0__code6e952f10__20260724T172450269924Z,msl_ncam_nlb_463107626edr_f0410748ncam00354m1,test_msl,ALL,boundary_f1,0.1991532807346732,0,0,108883
sam__region_oracle_upper_bound__vit-b__in_rover__seed1414__gpu_full__3e6df100__git3bd8b1e0__code6e952f10__20260724T172450269924Z,msl_ncam_nlb_463107697edr_f0410748ncam00354m1,test_msl,soil,iou,0.0,0,80904,88228
sam__region_oracle_upper_bound__vit-b__in_rover__seed1414__gpu_full__3e6df100__git3bd8b1e0__code6e952f10__20260724T172450269924Z,msl_ncam_nlb_463107697edr_f0410748ncam00354m1,test_msl,bedrock,iou,0.08301219567484246,7324,88228,88228
sam__region_oracle_upper_bound__vit-b__in_rover__seed1414__gpu_full__3e6df100__git3bd8b1e0__code6e952f10__20260724T172450269924Z,msl_ncam_nlb_463107697edr_f0410748ncam00354m1,test_msl,sand,iou,,0,0,88228
sam__region_oracle_upper_bound__vit-b__in_rover__seed1414__gpu_full__3e6df100__git3bd8b1e0__code6e952f10__20260724T172450269924Z,msl_ncam_nlb_463107697edr_f0410748ncam00354m1,test_msl,big_rock,iou,,0,0,88228
sam__region_oracle_upper_bound__vit-b__in_rover__seed1414__gpu_full__3e6df100__git3bd8b1e0__code6e952f10__20260724T172450269924Z,msl_ncam_nlb_463107697edr_f0410748ncam00354m1,test_msl,ALL,pixel_acc,0.08301219567484246,0,0,88228
sam__region_oracle_upper_bound__vit-b__in_rover__seed1414__gpu_full__3e6df100__git3bd8b1e0__code6e952f10__20260724T172450269924Z,msl_ncam_nlb_463107697edr_f0410748ncam00354m1,test_msl,ALL,boundary_f1,0.12958999305072968,0,0,88228
sam__region_oracle_upper_bound__vit-b__in_rover__seed1414__gpu_full__3e6df100__git3bd8b1e0__code6e952f10__20260724T172450269924Z,msl_ncam_nlb_463107797edr_f0410748ncam07753m1,test_msl,soil,iou,0.0,0,1,100367
sam__region_oracle_upper_bound__vit-b__in_rover__seed1414__gpu_full__3e6df100__git3bd8b1e0__code6e952f10__20260724T172450269924Z,msl_ncam_nlb_463107797edr_f0410748ncam07753m1,test_msl,bedrock,iou,0.9999900365658035,100366,100367,100367
sam__region_oracle_upper_bound__vit-b__in_rover__seed1414__gpu_full__3e6df100__git3bd8b1e0__code6e952f10__20260724T172450269924Z,msl_ncam_nlb_463107797edr_f0410748ncam07753m1,test_msl,sand,iou,,0,0,100367
sam__region_oracle_upper_bound__vit-b__in_rover__seed1414__gpu_full__3e6df100__git3bd8b1e0__code6e952f10__20260724T172450269924Z,msl_ncam_nlb_463107797edr_f0410748ncam07753m1,test_msl,big_rock,iou,,0,0,100367
sam__region_oracle_upper_bound__vit-b__in_rover__seed1414__gpu_full__3e6df100__git3bd8b1e0__code6e952f10__20260724T172450269924Z,msl_ncam_nlb_463107797edr_f0410748ncam07753m1,test_msl,ALL,pixel_acc,0.9999900365658035,0,0,100367
sam__region_oracle_upper_bound__vit-b__in_rover__seed1414__gpu_full__3e6df100__git3bd8b1e0__code6e952f10__20260724T172450269924Z,msl_ncam_nlb_463107797edr_f0410748ncam07753m1,test_msl,ALL,boundary_f1,0.5,0,0,100367
sam__region_oracle_upper_bound__vit-b__in_rover__seed1414__gpu_full__3e6df100__git3bd8b1e0__code6e952f10__20260724T172450269924Z,msl_ncam_nlb_463107836edr_f0410748ncam07753m1,test_msl,soil,iou,,0,0,0
sam__region_oracle_upper_bound__vit-b__in_rover__seed1414__gpu_full__3e6df100__git3bd8b1e0__code6e952f10__20260724T172450269924Z,msl_ncam_nlb_463107836edr_f0410748ncam07753m1,test_msl,bedrock,iou,,0,0,0
sam__region_oracle_upper_bound__vit-b__in_rover__seed1414__gpu_full__3e6df100__git3bd8b1e0__code6e952f10__20260724T172450269924Z,msl_ncam_nlb_463107836edr_f0410748ncam07753m1,test_msl,sand,iou,,0,0,0
sam__region_oracle_upper_bound__vit-b__in_rover__seed1414__gpu_full__3e6df100__git3bd8b1e0__code6e952f10__20260724T172450269924Z,msl_ncam_nlb_463107836edr_f0410748ncam07753m1,test_msl,big_rock,iou,,0,0,0
sam__region_oracle_upper_bound__vit-b__in_rover__seed1414__gpu_full__3e6df100__git3bd8b1e0__code6e952f10__20260724T172450269924Z,msl_ncam_nlb_463107836edr_f0410748ncam07753m1,test_msl,ALL,pixel_acc,,0,0,0
sam__region_oracle_upper_bound__vit-b__in_rover__seed1414__gpu_full__3e6df100__git3bd8b1e0__code6e952f10__20260724T172450269924Z,msl_ncam_nlb_463107836edr_f0410748ncam07753m1,test_msl,ALL,boundary_f1,,0,0,0
sam__region_oracle_upper_bound__vit-b__in_rover__seed1414__gpu_full__3e6df100__git3bd8b1e0__code6e952f10__20260724T172450269924Z,msl_ncam_nlb_463107949edr_f0410748ncam07753m1,test_msl,soil,iou,,0,0,56667
sam__region_oracle_upper_bound__vit-b__in_rover__seed1414__gpu_full__3e6df100__git3bd8b1e0__code6e952f10__20260724T172450269924Z,msl_ncam_nlb_463107949edr_f0410748ncam07753m1,test_msl,bedrock,iou,1.0,56667,56667,56667
sam__region_oracle_upper_bound__vit-b__in_rover__seed1414__gpu_full__3e6df100__git3bd8b1e0__code6e952f10__20260724T172450269924Z,msl_ncam_nlb_463107949edr_f0410748ncam07753m1,test_msl,sand,iou,,0,0,56667
sam__region_oracle_upper_bound__vit-b__in_rover__seed1414__gpu_full__3e6df100__git3bd8b1e0__code6e952f10__20260724T172450269924Z,msl_ncam_nlb_463107949edr_f0410748ncam07753m1,test_msl,big_rock,iou,,0,0,56667
sam__region_oracle_upper_bound__vit-b__in_rover__seed1414__gpu_full__3e6df100__git3bd8b1e0__code6e952f10__20260724T172450269924Z,msl_ncam_nlb_463107949edr_f0410748ncam07753m1,test_msl,ALL,pixel_acc,1.0,0,0,56667
sam__region_oracle_upper_bound__vit-b__in_rover__seed1414__gpu_full__3e6df100__git3bd8b1e0__code6e952f10__20260724T172450269924Z,msl_ncam_nlb_463107949edr_f0410748ncam07753m1,test_msl,ALL,boundary_f1,1.0,0,0,56667
sam__region_oracle_upper_bound__vit-b__in_rover__seed1414__gpu_full__3e6df100__git3bd8b1e0__code6e952f10__20260724T172450269924Z,msl_ncam_nlb_463803954edr_f0411768ncam00382m1,test_msl,soil,iou,0.0,0,66122,67455
sam__region_oracle_upper_bound__vit-b__in_rover__seed1414__gpu_full__3e6df100__git3bd8b1e0__code6e952f10__20260724T172450269924Z,msl_ncam_nlb_463803954edr_f0411768ncam00382m1,test_msl,bedrock,iou,,0,0,67455
sam__region_oracle_upper_bound__vit-b__in_rover__seed1414__gpu_full__3e6df100__git3bd8b1e0__code6e952f10__20260724T172450269924Z,msl_ncam_nlb_463803954edr_f0411768ncam00382m1,test_msl,sand,iou,0.019761322363056853,1333,67455,67455
sam__region_oracle_upper_bound__vit-b__in_rover__seed1414__gpu_full__3e6df100__git3bd8b1e0__code6e952f10__20260724T172450269924Z,msl_ncam_nlb_463803954edr_f0411768ncam00382m1,test_msl,big_rock,iou,,0,0,67455
sam__region_oracle_upper_bound__vit-b__in_rover__seed1414__gpu_full__3e6df100__git3bd8b1e0__code6e952f10__20260724T172450269924Z,msl_ncam_nlb_463803954edr_f0411768ncam00382m1,test_msl,ALL,pixel_acc,0.019761322363056853,0,0,67455
sam__region_oracle_upper_bound__vit-b__in_rover__seed1414__gpu_full__3e6df100__git3bd8b1e0__code6e952f10__20260724T172450269924Z,msl_ncam_nlb_463803954edr_f0411768ncam00382m1,test_msl,ALL,boundary_f1,0.04655493482309124,0,0,67455
sam__region_oracle_upper_bound__vit-b__in_rover__seed1414__gpu_full__3e6df100__git3bd8b1e0__code6e952f10__20260724T172450269924Z,msl_ncam_nlb_463813170edr_f0420000ncam06094m1,test_msl,soil,iou,0.0030990196370571234,104,33559,89391
sam__region_oracle_upper_bound__vit-b__in_rover__seed1414__gpu_full__3e6df100__git3bd8b1e0__code6e952f10__20260724T172450269924Z,msl_ncam_nlb_463813170edr_f0420000ncam06094m1,test_msl,bedrock,iou,0.0,0,7381,89391
sam__region_oracle_upper_bound__vit-b__in_rover__seed1414__gpu_full__3e6df100__git3bd8b1e0__code6e952f10__20260724T172450269924Z,msl_ncam_nlb_463813170edr_f0420000ncam06094m1,test_msl,sand,iou,0.5426433859352425,48451,89287,89391
sam__region_oracle_upper_bound__vit-b__in_rover__seed1414__gpu_full__3e6df100__git3bd8b1e0__code6e952f10__20260724T172450269924Z,msl_ncam_nlb_463813170edr_f0420000ncam06094m1,test_msl,big_rock,iou,,0,0,89391
sam__region_oracle_upper_bound__vit-b__in_rover__seed1414__gpu_full__3e6df100__git3bd8b1e0__code6e952f10__20260724T172450269924Z,msl_ncam_nlb_463813170edr_f0420000ncam06094m1,test_msl,ALL,pixel_acc,0.5431754874651811,0,0,89391
sam__region_oracle_upper_bound__vit-b__in_rover__seed1414__gpu_full__3e6df100__git3bd8b1e0__code6e952f10__20260724T172450269924Z,msl_ncam_nlb_463813170edr_f0420000ncam06094m1,test_msl,ALL,boundary_f1,0.18753595407583998,0,0,89391
sam__region_oracle_upper_bound__vit-b__in_rover__seed1414__gpu_full__3e6df100__git3bd8b1e0__code6e952f10__20260724T172450269924Z,msl_ncam_nlb_463813296edr_f0420000ncam06094m1,test_msl,soil,iou,1.0,188552,188552,188552
sam__region_oracle_upper_bound__vit-b__in_rover__seed1414__gpu_full__3e6df100__git3bd8b1e0__code6e952f10__20260724T172450269924Z,msl_ncam_nlb_463813296edr_f0420000ncam06094m1,test_msl,bedrock,iou,,0,0,188552
sam__region_oracle_upper_bound__vit-b__in_rover__seed1414__gpu_full__3e6df100__git3bd8b1e0__code6e952f10__20260724T172450269924Z,msl_ncam_nlb_463813296edr_f0420000ncam06094m1,test_msl,sand,iou,,0,0,188552
sam__region_oracle_upper_bound__vit-b__in_rover__seed1414__gpu_full__3e6df100__git3bd8b1e0__code6e952f10__20260724T172450269924Z,msl_ncam_nlb_463813296edr_f0420000ncam06094m1,test_msl,big_rock,iou,,0,0,188552
sam__region_oracle_upper_bound__vit-b__in_rover__seed1414__gpu_full__3e6df100__git3bd8b1e0__code6e952f10__20260724T172450269924Z,msl_ncam_nlb_463813296edr_f0420000ncam06094m1,test_msl,ALL,pixel_acc,1.0,0,0,188552
sam__region_oracle_upper_bound__vit-b__in_rover__seed1414__gpu_full__3e6df100__git3bd8b1e0__code6e952f10__20260724T172450269924Z,msl_ncam_nlb_463813296edr_f0420000ncam06094m1,test_msl,ALL,boundary_f1,1.0,0,0,188552
sam__region_oracle_upper_bound__vit-b__in_rover__seed1414__gpu_full__3e6df100__git3bd8b1e0__code6e952f10__20260724T172450269924Z,msl_ncam_nlb_463814148edr_f0420000ncam00354m1,test_msl,soil,iou,1.0,227875,227875,227875
sam__region_oracle_upper_bound__vit-b__in_rover__seed1414__gpu_full__3e6df100__git3bd8b1e0__code6e952f10__20260724T172450269924Z,msl_ncam_nlb_463814148edr_f0420000ncam00354m1,test_msl,bedrock,iou,,0,0,227875
sam__region_oracle_upper_bound__vit-b__in_rover__seed1414__gpu_full__3e6df100__git3bd8b1e0__code6e952f10__20260724T172450269924Z,msl_ncam_nlb_463814148edr_f0420000ncam00354m1,test_msl,sand,iou,,0,0,227875
sam__region_oracle_upper_bound__vit-b__in_rover__seed1414__gpu_full__3e6df100__git3bd8b1e0__code6e952f10__20260724T172450269924Z,msl_ncam_nlb_463814148edr_f0420000ncam00354m1,test_msl,big_rock,iou,,0,0,227875
sam__region_oracle_upper_bound__vit-b__in_rover__seed1414__gpu_full__3e6df100__git3bd8b1e0__code6e952f10__20260724T172450269924Z,msl_ncam_nlb_463814148edr_f0420000ncam00354m1,test_msl,ALL,pixel_acc,1.0,0,0,227875
sam__region_oracle_upper_bound__vit-b__in_rover__seed1414__gpu_full__3e6df100__git3bd8b1e0__code6e952f10__20260724T172450269924Z,msl_ncam_nlb_463814148edr_f0420000ncam00354m1,test_msl,ALL,boundary_f1,1.0,0,0,227875
sam__region_oracle_upper_bound__vit-b__in_rover__seed1414__gpu_full__3e6df100__git3bd8b1e0__code6e952f10__20260724T172450269924Z,msl_ncam_nlb_463814218edr_f0420000ncam00354m1,test_msl,soil,iou,1.0,152384,152384,152384
sam__region_oracle_upper_bound__vit-b__in_rover__seed1414__gpu_full__3e6df100__git3bd8b1e0__code6e952f10__20260724T172450269924Z,msl_ncam_nlb_463814218edr_f0420000ncam00354m1,test_msl,bedrock,iou,,0,0,152384
sam__region_oracle_upper_bound__vit-b__in_rover__seed1414__gpu_full__3e6df100__git3bd8b1e0__code6e952f10__20260724T172450269924Z,msl_ncam_nlb_463814218edr_f0420000ncam00354m1,test_msl,sand,iou,,0,0,152384
sam__region_oracle_upper_bound__vit-b__in_rover__seed1414__gpu_full__3e6df100__git3bd8b1e0__code6e952f10__20260724T172450269924Z,msl_ncam_nlb_463814218edr_f0420000ncam00354m1,test_msl,big_rock,iou,,0,0,152384
sam__region_oracle_upper_bound__vit-b__in_rover__seed1414__gpu_full__3e6df100__git3bd8b1e0__code6e952f10__20260724T172450269924Z,msl_ncam_nlb_463814218edr_f0420000ncam00354m1,test_msl,ALL,pixel_acc,1.0,0,0,152384
sam__region_oracle_upper_bound__vit-b__in_rover__seed1414__gpu_full__3e6df100__git3bd8b1e0__code6e952f10__20260724T172450269924Z,msl_ncam_nlb_463814218edr_f0420000ncam00354m1,test_msl,ALL,boundary_f1,1.0,0,0,152384
sam__region_oracle_upper_bound__vit-b__in_rover__seed1414__gpu_full__3e6df100__git3bd8b1e0__code6e952f10__20260724T172450269924Z,msl_ncam_nlb_463814255edr_f0420000ncam00278m1,test_msl,soil,iou,1.0,85416,85416,85416
sam__region_oracle_upper_bound__vit-b__in_rover__seed1414__gpu_full__3e6df100__git3bd8b1e0__code6e952f10__20260724T172450269924Z,msl_ncam_nlb_463814255edr_f0420000ncam00278m1,test_msl,bedrock,iou,,0,0,85416
sam__region_oracle_upper_bound__vit-b__in_rover__seed1414__gpu_full__3e6df100__git3bd8b1e0__code6e952f10__20260724T172450269924Z,msl_ncam_nlb_463814255edr_f0420000ncam00278m1,test_msl,sand,iou,,0,0,85416
sam__region_oracle_upper_bound__vit-b__in_rover__seed1414__gpu_full__3e6df100__git3bd8b1e0__code6e952f10__20260724T172450269924Z,msl_ncam_nlb_463814255edr_f0420000ncam00278m1,test_msl,big_rock,iou,,0,0,85416
sam__region_oracle_upper_bound__vit-b__in_rover__seed1414__gpu_full__3e6df100__git3bd8b1e0__code6e952f10__20260724T172450269924Z,msl_ncam_nlb_463814255edr_f0420000ncam00278m1,test_msl,ALL,pixel_acc,1.0,0,0,85416
sam__region_oracle_upper_bound__vit-b__in_rover__seed1414__gpu_full__3e6df100__git3bd8b1e0__code6e952f10__20260724T172450269924Z,msl_ncam_nlb_463814255edr_f0420000ncam00278m1,test_msl,ALL,boundary_f1,1.0,0,0,85416
sam__region_oracle_upper_bound__vit-b__in_rover__seed1414__gpu_full__3e6df100__git3bd8b1e0__code6e952f10__20260724T172450269924Z,msl_ncam_nlb_463814438edr_f0420000ncam00278m1,test_msl,soil,iou,,0,0,0
sam__region_oracle_upper_bound__vit-b__in_rover__seed1414__gpu_full__3e6df100__git3bd8b1e0__code6e952f10__20260724T172450269924Z,msl_ncam_nlb_463814438edr_f0420000ncam00278m1,test_msl,bedrock,iou,,0,0,0
sam__region_oracle_upper_bound__vit-b__in_rover__seed1414__gpu_full__3e6df100__git3bd8b1e0__code6e952f10__20260724T172450269924Z,msl_ncam_nlb_463814438edr_f0420000ncam00278m1,test_msl,sand,iou,,0,0,0
sam__region_oracle_upper_bound__vit-b__in_rover__seed1414__gpu_full__3e6df100__git3bd8b1e0__code6e952f10__20260724T172450269924Z,msl_ncam_nlb_463814438edr_f0420000ncam00278m1,test_msl,big_rock,iou,,0,0,0
sam__region_oracle_upper_bound__vit-b__in_rover__seed1414__gpu_full__3e6df100__git3bd8b1e0__code6e952f10__20260724T172450269924Z,msl_ncam_nlb_463814438edr_f0420000ncam00278m1,test_msl,ALL,pixel_acc,,0,0,0
sam__region_oracle_upper_bound__vit-b__in_rover__seed1414__gpu_full__3e6df100__git3bd8b1e0__code6e952f10__20260724T172450269924Z,msl_ncam_nlb_463814438edr_f0420000ncam00278m1,test_msl,ALL,boundary_f1,,0,0,0
sam__region_oracle_upper_bound__vit-b__in_rover__seed1414__gpu_full__3e6df100__git3bd8b1e0__code6e952f10__20260724T172450269924Z,msl_ncam_nlb_492664173edr_f0490294ncam00294m1,test_msl,soil,iou,0.0,0,12321,16308
sam__region_oracle_upper_bound__vit-b__in_rover__seed1414__gpu_full__3e6df100__git3bd8b1e0__code6e952f10__20260724T172450269924Z,msl_ncam_nlb_492664173edr_f0490294ncam00294m1,test_msl,bedrock,iou,0.2444812362030905,3987,16308,16308
sam__region_oracle_upper_bound__vit-b__in_rover__seed1414__gpu_full__3e6df100__git3bd8b1e0__code6e952f10__20260724T172450269924Z,msl_ncam_nlb_492664173edr_f0490294ncam00294m1,test_msl,sand,iou,,0,0,16308
sam__region_oracle_upper_bound__vit-b__in_rover__seed1414__gpu_full__3e6df100__git3bd8b1e0__code6e952f10__20260724T172450269924Z,msl_ncam_nlb_492664173edr_f0490294ncam00294m1,test_msl,big_rock,iou,,0,0,16308
sam__region_oracle_upper_bound__vit-b__in_rover__seed1414__gpu_full__3e6df100__git3bd8b1e0__code6e952f10__20260724T172450269924Z,msl_ncam_nlb_492664173edr_f0490294ncam00294m1,test_msl,ALL,pixel_acc,0.2444812362030905,0,0,16308
sam__region_oracle_upper_bound__vit-b__in_rover__seed1414__gpu_full__3e6df100__git3bd8b1e0__code6e952f10__20260724T172450269924Z,msl_ncam_nlb_492664173edr_f0490294ncam00294m1,test_msl,ALL,boundary_f1,0.25393365005537694,0,0,16308
sam__region_oracle_upper_bound__vit-b__in_rover__seed1414__gpu_full__3e6df100__git3bd8b1e0__code6e952f10__20260724T172450269924Z,msl_ncam_nlb_492664235edr_f0490294ncam00294m1,test_msl,soil,iou,0.0,0,10092,30789
sam__region_oracle_upper_bound__vit-b__in_rover__seed1414__gpu_full__3e6df100__git3bd8b1e0__code6e952f10__20260724T172450269924Z,msl_ncam_nlb_492664235edr_f0490294ncam00294m1,test_msl,bedrock,iou,0.6722205982656143,20697,30789,30789
sam__region_oracle_upper_bound__vit-b__in_rover__seed1414__gpu_full__3e6df100__git3bd8b1e0__code6e952f10__20260724T172450269924Z,msl_ncam_nlb_492664235edr_f0490294ncam00294m1,test_msl,sand,iou,,0,0,30789
sam__region_oracle_upper_bound__vit-b__in_rover__seed1414__gpu_full__3e6df100__git3bd8b1e0__code6e952f10__20260724T172450269924Z,msl_ncam_nlb_492664235edr_f0490294ncam00294m1,test_msl,big_rock,iou,,0,0,30789
sam__region_oracle_upper_bound__vit-b__in_rover__seed1414__gpu_full__3e6df100__git3bd8b1e0__code6e952f10__20260724T172450269924Z,msl_ncam_nlb_492664235edr_f0490294ncam00294m1,test_msl,ALL,pixel_acc,0.6722205982656143,0,0,30789
sam__region_oracle_upper_bound__vit-b__in_rover__seed1414__gpu_full__3e6df100__git3bd8b1e0__code6e952f10__20260724T172450269924Z,msl_ncam_nlb_492664235edr_f0490294ncam00294m1,test_msl,ALL,boundary_f1,0.3863517825020367,0,0,30789
sam__region_oracle_upper_bound__vit-b__in_rover__seed1414__gpu_full__3e6df100__git3bd8b1e0__code6e952f10__20260724T172450269924Z,msl_ncam_nlb_492664291edr_f0490294ncam00294m1,test_msl,soil,iou,0.0,0,356,5776
sam__region_oracle_upper_bound__vit-b__in_rover__seed1414__gpu_full__3e6df100__git3bd8b1e0__code6e952f10__20260724T172450269924Z,msl_ncam_nlb_492664291edr_f0490294ncam00294m1,test_msl,bedrock,iou,0.9383656509695291,5420,5776,5776
sam__region_oracle_upper_bound__vit-b__in_rover__seed1414__gpu_full__3e6df100__git3bd8b1e0__code6e952f10__20260724T172450269924Z,msl_ncam_nlb_492664291edr_f0490294ncam00294m1,test_msl,sand,iou,,0,0,5776
sam__region_oracle_upper_bound__vit-b__in_rover__seed1414__gpu_full__3e6df100__git3bd8b1e0__code6e952f10__20260724T172450269924Z,msl_ncam_nlb_492664291edr_f0490294ncam00294m1,test_msl,big_rock,iou,,0,0,5776
sam__region_oracle_upper_bound__vit-b__in_rover__seed1414__gpu_full__3e6df100__git3bd8b1e0__code6e952f10__20260724T172450269924Z,msl_ncam_nlb_492664291edr_f0490294ncam00294m1,test_msl,ALL,pixel_acc,0.9383656509695291,0,0,5776
sam__region_oracle_upper_bound__vit-b__in_rover__seed1414__gpu_full__3e6df100__git3bd8b1e0__code6e952f10__20260724T172450269924Z,msl_ncam_nlb_492664291edr_f0490294ncam00294m1,test_msl,ALL,boundary_f1,0.47038990773827716,0,0,5776
sam__region_oracle_upper_bound__vit-b__in_rover__seed1414__gpu_full__3e6df100__git3bd8b1e0__code6e952f10__20260724T172450269924Z,msl_ncam_nlb_492664491edr_f0490294ncam00354m1,test_msl,soil,iou,0.3626293904273202,20494,56515,101609
sam__region_oracle_upper_bound__vit-b__in_rover__seed1414__gpu_full__3e6df100__git3bd8b1e0__code6e952f10__20260724T172450269924Z,msl_ncam_nlb_492664491edr_f0490294ncam00354m1,test_msl,bedrock,iou,0.5559267706342846,45094,81115,101609
sam__region_oracle_upper_bound__vit-b__in_rover__seed1414__gpu_full__3e6df100__git3bd8b1e0__code6e952f10__20260724T172450269924Z,msl_ncam_nlb_492664491edr_f0490294ncam00354m1,test_msl,sand,iou,,0,0,101609
sam__region_oracle_upper_bound__vit-b__in_rover__seed1414__gpu_full__3e6df100__git3bd8b1e0__code6e952f10__20260724T172450269924Z,msl_ncam_nlb_492664491edr_f0490294ncam00354m1,test_msl,big_rock,iou,,0,0,101609
sam__region_oracle_upper_bound__vit-b__in_rover__seed1414__gpu_full__3e6df100__git3bd8b1e0__code6e952f10__20260724T172450269924Z,msl_ncam_nlb_492664491edr_f0490294ncam00354m1,test_msl,ALL,pixel_acc,0.6454940015156138,0,0,101609
sam__region_oracle_upper_bound__vit-b__in_rover__seed1414__gpu_full__3e6df100__git3bd8b1e0__code6e952f10__20260724T172450269924Z,msl_ncam_nlb_492664491edr_f0490294ncam00354m1,test_msl,ALL,boundary_f1,0.47276680070020616,0,0,101609
sam__region_oracle_upper_bound__vit-b__in_rover__seed1414__gpu_full__3e6df100__git3bd8b1e0__code6e952f10__20260724T172450269924Z,msl_ncam_nlb_492664554edr_f0490294ncam00354m1,test_msl,soil,iou,0.3949042938437662,15267,38660,43882
sam__region_oracle_upper_bound__vit-b__in_rover__seed1414__gpu_full__3e6df100__git3bd8b1e0__code6e952f10__20260724T172450269924Z,msl_ncam_nlb_492664554edr_f0490294ncam00354m1,test_msl,bedrock,iou,0.39789698262724776,5222,13124,43882
sam__region_oracle_upper_bound__vit-b__in_rover__seed1414__gpu_full__3e6df100__git3bd8b1e0__code6e952f10__20260724T172450269924Z,msl_ncam_nlb_492664554edr_f0490294ncam00354m1,test_msl,sand,iou,0.0,0,15491,43882
sam__region_oracle_upper_bound__vit-b__in_rover__seed1414__gpu_full__3e6df100__git3bd8b1e0__code6e952f10__20260724T172450269924Z,msl_ncam_nlb_492664554edr_f0490294ncam00354m1,test_msl,big_rock,iou,,0,0,43882
sam__region_oracle_upper_bound__vit-b__in_rover__seed1414__gpu_full__3e6df100__git3bd8b1e0__code6e952f10__20260724T172450269924Z,msl_ncam_nlb_492664554edr_f0490294ncam00354m1,test_msl,ALL,pixel_acc,0.4669112620208742,0,0,43882
sam__region_oracle_upper_bound__vit-b__in_rover__seed1414__gpu_full__3e6df100__git3bd8b1e0__code6e952f10__20260724T172450269924Z,msl_ncam_nlb_492664554edr_f0490294ncam00354m1,test_msl,ALL,boundary_f1,0.40286100504764705,0,0,43882
sam__region_oracle_upper_bound__vit-b__in_rover__seed1414__gpu_full__3e6df100__git3bd8b1e0__code6e952f10__20260724T172450269924Z,msl_ncam_nlb_492664625edr_f0490294ncam00354m1,test_msl,soil,iou,0.0,0,16571,48893
sam__region_oracle_upper_bound__vit-b__in_rover__seed1414__gpu_full__3e6df100__git3bd8b1e0__code6e952f10__20260724T172450269924Z,msl_ncam_nlb_492664625edr_f0490294ncam00354m1,test_msl,bedrock,iou,0.7038149986934936,32322,45924,48893
sam__region_oracle_upper_bound__vit-b__in_rover__seed1414__gpu_full__3e6df100__git3bd8b1e0__code6e952f10__20260724T172450269924Z,msl_ncam_nlb_492664625edr_f0490294ncam00354m1,test_msl,sand,iou,0.0,0,2969,48893
sam__region_oracle_upper_bound__vit-b__in_rover__seed1414__gpu_full__3e6df100__git3bd8b1e0__code6e952f10__20260724T172450269924Z,msl_ncam_nlb_492664625edr_f0490294ncam00354m1,test_msl,big_rock,iou,,0,0,48893
sam__region_oracle_upper_bound__vit-b__in_rover__seed1414__gpu_full__3e6df100__git3bd8b1e0__code6e952f10__20260724T172450269924Z,msl_ncam_nlb_492664625edr_f0490294ncam00354m1,test_msl,ALL,pixel_acc,0.6610762276808541,0,0,48893
sam__region_oracle_upper_bound__vit-b__in_rover__seed1414__gpu_full__3e6df100__git3bd8b1e0__code6e952f10__20260724T172450269924Z,msl_ncam_nlb_492664625edr_f0490294ncam00354m1,test_msl,ALL,boundary_f1,0.21838628682678038,0,0,48893
sam__region_oracle_upper_bound__vit-b__in_rover__seed1414__gpu_full__3e6df100__git3bd8b1e0__code6e952f10__20260724T172450269924Z,msl_ncam_nlb_492664724edr_f0490294ncam00296m1,test_msl,soil,iou,,0,0,0
sam__region_oracle_upper_bound__vit-b__in_rover__seed1414__gpu_full__3e6df100__git3bd8b1e0__code6e952f10__20260724T172450269924Z,msl_ncam_nlb_492664724edr_f0490294ncam00296m1,test_msl,bedrock,iou,,0,0,0
sam__region_oracle_upper_bound__vit-b__in_rover__seed1414__gpu_full__3e6df100__git3bd8b1e0__code6e952f10__20260724T172450269924Z,msl_ncam_nlb_492664724edr_f0490294ncam00296m1,test_msl,sand,iou,,0,0,0
sam__region_oracle_upper_bound__vit-b__in_rover__seed1414__gpu_full__3e6df100__git3bd8b1e0__code6e952f10__20260724T172450269924Z,msl_ncam_nlb_492664724edr_f0490294ncam00296m1,test_msl,big_rock,iou,,0,0,0
sam__region_oracle_upper_bound__vit-b__in_rover__seed1414__gpu_full__3e6df100__git3bd8b1e0__code6e952f10__20260724T172450269924Z,msl_ncam_nlb_492664724edr_f0490294ncam00296m1,test_msl,ALL,pixel_acc,,0,0,0
sam__region_oracle_upper_bound__vit-b__in_rover__seed1414__gpu_full__3e6df100__git3bd8b1e0__code6e952f10__20260724T172450269924Z,msl_ncam_nlb_492664724edr_f0490294ncam00296m1,test_msl,ALL,boundary_f1,,0,0,0
sam__region_oracle_upper_bound__vit-b__in_rover__seed1414__gpu_full__3e6df100__git3bd8b1e0__code6e952f10__20260724T172450269924Z,msl_ncam_nlb_492664901edr_f0490294ncam00295m1,test_msl,soil,iou,0.0,0,6278,9775
sam__region_oracle_upper_bound__vit-b__in_rover__seed1414__gpu_full__3e6df100__git3bd8b1e0__code6e952f10__20260724T172450269924Z,msl_ncam_nlb_492664901edr_f0490294ncam00295m1,test_msl,bedrock,iou,0.35774936061381074,3497,9775,9775
sam__region_oracle_upper_bound__vit-b__in_rover__seed1414__gpu_full__3e6df100__git3bd8b1e0__code6e952f10__20260724T172450269924Z,msl_ncam_nlb_492664901edr_f0490294ncam00295m1,test_msl,sand,iou,,0,0,9775
sam__region_oracle_upper_bound__vit-b__in_rover__seed1414__gpu_full__3e6df100__git3bd8b1e0__code6e952f10__20260724T172450269924Z,msl_ncam_nlb_492664901edr_f0490294ncam00295m1,test_msl,big_rock,iou,,0,0,9775
sam__region_oracle_upper_bound__vit-b__in_rover__seed1414__gpu_full__3e6df100__git3bd8b1e0__code6e952f10__20260724T172450269924Z,msl_ncam_nlb_492664901edr_f0490294ncam00295m1,test_msl,ALL,pixel_acc,0.35774936061381074,0,0,9775
sam__region_oracle_upper_bound__vit-b__in_rover__seed1414__gpu_full__3e6df100__git3bd8b1e0__code6e952f10__20260724T172450269924Z,msl_ncam_nlb_492664901edr_f0490294ncam00295m1,test_msl,ALL,boundary_f1,0.2651151472247417,0,0,9775
sam__region_oracle_upper_bound__vit-b__in_rover__seed1414__gpu_full__3e6df100__git3bd8b1e0__code6e952f10__20260724T172450269924Z,msl_ncam_nlb_492665102edr_f0490294ncam00295m1,test_msl,soil,iou,,0,0,0
sam__region_oracle_upper_bound__vit-b__in_rover__seed1414__gpu_full__3e6df100__git3bd8b1e0__code6e952f10__20260724T172450269924Z,msl_ncam_nlb_492665102edr_f0490294ncam00295m1,test_msl,bedrock,iou,,0,0,0
sam__region_oracle_upper_bound__vit-b__in_rover__seed1414__gpu_full__3e6df100__git3bd8b1e0__code6e952f10__20260724T172450269924Z,msl_ncam_nlb_492665102edr_f0490294ncam00295m1,test_msl,sand,iou,,0,0,0
sam__region_oracle_upper_bound__vit-b__in_rover__seed1414__gpu_full__3e6df100__git3bd8b1e0__code6e952f10__20260724T172450269924Z,msl_ncam_nlb_492665102edr_f0490294ncam00295m1,test_msl,big_rock,iou,,0,0,0
sam__region_oracle_upper_bound__vit-b__in_rover__seed1414__gpu_full__3e6df100__git3bd8b1e0__code6e952f10__20260724T172450269924Z,msl_ncam_nlb_492665102edr_f0490294ncam00295m1,test_msl,ALL,pixel_acc,,0,0,0
sam__region_oracle_upper_bound__vit-b__in_rover__seed1414__gpu_full__3e6df100__git3bd8b1e0__code6e952f10__20260724T172450269924Z,msl_ncam_nlb_492665102edr_f0490294ncam00295m1,test_msl,ALL,boundary_f1,,0,0,0
sam__region_oracle_upper_bound__vit-b__in_rover__seed1414__gpu_full__3e6df100__git3bd8b1e0__code6e952f10__20260724T172450269924Z,msl_ncam_nlb_493996330edr_f0491846ncam00385m1,test_msl,soil,iou,0.0,0,79488,89098
sam__region_oracle_upper_bound__vit-b__in_rover__seed1414__gpu_full__3e6df100__git3bd8b1e0__code6e952f10__20260724T172450269924Z,msl_ncam_nlb_493996330edr_f0491846ncam00385m1,test_msl,bedrock,iou,0.23909498573175703,9384,39248,89098
sam__region_oracle_upper_bound__vit-b__in_rover__seed1414__gpu_full__3e6df100__git3bd8b1e0__code6e952f10__20260724T172450269924Z,msl_ncam_nlb_493996330edr_f0491846ncam00385m1,test_msl,sand,iou,0.004533600802407222,226,49850,89098
sam__region_oracle_upper_bound__vit-b__in_rover__seed1414__gpu_full__3e6df100__git3bd8b1e0__code6e952f10__20260724T172450269924Z,msl_ncam_nlb_493996330edr_f0491846ncam00385m1,test_msl,big_rock,iou,,0,0,89098
sam__region_oracle_upper_bound__vit-b__in_rover__seed1414__gpu_full__3e6df100__git3bd8b1e0__code6e952f10__20260724T172450269924Z,msl_ncam_nlb_493996330edr_f0491846ncam00385m1,test_msl,ALL,pixel_acc,0.10785876226177916,0,0,89098
sam__region_oracle_upper_bound__vit-b__in_rover__seed1414__gpu_full__3e6df100__git3bd8b1e0__code6e952f10__20260724T172450269924Z,msl_ncam_nlb_493996330edr_f0491846ncam00385m1,test_msl,ALL,boundary_f1,0.14531196833731203,0,0,89098
sam__region_oracle_upper_bound__vit-b__in_rover__seed1414__gpu_full__3e6df100__git3bd8b1e0__code6e952f10__20260724T172450269924Z,msl_ncam_nlb_493996945edr_f0491876ncam00353m1,test_msl,soil,iou,0.0,0,52386,75892
sam__region_oracle_upper_bound__vit-b__in_rover__seed1414__gpu_full__3e6df100__git3bd8b1e0__code6e952f10__20260724T172450269924Z,msl_ncam_nlb_493996945edr_f0491876ncam00353m1,test_msl,bedrock,iou,0.4029001405505468,23506,58342,75892
sam__region_oracle_upper_bound__vit-b__in_rover__seed1414__gpu_full__3e6df100__git3bd8b1e0__code6e952f10__20260724T172450269924Z,msl_ncam_nlb_493996945edr_f0491876ncam00353m1,test_msl,sand,iou,0.0,0,17550,75892
sam__region_oracle_upper_bound__vit-b__in_rover__seed1414__gpu_full__3e6df100__git3bd8b1e0__code6e952f10__20260724T172450269924Z,msl_ncam_nlb_493996945edr_f0491876ncam00353m1,test_msl,big_rock,iou,,0,0,75892
sam__region_oracle_upper_bound__vit-b__in_rover__seed1414__gpu_full__3e6df100__git3bd8b1e0__code6e952f10__20260724T172450269924Z,msl_ncam_nlb_493996945edr_f0491876ncam00353m1,test_msl,ALL,pixel_acc,0.3097296157697781,0,0,75892
sam__region_oracle_upper_bound__vit-b__in_rover__seed1414__gpu_full__3e6df100__git3bd8b1e0__code6e952f10__20260724T172450269924Z,msl_ncam_nlb_493996945edr_f0491876ncam00353m1,test_msl,ALL,boundary_f1,0.18903908823645302,0,0,75892
sam__region_oracle_upper_bound__vit-b__in_rover__seed1414__gpu_full__3e6df100__git3bd8b1e0__code6e952f10__20260724T172450269924Z,msl_ncam_nlb_493997715edr_f0491876ncam00256m1,test_msl,soil,iou,0.0,0,62760,65259
sam__region_oracle_upper_bound__vit-b__in_rover__seed1414__gpu_full__3e6df100__git3bd8b1e0__code6e952f10__20260724T172450269924Z,msl_ncam_nlb_493997715edr_f0491876ncam00256m1,test_msl,bedrock,iou,0.13309544098849596,2499,18776,65259
sam__region_oracle_upper_bound__vit-b__in_rover__seed1414__gpu_full__3e6df100__git3bd8b1e0__code6e952f10__20260724T172450269924Z,msl_ncam_nlb_493997715edr_f0491876ncam00256m1,test_msl,sand,iou,0.0,0,46483,65259
sam__region_oracle_upper_bound__vit-b__in_rover__seed1414__gpu_full__3e6df100__git3bd8b1e0__code6e952f10__20260724T172450269924Z,msl_ncam_nlb_493997715edr_f0491876ncam00256m1,test_msl,big_rock,iou,,0,0,65259
sam__region_oracle_upper_bound__vit-b__in_rover__seed1414__gpu_full__3e6df100__git3bd8b1e0__code6e952f10__20260724T172450269924Z,msl_ncam_nlb_493997715edr_f0491876ncam00256m1,test_msl,ALL,pixel_acc,0.03829356870316738,0,0,65259
sam__region_oracle_upper_bound__vit-b__in_rover__seed1414__gpu_full__3e6df100__git3bd8b1e0__code6e952f10__20260724T172450269924Z,msl_ncam_nlb_493997715edr_f0491876ncam00256m1,test_msl,ALL,boundary_f1,0.11833626244874047,0,0,65259
sam__region_oracle_upper_bound__vit-b__in_rover__seed1414__gpu_full__3e6df100__git3bd8b1e0__code6e952f10__20260724T172450269924Z,msl_ncam_nlb_493997775edr_f0491876ncam00256m1,test_msl,soil,iou,0.0,0,36020,41074
sam__region_oracle_upper_bound__vit-b__in_rover__seed1414__gpu_full__3e6df100__git3bd8b1e0__code6e952f10__20260724T172450269924Z,msl_ncam_nlb_493997775edr_f0491876ncam00256m1,test_msl,bedrock,iou,0.16834882249092303,5054,30021,41074
sam__region_oracle_upper_bound__vit-b__in_rover__seed1414__gpu_full__3e6df100__git3bd8b1e0__code6e952f10__20260724T172450269924Z,msl_ncam_nlb_493997775edr_f0491876ncam00256m1,test_msl,sand,iou,0.0,0,11053,41074
sam__region_oracle_upper_bound__vit-b__in_rover__seed1414__gpu_full__3e6df100__git3bd8b1e0__code6e952f10__20260724T172450269924Z,msl_ncam_nlb_493997775edr_f0491876ncam00256m1,test_msl,big_rock,iou,,0,0,41074
sam__region_oracle_upper_bound__vit-b__in_rover__seed1414__gpu_full__3e6df100__git3bd8b1e0__code6e952f10__20260724T172450269924Z,msl_ncam_nlb_493997775edr_f0491876ncam00256m1,test_msl,ALL,pixel_acc,0.12304620928081024,0,0,41074
sam__region_oracle_upper_bound__vit-b__in_rover__seed1414__gpu_full__3e6df100__git3bd8b1e0__code6e952f10__20260724T172450269924Z,msl_ncam_nlb_493997775edr_f0491876ncam00256m1,test_msl,ALL,boundary_f1,0.1356750108993421,0,0,41074
sam__region_oracle_upper_bound__vit-b__in_rover__seed1414__gpu_full__3e6df100__git3bd8b1e0__code6e952f10__20260724T172450269924Z,msl_ncam_nlb_493997895edr_f0491876ncam00354m1,test_msl,soil,iou,0.0,0,75132,92765
sam__region_oracle_upper_bound__vit-b__in_rover__seed1414__gpu_full__3e6df100__git3bd8b1e0__code6e952f10__20260724T172450269924Z,msl_ncam_nlb_493997895edr_f0491876ncam00354m1,test_msl,bedrock,iou,0.21161462208674364,17633,83326,92765
sam__region_oracle_upper_bound__vit-b__in_rover__seed1414__gpu_full__3e6df100__git3bd8b1e0__code6e952f10__20260724T172450269924Z,msl_ncam_nlb_493997895edr_f0491876ncam00354m1,test_msl,sand,iou,0.0,0,9439,92765
sam__region_oracle_upper_bound__vit-b__in_rover__seed1414__gpu_full__3e6df100__git3bd8b1e0__code6e952f10__20260724T172450269924Z,msl_ncam_nlb_493997895edr_f0491876ncam00354m1,test_msl,big_rock,iou,,0,0,92765
sam__region_oracle_upper_bound__vit-b__in_rover__seed1414__gpu_full__3e6df100__git3bd8b1e0__code6e952f10__20260724T172450269924Z,msl_ncam_nlb_493997895edr_f0491876ncam00354m1,test_msl,ALL,pixel_acc,0.1900824664474748,0,0,92765
sam__region_oracle_upper_bound__vit-b__in_rover__seed1414__gpu_full__3e6df100__git3bd8b1e0__code6e952f10__20260724T172450269924Z,msl_ncam_nlb_493997895edr_f0491876ncam00354m1,test_msl,ALL,boundary_f1,0.14072829932458994,0,0,92765
sam__region_oracle_upper_bound__vit-b__in_rover__seed1414__gpu_full__3e6df100__git3bd8b1e0__code6e952f10__20260724T172450269924Z,msl_ncam_nlb_493997974edr_f0491876ncam00354m1,test_msl,soil,iou,0.0,0,34105,43129
sam__region_oracle_upper_bound__vit-b__in_rover__seed1414__gpu_full__3e6df100__git3bd8b1e0__code6e952f10__20260724T172450269924Z,msl_ncam_nlb_493997974edr_f0491876ncam00354m1,test_msl,bedrock,iou,0.492066088663504,9024,18339,43129
sam__region_oracle_upper_bound__vit-b__in_rover__seed1414__gpu_full__3e6df100__git3bd8b1e0__code6e952f10__20260724T172450269924Z,msl_ncam_nlb_493997974edr_f0491876ncam00354m1,test_msl,sand,iou,0.0,0,24790,43129
sam__region_oracle_upper_bound__vit-b__in_rover__seed1414__gpu_full__3e6df100__git3bd8b1e0__code6e952f10__20260724T172450269924Z,msl_ncam_nlb_493997974edr_f0491876ncam00354m1,test_msl,big_rock,iou,,0,0,43129
sam__region_oracle_upper_bound__vit-b__in_rover__seed1414__gpu_full__3e6df100__git3bd8b1e0__code6e952f10__20260724T172450269924Z,msl_ncam_nlb_493997974edr_f0491876ncam00354m1,test_msl,ALL,pixel_acc,0.20923276681583158,0,0,43129
sam__region_oracle_upper_bound__vit-b__in_rover__seed1414__gpu_full__3e6df100__git3bd8b1e0__code6e952f10__20260724T172450269924Z,msl_ncam_nlb_493997974edr_f0491876ncam00354m1,test_msl,ALL,boundary_f1,0.17087697679194905,0,0,43129
sam__region_oracle_upper_bound__vit-b__in_rover__seed1414__gpu_full__3e6df100__git3bd8b1e0__code6e952f10__20260724T172450269924Z,msl_ncam_nlb_493998022edr_f0491876ncam00257m1,test_msl,soil,iou,0.0,0,36141,59414
sam__region_oracle_upper_bound__vit-b__in_rover__seed1414__gpu_full__3e6df100__git3bd8b1e0__code6e952f10__20260724T172450269924Z,msl_ncam_nlb_493998022edr_f0491876ncam00257m1,test_msl,bedrock,iou,0.4540895965035511,23273,51252,59414
sam__region_oracle_upper_bound__vit-b__in_rover__seed1414__gpu_full__3e6df100__git3bd8b1e0__code6e952f10__20260724T172450269924Z,msl_ncam_nlb_493998022edr_f0491876ncam00257m1,test_msl,sand,iou,0.0,0,8162,59414
sam__region_oracle_upper_bound__vit-b__in_rover__seed1414__gpu_full__3e6df100__git3bd8b1e0__code6e952f10__20260724T172450269924Z,msl_ncam_nlb_493998022edr_f0491876ncam00257m1,test_msl,big_rock,iou,,0,0,59414
sam__region_oracle_upper_bound__vit-b__in_rover__seed1414__gpu_full__3e6df100__git3bd8b1e0__code6e952f10__20260724T172450269924Z,msl_ncam_nlb_493998022edr_f0491876ncam00257m1,test_msl,ALL,pixel_acc,0.3917090248089676,0,0,59414
sam__region_oracle_upper_bound__vit-b__in_rover__seed1414__gpu_full__3e6df100__git3bd8b1e0__code6e952f10__20260724T172450269924Z,msl_ncam_nlb_493998022edr_f0491876ncam00257m1,test_msl,ALL,boundary_f1,0.1915385588971211,0,0,59414
sam__region_oracle_upper_bound__vit-b__in_rover__seed1414__gpu_full__3e6df100__git3bd8b1e0__code6e952f10__20260724T172450269924Z,msl_ncam_nlb_493998141edr_f0491876ncam00257m1,test_msl,soil,iou,,0,0,18319
sam__region_oracle_upper_bound__vit-b__in_rover__seed1414__gpu_full__3e6df100__git3bd8b1e0__code6e952f10__20260724T172450269924Z,msl_ncam_nlb_493998141edr_f0491876ncam00257m1,test_msl,bedrock,iou,0.19108534879072556,956,5003,18319
sam__region_oracle_upper_bound__vit-b__in_rover__seed1414__gpu_full__3e6df100__git3bd8b1e0__code6e952f10__20260724T172450269924Z,msl_ncam_nlb_493998141edr_f0491876ncam00257m1,test_msl,sand,iou,0.7669181593042677,13316,17363,18319
sam__region_oracle_upper_bound__vit-b__in_rover__seed1414__gpu_full__3e6df100__git3bd8b1e0__code6e952f10__20260724T172450269924Z,msl_ncam_nlb_493998141edr_f0491876ncam00257m1,test_msl,big_rock,iou,,0,0,18319
sam__region_oracle_upper_bound__vit-b__in_rover__seed1414__gpu_full__3e6df100__git3bd8b1e0__code6e952f10__20260724T172450269924Z,msl_ncam_nlb_493998141edr_f0491876ncam00257m1,test_msl,ALL,pixel_acc,0.7790818276106775,0,0,18319
sam__region_oracle_upper_bound__vit-b__in_rover__seed1414__gpu_full__3e6df100__git3bd8b1e0__code6e952f10__20260724T172450269924Z,msl_ncam_nlb_493998141edr_f0491876ncam00257m1,test_msl,ALL,boundary_f1,0.5346220241680761,0,0,18319
sam__region_oracle_upper_bound__vit-b__in_rover__seed1414__gpu_full__3e6df100__git3bd8b1e0__code6e952f10__20260724T172450269924Z,msl_ncam_nlb_493998256edr_f0491876ncam00257m1,test_msl,soil,iou,0.0,0,4103,4103
sam__region_oracle_upper_bound__vit-b__in_rover__seed1414__gpu_full__3e6df100__git3bd8b1e0__code6e952f10__20260724T172450269924Z,msl_ncam_nlb_493998256edr_f0491876ncam00257m1,test_msl,bedrock,iou,0.0,0,1148,4103
sam__region_oracle_upper_bound__vit-b__in_rover__seed1414__gpu_full__3e6df100__git3bd8b1e0__code6e952f10__20260724T172450269924Z,msl_ncam_nlb_493998256edr_f0491876ncam00257m1,test_msl,sand,iou,0.0,0,2955,4103
sam__region_oracle_upper_bound__vit-b__in_rover__seed1414__gpu_full__3e6df100__git3bd8b1e0__code6e952f10__20260724T172450269924Z,msl_ncam_nlb_493998256edr_f0491876ncam00257m1,test_msl,big_rock,iou,,0,0,4103
sam__region_oracle_upper_bound__vit-b__in_rover__seed1414__gpu_full__3e6df100__git3bd8b1e0__code6e952f10__20260724T172450269924Z,msl_ncam_nlb_493998256edr_f0491876ncam00257m1,test_msl,ALL,pixel_acc,0.0,0,0,4103
sam__region_oracle_upper_bound__vit-b__in_rover__seed1414__gpu_full__3e6df100__git3bd8b1e0__code6e952f10__20260724T172450269924Z,msl_ncam_nlb_493998256edr_f0491876ncam00257m1,test_msl,ALL,boundary_f1,0.0,0,0,4103
sam__region_oracle_upper_bound__vit-b__in_rover__seed1414__gpu_full__3e6df100__git3bd8b1e0__code6e952f10__20260724T172450269924Z,msl_ncam_nlb_500655478edr_f0503000ncam00385m1,test_msl,soil,iou,0.0,0,95709,113066
sam__region_oracle_upper_bound__vit-b__in_rover__seed1414__gpu_full__3e6df100__git3bd8b1e0__code6e952f10__20260724T172450269924Z,msl_ncam_nlb_500655478edr_f0503000ncam00385m1,test_msl,bedrock,iou,0.15351210797233475,17357,113066,113066
sam__region_oracle_upper_bound__vit-b__in_rover__seed1414__gpu_full__3e6df100__git3bd8b1e0__code6e952f10__20260724T172450269924Z,msl_ncam_nlb_500655478edr_f0503000ncam00385m1,test_msl,sand,iou,,0,0,113066
sam__region_oracle_upper_bound__vit-b__in_rover__seed1414__gpu_full__3e6df100__git3bd8b1e0__code6e952f10__20260724T172450269924Z,msl_ncam_nlb_500655478edr_f0503000ncam00385m1,test_msl,big_rock,iou,,0,0,113066
sam__region_oracle_upper_bound__vit-b__in_rover__seed1414__gpu_full__3e6df100__git3bd8b1e0__code6e952f10__20260724T172450269924Z,msl_ncam_nlb_500655478edr_f0503000ncam00385m1,test_msl,ALL,pixel_acc,0.15351210797233475,0,0,113066
sam__region_oracle_upper_bound__vit-b__in_rover__seed1414__gpu_full__3e6df100__git3bd8b1e0__code6e952f10__20260724T172450269924Z,msl_ncam_nlb_500655478edr_f0503000ncam00385m1,test_msl,ALL,boundary_f1,0.18992378897480766,0,0,113066
sam__region_oracle_upper_bound__vit-b__in_rover__seed1414__gpu_full__3e6df100__git3bd8b1e0__code6e952f10__20260724T172450269924Z,msl_ncam_nlb_500656502edr_f0503076ncam00353m1,test_msl,soil,iou,0.4283121597096189,7316,17081,33179
sam__region_oracle_upper_bound__vit-b__in_rover__seed1414__gpu_full__3e6df100__git3bd8b1e0__code6e952f10__20260724T172450269924Z,msl_ncam_nlb_500656502edr_f0503076ncam00353m1,test_msl,bedrock,iou,0.622433592390674,16098,25863,33179
sam__region_oracle_upper_bound__vit-b__in_rover__seed1414__gpu_full__3e6df100__git3bd8b1e0__code6e952f10__20260724T172450269924Z,msl_ncam_nlb_500656502edr_f0503076ncam00353m1,test_msl,sand,iou,,0,0,33179
sam__region_oracle_upper_bound__vit-b__in_rover__seed1414__gpu_full__3e6df100__git3bd8b1e0__code6e952f10__20260724T172450269924Z,msl_ncam_nlb_500656502edr_f0503076ncam00353m1,test_msl,big_rock,iou,,0,0,33179
sam__region_oracle_upper_bound__vit-b__in_rover__seed1414__gpu_full__3e6df100__git3bd8b1e0__code6e952f10__20260724T172450269924Z,msl_ncam_nlb_500656502edr_f0503076ncam00353m1,test_msl,ALL,pixel_acc,0.7056873323487748,0,0,33179
sam__region_oracle_upper_bound__vit-b__in_rover__seed1414__gpu_full__3e6df100__git3bd8b1e0__code6e952f10__20260724T172450269924Z,msl_ncam_nlb_500656502edr_f0503076ncam00353m1,test_msl,ALL,boundary_f1,0.5059643536119494,0,0,33179
sam__region_oracle_upper_bound__vit-b__in_rover__seed1414__gpu_full__3e6df100__git3bd8b1e0__code6e952f10__20260724T172450269924Z,msl_ncam_nlb_500661494edr_f0503076ncam00354m1,test_msl,soil,iou,0.0,0,90886,127313
sam__region_oracle_upper_bound__vit-b__in_rover__seed1414__gpu_full__3e6df100__git3bd8b1e0__code6e952f10__20260724T172450269924Z,msl_ncam_nlb_500661494edr_f0503076ncam00354m1,test_msl,bedrock,iou,0.28612160580616275,36427,127313,127313
sam__region_oracle_upper_bound__vit-b__in_rover__seed1414__gpu_full__3e6df100__git3bd8b1e0__code6e952f10__20260724T172450269924Z,msl_ncam_nlb_500661494edr_f0503076ncam00354m1,test_msl,sand,iou,,0,0,127313
sam__region_oracle_upper_bound__vit-b__in_rover__seed1414__gpu_full__3e6df100__git3bd8b1e0__code6e952f10__20260724T172450269924Z,msl_ncam_nlb_500661494edr_f0503076ncam00354m1,test_msl,big_rock,iou,,0,0,127313
sam__region_oracle_upper_bound__vit-b__in_rover__seed1414__gpu_full__3e6df100__git3bd8b1e0__code6e952f10__20260724T172450269924Z,msl_ncam_nlb_500661494edr_f0503076ncam00354m1,test_msl,ALL,pixel_acc,0.28612160580616275,0,0,127313
sam__region_oracle_upper_bound__vit-b__in_rover__seed1414__gpu_full__3e6df100__git3bd8b1e0__code6e952f10__20260724T172450269924Z,msl_ncam_nlb_500661494edr_f0503076ncam00354m1,test_msl,ALL,boundary_f1,0.18536803724275225,0,0,127313
sam__region_oracle_upper_bound__vit-b__in_rover__seed1414__gpu_full__3e6df100__git3bd8b1e0__code6e952f10__20260724T172450269924Z,msl_ncam_nlb_500661565edr_f0503076ncam00354m1,test_msl,soil,iou,0.0,0,20986,25550
sam__region_oracle_upper_bound__vit-b__in_rover__seed1414__gpu_full__3e6df100__git3bd8b1e0__code6e952f10__20260724T172450269924Z,msl_ncam_nlb_500661565edr_f0503076ncam00354m1,test_msl,bedrock,iou,0.17863013698630137,4564,25550,25550
sam__region_oracle_upper_bound__vit-b__in_rover__seed1414__gpu_full__3e6df100__git3bd8b1e0__code6e952f10__20260724T172450269924Z,msl_ncam_nlb_500661565edr_f0503076ncam00354m1,test_msl,sand,iou,,0,0,25550
sam__region_oracle_upper_bound__vit-b__in_rover__seed1414__gpu_full__3e6df100__git3bd8b1e0__code6e952f10__20260724T172450269924Z,msl_ncam_nlb_500661565edr_f0503076ncam00354m1,test_msl,big_rock,iou,,0,0,25550
sam__region_oracle_upper_bound__vit-b__in_rover__seed1414__gpu_full__3e6df100__git3bd8b1e0__code6e952f10__20260724T172450269924Z,msl_ncam_nlb_500661565edr_f0503076ncam00354m1,test_msl,ALL,pixel_acc,0.17863013698630137,0,0,25550
sam__region_oracle_upper_bound__vit-b__in_rover__seed1414__gpu_full__3e6df100__git3bd8b1e0__code6e952f10__20260724T172450269924Z,msl_ncam_nlb_500661565edr_f0503076ncam00354m1,test_msl,ALL,boundary_f1,0.16533322173424975,0,0,25550
sam__region_oracle_upper_bound__vit-b__in_rover__seed1414__gpu_full__3e6df100__git3bd8b1e0__code6e952f10__20260724T172450269924Z,msl_ncam_nlb_500661664edr_f0503076ncam07753m1,test_msl,soil,iou,0.0,0,16552,129119
sam__region_oracle_upper_bound__vit-b__in_rover__seed1414__gpu_full__3e6df100__git3bd8b1e0__code6e952f10__20260724T172450269924Z,msl_ncam_nlb_500661664edr_f0503076ncam07753m1,test_msl,bedrock,iou,0.8718081769530434,112567,129119,129119
sam__region_oracle_upper_bound__vit-b__in_rover__seed1414__gpu_full__3e6df100__git3bd8b1e0__code6e952f10__20260724T172450269924Z,msl_ncam_nlb_500661664edr_f0503076ncam07753m1,test_msl,sand,iou,,0,0,129119
sam__region_oracle_upper_bound__vit-b__in_rover__seed1414__gpu_full__3e6df100__git3bd8b1e0__code6e952f10__20260724T172450269924Z,msl_ncam_nlb_500661664edr_f0503076ncam07753m1,test_msl,big_rock,iou,,0,0,129119
sam__region_oracle_upper_bound__vit-b__in_rover__seed1414__gpu_full__3e6df100__git3bd8b1e0__code6e952f10__20260724T172450269924Z,msl_ncam_nlb_500661664edr_f0503076ncam07753m1,test_msl,ALL,pixel_acc,0.8718081769530434,0,0,129119
sam__region_oracle_upper_bound__vit-b__in_rover__seed1414__gpu_full__3e6df100__git3bd8b1e0__code6e952f10__20260724T172450269924Z,msl_ncam_nlb_500661664edr_f0503076ncam07753m1,test_msl,ALL,boundary_f1,0.43821391484942884,0,0,129119
sam__region_oracle_upper_bound__vit-b__in_rover__seed1414__gpu_full__3e6df100__git3bd8b1e0__code6e952f10__20260724T172450269924Z,msl_ncam_nlb_500661727edr_f0503076ncam07753m1,test_msl,soil,iou,0.0,0,142542,163353
sam__region_oracle_upper_bound__vit-b__in_rover__seed1414__gpu_full__3e6df100__git3bd8b1e0__code6e952f10__20260724T172450269924Z,msl_ncam_nlb_500661727edr_f0503076ncam07753m1,test_msl,bedrock,iou,0.12739894584121503,20811,163353,163353
sam__region_oracle_upper_bound__vit-b__in_rover__seed1414__gpu_full__3e6df100__git3bd8b1e0__code6e952f10__20260724T172450269924Z,msl_ncam_nlb_500661727edr_f0503076ncam07753m1,test_msl,sand,iou,,0,0,163353
sam__region_oracle_upper_bound__vit-b__in_rover__seed1414__gpu_full__3e6df100__git3bd8b1e0__code6e952f10__20260724T172450269924Z,msl_ncam_nlb_500661727edr_f0503076ncam07753m1,test_msl,big_rock,iou,,0,0,163353
sam__region_oracle_upper_bound__vit-b__in_rover__seed1414__gpu_full__3e6df100__git3bd8b1e0__code6e952f10__20260724T172450269924Z,msl_ncam_nlb_500661727edr_f0503076ncam07753m1,test_msl,ALL,pixel_acc,0.12739894584121503,0,0,163353
sam__region_oracle_upper_bound__vit-b__in_rover__seed1414__gpu_full__3e6df100__git3bd8b1e0__code6e952f10__20260724T172450269924Z,msl_ncam_nlb_500661727edr_f0503076ncam07753m1,test_msl,ALL,boundary_f1,0.048070235208851016,0,0,163353
sam__region_oracle_upper_bound__vit-b__in_rover__seed1414__gpu_full__3e6df100__git3bd8b1e0__code6e952f10__20260724T172450269924Z,msl_ncam_nlb_500661784edr_f0503076ncam07753m1,test_msl,soil,iou,0.0,0,122991,133546
sam__region_oracle_upper_bound__vit-b__in_rover__seed1414__gpu_full__3e6df100__git3bd8b1e0__code6e952f10__20260724T172450269924Z,msl_ncam_nlb_500661784edr_f0503076ncam07753m1,test_msl,bedrock,iou,0.07903643688317134,10555,133546,133546
sam__region_oracle_upper_bound__vit-b__in_rover__seed1414__gpu_full__3e6df100__git3bd8b1e0__code6e952f10__20260724T172450269924Z,msl_ncam_nlb_500661784edr_f0503076ncam07753m1,test_msl,sand,iou,,0,0,133546
sam__region_oracle_upper_bound__vit-b__in_rover__seed1414__gpu_full__3e6df100__git3bd8b1e0__code6e952f10__20260724T172450269924Z,msl_ncam_nlb_500661784edr_f0503076ncam07753m1,test_msl,big_rock,iou,,0,0,133546
sam__region_oracle_upper_bound__vit-b__in_rover__seed1414__gpu_full__3e6df100__git3bd8b1e0__code6e952f10__20260724T172450269924Z,msl_ncam_nlb_500661784edr_f0503076ncam07753m1,test_msl,ALL,pixel_acc,0.07903643688317134,0,0,133546
sam__region_oracle_upper_bound__vit-b__in_rover__seed1414__gpu_full__3e6df100__git3bd8b1e0__code6e952f10__20260724T172450269924Z,msl_ncam_nlb_500661784edr_f0503076ncam07753m1,test_msl,ALL,boundary_f1,0.06031771271898916,0,0,133546
sam__region_oracle_upper_bound__vit-b__in_rover__seed1414__gpu_full__3e6df100__git3bd8b1e0__code6e952f10__20260724T172450269924Z,msl_ncam_nlb_502512171edr_f0511298ncam00320m1,test_msl,soil,iou,0.0,0,138749,142320
sam__region_oracle_upper_bound__vit-b__in_rover__seed1414__gpu_full__3e6df100__git3bd8b1e0__code6e952f10__20260724T172450269924Z,msl_ncam_nlb_502512171edr_f0511298ncam00320m1,test_msl,bedrock,iou,,0,0,142320
sam__region_oracle_upper_bound__vit-b__in_rover__seed1414__gpu_full__3e6df100__git3bd8b1e0__code6e952f10__20260724T172450269924Z,msl_ncam_nlb_502512171edr_f0511298ncam00320m1,test_msl,sand,iou,0.025091343451377177,3571,142320,142320
sam__region_oracle_upper_bound__vit-b__in_rover__seed1414__gpu_full__3e6df100__git3bd8b1e0__code6e952f10__20260724T172450269924Z,msl_ncam_nlb_502512171edr_f0511298ncam00320m1,test_msl,big_rock,iou,,0,0,142320
sam__region_oracle_upper_bound__vit-b__in_rover__seed1414__gpu_full__3e6df100__git3bd8b1e0__code6e952f10__20260724T172450269924Z,msl_ncam_nlb_502512171edr_f0511298ncam00320m1,test_msl,ALL,pixel_acc,0.025091343451377177,0,0,142320
sam__region_oracle_upper_bound__vit-b__in_rover__seed1414__gpu_full__3e6df100__git3bd8b1e0__code6e952f10__20260724T172450269924Z,msl_ncam_nlb_502512171edr_f0511298ncam00320m1,test_msl,ALL,boundary_f1,0.05954539662625095,0,0,142320
sam__region_oracle_upper_bound__vit-b__in_rover__seed1414__gpu_full__3e6df100__git3bd8b1e0__code6e952f10__20260724T172450269924Z,msl_ncam_nlb_502515217edr_f0511406ncam00418m1,test_msl,soil,iou,0.0,0,81820,105136
sam__region_oracle_upper_bound__vit-b__in_rover__seed1414__gpu_full__3e6df100__git3bd8b1e0__code6e952f10__20260724T172450269924Z,msl_ncam_nlb_502515217edr_f0511406ncam00418m1,test_msl,bedrock,iou,0.01955369803716695,262,13399,105136
sam__region_oracle_upper_bound__vit-b__in_rover__seed1414__gpu_full__3e6df100__git3bd8b1e0__code6e952f10__20260724T172450269924Z,msl_ncam_nlb_502515217edr_f0511406ncam00418m1,test_msl,sand,iou,0.2513053620676499,23054,91737,105136
sam__region_oracle_upper_bound__vit-b__in_rover__seed1414__gpu_full__3e6df100__git3bd8b1e0__code6e952f10__20260724T172450269924Z,msl_ncam_nlb_502515217edr_f0511406ncam00418m1,test_msl,big_rock,iou,,0,0,105136
sam__region_oracle_upper_bound__vit-b__in_rover__seed1414__gpu_full__3e6df100__git3bd8b1e0__code6e952f10__20260724T172450269924Z,msl_ncam_nlb_502515217edr_f0511406ncam00418m1,test_msl,ALL,pixel_acc,0.22176989803682848,0,0,105136
sam__region_oracle_upper_bound__vit-b__in_rover__seed1414__gpu_full__3e6df100__git3bd8b1e0__code6e952f10__20260724T172450269924Z,msl_ncam_nlb_502515217edr_f0511406ncam00418m1,test_msl,ALL,boundary_f1,0.16265746144891732,0,0,105136
sam__region_oracle_upper_bound__vit-b__in_rover__seed1414__gpu_full__3e6df100__git3bd8b1e0__code6e952f10__20260724T172450269924Z,msl_ncam_nlb_502516548edr_f0511430ncam00353m1,test_msl,soil,iou,,0,0,181365
sam__region_oracle_upper_bound__vit-b__in_rover__seed1414__gpu_full__3e6df100__git3bd8b1e0__code6e952f10__20260724T172450269924Z,msl_ncam_nlb_502516548edr_f0511430ncam00353m1,test_msl,bedrock,iou,,0,0,181365
sam__region_oracle_upper_bound__vit-b__in_rover__seed1414__gpu_full__3e6df100__git3bd8b1e0__code6e952f10__20260724T172450269924Z,msl_ncam_nlb_502516548edr_f0511430ncam00353m1,test_msl,sand,iou,1.0,181365,181365,181365
sam__region_oracle_upper_bound__vit-b__in_rover__seed1414__gpu_full__3e6df100__git3bd8b1e0__code6e952f10__20260724T172450269924Z,msl_ncam_nlb_502516548edr_f0511430ncam00353m1,test_msl,big_rock,iou,,0,0,181365
sam__region_oracle_upper_bound__vit-b__in_rover__seed1414__gpu_full__3e6df100__git3bd8b1e0__code6e952f10__20260724T172450269924Z,msl_ncam_nlb_502516548edr_f0511430ncam00353m1,test_msl,ALL,pixel_acc,1.0,0,0,181365
sam__region_oracle_upper_bound__vit-b__in_rover__seed1414__gpu_full__3e6df100__git3bd8b1e0__code6e952f10__20260724T172450269924Z,msl_ncam_nlb_502516548edr_f0511430ncam00353m1,test_msl,ALL,boundary_f1,1.0,0,0,181365
sam__region_oracle_upper_bound__vit-b__in_rover__seed1414__gpu_full__3e6df100__git3bd8b1e0__code6e952f10__20260724T172450269924Z,msl_ncam_nlb_502516765edr_f0511430ncam00419m1,test_msl,soil,iou,0.0,0,97791,160319
sam__region_oracle_upper_bound__vit-b__in_rover__seed1414__gpu_full__3e6df100__git3bd8b1e0__code6e952f10__20260724T172450269924Z,msl_ncam_nlb_502516765edr_f0511430ncam00419m1,test_msl,bedrock,iou,0.3327697262479871,4133,12420,160319
sam__region_oracle_upper_bound__vit-b__in_rover__seed1414__gpu_full__3e6df100__git3bd8b1e0__code6e952f10__20260724T172450269924Z,msl_ncam_nlb_502516765edr_f0511430ncam00419m1,test_msl,sand,iou,0.3948302557826625,58395,147899,160319
sam__region_oracle_upper_bound__vit-b__in_rover__seed1414__gpu_full__3e6df100__git3bd8b1e0__code6e952f10__20260724T172450269924Z,msl_ncam_nlb_502516765edr_f0511430ncam00419m1,test_msl,big_rock,iou,,0,0,160319
sam__region_oracle_upper_bound__vit-b__in_rover__seed1414__gpu_full__3e6df100__git3bd8b1e0__code6e952f10__20260724T172450269924Z,msl_ncam_nlb_502516765edr_f0511430ncam00419m1,test_msl,ALL,pixel_acc,0.39002239285424684,0,0,160319
sam__region_oracle_upper_bound__vit-b__in_rover__seed1414__gpu_full__3e6df100__git3bd8b1e0__code6e952f10__20260724T172450269924Z,msl_ncam_nlb_502516765edr_f0511430ncam00419m1,test_msl,ALL,boundary_f1,0.37839570747006457,0,0,160319
sam__region_oracle_upper_bound__vit-b__in_rover__seed1414__gpu_full__3e6df100__git3bd8b1e0__code6e952f10__20260724T172450269924Z,msl_ncam_nlb_502516974edr_f0511430ncam09842m1,test_msl,soil,iou,0.0,0,124,159008
sam__region_oracle_upper_bound__vit-b__in_rover__seed1414__gpu_full__3e6df100__git3bd8b1e0__code6e952f10__20260724T172450269924Z,msl_ncam_nlb_502516974edr_f0511430ncam09842m1,test_msl,bedrock,iou,0.10377679482817284,915,8817,159008
sam__region_oracle_upper_bound__vit-b__in_rover__seed1414__gpu_full__3e6df100__git3bd8b1e0__code6e952f10__20260724T172450269924Z,msl_ncam_nlb_502516974edr_f0511430ncam09842m1,test_msl,sand,iou,0.9492324138323645,150067,158093,159008
sam__region_oracle_upper_bound__vit-b__in_rover__seed1414__gpu_full__3e6df100__git3bd8b1e0__code6e952f10__20260724T172450269924Z,msl_ncam_nlb_502516974edr_f0511430ncam09842m1,test_msl,big_rock,iou,,0,0,159008
sam__region_oracle_upper_bound__vit-b__in_rover__seed1414__gpu_full__3e6df100__git3bd8b1e0__code6e952f10__20260724T172450269924Z,msl_ncam_nlb_502516974edr_f0511430ncam09842m1,test_msl,ALL,pixel_acc,0.9495245522237875,0,0,159008
sam__region_oracle_upper_bound__vit-b__in_rover__seed1414__gpu_full__3e6df100__git3bd8b1e0__code6e952f10__20260724T172450269924Z,msl_ncam_nlb_502516974edr_f0511430ncam09842m1,test_msl,ALL,boundary_f1,0.42840418188502855,0,0,159008
sam__region_oracle_upper_bound__vit-b__in_rover__seed1414__gpu_full__3e6df100__git3bd8b1e0__code6e952f10__20260724T172450269924Z,msl_ncam_nlb_502517100edr_f0511430ncam09842m1,test_msl,soil,iou,0.0,0,182024,195816
sam__region_oracle_upper_bound__vit-b__in_rover__seed1414__gpu_full__3e6df100__git3bd8b1e0__code6e952f10__20260724T172450269924Z,msl_ncam_nlb_502517100edr_f0511430ncam09842m1,test_msl,bedrock,iou,,0,0,195816
sam__region_oracle_upper_bound__vit-b__in_rover__seed1414__gpu_full__3e6df100__git3bd8b1e0__code6e952f10__20260724T172450269924Z,msl_ncam_nlb_502517100edr_f0511430ncam09842m1,test_msl,sand,iou,0.07043346815377702,13792,195816,195816
sam__region_oracle_upper_bound__vit-b__in_rover__seed1414__gpu_full__3e6df100__git3bd8b1e0__code6e952f10__20260724T172450269924Z,msl_ncam_nlb_502517100edr_f0511430ncam09842m1,test_msl,big_rock,iou,,0,0,195816
sam__region_oracle_upper_bound__vit-b__in_rover__seed1414__gpu_full__3e6df100__git3bd8b1e0__code6e952f10__20260724T172450269924Z,msl_ncam_nlb_502517100edr_f0511430ncam09842m1,test_msl,ALL,pixel_acc,0.07043346815377702,0,0,195816
sam__region_oracle_upper_bound__vit-b__in_rover__seed1414__gpu_full__3e6df100__git3bd8b1e0__code6e952f10__20260724T172450269924Z,msl_ncam_nlb_502517100edr_f0511430ncam09842m1,test_msl,ALL,boundary_f1,0.11131109643328929,0,0,195816
sam__region_oracle_upper_bound__vit-b__in_rover__seed1414__gpu_full__3e6df100__git3bd8b1e0__code6e952f10__20260724T172450269924Z,msl_ncam_nlb_502517193edr_f0511430ncam09842m1,test_msl,soil,iou,0.0,0,68610,102176
sam__region_oracle_upper_bound__vit-b__in_rover__seed1414__gpu_full__3e6df100__git3bd8b1e0__code6e952f10__20260724T172450269924Z,msl_ncam_nlb_502517193edr_f0511430ncam09842m1,test_msl,bedrock,iou,0.9686218639238307,27875,28778,102176
sam__region_oracle_upper_bound__vit-b__in_rover__seed1414__gpu_full__3e6df100__git3bd8b1e0__code6e952f10__20260724T172450269924Z,msl_ncam_nlb_502517193edr_f0511430ncam09842m1,test_msl,sand,iou,0.06446923915530492,4790,74299,102176
sam__region_oracle_upper_bound__vit-b__in_rover__seed1414__gpu_full__3e6df100__git3bd8b1e0__code6e952f10__20260724T172450269924Z,msl_ncam_nlb_502517193edr_f0511430ncam09842m1,test_msl,big_rock,iou,,0,0,102176
sam__region_oracle_upper_bound__vit-b__in_rover__seed1414__gpu_full__3e6df100__git3bd8b1e0__code6e952f10__20260724T172450269924Z,msl_ncam_nlb_502517193edr_f0511430ncam09842m1,test_msl,ALL,pixel_acc,0.31969347009082366,0,0,102176
sam__region_oracle_upper_bound__vit-b__in_rover__seed1414__gpu_full__3e6df100__git3bd8b1e0__code6e952f10__20260724T172450269924Z,msl_ncam_nlb_502517193edr_f0511430ncam09842m1,test_msl,ALL,boundary_f1,0.33968378044330483,0,0,102176
sam__region_oracle_upper_bound__vit-b__in_rover__seed1414__gpu_full__3e6df100__git3bd8b1e0__code6e952f10__20260724T172450269924Z,msl_ncam_nlb_504390285edr_f0520004ncam00353m1,test_msl,soil,iou,,0,0,0
sam__region_oracle_upper_bound__vit-b__in_rover__seed1414__gpu_full__3e6df100__git3bd8b1e0__code6e952f10__20260724T172450269924Z,msl_ncam_nlb_504390285edr_f0520004ncam00353m1,test_msl,bedrock,iou,,0,0,0
sam__region_oracle_upper_bound__vit-b__in_rover__seed1414__gpu_full__3e6df100__git3bd8b1e0__code6e952f10__20260724T172450269924Z,msl_ncam_nlb_504390285edr_f0520004ncam00353m1,test_msl,sand,iou,,0,0,0
sam__region_oracle_upper_bound__vit-b__in_rover__seed1414__gpu_full__3e6df100__git3bd8b1e0__code6e952f10__20260724T172450269924Z,msl_ncam_nlb_504390285edr_f0520004ncam00353m1,test_msl,big_rock,iou,,0,0,0
sam__region_oracle_upper_bound__vit-b__in_rover__seed1414__gpu_full__3e6df100__git3bd8b1e0__code6e952f10__20260724T172450269924Z,msl_ncam_nlb_504390285edr_f0520004ncam00353m1,test_msl,ALL,pixel_acc,,0,0,0
sam__region_oracle_upper_bound__vit-b__in_rover__seed1414__gpu_full__3e6df100__git3bd8b1e0__code6e952f10__20260724T172450269924Z,msl_ncam_nlb_504390285edr_f0520004ncam00353m1,test_msl,ALL,boundary_f1,,0,0,0
sam__region_oracle_upper_bound__vit-b__in_rover__seed1414__gpu_full__3e6df100__git3bd8b1e0__code6e952f10__20260724T172450269924Z,msl_ncam_nlb_504390796edr_f0520004ncam00354m1,test_msl,soil,iou,0.0,0,79141,98057
sam__region_oracle_upper_bound__vit-b__in_rover__seed1414__gpu_full__3e6df100__git3bd8b1e0__code6e952f10__20260724T172450269924Z,msl_ncam_nlb_504390796edr_f0520004ncam00354m1,test_msl,bedrock,iou,0.21664843026681255,18018,83167,98057
sam__region_oracle_upper_bound__vit-b__in_rover__seed1414__gpu_full__3e6df100__git3bd8b1e0__code6e952f10__20260724T172450269924Z,msl_ncam_nlb_504390796edr_f0520004ncam00354m1,test_msl,sand,iou,0.0603089321692411,898,14890,98057
sam__region_oracle_upper_bound__vit-b__in_rover__seed1414__gpu_full__3e6df100__git3bd8b1e0__code6e952f10__20260724T172450269924Z,msl_ncam_nlb_504390796edr_f0520004ncam00354m1,test_msl,big_rock,iou,,0,0,98057
sam__region_oracle_upper_bound__vit-b__in_rover__seed1414__gpu_full__3e6df100__git3bd8b1e0__code6e952f10__20260724T172450269924Z,msl_ncam_nlb_504390796edr_f0520004ncam00354m1,test_msl,ALL,pixel_acc,0.19290820645134973,0,0,98057
sam__region_oracle_upper_bound__vit-b__in_rover__seed1414__gpu_full__3e6df100__git3bd8b1e0__code6e952f10__20260724T172450269924Z,msl_ncam_nlb_504390796edr_f0520004ncam00354m1,test_msl,ALL,boundary_f1,0.20693068921501448,0,0,98057
sam__region_oracle_upper_bound__vit-b__in_rover__seed1414__gpu_full__3e6df100__git3bd8b1e0__code6e952f10__20260724T172450269924Z,msl_ncam_nlb_504390846edr_f0520004ncam00354m1,test_msl,soil,iou,0.0,0,58678,66198
sam__region_oracle_upper_bound__vit-b__in_rover__seed1414__gpu_full__3e6df100__git3bd8b1e0__code6e952f10__20260724T172450269924Z,msl_ncam_nlb_504390846edr_f0520004ncam00354m1,test_msl,bedrock,iou,0.14843981875383366,7502,50539,66198
sam__region_oracle_upper_bound__vit-b__in_rover__seed1414__gpu_full__3e6df100__git3bd8b1e0__code6e952f10__20260724T172450269924Z,msl_ncam_nlb_504390846edr_f0520004ncam00354m1,test_msl,sand,iou,0.0011494986908487132,18,15659,66198
sam__region_oracle_upper_bound__vit-b__in_rover__seed1414__gpu_full__3e6df100__git3bd8b1e0__code6e952f10__20260724T172450269924Z,msl_ncam_nlb_504390846edr_f0520004ncam00354m1,test_msl,big_rock,iou,,0,0,66198
sam__region_oracle_upper_bound__vit-b__in_rover__seed1414__gpu_full__3e6df100__git3bd8b1e0__code6e952f10__20260724T172450269924Z,msl_ncam_nlb_504390846edr_f0520004ncam00354m1,test_msl,ALL,pixel_acc,0.11359859814495907,0,0,66198
sam__region_oracle_upper_bound__vit-b__in_rover__seed1414__gpu_full__3e6df100__git3bd8b1e0__code6e952f10__20260724T172450269924Z,msl_ncam_nlb_504390846edr_f0520004ncam00354m1,test_msl,ALL,boundary_f1,0.1399400460714574,0,0,66198
sam__region_oracle_upper_bound__vit-b__in_rover__seed1414__gpu_full__3e6df100__git3bd8b1e0__code6e952f10__20260724T172450269924Z,msl_ncam_nlb_504391195edr_f0520004ncam07753m1,test_msl,soil,iou,0.0,0,51278,173925
sam__region_oracle_upper_bound__vit-b__in_rover__seed1414__gpu_full__3e6df100__git3bd8b1e0__code6e952f10__20260724T172450269924Z,msl_ncam_nlb_504391195edr_f0520004ncam07753m1,test_msl,bedrock,iou,0.06629529639910263,3487,52598,173925
sam__region_oracle_upper_bound__vit-b__in_rover__seed1414__gpu_full__3e6df100__git3bd8b1e0__code6e952f10__20260724T172450269924Z,msl_ncam_nlb_504391195edr_f0520004ncam07753m1,test_msl,sand,iou,0.9821391775944349,119160,121327,173925
sam__region_oracle_upper_bound__vit-b__in_rover__seed1414__gpu_full__3e6df100__git3bd8b1e0__code6e952f10__20260724T172450269924Z,msl_ncam_nlb_504391195edr_f0520004ncam07753m1,test_msl,big_rock,iou,,0,0,173925
sam__region_oracle_upper_bound__vit-b__in_rover__seed1414__gpu_full__3e6df100__git3bd8b1e0__code6e952f10__20260724T172450269924Z,msl_ncam_nlb_504391195edr_f0520004ncam07753m1,test_msl,ALL,pixel_acc,0.7051717694408509,0,0,173925
sam__region_oracle_upper_bound__vit-b__in_rover__seed1414__gpu_full__3e6df100__git3bd8b1e0__code6e952f10__20260724T172450269924Z,msl_ncam_nlb_504391195edr_f0520004ncam07753m1,test_msl,ALL,boundary_f1,0.3566691211494884,0,0,173925
sam__region_oracle_upper_bound__vit-b__in_rover__seed1414__gpu_full__3e6df100__git3bd8b1e0__code6e952f10__20260724T172450269924Z,msl_ncam_nlb_504391382edr_f0520004ncam07753m1,test_msl,soil,iou,0.0,0,56819,62981
sam__region_oracle_upper_bound__vit-b__in_rover__seed1414__gpu_full__3e6df100__git3bd8b1e0__code6e952f10__20260724T172450269924Z,msl_ncam_nlb_504391382edr_f0520004ncam07753m1,test_msl,bedrock,iou,0.20925020374898126,6162,29448,62981
sam__region_oracle_upper_bound__vit-b__in_rover__seed1414__gpu_full__3e6df100__git3bd8b1e0__code6e952f10__20260724T172450269924Z,msl_ncam_nlb_504391382edr_f0520004ncam07753m1,test_msl,sand,iou,0.0,0,33533,62981
sam__region_oracle_upper_bound__vit-b__in_rover__seed1414__gpu_full__3e6df100__git3bd8b1e0__code6e952f10__20260724T172450269924Z,msl_ncam_nlb_504391382edr_f0520004ncam07753m1,test_msl,big_rock,iou,,0,0,62981
sam__region_oracle_upper_bound__vit-b__in_rover__seed1414__gpu_full__3e6df100__git3bd8b1e0__code6e952f10__20260724T172450269924Z,msl_ncam_nlb_504391382edr_f0520004ncam07753m1,test_msl,ALL,pixel_acc,0.09783903081881837,0,0,62981
sam__region_oracle_upper_bound__vit-b__in_rover__seed1414__gpu_full__3e6df100__git3bd8b1e0__code6e952f10__20260724T172450269924Z,msl_ncam_nlb_504391382edr_f0520004ncam07753m1,test_msl,ALL,boundary_f1,0.13850462350900158,0,0,62981
sam__region_oracle_upper_bound__vit-b__in_rover__seed1414__gpu_full__3e6df100__git3bd8b1e0__code6e952f10__20260724T172450269924Z,msl_ncam_nlb_505891855edr_f0521112ncam00319m1,test_msl,soil,iou,,0,0,93351
sam__region_oracle_upper_bound__vit-b__in_rover__seed1414__gpu_full__3e6df100__git3bd8b1e0__code6e952f10__20260724T172450269924Z,msl_ncam_nlb_505891855edr_f0521112ncam00319m1,test_msl,bedrock,iou,,0,0,93351
sam__region_oracle_upper_bound__vit-b__in_rover__seed1414__gpu_full__3e6df100__git3bd8b1e0__code6e952f10__20260724T172450269924Z,msl_ncam_nlb_505891855edr_f0521112ncam00319m1,test_msl,sand,iou,1.0,93351,93351,93351
sam__region_oracle_upper_bound__vit-b__in_rover__seed1414__gpu_full__3e6df100__git3bd8b1e0__code6e952f10__20260724T172450269924Z,msl_ncam_nlb_505891855edr_f0521112ncam00319m1,test_msl,big_rock,iou,,0,0,93351
sam__region_oracle_upper_bound__vit-b__in_rover__seed1414__gpu_full__3e6df100__git3bd8b1e0__code6e952f10__20260724T172450269924Z,msl_ncam_nlb_505891855edr_f0521112ncam00319m1,test_msl,ALL,pixel_acc,1.0,0,0,93351
sam__region_oracle_upper_bound__vit-b__in_rover__seed1414__gpu_full__3e6df100__git3bd8b1e0__code6e952f10__20260724T172450269924Z,msl_ncam_nlb_505891855edr_f0521112ncam00319m1,test_msl,ALL,boundary_f1,1.0,0,0,93351
sam__region_oracle_upper_bound__vit-b__in_rover__seed1414__gpu_full__3e6df100__git3bd8b1e0__code6e952f10__20260724T172450269924Z,msl_ncam_nlb_505898310edr_f0521162ncam12753m1,test_msl,soil,iou,0.0,0,34246,39614
sam__region_oracle_upper_bound__vit-b__in_rover__seed1414__gpu_full__3e6df100__git3bd8b1e0__code6e952f10__20260724T172450269924Z,msl_ncam_nlb_505898310edr_f0521162ncam12753m1,test_msl,bedrock,iou,0.15839480672764827,5368,33890,39614
sam__region_oracle_upper_bound__vit-b__in_rover__seed1414__gpu_full__3e6df100__git3bd8b1e0__code6e952f10__20260724T172450269924Z,msl_ncam_nlb_505898310edr_f0521162ncam12753m1,test_msl,sand,iou,0.0,0,5724,39614
sam__region_oracle_upper_bound__vit-b__in_rover__seed1414__gpu_full__3e6df100__git3bd8b1e0__code6e952f10__20260724T172450269924Z,msl_ncam_nlb_505898310edr_f0521162ncam12753m1,test_msl,big_rock,iou,,0,0,39614
sam__region_oracle_upper_bound__vit-b__in_rover__seed1414__gpu_full__3e6df100__git3bd8b1e0__code6e952f10__20260724T172450269924Z,msl_ncam_nlb_505898310edr_f0521162ncam12753m1,test_msl,ALL,pixel_acc,0.1355076488110264,0,0,39614
sam__region_oracle_upper_bound__vit-b__in_rover__seed1414__gpu_full__3e6df100__git3bd8b1e0__code6e952f10__20260724T172450269924Z,msl_ncam_nlb_505898310edr_f0521162ncam12753m1,test_msl,ALL,boundary_f1,0.10620903616689538,0,0,39614
sam__region_oracle_upper_bound__vit-b__in_rover__seed1414__gpu_full__3e6df100__git3bd8b1e0__code6e952f10__20260724T172450269924Z,msl_ncam_nlb_505898372edr_f0521162ncam12753m1,test_msl,soil,iou,0.0,0,68940,70730
sam__region_oracle_upper_bound__vit-b__in_rover__seed1414__gpu_full__3e6df100__git3bd8b1e0__code6e952f10__20260724T172450269924Z,msl_ncam_nlb_505898372edr_f0521162ncam12753m1,test_msl,bedrock,iou,0.038445575482208,1760,45779,70730
sam__region_oracle_upper_bound__vit-b__in_rover__seed1414__gpu_full__3e6df100__git3bd8b1e0__code6e952f10__20260724T172450269924Z,msl_ncam_nlb_505898372edr_f0521162ncam12753m1,test_msl,sand,iou,0.0012023566189731875,30,24951,70730
sam__region_oracle_upper_bound__vit-b__in_rover__seed1414__gpu_full__3e6df100__git3bd8b1e0__code6e952f10__20260724T172450269924Z,msl_ncam_nlb_505898372edr_f0521162ncam12753m1,test_msl,big_rock,iou,,0,0,70730
sam__region_oracle_upper_bound__vit-b__in_rover__seed1414__gpu_full__3e6df100__git3bd8b1e0__code6e952f10__20260724T172450269924Z,msl_ncam_nlb_505898372edr_f0521162ncam12753m1,test_msl,ALL,pixel_acc,0.02530750742259296,0,0,70730
sam__region_oracle_upper_bound__vit-b__in_rover__seed1414__gpu_full__3e6df100__git3bd8b1e0__code6e952f10__20260724T172450269924Z,msl_ncam_nlb_505898372edr_f0521162ncam12753m1,test_msl,ALL,boundary_f1,0.044238000657553546,0,0,70730
sam__region_oracle_upper_bound__vit-b__in_rover__seed1414__gpu_full__3e6df100__git3bd8b1e0__code6e952f10__20260724T172450269924Z,msl_ncam_nlb_505898434edr_f0521162ncam12753m1,test_msl,soil,iou,0.0,0,168,186871
sam__region_oracle_upper_bound__vit-b__in_rover__seed1414__gpu_full__3e6df100__git3bd8b1e0__code6e952f10__20260724T172450269924Z,msl_ncam_nlb_505898434edr_f0521162ncam12753m1,test_msl,bedrock,iou,,0,0,186871
sam__region_oracle_upper_bound__vit-b__in_rover__seed1414__gpu_full__3e6df100__git3bd8b1e0__code6e952f10__20260724T172450269924Z,msl_ncam_nlb_505898434edr_f0521162ncam12753m1,test_msl,sand,iou,0.999100984101332,186703,186871,186871
sam__region_oracle_upper_bound__vit-b__in_rover__seed1414__gpu_full__3e6df100__git3bd8b1e0__code6e952f10__20260724T172450269924Z,msl_ncam_nlb_505898434edr_f0521162ncam12753m1,test_msl,big_rock,iou,,0,0,186871
sam__region_oracle_upper_bound__vit-b__in_rover__seed1414__gpu_full__3e6df100__git3bd8b1e0__code6e952f10__20260724T172450269924Z,msl_ncam_nlb_505898434edr_f0521162ncam12753m1,test_msl,ALL,pixel_acc,0.999100984101332,0,0,186871
sam__region_oracle_upper_bound__vit-b__in_rover__seed1414__gpu_full__3e6df100__git3bd8b1e0__code6e952f10__20260724T172450269924Z,msl_ncam_nlb_505898434edr_f0521162ncam12753m1,test_msl,ALL,boundary_f1,0.5,0,0,186871
sam__region_oracle_upper_bound__vit-b__in_rover__seed1414__gpu_full__3e6df100__git3bd8b1e0__code6e952f10__20260724T172450269924Z,msl_ncam_nlb_505898562edr_f0521162ncam12753m1,test_msl,soil,iou,,0,0,0
sam__region_oracle_upper_bound__vit-b__in_rover__seed1414__gpu_full__3e6df100__git3bd8b1e0__code6e952f10__20260724T172450269924Z,msl_ncam_nlb_505898562edr_f0521162ncam12753m1,test_msl,bedrock,iou,,0,0,0
sam__region_oracle_upper_bound__vit-b__in_rover__seed1414__gpu_full__3e6df100__git3bd8b1e0__code6e952f10__20260724T172450269924Z,msl_ncam_nlb_505898562edr_f0521162ncam12753m1,test_msl,sand,iou,,0,0,0
sam__region_oracle_upper_bound__vit-b__in_rover__seed1414__gpu_full__3e6df100__git3bd8b1e0__code6e952f10__20260724T172450269924Z,msl_ncam_nlb_505898562edr_f0521162ncam12753m1,test_msl,big_rock,iou,,0,0,0
sam__region_oracle_upper_bound__vit-b__in_rover__seed1414__gpu_full__3e6df100__git3bd8b1e0__code6e952f10__20260724T172450269924Z,msl_ncam_nlb_505898562edr_f0521162ncam12753m1,test_msl,ALL,pixel_acc,,0,0,0
sam__region_oracle_upper_bound__vit-b__in_rover__seed1414__gpu_full__3e6df100__git3bd8b1e0__code6e952f10__20260724T172450269924Z,msl_ncam_nlb_505898562edr_f0521162ncam12753m1,test_msl,ALL,boundary_f1,,0,0,0
sam__region_oracle_upper_bound__vit-b__in_rover__seed1414__gpu_full__3e6df100__git3bd8b1e0__code6e952f10__20260724T172450269924Z,msl_ncam_nlb_505898711edr_f0521162ncam12753m1,test_msl,soil,iou,0.0,0,500,84361
sam__region_oracle_upper_bound__vit-b__in_rover__seed1414__gpu_full__3e6df100__git3bd8b1e0__code6e952f10__20260724T172450269924Z,msl_ncam_nlb_505898711edr_f0521162ncam12753m1,test_msl,bedrock,iou,1.0,12344,12344,84361
sam__region_oracle_upper_bound__vit-b__in_rover__seed1414__gpu_full__3e6df100__git3bd8b1e0__code6e952f10__20260724T172450269924Z,msl_ncam_nlb_505898711edr_f0521162ncam12753m1,test_msl,sand,iou,0.9930571948289987,71517,72017,84361
sam__region_oracle_upper_bound__vit-b__in_rover__seed1414__gpu_full__3e6df100__git3bd8b1e0__code6e952f10__20260724T172450269924Z,msl_ncam_nlb_505898711edr_f0521162ncam12753m1,test_msl,big_rock,iou,,0,0,84361
sam__region_oracle_upper_bound__vit-b__in_rover__seed1414__gpu_full__3e6df100__git3bd8b1e0__code6e952f10__20260724T172450269924Z,msl_ncam_nlb_505898711edr_f0521162ncam12753m1,test_msl,ALL,pixel_acc,0.9940730906461517,0,0,84361
sam__region_oracle_upper_bound__vit-b__in_rover__seed1414__gpu_full__3e6df100__git3bd8b1e0__code6e952f10__20260724T172450269924Z,msl_ncam_nlb_505898711edr_f0521162ncam12753m1,test_msl,ALL,boundary_f1,0.6000927858965437,0,0,84361
sam__region_oracle_upper_bound__vit-b__in_rover__seed1414__gpu_full__3e6df100__git3bd8b1e0__code6e952f10__20260724T172450269924Z,msl_ncam_nlb_505898763edr_f0521162ncam00353m1,test_msl,soil,iou,0.0,0,98652,107150
sam__region_oracle_upper_bound__vit-b__in_rover__seed1414__gpu_full__3e6df100__git3bd8b1e0__code6e952f10__20260724T172450269924Z,msl_ncam_nlb_505898763edr_f0521162ncam00353m1,test_msl,bedrock,iou,0.08248947548071453,725,8789,107150
sam__region_oracle_upper_bound__vit-b__in_rover__seed1414__gpu_full__3e6df100__git3bd8b1e0__code6e952f10__20260724T172450269924Z,msl_ncam_nlb_505898763edr_f0521162ncam00353m1,test_msl,sand,iou,0.07902522341171805,7773,98361,107150
sam__region_oracle_upper_bound__vit-b__in_rover__seed1414__gpu_full__3e6df100__git3bd8b1e0__code6e952f10__20260724T172450269924Z,msl_ncam_nlb_505898763edr_f0521162ncam00353m1,test_msl,big_rock,iou,,0,0,107150
sam__region_oracle_upper_bound__vit-b__in_rover__seed1414__gpu_full__3e6df100__git3bd8b1e0__code6e952f10__20260724T172450269924Z,msl_ncam_nlb_505898763edr_f0521162ncam00353m1,test_msl,ALL,pixel_acc,0.07930937937470835,0,0,107150
sam__region_oracle_upper_bound__vit-b__in_rover__seed1414__gpu_full__3e6df100__git3bd8b1e0__code6e952f10__20260724T172450269924Z,msl_ncam_nlb_505898763edr_f0521162ncam00353m1,test_msl,ALL,boundary_f1,0.16233432264651562,0,0,107150
sam__region_oracle_upper_bound__vit-b__in_rover__seed1414__gpu_full__3e6df100__git3bd8b1e0__code6e952f10__20260724T172450269924Z,msl_ncam_nlb_505900047edr_f0521162ncam00352m1,test_msl,soil,iou,0.0,0,216141,228276
sam__region_oracle_upper_bound__vit-b__in_rover__seed1414__gpu_full__3e6df100__git3bd8b1e0__code6e952f10__20260724T172450269924Z,msl_ncam_nlb_505900047edr_f0521162ncam00352m1,test_msl,bedrock,iou,,0,0,228276
sam__region_oracle_upper_bound__vit-b__in_rover__seed1414__gpu_full__3e6df100__git3bd8b1e0__code6e952f10__20260724T172450269924Z,msl_ncam_nlb_505900047edr_f0521162ncam00352m1,test_msl,sand,iou,0.05315933343846922,12135,228276,228276
sam__region_oracle_upper_bound__vit-b__in_rover__seed1414__gpu_full__3e6df100__git3bd8b1e0__code6e952f10__20260724T172450269924Z,msl_ncam_nlb_505900047edr_f0521162ncam00352m1,test_msl,big_rock,iou,,0,0,228276
sam__region_oracle_upper_bound__vit-b__in_rover__seed1414__gpu_full__3e6df100__git3bd8b1e0__code6e952f10__20260724T172450269924Z,msl_ncam_nlb_505900047edr_f0521162ncam00352m1,test_msl,ALL,pixel_acc,0.05315933343846922,0,0,228276
sam__region_oracle_upper_bound__vit-b__in_rover__seed1414__gpu_full__3e6df100__git3bd8b1e0__code6e952f10__20260724T172450269924Z,msl_ncam_nlb_505900047edr_f0521162ncam00352m1,test_msl,ALL,boundary_f1,0.1150921167929855,0,0,228276
sam__region_oracle_upper_bound__vit-b__in_rover__seed1414__gpu_full__3e6df100__git3bd8b1e0__code6e952f10__20260724T172450269924Z,msl_ncam_nlb_512555058edr_f0532644ncam00264m1,test_msl,soil,iou,0.0,0,75177,77059
sam__region_oracle_upper_bound__vit-b__in_rover__seed1414__gpu_full__3e6df100__git3bd8b1e0__code6e952f10__20260724T172450269924Z,msl_ncam_nlb_512555058edr_f0532644ncam00264m1,test_msl,bedrock,iou,0.03223614229996454,1091,33844,77059
sam__region_oracle_upper_bound__vit-b__in_rover__seed1414__gpu_full__3e6df100__git3bd8b1e0__code6e952f10__20260724T172450269924Z,msl_ncam_nlb_512555058edr_f0532644ncam00264m1,test_msl,sand,iou,0.018303829688765476,791,43215,77059
sam__region_oracle_upper_bound__vit-b__in_rover__seed1414__gpu_full__3e6df100__git3bd8b1e0__code6e952f10__20260724T172450269924Z,msl_ncam_nlb_512555058edr_f0532644ncam00264m1,test_msl,big_rock,iou,,0,0,77059
sam__region_oracle_upper_bound__vit-b__in_rover__seed1414__gpu_full__3e6df100__git3bd8b1e0__code6e952f10__20260724T172450269924Z,msl_ncam_nlb_512555058edr_f0532644ncam00264m1,test_msl,ALL,pixel_acc,0.02442284483317977,0,0,77059
sam__region_oracle_upper_bound__vit-b__in_rover__seed1414__gpu_full__3e6df100__git3bd8b1e0__code6e952f10__20260724T172450269924Z,msl_ncam_nlb_512555058edr_f0532644ncam00264m1,test_msl,ALL,boundary_f1,0.051645383129413296,0,0,77059
sam__region_oracle_upper_bound__vit-b__in_rover__seed1414__gpu_full__3e6df100__git3bd8b1e0__code6e952f10__20260724T172450269924Z,msl_ncam_nlb_512555120edr_f0532644ncam00264m1,test_msl,soil,iou,,0,0,31610
sam__region_oracle_upper_bound__vit-b__in_rover__seed1414__gpu_full__3e6df100__git3bd8b1e0__code6e952f10__20260724T172450269924Z,msl_ncam_nlb_512555120edr_f0532644ncam00264m1,test_msl,bedrock,iou,1.0,31610,31610,31610
sam__region_oracle_upper_bound__vit-b__in_rover__seed1414__gpu_full__3e6df100__git3bd8b1e0__code6e952f10__20260724T172450269924Z,msl_ncam_nlb_512555120edr_f0532644ncam00264m1,test_msl,sand,iou,,0,0,31610
sam__region_oracle_upper_bound__vit-b__in_rover__seed1414__gpu_full__3e6df100__git3bd8b1e0__code6e952f10__20260724T172450269924Z,msl_ncam_nlb_512555120edr_f0532644ncam00264m1,test_msl,big_rock,iou,,0,0,31610
sam__region_oracle_upper_bound__vit-b__in_rover__seed1414__gpu_full__3e6df100__git3bd8b1e0__code6e952f10__20260724T172450269924Z,msl_ncam_nlb_512555120edr_f0532644ncam00264m1,test_msl,ALL,pixel_acc,1.0,0,0,31610
sam__region_oracle_upper_bound__vit-b__in_rover__seed1414__gpu_full__3e6df100__git3bd8b1e0__code6e952f10__20260724T172450269924Z,msl_ncam_nlb_512555120edr_f0532644ncam00264m1,test_msl,ALL,boundary_f1,1.0,0,0,31610
sam__region_oracle_upper_bound__vit-b__in_rover__seed1414__gpu_full__3e6df100__git3bd8b1e0__code6e952f10__20260724T172450269924Z,msl_ncam_nlb_512555645edr_f0532644ncam00354m1,test_msl,soil,iou,0.0,0,23750,29150
sam__region_oracle_upper_bound__vit-b__in_rover__seed1414__gpu_full__3e6df100__git3bd8b1e0__code6e952f10__20260724T172450269924Z,msl_ncam_nlb_512555645edr_f0532644ncam00354m1,test_msl,bedrock,iou,,0,0,29150
sam__region_oracle_upper_bound__vit-b__in_rover__seed1414__gpu_full__3e6df100__git3bd8b1e0__code6e952f10__20260724T172450269924Z,msl_ncam_nlb_512555645edr_f0532644ncam00354m1,test_msl,sand,iou,0.18524871355060035,5400,29150,29150
sam__region_oracle_upper_bound__vit-b__in_rover__seed1414__gpu_full__3e6df100__git3bd8b1e0__code6e952f10__20260724T172450269924Z,msl_ncam_nlb_512555645edr_f0532644ncam00354m1,test_msl,big_rock,iou,,0,0,29150
sam__region_oracle_upper_bound__vit-b__in_rover__seed1414__gpu_full__3e6df100__git3bd8b1e0__code6e952f10__20260724T172450269924Z,msl_ncam_nlb_512555645edr_f0532644ncam00354m1,test_msl,ALL,pixel_acc,0.18524871355060035,0,0,29150
sam__region_oracle_upper_bound__vit-b__in_rover__seed1414__gpu_full__3e6df100__git3bd8b1e0__code6e952f10__20260724T172450269924Z,msl_ncam_nlb_512555645edr_f0532644ncam00354m1,test_msl,ALL,boundary_f1,0.18087144476855166,0,0,29150
sam__region_oracle_upper_bound__vit-b__in_rover__seed1414__gpu_full__3e6df100__git3bd8b1e0__code6e952f10__20260724T172450269924Z,msl_ncam_nlb_512555804edr_f0532644ncam07753m1,test_msl,soil,iou,,0,0,0
sam__region_oracle_upper_bound__vit-b__in_rover__seed1414__gpu_full__3e6df100__git3bd8b1e0__code6e952f10__20260724T172450269924Z,msl_ncam_nlb_512555804edr_f0532644ncam07753m1,test_msl,bedrock,iou,,0,0,0
sam__region_oracle_upper_bound__vit-b__in_rover__seed1414__gpu_full__3e6df100__git3bd8b1e0__code6e952f10__20260724T172450269924Z,msl_ncam_nlb_512555804edr_f0532644ncam07753m1,test_msl,sand,iou,,0,0,0
sam__region_oracle_upper_bound__vit-b__in_rover__seed1414__gpu_full__3e6df100__git3bd8b1e0__code6e952f10__20260724T172450269924Z,msl_ncam_nlb_512555804edr_f0532644ncam07753m1,test_msl,big_rock,iou,,0,0,0
sam__region_oracle_upper_bound__vit-b__in_rover__seed1414__gpu_full__3e6df100__git3bd8b1e0__code6e952f10__20260724T172450269924Z,msl_ncam_nlb_512555804edr_f0532644ncam07753m1,test_msl,ALL,pixel_acc,,0,0,0
sam__region_oracle_upper_bound__vit-b__in_rover__seed1414__gpu_full__3e6df100__git3bd8b1e0__code6e952f10__20260724T172450269924Z,msl_ncam_nlb_512555804edr_f0532644ncam07753m1,test_msl,ALL,boundary_f1,,0,0,0
sam__region_oracle_upper_bound__vit-b__in_rover__seed1414__gpu_full__3e6df100__git3bd8b1e0__code6e952f10__20260724T172450269924Z,msl_ncam_nlb_512555867edr_f0532644ncam07753m1,test_msl,soil,iou,0.0,0,43945,52439
sam__region_oracle_upper_bound__vit-b__in_rover__seed1414__gpu_full__3e6df100__git3bd8b1e0__code6e952f10__20260724T172450269924Z,msl_ncam_nlb_512555867edr_f0532644ncam07753m1,test_msl,bedrock,iou,0.14002294485323205,7079,50556,52439
sam__region_oracle_upper_bound__vit-b__in_rover__seed1414__gpu_full__3e6df100__git3bd8b1e0__code6e952f10__20260724T172450269924Z,msl_ncam_nlb_512555867edr_f0532644ncam07753m1,test_msl,sand,iou,0.7514604354753054,1415,1883,52439
sam__region_oracle_upper_bound__vit-b__in_rover__seed1414__gpu_full__3e6df100__git3bd8b1e0__code6e952f10__20260724T172450269924Z,msl_ncam_nlb_512555867edr_f0532644ncam07753m1,test_msl,big_rock,iou,,0,0,52439
sam__region_oracle_upper_bound__vit-b__in_rover__seed1414__gpu_full__3e6df100__git3bd8b1e0__code6e952f10__20260724T172450269924Z,msl_ncam_nlb_512555867edr_f0532644ncam07753m1,test_msl,ALL,pixel_acc,0.16197867999008372,0,0,52439
sam__region_oracle_upper_bound__vit-b__in_rover__seed1414__gpu_full__3e6df100__git3bd8b1e0__code6e952f10__20260724T172450269924Z,msl_ncam_nlb_512555867edr_f0532644ncam07753m1,test_msl,ALL,boundary_f1,0.3724673841629486,0,0,52439
sam__region_oracle_upper_bound__vit-b__in_rover__seed1414__gpu_full__3e6df100__git3bd8b1e0__code6e952f10__20260724T172450269924Z,msl_ncam_nlb_520358689edr_f0550940ncam00299m1,test_msl,soil,iou,0.0,0,25123,27530
sam__region_oracle_upper_bound__vit-b__in_rover__seed1414__gpu_full__3e6df100__git3bd8b1e0__code6e952f10__20260724T172450269924Z,msl_ncam_nlb_520358689edr_f0550940ncam00299m1,test_msl,bedrock,iou,0.08743189248092989,2407,27530,27530
sam__region_oracle_upper_bound__vit-b__in_rover__seed1414__gpu_full__3e6df100__git3bd8b1e0__code6e952f10__20260724T172450269924Z,msl_ncam_nlb_520358689edr_f0550940ncam00299m1,test_msl,sand,iou,,0,0,27530
sam__region_oracle_upper_bound__vit-b__in_rover__seed1414__gpu_full__3e6df100__git3bd8b1e0__code6e952f10__20260724T172450269924Z,msl_ncam_nlb_520358689edr_f0550940ncam00299m1,test_msl,big_rock,iou,,0,0,27530
sam__region_oracle_upper_bound__vit-b__in_rover__seed1414__gpu_full__3e6df100__git3bd8b1e0__code6e952f10__20260724T172450269924Z,msl_ncam_nlb_520358689edr_f0550940ncam00299m1,test_msl,ALL,pixel_acc,0.08743189248092989,0,0,27530
sam__region_oracle_upper_bound__vit-b__in_rover__seed1414__gpu_full__3e6df100__git3bd8b1e0__code6e952f10__20260724T172450269924Z,msl_ncam_nlb_520358689edr_f0550940ncam00299m1,test_msl,ALL,boundary_f1,0.1664390916442406,0,0,27530
sam__region_oracle_upper_bound__vit-b__in_rover__seed1414__gpu_full__3e6df100__git3bd8b1e0__code6e952f10__20260724T172450269924Z,msl_ncam_nlb_520358799edr_f0550940ncam00299m1,test_msl,soil,iou,0.0,0,114297,150778
sam__region_oracle_upper_bound__vit-b__in_rover__seed1414__gpu_full__3e6df100__git3bd8b1e0__code6e952f10__20260724T172450269924Z,msl_ncam_nlb_520358799edr_f0550940ncam00299m1,test_msl,bedrock,iou,0.24195174362307498,36481,150778,150778
sam__region_oracle_upper_bound__vit-b__in_rover__seed1414__gpu_full__3e6df100__git3bd8b1e0__code6e952f10__20260724T172450269924Z,msl_ncam_nlb_520358799edr_f0550940ncam00299m1,test_msl,sand,iou,,0,0,150778
sam__region_oracle_upper_bound__vit-b__in_rover__seed1414__gpu_full__3e6df100__git3bd8b1e0__code6e952f10__20260724T172450269924Z,msl_ncam_nlb_520358799edr_f0550940ncam00299m1,test_msl,big_rock,iou,,0,0,150778
sam__region_oracle_upper_bound__vit-b__in_rover__seed1414__gpu_full__3e6df100__git3bd8b1e0__code6e952f10__20260724T172450269924Z,msl_ncam_nlb_520358799edr_f0550940ncam00299m1,test_msl,ALL,pixel_acc,0.24195174362307498,0,0,150778
sam__region_oracle_upper_bound__vit-b__in_rover__seed1414__gpu_full__3e6df100__git3bd8b1e0__code6e952f10__20260724T172450269924Z,msl_ncam_nlb_520358799edr_f0550940ncam00299m1,test_msl,ALL,boundary_f1,0.13047288199443502,0,0,150778
sam__region_oracle_upper_bound__vit-b__in_rover__seed1414__gpu_full__3e6df100__git3bd8b1e0__code6e952f10__20260724T172450269924Z,msl_ncam_nlb_520359057edr_f0550940ncam00654m1,test_msl,soil,iou,0.0,0,11871,36846
sam__region_oracle_upper_bound__vit-b__in_rover__seed1414__gpu_full__3e6df100__git3bd8b1e0__code6e952f10__20260724T172450269924Z,msl_ncam_nlb_520359057edr_f0550940ncam00654m1,test_msl,bedrock,iou,0.8375251509054326,24975,29820,36846
sam__region_oracle_upper_bound__vit-b__in_rover__seed1414__gpu_full__3e6df100__git3bd8b1e0__code6e952f10__20260724T172450269924Z,msl_ncam_nlb_520359057edr_f0550940ncam00654m1,test_msl,sand,iou,0.0,0,7026,36846
sam__region_oracle_upper_bound__vit-b__in_rover__seed1414__gpu_full__3e6df100__git3bd8b1e0__code6e952f10__20260724T172450269924Z,msl_ncam_nlb_520359057edr_f0550940ncam00654m1,test_msl,big_rock,iou,,0,0,36846
sam__region_oracle_upper_bound__vit-b__in_rover__seed1414__gpu_full__3e6df100__git3bd8b1e0__code6e952f10__20260724T172450269924Z,msl_ncam_nlb_520359057edr_f0550940ncam00654m1,test_msl,ALL,pixel_acc,0.6778212017586712,0,0,36846
sam__region_oracle_upper_bound__vit-b__in_rover__seed1414__gpu_full__3e6df100__git3bd8b1e0__code6e952f10__20260724T172450269924Z,msl_ncam_nlb_520359057edr_f0550940ncam00654m1,test_msl,ALL,boundary_f1,0.2708802965523394,0,0,36846
sam__region_oracle_upper_bound__vit-b__in_rover__seed1414__gpu_full__3e6df100__git3bd8b1e0__code6e952f10__20260724T172450269924Z,msl_ncam_nlb_520359112edr_f0550940ncam00654m1,test_msl,soil,iou,0.0,0,20768,51622
sam__region_oracle_upper_bound__vit-b__in_rover__seed1414__gpu_full__3e6df100__git3bd8b1e0__code6e952f10__20260724T172450269924Z,msl_ncam_nlb_520359112edr_f0550940ncam00654m1,test_msl,bedrock,iou,0.6119761191661542,30854,50417,51622
sam__region_oracle_upper_bound__vit-b__in_rover__seed1414__gpu_full__3e6df100__git3bd8b1e0__code6e952f10__20260724T172450269924Z,msl_ncam_nlb_520359112edr_f0550940ncam00654m1,test_msl,sand,iou,0.0,0,1205,51622
sam__region_oracle_upper_bound__vit-b__in_rover__seed1414__gpu_full__3e6df100__git3bd8b1e0__code6e952f10__20260724T172450269924Z,msl_ncam_nlb_520359112edr_f0550940ncam00654m1,test_msl,big_rock,iou,,0,0,51622
sam__region_oracle_upper_bound__vit-b__in_rover__seed1414__gpu_full__3e6df100__git3bd8b1e0__code6e952f10__20260724T172450269924Z,msl_ncam_nlb_520359112edr_f0550940ncam00654m1,test_msl,ALL,pixel_acc,0.5976909069776452,0,0,51622
sam__region_oracle_upper_bound__vit-b__in_rover__seed1414__gpu_full__3e6df100__git3bd8b1e0__code6e952f10__20260724T172450269924Z,msl_ncam_nlb_520359112edr_f0550940ncam00654m1,test_msl,ALL,boundary_f1,0.22259306763612818,0,0,51622
sam__region_oracle_upper_bound__vit-b__in_rover__seed1414__gpu_full__3e6df100__git3bd8b1e0__code6e952f10__20260724T172450269924Z,msl_ncam_nlb_520359279edr_f0550940ncam07753m1,test_msl,soil,iou,0.0,0,41956,52407
sam__region_oracle_upper_bound__vit-b__in_rover__seed1414__gpu_full__3e6df100__git3bd8b1e0__code6e952f10__20260724T172450269924Z,msl_ncam_nlb_520359279edr_f0550940ncam07753m1,test_msl,bedrock,iou,0.20836157741536743,10451,50158,52407
sam__region_oracle_upper_bound__vit-b__in_rover__seed1414__gpu_full__3e6df100__git3bd8b1e0__code6e952f10__20260724T172450269924Z,msl_ncam_nlb_520359279edr_f0550940ncam07753m1,test_msl,sand,iou,0.0,0,2249,52407
sam__region_oracle_upper_bound__vit-b__in_rover__seed1414__gpu_full__3e6df100__git3bd8b1e0__code6e952f10__20260724T172450269924Z,msl_ncam_nlb_520359279edr_f0550940ncam07753m1,test_msl,big_rock,iou,,0,0,52407
sam__region_oracle_upper_bound__vit-b__in_rover__seed1414__gpu_full__3e6df100__git3bd8b1e0__code6e952f10__20260724T172450269924Z,msl_ncam_nlb_520359279edr_f0550940ncam07753m1,test_msl,ALL,pixel_acc,0.19941992481920354,0,0,52407
sam__region_oracle_upper_bound__vit-b__in_rover__seed1414__gpu_full__3e6df100__git3bd8b1e0__code6e952f10__20260724T172450269924Z,msl_ncam_nlb_520359279edr_f0550940ncam07753m1,test_msl,ALL,boundary_f1,0.1365417183388302,0,0,52407
sam__region_oracle_upper_bound__vit-b__in_rover__seed1414__gpu_full__3e6df100__git3bd8b1e0__code6e952f10__20260724T172450269924Z,msl_ncam_nlb_520359399edr_f0550940ncam07753m1,test_msl,soil,iou,,0,0,6638
sam__region_oracle_upper_bound__vit-b__in_rover__seed1414__gpu_full__3e6df100__git3bd8b1e0__code6e952f10__20260724T172450269924Z,msl_ncam_nlb_520359399edr_f0550940ncam07753m1,test_msl,bedrock,iou,1.0,6638,6638,6638
sam__region_oracle_upper_bound__vit-b__in_rover__seed1414__gpu_full__3e6df100__git3bd8b1e0__code6e952f10__20260724T172450269924Z,msl_ncam_nlb_520359399edr_f0550940ncam07753m1,test_msl,sand,iou,,0,0,6638
sam__region_oracle_upper_bound__vit-b__in_rover__seed1414__gpu_full__3e6df100__git3bd8b1e0__code6e952f10__20260724T172450269924Z,msl_ncam_nlb_520359399edr_f0550940ncam07753m1,test_msl,big_rock,iou,,0,0,6638
sam__region_oracle_upper_bound__vit-b__in_rover__seed1414__gpu_full__3e6df100__git3bd8b1e0__code6e952f10__20260724T172450269924Z,msl_ncam_nlb_520359399edr_f0550940ncam07753m1,test_msl,ALL,pixel_acc,1.0,0,0,6638
sam__region_oracle_upper_bound__vit-b__in_rover__seed1414__gpu_full__3e6df100__git3bd8b1e0__code6e952f10__20260724T172450269924Z,msl_ncam_nlb_520359399edr_f0550940ncam07753m1,test_msl,ALL,boundary_f1,1.0,0,0,6638
sam__region_oracle_upper_bound__vit-b__in_rover__seed1414__gpu_full__3e6df100__git3bd8b1e0__code6e952f10__20260724T172450269924Z,msl_ncam_nlb_525148881edr_f0570774ncam00353m1,test_msl,soil,iou,,0,0,0
sam__region_oracle_upper_bound__vit-b__in_rover__seed1414__gpu_full__3e6df100__git3bd8b1e0__code6e952f10__20260724T172450269924Z,msl_ncam_nlb_525148881edr_f0570774ncam00353m1,test_msl,bedrock,iou,,0,0,0
sam__region_oracle_upper_bound__vit-b__in_rover__seed1414__gpu_full__3e6df100__git3bd8b1e0__code6e952f10__20260724T172450269924Z,msl_ncam_nlb_525148881edr_f0570774ncam00353m1,test_msl,sand,iou,,0,0,0
sam__region_oracle_upper_bound__vit-b__in_rover__seed1414__gpu_full__3e6df100__git3bd8b1e0__code6e952f10__20260724T172450269924Z,msl_ncam_nlb_525148881edr_f0570774ncam00353m1,test_msl,big_rock,iou,,0,0,0
sam__region_oracle_upper_bound__vit-b__in_rover__seed1414__gpu_full__3e6df100__git3bd8b1e0__code6e952f10__20260724T172450269924Z,msl_ncam_nlb_525148881edr_f0570774ncam00353m1,test_msl,ALL,pixel_acc,,0,0,0
sam__region_oracle_upper_bound__vit-b__in_rover__seed1414__gpu_full__3e6df100__git3bd8b1e0__code6e952f10__20260724T172450269924Z,msl_ncam_nlb_525148881edr_f0570774ncam00353m1,test_msl,ALL,boundary_f1,,0,0,0
sam__region_oracle_upper_bound__vit-b__in_rover__seed1414__gpu_full__3e6df100__git3bd8b1e0__code6e952f10__20260724T172450269924Z,msl_ncam_nlb_525149027edr_f0570774ncam00287m1,test_msl,soil,iou,0.0,0,32351,57576
sam__region_oracle_upper_bound__vit-b__in_rover__seed1414__gpu_full__3e6df100__git3bd8b1e0__code6e952f10__20260724T172450269924Z,msl_ncam_nlb_525149027edr_f0570774ncam00287m1,test_msl,bedrock,iou,0.43811657635125745,25225,57576,57576
sam__region_oracle_upper_bound__vit-b__in_rover__seed1414__gpu_full__3e6df100__git3bd8b1e0__code6e952f10__20260724T172450269924Z,msl_ncam_nlb_525149027edr_f0570774ncam00287m1,test_msl,sand,iou,,0,0,57576
sam__region_oracle_upper_bound__vit-b__in_rover__seed1414__gpu_full__3e6df100__git3bd8b1e0__code6e952f10__20260724T172450269924Z,msl_ncam_nlb_525149027edr_f0570774ncam00287m1,test_msl,big_rock,iou,,0,0,57576
sam__region_oracle_upper_bound__vit-b__in_rover__seed1414__gpu_full__3e6df100__git3bd8b1e0__code6e952f10__20260724T172450269924Z,msl_ncam_nlb_525149027edr_f0570774ncam00287m1,test_msl,ALL,pixel_acc,0.43811657635125745,0,0,57576
sam__region_oracle_upper_bound__vit-b__in_rover__seed1414__gpu_full__3e6df100__git3bd8b1e0__code6e952f10__20260724T172450269924Z,msl_ncam_nlb_525149027edr_f0570774ncam00287m1,test_msl,ALL,boundary_f1,0.3507463794428184,0,0,57576
sam__region_oracle_upper_bound__vit-b__in_rover__seed1414__gpu_full__3e6df100__git3bd8b1e0__code6e952f10__20260724T172450269924Z,msl_ncam_nlb_525149336edr_f0570774ncam00654m1,test_msl,soil,iou,0.0,0,26896,38978
sam__region_oracle_upper_bound__vit-b__in_rover__seed1414__gpu_full__3e6df100__git3bd8b1e0__code6e952f10__20260724T172450269924Z,msl_ncam_nlb_525149336edr_f0570774ncam00654m1,test_msl,bedrock,iou,0.30996972651239163,12082,38978,38978
sam__region_oracle_upper_bound__vit-b__in_rover__seed1414__gpu_full__3e6df100__git3bd8b1e0__code6e952f10__20260724T172450269924Z,msl_ncam_nlb_525149336edr_f0570774ncam00654m1,test_msl,sand,iou,,0,0,38978
sam__region_oracle_upper_bound__vit-b__in_rover__seed1414__gpu_full__3e6df100__git3bd8b1e0__code6e952f10__20260724T172450269924Z,msl_ncam_nlb_525149336edr_f0570774ncam00654m1,test_msl,big_rock,iou,,0,0,38978
sam__region_oracle_upper_bound__vit-b__in_rover__seed1414__gpu_full__3e6df100__git3bd8b1e0__code6e952f10__20260724T172450269924Z,msl_ncam_nlb_525149336edr_f0570774ncam00654m1,test_msl,ALL,pixel_acc,0.30996972651239163,0,0,38978
sam__region_oracle_upper_bound__vit-b__in_rover__seed1414__gpu_full__3e6df100__git3bd8b1e0__code6e952f10__20260724T172450269924Z,msl_ncam_nlb_525149336edr_f0570774ncam00654m1,test_msl,ALL,boundary_f1,0.3029536811029975,0,0,38978
sam__region_oracle_upper_bound__vit-b__in_rover__seed1414__gpu_full__3e6df100__git3bd8b1e0__code6e952f10__20260724T172450269924Z,msl_ncam_nlb_525149367edr_f0570774ncam00654m1,test_msl,soil,iou,0.0,0,48033,62531
sam__region_oracle_upper_bound__vit-b__in_rover__seed1414__gpu_full__3e6df100__git3bd8b1e0__code6e952f10__20260724T172450269924Z,msl_ncam_nlb_525149367edr_f0570774ncam00654m1,test_msl,bedrock,iou,0.2456497060268727,14498,59019,62531
sam__region_oracle_upper_bound__vit-b__in_rover__seed1414__gpu_full__3e6df100__git3bd8b1e0__code6e952f10__20260724T172450269924Z,msl_ncam_nlb_525149367edr_f0570774ncam00654m1,test_msl,sand,iou,0.0,0,3512,62531
sam__region_oracle_upper_bound__vit-b__in_rover__seed1414__gpu_full__3e6df100__git3bd8b1e0__code6e952f10__20260724T172450269924Z,msl_ncam_nlb_525149367edr_f0570774ncam00654m1,test_msl,big_rock,iou,,0,0,62531
sam__region_oracle_upper_bound__vit-b__in_rover__seed1414__gpu_full__3e6df100__git3bd8b1e0__code6e952f10__20260724T172450269924Z,msl_ncam_nlb_525149367edr_f0570774ncam00654m1,test_msl,ALL,pixel_acc,0.23185300091154787,0,0,62531
sam__region_oracle_upper_bound__vit-b__in_rover__seed1414__gpu_full__3e6df100__git3bd8b1e0__code6e952f10__20260724T172450269924Z,msl_ncam_nlb_525149367edr_f0570774ncam00654m1,test_msl,ALL,boundary_f1,0.17303610320115256,0,0,62531
sam__region_oracle_upper_bound__vit-b__in_rover__seed1414__gpu_full__3e6df100__git3bd8b1e0__code6e952f10__20260724T172450269924Z,msl_ncam_nlb_525149424edr_f0570774ncam00654m1,test_msl,soil,iou,0.0,0,14418,56706
sam__region_oracle_upper_bound__vit-b__in_rover__seed1414__gpu_full__3e6df100__git3bd8b1e0__code6e952f10__20260724T172450269924Z,msl_ncam_nlb_525149424edr_f0570774ncam00654m1,test_msl,bedrock,iou,0.8244882043283291,42288,51290,56706
sam__region_oracle_upper_bound__vit-b__in_rover__seed1414__gpu_full__3e6df100__git3bd8b1e0__code6e952f10__20260724T172450269924Z,msl_ncam_nlb_525149424edr_f0570774ncam00654m1,test_msl,sand,iou,0.0,0,5416,56706
sam__region_oracle_upper_bound__vit-b__in_rover__seed1414__gpu_full__3e6df100__git3bd8b1e0__code6e952f10__20260724T172450269924Z,msl_ncam_nlb_525149424edr_f0570774ncam00654m1,test_msl,big_rock,iou,,0,0,56706
sam__region_oracle_upper_bound__vit-b__in_rover__seed1414__gpu_full__3e6df100__git3bd8b1e0__code6e952f10__20260724T172450269924Z,msl_ncam_nlb_525149424edr_f0570774ncam00654m1,test_msl,ALL,pixel_acc,0.7457411914083166,0,0,56706
sam__region_oracle_upper_bound__vit-b__in_rover__seed1414__gpu_full__3e6df100__git3bd8b1e0__code6e952f10__20260724T172450269924Z,msl_ncam_nlb_525149424edr_f0570774ncam00654m1,test_msl,ALL,boundary_f1,0.2969592690562483,0,0,56706
sam__region_oracle_upper_bound__vit-b__in_rover__seed1414__gpu_full__3e6df100__git3bd8b1e0__code6e952f10__20260724T172450269924Z,msl_ncam_nlb_525149485edr_f0570774ncam07753m1,test_msl,soil,iou,0.0,0,13577,26086
sam__region_oracle_upper_bound__vit-b__in_rover__seed1414__gpu_full__3e6df100__git3bd8b1e0__code6e952f10__20260724T172450269924Z,msl_ncam_nlb_525149485edr_f0570774ncam07753m1,test_msl,bedrock,iou,0.553152914123994,12509,22614,26086
sam__region_oracle_upper_bound__vit-b__in_rover__seed1414__gpu_full__3e6df100__git3bd8b1e0__code6e952f10__20260724T172450269924Z,msl_ncam_nlb_525149485edr_f0570774ncam07753m1,test_msl,sand,iou,0.0,0,3472,26086
sam__region_oracle_upper_bound__vit-b__in_rover__seed1414__gpu_full__3e6df100__git3bd8b1e0__code6e952f10__20260724T172450269924Z,msl_ncam_nlb_525149485edr_f0570774ncam07753m1,test_msl,big_rock,iou,,0,0,26086
sam__region_oracle_upper_bound__vit-b__in_rover__seed1414__gpu_full__3e6df100__git3bd8b1e0__code6e952f10__20260724T172450269924Z,msl_ncam_nlb_525149485edr_f0570774ncam07753m1,test_msl,ALL,pixel_acc,0.47952924940581154,0,0,26086
sam__region_oracle_upper_bound__vit-b__in_rover__seed1414__gpu_full__3e6df100__git3bd8b1e0__code6e952f10__20260724T172450269924Z,msl_ncam_nlb_525149485edr_f0570774ncam07753m1,test_msl,ALL,boundary_f1,0.25238440362991804,0,0,26086
sam__region_oracle_upper_bound__vit-b__in_rover__seed1414__gpu_full__3e6df100__git3bd8b1e0__code6e952f10__20260724T172450269924Z,msl_ncam_nlb_525149600edr_f0570774ncam07753m1,test_msl,soil,iou,,0,0,0
sam__region_oracle_upper_bound__vit-b__in_rover__seed1414__gpu_full__3e6df100__git3bd8b1e0__code6e952f10__20260724T172450269924Z,msl_ncam_nlb_525149600edr_f0570774ncam07753m1,test_msl,bedrock,iou,,0,0,0
sam__region_oracle_upper_bound__vit-b__in_rover__seed1414__gpu_full__3e6df100__git3bd8b1e0__code6e952f10__20260724T172450269924Z,msl_ncam_nlb_525149600edr_f0570774ncam07753m1,test_msl,sand,iou,,0,0,0
sam__region_oracle_upper_bound__vit-b__in_rover__seed1414__gpu_full__3e6df100__git3bd8b1e0__code6e952f10__20260724T172450269924Z,msl_ncam_nlb_525149600edr_f0570774ncam07753m1,test_msl,big_rock,iou,,0,0,0
sam__region_oracle_upper_bound__vit-b__in_rover__seed1414__gpu_full__3e6df100__git3bd8b1e0__code6e952f10__20260724T172450269924Z,msl_ncam_nlb_525149600edr_f0570774ncam07753m1,test_msl,ALL,pixel_acc,,0,0,0
sam__region_oracle_upper_bound__vit-b__in_rover__seed1414__gpu_full__3e6df100__git3bd8b1e0__code6e952f10__20260724T172450269924Z,msl_ncam_nlb_525149600edr_f0570774ncam07753m1,test_msl,ALL,boundary_f1,,0,0,0
sam__region_oracle_upper_bound__vit-b__in_rover__seed1414__gpu_full__3e6df100__git3bd8b1e0__code6e952f10__20260724T172450269924Z,msl_ncam_nlb_525149717edr_f0570774ncam07753m1,test_msl,soil,iou,0.0,0,19334,41397
sam__region_oracle_upper_bound__vit-b__in_rover__seed1414__gpu_full__3e6df100__git3bd8b1e0__code6e952f10__20260724T172450269924Z,msl_ncam_nlb_525149717edr_f0570774ncam07753m1,test_msl,bedrock,iou,0.5597047109262031,22063,39419,41397
sam__region_oracle_upper_bound__vit-b__in_rover__seed1414__gpu_full__3e6df100__git3bd8b1e0__code6e952f10__20260724T172450269924Z,msl_ncam_nlb_525149717edr_f0570774ncam07753m1,test_msl,sand,iou,0.0,0,1978,41397
sam__region_oracle_upper_bound__vit-b__in_rover__seed1414__gpu_full__3e6df100__git3bd8b1e0__code6e952f10__20260724T172450269924Z,msl_ncam_nlb_525149717edr_f0570774ncam07753m1,test_msl,big_rock,iou,,0,0,41397
sam__region_oracle_upper_bound__vit-b__in_rover__seed1414__gpu_full__3e6df100__git3bd8b1e0__code6e952f10__20260724T172450269924Z,msl_ncam_nlb_525149717edr_f0570774ncam07753m1,test_msl,ALL,pixel_acc,0.5329613256999299,0,0,41397
sam__region_oracle_upper_bound__vit-b__in_rover__seed1414__gpu_full__3e6df100__git3bd8b1e0__code6e952f10__20260724T172450269924Z,msl_ncam_nlb_525149717edr_f0570774ncam07753m1,test_msl,ALL,boundary_f1,0.24443023553350096,0,0,41397
sam__region_oracle_upper_bound__vit-b__in_rover__seed1414__gpu_full__3e6df100__git3bd8b1e0__code6e952f10__20260724T172450269924Z,msl_ncam_nlb_527820640edr_f0580000ncam00253m1,test_msl,soil,iou,0.0,0,66083,92147
sam__region_oracle_upper_bound__vit-b__in_rover__seed1414__gpu_full__3e6df100__git3bd8b1e0__code6e952f10__20260724T172450269924Z,msl_ncam_nlb_527820640edr_f0580000ncam00253m1,test_msl,bedrock,iou,0.29492070320017205,26053,88339,92147
sam__region_oracle_upper_bound__vit-b__in_rover__seed1414__gpu_full__3e6df100__git3bd8b1e0__code6e952f10__20260724T172450269924Z,msl_ncam_nlb_527820640edr_f0580000ncam00253m1,test_msl,sand,iou,0.002888655462184874,11,3808,92147
sam__region_oracle_upper_bound__vit-b__in_rover__seed1414__gpu_full__3e6df100__git3bd8b1e0__code6e952f10__20260724T172450269924Z,msl_ncam_nlb_527820640edr_f0580000ncam00253m1,test_msl,big_rock,iou,,0,0,92147
sam__region_oracle_upper_bound__vit-b__in_rover__seed1414__gpu_full__3e6df100__git3bd8b1e0__code6e952f10__20260724T172450269924Z,msl_ncam_nlb_527820640edr_f0580000ncam00253m1,test_msl,ALL,pixel_acc,0.28285239888439123,0,0,92147
sam__region_oracle_upper_bound__vit-b__in_rover__seed1414__gpu_full__3e6df100__git3bd8b1e0__code6e952f10__20260724T172450269924Z,msl_ncam_nlb_527820640edr_f0580000ncam00253m1,test_msl,ALL,boundary_f1,0.20846241172491528,0,0,92147
sam__region_oracle_upper_bound__vit-b__in_rover__seed1414__gpu_full__3e6df100__git3bd8b1e0__code6e952f10__20260724T172450269924Z,msl_ncam_nlb_527820910edr_f0580000ncam00654m1,test_msl,soil,iou,0.0,0,29864,42689
sam__region_oracle_upper_bound__vit-b__in_rover__seed1414__gpu_full__3e6df100__git3bd8b1e0__code6e952f10__20260724T172450269924Z,msl_ncam_nlb_527820910edr_f0580000ncam00654m1,test_msl,bedrock,iou,0.4134695982977626,12825,31018,42689
sam__region_oracle_upper_bound__vit-b__in_rover__seed1414__gpu_full__3e6df100__git3bd8b1e0__code6e952f10__20260724T172450269924Z,msl_ncam_nlb_527820910edr_f0580000ncam00654m1,test_msl,sand,iou,0.0,0,11671,42689
sam__region_oracle_upper_bound__vit-b__in_rover__seed1414__gpu_full__3e6df100__git3bd8b1e0__code6e952f10__20260724T172450269924Z,msl_ncam_nlb_527820910edr_f0580000ncam00654m1,test_msl,big_rock,iou,,0,0,42689
sam__region_oracle_upper_bound__vit-b__in_rover__seed1414__gpu_full__3e6df100__git3bd8b1e0__code6e952f10__20260724T172450269924Z,msl_ncam_nlb_527820910edr_f0580000ncam00654m1,test_msl,ALL,pixel_acc,0.30042868186183797,0,0,42689
sam__region_oracle_upper_bound__vit-b__in_rover__seed1414__gpu_full__3e6df100__git3bd8b1e0__code6e952f10__20260724T172450269924Z,msl_ncam_nlb_527820910edr_f0580000ncam00654m1,test_msl,ALL,boundary_f1,0.21710379585066217,0,0,42689
sam__region_oracle_upper_bound__vit-b__in_rover__seed1414__gpu_full__3e6df100__git3bd8b1e0__code6e952f10__20260724T172450269924Z,msl_ncam_nlb_527820942edr_f0580000ncam00654m1,test_msl,soil,iou,0.0,0,50848,75399
sam__region_oracle_upper_bound__vit-b__in_rover__seed1414__gpu_full__3e6df100__git3bd8b1e0__code6e952f10__20260724T172450269924Z,msl_ncam_nlb_527820942edr_f0580000ncam00654m1,test_msl,bedrock,iou,0.5361847961545309,24094,44936,75399
sam__region_oracle_upper_bound__vit-b__in_rover__seed1414__gpu_full__3e6df100__git3bd8b1e0__code6e952f10__20260724T172450269924Z,msl_ncam_nlb_527820942edr_f0580000ncam00654m1,test_msl,sand,iou,0.01500180546892952,457,30463,75399
sam__region_oracle_upper_bound__vit-b__in_rover__seed1414__gpu_full__3e6df100__git3bd8b1e0__code6e952f10__20260724T172450269924Z,msl_ncam_nlb_527820942edr_f0580000ncam00654m1,test_msl,big_rock,iou,,0,0,75399
sam__region_oracle_upper_bound__vit-b__in_rover__seed1414__gpu_full__3e6df100__git3bd8b1e0__code6e952f10__20260724T172450269924Z,msl_ncam_nlb_527820942edr_f0580000ncam00654m1,test_msl,ALL,pixel_acc,0.3256143980689399,0,0,75399
sam__region_oracle_upper_bound__vit-b__in_rover__seed1414__gpu_full__3e6df100__git3bd8b1e0__code6e952f10__20260724T172450269924Z,msl_ncam_nlb_527820942edr_f0580000ncam00654m1,test_msl,ALL,boundary_f1,0.24460683854734033,0,0,75399
sam__region_oracle_upper_bound__vit-b__in_rover__seed1414__gpu_full__3e6df100__git3bd8b1e0__code6e952f10__20260724T172450269924Z,msl_ncam_nlb_527821074edr_f0580000ncam07753m1,test_msl,soil,iou,0.0,0,3980,3982
sam__region_oracle_upper_bound__vit-b__in_rover__seed1414__gpu_full__3e6df100__git3bd8b1e0__code6e952f10__20260724T172450269924Z,msl_ncam_nlb_527821074edr_f0580000ncam07753m1,test_msl,bedrock,iou,,0,0,3982
sam__region_oracle_upper_bound__vit-b__in_rover__seed1414__gpu_full__3e6df100__git3bd8b1e0__code6e952f10__20260724T172450269924Z,msl_ncam_nlb_527821074edr_f0580000ncam07753m1,test_msl,sand,iou,0.0005022601707684581,2,3982,3982
sam__region_oracle_upper_bound__vit-b__in_rover__seed1414__gpu_full__3e6df100__git3bd8b1e0__code6e952f10__20260724T172450269924Z,msl_ncam_nlb_527821074edr_f0580000ncam07753m1,test_msl,big_rock,iou,,0,0,3982
sam__region_oracle_upper_bound__vit-b__in_rover__seed1414__gpu_full__3e6df100__git3bd8b1e0__code6e952f10__20260724T172450269924Z,msl_ncam_nlb_527821074edr_f0580000ncam07753m1,test_msl,ALL,pixel_acc,0.0005022601707684581,0,0,3982
sam__region_oracle_upper_bound__vit-b__in_rover__seed1414__gpu_full__3e6df100__git3bd8b1e0__code6e952f10__20260724T172450269924Z,msl_ncam_nlb_527821074edr_f0580000ncam07753m1,test_msl,ALL,boundary_f1,0.01327433628318584,0,0,3982
sam__region_oracle_upper_bound__vit-b__in_rover__seed1414__gpu_full__3e6df100__git3bd8b1e0__code6e952f10__20260724T172450269924Z,msl_ncam_nlb_527821213edr_f0580000ncam07753m1,test_msl,soil,iou,0.0,0,9074,13830
sam__region_oracle_upper_bound__vit-b__in_rover__seed1414__gpu_full__3e6df100__git3bd8b1e0__code6e952f10__20260724T172450269924Z,msl_ncam_nlb_527821213edr_f0580000ncam07753m1,test_msl,bedrock,iou,0.3054960195958359,3991,13064,13830
sam__region_oracle_upper_bound__vit-b__in_rover__seed1414__gpu_full__3e6df100__git3bd8b1e0__code6e952f10__20260724T172450269924Z,msl_ncam_nlb_527821213edr_f0580000ncam07753m1,test_msl,sand,iou,0.9986945169712794,765,766,13830
sam__region_oracle_upper_bound__vit-b__in_rover__seed1414__gpu_full__3e6df100__git3bd8b1e0__code6e952f10__20260724T172450269924Z,msl_ncam_nlb_527821213edr_f0580000ncam07753m1,test_msl,big_rock,iou,,0,0,13830
sam__region_oracle_upper_bound__vit-b__in_rover__seed1414__gpu_full__3e6df100__git3bd8b1e0__code6e952f10__20260724T172450269924Z,msl_ncam_nlb_527821213edr_f0580000ncam07753m1,test_msl,ALL,pixel_acc,0.34389009399855386,0,0,13830
sam__region_oracle_upper_bound__vit-b__in_rover__seed1414__gpu_full__3e6df100__git3bd8b1e0__code6e952f10__20260724T172450269924Z,msl_ncam_nlb_527821213edr_f0580000ncam07753m1,test_msl,ALL,boundary_f1,0.5286212290929334,0,0,13830
sam__region_oracle_upper_bound__vit-b__in_rover__seed1414__gpu_full__3e6df100__git3bd8b1e0__code6e952f10__20260724T172450269924Z,msl_ncam_nlb_527821275edr_f0580000ncam07753m1,test_msl,soil,iou,0.0,0,12888,18660
sam__region_oracle_upper_bound__vit-b__in_rover__seed1414__gpu_full__3e6df100__git3bd8b1e0__code6e952f10__20260724T172450269924Z,msl_ncam_nlb_527821275edr_f0580000ncam07753m1,test_msl,bedrock,iou,0.3093247588424437,5772,18660,18660
sam__region_oracle_upper_bound__vit-b__in_rover__seed1414__gpu_full__3e6df100__git3bd8b1e0__code6e952f10__20260724T172450269924Z,msl_ncam_nlb_527821275edr_f0580000ncam07753m1,test_msl,sand,iou,,0,0,18660
sam__region_oracle_upper_bound__vit-b__in_rover__seed1414__gpu_full__3e6df100__git3bd8b1e0__code6e952f10__20260724T172450269924Z,msl_ncam_nlb_527821275edr_f0580000ncam07753m1,test_msl,big_rock,iou,,0,0,18660
sam__region_oracle_upper_bound__vit-b__in_rover__seed1414__gpu_full__3e6df100__git3bd8b1e0__code6e952f10__20260724T172450269924Z,msl_ncam_nlb_527821275edr_f0580000ncam07753m1,test_msl,ALL,pixel_acc,0.3093247588424437,0,0,18660
sam__region_oracle_upper_bound__vit-b__in_rover__seed1414__gpu_full__3e6df100__git3bd8b1e0__code6e952f10__20260724T172450269924Z,msl_ncam_nlb_527821275edr_f0580000ncam07753m1,test_msl,ALL,boundary_f1,0.2372823062313981,0,0,18660
sam__region_oracle_upper_bound__vit-b__in_rover__seed1414__gpu_full__3e6df100__git3bd8b1e0__code6e952f10__20260724T172450269924Z,msl_ncam_nlb_528875763edr_f0581002ncam00207m1,test_msl,soil,iou,0.0,0,22865,55308
sam__region_oracle_upper_bound__vit-b__in_rover__seed1414__gpu_full__3e6df100__git3bd8b1e0__code6e952f10__20260724T172450269924Z,msl_ncam_nlb_528875763edr_f0581002ncam00207m1,test_msl,bedrock,iou,0.6410899893293286,32443,50606,55308
sam__region_oracle_upper_bound__vit-b__in_rover__seed1414__gpu_full__3e6df100__git3bd8b1e0__code6e952f10__20260724T172450269924Z,msl_ncam_nlb_528875763edr_f0581002ncam00207m1,test_msl,sand,iou,0.0,0,4702,55308
sam__region_oracle_upper_bound__vit-b__in_rover__seed1414__gpu_full__3e6df100__git3bd8b1e0__code6e952f10__20260724T172450269924Z,msl_ncam_nlb_528875763edr_f0581002ncam00207m1,test_msl,big_rock,iou,,0,0,55308
sam__region_oracle_upper_bound__vit-b__in_rover__seed1414__gpu_full__3e6df100__git3bd8b1e0__code6e952f10__20260724T172450269924Z,msl_ncam_nlb_528875763edr_f0581002ncam00207m1,test_msl,ALL,pixel_acc,0.586587835394518,0,0,55308
sam__region_oracle_upper_bound__vit-b__in_rover__seed1414__gpu_full__3e6df100__git3bd8b1e0__code6e952f10__20260724T172450269924Z,msl_ncam_nlb_528875763edr_f0581002ncam00207m1,test_msl,ALL,boundary_f1,0.2586644971297318,0,0,55308
sam__region_oracle_upper_bound__vit-b__in_rover__seed1414__gpu_full__3e6df100__git3bd8b1e0__code6e952f10__20260724T172450269924Z,msl_ncam_nlb_528892751edr_f0581248ncam00346m1,test_msl,soil,iou,0.09164356902754024,1554,16957,25025
sam__region_oracle_upper_bound__vit-b__in_rover__seed1414__gpu_full__3e6df100__git3bd8b1e0__code6e952f10__20260724T172450269924Z,msl_ncam_nlb_528892751edr_f0581248ncam00346m1,test_msl,bedrock,iou,0.3773973243521377,8068,21378,25025
sam__region_oracle_upper_bound__vit-b__in_rover__seed1414__gpu_full__3e6df100__git3bd8b1e0__code6e952f10__20260724T172450269924Z,msl_ncam_nlb_528892751edr_f0581248ncam00346m1,test_msl,sand,iou,0.0,0,2093,25025
sam__region_oracle_upper_bound__vit-b__in_rover__seed1414__gpu_full__3e6df100__git3bd8b1e0__code6e952f10__20260724T172450269924Z,msl_ncam_nlb_528892751edr_f0581248ncam00346m1,test_msl,big_rock,iou,,0,0,25025
sam__region_oracle_upper_bound__vit-b__in_rover__seed1414__gpu_full__3e6df100__git3bd8b1e0__code6e952f10__20260724T172450269924Z,msl_ncam_nlb_528892751edr_f0581248ncam00346m1,test_msl,ALL,pixel_acc,0.3844955044955045,0,0,25025
sam__region_oracle_upper_bound__vit-b__in_rover__seed1414__gpu_full__3e6df100__git3bd8b1e0__code6e952f10__20260724T172450269924Z,msl_ncam_nlb_528892751edr_f0581248ncam00346m1,test_msl,ALL,boundary_f1,0.3092802633139433,0,0,25025
sam__region_oracle_upper_bound__vit-b__in_rover__seed1414__gpu_full__3e6df100__git3bd8b1e0__code6e952f10__20260724T172450269924Z,msl_ncam_nlb_528892900edr_f0581248ncam00262m1,test_msl,soil,iou,0.0,0,37337,58755
sam__region_oracle_upper_bound__vit-b__in_rover__seed1414__gpu_full__3e6df100__git3bd8b1e0__code6e952f10__20260724T172450269924Z,msl_ncam_nlb_528892900edr_f0581248ncam00262m1,test_msl,bedrock,iou,0.3645306782401498,21418,58755,58755
sam__region_oracle_upper_bound__vit-b__in_rover__seed1414__gpu_full__3e6df100__git3bd8b1e0__code6e952f10__20260724T172450269924Z,msl_ncam_nlb_528892900edr_f0581248ncam00262m1,test_msl,sand,iou,,0,0,58755
sam__region_oracle_upper_bound__vit-b__in_rover__seed1414__gpu_full__3e6df100__git3bd8b1e0__code6e952f10__20260724T172450269924Z,msl_ncam_nlb_528892900edr_f0581248ncam00262m1,test_msl,big_rock,iou,,0,0,58755
sam__region_oracle_upper_bound__vit-b__in_rover__seed1414__gpu_full__3e6df100__git3bd8b1e0__code6e952f10__20260724T172450269924Z,msl_ncam_nlb_528892900edr_f0581248ncam00262m1,test_msl,ALL,pixel_acc,0.3645306782401498,0,0,58755
sam__region_oracle_upper_bound__vit-b__in_rover__seed1414__gpu_full__3e6df100__git3bd8b1e0__code6e952f10__20260724T172450269924Z,msl_ncam_nlb_528892900edr_f0581248ncam00262m1,test_msl,ALL,boundary_f1,0.3516556540855051,0,0,58755
sam__region_oracle_upper_bound__vit-b__in_rover__seed1414__gpu_full__3e6df100__git3bd8b1e0__code6e952f10__20260724T172450269924Z,msl_ncam_nlb_528893088edr_f0581248ncam07753m1,test_msl,soil,iou,,0,0,35879
sam__region_oracle_upper_bound__vit-b__in_rover__seed1414__gpu_full__3e6df100__git3bd8b1e0__code6e952f10__20260724T172450269924Z,msl_ncam_nlb_528893088edr_f0581248ncam07753m1,test_msl,bedrock,iou,1.0,35879,35879,35879
sam__region_oracle_upper_bound__vit-b__in_rover__seed1414__gpu_full__3e6df100__git3bd8b1e0__code6e952f10__20260724T172450269924Z,msl_ncam_nlb_528893088edr_f0581248ncam07753m1,test_msl,sand,iou,,0,0,35879
sam__region_oracle_upper_bound__vit-b__in_rover__seed1414__gpu_full__3e6df100__git3bd8b1e0__code6e952f10__20260724T172450269924Z,msl_ncam_nlb_528893088edr_f0581248ncam07753m1,test_msl,big_rock,iou,,0,0,35879
sam__region_oracle_upper_bound__vit-b__in_rover__seed1414__gpu_full__3e6df100__git3bd8b1e0__code6e952f10__20260724T172450269924Z,msl_ncam_nlb_528893088edr_f0581248ncam07753m1,test_msl,ALL,pixel_acc,1.0,0,0,35879
sam__region_oracle_upper_bound__vit-b__in_rover__seed1414__gpu_full__3e6df100__git3bd8b1e0__code6e952f10__20260724T172450269924Z,msl_ncam_nlb_528893088edr_f0581248ncam07753m1,test_msl,ALL,boundary_f1,1.0,0,0,35879
sam__region_oracle_upper_bound__vit-b__in_rover__seed1414__gpu_full__3e6df100__git3bd8b1e0__code6e952f10__20260724T172450269924Z,msl_ncam_nlb_528893506edr_f0581248ncam00654m1,test_msl,soil,iou,0.7068840953658788,20547,29067,66249
sam__region_oracle_upper_bound__vit-b__in_rover__seed1414__gpu_full__3e6df100__git3bd8b1e0__code6e952f10__20260724T172450269924Z,msl_ncam_nlb_528893506edr_f0581248ncam00654m1,test_msl,bedrock,iou,0.9866263333864035,37182,37686,66249
sam__region_oracle_upper_bound__vit-b__in_rover__seed1414__gpu_full__3e6df100__git3bd8b1e0__code6e952f10__20260724T172450269924Z,msl_ncam_nlb_528893506edr_f0581248ncam00654m1,test_msl,sand,iou,0.0,0,8016,66249
sam__region_oracle_upper_bound__vit-b__in_rover__seed1414__gpu_full__3e6df100__git3bd8b1e0__code6e952f10__20260724T172450269924Z,msl_ncam_nlb_528893506edr_f0581248ncam00654m1,test_msl,big_rock,iou,,0,0,66249
sam__region_oracle_upper_bound__vit-b__in_rover__seed1414__gpu_full__3e6df100__git3bd8b1e0__code6e952f10__20260724T172450269924Z,msl_ncam_nlb_528893506edr_f0581248ncam00654m1,test_msl,ALL,pixel_acc,0.8713942851967577,0,0,66249
sam__region_oracle_upper_bound__vit-b__in_rover__seed1414__gpu_full__3e6df100__git3bd8b1e0__code6e952f10__20260724T172450269924Z,msl_ncam_nlb_528893506edr_f0581248ncam00654m1,test_msl,ALL,boundary_f1,0.5828596626677224,0,0,66249
sam__region_oracle_upper_bound__vit-b__in_rover__seed1414__gpu_full__3e6df100__git3bd8b1e0__code6e952f10__20260724T172450269924Z,msl_ncam_nlb_528893540edr_f0581248ncam00654m1,test_msl,soil,iou,,0,0,0
sam__region_oracle_upper_bound__vit-b__in_rover__seed1414__gpu_full__3e6df100__git3bd8b1e0__code6e952f10__20260724T172450269924Z,msl_ncam_nlb_528893540edr_f0581248ncam00654m1,test_msl,bedrock,iou,,0,0,0
sam__region_oracle_upper_bound__vit-b__in_rover__seed1414__gpu_full__3e6df100__git3bd8b1e0__code6e952f10__20260724T172450269924Z,msl_ncam_nlb_528893540edr_f0581248ncam00654m1,test_msl,sand,iou,,0,0,0
sam__region_oracle_upper_bound__vit-b__in_rover__seed1414__gpu_full__3e6df100__git3bd8b1e0__code6e952f10__20260724T172450269924Z,msl_ncam_nlb_528893540edr_f0581248ncam00654m1,test_msl,big_rock,iou,,0,0,0
sam__region_oracle_upper_bound__vit-b__in_rover__seed1414__gpu_full__3e6df100__git3bd8b1e0__code6e952f10__20260724T172450269924Z,msl_ncam_nlb_528893540edr_f0581248ncam00654m1,test_msl,ALL,pixel_acc,,0,0,0
sam__region_oracle_upper_bound__vit-b__in_rover__seed1414__gpu_full__3e6df100__git3bd8b1e0__code6e952f10__20260724T172450269924Z,msl_ncam_nlb_528893540edr_f0581248ncam00654m1,test_msl,ALL,boundary_f1,,0,0,0
sam__region_oracle_upper_bound__vit-b__in_rover__seed1414__gpu_full__3e6df100__git3bd8b1e0__code6e952f10__20260724T172450269924Z,msl_ncam_nlb_528893599edr_f0581248ncam00654m1,test_msl,soil,iou,0.41176910983005166,27500,66785,81400
sam__region_oracle_upper_bound__vit-b__in_rover__seed1414__gpu_full__3e6df100__git3bd8b1e0__code6e952f10__20260724T172450269924Z,msl_ncam_nlb_528893599edr_f0581248ncam00654m1,test_msl,bedrock,iou,0.2711502782931354,14615,53900,81400
sam__region_oracle_upper_bound__vit-b__in_rover__seed1414__gpu_full__3e6df100__git3bd8b1e0__code6e952f10__20260724T172450269924Z,msl_ncam_nlb_528893599edr_f0581248ncam00654m1,test_msl,sand,iou,,0,0,81400
sam__region_oracle_upper_bound__vit-b__in_rover__seed1414__gpu_full__3e6df100__git3bd8b1e0__code6e952f10__20260724T172450269924Z,msl_ncam_nlb_528893599edr_f0581248ncam00654m1,test_msl,big_rock,iou,,0,0,81400
sam__region_oracle_upper_bound__vit-b__in_rover__seed1414__gpu_full__3e6df100__git3bd8b1e0__code6e952f10__20260724T172450269924Z,msl_ncam_nlb_528893599edr_f0581248ncam00654m1,test_msl,ALL,pixel_acc,0.5173832923832924,0,0,81400
sam__region_oracle_upper_bound__vit-b__in_rover__seed1414__gpu_full__3e6df100__git3bd8b1e0__code6e952f10__20260724T172450269924Z,msl_ncam_nlb_528893599edr_f0581248ncam00654m1,test_msl,ALL,boundary_f1,0.648305805216224,0,0,81400
sam__region_oracle_upper_bound__vit-b__in_rover__seed1414__gpu_full__3e6df100__git3bd8b1e0__code6e952f10__20260724T172450269924Z,msl_ncam_nlb_537932733edr_f0600888ncam00320m1,test_msl,soil,iou,0.0,0,59503,71764
sam__region_oracle_upper_bound__vit-b__in_rover__seed1414__gpu_full__3e6df100__git3bd8b1e0__code6e952f10__20260724T172450269924Z,msl_ncam_nlb_537932733edr_f0600888ncam00320m1,test_msl,bedrock,iou,1.0,7004,7004,71764
sam__region_oracle_upper_bound__vit-b__in_rover__seed1414__gpu_full__3e6df100__git3bd8b1e0__code6e952f10__20260724T172450269924Z,msl_ncam_nlb_537932733edr_f0600888ncam00320m1,test_msl,sand,iou,0.08117665225447808,5257,64760,71764
sam__region_oracle_upper_bound__vit-b__in_rover__seed1414__gpu_full__3e6df100__git3bd8b1e0__code6e952f10__20260724T172450269924Z,msl_ncam_nlb_537932733edr_f0600888ncam00320m1,test_msl,big_rock,iou,,0,0,71764
sam__region_oracle_upper_bound__vit-b__in_rover__seed1414__gpu_full__3e6df100__git3bd8b1e0__code6e952f10__20260724T172450269924Z,msl_ncam_nlb_537932733edr_f0600888ncam00320m1,test_msl,ALL,pixel_acc,0.17085168050833288,0,0,71764
sam__region_oracle_upper_bound__vit-b__in_rover__seed1414__gpu_full__3e6df100__git3bd8b1e0__code6e952f10__20260724T172450269924Z,msl_ncam_nlb_537932733edr_f0600888ncam00320m1,test_msl,ALL,boundary_f1,0.3953666395811921,0,0,71764
sam__region_oracle_upper_bound__vit-b__in_rover__seed1414__gpu_full__3e6df100__git3bd8b1e0__code6e952f10__20260724T172450269924Z,msl_ncam_nlb_537938493edr_f0601266ncam00653m1,test_msl,soil,iou,0.0,0,85898,106876
sam__region_oracle_upper_bound__vit-b__in_rover__seed1414__gpu_full__3e6df100__git3bd8b1e0__code6e952f10__20260724T172450269924Z,msl_ncam_nlb_537938493edr_f0601266ncam00653m1,test_msl,bedrock,iou,0.6255406735674015,20970,33523,106876
sam__region_oracle_upper_bound__vit-b__in_rover__seed1414__gpu_full__3e6df100__git3bd8b1e0__code6e952f10__20260724T172450269924Z,msl_ncam_nlb_537938493edr_f0601266ncam00653m1,test_msl,sand,iou,0.00010906166073643886,8,73353,106876
sam__region_oracle_upper_bound__vit-b__in_rover__seed1414__gpu_full__3e6df100__git3bd8b1e0__code6e952f10__20260724T172450269924Z,msl_ncam_nlb_537938493edr_f0601266ncam00653m1,test_msl,big_rock,iou,,0,0,106876
sam__region_oracle_upper_bound__vit-b__in_rover__seed1414__gpu_full__3e6df100__git3bd8b1e0__code6e952f10__20260724T172450269924Z,msl_ncam_nlb_537938493edr_f0601266ncam00653m1,test_msl,ALL,pixel_acc,0.1962835435457914,0,0,106876
sam__region_oracle_upper_bound__vit-b__in_rover__seed1414__gpu_full__3e6df100__git3bd8b1e0__code6e952f10__20260724T172450269924Z,msl_ncam_nlb_537938493edr_f0601266ncam00653m1,test_msl,ALL,boundary_f1,0.265688793204418,0,0,106876
sam__region_oracle_upper_bound__vit-b__in_rover__seed1414__gpu_full__3e6df100__git3bd8b1e0__code6e952f10__20260724T172450269924Z,msl_ncam_nlb_537938609edr_f0601266ncam07753m1,test_msl,soil,iou,0.0,0,26028,30134
sam__region_oracle_upper_bound__vit-b__in_rover__seed1414__gpu_full__3e6df100__git3bd8b1e0__code6e952f10__20260724T172450269924Z,msl_ncam_nlb_537938609edr_f0601266ncam07753m1,test_msl,bedrock,iou,0.9995131450827653,4106,4108,30134
sam__region_oracle_upper_bound__vit-b__in_rover__seed1414__gpu_full__3e6df100__git3bd8b1e0__code6e952f10__20260724T172450269924Z,msl_ncam_nlb_537938609edr_f0601266ncam07753m1,test_msl,sand,iou,0.0,0,26026,30134
sam__region_oracle_upper_bound__vit-b__in_rover__seed1414__gpu_full__3e6df100__git3bd8b1e0__code6e952f10__20260724T172450269924Z,msl_ncam_nlb_537938609edr_f0601266ncam07753m1,test_msl,big_rock,iou,,0,0,30134
sam__region_oracle_upper_bound__vit-b__in_rover__seed1414__gpu_full__3e6df100__git3bd8b1e0__code6e952f10__20260724T172450269924Z,msl_ncam_nlb_537938609edr_f0601266ncam07753m1,test_msl,ALL,pixel_acc,0.1362580473883321,0,0,30134
sam__region_oracle_upper_bound__vit-b__in_rover__seed1414__gpu_full__3e6df100__git3bd8b1e0__code6e952f10__20260724T172450269924Z,msl_ncam_nlb_537938609edr_f0601266ncam07753m1,test_msl,ALL,boundary_f1,0.3333333333333333,0,0,30134
sam__region_oracle_upper_bound__vit-b__in_rover__seed1414__gpu_full__3e6df100__git3bd8b1e0__code6e952f10__20260724T172450269924Z,msl_ncam_nlb_541040424edr_f0610954ncam00305m1,test_msl,soil,iou,0.0,0,33233,93717
sam__region_oracle_upper_bound__vit-b__in_rover__seed1414__gpu_full__3e6df100__git3bd8b1e0__code6e952f10__20260724T172450269924Z,msl_ncam_nlb_541040424edr_f0610954ncam00305m1,test_msl,bedrock,iou,0.9936072728589797,54866,55219,93717
sam__region_oracle_upper_bound__vit-b__in_rover__seed1414__gpu_full__3e6df100__git3bd8b1e0__code6e952f10__20260724T172450269924Z,msl_ncam_nlb_541040424edr_f0610954ncam00305m1,test_msl,sand,iou,0.14592965868356797,5618,38498,93717
sam__region_oracle_upper_bound__vit-b__in_rover__seed1414__gpu_full__3e6df100__git3bd8b1e0__code6e952f10__20260724T172450269924Z,msl_ncam_nlb_541040424edr_f0610954ncam00305m1,test_msl,big_rock,iou,,0,0,93717
sam__region_oracle_upper_bound__vit-b__in_rover__seed1414__gpu_full__3e6df100__git3bd8b1e0__code6e952f10__20260724T172450269924Z,msl_ncam_nlb_541040424edr_f0610954ncam00305m1,test_msl,ALL,pixel_acc,0.6453898438917165,0,0,93717
sam__region_oracle_upper_bound__vit-b__in_rover__seed1414__gpu_full__3e6df100__git3bd8b1e0__code6e952f10__20260724T172450269924Z,msl_ncam_nlb_541040424edr_f0610954ncam00305m1,test_msl,ALL,boundary_f1,0.46675733850825213,0,0,93717
sam__region_oracle_upper_bound__vit-b__in_rover__seed1414__gpu_full__3e6df100__git3bd8b1e0__code6e952f10__20260724T172450269924Z,msl_ncam_nlb_541042107edr_f0611086ncam00385m1,test_msl,soil,iou,0.0,0,164373,164400
sam__region_oracle_upper_bound__vit-b__in_rover__seed1414__gpu_full__3e6df100__git3bd8b1e0__code6e952f10__20260724T172450269924Z,msl_ncam_nlb_541042107edr_f0611086ncam00385m1,test_msl,bedrock,iou,,0,0,164400
sam__region_oracle_upper_bound__vit-b__in_rover__seed1414__gpu_full__3e6df100__git3bd8b1e0__code6e952f10__20260724T172450269924Z,msl_ncam_nlb_541042107edr_f0611086ncam00385m1,test_msl,sand,iou,0.00016423357664233575,27,164400,164400
sam__region_oracle_upper_bound__vit-b__in_rover__seed1414__gpu_full__3e6df100__git3bd8b1e0__code6e952f10__20260724T172450269924Z,msl_ncam_nlb_541042107edr_f0611086ncam00385m1,test_msl,big_rock,iou,,0,0,164400
sam__region_oracle_upper_bound__vit-b__in_rover__seed1414__gpu_full__3e6df100__git3bd8b1e0__code6e952f10__20260724T172450269924Z,msl_ncam_nlb_541042107edr_f0611086ncam00385m1,test_msl,ALL,pixel_acc,0.00016423357664233575,0,0,164400
sam__region_oracle_upper_bound__vit-b__in_rover__seed1414__gpu_full__3e6df100__git3bd8b1e0__code6e952f10__20260724T172450269924Z,msl_ncam_nlb_541042107edr_f0611086ncam00385m1,test_msl,ALL,boundary_f1,0.0,0,0,164400
sam__region_oracle_upper_bound__vit-b__in_rover__seed1414__gpu_full__3e6df100__git3bd8b1e0__code6e952f10__20260724T172450269924Z,msl_ncam_nlb_541043499edr_f0611140ncam00346m1,test_msl,soil,iou,0.0,0,3591,119351
sam__region_oracle_upper_bound__vit-b__in_rover__seed1414__gpu_full__3e6df100__git3bd8b1e0__code6e952f10__20260724T172450269924Z,msl_ncam_nlb_541043499edr_f0611140ncam00346m1,test_msl,bedrock,iou,,0,0,119351
sam__region_oracle_upper_bound__vit-b__in_rover__seed1414__gpu_full__3e6df100__git3bd8b1e0__code6e952f10__20260724T172450269924Z,msl_ncam_nlb_541043499edr_f0611140ncam00346m1,test_msl,sand,iou,0.9699122755569706,115760,119351,119351
sam__region_oracle_upper_bound__vit-b__in_rover__seed1414__gpu_full__3e6df100__git3bd8b1e0__code6e952f10__20260724T172450269924Z,msl_ncam_nlb_541043499edr_f0611140ncam00346m1,test_msl,big_rock,iou,,0,0,119351
sam__region_oracle_upper_bound__vit-b__in_rover__seed1414__gpu_full__3e6df100__git3bd8b1e0__code6e952f10__20260724T172450269924Z,msl_ncam_nlb_541043499edr_f0611140ncam00346m1,test_msl,ALL,pixel_acc,0.9699122755569706,0,0,119351
sam__region_oracle_upper_bound__vit-b__in_rover__seed1414__gpu_full__3e6df100__git3bd8b1e0__code6e952f10__20260724T172450269924Z,msl_ncam_nlb_541043499edr_f0611140ncam00346m1,test_msl,ALL,boundary_f1,0.455050670153645,0,0,119351
sam__region_oracle_upper_bound__vit-b__in_rover__seed1414__gpu_full__3e6df100__git3bd8b1e0__code6e952f10__20260724T172450269924Z,msl_ncam_nlb_541043637edr_f0611140ncam00653m1,test_msl,soil,iou,0.0,0,111224,147407
sam__region_oracle_upper_bound__vit-b__in_rover__seed1414__gpu_full__3e6df100__git3bd8b1e0__code6e952f10__20260724T172450269924Z,msl_ncam_nlb_541043637edr_f0611140ncam00653m1,test_msl,bedrock,iou,0.9416026058631922,36134,38375,147407
sam__region_oracle_upper_bound__vit-b__in_rover__seed1414__gpu_full__3e6df100__git3bd8b1e0__code6e952f10__20260724T172450269924Z,msl_ncam_nlb_541043637edr_f0611140ncam00653m1,test_msl,sand,iou,0.00044940934771443245,49,109032,147407
sam__region_oracle_upper_bound__vit-b__in_rover__seed1414__gpu_full__3e6df100__git3bd8b1e0__code6e952f10__20260724T172450269924Z,msl_ncam_nlb_541043637edr_f0611140ncam00653m1,test_msl,big_rock,iou,,0,0,147407
sam__region_oracle_upper_bound__vit-b__in_rover__seed1414__gpu_full__3e6df100__git3bd8b1e0__code6e952f10__20260724T172450269924Z,msl_ncam_nlb_541043637edr_f0611140ncam00653m1,test_msl,ALL,pixel_acc,0.2454632412300637,0,0,147407
sam__region_oracle_upper_bound__vit-b__in_rover__seed1414__gpu_full__3e6df100__git3bd8b1e0__code6e952f10__20260724T172450269924Z,msl_ncam_nlb_541043637edr_f0611140ncam00653m1,test_msl,ALL,boundary_f1,0.3243482909018031,0,0,147407
sam__region_oracle_upper_bound__vit-b__in_rover__seed1414__gpu_full__3e6df100__git3bd8b1e0__code6e952f10__20260724T172450269924Z,msl_ncam_nlb_541049254edr_f0611140ncam12753m1,test_msl,soil,iou,,0,0,12239
sam__region_oracle_upper_bound__vit-b__in_rover__seed1414__gpu_full__3e6df100__git3bd8b1e0__code6e952f10__20260724T172450269924Z,msl_ncam_nlb_541049254edr_f0611140ncam12753m1,test_msl,bedrock,iou,0.24530386740331492,222,905,12239
sam__region_oracle_upper_bound__vit-b__in_rover__seed1414__gpu_full__3e6df100__git3bd8b1e0__code6e952f10__20260724T172450269924Z,msl_ncam_nlb_541049254edr_f0611140ncam12753m1,test_msl,sand,iou,0.9431638512107847,11334,12017,12239
sam__region_oracle_upper_bound__vit-b__in_rover__seed1414__gpu_full__3e6df100__git3bd8b1e0__code6e952f10__20260724T172450269924Z,msl_ncam_nlb_541049254edr_f0611140ncam12753m1,test_msl,big_rock,iou,,0,0,12239
sam__region_oracle_upper_bound__vit-b__in_rover__seed1414__gpu_full__3e6df100__git3bd8b1e0__code6e952f10__20260724T172450269924Z,msl_ncam_nlb_541049254edr_f0611140ncam12753m1,test_msl,ALL,pixel_acc,0.9441947871558134,0,0,12239
sam__region_oracle_upper_bound__vit-b__in_rover__seed1414__gpu_full__3e6df100__git3bd8b1e0__code6e952f10__20260724T172450269924Z,msl_ncam_nlb_541049254edr_f0611140ncam12753m1,test_msl,ALL,boundary_f1,0.6793077082738299,0,0,12239
sam__region_oracle_upper_bound__vit-b__in_rover__seed1414__gpu_full__3e6df100__git3bd8b1e0__code6e952f10__20260724T172450269924Z,msl_ncam_nlb_541049316edr_f0611140ncam12753m1,test_msl,soil,iou,,0,0,134046
sam__region_oracle_upper_bound__vit-b__in_rover__seed1414__gpu_full__3e6df100__git3bd8b1e0__code6e952f10__20260724T172450269924Z,msl_ncam_nlb_541049316edr_f0611140ncam12753m1,test_msl,bedrock,iou,,0,0,134046
sam__region_oracle_upper_bound__vit-b__in_rover__seed1414__gpu_full__3e6df100__git3bd8b1e0__code6e952f10__20260724T172450269924Z,msl_ncam_nlb_541049316edr_f0611140ncam12753m1,test_msl,sand,iou,1.0,134046,134046,134046
sam__region_oracle_upper_bound__vit-b__in_rover__seed1414__gpu_full__3e6df100__git3bd8b1e0__code6e952f10__20260724T172450269924Z,msl_ncam_nlb_541049316edr_f0611140ncam12753m1,test_msl,big_rock,iou,,0,0,134046
sam__region_oracle_upper_bound__vit-b__in_rover__seed1414__gpu_full__3e6df100__git3bd8b1e0__code6e952f10__20260724T172450269924Z,msl_ncam_nlb_541049316edr_f0611140ncam12753m1,test_msl,ALL,pixel_acc,1.0,0,0,134046
sam__region_oracle_upper_bound__vit-b__in_rover__seed1414__gpu_full__3e6df100__git3bd8b1e0__code6e952f10__20260724T172450269924Z,msl_ncam_nlb_541049316edr_f0611140ncam12753m1,test_msl,ALL,boundary_f1,1.0,0,0,134046
sam__region_oracle_upper_bound__vit-b__in_rover__seed1414__gpu_full__3e6df100__git3bd8b1e0__code6e952f10__20260724T172450269924Z,msl_ncam_nlb_542730497edr_f0612232ncam00282m1,test_msl,soil,iou,,0,0,112532
sam__region_oracle_upper_bound__vit-b__in_rover__seed1414__gpu_full__3e6df100__git3bd8b1e0__code6e952f10__20260724T172450269924Z,msl_ncam_nlb_542730497edr_f0612232ncam00282m1,test_msl,bedrock,iou,,0,0,112532
sam__region_oracle_upper_bound__vit-b__in_rover__seed1414__gpu_full__3e6df100__git3bd8b1e0__code6e952f10__20260724T172450269924Z,msl_ncam_nlb_542730497edr_f0612232ncam00282m1,test_msl,sand,iou,1.0,112532,112532,112532
sam__region_oracle_upper_bound__vit-b__in_rover__seed1414__gpu_full__3e6df100__git3bd8b1e0__code6e952f10__20260724T172450269924Z,msl_ncam_nlb_542730497edr_f0612232ncam00282m1,test_msl,big_rock,iou,,0,0,112532
sam__region_oracle_upper_bound__vit-b__in_rover__seed1414__gpu_full__3e6df100__git3bd8b1e0__code6e952f10__20260724T172450269924Z,msl_ncam_nlb_542730497edr_f0612232ncam00282m1,test_msl,ALL,pixel_acc,1.0,0,0,112532
sam__region_oracle_upper_bound__vit-b__in_rover__seed1414__gpu_full__3e6df100__git3bd8b1e0__code6e952f10__20260724T172450269924Z,msl_ncam_nlb_542730497edr_f0612232ncam00282m1,test_msl,ALL,boundary_f1,1.0,0,0,112532
sam__region_oracle_upper_bound__vit-b__in_rover__seed1414__gpu_full__3e6df100__git3bd8b1e0__code6e952f10__20260724T172450269924Z,msl_ncam_nlb_542730580edr_f0612232ncam00282m1,test_msl,soil,iou,,0,0,0
sam__region_oracle_upper_bound__vit-b__in_rover__seed1414__gpu_full__3e6df100__git3bd8b1e0__code6e952f10__20260724T172450269924Z,msl_ncam_nlb_542730580edr_f0612232ncam00282m1,test_msl,bedrock,iou,,0,0,0
sam__region_oracle_upper_bound__vit-b__in_rover__seed1414__gpu_full__3e6df100__git3bd8b1e0__code6e952f10__20260724T172450269924Z,msl_ncam_nlb_542730580edr_f0612232ncam00282m1,test_msl,sand,iou,,0,0,0
sam__region_oracle_upper_bound__vit-b__in_rover__seed1414__gpu_full__3e6df100__git3bd8b1e0__code6e952f10__20260724T172450269924Z,msl_ncam_nlb_542730580edr_f0612232ncam00282m1,test_msl,big_rock,iou,,0,0,0
sam__region_oracle_upper_bound__vit-b__in_rover__seed1414__gpu_full__3e6df100__git3bd8b1e0__code6e952f10__20260724T172450269924Z,msl_ncam_nlb_542730580edr_f0612232ncam00282m1,test_msl,ALL,pixel_acc,,0,0,0
sam__region_oracle_upper_bound__vit-b__in_rover__seed1414__gpu_full__3e6df100__git3bd8b1e0__code6e952f10__20260724T172450269924Z,msl_ncam_nlb_542730580edr_f0612232ncam00282m1,test_msl,ALL,boundary_f1,,0,0,0
sam__region_oracle_upper_bound__vit-b__in_rover__seed1414__gpu_full__3e6df100__git3bd8b1e0__code6e952f10__20260724T172450269924Z,msl_ncam_nlb_542733799edr_f0612232ncam00353m1,test_msl,soil,iou,0.0,0,126776,135437
sam__region_oracle_upper_bound__vit-b__in_rover__seed1414__gpu_full__3e6df100__git3bd8b1e0__code6e952f10__20260724T172450269924Z,msl_ncam_nlb_542733799edr_f0612232ncam00353m1,test_msl,bedrock,iou,0.9924283396430503,3670,3698,135437
sam__region_oracle_upper_bound__vit-b__in_rover__seed1414__gpu_full__3e6df100__git3bd8b1e0__code6e952f10__20260724T172450269924Z,msl_ncam_nlb_542733799edr_f0612232ncam00353m1,test_msl,sand,iou,0.037885516058266726,4991,131739,135437
sam__region_oracle_upper_bound__vit-b__in_rover__seed1414__gpu_full__3e6df100__git3bd8b1e0__code6e952f10__20260724T172450269924Z,msl_ncam_nlb_542733799edr_f0612232ncam00353m1,test_msl,big_rock,iou,,0,0,135437
sam__region_oracle_upper_bound__vit-b__in_rover__seed1414__gpu_full__3e6df100__git3bd8b1e0__code6e952f10__20260724T172450269924Z,msl_ncam_nlb_542733799edr_f0612232ncam00353m1,test_msl,ALL,pixel_acc,0.06394855172515634,0,0,135437
sam__region_oracle_upper_bound__vit-b__in_rover__seed1414__gpu_full__3e6df100__git3bd8b1e0__code6e952f10__20260724T172450269924Z,msl_ncam_nlb_542733799edr_f0612232ncam00353m1,test_msl,ALL,boundary_f1,0.37785683072151305,0,0,135437
sam__region_oracle_upper_bound__vit-b__in_rover__seed1414__gpu_full__3e6df100__git3bd8b1e0__code6e952f10__20260724T172450269924Z,msl_ncam_nlb_542734078edr_f0612232ncam00654m1,test_msl,soil,iou,0.0,0,143347,143364
sam__region_oracle_upper_bound__vit-b__in_rover__seed1414__gpu_full__3e6df100__git3bd8b1e0__code6e952f10__20260724T172450269924Z,msl_ncam_nlb_542734078edr_f0612232ncam00654m1,test_msl,bedrock,iou,,0,0,143364
sam__region_oracle_upper_bound__vit-b__in_rover__seed1414__gpu_full__3e6df100__git3bd8b1e0__code6e952f10__20260724T172450269924Z,msl_ncam_nlb_542734078edr_f0612232ncam00654m1,test_msl,sand,iou,0.0001185792807120337,17,143364,143364
sam__region_oracle_upper_bound__vit-b__in_rover__seed1414__gpu_full__3e6df100__git3bd8b1e0__code6e952f10__20260724T172450269924Z,msl_ncam_nlb_542734078edr_f0612232ncam00654m1,test_msl,big_rock,iou,,0,0,143364
sam__region_oracle_upper_bound__vit-b__in_rover__seed1414__gpu_full__3e6df100__git3bd8b1e0__code6e952f10__20260724T172450269924Z,msl_ncam_nlb_542734078edr_f0612232ncam00654m1,test_msl,ALL,pixel_acc,0.0001185792807120337,0,0,143364
sam__region_oracle_upper_bound__vit-b__in_rover__seed1414__gpu_full__3e6df100__git3bd8b1e0__code6e952f10__20260724T172450269924Z,msl_ncam_nlb_542734078edr_f0612232ncam00654m1,test_msl,ALL,boundary_f1,0.0,0,0,143364
sam__region_oracle_upper_bound__vit-b__in_rover__seed1414__gpu_full__3e6df100__git3bd8b1e0__code6e952f10__20260724T172450269924Z,msl_ncam_nlb_542734110edr_f0612232ncam00654m1,test_msl,soil,iou,0.0,0,42,209285
sam__region_oracle_upper_bound__vit-b__in_rover__seed1414__gpu_full__3e6df100__git3bd8b1e0__code6e952f10__20260724T172450269924Z,msl_ncam_nlb_542734110edr_f0612232ncam00654m1,test_msl,bedrock,iou,,0,0,209285
sam__region_oracle_upper_bound__vit-b__in_rover__seed1414__gpu_full__3e6df100__git3bd8b1e0__code6e952f10__20260724T172450269924Z,msl_ncam_nlb_542734110edr_f0612232ncam00654m1,test_msl,sand,iou,0.9997993167212175,209243,209285,209285
sam__region_oracle_upper_bound__vit-b__in_rover__seed1414__gpu_full__3e6df100__git3bd8b1e0__code6e952f10__20260724T172450269924Z,msl_ncam_nlb_542734110edr_f0612232ncam00654m1,test_msl,big_rock,iou,,0,0,209285
sam__region_oracle_upper_bound__vit-b__in_rover__seed1414__gpu_full__3e6df100__git3bd8b1e0__code6e952f10__20260724T172450269924Z,msl_ncam_nlb_542734110edr_f0612232ncam00654m1,test_msl,ALL,pixel_acc,0.9997993167212175,0,0,209285
sam__region_oracle_upper_bound__vit-b__in_rover__seed1414__gpu_full__3e6df100__git3bd8b1e0__code6e952f10__20260724T172450269924Z,msl_ncam_nlb_542734110edr_f0612232ncam00654m1,test_msl,ALL,boundary_f1,0.495929868503444,0,0,209285
sam__region_oracle_upper_bound__vit-b__in_rover__seed1414__gpu_full__3e6df100__git3bd8b1e0__code6e952f10__20260724T172450269924Z,msl_ncam_nlb_542734199edr_f0612232ncam00654m1,test_msl,soil,iou,0.0,0,29,176176
sam__region_oracle_upper_bound__vit-b__in_rover__seed1414__gpu_full__3e6df100__git3bd8b1e0__code6e952f10__20260724T172450269924Z,msl_ncam_nlb_542734199edr_f0612232ncam00654m1,test_msl,bedrock,iou,,0,0,176176
sam__region_oracle_upper_bound__vit-b__in_rover__seed1414__gpu_full__3e6df100__git3bd8b1e0__code6e952f10__20260724T172450269924Z,msl_ncam_nlb_542734199edr_f0612232ncam00654m1,test_msl,sand,iou,0.9998353918808465,176147,176176,176176
sam__region_oracle_upper_bound__vit-b__in_rover__seed1414__gpu_full__3e6df100__git3bd8b1e0__code6e952f10__20260724T172450269924Z,msl_ncam_nlb_542734199edr_f0612232ncam00654m1,test_msl,big_rock,iou,,0,0,176176
sam__region_oracle_upper_bound__vit-b__in_rover__seed1414__gpu_full__3e6df100__git3bd8b1e0__code6e952f10__20260724T172450269924Z,msl_ncam_nlb_542734199edr_f0612232ncam00654m1,test_msl,ALL,pixel_acc,0.9998353918808465,0,0,176176
sam__region_oracle_upper_bound__vit-b__in_rover__seed1414__gpu_full__3e6df100__git3bd8b1e0__code6e952f10__20260724T172450269924Z,msl_ncam_nlb_542734199edr_f0612232ncam00654m1,test_msl,ALL,boundary_f1,0.4990077724491483,0,0,176176
sam__region_oracle_upper_bound__vit-b__in_rover__seed1414__gpu_full__3e6df100__git3bd8b1e0__code6e952f10__20260724T172450269924Z,msl_ncam_nlb_542734240edr_f0612232ncam00283m1,test_msl,soil,iou,0.0,0,97170,97181
sam__region_oracle_upper_bound__vit-b__in_rover__seed1414__gpu_full__3e6df100__git3bd8b1e0__code6e952f10__20260724T172450269924Z,msl_ncam_nlb_542734240edr_f0612232ncam00283m1,test_msl,bedrock,iou,,0,0,97181
sam__region_oracle_upper_bound__vit-b__in_rover__seed1414__gpu_full__3e6df100__git3bd8b1e0__code6e952f10__20260724T172450269924Z,msl_ncam_nlb_542734240edr_f0612232ncam00283m1,test_msl,sand,iou,0.00011319085006328397,11,97181,97181
sam__region_oracle_upper_bound__vit-b__in_rover__seed1414__gpu_full__3e6df100__git3bd8b1e0__code6e952f10__20260724T172450269924Z,msl_ncam_nlb_542734240edr_f0612232ncam00283m1,test_msl,big_rock,iou,,0,0,97181
sam__region_oracle_upper_bound__vit-b__in_rover__seed1414__gpu_full__3e6df100__git3bd8b1e0__code6e952f10__20260724T172450269924Z,msl_ncam_nlb_542734240edr_f0612232ncam00283m1,test_msl,ALL,pixel_acc,0.00011319085006328397,0,0,97181
sam__region_oracle_upper_bound__vit-b__in_rover__seed1414__gpu_full__3e6df100__git3bd8b1e0__code6e952f10__20260724T172450269924Z,msl_ncam_nlb_542734240edr_f0612232ncam00283m1,test_msl,ALL,boundary_f1,0.00239442751414889,0,0,97181
sam__region_oracle_upper_bound__vit-b__in_rover__seed1414__gpu_full__3e6df100__git3bd8b1e0__code6e952f10__20260724T172450269924Z,msl_ncam_nlb_542734362edr_f0612232ncam00283m1,test_msl,soil,iou,0.0,0,144456,145077
sam__region_oracle_upper_bound__vit-b__in_rover__seed1414__gpu_full__3e6df100__git3bd8b1e0__code6e952f10__20260724T172450269924Z,msl_ncam_nlb_542734362edr_f0612232ncam00283m1,test_msl,bedrock,iou,,0,0,145077
sam__region_oracle_upper_bound__vit-b__in_rover__seed1414__gpu_full__3e6df100__git3bd8b1e0__code6e952f10__20260724T172450269924Z,msl_ncam_nlb_542734362edr_f0612232ncam00283m1,test_msl,sand,iou,0.0042804855352674785,621,145077,145077
sam__region_oracle_upper_bound__vit-b__in_rover__seed1414__gpu_full__3e6df100__git3bd8b1e0__code6e952f10__20260724T172450269924Z,msl_ncam_nlb_542734362edr_f0612232ncam00283m1,test_msl,big_rock,iou,,0,0,145077
sam__region_oracle_upper_bound__vit-b__in_rover__seed1414__gpu_full__3e6df100__git3bd8b1e0__code6e952f10__20260724T172450269924Z,msl_ncam_nlb_542734362edr_f0612232ncam00283m1,test_msl,ALL,pixel_acc,0.0042804855352674785,0,0,145077
sam__region_oracle_upper_bound__vit-b__in_rover__seed1414__gpu_full__3e6df100__git3bd8b1e0__code6e952f10__20260724T172450269924Z,msl_ncam_nlb_542734362edr_f0612232ncam00283m1,test_msl,ALL,boundary_f1,0.004145107758308332,0,0,145077
sam__region_oracle_upper_bound__vit-b__in_rover__seed1414__gpu_full__3e6df100__git3bd8b1e0__code6e952f10__20260724T172450269924Z,msl_ncam_nlb_542738036edr_f0612232ccam15903m1,test_msl,soil,iou,0.0,0,179443,189972
sam__region_oracle_upper_bound__vit-b__in_rover__seed1414__gpu_full__3e6df100__git3bd8b1e0__code6e952f10__20260724T172450269924Z,msl_ncam_nlb_542738036edr_f0612232ccam15903m1,test_msl,bedrock,iou,,0,0,189972
sam__region_oracle_upper_bound__vit-b__in_rover__seed1414__gpu_full__3e6df100__git3bd8b1e0__code6e952f10__20260724T172450269924Z,msl_ncam_nlb_542738036edr_f0612232ccam15903m1,test_msl,sand,iou,0.05542395721474744,10529,189972,189972
sam__region_oracle_upper_bound__vit-b__in_rover__seed1414__gpu_full__3e6df100__git3bd8b1e0__code6e952f10__20260724T172450269924Z,msl_ncam_nlb_542738036edr_f0612232ccam15903m1,test_msl,big_rock,iou,,0,0,189972
sam__region_oracle_upper_bound__vit-b__in_rover__seed1414__gpu_full__3e6df100__git3bd8b1e0__code6e952f10__20260724T172450269924Z,msl_ncam_nlb_542738036edr_f0612232ccam15903m1,test_msl,ALL,pixel_acc,0.05542395721474744,0,0,189972
sam__region_oracle_upper_bound__vit-b__in_rover__seed1414__gpu_full__3e6df100__git3bd8b1e0__code6e952f10__20260724T172450269924Z,msl_ncam_nlb_542738036edr_f0612232ccam15903m1,test_msl,ALL,boundary_f1,0.05483281067595278,0,0,189972
sam__region_oracle_upper_bound__vit-b__in_rover__seed1414__gpu_full__3e6df100__git3bd8b1e0__code6e952f10__20260724T172450269924Z,msl_ncam_nlb_543351716edr_f0613076ncam00286m1,test_msl,soil,iou,,0,0,0
sam__region_oracle_upper_bound__vit-b__in_rover__seed1414__gpu_full__3e6df100__git3bd8b1e0__code6e952f10__20260724T172450269924Z,msl_ncam_nlb_543351716edr_f0613076ncam00286m1,test_msl,bedrock,iou,,0,0,0
sam__region_oracle_upper_bound__vit-b__in_rover__seed1414__gpu_full__3e6df100__git3bd8b1e0__code6e952f10__20260724T172450269924Z,msl_ncam_nlb_543351716edr_f0613076ncam00286m1,test_msl,sand,iou,,0,0,0
sam__region_oracle_upper_bound__vit-b__in_rover__seed1414__gpu_full__3e6df100__git3bd8b1e0__code6e952f10__20260724T172450269924Z,msl_ncam_nlb_543351716edr_f0613076ncam00286m1,test_msl,big_rock,iou,,0,0,0
sam__region_oracle_upper_bound__vit-b__in_rover__seed1414__gpu_full__3e6df100__git3bd8b1e0__code6e952f10__20260724T172450269924Z,msl_ncam_nlb_543351716edr_f0613076ncam00286m1,test_msl,ALL,pixel_acc,,0,0,0
sam__region_oracle_upper_bound__vit-b__in_rover__seed1414__gpu_full__3e6df100__git3bd8b1e0__code6e952f10__20260724T172450269924Z,msl_ncam_nlb_543351716edr_f0613076ncam00286m1,test_msl,ALL,boundary_f1,,0,0,0
sam__region_oracle_upper_bound__vit-b__in_rover__seed1414__gpu_full__3e6df100__git3bd8b1e0__code6e952f10__20260724T172450269924Z,msl_ncam_nlb_543357370edr_f0613076ncam00287m1,test_msl,soil,iou,0.0,0,139163,139163
sam__region_oracle_upper_bound__vit-b__in_rover__seed1414__gpu_full__3e6df100__git3bd8b1e0__code6e952f10__20260724T172450269924Z,msl_ncam_nlb_543357370edr_f0613076ncam00287m1,test_msl,bedrock,iou,,0,0,139163
sam__region_oracle_upper_bound__vit-b__in_rover__seed1414__gpu_full__3e6df100__git3bd8b1e0__code6e952f10__20260724T172450269924Z,msl_ncam_nlb_543357370edr_f0613076ncam00287m1,test_msl,sand,iou,0.0,0,139163,139163
sam__region_oracle_upper_bound__vit-b__in_rover__seed1414__gpu_full__3e6df100__git3bd8b1e0__code6e952f10__20260724T172450269924Z,msl_ncam_nlb_543357370edr_f0613076ncam00287m1,test_msl,big_rock,iou,,0,0,139163
sam__region_oracle_upper_bound__vit-b__in_rover__seed1414__gpu_full__3e6df100__git3bd8b1e0__code6e952f10__20260724T172450269924Z,msl_ncam_nlb_543357370edr_f0613076ncam00287m1,test_msl,ALL,pixel_acc,0.0,0,0,139163
sam__region_oracle_upper_bound__vit-b__in_rover__seed1414__gpu_full__3e6df100__git3bd8b1e0__code6e952f10__20260724T172450269924Z,msl_ncam_nlb_543357370edr_f0613076ncam00287m1,test_msl,ALL,boundary_f1,0.0,0,0,139163
sam__region_oracle_upper_bound__vit-b__in_rover__seed1414__gpu_full__3e6df100__git3bd8b1e0__code6e952f10__20260724T172450269924Z,msl_ncam_nlb_543357433edr_f0613076ncam00287m1,test_msl,soil,iou,,0,0,73935
sam__region_oracle_upper_bound__vit-b__in_rover__seed1414__gpu_full__3e6df100__git3bd8b1e0__code6e952f10__20260724T172450269924Z,msl_ncam_nlb_543357433edr_f0613076ncam00287m1,test_msl,bedrock,iou,,0,0,73935
sam__region_oracle_upper_bound__vit-b__in_rover__seed1414__gpu_full__3e6df100__git3bd8b1e0__code6e952f10__20260724T172450269924Z,msl_ncam_nlb_543357433edr_f0613076ncam00287m1,test_msl,sand,iou,1.0,73935,73935,73935
sam__region_oracle_upper_bound__vit-b__in_rover__seed1414__gpu_full__3e6df100__git3bd8b1e0__code6e952f10__20260724T172450269924Z,msl_ncam_nlb_543357433edr_f0613076ncam00287m1,test_msl,big_rock,iou,,0,0,73935
sam__region_oracle_upper_bound__vit-b__in_rover__seed1414__gpu_full__3e6df100__git3bd8b1e0__code6e952f10__20260724T172450269924Z,msl_ncam_nlb_543357433edr_f0613076ncam00287m1,test_msl,ALL,pixel_acc,1.0,0,0,73935
sam__region_oracle_upper_bound__vit-b__in_rover__seed1414__gpu_full__3e6df100__git3bd8b1e0__code6e952f10__20260724T172450269924Z,msl_ncam_nlb_543357433edr_f0613076ncam00287m1,test_msl,ALL,boundary_f1,1.0,0,0,73935
sam__region_oracle_upper_bound__vit-b__in_rover__seed1414__gpu_full__3e6df100__git3bd8b1e0__code6e952f10__20260724T172450269924Z,msl_ncam_nlb_543357548edr_f0613076ncam00287m1,test_msl,soil,iou,,0,0,0
sam__region_oracle_upper_bound__vit-b__in_rover__seed1414__gpu_full__3e6df100__git3bd8b1e0__code6e952f10__20260724T172450269924Z,msl_ncam_nlb_543357548edr_f0613076ncam00287m1,test_msl,bedrock,iou,,0,0,0
sam__region_oracle_upper_bound__vit-b__in_rover__seed1414__gpu_full__3e6df100__git3bd8b1e0__code6e952f10__20260724T172450269924Z,msl_ncam_nlb_543357548edr_f0613076ncam00287m1,test_msl,sand,iou,,0,0,0
sam__region_oracle_upper_bound__vit-b__in_rover__seed1414__gpu_full__3e6df100__git3bd8b1e0__code6e952f10__20260724T172450269924Z,msl_ncam_nlb_543357548edr_f0613076ncam00287m1,test_msl,big_rock,iou,,0,0,0
sam__region_oracle_upper_bound__vit-b__in_rover__seed1414__gpu_full__3e6df100__git3bd8b1e0__code6e952f10__20260724T172450269924Z,msl_ncam_nlb_543357548edr_f0613076ncam00287m1,test_msl,ALL,pixel_acc,,0,0,0
sam__region_oracle_upper_bound__vit-b__in_rover__seed1414__gpu_full__3e6df100__git3bd8b1e0__code6e952f10__20260724T172450269924Z,msl_ncam_nlb_543357548edr_f0613076ncam00287m1,test_msl,ALL,boundary_f1,,0,0,0
sam__region_oracle_upper_bound__vit-b__in_rover__seed1414__gpu_full__3e6df100__git3bd8b1e0__code6e952f10__20260724T172450269924Z,msl_ncam_nlb_548047620edr_f0630346ncam00320m1,test_msl,soil,iou,0.0,0,72802,96137
sam__region_oracle_upper_bound__vit-b__in_rover__seed1414__gpu_full__3e6df100__git3bd8b1e0__code6e952f10__20260724T172450269924Z,msl_ncam_nlb_548047620edr_f0630346ncam00320m1,test_msl,bedrock,iou,0.23848510906294282,19691,82567,96137
sam__region_oracle_upper_bound__vit-b__in_rover__seed1414__gpu_full__3e6df100__git3bd8b1e0__code6e952f10__20260724T172450269924Z,msl_ncam_nlb_548047620edr_f0630346ncam00320m1,test_msl,sand,iou,0.26853352984524687,3644,13570,96137
sam__region_oracle_upper_bound__vit-b__in_rover__seed1414__gpu_full__3e6df100__git3bd8b1e0__code6e952f10__20260724T172450269924Z,msl_ncam_nlb_548047620edr_f0630346ncam00320m1,test_msl,big_rock,iou,,0,0,96137
sam__region_oracle_upper_bound__vit-b__in_rover__seed1414__gpu_full__3e6df100__git3bd8b1e0__code6e952f10__20260724T172450269924Z,msl_ncam_nlb_548047620edr_f0630346ncam00320m1,test_msl,ALL,pixel_acc,0.2427265256873004,0,0,96137
sam__region_oracle_upper_bound__vit-b__in_rover__seed1414__gpu_full__3e6df100__git3bd8b1e0__code6e952f10__20260724T172450269924Z,msl_ncam_nlb_548047620edr_f0630346ncam00320m1,test_msl,ALL,boundary_f1,0.2780145499814279,0,0,96137
sam__region_oracle_upper_bound__vit-b__in_rover__seed1414__gpu_full__3e6df100__git3bd8b1e0__code6e952f10__20260724T172450269924Z,msl_ncam_nlb_548057490edr_f0630724ncam00385m1,test_msl,soil,iou,0.0,0,49532,65888
sam__region_oracle_upper_bound__vit-b__in_rover__seed1414__gpu_full__3e6df100__git3bd8b1e0__code6e952f10__20260724T172450269924Z,msl_ncam_nlb_548057490edr_f0630724ncam00385m1,test_msl,bedrock,iou,0.2721464226289517,16356,60100,65888
sam__region_oracle_upper_bound__vit-b__in_rover__seed1414__gpu_full__3e6df100__git3bd8b1e0__code6e952f10__20260724T172450269924Z,msl_ncam_nlb_548057490edr_f0630724ncam00385m1,test_msl,sand,iou,0.0,0,5788,65888
sam__region_oracle_upper_bound__vit-b__in_rover__seed1414__gpu_full__3e6df100__git3bd8b1e0__code6e952f10__20260724T172450269924Z,msl_ncam_nlb_548057490edr_f0630724ncam00385m1,test_msl,big_rock,iou,,0,0,65888
sam__region_oracle_upper_bound__vit-b__in_rover__seed1414__gpu_full__3e6df100__git3bd8b1e0__code6e952f10__20260724T172450269924Z,msl_ncam_nlb_548057490edr_f0630724ncam00385m1,test_msl,ALL,pixel_acc,0.2482394366197183,0,0,65888
sam__region_oracle_upper_bound__vit-b__in_rover__seed1414__gpu_full__3e6df100__git3bd8b1e0__code6e952f10__20260724T172450269924Z,msl_ncam_nlb_548057490edr_f0630724ncam00385m1,test_msl,ALL,boundary_f1,0.1586316071354517,0,0,65888
sam__region_oracle_upper_bound__vit-b__in_rover__seed1414__gpu_full__3e6df100__git3bd8b1e0__code6e952f10__20260724T172450269924Z,msl_ncam_nlb_548058260edr_f0630766ncam00375m1,test_msl,soil,iou,0.0,0,34584,41868
sam__region_oracle_upper_bound__vit-b__in_rover__seed1414__gpu_full__3e6df100__git3bd8b1e0__code6e952f10__20260724T172450269924Z,msl_ncam_nlb_548058260edr_f0630766ncam00375m1,test_msl,bedrock,iou,0.26813914964108226,7284,27165,41868
sam__region_oracle_upper_bound__vit-b__in_rover__seed1414__gpu_full__3e6df100__git3bd8b1e0__code6e952f10__20260724T172450269924Z,msl_ncam_nlb_548058260edr_f0630766ncam00375m1,test_msl,sand,iou,0.0,0,14703,41868
sam__region_oracle_upper_bound__vit-b__in_rover__seed1414__gpu_full__3e6df100__git3bd8b1e0__code6e952f10__20260724T172450269924Z,msl_ncam_nlb_548058260edr_f0630766ncam00375m1,test_msl,big_rock,iou,,0,0,41868
sam__region_oracle_upper_bound__vit-b__in_rover__seed1414__gpu_full__3e6df100__git3bd8b1e0__code6e952f10__20260724T172450269924Z,msl_ncam_nlb_548058260edr_f0630766ncam00375m1,test_msl,ALL,pixel_acc,0.17397535110346804,0,0,41868
sam__region_oracle_upper_bound__vit-b__in_rover__seed1414__gpu_full__3e6df100__git3bd8b1e0__code6e952f10__20260724T172450269924Z,msl_ncam_nlb_548058260edr_f0630766ncam00375m1,test_msl,ALL,boundary_f1,0.21452329180786897,0,0,41868
sam__region_oracle_upper_bound__vit-b__in_rover__seed1414__gpu_full__3e6df100__git3bd8b1e0__code6e952f10__20260724T172450269924Z,msl_ncam_nlb_548058358edr_f0630766ncam00273m1,test_msl,soil,iou,0.0,0,36511,43577
sam__region_oracle_upper_bound__vit-b__in_rover__seed1414__gpu_full__3e6df100__git3bd8b1e0__code6e952f10__20260724T172450269924Z,msl_ncam_nlb_548058358edr_f0630766ncam00273m1,test_msl,bedrock,iou,0.3069371443464663,7066,23021,43577
sam__region_oracle_upper_bound__vit-b__in_rover__seed1414__gpu_full__3e6df100__git3bd8b1e0__code6e952f10__20260724T172450269924Z,msl_ncam_nlb_548058358edr_f0630766ncam00273m1,test_msl,sand,iou,0.0,0,20556,43577
sam__region_oracle_upper_bound__vit-b__in_rover__seed1414__gpu_full__3e6df100__git3bd8b1e0__code6e952f10__20260724T172450269924Z,msl_ncam_nlb_548058358edr_f0630766ncam00273m1,test_msl,big_rock,iou,,0,0,43577
sam__region_oracle_upper_bound__vit-b__in_rover__seed1414__gpu_full__3e6df100__git3bd8b1e0__code6e952f10__20260724T172450269924Z,msl_ncam_nlb_548058358edr_f0630766ncam00273m1,test_msl,ALL,pixel_acc,0.16214975789980954,0,0,43577
sam__region_oracle_upper_bound__vit-b__in_rover__seed1414__gpu_full__3e6df100__git3bd8b1e0__code6e952f10__20260724T172450269924Z,msl_ncam_nlb_548058358edr_f0630766ncam00273m1,test_msl,ALL,boundary_f1,0.19994441871236682,0,0,43577
sam__region_oracle_upper_bound__vit-b__in_rover__seed1414__gpu_full__3e6df100__git3bd8b1e0__code6e952f10__20260724T172450269924Z,msl_ncam_nlb_548063838edr_f0630766ncam07753m1,test_msl,soil,iou,,0,0,13320
sam__region_oracle_upper_bound__vit-b__in_rover__seed1414__gpu_full__3e6df100__git3bd8b1e0__code6e952f10__20260724T172450269924Z,msl_ncam_nlb_548063838edr_f0630766ncam07753m1,test_msl,bedrock,iou,1.0,13320,13320,13320
sam__region_oracle_upper_bound__vit-b__in_rover__seed1414__gpu_full__3e6df100__git3bd8b1e0__code6e952f10__20260724T172450269924Z,msl_ncam_nlb_548063838edr_f0630766ncam07753m1,test_msl,sand,iou,,0,0,13320
sam__region_oracle_upper_bound__vit-b__in_rover__seed1414__gpu_full__3e6df100__git3bd8b1e0__code6e952f10__20260724T172450269924Z,msl_ncam_nlb_548063838edr_f0630766ncam07753m1,test_msl,big_rock,iou,,0,0,13320
sam__region_oracle_upper_bound__vit-b__in_rover__seed1414__gpu_full__3e6df100__git3bd8b1e0__code6e952f10__20260724T172450269924Z,msl_ncam_nlb_548063838edr_f0630766ncam07753m1,test_msl,ALL,pixel_acc,1.0,0,0,13320
sam__region_oracle_upper_bound__vit-b__in_rover__seed1414__gpu_full__3e6df100__git3bd8b1e0__code6e952f10__20260724T172450269924Z,msl_ncam_nlb_548063838edr_f0630766ncam07753m1,test_msl,ALL,boundary_f1,1.0,0,0,13320
sam__region_oracle_upper_bound__vit-b__in_rover__seed1414__gpu_full__3e6df100__git3bd8b1e0__code6e952f10__20260724T172450269924Z,msl_ncam_nlb_552665174edr_f0641980ncam00320m1,test_msl,soil,iou,0.0,0,102350,107820
sam__region_oracle_upper_bound__vit-b__in_rover__seed1414__gpu_full__3e6df100__git3bd8b1e0__code6e952f10__20260724T172450269924Z,msl_ncam_nlb_552665174edr_f0641980ncam00320m1,test_msl,bedrock,iou,0.21489203276247207,4329,20145,107820
sam__region_oracle_upper_bound__vit-b__in_rover__seed1414__gpu_full__3e6df100__git3bd8b1e0__code6e952f10__20260724T172450269924Z,msl_ncam_nlb_552665174edr_f0641980ncam00320m1,test_msl,sand,iou,0.013013972055888223,1141,87675,107820
sam__region_oracle_upper_bound__vit-b__in_rover__seed1414__gpu_full__3e6df100__git3bd8b1e0__code6e952f10__20260724T172450269924Z,msl_ncam_nlb_552665174edr_f0641980ncam00320m1,test_msl,big_rock,iou,,0,0,107820
sam__region_oracle_upper_bound__vit-b__in_rover__seed1414__gpu_full__3e6df100__git3bd8b1e0__code6e952f10__20260724T172450269924Z,msl_ncam_nlb_552665174edr_f0641980ncam00320m1,test_msl,ALL,pixel_acc,0.050732702652569094,0,0,107820
sam__region_oracle_upper_bound__vit-b__in_rover__seed1414__gpu_full__3e6df100__git3bd8b1e0__code6e952f10__20260724T172450269924Z,msl_ncam_nlb_552665174edr_f0641980ncam00320m1,test_msl,ALL,boundary_f1,0.15475384857332142,0,0,107820
sam__region_oracle_upper_bound__vit-b__in_rover__seed1414__gpu_full__3e6df100__git3bd8b1e0__code6e952f10__20260724T172450269924Z,msl_ncam_nlb_552676131edr_f0642004ncam00385m1,test_msl,soil,iou,0.0,0,240894,241952
sam__region_oracle_upper_bound__vit-b__in_rover__seed1414__gpu_full__3e6df100__git3bd8b1e0__code6e952f10__20260724T172450269924Z,msl_ncam_nlb_552676131edr_f0642004ncam00385m1,test_msl,bedrock,iou,,0,0,241952
sam__region_oracle_upper_bound__vit-b__in_rover__seed1414__gpu_full__3e6df100__git3bd8b1e0__code6e952f10__20260724T172450269924Z,msl_ncam_nlb_552676131edr_f0642004ncam00385m1,test_msl,sand,iou,0.004372768152360798,1058,241952,241952
sam__region_oracle_upper_bound__vit-b__in_rover__seed1414__gpu_full__3e6df100__git3bd8b1e0__code6e952f10__20260724T172450269924Z,msl_ncam_nlb_552676131edr_f0642004ncam00385m1,test_msl,big_rock,iou,,0,0,241952
sam__region_oracle_upper_bound__vit-b__in_rover__seed1414__gpu_full__3e6df100__git3bd8b1e0__code6e952f10__20260724T172450269924Z,msl_ncam_nlb_552676131edr_f0642004ncam00385m1,test_msl,ALL,pixel_acc,0.004372768152360798,0,0,241952
sam__region_oracle_upper_bound__vit-b__in_rover__seed1414__gpu_full__3e6df100__git3bd8b1e0__code6e952f10__20260724T172450269924Z,msl_ncam_nlb_552676131edr_f0642004ncam00385m1,test_msl,ALL,boundary_f1,0.015374752163744076,0,0,241952
sam__region_oracle_upper_bound__vit-b__in_rover__seed1414__gpu_full__3e6df100__git3bd8b1e0__code6e952f10__20260724T172450269924Z,msl_ncam_nlb_552677384edr_f0642088ncam00376m1,test_msl,soil,iou,,0,0,93137
sam__region_oracle_upper_bound__vit-b__in_rover__seed1414__gpu_full__3e6df100__git3bd8b1e0__code6e952f10__20260724T172450269924Z,msl_ncam_nlb_552677384edr_f0642088ncam00376m1,test_msl,bedrock,iou,,0,0,93137
sam__region_oracle_upper_bound__vit-b__in_rover__seed1414__gpu_full__3e6df100__git3bd8b1e0__code6e952f10__20260724T172450269924Z,msl_ncam_nlb_552677384edr_f0642088ncam00376m1,test_msl,sand,iou,1.0,93137,93137,93137
sam__region_oracle_upper_bound__vit-b__in_rover__seed1414__gpu_full__3e6df100__git3bd8b1e0__code6e952f10__20260724T172450269924Z,msl_ncam_nlb_552677384edr_f0642088ncam00376m1,test_msl,big_rock,iou,,0,0,93137
sam__region_oracle_upper_bound__vit-b__in_rover__seed1414__gpu_full__3e6df100__git3bd8b1e0__code6e952f10__20260724T172450269924Z,msl_ncam_nlb_552677384edr_f0642088ncam00376m1,test_msl,ALL,pixel_acc,1.0,0,0,93137
sam__region_oracle_upper_bound__vit-b__in_rover__seed1414__gpu_full__3e6df100__git3bd8b1e0__code6e952f10__20260724T172450269924Z,msl_ncam_nlb_552677384edr_f0642088ncam00376m1,test_msl,ALL,boundary_f1,1.0,0,0,93137
sam__region_oracle_upper_bound__vit-b__in_rover__seed1414__gpu_full__3e6df100__git3bd8b1e0__code6e952f10__20260724T172450269924Z,msl_ncam_nlb_552677513edr_f0642088ncam00255m1,test_msl,soil,iou,0.0,0,3,42984
sam__region_oracle_upper_bound__vit-b__in_rover__seed1414__gpu_full__3e6df100__git3bd8b1e0__code6e952f10__20260724T172450269924Z,msl_ncam_nlb_552677513edr_f0642088ncam00255m1,test_msl,bedrock,iou,0.35129604365620737,515,1466,42984
sam__region_oracle_upper_bound__vit-b__in_rover__seed1414__gpu_full__3e6df100__git3bd8b1e0__code6e952f10__20260724T172450269924Z,msl_ncam_nlb_552677513edr_f0642088ncam00255m1,test_msl,sand,iou,0.977676258653982,41518,42466,42984
sam__region_oracle_upper_bound__vit-b__in_rover__seed1414__gpu_full__3e6df100__git3bd8b1e0__code6e952f10__20260724T172450269924Z,msl_ncam_nlb_552677513edr_f0642088ncam00255m1,test_msl,big_rock,iou,,0,0,42984
sam__region_oracle_upper_bound__vit-b__in_rover__seed1414__gpu_full__3e6df100__git3bd8b1e0__code6e952f10__20260724T172450269924Z,msl_ncam_nlb_552677513edr_f0642088ncam00255m1,test_msl,ALL,pixel_acc,0.9778754885538805,0,0,42984
sam__region_oracle_upper_bound__vit-b__in_rover__seed1414__gpu_full__3e6df100__git3bd8b1e0__code6e952f10__20260724T172450269924Z,msl_ncam_nlb_552677513edr_f0642088ncam00255m1,test_msl,ALL,boundary_f1,0.47704864655244955,0,0,42984
sam__region_oracle_upper_bound__vit-b__in_rover__seed1414__gpu_full__3e6df100__git3bd8b1e0__code6e952f10__20260724T172450269924Z,msl_ncam_nlb_552677608edr_f0642088ncam00255m1,test_msl,soil,iou,0.0,0,89,238297
sam__region_oracle_upper_bound__vit-b__in_rover__seed1414__gpu_full__3e6df100__git3bd8b1e0__code6e952f10__20260724T172450269924Z,msl_ncam_nlb_552677608edr_f0642088ncam00255m1,test_msl,bedrock,iou,,0,0,238297
sam__region_oracle_upper_bound__vit-b__in_rover__seed1414__gpu_full__3e6df100__git3bd8b1e0__code6e952f10__20260724T172450269924Z,msl_ncam_nlb_552677608edr_f0642088ncam00255m1,test_msl,sand,iou,0.9996265164899264,238208,238297,238297
sam__region_oracle_upper_bound__vit-b__in_rover__seed1414__gpu_full__3e6df100__git3bd8b1e0__code6e952f10__20260724T172450269924Z,msl_ncam_nlb_552677608edr_f0642088ncam00255m1,test_msl,big_rock,iou,,0,0,238297
sam__region_oracle_upper_bound__vit-b__in_rover__seed1414__gpu_full__3e6df100__git3bd8b1e0__code6e952f10__20260724T172450269924Z,msl_ncam_nlb_552677608edr_f0642088ncam00255m1,test_msl,ALL,pixel_acc,0.9996265164899264,0,0,238297
sam__region_oracle_upper_bound__vit-b__in_rover__seed1414__gpu_full__3e6df100__git3bd8b1e0__code6e952f10__20260724T172450269924Z,msl_ncam_nlb_552677608edr_f0642088ncam00255m1,test_msl,ALL,boundary_f1,0.48286214660995747,0,0,238297
sam__region_oracle_upper_bound__vit-b__in_rover__seed1414__gpu_full__3e6df100__git3bd8b1e0__code6e952f10__20260724T172450269924Z,msl_ncam_nlb_552677960edr_f0642088ncam00354m1,test_msl,soil,iou,0.0,0,4068,141082
sam__region_oracle_upper_bound__vit-b__in_rover__seed1414__gpu_full__3e6df100__git3bd8b1e0__code6e952f10__20260724T172450269924Z,msl_ncam_nlb_552677960edr_f0642088ncam00354m1,test_msl,bedrock,iou,,0,0,141082
sam__region_oracle_upper_bound__vit-b__in_rover__seed1414__gpu_full__3e6df100__git3bd8b1e0__code6e952f10__20260724T172450269924Z,msl_ncam_nlb_552677960edr_f0642088ncam00354m1,test_msl,sand,iou,0.9711657050509632,137014,141082,141082
sam__region_oracle_upper_bound__vit-b__in_rover__seed1414__gpu_full__3e6df100__git3bd8b1e0__code6e952f10__20260724T172450269924Z,msl_ncam_nlb_552677960edr_f0642088ncam00354m1,test_msl,big_rock,iou,,0,0,141082
sam__region_oracle_upper_bound__vit-b__in_rover__seed1414__gpu_full__3e6df100__git3bd8b1e0__code6e952f10__20260724T172450269924Z,msl_ncam_nlb_552677960edr_f0642088ncam00354m1,test_msl,ALL,pixel_acc,0.9711657050509632,0,0,141082
sam__region_oracle_upper_bound__vit-b__in_rover__seed1414__gpu_full__3e6df100__git3bd8b1e0__code6e952f10__20260724T172450269924Z,msl_ncam_nlb_552677960edr_f0642088ncam00354m1,test_msl,ALL,boundary_f1,0.4660795123054759,0,0,141082
sam__region_oracle_upper_bound__vit-b__in_rover__seed1414__gpu_full__3e6df100__git3bd8b1e0__code6e952f10__20260724T172450269924Z,msl_ncam_nlb_552678040edr_f0642088ncam00354m1,test_msl,soil,iou,0.0,0,242,124577
sam__region_oracle_upper_bound__vit-b__in_rover__seed1414__gpu_full__3e6df100__git3bd8b1e0__code6e952f10__20260724T172450269924Z,msl_ncam_nlb_552678040edr_f0642088ncam00354m1,test_msl,bedrock,iou,,0,0,124577
sam__region_oracle_upper_bound__vit-b__in_rover__seed1414__gpu_full__3e6df100__git3bd8b1e0__code6e952f10__20260724T172450269924Z,msl_ncam_nlb_552678040edr_f0642088ncam00354m1,test_msl,sand,iou,0.998057426330703,124335,124577,124577
sam__region_oracle_upper_bound__vit-b__in_rover__seed1414__gpu_full__3e6df100__git3bd8b1e0__code6e952f10__20260724T172450269924Z,msl_ncam_nlb_552678040edr_f0642088ncam00354m1,test_msl,big_rock,iou,,0,0,124577
sam__region_oracle_upper_bound__vit-b__in_rover__seed1414__gpu_full__3e6df100__git3bd8b1e0__code6e952f10__20260724T172450269924Z,msl_ncam_nlb_552678040edr_f0642088ncam00354m1,test_msl,ALL,pixel_acc,0.998057426330703,0,0,124577
sam__region_oracle_upper_bound__vit-b__in_rover__seed1414__gpu_full__3e6df100__git3bd8b1e0__code6e952f10__20260724T172450269924Z,msl_ncam_nlb_552678040edr_f0642088ncam00354m1,test_msl,ALL,boundary_f1,0.5,0,0,124577
sam__region_oracle_upper_bound__vit-b__in_rover__seed1414__gpu_full__3e6df100__git3bd8b1e0__code6e952f10__20260724T172450269924Z,msl_ncam_nlb_552682049edr_f0642088ncam07753m1,test_msl,soil,iou,0.0,0,49,203617
sam__region_oracle_upper_bound__vit-b__in_rover__seed1414__gpu_full__3e6df100__git3bd8b1e0__code6e952f10__20260724T172450269924Z,msl_ncam_nlb_552682049edr_f0642088ncam07753m1,test_msl,bedrock,iou,,0,0,203617
sam__region_oracle_upper_bound__vit-b__in_rover__seed1414__gpu_full__3e6df100__git3bd8b1e0__code6e952f10__20260724T172450269924Z,msl_ncam_nlb_552682049edr_f0642088ncam07753m1,test_msl,sand,iou,0.9997593521169647,203568,203617,203617
sam__region_oracle_upper_bound__vit-b__in_rover__seed1414__gpu_full__3e6df100__git3bd8b1e0__code6e952f10__20260724T172450269924Z,msl_ncam_nlb_552682049edr_f0642088ncam07753m1,test_msl,big_rock,iou,,0,0,203617
sam__region_oracle_upper_bound__vit-b__in_rover__seed1414__gpu_full__3e6df100__git3bd8b1e0__code6e952f10__20260724T172450269924Z,msl_ncam_nlb_552682049edr_f0642088ncam07753m1,test_msl,ALL,pixel_acc,0.9997593521169647,0,0,203617
sam__region_oracle_upper_bound__vit-b__in_rover__seed1414__gpu_full__3e6df100__git3bd8b1e0__code6e952f10__20260724T172450269924Z,msl_ncam_nlb_552682049edr_f0642088ncam07753m1,test_msl,ALL,boundary_f1,0.48307608989981043,0,0,203617
sam__region_oracle_upper_bound__vit-b__in_rover__seed1414__gpu_full__3e6df100__git3bd8b1e0__code6e952f10__20260724T172450269924Z,msl_ncam_nlb_552682173edr_f0642088ncam07753m1,test_msl,soil,iou,0.0,0,37725,37725
sam__region_oracle_upper_bound__vit-b__in_rover__seed1414__gpu_full__3e6df100__git3bd8b1e0__code6e952f10__20260724T172450269924Z,msl_ncam_nlb_552682173edr_f0642088ncam07753m1,test_msl,bedrock,iou,0.0,0,3020,37725
sam__region_oracle_upper_bound__vit-b__in_rover__seed1414__gpu_full__3e6df100__git3bd8b1e0__code6e952f10__20260724T172450269924Z,msl_ncam_nlb_552682173edr_f0642088ncam07753m1,test_msl,sand,iou,0.0,0,34705,37725
sam__region_oracle_upper_bound__vit-b__in_rover__seed1414__gpu_full__3e6df100__git3bd8b1e0__code6e952f10__20260724T172450269924Z,msl_ncam_nlb_552682173edr_f0642088ncam07753m1,test_msl,big_rock,iou,,0,0,37725
sam__region_oracle_upper_bound__vit-b__in_rover__seed1414__gpu_full__3e6df100__git3bd8b1e0__code6e952f10__20260724T172450269924Z,msl_ncam_nlb_552682173edr_f0642088ncam07753m1,test_msl,ALL,pixel_acc,0.0,0,0,37725
sam__region_oracle_upper_bound__vit-b__in_rover__seed1414__gpu_full__3e6df100__git3bd8b1e0__code6e952f10__20260724T172450269924Z,msl_ncam_nlb_552682173edr_f0642088ncam07753m1,test_msl,ALL,boundary_f1,0.0,0,0,37725
sam__region_oracle_upper_bound__vit-b__in_rover__seed1414__gpu_full__3e6df100__git3bd8b1e0__code6e952f10__20260724T172450269924Z,msl_ncam_nlb_556418003edr_f0651174ncam00320m1,test_msl,soil,iou,0.0,0,91452,95260
sam__region_oracle_upper_bound__vit-b__in_rover__seed1414__gpu_full__3e6df100__git3bd8b1e0__code6e952f10__20260724T172450269924Z,msl_ncam_nlb_556418003edr_f0651174ncam00320m1,test_msl,bedrock,iou,0.10628277855078669,993,9343,95260
sam__region_oracle_upper_bound__vit-b__in_rover__seed1414__gpu_full__3e6df100__git3bd8b1e0__code6e952f10__20260724T172450269924Z,msl_ncam_nlb_556418003edr_f0651174ncam00320m1,test_msl,sand,iou,0.032764179382427226,2815,85917,95260
sam__region_oracle_upper_bound__vit-b__in_rover__seed1414__gpu_full__3e6df100__git3bd8b1e0__code6e952f10__20260724T172450269924Z,msl_ncam_nlb_556418003edr_f0651174ncam00320m1,test_msl,big_rock,iou,,0,0,95260
sam__region_oracle_upper_bound__vit-b__in_rover__seed1414__gpu_full__3e6df100__git3bd8b1e0__code6e952f10__20260724T172450269924Z,msl_ncam_nlb_556418003edr_f0651174ncam00320m1,test_msl,ALL,pixel_acc,0.03997480579466723,0,0,95260
sam__region_oracle_upper_bound__vit-b__in_rover__seed1414__gpu_full__3e6df100__git3bd8b1e0__code6e952f10__20260724T172450269924Z,msl_ncam_nlb_556418003edr_f0651174ncam00320m1,test_msl,ALL,boundary_f1,0.13709090169189966,0,0,95260
sam__region_oracle_upper_bound__vit-b__in_rover__seed1414__gpu_full__3e6df100__git3bd8b1e0__code6e952f10__20260724T172450269924Z,msl_ncam_nlb_556756244edr_f0651642ncam00285m1,test_msl,soil,iou,0.0,0,57141,71198
sam__region_oracle_upper_bound__vit-b__in_rover__seed1414__gpu_full__3e6df100__git3bd8b1e0__code6e952f10__20260724T172450269924Z,msl_ncam_nlb_556756244edr_f0651642ncam00285m1,test_msl,bedrock,iou,0.8921502365549869,9240,10357,71198
sam__region_oracle_upper_bound__vit-b__in_rover__seed1414__gpu_full__3e6df100__git3bd8b1e0__code6e952f10__20260724T172450269924Z,msl_ncam_nlb_556756244edr_f0651642ncam00285m1,test_msl,sand,iou,0.07917358360316235,4817,60841,71198
sam__region_oracle_upper_bound__vit-b__in_rover__seed1414__gpu_full__3e6df100__git3bd8b1e0__code6e952f10__20260724T172450269924Z,msl_ncam_nlb_556756244edr_f0651642ncam00285m1,test_msl,big_rock,iou,,0,0,71198
sam__region_oracle_upper_bound__vit-b__in_rover__seed1414__gpu_full__3e6df100__git3bd8b1e0__code6e952f10__20260724T172450269924Z,msl_ncam_nlb_556756244edr_f0651642ncam00285m1,test_msl,ALL,pixel_acc,0.19743532121688812,0,0,71198
sam__region_oracle_upper_bound__vit-b__in_rover__seed1414__gpu_full__3e6df100__git3bd8b1e0__code6e952f10__20260724T172450269924Z,msl_ncam_nlb_556756244edr_f0651642ncam00285m1,test_msl,ALL,boundary_f1,0.3090831809124066,0,0,71198
sam__region_oracle_upper_bound__vit-b__in_rover__seed1414__gpu_full__3e6df100__git3bd8b1e0__code6e952f10__20260724T172450269924Z,msl_ncam_nlb_556756308edr_f0651642ncam00285m1,test_msl,soil,iou,,0,0,120672
sam__region_oracle_upper_bound__vit-b__in_rover__seed1414__gpu_full__3e6df100__git3bd8b1e0__code6e952f10__20260724T172450269924Z,msl_ncam_nlb_556756308edr_f0651642ncam00285m1,test_msl,bedrock,iou,0.2928015564202335,1505,5140,120672
sam__region_oracle_upper_bound__vit-b__in_rover__seed1414__gpu_full__3e6df100__git3bd8b1e0__code6e952f10__20260724T172450269924Z,msl_ncam_nlb_556756308edr_f0651642ncam00285m1,test_msl,sand,iou,0.9648076923076923,100340,104000,120672
sam__region_oracle_upper_bound__vit-b__in_rover__seed1414__gpu_full__3e6df100__git3bd8b1e0__code6e952f10__20260724T172450269924Z,msl_ncam_nlb_556756308edr_f0651642ncam00285m1,test_msl,big_rock,iou,0.9983543970510795,15167,15192,120672
sam__region_oracle_upper_bound__vit-b__in_rover__seed1414__gpu_full__3e6df100__git3bd8b1e0__code6e952f10__20260724T172450269924Z,msl_ncam_nlb_556756308edr_f0651642ncam00285m1,test_msl,ALL,pixel_acc,0.9696698488464598,0,0,120672
sam__region_oracle_upper_bound__vit-b__in_rover__seed1414__gpu_full__3e6df100__git3bd8b1e0__code6e952f10__20260724T172450269924Z,msl_ncam_nlb_556756308edr_f0651642ncam00285m1,test_msl,ALL,boundary_f1,0.8043875976944742,0,0,120672
sam__region_oracle_upper_bound__vit-b__in_rover__seed1414__gpu_full__3e6df100__git3bd8b1e0__code6e952f10__20260724T172450269924Z,msl_ncam_nlb_556756606edr_f0651642ncam00312m1,test_msl,soil,iou,0.0,0,153229,172993
sam__region_oracle_upper_bound__vit-b__in_rover__seed1414__gpu_full__3e6df100__git3bd8b1e0__code6e952f10__20260724T172450269924Z,msl_ncam_nlb_556756606edr_f0651642ncam00312m1,test_msl,bedrock,iou,0.8835412147505423,13034,14752,172993
sam__region_oracle_upper_bound__vit-b__in_rover__seed1414__gpu_full__3e6df100__git3bd8b1e0__code6e952f10__20260724T172450269924Z,msl_ncam_nlb_556756606edr_f0651642ncam00312m1,test_msl,sand,iou,0.04253006490100543,6730,158241,172993
sam__region_oracle_upper_bound__vit-b__in_rover__seed1414__gpu_full__3e6df100__git3bd8b1e0__code6e952f10__20260724T172450269924Z,msl_ncam_nlb_556756606edr_f0651642ncam00312m1,test_msl,big_rock,iou,,0,0,172993
sam__region_oracle_upper_bound__vit-b__in_rover__seed1414__gpu_full__3e6df100__git3bd8b1e0__code6e952f10__20260724T172450269924Z,msl_ncam_nlb_556756606edr_f0651642ncam00312m1,test_msl,ALL,pixel_acc,0.1142473972935321,0,0,172993
sam__region_oracle_upper_bound__vit-b__in_rover__seed1414__gpu_full__3e6df100__git3bd8b1e0__code6e952f10__20260724T172450269924Z,msl_ncam_nlb_556756606edr_f0651642ncam00312m1,test_msl,ALL,boundary_f1,0.3503540920975829,0,0,172993
sam__region_oracle_upper_bound__vit-b__in_rover__seed1414__gpu_full__3e6df100__git3bd8b1e0__code6e952f10__20260724T172450269924Z,msl_ncam_nlb_556763962edr_f0651642ncam07753m1,test_msl,soil,iou,0.0,0,128121,156742
sam__region_oracle_upper_bound__vit-b__in_rover__seed1414__gpu_full__3e6df100__git3bd8b1e0__code6e952f10__20260724T172450269924Z,msl_ncam_nlb_556763962edr_f0651642ncam07753m1,test_msl,bedrock,iou,0.9606118546845124,7536,7845,156742
sam__region_oracle_upper_bound__vit-b__in_rover__seed1414__gpu_full__3e6df100__git3bd8b1e0__code6e952f10__20260724T172450269924Z,msl_ncam_nlb_556763962edr_f0651642ncam07753m1,test_msl,sand,iou,0.14160795717845223,21085,148897,156742
sam__region_oracle_upper_bound__vit-b__in_rover__seed1414__gpu_full__3e6df100__git3bd8b1e0__code6e952f10__20260724T172450269924Z,msl_ncam_nlb_556763962edr_f0651642ncam07753m1,test_msl,big_rock,iou,,0,0,156742
sam__region_oracle_upper_bound__vit-b__in_rover__seed1414__gpu_full__3e6df100__git3bd8b1e0__code6e952f10__20260724T172450269924Z,msl_ncam_nlb_556763962edr_f0651642ncam07753m1,test_msl,ALL,pixel_acc,0.18259943091194447,0,0,156742
sam__region_oracle_upper_bound__vit-b__in_rover__seed1414__gpu_full__3e6df100__git3bd8b1e0__code6e952f10__20260724T172450269924Z,msl_ncam_nlb_556763962edr_f0651642ncam07753m1,test_msl,ALL,boundary_f1,0.33438874334205787,0,0,156742
sam__region_oracle_upper_bound__vit-b__in_rover__seed1414__gpu_full__3e6df100__git3bd8b1e0__code6e952f10__20260724T172450269924Z,msl_ncam_nlb_556764110edr_f0651642ncam07753m1,test_msl,soil,iou,0.0,0,18898,19514
sam__region_oracle_upper_bound__vit-b__in_rover__seed1414__gpu_full__3e6df100__git3bd8b1e0__code6e952f10__20260724T172450269924Z,msl_ncam_nlb_556764110edr_f0651642ncam07753m1,test_msl,bedrock,iou,0.978688524590164,597,610,19514
sam__region_oracle_upper_bound__vit-b__in_rover__seed1414__gpu_full__3e6df100__git3bd8b1e0__code6e952f10__20260724T172450269924Z,msl_ncam_nlb_556764110edr_f0651642ncam07753m1,test_msl,sand,iou,0.0010050782903089294,19,18904,19514
sam__region_oracle_upper_bound__vit-b__in_rover__seed1414__gpu_full__3e6df100__git3bd8b1e0__code6e952f10__20260724T172450269924Z,msl_ncam_nlb_556764110edr_f0651642ncam07753m1,test_msl,big_rock,iou,,0,0,19514
sam__region_oracle_upper_bound__vit-b__in_rover__seed1414__gpu_full__3e6df100__git3bd8b1e0__code6e952f10__20260724T172450269924Z,msl_ncam_nlb_556764110edr_f0651642ncam07753m1,test_msl,ALL,pixel_acc,0.03156708004509583,0,0,19514
sam__region_oracle_upper_bound__vit-b__in_rover__seed1414__gpu_full__3e6df100__git3bd8b1e0__code6e952f10__20260724T172450269924Z,msl_ncam_nlb_556764110edr_f0651642ncam07753m1,test_msl,ALL,boundary_f1,0.3454861111111111,0,0,19514
sam__region_oracle_upper_bound__vit-b__in_rover__seed1414__gpu_full__3e6df100__git3bd8b1e0__code6e952f10__20260724T172450269924Z,msl_ncam_nlb_556764172edr_f0651642ncam07753m1,test_msl,soil,iou,0.0,0,41703,45242
sam__region_oracle_upper_bound__vit-b__in_rover__seed1414__gpu_full__3e6df100__git3bd8b1e0__code6e952f10__20260724T172450269924Z,msl_ncam_nlb_556764172edr_f0651642ncam07753m1,test_msl,bedrock,iou,0.4928169014084507,3499,7100,45242
sam__region_oracle_upper_bound__vit-b__in_rover__seed1414__gpu_full__3e6df100__git3bd8b1e0__code6e952f10__20260724T172450269924Z,msl_ncam_nlb_556764172edr_f0651642ncam07753m1,test_msl,sand,iou,0.001048712705154423,40,38142,45242
sam__region_oracle_upper_bound__vit-b__in_rover__seed1414__gpu_full__3e6df100__git3bd8b1e0__code6e952f10__20260724T172450269924Z,msl_ncam_nlb_556764172edr_f0651642ncam07753m1,test_msl,big_rock,iou,,0,0,45242
sam__region_oracle_upper_bound__vit-b__in_rover__seed1414__gpu_full__3e6df100__git3bd8b1e0__code6e952f10__20260724T172450269924Z,msl_ncam_nlb_556764172edr_f0651642ncam07753m1,test_msl,ALL,pixel_acc,0.0782237743689492,0,0,45242
sam__region_oracle_upper_bound__vit-b__in_rover__seed1414__gpu_full__3e6df100__git3bd8b1e0__code6e952f10__20260724T172450269924Z,msl_ncam_nlb_556764172edr_f0651642ncam07753m1,test_msl,ALL,boundary_f1,0.21170385426638746,0,0,45242
sam__region_oracle_upper_bound__vit-b__in_rover__seed1414__gpu_full__3e6df100__git3bd8b1e0__code6e952f10__20260724T172450269924Z,msl_ncam_nlb_558363908edr_f0660000ncam00375m1,test_msl,soil,iou,0.0,0,111580,137927
sam__region_oracle_upper_bound__vit-b__in_rover__seed1414__gpu_full__3e6df100__git3bd8b1e0__code6e952f10__20260724T172450269924Z,msl_ncam_nlb_558363908edr_f0660000ncam00375m1,test_msl,bedrock,iou,0.1910213373741182,26347,137927,137927
sam__region_oracle_upper_bound__vit-b__in_rover__seed1414__gpu_full__3e6df100__git3bd8b1e0__code6e952f10__20260724T172450269924Z,msl_ncam_nlb_558363908edr_f0660000ncam00375m1,test_msl,sand,iou,,0,0,137927
sam__region_oracle_upper_bound__vit-b__in_rover__seed1414__gpu_full__3e6df100__git3bd8b1e0__code6e952f10__20260724T172450269924Z,msl_ncam_nlb_558363908edr_f0660000ncam00375m1,test_msl,big_rock,iou,,0,0,137927
sam__region_oracle_upper_bound__vit-b__in_rover__seed1414__gpu_full__3e6df100__git3bd8b1e0__code6e952f10__20260724T172450269924Z,msl_ncam_nlb_558363908edr_f0660000ncam00375m1,test_msl,ALL,pixel_acc,0.1910213373741182,0,0,137927
sam__region_oracle_upper_bound__vit-b__in_rover__seed1414__gpu_full__3e6df100__git3bd8b1e0__code6e952f10__20260724T172450269924Z,msl_ncam_nlb_558363908edr_f0660000ncam00375m1,test_msl,ALL,boundary_f1,0.09612316440626122,0,0,137927
sam__region_oracle_upper_bound__vit-b__in_rover__seed1414__gpu_full__3e6df100__git3bd8b1e0__code6e952f10__20260724T172450269924Z,msl_ncam_nlb_558364034edr_f0660000ncam00252m1,test_msl,soil,iou,0.0,0,69,216388
sam__region_oracle_upper_bound__vit-b__in_rover__seed1414__gpu_full__3e6df100__git3bd8b1e0__code6e952f10__20260724T172450269924Z,msl_ncam_nlb_558364034edr_f0660000ncam00252m1,test_msl,bedrock,iou,0.9996811283435311,216319,216388,216388
sam__region_oracle_upper_bound__vit-b__in_rover__seed1414__gpu_full__3e6df100__git3bd8b1e0__code6e952f10__20260724T172450269924Z,msl_ncam_nlb_558364034edr_f0660000ncam00252m1,test_msl,sand,iou,,0,0,216388
sam__region_oracle_upper_bound__vit-b__in_rover__seed1414__gpu_full__3e6df100__git3bd8b1e0__code6e952f10__20260724T172450269924Z,msl_ncam_nlb_558364034edr_f0660000ncam00252m1,test_msl,big_rock,iou,,0,0,216388
sam__region_oracle_upper_bound__vit-b__in_rover__seed1414__gpu_full__3e6df100__git3bd8b1e0__code6e952f10__20260724T172450269924Z,msl_ncam_nlb_558364034edr_f0660000ncam00252m1,test_msl,ALL,pixel_acc,0.9996811283435311,0,0,216388
sam__region_oracle_upper_bound__vit-b__in_rover__seed1414__gpu_full__3e6df100__git3bd8b1e0__code6e952f10__20260724T172450269924Z,msl_ncam_nlb_558364034edr_f0660000ncam00252m1,test_msl,ALL,boundary_f1,0.4967185449090568,0,0,216388
sam__region_oracle_upper_bound__vit-b__in_rover__seed1414__gpu_full__3e6df100__git3bd8b1e0__code6e952f10__20260724T172450269924Z,msl_ncam_nlb_558364090edr_f0660000ncam00252m1,test_msl,soil,iou,,0,0,0
sam__region_oracle_upper_bound__vit-b__in_rover__seed1414__gpu_full__3e6df100__git3bd8b1e0__code6e952f10__20260724T172450269924Z,msl_ncam_nlb_558364090edr_f0660000ncam00252m1,test_msl,bedrock,iou,,0,0,0
sam__region_oracle_upper_bound__vit-b__in_rover__seed1414__gpu_full__3e6df100__git3bd8b1e0__code6e952f10__20260724T172450269924Z,msl_ncam_nlb_558364090edr_f0660000ncam00252m1,test_msl,sand,iou,,0,0,0
sam__region_oracle_upper_bound__vit-b__in_rover__seed1414__gpu_full__3e6df100__git3bd8b1e0__code6e952f10__20260724T172450269924Z,msl_ncam_nlb_558364090edr_f0660000ncam00252m1,test_msl,big_rock,iou,,0,0,0
sam__region_oracle_upper_bound__vit-b__in_rover__seed1414__gpu_full__3e6df100__git3bd8b1e0__code6e952f10__20260724T172450269924Z,msl_ncam_nlb_558364090edr_f0660000ncam00252m1,test_msl,ALL,pixel_acc,,0,0,0
sam__region_oracle_upper_bound__vit-b__in_rover__seed1414__gpu_full__3e6df100__git3bd8b1e0__code6e952f10__20260724T172450269924Z,msl_ncam_nlb_558364090edr_f0660000ncam00252m1,test_msl,ALL,boundary_f1,,0,0,0
sam__region_oracle_upper_bound__vit-b__in_rover__seed1414__gpu_full__3e6df100__git3bd8b1e0__code6e952f10__20260724T172450269924Z,msl_ncam_nlb_558364829edr_f0660000ncam00253m1,test_msl,soil,iou,0.0,0,1311,110732
sam__region_oracle_upper_bound__vit-b__in_rover__seed1414__gpu_full__3e6df100__git3bd8b1e0__code6e952f10__20260724T172450269924Z,msl_ncam_nlb_558364829edr_f0660000ncam00253m1,test_msl,bedrock,iou,0.9881606039807824,109421,110732,110732
sam__region_oracle_upper_bound__vit-b__in_rover__seed1414__gpu_full__3e6df100__git3bd8b1e0__code6e952f10__20260724T172450269924Z,msl_ncam_nlb_558364829edr_f0660000ncam00253m1,test_msl,sand,iou,,0,0,110732
sam__region_oracle_upper_bound__vit-b__in_rover__seed1414__gpu_full__3e6df100__git3bd8b1e0__code6e952f10__20260724T172450269924Z,msl_ncam_nlb_558364829edr_f0660000ncam00253m1,test_msl,big_rock,iou,,0,0,110732
sam__region_oracle_upper_bound__vit-b__in_rover__seed1414__gpu_full__3e6df100__git3bd8b1e0__code6e952f10__20260724T172450269924Z,msl_ncam_nlb_558364829edr_f0660000ncam00253m1,test_msl,ALL,pixel_acc,0.9881606039807824,0,0,110732
sam__region_oracle_upper_bound__vit-b__in_rover__seed1414__gpu_full__3e6df100__git3bd8b1e0__code6e952f10__20260724T172450269924Z,msl_ncam_nlb_558364829edr_f0660000ncam00253m1,test_msl,ALL,boundary_f1,0.4826183917093008,0,0,110732
sam__region_oracle_upper_bound__vit-b__in_rover__seed1414__gpu_full__3e6df100__git3bd8b1e0__code6e952f10__20260724T172450269924Z,msl_ncam_nlb_558364943edr_f0660000ncam00253m1,test_msl,soil,iou,0.0,0,2239,3436
sam__region_oracle_upper_bound__vit-b__in_rover__seed1414__gpu_full__3e6df100__git3bd8b1e0__code6e952f10__20260724T172450269924Z,msl_ncam_nlb_558364943edr_f0660000ncam00253m1,test_msl,bedrock,iou,0.34837019790454016,1197,3436,3436
sam__region_oracle_upper_bound__vit-b__in_rover__seed1414__gpu_full__3e6df100__git3bd8b1e0__code6e952f10__20260724T172450269924Z,msl_ncam_nlb_558364943edr_f0660000ncam00253m1,test_msl,sand,iou,,0,0,3436
sam__region_oracle_upper_bound__vit-b__in_rover__seed1414__gpu_full__3e6df100__git3bd8b1e0__code6e952f10__20260724T172450269924Z,msl_ncam_nlb_558364943edr_f0660000ncam00253m1,test_msl,big_rock,iou,,0,0,3436
sam__region_oracle_upper_bound__vit-b__in_rover__seed1414__gpu_full__3e6df100__git3bd8b1e0__code6e952f10__20260724T172450269924Z,msl_ncam_nlb_558364943edr_f0660000ncam00253m1,test_msl,ALL,pixel_acc,0.34837019790454016,0,0,3436
sam__region_oracle_upper_bound__vit-b__in_rover__seed1414__gpu_full__3e6df100__git3bd8b1e0__code6e952f10__20260724T172450269924Z,msl_ncam_nlb_558364943edr_f0660000ncam00253m1,test_msl,ALL,boundary_f1,0.2615803814713896,0,0,3436
sam__region_oracle_upper_bound__vit-b__in_rover__seed1414__gpu_full__3e6df100__git3bd8b1e0__code6e952f10__20260724T172450269924Z,msl_ncam_nlb_558365006edr_f0660000ncam00253m1,test_msl,soil,iou,0.00312435387902318,136,43529,47526
sam__region_oracle_upper_bound__vit-b__in_rover__seed1414__gpu_full__3e6df100__git3bd8b1e0__code6e952f10__20260724T172450269924Z,msl_ncam_nlb_558365006edr_f0660000ncam00253m1,test_msl,bedrock,iou,0.0843426883308715,3997,47390,47526
sam__region_oracle_upper_bound__vit-b__in_rover__seed1414__gpu_full__3e6df100__git3bd8b1e0__code6e952f10__20260724T172450269924Z,msl_ncam_nlb_558365006edr_f0660000ncam00253m1,test_msl,sand,iou,,0,0,47526
sam__region_oracle_upper_bound__vit-b__in_rover__seed1414__gpu_full__3e6df100__git3bd8b1e0__code6e952f10__20260724T172450269924Z,msl_ncam_nlb_558365006edr_f0660000ncam00253m1,test_msl,big_rock,iou,,0,0,47526
sam__region_oracle_upper_bound__vit-b__in_rover__seed1414__gpu_full__3e6df100__git3bd8b1e0__code6e952f10__20260724T172450269924Z,msl_ncam_nlb_558365006edr_f0660000ncam00253m1,test_msl,ALL,pixel_acc,0.08696292555653748,0,0,47526
sam__region_oracle_upper_bound__vit-b__in_rover__seed1414__gpu_full__3e6df100__git3bd8b1e0__code6e952f10__20260724T172450269924Z,msl_ncam_nlb_558365006edr_f0660000ncam00253m1,test_msl,ALL,boundary_f1,0.16926354204000868,0,0,47526
sam__region_oracle_upper_bound__vit-b__in_rover__seed1414__gpu_full__3e6df100__git3bd8b1e0__code6e952f10__20260724T172450269924Z,msl_ncam_nlb_558365068edr_f0660000ncam00253m1,test_msl,soil,iou,0.0,0,132742,142185
sam__region_oracle_upper_bound__vit-b__in_rover__seed1414__gpu_full__3e6df100__git3bd8b1e0__code6e952f10__20260724T172450269924Z,msl_ncam_nlb_558365068edr_f0660000ncam00253m1,test_msl,bedrock,iou,0.0664134754017653,9443,142185,142185
sam__region_oracle_upper_bound__vit-b__in_rover__seed1414__gpu_full__3e6df100__git3bd8b1e0__code6e952f10__20260724T172450269924Z,msl_ncam_nlb_558365068edr_f0660000ncam00253m1,test_msl,sand,iou,,0,0,142185
sam__region_oracle_upper_bound__vit-b__in_rover__seed1414__gpu_full__3e6df100__git3bd8b1e0__code6e952f10__20260724T172450269924Z,msl_ncam_nlb_558365068edr_f0660000ncam00253m1,test_msl,big_rock,iou,,0,0,142185
sam__region_oracle_upper_bound__vit-b__in_rover__seed1414__gpu_full__3e6df100__git3bd8b1e0__code6e952f10__20260724T172450269924Z,msl_ncam_nlb_558365068edr_f0660000ncam00253m1,test_msl,ALL,pixel_acc,0.0664134754017653,0,0,142185
sam__region_oracle_upper_bound__vit-b__in_rover__seed1414__gpu_full__3e6df100__git3bd8b1e0__code6e952f10__20260724T172450269924Z,msl_ncam_nlb_558365068edr_f0660000ncam00253m1,test_msl,ALL,boundary_f1,0.0742574917884502,0,0,142185
sam__region_oracle_upper_bound__vit-b__in_rover__seed1414__gpu_full__3e6df100__git3bd8b1e0__code6e952f10__20260724T172450269924Z,msl_ncam_nlb_560302217edr_f0660952ncam00320m1,test_msl,soil,iou,0.0,0,31339,41827
sam__region_oracle_upper_bound__vit-b__in_rover__seed1414__gpu_full__3e6df100__git3bd8b1e0__code6e952f10__20260724T172450269924Z,msl_ncam_nlb_560302217edr_f0660952ncam00320m1,test_msl,bedrock,iou,0.2507471250627585,10488,41827,41827
sam__region_oracle_upper_bound__vit-b__in_rover__seed1414__gpu_full__3e6df100__git3bd8b1e0__code6e952f10__20260724T172450269924Z,msl_ncam_nlb_560302217edr_f0660952ncam00320m1,test_msl,sand,iou,,0,0,41827
sam__region_oracle_upper_bound__vit-b__in_rover__seed1414__gpu_full__3e6df100__git3bd8b1e0__code6e952f10__20260724T172450269924Z,msl_ncam_nlb_560302217edr_f0660952ncam00320m1,test_msl,big_rock,iou,,0,0,41827
sam__region_oracle_upper_bound__vit-b__in_rover__seed1414__gpu_full__3e6df100__git3bd8b1e0__code6e952f10__20260724T172450269924Z,msl_ncam_nlb_560302217edr_f0660952ncam00320m1,test_msl,ALL,pixel_acc,0.2507471250627585,0,0,41827
sam__region_oracle_upper_bound__vit-b__in_rover__seed1414__gpu_full__3e6df100__git3bd8b1e0__code6e952f10__20260724T172450269924Z,msl_ncam_nlb_560302217edr_f0660952ncam00320m1,test_msl,ALL,boundary_f1,0.2408052651955091,0,0,41827
sam__region_oracle_upper_bound__vit-b__in_rover__seed1414__gpu_full__3e6df100__git3bd8b1e0__code6e952f10__20260724T172450269924Z,msl_ncam_nlb_560310464edr_f0661030ncam00385m1,test_msl,soil,iou,0.0,0,562,158565
sam__region_oracle_upper_bound__vit-b__in_rover__seed1414__gpu_full__3e6df100__git3bd8b1e0__code6e952f10__20260724T172450269924Z,msl_ncam_nlb_560310464edr_f0661030ncam00385m1,test_msl,bedrock,iou,0.9964557121685114,158003,158565,158565
sam__region_oracle_upper_bound__vit-b__in_rover__seed1414__gpu_full__3e6df100__git3bd8b1e0__code6e952f10__20260724T172450269924Z,msl_ncam_nlb_560310464edr_f0661030ncam00385m1,test_msl,sand,iou,,0,0,158565
sam__region_oracle_upper_bound__vit-b__in_rover__seed1414__gpu_full__3e6df100__git3bd8b1e0__code6e952f10__20260724T172450269924Z,msl_ncam_nlb_560310464edr_f0661030ncam00385m1,test_msl,big_rock,iou,,0,0,158565
sam__region_oracle_upper_bound__vit-b__in_rover__seed1414__gpu_full__3e6df100__git3bd8b1e0__code6e952f10__20260724T172450269924Z,msl_ncam_nlb_560310464edr_f0661030ncam00385m1,test_msl,ALL,pixel_acc,0.9964557121685114,0,0,158565
sam__region_oracle_upper_bound__vit-b__in_rover__seed1414__gpu_full__3e6df100__git3bd8b1e0__code6e952f10__20260724T172450269924Z,msl_ncam_nlb_560310464edr_f0661030ncam00385m1,test_msl,ALL,boundary_f1,0.47993873409542226,0,0,158565
sam__region_oracle_upper_bound__vit-b__in_rover__seed1414__gpu_full__3e6df100__git3bd8b1e0__code6e952f10__20260724T172450269924Z,msl_ncam_nlb_560311677edr_f0661112ncam00353m1,test_msl,soil,iou,0.004503913594822686,206,45738,58722
sam__region_oracle_upper_bound__vit-b__in_rover__seed1414__gpu_full__3e6df100__git3bd8b1e0__code6e952f10__20260724T172450269924Z,msl_ncam_nlb_560311677edr_f0661112ncam00353m1,test_msl,bedrock,iou,0.2218880306241028,12984,58516,58722
sam__region_oracle_upper_bound__vit-b__in_rover__seed1414__gpu_full__3e6df100__git3bd8b1e0__code6e952f10__20260724T172450269924Z,msl_ncam_nlb_560311677edr_f0661112ncam00353m1,test_msl,sand,iou,,0,0,58722
sam__region_oracle_upper_bound__vit-b__in_rover__seed1414__gpu_full__3e6df100__git3bd8b1e0__code6e952f10__20260724T172450269924Z,msl_ncam_nlb_560311677edr_f0661112ncam00353m1,test_msl,big_rock,iou,,0,0,58722
sam__region_oracle_upper_bound__vit-b__in_rover__seed1414__gpu_full__3e6df100__git3bd8b1e0__code6e952f10__20260724T172450269924Z,msl_ncam_nlb_560311677edr_f0661112ncam00353m1,test_msl,ALL,pixel_acc,0.22461769013316985,0,0,58722
sam__region_oracle_upper_bound__vit-b__in_rover__seed1414__gpu_full__3e6df100__git3bd8b1e0__code6e952f10__20260724T172450269924Z,msl_ncam_nlb_560311677edr_f0661112ncam00353m1,test_msl,ALL,boundary_f1,0.19093405819479362,0,0,58722
sam__region_oracle_upper_bound__vit-b__in_rover__seed1414__gpu_full__3e6df100__git3bd8b1e0__code6e952f10__20260724T172450269924Z,msl_ncam_nlb_560311785edr_f0661112ncam00273m1,test_msl,soil,iou,,0,0,67364
sam__region_oracle_upper_bound__vit-b__in_rover__seed1414__gpu_full__3e6df100__git3bd8b1e0__code6e952f10__20260724T172450269924Z,msl_ncam_nlb_560311785edr_f0661112ncam00273m1,test_msl,bedrock,iou,1.0,67364,67364,67364
sam__region_oracle_upper_bound__vit-b__in_rover__seed1414__gpu_full__3e6df100__git3bd8b1e0__code6e952f10__20260724T172450269924Z,msl_ncam_nlb_560311785edr_f0661112ncam00273m1,test_msl,sand,iou,,0,0,67364
sam__region_oracle_upper_bound__vit-b__in_rover__seed1414__gpu_full__3e6df100__git3bd8b1e0__code6e952f10__20260724T172450269924Z,msl_ncam_nlb_560311785edr_f0661112ncam00273m1,test_msl,big_rock,iou,,0,0,67364
sam__region_oracle_upper_bound__vit-b__in_rover__seed1414__gpu_full__3e6df100__git3bd8b1e0__code6e952f10__20260724T172450269924Z,msl_ncam_nlb_560311785edr_f0661112ncam00273m1,test_msl,ALL,pixel_acc,1.0,0,0,67364
sam__region_oracle_upper_bound__vit-b__in_rover__seed1414__gpu_full__3e6df100__git3bd8b1e0__code6e952f10__20260724T172450269924Z,msl_ncam_nlb_560311785edr_f0661112ncam00273m1,test_msl,ALL,boundary_f1,1.0,0,0,67364
sam__region_oracle_upper_bound__vit-b__in_rover__seed1414__gpu_full__3e6df100__git3bd8b1e0__code6e952f10__20260724T172450269924Z,msl_ncam_nlb_560311842edr_f0661112ncam00273m1,test_msl,soil,iou,,0,0,94786
sam__region_oracle_upper_bound__vit-b__in_rover__seed1414__gpu_full__3e6df100__git3bd8b1e0__code6e952f10__20260724T172450269924Z,msl_ncam_nlb_560311842edr_f0661112ncam00273m1,test_msl,bedrock,iou,1.0,94786,94786,94786
sam__region_oracle_upper_bound__vit-b__in_rover__seed1414__gpu_full__3e6df100__git3bd8b1e0__code6e952f10__20260724T172450269924Z,msl_ncam_nlb_560311842edr_f0661112ncam00273m1,test_msl,sand,iou,,0,0,94786
sam__region_oracle_upper_bound__vit-b__in_rover__seed1414__gpu_full__3e6df100__git3bd8b1e0__code6e952f10__20260724T172450269924Z,msl_ncam_nlb_560311842edr_f0661112ncam00273m1,test_msl,big_rock,iou,,0,0,94786
sam__region_oracle_upper_bound__vit-b__in_rover__seed1414__gpu_full__3e6df100__git3bd8b1e0__code6e952f10__20260724T172450269924Z,msl_ncam_nlb_560311842edr_f0661112ncam00273m1,test_msl,ALL,pixel_acc,1.0,0,0,94786
sam__region_oracle_upper_bound__vit-b__in_rover__seed1414__gpu_full__3e6df100__git3bd8b1e0__code6e952f10__20260724T172450269924Z,msl_ncam_nlb_560311842edr_f0661112ncam00273m1,test_msl,ALL,boundary_f1,1.0,0,0,94786
sam__region_oracle_upper_bound__vit-b__in_rover__seed1414__gpu_full__3e6df100__git3bd8b1e0__code6e952f10__20260724T172450269924Z,msl_ncam_nlb_560311891edr_f0661112ncam00273m1,test_msl,soil,iou,0.0,0,61935,80347
sam__region_oracle_upper_bound__vit-b__in_rover__seed1414__gpu_full__3e6df100__git3bd8b1e0__code6e952f10__20260724T172450269924Z,msl_ncam_nlb_560311891edr_f0661112ncam00273m1,test_msl,bedrock,iou,0.22915603569517218,18412,80347,80347
sam__region_oracle_upper_bound__vit-b__in_rover__seed1414__gpu_full__3e6df100__git3bd8b1e0__code6e952f10__20260724T172450269924Z,msl_ncam_nlb_560311891edr_f0661112ncam00273m1,test_msl,sand,iou,,0,0,80347
sam__region_oracle_upper_bound__vit-b__in_rover__seed1414__gpu_full__3e6df100__git3bd8b1e0__code6e952f10__20260724T172450269924Z,msl_ncam_nlb_560311891edr_f0661112ncam00273m1,test_msl,big_rock,iou,,0,0,80347
sam__region_oracle_upper_bound__vit-b__in_rover__seed1414__gpu_full__3e6df100__git3bd8b1e0__code6e952f10__20260724T172450269924Z,msl_ncam_nlb_560311891edr_f0661112ncam00273m1,test_msl,ALL,pixel_acc,0.22915603569517218,0,0,80347
sam__region_oracle_upper_bound__vit-b__in_rover__seed1414__gpu_full__3e6df100__git3bd8b1e0__code6e952f10__20260724T172450269924Z,msl_ncam_nlb_560311891edr_f0661112ncam00273m1,test_msl,ALL,boundary_f1,0.2263962020435867,0,0,80347
sam__region_oracle_upper_bound__vit-b__in_rover__seed1414__gpu_full__3e6df100__git3bd8b1e0__code6e952f10__20260724T172450269924Z,msl_ncam_nlb_560312189edr_f0661112ncam00354m1,test_msl,soil,iou,0.0,0,80185,115548
sam__region_oracle_upper_bound__vit-b__in_rover__seed1414__gpu_full__3e6df100__git3bd8b1e0__code6e952f10__20260724T172450269924Z,msl_ncam_nlb_560312189edr_f0661112ncam00354m1,test_msl,bedrock,iou,0.30604597223664626,35363,115548,115548
sam__region_oracle_upper_bound__vit-b__in_rover__seed1414__gpu_full__3e6df100__git3bd8b1e0__code6e952f10__20260724T172450269924Z,msl_ncam_nlb_560312189edr_f0661112ncam00354m1,test_msl,sand,iou,,0,0,115548
sam__region_oracle_upper_bound__vit-b__in_rover__seed1414__gpu_full__3e6df100__git3bd8b1e0__code6e952f10__20260724T172450269924Z,msl_ncam_nlb_560312189edr_f0661112ncam00354m1,test_msl,big_rock,iou,,0,0,115548
sam__region_oracle_upper_bound__vit-b__in_rover__seed1414__gpu_full__3e6df100__git3bd8b1e0__code6e952f10__20260724T172450269924Z,msl_ncam_nlb_560312189edr_f0661112ncam00354m1,test_msl,ALL,pixel_acc,0.30604597223664626,0,0,115548
sam__region_oracle_upper_bound__vit-b__in_rover__seed1414__gpu_full__3e6df100__git3bd8b1e0__code6e952f10__20260724T172450269924Z,msl_ncam_nlb_560312189edr_f0661112ncam00354m1,test_msl,ALL,boundary_f1,0.24610787403769657,0,0,115548
sam__region_oracle_upper_bound__vit-b__in_rover__seed1414__gpu_full__3e6df100__git3bd8b1e0__code6e952f10__20260724T172450269924Z,msl_ncam_nlb_560316500edr_f0661112ncam00274m1,test_msl,soil,iou,0.0,0,76,167888
sam__region_oracle_upper_bound__vit-b__in_rover__seed1414__gpu_full__3e6df100__git3bd8b1e0__code6e952f10__20260724T172450269924Z,msl_ncam_nlb_560316500edr_f0661112ncam00274m1,test_msl,bedrock,iou,0.9995473172591252,167812,167888,167888
sam__region_oracle_upper_bound__vit-b__in_rover__seed1414__gpu_full__3e6df100__git3bd8b1e0__code6e952f10__20260724T172450269924Z,msl_ncam_nlb_560316500edr_f0661112ncam00274m1,test_msl,sand,iou,,0,0,167888
sam__region_oracle_upper_bound__vit-b__in_rover__seed1414__gpu_full__3e6df100__git3bd8b1e0__code6e952f10__20260724T172450269924Z,msl_ncam_nlb_560316500edr_f0661112ncam00274m1,test_msl,big_rock,iou,,0,0,167888
sam__region_oracle_upper_bound__vit-b__in_rover__seed1414__gpu_full__3e6df100__git3bd8b1e0__code6e952f10__20260724T172450269924Z,msl_ncam_nlb_560316500edr_f0661112ncam00274m1,test_msl,ALL,pixel_acc,0.9995473172591252,0,0,167888
sam__region_oracle_upper_bound__vit-b__in_rover__seed1414__gpu_full__3e6df100__git3bd8b1e0__code6e952f10__20260724T172450269924Z,msl_ncam_nlb_560316500edr_f0661112ncam00274m1,test_msl,ALL,boundary_f1,0.48774002954209744,0,0,167888
sam__region_oracle_upper_bound__vit-b__in_rover__seed1414__gpu_full__3e6df100__git3bd8b1e0__code6e952f10__20260724T172450269924Z,msl_ncam_nlb_560316562edr_f0661112ncam00274m1,test_msl,soil,iou,0.0,0,98,130575
sam__region_oracle_upper_bound__vit-b__in_rover__seed1414__gpu_full__3e6df100__git3bd8b1e0__code6e952f10__20260724T172450269924Z,msl_ncam_nlb_560316562edr_f0661112ncam00274m1,test_msl,bedrock,iou,0.9992494734826728,130477,130575,130575
sam__region_oracle_upper_bound__vit-b__in_rover__seed1414__gpu_full__3e6df100__git3bd8b1e0__code6e952f10__20260724T172450269924Z,msl_ncam_nlb_560316562edr_f0661112ncam00274m1,test_msl,sand,iou,,0,0,130575
sam__region_oracle_upper_bound__vit-b__in_rover__seed1414__gpu_full__3e6df100__git3bd8b1e0__code6e952f10__20260724T172450269924Z,msl_ncam_nlb_560316562edr_f0661112ncam00274m1,test_msl,big_rock,iou,,0,0,130575
sam__region_oracle_upper_bound__vit-b__in_rover__seed1414__gpu_full__3e6df100__git3bd8b1e0__code6e952f10__20260724T172450269924Z,msl_ncam_nlb_560316562edr_f0661112ncam00274m1,test_msl,ALL,pixel_acc,0.9992494734826728,0,0,130575
sam__region_oracle_upper_bound__vit-b__in_rover__seed1414__gpu_full__3e6df100__git3bd8b1e0__code6e952f10__20260724T172450269924Z,msl_ncam_nlb_560316562edr_f0661112ncam00274m1,test_msl,ALL,boundary_f1,0.4954078969879009,0,0,130575
sam__region_oracle_upper_bound__vit-b__in_rover__seed1414__gpu_full__3e6df100__git3bd8b1e0__code6e952f10__20260724T172450269924Z,msl_ncam_nlb_560316739edr_f0661112ncam00274m1,test_msl,soil,iou,0.0,0,47351,49617
sam__region_oracle_upper_bound__vit-b__in_rover__seed1414__gpu_full__3e6df100__git3bd8b1e0__code6e952f10__20260724T172450269924Z,msl_ncam_nlb_560316739edr_f0661112ncam00274m1,test_msl,bedrock,iou,0.04566983090473024,2266,49617,49617
sam__region_oracle_upper_bound__vit-b__in_rover__seed1414__gpu_full__3e6df100__git3bd8b1e0__code6e952f10__20260724T172450269924Z,msl_ncam_nlb_560316739edr_f0661112ncam00274m1,test_msl,sand,iou,,0,0,49617
sam__region_oracle_upper_bound__vit-b__in_rover__seed1414__gpu_full__3e6df100__git3bd8b1e0__code6e952f10__20260724T172450269924Z,msl_ncam_nlb_560316739edr_f0661112ncam00274m1,test_msl,big_rock,iou,,0,0,49617
sam__region_oracle_upper_bound__vit-b__in_rover__seed1414__gpu_full__3e6df100__git3bd8b1e0__code6e952f10__20260724T172450269924Z,msl_ncam_nlb_560316739edr_f0661112ncam00274m1,test_msl,ALL,pixel_acc,0.04566983090473024,0,0,49617
sam__region_oracle_upper_bound__vit-b__in_rover__seed1414__gpu_full__3e6df100__git3bd8b1e0__code6e952f10__20260724T172450269924Z,msl_ncam_nlb_560316739edr_f0661112ncam00274m1,test_msl,ALL,boundary_f1,0.06447354525293061,0,0,49617
sam__region_oracle_upper_bound__vit-b__in_rover__seed1414__gpu_full__3e6df100__git3bd8b1e0__code6e952f10__20260724T172450269924Z,msl_ncam_nlb_565016252edr_f0670180ncam00385m1,test_msl,soil,iou,1.0,119731,119731,119731
sam__region_oracle_upper_bound__vit-b__in_rover__seed1414__gpu_full__3e6df100__git3bd8b1e0__code6e952f10__20260724T172450269924Z,msl_ncam_nlb_565016252edr_f0670180ncam00385m1,test_msl,bedrock,iou,,0,0,119731
sam__region_oracle_upper_bound__vit-b__in_rover__seed1414__gpu_full__3e6df100__git3bd8b1e0__code6e952f10__20260724T172450269924Z,msl_ncam_nlb_565016252edr_f0670180ncam00385m1,test_msl,sand,iou,,0,0,119731
sam__region_oracle_upper_bound__vit-b__in_rover__seed1414__gpu_full__3e6df100__git3bd8b1e0__code6e952f10__20260724T172450269924Z,msl_ncam_nlb_565016252edr_f0670180ncam00385m1,test_msl,big_rock,iou,,0,0,119731
sam__region_oracle_upper_bound__vit-b__in_rover__seed1414__gpu_full__3e6df100__git3bd8b1e0__code6e952f10__20260724T172450269924Z,msl_ncam_nlb_565016252edr_f0670180ncam00385m1,test_msl,ALL,pixel_acc,1.0,0,0,119731
sam__region_oracle_upper_bound__vit-b__in_rover__seed1414__gpu_full__3e6df100__git3bd8b1e0__code6e952f10__20260724T172450269924Z,msl_ncam_nlb_565016252edr_f0670180ncam00385m1,test_msl,ALL,boundary_f1,1.0,0,0,119731
sam__region_oracle_upper_bound__vit-b__in_rover__seed1414__gpu_full__3e6df100__git3bd8b1e0__code6e952f10__20260724T172450269924Z,msl_ncam_nlb_565022734edr_f0670216ncam00375m1,test_msl,soil,iou,0.958936246725003,55999,58397,61281
sam__region_oracle_upper_bound__vit-b__in_rover__seed1414__gpu_full__3e6df100__git3bd8b1e0__code6e952f10__20260724T172450269924Z,msl_ncam_nlb_565022734edr_f0670216ncam00375m1,test_msl,bedrock,iou,0.54600530102234,2884,5282,61281
sam__region_oracle_upper_bound__vit-b__in_rover__seed1414__gpu_full__3e6df100__git3bd8b1e0__code6e952f10__20260724T172450269924Z,msl_ncam_nlb_565022734edr_f0670216ncam00375m1,test_msl,sand,iou,,0,0,61281
sam__region_oracle_upper_bound__vit-b__in_rover__seed1414__gpu_full__3e6df100__git3bd8b1e0__code6e952f10__20260724T172450269924Z,msl_ncam_nlb_565022734edr_f0670216ncam00375m1,test_msl,big_rock,iou,,0,0,61281
sam__region_oracle_upper_bound__vit-b__in_rover__seed1414__gpu_full__3e6df100__git3bd8b1e0__code6e952f10__20260724T172450269924Z,msl_ncam_nlb_565022734edr_f0670216ncam00375m1,test_msl,ALL,pixel_acc,0.9608687847783163,0,0,61281
sam__region_oracle_upper_bound__vit-b__in_rover__seed1414__gpu_full__3e6df100__git3bd8b1e0__code6e952f10__20260724T172450269924Z,msl_ncam_nlb_565022734edr_f0670216ncam00375m1,test_msl,ALL,boundary_f1,0.8305416266581315,0,0,61281
sam__region_oracle_upper_bound__vit-b__in_rover__seed1414__gpu_full__3e6df100__git3bd8b1e0__code6e952f10__20260724T172450269924Z,msl_ncam_nlb_565022803edr_f0670216ncam00252m1,test_msl,soil,iou,0.782476609084886,48422,61883,61883
sam__region_oracle_upper_bound__vit-b__in_rover__seed1414__gpu_full__3e6df100__git3bd8b1e0__code6e952f10__20260724T172450269924Z,msl_ncam_nlb_565022803edr_f0670216ncam00252m1,test_msl,bedrock,iou,,0,0,61883
sam__region_oracle_upper_bound__vit-b__in_rover__seed1414__gpu_full__3e6df100__git3bd8b1e0__code6e952f10__20260724T172450269924Z,msl_ncam_nlb_565022803edr_f0670216ncam00252m1,test_msl,sand,iou,0.0,0,13461,61883
sam__region_oracle_upper_bound__vit-b__in_rover__seed1414__gpu_full__3e6df100__git3bd8b1e0__code6e952f10__20260724T172450269924Z,msl_ncam_nlb_565022803edr_f0670216ncam00252m1,test_msl,big_rock,iou,,0,0,61883
sam__region_oracle_upper_bound__vit-b__in_rover__seed1414__gpu_full__3e6df100__git3bd8b1e0__code6e952f10__20260724T172450269924Z,msl_ncam_nlb_565022803edr_f0670216ncam00252m1,test_msl,ALL,pixel_acc,0.782476609084886,0,0,61883
sam__region_oracle_upper_bound__vit-b__in_rover__seed1414__gpu_full__3e6df100__git3bd8b1e0__code6e952f10__20260724T172450269924Z,msl_ncam_nlb_565022803edr_f0670216ncam00252m1,test_msl,ALL,boundary_f1,0.40886203423967776,0,0,61883
sam__region_oracle_upper_bound__vit-b__in_rover__seed1414__gpu_full__3e6df100__git3bd8b1e0__code6e952f10__20260724T172450269924Z,msl_ncam_nlb_565022931edr_f0670216ncam00252m1,test_msl,soil,iou,1.0,213200,213200,213200
sam__region_oracle_upper_bound__vit-b__in_rover__seed1414__gpu_full__3e6df100__git3bd8b1e0__code6e952f10__20260724T172450269924Z,msl_ncam_nlb_565022931edr_f0670216ncam00252m1,test_msl,bedrock,iou,,0,0,213200
sam__region_oracle_upper_bound__vit-b__in_rover__seed1414__gpu_full__3e6df100__git3bd8b1e0__code6e952f10__20260724T172450269924Z,msl_ncam_nlb_565022931edr_f0670216ncam00252m1,test_msl,sand,iou,,0,0,213200
sam__region_oracle_upper_bound__vit-b__in_rover__seed1414__gpu_full__3e6df100__git3bd8b1e0__code6e952f10__20260724T172450269924Z,msl_ncam_nlb_565022931edr_f0670216ncam00252m1,test_msl,big_rock,iou,,0,0,213200
sam__region_oracle_upper_bound__vit-b__in_rover__seed1414__gpu_full__3e6df100__git3bd8b1e0__code6e952f10__20260724T172450269924Z,msl_ncam_nlb_565022931edr_f0670216ncam00252m1,test_msl,ALL,pixel_acc,1.0,0,0,213200
sam__region_oracle_upper_bound__vit-b__in_rover__seed1414__gpu_full__3e6df100__git3bd8b1e0__code6e952f10__20260724T172450269924Z,msl_ncam_nlb_565022931edr_f0670216ncam00252m1,test_msl,ALL,boundary_f1,1.0,0,0,213200
sam__region_oracle_upper_bound__vit-b__in_rover__seed1414__gpu_full__3e6df100__git3bd8b1e0__code6e952f10__20260724T172450269924Z,msl_ncam_nlb_565023199edr_f0670216ncam00312m1,test_msl,soil,iou,1.0,135942,135942,135942
sam__region_oracle_upper_bound__vit-b__in_rover__seed1414__gpu_full__3e6df100__git3bd8b1e0__code6e952f10__20260724T172450269924Z,msl_ncam_nlb_565023199edr_f0670216ncam00312m1,test_msl,bedrock,iou,,0,0,135942
sam__region_oracle_upper_bound__vit-b__in_rover__seed1414__gpu_full__3e6df100__git3bd8b1e0__code6e952f10__20260724T172450269924Z,msl_ncam_nlb_565023199edr_f0670216ncam00312m1,test_msl,sand,iou,,0,0,135942
sam__region_oracle_upper_bound__vit-b__in_rover__seed1414__gpu_full__3e6df100__git3bd8b1e0__code6e952f10__20260724T172450269924Z,msl_ncam_nlb_565023199edr_f0670216ncam00312m1,test_msl,big_rock,iou,,0,0,135942
sam__region_oracle_upper_bound__vit-b__in_rover__seed1414__gpu_full__3e6df100__git3bd8b1e0__code6e952f10__20260724T172450269924Z,msl_ncam_nlb_565023199edr_f0670216ncam00312m1,test_msl,ALL,pixel_acc,1.0,0,0,135942
sam__region_oracle_upper_bound__vit-b__in_rover__seed1414__gpu_full__3e6df100__git3bd8b1e0__code6e952f10__20260724T172450269924Z,msl_ncam_nlb_565023199edr_f0670216ncam00312m1,test_msl,ALL,boundary_f1,1.0,0,0,135942
sam__region_oracle_upper_bound__vit-b__in_rover__seed1414__gpu_full__3e6df100__git3bd8b1e0__code6e952f10__20260724T172450269924Z,msl_ncam_nlb_565023322edr_f0670216ncam00253m1,test_msl,soil,iou,1.0,197483,197483,197483
sam__region_oracle_upper_bound__vit-b__in_rover__seed1414__gpu_full__3e6df100__git3bd8b1e0__code6e952f10__20260724T172450269924Z,msl_ncam_nlb_565023322edr_f0670216ncam00253m1,test_msl,bedrock,iou,,0,0,197483
sam__region_oracle_upper_bound__vit-b__in_rover__seed1414__gpu_full__3e6df100__git3bd8b1e0__code6e952f10__20260724T172450269924Z,msl_ncam_nlb_565023322edr_f0670216ncam00253m1,test_msl,sand,iou,,0,0,197483
sam__region_oracle_upper_bound__vit-b__in_rover__seed1414__gpu_full__3e6df100__git3bd8b1e0__code6e952f10__20260724T172450269924Z,msl_ncam_nlb_565023322edr_f0670216ncam00253m1,test_msl,big_rock,iou,,0,0,197483
sam__region_oracle_upper_bound__vit-b__in_rover__seed1414__gpu_full__3e6df100__git3bd8b1e0__code6e952f10__20260724T172450269924Z,msl_ncam_nlb_565023322edr_f0670216ncam00253m1,test_msl,ALL,pixel_acc,1.0,0,0,197483
sam__region_oracle_upper_bound__vit-b__in_rover__seed1414__gpu_full__3e6df100__git3bd8b1e0__code6e952f10__20260724T172450269924Z,msl_ncam_nlb_565023322edr_f0670216ncam00253m1,test_msl,ALL,boundary_f1,1.0,0,0,197483
sam__region_oracle_upper_bound__vit-b__in_rover__seed1414__gpu_full__3e6df100__git3bd8b1e0__code6e952f10__20260724T172450269924Z,msl_ncam_nlb_565023592edr_f0670216ncam00253m1,test_msl,soil,iou,1.0,71215,71215,71215
sam__region_oracle_upper_bound__vit-b__in_rover__seed1414__gpu_full__3e6df100__git3bd8b1e0__code6e952f10__20260724T172450269924Z,msl_ncam_nlb_565023592edr_f0670216ncam00253m1,test_msl,bedrock,iou,,0,0,71215
sam__region_oracle_upper_bound__vit-b__in_rover__seed1414__gpu_full__3e6df100__git3bd8b1e0__code6e952f10__20260724T172450269924Z,msl_ncam_nlb_565023592edr_f0670216ncam00253m1,test_msl,sand,iou,,0,0,71215
sam__region_oracle_upper_bound__vit-b__in_rover__seed1414__gpu_full__3e6df100__git3bd8b1e0__code6e952f10__20260724T172450269924Z,msl_ncam_nlb_565023592edr_f0670216ncam00253m1,test_msl,big_rock,iou,,0,0,71215
sam__region_oracle_upper_bound__vit-b__in_rover__seed1414__gpu_full__3e6df100__git3bd8b1e0__code6e952f10__20260724T172450269924Z,msl_ncam_nlb_565023592edr_f0670216ncam00253m1,test_msl,ALL,pixel_acc,1.0,0,0,71215
sam__region_oracle_upper_bound__vit-b__in_rover__seed1414__gpu_full__3e6df100__git3bd8b1e0__code6e952f10__20260724T172450269924Z,msl_ncam_nlb_565023592edr_f0670216ncam00253m1,test_msl,ALL,boundary_f1,1.0,0,0,71215
sam__region_oracle_upper_bound__vit-b__in_rover__seed1414__gpu_full__3e6df100__git3bd8b1e0__code6e952f10__20260724T172450269924Z,msl_ncam_nlb_565365464edr_f0670550ncam00385m1,test_msl,soil,iou,0.9100558841792216,139234,152995,153367
sam__region_oracle_upper_bound__vit-b__in_rover__seed1414__gpu_full__3e6df100__git3bd8b1e0__code6e952f10__20260724T172450269924Z,msl_ncam_nlb_565365464edr_f0670550ncam00385m1,test_msl,bedrock,iou,0.02632137550413925,372,14133,153367
sam__region_oracle_upper_bound__vit-b__in_rover__seed1414__gpu_full__3e6df100__git3bd8b1e0__code6e952f10__20260724T172450269924Z,msl_ncam_nlb_565365464edr_f0670550ncam00385m1,test_msl,sand,iou,,0,0,153367
sam__region_oracle_upper_bound__vit-b__in_rover__seed1414__gpu_full__3e6df100__git3bd8b1e0__code6e952f10__20260724T172450269924Z,msl_ncam_nlb_565365464edr_f0670550ncam00385m1,test_msl,big_rock,iou,,0,0,153367
sam__region_oracle_upper_bound__vit-b__in_rover__seed1414__gpu_full__3e6df100__git3bd8b1e0__code6e952f10__20260724T172450269924Z,msl_ncam_nlb_565365464edr_f0670550ncam00385m1,test_msl,ALL,pixel_acc,0.9102740485241284,0,0,153367
sam__region_oracle_upper_bound__vit-b__in_rover__seed1414__gpu_full__3e6df100__git3bd8b1e0__code6e952f10__20260724T172450269924Z,msl_ncam_nlb_565365464edr_f0670550ncam00385m1,test_msl,ALL,boundary_f1,0.44433814979958386,0,0,153367
sam__region_oracle_upper_bound__vit-b__in_rover__seed1414__gpu_full__3e6df100__git3bd8b1e0__code6e952f10__20260724T172450269924Z,msl_ncam_nlb_565366137edr_f0670604ncam00257m1,test_msl,soil,iou,0.9234769799636249,61438,66529,66635
sam__region_oracle_upper_bound__vit-b__in_rover__seed1414__gpu_full__3e6df100__git3bd8b1e0__code6e952f10__20260724T172450269924Z,msl_ncam_nlb_565366137edr_f0670604ncam00257m1,test_msl,bedrock,iou,0.02039638252838176,106,5197,66635
sam__region_oracle_upper_bound__vit-b__in_rover__seed1414__gpu_full__3e6df100__git3bd8b1e0__code6e952f10__20260724T172450269924Z,msl_ncam_nlb_565366137edr_f0670604ncam00257m1,test_msl,sand,iou,,0,0,66635
sam__region_oracle_upper_bound__vit-b__in_rover__seed1414__gpu_full__3e6df100__git3bd8b1e0__code6e952f10__20260724T172450269924Z,msl_ncam_nlb_565366137edr_f0670604ncam00257m1,test_msl,big_rock,iou,,0,0,66635
sam__region_oracle_upper_bound__vit-b__in_rover__seed1414__gpu_full__3e6df100__git3bd8b1e0__code6e952f10__20260724T172450269924Z,msl_ncam_nlb_565366137edr_f0670604ncam00257m1,test_msl,ALL,pixel_acc,0.9235987093869588,0,0,66635
sam__region_oracle_upper_bound__vit-b__in_rover__seed1414__gpu_full__3e6df100__git3bd8b1e0__code6e952f10__20260724T172450269924Z,msl_ncam_nlb_565366137edr_f0670604ncam00257m1,test_msl,ALL,boundary_f1,0.4675040803850513,0,0,66635
sam__region_oracle_upper_bound__vit-b__in_rover__seed1414__gpu_full__3e6df100__git3bd8b1e0__code6e952f10__20260724T172450269924Z,msl_ncam_nlb_565367106edr_f0670650ncam00353m1,test_msl,soil,iou,0.0,0,10859,22563
sam__region_oracle_upper_bound__vit-b__in_rover__seed1414__gpu_full__3e6df100__git3bd8b1e0__code6e952f10__20260724T172450269924Z,msl_ncam_nlb_565367106edr_f0670650ncam00353m1,test_msl,bedrock,iou,0.518725346806719,11704,22563,22563
sam__region_oracle_upper_bound__vit-b__in_rover__seed1414__gpu_full__3e6df100__git3bd8b1e0__code6e952f10__20260724T172450269924Z,msl_ncam_nlb_565367106edr_f0670650ncam00353m1,test_msl,sand,iou,,0,0,22563
sam__region_oracle_upper_bound__vit-b__in_rover__seed1414__gpu_full__3e6df100__git3bd8b1e0__code6e952f10__20260724T172450269924Z,msl_ncam_nlb_565367106edr_f0670650ncam00353m1,test_msl,big_rock,iou,,0,0,22563
sam__region_oracle_upper_bound__vit-b__in_rover__seed1414__gpu_full__3e6df100__git3bd8b1e0__code6e952f10__20260724T172450269924Z,msl_ncam_nlb_565367106edr_f0670650ncam00353m1,test_msl,ALL,pixel_acc,0.518725346806719,0,0,22563
sam__region_oracle_upper_bound__vit-b__in_rover__seed1414__gpu_full__3e6df100__git3bd8b1e0__code6e952f10__20260724T172450269924Z,msl_ncam_nlb_565367106edr_f0670650ncam00353m1,test_msl,ALL,boundary_f1,0.3416898792943361,0,0,22563
sam__region_oracle_upper_bound__vit-b__in_rover__seed1414__gpu_full__3e6df100__git3bd8b1e0__code6e952f10__20260724T172450269924Z,msl_ncam_nlb_565373114edr_f0670650ncam12753m1,test_msl,soil,iou,1.0,145604,145604,145604
sam__region_oracle_upper_bound__vit-b__in_rover__seed1414__gpu_full__3e6df100__git3bd8b1e0__code6e952f10__20260724T172450269924Z,msl_ncam_nlb_565373114edr_f0670650ncam12753m1,test_msl,bedrock,iou,,0,0,145604
sam__region_oracle_upper_bound__vit-b__in_rover__seed1414__gpu_full__3e6df100__git3bd8b1e0__code6e952f10__20260724T172450269924Z,msl_ncam_nlb_565373114edr_f0670650ncam12753m1,test_msl,sand,iou,,0,0,145604
sam__region_oracle_upper_bound__vit-b__in_rover__seed1414__gpu_full__3e6df100__git3bd8b1e0__code6e952f10__20260724T172450269924Z,msl_ncam_nlb_565373114edr_f0670650ncam12753m1,test_msl,big_rock,iou,,0,0,145604
sam__region_oracle_upper_bound__vit-b__in_rover__seed1414__gpu_full__3e6df100__git3bd8b1e0__code6e952f10__20260724T172450269924Z,msl_ncam_nlb_565373114edr_f0670650ncam12753m1,test_msl,ALL,pixel_acc,1.0,0,0,145604
sam__region_oracle_upper_bound__vit-b__in_rover__seed1414__gpu_full__3e6df100__git3bd8b1e0__code6e952f10__20260724T172450269924Z,msl_ncam_nlb_565373114edr_f0670650ncam12753m1,test_msl,ALL,boundary_f1,1.0,0,0,145604
sam__region_oracle_upper_bound__vit-b__in_rover__seed1414__gpu_full__3e6df100__git3bd8b1e0__code6e952f10__20260724T172450269924Z,msl_ncam_nlb_565373298edr_f0670650ncam12753m1,test_msl,soil,iou,0.9612255965292842,35450,36880,37349
sam__region_oracle_upper_bound__vit-b__in_rover__seed1414__gpu_full__3e6df100__git3bd8b1e0__code6e952f10__20260724T172450269924Z,msl_ncam_nlb_565373298edr_f0670650ncam12753m1,test_msl,bedrock,iou,0.2469720905739863,469,1899,37349
sam__region_oracle_upper_bound__vit-b__in_rover__seed1414__gpu_full__3e6df100__git3bd8b1e0__code6e952f10__20260724T172450269924Z,msl_ncam_nlb_565373298edr_f0670650ncam12753m1,test_msl,sand,iou,,0,0,37349
sam__region_oracle_upper_bound__vit-b__in_rover__seed1414__gpu_full__3e6df100__git3bd8b1e0__code6e952f10__20260724T172450269924Z,msl_ncam_nlb_565373298edr_f0670650ncam12753m1,test_msl,big_rock,iou,,0,0,37349
sam__region_oracle_upper_bound__vit-b__in_rover__seed1414__gpu_full__3e6df100__git3bd8b1e0__code6e952f10__20260724T172450269924Z,msl_ncam_nlb_565373298edr_f0670650ncam12753m1,test_msl,ALL,pixel_acc,0.9617124956491472,0,0,37349
sam__region_oracle_upper_bound__vit-b__in_rover__seed1414__gpu_full__3e6df100__git3bd8b1e0__code6e952f10__20260724T172450269924Z,msl_ncam_nlb_565373298edr_f0670650ncam12753m1,test_msl,ALL,boundary_f1,0.675912103041088,0,0,37349
sam__region_oracle_upper_bound__vit-b__in_rover__seed1414__gpu_full__3e6df100__git3bd8b1e0__code6e952f10__20260724T172450269924Z,msl_ncam_nlb_565373360edr_f0670650ncam12753m1,test_msl,soil,iou,0.867518480247993,43657,50324,50543
sam__region_oracle_upper_bound__vit-b__in_rover__seed1414__gpu_full__3e6df100__git3bd8b1e0__code6e952f10__20260724T172450269924Z,msl_ncam_nlb_565373360edr_f0670650ncam12753m1,test_msl,bedrock,iou,0.031803659599186754,219,6886,50543
sam__region_oracle_upper_bound__vit-b__in_rover__seed1414__gpu_full__3e6df100__git3bd8b1e0__code6e952f10__20260724T172450269924Z,msl_ncam_nlb_565373360edr_f0670650ncam12753m1,test_msl,sand,iou,,0,0,50543
sam__region_oracle_upper_bound__vit-b__in_rover__seed1414__gpu_full__3e6df100__git3bd8b1e0__code6e952f10__20260724T172450269924Z,msl_ncam_nlb_565373360edr_f0670650ncam12753m1,test_msl,big_rock,iou,,0,0,50543
sam__region_oracle_upper_bound__vit-b__in_rover__seed1414__gpu_full__3e6df100__git3bd8b1e0__code6e952f10__20260724T172450269924Z,msl_ncam_nlb_565373360edr_f0670650ncam12753m1,test_msl,ALL,pixel_acc,0.8680925152840155,0,0,50543
sam__region_oracle_upper_bound__vit-b__in_rover__seed1414__gpu_full__3e6df100__git3bd8b1e0__code6e952f10__20260724T172450269924Z,msl_ncam_nlb_565373360edr_f0670650ncam12753m1,test_msl,ALL,boundary_f1,0.41221668754429075,0,0,50543
sam__region_oracle_upper_bound__vit-b__in_rover__seed1414__gpu_full__3e6df100__git3bd8b1e0__code6e952f10__20260724T172450269924Z,msl_ncam_nlb_565373417edr_f0670650ncam12753m1,test_msl,soil,iou,0.9531069827033952,66951,70245,70796
sam__region_oracle_upper_bound__vit-b__in_rover__seed1414__gpu_full__3e6df100__git3bd8b1e0__code6e952f10__20260724T172450269924Z,msl_ncam_nlb_565373417edr_f0670650ncam12753m1,test_msl,bedrock,iou,0.1433029908972692,551,3845,70796
sam__region_oracle_upper_bound__vit-b__in_rover__seed1414__gpu_full__3e6df100__git3bd8b1e0__code6e952f10__20260724T172450269924Z,msl_ncam_nlb_565373417edr_f0670650ncam12753m1,test_msl,sand,iou,,0,0,70796
sam__region_oracle_upper_bound__vit-b__in_rover__seed1414__gpu_full__3e6df100__git3bd8b1e0__code6e952f10__20260724T172450269924Z,msl_ncam_nlb_565373417edr_f0670650ncam12753m1,test_msl,big_rock,iou,,0,0,70796
sam__region_oracle_upper_bound__vit-b__in_rover__seed1414__gpu_full__3e6df100__git3bd8b1e0__code6e952f10__20260724T172450269924Z,msl_ncam_nlb_565373417edr_f0670650ncam12753m1,test_msl,ALL,pixel_acc,0.9534719475676592,0,0,70796
sam__region_oracle_upper_bound__vit-b__in_rover__seed1414__gpu_full__3e6df100__git3bd8b1e0__code6e952f10__20260724T172450269924Z,msl_ncam_nlb_565373417edr_f0670650ncam12753m1,test_msl,ALL,boundary_f1,0.5677033272925137,0,0,70796
sam__region_oracle_upper_bound__vit-b__in_rover__seed1414__gpu_full__3e6df100__git3bd8b1e0__code6e952f10__20260724T172450269924Z,msl_ncam_nlb_565373904edr_f0670650ccam15903m1,test_msl,soil,iou,,0,0,0
sam__region_oracle_upper_bound__vit-b__in_rover__seed1414__gpu_full__3e6df100__git3bd8b1e0__code6e952f10__20260724T172450269924Z,msl_ncam_nlb_565373904edr_f0670650ccam15903m1,test_msl,bedrock,iou,,0,0,0
sam__region_oracle_upper_bound__vit-b__in_rover__seed1414__gpu_full__3e6df100__git3bd8b1e0__code6e952f10__20260724T172450269924Z,msl_ncam_nlb_565373904edr_f0670650ccam15903m1,test_msl,sand,iou,,0,0,0
sam__region_oracle_upper_bound__vit-b__in_rover__seed1414__gpu_full__3e6df100__git3bd8b1e0__code6e952f10__20260724T172450269924Z,msl_ncam_nlb_565373904edr_f0670650ccam15903m1,test_msl,big_rock,iou,,0,0,0
sam__region_oracle_upper_bound__vit-b__in_rover__seed1414__gpu_full__3e6df100__git3bd8b1e0__code6e952f10__20260724T172450269924Z,msl_ncam_nlb_565373904edr_f0670650ccam15903m1,test_msl,ALL,pixel_acc,,0,0,0
sam__region_oracle_upper_bound__vit-b__in_rover__seed1414__gpu_full__3e6df100__git3bd8b1e0__code6e952f10__20260724T172450269924Z,msl_ncam_nlb_565373904edr_f0670650ccam15903m1,test_msl,ALL,boundary_f1,,0,0,0
sam__region_oracle_upper_bound__vit-b__in_rover__seed1414__gpu_full__3e6df100__git3bd8b1e0__code6e952f10__20260724T172450269924Z,msl_ncam_nlb_565810401edr_f0670962ncam00386m1,test_msl,soil,iou,1.0,251102,251102,251102
sam__region_oracle_upper_bound__vit-b__in_rover__seed1414__gpu_full__3e6df100__git3bd8b1e0__code6e952f10__20260724T172450269924Z,msl_ncam_nlb_565810401edr_f0670962ncam00386m1,test_msl,bedrock,iou,,0,0,251102
sam__region_oracle_upper_bound__vit-b__in_rover__seed1414__gpu_full__3e6df100__git3bd8b1e0__code6e952f10__20260724T172450269924Z,msl_ncam_nlb_565810401edr_f0670962ncam00386m1,test_msl,sand,iou,,0,0,251102
sam__region_oracle_upper_bound__vit-b__in_rover__seed1414__gpu_full__3e6df100__git3bd8b1e0__code6e952f10__20260724T172450269924Z,msl_ncam_nlb_565810401edr_f0670962ncam00386m1,test_msl,big_rock,iou,,0,0,251102
sam__region_oracle_upper_bound__vit-b__in_rover__seed1414__gpu_full__3e6df100__git3bd8b1e0__code6e952f10__20260724T172450269924Z,msl_ncam_nlb_565810401edr_f0670962ncam00386m1,test_msl,ALL,pixel_acc,1.0,0,0,251102
sam__region_oracle_upper_bound__vit-b__in_rover__seed1414__gpu_full__3e6df100__git3bd8b1e0__code6e952f10__20260724T172450269924Z,msl_ncam_nlb_565810401edr_f0670962ncam00386m1,test_msl,ALL,boundary_f1,1.0,0,0,251102
sam__region_oracle_upper_bound__vit-b__in_rover__seed1414__gpu_full__3e6df100__git3bd8b1e0__code6e952f10__20260724T172450269924Z,msl_ncam_nlb_565811189edr_f0671016ncam00353m1,test_msl,soil,iou,,0,0,0
sam__region_oracle_upper_bound__vit-b__in_rover__seed1414__gpu_full__3e6df100__git3bd8b1e0__code6e952f10__20260724T172450269924Z,msl_ncam_nlb_565811189edr_f0671016ncam00353m1,test_msl,bedrock,iou,,0,0,0
sam__region_oracle_upper_bound__vit-b__in_rover__seed1414__gpu_full__3e6df100__git3bd8b1e0__code6e952f10__20260724T172450269924Z,msl_ncam_nlb_565811189edr_f0671016ncam00353m1,test_msl,sand,iou,,0,0,0
sam__region_oracle_upper_bound__vit-b__in_rover__seed1414__gpu_full__3e6df100__git3bd8b1e0__code6e952f10__20260724T172450269924Z,msl_ncam_nlb_565811189edr_f0671016ncam00353m1,test_msl,big_rock,iou,,0,0,0
sam__region_oracle_upper_bound__vit-b__in_rover__seed1414__gpu_full__3e6df100__git3bd8b1e0__code6e952f10__20260724T172450269924Z,msl_ncam_nlb_565811189edr_f0671016ncam00353m1,test_msl,ALL,pixel_acc,,0,0,0
sam__region_oracle_upper_bound__vit-b__in_rover__seed1414__gpu_full__3e6df100__git3bd8b1e0__code6e952f10__20260724T172450269924Z,msl_ncam_nlb_565811189edr_f0671016ncam00353m1,test_msl,ALL,boundary_f1,,0,0,0
sam__region_oracle_upper_bound__vit-b__in_rover__seed1414__gpu_full__3e6df100__git3bd8b1e0__code6e952f10__20260724T172450269924Z,msl_ncam_nlb_565811345edr_f0671016ncam00261m1,test_msl,soil,iou,1.0,108477,108477,108477
sam__region_oracle_upper_bound__vit-b__in_rover__seed1414__gpu_full__3e6df100__git3bd8b1e0__code6e952f10__20260724T172450269924Z,msl_ncam_nlb_565811345edr_f0671016ncam00261m1,test_msl,bedrock,iou,,0,0,108477
sam__region_oracle_upper_bound__vit-b__in_rover__seed1414__gpu_full__3e6df100__git3bd8b1e0__code6e952f10__20260724T172450269924Z,msl_ncam_nlb_565811345edr_f0671016ncam00261m1,test_msl,sand,iou,,0,0,108477
sam__region_oracle_upper_bound__vit-b__in_rover__seed1414__gpu_full__3e6df100__git3bd8b1e0__code6e952f10__20260724T172450269924Z,msl_ncam_nlb_565811345edr_f0671016ncam00261m1,test_msl,big_rock,iou,,0,0,108477
sam__region_oracle_upper_bound__vit-b__in_rover__seed1414__gpu_full__3e6df100__git3bd8b1e0__code6e952f10__20260724T172450269924Z,msl_ncam_nlb_565811345edr_f0671016ncam00261m1,test_msl,ALL,pixel_acc,1.0,0,0,108477
sam__region_oracle_upper_bound__vit-b__in_rover__seed1414__gpu_full__3e6df100__git3bd8b1e0__code6e952f10__20260724T172450269924Z,msl_ncam_nlb_565811345edr_f0671016ncam00261m1,test_msl,ALL,boundary_f1,1.0,0,0,108477
sam__region_oracle_upper_bound__vit-b__in_rover__seed1414__gpu_full__3e6df100__git3bd8b1e0__code6e952f10__20260724T172450269924Z,msl_ncam_nlb_565811572edr_f0671016ncam00261m1,test_msl,soil,iou,0.9999530017765329,106382,106387,107460
sam__region_oracle_upper_bound__vit-b__in_rover__seed1414__gpu_full__3e6df100__git3bd8b1e0__code6e952f10__20260724T172450269924Z,msl_ncam_nlb_565811572edr_f0671016ncam00261m1,test_msl,bedrock,iou,0.9953617810760668,1073,1078,107460
sam__region_oracle_upper_bound__vit-b__in_rover__seed1414__gpu_full__3e6df100__git3bd8b1e0__code6e952f10__20260724T172450269924Z,msl_ncam_nlb_565811572edr_f0671016ncam00261m1,test_msl,sand,iou,,0,0,107460
sam__region_oracle_upper_bound__vit-b__in_rover__seed1414__gpu_full__3e6df100__git3bd8b1e0__code6e952f10__20260724T172450269924Z,msl_ncam_nlb_565811572edr_f0671016ncam00261m1,test_msl,big_rock,iou,,0,0,107460
sam__region_oracle_upper_bound__vit-b__in_rover__seed1414__gpu_full__3e6df100__git3bd8b1e0__code6e952f10__20260724T172450269924Z,msl_ncam_nlb_565811572edr_f0671016ncam00261m1,test_msl,ALL,pixel_acc,0.9999534710589987,0,0,107460
sam__region_oracle_upper_bound__vit-b__in_rover__seed1414__gpu_full__3e6df100__git3bd8b1e0__code6e952f10__20260724T172450269924Z,msl_ncam_nlb_565811572edr_f0671016ncam00261m1,test_msl,ALL,boundary_f1,0.9994157513437719,0,0,107460
sam__region_oracle_upper_bound__vit-b__in_rover__seed1414__gpu_full__3e6df100__git3bd8b1e0__code6e952f10__20260724T172450269924Z,msl_ncam_nlb_565811686edr_f0671016ncam00261m1,test_msl,soil,iou,1.0,54790,54790,54790
sam__region_oracle_upper_bound__vit-b__in_rover__seed1414__gpu_full__3e6df100__git3bd8b1e0__code6e952f10__20260724T172450269924Z,msl_ncam_nlb_565811686edr_f0671016ncam00261m1,test_msl,bedrock,iou,,0,0,54790
sam__region_oracle_upper_bound__vit-b__in_rover__seed1414__gpu_full__3e6df100__git3bd8b1e0__code6e952f10__20260724T172450269924Z,msl_ncam_nlb_565811686edr_f0671016ncam00261m1,test_msl,sand,iou,,0,0,54790
sam__region_oracle_upper_bound__vit-b__in_rover__seed1414__gpu_full__3e6df100__git3bd8b1e0__code6e952f10__20260724T172450269924Z,msl_ncam_nlb_565811686edr_f0671016ncam00261m1,test_msl,big_rock,iou,,0,0,54790
sam__region_oracle_upper_bound__vit-b__in_rover__seed1414__gpu_full__3e6df100__git3bd8b1e0__code6e952f10__20260724T172450269924Z,msl_ncam_nlb_565811686edr_f0671016ncam00261m1,test_msl,ALL,pixel_acc,1.0,0,0,54790
sam__region_oracle_upper_bound__vit-b__in_rover__seed1414__gpu_full__3e6df100__git3bd8b1e0__code6e952f10__20260724T172450269924Z,msl_ncam_nlb_565811686edr_f0671016ncam00261m1,test_msl,ALL,boundary_f1,1.0,0,0,54790
sam__region_oracle_upper_bound__vit-b__in_rover__seed1414__gpu_full__3e6df100__git3bd8b1e0__code6e952f10__20260724T172450269924Z,msl_ncam_nlb_565812047edr_f0671016ncam00312m1,test_msl,soil,iou,1.0,188747,188747,188747
sam__region_oracle_upper_bound__vit-b__in_rover__seed1414__gpu_full__3e6df100__git3bd8b1e0__code6e952f10__20260724T172450269924Z,msl_ncam_nlb_565812047edr_f0671016ncam00312m1,test_msl,bedrock,iou,,0,0,188747
sam__region_oracle_upper_bound__vit-b__in_rover__seed1414__gpu_full__3e6df100__git3bd8b1e0__code6e952f10__20260724T172450269924Z,msl_ncam_nlb_565812047edr_f0671016ncam00312m1,test_msl,sand,iou,,0,0,188747
sam__region_oracle_upper_bound__vit-b__in_rover__seed1414__gpu_full__3e6df100__git3bd8b1e0__code6e952f10__20260724T172450269924Z,msl_ncam_nlb_565812047edr_f0671016ncam00312m1,test_msl,big_rock,iou,,0,0,188747
sam__region_oracle_upper_bound__vit-b__in_rover__seed1414__gpu_full__3e6df100__git3bd8b1e0__code6e952f10__20260724T172450269924Z,msl_ncam_nlb_565812047edr_f0671016ncam00312m1,test_msl,ALL,pixel_acc,1.0,0,0,188747
sam__region_oracle_upper_bound__vit-b__in_rover__seed1414__gpu_full__3e6df100__git3bd8b1e0__code6e952f10__20260724T172450269924Z,msl_ncam_nlb_565812047edr_f0671016ncam00312m1,test_msl,ALL,boundary_f1,1.0,0,0,188747
sam__region_oracle_upper_bound__vit-b__in_rover__seed1414__gpu_full__3e6df100__git3bd8b1e0__code6e952f10__20260724T172450269924Z,msl_ncam_nlb_570072657edr_f0672848ncam00385m1,test_msl,soil,iou,,0,0,0
sam__region_oracle_upper_bound__vit-b__in_rover__seed1414__gpu_full__3e6df100__git3bd8b1e0__code6e952f10__20260724T172450269924Z,msl_ncam_nlb_570072657edr_f0672848ncam00385m1,test_msl,bedrock,iou,,0,0,0
sam__region_oracle_upper_bound__vit-b__in_rover__seed1414__gpu_full__3e6df100__git3bd8b1e0__code6e952f10__20260724T172450269924Z,msl_ncam_nlb_570072657edr_f0672848ncam00385m1,test_msl,sand,iou,,0,0,0
sam__region_oracle_upper_bound__vit-b__in_rover__seed1414__gpu_full__3e6df100__git3bd8b1e0__code6e952f10__20260724T172450269924Z,msl_ncam_nlb_570072657edr_f0672848ncam00385m1,test_msl,big_rock,iou,,0,0,0
sam__region_oracle_upper_bound__vit-b__in_rover__seed1414__gpu_full__3e6df100__git3bd8b1e0__code6e952f10__20260724T172450269924Z,msl_ncam_nlb_570072657edr_f0672848ncam00385m1,test_msl,ALL,pixel_acc,,0,0,0
sam__region_oracle_upper_bound__vit-b__in_rover__seed1414__gpu_full__3e6df100__git3bd8b1e0__code6e952f10__20260724T172450269924Z,msl_ncam_nlb_570072657edr_f0672848ncam00385m1,test_msl,ALL,boundary_f1,,0,0,0
sam__region_oracle_upper_bound__vit-b__in_rover__seed1414__gpu_full__3e6df100__git3bd8b1e0__code6e952f10__20260724T172450269924Z,msl_ncam_nlb_570073321edr_f0672884ncam00375m1,test_msl,soil,iou,1.0,148527,148527,148527
sam__region_oracle_upper_bound__vit-b__in_rover__seed1414__gpu_full__3e6df100__git3bd8b1e0__code6e952f10__20260724T172450269924Z,msl_ncam_nlb_570073321edr_f0672884ncam00375m1,test_msl,bedrock,iou,,0,0,148527
sam__region_oracle_upper_bound__vit-b__in_rover__seed1414__gpu_full__3e6df100__git3bd8b1e0__code6e952f10__20260724T172450269924Z,msl_ncam_nlb_570073321edr_f0672884ncam00375m1,test_msl,sand,iou,,0,0,148527
sam__region_oracle_upper_bound__vit-b__in_rover__seed1414__gpu_full__3e6df100__git3bd8b1e0__code6e952f10__20260724T172450269924Z,msl_ncam_nlb_570073321edr_f0672884ncam00375m1,test_msl,big_rock,iou,,0,0,148527
sam__region_oracle_upper_bound__vit-b__in_rover__seed1414__gpu_full__3e6df100__git3bd8b1e0__code6e952f10__20260724T172450269924Z,msl_ncam_nlb_570073321edr_f0672884ncam00375m1,test_msl,ALL,pixel_acc,1.0,0,0,148527
sam__region_oracle_upper_bound__vit-b__in_rover__seed1414__gpu_full__3e6df100__git3bd8b1e0__code6e952f10__20260724T172450269924Z,msl_ncam_nlb_570073321edr_f0672884ncam00375m1,test_msl,ALL,boundary_f1,1.0,0,0,148527
sam__region_oracle_upper_bound__vit-b__in_rover__seed1414__gpu_full__3e6df100__git3bd8b1e0__code6e952f10__20260724T172450269924Z,msl_ncam_nlb_570073400edr_f0672884ncam00284m1,test_msl,soil,iou,1.0,141607,141607,141607
sam__region_oracle_upper_bound__vit-b__in_rover__seed1414__gpu_full__3e6df100__git3bd8b1e0__code6e952f10__20260724T172450269924Z,msl_ncam_nlb_570073400edr_f0672884ncam00284m1,test_msl,bedrock,iou,,0,0,141607
sam__region_oracle_upper_bound__vit-b__in_rover__seed1414__gpu_full__3e6df100__git3bd8b1e0__code6e952f10__20260724T172450269924Z,msl_ncam_nlb_570073400edr_f0672884ncam00284m1,test_msl,sand,iou,,0,0,141607
sam__region_oracle_upper_bound__vit-b__in_rover__seed1414__gpu_full__3e6df100__git3bd8b1e0__code6e952f10__20260724T172450269924Z,msl_ncam_nlb_570073400edr_f0672884ncam00284m1,test_msl,big_rock,iou,,0,0,141607
sam__region_oracle_upper_bound__vit-b__in_rover__seed1414__gpu_full__3e6df100__git3bd8b1e0__code6e952f10__20260724T172450269924Z,msl_ncam_nlb_570073400edr_f0672884ncam00284m1,test_msl,ALL,pixel_acc,1.0,0,0,141607
sam__region_oracle_upper_bound__vit-b__in_rover__seed1414__gpu_full__3e6df100__git3bd8b1e0__code6e952f10__20260724T172450269924Z,msl_ncam_nlb_570073400edr_f0672884ncam00284m1,test_msl,ALL,boundary_f1,1.0,0,0,141607
sam__region_oracle_upper_bound__vit-b__in_rover__seed1414__gpu_full__3e6df100__git3bd8b1e0__code6e952f10__20260724T172450269924Z,msl_ncam_nlb_570073456edr_f0672884ncam00284m1,test_msl,soil,iou,0.9042484878614633,87307,96552,96552
sam__region_oracle_upper_bound__vit-b__in_rover__seed1414__gpu_full__3e6df100__git3bd8b1e0__code6e952f10__20260724T172450269924Z,msl_ncam_nlb_570073456edr_f0672884ncam00284m1,test_msl,bedrock,iou,0.0,0,9245,96552
sam__region_oracle_upper_bound__vit-b__in_rover__seed1414__gpu_full__3e6df100__git3bd8b1e0__code6e952f10__20260724T172450269924Z,msl_ncam_nlb_570073456edr_f0672884ncam00284m1,test_msl,sand,iou,,0,0,96552
sam__region_oracle_upper_bound__vit-b__in_rover__seed1414__gpu_full__3e6df100__git3bd8b1e0__code6e952f10__20260724T172450269924Z,msl_ncam_nlb_570073456edr_f0672884ncam00284m1,test_msl,big_rock,iou,,0,0,96552
sam__region_oracle_upper_bound__vit-b__in_rover__seed1414__gpu_full__3e6df100__git3bd8b1e0__code6e952f10__20260724T172450269924Z,msl_ncam_nlb_570073456edr_f0672884ncam00284m1,test_msl,ALL,pixel_acc,0.9042484878614633,0,0,96552
sam__region_oracle_upper_bound__vit-b__in_rover__seed1414__gpu_full__3e6df100__git3bd8b1e0__code6e952f10__20260724T172450269924Z,msl_ncam_nlb_570073456edr_f0672884ncam00284m1,test_msl,ALL,boundary_f1,0.4056318361647661,0,0,96552
sam__region_oracle_upper_bound__vit-b__in_rover__seed1414__gpu_full__3e6df100__git3bd8b1e0__code6e952f10__20260724T172450269924Z,msl_ncam_nlb_570074025edr_f0672884ncam00285m1,test_msl,soil,iou,0.0020984665052461663,39,18585,105810
sam__region_oracle_upper_bound__vit-b__in_rover__seed1414__gpu_full__3e6df100__git3bd8b1e0__code6e952f10__20260724T172450269924Z,msl_ncam_nlb_570074025edr_f0672884ncam00285m1,test_msl,bedrock,iou,0.8246589329778484,87225,105771,105810
sam__region_oracle_upper_bound__vit-b__in_rover__seed1414__gpu_full__3e6df100__git3bd8b1e0__code6e952f10__20260724T172450269924Z,msl_ncam_nlb_570074025edr_f0672884ncam00285m1,test_msl,sand,iou,,0,0,105810
sam__region_oracle_upper_bound__vit-b__in_rover__seed1414__gpu_full__3e6df100__git3bd8b1e0__code6e952f10__20260724T172450269924Z,msl_ncam_nlb_570074025edr_f0672884ncam00285m1,test_msl,big_rock,iou,,0,0,105810
sam__region_oracle_upper_bound__vit-b__in_rover__seed1414__gpu_full__3e6df100__git3bd8b1e0__code6e952f10__20260724T172450269924Z,msl_ncam_nlb_570074025edr_f0672884ncam00285m1,test_msl,ALL,pixel_acc,0.824723561100085,0,0,105810
sam__region_oracle_upper_bound__vit-b__in_rover__seed1414__gpu_full__3e6df100__git3bd8b1e0__code6e952f10__20260724T172450269924Z,msl_ncam_nlb_570074025edr_f0672884ncam00285m1,test_msl,ALL,boundary_f1,0.44875222816399285,0,0,105810
sam__region_oracle_upper_bound__vit-b__in_rover__seed1414__gpu_full__3e6df100__git3bd8b1e0__code6e952f10__20260724T172450269924Z,msl_ncam_nlb_570074144edr_f0672884ncam00285m1,test_msl,soil,iou,,0,0,14959
sam__region_oracle_upper_bound__vit-b__in_rover__seed1414__gpu_full__3e6df100__git3bd8b1e0__code6e952f10__20260724T172450269924Z,msl_ncam_nlb_570074144edr_f0672884ncam00285m1,test_msl,bedrock,iou,1.0,14959,14959,14959
sam__region_oracle_upper_bound__vit-b__in_rover__seed1414__gpu_full__3e6df100__git3bd8b1e0__code6e952f10__20260724T172450269924Z,msl_ncam_nlb_570074144edr_f0672884ncam00285m1,test_msl,sand,iou,,0,0,14959
sam__region_oracle_upper_bound__vit-b__in_rover__seed1414__gpu_full__3e6df100__git3bd8b1e0__code6e952f10__20260724T172450269924Z,msl_ncam_nlb_570074144edr_f0672884ncam00285m1,test_msl,big_rock,iou,,0,0,14959
sam__region_oracle_upper_bound__vit-b__in_rover__seed1414__gpu_full__3e6df100__git3bd8b1e0__code6e952f10__20260724T172450269924Z,msl_ncam_nlb_570074144edr_f0672884ncam00285m1,test_msl,ALL,pixel_acc,1.0,0,0,14959
sam__region_oracle_upper_bound__vit-b__in_rover__seed1414__gpu_full__3e6df100__git3bd8b1e0__code6e952f10__20260724T172450269924Z,msl_ncam_nlb_570074144edr_f0672884ncam00285m1,test_msl,ALL,boundary_f1,1.0,0,0,14959
sam__region_oracle_upper_bound__vit-b__in_rover__seed1414__gpu_full__3e6df100__git3bd8b1e0__code6e952f10__20260724T172450269924Z,msl_ncam_nlb_570074258edr_f0672884ncam00285m1,test_msl,soil,iou,1.0,90077,90077,90077
sam__region_oracle_upper_bound__vit-b__in_rover__seed1414__gpu_full__3e6df100__git3bd8b1e0__code6e952f10__20260724T172450269924Z,msl_ncam_nlb_570074258edr_f0672884ncam00285m1,test_msl,bedrock,iou,,0,0,90077
sam__region_oracle_upper_bound__vit-b__in_rover__seed1414__gpu_full__3e6df100__git3bd8b1e0__code6e952f10__20260724T172450269924Z,msl_ncam_nlb_570074258edr_f0672884ncam00285m1,test_msl,sand,iou,,0,0,90077
sam__region_oracle_upper_bound__vit-b__in_rover__seed1414__gpu_full__3e6df100__git3bd8b1e0__code6e952f10__20260724T172450269924Z,msl_ncam_nlb_570074258edr_f0672884ncam00285m1,test_msl,big_rock,iou,,0,0,90077
sam__region_oracle_upper_bound__vit-b__in_rover__seed1414__gpu_full__3e6df100__git3bd8b1e0__code6e952f10__20260724T172450269924Z,msl_ncam_nlb_570074258edr_f0672884ncam00285m1,test_msl,ALL,pixel_acc,1.0,0,0,90077
sam__region_oracle_upper_bound__vit-b__in_rover__seed1414__gpu_full__3e6df100__git3bd8b1e0__code6e952f10__20260724T172450269924Z,msl_ncam_nlb_570074258edr_f0672884ncam00285m1,test_msl,ALL,boundary_f1,1.0,0,0,90077
sam__region_oracle_upper_bound__vit-b__in_rover__seed1414__gpu_full__3e6df100__git3bd8b1e0__code6e952f10__20260724T172450269924Z,msl_ncam_nlb_574061102edr_f0681232ncam00320m1,test_msl,soil,iou,1.0,26670,26670,26670
sam__region_oracle_upper_bound__vit-b__in_rover__seed1414__gpu_full__3e6df100__git3bd8b1e0__code6e952f10__20260724T172450269924Z,msl_ncam_nlb_574061102edr_f0681232ncam00320m1,test_msl,bedrock,iou,,0,0,26670
sam__region_oracle_upper_bound__vit-b__in_rover__seed1414__gpu_full__3e6df100__git3bd8b1e0__code6e952f10__20260724T172450269924Z,msl_ncam_nlb_574061102edr_f0681232ncam00320m1,test_msl,sand,iou,,0,0,26670
sam__region_oracle_upper_bound__vit-b__in_rover__seed1414__gpu_full__3e6df100__git3bd8b1e0__code6e952f10__20260724T172450269924Z,msl_ncam_nlb_574061102edr_f0681232ncam00320m1,test_msl,big_rock,iou,,0,0,26670
sam__region_oracle_upper_bound__vit-b__in_rover__seed1414__gpu_full__3e6df100__git3bd8b1e0__code6e952f10__20260724T172450269924Z,msl_ncam_nlb_574061102edr_f0681232ncam00320m1,test_msl,ALL,pixel_acc,1.0,0,0,26670
sam__region_oracle_upper_bound__vit-b__in_rover__seed1414__gpu_full__3e6df100__git3bd8b1e0__code6e952f10__20260724T172450269924Z,msl_ncam_nlb_574061102edr_f0681232ncam00320m1,test_msl,ALL,boundary_f1,1.0,0,0,26670
sam__region_oracle_upper_bound__vit-b__in_rover__seed1414__gpu_full__3e6df100__git3bd8b1e0__code6e952f10__20260724T172450269924Z,msl_ncam_nlb_574071379edr_f0681556ncam00379m1,test_msl,soil,iou,0.14859686935318833,13651,91866,116837
sam__region_oracle_upper_bound__vit-b__in_rover__seed1414__gpu_full__3e6df100__git3bd8b1e0__code6e952f10__20260724T172450269924Z,msl_ncam_nlb_574071379edr_f0681556ncam00379m1,test_msl,bedrock,iou,0.2419998837051538,24971,103186,116837
sam__region_oracle_upper_bound__vit-b__in_rover__seed1414__gpu_full__3e6df100__git3bd8b1e0__code6e952f10__20260724T172450269924Z,msl_ncam_nlb_574071379edr_f0681556ncam00379m1,test_msl,sand,iou,,0,0,116837
sam__region_oracle_upper_bound__vit-b__in_rover__seed1414__gpu_full__3e6df100__git3bd8b1e0__code6e952f10__20260724T172450269924Z,msl_ncam_nlb_574071379edr_f0681556ncam00379m1,test_msl,big_rock,iou,,0,0,116837
sam__region_oracle_upper_bound__vit-b__in_rover__seed1414__gpu_full__3e6df100__git3bd8b1e0__code6e952f10__20260724T172450269924Z,msl_ncam_nlb_574071379edr_f0681556ncam00379m1,test_msl,ALL,pixel_acc,0.33056309217114443,0,0,116837
sam__region_oracle_upper_bound__vit-b__in_rover__seed1414__gpu_full__3e6df100__git3bd8b1e0__code6e952f10__20260724T172450269924Z,msl_ncam_nlb_574071379edr_f0681556ncam00379m1,test_msl,ALL,boundary_f1,0.19195390057595038,0,0,116837
sam__region_oracle_upper_bound__vit-b__in_rover__seed1414__gpu_full__3e6df100__git3bd8b1e0__code6e952f10__20260724T172450269924Z,msl_ncam_nlb_574072088edr_f0681616ncam00257m1,test_msl,soil,iou,,0,0,0
sam__region_oracle_upper_bound__vit-b__in_rover__seed1414__gpu_full__3e6df100__git3bd8b1e0__code6e952f10__20260724T172450269924Z,msl_ncam_nlb_574072088edr_f0681616ncam00257m1,test_msl,bedrock,iou,,0,0,0
sam__region_oracle_upper_bound__vit-b__in_rover__seed1414__gpu_full__3e6df100__git3bd8b1e0__code6e952f10__20260724T172450269924Z,msl_ncam_nlb_574072088edr_f0681616ncam00257m1,test_msl,sand,iou,,0,0,0
sam__region_oracle_upper_bound__vit-b__in_rover__seed1414__gpu_full__3e6df100__git3bd8b1e0__code6e952f10__20260724T172450269924Z,msl_ncam_nlb_574072088edr_f0681616ncam00257m1,test_msl,big_rock,iou,,0,0,0
sam__region_oracle_upper_bound__vit-b__in_rover__seed1414__gpu_full__3e6df100__git3bd8b1e0__code6e952f10__20260724T172450269924Z,msl_ncam_nlb_574072088edr_f0681616ncam00257m1,test_msl,ALL,pixel_acc,,0,0,0
sam__region_oracle_upper_bound__vit-b__in_rover__seed1414__gpu_full__3e6df100__git3bd8b1e0__code6e952f10__20260724T172450269924Z,msl_ncam_nlb_574072088edr_f0681616ncam00257m1,test_msl,ALL,boundary_f1,,0,0,0
sam__region_oracle_upper_bound__vit-b__in_rover__seed1414__gpu_full__3e6df100__git3bd8b1e0__code6e952f10__20260724T172450269924Z,msl_ncam_nlb_574078028edr_f0681626ncam00256m1,test_msl,soil,iou,,0,0,0
sam__region_oracle_upper_bound__vit-b__in_rover__seed1414__gpu_full__3e6df100__git3bd8b1e0__code6e952f10__20260724T172450269924Z,msl_ncam_nlb_574078028edr_f0681626ncam00256m1,test_msl,bedrock,iou,,0,0,0
sam__region_oracle_upper_bound__vit-b__in_rover__seed1414__gpu_full__3e6df100__git3bd8b1e0__code6e952f10__20260724T172450269924Z,msl_ncam_nlb_574078028edr_f0681626ncam00256m1,test_msl,sand,iou,,0,0,0
sam__region_oracle_upper_bound__vit-b__in_rover__seed1414__gpu_full__3e6df100__git3bd8b1e0__code6e952f10__20260724T172450269924Z,msl_ncam_nlb_574078028edr_f0681626ncam00256m1,test_msl,big_rock,iou,,0,0,0
sam__region_oracle_upper_bound__vit-b__in_rover__seed1414__gpu_full__3e6df100__git3bd8b1e0__code6e952f10__20260724T172450269924Z,msl_ncam_nlb_574078028edr_f0681626ncam00256m1,test_msl,ALL,pixel_acc,,0,0,0
sam__region_oracle_upper_bound__vit-b__in_rover__seed1414__gpu_full__3e6df100__git3bd8b1e0__code6e952f10__20260724T172450269924Z,msl_ncam_nlb_574078028edr_f0681626ncam00256m1,test_msl,ALL,boundary_f1,,0,0,0
sam__region_oracle_upper_bound__vit-b__in_rover__seed1414__gpu_full__3e6df100__git3bd8b1e0__code6e952f10__20260724T172450269924Z,msl_ncam_nlb_574078090edr_f0681626ncam00256m1,test_msl,soil,iou,1.0,2992,2992,2992
sam__region_oracle_upper_bound__vit-b__in_rover__seed1414__gpu_full__3e6df100__git3bd8b1e0__code6e952f10__20260724T172450269924Z,msl_ncam_nlb_574078090edr_f0681626ncam00256m1,test_msl,bedrock,iou,,0,0,2992
sam__region_oracle_upper_bound__vit-b__in_rover__seed1414__gpu_full__3e6df100__git3bd8b1e0__code6e952f10__20260724T172450269924Z,msl_ncam_nlb_574078090edr_f0681626ncam00256m1,test_msl,sand,iou,,0,0,2992
sam__region_oracle_upper_bound__vit-b__in_rover__seed1414__gpu_full__3e6df100__git3bd8b1e0__code6e952f10__20260724T172450269924Z,msl_ncam_nlb_574078090edr_f0681626ncam00256m1,test_msl,big_rock,iou,,0,0,2992
sam__region_oracle_upper_bound__vit-b__in_rover__seed1414__gpu_full__3e6df100__git3bd8b1e0__code6e952f10__20260724T172450269924Z,msl_ncam_nlb_574078090edr_f0681626ncam00256m1,test_msl,ALL,pixel_acc,1.0,0,0,2992
sam__region_oracle_upper_bound__vit-b__in_rover__seed1414__gpu_full__3e6df100__git3bd8b1e0__code6e952f10__20260724T172450269924Z,msl_ncam_nlb_574078090edr_f0681626ncam00256m1,test_msl,ALL,boundary_f1,1.0,0,0,2992
sam__region_oracle_upper_bound__vit-b__in_rover__seed1414__gpu_full__3e6df100__git3bd8b1e0__code6e952f10__20260724T172450269924Z,msl_ncam_nlb_574078155edr_f0681626ncam00256m1,test_msl,soil,iou,1.0,31502,31502,31502
sam__region_oracle_upper_bound__vit-b__in_rover__seed1414__gpu_full__3e6df100__git3bd8b1e0__code6e952f10__20260724T172450269924Z,msl_ncam_nlb_574078155edr_f0681626ncam00256m1,test_msl,bedrock,iou,,0,0,31502
sam__region_oracle_upper_bound__vit-b__in_rover__seed1414__gpu_full__3e6df100__git3bd8b1e0__code6e952f10__20260724T172450269924Z,msl_ncam_nlb_574078155edr_f0681626ncam00256m1,test_msl,sand,iou,,0,0,31502
sam__region_oracle_upper_bound__vit-b__in_rover__seed1414__gpu_full__3e6df100__git3bd8b1e0__code6e952f10__20260724T172450269924Z,msl_ncam_nlb_574078155edr_f0681626ncam00256m1,test_msl,big_rock,iou,,0,0,31502
sam__region_oracle_upper_bound__vit-b__in_rover__seed1414__gpu_full__3e6df100__git3bd8b1e0__code6e952f10__20260724T172450269924Z,msl_ncam_nlb_574078155edr_f0681626ncam00256m1,test_msl,ALL,pixel_acc,1.0,0,0,31502
sam__region_oracle_upper_bound__vit-b__in_rover__seed1414__gpu_full__3e6df100__git3bd8b1e0__code6e952f10__20260724T172450269924Z,msl_ncam_nlb_574078155edr_f0681626ncam00256m1,test_msl,ALL,boundary_f1,1.0,0,0,31502
sam__region_oracle_upper_bound__vit-b__in_rover__seed1414__gpu_full__3e6df100__git3bd8b1e0__code6e952f10__20260724T172450269924Z,msl_ncam_nlb_574078440edr_f0681626ncam00354m1,test_msl,soil,iou,0.0,0,130048,160997
sam__region_oracle_upper_bound__vit-b__in_rover__seed1414__gpu_full__3e6df100__git3bd8b1e0__code6e952f10__20260724T172450269924Z,msl_ncam_nlb_574078440edr_f0681626ncam00354m1,test_msl,bedrock,iou,0.19223339565333517,30949,160997,160997
sam__region_oracle_upper_bound__vit-b__in_rover__seed1414__gpu_full__3e6df100__git3bd8b1e0__code6e952f10__20260724T172450269924Z,msl_ncam_nlb_574078440edr_f0681626ncam00354m1,test_msl,sand,iou,,0,0,160997
sam__region_oracle_upper_bound__vit-b__in_rover__seed1414__gpu_full__3e6df100__git3bd8b1e0__code6e952f10__20260724T172450269924Z,msl_ncam_nlb_574078440edr_f0681626ncam00354m1,test_msl,big_rock,iou,,0,0,160997
sam__region_oracle_upper_bound__vit-b__in_rover__seed1414__gpu_full__3e6df100__git3bd8b1e0__code6e952f10__20260724T172450269924Z,msl_ncam_nlb_574078440edr_f0681626ncam00354m1,test_msl,ALL,pixel_acc,0.19223339565333517,0,0,160997
sam__region_oracle_upper_bound__vit-b__in_rover__seed1414__gpu_full__3e6df100__git3bd8b1e0__code6e952f10__20260724T172450269924Z,msl_ncam_nlb_574078440edr_f0681626ncam00354m1,test_msl,ALL,boundary_f1,0.09413422010982837,0,0,160997
sam__region_oracle_upper_bound__vit-b__in_rover__seed1414__gpu_full__3e6df100__git3bd8b1e0__code6e952f10__20260724T172450269924Z,msl_ncam_nlb_574078554edr_f0681626ncam00354m1,test_msl,soil,iou,0.8059976301157598,44213,54855,59636
sam__region_oracle_upper_bound__vit-b__in_rover__seed1414__gpu_full__3e6df100__git3bd8b1e0__code6e952f10__20260724T172450269924Z,msl_ncam_nlb_574078554edr_f0681626ncam00354m1,test_msl,bedrock,iou,0.30999157103027947,4781,15423,59636
sam__region_oracle_upper_bound__vit-b__in_rover__seed1414__gpu_full__3e6df100__git3bd8b1e0__code6e952f10__20260724T172450269924Z,msl_ncam_nlb_574078554edr_f0681626ncam00354m1,test_msl,sand,iou,,0,0,59636
sam__region_oracle_upper_bound__vit-b__in_rover__seed1414__gpu_full__3e6df100__git3bd8b1e0__code6e952f10__20260724T172450269924Z,msl_ncam_nlb_574078554edr_f0681626ncam00354m1,test_msl,big_rock,iou,,0,0,59636
sam__region_oracle_upper_bound__vit-b__in_rover__seed1414__gpu_full__3e6df100__git3bd8b1e0__code6e952f10__20260724T172450269924Z,msl_ncam_nlb_574078554edr_f0681626ncam00354m1,test_msl,ALL,pixel_acc,0.8215507411630558,0,0,59636
sam__region_oracle_upper_bound__vit-b__in_rover__seed1414__gpu_full__3e6df100__git3bd8b1e0__code6e952f10__20260724T172450269924Z,msl_ncam_nlb_574078554edr_f0681626ncam00354m1,test_msl,ALL,boundary_f1,0.40512149826225596,0,0,59636
sam__region_oracle_upper_bound__vit-b__in_rover__seed1414__gpu_full__3e6df100__git3bd8b1e0__code6e952f10__20260724T172450269924Z,msl_ncam_nlb_574078665edr_f0681626ncam07753m1,test_msl,soil,iou,0.0020309843189117703,86,42344,92466
sam__region_oracle_upper_bound__vit-b__in_rover__seed1414__gpu_full__3e6df100__git3bd8b1e0__code6e952f10__20260724T172450269924Z,msl_ncam_nlb_574078665edr_f0681626ncam07753m1,test_msl,bedrock,iou,0.5425633253951072,50122,92380,92466
sam__region_oracle_upper_bound__vit-b__in_rover__seed1414__gpu_full__3e6df100__git3bd8b1e0__code6e952f10__20260724T172450269924Z,msl_ncam_nlb_574078665edr_f0681626ncam07753m1,test_msl,sand,iou,,0,0,92466
sam__region_oracle_upper_bound__vit-b__in_rover__seed1414__gpu_full__3e6df100__git3bd8b1e0__code6e952f10__20260724T172450269924Z,msl_ncam_nlb_574078665edr_f0681626ncam07753m1,test_msl,big_rock,iou,,0,0,92466
sam__region_oracle_upper_bound__vit-b__in_rover__seed1414__gpu_full__3e6df100__git3bd8b1e0__code6e952f10__20260724T172450269924Z,msl_ncam_nlb_574078665edr_f0681626ncam07753m1,test_msl,ALL,pixel_acc,0.5429887742521575,0,0,92466
sam__region_oracle_upper_bound__vit-b__in_rover__seed1414__gpu_full__3e6df100__git3bd8b1e0__code6e952f10__20260724T172450269924Z,msl_ncam_nlb_574078665edr_f0681626ncam07753m1,test_msl,ALL,boundary_f1,0.30989958217586083,0,0,92466
sam__region_oracle_upper_bound__vit-b__in_rover__seed1414__gpu_full__3e6df100__git3bd8b1e0__code6e952f10__20260724T172450269924Z,msl_ncam_nlb_574078735edr_f0681626ncam07753m1,test_msl,soil,iou,,0,0,13225
sam__region_oracle_upper_bound__vit-b__in_rover__seed1414__gpu_full__3e6df100__git3bd8b1e0__code6e952f10__20260724T172450269924Z,msl_ncam_nlb_574078735edr_f0681626ncam07753m1,test_msl,bedrock,iou,1.0,13225,13225,13225
sam__region_oracle_upper_bound__vit-b__in_rover__seed1414__gpu_full__3e6df100__git3bd8b1e0__code6e952f10__20260724T172450269924Z,msl_ncam_nlb_574078735edr_f0681626ncam07753m1,test_msl,sand,iou,,0,0,13225
sam__region_oracle_upper_bound__vit-b__in_rover__seed1414__gpu_full__3e6df100__git3bd8b1e0__code6e952f10__20260724T172450269924Z,msl_ncam_nlb_574078735edr_f0681626ncam07753m1,test_msl,big_rock,iou,,0,0,13225
sam__region_oracle_upper_bound__vit-b__in_rover__seed1414__gpu_full__3e6df100__git3bd8b1e0__code6e952f10__20260724T172450269924Z,msl_ncam_nlb_574078735edr_f0681626ncam07753m1,test_msl,ALL,pixel_acc,1.0,0,0,13225
sam__region_oracle_upper_bound__vit-b__in_rover__seed1414__gpu_full__3e6df100__git3bd8b1e0__code6e952f10__20260724T172450269924Z,msl_ncam_nlb_574078735edr_f0681626ncam07753m1,test_msl,ALL,boundary_f1,1.0,0,0,13225
sam__region_oracle_upper_bound__vit-b__in_rover__seed1414__gpu_full__3e6df100__git3bd8b1e0__code6e952f10__20260724T172450269924Z,msl_ncam_nlb_577080310edr_f0691768ncam00320m1,test_msl,soil,iou,1.0,118491,118491,118491
sam__region_oracle_upper_bound__vit-b__in_rover__seed1414__gpu_full__3e6df100__git3bd8b1e0__code6e952f10__20260724T172450269924Z,msl_ncam_nlb_577080310edr_f0691768ncam00320m1,test_msl,bedrock,iou,,0,0,118491
sam__region_oracle_upper_bound__vit-b__in_rover__seed1414__gpu_full__3e6df100__git3bd8b1e0__code6e952f10__20260724T172450269924Z,msl_ncam_nlb_577080310edr_f0691768ncam00320m1,test_msl,sand,iou,,0,0,118491
sam__region_oracle_upper_bound__vit-b__in_rover__seed1414__gpu_full__3e6df100__git3bd8b1e0__code6e952f10__20260724T172450269924Z,msl_ncam_nlb_577080310edr_f0691768ncam00320m1,test_msl,big_rock,iou,,0,0,118491
sam__region_oracle_upper_bound__vit-b__in_rover__seed1414__gpu_full__3e6df100__git3bd8b1e0__code6e952f10__20260724T172450269924Z,msl_ncam_nlb_577080310edr_f0691768ncam00320m1,test_msl,ALL,pixel_acc,1.0,0,0,118491
sam__region_oracle_upper_bound__vit-b__in_rover__seed1414__gpu_full__3e6df100__git3bd8b1e0__code6e952f10__20260724T172450269924Z,msl_ncam_nlb_577080310edr_f0691768ncam00320m1,test_msl,ALL,boundary_f1,1.0,0,0,118491
sam__region_oracle_upper_bound__vit-b__in_rover__seed1414__gpu_full__3e6df100__git3bd8b1e0__code6e952f10__20260724T172450269924Z,msl_ncam_nlb_577089308edr_f0691828ncam00379m1,test_msl,soil,iou,,0,0,0
sam__region_oracle_upper_bound__vit-b__in_rover__seed1414__gpu_full__3e6df100__git3bd8b1e0__code6e952f10__20260724T172450269924Z,msl_ncam_nlb_577089308edr_f0691828ncam00379m1,test_msl,bedrock,iou,,0,0,0
sam__region_oracle_upper_bound__vit-b__in_rover__seed1414__gpu_full__3e6df100__git3bd8b1e0__code6e952f10__20260724T172450269924Z,msl_ncam_nlb_577089308edr_f0691828ncam00379m1,test_msl,sand,iou,,0,0,0
sam__region_oracle_upper_bound__vit-b__in_rover__seed1414__gpu_full__3e6df100__git3bd8b1e0__code6e952f10__20260724T172450269924Z,msl_ncam_nlb_577089308edr_f0691828ncam00379m1,test_msl,big_rock,iou,,0,0,0
sam__region_oracle_upper_bound__vit-b__in_rover__seed1414__gpu_full__3e6df100__git3bd8b1e0__code6e952f10__20260724T172450269924Z,msl_ncam_nlb_577089308edr_f0691828ncam00379m1,test_msl,ALL,pixel_acc,,0,0,0
sam__region_oracle_upper_bound__vit-b__in_rover__seed1414__gpu_full__3e6df100__git3bd8b1e0__code6e952f10__20260724T172450269924Z,msl_ncam_nlb_577089308edr_f0691828ncam00379m1,test_msl,ALL,boundary_f1,,0,0,0
sam__region_oracle_upper_bound__vit-b__in_rover__seed1414__gpu_full__3e6df100__git3bd8b1e0__code6e952f10__20260724T172450269924Z,msl_ncam_nlb_577089970edr_f0691858ncam00286m1,test_msl,soil,iou,0.006508685887152221,142,21817,99131
sam__region_oracle_upper_bound__vit-b__in_rover__seed1414__gpu_full__3e6df100__git3bd8b1e0__code6e952f10__20260724T172450269924Z,msl_ncam_nlb_577089970edr_f0691858ncam00286m1,test_msl,bedrock,iou,0.7643278859640539,70296,91971,99131
sam__region_oracle_upper_bound__vit-b__in_rover__seed1414__gpu_full__3e6df100__git3bd8b1e0__code6e952f10__20260724T172450269924Z,msl_ncam_nlb_577089970edr_f0691858ncam00286m1,test_msl,sand,iou,1.0,7018,7018,99131
sam__region_oracle_upper_bound__vit-b__in_rover__seed1414__gpu_full__3e6df100__git3bd8b1e0__code6e952f10__20260724T172450269924Z,msl_ncam_nlb_577089970edr_f0691858ncam00286m1,test_msl,big_rock,iou,,0,0,99131
sam__region_oracle_upper_bound__vit-b__in_rover__seed1414__gpu_full__3e6df100__git3bd8b1e0__code6e952f10__20260724T172450269924Z,msl_ncam_nlb_577089970edr_f0691858ncam00286m1,test_msl,ALL,pixel_acc,0.7813499308995168,0,0,99131
sam__region_oracle_upper_bound__vit-b__in_rover__seed1414__gpu_full__3e6df100__git3bd8b1e0__code6e952f10__20260724T172450269924Z,msl_ncam_nlb_577089970edr_f0691858ncam00286m1,test_msl,ALL,boundary_f1,0.6062114661178106,0,0,99131
sam__region_oracle_upper_bound__vit-b__in_rover__seed1414__gpu_full__3e6df100__git3bd8b1e0__code6e952f10__20260724T172450269924Z,msl_ncam_nlb_577090033edr_f0691858ncam00286m1,test_msl,soil,iou,0.0,0,1144,49689
sam__region_oracle_upper_bound__vit-b__in_rover__seed1414__gpu_full__3e6df100__git3bd8b1e0__code6e952f10__20260724T172450269924Z,msl_ncam_nlb_577090033edr_f0691858ncam00286m1,test_msl,bedrock,iou,0.9769767956690616,48545,49689,49689
sam__region_oracle_upper_bound__vit-b__in_rover__seed1414__gpu_full__3e6df100__git3bd8b1e0__code6e952f10__20260724T172450269924Z,msl_ncam_nlb_577090033edr_f0691858ncam00286m1,test_msl,sand,iou,,0,0,49689
sam__region_oracle_upper_bound__vit-b__in_rover__seed1414__gpu_full__3e6df100__git3bd8b1e0__code6e952f10__20260724T172450269924Z,msl_ncam_nlb_577090033edr_f0691858ncam00286m1,test_msl,big_rock,iou,,0,0,49689
sam__region_oracle_upper_bound__vit-b__in_rover__seed1414__gpu_full__3e6df100__git3bd8b1e0__code6e952f10__20260724T172450269924Z,msl_ncam_nlb_577090033edr_f0691858ncam00286m1,test_msl,ALL,pixel_acc,0.9769767956690616,0,0,49689
sam__region_oracle_upper_bound__vit-b__in_rover__seed1414__gpu_full__3e6df100__git3bd8b1e0__code6e952f10__20260724T172450269924Z,msl_ncam_nlb_577090033edr_f0691858ncam00286m1,test_msl,ALL,boundary_f1,0.4866857228825034,0,0,49689
sam__region_oracle_upper_bound__vit-b__in_rover__seed1414__gpu_full__3e6df100__git3bd8b1e0__code6e952f10__20260724T172450269924Z,msl_ncam_nlb_577090148edr_f0691858ncam00286m1,test_msl,soil,iou,0.8938787185354691,6250,6992,7622
sam__region_oracle_upper_bound__vit-b__in_rover__seed1414__gpu_full__3e6df100__git3bd8b1e0__code6e952f10__20260724T172450269924Z,msl_ncam_nlb_577090148edr_f0691858ncam00286m1,test_msl,bedrock,iou,0.45918367346938777,630,1372,7622
sam__region_oracle_upper_bound__vit-b__in_rover__seed1414__gpu_full__3e6df100__git3bd8b1e0__code6e952f10__20260724T172450269924Z,msl_ncam_nlb_577090148edr_f0691858ncam00286m1,test_msl,sand,iou,,0,0,7622
sam__region_oracle_upper_bound__vit-b__in_rover__seed1414__gpu_full__3e6df100__git3bd8b1e0__code6e952f10__20260724T172450269924Z,msl_ncam_nlb_577090148edr_f0691858ncam00286m1,test_msl,big_rock,iou,,0,0,7622
sam__region_oracle_upper_bound__vit-b__in_rover__seed1414__gpu_full__3e6df100__git3bd8b1e0__code6e952f10__20260724T172450269924Z,msl_ncam_nlb_577090148edr_f0691858ncam00286m1,test_msl,ALL,pixel_acc,0.9026502230385726,0,0,7622
sam__region_oracle_upper_bound__vit-b__in_rover__seed1414__gpu_full__3e6df100__git3bd8b1e0__code6e952f10__20260724T172450269924Z,msl_ncam_nlb_577090148edr_f0691858ncam00286m1,test_msl,ALL,boundary_f1,0.7084470077529808,0,0,7622
sam__region_oracle_upper_bound__vit-b__in_rover__seed1414__gpu_full__3e6df100__git3bd8b1e0__code6e952f10__20260724T172450269924Z,msl_ncam_nlb_577090437edr_f0691858ncam00312m1,test_msl,soil,iou,0.0,0,66778,91551
sam__region_oracle_upper_bound__vit-b__in_rover__seed1414__gpu_full__3e6df100__git3bd8b1e0__code6e952f10__20260724T172450269924Z,msl_ncam_nlb_577090437edr_f0691858ncam00312m1,test_msl,bedrock,iou,,0,0,91551
sam__region_oracle_upper_bound__vit-b__in_rover__seed1414__gpu_full__3e6df100__git3bd8b1e0__code6e952f10__20260724T172450269924Z,msl_ncam_nlb_577090437edr_f0691858ncam00312m1,test_msl,sand,iou,0.2705923474347631,24773,91551,91551
sam__region_oracle_upper_bound__vit-b__in_rover__seed1414__gpu_full__3e6df100__git3bd8b1e0__code6e952f10__20260724T172450269924Z,msl_ncam_nlb_577090437edr_f0691858ncam00312m1,test_msl,big_rock,iou,,0,0,91551
sam__region_oracle_upper_bound__vit-b__in_rover__seed1414__gpu_full__3e6df100__git3bd8b1e0__code6e952f10__20260724T172450269924Z,msl_ncam_nlb_577090437edr_f0691858ncam00312m1,test_msl,ALL,pixel_acc,0.2705923474347631,0,0,91551
sam__region_oracle_upper_bound__vit-b__in_rover__seed1414__gpu_full__3e6df100__git3bd8b1e0__code6e952f10__20260724T172450269924Z,msl_ncam_nlb_577090437edr_f0691858ncam00312m1,test_msl,ALL,boundary_f1,0.203219445384114,0,0,91551
sam__region_oracle_upper_bound__vit-b__in_rover__seed1414__gpu_full__3e6df100__git3bd8b1e0__code6e952f10__20260724T172450269924Z,msl_ncam_nlb_577090635edr_f0691858ncam00287m1,test_msl,soil,iou,,0,0,29086
sam__region_oracle_upper_bound__vit-b__in_rover__seed1414__gpu_full__3e6df100__git3bd8b1e0__code6e952f10__20260724T172450269924Z,msl_ncam_nlb_577090635edr_f0691858ncam00287m1,test_msl,bedrock,iou,0.2818971275885104,844,2994,29086
sam__region_oracle_upper_bound__vit-b__in_rover__seed1414__gpu_full__3e6df100__git3bd8b1e0__code6e952f10__20260724T172450269924Z,msl_ncam_nlb_577090635edr_f0691858ncam00287m1,test_msl,sand,iou,0.9238722470080023,26092,28242,29086
sam__region_oracle_upper_bound__vit-b__in_rover__seed1414__gpu_full__3e6df100__git3bd8b1e0__code6e952f10__20260724T172450269924Z,msl_ncam_nlb_577090635edr_f0691858ncam00287m1,test_msl,big_rock,iou,,0,0,29086
sam__region_oracle_upper_bound__vit-b__in_rover__seed1414__gpu_full__3e6df100__git3bd8b1e0__code6e952f10__20260724T172450269924Z,msl_ncam_nlb_577090635edr_f0691858ncam00287m1,test_msl,ALL,pixel_acc,0.9260812762153613,0,0,29086
sam__region_oracle_upper_bound__vit-b__in_rover__seed1414__gpu_full__3e6df100__git3bd8b1e0__code6e952f10__20260724T172450269924Z,msl_ncam_nlb_577090635edr_f0691858ncam00287m1,test_msl,ALL,boundary_f1,0.6375547900064179,0,0,29086
sam__region_oracle_upper_bound__vit-b__in_rover__seed1414__gpu_full__3e6df100__git3bd8b1e0__code6e952f10__20260724T172450269924Z,msl_ncam_nlb_577090699edr_f0691858ncam00287m1,test_msl,soil,iou,0.0,0,81172,84812
sam__region_oracle_upper_bound__vit-b__in_rover__seed1414__gpu_full__3e6df100__git3bd8b1e0__code6e952f10__20260724T172450269924Z,msl_ncam_nlb_577090699edr_f0691858ncam00287m1,test_msl,bedrock,iou,1.0,3640,3640,84812
sam__region_oracle_upper_bound__vit-b__in_rover__seed1414__gpu_full__3e6df100__git3bd8b1e0__code6e952f10__20260724T172450269924Z,msl_ncam_nlb_577090699edr_f0691858ncam00287m1,test_msl,sand,iou,0.0,0,81172,84812
sam__region_oracle_upper_bound__vit-b__in_rover__seed1414__gpu_full__3e6df100__git3bd8b1e0__code6e952f10__20260724T172450269924Z,msl_ncam_nlb_577090699edr_f0691858ncam00287m1,test_msl,big_rock,iou,,0,0,84812
sam__region_oracle_upper_bound__vit-b__in_rover__seed1414__gpu_full__3e6df100__git3bd8b1e0__code6e952f10__20260724T172450269924Z,msl_ncam_nlb_577090699edr_f0691858ncam00287m1,test_msl,ALL,pixel_acc,0.04291845493562232,0,0,84812
sam__region_oracle_upper_bound__vit-b__in_rover__seed1414__gpu_full__3e6df100__git3bd8b1e0__code6e952f10__20260724T172450269924Z,msl_ncam_nlb_577090699edr_f0691858ncam00287m1,test_msl,ALL,boundary_f1,0.3333333333333333,0,0,84812
sam__region_oracle_upper_bound__vit-b__in_rover__seed1414__gpu_full__3e6df100__git3bd8b1e0__code6e952f10__20260724T172450269924Z,msl_ncam_nlb_577090763edr_f0691858ncam00287m1,test_msl,soil,iou,0.3000630467333911,22845,76134,81680
sam__region_oracle_upper_bound__vit-b__in_rover__seed1414__gpu_full__3e6df100__git3bd8b1e0__code6e952f10__20260724T172450269924Z,msl_ncam_nlb_577090763edr_f0691858ncam00287m1,test_msl,bedrock,iou,0.23353214630295588,5325,22802,81680
sam__region_oracle_upper_bound__vit-b__in_rover__seed1414__gpu_full__3e6df100__git3bd8b1e0__code6e952f10__20260724T172450269924Z,msl_ncam_nlb_577090763edr_f0691858ncam00287m1,test_msl,sand,iou,0.006133266727721811,221,36033,81680
sam__region_oracle_upper_bound__vit-b__in_rover__seed1414__gpu_full__3e6df100__git3bd8b1e0__code6e952f10__20260724T172450269924Z,msl_ncam_nlb_577090763edr_f0691858ncam00287m1,test_msl,big_rock,iou,,0,0,81680
sam__region_oracle_upper_bound__vit-b__in_rover__seed1414__gpu_full__3e6df100__git3bd8b1e0__code6e952f10__20260724T172450269924Z,msl_ncam_nlb_577090763edr_f0691858ncam00287m1,test_msl,ALL,pixel_acc,0.3475881488736533,0,0,81680
sam__region_oracle_upper_bound__vit-b__in_rover__seed1414__gpu_full__3e6df100__git3bd8b1e0__code6e952f10__20260724T172450269924Z,msl_ncam_nlb_577090763edr_f0691858ncam00287m1,test_msl,ALL,boundary_f1,0.26671469523278873,0,0,81680
sam__region_oracle_upper_bound__vit-b__in_rover__seed1414__gpu_full__3e6df100__git3bd8b1e0__code6e952f10__20260724T172450269924Z,msl_ncam_nlb_577095146edr_f0691858ncam00376m1,test_msl,soil,iou,0.0,0,130146,131880
sam__region_oracle_upper_bound__vit-b__in_rover__seed1414__gpu_full__3e6df100__git3bd8b1e0__code6e952f10__20260724T172450269924Z,msl_ncam_nlb_577095146edr_f0691858ncam00376m1,test_msl,bedrock,iou,,0,0,131880
sam__region_oracle_upper_bound__vit-b__in_rover__seed1414__gpu_full__3e6df100__git3bd8b1e0__code6e952f10__20260724T172450269924Z,msl_ncam_nlb_577095146edr_f0691858ncam00376m1,test_msl,sand,iou,0.013148316651501365,1734,131880,131880
sam__region_oracle_upper_bound__vit-b__in_rover__seed1414__gpu_full__3e6df100__git3bd8b1e0__code6e952f10__20260724T172450269924Z,msl_ncam_nlb_577095146edr_f0691858ncam00376m1,test_msl,big_rock,iou,,0,0,131880
sam__region_oracle_upper_bound__vit-b__in_rover__seed1414__gpu_full__3e6df100__git3bd8b1e0__code6e952f10__20260724T172450269924Z,msl_ncam_nlb_577095146edr_f0691858ncam00376m1,test_msl,ALL,pixel_acc,0.013148316651501365,0,0,131880
sam__region_oracle_upper_bound__vit-b__in_rover__seed1414__gpu_full__3e6df100__git3bd8b1e0__code6e952f10__20260724T172450269924Z,msl_ncam_nlb_577095146edr_f0691858ncam00376m1,test_msl,ALL,boundary_f1,0.016929415979935507,0,0,131880
sam__region_oracle_upper_bound__vit-b__in_rover__seed1414__gpu_full__3e6df100__git3bd8b1e0__code6e952f10__20260724T172450269924Z,msl_ncam_nlb_613564331edr_f0760274ncam00320m1,test_msl,soil,iou,1.0,100868,100868,100868
sam__region_oracle_upper_bound__vit-b__in_rover__seed1414__gpu_full__3e6df100__git3bd8b1e0__code6e952f10__20260724T172450269924Z,msl_ncam_nlb_613564331edr_f0760274ncam00320m1,test_msl,bedrock,iou,,0,0,100868
sam__region_oracle_upper_bound__vit-b__in_rover__seed1414__gpu_full__3e6df100__git3bd8b1e0__code6e952f10__20260724T172450269924Z,msl_ncam_nlb_613564331edr_f0760274ncam00320m1,test_msl,sand,iou,,0,0,100868
sam__region_oracle_upper_bound__vit-b__in_rover__seed1414__gpu_full__3e6df100__git3bd8b1e0__code6e952f10__20260724T172450269924Z,msl_ncam_nlb_613564331edr_f0760274ncam00320m1,test_msl,big_rock,iou,,0,0,100868
sam__region_oracle_upper_bound__vit-b__in_rover__seed1414__gpu_full__3e6df100__git3bd8b1e0__code6e952f10__20260724T172450269924Z,msl_ncam_nlb_613564331edr_f0760274ncam00320m1,test_msl,ALL,pixel_acc,1.0,0,0,100868
sam__region_oracle_upper_bound__vit-b__in_rover__seed1414__gpu_full__3e6df100__git3bd8b1e0__code6e952f10__20260724T172450269924Z,msl_ncam_nlb_613564331edr_f0760274ncam00320m1,test_msl,ALL,boundary_f1,1.0,0,0,100868
sam__region_oracle_upper_bound__vit-b__in_rover__seed1414__gpu_full__3e6df100__git3bd8b1e0__code6e952f10__20260724T172450269924Z,msl_ncam_nlb_613582793edr_f0760556ncam00385m1,test_msl,soil,iou,1.0,229198,229198,229198
sam__region_oracle_upper_bound__vit-b__in_rover__seed1414__gpu_full__3e6df100__git3bd8b1e0__code6e952f10__20260724T172450269924Z,msl_ncam_nlb_613582793edr_f0760556ncam00385m1,test_msl,bedrock,iou,,0,0,229198
sam__region_oracle_upper_bound__vit-b__in_rover__seed1414__gpu_full__3e6df100__git3bd8b1e0__code6e952f10__20260724T172450269924Z,msl_ncam_nlb_613582793edr_f0760556ncam00385m1,test_msl,sand,iou,,0,0,229198
sam__region_oracle_upper_bound__vit-b__in_rover__seed1414__gpu_full__3e6df100__git3bd8b1e0__code6e952f10__20260724T172450269924Z,msl_ncam_nlb_613582793edr_f0760556ncam00385m1,test_msl,big_rock,iou,,0,0,229198
sam__region_oracle_upper_bound__vit-b__in_rover__seed1414__gpu_full__3e6df100__git3bd8b1e0__code6e952f10__20260724T172450269924Z,msl_ncam_nlb_613582793edr_f0760556ncam00385m1,test_msl,ALL,pixel_acc,1.0,0,0,229198
sam__region_oracle_upper_bound__vit-b__in_rover__seed1414__gpu_full__3e6df100__git3bd8b1e0__code6e952f10__20260724T172450269924Z,msl_ncam_nlb_613582793edr_f0760556ncam00385m1,test_msl,ALL,boundary_f1,1.0,0,0,229198
sam__region_oracle_upper_bound__vit-b__in_rover__seed1414__gpu_full__3e6df100__git3bd8b1e0__code6e952f10__20260724T172450269924Z,msl_ncam_nlb_613583192edr_f0760568ncam00375m1,test_msl,soil,iou,1.0,148104,148104,148104
sam__region_oracle_upper_bound__vit-b__in_rover__seed1414__gpu_full__3e6df100__git3bd8b1e0__code6e952f10__20260724T172450269924Z,msl_ncam_nlb_613583192edr_f0760568ncam00375m1,test_msl,bedrock,iou,,0,0,148104
sam__region_oracle_upper_bound__vit-b__in_rover__seed1414__gpu_full__3e6df100__git3bd8b1e0__code6e952f10__20260724T172450269924Z,msl_ncam_nlb_613583192edr_f0760568ncam00375m1,test_msl,sand,iou,,0,0,148104
sam__region_oracle_upper_bound__vit-b__in_rover__seed1414__gpu_full__3e6df100__git3bd8b1e0__code6e952f10__20260724T172450269924Z,msl_ncam_nlb_613583192edr_f0760568ncam00375m1,test_msl,big_rock,iou,,0,0,148104
sam__region_oracle_upper_bound__vit-b__in_rover__seed1414__gpu_full__3e6df100__git3bd8b1e0__code6e952f10__20260724T172450269924Z,msl_ncam_nlb_613583192edr_f0760568ncam00375m1,test_msl,ALL,pixel_acc,1.0,0,0,148104
sam__region_oracle_upper_bound__vit-b__in_rover__seed1414__gpu_full__3e6df100__git3bd8b1e0__code6e952f10__20260724T172450269924Z,msl_ncam_nlb_613583192edr_f0760568ncam00375m1,test_msl,ALL,boundary_f1,1.0,0,0,148104
sam__region_oracle_upper_bound__vit-b__in_rover__seed1414__gpu_full__3e6df100__git3bd8b1e0__code6e952f10__20260724T172450269924Z,msl_ncam_nlb_613583340edr_f0760568ncam00280m1,test_msl,soil,iou,1.0,240254,240254,240254
sam__region_oracle_upper_bound__vit-b__in_rover__seed1414__gpu_full__3e6df100__git3bd8b1e0__code6e952f10__20260724T172450269924Z,msl_ncam_nlb_613583340edr_f0760568ncam00280m1,test_msl,bedrock,iou,,0,0,240254
sam__region_oracle_upper_bound__vit-b__in_rover__seed1414__gpu_full__3e6df100__git3bd8b1e0__code6e952f10__20260724T172450269924Z,msl_ncam_nlb_613583340edr_f0760568ncam00280m1,test_msl,sand,iou,,0,0,240254
sam__region_oracle_upper_bound__vit-b__in_rover__seed1414__gpu_full__3e6df100__git3bd8b1e0__code6e952f10__20260724T172450269924Z,msl_ncam_nlb_613583340edr_f0760568ncam00280m1,test_msl,big_rock,iou,,0,0,240254
sam__region_oracle_upper_bound__vit-b__in_rover__seed1414__gpu_full__3e6df100__git3bd8b1e0__code6e952f10__20260724T172450269924Z,msl_ncam_nlb_613583340edr_f0760568ncam00280m1,test_msl,ALL,pixel_acc,1.0,0,0,240254
sam__region_oracle_upper_bound__vit-b__in_rover__seed1414__gpu_full__3e6df100__git3bd8b1e0__code6e952f10__20260724T172450269924Z,msl_ncam_nlb_613583340edr_f0760568ncam00280m1,test_msl,ALL,boundary_f1,1.0,0,0,240254
sam__region_oracle_upper_bound__vit-b__in_rover__seed1414__gpu_full__3e6df100__git3bd8b1e0__code6e952f10__20260724T172450269924Z,msl_ncam_nlb_613583373edr_f0760568ncam00280m1,test_msl,soil,iou,1.0,197718,197718,197718
sam__region_oracle_upper_bound__vit-b__in_rover__seed1414__gpu_full__3e6df100__git3bd8b1e0__code6e952f10__20260724T172450269924Z,msl_ncam_nlb_613583373edr_f0760568ncam00280m1,test_msl,bedrock,iou,,0,0,197718
sam__region_oracle_upper_bound__vit-b__in_rover__seed1414__gpu_full__3e6df100__git3bd8b1e0__code6e952f10__20260724T172450269924Z,msl_ncam_nlb_613583373edr_f0760568ncam00280m1,test_msl,sand,iou,,0,0,197718
sam__region_oracle_upper_bound__vit-b__in_rover__seed1414__gpu_full__3e6df100__git3bd8b1e0__code6e952f10__20260724T172450269924Z,msl_ncam_nlb_613583373edr_f0760568ncam00280m1,test_msl,big_rock,iou,,0,0,197718
sam__region_oracle_upper_bound__vit-b__in_rover__seed1414__gpu_full__3e6df100__git3bd8b1e0__code6e952f10__20260724T172450269924Z,msl_ncam_nlb_613583373edr_f0760568ncam00280m1,test_msl,ALL,pixel_acc,1.0,0,0,197718
sam__region_oracle_upper_bound__vit-b__in_rover__seed1414__gpu_full__3e6df100__git3bd8b1e0__code6e952f10__20260724T172450269924Z,msl_ncam_nlb_613583373edr_f0760568ncam00280m1,test_msl,ALL,boundary_f1,1.0,0,0,197718
sam__region_oracle_upper_bound__vit-b__in_rover__seed1414__gpu_full__3e6df100__git3bd8b1e0__code6e952f10__20260724T172450269924Z,msl_ncam_nlb_613583763edr_f0760568ncam00354m1,test_msl,soil,iou,1.0,224188,224188,224188
sam__region_oracle_upper_bound__vit-b__in_rover__seed1414__gpu_full__3e6df100__git3bd8b1e0__code6e952f10__20260724T172450269924Z,msl_ncam_nlb_613583763edr_f0760568ncam00354m1,test_msl,bedrock,iou,,0,0,224188
sam__region_oracle_upper_bound__vit-b__in_rover__seed1414__gpu_full__3e6df100__git3bd8b1e0__code6e952f10__20260724T172450269924Z,msl_ncam_nlb_613583763edr_f0760568ncam00354m1,test_msl,sand,iou,,0,0,224188
sam__region_oracle_upper_bound__vit-b__in_rover__seed1414__gpu_full__3e6df100__git3bd8b1e0__code6e952f10__20260724T172450269924Z,msl_ncam_nlb_613583763edr_f0760568ncam00354m1,test_msl,big_rock,iou,,0,0,224188
sam__region_oracle_upper_bound__vit-b__in_rover__seed1414__gpu_full__3e6df100__git3bd8b1e0__code6e952f10__20260724T172450269924Z,msl_ncam_nlb_613583763edr_f0760568ncam00354m1,test_msl,ALL,pixel_acc,1.0,0,0,224188
sam__region_oracle_upper_bound__vit-b__in_rover__seed1414__gpu_full__3e6df100__git3bd8b1e0__code6e952f10__20260724T172450269924Z,msl_ncam_nlb_613583763edr_f0760568ncam00354m1,test_msl,ALL,boundary_f1,1.0,0,0,224188
sam__region_oracle_upper_bound__vit-b__in_rover__seed1414__gpu_full__3e6df100__git3bd8b1e0__code6e952f10__20260724T172450269924Z,msl_ncam_nlb_613583877edr_f0760568ncam00354m1,test_msl,soil,iou,1.0,156354,156354,156354
sam__region_oracle_upper_bound__vit-b__in_rover__seed1414__gpu_full__3e6df100__git3bd8b1e0__code6e952f10__20260724T172450269924Z,msl_ncam_nlb_613583877edr_f0760568ncam00354m1,test_msl,bedrock,iou,,0,0,156354
sam__region_oracle_upper_bound__vit-b__in_rover__seed1414__gpu_full__3e6df100__git3bd8b1e0__code6e952f10__20260724T172450269924Z,msl_ncam_nlb_613583877edr_f0760568ncam00354m1,test_msl,sand,iou,,0,0,156354
sam__region_oracle_upper_bound__vit-b__in_rover__seed1414__gpu_full__3e6df100__git3bd8b1e0__code6e952f10__20260724T172450269924Z,msl_ncam_nlb_613583877edr_f0760568ncam00354m1,test_msl,big_rock,iou,,0,0,156354
sam__region_oracle_upper_bound__vit-b__in_rover__seed1414__gpu_full__3e6df100__git3bd8b1e0__code6e952f10__20260724T172450269924Z,msl_ncam_nlb_613583877edr_f0760568ncam00354m1,test_msl,ALL,pixel_acc,1.0,0,0,156354
sam__region_oracle_upper_bound__vit-b__in_rover__seed1414__gpu_full__3e6df100__git3bd8b1e0__code6e952f10__20260724T172450269924Z,msl_ncam_nlb_613583877edr_f0760568ncam00354m1,test_msl,ALL,boundary_f1,1.0,0,0,156354
sam__region_oracle_upper_bound__vit-b__in_rover__seed1414__gpu_full__3e6df100__git3bd8b1e0__code6e952f10__20260724T172450269924Z,msl_ncam_nlb_613584057edr_f0760568ncam00281m1,test_msl,soil,iou,1.0,150118,150118,150118
sam__region_oracle_upper_bound__vit-b__in_rover__seed1414__gpu_full__3e6df100__git3bd8b1e0__code6e952f10__20260724T172450269924Z,msl_ncam_nlb_613584057edr_f0760568ncam00281m1,test_msl,bedrock,iou,,0,0,150118
sam__region_oracle_upper_bound__vit-b__in_rover__seed1414__gpu_full__3e6df100__git3bd8b1e0__code6e952f10__20260724T172450269924Z,msl_ncam_nlb_613584057edr_f0760568ncam00281m1,test_msl,sand,iou,,0,0,150118
sam__region_oracle_upper_bound__vit-b__in_rover__seed1414__gpu_full__3e6df100__git3bd8b1e0__code6e952f10__20260724T172450269924Z,msl_ncam_nlb_613584057edr_f0760568ncam00281m1,test_msl,big_rock,iou,,0,0,150118
sam__region_oracle_upper_bound__vit-b__in_rover__seed1414__gpu_full__3e6df100__git3bd8b1e0__code6e952f10__20260724T172450269924Z,msl_ncam_nlb_613584057edr_f0760568ncam00281m1,test_msl,ALL,pixel_acc,1.0,0,0,150118
sam__region_oracle_upper_bound__vit-b__in_rover__seed1414__gpu_full__3e6df100__git3bd8b1e0__code6e952f10__20260724T172450269924Z,msl_ncam_nlb_613584057edr_f0760568ncam00281m1,test_msl,ALL,boundary_f1,1.0,0,0,150118
sam__region_oracle_upper_bound__vit-b__in_rover__seed1414__gpu_full__3e6df100__git3bd8b1e0__code6e952f10__20260724T172450269924Z,msl_ncam_nlb_613584326edr_f0760568ncam00281m1,test_msl,soil,iou,0.9848727960749033,106188,107819,107819
sam__region_oracle_upper_bound__vit-b__in_rover__seed1414__gpu_full__3e6df100__git3bd8b1e0__code6e952f10__20260724T172450269924Z,msl_ncam_nlb_613584326edr_f0760568ncam00281m1,test_msl,bedrock,iou,,0,0,107819
sam__region_oracle_upper_bound__vit-b__in_rover__seed1414__gpu_full__3e6df100__git3bd8b1e0__code6e952f10__20260724T172450269924Z,msl_ncam_nlb_613584326edr_f0760568ncam00281m1,test_msl,sand,iou,0.0,0,1631,107819
sam__region_oracle_upper_bound__vit-b__in_rover__seed1414__gpu_full__3e6df100__git3bd8b1e0__code6e952f10__20260724T172450269924Z,msl_ncam_nlb_613584326edr_f0760568ncam00281m1,test_msl,big_rock,iou,,0,0,107819
sam__region_oracle_upper_bound__vit-b__in_rover__seed1414__gpu_full__3e6df100__git3bd8b1e0__code6e952f10__20260724T172450269924Z,msl_ncam_nlb_613584326edr_f0760568ncam00281m1,test_msl,ALL,pixel_acc,0.9848727960749033,0,0,107819
sam__region_oracle_upper_bound__vit-b__in_rover__seed1414__gpu_full__3e6df100__git3bd8b1e0__code6e952f10__20260724T172450269924Z,msl_ncam_nlb_613584326edr_f0760568ncam00281m1,test_msl,ALL,boundary_f1,0.47963584091998085,0,0,107819
