run_id,name,split,scope,metric,value,inter,union,n_valid
segformer__scratch__mit-b2__in_rover__seed1415__gpu_full__3dc555fe__gitc2c2860f__codebebd8b2d__20260715T051844483360Z,msl_ncam_nla_409036068edr_f0051606ncam00348m1,test_msl,soil,iou,,0,0,0
segformer__scratch__mit-b2__in_rover__seed1415__gpu_full__3dc555fe__gitc2c2860f__codebebd8b2d__20260715T051844483360Z,msl_ncam_nla_409036068edr_f0051606ncam00348m1,test_msl,bedrock,iou,,0,0,0
segformer__scratch__mit-b2__in_rover__seed1415__gpu_full__3dc555fe__gitc2c2860f__codebebd8b2d__20260715T051844483360Z,msl_ncam_nla_409036068edr_f0051606ncam00348m1,test_msl,sand,iou,,0,0,0
segformer__scratch__mit-b2__in_rover__seed1415__gpu_full__3dc555fe__gitc2c2860f__codebebd8b2d__20260715T051844483360Z,msl_ncam_nla_409036068edr_f0051606ncam00348m1,test_msl,big_rock,iou,,0,0,0
segformer__scratch__mit-b2__in_rover__seed1415__gpu_full__3dc555fe__gitc2c2860f__codebebd8b2d__20260715T051844483360Z,msl_ncam_nla_409036068edr_f0051606ncam00348m1,test_msl,ALL,pixel_acc,,0,0,0
segformer__scratch__mit-b2__in_rover__seed1415__gpu_full__3dc555fe__gitc2c2860f__codebebd8b2d__20260715T051844483360Z,msl_ncam_nla_409036068edr_f0051606ncam00348m1,test_msl,ALL,boundary_f1,,0,0,0
segformer__scratch__mit-b2__in_rover__seed1415__gpu_full__3dc555fe__gitc2c2860f__codebebd8b2d__20260715T051844483360Z,msl_ncam_nla_409036116edr_f0051606ncam00348m1,test_msl,soil,iou,0.0,0,4482,123986
segformer__scratch__mit-b2__in_rover__seed1415__gpu_full__3dc555fe__gitc2c2860f__codebebd8b2d__20260715T051844483360Z,msl_ncam_nla_409036116edr_f0051606ncam00348m1,test_msl,bedrock,iou,0.9638507573435711,119504,123986,123986
segformer__scratch__mit-b2__in_rover__seed1415__gpu_full__3dc555fe__gitc2c2860f__codebebd8b2d__20260715T051844483360Z,msl_ncam_nla_409036116edr_f0051606ncam00348m1,test_msl,sand,iou,,0,0,123986
segformer__scratch__mit-b2__in_rover__seed1415__gpu_full__3dc555fe__gitc2c2860f__codebebd8b2d__20260715T051844483360Z,msl_ncam_nla_409036116edr_f0051606ncam00348m1,test_msl,big_rock,iou,,0,0,123986
segformer__scratch__mit-b2__in_rover__seed1415__gpu_full__3dc555fe__gitc2c2860f__codebebd8b2d__20260715T051844483360Z,msl_ncam_nla_409036116edr_f0051606ncam00348m1,test_msl,ALL,pixel_acc,0.9638507573435711,0,0,123986
segformer__scratch__mit-b2__in_rover__seed1415__gpu_full__3dc555fe__gitc2c2860f__codebebd8b2d__20260715T051844483360Z,msl_ncam_nla_409036116edr_f0051606ncam00348m1,test_msl,ALL,boundary_f1,0.4829444720232608,0,0,123986
segformer__scratch__mit-b2__in_rover__seed1415__gpu_full__3dc555fe__gitc2c2860f__codebebd8b2d__20260715T051844483360Z,msl_ncam_nla_409036860edr_f0051662ncam00346m1,test_msl,soil,iou,0.9059372156505915,7965,8792,22748
segformer__scratch__mit-b2__in_rover__seed1415__gpu_full__3dc555fe__gitc2c2860f__codebebd8b2d__20260715T051844483360Z,msl_ncam_nla_409036860edr_f0051662ncam00346m1,test_msl,bedrock,iou,0.9359046678888732,13273,14182,22748
segformer__scratch__mit-b2__in_rover__seed1415__gpu_full__3dc555fe__gitc2c2860f__codebebd8b2d__20260715T051844483360Z,msl_ncam_nla_409036860edr_f0051662ncam00346m1,test_msl,sand,iou,0.0,0,1284,22748
segformer__scratch__mit-b2__in_rover__seed1415__gpu_full__3dc555fe__gitc2c2860f__codebebd8b2d__20260715T051844483360Z,msl_ncam_nla_409036860edr_f0051662ncam00346m1,test_msl,big_rock,iou,,0,0,22748
segformer__scratch__mit-b2__in_rover__seed1415__gpu_full__3dc555fe__gitc2c2860f__codebebd8b2d__20260715T051844483360Z,msl_ncam_nla_409036860edr_f0051662ncam00346m1,test_msl,ALL,pixel_acc,0.9336205380692808,0,0,22748
segformer__scratch__mit-b2__in_rover__seed1415__gpu_full__3dc555fe__gitc2c2860f__codebebd8b2d__20260715T051844483360Z,msl_ncam_nla_409036860edr_f0051662ncam00346m1,test_msl,ALL,boundary_f1,0.5506676301285287,0,0,22748
segformer__scratch__mit-b2__in_rover__seed1415__gpu_full__3dc555fe__gitc2c2860f__codebebd8b2d__20260715T051844483360Z,msl_ncam_nla_409036993edr_f0051662ncam05703m1,test_msl,soil,iou,,0,0,36839
segformer__scratch__mit-b2__in_rover__seed1415__gpu_full__3dc555fe__gitc2c2860f__codebebd8b2d__20260715T051844483360Z,msl_ncam_nla_409036993edr_f0051662ncam05703m1,test_msl,bedrock,iou,0.9994028068080024,36817,36839,36839
segformer__scratch__mit-b2__in_rover__seed1415__gpu_full__3dc555fe__gitc2c2860f__codebebd8b2d__20260715T051844483360Z,msl_ncam_nla_409036993edr_f0051662ncam05703m1,test_msl,sand,iou,0.0,0,16,36839
segformer__scratch__mit-b2__in_rover__seed1415__gpu_full__3dc555fe__gitc2c2860f__codebebd8b2d__20260715T051844483360Z,msl_ncam_nla_409036993edr_f0051662ncam05703m1,test_msl,big_rock,iou,0.0,0,6,36839
segformer__scratch__mit-b2__in_rover__seed1415__gpu_full__3dc555fe__gitc2c2860f__codebebd8b2d__20260715T051844483360Z,msl_ncam_nla_409036993edr_f0051662ncam05703m1,test_msl,ALL,pixel_acc,0.9994028068080024,0,0,36839
segformer__scratch__mit-b2__in_rover__seed1415__gpu_full__3dc555fe__gitc2c2860f__codebebd8b2d__20260715T051844483360Z,msl_ncam_nla_409036993edr_f0051662ncam05703m1,test_msl,ALL,boundary_f1,0.3333333333333333,0,0,36839
segformer__scratch__mit-b2__in_rover__seed1415__gpu_full__3dc555fe__gitc2c2860f__codebebd8b2d__20260715T051844483360Z,msl_ncam_nla_409037112edr_f0051662ncam05703m1,test_msl,soil,iou,,0,0,88991
segformer__scratch__mit-b2__in_rover__seed1415__gpu_full__3dc555fe__gitc2c2860f__codebebd8b2d__20260715T051844483360Z,msl_ncam_nla_409037112edr_f0051662ncam05703m1,test_msl,bedrock,iou,0.9696261419694127,86288,88991,88991
segformer__scratch__mit-b2__in_rover__seed1415__gpu_full__3dc555fe__gitc2c2860f__codebebd8b2d__20260715T051844483360Z,msl_ncam_nla_409037112edr_f0051662ncam05703m1,test_msl,sand,iou,0.0,0,2703,88991
segformer__scratch__mit-b2__in_rover__seed1415__gpu_full__3dc555fe__gitc2c2860f__codebebd8b2d__20260715T051844483360Z,msl_ncam_nla_409037112edr_f0051662ncam05703m1,test_msl,big_rock,iou,,0,0,88991
segformer__scratch__mit-b2__in_rover__seed1415__gpu_full__3dc555fe__gitc2c2860f__codebebd8b2d__20260715T051844483360Z,msl_ncam_nla_409037112edr_f0051662ncam05703m1,test_msl,ALL,pixel_acc,0.9696261419694127,0,0,88991
segformer__scratch__mit-b2__in_rover__seed1415__gpu_full__3dc555fe__gitc2c2860f__codebebd8b2d__20260715T051844483360Z,msl_ncam_nla_409037112edr_f0051662ncam05703m1,test_msl,ALL,boundary_f1,0.49359727417614196,0,0,88991
segformer__scratch__mit-b2__in_rover__seed1415__gpu_full__3dc555fe__gitc2c2860f__codebebd8b2d__20260715T051844483360Z,msl_ncam_nla_601414440edr_f0731482ncam00375m1,test_msl,soil,iou,,0,0,0
segformer__scratch__mit-b2__in_rover__seed1415__gpu_full__3dc555fe__gitc2c2860f__codebebd8b2d__20260715T051844483360Z,msl_ncam_nla_601414440edr_f0731482ncam00375m1,test_msl,bedrock,iou,,0,0,0
segformer__scratch__mit-b2__in_rover__seed1415__gpu_full__3dc555fe__gitc2c2860f__codebebd8b2d__20260715T051844483360Z,msl_ncam_nla_601414440edr_f0731482ncam00375m1,test_msl,sand,iou,,0,0,0
segformer__scratch__mit-b2__in_rover__seed1415__gpu_full__3dc555fe__gitc2c2860f__codebebd8b2d__20260715T051844483360Z,msl_ncam_nla_601414440edr_f0731482ncam00375m1,test_msl,big_rock,iou,,0,0,0
segformer__scratch__mit-b2__in_rover__seed1415__gpu_full__3dc555fe__gitc2c2860f__codebebd8b2d__20260715T051844483360Z,msl_ncam_nla_601414440edr_f0731482ncam00375m1,test_msl,ALL,pixel_acc,,0,0,0
segformer__scratch__mit-b2__in_rover__seed1415__gpu_full__3dc555fe__gitc2c2860f__codebebd8b2d__20260715T051844483360Z,msl_ncam_nla_601414440edr_f0731482ncam00375m1,test_msl,ALL,boundary_f1,,0,0,0
segformer__scratch__mit-b2__in_rover__seed1415__gpu_full__3dc555fe__gitc2c2860f__codebebd8b2d__20260715T051844483360Z,msl_ncam_nla_601414568edr_f0731482ncam00253m1,test_msl,soil,iou,1.0,124196,124196,124196
segformer__scratch__mit-b2__in_rover__seed1415__gpu_full__3dc555fe__gitc2c2860f__codebebd8b2d__20260715T051844483360Z,msl_ncam_nla_601414568edr_f0731482ncam00253m1,test_msl,bedrock,iou,,0,0,124196
segformer__scratch__mit-b2__in_rover__seed1415__gpu_full__3dc555fe__gitc2c2860f__codebebd8b2d__20260715T051844483360Z,msl_ncam_nla_601414568edr_f0731482ncam00253m1,test_msl,sand,iou,,0,0,124196
segformer__scratch__mit-b2__in_rover__seed1415__gpu_full__3dc555fe__gitc2c2860f__codebebd8b2d__20260715T051844483360Z,msl_ncam_nla_601414568edr_f0731482ncam00253m1,test_msl,big_rock,iou,,0,0,124196
segformer__scratch__mit-b2__in_rover__seed1415__gpu_full__3dc555fe__gitc2c2860f__codebebd8b2d__20260715T051844483360Z,msl_ncam_nla_601414568edr_f0731482ncam00253m1,test_msl,ALL,pixel_acc,1.0,0,0,124196
segformer__scratch__mit-b2__in_rover__seed1415__gpu_full__3dc555fe__gitc2c2860f__codebebd8b2d__20260715T051844483360Z,msl_ncam_nla_601414568edr_f0731482ncam00253m1,test_msl,ALL,boundary_f1,1.0,0,0,124196
segformer__scratch__mit-b2__in_rover__seed1415__gpu_full__3dc555fe__gitc2c2860f__codebebd8b2d__20260715T051844483360Z,msl_ncam_nla_601414993edr_f0731482ncam00254m1,test_msl,soil,iou,0.6835996407814697,80688,118034,118034
segformer__scratch__mit-b2__in_rover__seed1415__gpu_full__3dc555fe__gitc2c2860f__codebebd8b2d__20260715T051844483360Z,msl_ncam_nla_601414993edr_f0731482ncam00254m1,test_msl,bedrock,iou,0.0,0,37346,118034
segformer__scratch__mit-b2__in_rover__seed1415__gpu_full__3dc555fe__gitc2c2860f__codebebd8b2d__20260715T051844483360Z,msl_ncam_nla_601414993edr_f0731482ncam00254m1,test_msl,sand,iou,,0,0,118034
segformer__scratch__mit-b2__in_rover__seed1415__gpu_full__3dc555fe__gitc2c2860f__codebebd8b2d__20260715T051844483360Z,msl_ncam_nla_601414993edr_f0731482ncam00254m1,test_msl,big_rock,iou,,0,0,118034
segformer__scratch__mit-b2__in_rover__seed1415__gpu_full__3dc555fe__gitc2c2860f__codebebd8b2d__20260715T051844483360Z,msl_ncam_nla_601414993edr_f0731482ncam00254m1,test_msl,ALL,pixel_acc,0.6835996407814697,0,0,118034
segformer__scratch__mit-b2__in_rover__seed1415__gpu_full__3dc555fe__gitc2c2860f__codebebd8b2d__20260715T051844483360Z,msl_ncam_nla_601414993edr_f0731482ncam00254m1,test_msl,ALL,boundary_f1,0.41025641025641024,0,0,118034
segformer__scratch__mit-b2__in_rover__seed1415__gpu_full__3dc555fe__gitc2c2860f__codebebd8b2d__20260715T051844483360Z,msl_ncam_nla_601415225edr_f0731482ncam00254m1,test_msl,soil,iou,0.9408587599872916,79957,84983,84983
segformer__scratch__mit-b2__in_rover__seed1415__gpu_full__3dc555fe__gitc2c2860f__codebebd8b2d__20260715T051844483360Z,msl_ncam_nla_601415225edr_f0731482ncam00254m1,test_msl,bedrock,iou,,0,0,84983
segformer__scratch__mit-b2__in_rover__seed1415__gpu_full__3dc555fe__gitc2c2860f__codebebd8b2d__20260715T051844483360Z,msl_ncam_nla_601415225edr_f0731482ncam00254m1,test_msl,sand,iou,0.0,0,5026,84983
segformer__scratch__mit-b2__in_rover__seed1415__gpu_full__3dc555fe__gitc2c2860f__codebebd8b2d__20260715T051844483360Z,msl_ncam_nla_601415225edr_f0731482ncam00254m1,test_msl,big_rock,iou,,0,0,84983
segformer__scratch__mit-b2__in_rover__seed1415__gpu_full__3dc555fe__gitc2c2860f__codebebd8b2d__20260715T051844483360Z,msl_ncam_nla_601415225edr_f0731482ncam00254m1,test_msl,ALL,pixel_acc,0.9408587599872916,0,0,84983
segformer__scratch__mit-b2__in_rover__seed1415__gpu_full__3dc555fe__gitc2c2860f__codebebd8b2d__20260715T051844483360Z,msl_ncam_nla_601415225edr_f0731482ncam00254m1,test_msl,ALL,boundary_f1,0.4601426828199413,0,0,84983
segformer__scratch__mit-b2__in_rover__seed1415__gpu_full__3dc555fe__gitc2c2860f__codebebd8b2d__20260715T051844483360Z,msl_ncam_nla_601421002edr_f0731482ccam05295m1,test_msl,soil,iou,1.0,146635,146635,146635
segformer__scratch__mit-b2__in_rover__seed1415__gpu_full__3dc555fe__gitc2c2860f__codebebd8b2d__20260715T051844483360Z,msl_ncam_nla_601421002edr_f0731482ccam05295m1,test_msl,bedrock,iou,,0,0,146635
segformer__scratch__mit-b2__in_rover__seed1415__gpu_full__3dc555fe__gitc2c2860f__codebebd8b2d__20260715T051844483360Z,msl_ncam_nla_601421002edr_f0731482ccam05295m1,test_msl,sand,iou,,0,0,146635
segformer__scratch__mit-b2__in_rover__seed1415__gpu_full__3dc555fe__gitc2c2860f__codebebd8b2d__20260715T051844483360Z,msl_ncam_nla_601421002edr_f0731482ccam05295m1,test_msl,big_rock,iou,,0,0,146635
segformer__scratch__mit-b2__in_rover__seed1415__gpu_full__3dc555fe__gitc2c2860f__codebebd8b2d__20260715T051844483360Z,msl_ncam_nla_601421002edr_f0731482ccam05295m1,test_msl,ALL,pixel_acc,1.0,0,0,146635
segformer__scratch__mit-b2__in_rover__seed1415__gpu_full__3dc555fe__gitc2c2860f__codebebd8b2d__20260715T051844483360Z,msl_ncam_nla_601421002edr_f0731482ccam05295m1,test_msl,ALL,boundary_f1,1.0,0,0,146635
segformer__scratch__mit-b2__in_rover__seed1415__gpu_full__3dc555fe__gitc2c2860f__codebebd8b2d__20260715T051844483360Z,msl_ncam_nla_602651352edr_f0732676ncam00207m1,test_msl,soil,iou,0.999325866002904,115626,115704,115704
segformer__scratch__mit-b2__in_rover__seed1415__gpu_full__3dc555fe__gitc2c2860f__codebebd8b2d__20260715T051844483360Z,msl_ncam_nla_602651352edr_f0732676ncam00207m1,test_msl,bedrock,iou,0.0,0,5,115704
segformer__scratch__mit-b2__in_rover__seed1415__gpu_full__3dc555fe__gitc2c2860f__codebebd8b2d__20260715T051844483360Z,msl_ncam_nla_602651352edr_f0732676ncam00207m1,test_msl,sand,iou,,0,0,115704
segformer__scratch__mit-b2__in_rover__seed1415__gpu_full__3dc555fe__gitc2c2860f__codebebd8b2d__20260715T051844483360Z,msl_ncam_nla_602651352edr_f0732676ncam00207m1,test_msl,big_rock,iou,0.0,0,73,115704
segformer__scratch__mit-b2__in_rover__seed1415__gpu_full__3dc555fe__gitc2c2860f__codebebd8b2d__20260715T051844483360Z,msl_ncam_nla_602651352edr_f0732676ncam00207m1,test_msl,ALL,pixel_acc,0.999325866002904,0,0,115704
segformer__scratch__mit-b2__in_rover__seed1415__gpu_full__3dc555fe__gitc2c2860f__codebebd8b2d__20260715T051844483360Z,msl_ncam_nla_602651352edr_f0732676ncam00207m1,test_msl,ALL,boundary_f1,0.3324420677361854,0,0,115704
segformer__scratch__mit-b2__in_rover__seed1415__gpu_full__3dc555fe__gitc2c2860f__codebebd8b2d__20260715T051844483360Z,msl_ncam_nla_602657189edr_f0732688ncam00382m1,test_msl,soil,iou,0.9263322333777996,105550,113944,113944
segformer__scratch__mit-b2__in_rover__seed1415__gpu_full__3dc555fe__gitc2c2860f__codebebd8b2d__20260715T051844483360Z,msl_ncam_nla_602657189edr_f0732688ncam00382m1,test_msl,bedrock,iou,,0,0,113944
segformer__scratch__mit-b2__in_rover__seed1415__gpu_full__3dc555fe__gitc2c2860f__codebebd8b2d__20260715T051844483360Z,msl_ncam_nla_602657189edr_f0732688ncam00382m1,test_msl,sand,iou,0.0,0,8394,113944
segformer__scratch__mit-b2__in_rover__seed1415__gpu_full__3dc555fe__gitc2c2860f__codebebd8b2d__20260715T051844483360Z,msl_ncam_nla_602657189edr_f0732688ncam00382m1,test_msl,big_rock,iou,,0,0,113944
segformer__scratch__mit-b2__in_rover__seed1415__gpu_full__3dc555fe__gitc2c2860f__codebebd8b2d__20260715T051844483360Z,msl_ncam_nla_602657189edr_f0732688ncam00382m1,test_msl,ALL,pixel_acc,0.9263322333777996,0,0,113944
segformer__scratch__mit-b2__in_rover__seed1415__gpu_full__3dc555fe__gitc2c2860f__codebebd8b2d__20260715T051844483360Z,msl_ncam_nla_602657189edr_f0732688ncam00382m1,test_msl,ALL,boundary_f1,0.4070628639003221,0,0,113944
segformer__scratch__mit-b2__in_rover__seed1415__gpu_full__3dc555fe__gitc2c2860f__codebebd8b2d__20260715T051844483360Z,msl_ncam_nla_602664101edr_f0732958ncam00375m1,test_msl,soil,iou,1.0,167623,167623,167623
segformer__scratch__mit-b2__in_rover__seed1415__gpu_full__3dc555fe__gitc2c2860f__codebebd8b2d__20260715T051844483360Z,msl_ncam_nla_602664101edr_f0732958ncam00375m1,test_msl,bedrock,iou,,0,0,167623
segformer__scratch__mit-b2__in_rover__seed1415__gpu_full__3dc555fe__gitc2c2860f__codebebd8b2d__20260715T051844483360Z,msl_ncam_nla_602664101edr_f0732958ncam00375m1,test_msl,sand,iou,,0,0,167623
segformer__scratch__mit-b2__in_rover__seed1415__gpu_full__3dc555fe__gitc2c2860f__codebebd8b2d__20260715T051844483360Z,msl_ncam_nla_602664101edr_f0732958ncam00375m1,test_msl,big_rock,iou,,0,0,167623
segformer__scratch__mit-b2__in_rover__seed1415__gpu_full__3dc555fe__gitc2c2860f__codebebd8b2d__20260715T051844483360Z,msl_ncam_nla_602664101edr_f0732958ncam00375m1,test_msl,ALL,pixel_acc,1.0,0,0,167623
segformer__scratch__mit-b2__in_rover__seed1415__gpu_full__3dc555fe__gitc2c2860f__codebebd8b2d__20260715T051844483360Z,msl_ncam_nla_602664101edr_f0732958ncam00375m1,test_msl,ALL,boundary_f1,1.0,0,0,167623
segformer__scratch__mit-b2__in_rover__seed1415__gpu_full__3dc555fe__gitc2c2860f__codebebd8b2d__20260715T051844483360Z,msl_ncam_nla_602664178edr_f0732958ncam00271m1,test_msl,soil,iou,1.0,81139,81139,81139
segformer__scratch__mit-b2__in_rover__seed1415__gpu_full__3dc555fe__gitc2c2860f__codebebd8b2d__20260715T051844483360Z,msl_ncam_nla_602664178edr_f0732958ncam00271m1,test_msl,bedrock,iou,,0,0,81139
segformer__scratch__mit-b2__in_rover__seed1415__gpu_full__3dc555fe__gitc2c2860f__codebebd8b2d__20260715T051844483360Z,msl_ncam_nla_602664178edr_f0732958ncam00271m1,test_msl,sand,iou,,0,0,81139
segformer__scratch__mit-b2__in_rover__seed1415__gpu_full__3dc555fe__gitc2c2860f__codebebd8b2d__20260715T051844483360Z,msl_ncam_nla_602664178edr_f0732958ncam00271m1,test_msl,big_rock,iou,,0,0,81139
segformer__scratch__mit-b2__in_rover__seed1415__gpu_full__3dc555fe__gitc2c2860f__codebebd8b2d__20260715T051844483360Z,msl_ncam_nla_602664178edr_f0732958ncam00271m1,test_msl,ALL,pixel_acc,1.0,0,0,81139
segformer__scratch__mit-b2__in_rover__seed1415__gpu_full__3dc555fe__gitc2c2860f__codebebd8b2d__20260715T051844483360Z,msl_ncam_nla_602664178edr_f0732958ncam00271m1,test_msl,ALL,boundary_f1,1.0,0,0,81139
segformer__scratch__mit-b2__in_rover__seed1415__gpu_full__3dc555fe__gitc2c2860f__codebebd8b2d__20260715T051844483360Z,msl_ncam_nla_602664242edr_f0732958ncam00271m1,test_msl,soil,iou,1.0,137437,137437,137437
segformer__scratch__mit-b2__in_rover__seed1415__gpu_full__3dc555fe__gitc2c2860f__codebebd8b2d__20260715T051844483360Z,msl_ncam_nla_602664242edr_f0732958ncam00271m1,test_msl,bedrock,iou,,0,0,137437
segformer__scratch__mit-b2__in_rover__seed1415__gpu_full__3dc555fe__gitc2c2860f__codebebd8b2d__20260715T051844483360Z,msl_ncam_nla_602664242edr_f0732958ncam00271m1,test_msl,sand,iou,,0,0,137437
segformer__scratch__mit-b2__in_rover__seed1415__gpu_full__3dc555fe__gitc2c2860f__codebebd8b2d__20260715T051844483360Z,msl_ncam_nla_602664242edr_f0732958ncam00271m1,test_msl,big_rock,iou,,0,0,137437
segformer__scratch__mit-b2__in_rover__seed1415__gpu_full__3dc555fe__gitc2c2860f__codebebd8b2d__20260715T051844483360Z,msl_ncam_nla_602664242edr_f0732958ncam00271m1,test_msl,ALL,pixel_acc,1.0,0,0,137437
segformer__scratch__mit-b2__in_rover__seed1415__gpu_full__3dc555fe__gitc2c2860f__codebebd8b2d__20260715T051844483360Z,msl_ncam_nla_602664242edr_f0732958ncam00271m1,test_msl,ALL,boundary_f1,1.0,0,0,137437
segformer__scratch__mit-b2__in_rover__seed1415__gpu_full__3dc555fe__gitc2c2860f__codebebd8b2d__20260715T051844483360Z,msl_ncam_nla_602664684edr_f0732958ncam00312m1,test_msl,soil,iou,1.0,236351,236351,236351
segformer__scratch__mit-b2__in_rover__seed1415__gpu_full__3dc555fe__gitc2c2860f__codebebd8b2d__20260715T051844483360Z,msl_ncam_nla_602664684edr_f0732958ncam00312m1,test_msl,bedrock,iou,,0,0,236351
segformer__scratch__mit-b2__in_rover__seed1415__gpu_full__3dc555fe__gitc2c2860f__codebebd8b2d__20260715T051844483360Z,msl_ncam_nla_602664684edr_f0732958ncam00312m1,test_msl,sand,iou,,0,0,236351
segformer__scratch__mit-b2__in_rover__seed1415__gpu_full__3dc555fe__gitc2c2860f__codebebd8b2d__20260715T051844483360Z,msl_ncam_nla_602664684edr_f0732958ncam00312m1,test_msl,big_rock,iou,,0,0,236351
segformer__scratch__mit-b2__in_rover__seed1415__gpu_full__3dc555fe__gitc2c2860f__codebebd8b2d__20260715T051844483360Z,msl_ncam_nla_602664684edr_f0732958ncam00312m1,test_msl,ALL,pixel_acc,1.0,0,0,236351
segformer__scratch__mit-b2__in_rover__seed1415__gpu_full__3dc555fe__gitc2c2860f__codebebd8b2d__20260715T051844483360Z,msl_ncam_nla_602664684edr_f0732958ncam00312m1,test_msl,ALL,boundary_f1,1.0,0,0,236351
segformer__scratch__mit-b2__in_rover__seed1415__gpu_full__3dc555fe__gitc2c2860f__codebebd8b2d__20260715T051844483360Z,msl_ncam_nla_602664993edr_f0732958ncam00272m1,test_msl,soil,iou,1.0,59718,59718,59718
segformer__scratch__mit-b2__in_rover__seed1415__gpu_full__3dc555fe__gitc2c2860f__codebebd8b2d__20260715T051844483360Z,msl_ncam_nla_602664993edr_f0732958ncam00272m1,test_msl,bedrock,iou,,0,0,59718
segformer__scratch__mit-b2__in_rover__seed1415__gpu_full__3dc555fe__gitc2c2860f__codebebd8b2d__20260715T051844483360Z,msl_ncam_nla_602664993edr_f0732958ncam00272m1,test_msl,sand,iou,,0,0,59718
segformer__scratch__mit-b2__in_rover__seed1415__gpu_full__3dc555fe__gitc2c2860f__codebebd8b2d__20260715T051844483360Z,msl_ncam_nla_602664993edr_f0732958ncam00272m1,test_msl,big_rock,iou,,0,0,59718
segformer__scratch__mit-b2__in_rover__seed1415__gpu_full__3dc555fe__gitc2c2860f__codebebd8b2d__20260715T051844483360Z,msl_ncam_nla_602664993edr_f0732958ncam00272m1,test_msl,ALL,pixel_acc,1.0,0,0,59718
segformer__scratch__mit-b2__in_rover__seed1415__gpu_full__3dc555fe__gitc2c2860f__codebebd8b2d__20260715T051844483360Z,msl_ncam_nla_602664993edr_f0732958ncam00272m1,test_msl,ALL,boundary_f1,1.0,0,0,59718
segformer__scratch__mit-b2__in_rover__seed1415__gpu_full__3dc555fe__gitc2c2860f__codebebd8b2d__20260715T051844483360Z,msl_ncam_nla_602665055edr_f0732958ncam00272m1,test_msl,soil,iou,1.0,83469,83469,83469
segformer__scratch__mit-b2__in_rover__seed1415__gpu_full__3dc555fe__gitc2c2860f__codebebd8b2d__20260715T051844483360Z,msl_ncam_nla_602665055edr_f0732958ncam00272m1,test_msl,bedrock,iou,,0,0,83469
segformer__scratch__mit-b2__in_rover__seed1415__gpu_full__3dc555fe__gitc2c2860f__codebebd8b2d__20260715T051844483360Z,msl_ncam_nla_602665055edr_f0732958ncam00272m1,test_msl,sand,iou,,0,0,83469
segformer__scratch__mit-b2__in_rover__seed1415__gpu_full__3dc555fe__gitc2c2860f__codebebd8b2d__20260715T051844483360Z,msl_ncam_nla_602665055edr_f0732958ncam00272m1,test_msl,big_rock,iou,,0,0,83469
segformer__scratch__mit-b2__in_rover__seed1415__gpu_full__3dc555fe__gitc2c2860f__codebebd8b2d__20260715T051844483360Z,msl_ncam_nla_602665055edr_f0732958ncam00272m1,test_msl,ALL,pixel_acc,1.0,0,0,83469
segformer__scratch__mit-b2__in_rover__seed1415__gpu_full__3dc555fe__gitc2c2860f__codebebd8b2d__20260715T051844483360Z,msl_ncam_nla_602665055edr_f0732958ncam00272m1,test_msl,ALL,boundary_f1,1.0,0,0,83469
segformer__scratch__mit-b2__in_rover__seed1415__gpu_full__3dc555fe__gitc2c2860f__codebebd8b2d__20260715T051844483360Z,msl_ncam_nlb_427501146edr_f0080590ncam00385m1,test_msl,soil,iou,1.0,221229,221229,221229
segformer__scratch__mit-b2__in_rover__seed1415__gpu_full__3dc555fe__gitc2c2860f__codebebd8b2d__20260715T051844483360Z,msl_ncam_nlb_427501146edr_f0080590ncam00385m1,test_msl,bedrock,iou,,0,0,221229
segformer__scratch__mit-b2__in_rover__seed1415__gpu_full__3dc555fe__gitc2c2860f__codebebd8b2d__20260715T051844483360Z,msl_ncam_nlb_427501146edr_f0080590ncam00385m1,test_msl,sand,iou,,0,0,221229
segformer__scratch__mit-b2__in_rover__seed1415__gpu_full__3dc555fe__gitc2c2860f__codebebd8b2d__20260715T051844483360Z,msl_ncam_nlb_427501146edr_f0080590ncam00385m1,test_msl,big_rock,iou,,0,0,221229
segformer__scratch__mit-b2__in_rover__seed1415__gpu_full__3dc555fe__gitc2c2860f__codebebd8b2d__20260715T051844483360Z,msl_ncam_nlb_427501146edr_f0080590ncam00385m1,test_msl,ALL,pixel_acc,1.0,0,0,221229
segformer__scratch__mit-b2__in_rover__seed1415__gpu_full__3dc555fe__gitc2c2860f__codebebd8b2d__20260715T051844483360Z,msl_ncam_nlb_427501146edr_f0080590ncam00385m1,test_msl,ALL,boundary_f1,1.0,0,0,221229
segformer__scratch__mit-b2__in_rover__seed1415__gpu_full__3dc555fe__gitc2c2860f__codebebd8b2d__20260715T051844483360Z,msl_ncam_nlb_427503509edr_f0080610ncam00253m1,test_msl,soil,iou,1.0,91532,91532,91532
segformer__scratch__mit-b2__in_rover__seed1415__gpu_full__3dc555fe__gitc2c2860f__codebebd8b2d__20260715T051844483360Z,msl_ncam_nlb_427503509edr_f0080610ncam00253m1,test_msl,bedrock,iou,,0,0,91532
segformer__scratch__mit-b2__in_rover__seed1415__gpu_full__3dc555fe__gitc2c2860f__codebebd8b2d__20260715T051844483360Z,msl_ncam_nlb_427503509edr_f0080610ncam00253m1,test_msl,sand,iou,,0,0,91532
segformer__scratch__mit-b2__in_rover__seed1415__gpu_full__3dc555fe__gitc2c2860f__codebebd8b2d__20260715T051844483360Z,msl_ncam_nlb_427503509edr_f0080610ncam00253m1,test_msl,big_rock,iou,,0,0,91532
segformer__scratch__mit-b2__in_rover__seed1415__gpu_full__3dc555fe__gitc2c2860f__codebebd8b2d__20260715T051844483360Z,msl_ncam_nlb_427503509edr_f0080610ncam00253m1,test_msl,ALL,pixel_acc,1.0,0,0,91532
segformer__scratch__mit-b2__in_rover__seed1415__gpu_full__3dc555fe__gitc2c2860f__codebebd8b2d__20260715T051844483360Z,msl_ncam_nlb_427503509edr_f0080610ncam00253m1,test_msl,ALL,boundary_f1,1.0,0,0,91532
segformer__scratch__mit-b2__in_rover__seed1415__gpu_full__3dc555fe__gitc2c2860f__codebebd8b2d__20260715T051844483360Z,msl_ncam_nlb_427503571edr_f0080610ncam00253m1,test_msl,soil,iou,1.0,70082,70082,70082
segformer__scratch__mit-b2__in_rover__seed1415__gpu_full__3dc555fe__gitc2c2860f__codebebd8b2d__20260715T051844483360Z,msl_ncam_nlb_427503571edr_f0080610ncam00253m1,test_msl,bedrock,iou,,0,0,70082
segformer__scratch__mit-b2__in_rover__seed1415__gpu_full__3dc555fe__gitc2c2860f__codebebd8b2d__20260715T051844483360Z,msl_ncam_nlb_427503571edr_f0080610ncam00253m1,test_msl,sand,iou,,0,0,70082
segformer__scratch__mit-b2__in_rover__seed1415__gpu_full__3dc555fe__gitc2c2860f__codebebd8b2d__20260715T051844483360Z,msl_ncam_nlb_427503571edr_f0080610ncam00253m1,test_msl,big_rock,iou,,0,0,70082
segformer__scratch__mit-b2__in_rover__seed1415__gpu_full__3dc555fe__gitc2c2860f__codebebd8b2d__20260715T051844483360Z,msl_ncam_nlb_427503571edr_f0080610ncam00253m1,test_msl,ALL,pixel_acc,1.0,0,0,70082
segformer__scratch__mit-b2__in_rover__seed1415__gpu_full__3dc555fe__gitc2c2860f__codebebd8b2d__20260715T051844483360Z,msl_ncam_nlb_427503571edr_f0080610ncam00253m1,test_msl,ALL,boundary_f1,1.0,0,0,70082
segformer__scratch__mit-b2__in_rover__seed1415__gpu_full__3dc555fe__gitc2c2860f__codebebd8b2d__20260715T051844483360Z,msl_ncam_nlb_428295522edr_f0100474ncam00385m1,test_msl,soil,iou,1.0,233287,233287,233287
segformer__scratch__mit-b2__in_rover__seed1415__gpu_full__3dc555fe__gitc2c2860f__codebebd8b2d__20260715T051844483360Z,msl_ncam_nlb_428295522edr_f0100474ncam00385m1,test_msl,bedrock,iou,,0,0,233287
segformer__scratch__mit-b2__in_rover__seed1415__gpu_full__3dc555fe__gitc2c2860f__codebebd8b2d__20260715T051844483360Z,msl_ncam_nlb_428295522edr_f0100474ncam00385m1,test_msl,sand,iou,,0,0,233287
segformer__scratch__mit-b2__in_rover__seed1415__gpu_full__3dc555fe__gitc2c2860f__codebebd8b2d__20260715T051844483360Z,msl_ncam_nlb_428295522edr_f0100474ncam00385m1,test_msl,big_rock,iou,,0,0,233287
segformer__scratch__mit-b2__in_rover__seed1415__gpu_full__3dc555fe__gitc2c2860f__codebebd8b2d__20260715T051844483360Z,msl_ncam_nlb_428295522edr_f0100474ncam00385m1,test_msl,ALL,pixel_acc,1.0,0,0,233287
segformer__scratch__mit-b2__in_rover__seed1415__gpu_full__3dc555fe__gitc2c2860f__codebebd8b2d__20260715T051844483360Z,msl_ncam_nlb_428295522edr_f0100474ncam00385m1,test_msl,ALL,boundary_f1,1.0,0,0,233287
segformer__scratch__mit-b2__in_rover__seed1415__gpu_full__3dc555fe__gitc2c2860f__codebebd8b2d__20260715T051844483360Z,msl_ncam_nlb_428304492edr_f0100508ncam05114m1,test_msl,soil,iou,1.0,88012,88012,88012
segformer__scratch__mit-b2__in_rover__seed1415__gpu_full__3dc555fe__gitc2c2860f__codebebd8b2d__20260715T051844483360Z,msl_ncam_nlb_428304492edr_f0100508ncam05114m1,test_msl,bedrock,iou,,0,0,88012
segformer__scratch__mit-b2__in_rover__seed1415__gpu_full__3dc555fe__gitc2c2860f__codebebd8b2d__20260715T051844483360Z,msl_ncam_nlb_428304492edr_f0100508ncam05114m1,test_msl,sand,iou,,0,0,88012
segformer__scratch__mit-b2__in_rover__seed1415__gpu_full__3dc555fe__gitc2c2860f__codebebd8b2d__20260715T051844483360Z,msl_ncam_nlb_428304492edr_f0100508ncam05114m1,test_msl,big_rock,iou,,0,0,88012
segformer__scratch__mit-b2__in_rover__seed1415__gpu_full__3dc555fe__gitc2c2860f__codebebd8b2d__20260715T051844483360Z,msl_ncam_nlb_428304492edr_f0100508ncam05114m1,test_msl,ALL,pixel_acc,1.0,0,0,88012
segformer__scratch__mit-b2__in_rover__seed1415__gpu_full__3dc555fe__gitc2c2860f__codebebd8b2d__20260715T051844483360Z,msl_ncam_nlb_428304492edr_f0100508ncam05114m1,test_msl,ALL,boundary_f1,1.0,0,0,88012
segformer__scratch__mit-b2__in_rover__seed1415__gpu_full__3dc555fe__gitc2c2860f__codebebd8b2d__20260715T051844483360Z,msl_ncam_nlb_428304547edr_f0100508ncam05114m1,test_msl,soil,iou,,0,0,0
segformer__scratch__mit-b2__in_rover__seed1415__gpu_full__3dc555fe__gitc2c2860f__codebebd8b2d__20260715T051844483360Z,msl_ncam_nlb_428304547edr_f0100508ncam05114m1,test_msl,bedrock,iou,,0,0,0
segformer__scratch__mit-b2__in_rover__seed1415__gpu_full__3dc555fe__gitc2c2860f__codebebd8b2d__20260715T051844483360Z,msl_ncam_nlb_428304547edr_f0100508ncam05114m1,test_msl,sand,iou,,0,0,0
segformer__scratch__mit-b2__in_rover__seed1415__gpu_full__3dc555fe__gitc2c2860f__codebebd8b2d__20260715T051844483360Z,msl_ncam_nlb_428304547edr_f0100508ncam05114m1,test_msl,big_rock,iou,,0,0,0
segformer__scratch__mit-b2__in_rover__seed1415__gpu_full__3dc555fe__gitc2c2860f__codebebd8b2d__20260715T051844483360Z,msl_ncam_nlb_428304547edr_f0100508ncam05114m1,test_msl,ALL,pixel_acc,,0,0,0
segformer__scratch__mit-b2__in_rover__seed1415__gpu_full__3dc555fe__gitc2c2860f__codebebd8b2d__20260715T051844483360Z,msl_ncam_nlb_428304547edr_f0100508ncam05114m1,test_msl,ALL,boundary_f1,,0,0,0
segformer__scratch__mit-b2__in_rover__seed1415__gpu_full__3dc555fe__gitc2c2860f__codebebd8b2d__20260715T051844483360Z,msl_ncam_nlb_428304609edr_f0100508ncam05114m1,test_msl,soil,iou,1.0,179511,179511,181034
segformer__scratch__mit-b2__in_rover__seed1415__gpu_full__3dc555fe__gitc2c2860f__codebebd8b2d__20260715T051844483360Z,msl_ncam_nlb_428304609edr_f0100508ncam05114m1,test_msl,bedrock,iou,,0,0,181034
segformer__scratch__mit-b2__in_rover__seed1415__gpu_full__3dc555fe__gitc2c2860f__codebebd8b2d__20260715T051844483360Z,msl_ncam_nlb_428304609edr_f0100508ncam05114m1,test_msl,sand,iou,,0,0,181034
segformer__scratch__mit-b2__in_rover__seed1415__gpu_full__3dc555fe__gitc2c2860f__codebebd8b2d__20260715T051844483360Z,msl_ncam_nlb_428304609edr_f0100508ncam05114m1,test_msl,big_rock,iou,1.0,1523,1523,181034
segformer__scratch__mit-b2__in_rover__seed1415__gpu_full__3dc555fe__gitc2c2860f__codebebd8b2d__20260715T051844483360Z,msl_ncam_nlb_428304609edr_f0100508ncam05114m1,test_msl,ALL,pixel_acc,1.0,0,0,181034
segformer__scratch__mit-b2__in_rover__seed1415__gpu_full__3dc555fe__gitc2c2860f__codebebd8b2d__20260715T051844483360Z,msl_ncam_nlb_428304609edr_f0100508ncam05114m1,test_msl,ALL,boundary_f1,1.0,0,0,181034
segformer__scratch__mit-b2__in_rover__seed1415__gpu_full__3dc555fe__gitc2c2860f__codebebd8b2d__20260715T051844483360Z,msl_ncam_nlb_431505395edr_f0141388ncam00385m1,test_msl,soil,iou,1.0,184315,184315,184315
segformer__scratch__mit-b2__in_rover__seed1415__gpu_full__3dc555fe__gitc2c2860f__codebebd8b2d__20260715T051844483360Z,msl_ncam_nlb_431505395edr_f0141388ncam00385m1,test_msl,bedrock,iou,,0,0,184315
segformer__scratch__mit-b2__in_rover__seed1415__gpu_full__3dc555fe__gitc2c2860f__codebebd8b2d__20260715T051844483360Z,msl_ncam_nlb_431505395edr_f0141388ncam00385m1,test_msl,sand,iou,,0,0,184315
segformer__scratch__mit-b2__in_rover__seed1415__gpu_full__3dc555fe__gitc2c2860f__codebebd8b2d__20260715T051844483360Z,msl_ncam_nlb_431505395edr_f0141388ncam00385m1,test_msl,big_rock,iou,,0,0,184315
segformer__scratch__mit-b2__in_rover__seed1415__gpu_full__3dc555fe__gitc2c2860f__codebebd8b2d__20260715T051844483360Z,msl_ncam_nlb_431505395edr_f0141388ncam00385m1,test_msl,ALL,pixel_acc,1.0,0,0,184315
segformer__scratch__mit-b2__in_rover__seed1415__gpu_full__3dc555fe__gitc2c2860f__codebebd8b2d__20260715T051844483360Z,msl_ncam_nlb_431505395edr_f0141388ncam00385m1,test_msl,ALL,boundary_f1,1.0,0,0,184315
segformer__scratch__mit-b2__in_rover__seed1415__gpu_full__3dc555fe__gitc2c2860f__codebebd8b2d__20260715T051844483360Z,msl_ncam_nlb_431511171edr_f0150000ncam00290m1,test_msl,soil,iou,1.0,93104,93104,93104
segformer__scratch__mit-b2__in_rover__seed1415__gpu_full__3dc555fe__gitc2c2860f__codebebd8b2d__20260715T051844483360Z,msl_ncam_nlb_431511171edr_f0150000ncam00290m1,test_msl,bedrock,iou,,0,0,93104
segformer__scratch__mit-b2__in_rover__seed1415__gpu_full__3dc555fe__gitc2c2860f__codebebd8b2d__20260715T051844483360Z,msl_ncam_nlb_431511171edr_f0150000ncam00290m1,test_msl,sand,iou,,0,0,93104
segformer__scratch__mit-b2__in_rover__seed1415__gpu_full__3dc555fe__gitc2c2860f__codebebd8b2d__20260715T051844483360Z,msl_ncam_nlb_431511171edr_f0150000ncam00290m1,test_msl,big_rock,iou,,0,0,93104
segformer__scratch__mit-b2__in_rover__seed1415__gpu_full__3dc555fe__gitc2c2860f__codebebd8b2d__20260715T051844483360Z,msl_ncam_nlb_431511171edr_f0150000ncam00290m1,test_msl,ALL,pixel_acc,1.0,0,0,93104
segformer__scratch__mit-b2__in_rover__seed1415__gpu_full__3dc555fe__gitc2c2860f__codebebd8b2d__20260715T051844483360Z,msl_ncam_nlb_431511171edr_f0150000ncam00290m1,test_msl,ALL,boundary_f1,1.0,0,0,93104
segformer__scratch__mit-b2__in_rover__seed1415__gpu_full__3dc555fe__gitc2c2860f__codebebd8b2d__20260715T051844483360Z,msl_ncam_nlb_431511237edr_f0150000ncam00290m1,test_msl,soil,iou,1.0,137132,137132,137132
segformer__scratch__mit-b2__in_rover__seed1415__gpu_full__3dc555fe__gitc2c2860f__codebebd8b2d__20260715T051844483360Z,msl_ncam_nlb_431511237edr_f0150000ncam00290m1,test_msl,bedrock,iou,,0,0,137132
segformer__scratch__mit-b2__in_rover__seed1415__gpu_full__3dc555fe__gitc2c2860f__codebebd8b2d__20260715T051844483360Z,msl_ncam_nlb_431511237edr_f0150000ncam00290m1,test_msl,sand,iou,,0,0,137132
segformer__scratch__mit-b2__in_rover__seed1415__gpu_full__3dc555fe__gitc2c2860f__codebebd8b2d__20260715T051844483360Z,msl_ncam_nlb_431511237edr_f0150000ncam00290m1,test_msl,big_rock,iou,,0,0,137132
segformer__scratch__mit-b2__in_rover__seed1415__gpu_full__3dc555fe__gitc2c2860f__codebebd8b2d__20260715T051844483360Z,msl_ncam_nlb_431511237edr_f0150000ncam00290m1,test_msl,ALL,pixel_acc,1.0,0,0,137132
segformer__scratch__mit-b2__in_rover__seed1415__gpu_full__3dc555fe__gitc2c2860f__codebebd8b2d__20260715T051844483360Z,msl_ncam_nlb_431511237edr_f0150000ncam00290m1,test_msl,ALL,boundary_f1,1.0,0,0,137132
segformer__scratch__mit-b2__in_rover__seed1415__gpu_full__3dc555fe__gitc2c2860f__codebebd8b2d__20260715T051844483360Z,msl_ncam_nlb_431511659edr_f0150000ncam00291m1,test_msl,soil,iou,1.0,196725,196725,196725
segformer__scratch__mit-b2__in_rover__seed1415__gpu_full__3dc555fe__gitc2c2860f__codebebd8b2d__20260715T051844483360Z,msl_ncam_nlb_431511659edr_f0150000ncam00291m1,test_msl,bedrock,iou,,0,0,196725
segformer__scratch__mit-b2__in_rover__seed1415__gpu_full__3dc555fe__gitc2c2860f__codebebd8b2d__20260715T051844483360Z,msl_ncam_nlb_431511659edr_f0150000ncam00291m1,test_msl,sand,iou,,0,0,196725
segformer__scratch__mit-b2__in_rover__seed1415__gpu_full__3dc555fe__gitc2c2860f__codebebd8b2d__20260715T051844483360Z,msl_ncam_nlb_431511659edr_f0150000ncam00291m1,test_msl,big_rock,iou,,0,0,196725
segformer__scratch__mit-b2__in_rover__seed1415__gpu_full__3dc555fe__gitc2c2860f__codebebd8b2d__20260715T051844483360Z,msl_ncam_nlb_431511659edr_f0150000ncam00291m1,test_msl,ALL,pixel_acc,1.0,0,0,196725
segformer__scratch__mit-b2__in_rover__seed1415__gpu_full__3dc555fe__gitc2c2860f__codebebd8b2d__20260715T051844483360Z,msl_ncam_nlb_431511659edr_f0150000ncam00291m1,test_msl,ALL,boundary_f1,1.0,0,0,196725
segformer__scratch__mit-b2__in_rover__seed1415__gpu_full__3dc555fe__gitc2c2860f__codebebd8b2d__20260715T051844483360Z,msl_ncam_nlb_431511807edr_f0150000ncam00291m1,test_msl,soil,iou,,0,0,0
segformer__scratch__mit-b2__in_rover__seed1415__gpu_full__3dc555fe__gitc2c2860f__codebebd8b2d__20260715T051844483360Z,msl_ncam_nlb_431511807edr_f0150000ncam00291m1,test_msl,bedrock,iou,,0,0,0
segformer__scratch__mit-b2__in_rover__seed1415__gpu_full__3dc555fe__gitc2c2860f__codebebd8b2d__20260715T051844483360Z,msl_ncam_nlb_431511807edr_f0150000ncam00291m1,test_msl,sand,iou,,0,0,0
segformer__scratch__mit-b2__in_rover__seed1415__gpu_full__3dc555fe__gitc2c2860f__codebebd8b2d__20260715T051844483360Z,msl_ncam_nlb_431511807edr_f0150000ncam00291m1,test_msl,big_rock,iou,,0,0,0
segformer__scratch__mit-b2__in_rover__seed1415__gpu_full__3dc555fe__gitc2c2860f__codebebd8b2d__20260715T051844483360Z,msl_ncam_nlb_431511807edr_f0150000ncam00291m1,test_msl,ALL,pixel_acc,,0,0,0
segformer__scratch__mit-b2__in_rover__seed1415__gpu_full__3dc555fe__gitc2c2860f__codebebd8b2d__20260715T051844483360Z,msl_ncam_nlb_431511807edr_f0150000ncam00291m1,test_msl,ALL,boundary_f1,,0,0,0
segformer__scratch__mit-b2__in_rover__seed1415__gpu_full__3dc555fe__gitc2c2860f__codebebd8b2d__20260715T051844483360Z,msl_ncam_nlb_431511862edr_f0150000ncam00354m1,test_msl,soil,iou,1.0,215849,215849,215849
segformer__scratch__mit-b2__in_rover__seed1415__gpu_full__3dc555fe__gitc2c2860f__codebebd8b2d__20260715T051844483360Z,msl_ncam_nlb_431511862edr_f0150000ncam00354m1,test_msl,bedrock,iou,,0,0,215849
segformer__scratch__mit-b2__in_rover__seed1415__gpu_full__3dc555fe__gitc2c2860f__codebebd8b2d__20260715T051844483360Z,msl_ncam_nlb_431511862edr_f0150000ncam00354m1,test_msl,sand,iou,,0,0,215849
segformer__scratch__mit-b2__in_rover__seed1415__gpu_full__3dc555fe__gitc2c2860f__codebebd8b2d__20260715T051844483360Z,msl_ncam_nlb_431511862edr_f0150000ncam00354m1,test_msl,big_rock,iou,,0,0,215849
segformer__scratch__mit-b2__in_rover__seed1415__gpu_full__3dc555fe__gitc2c2860f__codebebd8b2d__20260715T051844483360Z,msl_ncam_nlb_431511862edr_f0150000ncam00354m1,test_msl,ALL,pixel_acc,1.0,0,0,215849
segformer__scratch__mit-b2__in_rover__seed1415__gpu_full__3dc555fe__gitc2c2860f__codebebd8b2d__20260715T051844483360Z,msl_ncam_nlb_431511862edr_f0150000ncam00354m1,test_msl,ALL,boundary_f1,1.0,0,0,215849
segformer__scratch__mit-b2__in_rover__seed1415__gpu_full__3dc555fe__gitc2c2860f__codebebd8b2d__20260715T051844483360Z,msl_ncam_nlb_436380021edr_f0211362ncam00278m1,test_msl,soil,iou,0.9898318341806804,86054,86938,86938
segformer__scratch__mit-b2__in_rover__seed1415__gpu_full__3dc555fe__gitc2c2860f__codebebd8b2d__20260715T051844483360Z,msl_ncam_nlb_436380021edr_f0211362ncam00278m1,test_msl,bedrock,iou,,0,0,86938
segformer__scratch__mit-b2__in_rover__seed1415__gpu_full__3dc555fe__gitc2c2860f__codebebd8b2d__20260715T051844483360Z,msl_ncam_nlb_436380021edr_f0211362ncam00278m1,test_msl,sand,iou,0.0,0,884,86938
segformer__scratch__mit-b2__in_rover__seed1415__gpu_full__3dc555fe__gitc2c2860f__codebebd8b2d__20260715T051844483360Z,msl_ncam_nlb_436380021edr_f0211362ncam00278m1,test_msl,big_rock,iou,,0,0,86938
segformer__scratch__mit-b2__in_rover__seed1415__gpu_full__3dc555fe__gitc2c2860f__codebebd8b2d__20260715T051844483360Z,msl_ncam_nlb_436380021edr_f0211362ncam00278m1,test_msl,ALL,pixel_acc,0.9898318341806804,0,0,86938
segformer__scratch__mit-b2__in_rover__seed1415__gpu_full__3dc555fe__gitc2c2860f__codebebd8b2d__20260715T051844483360Z,msl_ncam_nlb_436380021edr_f0211362ncam00278m1,test_msl,ALL,boundary_f1,0.48029754193724056,0,0,86938
segformer__scratch__mit-b2__in_rover__seed1415__gpu_full__3dc555fe__gitc2c2860f__codebebd8b2d__20260715T051844483360Z,msl_ncam_nlb_436380133edr_f0211362ncam00278m1,test_msl,soil,iou,0.5290272599622331,10926,20653,32983
segformer__scratch__mit-b2__in_rover__seed1415__gpu_full__3dc555fe__gitc2c2860f__codebebd8b2d__20260715T051844483360Z,msl_ncam_nlb_436380133edr_f0211362ncam00278m1,test_msl,bedrock,iou,0.49127261186924787,10836,22057,32983
segformer__scratch__mit-b2__in_rover__seed1415__gpu_full__3dc555fe__gitc2c2860f__codebebd8b2d__20260715T051844483360Z,msl_ncam_nlb_436380133edr_f0211362ncam00278m1,test_msl,sand,iou,,0,0,32983
segformer__scratch__mit-b2__in_rover__seed1415__gpu_full__3dc555fe__gitc2c2860f__codebebd8b2d__20260715T051844483360Z,msl_ncam_nlb_436380133edr_f0211362ncam00278m1,test_msl,big_rock,iou,0.0,0,1494,32983
segformer__scratch__mit-b2__in_rover__seed1415__gpu_full__3dc555fe__gitc2c2860f__codebebd8b2d__20260715T051844483360Z,msl_ncam_nlb_436380133edr_f0211362ncam00278m1,test_msl,ALL,pixel_acc,0.6597944395597732,0,0,32983
segformer__scratch__mit-b2__in_rover__seed1415__gpu_full__3dc555fe__gitc2c2860f__codebebd8b2d__20260715T051844483360Z,msl_ncam_nlb_436380133edr_f0211362ncam00278m1,test_msl,ALL,boundary_f1,0.2472690307552281,0,0,32983
segformer__scratch__mit-b2__in_rover__seed1415__gpu_full__3dc555fe__gitc2c2860f__codebebd8b2d__20260715T051844483360Z,msl_ncam_nlb_436383872edr_f0211362ncam00354m1,test_msl,soil,iou,0.3722319347319347,10220,27456,31991
segformer__scratch__mit-b2__in_rover__seed1415__gpu_full__3dc555fe__gitc2c2860f__codebebd8b2d__20260715T051844483360Z,msl_ncam_nlb_436383872edr_f0211362ncam00354m1,test_msl,bedrock,iou,0.1455146754857379,3168,21771,31991
segformer__scratch__mit-b2__in_rover__seed1415__gpu_full__3dc555fe__gitc2c2860f__codebebd8b2d__20260715T051844483360Z,msl_ncam_nlb_436383872edr_f0211362ncam00354m1,test_msl,sand,iou,,0,0,31991
segformer__scratch__mit-b2__in_rover__seed1415__gpu_full__3dc555fe__gitc2c2860f__codebebd8b2d__20260715T051844483360Z,msl_ncam_nlb_436383872edr_f0211362ncam00354m1,test_msl,big_rock,iou,0.0,0,1367,31991
segformer__scratch__mit-b2__in_rover__seed1415__gpu_full__3dc555fe__gitc2c2860f__codebebd8b2d__20260715T051844483360Z,msl_ncam_nlb_436383872edr_f0211362ncam00354m1,test_msl,ALL,pixel_acc,0.41849270107217657,0,0,31991
segformer__scratch__mit-b2__in_rover__seed1415__gpu_full__3dc555fe__gitc2c2860f__codebebd8b2d__20260715T051844483360Z,msl_ncam_nlb_436383872edr_f0211362ncam00354m1,test_msl,ALL,boundary_f1,0.2671133732505288,0,0,31991
segformer__scratch__mit-b2__in_rover__seed1415__gpu_full__3dc555fe__gitc2c2860f__codebebd8b2d__20260715T051844483360Z,msl_ncam_nlb_436383928edr_f0211362ncam00354m1,test_msl,soil,iou,,0,0,58335
segformer__scratch__mit-b2__in_rover__seed1415__gpu_full__3dc555fe__gitc2c2860f__codebebd8b2d__20260715T051844483360Z,msl_ncam_nlb_436383928edr_f0211362ncam00354m1,test_msl,bedrock,iou,1.0,58335,58335,58335
segformer__scratch__mit-b2__in_rover__seed1415__gpu_full__3dc555fe__gitc2c2860f__codebebd8b2d__20260715T051844483360Z,msl_ncam_nlb_436383928edr_f0211362ncam00354m1,test_msl,sand,iou,,0,0,58335
segformer__scratch__mit-b2__in_rover__seed1415__gpu_full__3dc555fe__gitc2c2860f__codebebd8b2d__20260715T051844483360Z,msl_ncam_nlb_436383928edr_f0211362ncam00354m1,test_msl,big_rock,iou,,0,0,58335
segformer__scratch__mit-b2__in_rover__seed1415__gpu_full__3dc555fe__gitc2c2860f__codebebd8b2d__20260715T051844483360Z,msl_ncam_nlb_436383928edr_f0211362ncam00354m1,test_msl,ALL,pixel_acc,1.0,0,0,58335
segformer__scratch__mit-b2__in_rover__seed1415__gpu_full__3dc555fe__gitc2c2860f__codebebd8b2d__20260715T051844483360Z,msl_ncam_nlb_436383928edr_f0211362ncam00354m1,test_msl,ALL,boundary_f1,1.0,0,0,58335
segformer__scratch__mit-b2__in_rover__seed1415__gpu_full__3dc555fe__gitc2c2860f__codebebd8b2d__20260715T051844483360Z,msl_ncam_nlb_436384026edr_f0211362ncam00279m1,test_msl,soil,iou,0.9227625028286943,65243,70704,164119
segformer__scratch__mit-b2__in_rover__seed1415__gpu_full__3dc555fe__gitc2c2860f__codebebd8b2d__20260715T051844483360Z,msl_ncam_nlb_436384026edr_f0211362ncam00279m1,test_msl,bedrock,iou,0.944769205874024,93415,98876,164119
segformer__scratch__mit-b2__in_rover__seed1415__gpu_full__3dc555fe__gitc2c2860f__codebebd8b2d__20260715T051844483360Z,msl_ncam_nlb_436384026edr_f0211362ncam00279m1,test_msl,sand,iou,,0,0,164119
segformer__scratch__mit-b2__in_rover__seed1415__gpu_full__3dc555fe__gitc2c2860f__codebebd8b2d__20260715T051844483360Z,msl_ncam_nlb_436384026edr_f0211362ncam00279m1,test_msl,big_rock,iou,,0,0,164119
segformer__scratch__mit-b2__in_rover__seed1415__gpu_full__3dc555fe__gitc2c2860f__codebebd8b2d__20260715T051844483360Z,msl_ncam_nlb_436384026edr_f0211362ncam00279m1,test_msl,ALL,pixel_acc,0.9667253639127706,0,0,164119
segformer__scratch__mit-b2__in_rover__seed1415__gpu_full__3dc555fe__gitc2c2860f__codebebd8b2d__20260715T051844483360Z,msl_ncam_nlb_436384026edr_f0211362ncam00279m1,test_msl,ALL,boundary_f1,0.7694234679103489,0,0,164119
segformer__scratch__mit-b2__in_rover__seed1415__gpu_full__3dc555fe__gitc2c2860f__codebebd8b2d__20260715T051844483360Z,msl_ncam_nlb_436384140edr_f0211362ncam00279m1,test_msl,soil,iou,,0,0,0
segformer__scratch__mit-b2__in_rover__seed1415__gpu_full__3dc555fe__gitc2c2860f__codebebd8b2d__20260715T051844483360Z,msl_ncam_nlb_436384140edr_f0211362ncam00279m1,test_msl,bedrock,iou,,0,0,0
segformer__scratch__mit-b2__in_rover__seed1415__gpu_full__3dc555fe__gitc2c2860f__codebebd8b2d__20260715T051844483360Z,msl_ncam_nlb_436384140edr_f0211362ncam00279m1,test_msl,sand,iou,,0,0,0
segformer__scratch__mit-b2__in_rover__seed1415__gpu_full__3dc555fe__gitc2c2860f__codebebd8b2d__20260715T051844483360Z,msl_ncam_nlb_436384140edr_f0211362ncam00279m1,test_msl,big_rock,iou,,0,0,0
segformer__scratch__mit-b2__in_rover__seed1415__gpu_full__3dc555fe__gitc2c2860f__codebebd8b2d__20260715T051844483360Z,msl_ncam_nlb_436384140edr_f0211362ncam00279m1,test_msl,ALL,pixel_acc,,0,0,0
segformer__scratch__mit-b2__in_rover__seed1415__gpu_full__3dc555fe__gitc2c2860f__codebebd8b2d__20260715T051844483360Z,msl_ncam_nlb_436384140edr_f0211362ncam00279m1,test_msl,ALL,boundary_f1,,0,0,0
segformer__scratch__mit-b2__in_rover__seed1415__gpu_full__3dc555fe__gitc2c2860f__codebebd8b2d__20260715T051844483360Z,msl_ncam_nlb_436384203edr_f0211362ncam00279m1,test_msl,soil,iou,0.3594735182849937,4561,12688,14096
segformer__scratch__mit-b2__in_rover__seed1415__gpu_full__3dc555fe__gitc2c2860f__codebebd8b2d__20260715T051844483360Z,msl_ncam_nlb_436384203edr_f0211362ncam00279m1,test_msl,bedrock,iou,0.07722308892355695,693,8974,14096
segformer__scratch__mit-b2__in_rover__seed1415__gpu_full__3dc555fe__gitc2c2860f__codebebd8b2d__20260715T051844483360Z,msl_ncam_nlb_436384203edr_f0211362ncam00279m1,test_msl,sand,iou,0.0,0,561,14096
segformer__scratch__mit-b2__in_rover__seed1415__gpu_full__3dc555fe__gitc2c2860f__codebebd8b2d__20260715T051844483360Z,msl_ncam_nlb_436384203edr_f0211362ncam00279m1,test_msl,big_rock,iou,0.0,0,715,14096
segformer__scratch__mit-b2__in_rover__seed1415__gpu_full__3dc555fe__gitc2c2860f__codebebd8b2d__20260715T051844483360Z,msl_ncam_nlb_436384203edr_f0211362ncam00279m1,test_msl,ALL,pixel_acc,0.3727298524404086,0,0,14096
segformer__scratch__mit-b2__in_rover__seed1415__gpu_full__3dc555fe__gitc2c2860f__codebebd8b2d__20260715T051844483360Z,msl_ncam_nlb_436384203edr_f0211362ncam00279m1,test_msl,ALL,boundary_f1,0.15923442229338228,0,0,14096
segformer__scratch__mit-b2__in_rover__seed1415__gpu_full__3dc555fe__gitc2c2860f__codebebd8b2d__20260715T051844483360Z,msl_ncam_nlb_439225105edr_f0240000ncam00346m1,test_msl,soil,iou,,0,0,0
segformer__scratch__mit-b2__in_rover__seed1415__gpu_full__3dc555fe__gitc2c2860f__codebebd8b2d__20260715T051844483360Z,msl_ncam_nlb_439225105edr_f0240000ncam00346m1,test_msl,bedrock,iou,,0,0,0
segformer__scratch__mit-b2__in_rover__seed1415__gpu_full__3dc555fe__gitc2c2860f__codebebd8b2d__20260715T051844483360Z,msl_ncam_nlb_439225105edr_f0240000ncam00346m1,test_msl,sand,iou,,0,0,0
segformer__scratch__mit-b2__in_rover__seed1415__gpu_full__3dc555fe__gitc2c2860f__codebebd8b2d__20260715T051844483360Z,msl_ncam_nlb_439225105edr_f0240000ncam00346m1,test_msl,big_rock,iou,,0,0,0
segformer__scratch__mit-b2__in_rover__seed1415__gpu_full__3dc555fe__gitc2c2860f__codebebd8b2d__20260715T051844483360Z,msl_ncam_nlb_439225105edr_f0240000ncam00346m1,test_msl,ALL,pixel_acc,,0,0,0
segformer__scratch__mit-b2__in_rover__seed1415__gpu_full__3dc555fe__gitc2c2860f__codebebd8b2d__20260715T051844483360Z,msl_ncam_nlb_439225105edr_f0240000ncam00346m1,test_msl,ALL,boundary_f1,,0,0,0
segformer__scratch__mit-b2__in_rover__seed1415__gpu_full__3dc555fe__gitc2c2860f__codebebd8b2d__20260715T051844483360Z,msl_ncam_nlb_439225164edr_f0240000ncam05113m1,test_msl,soil,iou,0.8936157024793389,86502,96800,96800
segformer__scratch__mit-b2__in_rover__seed1415__gpu_full__3dc555fe__gitc2c2860f__codebebd8b2d__20260715T051844483360Z,msl_ncam_nlb_439225164edr_f0240000ncam05113m1,test_msl,bedrock,iou,0.0,0,10298,96800
segformer__scratch__mit-b2__in_rover__seed1415__gpu_full__3dc555fe__gitc2c2860f__codebebd8b2d__20260715T051844483360Z,msl_ncam_nlb_439225164edr_f0240000ncam05113m1,test_msl,sand,iou,,0,0,96800
segformer__scratch__mit-b2__in_rover__seed1415__gpu_full__3dc555fe__gitc2c2860f__codebebd8b2d__20260715T051844483360Z,msl_ncam_nlb_439225164edr_f0240000ncam05113m1,test_msl,big_rock,iou,,0,0,96800
segformer__scratch__mit-b2__in_rover__seed1415__gpu_full__3dc555fe__gitc2c2860f__codebebd8b2d__20260715T051844483360Z,msl_ncam_nlb_439225164edr_f0240000ncam05113m1,test_msl,ALL,pixel_acc,0.8936157024793389,0,0,96800
segformer__scratch__mit-b2__in_rover__seed1415__gpu_full__3dc555fe__gitc2c2860f__codebebd8b2d__20260715T051844483360Z,msl_ncam_nlb_439225164edr_f0240000ncam05113m1,test_msl,ALL,boundary_f1,0.37939988459319096,0,0,96800
segformer__scratch__mit-b2__in_rover__seed1415__gpu_full__3dc555fe__gitc2c2860f__codebebd8b2d__20260715T051844483360Z,msl_ncam_nlb_439225290edr_f0240000ncam05113m1,test_msl,soil,iou,1.0,8548,8548,8548
segformer__scratch__mit-b2__in_rover__seed1415__gpu_full__3dc555fe__gitc2c2860f__codebebd8b2d__20260715T051844483360Z,msl_ncam_nlb_439225290edr_f0240000ncam05113m1,test_msl,bedrock,iou,,0,0,8548
segformer__scratch__mit-b2__in_rover__seed1415__gpu_full__3dc555fe__gitc2c2860f__codebebd8b2d__20260715T051844483360Z,msl_ncam_nlb_439225290edr_f0240000ncam05113m1,test_msl,sand,iou,,0,0,8548
segformer__scratch__mit-b2__in_rover__seed1415__gpu_full__3dc555fe__gitc2c2860f__codebebd8b2d__20260715T051844483360Z,msl_ncam_nlb_439225290edr_f0240000ncam05113m1,test_msl,big_rock,iou,,0,0,8548
segformer__scratch__mit-b2__in_rover__seed1415__gpu_full__3dc555fe__gitc2c2860f__codebebd8b2d__20260715T051844483360Z,msl_ncam_nlb_439225290edr_f0240000ncam05113m1,test_msl,ALL,pixel_acc,1.0,0,0,8548
segformer__scratch__mit-b2__in_rover__seed1415__gpu_full__3dc555fe__gitc2c2860f__codebebd8b2d__20260715T051844483360Z,msl_ncam_nlb_439225290edr_f0240000ncam05113m1,test_msl,ALL,boundary_f1,1.0,0,0,8548
segformer__scratch__mit-b2__in_rover__seed1415__gpu_full__3dc555fe__gitc2c2860f__codebebd8b2d__20260715T051844483360Z,msl_ncam_nlb_439225843edr_f0240000ncam00267m1,test_msl,soil,iou,1.0,59790,59790,59790
segformer__scratch__mit-b2__in_rover__seed1415__gpu_full__3dc555fe__gitc2c2860f__codebebd8b2d__20260715T051844483360Z,msl_ncam_nlb_439225843edr_f0240000ncam00267m1,test_msl,bedrock,iou,,0,0,59790
segformer__scratch__mit-b2__in_rover__seed1415__gpu_full__3dc555fe__gitc2c2860f__codebebd8b2d__20260715T051844483360Z,msl_ncam_nlb_439225843edr_f0240000ncam00267m1,test_msl,sand,iou,,0,0,59790
segformer__scratch__mit-b2__in_rover__seed1415__gpu_full__3dc555fe__gitc2c2860f__codebebd8b2d__20260715T051844483360Z,msl_ncam_nlb_439225843edr_f0240000ncam00267m1,test_msl,big_rock,iou,,0,0,59790
segformer__scratch__mit-b2__in_rover__seed1415__gpu_full__3dc555fe__gitc2c2860f__codebebd8b2d__20260715T051844483360Z,msl_ncam_nlb_439225843edr_f0240000ncam00267m1,test_msl,ALL,pixel_acc,1.0,0,0,59790
segformer__scratch__mit-b2__in_rover__seed1415__gpu_full__3dc555fe__gitc2c2860f__codebebd8b2d__20260715T051844483360Z,msl_ncam_nlb_439225843edr_f0240000ncam00267m1,test_msl,ALL,boundary_f1,1.0,0,0,59790
segformer__scratch__mit-b2__in_rover__seed1415__gpu_full__3dc555fe__gitc2c2860f__codebebd8b2d__20260715T051844483360Z,msl_ncam_nlb_439225957edr_f0240000ncam00267m1,test_msl,soil,iou,1.0,32088,32088,32088
segformer__scratch__mit-b2__in_rover__seed1415__gpu_full__3dc555fe__gitc2c2860f__codebebd8b2d__20260715T051844483360Z,msl_ncam_nlb_439225957edr_f0240000ncam00267m1,test_msl,bedrock,iou,,0,0,32088
segformer__scratch__mit-b2__in_rover__seed1415__gpu_full__3dc555fe__gitc2c2860f__codebebd8b2d__20260715T051844483360Z,msl_ncam_nlb_439225957edr_f0240000ncam00267m1,test_msl,sand,iou,,0,0,32088
segformer__scratch__mit-b2__in_rover__seed1415__gpu_full__3dc555fe__gitc2c2860f__codebebd8b2d__20260715T051844483360Z,msl_ncam_nlb_439225957edr_f0240000ncam00267m1,test_msl,big_rock,iou,,0,0,32088
segformer__scratch__mit-b2__in_rover__seed1415__gpu_full__3dc555fe__gitc2c2860f__codebebd8b2d__20260715T051844483360Z,msl_ncam_nlb_439225957edr_f0240000ncam00267m1,test_msl,ALL,pixel_acc,1.0,0,0,32088
segformer__scratch__mit-b2__in_rover__seed1415__gpu_full__3dc555fe__gitc2c2860f__codebebd8b2d__20260715T051844483360Z,msl_ncam_nlb_439225957edr_f0240000ncam00267m1,test_msl,ALL,boundary_f1,1.0,0,0,32088
segformer__scratch__mit-b2__in_rover__seed1415__gpu_full__3dc555fe__gitc2c2860f__codebebd8b2d__20260715T051844483360Z,msl_ncam_nlb_439226019edr_f0240000ncam00267m1,test_msl,soil,iou,1.0,11757,11757,11757
segformer__scratch__mit-b2__in_rover__seed1415__gpu_full__3dc555fe__gitc2c2860f__codebebd8b2d__20260715T051844483360Z,msl_ncam_nlb_439226019edr_f0240000ncam00267m1,test_msl,bedrock,iou,,0,0,11757
segformer__scratch__mit-b2__in_rover__seed1415__gpu_full__3dc555fe__gitc2c2860f__codebebd8b2d__20260715T051844483360Z,msl_ncam_nlb_439226019edr_f0240000ncam00267m1,test_msl,sand,iou,,0,0,11757
segformer__scratch__mit-b2__in_rover__seed1415__gpu_full__3dc555fe__gitc2c2860f__codebebd8b2d__20260715T051844483360Z,msl_ncam_nlb_439226019edr_f0240000ncam00267m1,test_msl,big_rock,iou,,0,0,11757
segformer__scratch__mit-b2__in_rover__seed1415__gpu_full__3dc555fe__gitc2c2860f__codebebd8b2d__20260715T051844483360Z,msl_ncam_nlb_439226019edr_f0240000ncam00267m1,test_msl,ALL,pixel_acc,1.0,0,0,11757
segformer__scratch__mit-b2__in_rover__seed1415__gpu_full__3dc555fe__gitc2c2860f__codebebd8b2d__20260715T051844483360Z,msl_ncam_nlb_439226019edr_f0240000ncam00267m1,test_msl,ALL,boundary_f1,1.0,0,0,11757
segformer__scratch__mit-b2__in_rover__seed1415__gpu_full__3dc555fe__gitc2c2860f__codebebd8b2d__20260715T051844483360Z,msl_ncam_nlb_439226061edr_f0240000ncam00350m1,test_msl,soil,iou,1.0,23535,23535,23535
segformer__scratch__mit-b2__in_rover__seed1415__gpu_full__3dc555fe__gitc2c2860f__codebebd8b2d__20260715T051844483360Z,msl_ncam_nlb_439226061edr_f0240000ncam00350m1,test_msl,bedrock,iou,,0,0,23535
segformer__scratch__mit-b2__in_rover__seed1415__gpu_full__3dc555fe__gitc2c2860f__codebebd8b2d__20260715T051844483360Z,msl_ncam_nlb_439226061edr_f0240000ncam00350m1,test_msl,sand,iou,,0,0,23535
segformer__scratch__mit-b2__in_rover__seed1415__gpu_full__3dc555fe__gitc2c2860f__codebebd8b2d__20260715T051844483360Z,msl_ncam_nlb_439226061edr_f0240000ncam00350m1,test_msl,big_rock,iou,,0,0,23535
segformer__scratch__mit-b2__in_rover__seed1415__gpu_full__3dc555fe__gitc2c2860f__codebebd8b2d__20260715T051844483360Z,msl_ncam_nlb_439226061edr_f0240000ncam00350m1,test_msl,ALL,pixel_acc,1.0,0,0,23535
segformer__scratch__mit-b2__in_rover__seed1415__gpu_full__3dc555fe__gitc2c2860f__codebebd8b2d__20260715T051844483360Z,msl_ncam_nlb_439226061edr_f0240000ncam00350m1,test_msl,ALL,boundary_f1,1.0,0,0,23535
segformer__scratch__mit-b2__in_rover__seed1415__gpu_full__3dc555fe__gitc2c2860f__codebebd8b2d__20260715T051844483360Z,msl_ncam_nlb_439226140edr_f0240000ncam00350m1,test_msl,soil,iou,1.0,178948,178948,178948
segformer__scratch__mit-b2__in_rover__seed1415__gpu_full__3dc555fe__gitc2c2860f__codebebd8b2d__20260715T051844483360Z,msl_ncam_nlb_439226140edr_f0240000ncam00350m1,test_msl,bedrock,iou,,0,0,178948
segformer__scratch__mit-b2__in_rover__seed1415__gpu_full__3dc555fe__gitc2c2860f__codebebd8b2d__20260715T051844483360Z,msl_ncam_nlb_439226140edr_f0240000ncam00350m1,test_msl,sand,iou,,0,0,178948
segformer__scratch__mit-b2__in_rover__seed1415__gpu_full__3dc555fe__gitc2c2860f__codebebd8b2d__20260715T051844483360Z,msl_ncam_nlb_439226140edr_f0240000ncam00350m1,test_msl,big_rock,iou,,0,0,178948
segformer__scratch__mit-b2__in_rover__seed1415__gpu_full__3dc555fe__gitc2c2860f__codebebd8b2d__20260715T051844483360Z,msl_ncam_nlb_439226140edr_f0240000ncam00350m1,test_msl,ALL,pixel_acc,1.0,0,0,178948
segformer__scratch__mit-b2__in_rover__seed1415__gpu_full__3dc555fe__gitc2c2860f__codebebd8b2d__20260715T051844483360Z,msl_ncam_nlb_439226140edr_f0240000ncam00350m1,test_msl,ALL,boundary_f1,1.0,0,0,178948
segformer__scratch__mit-b2__in_rover__seed1415__gpu_full__3dc555fe__gitc2c2860f__codebebd8b2d__20260715T051844483360Z,msl_ncam_nlb_442591818edr_f0250254ncam00470m1,test_msl,soil,iou,1.0,18461,18461,18461
segformer__scratch__mit-b2__in_rover__seed1415__gpu_full__3dc555fe__gitc2c2860f__codebebd8b2d__20260715T051844483360Z,msl_ncam_nlb_442591818edr_f0250254ncam00470m1,test_msl,bedrock,iou,,0,0,18461
segformer__scratch__mit-b2__in_rover__seed1415__gpu_full__3dc555fe__gitc2c2860f__codebebd8b2d__20260715T051844483360Z,msl_ncam_nlb_442591818edr_f0250254ncam00470m1,test_msl,sand,iou,,0,0,18461
segformer__scratch__mit-b2__in_rover__seed1415__gpu_full__3dc555fe__gitc2c2860f__codebebd8b2d__20260715T051844483360Z,msl_ncam_nlb_442591818edr_f0250254ncam00470m1,test_msl,big_rock,iou,,0,0,18461
segformer__scratch__mit-b2__in_rover__seed1415__gpu_full__3dc555fe__gitc2c2860f__codebebd8b2d__20260715T051844483360Z,msl_ncam_nlb_442591818edr_f0250254ncam00470m1,test_msl,ALL,pixel_acc,1.0,0,0,18461
segformer__scratch__mit-b2__in_rover__seed1415__gpu_full__3dc555fe__gitc2c2860f__codebebd8b2d__20260715T051844483360Z,msl_ncam_nlb_442591818edr_f0250254ncam00470m1,test_msl,ALL,boundary_f1,1.0,0,0,18461
segformer__scratch__mit-b2__in_rover__seed1415__gpu_full__3dc555fe__gitc2c2860f__codebebd8b2d__20260715T051844483360Z,msl_ncam_nlb_442592358edr_f0250272ncam00385m1,test_msl,soil,iou,1.0,134437,134437,134437
segformer__scratch__mit-b2__in_rover__seed1415__gpu_full__3dc555fe__gitc2c2860f__codebebd8b2d__20260715T051844483360Z,msl_ncam_nlb_442592358edr_f0250272ncam00385m1,test_msl,bedrock,iou,,0,0,134437
segformer__scratch__mit-b2__in_rover__seed1415__gpu_full__3dc555fe__gitc2c2860f__codebebd8b2d__20260715T051844483360Z,msl_ncam_nlb_442592358edr_f0250272ncam00385m1,test_msl,sand,iou,,0,0,134437
segformer__scratch__mit-b2__in_rover__seed1415__gpu_full__3dc555fe__gitc2c2860f__codebebd8b2d__20260715T051844483360Z,msl_ncam_nlb_442592358edr_f0250272ncam00385m1,test_msl,big_rock,iou,,0,0,134437
segformer__scratch__mit-b2__in_rover__seed1415__gpu_full__3dc555fe__gitc2c2860f__codebebd8b2d__20260715T051844483360Z,msl_ncam_nlb_442592358edr_f0250272ncam00385m1,test_msl,ALL,pixel_acc,1.0,0,0,134437
segformer__scratch__mit-b2__in_rover__seed1415__gpu_full__3dc555fe__gitc2c2860f__codebebd8b2d__20260715T051844483360Z,msl_ncam_nlb_442592358edr_f0250272ncam00385m1,test_msl,ALL,boundary_f1,1.0,0,0,134437
segformer__scratch__mit-b2__in_rover__seed1415__gpu_full__3dc555fe__gitc2c2860f__codebebd8b2d__20260715T051844483360Z,msl_ncam_nlb_442593301edr_f0250312ncam00353m1,test_msl,soil,iou,1.0,106977,106977,106977
segformer__scratch__mit-b2__in_rover__seed1415__gpu_full__3dc555fe__gitc2c2860f__codebebd8b2d__20260715T051844483360Z,msl_ncam_nlb_442593301edr_f0250312ncam00353m1,test_msl,bedrock,iou,,0,0,106977
segformer__scratch__mit-b2__in_rover__seed1415__gpu_full__3dc555fe__gitc2c2860f__codebebd8b2d__20260715T051844483360Z,msl_ncam_nlb_442593301edr_f0250312ncam00353m1,test_msl,sand,iou,,0,0,106977
segformer__scratch__mit-b2__in_rover__seed1415__gpu_full__3dc555fe__gitc2c2860f__codebebd8b2d__20260715T051844483360Z,msl_ncam_nlb_442593301edr_f0250312ncam00353m1,test_msl,big_rock,iou,,0,0,106977
segformer__scratch__mit-b2__in_rover__seed1415__gpu_full__3dc555fe__gitc2c2860f__codebebd8b2d__20260715T051844483360Z,msl_ncam_nlb_442593301edr_f0250312ncam00353m1,test_msl,ALL,pixel_acc,1.0,0,0,106977
segformer__scratch__mit-b2__in_rover__seed1415__gpu_full__3dc555fe__gitc2c2860f__codebebd8b2d__20260715T051844483360Z,msl_ncam_nlb_442593301edr_f0250312ncam00353m1,test_msl,ALL,boundary_f1,1.0,0,0,106977
segformer__scratch__mit-b2__in_rover__seed1415__gpu_full__3dc555fe__gitc2c2860f__codebebd8b2d__20260715T051844483360Z,msl_ncam_nlb_442598077edr_f0250312ncam00281m1,test_msl,soil,iou,1.0,8175,8175,8175
segformer__scratch__mit-b2__in_rover__seed1415__gpu_full__3dc555fe__gitc2c2860f__codebebd8b2d__20260715T051844483360Z,msl_ncam_nlb_442598077edr_f0250312ncam00281m1,test_msl,bedrock,iou,,0,0,8175
segformer__scratch__mit-b2__in_rover__seed1415__gpu_full__3dc555fe__gitc2c2860f__codebebd8b2d__20260715T051844483360Z,msl_ncam_nlb_442598077edr_f0250312ncam00281m1,test_msl,sand,iou,,0,0,8175
segformer__scratch__mit-b2__in_rover__seed1415__gpu_full__3dc555fe__gitc2c2860f__codebebd8b2d__20260715T051844483360Z,msl_ncam_nlb_442598077edr_f0250312ncam00281m1,test_msl,big_rock,iou,,0,0,8175
segformer__scratch__mit-b2__in_rover__seed1415__gpu_full__3dc555fe__gitc2c2860f__codebebd8b2d__20260715T051844483360Z,msl_ncam_nlb_442598077edr_f0250312ncam00281m1,test_msl,ALL,pixel_acc,1.0,0,0,8175
segformer__scratch__mit-b2__in_rover__seed1415__gpu_full__3dc555fe__gitc2c2860f__codebebd8b2d__20260715T051844483360Z,msl_ncam_nlb_442598077edr_f0250312ncam00281m1,test_msl,ALL,boundary_f1,1.0,0,0,8175
segformer__scratch__mit-b2__in_rover__seed1415__gpu_full__3dc555fe__gitc2c2860f__codebebd8b2d__20260715T051844483360Z,msl_ncam_nlb_442598204edr_f0250312ncam00281m1,test_msl,soil,iou,0.9777276174017318,110888,113414,113414
segformer__scratch__mit-b2__in_rover__seed1415__gpu_full__3dc555fe__gitc2c2860f__codebebd8b2d__20260715T051844483360Z,msl_ncam_nlb_442598204edr_f0250312ncam00281m1,test_msl,bedrock,iou,0.0,0,902,113414
segformer__scratch__mit-b2__in_rover__seed1415__gpu_full__3dc555fe__gitc2c2860f__codebebd8b2d__20260715T051844483360Z,msl_ncam_nlb_442598204edr_f0250312ncam00281m1,test_msl,sand,iou,0.0,0,1278,113414
segformer__scratch__mit-b2__in_rover__seed1415__gpu_full__3dc555fe__gitc2c2860f__codebebd8b2d__20260715T051844483360Z,msl_ncam_nlb_442598204edr_f0250312ncam00281m1,test_msl,big_rock,iou,0.0,0,346,113414
segformer__scratch__mit-b2__in_rover__seed1415__gpu_full__3dc555fe__gitc2c2860f__codebebd8b2d__20260715T051844483360Z,msl_ncam_nlb_442598204edr_f0250312ncam00281m1,test_msl,ALL,pixel_acc,0.9777276174017318,0,0,113414
segformer__scratch__mit-b2__in_rover__seed1415__gpu_full__3dc555fe__gitc2c2860f__codebebd8b2d__20260715T051844483360Z,msl_ncam_nlb_442598204edr_f0250312ncam00281m1,test_msl,ALL,boundary_f1,0.22578779994217982,0,0,113414
segformer__scratch__mit-b2__in_rover__seed1415__gpu_full__3dc555fe__gitc2c2860f__codebebd8b2d__20260715T051844483360Z,msl_ncam_nlb_442600163edr_f0250312ncam00350m1,test_msl,soil,iou,1.0,151293,151293,151293
segformer__scratch__mit-b2__in_rover__seed1415__gpu_full__3dc555fe__gitc2c2860f__codebebd8b2d__20260715T051844483360Z,msl_ncam_nlb_442600163edr_f0250312ncam00350m1,test_msl,bedrock,iou,,0,0,151293
segformer__scratch__mit-b2__in_rover__seed1415__gpu_full__3dc555fe__gitc2c2860f__codebebd8b2d__20260715T051844483360Z,msl_ncam_nlb_442600163edr_f0250312ncam00350m1,test_msl,sand,iou,,0,0,151293
segformer__scratch__mit-b2__in_rover__seed1415__gpu_full__3dc555fe__gitc2c2860f__codebebd8b2d__20260715T051844483360Z,msl_ncam_nlb_442600163edr_f0250312ncam00350m1,test_msl,big_rock,iou,,0,0,151293
segformer__scratch__mit-b2__in_rover__seed1415__gpu_full__3dc555fe__gitc2c2860f__codebebd8b2d__20260715T051844483360Z,msl_ncam_nlb_442600163edr_f0250312ncam00350m1,test_msl,ALL,pixel_acc,1.0,0,0,151293
segformer__scratch__mit-b2__in_rover__seed1415__gpu_full__3dc555fe__gitc2c2860f__codebebd8b2d__20260715T051844483360Z,msl_ncam_nlb_442600163edr_f0250312ncam00350m1,test_msl,ALL,boundary_f1,1.0,0,0,151293
segformer__scratch__mit-b2__in_rover__seed1415__gpu_full__3dc555fe__gitc2c2860f__codebebd8b2d__20260715T051844483360Z,msl_ncam_nlb_442600208edr_f0250312ncam00282m1,test_msl,soil,iou,1.0,68473,68473,68473
segformer__scratch__mit-b2__in_rover__seed1415__gpu_full__3dc555fe__gitc2c2860f__codebebd8b2d__20260715T051844483360Z,msl_ncam_nlb_442600208edr_f0250312ncam00282m1,test_msl,bedrock,iou,,0,0,68473
segformer__scratch__mit-b2__in_rover__seed1415__gpu_full__3dc555fe__gitc2c2860f__codebebd8b2d__20260715T051844483360Z,msl_ncam_nlb_442600208edr_f0250312ncam00282m1,test_msl,sand,iou,,0,0,68473
segformer__scratch__mit-b2__in_rover__seed1415__gpu_full__3dc555fe__gitc2c2860f__codebebd8b2d__20260715T051844483360Z,msl_ncam_nlb_442600208edr_f0250312ncam00282m1,test_msl,big_rock,iou,,0,0,68473
segformer__scratch__mit-b2__in_rover__seed1415__gpu_full__3dc555fe__gitc2c2860f__codebebd8b2d__20260715T051844483360Z,msl_ncam_nlb_442600208edr_f0250312ncam00282m1,test_msl,ALL,pixel_acc,1.0,0,0,68473
segformer__scratch__mit-b2__in_rover__seed1415__gpu_full__3dc555fe__gitc2c2860f__codebebd8b2d__20260715T051844483360Z,msl_ncam_nlb_442600208edr_f0250312ncam00282m1,test_msl,ALL,boundary_f1,1.0,0,0,68473
segformer__scratch__mit-b2__in_rover__seed1415__gpu_full__3dc555fe__gitc2c2860f__codebebd8b2d__20260715T051844483360Z,msl_ncam_nlb_442600301edr_f0250312ncam00282m1,test_msl,soil,iou,0.9861834787190445,50535,51243,51243
segformer__scratch__mit-b2__in_rover__seed1415__gpu_full__3dc555fe__gitc2c2860f__codebebd8b2d__20260715T051844483360Z,msl_ncam_nlb_442600301edr_f0250312ncam00282m1,test_msl,bedrock,iou,0.0,0,708,51243
segformer__scratch__mit-b2__in_rover__seed1415__gpu_full__3dc555fe__gitc2c2860f__codebebd8b2d__20260715T051844483360Z,msl_ncam_nlb_442600301edr_f0250312ncam00282m1,test_msl,sand,iou,,0,0,51243
segformer__scratch__mit-b2__in_rover__seed1415__gpu_full__3dc555fe__gitc2c2860f__codebebd8b2d__20260715T051844483360Z,msl_ncam_nlb_442600301edr_f0250312ncam00282m1,test_msl,big_rock,iou,,0,0,51243
segformer__scratch__mit-b2__in_rover__seed1415__gpu_full__3dc555fe__gitc2c2860f__codebebd8b2d__20260715T051844483360Z,msl_ncam_nlb_442600301edr_f0250312ncam00282m1,test_msl,ALL,pixel_acc,0.9861834787190445,0,0,51243
segformer__scratch__mit-b2__in_rover__seed1415__gpu_full__3dc555fe__gitc2c2860f__codebebd8b2d__20260715T051844483360Z,msl_ncam_nlb_442600301edr_f0250312ncam00282m1,test_msl,ALL,boundary_f1,0.4700854700854701,0,0,51243
segformer__scratch__mit-b2__in_rover__seed1415__gpu_full__3dc555fe__gitc2c2860f__codebebd8b2d__20260715T051844483360Z,msl_ncam_nlb_442600416edr_f0250312ncam00282m1,test_msl,soil,iou,1.0,7457,7457,8486
segformer__scratch__mit-b2__in_rover__seed1415__gpu_full__3dc555fe__gitc2c2860f__codebebd8b2d__20260715T051844483360Z,msl_ncam_nlb_442600416edr_f0250312ncam00282m1,test_msl,bedrock,iou,,0,0,8486
segformer__scratch__mit-b2__in_rover__seed1415__gpu_full__3dc555fe__gitc2c2860f__codebebd8b2d__20260715T051844483360Z,msl_ncam_nlb_442600416edr_f0250312ncam00282m1,test_msl,sand,iou,1.0,1029,1029,8486
segformer__scratch__mit-b2__in_rover__seed1415__gpu_full__3dc555fe__gitc2c2860f__codebebd8b2d__20260715T051844483360Z,msl_ncam_nlb_442600416edr_f0250312ncam00282m1,test_msl,big_rock,iou,,0,0,8486
segformer__scratch__mit-b2__in_rover__seed1415__gpu_full__3dc555fe__gitc2c2860f__codebebd8b2d__20260715T051844483360Z,msl_ncam_nlb_442600416edr_f0250312ncam00282m1,test_msl,ALL,pixel_acc,1.0,0,0,8486
segformer__scratch__mit-b2__in_rover__seed1415__gpu_full__3dc555fe__gitc2c2860f__codebebd8b2d__20260715T051844483360Z,msl_ncam_nlb_442600416edr_f0250312ncam00282m1,test_msl,ALL,boundary_f1,1.0,0,0,8486
segformer__scratch__mit-b2__in_rover__seed1415__gpu_full__3dc555fe__gitc2c2860f__codebebd8b2d__20260715T051844483360Z,msl_ncam_nlb_442600447edr_f0250312ncam00282m1,test_msl,soil,iou,1.0,14865,14865,14865
segformer__scratch__mit-b2__in_rover__seed1415__gpu_full__3dc555fe__gitc2c2860f__codebebd8b2d__20260715T051844483360Z,msl_ncam_nlb_442600447edr_f0250312ncam00282m1,test_msl,bedrock,iou,,0,0,14865
segformer__scratch__mit-b2__in_rover__seed1415__gpu_full__3dc555fe__gitc2c2860f__codebebd8b2d__20260715T051844483360Z,msl_ncam_nlb_442600447edr_f0250312ncam00282m1,test_msl,sand,iou,,0,0,14865
segformer__scratch__mit-b2__in_rover__seed1415__gpu_full__3dc555fe__gitc2c2860f__codebebd8b2d__20260715T051844483360Z,msl_ncam_nlb_442600447edr_f0250312ncam00282m1,test_msl,big_rock,iou,,0,0,14865
segformer__scratch__mit-b2__in_rover__seed1415__gpu_full__3dc555fe__gitc2c2860f__codebebd8b2d__20260715T051844483360Z,msl_ncam_nlb_442600447edr_f0250312ncam00282m1,test_msl,ALL,pixel_acc,1.0,0,0,14865
segformer__scratch__mit-b2__in_rover__seed1415__gpu_full__3dc555fe__gitc2c2860f__codebebd8b2d__20260715T051844483360Z,msl_ncam_nlb_442600447edr_f0250312ncam00282m1,test_msl,ALL,boundary_f1,1.0,0,0,14865
segformer__scratch__mit-b2__in_rover__seed1415__gpu_full__3dc555fe__gitc2c2860f__codebebd8b2d__20260715T051844483360Z,msl_ncam_nlb_443659348edr_f0251082ncam00470m1,test_msl,soil,iou,1.0,97953,97953,97953
segformer__scratch__mit-b2__in_rover__seed1415__gpu_full__3dc555fe__gitc2c2860f__codebebd8b2d__20260715T051844483360Z,msl_ncam_nlb_443659348edr_f0251082ncam00470m1,test_msl,bedrock,iou,,0,0,97953
segformer__scratch__mit-b2__in_rover__seed1415__gpu_full__3dc555fe__gitc2c2860f__codebebd8b2d__20260715T051844483360Z,msl_ncam_nlb_443659348edr_f0251082ncam00470m1,test_msl,sand,iou,,0,0,97953
segformer__scratch__mit-b2__in_rover__seed1415__gpu_full__3dc555fe__gitc2c2860f__codebebd8b2d__20260715T051844483360Z,msl_ncam_nlb_443659348edr_f0251082ncam00470m1,test_msl,big_rock,iou,,0,0,97953
segformer__scratch__mit-b2__in_rover__seed1415__gpu_full__3dc555fe__gitc2c2860f__codebebd8b2d__20260715T051844483360Z,msl_ncam_nlb_443659348edr_f0251082ncam00470m1,test_msl,ALL,pixel_acc,1.0,0,0,97953
segformer__scratch__mit-b2__in_rover__seed1415__gpu_full__3dc555fe__gitc2c2860f__codebebd8b2d__20260715T051844483360Z,msl_ncam_nlb_443659348edr_f0251082ncam00470m1,test_msl,ALL,boundary_f1,1.0,0,0,97953
segformer__scratch__mit-b2__in_rover__seed1415__gpu_full__3dc555fe__gitc2c2860f__codebebd8b2d__20260715T051844483360Z,msl_ncam_nlb_443663198edr_f0251238ncam00353m1,test_msl,soil,iou,1.0,159090,159090,159090
segformer__scratch__mit-b2__in_rover__seed1415__gpu_full__3dc555fe__gitc2c2860f__codebebd8b2d__20260715T051844483360Z,msl_ncam_nlb_443663198edr_f0251238ncam00353m1,test_msl,bedrock,iou,,0,0,159090
segformer__scratch__mit-b2__in_rover__seed1415__gpu_full__3dc555fe__gitc2c2860f__codebebd8b2d__20260715T051844483360Z,msl_ncam_nlb_443663198edr_f0251238ncam00353m1,test_msl,sand,iou,,0,0,159090
segformer__scratch__mit-b2__in_rover__seed1415__gpu_full__3dc555fe__gitc2c2860f__codebebd8b2d__20260715T051844483360Z,msl_ncam_nlb_443663198edr_f0251238ncam00353m1,test_msl,big_rock,iou,,0,0,159090
segformer__scratch__mit-b2__in_rover__seed1415__gpu_full__3dc555fe__gitc2c2860f__codebebd8b2d__20260715T051844483360Z,msl_ncam_nlb_443663198edr_f0251238ncam00353m1,test_msl,ALL,pixel_acc,1.0,0,0,159090
segformer__scratch__mit-b2__in_rover__seed1415__gpu_full__3dc555fe__gitc2c2860f__codebebd8b2d__20260715T051844483360Z,msl_ncam_nlb_443663198edr_f0251238ncam00353m1,test_msl,ALL,boundary_f1,1.0,0,0,159090
segformer__scratch__mit-b2__in_rover__seed1415__gpu_full__3dc555fe__gitc2c2860f__codebebd8b2d__20260715T051844483360Z,msl_ncam_nlb_443663262edr_f0251238ncam00289m1,test_msl,soil,iou,1.0,68719,68719,68719
segformer__scratch__mit-b2__in_rover__seed1415__gpu_full__3dc555fe__gitc2c2860f__codebebd8b2d__20260715T051844483360Z,msl_ncam_nlb_443663262edr_f0251238ncam00289m1,test_msl,bedrock,iou,,0,0,68719
segformer__scratch__mit-b2__in_rover__seed1415__gpu_full__3dc555fe__gitc2c2860f__codebebd8b2d__20260715T051844483360Z,msl_ncam_nlb_443663262edr_f0251238ncam00289m1,test_msl,sand,iou,,0,0,68719
segformer__scratch__mit-b2__in_rover__seed1415__gpu_full__3dc555fe__gitc2c2860f__codebebd8b2d__20260715T051844483360Z,msl_ncam_nlb_443663262edr_f0251238ncam00289m1,test_msl,big_rock,iou,,0,0,68719
segformer__scratch__mit-b2__in_rover__seed1415__gpu_full__3dc555fe__gitc2c2860f__codebebd8b2d__20260715T051844483360Z,msl_ncam_nlb_443663262edr_f0251238ncam00289m1,test_msl,ALL,pixel_acc,1.0,0,0,68719
segformer__scratch__mit-b2__in_rover__seed1415__gpu_full__3dc555fe__gitc2c2860f__codebebd8b2d__20260715T051844483360Z,msl_ncam_nlb_443663262edr_f0251238ncam00289m1,test_msl,ALL,boundary_f1,1.0,0,0,68719
segformer__scratch__mit-b2__in_rover__seed1415__gpu_full__3dc555fe__gitc2c2860f__codebebd8b2d__20260715T051844483360Z,msl_ncam_nlb_443663326edr_f0251238ncam00289m1,test_msl,soil,iou,1.0,163565,163565,163565
segformer__scratch__mit-b2__in_rover__seed1415__gpu_full__3dc555fe__gitc2c2860f__codebebd8b2d__20260715T051844483360Z,msl_ncam_nlb_443663326edr_f0251238ncam00289m1,test_msl,bedrock,iou,,0,0,163565
segformer__scratch__mit-b2__in_rover__seed1415__gpu_full__3dc555fe__gitc2c2860f__codebebd8b2d__20260715T051844483360Z,msl_ncam_nlb_443663326edr_f0251238ncam00289m1,test_msl,sand,iou,,0,0,163565
segformer__scratch__mit-b2__in_rover__seed1415__gpu_full__3dc555fe__gitc2c2860f__codebebd8b2d__20260715T051844483360Z,msl_ncam_nlb_443663326edr_f0251238ncam00289m1,test_msl,big_rock,iou,,0,0,163565
segformer__scratch__mit-b2__in_rover__seed1415__gpu_full__3dc555fe__gitc2c2860f__codebebd8b2d__20260715T051844483360Z,msl_ncam_nlb_443663326edr_f0251238ncam00289m1,test_msl,ALL,pixel_acc,1.0,0,0,163565
segformer__scratch__mit-b2__in_rover__seed1415__gpu_full__3dc555fe__gitc2c2860f__codebebd8b2d__20260715T051844483360Z,msl_ncam_nlb_443663326edr_f0251238ncam00289m1,test_msl,ALL,boundary_f1,1.0,0,0,163565
segformer__scratch__mit-b2__in_rover__seed1415__gpu_full__3dc555fe__gitc2c2860f__codebebd8b2d__20260715T051844483360Z,msl_ncam_nlb_443668744edr_f0251238ncam00292m1,test_msl,soil,iou,1.0,56933,56933,56933
segformer__scratch__mit-b2__in_rover__seed1415__gpu_full__3dc555fe__gitc2c2860f__codebebd8b2d__20260715T051844483360Z,msl_ncam_nlb_443668744edr_f0251238ncam00292m1,test_msl,bedrock,iou,,0,0,56933
segformer__scratch__mit-b2__in_rover__seed1415__gpu_full__3dc555fe__gitc2c2860f__codebebd8b2d__20260715T051844483360Z,msl_ncam_nlb_443668744edr_f0251238ncam00292m1,test_msl,sand,iou,,0,0,56933
segformer__scratch__mit-b2__in_rover__seed1415__gpu_full__3dc555fe__gitc2c2860f__codebebd8b2d__20260715T051844483360Z,msl_ncam_nlb_443668744edr_f0251238ncam00292m1,test_msl,big_rock,iou,,0,0,56933
segformer__scratch__mit-b2__in_rover__seed1415__gpu_full__3dc555fe__gitc2c2860f__codebebd8b2d__20260715T051844483360Z,msl_ncam_nlb_443668744edr_f0251238ncam00292m1,test_msl,ALL,pixel_acc,1.0,0,0,56933
segformer__scratch__mit-b2__in_rover__seed1415__gpu_full__3dc555fe__gitc2c2860f__codebebd8b2d__20260715T051844483360Z,msl_ncam_nlb_443668744edr_f0251238ncam00292m1,test_msl,ALL,boundary_f1,1.0,0,0,56933
segformer__scratch__mit-b2__in_rover__seed1415__gpu_full__3dc555fe__gitc2c2860f__codebebd8b2d__20260715T051844483360Z,msl_ncam_nlb_443668806edr_f0251238ncam00292m1,test_msl,soil,iou,1.0,80428,80428,80428
segformer__scratch__mit-b2__in_rover__seed1415__gpu_full__3dc555fe__gitc2c2860f__codebebd8b2d__20260715T051844483360Z,msl_ncam_nlb_443668806edr_f0251238ncam00292m1,test_msl,bedrock,iou,,0,0,80428
segformer__scratch__mit-b2__in_rover__seed1415__gpu_full__3dc555fe__gitc2c2860f__codebebd8b2d__20260715T051844483360Z,msl_ncam_nlb_443668806edr_f0251238ncam00292m1,test_msl,sand,iou,,0,0,80428
segformer__scratch__mit-b2__in_rover__seed1415__gpu_full__3dc555fe__gitc2c2860f__codebebd8b2d__20260715T051844483360Z,msl_ncam_nlb_443668806edr_f0251238ncam00292m1,test_msl,big_rock,iou,,0,0,80428
segformer__scratch__mit-b2__in_rover__seed1415__gpu_full__3dc555fe__gitc2c2860f__codebebd8b2d__20260715T051844483360Z,msl_ncam_nlb_443668806edr_f0251238ncam00292m1,test_msl,ALL,pixel_acc,1.0,0,0,80428
segformer__scratch__mit-b2__in_rover__seed1415__gpu_full__3dc555fe__gitc2c2860f__codebebd8b2d__20260715T051844483360Z,msl_ncam_nlb_443668806edr_f0251238ncam00292m1,test_msl,ALL,boundary_f1,1.0,0,0,80428
segformer__scratch__mit-b2__in_rover__seed1415__gpu_full__3dc555fe__gitc2c2860f__codebebd8b2d__20260715T051844483360Z,msl_ncam_nlb_443668921edr_f0251238ncam00292m1,test_msl,soil,iou,0.9765834372595324,73609,75374,75475
segformer__scratch__mit-b2__in_rover__seed1415__gpu_full__3dc555fe__gitc2c2860f__codebebd8b2d__20260715T051844483360Z,msl_ncam_nlb_443668921edr_f0251238ncam00292m1,test_msl,bedrock,iou,,0,0,75475
segformer__scratch__mit-b2__in_rover__seed1415__gpu_full__3dc555fe__gitc2c2860f__codebebd8b2d__20260715T051844483360Z,msl_ncam_nlb_443668921edr_f0251238ncam00292m1,test_msl,sand,iou,0.0,0,474,75475
segformer__scratch__mit-b2__in_rover__seed1415__gpu_full__3dc555fe__gitc2c2860f__codebebd8b2d__20260715T051844483360Z,msl_ncam_nlb_443668921edr_f0251238ncam00292m1,test_msl,big_rock,iou,0.07255747126436782,101,1392,75475
segformer__scratch__mit-b2__in_rover__seed1415__gpu_full__3dc555fe__gitc2c2860f__codebebd8b2d__20260715T051844483360Z,msl_ncam_nlb_443668921edr_f0251238ncam00292m1,test_msl,ALL,pixel_acc,0.9766147731036767,0,0,75475
segformer__scratch__mit-b2__in_rover__seed1415__gpu_full__3dc555fe__gitc2c2860f__codebebd8b2d__20260715T051844483360Z,msl_ncam_nlb_443668921edr_f0251238ncam00292m1,test_msl,ALL,boundary_f1,0.38961784515128023,0,0,75475
segformer__scratch__mit-b2__in_rover__seed1415__gpu_full__3dc555fe__gitc2c2860f__codebebd8b2d__20260715T051844483360Z,msl_ncam_nlb_443669058edr_f0251238ncam00352m1,test_msl,soil,iou,1.0,191983,191983,191983
segformer__scratch__mit-b2__in_rover__seed1415__gpu_full__3dc555fe__gitc2c2860f__codebebd8b2d__20260715T051844483360Z,msl_ncam_nlb_443669058edr_f0251238ncam00352m1,test_msl,bedrock,iou,,0,0,191983
segformer__scratch__mit-b2__in_rover__seed1415__gpu_full__3dc555fe__gitc2c2860f__codebebd8b2d__20260715T051844483360Z,msl_ncam_nlb_443669058edr_f0251238ncam00352m1,test_msl,sand,iou,,0,0,191983
segformer__scratch__mit-b2__in_rover__seed1415__gpu_full__3dc555fe__gitc2c2860f__codebebd8b2d__20260715T051844483360Z,msl_ncam_nlb_443669058edr_f0251238ncam00352m1,test_msl,big_rock,iou,,0,0,191983
segformer__scratch__mit-b2__in_rover__seed1415__gpu_full__3dc555fe__gitc2c2860f__codebebd8b2d__20260715T051844483360Z,msl_ncam_nlb_443669058edr_f0251238ncam00352m1,test_msl,ALL,pixel_acc,1.0,0,0,191983
segformer__scratch__mit-b2__in_rover__seed1415__gpu_full__3dc555fe__gitc2c2860f__codebebd8b2d__20260715T051844483360Z,msl_ncam_nlb_443669058edr_f0251238ncam00352m1,test_msl,ALL,boundary_f1,1.0,0,0,191983
segformer__scratch__mit-b2__in_rover__seed1415__gpu_full__3dc555fe__gitc2c2860f__codebebd8b2d__20260715T051844483360Z,msl_ncam_nlb_443669122edr_f0251238ncam00352m1,test_msl,soil,iou,1.0,138713,138713,138713
segformer__scratch__mit-b2__in_rover__seed1415__gpu_full__3dc555fe__gitc2c2860f__codebebd8b2d__20260715T051844483360Z,msl_ncam_nlb_443669122edr_f0251238ncam00352m1,test_msl,bedrock,iou,,0,0,138713
segformer__scratch__mit-b2__in_rover__seed1415__gpu_full__3dc555fe__gitc2c2860f__codebebd8b2d__20260715T051844483360Z,msl_ncam_nlb_443669122edr_f0251238ncam00352m1,test_msl,sand,iou,,0,0,138713
segformer__scratch__mit-b2__in_rover__seed1415__gpu_full__3dc555fe__gitc2c2860f__codebebd8b2d__20260715T051844483360Z,msl_ncam_nlb_443669122edr_f0251238ncam00352m1,test_msl,big_rock,iou,,0,0,138713
segformer__scratch__mit-b2__in_rover__seed1415__gpu_full__3dc555fe__gitc2c2860f__codebebd8b2d__20260715T051844483360Z,msl_ncam_nlb_443669122edr_f0251238ncam00352m1,test_msl,ALL,pixel_acc,1.0,0,0,138713
segformer__scratch__mit-b2__in_rover__seed1415__gpu_full__3dc555fe__gitc2c2860f__codebebd8b2d__20260715T051844483360Z,msl_ncam_nlb_443669122edr_f0251238ncam00352m1,test_msl,ALL,boundary_f1,1.0,0,0,138713
segformer__scratch__mit-b2__in_rover__seed1415__gpu_full__3dc555fe__gitc2c2860f__codebebd8b2d__20260715T051844483360Z,msl_ncam_nlb_448278207edr_f0300432ncam00380m1,test_msl,soil,iou,1.0,219849,219849,219849
segformer__scratch__mit-b2__in_rover__seed1415__gpu_full__3dc555fe__gitc2c2860f__codebebd8b2d__20260715T051844483360Z,msl_ncam_nlb_448278207edr_f0300432ncam00380m1,test_msl,bedrock,iou,,0,0,219849
segformer__scratch__mit-b2__in_rover__seed1415__gpu_full__3dc555fe__gitc2c2860f__codebebd8b2d__20260715T051844483360Z,msl_ncam_nlb_448278207edr_f0300432ncam00380m1,test_msl,sand,iou,,0,0,219849
segformer__scratch__mit-b2__in_rover__seed1415__gpu_full__3dc555fe__gitc2c2860f__codebebd8b2d__20260715T051844483360Z,msl_ncam_nlb_448278207edr_f0300432ncam00380m1,test_msl,big_rock,iou,,0,0,219849
segformer__scratch__mit-b2__in_rover__seed1415__gpu_full__3dc555fe__gitc2c2860f__codebebd8b2d__20260715T051844483360Z,msl_ncam_nlb_448278207edr_f0300432ncam00380m1,test_msl,ALL,pixel_acc,1.0,0,0,219849
segformer__scratch__mit-b2__in_rover__seed1415__gpu_full__3dc555fe__gitc2c2860f__codebebd8b2d__20260715T051844483360Z,msl_ncam_nlb_448278207edr_f0300432ncam00380m1,test_msl,ALL,boundary_f1,1.0,0,0,219849
segformer__scratch__mit-b2__in_rover__seed1415__gpu_full__3dc555fe__gitc2c2860f__codebebd8b2d__20260715T051844483360Z,msl_ncam_nlb_448279148edr_f0300484ncam00353m1,test_msl,soil,iou,1.0,173750,173750,173750
segformer__scratch__mit-b2__in_rover__seed1415__gpu_full__3dc555fe__gitc2c2860f__codebebd8b2d__20260715T051844483360Z,msl_ncam_nlb_448279148edr_f0300484ncam00353m1,test_msl,bedrock,iou,,0,0,173750
segformer__scratch__mit-b2__in_rover__seed1415__gpu_full__3dc555fe__gitc2c2860f__codebebd8b2d__20260715T051844483360Z,msl_ncam_nlb_448279148edr_f0300484ncam00353m1,test_msl,sand,iou,,0,0,173750
segformer__scratch__mit-b2__in_rover__seed1415__gpu_full__3dc555fe__gitc2c2860f__codebebd8b2d__20260715T051844483360Z,msl_ncam_nlb_448279148edr_f0300484ncam00353m1,test_msl,big_rock,iou,,0,0,173750
segformer__scratch__mit-b2__in_rover__seed1415__gpu_full__3dc555fe__gitc2c2860f__codebebd8b2d__20260715T051844483360Z,msl_ncam_nlb_448279148edr_f0300484ncam00353m1,test_msl,ALL,pixel_acc,1.0,0,0,173750
segformer__scratch__mit-b2__in_rover__seed1415__gpu_full__3dc555fe__gitc2c2860f__codebebd8b2d__20260715T051844483360Z,msl_ncam_nlb_448279148edr_f0300484ncam00353m1,test_msl,ALL,boundary_f1,1.0,0,0,173750
segformer__scratch__mit-b2__in_rover__seed1415__gpu_full__3dc555fe__gitc2c2860f__codebebd8b2d__20260715T051844483360Z,msl_ncam_nlb_448279299edr_f0300484ncam00299m1,test_msl,soil,iou,1.0,103574,103574,103574
segformer__scratch__mit-b2__in_rover__seed1415__gpu_full__3dc555fe__gitc2c2860f__codebebd8b2d__20260715T051844483360Z,msl_ncam_nlb_448279299edr_f0300484ncam00299m1,test_msl,bedrock,iou,,0,0,103574
segformer__scratch__mit-b2__in_rover__seed1415__gpu_full__3dc555fe__gitc2c2860f__codebebd8b2d__20260715T051844483360Z,msl_ncam_nlb_448279299edr_f0300484ncam00299m1,test_msl,sand,iou,,0,0,103574
segformer__scratch__mit-b2__in_rover__seed1415__gpu_full__3dc555fe__gitc2c2860f__codebebd8b2d__20260715T051844483360Z,msl_ncam_nlb_448279299edr_f0300484ncam00299m1,test_msl,big_rock,iou,,0,0,103574
segformer__scratch__mit-b2__in_rover__seed1415__gpu_full__3dc555fe__gitc2c2860f__codebebd8b2d__20260715T051844483360Z,msl_ncam_nlb_448279299edr_f0300484ncam00299m1,test_msl,ALL,pixel_acc,1.0,0,0,103574
segformer__scratch__mit-b2__in_rover__seed1415__gpu_full__3dc555fe__gitc2c2860f__codebebd8b2d__20260715T051844483360Z,msl_ncam_nlb_448279299edr_f0300484ncam00299m1,test_msl,ALL,boundary_f1,1.0,0,0,103574
segformer__scratch__mit-b2__in_rover__seed1415__gpu_full__3dc555fe__gitc2c2860f__codebebd8b2d__20260715T051844483360Z,msl_ncam_nlb_448279363edr_f0300484ncam00299m1,test_msl,soil,iou,,0,0,0
segformer__scratch__mit-b2__in_rover__seed1415__gpu_full__3dc555fe__gitc2c2860f__codebebd8b2d__20260715T051844483360Z,msl_ncam_nlb_448279363edr_f0300484ncam00299m1,test_msl,bedrock,iou,,0,0,0
segformer__scratch__mit-b2__in_rover__seed1415__gpu_full__3dc555fe__gitc2c2860f__codebebd8b2d__20260715T051844483360Z,msl_ncam_nlb_448279363edr_f0300484ncam00299m1,test_msl,sand,iou,,0,0,0
segformer__scratch__mit-b2__in_rover__seed1415__gpu_full__3dc555fe__gitc2c2860f__codebebd8b2d__20260715T051844483360Z,msl_ncam_nlb_448279363edr_f0300484ncam00299m1,test_msl,big_rock,iou,,0,0,0
segformer__scratch__mit-b2__in_rover__seed1415__gpu_full__3dc555fe__gitc2c2860f__codebebd8b2d__20260715T051844483360Z,msl_ncam_nlb_448279363edr_f0300484ncam00299m1,test_msl,ALL,pixel_acc,,0,0,0
segformer__scratch__mit-b2__in_rover__seed1415__gpu_full__3dc555fe__gitc2c2860f__codebebd8b2d__20260715T051844483360Z,msl_ncam_nlb_448279363edr_f0300484ncam00299m1,test_msl,ALL,boundary_f1,,0,0,0
segformer__scratch__mit-b2__in_rover__seed1415__gpu_full__3dc555fe__gitc2c2860f__codebebd8b2d__20260715T051844483360Z,msl_ncam_nlb_448279809edr_f0300484ncam00354m1,test_msl,soil,iou,1.0,235752,235752,235752
segformer__scratch__mit-b2__in_rover__seed1415__gpu_full__3dc555fe__gitc2c2860f__codebebd8b2d__20260715T051844483360Z,msl_ncam_nlb_448279809edr_f0300484ncam00354m1,test_msl,bedrock,iou,,0,0,235752
segformer__scratch__mit-b2__in_rover__seed1415__gpu_full__3dc555fe__gitc2c2860f__codebebd8b2d__20260715T051844483360Z,msl_ncam_nlb_448279809edr_f0300484ncam00354m1,test_msl,sand,iou,,0,0,235752
segformer__scratch__mit-b2__in_rover__seed1415__gpu_full__3dc555fe__gitc2c2860f__codebebd8b2d__20260715T051844483360Z,msl_ncam_nlb_448279809edr_f0300484ncam00354m1,test_msl,big_rock,iou,,0,0,235752
segformer__scratch__mit-b2__in_rover__seed1415__gpu_full__3dc555fe__gitc2c2860f__codebebd8b2d__20260715T051844483360Z,msl_ncam_nlb_448279809edr_f0300484ncam00354m1,test_msl,ALL,pixel_acc,1.0,0,0,235752
segformer__scratch__mit-b2__in_rover__seed1415__gpu_full__3dc555fe__gitc2c2860f__codebebd8b2d__20260715T051844483360Z,msl_ncam_nlb_448279809edr_f0300484ncam00354m1,test_msl,ALL,boundary_f1,1.0,0,0,235752
segformer__scratch__mit-b2__in_rover__seed1415__gpu_full__3dc555fe__gitc2c2860f__codebebd8b2d__20260715T051844483360Z,msl_ncam_nlb_448279926edr_f0300484ncam00250m1,test_msl,soil,iou,1.0,165154,165154,165154
segformer__scratch__mit-b2__in_rover__seed1415__gpu_full__3dc555fe__gitc2c2860f__codebebd8b2d__20260715T051844483360Z,msl_ncam_nlb_448279926edr_f0300484ncam00250m1,test_msl,bedrock,iou,,0,0,165154
segformer__scratch__mit-b2__in_rover__seed1415__gpu_full__3dc555fe__gitc2c2860f__codebebd8b2d__20260715T051844483360Z,msl_ncam_nlb_448279926edr_f0300484ncam00250m1,test_msl,sand,iou,,0,0,165154
segformer__scratch__mit-b2__in_rover__seed1415__gpu_full__3dc555fe__gitc2c2860f__codebebd8b2d__20260715T051844483360Z,msl_ncam_nlb_448279926edr_f0300484ncam00250m1,test_msl,big_rock,iou,,0,0,165154
segformer__scratch__mit-b2__in_rover__seed1415__gpu_full__3dc555fe__gitc2c2860f__codebebd8b2d__20260715T051844483360Z,msl_ncam_nlb_448279926edr_f0300484ncam00250m1,test_msl,ALL,pixel_acc,1.0,0,0,165154
segformer__scratch__mit-b2__in_rover__seed1415__gpu_full__3dc555fe__gitc2c2860f__codebebd8b2d__20260715T051844483360Z,msl_ncam_nlb_448279926edr_f0300484ncam00250m1,test_msl,ALL,boundary_f1,1.0,0,0,165154
segformer__scratch__mit-b2__in_rover__seed1415__gpu_full__3dc555fe__gitc2c2860f__codebebd8b2d__20260715T051844483360Z,msl_ncam_nlb_448279988edr_f0300484ncam00250m1,test_msl,soil,iou,1.0,181913,181913,181913
segformer__scratch__mit-b2__in_rover__seed1415__gpu_full__3dc555fe__gitc2c2860f__codebebd8b2d__20260715T051844483360Z,msl_ncam_nlb_448279988edr_f0300484ncam00250m1,test_msl,bedrock,iou,,0,0,181913
segformer__scratch__mit-b2__in_rover__seed1415__gpu_full__3dc555fe__gitc2c2860f__codebebd8b2d__20260715T051844483360Z,msl_ncam_nlb_448279988edr_f0300484ncam00250m1,test_msl,sand,iou,,0,0,181913
segformer__scratch__mit-b2__in_rover__seed1415__gpu_full__3dc555fe__gitc2c2860f__codebebd8b2d__20260715T051844483360Z,msl_ncam_nlb_448279988edr_f0300484ncam00250m1,test_msl,big_rock,iou,,0,0,181913
segformer__scratch__mit-b2__in_rover__seed1415__gpu_full__3dc555fe__gitc2c2860f__codebebd8b2d__20260715T051844483360Z,msl_ncam_nlb_448279988edr_f0300484ncam00250m1,test_msl,ALL,pixel_acc,1.0,0,0,181913
segformer__scratch__mit-b2__in_rover__seed1415__gpu_full__3dc555fe__gitc2c2860f__codebebd8b2d__20260715T051844483360Z,msl_ncam_nlb_448279988edr_f0300484ncam00250m1,test_msl,ALL,boundary_f1,1.0,0,0,181913
segformer__scratch__mit-b2__in_rover__seed1415__gpu_full__3dc555fe__gitc2c2860f__codebebd8b2d__20260715T051844483360Z,msl_ncam_nlb_448280142edr_f0300484ncam00250m1,test_msl,soil,iou,1.0,85498,85498,85498
segformer__scratch__mit-b2__in_rover__seed1415__gpu_full__3dc555fe__gitc2c2860f__codebebd8b2d__20260715T051844483360Z,msl_ncam_nlb_448280142edr_f0300484ncam00250m1,test_msl,bedrock,iou,,0,0,85498
segformer__scratch__mit-b2__in_rover__seed1415__gpu_full__3dc555fe__gitc2c2860f__codebebd8b2d__20260715T051844483360Z,msl_ncam_nlb_448280142edr_f0300484ncam00250m1,test_msl,sand,iou,,0,0,85498
segformer__scratch__mit-b2__in_rover__seed1415__gpu_full__3dc555fe__gitc2c2860f__codebebd8b2d__20260715T051844483360Z,msl_ncam_nlb_448280142edr_f0300484ncam00250m1,test_msl,big_rock,iou,,0,0,85498
segformer__scratch__mit-b2__in_rover__seed1415__gpu_full__3dc555fe__gitc2c2860f__codebebd8b2d__20260715T051844483360Z,msl_ncam_nlb_448280142edr_f0300484ncam00250m1,test_msl,ALL,pixel_acc,1.0,0,0,85498
segformer__scratch__mit-b2__in_rover__seed1415__gpu_full__3dc555fe__gitc2c2860f__codebebd8b2d__20260715T051844483360Z,msl_ncam_nlb_448280142edr_f0300484ncam00250m1,test_msl,ALL,boundary_f1,1.0,0,0,85498
segformer__scratch__mit-b2__in_rover__seed1415__gpu_full__3dc555fe__gitc2c2860f__codebebd8b2d__20260715T051844483360Z,msl_ncam_nlb_453776957edr_f0320204ncam00498m1,test_msl,soil,iou,0.9754879777958789,194007,198882,201171
segformer__scratch__mit-b2__in_rover__seed1415__gpu_full__3dc555fe__gitc2c2860f__codebebd8b2d__20260715T051844483360Z,msl_ncam_nlb_453776957edr_f0320204ncam00498m1,test_msl,bedrock,iou,,0,0,201171
segformer__scratch__mit-b2__in_rover__seed1415__gpu_full__3dc555fe__gitc2c2860f__codebebd8b2d__20260715T051844483360Z,msl_ncam_nlb_453776957edr_f0320204ncam00498m1,test_msl,sand,iou,0.0,0,5359,201171
segformer__scratch__mit-b2__in_rover__seed1415__gpu_full__3dc555fe__gitc2c2860f__codebebd8b2d__20260715T051844483360Z,msl_ncam_nlb_453776957edr_f0320204ncam00498m1,test_msl,big_rock,iou,0.7885539536915683,1805,2289,201171
segformer__scratch__mit-b2__in_rover__seed1415__gpu_full__3dc555fe__gitc2c2860f__codebebd8b2d__20260715T051844483360Z,msl_ncam_nlb_453776957edr_f0320204ncam00498m1,test_msl,ALL,pixel_acc,0.9733609715117985,0,0,201171
segformer__scratch__mit-b2__in_rover__seed1415__gpu_full__3dc555fe__gitc2c2860f__codebebd8b2d__20260715T051844483360Z,msl_ncam_nlb_453776957edr_f0320204ncam00498m1,test_msl,ALL,boundary_f1,0.5165438892340463,0,0,201171
segformer__scratch__mit-b2__in_rover__seed1415__gpu_full__3dc555fe__gitc2c2860f__codebebd8b2d__20260715T051844483360Z,msl_ncam_nlb_453777056edr_f0320204ncam00497m1,test_msl,soil,iou,0.999772610759232,241821,241876,241876
segformer__scratch__mit-b2__in_rover__seed1415__gpu_full__3dc555fe__gitc2c2860f__codebebd8b2d__20260715T051844483360Z,msl_ncam_nlb_453777056edr_f0320204ncam00497m1,test_msl,bedrock,iou,,0,0,241876
segformer__scratch__mit-b2__in_rover__seed1415__gpu_full__3dc555fe__gitc2c2860f__codebebd8b2d__20260715T051844483360Z,msl_ncam_nlb_453777056edr_f0320204ncam00497m1,test_msl,sand,iou,,0,0,241876
segformer__scratch__mit-b2__in_rover__seed1415__gpu_full__3dc555fe__gitc2c2860f__codebebd8b2d__20260715T051844483360Z,msl_ncam_nlb_453777056edr_f0320204ncam00497m1,test_msl,big_rock,iou,0.0,0,55,241876
segformer__scratch__mit-b2__in_rover__seed1415__gpu_full__3dc555fe__gitc2c2860f__codebebd8b2d__20260715T051844483360Z,msl_ncam_nlb_453777056edr_f0320204ncam00497m1,test_msl,ALL,pixel_acc,0.999772610759232,0,0,241876
segformer__scratch__mit-b2__in_rover__seed1415__gpu_full__3dc555fe__gitc2c2860f__codebebd8b2d__20260715T051844483360Z,msl_ncam_nlb_453777056edr_f0320204ncam00497m1,test_msl,ALL,boundary_f1,0.4962260081949536,0,0,241876
segformer__scratch__mit-b2__in_rover__seed1415__gpu_full__3dc555fe__gitc2c2860f__codebebd8b2d__20260715T051844483360Z,msl_ncam_nlb_453780775edr_f0320478ncam00353m1,test_msl,soil,iou,0.9993264027662393,178028,178148,178148
segformer__scratch__mit-b2__in_rover__seed1415__gpu_full__3dc555fe__gitc2c2860f__codebebd8b2d__20260715T051844483360Z,msl_ncam_nlb_453780775edr_f0320478ncam00353m1,test_msl,bedrock,iou,,0,0,178148
segformer__scratch__mit-b2__in_rover__seed1415__gpu_full__3dc555fe__gitc2c2860f__codebebd8b2d__20260715T051844483360Z,msl_ncam_nlb_453780775edr_f0320478ncam00353m1,test_msl,sand,iou,,0,0,178148
segformer__scratch__mit-b2__in_rover__seed1415__gpu_full__3dc555fe__gitc2c2860f__codebebd8b2d__20260715T051844483360Z,msl_ncam_nlb_453780775edr_f0320478ncam00353m1,test_msl,big_rock,iou,0.0,0,120,178148
segformer__scratch__mit-b2__in_rover__seed1415__gpu_full__3dc555fe__gitc2c2860f__codebebd8b2d__20260715T051844483360Z,msl_ncam_nlb_453780775edr_f0320478ncam00353m1,test_msl,ALL,pixel_acc,0.9993264027662393,0,0,178148
segformer__scratch__mit-b2__in_rover__seed1415__gpu_full__3dc555fe__gitc2c2860f__codebebd8b2d__20260715T051844483360Z,msl_ncam_nlb_453780775edr_f0320478ncam00353m1,test_msl,ALL,boundary_f1,0.4906693207265489,0,0,178148
segformer__scratch__mit-b2__in_rover__seed1415__gpu_full__3dc555fe__gitc2c2860f__codebebd8b2d__20260715T051844483360Z,msl_ncam_nlb_453780853edr_f0320478ncam00281m1,test_msl,soil,iou,0.9971554825006137,186845,187378,187378
segformer__scratch__mit-b2__in_rover__seed1415__gpu_full__3dc555fe__gitc2c2860f__codebebd8b2d__20260715T051844483360Z,msl_ncam_nlb_453780853edr_f0320478ncam00281m1,test_msl,bedrock,iou,,0,0,187378
segformer__scratch__mit-b2__in_rover__seed1415__gpu_full__3dc555fe__gitc2c2860f__codebebd8b2d__20260715T051844483360Z,msl_ncam_nlb_453780853edr_f0320478ncam00281m1,test_msl,sand,iou,,0,0,187378
segformer__scratch__mit-b2__in_rover__seed1415__gpu_full__3dc555fe__gitc2c2860f__codebebd8b2d__20260715T051844483360Z,msl_ncam_nlb_453780853edr_f0320478ncam00281m1,test_msl,big_rock,iou,0.0,0,533,187378
segformer__scratch__mit-b2__in_rover__seed1415__gpu_full__3dc555fe__gitc2c2860f__codebebd8b2d__20260715T051844483360Z,msl_ncam_nlb_453780853edr_f0320478ncam00281m1,test_msl,ALL,pixel_acc,0.9971554825006137,0,0,187378
segformer__scratch__mit-b2__in_rover__seed1415__gpu_full__3dc555fe__gitc2c2860f__codebebd8b2d__20260715T051844483360Z,msl_ncam_nlb_453780853edr_f0320478ncam00281m1,test_msl,ALL,boundary_f1,0.47338090010976946,0,0,187378
segformer__scratch__mit-b2__in_rover__seed1415__gpu_full__3dc555fe__gitc2c2860f__codebebd8b2d__20260715T051844483360Z,msl_ncam_nlb_453781520edr_f0320478ncam00282m1,test_msl,soil,iou,1.0,44638,44638,44638
segformer__scratch__mit-b2__in_rover__seed1415__gpu_full__3dc555fe__gitc2c2860f__codebebd8b2d__20260715T051844483360Z,msl_ncam_nlb_453781520edr_f0320478ncam00282m1,test_msl,bedrock,iou,,0,0,44638
segformer__scratch__mit-b2__in_rover__seed1415__gpu_full__3dc555fe__gitc2c2860f__codebebd8b2d__20260715T051844483360Z,msl_ncam_nlb_453781520edr_f0320478ncam00282m1,test_msl,sand,iou,,0,0,44638
segformer__scratch__mit-b2__in_rover__seed1415__gpu_full__3dc555fe__gitc2c2860f__codebebd8b2d__20260715T051844483360Z,msl_ncam_nlb_453781520edr_f0320478ncam00282m1,test_msl,big_rock,iou,,0,0,44638
segformer__scratch__mit-b2__in_rover__seed1415__gpu_full__3dc555fe__gitc2c2860f__codebebd8b2d__20260715T051844483360Z,msl_ncam_nlb_453781520edr_f0320478ncam00282m1,test_msl,ALL,pixel_acc,1.0,0,0,44638
segformer__scratch__mit-b2__in_rover__seed1415__gpu_full__3dc555fe__gitc2c2860f__codebebd8b2d__20260715T051844483360Z,msl_ncam_nlb_453781520edr_f0320478ncam00282m1,test_msl,ALL,boundary_f1,1.0,0,0,44638
segformer__scratch__mit-b2__in_rover__seed1415__gpu_full__3dc555fe__gitc2c2860f__codebebd8b2d__20260715T051844483360Z,msl_ncam_nlb_453781583edr_f0320478ncam00282m1,test_msl,soil,iou,,0,0,0
segformer__scratch__mit-b2__in_rover__seed1415__gpu_full__3dc555fe__gitc2c2860f__codebebd8b2d__20260715T051844483360Z,msl_ncam_nlb_453781583edr_f0320478ncam00282m1,test_msl,bedrock,iou,,0,0,0
segformer__scratch__mit-b2__in_rover__seed1415__gpu_full__3dc555fe__gitc2c2860f__codebebd8b2d__20260715T051844483360Z,msl_ncam_nlb_453781583edr_f0320478ncam00282m1,test_msl,sand,iou,,0,0,0
segformer__scratch__mit-b2__in_rover__seed1415__gpu_full__3dc555fe__gitc2c2860f__codebebd8b2d__20260715T051844483360Z,msl_ncam_nlb_453781583edr_f0320478ncam00282m1,test_msl,big_rock,iou,,0,0,0
segformer__scratch__mit-b2__in_rover__seed1415__gpu_full__3dc555fe__gitc2c2860f__codebebd8b2d__20260715T051844483360Z,msl_ncam_nlb_453781583edr_f0320478ncam00282m1,test_msl,ALL,pixel_acc,,0,0,0
segformer__scratch__mit-b2__in_rover__seed1415__gpu_full__3dc555fe__gitc2c2860f__codebebd8b2d__20260715T051844483360Z,msl_ncam_nlb_453781583edr_f0320478ncam00282m1,test_msl,ALL,boundary_f1,,0,0,0
segformer__scratch__mit-b2__in_rover__seed1415__gpu_full__3dc555fe__gitc2c2860f__codebebd8b2d__20260715T051844483360Z,msl_ncam_nlb_453781647edr_f0320478ncam00282m1,test_msl,soil,iou,1.0,198856,198856,198856
segformer__scratch__mit-b2__in_rover__seed1415__gpu_full__3dc555fe__gitc2c2860f__codebebd8b2d__20260715T051844483360Z,msl_ncam_nlb_453781647edr_f0320478ncam00282m1,test_msl,bedrock,iou,,0,0,198856
segformer__scratch__mit-b2__in_rover__seed1415__gpu_full__3dc555fe__gitc2c2860f__codebebd8b2d__20260715T051844483360Z,msl_ncam_nlb_453781647edr_f0320478ncam00282m1,test_msl,sand,iou,,0,0,198856
segformer__scratch__mit-b2__in_rover__seed1415__gpu_full__3dc555fe__gitc2c2860f__codebebd8b2d__20260715T051844483360Z,msl_ncam_nlb_453781647edr_f0320478ncam00282m1,test_msl,big_rock,iou,,0,0,198856
segformer__scratch__mit-b2__in_rover__seed1415__gpu_full__3dc555fe__gitc2c2860f__codebebd8b2d__20260715T051844483360Z,msl_ncam_nlb_453781647edr_f0320478ncam00282m1,test_msl,ALL,pixel_acc,1.0,0,0,198856
segformer__scratch__mit-b2__in_rover__seed1415__gpu_full__3dc555fe__gitc2c2860f__codebebd8b2d__20260715T051844483360Z,msl_ncam_nlb_453781647edr_f0320478ncam00282m1,test_msl,ALL,boundary_f1,1.0,0,0,198856
segformer__scratch__mit-b2__in_rover__seed1415__gpu_full__3dc555fe__gitc2c2860f__codebebd8b2d__20260715T051844483360Z,msl_ncam_nlb_454576834edr_f0330660ncam00291m1,test_msl,soil,iou,0.9974223589573026,95964,96212,96212
segformer__scratch__mit-b2__in_rover__seed1415__gpu_full__3dc555fe__gitc2c2860f__codebebd8b2d__20260715T051844483360Z,msl_ncam_nlb_454576834edr_f0330660ncam00291m1,test_msl,bedrock,iou,,0,0,96212
segformer__scratch__mit-b2__in_rover__seed1415__gpu_full__3dc555fe__gitc2c2860f__codebebd8b2d__20260715T051844483360Z,msl_ncam_nlb_454576834edr_f0330660ncam00291m1,test_msl,sand,iou,0.0,0,248,96212
segformer__scratch__mit-b2__in_rover__seed1415__gpu_full__3dc555fe__gitc2c2860f__codebebd8b2d__20260715T051844483360Z,msl_ncam_nlb_454576834edr_f0330660ncam00291m1,test_msl,big_rock,iou,,0,0,96212
segformer__scratch__mit-b2__in_rover__seed1415__gpu_full__3dc555fe__gitc2c2860f__codebebd8b2d__20260715T051844483360Z,msl_ncam_nlb_454576834edr_f0330660ncam00291m1,test_msl,ALL,pixel_acc,0.9974223589573026,0,0,96212
segformer__scratch__mit-b2__in_rover__seed1415__gpu_full__3dc555fe__gitc2c2860f__codebebd8b2d__20260715T051844483360Z,msl_ncam_nlb_454576834edr_f0330660ncam00291m1,test_msl,ALL,boundary_f1,0.4946004319654428,0,0,96212
segformer__scratch__mit-b2__in_rover__seed1415__gpu_full__3dc555fe__gitc2c2860f__codebebd8b2d__20260715T051844483360Z,msl_ncam_nlb_454577689edr_f0330660ncam00350m1,test_msl,soil,iou,1.0,220994,220994,220994
segformer__scratch__mit-b2__in_rover__seed1415__gpu_full__3dc555fe__gitc2c2860f__codebebd8b2d__20260715T051844483360Z,msl_ncam_nlb_454577689edr_f0330660ncam00350m1,test_msl,bedrock,iou,,0,0,220994
segformer__scratch__mit-b2__in_rover__seed1415__gpu_full__3dc555fe__gitc2c2860f__codebebd8b2d__20260715T051844483360Z,msl_ncam_nlb_454577689edr_f0330660ncam00350m1,test_msl,sand,iou,,0,0,220994
segformer__scratch__mit-b2__in_rover__seed1415__gpu_full__3dc555fe__gitc2c2860f__codebebd8b2d__20260715T051844483360Z,msl_ncam_nlb_454577689edr_f0330660ncam00350m1,test_msl,big_rock,iou,,0,0,220994
segformer__scratch__mit-b2__in_rover__seed1415__gpu_full__3dc555fe__gitc2c2860f__codebebd8b2d__20260715T051844483360Z,msl_ncam_nlb_454577689edr_f0330660ncam00350m1,test_msl,ALL,pixel_acc,1.0,0,0,220994
segformer__scratch__mit-b2__in_rover__seed1415__gpu_full__3dc555fe__gitc2c2860f__codebebd8b2d__20260715T051844483360Z,msl_ncam_nlb_454577689edr_f0330660ncam00350m1,test_msl,ALL,boundary_f1,1.0,0,0,220994
segformer__scratch__mit-b2__in_rover__seed1415__gpu_full__3dc555fe__gitc2c2860f__codebebd8b2d__20260715T051844483360Z,msl_ncam_nlb_454577808edr_f0330660ncam00350m1,test_msl,soil,iou,1.0,149819,149819,149819
segformer__scratch__mit-b2__in_rover__seed1415__gpu_full__3dc555fe__gitc2c2860f__codebebd8b2d__20260715T051844483360Z,msl_ncam_nlb_454577808edr_f0330660ncam00350m1,test_msl,bedrock,iou,,0,0,149819
segformer__scratch__mit-b2__in_rover__seed1415__gpu_full__3dc555fe__gitc2c2860f__codebebd8b2d__20260715T051844483360Z,msl_ncam_nlb_454577808edr_f0330660ncam00350m1,test_msl,sand,iou,,0,0,149819
segformer__scratch__mit-b2__in_rover__seed1415__gpu_full__3dc555fe__gitc2c2860f__codebebd8b2d__20260715T051844483360Z,msl_ncam_nlb_454577808edr_f0330660ncam00350m1,test_msl,big_rock,iou,,0,0,149819
segformer__scratch__mit-b2__in_rover__seed1415__gpu_full__3dc555fe__gitc2c2860f__codebebd8b2d__20260715T051844483360Z,msl_ncam_nlb_454577808edr_f0330660ncam00350m1,test_msl,ALL,pixel_acc,1.0,0,0,149819
segformer__scratch__mit-b2__in_rover__seed1415__gpu_full__3dc555fe__gitc2c2860f__codebebd8b2d__20260715T051844483360Z,msl_ncam_nlb_454577808edr_f0330660ncam00350m1,test_msl,ALL,boundary_f1,1.0,0,0,149819
segformer__scratch__mit-b2__in_rover__seed1415__gpu_full__3dc555fe__gitc2c2860f__codebebd8b2d__20260715T051844483360Z,msl_ncam_nlb_454577843edr_f0330660ncam00292m1,test_msl,soil,iou,1.0,190037,190037,190037
segformer__scratch__mit-b2__in_rover__seed1415__gpu_full__3dc555fe__gitc2c2860f__codebebd8b2d__20260715T051844483360Z,msl_ncam_nlb_454577843edr_f0330660ncam00292m1,test_msl,bedrock,iou,,0,0,190037
segformer__scratch__mit-b2__in_rover__seed1415__gpu_full__3dc555fe__gitc2c2860f__codebebd8b2d__20260715T051844483360Z,msl_ncam_nlb_454577843edr_f0330660ncam00292m1,test_msl,sand,iou,,0,0,190037
segformer__scratch__mit-b2__in_rover__seed1415__gpu_full__3dc555fe__gitc2c2860f__codebebd8b2d__20260715T051844483360Z,msl_ncam_nlb_454577843edr_f0330660ncam00292m1,test_msl,big_rock,iou,,0,0,190037
segformer__scratch__mit-b2__in_rover__seed1415__gpu_full__3dc555fe__gitc2c2860f__codebebd8b2d__20260715T051844483360Z,msl_ncam_nlb_454577843edr_f0330660ncam00292m1,test_msl,ALL,pixel_acc,1.0,0,0,190037
segformer__scratch__mit-b2__in_rover__seed1415__gpu_full__3dc555fe__gitc2c2860f__codebebd8b2d__20260715T051844483360Z,msl_ncam_nlb_454577843edr_f0330660ncam00292m1,test_msl,ALL,boundary_f1,1.0,0,0,190037
segformer__scratch__mit-b2__in_rover__seed1415__gpu_full__3dc555fe__gitc2c2860f__codebebd8b2d__20260715T051844483360Z,msl_ncam_nlb_454577912edr_f0330660ncam00292m1,test_msl,soil,iou,1.0,152116,152116,152116
segformer__scratch__mit-b2__in_rover__seed1415__gpu_full__3dc555fe__gitc2c2860f__codebebd8b2d__20260715T051844483360Z,msl_ncam_nlb_454577912edr_f0330660ncam00292m1,test_msl,bedrock,iou,,0,0,152116
segformer__scratch__mit-b2__in_rover__seed1415__gpu_full__3dc555fe__gitc2c2860f__codebebd8b2d__20260715T051844483360Z,msl_ncam_nlb_454577912edr_f0330660ncam00292m1,test_msl,sand,iou,,0,0,152116
segformer__scratch__mit-b2__in_rover__seed1415__gpu_full__3dc555fe__gitc2c2860f__codebebd8b2d__20260715T051844483360Z,msl_ncam_nlb_454577912edr_f0330660ncam00292m1,test_msl,big_rock,iou,,0,0,152116
segformer__scratch__mit-b2__in_rover__seed1415__gpu_full__3dc555fe__gitc2c2860f__codebebd8b2d__20260715T051844483360Z,msl_ncam_nlb_454577912edr_f0330660ncam00292m1,test_msl,ALL,pixel_acc,1.0,0,0,152116
segformer__scratch__mit-b2__in_rover__seed1415__gpu_full__3dc555fe__gitc2c2860f__codebebd8b2d__20260715T051844483360Z,msl_ncam_nlb_454577912edr_f0330660ncam00292m1,test_msl,ALL,boundary_f1,1.0,0,0,152116
segformer__scratch__mit-b2__in_rover__seed1415__gpu_full__3dc555fe__gitc2c2860f__codebebd8b2d__20260715T051844483360Z,msl_ncam_nlb_455641497edr_f0340774ncam00251m1,test_msl,soil,iou,1.0,200625,200625,200625
segformer__scratch__mit-b2__in_rover__seed1415__gpu_full__3dc555fe__gitc2c2860f__codebebd8b2d__20260715T051844483360Z,msl_ncam_nlb_455641497edr_f0340774ncam00251m1,test_msl,bedrock,iou,,0,0,200625
segformer__scratch__mit-b2__in_rover__seed1415__gpu_full__3dc555fe__gitc2c2860f__codebebd8b2d__20260715T051844483360Z,msl_ncam_nlb_455641497edr_f0340774ncam00251m1,test_msl,sand,iou,,0,0,200625
segformer__scratch__mit-b2__in_rover__seed1415__gpu_full__3dc555fe__gitc2c2860f__codebebd8b2d__20260715T051844483360Z,msl_ncam_nlb_455641497edr_f0340774ncam00251m1,test_msl,big_rock,iou,,0,0,200625
segformer__scratch__mit-b2__in_rover__seed1415__gpu_full__3dc555fe__gitc2c2860f__codebebd8b2d__20260715T051844483360Z,msl_ncam_nlb_455641497edr_f0340774ncam00251m1,test_msl,ALL,pixel_acc,1.0,0,0,200625
segformer__scratch__mit-b2__in_rover__seed1415__gpu_full__3dc555fe__gitc2c2860f__codebebd8b2d__20260715T051844483360Z,msl_ncam_nlb_455641497edr_f0340774ncam00251m1,test_msl,ALL,boundary_f1,1.0,0,0,200625
segformer__scratch__mit-b2__in_rover__seed1415__gpu_full__3dc555fe__gitc2c2860f__codebebd8b2d__20260715T051844483360Z,msl_ncam_nlb_455642279edr_f0340774ncam00354m1,test_msl,soil,iou,,0,0,0
segformer__scratch__mit-b2__in_rover__seed1415__gpu_full__3dc555fe__gitc2c2860f__codebebd8b2d__20260715T051844483360Z,msl_ncam_nlb_455642279edr_f0340774ncam00354m1,test_msl,bedrock,iou,,0,0,0
segformer__scratch__mit-b2__in_rover__seed1415__gpu_full__3dc555fe__gitc2c2860f__codebebd8b2d__20260715T051844483360Z,msl_ncam_nlb_455642279edr_f0340774ncam00354m1,test_msl,sand,iou,,0,0,0
segformer__scratch__mit-b2__in_rover__seed1415__gpu_full__3dc555fe__gitc2c2860f__codebebd8b2d__20260715T051844483360Z,msl_ncam_nlb_455642279edr_f0340774ncam00354m1,test_msl,big_rock,iou,,0,0,0
segformer__scratch__mit-b2__in_rover__seed1415__gpu_full__3dc555fe__gitc2c2860f__codebebd8b2d__20260715T051844483360Z,msl_ncam_nlb_455642279edr_f0340774ncam00354m1,test_msl,ALL,pixel_acc,,0,0,0
segformer__scratch__mit-b2__in_rover__seed1415__gpu_full__3dc555fe__gitc2c2860f__codebebd8b2d__20260715T051844483360Z,msl_ncam_nlb_455642279edr_f0340774ncam00354m1,test_msl,ALL,boundary_f1,,0,0,0
segformer__scratch__mit-b2__in_rover__seed1415__gpu_full__3dc555fe__gitc2c2860f__codebebd8b2d__20260715T051844483360Z,msl_ncam_nlb_455642442edr_f0340774ncam00252m1,test_msl,soil,iou,1.0,411,411,411
segformer__scratch__mit-b2__in_rover__seed1415__gpu_full__3dc555fe__gitc2c2860f__codebebd8b2d__20260715T051844483360Z,msl_ncam_nlb_455642442edr_f0340774ncam00252m1,test_msl,bedrock,iou,,0,0,411
segformer__scratch__mit-b2__in_rover__seed1415__gpu_full__3dc555fe__gitc2c2860f__codebebd8b2d__20260715T051844483360Z,msl_ncam_nlb_455642442edr_f0340774ncam00252m1,test_msl,sand,iou,,0,0,411
segformer__scratch__mit-b2__in_rover__seed1415__gpu_full__3dc555fe__gitc2c2860f__codebebd8b2d__20260715T051844483360Z,msl_ncam_nlb_455642442edr_f0340774ncam00252m1,test_msl,big_rock,iou,,0,0,411
segformer__scratch__mit-b2__in_rover__seed1415__gpu_full__3dc555fe__gitc2c2860f__codebebd8b2d__20260715T051844483360Z,msl_ncam_nlb_455642442edr_f0340774ncam00252m1,test_msl,ALL,pixel_acc,1.0,0,0,411
segformer__scratch__mit-b2__in_rover__seed1415__gpu_full__3dc555fe__gitc2c2860f__codebebd8b2d__20260715T051844483360Z,msl_ncam_nlb_455642442edr_f0340774ncam00252m1,test_msl,ALL,boundary_f1,1.0,0,0,411
segformer__scratch__mit-b2__in_rover__seed1415__gpu_full__3dc555fe__gitc2c2860f__codebebd8b2d__20260715T051844483360Z,msl_ncam_nlb_455642480edr_f0340774ncam00252m1,test_msl,soil,iou,1.0,162032,162032,162032
segformer__scratch__mit-b2__in_rover__seed1415__gpu_full__3dc555fe__gitc2c2860f__codebebd8b2d__20260715T051844483360Z,msl_ncam_nlb_455642480edr_f0340774ncam00252m1,test_msl,bedrock,iou,,0,0,162032
segformer__scratch__mit-b2__in_rover__seed1415__gpu_full__3dc555fe__gitc2c2860f__codebebd8b2d__20260715T051844483360Z,msl_ncam_nlb_455642480edr_f0340774ncam00252m1,test_msl,sand,iou,,0,0,162032
segformer__scratch__mit-b2__in_rover__seed1415__gpu_full__3dc555fe__gitc2c2860f__codebebd8b2d__20260715T051844483360Z,msl_ncam_nlb_455642480edr_f0340774ncam00252m1,test_msl,big_rock,iou,,0,0,162032
segformer__scratch__mit-b2__in_rover__seed1415__gpu_full__3dc555fe__gitc2c2860f__codebebd8b2d__20260715T051844483360Z,msl_ncam_nlb_455642480edr_f0340774ncam00252m1,test_msl,ALL,pixel_acc,1.0,0,0,162032
segformer__scratch__mit-b2__in_rover__seed1415__gpu_full__3dc555fe__gitc2c2860f__codebebd8b2d__20260715T051844483360Z,msl_ncam_nlb_455642480edr_f0340774ncam00252m1,test_msl,ALL,boundary_f1,1.0,0,0,162032
segformer__scratch__mit-b2__in_rover__seed1415__gpu_full__3dc555fe__gitc2c2860f__codebebd8b2d__20260715T051844483360Z,msl_ncam_nlb_455642594edr_f0340774ncam00252m1,test_msl,soil,iou,0.776481646217627,46262,59579,59579
segformer__scratch__mit-b2__in_rover__seed1415__gpu_full__3dc555fe__gitc2c2860f__codebebd8b2d__20260715T051844483360Z,msl_ncam_nlb_455642594edr_f0340774ncam00252m1,test_msl,bedrock,iou,,0,0,59579
segformer__scratch__mit-b2__in_rover__seed1415__gpu_full__3dc555fe__gitc2c2860f__codebebd8b2d__20260715T051844483360Z,msl_ncam_nlb_455642594edr_f0340774ncam00252m1,test_msl,sand,iou,0.0,0,13317,59579
segformer__scratch__mit-b2__in_rover__seed1415__gpu_full__3dc555fe__gitc2c2860f__codebebd8b2d__20260715T051844483360Z,msl_ncam_nlb_455642594edr_f0340774ncam00252m1,test_msl,big_rock,iou,,0,0,59579
segformer__scratch__mit-b2__in_rover__seed1415__gpu_full__3dc555fe__gitc2c2860f__codebebd8b2d__20260715T051844483360Z,msl_ncam_nlb_455642594edr_f0340774ncam00252m1,test_msl,ALL,pixel_acc,0.776481646217627,0,0,59579
segformer__scratch__mit-b2__in_rover__seed1415__gpu_full__3dc555fe__gitc2c2860f__codebebd8b2d__20260715T051844483360Z,msl_ncam_nlb_455642594edr_f0340774ncam00252m1,test_msl,ALL,boundary_f1,0.31111949453701404,0,0,59579
segformer__scratch__mit-b2__in_rover__seed1415__gpu_full__3dc555fe__gitc2c2860f__codebebd8b2d__20260715T051844483360Z,msl_ncam_nlb_457064543edr_f0371542ncam00273m1,test_msl,soil,iou,0.9770268484946347,66558,68123,68123
segformer__scratch__mit-b2__in_rover__seed1415__gpu_full__3dc555fe__gitc2c2860f__codebebd8b2d__20260715T051844483360Z,msl_ncam_nlb_457064543edr_f0371542ncam00273m1,test_msl,bedrock,iou,,0,0,68123
segformer__scratch__mit-b2__in_rover__seed1415__gpu_full__3dc555fe__gitc2c2860f__codebebd8b2d__20260715T051844483360Z,msl_ncam_nlb_457064543edr_f0371542ncam00273m1,test_msl,sand,iou,0.0,0,1565,68123
segformer__scratch__mit-b2__in_rover__seed1415__gpu_full__3dc555fe__gitc2c2860f__codebebd8b2d__20260715T051844483360Z,msl_ncam_nlb_457064543edr_f0371542ncam00273m1,test_msl,big_rock,iou,,0,0,68123
segformer__scratch__mit-b2__in_rover__seed1415__gpu_full__3dc555fe__gitc2c2860f__codebebd8b2d__20260715T051844483360Z,msl_ncam_nlb_457064543edr_f0371542ncam00273m1,test_msl,ALL,pixel_acc,0.9770268484946347,0,0,68123
segformer__scratch__mit-b2__in_rover__seed1415__gpu_full__3dc555fe__gitc2c2860f__codebebd8b2d__20260715T051844483360Z,msl_ncam_nlb_457064543edr_f0371542ncam00273m1,test_msl,ALL,boundary_f1,0.4633726321367068,0,0,68123
segformer__scratch__mit-b2__in_rover__seed1415__gpu_full__3dc555fe__gitc2c2860f__codebebd8b2d__20260715T051844483360Z,msl_ncam_nlb_457064954edr_f0371542ncam00354m1,test_msl,soil,iou,,0,0,0
segformer__scratch__mit-b2__in_rover__seed1415__gpu_full__3dc555fe__gitc2c2860f__codebebd8b2d__20260715T051844483360Z,msl_ncam_nlb_457064954edr_f0371542ncam00354m1,test_msl,bedrock,iou,,0,0,0
segformer__scratch__mit-b2__in_rover__seed1415__gpu_full__3dc555fe__gitc2c2860f__codebebd8b2d__20260715T051844483360Z,msl_ncam_nlb_457064954edr_f0371542ncam00354m1,test_msl,sand,iou,,0,0,0
segformer__scratch__mit-b2__in_rover__seed1415__gpu_full__3dc555fe__gitc2c2860f__codebebd8b2d__20260715T051844483360Z,msl_ncam_nlb_457064954edr_f0371542ncam00354m1,test_msl,big_rock,iou,,0,0,0
segformer__scratch__mit-b2__in_rover__seed1415__gpu_full__3dc555fe__gitc2c2860f__codebebd8b2d__20260715T051844483360Z,msl_ncam_nlb_457064954edr_f0371542ncam00354m1,test_msl,ALL,pixel_acc,,0,0,0
segformer__scratch__mit-b2__in_rover__seed1415__gpu_full__3dc555fe__gitc2c2860f__codebebd8b2d__20260715T051844483360Z,msl_ncam_nlb_457064954edr_f0371542ncam00354m1,test_msl,ALL,boundary_f1,,0,0,0
segformer__scratch__mit-b2__in_rover__seed1415__gpu_full__3dc555fe__gitc2c2860f__codebebd8b2d__20260715T051844483360Z,msl_ncam_nlb_457065016edr_f0371542ncam00354m1,test_msl,soil,iou,1.0,169467,169467,169467
segformer__scratch__mit-b2__in_rover__seed1415__gpu_full__3dc555fe__gitc2c2860f__codebebd8b2d__20260715T051844483360Z,msl_ncam_nlb_457065016edr_f0371542ncam00354m1,test_msl,bedrock,iou,,0,0,169467
segformer__scratch__mit-b2__in_rover__seed1415__gpu_full__3dc555fe__gitc2c2860f__codebebd8b2d__20260715T051844483360Z,msl_ncam_nlb_457065016edr_f0371542ncam00354m1,test_msl,sand,iou,,0,0,169467
segformer__scratch__mit-b2__in_rover__seed1415__gpu_full__3dc555fe__gitc2c2860f__codebebd8b2d__20260715T051844483360Z,msl_ncam_nlb_457065016edr_f0371542ncam00354m1,test_msl,big_rock,iou,,0,0,169467
segformer__scratch__mit-b2__in_rover__seed1415__gpu_full__3dc555fe__gitc2c2860f__codebebd8b2d__20260715T051844483360Z,msl_ncam_nlb_457065016edr_f0371542ncam00354m1,test_msl,ALL,pixel_acc,1.0,0,0,169467
segformer__scratch__mit-b2__in_rover__seed1415__gpu_full__3dc555fe__gitc2c2860f__codebebd8b2d__20260715T051844483360Z,msl_ncam_nlb_457065016edr_f0371542ncam00354m1,test_msl,ALL,boundary_f1,1.0,0,0,169467
segformer__scratch__mit-b2__in_rover__seed1415__gpu_full__3dc555fe__gitc2c2860f__codebebd8b2d__20260715T051844483360Z,msl_ncam_nlb_457065086edr_f0371542ncam00354m1,test_msl,soil,iou,0.9876022091068788,78146,79127,79831
segformer__scratch__mit-b2__in_rover__seed1415__gpu_full__3dc555fe__gitc2c2860f__codebebd8b2d__20260715T051844483360Z,msl_ncam_nlb_457065086edr_f0371542ncam00354m1,test_msl,bedrock,iou,,0,0,79831
segformer__scratch__mit-b2__in_rover__seed1415__gpu_full__3dc555fe__gitc2c2860f__codebebd8b2d__20260715T051844483360Z,msl_ncam_nlb_457065086edr_f0371542ncam00354m1,test_msl,sand,iou,0.41780415430267065,704,1685,79831
segformer__scratch__mit-b2__in_rover__seed1415__gpu_full__3dc555fe__gitc2c2860f__codebebd8b2d__20260715T051844483360Z,msl_ncam_nlb_457065086edr_f0371542ncam00354m1,test_msl,big_rock,iou,,0,0,79831
segformer__scratch__mit-b2__in_rover__seed1415__gpu_full__3dc555fe__gitc2c2860f__codebebd8b2d__20260715T051844483360Z,msl_ncam_nlb_457065086edr_f0371542ncam00354m1,test_msl,ALL,pixel_acc,0.98771154062958,0,0,79831
segformer__scratch__mit-b2__in_rover__seed1415__gpu_full__3dc555fe__gitc2c2860f__codebebd8b2d__20260715T051844483360Z,msl_ncam_nlb_457065086edr_f0371542ncam00354m1,test_msl,ALL,boundary_f1,0.7939410928816386,0,0,79831
segformer__scratch__mit-b2__in_rover__seed1415__gpu_full__3dc555fe__gitc2c2860f__codebebd8b2d__20260715T051844483360Z,msl_ncam_nlb_457072541edr_f0371542ncam00274m1,test_msl,soil,iou,1.0,53194,53194,53194
segformer__scratch__mit-b2__in_rover__seed1415__gpu_full__3dc555fe__gitc2c2860f__codebebd8b2d__20260715T051844483360Z,msl_ncam_nlb_457072541edr_f0371542ncam00274m1,test_msl,bedrock,iou,,0,0,53194
segformer__scratch__mit-b2__in_rover__seed1415__gpu_full__3dc555fe__gitc2c2860f__codebebd8b2d__20260715T051844483360Z,msl_ncam_nlb_457072541edr_f0371542ncam00274m1,test_msl,sand,iou,,0,0,53194
segformer__scratch__mit-b2__in_rover__seed1415__gpu_full__3dc555fe__gitc2c2860f__codebebd8b2d__20260715T051844483360Z,msl_ncam_nlb_457072541edr_f0371542ncam00274m1,test_msl,big_rock,iou,,0,0,53194
segformer__scratch__mit-b2__in_rover__seed1415__gpu_full__3dc555fe__gitc2c2860f__codebebd8b2d__20260715T051844483360Z,msl_ncam_nlb_457072541edr_f0371542ncam00274m1,test_msl,ALL,pixel_acc,1.0,0,0,53194
segformer__scratch__mit-b2__in_rover__seed1415__gpu_full__3dc555fe__gitc2c2860f__codebebd8b2d__20260715T051844483360Z,msl_ncam_nlb_457072541edr_f0371542ncam00274m1,test_msl,ALL,boundary_f1,1.0,0,0,53194
segformer__scratch__mit-b2__in_rover__seed1415__gpu_full__3dc555fe__gitc2c2860f__codebebd8b2d__20260715T051844483360Z,msl_ncam_nlb_457072755edr_f0371542ncam00274m1,test_msl,soil,iou,0.9680899002985411,68746,71012,71012
segformer__scratch__mit-b2__in_rover__seed1415__gpu_full__3dc555fe__gitc2c2860f__codebebd8b2d__20260715T051844483360Z,msl_ncam_nlb_457072755edr_f0371542ncam00274m1,test_msl,bedrock,iou,,0,0,71012
segformer__scratch__mit-b2__in_rover__seed1415__gpu_full__3dc555fe__gitc2c2860f__codebebd8b2d__20260715T051844483360Z,msl_ncam_nlb_457072755edr_f0371542ncam00274m1,test_msl,sand,iou,0.0,0,2266,71012
segformer__scratch__mit-b2__in_rover__seed1415__gpu_full__3dc555fe__gitc2c2860f__codebebd8b2d__20260715T051844483360Z,msl_ncam_nlb_457072755edr_f0371542ncam00274m1,test_msl,big_rock,iou,,0,0,71012
segformer__scratch__mit-b2__in_rover__seed1415__gpu_full__3dc555fe__gitc2c2860f__codebebd8b2d__20260715T051844483360Z,msl_ncam_nlb_457072755edr_f0371542ncam00274m1,test_msl,ALL,pixel_acc,0.9680899002985411,0,0,71012
segformer__scratch__mit-b2__in_rover__seed1415__gpu_full__3dc555fe__gitc2c2860f__codebebd8b2d__20260715T051844483360Z,msl_ncam_nlb_457072755edr_f0371542ncam00274m1,test_msl,ALL,boundary_f1,0.47791121449299523,0,0,71012
segformer__scratch__mit-b2__in_rover__seed1415__gpu_full__3dc555fe__gitc2c2860f__codebebd8b2d__20260715T051844483360Z,msl_ncam_nlb_457152468edr_f0380000ncam00346m1,test_msl,soil,iou,0.0,0,130,89859
segformer__scratch__mit-b2__in_rover__seed1415__gpu_full__3dc555fe__gitc2c2860f__codebebd8b2d__20260715T051844483360Z,msl_ncam_nlb_457152468edr_f0380000ncam00346m1,test_msl,bedrock,iou,,0,0,89859
segformer__scratch__mit-b2__in_rover__seed1415__gpu_full__3dc555fe__gitc2c2860f__codebebd8b2d__20260715T051844483360Z,msl_ncam_nlb_457152468edr_f0380000ncam00346m1,test_msl,sand,iou,0.9985532890417209,89729,89859,89859
segformer__scratch__mit-b2__in_rover__seed1415__gpu_full__3dc555fe__gitc2c2860f__codebebd8b2d__20260715T051844483360Z,msl_ncam_nlb_457152468edr_f0380000ncam00346m1,test_msl,big_rock,iou,,0,0,89859
segformer__scratch__mit-b2__in_rover__seed1415__gpu_full__3dc555fe__gitc2c2860f__codebebd8b2d__20260715T051844483360Z,msl_ncam_nlb_457152468edr_f0380000ncam00346m1,test_msl,ALL,pixel_acc,0.9985532890417209,0,0,89859
segformer__scratch__mit-b2__in_rover__seed1415__gpu_full__3dc555fe__gitc2c2860f__codebebd8b2d__20260715T051844483360Z,msl_ncam_nlb_457152468edr_f0380000ncam00346m1,test_msl,ALL,boundary_f1,0.48461055276381915,0,0,89859
segformer__scratch__mit-b2__in_rover__seed1415__gpu_full__3dc555fe__gitc2c2860f__codebebd8b2d__20260715T051844483360Z,msl_ncam_nlb_457152554edr_f0380000ncam00275m1,test_msl,soil,iou,0.0,0,12140,177280
segformer__scratch__mit-b2__in_rover__seed1415__gpu_full__3dc555fe__gitc2c2860f__codebebd8b2d__20260715T051844483360Z,msl_ncam_nlb_457152554edr_f0380000ncam00275m1,test_msl,bedrock,iou,,0,0,177280
segformer__scratch__mit-b2__in_rover__seed1415__gpu_full__3dc555fe__gitc2c2860f__codebebd8b2d__20260715T051844483360Z,msl_ncam_nlb_457152554edr_f0380000ncam00275m1,test_msl,sand,iou,0.9315207581227437,165140,177280,177280
segformer__scratch__mit-b2__in_rover__seed1415__gpu_full__3dc555fe__gitc2c2860f__codebebd8b2d__20260715T051844483360Z,msl_ncam_nlb_457152554edr_f0380000ncam00275m1,test_msl,big_rock,iou,,0,0,177280
segformer__scratch__mit-b2__in_rover__seed1415__gpu_full__3dc555fe__gitc2c2860f__codebebd8b2d__20260715T051844483360Z,msl_ncam_nlb_457152554edr_f0380000ncam00275m1,test_msl,ALL,pixel_acc,0.9315207581227437,0,0,177280
segformer__scratch__mit-b2__in_rover__seed1415__gpu_full__3dc555fe__gitc2c2860f__codebebd8b2d__20260715T051844483360Z,msl_ncam_nlb_457152554edr_f0380000ncam00275m1,test_msl,ALL,boundary_f1,0.40869768529343,0,0,177280
segformer__scratch__mit-b2__in_rover__seed1415__gpu_full__3dc555fe__gitc2c2860f__codebebd8b2d__20260715T051844483360Z,msl_ncam_nlb_457153024edr_f0380000ncam00354m1,test_msl,soil,iou,0.0,0,71,103858
segformer__scratch__mit-b2__in_rover__seed1415__gpu_full__3dc555fe__gitc2c2860f__codebebd8b2d__20260715T051844483360Z,msl_ncam_nlb_457153024edr_f0380000ncam00354m1,test_msl,bedrock,iou,,0,0,103858
segformer__scratch__mit-b2__in_rover__seed1415__gpu_full__3dc555fe__gitc2c2860f__codebebd8b2d__20260715T051844483360Z,msl_ncam_nlb_457153024edr_f0380000ncam00354m1,test_msl,sand,iou,0.9993163742802673,103787,103858,103858
segformer__scratch__mit-b2__in_rover__seed1415__gpu_full__3dc555fe__gitc2c2860f__codebebd8b2d__20260715T051844483360Z,msl_ncam_nlb_457153024edr_f0380000ncam00354m1,test_msl,big_rock,iou,,0,0,103858
segformer__scratch__mit-b2__in_rover__seed1415__gpu_full__3dc555fe__gitc2c2860f__codebebd8b2d__20260715T051844483360Z,msl_ncam_nlb_457153024edr_f0380000ncam00354m1,test_msl,ALL,pixel_acc,0.9993163742802673,0,0,103858
segformer__scratch__mit-b2__in_rover__seed1415__gpu_full__3dc555fe__gitc2c2860f__codebebd8b2d__20260715T051844483360Z,msl_ncam_nlb_457153024edr_f0380000ncam00354m1,test_msl,ALL,boundary_f1,0.4942203955818135,0,0,103858
segformer__scratch__mit-b2__in_rover__seed1415__gpu_full__3dc555fe__gitc2c2860f__codebebd8b2d__20260715T051844483360Z,msl_ncam_nlb_457153056edr_f0380000ncam00354m1,test_msl,soil,iou,,0,0,167988
segformer__scratch__mit-b2__in_rover__seed1415__gpu_full__3dc555fe__gitc2c2860f__codebebd8b2d__20260715T051844483360Z,msl_ncam_nlb_457153056edr_f0380000ncam00354m1,test_msl,bedrock,iou,,0,0,167988
segformer__scratch__mit-b2__in_rover__seed1415__gpu_full__3dc555fe__gitc2c2860f__codebebd8b2d__20260715T051844483360Z,msl_ncam_nlb_457153056edr_f0380000ncam00354m1,test_msl,sand,iou,1.0,167988,167988,167988
segformer__scratch__mit-b2__in_rover__seed1415__gpu_full__3dc555fe__gitc2c2860f__codebebd8b2d__20260715T051844483360Z,msl_ncam_nlb_457153056edr_f0380000ncam00354m1,test_msl,big_rock,iou,,0,0,167988
segformer__scratch__mit-b2__in_rover__seed1415__gpu_full__3dc555fe__gitc2c2860f__codebebd8b2d__20260715T051844483360Z,msl_ncam_nlb_457153056edr_f0380000ncam00354m1,test_msl,ALL,pixel_acc,1.0,0,0,167988
segformer__scratch__mit-b2__in_rover__seed1415__gpu_full__3dc555fe__gitc2c2860f__codebebd8b2d__20260715T051844483360Z,msl_ncam_nlb_457153056edr_f0380000ncam00354m1,test_msl,ALL,boundary_f1,1.0,0,0,167988
segformer__scratch__mit-b2__in_rover__seed1415__gpu_full__3dc555fe__gitc2c2860f__codebebd8b2d__20260715T051844483360Z,msl_ncam_nlb_457153156edr_f0380000ncam00354m1,test_msl,soil,iou,,0,0,119229
segformer__scratch__mit-b2__in_rover__seed1415__gpu_full__3dc555fe__gitc2c2860f__codebebd8b2d__20260715T051844483360Z,msl_ncam_nlb_457153156edr_f0380000ncam00354m1,test_msl,bedrock,iou,,0,0,119229
segformer__scratch__mit-b2__in_rover__seed1415__gpu_full__3dc555fe__gitc2c2860f__codebebd8b2d__20260715T051844483360Z,msl_ncam_nlb_457153156edr_f0380000ncam00354m1,test_msl,sand,iou,1.0,119229,119229,119229
segformer__scratch__mit-b2__in_rover__seed1415__gpu_full__3dc555fe__gitc2c2860f__codebebd8b2d__20260715T051844483360Z,msl_ncam_nlb_457153156edr_f0380000ncam00354m1,test_msl,big_rock,iou,,0,0,119229
segformer__scratch__mit-b2__in_rover__seed1415__gpu_full__3dc555fe__gitc2c2860f__codebebd8b2d__20260715T051844483360Z,msl_ncam_nlb_457153156edr_f0380000ncam00354m1,test_msl,ALL,pixel_acc,1.0,0,0,119229
segformer__scratch__mit-b2__in_rover__seed1415__gpu_full__3dc555fe__gitc2c2860f__codebebd8b2d__20260715T051844483360Z,msl_ncam_nlb_457153156edr_f0380000ncam00354m1,test_msl,ALL,boundary_f1,1.0,0,0,119229
segformer__scratch__mit-b2__in_rover__seed1415__gpu_full__3dc555fe__gitc2c2860f__codebebd8b2d__20260715T051844483360Z,msl_ncam_nlb_457153643edr_f0380000ncam00276m1,test_msl,soil,iou,0.0,0,13733,99398
segformer__scratch__mit-b2__in_rover__seed1415__gpu_full__3dc555fe__gitc2c2860f__codebebd8b2d__20260715T051844483360Z,msl_ncam_nlb_457153643edr_f0380000ncam00276m1,test_msl,bedrock,iou,,0,0,99398
segformer__scratch__mit-b2__in_rover__seed1415__gpu_full__3dc555fe__gitc2c2860f__codebebd8b2d__20260715T051844483360Z,msl_ncam_nlb_457153643edr_f0380000ncam00276m1,test_msl,sand,iou,0.8618382663635084,85665,99398,99398
segformer__scratch__mit-b2__in_rover__seed1415__gpu_full__3dc555fe__gitc2c2860f__codebebd8b2d__20260715T051844483360Z,msl_ncam_nlb_457153643edr_f0380000ncam00276m1,test_msl,big_rock,iou,,0,0,99398
segformer__scratch__mit-b2__in_rover__seed1415__gpu_full__3dc555fe__gitc2c2860f__codebebd8b2d__20260715T051844483360Z,msl_ncam_nlb_457153643edr_f0380000ncam00276m1,test_msl,ALL,pixel_acc,0.8618382663635084,0,0,99398
segformer__scratch__mit-b2__in_rover__seed1415__gpu_full__3dc555fe__gitc2c2860f__codebebd8b2d__20260715T051844483360Z,msl_ncam_nlb_457153643edr_f0380000ncam00276m1,test_msl,ALL,boundary_f1,0.4198073701842546,0,0,99398
segformer__scratch__mit-b2__in_rover__seed1415__gpu_full__3dc555fe__gitc2c2860f__codebebd8b2d__20260715T051844483360Z,msl_ncam_nlb_457153706edr_f0380000ncam00276m1,test_msl,soil,iou,0.2523187029869276,3455,13693,108607
segformer__scratch__mit-b2__in_rover__seed1415__gpu_full__3dc555fe__gitc2c2860f__codebebd8b2d__20260715T051844483360Z,msl_ncam_nlb_457153706edr_f0380000ncam00276m1,test_msl,bedrock,iou,,0,0,108607
segformer__scratch__mit-b2__in_rover__seed1415__gpu_full__3dc555fe__gitc2c2860f__codebebd8b2d__20260715T051844483360Z,msl_ncam_nlb_457153706edr_f0380000ncam00276m1,test_msl,sand,iou,0.9029796788187838,94914,105112,108607
segformer__scratch__mit-b2__in_rover__seed1415__gpu_full__3dc555fe__gitc2c2860f__codebebd8b2d__20260715T051844483360Z,msl_ncam_nlb_457153706edr_f0380000ncam00276m1,test_msl,big_rock,iou,0.0,0,40,108607
segformer__scratch__mit-b2__in_rover__seed1415__gpu_full__3dc555fe__gitc2c2860f__codebebd8b2d__20260715T051844483360Z,msl_ncam_nlb_457153706edr_f0380000ncam00276m1,test_msl,ALL,pixel_acc,0.9057335162558583,0,0,108607
segformer__scratch__mit-b2__in_rover__seed1415__gpu_full__3dc555fe__gitc2c2860f__codebebd8b2d__20260715T051844483360Z,msl_ncam_nlb_457153706edr_f0380000ncam00276m1,test_msl,ALL,boundary_f1,0.3241710200460935,0,0,108607
segformer__scratch__mit-b2__in_rover__seed1415__gpu_full__3dc555fe__gitc2c2860f__codebebd8b2d__20260715T051844483360Z,msl_ncam_nlb_459278092edr_f0391396ncam00207m1,test_msl,soil,iou,,0,0,0
segformer__scratch__mit-b2__in_rover__seed1415__gpu_full__3dc555fe__gitc2c2860f__codebebd8b2d__20260715T051844483360Z,msl_ncam_nlb_459278092edr_f0391396ncam00207m1,test_msl,bedrock,iou,,0,0,0
segformer__scratch__mit-b2__in_rover__seed1415__gpu_full__3dc555fe__gitc2c2860f__codebebd8b2d__20260715T051844483360Z,msl_ncam_nlb_459278092edr_f0391396ncam00207m1,test_msl,sand,iou,,0,0,0
segformer__scratch__mit-b2__in_rover__seed1415__gpu_full__3dc555fe__gitc2c2860f__codebebd8b2d__20260715T051844483360Z,msl_ncam_nlb_459278092edr_f0391396ncam00207m1,test_msl,big_rock,iou,,0,0,0
segformer__scratch__mit-b2__in_rover__seed1415__gpu_full__3dc555fe__gitc2c2860f__codebebd8b2d__20260715T051844483360Z,msl_ncam_nlb_459278092edr_f0391396ncam00207m1,test_msl,ALL,pixel_acc,,0,0,0
segformer__scratch__mit-b2__in_rover__seed1415__gpu_full__3dc555fe__gitc2c2860f__codebebd8b2d__20260715T051844483360Z,msl_ncam_nlb_459278092edr_f0391396ncam00207m1,test_msl,ALL,boundary_f1,,0,0,0
segformer__scratch__mit-b2__in_rover__seed1415__gpu_full__3dc555fe__gitc2c2860f__codebebd8b2d__20260715T051844483360Z,msl_ncam_nlb_459290932edr_f0391552ncam00354m1,test_msl,soil,iou,1.0,91075,91075,91075
segformer__scratch__mit-b2__in_rover__seed1415__gpu_full__3dc555fe__gitc2c2860f__codebebd8b2d__20260715T051844483360Z,msl_ncam_nlb_459290932edr_f0391552ncam00354m1,test_msl,bedrock,iou,,0,0,91075
segformer__scratch__mit-b2__in_rover__seed1415__gpu_full__3dc555fe__gitc2c2860f__codebebd8b2d__20260715T051844483360Z,msl_ncam_nlb_459290932edr_f0391552ncam00354m1,test_msl,sand,iou,,0,0,91075
segformer__scratch__mit-b2__in_rover__seed1415__gpu_full__3dc555fe__gitc2c2860f__codebebd8b2d__20260715T051844483360Z,msl_ncam_nlb_459290932edr_f0391552ncam00354m1,test_msl,big_rock,iou,,0,0,91075
segformer__scratch__mit-b2__in_rover__seed1415__gpu_full__3dc555fe__gitc2c2860f__codebebd8b2d__20260715T051844483360Z,msl_ncam_nlb_459290932edr_f0391552ncam00354m1,test_msl,ALL,pixel_acc,1.0,0,0,91075
segformer__scratch__mit-b2__in_rover__seed1415__gpu_full__3dc555fe__gitc2c2860f__codebebd8b2d__20260715T051844483360Z,msl_ncam_nlb_459290932edr_f0391552ncam00354m1,test_msl,ALL,boundary_f1,1.0,0,0,91075
segformer__scratch__mit-b2__in_rover__seed1415__gpu_full__3dc555fe__gitc2c2860f__codebebd8b2d__20260715T051844483360Z,msl_ncam_nlb_459291038edr_f0391552ncam00252m1,test_msl,soil,iou,,0,0,0
segformer__scratch__mit-b2__in_rover__seed1415__gpu_full__3dc555fe__gitc2c2860f__codebebd8b2d__20260715T051844483360Z,msl_ncam_nlb_459291038edr_f0391552ncam00252m1,test_msl,bedrock,iou,,0,0,0
segformer__scratch__mit-b2__in_rover__seed1415__gpu_full__3dc555fe__gitc2c2860f__codebebd8b2d__20260715T051844483360Z,msl_ncam_nlb_459291038edr_f0391552ncam00252m1,test_msl,sand,iou,,0,0,0
segformer__scratch__mit-b2__in_rover__seed1415__gpu_full__3dc555fe__gitc2c2860f__codebebd8b2d__20260715T051844483360Z,msl_ncam_nlb_459291038edr_f0391552ncam00252m1,test_msl,big_rock,iou,,0,0,0
segformer__scratch__mit-b2__in_rover__seed1415__gpu_full__3dc555fe__gitc2c2860f__codebebd8b2d__20260715T051844483360Z,msl_ncam_nlb_459291038edr_f0391552ncam00252m1,test_msl,ALL,pixel_acc,,0,0,0
segformer__scratch__mit-b2__in_rover__seed1415__gpu_full__3dc555fe__gitc2c2860f__codebebd8b2d__20260715T051844483360Z,msl_ncam_nlb_459291038edr_f0391552ncam00252m1,test_msl,ALL,boundary_f1,,0,0,0
segformer__scratch__mit-b2__in_rover__seed1415__gpu_full__3dc555fe__gitc2c2860f__codebebd8b2d__20260715T051844483360Z,msl_ncam_nlb_459291152edr_f0391552ncam00252m1,test_msl,soil,iou,1.0,48046,48046,48046
segformer__scratch__mit-b2__in_rover__seed1415__gpu_full__3dc555fe__gitc2c2860f__codebebd8b2d__20260715T051844483360Z,msl_ncam_nlb_459291152edr_f0391552ncam00252m1,test_msl,bedrock,iou,,0,0,48046
segformer__scratch__mit-b2__in_rover__seed1415__gpu_full__3dc555fe__gitc2c2860f__codebebd8b2d__20260715T051844483360Z,msl_ncam_nlb_459291152edr_f0391552ncam00252m1,test_msl,sand,iou,,0,0,48046
segformer__scratch__mit-b2__in_rover__seed1415__gpu_full__3dc555fe__gitc2c2860f__codebebd8b2d__20260715T051844483360Z,msl_ncam_nlb_459291152edr_f0391552ncam00252m1,test_msl,big_rock,iou,,0,0,48046
segformer__scratch__mit-b2__in_rover__seed1415__gpu_full__3dc555fe__gitc2c2860f__codebebd8b2d__20260715T051844483360Z,msl_ncam_nlb_459291152edr_f0391552ncam00252m1,test_msl,ALL,pixel_acc,1.0,0,0,48046
segformer__scratch__mit-b2__in_rover__seed1415__gpu_full__3dc555fe__gitc2c2860f__codebebd8b2d__20260715T051844483360Z,msl_ncam_nlb_459291152edr_f0391552ncam00252m1,test_msl,ALL,boundary_f1,1.0,0,0,48046
segformer__scratch__mit-b2__in_rover__seed1415__gpu_full__3dc555fe__gitc2c2860f__codebebd8b2d__20260715T051844483360Z,msl_ncam_nlb_459291220edr_f0391552ncam00252m1,test_msl,soil,iou,1.0,132596,132596,132596
segformer__scratch__mit-b2__in_rover__seed1415__gpu_full__3dc555fe__gitc2c2860f__codebebd8b2d__20260715T051844483360Z,msl_ncam_nlb_459291220edr_f0391552ncam00252m1,test_msl,bedrock,iou,,0,0,132596
segformer__scratch__mit-b2__in_rover__seed1415__gpu_full__3dc555fe__gitc2c2860f__codebebd8b2d__20260715T051844483360Z,msl_ncam_nlb_459291220edr_f0391552ncam00252m1,test_msl,sand,iou,,0,0,132596
segformer__scratch__mit-b2__in_rover__seed1415__gpu_full__3dc555fe__gitc2c2860f__codebebd8b2d__20260715T051844483360Z,msl_ncam_nlb_459291220edr_f0391552ncam00252m1,test_msl,big_rock,iou,,0,0,132596
segformer__scratch__mit-b2__in_rover__seed1415__gpu_full__3dc555fe__gitc2c2860f__codebebd8b2d__20260715T051844483360Z,msl_ncam_nlb_459291220edr_f0391552ncam00252m1,test_msl,ALL,pixel_acc,1.0,0,0,132596
segformer__scratch__mit-b2__in_rover__seed1415__gpu_full__3dc555fe__gitc2c2860f__codebebd8b2d__20260715T051844483360Z,msl_ncam_nlb_459291220edr_f0391552ncam00252m1,test_msl,ALL,boundary_f1,1.0,0,0,132596
segformer__scratch__mit-b2__in_rover__seed1415__gpu_full__3dc555fe__gitc2c2860f__codebebd8b2d__20260715T051844483360Z,msl_ncam_nlb_462743799edr_f0410322ncam00271m1,test_msl,soil,iou,1.0,49308,49308,49308
segformer__scratch__mit-b2__in_rover__seed1415__gpu_full__3dc555fe__gitc2c2860f__codebebd8b2d__20260715T051844483360Z,msl_ncam_nlb_462743799edr_f0410322ncam00271m1,test_msl,bedrock,iou,,0,0,49308
segformer__scratch__mit-b2__in_rover__seed1415__gpu_full__3dc555fe__gitc2c2860f__codebebd8b2d__20260715T051844483360Z,msl_ncam_nlb_462743799edr_f0410322ncam00271m1,test_msl,sand,iou,,0,0,49308
segformer__scratch__mit-b2__in_rover__seed1415__gpu_full__3dc555fe__gitc2c2860f__codebebd8b2d__20260715T051844483360Z,msl_ncam_nlb_462743799edr_f0410322ncam00271m1,test_msl,big_rock,iou,,0,0,49308
segformer__scratch__mit-b2__in_rover__seed1415__gpu_full__3dc555fe__gitc2c2860f__codebebd8b2d__20260715T051844483360Z,msl_ncam_nlb_462743799edr_f0410322ncam00271m1,test_msl,ALL,pixel_acc,1.0,0,0,49308
segformer__scratch__mit-b2__in_rover__seed1415__gpu_full__3dc555fe__gitc2c2860f__codebebd8b2d__20260715T051844483360Z,msl_ncam_nlb_462743799edr_f0410322ncam00271m1,test_msl,ALL,boundary_f1,1.0,0,0,49308
segformer__scratch__mit-b2__in_rover__seed1415__gpu_full__3dc555fe__gitc2c2860f__codebebd8b2d__20260715T051844483360Z,msl_ncam_nlb_462744768edr_f0410322ncam00354m1,test_msl,soil,iou,,0,0,0
segformer__scratch__mit-b2__in_rover__seed1415__gpu_full__3dc555fe__gitc2c2860f__codebebd8b2d__20260715T051844483360Z,msl_ncam_nlb_462744768edr_f0410322ncam00354m1,test_msl,bedrock,iou,,0,0,0
segformer__scratch__mit-b2__in_rover__seed1415__gpu_full__3dc555fe__gitc2c2860f__codebebd8b2d__20260715T051844483360Z,msl_ncam_nlb_462744768edr_f0410322ncam00354m1,test_msl,sand,iou,,0,0,0
segformer__scratch__mit-b2__in_rover__seed1415__gpu_full__3dc555fe__gitc2c2860f__codebebd8b2d__20260715T051844483360Z,msl_ncam_nlb_462744768edr_f0410322ncam00354m1,test_msl,big_rock,iou,,0,0,0
segformer__scratch__mit-b2__in_rover__seed1415__gpu_full__3dc555fe__gitc2c2860f__codebebd8b2d__20260715T051844483360Z,msl_ncam_nlb_462744768edr_f0410322ncam00354m1,test_msl,ALL,pixel_acc,,0,0,0
segformer__scratch__mit-b2__in_rover__seed1415__gpu_full__3dc555fe__gitc2c2860f__codebebd8b2d__20260715T051844483360Z,msl_ncam_nlb_462744768edr_f0410322ncam00354m1,test_msl,ALL,boundary_f1,,0,0,0
segformer__scratch__mit-b2__in_rover__seed1415__gpu_full__3dc555fe__gitc2c2860f__codebebd8b2d__20260715T051844483360Z,msl_ncam_nlb_462744927edr_f0410322ncam00272m1,test_msl,soil,iou,,0,0,0
segformer__scratch__mit-b2__in_rover__seed1415__gpu_full__3dc555fe__gitc2c2860f__codebebd8b2d__20260715T051844483360Z,msl_ncam_nlb_462744927edr_f0410322ncam00272m1,test_msl,bedrock,iou,,0,0,0
segformer__scratch__mit-b2__in_rover__seed1415__gpu_full__3dc555fe__gitc2c2860f__codebebd8b2d__20260715T051844483360Z,msl_ncam_nlb_462744927edr_f0410322ncam00272m1,test_msl,sand,iou,,0,0,0
segformer__scratch__mit-b2__in_rover__seed1415__gpu_full__3dc555fe__gitc2c2860f__codebebd8b2d__20260715T051844483360Z,msl_ncam_nlb_462744927edr_f0410322ncam00272m1,test_msl,big_rock,iou,,0,0,0
segformer__scratch__mit-b2__in_rover__seed1415__gpu_full__3dc555fe__gitc2c2860f__codebebd8b2d__20260715T051844483360Z,msl_ncam_nlb_462744927edr_f0410322ncam00272m1,test_msl,ALL,pixel_acc,,0,0,0
segformer__scratch__mit-b2__in_rover__seed1415__gpu_full__3dc555fe__gitc2c2860f__codebebd8b2d__20260715T051844483360Z,msl_ncam_nlb_462744927edr_f0410322ncam00272m1,test_msl,ALL,boundary_f1,,0,0,0
segformer__scratch__mit-b2__in_rover__seed1415__gpu_full__3dc555fe__gitc2c2860f__codebebd8b2d__20260715T051844483360Z,msl_ncam_nlb_462744982edr_f0410322ncam00272m1,test_msl,soil,iou,1.0,109525,109525,109525
segformer__scratch__mit-b2__in_rover__seed1415__gpu_full__3dc555fe__gitc2c2860f__codebebd8b2d__20260715T051844483360Z,msl_ncam_nlb_462744982edr_f0410322ncam00272m1,test_msl,bedrock,iou,,0,0,109525
segformer__scratch__mit-b2__in_rover__seed1415__gpu_full__3dc555fe__gitc2c2860f__codebebd8b2d__20260715T051844483360Z,msl_ncam_nlb_462744982edr_f0410322ncam00272m1,test_msl,sand,iou,,0,0,109525
segformer__scratch__mit-b2__in_rover__seed1415__gpu_full__3dc555fe__gitc2c2860f__codebebd8b2d__20260715T051844483360Z,msl_ncam_nlb_462744982edr_f0410322ncam00272m1,test_msl,big_rock,iou,,0,0,109525
segformer__scratch__mit-b2__in_rover__seed1415__gpu_full__3dc555fe__gitc2c2860f__codebebd8b2d__20260715T051844483360Z,msl_ncam_nlb_462744982edr_f0410322ncam00272m1,test_msl,ALL,pixel_acc,1.0,0,0,109525
segformer__scratch__mit-b2__in_rover__seed1415__gpu_full__3dc555fe__gitc2c2860f__codebebd8b2d__20260715T051844483360Z,msl_ncam_nlb_462744982edr_f0410322ncam00272m1,test_msl,ALL,boundary_f1,1.0,0,0,109525
segformer__scratch__mit-b2__in_rover__seed1415__gpu_full__3dc555fe__gitc2c2860f__codebebd8b2d__20260715T051844483360Z,msl_ncam_nlb_463099226edr_f0410712ncam00385m1,test_msl,soil,iou,,0,0,121183
segformer__scratch__mit-b2__in_rover__seed1415__gpu_full__3dc555fe__gitc2c2860f__codebebd8b2d__20260715T051844483360Z,msl_ncam_nlb_463099226edr_f0410712ncam00385m1,test_msl,bedrock,iou,0.9959152686432915,120688,121183,121183
segformer__scratch__mit-b2__in_rover__seed1415__gpu_full__3dc555fe__gitc2c2860f__codebebd8b2d__20260715T051844483360Z,msl_ncam_nlb_463099226edr_f0410712ncam00385m1,test_msl,sand,iou,,0,0,121183
segformer__scratch__mit-b2__in_rover__seed1415__gpu_full__3dc555fe__gitc2c2860f__codebebd8b2d__20260715T051844483360Z,msl_ncam_nlb_463099226edr_f0410712ncam00385m1,test_msl,big_rock,iou,0.0,0,495,121183
segformer__scratch__mit-b2__in_rover__seed1415__gpu_full__3dc555fe__gitc2c2860f__codebebd8b2d__20260715T051844483360Z,msl_ncam_nlb_463099226edr_f0410712ncam00385m1,test_msl,ALL,pixel_acc,0.9959152686432915,0,0,121183
segformer__scratch__mit-b2__in_rover__seed1415__gpu_full__3dc555fe__gitc2c2860f__codebebd8b2d__20260715T051844483360Z,msl_ncam_nlb_463099226edr_f0410712ncam00385m1,test_msl,ALL,boundary_f1,0.4937943262411348,0,0,121183
segformer__scratch__mit-b2__in_rover__seed1415__gpu_full__3dc555fe__gitc2c2860f__codebebd8b2d__20260715T051844483360Z,msl_ncam_nlb_463107188edr_f0410748ncam00274m1,test_msl,soil,iou,,0,0,60277
segformer__scratch__mit-b2__in_rover__seed1415__gpu_full__3dc555fe__gitc2c2860f__codebebd8b2d__20260715T051844483360Z,msl_ncam_nlb_463107188edr_f0410748ncam00274m1,test_msl,bedrock,iou,0.6964093005003433,14197,20386,60277
segformer__scratch__mit-b2__in_rover__seed1415__gpu_full__3dc555fe__gitc2c2860f__codebebd8b2d__20260715T051844483360Z,msl_ncam_nlb_463107188edr_f0410748ncam00274m1,test_msl,sand,iou,0.9979985489479873,39891,39971,60277
segformer__scratch__mit-b2__in_rover__seed1415__gpu_full__3dc555fe__gitc2c2860f__codebebd8b2d__20260715T051844483360Z,msl_ncam_nlb_463107188edr_f0410748ncam00274m1,test_msl,big_rock,iou,0.0,0,6109,60277
segformer__scratch__mit-b2__in_rover__seed1415__gpu_full__3dc555fe__gitc2c2860f__codebebd8b2d__20260715T051844483360Z,msl_ncam_nlb_463107188edr_f0410748ncam00274m1,test_msl,ALL,pixel_acc,0.8973240207707749,0,0,60277
segformer__scratch__mit-b2__in_rover__seed1415__gpu_full__3dc555fe__gitc2c2860f__codebebd8b2d__20260715T051844483360Z,msl_ncam_nlb_463107188edr_f0410748ncam00274m1,test_msl,ALL,boundary_f1,0.5759965634110027,0,0,60277
segformer__scratch__mit-b2__in_rover__seed1415__gpu_full__3dc555fe__gitc2c2860f__codebebd8b2d__20260715T051844483360Z,msl_ncam_nlb_463107249edr_f0410748ncam00274m1,test_msl,soil,iou,,0,0,0
segformer__scratch__mit-b2__in_rover__seed1415__gpu_full__3dc555fe__gitc2c2860f__codebebd8b2d__20260715T051844483360Z,msl_ncam_nlb_463107249edr_f0410748ncam00274m1,test_msl,bedrock,iou,,0,0,0
segformer__scratch__mit-b2__in_rover__seed1415__gpu_full__3dc555fe__gitc2c2860f__codebebd8b2d__20260715T051844483360Z,msl_ncam_nlb_463107249edr_f0410748ncam00274m1,test_msl,sand,iou,,0,0,0
segformer__scratch__mit-b2__in_rover__seed1415__gpu_full__3dc555fe__gitc2c2860f__codebebd8b2d__20260715T051844483360Z,msl_ncam_nlb_463107249edr_f0410748ncam00274m1,test_msl,big_rock,iou,,0,0,0
segformer__scratch__mit-b2__in_rover__seed1415__gpu_full__3dc555fe__gitc2c2860f__codebebd8b2d__20260715T051844483360Z,msl_ncam_nlb_463107249edr_f0410748ncam00274m1,test_msl,ALL,pixel_acc,,0,0,0
segformer__scratch__mit-b2__in_rover__seed1415__gpu_full__3dc555fe__gitc2c2860f__codebebd8b2d__20260715T051844483360Z,msl_ncam_nlb_463107249edr_f0410748ncam00274m1,test_msl,ALL,boundary_f1,,0,0,0
segformer__scratch__mit-b2__in_rover__seed1415__gpu_full__3dc555fe__gitc2c2860f__codebebd8b2d__20260715T051844483360Z,msl_ncam_nlb_463107562edr_f0410748ncam00354m1,test_msl,soil,iou,,0,0,80914
segformer__scratch__mit-b2__in_rover__seed1415__gpu_full__3dc555fe__gitc2c2860f__codebebd8b2d__20260715T051844483360Z,msl_ncam_nlb_463107562edr_f0410748ncam00354m1,test_msl,bedrock,iou,0.9732555552809156,78750,80914,80914
segformer__scratch__mit-b2__in_rover__seed1415__gpu_full__3dc555fe__gitc2c2860f__codebebd8b2d__20260715T051844483360Z,msl_ncam_nlb_463107562edr_f0410748ncam00354m1,test_msl,sand,iou,,0,0,80914
segformer__scratch__mit-b2__in_rover__seed1415__gpu_full__3dc555fe__gitc2c2860f__codebebd8b2d__20260715T051844483360Z,msl_ncam_nlb_463107562edr_f0410748ncam00354m1,test_msl,big_rock,iou,0.0,0,2164,80914
segformer__scratch__mit-b2__in_rover__seed1415__gpu_full__3dc555fe__gitc2c2860f__codebebd8b2d__20260715T051844483360Z,msl_ncam_nlb_463107562edr_f0410748ncam00354m1,test_msl,ALL,pixel_acc,0.9732555552809156,0,0,80914
segformer__scratch__mit-b2__in_rover__seed1415__gpu_full__3dc555fe__gitc2c2860f__codebebd8b2d__20260715T051844483360Z,msl_ncam_nlb_463107562edr_f0410748ncam00354m1,test_msl,ALL,boundary_f1,0.48175574620952333,0,0,80914
segformer__scratch__mit-b2__in_rover__seed1415__gpu_full__3dc555fe__gitc2c2860f__codebebd8b2d__20260715T051844483360Z,msl_ncam_nlb_463107626edr_f0410748ncam00354m1,test_msl,soil,iou,0.0,0,1861,108883
segformer__scratch__mit-b2__in_rover__seed1415__gpu_full__3dc555fe__gitc2c2860f__codebebd8b2d__20260715T051844483360Z,msl_ncam_nlb_463107626edr_f0410748ncam00354m1,test_msl,bedrock,iou,0.9829082593242288,107022,108883,108883
segformer__scratch__mit-b2__in_rover__seed1415__gpu_full__3dc555fe__gitc2c2860f__codebebd8b2d__20260715T051844483360Z,msl_ncam_nlb_463107626edr_f0410748ncam00354m1,test_msl,sand,iou,,0,0,108883
segformer__scratch__mit-b2__in_rover__seed1415__gpu_full__3dc555fe__gitc2c2860f__codebebd8b2d__20260715T051844483360Z,msl_ncam_nlb_463107626edr_f0410748ncam00354m1,test_msl,big_rock,iou,,0,0,108883
segformer__scratch__mit-b2__in_rover__seed1415__gpu_full__3dc555fe__gitc2c2860f__codebebd8b2d__20260715T051844483360Z,msl_ncam_nlb_463107626edr_f0410748ncam00354m1,test_msl,ALL,pixel_acc,0.9829082593242288,0,0,108883
segformer__scratch__mit-b2__in_rover__seed1415__gpu_full__3dc555fe__gitc2c2860f__codebebd8b2d__20260715T051844483360Z,msl_ncam_nlb_463107626edr_f0410748ncam00354m1,test_msl,ALL,boundary_f1,0.4858817063332448,0,0,108883
segformer__scratch__mit-b2__in_rover__seed1415__gpu_full__3dc555fe__gitc2c2860f__codebebd8b2d__20260715T051844483360Z,msl_ncam_nlb_463107697edr_f0410748ncam00354m1,test_msl,soil,iou,0.0,0,19949,88228
segformer__scratch__mit-b2__in_rover__seed1415__gpu_full__3dc555fe__gitc2c2860f__codebebd8b2d__20260715T051844483360Z,msl_ncam_nlb_463107697edr_f0410748ncam00354m1,test_msl,bedrock,iou,0.7738926417917215,68279,88228,88228
segformer__scratch__mit-b2__in_rover__seed1415__gpu_full__3dc555fe__gitc2c2860f__codebebd8b2d__20260715T051844483360Z,msl_ncam_nlb_463107697edr_f0410748ncam00354m1,test_msl,sand,iou,,0,0,88228
segformer__scratch__mit-b2__in_rover__seed1415__gpu_full__3dc555fe__gitc2c2860f__codebebd8b2d__20260715T051844483360Z,msl_ncam_nlb_463107697edr_f0410748ncam00354m1,test_msl,big_rock,iou,,0,0,88228
segformer__scratch__mit-b2__in_rover__seed1415__gpu_full__3dc555fe__gitc2c2860f__codebebd8b2d__20260715T051844483360Z,msl_ncam_nlb_463107697edr_f0410748ncam00354m1,test_msl,ALL,pixel_acc,0.7738926417917215,0,0,88228
segformer__scratch__mit-b2__in_rover__seed1415__gpu_full__3dc555fe__gitc2c2860f__codebebd8b2d__20260715T051844483360Z,msl_ncam_nlb_463107697edr_f0410748ncam00354m1,test_msl,ALL,boundary_f1,0.37013903702301143,0,0,88228
segformer__scratch__mit-b2__in_rover__seed1415__gpu_full__3dc555fe__gitc2c2860f__codebebd8b2d__20260715T051844483360Z,msl_ncam_nlb_463107797edr_f0410748ncam07753m1,test_msl,soil,iou,0.0,0,259,100367
segformer__scratch__mit-b2__in_rover__seed1415__gpu_full__3dc555fe__gitc2c2860f__codebebd8b2d__20260715T051844483360Z,msl_ncam_nlb_463107797edr_f0410748ncam07753m1,test_msl,bedrock,iou,0.9953570396644316,99901,100367,100367
segformer__scratch__mit-b2__in_rover__seed1415__gpu_full__3dc555fe__gitc2c2860f__codebebd8b2d__20260715T051844483360Z,msl_ncam_nlb_463107797edr_f0410748ncam07753m1,test_msl,sand,iou,,0,0,100367
segformer__scratch__mit-b2__in_rover__seed1415__gpu_full__3dc555fe__gitc2c2860f__codebebd8b2d__20260715T051844483360Z,msl_ncam_nlb_463107797edr_f0410748ncam07753m1,test_msl,big_rock,iou,0.0,0,207,100367
segformer__scratch__mit-b2__in_rover__seed1415__gpu_full__3dc555fe__gitc2c2860f__codebebd8b2d__20260715T051844483360Z,msl_ncam_nlb_463107797edr_f0410748ncam07753m1,test_msl,ALL,pixel_acc,0.9953570396644316,0,0,100367
segformer__scratch__mit-b2__in_rover__seed1415__gpu_full__3dc555fe__gitc2c2860f__codebebd8b2d__20260715T051844483360Z,msl_ncam_nlb_463107797edr_f0410748ncam07753m1,test_msl,ALL,boundary_f1,0.328353678633127,0,0,100367
segformer__scratch__mit-b2__in_rover__seed1415__gpu_full__3dc555fe__gitc2c2860f__codebebd8b2d__20260715T051844483360Z,msl_ncam_nlb_463107836edr_f0410748ncam07753m1,test_msl,soil,iou,,0,0,0
segformer__scratch__mit-b2__in_rover__seed1415__gpu_full__3dc555fe__gitc2c2860f__codebebd8b2d__20260715T051844483360Z,msl_ncam_nlb_463107836edr_f0410748ncam07753m1,test_msl,bedrock,iou,,0,0,0
segformer__scratch__mit-b2__in_rover__seed1415__gpu_full__3dc555fe__gitc2c2860f__codebebd8b2d__20260715T051844483360Z,msl_ncam_nlb_463107836edr_f0410748ncam07753m1,test_msl,sand,iou,,0,0,0
segformer__scratch__mit-b2__in_rover__seed1415__gpu_full__3dc555fe__gitc2c2860f__codebebd8b2d__20260715T051844483360Z,msl_ncam_nlb_463107836edr_f0410748ncam07753m1,test_msl,big_rock,iou,,0,0,0
segformer__scratch__mit-b2__in_rover__seed1415__gpu_full__3dc555fe__gitc2c2860f__codebebd8b2d__20260715T051844483360Z,msl_ncam_nlb_463107836edr_f0410748ncam07753m1,test_msl,ALL,pixel_acc,,0,0,0
segformer__scratch__mit-b2__in_rover__seed1415__gpu_full__3dc555fe__gitc2c2860f__codebebd8b2d__20260715T051844483360Z,msl_ncam_nlb_463107836edr_f0410748ncam07753m1,test_msl,ALL,boundary_f1,,0,0,0
segformer__scratch__mit-b2__in_rover__seed1415__gpu_full__3dc555fe__gitc2c2860f__codebebd8b2d__20260715T051844483360Z,msl_ncam_nlb_463107949edr_f0410748ncam07753m1,test_msl,soil,iou,,0,0,56667
segformer__scratch__mit-b2__in_rover__seed1415__gpu_full__3dc555fe__gitc2c2860f__codebebd8b2d__20260715T051844483360Z,msl_ncam_nlb_463107949edr_f0410748ncam07753m1,test_msl,bedrock,iou,1.0,56667,56667,56667
segformer__scratch__mit-b2__in_rover__seed1415__gpu_full__3dc555fe__gitc2c2860f__codebebd8b2d__20260715T051844483360Z,msl_ncam_nlb_463107949edr_f0410748ncam07753m1,test_msl,sand,iou,,0,0,56667
segformer__scratch__mit-b2__in_rover__seed1415__gpu_full__3dc555fe__gitc2c2860f__codebebd8b2d__20260715T051844483360Z,msl_ncam_nlb_463107949edr_f0410748ncam07753m1,test_msl,big_rock,iou,,0,0,56667
segformer__scratch__mit-b2__in_rover__seed1415__gpu_full__3dc555fe__gitc2c2860f__codebebd8b2d__20260715T051844483360Z,msl_ncam_nlb_463107949edr_f0410748ncam07753m1,test_msl,ALL,pixel_acc,1.0,0,0,56667
segformer__scratch__mit-b2__in_rover__seed1415__gpu_full__3dc555fe__gitc2c2860f__codebebd8b2d__20260715T051844483360Z,msl_ncam_nlb_463107949edr_f0410748ncam07753m1,test_msl,ALL,boundary_f1,1.0,0,0,56667
segformer__scratch__mit-b2__in_rover__seed1415__gpu_full__3dc555fe__gitc2c2860f__codebebd8b2d__20260715T051844483360Z,msl_ncam_nlb_463803954edr_f0411768ncam00382m1,test_msl,soil,iou,,0,0,67455
segformer__scratch__mit-b2__in_rover__seed1415__gpu_full__3dc555fe__gitc2c2860f__codebebd8b2d__20260715T051844483360Z,msl_ncam_nlb_463803954edr_f0411768ncam00382m1,test_msl,bedrock,iou,,0,0,67455
segformer__scratch__mit-b2__in_rover__seed1415__gpu_full__3dc555fe__gitc2c2860f__codebebd8b2d__20260715T051844483360Z,msl_ncam_nlb_463803954edr_f0411768ncam00382m1,test_msl,sand,iou,1.0,67455,67455,67455
segformer__scratch__mit-b2__in_rover__seed1415__gpu_full__3dc555fe__gitc2c2860f__codebebd8b2d__20260715T051844483360Z,msl_ncam_nlb_463803954edr_f0411768ncam00382m1,test_msl,big_rock,iou,,0,0,67455
segformer__scratch__mit-b2__in_rover__seed1415__gpu_full__3dc555fe__gitc2c2860f__codebebd8b2d__20260715T051844483360Z,msl_ncam_nlb_463803954edr_f0411768ncam00382m1,test_msl,ALL,pixel_acc,1.0,0,0,67455
segformer__scratch__mit-b2__in_rover__seed1415__gpu_full__3dc555fe__gitc2c2860f__codebebd8b2d__20260715T051844483360Z,msl_ncam_nlb_463803954edr_f0411768ncam00382m1,test_msl,ALL,boundary_f1,1.0,0,0,67455
segformer__scratch__mit-b2__in_rover__seed1415__gpu_full__3dc555fe__gitc2c2860f__codebebd8b2d__20260715T051844483360Z,msl_ncam_nlb_463813170edr_f0420000ncam06094m1,test_msl,soil,iou,0.34795252225519285,11726,33700,89391
segformer__scratch__mit-b2__in_rover__seed1415__gpu_full__3dc555fe__gitc2c2860f__codebebd8b2d__20260715T051844483360Z,msl_ncam_nlb_463813170edr_f0420000ncam06094m1,test_msl,bedrock,iou,0.9672131147540983,7139,7381,89391
segformer__scratch__mit-b2__in_rover__seed1415__gpu_full__3dc555fe__gitc2c2860f__codebebd8b2d__20260715T051844483360Z,msl_ncam_nlb_463813170edr_f0420000ncam06094m1,test_msl,sand,iou,0.6883216663821069,48378,70284,89391
segformer__scratch__mit-b2__in_rover__seed1415__gpu_full__3dc555fe__gitc2c2860f__codebebd8b2d__20260715T051844483360Z,msl_ncam_nlb_463813170edr_f0420000ncam06094m1,test_msl,big_rock,iou,0.0,0,174,89391
segformer__scratch__mit-b2__in_rover__seed1415__gpu_full__3dc555fe__gitc2c2860f__codebebd8b2d__20260715T051844483360Z,msl_ncam_nlb_463813170edr_f0420000ncam06094m1,test_msl,ALL,pixel_acc,0.7522345650009509,0,0,89391
segformer__scratch__mit-b2__in_rover__seed1415__gpu_full__3dc555fe__gitc2c2860f__codebebd8b2d__20260715T051844483360Z,msl_ncam_nlb_463813170edr_f0420000ncam06094m1,test_msl,ALL,boundary_f1,0.39584564974254577,0,0,89391
segformer__scratch__mit-b2__in_rover__seed1415__gpu_full__3dc555fe__gitc2c2860f__codebebd8b2d__20260715T051844483360Z,msl_ncam_nlb_463813296edr_f0420000ncam06094m1,test_msl,soil,iou,1.0,188552,188552,188552
segformer__scratch__mit-b2__in_rover__seed1415__gpu_full__3dc555fe__gitc2c2860f__codebebd8b2d__20260715T051844483360Z,msl_ncam_nlb_463813296edr_f0420000ncam06094m1,test_msl,bedrock,iou,,0,0,188552
segformer__scratch__mit-b2__in_rover__seed1415__gpu_full__3dc555fe__gitc2c2860f__codebebd8b2d__20260715T051844483360Z,msl_ncam_nlb_463813296edr_f0420000ncam06094m1,test_msl,sand,iou,,0,0,188552
segformer__scratch__mit-b2__in_rover__seed1415__gpu_full__3dc555fe__gitc2c2860f__codebebd8b2d__20260715T051844483360Z,msl_ncam_nlb_463813296edr_f0420000ncam06094m1,test_msl,big_rock,iou,,0,0,188552
segformer__scratch__mit-b2__in_rover__seed1415__gpu_full__3dc555fe__gitc2c2860f__codebebd8b2d__20260715T051844483360Z,msl_ncam_nlb_463813296edr_f0420000ncam06094m1,test_msl,ALL,pixel_acc,1.0,0,0,188552
segformer__scratch__mit-b2__in_rover__seed1415__gpu_full__3dc555fe__gitc2c2860f__codebebd8b2d__20260715T051844483360Z,msl_ncam_nlb_463813296edr_f0420000ncam06094m1,test_msl,ALL,boundary_f1,1.0,0,0,188552
segformer__scratch__mit-b2__in_rover__seed1415__gpu_full__3dc555fe__gitc2c2860f__codebebd8b2d__20260715T051844483360Z,msl_ncam_nlb_463814148edr_f0420000ncam00354m1,test_msl,soil,iou,1.0,227875,227875,227875
segformer__scratch__mit-b2__in_rover__seed1415__gpu_full__3dc555fe__gitc2c2860f__codebebd8b2d__20260715T051844483360Z,msl_ncam_nlb_463814148edr_f0420000ncam00354m1,test_msl,bedrock,iou,,0,0,227875
segformer__scratch__mit-b2__in_rover__seed1415__gpu_full__3dc555fe__gitc2c2860f__codebebd8b2d__20260715T051844483360Z,msl_ncam_nlb_463814148edr_f0420000ncam00354m1,test_msl,sand,iou,,0,0,227875
segformer__scratch__mit-b2__in_rover__seed1415__gpu_full__3dc555fe__gitc2c2860f__codebebd8b2d__20260715T051844483360Z,msl_ncam_nlb_463814148edr_f0420000ncam00354m1,test_msl,big_rock,iou,,0,0,227875
segformer__scratch__mit-b2__in_rover__seed1415__gpu_full__3dc555fe__gitc2c2860f__codebebd8b2d__20260715T051844483360Z,msl_ncam_nlb_463814148edr_f0420000ncam00354m1,test_msl,ALL,pixel_acc,1.0,0,0,227875
segformer__scratch__mit-b2__in_rover__seed1415__gpu_full__3dc555fe__gitc2c2860f__codebebd8b2d__20260715T051844483360Z,msl_ncam_nlb_463814148edr_f0420000ncam00354m1,test_msl,ALL,boundary_f1,1.0,0,0,227875
segformer__scratch__mit-b2__in_rover__seed1415__gpu_full__3dc555fe__gitc2c2860f__codebebd8b2d__20260715T051844483360Z,msl_ncam_nlb_463814218edr_f0420000ncam00354m1,test_msl,soil,iou,1.0,152384,152384,152384
segformer__scratch__mit-b2__in_rover__seed1415__gpu_full__3dc555fe__gitc2c2860f__codebebd8b2d__20260715T051844483360Z,msl_ncam_nlb_463814218edr_f0420000ncam00354m1,test_msl,bedrock,iou,,0,0,152384
segformer__scratch__mit-b2__in_rover__seed1415__gpu_full__3dc555fe__gitc2c2860f__codebebd8b2d__20260715T051844483360Z,msl_ncam_nlb_463814218edr_f0420000ncam00354m1,test_msl,sand,iou,,0,0,152384
segformer__scratch__mit-b2__in_rover__seed1415__gpu_full__3dc555fe__gitc2c2860f__codebebd8b2d__20260715T051844483360Z,msl_ncam_nlb_463814218edr_f0420000ncam00354m1,test_msl,big_rock,iou,,0,0,152384
segformer__scratch__mit-b2__in_rover__seed1415__gpu_full__3dc555fe__gitc2c2860f__codebebd8b2d__20260715T051844483360Z,msl_ncam_nlb_463814218edr_f0420000ncam00354m1,test_msl,ALL,pixel_acc,1.0,0,0,152384
segformer__scratch__mit-b2__in_rover__seed1415__gpu_full__3dc555fe__gitc2c2860f__codebebd8b2d__20260715T051844483360Z,msl_ncam_nlb_463814218edr_f0420000ncam00354m1,test_msl,ALL,boundary_f1,1.0,0,0,152384
segformer__scratch__mit-b2__in_rover__seed1415__gpu_full__3dc555fe__gitc2c2860f__codebebd8b2d__20260715T051844483360Z,msl_ncam_nlb_463814255edr_f0420000ncam00278m1,test_msl,soil,iou,1.0,85416,85416,85416
segformer__scratch__mit-b2__in_rover__seed1415__gpu_full__3dc555fe__gitc2c2860f__codebebd8b2d__20260715T051844483360Z,msl_ncam_nlb_463814255edr_f0420000ncam00278m1,test_msl,bedrock,iou,,0,0,85416
segformer__scratch__mit-b2__in_rover__seed1415__gpu_full__3dc555fe__gitc2c2860f__codebebd8b2d__20260715T051844483360Z,msl_ncam_nlb_463814255edr_f0420000ncam00278m1,test_msl,sand,iou,,0,0,85416
segformer__scratch__mit-b2__in_rover__seed1415__gpu_full__3dc555fe__gitc2c2860f__codebebd8b2d__20260715T051844483360Z,msl_ncam_nlb_463814255edr_f0420000ncam00278m1,test_msl,big_rock,iou,,0,0,85416
segformer__scratch__mit-b2__in_rover__seed1415__gpu_full__3dc555fe__gitc2c2860f__codebebd8b2d__20260715T051844483360Z,msl_ncam_nlb_463814255edr_f0420000ncam00278m1,test_msl,ALL,pixel_acc,1.0,0,0,85416
segformer__scratch__mit-b2__in_rover__seed1415__gpu_full__3dc555fe__gitc2c2860f__codebebd8b2d__20260715T051844483360Z,msl_ncam_nlb_463814255edr_f0420000ncam00278m1,test_msl,ALL,boundary_f1,1.0,0,0,85416
segformer__scratch__mit-b2__in_rover__seed1415__gpu_full__3dc555fe__gitc2c2860f__codebebd8b2d__20260715T051844483360Z,msl_ncam_nlb_463814438edr_f0420000ncam00278m1,test_msl,soil,iou,,0,0,0
segformer__scratch__mit-b2__in_rover__seed1415__gpu_full__3dc555fe__gitc2c2860f__codebebd8b2d__20260715T051844483360Z,msl_ncam_nlb_463814438edr_f0420000ncam00278m1,test_msl,bedrock,iou,,0,0,0
segformer__scratch__mit-b2__in_rover__seed1415__gpu_full__3dc555fe__gitc2c2860f__codebebd8b2d__20260715T051844483360Z,msl_ncam_nlb_463814438edr_f0420000ncam00278m1,test_msl,sand,iou,,0,0,0
segformer__scratch__mit-b2__in_rover__seed1415__gpu_full__3dc555fe__gitc2c2860f__codebebd8b2d__20260715T051844483360Z,msl_ncam_nlb_463814438edr_f0420000ncam00278m1,test_msl,big_rock,iou,,0,0,0
segformer__scratch__mit-b2__in_rover__seed1415__gpu_full__3dc555fe__gitc2c2860f__codebebd8b2d__20260715T051844483360Z,msl_ncam_nlb_463814438edr_f0420000ncam00278m1,test_msl,ALL,pixel_acc,,0,0,0
segformer__scratch__mit-b2__in_rover__seed1415__gpu_full__3dc555fe__gitc2c2860f__codebebd8b2d__20260715T051844483360Z,msl_ncam_nlb_463814438edr_f0420000ncam00278m1,test_msl,ALL,boundary_f1,,0,0,0
segformer__scratch__mit-b2__in_rover__seed1415__gpu_full__3dc555fe__gitc2c2860f__codebebd8b2d__20260715T051844483360Z,msl_ncam_nlb_492664173edr_f0490294ncam00294m1,test_msl,soil,iou,,0,0,16308
segformer__scratch__mit-b2__in_rover__seed1415__gpu_full__3dc555fe__gitc2c2860f__codebebd8b2d__20260715T051844483360Z,msl_ncam_nlb_492664173edr_f0490294ncam00294m1,test_msl,bedrock,iou,1.0,16308,16308,16308
segformer__scratch__mit-b2__in_rover__seed1415__gpu_full__3dc555fe__gitc2c2860f__codebebd8b2d__20260715T051844483360Z,msl_ncam_nlb_492664173edr_f0490294ncam00294m1,test_msl,sand,iou,,0,0,16308
segformer__scratch__mit-b2__in_rover__seed1415__gpu_full__3dc555fe__gitc2c2860f__codebebd8b2d__20260715T051844483360Z,msl_ncam_nlb_492664173edr_f0490294ncam00294m1,test_msl,big_rock,iou,,0,0,16308
segformer__scratch__mit-b2__in_rover__seed1415__gpu_full__3dc555fe__gitc2c2860f__codebebd8b2d__20260715T051844483360Z,msl_ncam_nlb_492664173edr_f0490294ncam00294m1,test_msl,ALL,pixel_acc,1.0,0,0,16308
segformer__scratch__mit-b2__in_rover__seed1415__gpu_full__3dc555fe__gitc2c2860f__codebebd8b2d__20260715T051844483360Z,msl_ncam_nlb_492664173edr_f0490294ncam00294m1,test_msl,ALL,boundary_f1,1.0,0,0,16308
segformer__scratch__mit-b2__in_rover__seed1415__gpu_full__3dc555fe__gitc2c2860f__codebebd8b2d__20260715T051844483360Z,msl_ncam_nlb_492664235edr_f0490294ncam00294m1,test_msl,soil,iou,,0,0,30789
segformer__scratch__mit-b2__in_rover__seed1415__gpu_full__3dc555fe__gitc2c2860f__codebebd8b2d__20260715T051844483360Z,msl_ncam_nlb_492664235edr_f0490294ncam00294m1,test_msl,bedrock,iou,1.0,30789,30789,30789
segformer__scratch__mit-b2__in_rover__seed1415__gpu_full__3dc555fe__gitc2c2860f__codebebd8b2d__20260715T051844483360Z,msl_ncam_nlb_492664235edr_f0490294ncam00294m1,test_msl,sand,iou,,0,0,30789
segformer__scratch__mit-b2__in_rover__seed1415__gpu_full__3dc555fe__gitc2c2860f__codebebd8b2d__20260715T051844483360Z,msl_ncam_nlb_492664235edr_f0490294ncam00294m1,test_msl,big_rock,iou,,0,0,30789
segformer__scratch__mit-b2__in_rover__seed1415__gpu_full__3dc555fe__gitc2c2860f__codebebd8b2d__20260715T051844483360Z,msl_ncam_nlb_492664235edr_f0490294ncam00294m1,test_msl,ALL,pixel_acc,1.0,0,0,30789
segformer__scratch__mit-b2__in_rover__seed1415__gpu_full__3dc555fe__gitc2c2860f__codebebd8b2d__20260715T051844483360Z,msl_ncam_nlb_492664235edr_f0490294ncam00294m1,test_msl,ALL,boundary_f1,1.0,0,0,30789
segformer__scratch__mit-b2__in_rover__seed1415__gpu_full__3dc555fe__gitc2c2860f__codebebd8b2d__20260715T051844483360Z,msl_ncam_nlb_492664291edr_f0490294ncam00294m1,test_msl,soil,iou,0.0,0,859,5776
segformer__scratch__mit-b2__in_rover__seed1415__gpu_full__3dc555fe__gitc2c2860f__codebebd8b2d__20260715T051844483360Z,msl_ncam_nlb_492664291edr_f0490294ncam00294m1,test_msl,bedrock,iou,0.8164819944598338,4716,5776,5776
segformer__scratch__mit-b2__in_rover__seed1415__gpu_full__3dc555fe__gitc2c2860f__codebebd8b2d__20260715T051844483360Z,msl_ncam_nlb_492664291edr_f0490294ncam00294m1,test_msl,sand,iou,0.0,0,201,5776
segformer__scratch__mit-b2__in_rover__seed1415__gpu_full__3dc555fe__gitc2c2860f__codebebd8b2d__20260715T051844483360Z,msl_ncam_nlb_492664291edr_f0490294ncam00294m1,test_msl,big_rock,iou,,0,0,5776
segformer__scratch__mit-b2__in_rover__seed1415__gpu_full__3dc555fe__gitc2c2860f__codebebd8b2d__20260715T051844483360Z,msl_ncam_nlb_492664291edr_f0490294ncam00294m1,test_msl,ALL,pixel_acc,0.8164819944598338,0,0,5776
segformer__scratch__mit-b2__in_rover__seed1415__gpu_full__3dc555fe__gitc2c2860f__codebebd8b2d__20260715T051844483360Z,msl_ncam_nlb_492664291edr_f0490294ncam00294m1,test_msl,ALL,boundary_f1,0.2782991066402654,0,0,5776
segformer__scratch__mit-b2__in_rover__seed1415__gpu_full__3dc555fe__gitc2c2860f__codebebd8b2d__20260715T051844483360Z,msl_ncam_nlb_492664491edr_f0490294ncam00354m1,test_msl,soil,iou,0.7250414755538206,14859,20494,101609
segformer__scratch__mit-b2__in_rover__seed1415__gpu_full__3dc555fe__gitc2c2860f__codebebd8b2d__20260715T051844483360Z,msl_ncam_nlb_492664491edr_f0490294ncam00354m1,test_msl,bedrock,iou,0.935043227665706,81115,86750,101609
segformer__scratch__mit-b2__in_rover__seed1415__gpu_full__3dc555fe__gitc2c2860f__codebebd8b2d__20260715T051844483360Z,msl_ncam_nlb_492664491edr_f0490294ncam00354m1,test_msl,sand,iou,,0,0,101609
segformer__scratch__mit-b2__in_rover__seed1415__gpu_full__3dc555fe__gitc2c2860f__codebebd8b2d__20260715T051844483360Z,msl_ncam_nlb_492664491edr_f0490294ncam00354m1,test_msl,big_rock,iou,,0,0,101609
segformer__scratch__mit-b2__in_rover__seed1415__gpu_full__3dc555fe__gitc2c2860f__codebebd8b2d__20260715T051844483360Z,msl_ncam_nlb_492664491edr_f0490294ncam00354m1,test_msl,ALL,pixel_acc,0.9445423141650838,0,0,101609
segformer__scratch__mit-b2__in_rover__seed1415__gpu_full__3dc555fe__gitc2c2860f__codebebd8b2d__20260715T051844483360Z,msl_ncam_nlb_492664491edr_f0490294ncam00354m1,test_msl,ALL,boundary_f1,0.5460532490508926,0,0,101609
segformer__scratch__mit-b2__in_rover__seed1415__gpu_full__3dc555fe__gitc2c2860f__codebebd8b2d__20260715T051844483360Z,msl_ncam_nlb_492664554edr_f0490294ncam00354m1,test_msl,soil,iou,0.002358027117311849,36,15267,43882
segformer__scratch__mit-b2__in_rover__seed1415__gpu_full__3dc555fe__gitc2c2860f__codebebd8b2d__20260715T051844483360Z,msl_ncam_nlb_492664554edr_f0490294ncam00354m1,test_msl,bedrock,iou,0.8352551442950882,13111,15697,43882
segformer__scratch__mit-b2__in_rover__seed1415__gpu_full__3dc555fe__gitc2c2860f__codebebd8b2d__20260715T051844483360Z,msl_ncam_nlb_492664554edr_f0490294ncam00354m1,test_msl,sand,iou,0.5503606068142253,15491,28147,43882
segformer__scratch__mit-b2__in_rover__seed1415__gpu_full__3dc555fe__gitc2c2860f__codebebd8b2d__20260715T051844483360Z,msl_ncam_nlb_492664554edr_f0490294ncam00354m1,test_msl,big_rock,iou,0.0,0,15,43882
segformer__scratch__mit-b2__in_rover__seed1415__gpu_full__3dc555fe__gitc2c2860f__codebebd8b2d__20260715T051844483360Z,msl_ncam_nlb_492664554edr_f0490294ncam00354m1,test_msl,ALL,pixel_acc,0.6526138279932546,0,0,43882
segformer__scratch__mit-b2__in_rover__seed1415__gpu_full__3dc555fe__gitc2c2860f__codebebd8b2d__20260715T051844483360Z,msl_ncam_nlb_492664554edr_f0490294ncam00354m1,test_msl,ALL,boundary_f1,0.3578076865597892,0,0,43882
segformer__scratch__mit-b2__in_rover__seed1415__gpu_full__3dc555fe__gitc2c2860f__codebebd8b2d__20260715T051844483360Z,msl_ncam_nlb_492664625edr_f0490294ncam00354m1,test_msl,soil,iou,,0,0,48893
segformer__scratch__mit-b2__in_rover__seed1415__gpu_full__3dc555fe__gitc2c2860f__codebebd8b2d__20260715T051844483360Z,msl_ncam_nlb_492664625edr_f0490294ncam00354m1,test_msl,bedrock,iou,1.0,45924,45924,48893
segformer__scratch__mit-b2__in_rover__seed1415__gpu_full__3dc555fe__gitc2c2860f__codebebd8b2d__20260715T051844483360Z,msl_ncam_nlb_492664625edr_f0490294ncam00354m1,test_msl,sand,iou,1.0,2969,2969,48893
segformer__scratch__mit-b2__in_rover__seed1415__gpu_full__3dc555fe__gitc2c2860f__codebebd8b2d__20260715T051844483360Z,msl_ncam_nlb_492664625edr_f0490294ncam00354m1,test_msl,big_rock,iou,,0,0,48893
segformer__scratch__mit-b2__in_rover__seed1415__gpu_full__3dc555fe__gitc2c2860f__codebebd8b2d__20260715T051844483360Z,msl_ncam_nlb_492664625edr_f0490294ncam00354m1,test_msl,ALL,pixel_acc,1.0,0,0,48893
segformer__scratch__mit-b2__in_rover__seed1415__gpu_full__3dc555fe__gitc2c2860f__codebebd8b2d__20260715T051844483360Z,msl_ncam_nlb_492664625edr_f0490294ncam00354m1,test_msl,ALL,boundary_f1,1.0,0,0,48893
segformer__scratch__mit-b2__in_rover__seed1415__gpu_full__3dc555fe__gitc2c2860f__codebebd8b2d__20260715T051844483360Z,msl_ncam_nlb_492664724edr_f0490294ncam00296m1,test_msl,soil,iou,,0,0,0
segformer__scratch__mit-b2__in_rover__seed1415__gpu_full__3dc555fe__gitc2c2860f__codebebd8b2d__20260715T051844483360Z,msl_ncam_nlb_492664724edr_f0490294ncam00296m1,test_msl,bedrock,iou,,0,0,0
segformer__scratch__mit-b2__in_rover__seed1415__gpu_full__3dc555fe__gitc2c2860f__codebebd8b2d__20260715T051844483360Z,msl_ncam_nlb_492664724edr_f0490294ncam00296m1,test_msl,sand,iou,,0,0,0
segformer__scratch__mit-b2__in_rover__seed1415__gpu_full__3dc555fe__gitc2c2860f__codebebd8b2d__20260715T051844483360Z,msl_ncam_nlb_492664724edr_f0490294ncam00296m1,test_msl,big_rock,iou,,0,0,0
segformer__scratch__mit-b2__in_rover__seed1415__gpu_full__3dc555fe__gitc2c2860f__codebebd8b2d__20260715T051844483360Z,msl_ncam_nlb_492664724edr_f0490294ncam00296m1,test_msl,ALL,pixel_acc,,0,0,0
segformer__scratch__mit-b2__in_rover__seed1415__gpu_full__3dc555fe__gitc2c2860f__codebebd8b2d__20260715T051844483360Z,msl_ncam_nlb_492664724edr_f0490294ncam00296m1,test_msl,ALL,boundary_f1,,0,0,0
segformer__scratch__mit-b2__in_rover__seed1415__gpu_full__3dc555fe__gitc2c2860f__codebebd8b2d__20260715T051844483360Z,msl_ncam_nlb_492664901edr_f0490294ncam00295m1,test_msl,soil,iou,,0,0,9775
segformer__scratch__mit-b2__in_rover__seed1415__gpu_full__3dc555fe__gitc2c2860f__codebebd8b2d__20260715T051844483360Z,msl_ncam_nlb_492664901edr_f0490294ncam00295m1,test_msl,bedrock,iou,1.0,9775,9775,9775
segformer__scratch__mit-b2__in_rover__seed1415__gpu_full__3dc555fe__gitc2c2860f__codebebd8b2d__20260715T051844483360Z,msl_ncam_nlb_492664901edr_f0490294ncam00295m1,test_msl,sand,iou,,0,0,9775
segformer__scratch__mit-b2__in_rover__seed1415__gpu_full__3dc555fe__gitc2c2860f__codebebd8b2d__20260715T051844483360Z,msl_ncam_nlb_492664901edr_f0490294ncam00295m1,test_msl,big_rock,iou,,0,0,9775
segformer__scratch__mit-b2__in_rover__seed1415__gpu_full__3dc555fe__gitc2c2860f__codebebd8b2d__20260715T051844483360Z,msl_ncam_nlb_492664901edr_f0490294ncam00295m1,test_msl,ALL,pixel_acc,1.0,0,0,9775
segformer__scratch__mit-b2__in_rover__seed1415__gpu_full__3dc555fe__gitc2c2860f__codebebd8b2d__20260715T051844483360Z,msl_ncam_nlb_492664901edr_f0490294ncam00295m1,test_msl,ALL,boundary_f1,1.0,0,0,9775
segformer__scratch__mit-b2__in_rover__seed1415__gpu_full__3dc555fe__gitc2c2860f__codebebd8b2d__20260715T051844483360Z,msl_ncam_nlb_492665102edr_f0490294ncam00295m1,test_msl,soil,iou,,0,0,0
segformer__scratch__mit-b2__in_rover__seed1415__gpu_full__3dc555fe__gitc2c2860f__codebebd8b2d__20260715T051844483360Z,msl_ncam_nlb_492665102edr_f0490294ncam00295m1,test_msl,bedrock,iou,,0,0,0
segformer__scratch__mit-b2__in_rover__seed1415__gpu_full__3dc555fe__gitc2c2860f__codebebd8b2d__20260715T051844483360Z,msl_ncam_nlb_492665102edr_f0490294ncam00295m1,test_msl,sand,iou,,0,0,0
segformer__scratch__mit-b2__in_rover__seed1415__gpu_full__3dc555fe__gitc2c2860f__codebebd8b2d__20260715T051844483360Z,msl_ncam_nlb_492665102edr_f0490294ncam00295m1,test_msl,big_rock,iou,,0,0,0
segformer__scratch__mit-b2__in_rover__seed1415__gpu_full__3dc555fe__gitc2c2860f__codebebd8b2d__20260715T051844483360Z,msl_ncam_nlb_492665102edr_f0490294ncam00295m1,test_msl,ALL,pixel_acc,,0,0,0
segformer__scratch__mit-b2__in_rover__seed1415__gpu_full__3dc555fe__gitc2c2860f__codebebd8b2d__20260715T051844483360Z,msl_ncam_nlb_492665102edr_f0490294ncam00295m1,test_msl,ALL,boundary_f1,,0,0,0
segformer__scratch__mit-b2__in_rover__seed1415__gpu_full__3dc555fe__gitc2c2860f__codebebd8b2d__20260715T051844483360Z,msl_ncam_nlb_493996330edr_f0491846ncam00385m1,test_msl,soil,iou,,0,0,89098
segformer__scratch__mit-b2__in_rover__seed1415__gpu_full__3dc555fe__gitc2c2860f__codebebd8b2d__20260715T051844483360Z,msl_ncam_nlb_493996330edr_f0491846ncam00385m1,test_msl,bedrock,iou,0.8449602527517326,33163,39248,89098
segformer__scratch__mit-b2__in_rover__seed1415__gpu_full__3dc555fe__gitc2c2860f__codebebd8b2d__20260715T051844483360Z,msl_ncam_nlb_493996330edr_f0491846ncam00385m1,test_msl,sand,iou,0.9996791400954558,49850,49866,89098
segformer__scratch__mit-b2__in_rover__seed1415__gpu_full__3dc555fe__gitc2c2860f__codebebd8b2d__20260715T051844483360Z,msl_ncam_nlb_493996330edr_f0491846ncam00385m1,test_msl,big_rock,iou,0.0,0,6069,89098
segformer__scratch__mit-b2__in_rover__seed1415__gpu_full__3dc555fe__gitc2c2860f__codebebd8b2d__20260715T051844483360Z,msl_ncam_nlb_493996330edr_f0491846ncam00385m1,test_msl,ALL,pixel_acc,0.9317044153628589,0,0,89098
segformer__scratch__mit-b2__in_rover__seed1415__gpu_full__3dc555fe__gitc2c2860f__codebebd8b2d__20260715T051844483360Z,msl_ncam_nlb_493996330edr_f0491846ncam00385m1,test_msl,ALL,boundary_f1,0.6162557515333136,0,0,89098
segformer__scratch__mit-b2__in_rover__seed1415__gpu_full__3dc555fe__gitc2c2860f__codebebd8b2d__20260715T051844483360Z,msl_ncam_nlb_493996945edr_f0491876ncam00353m1,test_msl,soil,iou,,0,0,75892
segformer__scratch__mit-b2__in_rover__seed1415__gpu_full__3dc555fe__gitc2c2860f__codebebd8b2d__20260715T051844483360Z,msl_ncam_nlb_493996945edr_f0491876ncam00353m1,test_msl,bedrock,iou,0.837895674154076,58341,69628,75892
segformer__scratch__mit-b2__in_rover__seed1415__gpu_full__3dc555fe__gitc2c2860f__codebebd8b2d__20260715T051844483360Z,msl_ncam_nlb_493996945edr_f0491876ncam00353m1,test_msl,sand,iou,0.3569027405845821,6264,17551,75892
segformer__scratch__mit-b2__in_rover__seed1415__gpu_full__3dc555fe__gitc2c2860f__codebebd8b2d__20260715T051844483360Z,msl_ncam_nlb_493996945edr_f0491876ncam00353m1,test_msl,big_rock,iou,,0,0,75892
segformer__scratch__mit-b2__in_rover__seed1415__gpu_full__3dc555fe__gitc2c2860f__codebebd8b2d__20260715T051844483360Z,msl_ncam_nlb_493996945edr_f0491876ncam00353m1,test_msl,ALL,pixel_acc,0.8512754967585516,0,0,75892
segformer__scratch__mit-b2__in_rover__seed1415__gpu_full__3dc555fe__gitc2c2860f__codebebd8b2d__20260715T051844483360Z,msl_ncam_nlb_493996945edr_f0491876ncam00353m1,test_msl,ALL,boundary_f1,0.49619600241182693,0,0,75892
segformer__scratch__mit-b2__in_rover__seed1415__gpu_full__3dc555fe__gitc2c2860f__codebebd8b2d__20260715T051844483360Z,msl_ncam_nlb_493997715edr_f0491876ncam00256m1,test_msl,soil,iou,,0,0,65259
segformer__scratch__mit-b2__in_rover__seed1415__gpu_full__3dc555fe__gitc2c2860f__codebebd8b2d__20260715T051844483360Z,msl_ncam_nlb_493997715edr_f0491876ncam00256m1,test_msl,bedrock,iou,0.6195422906559798,11749,18964,65259
segformer__scratch__mit-b2__in_rover__seed1415__gpu_full__3dc555fe__gitc2c2860f__codebebd8b2d__20260715T051844483360Z,msl_ncam_nlb_493997715edr_f0491876ncam00256m1,test_msl,sand,iou,0.9810476048350992,46018,46907,65259
segformer__scratch__mit-b2__in_rover__seed1415__gpu_full__3dc555fe__gitc2c2860f__codebebd8b2d__20260715T051844483360Z,msl_ncam_nlb_493997715edr_f0491876ncam00256m1,test_msl,big_rock,iou,0.0,0,6880,65259
segformer__scratch__mit-b2__in_rover__seed1415__gpu_full__3dc555fe__gitc2c2860f__codebebd8b2d__20260715T051844483360Z,msl_ncam_nlb_493997715edr_f0491876ncam00256m1,test_msl,ALL,pixel_acc,0.885195911675018,0,0,65259
segformer__scratch__mit-b2__in_rover__seed1415__gpu_full__3dc555fe__gitc2c2860f__codebebd8b2d__20260715T051844483360Z,msl_ncam_nlb_493997715edr_f0491876ncam00256m1,test_msl,ALL,boundary_f1,0.5312636883426475,0,0,65259
segformer__scratch__mit-b2__in_rover__seed1415__gpu_full__3dc555fe__gitc2c2860f__codebebd8b2d__20260715T051844483360Z,msl_ncam_nlb_493997775edr_f0491876ncam00256m1,test_msl,soil,iou,,0,0,41074
segformer__scratch__mit-b2__in_rover__seed1415__gpu_full__3dc555fe__gitc2c2860f__codebebd8b2d__20260715T051844483360Z,msl_ncam_nlb_493997775edr_f0491876ncam00256m1,test_msl,bedrock,iou,0.8032710436028113,24115,30021,41074
segformer__scratch__mit-b2__in_rover__seed1415__gpu_full__3dc555fe__gitc2c2860f__codebebd8b2d__20260715T051844483360Z,msl_ncam_nlb_493997775edr_f0491876ncam00256m1,test_msl,sand,iou,0.6517483342178194,11053,16959,41074
segformer__scratch__mit-b2__in_rover__seed1415__gpu_full__3dc555fe__gitc2c2860f__codebebd8b2d__20260715T051844483360Z,msl_ncam_nlb_493997775edr_f0491876ncam00256m1,test_msl,big_rock,iou,,0,0,41074
segformer__scratch__mit-b2__in_rover__seed1415__gpu_full__3dc555fe__gitc2c2860f__codebebd8b2d__20260715T051844483360Z,msl_ncam_nlb_493997775edr_f0491876ncam00256m1,test_msl,ALL,pixel_acc,0.8562107415883528,0,0,41074
segformer__scratch__mit-b2__in_rover__seed1415__gpu_full__3dc555fe__gitc2c2860f__codebebd8b2d__20260715T051844483360Z,msl_ncam_nlb_493997775edr_f0491876ncam00256m1,test_msl,ALL,boundary_f1,0.7882382695534443,0,0,41074
segformer__scratch__mit-b2__in_rover__seed1415__gpu_full__3dc555fe__gitc2c2860f__codebebd8b2d__20260715T051844483360Z,msl_ncam_nlb_493997895edr_f0491876ncam00354m1,test_msl,soil,iou,,0,0,92765
segformer__scratch__mit-b2__in_rover__seed1415__gpu_full__3dc555fe__gitc2c2860f__codebebd8b2d__20260715T051844483360Z,msl_ncam_nlb_493997895edr_f0491876ncam00354m1,test_msl,bedrock,iou,0.9628371302911131,82752,85946,92765
segformer__scratch__mit-b2__in_rover__seed1415__gpu_full__3dc555fe__gitc2c2860f__codebebd8b2d__20260715T051844483360Z,msl_ncam_nlb_493997895edr_f0491876ncam00354m1,test_msl,sand,iou,0.7224282233287425,6819,9439,92765
segformer__scratch__mit-b2__in_rover__seed1415__gpu_full__3dc555fe__gitc2c2860f__codebebd8b2d__20260715T051844483360Z,msl_ncam_nlb_493997895edr_f0491876ncam00354m1,test_msl,big_rock,iou,0.0,0,574,92765
segformer__scratch__mit-b2__in_rover__seed1415__gpu_full__3dc555fe__gitc2c2860f__codebebd8b2d__20260715T051844483360Z,msl_ncam_nlb_493997895edr_f0491876ncam00354m1,test_msl,ALL,pixel_acc,0.9655689106882984,0,0,92765
segformer__scratch__mit-b2__in_rover__seed1415__gpu_full__3dc555fe__gitc2c2860f__codebebd8b2d__20260715T051844483360Z,msl_ncam_nlb_493997895edr_f0491876ncam00354m1,test_msl,ALL,boundary_f1,0.5285620064111681,0,0,92765
segformer__scratch__mit-b2__in_rover__seed1415__gpu_full__3dc555fe__gitc2c2860f__codebebd8b2d__20260715T051844483360Z,msl_ncam_nlb_493997974edr_f0491876ncam00354m1,test_msl,soil,iou,,0,0,43129
segformer__scratch__mit-b2__in_rover__seed1415__gpu_full__3dc555fe__gitc2c2860f__codebebd8b2d__20260715T051844483360Z,msl_ncam_nlb_493997974edr_f0491876ncam00354m1,test_msl,bedrock,iou,0.7871196222455404,18003,22872,43129
segformer__scratch__mit-b2__in_rover__seed1415__gpu_full__3dc555fe__gitc2c2860f__codebebd8b2d__20260715T051844483360Z,msl_ncam_nlb_493997974edr_f0491876ncam00354m1,test_msl,sand,iou,0.8058584732945953,20248,25126,43129
segformer__scratch__mit-b2__in_rover__seed1415__gpu_full__3dc555fe__gitc2c2860f__codebebd8b2d__20260715T051844483360Z,msl_ncam_nlb_493997974edr_f0491876ncam00354m1,test_msl,big_rock,iou,0.0,0,9,43129
segformer__scratch__mit-b2__in_rover__seed1415__gpu_full__3dc555fe__gitc2c2860f__codebebd8b2d__20260715T051844483360Z,msl_ncam_nlb_493997974edr_f0491876ncam00354m1,test_msl,ALL,pixel_acc,0.8868974471933038,0,0,43129
segformer__scratch__mit-b2__in_rover__seed1415__gpu_full__3dc555fe__gitc2c2860f__codebebd8b2d__20260715T051844483360Z,msl_ncam_nlb_493997974edr_f0491876ncam00354m1,test_msl,ALL,boundary_f1,0.4524023842336284,0,0,43129
segformer__scratch__mit-b2__in_rover__seed1415__gpu_full__3dc555fe__gitc2c2860f__codebebd8b2d__20260715T051844483360Z,msl_ncam_nlb_493998022edr_f0491876ncam00257m1,test_msl,soil,iou,,0,0,59414
segformer__scratch__mit-b2__in_rover__seed1415__gpu_full__3dc555fe__gitc2c2860f__codebebd8b2d__20260715T051844483360Z,msl_ncam_nlb_493998022edr_f0491876ncam00257m1,test_msl,bedrock,iou,0.7564642980967501,41455,54801,59414
segformer__scratch__mit-b2__in_rover__seed1415__gpu_full__3dc555fe__gitc2c2860f__codebebd8b2d__20260715T051844483360Z,msl_ncam_nlb_493998022edr_f0491876ncam00257m1,test_msl,sand,iou,0.5252789797312685,4613,8782,59414
segformer__scratch__mit-b2__in_rover__seed1415__gpu_full__3dc555fe__gitc2c2860f__codebebd8b2d__20260715T051844483360Z,msl_ncam_nlb_493998022edr_f0491876ncam00257m1,test_msl,big_rock,iou,0.0,0,9177,59414
segformer__scratch__mit-b2__in_rover__seed1415__gpu_full__3dc555fe__gitc2c2860f__codebebd8b2d__20260715T051844483360Z,msl_ncam_nlb_493998022edr_f0491876ncam00257m1,test_msl,ALL,pixel_acc,0.7753728077557478,0,0,59414
segformer__scratch__mit-b2__in_rover__seed1415__gpu_full__3dc555fe__gitc2c2860f__codebebd8b2d__20260715T051844483360Z,msl_ncam_nlb_493998022edr_f0491876ncam00257m1,test_msl,ALL,boundary_f1,0.43245995951847,0,0,59414
segformer__scratch__mit-b2__in_rover__seed1415__gpu_full__3dc555fe__gitc2c2860f__codebebd8b2d__20260715T051844483360Z,msl_ncam_nlb_493998141edr_f0491876ncam00257m1,test_msl,soil,iou,,0,0,18319
segformer__scratch__mit-b2__in_rover__seed1415__gpu_full__3dc555fe__gitc2c2860f__codebebd8b2d__20260715T051844483360Z,msl_ncam_nlb_493998141edr_f0491876ncam00257m1,test_msl,bedrock,iou,0.37509549274255155,1964,5236,18319
segformer__scratch__mit-b2__in_rover__seed1415__gpu_full__3dc555fe__gitc2c2860f__codebebd8b2d__20260715T051844483360Z,msl_ncam_nlb_493998141edr_f0491876ncam00257m1,test_msl,sand,iou,0.9825022529288074,13083,13316,18319
segformer__scratch__mit-b2__in_rover__seed1415__gpu_full__3dc555fe__gitc2c2860f__codebebd8b2d__20260715T051844483360Z,msl_ncam_nlb_493998141edr_f0491876ncam00257m1,test_msl,big_rock,iou,0.0,0,3039,18319
segformer__scratch__mit-b2__in_rover__seed1415__gpu_full__3dc555fe__gitc2c2860f__codebebd8b2d__20260715T051844483360Z,msl_ncam_nlb_493998141edr_f0491876ncam00257m1,test_msl,ALL,pixel_acc,0.8213876303291664,0,0,18319
segformer__scratch__mit-b2__in_rover__seed1415__gpu_full__3dc555fe__gitc2c2860f__codebebd8b2d__20260715T051844483360Z,msl_ncam_nlb_493998141edr_f0491876ncam00257m1,test_msl,ALL,boundary_f1,0.5064741297660799,0,0,18319
segformer__scratch__mit-b2__in_rover__seed1415__gpu_full__3dc555fe__gitc2c2860f__codebebd8b2d__20260715T051844483360Z,msl_ncam_nlb_493998256edr_f0491876ncam00257m1,test_msl,soil,iou,,0,0,4103
segformer__scratch__mit-b2__in_rover__seed1415__gpu_full__3dc555fe__gitc2c2860f__codebebd8b2d__20260715T051844483360Z,msl_ncam_nlb_493998256edr_f0491876ncam00257m1,test_msl,bedrock,iou,0.33391506689936007,1148,3438,4103
segformer__scratch__mit-b2__in_rover__seed1415__gpu_full__3dc555fe__gitc2c2860f__codebebd8b2d__20260715T051844483360Z,msl_ncam_nlb_493998256edr_f0491876ncam00257m1,test_msl,sand,iou,0.22504230118443316,665,2955,4103
segformer__scratch__mit-b2__in_rover__seed1415__gpu_full__3dc555fe__gitc2c2860f__codebebd8b2d__20260715T051844483360Z,msl_ncam_nlb_493998256edr_f0491876ncam00257m1,test_msl,big_rock,iou,,0,0,4103
segformer__scratch__mit-b2__in_rover__seed1415__gpu_full__3dc555fe__gitc2c2860f__codebebd8b2d__20260715T051844483360Z,msl_ncam_nlb_493998256edr_f0491876ncam00257m1,test_msl,ALL,pixel_acc,0.4418718011211309,0,0,4103
segformer__scratch__mit-b2__in_rover__seed1415__gpu_full__3dc555fe__gitc2c2860f__codebebd8b2d__20260715T051844483360Z,msl_ncam_nlb_493998256edr_f0491876ncam00257m1,test_msl,ALL,boundary_f1,0.39418922863079287,0,0,4103
segformer__scratch__mit-b2__in_rover__seed1415__gpu_full__3dc555fe__gitc2c2860f__codebebd8b2d__20260715T051844483360Z,msl_ncam_nlb_500655478edr_f0503000ncam00385m1,test_msl,soil,iou,,0,0,113066
segformer__scratch__mit-b2__in_rover__seed1415__gpu_full__3dc555fe__gitc2c2860f__codebebd8b2d__20260715T051844483360Z,msl_ncam_nlb_500655478edr_f0503000ncam00385m1,test_msl,bedrock,iou,1.0,113066,113066,113066
segformer__scratch__mit-b2__in_rover__seed1415__gpu_full__3dc555fe__gitc2c2860f__codebebd8b2d__20260715T051844483360Z,msl_ncam_nlb_500655478edr_f0503000ncam00385m1,test_msl,sand,iou,,0,0,113066
segformer__scratch__mit-b2__in_rover__seed1415__gpu_full__3dc555fe__gitc2c2860f__codebebd8b2d__20260715T051844483360Z,msl_ncam_nlb_500655478edr_f0503000ncam00385m1,test_msl,big_rock,iou,,0,0,113066
segformer__scratch__mit-b2__in_rover__seed1415__gpu_full__3dc555fe__gitc2c2860f__codebebd8b2d__20260715T051844483360Z,msl_ncam_nlb_500655478edr_f0503000ncam00385m1,test_msl,ALL,pixel_acc,1.0,0,0,113066
segformer__scratch__mit-b2__in_rover__seed1415__gpu_full__3dc555fe__gitc2c2860f__codebebd8b2d__20260715T051844483360Z,msl_ncam_nlb_500655478edr_f0503000ncam00385m1,test_msl,ALL,boundary_f1,1.0,0,0,113066
segformer__scratch__mit-b2__in_rover__seed1415__gpu_full__3dc555fe__gitc2c2860f__codebebd8b2d__20260715T051844483360Z,msl_ncam_nlb_500656502edr_f0503076ncam00353m1,test_msl,soil,iou,0.5426462547840349,3970,7316,33179
segformer__scratch__mit-b2__in_rover__seed1415__gpu_full__3dc555fe__gitc2c2860f__codebebd8b2d__20260715T051844483360Z,msl_ncam_nlb_500656502edr_f0503076ncam00353m1,test_msl,bedrock,iou,0.8688417953370536,25378,29209,33179
segformer__scratch__mit-b2__in_rover__seed1415__gpu_full__3dc555fe__gitc2c2860f__codebebd8b2d__20260715T051844483360Z,msl_ncam_nlb_500656502edr_f0503076ncam00353m1,test_msl,sand,iou,,0,0,33179
segformer__scratch__mit-b2__in_rover__seed1415__gpu_full__3dc555fe__gitc2c2860f__codebebd8b2d__20260715T051844483360Z,msl_ncam_nlb_500656502edr_f0503076ncam00353m1,test_msl,big_rock,iou,0.0,0,485,33179
segformer__scratch__mit-b2__in_rover__seed1415__gpu_full__3dc555fe__gitc2c2860f__codebebd8b2d__20260715T051844483360Z,msl_ncam_nlb_500656502edr_f0503076ncam00353m1,test_msl,ALL,pixel_acc,0.8845353988968926,0,0,33179
segformer__scratch__mit-b2__in_rover__seed1415__gpu_full__3dc555fe__gitc2c2860f__codebebd8b2d__20260715T051844483360Z,msl_ncam_nlb_500656502edr_f0503076ncam00353m1,test_msl,ALL,boundary_f1,0.5202835680556746,0,0,33179
segformer__scratch__mit-b2__in_rover__seed1415__gpu_full__3dc555fe__gitc2c2860f__codebebd8b2d__20260715T051844483360Z,msl_ncam_nlb_500661494edr_f0503076ncam00354m1,test_msl,soil,iou,,0,0,127313
segformer__scratch__mit-b2__in_rover__seed1415__gpu_full__3dc555fe__gitc2c2860f__codebebd8b2d__20260715T051844483360Z,msl_ncam_nlb_500661494edr_f0503076ncam00354m1,test_msl,bedrock,iou,1.0,127313,127313,127313
segformer__scratch__mit-b2__in_rover__seed1415__gpu_full__3dc555fe__gitc2c2860f__codebebd8b2d__20260715T051844483360Z,msl_ncam_nlb_500661494edr_f0503076ncam00354m1,test_msl,sand,iou,,0,0,127313
segformer__scratch__mit-b2__in_rover__seed1415__gpu_full__3dc555fe__gitc2c2860f__codebebd8b2d__20260715T051844483360Z,msl_ncam_nlb_500661494edr_f0503076ncam00354m1,test_msl,big_rock,iou,,0,0,127313
segformer__scratch__mit-b2__in_rover__seed1415__gpu_full__3dc555fe__gitc2c2860f__codebebd8b2d__20260715T051844483360Z,msl_ncam_nlb_500661494edr_f0503076ncam00354m1,test_msl,ALL,pixel_acc,1.0,0,0,127313
segformer__scratch__mit-b2__in_rover__seed1415__gpu_full__3dc555fe__gitc2c2860f__codebebd8b2d__20260715T051844483360Z,msl_ncam_nlb_500661494edr_f0503076ncam00354m1,test_msl,ALL,boundary_f1,1.0,0,0,127313
segformer__scratch__mit-b2__in_rover__seed1415__gpu_full__3dc555fe__gitc2c2860f__codebebd8b2d__20260715T051844483360Z,msl_ncam_nlb_500661565edr_f0503076ncam00354m1,test_msl,soil,iou,,0,0,25550
segformer__scratch__mit-b2__in_rover__seed1415__gpu_full__3dc555fe__gitc2c2860f__codebebd8b2d__20260715T051844483360Z,msl_ncam_nlb_500661565edr_f0503076ncam00354m1,test_msl,bedrock,iou,1.0,25550,25550,25550
segformer__scratch__mit-b2__in_rover__seed1415__gpu_full__3dc555fe__gitc2c2860f__codebebd8b2d__20260715T051844483360Z,msl_ncam_nlb_500661565edr_f0503076ncam00354m1,test_msl,sand,iou,,0,0,25550
segformer__scratch__mit-b2__in_rover__seed1415__gpu_full__3dc555fe__gitc2c2860f__codebebd8b2d__20260715T051844483360Z,msl_ncam_nlb_500661565edr_f0503076ncam00354m1,test_msl,big_rock,iou,,0,0,25550
segformer__scratch__mit-b2__in_rover__seed1415__gpu_full__3dc555fe__gitc2c2860f__codebebd8b2d__20260715T051844483360Z,msl_ncam_nlb_500661565edr_f0503076ncam00354m1,test_msl,ALL,pixel_acc,1.0,0,0,25550
segformer__scratch__mit-b2__in_rover__seed1415__gpu_full__3dc555fe__gitc2c2860f__codebebd8b2d__20260715T051844483360Z,msl_ncam_nlb_500661565edr_f0503076ncam00354m1,test_msl,ALL,boundary_f1,1.0,0,0,25550
segformer__scratch__mit-b2__in_rover__seed1415__gpu_full__3dc555fe__gitc2c2860f__codebebd8b2d__20260715T051844483360Z,msl_ncam_nlb_500661664edr_f0503076ncam07753m1,test_msl,soil,iou,0.5400150076669603,16552,30651,129119
segformer__scratch__mit-b2__in_rover__seed1415__gpu_full__3dc555fe__gitc2c2860f__codebebd8b2d__20260715T051844483360Z,msl_ncam_nlb_500661664edr_f0503076ncam07753m1,test_msl,bedrock,iou,0.87475014880027,98468,112567,129119
segformer__scratch__mit-b2__in_rover__seed1415__gpu_full__3dc555fe__gitc2c2860f__codebebd8b2d__20260715T051844483360Z,msl_ncam_nlb_500661664edr_f0503076ncam07753m1,test_msl,sand,iou,,0,0,129119
segformer__scratch__mit-b2__in_rover__seed1415__gpu_full__3dc555fe__gitc2c2860f__codebebd8b2d__20260715T051844483360Z,msl_ncam_nlb_500661664edr_f0503076ncam07753m1,test_msl,big_rock,iou,,0,0,129119
segformer__scratch__mit-b2__in_rover__seed1415__gpu_full__3dc555fe__gitc2c2860f__codebebd8b2d__20260715T051844483360Z,msl_ncam_nlb_500661664edr_f0503076ncam07753m1,test_msl,ALL,pixel_acc,0.8908061555619236,0,0,129119
segformer__scratch__mit-b2__in_rover__seed1415__gpu_full__3dc555fe__gitc2c2860f__codebebd8b2d__20260715T051844483360Z,msl_ncam_nlb_500661664edr_f0503076ncam07753m1,test_msl,ALL,boundary_f1,0.49456458452564533,0,0,129119
segformer__scratch__mit-b2__in_rover__seed1415__gpu_full__3dc555fe__gitc2c2860f__codebebd8b2d__20260715T051844483360Z,msl_ncam_nlb_500661727edr_f0503076ncam07753m1,test_msl,soil,iou,,0,0,163353
segformer__scratch__mit-b2__in_rover__seed1415__gpu_full__3dc555fe__gitc2c2860f__codebebd8b2d__20260715T051844483360Z,msl_ncam_nlb_500661727edr_f0503076ncam07753m1,test_msl,bedrock,iou,1.0,163353,163353,163353
segformer__scratch__mit-b2__in_rover__seed1415__gpu_full__3dc555fe__gitc2c2860f__codebebd8b2d__20260715T051844483360Z,msl_ncam_nlb_500661727edr_f0503076ncam07753m1,test_msl,sand,iou,,0,0,163353
segformer__scratch__mit-b2__in_rover__seed1415__gpu_full__3dc555fe__gitc2c2860f__codebebd8b2d__20260715T051844483360Z,msl_ncam_nlb_500661727edr_f0503076ncam07753m1,test_msl,big_rock,iou,,0,0,163353
segformer__scratch__mit-b2__in_rover__seed1415__gpu_full__3dc555fe__gitc2c2860f__codebebd8b2d__20260715T051844483360Z,msl_ncam_nlb_500661727edr_f0503076ncam07753m1,test_msl,ALL,pixel_acc,1.0,0,0,163353
segformer__scratch__mit-b2__in_rover__seed1415__gpu_full__3dc555fe__gitc2c2860f__codebebd8b2d__20260715T051844483360Z,msl_ncam_nlb_500661727edr_f0503076ncam07753m1,test_msl,ALL,boundary_f1,1.0,0,0,163353
segformer__scratch__mit-b2__in_rover__seed1415__gpu_full__3dc555fe__gitc2c2860f__codebebd8b2d__20260715T051844483360Z,msl_ncam_nlb_500661784edr_f0503076ncam07753m1,test_msl,soil,iou,,0,0,133546
segformer__scratch__mit-b2__in_rover__seed1415__gpu_full__3dc555fe__gitc2c2860f__codebebd8b2d__20260715T051844483360Z,msl_ncam_nlb_500661784edr_f0503076ncam07753m1,test_msl,bedrock,iou,1.0,133546,133546,133546
segformer__scratch__mit-b2__in_rover__seed1415__gpu_full__3dc555fe__gitc2c2860f__codebebd8b2d__20260715T051844483360Z,msl_ncam_nlb_500661784edr_f0503076ncam07753m1,test_msl,sand,iou,,0,0,133546
segformer__scratch__mit-b2__in_rover__seed1415__gpu_full__3dc555fe__gitc2c2860f__codebebd8b2d__20260715T051844483360Z,msl_ncam_nlb_500661784edr_f0503076ncam07753m1,test_msl,big_rock,iou,,0,0,133546
segformer__scratch__mit-b2__in_rover__seed1415__gpu_full__3dc555fe__gitc2c2860f__codebebd8b2d__20260715T051844483360Z,msl_ncam_nlb_500661784edr_f0503076ncam07753m1,test_msl,ALL,pixel_acc,1.0,0,0,133546
segformer__scratch__mit-b2__in_rover__seed1415__gpu_full__3dc555fe__gitc2c2860f__codebebd8b2d__20260715T051844483360Z,msl_ncam_nlb_500661784edr_f0503076ncam07753m1,test_msl,ALL,boundary_f1,1.0,0,0,133546
segformer__scratch__mit-b2__in_rover__seed1415__gpu_full__3dc555fe__gitc2c2860f__codebebd8b2d__20260715T051844483360Z,msl_ncam_nlb_502512171edr_f0511298ncam00320m1,test_msl,soil,iou,,0,0,142320
segformer__scratch__mit-b2__in_rover__seed1415__gpu_full__3dc555fe__gitc2c2860f__codebebd8b2d__20260715T051844483360Z,msl_ncam_nlb_502512171edr_f0511298ncam00320m1,test_msl,bedrock,iou,,0,0,142320
segformer__scratch__mit-b2__in_rover__seed1415__gpu_full__3dc555fe__gitc2c2860f__codebebd8b2d__20260715T051844483360Z,msl_ncam_nlb_502512171edr_f0511298ncam00320m1,test_msl,sand,iou,0.9922639123102867,141219,142320,142320
segformer__scratch__mit-b2__in_rover__seed1415__gpu_full__3dc555fe__gitc2c2860f__codebebd8b2d__20260715T051844483360Z,msl_ncam_nlb_502512171edr_f0511298ncam00320m1,test_msl,big_rock,iou,0.0,0,1101,142320
segformer__scratch__mit-b2__in_rover__seed1415__gpu_full__3dc555fe__gitc2c2860f__codebebd8b2d__20260715T051844483360Z,msl_ncam_nlb_502512171edr_f0511298ncam00320m1,test_msl,ALL,pixel_acc,0.9922639123102867,0,0,142320
segformer__scratch__mit-b2__in_rover__seed1415__gpu_full__3dc555fe__gitc2c2860f__codebebd8b2d__20260715T051844483360Z,msl_ncam_nlb_502512171edr_f0511298ncam00320m1,test_msl,ALL,boundary_f1,0.4801322689356382,0,0,142320
segformer__scratch__mit-b2__in_rover__seed1415__gpu_full__3dc555fe__gitc2c2860f__codebebd8b2d__20260715T051844483360Z,msl_ncam_nlb_502515217edr_f0511406ncam00418m1,test_msl,soil,iou,,0,0,105136
segformer__scratch__mit-b2__in_rover__seed1415__gpu_full__3dc555fe__gitc2c2860f__codebebd8b2d__20260715T051844483360Z,msl_ncam_nlb_502515217edr_f0511406ncam00418m1,test_msl,bedrock,iou,0.7952872744539411,13399,16848,105136
segformer__scratch__mit-b2__in_rover__seed1415__gpu_full__3dc555fe__gitc2c2860f__codebebd8b2d__20260715T051844483360Z,msl_ncam_nlb_502515217edr_f0511406ncam00418m1,test_msl,sand,iou,0.9594056923596804,88013,91737,105136
segformer__scratch__mit-b2__in_rover__seed1415__gpu_full__3dc555fe__gitc2c2860f__codebebd8b2d__20260715T051844483360Z,msl_ncam_nlb_502515217edr_f0511406ncam00418m1,test_msl,big_rock,iou,0.0,0,275,105136
segformer__scratch__mit-b2__in_rover__seed1415__gpu_full__3dc555fe__gitc2c2860f__codebebd8b2d__20260715T051844483360Z,msl_ncam_nlb_502515217edr_f0511406ncam00418m1,test_msl,ALL,pixel_acc,0.9645792116877188,0,0,105136
segformer__scratch__mit-b2__in_rover__seed1415__gpu_full__3dc555fe__gitc2c2860f__codebebd8b2d__20260715T051844483360Z,msl_ncam_nlb_502515217edr_f0511406ncam00418m1,test_msl,ALL,boundary_f1,0.4955283007204154,0,0,105136
segformer__scratch__mit-b2__in_rover__seed1415__gpu_full__3dc555fe__gitc2c2860f__codebebd8b2d__20260715T051844483360Z,msl_ncam_nlb_502516548edr_f0511430ncam00353m1,test_msl,soil,iou,,0,0,181365
segformer__scratch__mit-b2__in_rover__seed1415__gpu_full__3dc555fe__gitc2c2860f__codebebd8b2d__20260715T051844483360Z,msl_ncam_nlb_502516548edr_f0511430ncam00353m1,test_msl,bedrock,iou,,0,0,181365
segformer__scratch__mit-b2__in_rover__seed1415__gpu_full__3dc555fe__gitc2c2860f__codebebd8b2d__20260715T051844483360Z,msl_ncam_nlb_502516548edr_f0511430ncam00353m1,test_msl,sand,iou,1.0,181365,181365,181365
segformer__scratch__mit-b2__in_rover__seed1415__gpu_full__3dc555fe__gitc2c2860f__codebebd8b2d__20260715T051844483360Z,msl_ncam_nlb_502516548edr_f0511430ncam00353m1,test_msl,big_rock,iou,,0,0,181365
segformer__scratch__mit-b2__in_rover__seed1415__gpu_full__3dc555fe__gitc2c2860f__codebebd8b2d__20260715T051844483360Z,msl_ncam_nlb_502516548edr_f0511430ncam00353m1,test_msl,ALL,pixel_acc,1.0,0,0,181365
segformer__scratch__mit-b2__in_rover__seed1415__gpu_full__3dc555fe__gitc2c2860f__codebebd8b2d__20260715T051844483360Z,msl_ncam_nlb_502516548edr_f0511430ncam00353m1,test_msl,ALL,boundary_f1,1.0,0,0,181365
segformer__scratch__mit-b2__in_rover__seed1415__gpu_full__3dc555fe__gitc2c2860f__codebebd8b2d__20260715T051844483360Z,msl_ncam_nlb_502516765edr_f0511430ncam00419m1,test_msl,soil,iou,,0,0,160319
segformer__scratch__mit-b2__in_rover__seed1415__gpu_full__3dc555fe__gitc2c2860f__codebebd8b2d__20260715T051844483360Z,msl_ncam_nlb_502516765edr_f0511430ncam00419m1,test_msl,bedrock,iou,0.9076956807717605,12420,13683,160319
segformer__scratch__mit-b2__in_rover__seed1415__gpu_full__3dc555fe__gitc2c2860f__codebebd8b2d__20260715T051844483360Z,msl_ncam_nlb_502516765edr_f0511430ncam00419m1,test_msl,sand,iou,0.9914603885083739,146636,147899,160319
segformer__scratch__mit-b2__in_rover__seed1415__gpu_full__3dc555fe__gitc2c2860f__codebebd8b2d__20260715T051844483360Z,msl_ncam_nlb_502516765edr_f0511430ncam00419m1,test_msl,big_rock,iou,,0,0,160319
segformer__scratch__mit-b2__in_rover__seed1415__gpu_full__3dc555fe__gitc2c2860f__codebebd8b2d__20260715T051844483360Z,msl_ncam_nlb_502516765edr_f0511430ncam00419m1,test_msl,ALL,pixel_acc,0.9921219568485332,0,0,160319
segformer__scratch__mit-b2__in_rover__seed1415__gpu_full__3dc555fe__gitc2c2860f__codebebd8b2d__20260715T051844483360Z,msl_ncam_nlb_502516765edr_f0511430ncam00419m1,test_msl,ALL,boundary_f1,0.9207543417436672,0,0,160319
segformer__scratch__mit-b2__in_rover__seed1415__gpu_full__3dc555fe__gitc2c2860f__codebebd8b2d__20260715T051844483360Z,msl_ncam_nlb_502516974edr_f0511430ncam09842m1,test_msl,soil,iou,,0,0,159008
segformer__scratch__mit-b2__in_rover__seed1415__gpu_full__3dc555fe__gitc2c2860f__codebebd8b2d__20260715T051844483360Z,msl_ncam_nlb_502516974edr_f0511430ncam09842m1,test_msl,bedrock,iou,0.971305432686855,8564,8817,159008
segformer__scratch__mit-b2__in_rover__seed1415__gpu_full__3dc555fe__gitc2c2860f__codebebd8b2d__20260715T051844483360Z,msl_ncam_nlb_502516974edr_f0511430ncam09842m1,test_msl,sand,iou,0.9983183111323815,150191,150444,159008
segformer__scratch__mit-b2__in_rover__seed1415__gpu_full__3dc555fe__gitc2c2860f__codebebd8b2d__20260715T051844483360Z,msl_ncam_nlb_502516974edr_f0511430ncam09842m1,test_msl,big_rock,iou,,0,0,159008
segformer__scratch__mit-b2__in_rover__seed1415__gpu_full__3dc555fe__gitc2c2860f__codebebd8b2d__20260715T051844483360Z,msl_ncam_nlb_502516974edr_f0511430ncam09842m1,test_msl,ALL,pixel_acc,0.9984088850875428,0,0,159008
segformer__scratch__mit-b2__in_rover__seed1415__gpu_full__3dc555fe__gitc2c2860f__codebebd8b2d__20260715T051844483360Z,msl_ncam_nlb_502516974edr_f0511430ncam09842m1,test_msl,ALL,boundary_f1,0.9544768508410671,0,0,159008
segformer__scratch__mit-b2__in_rover__seed1415__gpu_full__3dc555fe__gitc2c2860f__codebebd8b2d__20260715T051844483360Z,msl_ncam_nlb_502517100edr_f0511430ncam09842m1,test_msl,soil,iou,,0,0,195816
segformer__scratch__mit-b2__in_rover__seed1415__gpu_full__3dc555fe__gitc2c2860f__codebebd8b2d__20260715T051844483360Z,msl_ncam_nlb_502517100edr_f0511430ncam09842m1,test_msl,bedrock,iou,0.0,0,1861,195816
segformer__scratch__mit-b2__in_rover__seed1415__gpu_full__3dc555fe__gitc2c2860f__codebebd8b2d__20260715T051844483360Z,msl_ncam_nlb_502517100edr_f0511430ncam09842m1,test_msl,sand,iou,0.990496180087429,193955,195816,195816
segformer__scratch__mit-b2__in_rover__seed1415__gpu_full__3dc555fe__gitc2c2860f__codebebd8b2d__20260715T051844483360Z,msl_ncam_nlb_502517100edr_f0511430ncam09842m1,test_msl,big_rock,iou,,0,0,195816
segformer__scratch__mit-b2__in_rover__seed1415__gpu_full__3dc555fe__gitc2c2860f__codebebd8b2d__20260715T051844483360Z,msl_ncam_nlb_502517100edr_f0511430ncam09842m1,test_msl,ALL,pixel_acc,0.990496180087429,0,0,195816
segformer__scratch__mit-b2__in_rover__seed1415__gpu_full__3dc555fe__gitc2c2860f__codebebd8b2d__20260715T051844483360Z,msl_ncam_nlb_502517100edr_f0511430ncam09842m1,test_msl,ALL,boundary_f1,0.45201780690885457,0,0,195816
segformer__scratch__mit-b2__in_rover__seed1415__gpu_full__3dc555fe__gitc2c2860f__codebebd8b2d__20260715T051844483360Z,msl_ncam_nlb_502517193edr_f0511430ncam09842m1,test_msl,soil,iou,,0,0,102176
segformer__scratch__mit-b2__in_rover__seed1415__gpu_full__3dc555fe__gitc2c2860f__codebebd8b2d__20260715T051844483360Z,msl_ncam_nlb_502517193edr_f0511430ncam09842m1,test_msl,bedrock,iou,0.9542999584545077,27564,28884,102176
segformer__scratch__mit-b2__in_rover__seed1415__gpu_full__3dc555fe__gitc2c2860f__codebebd8b2d__20260715T051844483360Z,msl_ncam_nlb_502517193edr_f0511430ncam09842m1,test_msl,sand,iou,0.9864197364702082,73290,74299,102176
segformer__scratch__mit-b2__in_rover__seed1415__gpu_full__3dc555fe__gitc2c2860f__codebebd8b2d__20260715T051844483360Z,msl_ncam_nlb_502517193edr_f0511430ncam09842m1,test_msl,big_rock,iou,0.0,0,315,102176
segformer__scratch__mit-b2__in_rover__seed1415__gpu_full__3dc555fe__gitc2c2860f__codebebd8b2d__20260715T051844483360Z,msl_ncam_nlb_502517193edr_f0511430ncam09842m1,test_msl,ALL,pixel_acc,0.9870615408706546,0,0,102176
segformer__scratch__mit-b2__in_rover__seed1415__gpu_full__3dc555fe__gitc2c2860f__codebebd8b2d__20260715T051844483360Z,msl_ncam_nlb_502517193edr_f0511430ncam09842m1,test_msl,ALL,boundary_f1,0.6231126027093384,0,0,102176
segformer__scratch__mit-b2__in_rover__seed1415__gpu_full__3dc555fe__gitc2c2860f__codebebd8b2d__20260715T051844483360Z,msl_ncam_nlb_504390285edr_f0520004ncam00353m1,test_msl,soil,iou,,0,0,0
segformer__scratch__mit-b2__in_rover__seed1415__gpu_full__3dc555fe__gitc2c2860f__codebebd8b2d__20260715T051844483360Z,msl_ncam_nlb_504390285edr_f0520004ncam00353m1,test_msl,bedrock,iou,,0,0,0
segformer__scratch__mit-b2__in_rover__seed1415__gpu_full__3dc555fe__gitc2c2860f__codebebd8b2d__20260715T051844483360Z,msl_ncam_nlb_504390285edr_f0520004ncam00353m1,test_msl,sand,iou,,0,0,0
segformer__scratch__mit-b2__in_rover__seed1415__gpu_full__3dc555fe__gitc2c2860f__codebebd8b2d__20260715T051844483360Z,msl_ncam_nlb_504390285edr_f0520004ncam00353m1,test_msl,big_rock,iou,,0,0,0
segformer__scratch__mit-b2__in_rover__seed1415__gpu_full__3dc555fe__gitc2c2860f__codebebd8b2d__20260715T051844483360Z,msl_ncam_nlb_504390285edr_f0520004ncam00353m1,test_msl,ALL,pixel_acc,,0,0,0
segformer__scratch__mit-b2__in_rover__seed1415__gpu_full__3dc555fe__gitc2c2860f__codebebd8b2d__20260715T051844483360Z,msl_ncam_nlb_504390285edr_f0520004ncam00353m1,test_msl,ALL,boundary_f1,,0,0,0
segformer__scratch__mit-b2__in_rover__seed1415__gpu_full__3dc555fe__gitc2c2860f__codebebd8b2d__20260715T051844483360Z,msl_ncam_nlb_504390796edr_f0520004ncam00354m1,test_msl,soil,iou,,0,0,98057
segformer__scratch__mit-b2__in_rover__seed1415__gpu_full__3dc555fe__gitc2c2860f__codebebd8b2d__20260715T051844483360Z,msl_ncam_nlb_504390796edr_f0520004ncam00354m1,test_msl,bedrock,iou,0.8482100968893421,83167,98050,98057
segformer__scratch__mit-b2__in_rover__seed1415__gpu_full__3dc555fe__gitc2c2860f__codebebd8b2d__20260715T051844483360Z,msl_ncam_nlb_504390796edr_f0520004ncam00354m1,test_msl,sand,iou,0.00047011417058428475,7,14890,98057
segformer__scratch__mit-b2__in_rover__seed1415__gpu_full__3dc555fe__gitc2c2860f__codebebd8b2d__20260715T051844483360Z,msl_ncam_nlb_504390796edr_f0520004ncam00354m1,test_msl,big_rock,iou,,0,0,98057
segformer__scratch__mit-b2__in_rover__seed1415__gpu_full__3dc555fe__gitc2c2860f__codebebd8b2d__20260715T051844483360Z,msl_ncam_nlb_504390796edr_f0520004ncam00354m1,test_msl,ALL,pixel_acc,0.8482209327228041,0,0,98057
segformer__scratch__mit-b2__in_rover__seed1415__gpu_full__3dc555fe__gitc2c2860f__codebebd8b2d__20260715T051844483360Z,msl_ncam_nlb_504390796edr_f0520004ncam00354m1,test_msl,ALL,boundary_f1,0.4203315756366479,0,0,98057
segformer__scratch__mit-b2__in_rover__seed1415__gpu_full__3dc555fe__gitc2c2860f__codebebd8b2d__20260715T051844483360Z,msl_ncam_nlb_504390846edr_f0520004ncam00354m1,test_msl,soil,iou,0.0,0,13,66198
segformer__scratch__mit-b2__in_rover__seed1415__gpu_full__3dc555fe__gitc2c2860f__codebebd8b2d__20260715T051844483360Z,msl_ncam_nlb_504390846edr_f0520004ncam00354m1,test_msl,bedrock,iou,0.7636020246279368,50539,66185,66198
segformer__scratch__mit-b2__in_rover__seed1415__gpu_full__3dc555fe__gitc2c2860f__codebebd8b2d__20260715T051844483360Z,msl_ncam_nlb_504390846edr_f0520004ncam00354m1,test_msl,sand,iou,0.0,0,15659,66198
segformer__scratch__mit-b2__in_rover__seed1415__gpu_full__3dc555fe__gitc2c2860f__codebebd8b2d__20260715T051844483360Z,msl_ncam_nlb_504390846edr_f0520004ncam00354m1,test_msl,big_rock,iou,,0,0,66198
segformer__scratch__mit-b2__in_rover__seed1415__gpu_full__3dc555fe__gitc2c2860f__codebebd8b2d__20260715T051844483360Z,msl_ncam_nlb_504390846edr_f0520004ncam00354m1,test_msl,ALL,pixel_acc,0.7634520680383093,0,0,66198
segformer__scratch__mit-b2__in_rover__seed1415__gpu_full__3dc555fe__gitc2c2860f__codebebd8b2d__20260715T051844483360Z,msl_ncam_nlb_504390846edr_f0520004ncam00354m1,test_msl,ALL,boundary_f1,0.24242424242424243,0,0,66198
segformer__scratch__mit-b2__in_rover__seed1415__gpu_full__3dc555fe__gitc2c2860f__codebebd8b2d__20260715T051844483360Z,msl_ncam_nlb_504391195edr_f0520004ncam07753m1,test_msl,soil,iou,0.0,0,40610,173925
segformer__scratch__mit-b2__in_rover__seed1415__gpu_full__3dc555fe__gitc2c2860f__codebebd8b2d__20260715T051844483360Z,msl_ncam_nlb_504391195edr_f0520004ncam07753m1,test_msl,bedrock,iou,0.9473020675743823,52598,55524,173925
segformer__scratch__mit-b2__in_rover__seed1415__gpu_full__3dc555fe__gitc2c2860f__codebebd8b2d__20260715T051844483360Z,msl_ncam_nlb_504391195edr_f0520004ncam07753m1,test_msl,sand,iou,0.6411680829493848,77791,121327,173925
segformer__scratch__mit-b2__in_rover__seed1415__gpu_full__3dc555fe__gitc2c2860f__codebebd8b2d__20260715T051844483360Z,msl_ncam_nlb_504391195edr_f0520004ncam07753m1,test_msl,big_rock,iou,,0,0,173925
segformer__scratch__mit-b2__in_rover__seed1415__gpu_full__3dc555fe__gitc2c2860f__codebebd8b2d__20260715T051844483360Z,msl_ncam_nlb_504391195edr_f0520004ncam07753m1,test_msl,ALL,pixel_acc,0.7496852091418715,0,0,173925
segformer__scratch__mit-b2__in_rover__seed1415__gpu_full__3dc555fe__gitc2c2860f__codebebd8b2d__20260715T051844483360Z,msl_ncam_nlb_504391195edr_f0520004ncam07753m1,test_msl,ALL,boundary_f1,0.38010527811921063,0,0,173925
segformer__scratch__mit-b2__in_rover__seed1415__gpu_full__3dc555fe__gitc2c2860f__codebebd8b2d__20260715T051844483360Z,msl_ncam_nlb_504391382edr_f0520004ncam07753m1,test_msl,soil,iou,,0,0,62981
segformer__scratch__mit-b2__in_rover__seed1415__gpu_full__3dc555fe__gitc2c2860f__codebebd8b2d__20260715T051844483360Z,msl_ncam_nlb_504391382edr_f0520004ncam07753m1,test_msl,bedrock,iou,0.8302359432652923,24526,29541,62981
segformer__scratch__mit-b2__in_rover__seed1415__gpu_full__3dc555fe__gitc2c2860f__codebebd8b2d__20260715T051844483360Z,msl_ncam_nlb_504391382edr_f0520004ncam07753m1,test_msl,sand,iou,0.8695878299310883,33440,38455,62981
segformer__scratch__mit-b2__in_rover__seed1415__gpu_full__3dc555fe__gitc2c2860f__codebebd8b2d__20260715T051844483360Z,msl_ncam_nlb_504391382edr_f0520004ncam07753m1,test_msl,big_rock,iou,,0,0,62981
segformer__scratch__mit-b2__in_rover__seed1415__gpu_full__3dc555fe__gitc2c2860f__codebebd8b2d__20260715T051844483360Z,msl_ncam_nlb_504391382edr_f0520004ncam07753m1,test_msl,ALL,pixel_acc,0.9203728108477159,0,0,62981
segformer__scratch__mit-b2__in_rover__seed1415__gpu_full__3dc555fe__gitc2c2860f__codebebd8b2d__20260715T051844483360Z,msl_ncam_nlb_504391382edr_f0520004ncam07753m1,test_msl,ALL,boundary_f1,0.8942768028695723,0,0,62981
segformer__scratch__mit-b2__in_rover__seed1415__gpu_full__3dc555fe__gitc2c2860f__codebebd8b2d__20260715T051844483360Z,msl_ncam_nlb_505891855edr_f0521112ncam00319m1,test_msl,soil,iou,,0,0,93351
segformer__scratch__mit-b2__in_rover__seed1415__gpu_full__3dc555fe__gitc2c2860f__codebebd8b2d__20260715T051844483360Z,msl_ncam_nlb_505891855edr_f0521112ncam00319m1,test_msl,bedrock,iou,,0,0,93351
segformer__scratch__mit-b2__in_rover__seed1415__gpu_full__3dc555fe__gitc2c2860f__codebebd8b2d__20260715T051844483360Z,msl_ncam_nlb_505891855edr_f0521112ncam00319m1,test_msl,sand,iou,1.0,93351,93351,93351
segformer__scratch__mit-b2__in_rover__seed1415__gpu_full__3dc555fe__gitc2c2860f__codebebd8b2d__20260715T051844483360Z,msl_ncam_nlb_505891855edr_f0521112ncam00319m1,test_msl,big_rock,iou,,0,0,93351
segformer__scratch__mit-b2__in_rover__seed1415__gpu_full__3dc555fe__gitc2c2860f__codebebd8b2d__20260715T051844483360Z,msl_ncam_nlb_505891855edr_f0521112ncam00319m1,test_msl,ALL,pixel_acc,1.0,0,0,93351
segformer__scratch__mit-b2__in_rover__seed1415__gpu_full__3dc555fe__gitc2c2860f__codebebd8b2d__20260715T051844483360Z,msl_ncam_nlb_505891855edr_f0521112ncam00319m1,test_msl,ALL,boundary_f1,1.0,0,0,93351
segformer__scratch__mit-b2__in_rover__seed1415__gpu_full__3dc555fe__gitc2c2860f__codebebd8b2d__20260715T051844483360Z,msl_ncam_nlb_505898310edr_f0521162ncam12753m1,test_msl,soil,iou,0.0,0,487,39614
segformer__scratch__mit-b2__in_rover__seed1415__gpu_full__3dc555fe__gitc2c2860f__codebebd8b2d__20260715T051844483360Z,msl_ncam_nlb_505898310edr_f0521162ncam12753m1,test_msl,bedrock,iou,0.8661538068341554,33890,39127,39614
segformer__scratch__mit-b2__in_rover__seed1415__gpu_full__3dc555fe__gitc2c2860f__codebebd8b2d__20260715T051844483360Z,msl_ncam_nlb_505898310edr_f0521162ncam12753m1,test_msl,sand,iou,0.0,0,5724,39614
segformer__scratch__mit-b2__in_rover__seed1415__gpu_full__3dc555fe__gitc2c2860f__codebebd8b2d__20260715T051844483360Z,msl_ncam_nlb_505898310edr_f0521162ncam12753m1,test_msl,big_rock,iou,,0,0,39614
segformer__scratch__mit-b2__in_rover__seed1415__gpu_full__3dc555fe__gitc2c2860f__codebebd8b2d__20260715T051844483360Z,msl_ncam_nlb_505898310edr_f0521162ncam12753m1,test_msl,ALL,pixel_acc,0.8555056293229666,0,0,39614
segformer__scratch__mit-b2__in_rover__seed1415__gpu_full__3dc555fe__gitc2c2860f__codebebd8b2d__20260715T051844483360Z,msl_ncam_nlb_505898310edr_f0521162ncam12753m1,test_msl,ALL,boundary_f1,0.30371437720140887,0,0,39614
segformer__scratch__mit-b2__in_rover__seed1415__gpu_full__3dc555fe__gitc2c2860f__codebebd8b2d__20260715T051844483360Z,msl_ncam_nlb_505898372edr_f0521162ncam12753m1,test_msl,soil,iou,,0,0,70730
segformer__scratch__mit-b2__in_rover__seed1415__gpu_full__3dc555fe__gitc2c2860f__codebebd8b2d__20260715T051844483360Z,msl_ncam_nlb_505898372edr_f0521162ncam12753m1,test_msl,bedrock,iou,0.8156469372483341,45779,56126,70730
segformer__scratch__mit-b2__in_rover__seed1415__gpu_full__3dc555fe__gitc2c2860f__codebebd8b2d__20260715T051844483360Z,msl_ncam_nlb_505898372edr_f0521162ncam12753m1,test_msl,sand,iou,0.5853072021161476,14604,24951,70730
segformer__scratch__mit-b2__in_rover__seed1415__gpu_full__3dc555fe__gitc2c2860f__codebebd8b2d__20260715T051844483360Z,msl_ncam_nlb_505898372edr_f0521162ncam12753m1,test_msl,big_rock,iou,,0,0,70730
segformer__scratch__mit-b2__in_rover__seed1415__gpu_full__3dc555fe__gitc2c2860f__codebebd8b2d__20260715T051844483360Z,msl_ncam_nlb_505898372edr_f0521162ncam12753m1,test_msl,ALL,pixel_acc,0.8537112964795702,0,0,70730
segformer__scratch__mit-b2__in_rover__seed1415__gpu_full__3dc555fe__gitc2c2860f__codebebd8b2d__20260715T051844483360Z,msl_ncam_nlb_505898372edr_f0521162ncam12753m1,test_msl,ALL,boundary_f1,0.5946308118785529,0,0,70730
segformer__scratch__mit-b2__in_rover__seed1415__gpu_full__3dc555fe__gitc2c2860f__codebebd8b2d__20260715T051844483360Z,msl_ncam_nlb_505898434edr_f0521162ncam12753m1,test_msl,soil,iou,,0,0,186871
segformer__scratch__mit-b2__in_rover__seed1415__gpu_full__3dc555fe__gitc2c2860f__codebebd8b2d__20260715T051844483360Z,msl_ncam_nlb_505898434edr_f0521162ncam12753m1,test_msl,bedrock,iou,,0,0,186871
segformer__scratch__mit-b2__in_rover__seed1415__gpu_full__3dc555fe__gitc2c2860f__codebebd8b2d__20260715T051844483360Z,msl_ncam_nlb_505898434edr_f0521162ncam12753m1,test_msl,sand,iou,0.9949590894253255,185929,186871,186871
segformer__scratch__mit-b2__in_rover__seed1415__gpu_full__3dc555fe__gitc2c2860f__codebebd8b2d__20260715T051844483360Z,msl_ncam_nlb_505898434edr_f0521162ncam12753m1,test_msl,big_rock,iou,0.0,0,942,186871
segformer__scratch__mit-b2__in_rover__seed1415__gpu_full__3dc555fe__gitc2c2860f__codebebd8b2d__20260715T051844483360Z,msl_ncam_nlb_505898434edr_f0521162ncam12753m1,test_msl,ALL,pixel_acc,0.9949590894253255,0,0,186871
segformer__scratch__mit-b2__in_rover__seed1415__gpu_full__3dc555fe__gitc2c2860f__codebebd8b2d__20260715T051844483360Z,msl_ncam_nlb_505898434edr_f0521162ncam12753m1,test_msl,ALL,boundary_f1,0.4677087317021571,0,0,186871
segformer__scratch__mit-b2__in_rover__seed1415__gpu_full__3dc555fe__gitc2c2860f__codebebd8b2d__20260715T051844483360Z,msl_ncam_nlb_505898562edr_f0521162ncam12753m1,test_msl,soil,iou,,0,0,0
segformer__scratch__mit-b2__in_rover__seed1415__gpu_full__3dc555fe__gitc2c2860f__codebebd8b2d__20260715T051844483360Z,msl_ncam_nlb_505898562edr_f0521162ncam12753m1,test_msl,bedrock,iou,,0,0,0
segformer__scratch__mit-b2__in_rover__seed1415__gpu_full__3dc555fe__gitc2c2860f__codebebd8b2d__20260715T051844483360Z,msl_ncam_nlb_505898562edr_f0521162ncam12753m1,test_msl,sand,iou,,0,0,0
segformer__scratch__mit-b2__in_rover__seed1415__gpu_full__3dc555fe__gitc2c2860f__codebebd8b2d__20260715T051844483360Z,msl_ncam_nlb_505898562edr_f0521162ncam12753m1,test_msl,big_rock,iou,,0,0,0
segformer__scratch__mit-b2__in_rover__seed1415__gpu_full__3dc555fe__gitc2c2860f__codebebd8b2d__20260715T051844483360Z,msl_ncam_nlb_505898562edr_f0521162ncam12753m1,test_msl,ALL,pixel_acc,,0,0,0
segformer__scratch__mit-b2__in_rover__seed1415__gpu_full__3dc555fe__gitc2c2860f__codebebd8b2d__20260715T051844483360Z,msl_ncam_nlb_505898562edr_f0521162ncam12753m1,test_msl,ALL,boundary_f1,,0,0,0
segformer__scratch__mit-b2__in_rover__seed1415__gpu_full__3dc555fe__gitc2c2860f__codebebd8b2d__20260715T051844483360Z,msl_ncam_nlb_505898711edr_f0521162ncam12753m1,test_msl,soil,iou,0.0,0,8492,84361
segformer__scratch__mit-b2__in_rover__seed1415__gpu_full__3dc555fe__gitc2c2860f__codebebd8b2d__20260715T051844483360Z,msl_ncam_nlb_505898711edr_f0521162ncam12753m1,test_msl,bedrock,iou,0.27535644847699287,3399,12344,84361
segformer__scratch__mit-b2__in_rover__seed1415__gpu_full__3dc555fe__gitc2c2860f__codebebd8b2d__20260715T051844483360Z,msl_ncam_nlb_505898711edr_f0521162ncam12753m1,test_msl,sand,iou,0.9942155834115634,72017,72436,84361
segformer__scratch__mit-b2__in_rover__seed1415__gpu_full__3dc555fe__gitc2c2860f__codebebd8b2d__20260715T051844483360Z,msl_ncam_nlb_505898711edr_f0521162ncam12753m1,test_msl,big_rock,iou,0.0,0,34,84361
segformer__scratch__mit-b2__in_rover__seed1415__gpu_full__3dc555fe__gitc2c2860f__codebebd8b2d__20260715T051844483360Z,msl_ncam_nlb_505898711edr_f0521162ncam12753m1,test_msl,ALL,pixel_acc,0.8939675916596531,0,0,84361
segformer__scratch__mit-b2__in_rover__seed1415__gpu_full__3dc555fe__gitc2c2860f__codebebd8b2d__20260715T051844483360Z,msl_ncam_nlb_505898711edr_f0521162ncam12753m1,test_msl,ALL,boundary_f1,0.40107700696258125,0,0,84361
segformer__scratch__mit-b2__in_rover__seed1415__gpu_full__3dc555fe__gitc2c2860f__codebebd8b2d__20260715T051844483360Z,msl_ncam_nlb_505898763edr_f0521162ncam00353m1,test_msl,soil,iou,,0,0,107150
segformer__scratch__mit-b2__in_rover__seed1415__gpu_full__3dc555fe__gitc2c2860f__codebebd8b2d__20260715T051844483360Z,msl_ncam_nlb_505898763edr_f0521162ncam00353m1,test_msl,bedrock,iou,0.8804458989568419,8609,9778,107150
segformer__scratch__mit-b2__in_rover__seed1415__gpu_full__3dc555fe__gitc2c2860f__codebebd8b2d__20260715T051844483360Z,msl_ncam_nlb_505898763edr_f0521162ncam00353m1,test_msl,sand,iou,0.9865393804455018,97037,98361,107150
segformer__scratch__mit-b2__in_rover__seed1415__gpu_full__3dc555fe__gitc2c2860f__codebebd8b2d__20260715T051844483360Z,msl_ncam_nlb_505898763edr_f0521162ncam00353m1,test_msl,big_rock,iou,0.0,0,515,107150
segformer__scratch__mit-b2__in_rover__seed1415__gpu_full__3dc555fe__gitc2c2860f__codebebd8b2d__20260715T051844483360Z,msl_ncam_nlb_505898763edr_f0521162ncam00353m1,test_msl,ALL,pixel_acc,0.9859636024265049,0,0,107150
segformer__scratch__mit-b2__in_rover__seed1415__gpu_full__3dc555fe__gitc2c2860f__codebebd8b2d__20260715T051844483360Z,msl_ncam_nlb_505898763edr_f0521162ncam00353m1,test_msl,ALL,boundary_f1,0.5569234651403671,0,0,107150
segformer__scratch__mit-b2__in_rover__seed1415__gpu_full__3dc555fe__gitc2c2860f__codebebd8b2d__20260715T051844483360Z,msl_ncam_nlb_505900047edr_f0521162ncam00352m1,test_msl,soil,iou,0.0,0,46247,228276
segformer__scratch__mit-b2__in_rover__seed1415__gpu_full__3dc555fe__gitc2c2860f__codebebd8b2d__20260715T051844483360Z,msl_ncam_nlb_505900047edr_f0521162ncam00352m1,test_msl,bedrock,iou,0.0,0,168829,228276
segformer__scratch__mit-b2__in_rover__seed1415__gpu_full__3dc555fe__gitc2c2860f__codebebd8b2d__20260715T051844483360Z,msl_ncam_nlb_505900047edr_f0521162ncam00352m1,test_msl,sand,iou,0.010807093167919536,2467,228276,228276
segformer__scratch__mit-b2__in_rover__seed1415__gpu_full__3dc555fe__gitc2c2860f__codebebd8b2d__20260715T051844483360Z,msl_ncam_nlb_505900047edr_f0521162ncam00352m1,test_msl,big_rock,iou,0.0,0,10733,228276
segformer__scratch__mit-b2__in_rover__seed1415__gpu_full__3dc555fe__gitc2c2860f__codebebd8b2d__20260715T051844483360Z,msl_ncam_nlb_505900047edr_f0521162ncam00352m1,test_msl,ALL,pixel_acc,0.010807093167919536,0,0,228276
segformer__scratch__mit-b2__in_rover__seed1415__gpu_full__3dc555fe__gitc2c2860f__codebebd8b2d__20260715T051844483360Z,msl_ncam_nlb_505900047edr_f0521162ncam00352m1,test_msl,ALL,boundary_f1,0.005689720571500821,0,0,228276
segformer__scratch__mit-b2__in_rover__seed1415__gpu_full__3dc555fe__gitc2c2860f__codebebd8b2d__20260715T051844483360Z,msl_ncam_nlb_512555058edr_f0532644ncam00264m1,test_msl,soil,iou,,0,0,77059
segformer__scratch__mit-b2__in_rover__seed1415__gpu_full__3dc555fe__gitc2c2860f__codebebd8b2d__20260715T051844483360Z,msl_ncam_nlb_512555058edr_f0532644ncam00264m1,test_msl,bedrock,iou,0.8165218671771463,27725,33955,77059
segformer__scratch__mit-b2__in_rover__seed1415__gpu_full__3dc555fe__gitc2c2860f__codebebd8b2d__20260715T051844483360Z,msl_ncam_nlb_512555058edr_f0532644ncam00264m1,test_msl,sand,iou,0.9805946720658826,43104,43957,77059
segformer__scratch__mit-b2__in_rover__seed1415__gpu_full__3dc555fe__gitc2c2860f__codebebd8b2d__20260715T051844483360Z,msl_ncam_nlb_512555058edr_f0532644ncam00264m1,test_msl,big_rock,iou,0.0,0,5377,77059
segformer__scratch__mit-b2__in_rover__seed1415__gpu_full__3dc555fe__gitc2c2860f__codebebd8b2d__20260715T051844483360Z,msl_ncam_nlb_512555058edr_f0532644ncam00264m1,test_msl,ALL,pixel_acc,0.9191528569018544,0,0,77059
segformer__scratch__mit-b2__in_rover__seed1415__gpu_full__3dc555fe__gitc2c2860f__codebebd8b2d__20260715T051844483360Z,msl_ncam_nlb_512555058edr_f0532644ncam00264m1,test_msl,ALL,boundary_f1,0.5836644255967077,0,0,77059
segformer__scratch__mit-b2__in_rover__seed1415__gpu_full__3dc555fe__gitc2c2860f__codebebd8b2d__20260715T051844483360Z,msl_ncam_nlb_512555120edr_f0532644ncam00264m1,test_msl,soil,iou,,0,0,31610
segformer__scratch__mit-b2__in_rover__seed1415__gpu_full__3dc555fe__gitc2c2860f__codebebd8b2d__20260715T051844483360Z,msl_ncam_nlb_512555120edr_f0532644ncam00264m1,test_msl,bedrock,iou,0.9982600442897818,31555,31610,31610
segformer__scratch__mit-b2__in_rover__seed1415__gpu_full__3dc555fe__gitc2c2860f__codebebd8b2d__20260715T051844483360Z,msl_ncam_nlb_512555120edr_f0532644ncam00264m1,test_msl,sand,iou,0.0,0,13,31610
segformer__scratch__mit-b2__in_rover__seed1415__gpu_full__3dc555fe__gitc2c2860f__codebebd8b2d__20260715T051844483360Z,msl_ncam_nlb_512555120edr_f0532644ncam00264m1,test_msl,big_rock,iou,0.0,0,42,31610
segformer__scratch__mit-b2__in_rover__seed1415__gpu_full__3dc555fe__gitc2c2860f__codebebd8b2d__20260715T051844483360Z,msl_ncam_nlb_512555120edr_f0532644ncam00264m1,test_msl,ALL,pixel_acc,0.9982600442897818,0,0,31610
segformer__scratch__mit-b2__in_rover__seed1415__gpu_full__3dc555fe__gitc2c2860f__codebebd8b2d__20260715T051844483360Z,msl_ncam_nlb_512555120edr_f0532644ncam00264m1,test_msl,ALL,boundary_f1,0.33136306645172847,0,0,31610
segformer__scratch__mit-b2__in_rover__seed1415__gpu_full__3dc555fe__gitc2c2860f__codebebd8b2d__20260715T051844483360Z,msl_ncam_nlb_512555645edr_f0532644ncam00354m1,test_msl,soil,iou,,0,0,29150
segformer__scratch__mit-b2__in_rover__seed1415__gpu_full__3dc555fe__gitc2c2860f__codebebd8b2d__20260715T051844483360Z,msl_ncam_nlb_512555645edr_f0532644ncam00354m1,test_msl,bedrock,iou,0.0,0,22868,29150
segformer__scratch__mit-b2__in_rover__seed1415__gpu_full__3dc555fe__gitc2c2860f__codebebd8b2d__20260715T051844483360Z,msl_ncam_nlb_512555645edr_f0532644ncam00354m1,test_msl,sand,iou,0.2018867924528302,5885,29150,29150
segformer__scratch__mit-b2__in_rover__seed1415__gpu_full__3dc555fe__gitc2c2860f__codebebd8b2d__20260715T051844483360Z,msl_ncam_nlb_512555645edr_f0532644ncam00354m1,test_msl,big_rock,iou,0.0,0,397,29150
segformer__scratch__mit-b2__in_rover__seed1415__gpu_full__3dc555fe__gitc2c2860f__codebebd8b2d__20260715T051844483360Z,msl_ncam_nlb_512555645edr_f0532644ncam00354m1,test_msl,ALL,pixel_acc,0.2018867924528302,0,0,29150
segformer__scratch__mit-b2__in_rover__seed1415__gpu_full__3dc555fe__gitc2c2860f__codebebd8b2d__20260715T051844483360Z,msl_ncam_nlb_512555645edr_f0532644ncam00354m1,test_msl,ALL,boundary_f1,0.10218165973165101,0,0,29150
segformer__scratch__mit-b2__in_rover__seed1415__gpu_full__3dc555fe__gitc2c2860f__codebebd8b2d__20260715T051844483360Z,msl_ncam_nlb_512555804edr_f0532644ncam07753m1,test_msl,soil,iou,,0,0,0
segformer__scratch__mit-b2__in_rover__seed1415__gpu_full__3dc555fe__gitc2c2860f__codebebd8b2d__20260715T051844483360Z,msl_ncam_nlb_512555804edr_f0532644ncam07753m1,test_msl,bedrock,iou,,0,0,0
segformer__scratch__mit-b2__in_rover__seed1415__gpu_full__3dc555fe__gitc2c2860f__codebebd8b2d__20260715T051844483360Z,msl_ncam_nlb_512555804edr_f0532644ncam07753m1,test_msl,sand,iou,,0,0,0
segformer__scratch__mit-b2__in_rover__seed1415__gpu_full__3dc555fe__gitc2c2860f__codebebd8b2d__20260715T051844483360Z,msl_ncam_nlb_512555804edr_f0532644ncam07753m1,test_msl,big_rock,iou,,0,0,0
segformer__scratch__mit-b2__in_rover__seed1415__gpu_full__3dc555fe__gitc2c2860f__codebebd8b2d__20260715T051844483360Z,msl_ncam_nlb_512555804edr_f0532644ncam07753m1,test_msl,ALL,pixel_acc,,0,0,0
segformer__scratch__mit-b2__in_rover__seed1415__gpu_full__3dc555fe__gitc2c2860f__codebebd8b2d__20260715T051844483360Z,msl_ncam_nlb_512555804edr_f0532644ncam07753m1,test_msl,ALL,boundary_f1,,0,0,0
segformer__scratch__mit-b2__in_rover__seed1415__gpu_full__3dc555fe__gitc2c2860f__codebebd8b2d__20260715T051844483360Z,msl_ncam_nlb_512555867edr_f0532644ncam07753m1,test_msl,soil,iou,,0,0,52439
segformer__scratch__mit-b2__in_rover__seed1415__gpu_full__3dc555fe__gitc2c2860f__codebebd8b2d__20260715T051844483360Z,msl_ncam_nlb_512555867edr_f0532644ncam07753m1,test_msl,bedrock,iou,0.9611167261008028,50400,52439,52439
segformer__scratch__mit-b2__in_rover__seed1415__gpu_full__3dc555fe__gitc2c2860f__codebebd8b2d__20260715T051844483360Z,msl_ncam_nlb_512555867edr_f0532644ncam07753m1,test_msl,sand,iou,0.0,0,1883,52439
segformer__scratch__mit-b2__in_rover__seed1415__gpu_full__3dc555fe__gitc2c2860f__codebebd8b2d__20260715T051844483360Z,msl_ncam_nlb_512555867edr_f0532644ncam07753m1,test_msl,big_rock,iou,0.0,0,156,52439
segformer__scratch__mit-b2__in_rover__seed1415__gpu_full__3dc555fe__gitc2c2860f__codebebd8b2d__20260715T051844483360Z,msl_ncam_nlb_512555867edr_f0532644ncam07753m1,test_msl,ALL,pixel_acc,0.9611167261008028,0,0,52439
segformer__scratch__mit-b2__in_rover__seed1415__gpu_full__3dc555fe__gitc2c2860f__codebebd8b2d__20260715T051844483360Z,msl_ncam_nlb_512555867edr_f0532644ncam07753m1,test_msl,ALL,boundary_f1,0.32143106811836025,0,0,52439
segformer__scratch__mit-b2__in_rover__seed1415__gpu_full__3dc555fe__gitc2c2860f__codebebd8b2d__20260715T051844483360Z,msl_ncam_nlb_520358689edr_f0550940ncam00299m1,test_msl,soil,iou,,0,0,27530
segformer__scratch__mit-b2__in_rover__seed1415__gpu_full__3dc555fe__gitc2c2860f__codebebd8b2d__20260715T051844483360Z,msl_ncam_nlb_520358689edr_f0550940ncam00299m1,test_msl,bedrock,iou,1.0,27530,27530,27530
segformer__scratch__mit-b2__in_rover__seed1415__gpu_full__3dc555fe__gitc2c2860f__codebebd8b2d__20260715T051844483360Z,msl_ncam_nlb_520358689edr_f0550940ncam00299m1,test_msl,sand,iou,,0,0,27530
segformer__scratch__mit-b2__in_rover__seed1415__gpu_full__3dc555fe__gitc2c2860f__codebebd8b2d__20260715T051844483360Z,msl_ncam_nlb_520358689edr_f0550940ncam00299m1,test_msl,big_rock,iou,,0,0,27530
segformer__scratch__mit-b2__in_rover__seed1415__gpu_full__3dc555fe__gitc2c2860f__codebebd8b2d__20260715T051844483360Z,msl_ncam_nlb_520358689edr_f0550940ncam00299m1,test_msl,ALL,pixel_acc,1.0,0,0,27530
segformer__scratch__mit-b2__in_rover__seed1415__gpu_full__3dc555fe__gitc2c2860f__codebebd8b2d__20260715T051844483360Z,msl_ncam_nlb_520358689edr_f0550940ncam00299m1,test_msl,ALL,boundary_f1,1.0,0,0,27530
segformer__scratch__mit-b2__in_rover__seed1415__gpu_full__3dc555fe__gitc2c2860f__codebebd8b2d__20260715T051844483360Z,msl_ncam_nlb_520358799edr_f0550940ncam00299m1,test_msl,soil,iou,,0,0,150778
segformer__scratch__mit-b2__in_rover__seed1415__gpu_full__3dc555fe__gitc2c2860f__codebebd8b2d__20260715T051844483360Z,msl_ncam_nlb_520358799edr_f0550940ncam00299m1,test_msl,bedrock,iou,1.0,150778,150778,150778
segformer__scratch__mit-b2__in_rover__seed1415__gpu_full__3dc555fe__gitc2c2860f__codebebd8b2d__20260715T051844483360Z,msl_ncam_nlb_520358799edr_f0550940ncam00299m1,test_msl,sand,iou,,0,0,150778
segformer__scratch__mit-b2__in_rover__seed1415__gpu_full__3dc555fe__gitc2c2860f__codebebd8b2d__20260715T051844483360Z,msl_ncam_nlb_520358799edr_f0550940ncam00299m1,test_msl,big_rock,iou,,0,0,150778
segformer__scratch__mit-b2__in_rover__seed1415__gpu_full__3dc555fe__gitc2c2860f__codebebd8b2d__20260715T051844483360Z,msl_ncam_nlb_520358799edr_f0550940ncam00299m1,test_msl,ALL,pixel_acc,1.0,0,0,150778
segformer__scratch__mit-b2__in_rover__seed1415__gpu_full__3dc555fe__gitc2c2860f__codebebd8b2d__20260715T051844483360Z,msl_ncam_nlb_520358799edr_f0550940ncam00299m1,test_msl,ALL,boundary_f1,1.0,0,0,150778
segformer__scratch__mit-b2__in_rover__seed1415__gpu_full__3dc555fe__gitc2c2860f__codebebd8b2d__20260715T051844483360Z,msl_ncam_nlb_520359057edr_f0550940ncam00654m1,test_msl,soil,iou,,0,0,36846
segformer__scratch__mit-b2__in_rover__seed1415__gpu_full__3dc555fe__gitc2c2860f__codebebd8b2d__20260715T051844483360Z,msl_ncam_nlb_520359057edr_f0550940ncam00654m1,test_msl,bedrock,iou,0.8093144439016446,29820,36846,36846
segformer__scratch__mit-b2__in_rover__seed1415__gpu_full__3dc555fe__gitc2c2860f__codebebd8b2d__20260715T051844483360Z,msl_ncam_nlb_520359057edr_f0550940ncam00654m1,test_msl,sand,iou,0.0,0,7026,36846
segformer__scratch__mit-b2__in_rover__seed1415__gpu_full__3dc555fe__gitc2c2860f__codebebd8b2d__20260715T051844483360Z,msl_ncam_nlb_520359057edr_f0550940ncam00654m1,test_msl,big_rock,iou,,0,0,36846
segformer__scratch__mit-b2__in_rover__seed1415__gpu_full__3dc555fe__gitc2c2860f__codebebd8b2d__20260715T051844483360Z,msl_ncam_nlb_520359057edr_f0550940ncam00654m1,test_msl,ALL,pixel_acc,0.8093144439016446,0,0,36846
segformer__scratch__mit-b2__in_rover__seed1415__gpu_full__3dc555fe__gitc2c2860f__codebebd8b2d__20260715T051844483360Z,msl_ncam_nlb_520359057edr_f0550940ncam00654m1,test_msl,ALL,boundary_f1,0.4054521852012116,0,0,36846
segformer__scratch__mit-b2__in_rover__seed1415__gpu_full__3dc555fe__gitc2c2860f__codebebd8b2d__20260715T051844483360Z,msl_ncam_nlb_520359112edr_f0550940ncam00654m1,test_msl,soil,iou,,0,0,51622
segformer__scratch__mit-b2__in_rover__seed1415__gpu_full__3dc555fe__gitc2c2860f__codebebd8b2d__20260715T051844483360Z,msl_ncam_nlb_520359112edr_f0550940ncam00654m1,test_msl,bedrock,iou,0.9766572391615977,50417,51622,51622
segformer__scratch__mit-b2__in_rover__seed1415__gpu_full__3dc555fe__gitc2c2860f__codebebd8b2d__20260715T051844483360Z,msl_ncam_nlb_520359112edr_f0550940ncam00654m1,test_msl,sand,iou,0.0,0,1205,51622
segformer__scratch__mit-b2__in_rover__seed1415__gpu_full__3dc555fe__gitc2c2860f__codebebd8b2d__20260715T051844483360Z,msl_ncam_nlb_520359112edr_f0550940ncam00654m1,test_msl,big_rock,iou,,0,0,51622
segformer__scratch__mit-b2__in_rover__seed1415__gpu_full__3dc555fe__gitc2c2860f__codebebd8b2d__20260715T051844483360Z,msl_ncam_nlb_520359112edr_f0550940ncam00654m1,test_msl,ALL,pixel_acc,0.9766572391615977,0,0,51622
segformer__scratch__mit-b2__in_rover__seed1415__gpu_full__3dc555fe__gitc2c2860f__codebebd8b2d__20260715T051844483360Z,msl_ncam_nlb_520359112edr_f0550940ncam00654m1,test_msl,ALL,boundary_f1,0.4903941938238224,0,0,51622
segformer__scratch__mit-b2__in_rover__seed1415__gpu_full__3dc555fe__gitc2c2860f__codebebd8b2d__20260715T051844483360Z,msl_ncam_nlb_520359279edr_f0550940ncam07753m1,test_msl,soil,iou,,0,0,52407
segformer__scratch__mit-b2__in_rover__seed1415__gpu_full__3dc555fe__gitc2c2860f__codebebd8b2d__20260715T051844483360Z,msl_ncam_nlb_520359279edr_f0550940ncam07753m1,test_msl,bedrock,iou,0.9570858854733146,50158,52407,52407
segformer__scratch__mit-b2__in_rover__seed1415__gpu_full__3dc555fe__gitc2c2860f__codebebd8b2d__20260715T051844483360Z,msl_ncam_nlb_520359279edr_f0550940ncam07753m1,test_msl,sand,iou,0.0,0,2249,52407
segformer__scratch__mit-b2__in_rover__seed1415__gpu_full__3dc555fe__gitc2c2860f__codebebd8b2d__20260715T051844483360Z,msl_ncam_nlb_520359279edr_f0550940ncam07753m1,test_msl,big_rock,iou,,0,0,52407
segformer__scratch__mit-b2__in_rover__seed1415__gpu_full__3dc555fe__gitc2c2860f__codebebd8b2d__20260715T051844483360Z,msl_ncam_nlb_520359279edr_f0550940ncam07753m1,test_msl,ALL,pixel_acc,0.9570858854733146,0,0,52407
segformer__scratch__mit-b2__in_rover__seed1415__gpu_full__3dc555fe__gitc2c2860f__codebebd8b2d__20260715T051844483360Z,msl_ncam_nlb_520359279edr_f0550940ncam07753m1,test_msl,ALL,boundary_f1,0.4879534021710352,0,0,52407
segformer__scratch__mit-b2__in_rover__seed1415__gpu_full__3dc555fe__gitc2c2860f__codebebd8b2d__20260715T051844483360Z,msl_ncam_nlb_520359399edr_f0550940ncam07753m1,test_msl,soil,iou,,0,0,6638
segformer__scratch__mit-b2__in_rover__seed1415__gpu_full__3dc555fe__gitc2c2860f__codebebd8b2d__20260715T051844483360Z,msl_ncam_nlb_520359399edr_f0550940ncam07753m1,test_msl,bedrock,iou,1.0,6638,6638,6638
segformer__scratch__mit-b2__in_rover__seed1415__gpu_full__3dc555fe__gitc2c2860f__codebebd8b2d__20260715T051844483360Z,msl_ncam_nlb_520359399edr_f0550940ncam07753m1,test_msl,sand,iou,,0,0,6638
segformer__scratch__mit-b2__in_rover__seed1415__gpu_full__3dc555fe__gitc2c2860f__codebebd8b2d__20260715T051844483360Z,msl_ncam_nlb_520359399edr_f0550940ncam07753m1,test_msl,big_rock,iou,,0,0,6638
segformer__scratch__mit-b2__in_rover__seed1415__gpu_full__3dc555fe__gitc2c2860f__codebebd8b2d__20260715T051844483360Z,msl_ncam_nlb_520359399edr_f0550940ncam07753m1,test_msl,ALL,pixel_acc,1.0,0,0,6638
segformer__scratch__mit-b2__in_rover__seed1415__gpu_full__3dc555fe__gitc2c2860f__codebebd8b2d__20260715T051844483360Z,msl_ncam_nlb_520359399edr_f0550940ncam07753m1,test_msl,ALL,boundary_f1,1.0,0,0,6638
segformer__scratch__mit-b2__in_rover__seed1415__gpu_full__3dc555fe__gitc2c2860f__codebebd8b2d__20260715T051844483360Z,msl_ncam_nlb_525148881edr_f0570774ncam00353m1,test_msl,soil,iou,,0,0,0
segformer__scratch__mit-b2__in_rover__seed1415__gpu_full__3dc555fe__gitc2c2860f__codebebd8b2d__20260715T051844483360Z,msl_ncam_nlb_525148881edr_f0570774ncam00353m1,test_msl,bedrock,iou,,0,0,0
segformer__scratch__mit-b2__in_rover__seed1415__gpu_full__3dc555fe__gitc2c2860f__codebebd8b2d__20260715T051844483360Z,msl_ncam_nlb_525148881edr_f0570774ncam00353m1,test_msl,sand,iou,,0,0,0
segformer__scratch__mit-b2__in_rover__seed1415__gpu_full__3dc555fe__gitc2c2860f__codebebd8b2d__20260715T051844483360Z,msl_ncam_nlb_525148881edr_f0570774ncam00353m1,test_msl,big_rock,iou,,0,0,0
segformer__scratch__mit-b2__in_rover__seed1415__gpu_full__3dc555fe__gitc2c2860f__codebebd8b2d__20260715T051844483360Z,msl_ncam_nlb_525148881edr_f0570774ncam00353m1,test_msl,ALL,pixel_acc,,0,0,0
segformer__scratch__mit-b2__in_rover__seed1415__gpu_full__3dc555fe__gitc2c2860f__codebebd8b2d__20260715T051844483360Z,msl_ncam_nlb_525148881edr_f0570774ncam00353m1,test_msl,ALL,boundary_f1,,0,0,0
segformer__scratch__mit-b2__in_rover__seed1415__gpu_full__3dc555fe__gitc2c2860f__codebebd8b2d__20260715T051844483360Z,msl_ncam_nlb_525149027edr_f0570774ncam00287m1,test_msl,soil,iou,,0,0,57576
segformer__scratch__mit-b2__in_rover__seed1415__gpu_full__3dc555fe__gitc2c2860f__codebebd8b2d__20260715T051844483360Z,msl_ncam_nlb_525149027edr_f0570774ncam00287m1,test_msl,bedrock,iou,1.0,57576,57576,57576
segformer__scratch__mit-b2__in_rover__seed1415__gpu_full__3dc555fe__gitc2c2860f__codebebd8b2d__20260715T051844483360Z,msl_ncam_nlb_525149027edr_f0570774ncam00287m1,test_msl,sand,iou,,0,0,57576
segformer__scratch__mit-b2__in_rover__seed1415__gpu_full__3dc555fe__gitc2c2860f__codebebd8b2d__20260715T051844483360Z,msl_ncam_nlb_525149027edr_f0570774ncam00287m1,test_msl,big_rock,iou,,0,0,57576
segformer__scratch__mit-b2__in_rover__seed1415__gpu_full__3dc555fe__gitc2c2860f__codebebd8b2d__20260715T051844483360Z,msl_ncam_nlb_525149027edr_f0570774ncam00287m1,test_msl,ALL,pixel_acc,1.0,0,0,57576
segformer__scratch__mit-b2__in_rover__seed1415__gpu_full__3dc555fe__gitc2c2860f__codebebd8b2d__20260715T051844483360Z,msl_ncam_nlb_525149027edr_f0570774ncam00287m1,test_msl,ALL,boundary_f1,1.0,0,0,57576
segformer__scratch__mit-b2__in_rover__seed1415__gpu_full__3dc555fe__gitc2c2860f__codebebd8b2d__20260715T051844483360Z,msl_ncam_nlb_525149336edr_f0570774ncam00654m1,test_msl,soil,iou,,0,0,38978
segformer__scratch__mit-b2__in_rover__seed1415__gpu_full__3dc555fe__gitc2c2860f__codebebd8b2d__20260715T051844483360Z,msl_ncam_nlb_525149336edr_f0570774ncam00654m1,test_msl,bedrock,iou,1.0,38978,38978,38978
segformer__scratch__mit-b2__in_rover__seed1415__gpu_full__3dc555fe__gitc2c2860f__codebebd8b2d__20260715T051844483360Z,msl_ncam_nlb_525149336edr_f0570774ncam00654m1,test_msl,sand,iou,,0,0,38978
segformer__scratch__mit-b2__in_rover__seed1415__gpu_full__3dc555fe__gitc2c2860f__codebebd8b2d__20260715T051844483360Z,msl_ncam_nlb_525149336edr_f0570774ncam00654m1,test_msl,big_rock,iou,,0,0,38978
segformer__scratch__mit-b2__in_rover__seed1415__gpu_full__3dc555fe__gitc2c2860f__codebebd8b2d__20260715T051844483360Z,msl_ncam_nlb_525149336edr_f0570774ncam00654m1,test_msl,ALL,pixel_acc,1.0,0,0,38978
segformer__scratch__mit-b2__in_rover__seed1415__gpu_full__3dc555fe__gitc2c2860f__codebebd8b2d__20260715T051844483360Z,msl_ncam_nlb_525149336edr_f0570774ncam00654m1,test_msl,ALL,boundary_f1,1.0,0,0,38978
segformer__scratch__mit-b2__in_rover__seed1415__gpu_full__3dc555fe__gitc2c2860f__codebebd8b2d__20260715T051844483360Z,msl_ncam_nlb_525149367edr_f0570774ncam00654m1,test_msl,soil,iou,,0,0,62531
segformer__scratch__mit-b2__in_rover__seed1415__gpu_full__3dc555fe__gitc2c2860f__codebebd8b2d__20260715T051844483360Z,msl_ncam_nlb_525149367edr_f0570774ncam00654m1,test_msl,bedrock,iou,0.9554284603295474,58970,61721,62531
segformer__scratch__mit-b2__in_rover__seed1415__gpu_full__3dc555fe__gitc2c2860f__codebebd8b2d__20260715T051844483360Z,msl_ncam_nlb_525149367edr_f0570774ncam00654m1,test_msl,sand,iou,0.2306378132118451,810,3512,62531
segformer__scratch__mit-b2__in_rover__seed1415__gpu_full__3dc555fe__gitc2c2860f__codebebd8b2d__20260715T051844483360Z,msl_ncam_nlb_525149367edr_f0570774ncam00654m1,test_msl,big_rock,iou,0.0,0,49,62531
segformer__scratch__mit-b2__in_rover__seed1415__gpu_full__3dc555fe__gitc2c2860f__codebebd8b2d__20260715T051844483360Z,msl_ncam_nlb_525149367edr_f0570774ncam00654m1,test_msl,ALL,pixel_acc,0.9560058211127281,0,0,62531
segformer__scratch__mit-b2__in_rover__seed1415__gpu_full__3dc555fe__gitc2c2860f__codebebd8b2d__20260715T051844483360Z,msl_ncam_nlb_525149367edr_f0570774ncam00654m1,test_msl,ALL,boundary_f1,0.4296213749515429,0,0,62531
segformer__scratch__mit-b2__in_rover__seed1415__gpu_full__3dc555fe__gitc2c2860f__codebebd8b2d__20260715T051844483360Z,msl_ncam_nlb_525149424edr_f0570774ncam00654m1,test_msl,soil,iou,,0,0,56706
segformer__scratch__mit-b2__in_rover__seed1415__gpu_full__3dc555fe__gitc2c2860f__codebebd8b2d__20260715T051844483360Z,msl_ncam_nlb_525149424edr_f0570774ncam00654m1,test_msl,bedrock,iou,0.978350023843586,51290,52425,56706
segformer__scratch__mit-b2__in_rover__seed1415__gpu_full__3dc555fe__gitc2c2860f__codebebd8b2d__20260715T051844483360Z,msl_ncam_nlb_525149424edr_f0570774ncam00654m1,test_msl,sand,iou,0.7904357459379616,4281,5416,56706
segformer__scratch__mit-b2__in_rover__seed1415__gpu_full__3dc555fe__gitc2c2860f__codebebd8b2d__20260715T051844483360Z,msl_ncam_nlb_525149424edr_f0570774ncam00654m1,test_msl,big_rock,iou,,0,0,56706
segformer__scratch__mit-b2__in_rover__seed1415__gpu_full__3dc555fe__gitc2c2860f__codebebd8b2d__20260715T051844483360Z,msl_ncam_nlb_525149424edr_f0570774ncam00654m1,test_msl,ALL,pixel_acc,0.9799844813599972,0,0,56706
segformer__scratch__mit-b2__in_rover__seed1415__gpu_full__3dc555fe__gitc2c2860f__codebebd8b2d__20260715T051844483360Z,msl_ncam_nlb_525149424edr_f0570774ncam00654m1,test_msl,ALL,boundary_f1,0.8512253709351487,0,0,56706
segformer__scratch__mit-b2__in_rover__seed1415__gpu_full__3dc555fe__gitc2c2860f__codebebd8b2d__20260715T051844483360Z,msl_ncam_nlb_525149485edr_f0570774ncam07753m1,test_msl,soil,iou,,0,0,26086
segformer__scratch__mit-b2__in_rover__seed1415__gpu_full__3dc555fe__gitc2c2860f__codebebd8b2d__20260715T051844483360Z,msl_ncam_nlb_525149485edr_f0570774ncam07753m1,test_msl,bedrock,iou,0.9945028365363472,22614,22739,26086
segformer__scratch__mit-b2__in_rover__seed1415__gpu_full__3dc555fe__gitc2c2860f__codebebd8b2d__20260715T051844483360Z,msl_ncam_nlb_525149485edr_f0570774ncam07753m1,test_msl,sand,iou,0.9386520737327189,3259,3472,26086
segformer__scratch__mit-b2__in_rover__seed1415__gpu_full__3dc555fe__gitc2c2860f__codebebd8b2d__20260715T051844483360Z,msl_ncam_nlb_525149485edr_f0570774ncam07753m1,test_msl,big_rock,iou,0.0,0,88,26086
segformer__scratch__mit-b2__in_rover__seed1415__gpu_full__3dc555fe__gitc2c2860f__codebebd8b2d__20260715T051844483360Z,msl_ncam_nlb_525149485edr_f0570774ncam07753m1,test_msl,ALL,pixel_acc,0.9918347006056889,0,0,26086
segformer__scratch__mit-b2__in_rover__seed1415__gpu_full__3dc555fe__gitc2c2860f__codebebd8b2d__20260715T051844483360Z,msl_ncam_nlb_525149485edr_f0570774ncam07753m1,test_msl,ALL,boundary_f1,0.6336973295596348,0,0,26086
segformer__scratch__mit-b2__in_rover__seed1415__gpu_full__3dc555fe__gitc2c2860f__codebebd8b2d__20260715T051844483360Z,msl_ncam_nlb_525149600edr_f0570774ncam07753m1,test_msl,soil,iou,,0,0,0
segformer__scratch__mit-b2__in_rover__seed1415__gpu_full__3dc555fe__gitc2c2860f__codebebd8b2d__20260715T051844483360Z,msl_ncam_nlb_525149600edr_f0570774ncam07753m1,test_msl,bedrock,iou,,0,0,0
segformer__scratch__mit-b2__in_rover__seed1415__gpu_full__3dc555fe__gitc2c2860f__codebebd8b2d__20260715T051844483360Z,msl_ncam_nlb_525149600edr_f0570774ncam07753m1,test_msl,sand,iou,,0,0,0
segformer__scratch__mit-b2__in_rover__seed1415__gpu_full__3dc555fe__gitc2c2860f__codebebd8b2d__20260715T051844483360Z,msl_ncam_nlb_525149600edr_f0570774ncam07753m1,test_msl,big_rock,iou,,0,0,0
segformer__scratch__mit-b2__in_rover__seed1415__gpu_full__3dc555fe__gitc2c2860f__codebebd8b2d__20260715T051844483360Z,msl_ncam_nlb_525149600edr_f0570774ncam07753m1,test_msl,ALL,pixel_acc,,0,0,0
segformer__scratch__mit-b2__in_rover__seed1415__gpu_full__3dc555fe__gitc2c2860f__codebebd8b2d__20260715T051844483360Z,msl_ncam_nlb_525149600edr_f0570774ncam07753m1,test_msl,ALL,boundary_f1,,0,0,0
segformer__scratch__mit-b2__in_rover__seed1415__gpu_full__3dc555fe__gitc2c2860f__codebebd8b2d__20260715T051844483360Z,msl_ncam_nlb_525149717edr_f0570774ncam07753m1,test_msl,soil,iou,,0,0,41397
segformer__scratch__mit-b2__in_rover__seed1415__gpu_full__3dc555fe__gitc2c2860f__codebebd8b2d__20260715T051844483360Z,msl_ncam_nlb_525149717edr_f0570774ncam07753m1,test_msl,bedrock,iou,0.952218759813513,39419,41397,41397
segformer__scratch__mit-b2__in_rover__seed1415__gpu_full__3dc555fe__gitc2c2860f__codebebd8b2d__20260715T051844483360Z,msl_ncam_nlb_525149717edr_f0570774ncam07753m1,test_msl,sand,iou,0.0,0,1978,41397
segformer__scratch__mit-b2__in_rover__seed1415__gpu_full__3dc555fe__gitc2c2860f__codebebd8b2d__20260715T051844483360Z,msl_ncam_nlb_525149717edr_f0570774ncam07753m1,test_msl,big_rock,iou,,0,0,41397
segformer__scratch__mit-b2__in_rover__seed1415__gpu_full__3dc555fe__gitc2c2860f__codebebd8b2d__20260715T051844483360Z,msl_ncam_nlb_525149717edr_f0570774ncam07753m1,test_msl,ALL,pixel_acc,0.952218759813513,0,0,41397
segformer__scratch__mit-b2__in_rover__seed1415__gpu_full__3dc555fe__gitc2c2860f__codebebd8b2d__20260715T051844483360Z,msl_ncam_nlb_525149717edr_f0570774ncam07753m1,test_msl,ALL,boundary_f1,0.49305507566857854,0,0,41397
segformer__scratch__mit-b2__in_rover__seed1415__gpu_full__3dc555fe__gitc2c2860f__codebebd8b2d__20260715T051844483360Z,msl_ncam_nlb_527820640edr_f0580000ncam00253m1,test_msl,soil,iou,,0,0,92147
segformer__scratch__mit-b2__in_rover__seed1415__gpu_full__3dc555fe__gitc2c2860f__codebebd8b2d__20260715T051844483360Z,msl_ncam_nlb_527820640edr_f0580000ncam00253m1,test_msl,bedrock,iou,0.9586747262526181,88339,92147,92147
segformer__scratch__mit-b2__in_rover__seed1415__gpu_full__3dc555fe__gitc2c2860f__codebebd8b2d__20260715T051844483360Z,msl_ncam_nlb_527820640edr_f0580000ncam00253m1,test_msl,sand,iou,0.0,0,3808,92147
segformer__scratch__mit-b2__in_rover__seed1415__gpu_full__3dc555fe__gitc2c2860f__codebebd8b2d__20260715T051844483360Z,msl_ncam_nlb_527820640edr_f0580000ncam00253m1,test_msl,big_rock,iou,,0,0,92147
segformer__scratch__mit-b2__in_rover__seed1415__gpu_full__3dc555fe__gitc2c2860f__codebebd8b2d__20260715T051844483360Z,msl_ncam_nlb_527820640edr_f0580000ncam00253m1,test_msl,ALL,pixel_acc,0.9586747262526181,0,0,92147
segformer__scratch__mit-b2__in_rover__seed1415__gpu_full__3dc555fe__gitc2c2860f__codebebd8b2d__20260715T051844483360Z,msl_ncam_nlb_527820640edr_f0580000ncam00253m1,test_msl,ALL,boundary_f1,0.4814001060686416,0,0,92147
segformer__scratch__mit-b2__in_rover__seed1415__gpu_full__3dc555fe__gitc2c2860f__codebebd8b2d__20260715T051844483360Z,msl_ncam_nlb_527820910edr_f0580000ncam00654m1,test_msl,soil,iou,,0,0,42689
segformer__scratch__mit-b2__in_rover__seed1415__gpu_full__3dc555fe__gitc2c2860f__codebebd8b2d__20260715T051844483360Z,msl_ncam_nlb_527820910edr_f0580000ncam00654m1,test_msl,bedrock,iou,0.9721987149349631,31018,31905,42689
segformer__scratch__mit-b2__in_rover__seed1415__gpu_full__3dc555fe__gitc2c2860f__codebebd8b2d__20260715T051844483360Z,msl_ncam_nlb_527820910edr_f0580000ncam00654m1,test_msl,sand,iou,0.9239996572701568,10784,11671,42689
segformer__scratch__mit-b2__in_rover__seed1415__gpu_full__3dc555fe__gitc2c2860f__codebebd8b2d__20260715T051844483360Z,msl_ncam_nlb_527820910edr_f0580000ncam00654m1,test_msl,big_rock,iou,,0,0,42689
segformer__scratch__mit-b2__in_rover__seed1415__gpu_full__3dc555fe__gitc2c2860f__codebebd8b2d__20260715T051844483360Z,msl_ncam_nlb_527820910edr_f0580000ncam00654m1,test_msl,ALL,pixel_acc,0.9792218135819531,0,0,42689
segformer__scratch__mit-b2__in_rover__seed1415__gpu_full__3dc555fe__gitc2c2860f__codebebd8b2d__20260715T051844483360Z,msl_ncam_nlb_527820910edr_f0580000ncam00654m1,test_msl,ALL,boundary_f1,0.9329991762982164,0,0,42689
segformer__scratch__mit-b2__in_rover__seed1415__gpu_full__3dc555fe__gitc2c2860f__codebebd8b2d__20260715T051844483360Z,msl_ncam_nlb_527820942edr_f0580000ncam00654m1,test_msl,soil,iou,,0,0,75399
segformer__scratch__mit-b2__in_rover__seed1415__gpu_full__3dc555fe__gitc2c2860f__codebebd8b2d__20260715T051844483360Z,msl_ncam_nlb_527820942edr_f0580000ncam00654m1,test_msl,bedrock,iou,0.8908759268805266,44934,50438,75399
segformer__scratch__mit-b2__in_rover__seed1415__gpu_full__3dc555fe__gitc2c2860f__codebebd8b2d__20260715T051844483360Z,msl_ncam_nlb_527820942edr_f0580000ncam00654m1,test_msl,sand,iou,0.8192351879205646,24958,30465,75399
segformer__scratch__mit-b2__in_rover__seed1415__gpu_full__3dc555fe__gitc2c2860f__codebebd8b2d__20260715T051844483360Z,msl_ncam_nlb_527820942edr_f0580000ncam00654m1,test_msl,big_rock,iou,0.0,0,3,75399
segformer__scratch__mit-b2__in_rover__seed1415__gpu_full__3dc555fe__gitc2c2860f__codebebd8b2d__20260715T051844483360Z,msl_ncam_nlb_527820942edr_f0580000ncam00654m1,test_msl,ALL,pixel_acc,0.9269618960463667,0,0,75399
segformer__scratch__mit-b2__in_rover__seed1415__gpu_full__3dc555fe__gitc2c2860f__codebebd8b2d__20260715T051844483360Z,msl_ncam_nlb_527820942edr_f0580000ncam00654m1,test_msl,ALL,boundary_f1,0.5185166008588084,0,0,75399
segformer__scratch__mit-b2__in_rover__seed1415__gpu_full__3dc555fe__gitc2c2860f__codebebd8b2d__20260715T051844483360Z,msl_ncam_nlb_527821074edr_f0580000ncam07753m1,test_msl,soil,iou,,0,0,3982
segformer__scratch__mit-b2__in_rover__seed1415__gpu_full__3dc555fe__gitc2c2860f__codebebd8b2d__20260715T051844483360Z,msl_ncam_nlb_527821074edr_f0580000ncam07753m1,test_msl,bedrock,iou,0.0,0,3915,3982
segformer__scratch__mit-b2__in_rover__seed1415__gpu_full__3dc555fe__gitc2c2860f__codebebd8b2d__20260715T051844483360Z,msl_ncam_nlb_527821074edr_f0580000ncam07753m1,test_msl,sand,iou,0.016825715720743345,67,3982,3982
segformer__scratch__mit-b2__in_rover__seed1415__gpu_full__3dc555fe__gitc2c2860f__codebebd8b2d__20260715T051844483360Z,msl_ncam_nlb_527821074edr_f0580000ncam07753m1,test_msl,big_rock,iou,,0,0,3982
segformer__scratch__mit-b2__in_rover__seed1415__gpu_full__3dc555fe__gitc2c2860f__codebebd8b2d__20260715T051844483360Z,msl_ncam_nlb_527821074edr_f0580000ncam07753m1,test_msl,ALL,pixel_acc,0.016825715720743345,0,0,3982
segformer__scratch__mit-b2__in_rover__seed1415__gpu_full__3dc555fe__gitc2c2860f__codebebd8b2d__20260715T051844483360Z,msl_ncam_nlb_527821074edr_f0580000ncam07753m1,test_msl,ALL,boundary_f1,0.023546846698501565,0,0,3982
segformer__scratch__mit-b2__in_rover__seed1415__gpu_full__3dc555fe__gitc2c2860f__codebebd8b2d__20260715T051844483360Z,msl_ncam_nlb_527821213edr_f0580000ncam07753m1,test_msl,soil,iou,,0,0,13830
segformer__scratch__mit-b2__in_rover__seed1415__gpu_full__3dc555fe__gitc2c2860f__codebebd8b2d__20260715T051844483360Z,msl_ncam_nlb_527821213edr_f0580000ncam07753m1,test_msl,bedrock,iou,0.9446131597975416,13064,13830,13830
segformer__scratch__mit-b2__in_rover__seed1415__gpu_full__3dc555fe__gitc2c2860f__codebebd8b2d__20260715T051844483360Z,msl_ncam_nlb_527821213edr_f0580000ncam07753m1,test_msl,sand,iou,0.0,0,766,13830
segformer__scratch__mit-b2__in_rover__seed1415__gpu_full__3dc555fe__gitc2c2860f__codebebd8b2d__20260715T051844483360Z,msl_ncam_nlb_527821213edr_f0580000ncam07753m1,test_msl,big_rock,iou,,0,0,13830
segformer__scratch__mit-b2__in_rover__seed1415__gpu_full__3dc555fe__gitc2c2860f__codebebd8b2d__20260715T051844483360Z,msl_ncam_nlb_527821213edr_f0580000ncam07753m1,test_msl,ALL,pixel_acc,0.9446131597975416,0,0,13830
segformer__scratch__mit-b2__in_rover__seed1415__gpu_full__3dc555fe__gitc2c2860f__codebebd8b2d__20260715T051844483360Z,msl_ncam_nlb_527821213edr_f0580000ncam07753m1,test_msl,ALL,boundary_f1,0.4875061244487996,0,0,13830
segformer__scratch__mit-b2__in_rover__seed1415__gpu_full__3dc555fe__gitc2c2860f__codebebd8b2d__20260715T051844483360Z,msl_ncam_nlb_527821275edr_f0580000ncam07753m1,test_msl,soil,iou,,0,0,18660
segformer__scratch__mit-b2__in_rover__seed1415__gpu_full__3dc555fe__gitc2c2860f__codebebd8b2d__20260715T051844483360Z,msl_ncam_nlb_527821275edr_f0580000ncam07753m1,test_msl,bedrock,iou,1.0,18660,18660,18660
segformer__scratch__mit-b2__in_rover__seed1415__gpu_full__3dc555fe__gitc2c2860f__codebebd8b2d__20260715T051844483360Z,msl_ncam_nlb_527821275edr_f0580000ncam07753m1,test_msl,sand,iou,,0,0,18660
segformer__scratch__mit-b2__in_rover__seed1415__gpu_full__3dc555fe__gitc2c2860f__codebebd8b2d__20260715T051844483360Z,msl_ncam_nlb_527821275edr_f0580000ncam07753m1,test_msl,big_rock,iou,,0,0,18660
segformer__scratch__mit-b2__in_rover__seed1415__gpu_full__3dc555fe__gitc2c2860f__codebebd8b2d__20260715T051844483360Z,msl_ncam_nlb_527821275edr_f0580000ncam07753m1,test_msl,ALL,pixel_acc,1.0,0,0,18660
segformer__scratch__mit-b2__in_rover__seed1415__gpu_full__3dc555fe__gitc2c2860f__codebebd8b2d__20260715T051844483360Z,msl_ncam_nlb_527821275edr_f0580000ncam07753m1,test_msl,ALL,boundary_f1,1.0,0,0,18660
segformer__scratch__mit-b2__in_rover__seed1415__gpu_full__3dc555fe__gitc2c2860f__codebebd8b2d__20260715T051844483360Z,msl_ncam_nlb_528875763edr_f0581002ncam00207m1,test_msl,soil,iou,,0,0,55308
segformer__scratch__mit-b2__in_rover__seed1415__gpu_full__3dc555fe__gitc2c2860f__codebebd8b2d__20260715T051844483360Z,msl_ncam_nlb_528875763edr_f0581002ncam00207m1,test_msl,bedrock,iou,0.9281784222438952,50440,54343,55308
segformer__scratch__mit-b2__in_rover__seed1415__gpu_full__3dc555fe__gitc2c2860f__codebebd8b2d__20260715T051844483360Z,msl_ncam_nlb_528875763edr_f0581002ncam00207m1,test_msl,sand,iou,0.20523181624840495,965,4702,55308
segformer__scratch__mit-b2__in_rover__seed1415__gpu_full__3dc555fe__gitc2c2860f__codebebd8b2d__20260715T051844483360Z,msl_ncam_nlb_528875763edr_f0581002ncam00207m1,test_msl,big_rock,iou,0.0,0,166,55308
segformer__scratch__mit-b2__in_rover__seed1415__gpu_full__3dc555fe__gitc2c2860f__codebebd8b2d__20260715T051844483360Z,msl_ncam_nlb_528875763edr_f0581002ncam00207m1,test_msl,ALL,pixel_acc,0.9294315469733131,0,0,55308
segformer__scratch__mit-b2__in_rover__seed1415__gpu_full__3dc555fe__gitc2c2860f__codebebd8b2d__20260715T051844483360Z,msl_ncam_nlb_528875763edr_f0581002ncam00207m1,test_msl,ALL,boundary_f1,0.31229709408902445,0,0,55308
segformer__scratch__mit-b2__in_rover__seed1415__gpu_full__3dc555fe__gitc2c2860f__codebebd8b2d__20260715T051844483360Z,msl_ncam_nlb_528892751edr_f0581248ncam00346m1,test_msl,soil,iou,0.0,0,1554,25025
segformer__scratch__mit-b2__in_rover__seed1415__gpu_full__3dc555fe__gitc2c2860f__codebebd8b2d__20260715T051844483360Z,msl_ncam_nlb_528892751edr_f0581248ncam00346m1,test_msl,bedrock,iou,0.8542657342657343,21378,25025,25025
segformer__scratch__mit-b2__in_rover__seed1415__gpu_full__3dc555fe__gitc2c2860f__codebebd8b2d__20260715T051844483360Z,msl_ncam_nlb_528892751edr_f0581248ncam00346m1,test_msl,sand,iou,0.0,0,2093,25025
segformer__scratch__mit-b2__in_rover__seed1415__gpu_full__3dc555fe__gitc2c2860f__codebebd8b2d__20260715T051844483360Z,msl_ncam_nlb_528892751edr_f0581248ncam00346m1,test_msl,big_rock,iou,,0,0,25025
segformer__scratch__mit-b2__in_rover__seed1415__gpu_full__3dc555fe__gitc2c2860f__codebebd8b2d__20260715T051844483360Z,msl_ncam_nlb_528892751edr_f0581248ncam00346m1,test_msl,ALL,pixel_acc,0.8542657342657343,0,0,25025
segformer__scratch__mit-b2__in_rover__seed1415__gpu_full__3dc555fe__gitc2c2860f__codebebd8b2d__20260715T051844483360Z,msl_ncam_nlb_528892751edr_f0581248ncam00346m1,test_msl,ALL,boundary_f1,0.3006399554813578,0,0,25025
segformer__scratch__mit-b2__in_rover__seed1415__gpu_full__3dc555fe__gitc2c2860f__codebebd8b2d__20260715T051844483360Z,msl_ncam_nlb_528892900edr_f0581248ncam00262m1,test_msl,soil,iou,,0,0,58755
segformer__scratch__mit-b2__in_rover__seed1415__gpu_full__3dc555fe__gitc2c2860f__codebebd8b2d__20260715T051844483360Z,msl_ncam_nlb_528892900edr_f0581248ncam00262m1,test_msl,bedrock,iou,0.999166028423113,58706,58755,58755
segformer__scratch__mit-b2__in_rover__seed1415__gpu_full__3dc555fe__gitc2c2860f__codebebd8b2d__20260715T051844483360Z,msl_ncam_nlb_528892900edr_f0581248ncam00262m1,test_msl,sand,iou,,0,0,58755
segformer__scratch__mit-b2__in_rover__seed1415__gpu_full__3dc555fe__gitc2c2860f__codebebd8b2d__20260715T051844483360Z,msl_ncam_nlb_528892900edr_f0581248ncam00262m1,test_msl,big_rock,iou,0.0,0,49,58755
segformer__scratch__mit-b2__in_rover__seed1415__gpu_full__3dc555fe__gitc2c2860f__codebebd8b2d__20260715T051844483360Z,msl_ncam_nlb_528892900edr_f0581248ncam00262m1,test_msl,ALL,pixel_acc,0.999166028423113,0,0,58755
segformer__scratch__mit-b2__in_rover__seed1415__gpu_full__3dc555fe__gitc2c2860f__codebebd8b2d__20260715T051844483360Z,msl_ncam_nlb_528892900edr_f0581248ncam00262m1,test_msl,ALL,boundary_f1,0.49917409976874794,0,0,58755
segformer__scratch__mit-b2__in_rover__seed1415__gpu_full__3dc555fe__gitc2c2860f__codebebd8b2d__20260715T051844483360Z,msl_ncam_nlb_528893088edr_f0581248ncam07753m1,test_msl,soil,iou,,0,0,35879
segformer__scratch__mit-b2__in_rover__seed1415__gpu_full__3dc555fe__gitc2c2860f__codebebd8b2d__20260715T051844483360Z,msl_ncam_nlb_528893088edr_f0581248ncam07753m1,test_msl,bedrock,iou,1.0,35879,35879,35879
segformer__scratch__mit-b2__in_rover__seed1415__gpu_full__3dc555fe__gitc2c2860f__codebebd8b2d__20260715T051844483360Z,msl_ncam_nlb_528893088edr_f0581248ncam07753m1,test_msl,sand,iou,,0,0,35879
segformer__scratch__mit-b2__in_rover__seed1415__gpu_full__3dc555fe__gitc2c2860f__codebebd8b2d__20260715T051844483360Z,msl_ncam_nlb_528893088edr_f0581248ncam07753m1,test_msl,big_rock,iou,,0,0,35879
segformer__scratch__mit-b2__in_rover__seed1415__gpu_full__3dc555fe__gitc2c2860f__codebebd8b2d__20260715T051844483360Z,msl_ncam_nlb_528893088edr_f0581248ncam07753m1,test_msl,ALL,pixel_acc,1.0,0,0,35879
segformer__scratch__mit-b2__in_rover__seed1415__gpu_full__3dc555fe__gitc2c2860f__codebebd8b2d__20260715T051844483360Z,msl_ncam_nlb_528893088edr_f0581248ncam07753m1,test_msl,ALL,boundary_f1,1.0,0,0,35879
segformer__scratch__mit-b2__in_rover__seed1415__gpu_full__3dc555fe__gitc2c2860f__codebebd8b2d__20260715T051844483360Z,msl_ncam_nlb_528893506edr_f0581248ncam00654m1,test_msl,soil,iou,0.5506152645079743,14811,26899,66249
segformer__scratch__mit-b2__in_rover__seed1415__gpu_full__3dc555fe__gitc2c2860f__codebebd8b2d__20260715T051844483360Z,msl_ncam_nlb_528893506edr_f0581248ncam00654m1,test_msl,bedrock,iou,0.8463248669406455,37686,44529,66249
segformer__scratch__mit-b2__in_rover__seed1415__gpu_full__3dc555fe__gitc2c2860f__codebebd8b2d__20260715T051844483360Z,msl_ncam_nlb_528893506edr_f0581248ncam00654m1,test_msl,sand,iou,0.06948602794411178,557,8016,66249
segformer__scratch__mit-b2__in_rover__seed1415__gpu_full__3dc555fe__gitc2c2860f__codebebd8b2d__20260715T051844483360Z,msl_ncam_nlb_528893506edr_f0581248ncam00654m1,test_msl,big_rock,iou,,0,0,66249
segformer__scratch__mit-b2__in_rover__seed1415__gpu_full__3dc555fe__gitc2c2860f__codebebd8b2d__20260715T051844483360Z,msl_ncam_nlb_528893506edr_f0581248ncam00654m1,test_msl,ALL,pixel_acc,0.8008271822970913,0,0,66249
segformer__scratch__mit-b2__in_rover__seed1415__gpu_full__3dc555fe__gitc2c2860f__codebebd8b2d__20260715T051844483360Z,msl_ncam_nlb_528893506edr_f0581248ncam00654m1,test_msl,ALL,boundary_f1,0.4537154540380086,0,0,66249
segformer__scratch__mit-b2__in_rover__seed1415__gpu_full__3dc555fe__gitc2c2860f__codebebd8b2d__20260715T051844483360Z,msl_ncam_nlb_528893540edr_f0581248ncam00654m1,test_msl,soil,iou,,0,0,0
segformer__scratch__mit-b2__in_rover__seed1415__gpu_full__3dc555fe__gitc2c2860f__codebebd8b2d__20260715T051844483360Z,msl_ncam_nlb_528893540edr_f0581248ncam00654m1,test_msl,bedrock,iou,,0,0,0
segformer__scratch__mit-b2__in_rover__seed1415__gpu_full__3dc555fe__gitc2c2860f__codebebd8b2d__20260715T051844483360Z,msl_ncam_nlb_528893540edr_f0581248ncam00654m1,test_msl,sand,iou,,0,0,0
segformer__scratch__mit-b2__in_rover__seed1415__gpu_full__3dc555fe__gitc2c2860f__codebebd8b2d__20260715T051844483360Z,msl_ncam_nlb_528893540edr_f0581248ncam00654m1,test_msl,big_rock,iou,,0,0,0
segformer__scratch__mit-b2__in_rover__seed1415__gpu_full__3dc555fe__gitc2c2860f__codebebd8b2d__20260715T051844483360Z,msl_ncam_nlb_528893540edr_f0581248ncam00654m1,test_msl,ALL,pixel_acc,,0,0,0
segformer__scratch__mit-b2__in_rover__seed1415__gpu_full__3dc555fe__gitc2c2860f__codebebd8b2d__20260715T051844483360Z,msl_ncam_nlb_528893540edr_f0581248ncam00654m1,test_msl,ALL,boundary_f1,,0,0,0
segformer__scratch__mit-b2__in_rover__seed1415__gpu_full__3dc555fe__gitc2c2860f__codebebd8b2d__20260715T051844483360Z,msl_ncam_nlb_528893599edr_f0581248ncam00654m1,test_msl,soil,iou,0.052436363636363635,1442,27500,81400
segformer__scratch__mit-b2__in_rover__seed1415__gpu_full__3dc555fe__gitc2c2860f__codebebd8b2d__20260715T051844483360Z,msl_ncam_nlb_528893599edr_f0581248ncam00654m1,test_msl,bedrock,iou,0.6741039045498887,53900,79958,81400
segformer__scratch__mit-b2__in_rover__seed1415__gpu_full__3dc555fe__gitc2c2860f__codebebd8b2d__20260715T051844483360Z,msl_ncam_nlb_528893599edr_f0581248ncam00654m1,test_msl,sand,iou,,0,0,81400
segformer__scratch__mit-b2__in_rover__seed1415__gpu_full__3dc555fe__gitc2c2860f__codebebd8b2d__20260715T051844483360Z,msl_ncam_nlb_528893599edr_f0581248ncam00654m1,test_msl,big_rock,iou,,0,0,81400
segformer__scratch__mit-b2__in_rover__seed1415__gpu_full__3dc555fe__gitc2c2860f__codebebd8b2d__20260715T051844483360Z,msl_ncam_nlb_528893599edr_f0581248ncam00654m1,test_msl,ALL,pixel_acc,0.6798771498771499,0,0,81400
segformer__scratch__mit-b2__in_rover__seed1415__gpu_full__3dc555fe__gitc2c2860f__codebebd8b2d__20260715T051844483360Z,msl_ncam_nlb_528893599edr_f0581248ncam00654m1,test_msl,ALL,boundary_f1,0.36742662803879583,0,0,81400
segformer__scratch__mit-b2__in_rover__seed1415__gpu_full__3dc555fe__gitc2c2860f__codebebd8b2d__20260715T051844483360Z,msl_ncam_nlb_537932733edr_f0600888ncam00320m1,test_msl,soil,iou,,0,0,71764
segformer__scratch__mit-b2__in_rover__seed1415__gpu_full__3dc555fe__gitc2c2860f__codebebd8b2d__20260715T051844483360Z,msl_ncam_nlb_537932733edr_f0600888ncam00320m1,test_msl,bedrock,iou,0.98043974871502,6867,7004,71764
segformer__scratch__mit-b2__in_rover__seed1415__gpu_full__3dc555fe__gitc2c2860f__codebebd8b2d__20260715T051844483360Z,msl_ncam_nlb_537932733edr_f0600888ncam00320m1,test_msl,sand,iou,0.9978889625098233,64760,64897,71764
segformer__scratch__mit-b2__in_rover__seed1415__gpu_full__3dc555fe__gitc2c2860f__codebebd8b2d__20260715T051844483360Z,msl_ncam_nlb_537932733edr_f0600888ncam00320m1,test_msl,big_rock,iou,,0,0,71764
segformer__scratch__mit-b2__in_rover__seed1415__gpu_full__3dc555fe__gitc2c2860f__codebebd8b2d__20260715T051844483360Z,msl_ncam_nlb_537932733edr_f0600888ncam00320m1,test_msl,ALL,pixel_acc,0.9980909648291623,0,0,71764
segformer__scratch__mit-b2__in_rover__seed1415__gpu_full__3dc555fe__gitc2c2860f__codebebd8b2d__20260715T051844483360Z,msl_ncam_nlb_537932733edr_f0600888ncam00320m1,test_msl,ALL,boundary_f1,0.9776688021006505,0,0,71764
segformer__scratch__mit-b2__in_rover__seed1415__gpu_full__3dc555fe__gitc2c2860f__codebebd8b2d__20260715T051844483360Z,msl_ncam_nlb_537938493edr_f0601266ncam00653m1,test_msl,soil,iou,,0,0,106876
segformer__scratch__mit-b2__in_rover__seed1415__gpu_full__3dc555fe__gitc2c2860f__codebebd8b2d__20260715T051844483360Z,msl_ncam_nlb_537938493edr_f0601266ncam00653m1,test_msl,bedrock,iou,0.9148345911762074,30668,33523,106876
segformer__scratch__mit-b2__in_rover__seed1415__gpu_full__3dc555fe__gitc2c2860f__codebebd8b2d__20260715T051844483360Z,msl_ncam_nlb_537938493edr_f0601266ncam00653m1,test_msl,sand,iou,0.9967523643874334,73353,73592,106876
segformer__scratch__mit-b2__in_rover__seed1415__gpu_full__3dc555fe__gitc2c2860f__codebebd8b2d__20260715T051844483360Z,msl_ncam_nlb_537938493edr_f0601266ncam00653m1,test_msl,big_rock,iou,0.0,0,2616,106876
segformer__scratch__mit-b2__in_rover__seed1415__gpu_full__3dc555fe__gitc2c2860f__codebebd8b2d__20260715T051844483360Z,msl_ncam_nlb_537938493edr_f0601266ncam00653m1,test_msl,ALL,pixel_acc,0.9732867996556758,0,0,106876
segformer__scratch__mit-b2__in_rover__seed1415__gpu_full__3dc555fe__gitc2c2860f__codebebd8b2d__20260715T051844483360Z,msl_ncam_nlb_537938493edr_f0601266ncam00653m1,test_msl,ALL,boundary_f1,0.6383505315888481,0,0,106876
segformer__scratch__mit-b2__in_rover__seed1415__gpu_full__3dc555fe__gitc2c2860f__codebebd8b2d__20260715T051844483360Z,msl_ncam_nlb_537938609edr_f0601266ncam07753m1,test_msl,soil,iou,,0,0,30134
segformer__scratch__mit-b2__in_rover__seed1415__gpu_full__3dc555fe__gitc2c2860f__codebebd8b2d__20260715T051844483360Z,msl_ncam_nlb_537938609edr_f0601266ncam07753m1,test_msl,bedrock,iou,0.7482960077896786,3074,4108,30134
segformer__scratch__mit-b2__in_rover__seed1415__gpu_full__3dc555fe__gitc2c2860f__codebebd8b2d__20260715T051844483360Z,msl_ncam_nlb_537938609edr_f0601266ncam07753m1,test_msl,sand,iou,0.9617886178861789,26026,27060,30134
segformer__scratch__mit-b2__in_rover__seed1415__gpu_full__3dc555fe__gitc2c2860f__codebebd8b2d__20260715T051844483360Z,msl_ncam_nlb_537938609edr_f0601266ncam07753m1,test_msl,big_rock,iou,,0,0,30134
segformer__scratch__mit-b2__in_rover__seed1415__gpu_full__3dc555fe__gitc2c2860f__codebebd8b2d__20260715T051844483360Z,msl_ncam_nlb_537938609edr_f0601266ncam07753m1,test_msl,ALL,pixel_acc,0.9656865998539855,0,0,30134
segformer__scratch__mit-b2__in_rover__seed1415__gpu_full__3dc555fe__gitc2c2860f__codebebd8b2d__20260715T051844483360Z,msl_ncam_nlb_537938609edr_f0601266ncam07753m1,test_msl,ALL,boundary_f1,0.8523016864830018,0,0,30134
segformer__scratch__mit-b2__in_rover__seed1415__gpu_full__3dc555fe__gitc2c2860f__codebebd8b2d__20260715T051844483360Z,msl_ncam_nlb_541040424edr_f0610954ncam00305m1,test_msl,soil,iou,0.0,0,3026,93717
segformer__scratch__mit-b2__in_rover__seed1415__gpu_full__3dc555fe__gitc2c2860f__codebebd8b2d__20260715T051844483360Z,msl_ncam_nlb_541040424edr_f0610954ncam00305m1,test_msl,bedrock,iou,0.9722339601380379,55219,56796,93717
segformer__scratch__mit-b2__in_rover__seed1415__gpu_full__3dc555fe__gitc2c2860f__codebebd8b2d__20260715T051844483360Z,msl_ncam_nlb_541040424edr_f0610954ncam00305m1,test_msl,sand,iou,0.8804353472907683,33895,38498,93717
segformer__scratch__mit-b2__in_rover__seed1415__gpu_full__3dc555fe__gitc2c2860f__codebebd8b2d__20260715T051844483360Z,msl_ncam_nlb_541040424edr_f0610954ncam00305m1,test_msl,big_rock,iou,,0,0,93717
segformer__scratch__mit-b2__in_rover__seed1415__gpu_full__3dc555fe__gitc2c2860f__codebebd8b2d__20260715T051844483360Z,msl_ncam_nlb_541040424edr_f0610954ncam00305m1,test_msl,ALL,pixel_acc,0.9508840445170034,0,0,93717
segformer__scratch__mit-b2__in_rover__seed1415__gpu_full__3dc555fe__gitc2c2860f__codebebd8b2d__20260715T051844483360Z,msl_ncam_nlb_541040424edr_f0610954ncam00305m1,test_msl,ALL,boundary_f1,0.5495758384900384,0,0,93717
segformer__scratch__mit-b2__in_rover__seed1415__gpu_full__3dc555fe__gitc2c2860f__codebebd8b2d__20260715T051844483360Z,msl_ncam_nlb_541042107edr_f0611086ncam00385m1,test_msl,soil,iou,,0,0,164400
segformer__scratch__mit-b2__in_rover__seed1415__gpu_full__3dc555fe__gitc2c2860f__codebebd8b2d__20260715T051844483360Z,msl_ncam_nlb_541042107edr_f0611086ncam00385m1,test_msl,bedrock,iou,,0,0,164400
segformer__scratch__mit-b2__in_rover__seed1415__gpu_full__3dc555fe__gitc2c2860f__codebebd8b2d__20260715T051844483360Z,msl_ncam_nlb_541042107edr_f0611086ncam00385m1,test_msl,sand,iou,1.0,164400,164400,164400
segformer__scratch__mit-b2__in_rover__seed1415__gpu_full__3dc555fe__gitc2c2860f__codebebd8b2d__20260715T051844483360Z,msl_ncam_nlb_541042107edr_f0611086ncam00385m1,test_msl,big_rock,iou,,0,0,164400
segformer__scratch__mit-b2__in_rover__seed1415__gpu_full__3dc555fe__gitc2c2860f__codebebd8b2d__20260715T051844483360Z,msl_ncam_nlb_541042107edr_f0611086ncam00385m1,test_msl,ALL,pixel_acc,1.0,0,0,164400
segformer__scratch__mit-b2__in_rover__seed1415__gpu_full__3dc555fe__gitc2c2860f__codebebd8b2d__20260715T051844483360Z,msl_ncam_nlb_541042107edr_f0611086ncam00385m1,test_msl,ALL,boundary_f1,1.0,0,0,164400
segformer__scratch__mit-b2__in_rover__seed1415__gpu_full__3dc555fe__gitc2c2860f__codebebd8b2d__20260715T051844483360Z,msl_ncam_nlb_541043499edr_f0611140ncam00346m1,test_msl,soil,iou,,0,0,119351
segformer__scratch__mit-b2__in_rover__seed1415__gpu_full__3dc555fe__gitc2c2860f__codebebd8b2d__20260715T051844483360Z,msl_ncam_nlb_541043499edr_f0611140ncam00346m1,test_msl,bedrock,iou,,0,0,119351
segformer__scratch__mit-b2__in_rover__seed1415__gpu_full__3dc555fe__gitc2c2860f__codebebd8b2d__20260715T051844483360Z,msl_ncam_nlb_541043499edr_f0611140ncam00346m1,test_msl,sand,iou,1.0,119351,119351,119351
segformer__scratch__mit-b2__in_rover__seed1415__gpu_full__3dc555fe__gitc2c2860f__codebebd8b2d__20260715T051844483360Z,msl_ncam_nlb_541043499edr_f0611140ncam00346m1,test_msl,big_rock,iou,,0,0,119351
segformer__scratch__mit-b2__in_rover__seed1415__gpu_full__3dc555fe__gitc2c2860f__codebebd8b2d__20260715T051844483360Z,msl_ncam_nlb_541043499edr_f0611140ncam00346m1,test_msl,ALL,pixel_acc,1.0,0,0,119351
segformer__scratch__mit-b2__in_rover__seed1415__gpu_full__3dc555fe__gitc2c2860f__codebebd8b2d__20260715T051844483360Z,msl_ncam_nlb_541043499edr_f0611140ncam00346m1,test_msl,ALL,boundary_f1,1.0,0,0,119351
segformer__scratch__mit-b2__in_rover__seed1415__gpu_full__3dc555fe__gitc2c2860f__codebebd8b2d__20260715T051844483360Z,msl_ncam_nlb_541043637edr_f0611140ncam00653m1,test_msl,soil,iou,,0,0,147407
segformer__scratch__mit-b2__in_rover__seed1415__gpu_full__3dc555fe__gitc2c2860f__codebebd8b2d__20260715T051844483360Z,msl_ncam_nlb_541043637edr_f0611140ncam00653m1,test_msl,bedrock,iou,0.9460452953076429,38347,40534,147407
segformer__scratch__mit-b2__in_rover__seed1415__gpu_full__3dc555fe__gitc2c2860f__codebebd8b2d__20260715T051844483360Z,msl_ncam_nlb_541043637edr_f0611140ncam00653m1,test_msl,sand,iou,0.9799468182651752,106873,109060,147407
segformer__scratch__mit-b2__in_rover__seed1415__gpu_full__3dc555fe__gitc2c2860f__codebebd8b2d__20260715T051844483360Z,msl_ncam_nlb_541043637edr_f0611140ncam00653m1,test_msl,big_rock,iou,,0,0,147407
segformer__scratch__mit-b2__in_rover__seed1415__gpu_full__3dc555fe__gitc2c2860f__codebebd8b2d__20260715T051844483360Z,msl_ncam_nlb_541043637edr_f0611140ncam00653m1,test_msl,ALL,pixel_acc,0.9851635268338681,0,0,147407
segformer__scratch__mit-b2__in_rover__seed1415__gpu_full__3dc555fe__gitc2c2860f__codebebd8b2d__20260715T051844483360Z,msl_ncam_nlb_541043637edr_f0611140ncam00653m1,test_msl,ALL,boundary_f1,0.8879623675577579,0,0,147407
segformer__scratch__mit-b2__in_rover__seed1415__gpu_full__3dc555fe__gitc2c2860f__codebebd8b2d__20260715T051844483360Z,msl_ncam_nlb_541049254edr_f0611140ncam12753m1,test_msl,soil,iou,,0,0,12239
segformer__scratch__mit-b2__in_rover__seed1415__gpu_full__3dc555fe__gitc2c2860f__codebebd8b2d__20260715T051844483360Z,msl_ncam_nlb_541049254edr_f0611140ncam12753m1,test_msl,bedrock,iou,0.949171270718232,859,905,12239
segformer__scratch__mit-b2__in_rover__seed1415__gpu_full__3dc555fe__gitc2c2860f__codebebd8b2d__20260715T051844483360Z,msl_ncam_nlb_541049254edr_f0611140ncam12753m1,test_msl,sand,iou,0.9959578207381371,11334,11380,12239
segformer__scratch__mit-b2__in_rover__seed1415__gpu_full__3dc555fe__gitc2c2860f__codebebd8b2d__20260715T051844483360Z,msl_ncam_nlb_541049254edr_f0611140ncam12753m1,test_msl,big_rock,iou,,0,0,12239
segformer__scratch__mit-b2__in_rover__seed1415__gpu_full__3dc555fe__gitc2c2860f__codebebd8b2d__20260715T051844483360Z,msl_ncam_nlb_541049254edr_f0611140ncam12753m1,test_msl,ALL,pixel_acc,0.9962415230002452,0,0,12239
segformer__scratch__mit-b2__in_rover__seed1415__gpu_full__3dc555fe__gitc2c2860f__codebebd8b2d__20260715T051844483360Z,msl_ncam_nlb_541049254edr_f0611140ncam12753m1,test_msl,ALL,boundary_f1,0.9916504328745998,0,0,12239
segformer__scratch__mit-b2__in_rover__seed1415__gpu_full__3dc555fe__gitc2c2860f__codebebd8b2d__20260715T051844483360Z,msl_ncam_nlb_541049316edr_f0611140ncam12753m1,test_msl,soil,iou,0.0,0,25021,134046
segformer__scratch__mit-b2__in_rover__seed1415__gpu_full__3dc555fe__gitc2c2860f__codebebd8b2d__20260715T051844483360Z,msl_ncam_nlb_541049316edr_f0611140ncam12753m1,test_msl,bedrock,iou,,0,0,134046
segformer__scratch__mit-b2__in_rover__seed1415__gpu_full__3dc555fe__gitc2c2860f__codebebd8b2d__20260715T051844483360Z,msl_ncam_nlb_541049316edr_f0611140ncam12753m1,test_msl,sand,iou,0.8133401966489116,109025,134046,134046
segformer__scratch__mit-b2__in_rover__seed1415__gpu_full__3dc555fe__gitc2c2860f__codebebd8b2d__20260715T051844483360Z,msl_ncam_nlb_541049316edr_f0611140ncam12753m1,test_msl,big_rock,iou,,0,0,134046
segformer__scratch__mit-b2__in_rover__seed1415__gpu_full__3dc555fe__gitc2c2860f__codebebd8b2d__20260715T051844483360Z,msl_ncam_nlb_541049316edr_f0611140ncam12753m1,test_msl,ALL,pixel_acc,0.8133401966489116,0,0,134046
segformer__scratch__mit-b2__in_rover__seed1415__gpu_full__3dc555fe__gitc2c2860f__codebebd8b2d__20260715T051844483360Z,msl_ncam_nlb_541049316edr_f0611140ncam12753m1,test_msl,ALL,boundary_f1,0.4064109505035278,0,0,134046
segformer__scratch__mit-b2__in_rover__seed1415__gpu_full__3dc555fe__gitc2c2860f__codebebd8b2d__20260715T051844483360Z,msl_ncam_nlb_542730497edr_f0612232ncam00282m1,test_msl,soil,iou,,0,0,112532
segformer__scratch__mit-b2__in_rover__seed1415__gpu_full__3dc555fe__gitc2c2860f__codebebd8b2d__20260715T051844483360Z,msl_ncam_nlb_542730497edr_f0612232ncam00282m1,test_msl,bedrock,iou,,0,0,112532
segformer__scratch__mit-b2__in_rover__seed1415__gpu_full__3dc555fe__gitc2c2860f__codebebd8b2d__20260715T051844483360Z,msl_ncam_nlb_542730497edr_f0612232ncam00282m1,test_msl,sand,iou,1.0,112532,112532,112532
segformer__scratch__mit-b2__in_rover__seed1415__gpu_full__3dc555fe__gitc2c2860f__codebebd8b2d__20260715T051844483360Z,msl_ncam_nlb_542730497edr_f0612232ncam00282m1,test_msl,big_rock,iou,,0,0,112532
segformer__scratch__mit-b2__in_rover__seed1415__gpu_full__3dc555fe__gitc2c2860f__codebebd8b2d__20260715T051844483360Z,msl_ncam_nlb_542730497edr_f0612232ncam00282m1,test_msl,ALL,pixel_acc,1.0,0,0,112532
segformer__scratch__mit-b2__in_rover__seed1415__gpu_full__3dc555fe__gitc2c2860f__codebebd8b2d__20260715T051844483360Z,msl_ncam_nlb_542730497edr_f0612232ncam00282m1,test_msl,ALL,boundary_f1,1.0,0,0,112532
segformer__scratch__mit-b2__in_rover__seed1415__gpu_full__3dc555fe__gitc2c2860f__codebebd8b2d__20260715T051844483360Z,msl_ncam_nlb_542730580edr_f0612232ncam00282m1,test_msl,soil,iou,,0,0,0
segformer__scratch__mit-b2__in_rover__seed1415__gpu_full__3dc555fe__gitc2c2860f__codebebd8b2d__20260715T051844483360Z,msl_ncam_nlb_542730580edr_f0612232ncam00282m1,test_msl,bedrock,iou,,0,0,0
segformer__scratch__mit-b2__in_rover__seed1415__gpu_full__3dc555fe__gitc2c2860f__codebebd8b2d__20260715T051844483360Z,msl_ncam_nlb_542730580edr_f0612232ncam00282m1,test_msl,sand,iou,,0,0,0
segformer__scratch__mit-b2__in_rover__seed1415__gpu_full__3dc555fe__gitc2c2860f__codebebd8b2d__20260715T051844483360Z,msl_ncam_nlb_542730580edr_f0612232ncam00282m1,test_msl,big_rock,iou,,0,0,0
segformer__scratch__mit-b2__in_rover__seed1415__gpu_full__3dc555fe__gitc2c2860f__codebebd8b2d__20260715T051844483360Z,msl_ncam_nlb_542730580edr_f0612232ncam00282m1,test_msl,ALL,pixel_acc,,0,0,0
segformer__scratch__mit-b2__in_rover__seed1415__gpu_full__3dc555fe__gitc2c2860f__codebebd8b2d__20260715T051844483360Z,msl_ncam_nlb_542730580edr_f0612232ncam00282m1,test_msl,ALL,boundary_f1,,0,0,0
segformer__scratch__mit-b2__in_rover__seed1415__gpu_full__3dc555fe__gitc2c2860f__codebebd8b2d__20260715T051844483360Z,msl_ncam_nlb_542733799edr_f0612232ncam00353m1,test_msl,soil,iou,,0,0,135437
segformer__scratch__mit-b2__in_rover__seed1415__gpu_full__3dc555fe__gitc2c2860f__codebebd8b2d__20260715T051844483360Z,msl_ncam_nlb_542733799edr_f0612232ncam00353m1,test_msl,bedrock,iou,0.939034259509037,3481,3707,135437
segformer__scratch__mit-b2__in_rover__seed1415__gpu_full__3dc555fe__gitc2c2860f__codebebd8b2d__20260715T051844483360Z,msl_ncam_nlb_542733799edr_f0612232ncam00353m1,test_msl,sand,iou,0.998287307890509,131730,131956,135437
segformer__scratch__mit-b2__in_rover__seed1415__gpu_full__3dc555fe__gitc2c2860f__codebebd8b2d__20260715T051844483360Z,msl_ncam_nlb_542733799edr_f0612232ncam00353m1,test_msl,big_rock,iou,,0,0,135437
segformer__scratch__mit-b2__in_rover__seed1415__gpu_full__3dc555fe__gitc2c2860f__codebebd8b2d__20260715T051844483360Z,msl_ncam_nlb_542733799edr_f0612232ncam00353m1,test_msl,ALL,pixel_acc,0.9983313274806737,0,0,135437
segformer__scratch__mit-b2__in_rover__seed1415__gpu_full__3dc555fe__gitc2c2860f__codebebd8b2d__20260715T051844483360Z,msl_ncam_nlb_542733799edr_f0612232ncam00353m1,test_msl,ALL,boundary_f1,0.9405359706638399,0,0,135437
segformer__scratch__mit-b2__in_rover__seed1415__gpu_full__3dc555fe__gitc2c2860f__codebebd8b2d__20260715T051844483360Z,msl_ncam_nlb_542734078edr_f0612232ncam00654m1,test_msl,soil,iou,,0,0,143364
segformer__scratch__mit-b2__in_rover__seed1415__gpu_full__3dc555fe__gitc2c2860f__codebebd8b2d__20260715T051844483360Z,msl_ncam_nlb_542734078edr_f0612232ncam00654m1,test_msl,bedrock,iou,,0,0,143364
segformer__scratch__mit-b2__in_rover__seed1415__gpu_full__3dc555fe__gitc2c2860f__codebebd8b2d__20260715T051844483360Z,msl_ncam_nlb_542734078edr_f0612232ncam00654m1,test_msl,sand,iou,1.0,143364,143364,143364
segformer__scratch__mit-b2__in_rover__seed1415__gpu_full__3dc555fe__gitc2c2860f__codebebd8b2d__20260715T051844483360Z,msl_ncam_nlb_542734078edr_f0612232ncam00654m1,test_msl,big_rock,iou,,0,0,143364
segformer__scratch__mit-b2__in_rover__seed1415__gpu_full__3dc555fe__gitc2c2860f__codebebd8b2d__20260715T051844483360Z,msl_ncam_nlb_542734078edr_f0612232ncam00654m1,test_msl,ALL,pixel_acc,1.0,0,0,143364
segformer__scratch__mit-b2__in_rover__seed1415__gpu_full__3dc555fe__gitc2c2860f__codebebd8b2d__20260715T051844483360Z,msl_ncam_nlb_542734078edr_f0612232ncam00654m1,test_msl,ALL,boundary_f1,1.0,0,0,143364
segformer__scratch__mit-b2__in_rover__seed1415__gpu_full__3dc555fe__gitc2c2860f__codebebd8b2d__20260715T051844483360Z,msl_ncam_nlb_542734110edr_f0612232ncam00654m1,test_msl,soil,iou,,0,0,209285
segformer__scratch__mit-b2__in_rover__seed1415__gpu_full__3dc555fe__gitc2c2860f__codebebd8b2d__20260715T051844483360Z,msl_ncam_nlb_542734110edr_f0612232ncam00654m1,test_msl,bedrock,iou,,0,0,209285
segformer__scratch__mit-b2__in_rover__seed1415__gpu_full__3dc555fe__gitc2c2860f__codebebd8b2d__20260715T051844483360Z,msl_ncam_nlb_542734110edr_f0612232ncam00654m1,test_msl,sand,iou,1.0,209285,209285,209285
segformer__scratch__mit-b2__in_rover__seed1415__gpu_full__3dc555fe__gitc2c2860f__codebebd8b2d__20260715T051844483360Z,msl_ncam_nlb_542734110edr_f0612232ncam00654m1,test_msl,big_rock,iou,,0,0,209285
segformer__scratch__mit-b2__in_rover__seed1415__gpu_full__3dc555fe__gitc2c2860f__codebebd8b2d__20260715T051844483360Z,msl_ncam_nlb_542734110edr_f0612232ncam00654m1,test_msl,ALL,pixel_acc,1.0,0,0,209285
segformer__scratch__mit-b2__in_rover__seed1415__gpu_full__3dc555fe__gitc2c2860f__codebebd8b2d__20260715T051844483360Z,msl_ncam_nlb_542734110edr_f0612232ncam00654m1,test_msl,ALL,boundary_f1,1.0,0,0,209285
segformer__scratch__mit-b2__in_rover__seed1415__gpu_full__3dc555fe__gitc2c2860f__codebebd8b2d__20260715T051844483360Z,msl_ncam_nlb_542734199edr_f0612232ncam00654m1,test_msl,soil,iou,,0,0,176176
segformer__scratch__mit-b2__in_rover__seed1415__gpu_full__3dc555fe__gitc2c2860f__codebebd8b2d__20260715T051844483360Z,msl_ncam_nlb_542734199edr_f0612232ncam00654m1,test_msl,bedrock,iou,,0,0,176176
segformer__scratch__mit-b2__in_rover__seed1415__gpu_full__3dc555fe__gitc2c2860f__codebebd8b2d__20260715T051844483360Z,msl_ncam_nlb_542734199edr_f0612232ncam00654m1,test_msl,sand,iou,1.0,176176,176176,176176
segformer__scratch__mit-b2__in_rover__seed1415__gpu_full__3dc555fe__gitc2c2860f__codebebd8b2d__20260715T051844483360Z,msl_ncam_nlb_542734199edr_f0612232ncam00654m1,test_msl,big_rock,iou,,0,0,176176
segformer__scratch__mit-b2__in_rover__seed1415__gpu_full__3dc555fe__gitc2c2860f__codebebd8b2d__20260715T051844483360Z,msl_ncam_nlb_542734199edr_f0612232ncam00654m1,test_msl,ALL,pixel_acc,1.0,0,0,176176
segformer__scratch__mit-b2__in_rover__seed1415__gpu_full__3dc555fe__gitc2c2860f__codebebd8b2d__20260715T051844483360Z,msl_ncam_nlb_542734199edr_f0612232ncam00654m1,test_msl,ALL,boundary_f1,1.0,0,0,176176
segformer__scratch__mit-b2__in_rover__seed1415__gpu_full__3dc555fe__gitc2c2860f__codebebd8b2d__20260715T051844483360Z,msl_ncam_nlb_542734240edr_f0612232ncam00283m1,test_msl,soil,iou,,0,0,97181
segformer__scratch__mit-b2__in_rover__seed1415__gpu_full__3dc555fe__gitc2c2860f__codebebd8b2d__20260715T051844483360Z,msl_ncam_nlb_542734240edr_f0612232ncam00283m1,test_msl,bedrock,iou,,0,0,97181
segformer__scratch__mit-b2__in_rover__seed1415__gpu_full__3dc555fe__gitc2c2860f__codebebd8b2d__20260715T051844483360Z,msl_ncam_nlb_542734240edr_f0612232ncam00283m1,test_msl,sand,iou,0.9996501373725317,97147,97181,97181
segformer__scratch__mit-b2__in_rover__seed1415__gpu_full__3dc555fe__gitc2c2860f__codebebd8b2d__20260715T051844483360Z,msl_ncam_nlb_542734240edr_f0612232ncam00283m1,test_msl,big_rock,iou,0.0,0,34,97181
segformer__scratch__mit-b2__in_rover__seed1415__gpu_full__3dc555fe__gitc2c2860f__codebebd8b2d__20260715T051844483360Z,msl_ncam_nlb_542734240edr_f0612232ncam00283m1,test_msl,ALL,pixel_acc,0.9996501373725317,0,0,97181
segformer__scratch__mit-b2__in_rover__seed1415__gpu_full__3dc555fe__gitc2c2860f__codebebd8b2d__20260715T051844483360Z,msl_ncam_nlb_542734240edr_f0612232ncam00283m1,test_msl,ALL,boundary_f1,0.4997817070508623,0,0,97181
segformer__scratch__mit-b2__in_rover__seed1415__gpu_full__3dc555fe__gitc2c2860f__codebebd8b2d__20260715T051844483360Z,msl_ncam_nlb_542734362edr_f0612232ncam00283m1,test_msl,soil,iou,,0,0,145077
segformer__scratch__mit-b2__in_rover__seed1415__gpu_full__3dc555fe__gitc2c2860f__codebebd8b2d__20260715T051844483360Z,msl_ncam_nlb_542734362edr_f0612232ncam00283m1,test_msl,bedrock,iou,0.0,0,3,145077
segformer__scratch__mit-b2__in_rover__seed1415__gpu_full__3dc555fe__gitc2c2860f__codebebd8b2d__20260715T051844483360Z,msl_ncam_nlb_542734362edr_f0612232ncam00283m1,test_msl,sand,iou,0.9999793213259166,145074,145077,145077
segformer__scratch__mit-b2__in_rover__seed1415__gpu_full__3dc555fe__gitc2c2860f__codebebd8b2d__20260715T051844483360Z,msl_ncam_nlb_542734362edr_f0612232ncam00283m1,test_msl,big_rock,iou,,0,0,145077
segformer__scratch__mit-b2__in_rover__seed1415__gpu_full__3dc555fe__gitc2c2860f__codebebd8b2d__20260715T051844483360Z,msl_ncam_nlb_542734362edr_f0612232ncam00283m1,test_msl,ALL,pixel_acc,0.9999793213259166,0,0,145077
segformer__scratch__mit-b2__in_rover__seed1415__gpu_full__3dc555fe__gitc2c2860f__codebebd8b2d__20260715T051844483360Z,msl_ncam_nlb_542734362edr_f0612232ncam00283m1,test_msl,ALL,boundary_f1,0.5,0,0,145077
segformer__scratch__mit-b2__in_rover__seed1415__gpu_full__3dc555fe__gitc2c2860f__codebebd8b2d__20260715T051844483360Z,msl_ncam_nlb_542738036edr_f0612232ccam15903m1,test_msl,soil,iou,0.0,0,57,189972
segformer__scratch__mit-b2__in_rover__seed1415__gpu_full__3dc555fe__gitc2c2860f__codebebd8b2d__20260715T051844483360Z,msl_ncam_nlb_542738036edr_f0612232ccam15903m1,test_msl,bedrock,iou,0.0,0,1196,189972
segformer__scratch__mit-b2__in_rover__seed1415__gpu_full__3dc555fe__gitc2c2860f__codebebd8b2d__20260715T051844483360Z,msl_ncam_nlb_542738036edr_f0612232ccam15903m1,test_msl,sand,iou,0.992883161729097,188620,189972,189972
segformer__scratch__mit-b2__in_rover__seed1415__gpu_full__3dc555fe__gitc2c2860f__codebebd8b2d__20260715T051844483360Z,msl_ncam_nlb_542738036edr_f0612232ccam15903m1,test_msl,big_rock,iou,0.0,0,99,189972
segformer__scratch__mit-b2__in_rover__seed1415__gpu_full__3dc555fe__gitc2c2860f__codebebd8b2d__20260715T051844483360Z,msl_ncam_nlb_542738036edr_f0612232ccam15903m1,test_msl,ALL,pixel_acc,0.992883161729097,0,0,189972
segformer__scratch__mit-b2__in_rover__seed1415__gpu_full__3dc555fe__gitc2c2860f__codebebd8b2d__20260715T051844483360Z,msl_ncam_nlb_542738036edr_f0612232ccam15903m1,test_msl,ALL,boundary_f1,0.24415678032541605,0,0,189972
segformer__scratch__mit-b2__in_rover__seed1415__gpu_full__3dc555fe__gitc2c2860f__codebebd8b2d__20260715T051844483360Z,msl_ncam_nlb_543351716edr_f0613076ncam00286m1,test_msl,soil,iou,,0,0,0
segformer__scratch__mit-b2__in_rover__seed1415__gpu_full__3dc555fe__gitc2c2860f__codebebd8b2d__20260715T051844483360Z,msl_ncam_nlb_543351716edr_f0613076ncam00286m1,test_msl,bedrock,iou,,0,0,0
segformer__scratch__mit-b2__in_rover__seed1415__gpu_full__3dc555fe__gitc2c2860f__codebebd8b2d__20260715T051844483360Z,msl_ncam_nlb_543351716edr_f0613076ncam00286m1,test_msl,sand,iou,,0,0,0
segformer__scratch__mit-b2__in_rover__seed1415__gpu_full__3dc555fe__gitc2c2860f__codebebd8b2d__20260715T051844483360Z,msl_ncam_nlb_543351716edr_f0613076ncam00286m1,test_msl,big_rock,iou,,0,0,0
segformer__scratch__mit-b2__in_rover__seed1415__gpu_full__3dc555fe__gitc2c2860f__codebebd8b2d__20260715T051844483360Z,msl_ncam_nlb_543351716edr_f0613076ncam00286m1,test_msl,ALL,pixel_acc,,0,0,0
segformer__scratch__mit-b2__in_rover__seed1415__gpu_full__3dc555fe__gitc2c2860f__codebebd8b2d__20260715T051844483360Z,msl_ncam_nlb_543351716edr_f0613076ncam00286m1,test_msl,ALL,boundary_f1,,0,0,0
segformer__scratch__mit-b2__in_rover__seed1415__gpu_full__3dc555fe__gitc2c2860f__codebebd8b2d__20260715T051844483360Z,msl_ncam_nlb_543357370edr_f0613076ncam00287m1,test_msl,soil,iou,,0,0,139163
segformer__scratch__mit-b2__in_rover__seed1415__gpu_full__3dc555fe__gitc2c2860f__codebebd8b2d__20260715T051844483360Z,msl_ncam_nlb_543357370edr_f0613076ncam00287m1,test_msl,bedrock,iou,,0,0,139163
segformer__scratch__mit-b2__in_rover__seed1415__gpu_full__3dc555fe__gitc2c2860f__codebebd8b2d__20260715T051844483360Z,msl_ncam_nlb_543357370edr_f0613076ncam00287m1,test_msl,sand,iou,1.0,139163,139163,139163
segformer__scratch__mit-b2__in_rover__seed1415__gpu_full__3dc555fe__gitc2c2860f__codebebd8b2d__20260715T051844483360Z,msl_ncam_nlb_543357370edr_f0613076ncam00287m1,test_msl,big_rock,iou,,0,0,139163
segformer__scratch__mit-b2__in_rover__seed1415__gpu_full__3dc555fe__gitc2c2860f__codebebd8b2d__20260715T051844483360Z,msl_ncam_nlb_543357370edr_f0613076ncam00287m1,test_msl,ALL,pixel_acc,1.0,0,0,139163
segformer__scratch__mit-b2__in_rover__seed1415__gpu_full__3dc555fe__gitc2c2860f__codebebd8b2d__20260715T051844483360Z,msl_ncam_nlb_543357370edr_f0613076ncam00287m1,test_msl,ALL,boundary_f1,1.0,0,0,139163
segformer__scratch__mit-b2__in_rover__seed1415__gpu_full__3dc555fe__gitc2c2860f__codebebd8b2d__20260715T051844483360Z,msl_ncam_nlb_543357433edr_f0613076ncam00287m1,test_msl,soil,iou,0.0,0,97,73935
segformer__scratch__mit-b2__in_rover__seed1415__gpu_full__3dc555fe__gitc2c2860f__codebebd8b2d__20260715T051844483360Z,msl_ncam_nlb_543357433edr_f0613076ncam00287m1,test_msl,bedrock,iou,0.0,0,250,73935
segformer__scratch__mit-b2__in_rover__seed1415__gpu_full__3dc555fe__gitc2c2860f__codebebd8b2d__20260715T051844483360Z,msl_ncam_nlb_543357433edr_f0613076ncam00287m1,test_msl,sand,iou,0.995306688307297,73588,73935,73935
segformer__scratch__mit-b2__in_rover__seed1415__gpu_full__3dc555fe__gitc2c2860f__codebebd8b2d__20260715T051844483360Z,msl_ncam_nlb_543357433edr_f0613076ncam00287m1,test_msl,big_rock,iou,,0,0,73935
segformer__scratch__mit-b2__in_rover__seed1415__gpu_full__3dc555fe__gitc2c2860f__codebebd8b2d__20260715T051844483360Z,msl_ncam_nlb_543357433edr_f0613076ncam00287m1,test_msl,ALL,pixel_acc,0.995306688307297,0,0,73935
segformer__scratch__mit-b2__in_rover__seed1415__gpu_full__3dc555fe__gitc2c2860f__codebebd8b2d__20260715T051844483360Z,msl_ncam_nlb_543357433edr_f0613076ncam00287m1,test_msl,ALL,boundary_f1,0.3314335465005485,0,0,73935
segformer__scratch__mit-b2__in_rover__seed1415__gpu_full__3dc555fe__gitc2c2860f__codebebd8b2d__20260715T051844483360Z,msl_ncam_nlb_543357548edr_f0613076ncam00287m1,test_msl,soil,iou,,0,0,0
segformer__scratch__mit-b2__in_rover__seed1415__gpu_full__3dc555fe__gitc2c2860f__codebebd8b2d__20260715T051844483360Z,msl_ncam_nlb_543357548edr_f0613076ncam00287m1,test_msl,bedrock,iou,,0,0,0
segformer__scratch__mit-b2__in_rover__seed1415__gpu_full__3dc555fe__gitc2c2860f__codebebd8b2d__20260715T051844483360Z,msl_ncam_nlb_543357548edr_f0613076ncam00287m1,test_msl,sand,iou,,0,0,0
segformer__scratch__mit-b2__in_rover__seed1415__gpu_full__3dc555fe__gitc2c2860f__codebebd8b2d__20260715T051844483360Z,msl_ncam_nlb_543357548edr_f0613076ncam00287m1,test_msl,big_rock,iou,,0,0,0
segformer__scratch__mit-b2__in_rover__seed1415__gpu_full__3dc555fe__gitc2c2860f__codebebd8b2d__20260715T051844483360Z,msl_ncam_nlb_543357548edr_f0613076ncam00287m1,test_msl,ALL,pixel_acc,,0,0,0
segformer__scratch__mit-b2__in_rover__seed1415__gpu_full__3dc555fe__gitc2c2860f__codebebd8b2d__20260715T051844483360Z,msl_ncam_nlb_543357548edr_f0613076ncam00287m1,test_msl,ALL,boundary_f1,,0,0,0
segformer__scratch__mit-b2__in_rover__seed1415__gpu_full__3dc555fe__gitc2c2860f__codebebd8b2d__20260715T051844483360Z,msl_ncam_nlb_548047620edr_f0630346ncam00320m1,test_msl,soil,iou,,0,0,96137
segformer__scratch__mit-b2__in_rover__seed1415__gpu_full__3dc555fe__gitc2c2860f__codebebd8b2d__20260715T051844483360Z,msl_ncam_nlb_548047620edr_f0630346ncam00320m1,test_msl,bedrock,iou,0.9471773461608277,78270,82635,96137
segformer__scratch__mit-b2__in_rover__seed1415__gpu_full__3dc555fe__gitc2c2860f__codebebd8b2d__20260715T051844483360Z,msl_ncam_nlb_548047620edr_f0630346ncam00320m1,test_msl,sand,iou,0.8124924780358648,13502,16618,96137
segformer__scratch__mit-b2__in_rover__seed1415__gpu_full__3dc555fe__gitc2c2860f__codebebd8b2d__20260715T051844483360Z,msl_ncam_nlb_548047620edr_f0630346ncam00320m1,test_msl,big_rock,iou,0.0,0,1249,96137
segformer__scratch__mit-b2__in_rover__seed1415__gpu_full__3dc555fe__gitc2c2860f__codebebd8b2d__20260715T051844483360Z,msl_ncam_nlb_548047620edr_f0630346ncam00320m1,test_msl,ALL,pixel_acc,0.9545960452271238,0,0,96137
segformer__scratch__mit-b2__in_rover__seed1415__gpu_full__3dc555fe__gitc2c2860f__codebebd8b2d__20260715T051844483360Z,msl_ncam_nlb_548047620edr_f0630346ncam00320m1,test_msl,ALL,boundary_f1,0.6037850122946077,0,0,96137
segformer__scratch__mit-b2__in_rover__seed1415__gpu_full__3dc555fe__gitc2c2860f__codebebd8b2d__20260715T051844483360Z,msl_ncam_nlb_548057490edr_f0630724ncam00385m1,test_msl,soil,iou,,0,0,65888
segformer__scratch__mit-b2__in_rover__seed1415__gpu_full__3dc555fe__gitc2c2860f__codebebd8b2d__20260715T051844483360Z,msl_ncam_nlb_548057490edr_f0630724ncam00385m1,test_msl,bedrock,iou,0.9337227728925209,60100,64366,65888
segformer__scratch__mit-b2__in_rover__seed1415__gpu_full__3dc555fe__gitc2c2860f__codebebd8b2d__20260715T051844483360Z,msl_ncam_nlb_548057490edr_f0630724ncam00385m1,test_msl,sand,iou,0.2629578438147892,1522,5788,65888
segformer__scratch__mit-b2__in_rover__seed1415__gpu_full__3dc555fe__gitc2c2860f__codebebd8b2d__20260715T051844483360Z,msl_ncam_nlb_548057490edr_f0630724ncam00385m1,test_msl,big_rock,iou,,0,0,65888
segformer__scratch__mit-b2__in_rover__seed1415__gpu_full__3dc555fe__gitc2c2860f__codebebd8b2d__20260715T051844483360Z,msl_ncam_nlb_548057490edr_f0630724ncam00385m1,test_msl,ALL,pixel_acc,0.9352537639630889,0,0,65888
segformer__scratch__mit-b2__in_rover__seed1415__gpu_full__3dc555fe__gitc2c2860f__codebebd8b2d__20260715T051844483360Z,msl_ncam_nlb_548057490edr_f0630724ncam00385m1,test_msl,ALL,boundary_f1,0.5613294410911976,0,0,65888
segformer__scratch__mit-b2__in_rover__seed1415__gpu_full__3dc555fe__gitc2c2860f__codebebd8b2d__20260715T051844483360Z,msl_ncam_nlb_548058260edr_f0630766ncam00375m1,test_msl,soil,iou,,0,0,41868
segformer__scratch__mit-b2__in_rover__seed1415__gpu_full__3dc555fe__gitc2c2860f__codebebd8b2d__20260715T051844483360Z,msl_ncam_nlb_548058260edr_f0630766ncam00375m1,test_msl,bedrock,iou,0.973471615720524,26751,27480,41868
segformer__scratch__mit-b2__in_rover__seed1415__gpu_full__3dc555fe__gitc2c2860f__codebebd8b2d__20260715T051844483360Z,msl_ncam_nlb_548058260edr_f0630766ncam00375m1,test_msl,sand,iou,0.9517761460607264,14388,15117,41868
segformer__scratch__mit-b2__in_rover__seed1415__gpu_full__3dc555fe__gitc2c2860f__codebebd8b2d__20260715T051844483360Z,msl_ncam_nlb_548058260edr_f0630766ncam00375m1,test_msl,big_rock,iou,,0,0,41868
segformer__scratch__mit-b2__in_rover__seed1415__gpu_full__3dc555fe__gitc2c2860f__codebebd8b2d__20260715T051844483360Z,msl_ncam_nlb_548058260edr_f0630766ncam00375m1,test_msl,ALL,pixel_acc,0.9825881341358556,0,0,41868
segformer__scratch__mit-b2__in_rover__seed1415__gpu_full__3dc555fe__gitc2c2860f__codebebd8b2d__20260715T051844483360Z,msl_ncam_nlb_548058260edr_f0630766ncam00375m1,test_msl,ALL,boundary_f1,0.948486133033462,0,0,41868
segformer__scratch__mit-b2__in_rover__seed1415__gpu_full__3dc555fe__gitc2c2860f__codebebd8b2d__20260715T051844483360Z,msl_ncam_nlb_548058358edr_f0630766ncam00273m1,test_msl,soil,iou,,0,0,43577
segformer__scratch__mit-b2__in_rover__seed1415__gpu_full__3dc555fe__gitc2c2860f__codebebd8b2d__20260715T051844483360Z,msl_ncam_nlb_548058358edr_f0630766ncam00273m1,test_msl,bedrock,iou,0.9068780971258672,22876,25225,43577
segformer__scratch__mit-b2__in_rover__seed1415__gpu_full__3dc555fe__gitc2c2860f__codebebd8b2d__20260715T051844483360Z,msl_ncam_nlb_548058358edr_f0630766ncam00273m1,test_msl,sand,iou,0.8923465914616358,18352,20566,43577
segformer__scratch__mit-b2__in_rover__seed1415__gpu_full__3dc555fe__gitc2c2860f__codebebd8b2d__20260715T051844483360Z,msl_ncam_nlb_548058358edr_f0630766ncam00273m1,test_msl,big_rock,iou,0.0,0,135,43577
segformer__scratch__mit-b2__in_rover__seed1415__gpu_full__3dc555fe__gitc2c2860f__codebebd8b2d__20260715T051844483360Z,msl_ncam_nlb_548058358edr_f0630766ncam00273m1,test_msl,ALL,pixel_acc,0.9460954173072952,0,0,43577
segformer__scratch__mit-b2__in_rover__seed1415__gpu_full__3dc555fe__gitc2c2860f__codebebd8b2d__20260715T051844483360Z,msl_ncam_nlb_548058358edr_f0630766ncam00273m1,test_msl,ALL,boundary_f1,0.5931703400872911,0,0,43577
segformer__scratch__mit-b2__in_rover__seed1415__gpu_full__3dc555fe__gitc2c2860f__codebebd8b2d__20260715T051844483360Z,msl_ncam_nlb_548063838edr_f0630766ncam07753m1,test_msl,soil,iou,,0,0,13320
segformer__scratch__mit-b2__in_rover__seed1415__gpu_full__3dc555fe__gitc2c2860f__codebebd8b2d__20260715T051844483360Z,msl_ncam_nlb_548063838edr_f0630766ncam07753m1,test_msl,bedrock,iou,1.0,13320,13320,13320
segformer__scratch__mit-b2__in_rover__seed1415__gpu_full__3dc555fe__gitc2c2860f__codebebd8b2d__20260715T051844483360Z,msl_ncam_nlb_548063838edr_f0630766ncam07753m1,test_msl,sand,iou,,0,0,13320
segformer__scratch__mit-b2__in_rover__seed1415__gpu_full__3dc555fe__gitc2c2860f__codebebd8b2d__20260715T051844483360Z,msl_ncam_nlb_548063838edr_f0630766ncam07753m1,test_msl,big_rock,iou,,0,0,13320
segformer__scratch__mit-b2__in_rover__seed1415__gpu_full__3dc555fe__gitc2c2860f__codebebd8b2d__20260715T051844483360Z,msl_ncam_nlb_548063838edr_f0630766ncam07753m1,test_msl,ALL,pixel_acc,1.0,0,0,13320
segformer__scratch__mit-b2__in_rover__seed1415__gpu_full__3dc555fe__gitc2c2860f__codebebd8b2d__20260715T051844483360Z,msl_ncam_nlb_548063838edr_f0630766ncam07753m1,test_msl,ALL,boundary_f1,1.0,0,0,13320
segformer__scratch__mit-b2__in_rover__seed1415__gpu_full__3dc555fe__gitc2c2860f__codebebd8b2d__20260715T051844483360Z,msl_ncam_nlb_552665174edr_f0641980ncam00320m1,test_msl,soil,iou,,0,0,107820
segformer__scratch__mit-b2__in_rover__seed1415__gpu_full__3dc555fe__gitc2c2860f__codebebd8b2d__20260715T051844483360Z,msl_ncam_nlb_552665174edr_f0641980ncam00320m1,test_msl,bedrock,iou,1.0,20145,20145,107820
segformer__scratch__mit-b2__in_rover__seed1415__gpu_full__3dc555fe__gitc2c2860f__codebebd8b2d__20260715T051844483360Z,msl_ncam_nlb_552665174edr_f0641980ncam00320m1,test_msl,sand,iou,1.0,87675,87675,107820
segformer__scratch__mit-b2__in_rover__seed1415__gpu_full__3dc555fe__gitc2c2860f__codebebd8b2d__20260715T051844483360Z,msl_ncam_nlb_552665174edr_f0641980ncam00320m1,test_msl,big_rock,iou,,0,0,107820
segformer__scratch__mit-b2__in_rover__seed1415__gpu_full__3dc555fe__gitc2c2860f__codebebd8b2d__20260715T051844483360Z,msl_ncam_nlb_552665174edr_f0641980ncam00320m1,test_msl,ALL,pixel_acc,1.0,0,0,107820
segformer__scratch__mit-b2__in_rover__seed1415__gpu_full__3dc555fe__gitc2c2860f__codebebd8b2d__20260715T051844483360Z,msl_ncam_nlb_552665174edr_f0641980ncam00320m1,test_msl,ALL,boundary_f1,1.0,0,0,107820
segformer__scratch__mit-b2__in_rover__seed1415__gpu_full__3dc555fe__gitc2c2860f__codebebd8b2d__20260715T051844483360Z,msl_ncam_nlb_552676131edr_f0642004ncam00385m1,test_msl,soil,iou,0.0,0,440,241952
segformer__scratch__mit-b2__in_rover__seed1415__gpu_full__3dc555fe__gitc2c2860f__codebebd8b2d__20260715T051844483360Z,msl_ncam_nlb_552676131edr_f0642004ncam00385m1,test_msl,bedrock,iou,,0,0,241952
segformer__scratch__mit-b2__in_rover__seed1415__gpu_full__3dc555fe__gitc2c2860f__codebebd8b2d__20260715T051844483360Z,msl_ncam_nlb_552676131edr_f0642004ncam00385m1,test_msl,sand,iou,0.9981814574791694,241512,241952,241952
segformer__scratch__mit-b2__in_rover__seed1415__gpu_full__3dc555fe__gitc2c2860f__codebebd8b2d__20260715T051844483360Z,msl_ncam_nlb_552676131edr_f0642004ncam00385m1,test_msl,big_rock,iou,,0,0,241952
segformer__scratch__mit-b2__in_rover__seed1415__gpu_full__3dc555fe__gitc2c2860f__codebebd8b2d__20260715T051844483360Z,msl_ncam_nlb_552676131edr_f0642004ncam00385m1,test_msl,ALL,pixel_acc,0.9981814574791694,0,0,241952
segformer__scratch__mit-b2__in_rover__seed1415__gpu_full__3dc555fe__gitc2c2860f__codebebd8b2d__20260715T051844483360Z,msl_ncam_nlb_552676131edr_f0642004ncam00385m1,test_msl,ALL,boundary_f1,0.4900630150266602,0,0,241952
segformer__scratch__mit-b2__in_rover__seed1415__gpu_full__3dc555fe__gitc2c2860f__codebebd8b2d__20260715T051844483360Z,msl_ncam_nlb_552677384edr_f0642088ncam00376m1,test_msl,soil,iou,0.0,0,8590,93137
segformer__scratch__mit-b2__in_rover__seed1415__gpu_full__3dc555fe__gitc2c2860f__codebebd8b2d__20260715T051844483360Z,msl_ncam_nlb_552677384edr_f0642088ncam00376m1,test_msl,bedrock,iou,,0,0,93137
segformer__scratch__mit-b2__in_rover__seed1415__gpu_full__3dc555fe__gitc2c2860f__codebebd8b2d__20260715T051844483360Z,msl_ncam_nlb_552677384edr_f0642088ncam00376m1,test_msl,sand,iou,0.9077702738975917,84547,93137,93137
segformer__scratch__mit-b2__in_rover__seed1415__gpu_full__3dc555fe__gitc2c2860f__codebebd8b2d__20260715T051844483360Z,msl_ncam_nlb_552677384edr_f0642088ncam00376m1,test_msl,big_rock,iou,,0,0,93137
segformer__scratch__mit-b2__in_rover__seed1415__gpu_full__3dc555fe__gitc2c2860f__codebebd8b2d__20260715T051844483360Z,msl_ncam_nlb_552677384edr_f0642088ncam00376m1,test_msl,ALL,pixel_acc,0.9077702738975917,0,0,93137
segformer__scratch__mit-b2__in_rover__seed1415__gpu_full__3dc555fe__gitc2c2860f__codebebd8b2d__20260715T051844483360Z,msl_ncam_nlb_552677384edr_f0642088ncam00376m1,test_msl,ALL,boundary_f1,0.41945063103192276,0,0,93137
segformer__scratch__mit-b2__in_rover__seed1415__gpu_full__3dc555fe__gitc2c2860f__codebebd8b2d__20260715T051844483360Z,msl_ncam_nlb_552677513edr_f0642088ncam00255m1,test_msl,soil,iou,,0,0,42984
segformer__scratch__mit-b2__in_rover__seed1415__gpu_full__3dc555fe__gitc2c2860f__codebebd8b2d__20260715T051844483360Z,msl_ncam_nlb_552677513edr_f0642088ncam00255m1,test_msl,bedrock,iou,0.9645293315143247,1414,1466,42984
segformer__scratch__mit-b2__in_rover__seed1415__gpu_full__3dc555fe__gitc2c2860f__codebebd8b2d__20260715T051844483360Z,msl_ncam_nlb_552677513edr_f0642088ncam00255m1,test_msl,sand,iou,0.9987490979071446,41518,41570,42984
segformer__scratch__mit-b2__in_rover__seed1415__gpu_full__3dc555fe__gitc2c2860f__codebebd8b2d__20260715T051844483360Z,msl_ncam_nlb_552677513edr_f0642088ncam00255m1,test_msl,big_rock,iou,,0,0,42984
segformer__scratch__mit-b2__in_rover__seed1415__gpu_full__3dc555fe__gitc2c2860f__codebebd8b2d__20260715T051844483360Z,msl_ncam_nlb_552677513edr_f0642088ncam00255m1,test_msl,ALL,pixel_acc,0.9987902475339662,0,0,42984
segformer__scratch__mit-b2__in_rover__seed1415__gpu_full__3dc555fe__gitc2c2860f__codebebd8b2d__20260715T051844483360Z,msl_ncam_nlb_552677513edr_f0642088ncam00255m1,test_msl,ALL,boundary_f1,0.9764360235040173,0,0,42984
segformer__scratch__mit-b2__in_rover__seed1415__gpu_full__3dc555fe__gitc2c2860f__codebebd8b2d__20260715T051844483360Z,msl_ncam_nlb_552677608edr_f0642088ncam00255m1,test_msl,soil,iou,,0,0,238297
segformer__scratch__mit-b2__in_rover__seed1415__gpu_full__3dc555fe__gitc2c2860f__codebebd8b2d__20260715T051844483360Z,msl_ncam_nlb_552677608edr_f0642088ncam00255m1,test_msl,bedrock,iou,,0,0,238297
segformer__scratch__mit-b2__in_rover__seed1415__gpu_full__3dc555fe__gitc2c2860f__codebebd8b2d__20260715T051844483360Z,msl_ncam_nlb_552677608edr_f0642088ncam00255m1,test_msl,sand,iou,1.0,238297,238297,238297
segformer__scratch__mit-b2__in_rover__seed1415__gpu_full__3dc555fe__gitc2c2860f__codebebd8b2d__20260715T051844483360Z,msl_ncam_nlb_552677608edr_f0642088ncam00255m1,test_msl,big_rock,iou,,0,0,238297
segformer__scratch__mit-b2__in_rover__seed1415__gpu_full__3dc555fe__gitc2c2860f__codebebd8b2d__20260715T051844483360Z,msl_ncam_nlb_552677608edr_f0642088ncam00255m1,test_msl,ALL,pixel_acc,1.0,0,0,238297
segformer__scratch__mit-b2__in_rover__seed1415__gpu_full__3dc555fe__gitc2c2860f__codebebd8b2d__20260715T051844483360Z,msl_ncam_nlb_552677608edr_f0642088ncam00255m1,test_msl,ALL,boundary_f1,1.0,0,0,238297
segformer__scratch__mit-b2__in_rover__seed1415__gpu_full__3dc555fe__gitc2c2860f__codebebd8b2d__20260715T051844483360Z,msl_ncam_nlb_552677960edr_f0642088ncam00354m1,test_msl,soil,iou,,0,0,141082
segformer__scratch__mit-b2__in_rover__seed1415__gpu_full__3dc555fe__gitc2c2860f__codebebd8b2d__20260715T051844483360Z,msl_ncam_nlb_552677960edr_f0642088ncam00354m1,test_msl,bedrock,iou,,0,0,141082
segformer__scratch__mit-b2__in_rover__seed1415__gpu_full__3dc555fe__gitc2c2860f__codebebd8b2d__20260715T051844483360Z,msl_ncam_nlb_552677960edr_f0642088ncam00354m1,test_msl,sand,iou,1.0,141082,141082,141082
segformer__scratch__mit-b2__in_rover__seed1415__gpu_full__3dc555fe__gitc2c2860f__codebebd8b2d__20260715T051844483360Z,msl_ncam_nlb_552677960edr_f0642088ncam00354m1,test_msl,big_rock,iou,,0,0,141082
segformer__scratch__mit-b2__in_rover__seed1415__gpu_full__3dc555fe__gitc2c2860f__codebebd8b2d__20260715T051844483360Z,msl_ncam_nlb_552677960edr_f0642088ncam00354m1,test_msl,ALL,pixel_acc,1.0,0,0,141082
segformer__scratch__mit-b2__in_rover__seed1415__gpu_full__3dc555fe__gitc2c2860f__codebebd8b2d__20260715T051844483360Z,msl_ncam_nlb_552677960edr_f0642088ncam00354m1,test_msl,ALL,boundary_f1,1.0,0,0,141082
segformer__scratch__mit-b2__in_rover__seed1415__gpu_full__3dc555fe__gitc2c2860f__codebebd8b2d__20260715T051844483360Z,msl_ncam_nlb_552678040edr_f0642088ncam00354m1,test_msl,soil,iou,,0,0,124577
segformer__scratch__mit-b2__in_rover__seed1415__gpu_full__3dc555fe__gitc2c2860f__codebebd8b2d__20260715T051844483360Z,msl_ncam_nlb_552678040edr_f0642088ncam00354m1,test_msl,bedrock,iou,,0,0,124577
segformer__scratch__mit-b2__in_rover__seed1415__gpu_full__3dc555fe__gitc2c2860f__codebebd8b2d__20260715T051844483360Z,msl_ncam_nlb_552678040edr_f0642088ncam00354m1,test_msl,sand,iou,1.0,124577,124577,124577
segformer__scratch__mit-b2__in_rover__seed1415__gpu_full__3dc555fe__gitc2c2860f__codebebd8b2d__20260715T051844483360Z,msl_ncam_nlb_552678040edr_f0642088ncam00354m1,test_msl,big_rock,iou,,0,0,124577
segformer__scratch__mit-b2__in_rover__seed1415__gpu_full__3dc555fe__gitc2c2860f__codebebd8b2d__20260715T051844483360Z,msl_ncam_nlb_552678040edr_f0642088ncam00354m1,test_msl,ALL,pixel_acc,1.0,0,0,124577
segformer__scratch__mit-b2__in_rover__seed1415__gpu_full__3dc555fe__gitc2c2860f__codebebd8b2d__20260715T051844483360Z,msl_ncam_nlb_552678040edr_f0642088ncam00354m1,test_msl,ALL,boundary_f1,1.0,0,0,124577
segformer__scratch__mit-b2__in_rover__seed1415__gpu_full__3dc555fe__gitc2c2860f__codebebd8b2d__20260715T051844483360Z,msl_ncam_nlb_552682049edr_f0642088ncam07753m1,test_msl,soil,iou,0.0,0,2789,203617
segformer__scratch__mit-b2__in_rover__seed1415__gpu_full__3dc555fe__gitc2c2860f__codebebd8b2d__20260715T051844483360Z,msl_ncam_nlb_552682049edr_f0642088ncam07753m1,test_msl,bedrock,iou,,0,0,203617
segformer__scratch__mit-b2__in_rover__seed1415__gpu_full__3dc555fe__gitc2c2860f__codebebd8b2d__20260715T051844483360Z,msl_ncam_nlb_552682049edr_f0642088ncam07753m1,test_msl,sand,iou,0.9863027153921333,200828,203617,203617
segformer__scratch__mit-b2__in_rover__seed1415__gpu_full__3dc555fe__gitc2c2860f__codebebd8b2d__20260715T051844483360Z,msl_ncam_nlb_552682049edr_f0642088ncam07753m1,test_msl,big_rock,iou,,0,0,203617
segformer__scratch__mit-b2__in_rover__seed1415__gpu_full__3dc555fe__gitc2c2860f__codebebd8b2d__20260715T051844483360Z,msl_ncam_nlb_552682049edr_f0642088ncam07753m1,test_msl,ALL,pixel_acc,0.9863027153921333,0,0,203617
segformer__scratch__mit-b2__in_rover__seed1415__gpu_full__3dc555fe__gitc2c2860f__codebebd8b2d__20260715T051844483360Z,msl_ncam_nlb_552682049edr_f0642088ncam07753m1,test_msl,ALL,boundary_f1,0.4056389267849022,0,0,203617
segformer__scratch__mit-b2__in_rover__seed1415__gpu_full__3dc555fe__gitc2c2860f__codebebd8b2d__20260715T051844483360Z,msl_ncam_nlb_552682173edr_f0642088ncam07753m1,test_msl,soil,iou,0.0,0,64,37725
segformer__scratch__mit-b2__in_rover__seed1415__gpu_full__3dc555fe__gitc2c2860f__codebebd8b2d__20260715T051844483360Z,msl_ncam_nlb_552682173edr_f0642088ncam07753m1,test_msl,bedrock,iou,0.963932333226939,3020,3133,37725
segformer__scratch__mit-b2__in_rover__seed1415__gpu_full__3dc555fe__gitc2c2860f__codebebd8b2d__20260715T051844483360Z,msl_ncam_nlb_552682173edr_f0642088ncam07753m1,test_msl,sand,iou,0.9948998703356865,34528,34705,37725
segformer__scratch__mit-b2__in_rover__seed1415__gpu_full__3dc555fe__gitc2c2860f__codebebd8b2d__20260715T051844483360Z,msl_ncam_nlb_552682173edr_f0642088ncam07753m1,test_msl,big_rock,iou,,0,0,37725
segformer__scratch__mit-b2__in_rover__seed1415__gpu_full__3dc555fe__gitc2c2860f__codebebd8b2d__20260715T051844483360Z,msl_ncam_nlb_552682173edr_f0642088ncam07753m1,test_msl,ALL,pixel_acc,0.9953081510934394,0,0,37725
segformer__scratch__mit-b2__in_rover__seed1415__gpu_full__3dc555fe__gitc2c2860f__codebebd8b2d__20260715T051844483360Z,msl_ncam_nlb_552682173edr_f0642088ncam07753m1,test_msl,ALL,boundary_f1,0.6386010871884722,0,0,37725
segformer__scratch__mit-b2__in_rover__seed1415__gpu_full__3dc555fe__gitc2c2860f__codebebd8b2d__20260715T051844483360Z,msl_ncam_nlb_556418003edr_f0651174ncam00320m1,test_msl,soil,iou,,0,0,95260
segformer__scratch__mit-b2__in_rover__seed1415__gpu_full__3dc555fe__gitc2c2860f__codebebd8b2d__20260715T051844483360Z,msl_ncam_nlb_556418003edr_f0651174ncam00320m1,test_msl,bedrock,iou,0.9593163468595994,9149,9537,95260
segformer__scratch__mit-b2__in_rover__seed1415__gpu_full__3dc555fe__gitc2c2860f__codebebd8b2d__20260715T051844483360Z,msl_ncam_nlb_556418003edr_f0651174ncam00320m1,test_msl,sand,iou,0.9954941877344358,85723,86111,95260
segformer__scratch__mit-b2__in_rover__seed1415__gpu_full__3dc555fe__gitc2c2860f__codebebd8b2d__20260715T051844483360Z,msl_ncam_nlb_556418003edr_f0651174ncam00320m1,test_msl,big_rock,iou,,0,0,95260
segformer__scratch__mit-b2__in_rover__seed1415__gpu_full__3dc555fe__gitc2c2860f__codebebd8b2d__20260715T051844483360Z,msl_ncam_nlb_556418003edr_f0651174ncam00320m1,test_msl,ALL,pixel_acc,0.9959269368045349,0,0,95260
segformer__scratch__mit-b2__in_rover__seed1415__gpu_full__3dc555fe__gitc2c2860f__codebebd8b2d__20260715T051844483360Z,msl_ncam_nlb_556418003edr_f0651174ncam00320m1,test_msl,ALL,boundary_f1,0.9624779914610397,0,0,95260
segformer__scratch__mit-b2__in_rover__seed1415__gpu_full__3dc555fe__gitc2c2860f__codebebd8b2d__20260715T051844483360Z,msl_ncam_nlb_556756244edr_f0651642ncam00285m1,test_msl,soil,iou,,0,0,71198
segformer__scratch__mit-b2__in_rover__seed1415__gpu_full__3dc555fe__gitc2c2860f__codebebd8b2d__20260715T051844483360Z,msl_ncam_nlb_556756244edr_f0651642ncam00285m1,test_msl,bedrock,iou,0.9508665016187393,9986,10502,71198
segformer__scratch__mit-b2__in_rover__seed1415__gpu_full__3dc555fe__gitc2c2860f__codebebd8b2d__20260715T051844483360Z,msl_ncam_nlb_556756244edr_f0651642ncam00285m1,test_msl,sand,iou,0.9915702803371887,60696,61212,71198
segformer__scratch__mit-b2__in_rover__seed1415__gpu_full__3dc555fe__gitc2c2860f__codebebd8b2d__20260715T051844483360Z,msl_ncam_nlb_556756244edr_f0651642ncam00285m1,test_msl,big_rock,iou,,0,0,71198
segformer__scratch__mit-b2__in_rover__seed1415__gpu_full__3dc555fe__gitc2c2860f__codebebd8b2d__20260715T051844483360Z,msl_ncam_nlb_556756244edr_f0651642ncam00285m1,test_msl,ALL,pixel_acc,0.9927526054102643,0,0,71198
segformer__scratch__mit-b2__in_rover__seed1415__gpu_full__3dc555fe__gitc2c2860f__codebebd8b2d__20260715T051844483360Z,msl_ncam_nlb_556756244edr_f0651642ncam00285m1,test_msl,ALL,boundary_f1,0.9454532826849076,0,0,71198
segformer__scratch__mit-b2__in_rover__seed1415__gpu_full__3dc555fe__gitc2c2860f__codebebd8b2d__20260715T051844483360Z,msl_ncam_nlb_556756308edr_f0651642ncam00285m1,test_msl,soil,iou,,0,0,120672
segformer__scratch__mit-b2__in_rover__seed1415__gpu_full__3dc555fe__gitc2c2860f__codebebd8b2d__20260715T051844483360Z,msl_ncam_nlb_556756308edr_f0651642ncam00285m1,test_msl,bedrock,iou,0.8765312074664593,4508,5143,120672
segformer__scratch__mit-b2__in_rover__seed1415__gpu_full__3dc555fe__gitc2c2860f__codebebd8b2d__20260715T051844483360Z,msl_ncam_nlb_556756308edr_f0651642ncam00285m1,test_msl,sand,iou,0.9979373019510931,100147,100354,120672
segformer__scratch__mit-b2__in_rover__seed1415__gpu_full__3dc555fe__gitc2c2860f__codebebd8b2d__20260715T051844483360Z,msl_ncam_nlb_556756308edr_f0651642ncam00285m1,test_msl,big_rock,iou,0.9495,15192,16000,120672
segformer__scratch__mit-b2__in_rover__seed1415__gpu_full__3dc555fe__gitc2c2860f__codebebd8b2d__20260715T051844483360Z,msl_ncam_nlb_556756308edr_f0651642ncam00285m1,test_msl,ALL,pixel_acc,0.9931632856006364,0,0,120672
segformer__scratch__mit-b2__in_rover__seed1415__gpu_full__3dc555fe__gitc2c2860f__codebebd8b2d__20260715T051844483360Z,msl_ncam_nlb_556756308edr_f0651642ncam00285m1,test_msl,ALL,boundary_f1,0.9170962847794399,0,0,120672
segformer__scratch__mit-b2__in_rover__seed1415__gpu_full__3dc555fe__gitc2c2860f__codebebd8b2d__20260715T051844483360Z,msl_ncam_nlb_556756606edr_f0651642ncam00312m1,test_msl,soil,iou,,0,0,172993
segformer__scratch__mit-b2__in_rover__seed1415__gpu_full__3dc555fe__gitc2c2860f__codebebd8b2d__20260715T051844483360Z,msl_ncam_nlb_556756606edr_f0651642ncam00312m1,test_msl,bedrock,iou,0.9727494577006508,14350,14752,172993
segformer__scratch__mit-b2__in_rover__seed1415__gpu_full__3dc555fe__gitc2c2860f__codebebd8b2d__20260715T051844483360Z,msl_ncam_nlb_556756606edr_f0651642ncam00312m1,test_msl,sand,iou,0.9975100229456113,158241,158636,172993
segformer__scratch__mit-b2__in_rover__seed1415__gpu_full__3dc555fe__gitc2c2860f__codebebd8b2d__20260715T051844483360Z,msl_ncam_nlb_556756606edr_f0651642ncam00312m1,test_msl,big_rock,iou,0.0,0,7,172993
segformer__scratch__mit-b2__in_rover__seed1415__gpu_full__3dc555fe__gitc2c2860f__codebebd8b2d__20260715T051844483360Z,msl_ncam_nlb_556756606edr_f0651642ncam00312m1,test_msl,ALL,pixel_acc,0.9976762065517102,0,0,172993
segformer__scratch__mit-b2__in_rover__seed1415__gpu_full__3dc555fe__gitc2c2860f__codebebd8b2d__20260715T051844483360Z,msl_ncam_nlb_556756606edr_f0651642ncam00312m1,test_msl,ALL,boundary_f1,0.6454638839182737,0,0,172993
segformer__scratch__mit-b2__in_rover__seed1415__gpu_full__3dc555fe__gitc2c2860f__codebebd8b2d__20260715T051844483360Z,msl_ncam_nlb_556763962edr_f0651642ncam07753m1,test_msl,soil,iou,,0,0,156742
segformer__scratch__mit-b2__in_rover__seed1415__gpu_full__3dc555fe__gitc2c2860f__codebebd8b2d__20260715T051844483360Z,msl_ncam_nlb_556763962edr_f0651642ncam07753m1,test_msl,bedrock,iou,0.8437104530498608,6667,7902,156742
segformer__scratch__mit-b2__in_rover__seed1415__gpu_full__3dc555fe__gitc2c2860f__codebebd8b2d__20260715T051844483360Z,msl_ncam_nlb_556763962edr_f0651642ncam07753m1,test_msl,sand,iou,0.998041937409054,148835,149127,156742
segformer__scratch__mit-b2__in_rover__seed1415__gpu_full__3dc555fe__gitc2c2860f__codebebd8b2d__20260715T051844483360Z,msl_ncam_nlb_556763962edr_f0651642ncam07753m1,test_msl,big_rock,iou,0.0,0,953,156742
segformer__scratch__mit-b2__in_rover__seed1415__gpu_full__3dc555fe__gitc2c2860f__codebebd8b2d__20260715T051844483360Z,msl_ncam_nlb_556763962edr_f0651642ncam07753m1,test_msl,ALL,pixel_acc,0.9920889104388103,0,0,156742
segformer__scratch__mit-b2__in_rover__seed1415__gpu_full__3dc555fe__gitc2c2860f__codebebd8b2d__20260715T051844483360Z,msl_ncam_nlb_556763962edr_f0651642ncam07753m1,test_msl,ALL,boundary_f1,0.6005277553934228,0,0,156742
segformer__scratch__mit-b2__in_rover__seed1415__gpu_full__3dc555fe__gitc2c2860f__codebebd8b2d__20260715T051844483360Z,msl_ncam_nlb_556764110edr_f0651642ncam07753m1,test_msl,soil,iou,,0,0,19514
segformer__scratch__mit-b2__in_rover__seed1415__gpu_full__3dc555fe__gitc2c2860f__codebebd8b2d__20260715T051844483360Z,msl_ncam_nlb_556764110edr_f0651642ncam07753m1,test_msl,bedrock,iou,0.0,0,610,19514
segformer__scratch__mit-b2__in_rover__seed1415__gpu_full__3dc555fe__gitc2c2860f__codebebd8b2d__20260715T051844483360Z,msl_ncam_nlb_556764110edr_f0651642ncam07753m1,test_msl,sand,iou,0.968740391513785,18904,19514,19514
segformer__scratch__mit-b2__in_rover__seed1415__gpu_full__3dc555fe__gitc2c2860f__codebebd8b2d__20260715T051844483360Z,msl_ncam_nlb_556764110edr_f0651642ncam07753m1,test_msl,big_rock,iou,,0,0,19514
segformer__scratch__mit-b2__in_rover__seed1415__gpu_full__3dc555fe__gitc2c2860f__codebebd8b2d__20260715T051844483360Z,msl_ncam_nlb_556764110edr_f0651642ncam07753m1,test_msl,ALL,pixel_acc,0.968740391513785,0,0,19514
segformer__scratch__mit-b2__in_rover__seed1415__gpu_full__3dc555fe__gitc2c2860f__codebebd8b2d__20260715T051844483360Z,msl_ncam_nlb_556764110edr_f0651642ncam07753m1,test_msl,ALL,boundary_f1,0.46672856700711857,0,0,19514
segformer__scratch__mit-b2__in_rover__seed1415__gpu_full__3dc555fe__gitc2c2860f__codebebd8b2d__20260715T051844483360Z,msl_ncam_nlb_556764172edr_f0651642ncam07753m1,test_msl,soil,iou,,0,0,45242
segformer__scratch__mit-b2__in_rover__seed1415__gpu_full__3dc555fe__gitc2c2860f__codebebd8b2d__20260715T051844483360Z,msl_ncam_nlb_556764172edr_f0651642ncam07753m1,test_msl,bedrock,iou,0.2571253071253071,6279,24420,45242
segformer__scratch__mit-b2__in_rover__seed1415__gpu_full__3dc555fe__gitc2c2860f__codebebd8b2d__20260715T051844483360Z,msl_ncam_nlb_556764172edr_f0651642ncam07753m1,test_msl,sand,iou,0.5454950469102154,20815,38158,45242
segformer__scratch__mit-b2__in_rover__seed1415__gpu_full__3dc555fe__gitc2c2860f__codebebd8b2d__20260715T051844483360Z,msl_ncam_nlb_556764172edr_f0651642ncam07753m1,test_msl,big_rock,iou,0.0,0,812,45242
segformer__scratch__mit-b2__in_rover__seed1415__gpu_full__3dc555fe__gitc2c2860f__codebebd8b2d__20260715T051844483360Z,msl_ncam_nlb_556764172edr_f0651642ncam07753m1,test_msl,ALL,pixel_acc,0.5988683082091861,0,0,45242
segformer__scratch__mit-b2__in_rover__seed1415__gpu_full__3dc555fe__gitc2c2860f__codebebd8b2d__20260715T051844483360Z,msl_ncam_nlb_556764172edr_f0651642ncam07753m1,test_msl,ALL,boundary_f1,0.34748875526490214,0,0,45242
segformer__scratch__mit-b2__in_rover__seed1415__gpu_full__3dc555fe__gitc2c2860f__codebebd8b2d__20260715T051844483360Z,msl_ncam_nlb_558363908edr_f0660000ncam00375m1,test_msl,soil,iou,,0,0,137927
segformer__scratch__mit-b2__in_rover__seed1415__gpu_full__3dc555fe__gitc2c2860f__codebebd8b2d__20260715T051844483360Z,msl_ncam_nlb_558363908edr_f0660000ncam00375m1,test_msl,bedrock,iou,1.0,137927,137927,137927
segformer__scratch__mit-b2__in_rover__seed1415__gpu_full__3dc555fe__gitc2c2860f__codebebd8b2d__20260715T051844483360Z,msl_ncam_nlb_558363908edr_f0660000ncam00375m1,test_msl,sand,iou,,0,0,137927
segformer__scratch__mit-b2__in_rover__seed1415__gpu_full__3dc555fe__gitc2c2860f__codebebd8b2d__20260715T051844483360Z,msl_ncam_nlb_558363908edr_f0660000ncam00375m1,test_msl,big_rock,iou,,0,0,137927
segformer__scratch__mit-b2__in_rover__seed1415__gpu_full__3dc555fe__gitc2c2860f__codebebd8b2d__20260715T051844483360Z,msl_ncam_nlb_558363908edr_f0660000ncam00375m1,test_msl,ALL,pixel_acc,1.0,0,0,137927
segformer__scratch__mit-b2__in_rover__seed1415__gpu_full__3dc555fe__gitc2c2860f__codebebd8b2d__20260715T051844483360Z,msl_ncam_nlb_558363908edr_f0660000ncam00375m1,test_msl,ALL,boundary_f1,1.0,0,0,137927
segformer__scratch__mit-b2__in_rover__seed1415__gpu_full__3dc555fe__gitc2c2860f__codebebd8b2d__20260715T051844483360Z,msl_ncam_nlb_558364034edr_f0660000ncam00252m1,test_msl,soil,iou,,0,0,216388
segformer__scratch__mit-b2__in_rover__seed1415__gpu_full__3dc555fe__gitc2c2860f__codebebd8b2d__20260715T051844483360Z,msl_ncam_nlb_558364034edr_f0660000ncam00252m1,test_msl,bedrock,iou,1.0,216388,216388,216388
segformer__scratch__mit-b2__in_rover__seed1415__gpu_full__3dc555fe__gitc2c2860f__codebebd8b2d__20260715T051844483360Z,msl_ncam_nlb_558364034edr_f0660000ncam00252m1,test_msl,sand,iou,,0,0,216388
segformer__scratch__mit-b2__in_rover__seed1415__gpu_full__3dc555fe__gitc2c2860f__codebebd8b2d__20260715T051844483360Z,msl_ncam_nlb_558364034edr_f0660000ncam00252m1,test_msl,big_rock,iou,,0,0,216388
segformer__scratch__mit-b2__in_rover__seed1415__gpu_full__3dc555fe__gitc2c2860f__codebebd8b2d__20260715T051844483360Z,msl_ncam_nlb_558364034edr_f0660000ncam00252m1,test_msl,ALL,pixel_acc,1.0,0,0,216388
segformer__scratch__mit-b2__in_rover__seed1415__gpu_full__3dc555fe__gitc2c2860f__codebebd8b2d__20260715T051844483360Z,msl_ncam_nlb_558364034edr_f0660000ncam00252m1,test_msl,ALL,boundary_f1,1.0,0,0,216388
segformer__scratch__mit-b2__in_rover__seed1415__gpu_full__3dc555fe__gitc2c2860f__codebebd8b2d__20260715T051844483360Z,msl_ncam_nlb_558364090edr_f0660000ncam00252m1,test_msl,soil,iou,,0,0,0
segformer__scratch__mit-b2__in_rover__seed1415__gpu_full__3dc555fe__gitc2c2860f__codebebd8b2d__20260715T051844483360Z,msl_ncam_nlb_558364090edr_f0660000ncam00252m1,test_msl,bedrock,iou,,0,0,0
segformer__scratch__mit-b2__in_rover__seed1415__gpu_full__3dc555fe__gitc2c2860f__codebebd8b2d__20260715T051844483360Z,msl_ncam_nlb_558364090edr_f0660000ncam00252m1,test_msl,sand,iou,,0,0,0
segformer__scratch__mit-b2__in_rover__seed1415__gpu_full__3dc555fe__gitc2c2860f__codebebd8b2d__20260715T051844483360Z,msl_ncam_nlb_558364090edr_f0660000ncam00252m1,test_msl,big_rock,iou,,0,0,0
segformer__scratch__mit-b2__in_rover__seed1415__gpu_full__3dc555fe__gitc2c2860f__codebebd8b2d__20260715T051844483360Z,msl_ncam_nlb_558364090edr_f0660000ncam00252m1,test_msl,ALL,pixel_acc,,0,0,0
segformer__scratch__mit-b2__in_rover__seed1415__gpu_full__3dc555fe__gitc2c2860f__codebebd8b2d__20260715T051844483360Z,msl_ncam_nlb_558364090edr_f0660000ncam00252m1,test_msl,ALL,boundary_f1,,0,0,0
segformer__scratch__mit-b2__in_rover__seed1415__gpu_full__3dc555fe__gitc2c2860f__codebebd8b2d__20260715T051844483360Z,msl_ncam_nlb_558364829edr_f0660000ncam00253m1,test_msl,soil,iou,0.0,0,1311,110732
segformer__scratch__mit-b2__in_rover__seed1415__gpu_full__3dc555fe__gitc2c2860f__codebebd8b2d__20260715T051844483360Z,msl_ncam_nlb_558364829edr_f0660000ncam00253m1,test_msl,bedrock,iou,0.9881606039807824,109421,110732,110732
segformer__scratch__mit-b2__in_rover__seed1415__gpu_full__3dc555fe__gitc2c2860f__codebebd8b2d__20260715T051844483360Z,msl_ncam_nlb_558364829edr_f0660000ncam00253m1,test_msl,sand,iou,,0,0,110732
segformer__scratch__mit-b2__in_rover__seed1415__gpu_full__3dc555fe__gitc2c2860f__codebebd8b2d__20260715T051844483360Z,msl_ncam_nlb_558364829edr_f0660000ncam00253m1,test_msl,big_rock,iou,,0,0,110732
segformer__scratch__mit-b2__in_rover__seed1415__gpu_full__3dc555fe__gitc2c2860f__codebebd8b2d__20260715T051844483360Z,msl_ncam_nlb_558364829edr_f0660000ncam00253m1,test_msl,ALL,pixel_acc,0.9881606039807824,0,0,110732
segformer__scratch__mit-b2__in_rover__seed1415__gpu_full__3dc555fe__gitc2c2860f__codebebd8b2d__20260715T051844483360Z,msl_ncam_nlb_558364829edr_f0660000ncam00253m1,test_msl,ALL,boundary_f1,0.4826183917093008,0,0,110732
segformer__scratch__mit-b2__in_rover__seed1415__gpu_full__3dc555fe__gitc2c2860f__codebebd8b2d__20260715T051844483360Z,msl_ncam_nlb_558364943edr_f0660000ncam00253m1,test_msl,soil,iou,,0,0,3436
segformer__scratch__mit-b2__in_rover__seed1415__gpu_full__3dc555fe__gitc2c2860f__codebebd8b2d__20260715T051844483360Z,msl_ncam_nlb_558364943edr_f0660000ncam00253m1,test_msl,bedrock,iou,1.0,3436,3436,3436
segformer__scratch__mit-b2__in_rover__seed1415__gpu_full__3dc555fe__gitc2c2860f__codebebd8b2d__20260715T051844483360Z,msl_ncam_nlb_558364943edr_f0660000ncam00253m1,test_msl,sand,iou,,0,0,3436
segformer__scratch__mit-b2__in_rover__seed1415__gpu_full__3dc555fe__gitc2c2860f__codebebd8b2d__20260715T051844483360Z,msl_ncam_nlb_558364943edr_f0660000ncam00253m1,test_msl,big_rock,iou,,0,0,3436
segformer__scratch__mit-b2__in_rover__seed1415__gpu_full__3dc555fe__gitc2c2860f__codebebd8b2d__20260715T051844483360Z,msl_ncam_nlb_558364943edr_f0660000ncam00253m1,test_msl,ALL,pixel_acc,1.0,0,0,3436
segformer__scratch__mit-b2__in_rover__seed1415__gpu_full__3dc555fe__gitc2c2860f__codebebd8b2d__20260715T051844483360Z,msl_ncam_nlb_558364943edr_f0660000ncam00253m1,test_msl,ALL,boundary_f1,1.0,0,0,3436
segformer__scratch__mit-b2__in_rover__seed1415__gpu_full__3dc555fe__gitc2c2860f__codebebd8b2d__20260715T051844483360Z,msl_ncam_nlb_558365006edr_f0660000ncam00253m1,test_msl,soil,iou,0.0,0,136,47526
segformer__scratch__mit-b2__in_rover__seed1415__gpu_full__3dc555fe__gitc2c2860f__codebebd8b2d__20260715T051844483360Z,msl_ncam_nlb_558365006edr_f0660000ncam00253m1,test_msl,bedrock,iou,0.9971384084501115,47390,47526,47526
segformer__scratch__mit-b2__in_rover__seed1415__gpu_full__3dc555fe__gitc2c2860f__codebebd8b2d__20260715T051844483360Z,msl_ncam_nlb_558365006edr_f0660000ncam00253m1,test_msl,sand,iou,,0,0,47526
segformer__scratch__mit-b2__in_rover__seed1415__gpu_full__3dc555fe__gitc2c2860f__codebebd8b2d__20260715T051844483360Z,msl_ncam_nlb_558365006edr_f0660000ncam00253m1,test_msl,big_rock,iou,,0,0,47526
segformer__scratch__mit-b2__in_rover__seed1415__gpu_full__3dc555fe__gitc2c2860f__codebebd8b2d__20260715T051844483360Z,msl_ncam_nlb_558365006edr_f0660000ncam00253m1,test_msl,ALL,pixel_acc,0.9971384084501115,0,0,47526
segformer__scratch__mit-b2__in_rover__seed1415__gpu_full__3dc555fe__gitc2c2860f__codebebd8b2d__20260715T051844483360Z,msl_ncam_nlb_558365006edr_f0660000ncam00253m1,test_msl,ALL,boundary_f1,0.4961896697713802,0,0,47526
segformer__scratch__mit-b2__in_rover__seed1415__gpu_full__3dc555fe__gitc2c2860f__codebebd8b2d__20260715T051844483360Z,msl_ncam_nlb_558365068edr_f0660000ncam00253m1,test_msl,soil,iou,0.0,0,114,142185
segformer__scratch__mit-b2__in_rover__seed1415__gpu_full__3dc555fe__gitc2c2860f__codebebd8b2d__20260715T051844483360Z,msl_ncam_nlb_558365068edr_f0660000ncam00253m1,test_msl,bedrock,iou,0.9991982276611457,142071,142185,142185
segformer__scratch__mit-b2__in_rover__seed1415__gpu_full__3dc555fe__gitc2c2860f__codebebd8b2d__20260715T051844483360Z,msl_ncam_nlb_558365068edr_f0660000ncam00253m1,test_msl,sand,iou,,0,0,142185
segformer__scratch__mit-b2__in_rover__seed1415__gpu_full__3dc555fe__gitc2c2860f__codebebd8b2d__20260715T051844483360Z,msl_ncam_nlb_558365068edr_f0660000ncam00253m1,test_msl,big_rock,iou,,0,0,142185
segformer__scratch__mit-b2__in_rover__seed1415__gpu_full__3dc555fe__gitc2c2860f__codebebd8b2d__20260715T051844483360Z,msl_ncam_nlb_558365068edr_f0660000ncam00253m1,test_msl,ALL,pixel_acc,0.9991982276611457,0,0,142185
segformer__scratch__mit-b2__in_rover__seed1415__gpu_full__3dc555fe__gitc2c2860f__codebebd8b2d__20260715T051844483360Z,msl_ncam_nlb_558365068edr_f0660000ncam00253m1,test_msl,ALL,boundary_f1,0.4930050363738108,0,0,142185
segformer__scratch__mit-b2__in_rover__seed1415__gpu_full__3dc555fe__gitc2c2860f__codebebd8b2d__20260715T051844483360Z,msl_ncam_nlb_560302217edr_f0660952ncam00320m1,test_msl,soil,iou,,0,0,41827
segformer__scratch__mit-b2__in_rover__seed1415__gpu_full__3dc555fe__gitc2c2860f__codebebd8b2d__20260715T051844483360Z,msl_ncam_nlb_560302217edr_f0660952ncam00320m1,test_msl,bedrock,iou,1.0,41827,41827,41827
segformer__scratch__mit-b2__in_rover__seed1415__gpu_full__3dc555fe__gitc2c2860f__codebebd8b2d__20260715T051844483360Z,msl_ncam_nlb_560302217edr_f0660952ncam00320m1,test_msl,sand,iou,,0,0,41827
segformer__scratch__mit-b2__in_rover__seed1415__gpu_full__3dc555fe__gitc2c2860f__codebebd8b2d__20260715T051844483360Z,msl_ncam_nlb_560302217edr_f0660952ncam00320m1,test_msl,big_rock,iou,,0,0,41827
segformer__scratch__mit-b2__in_rover__seed1415__gpu_full__3dc555fe__gitc2c2860f__codebebd8b2d__20260715T051844483360Z,msl_ncam_nlb_560302217edr_f0660952ncam00320m1,test_msl,ALL,pixel_acc,1.0,0,0,41827
segformer__scratch__mit-b2__in_rover__seed1415__gpu_full__3dc555fe__gitc2c2860f__codebebd8b2d__20260715T051844483360Z,msl_ncam_nlb_560302217edr_f0660952ncam00320m1,test_msl,ALL,boundary_f1,1.0,0,0,41827
segformer__scratch__mit-b2__in_rover__seed1415__gpu_full__3dc555fe__gitc2c2860f__codebebd8b2d__20260715T051844483360Z,msl_ncam_nlb_560310464edr_f0661030ncam00385m1,test_msl,soil,iou,,0,0,158565
segformer__scratch__mit-b2__in_rover__seed1415__gpu_full__3dc555fe__gitc2c2860f__codebebd8b2d__20260715T051844483360Z,msl_ncam_nlb_560310464edr_f0661030ncam00385m1,test_msl,bedrock,iou,1.0,158565,158565,158565
segformer__scratch__mit-b2__in_rover__seed1415__gpu_full__3dc555fe__gitc2c2860f__codebebd8b2d__20260715T051844483360Z,msl_ncam_nlb_560310464edr_f0661030ncam00385m1,test_msl,sand,iou,,0,0,158565
segformer__scratch__mit-b2__in_rover__seed1415__gpu_full__3dc555fe__gitc2c2860f__codebebd8b2d__20260715T051844483360Z,msl_ncam_nlb_560310464edr_f0661030ncam00385m1,test_msl,big_rock,iou,,0,0,158565
segformer__scratch__mit-b2__in_rover__seed1415__gpu_full__3dc555fe__gitc2c2860f__codebebd8b2d__20260715T051844483360Z,msl_ncam_nlb_560310464edr_f0661030ncam00385m1,test_msl,ALL,pixel_acc,1.0,0,0,158565
segformer__scratch__mit-b2__in_rover__seed1415__gpu_full__3dc555fe__gitc2c2860f__codebebd8b2d__20260715T051844483360Z,msl_ncam_nlb_560310464edr_f0661030ncam00385m1,test_msl,ALL,boundary_f1,1.0,0,0,158565
segformer__scratch__mit-b2__in_rover__seed1415__gpu_full__3dc555fe__gitc2c2860f__codebebd8b2d__20260715T051844483360Z,msl_ncam_nlb_560311677edr_f0661112ncam00353m1,test_msl,soil,iou,0.0,0,206,58722
segformer__scratch__mit-b2__in_rover__seed1415__gpu_full__3dc555fe__gitc2c2860f__codebebd8b2d__20260715T051844483360Z,msl_ncam_nlb_560311677edr_f0661112ncam00353m1,test_msl,bedrock,iou,0.9964919450972378,58516,58722,58722
segformer__scratch__mit-b2__in_rover__seed1415__gpu_full__3dc555fe__gitc2c2860f__codebebd8b2d__20260715T051844483360Z,msl_ncam_nlb_560311677edr_f0661112ncam00353m1,test_msl,sand,iou,,0,0,58722
segformer__scratch__mit-b2__in_rover__seed1415__gpu_full__3dc555fe__gitc2c2860f__codebebd8b2d__20260715T051844483360Z,msl_ncam_nlb_560311677edr_f0661112ncam00353m1,test_msl,big_rock,iou,,0,0,58722
segformer__scratch__mit-b2__in_rover__seed1415__gpu_full__3dc555fe__gitc2c2860f__codebebd8b2d__20260715T051844483360Z,msl_ncam_nlb_560311677edr_f0661112ncam00353m1,test_msl,ALL,pixel_acc,0.9964919450972378,0,0,58722
segformer__scratch__mit-b2__in_rover__seed1415__gpu_full__3dc555fe__gitc2c2860f__codebebd8b2d__20260715T051844483360Z,msl_ncam_nlb_560311677edr_f0661112ncam00353m1,test_msl,ALL,boundary_f1,0.4872396597242593,0,0,58722
segformer__scratch__mit-b2__in_rover__seed1415__gpu_full__3dc555fe__gitc2c2860f__codebebd8b2d__20260715T051844483360Z,msl_ncam_nlb_560311785edr_f0661112ncam00273m1,test_msl,soil,iou,,0,0,67364
segformer__scratch__mit-b2__in_rover__seed1415__gpu_full__3dc555fe__gitc2c2860f__codebebd8b2d__20260715T051844483360Z,msl_ncam_nlb_560311785edr_f0661112ncam00273m1,test_msl,bedrock,iou,1.0,67364,67364,67364
segformer__scratch__mit-b2__in_rover__seed1415__gpu_full__3dc555fe__gitc2c2860f__codebebd8b2d__20260715T051844483360Z,msl_ncam_nlb_560311785edr_f0661112ncam00273m1,test_msl,sand,iou,,0,0,67364
segformer__scratch__mit-b2__in_rover__seed1415__gpu_full__3dc555fe__gitc2c2860f__codebebd8b2d__20260715T051844483360Z,msl_ncam_nlb_560311785edr_f0661112ncam00273m1,test_msl,big_rock,iou,,0,0,67364
segformer__scratch__mit-b2__in_rover__seed1415__gpu_full__3dc555fe__gitc2c2860f__codebebd8b2d__20260715T051844483360Z,msl_ncam_nlb_560311785edr_f0661112ncam00273m1,test_msl,ALL,pixel_acc,1.0,0,0,67364
segformer__scratch__mit-b2__in_rover__seed1415__gpu_full__3dc555fe__gitc2c2860f__codebebd8b2d__20260715T051844483360Z,msl_ncam_nlb_560311785edr_f0661112ncam00273m1,test_msl,ALL,boundary_f1,1.0,0,0,67364
segformer__scratch__mit-b2__in_rover__seed1415__gpu_full__3dc555fe__gitc2c2860f__codebebd8b2d__20260715T051844483360Z,msl_ncam_nlb_560311842edr_f0661112ncam00273m1,test_msl,soil,iou,,0,0,94786
segformer__scratch__mit-b2__in_rover__seed1415__gpu_full__3dc555fe__gitc2c2860f__codebebd8b2d__20260715T051844483360Z,msl_ncam_nlb_560311842edr_f0661112ncam00273m1,test_msl,bedrock,iou,1.0,94786,94786,94786
segformer__scratch__mit-b2__in_rover__seed1415__gpu_full__3dc555fe__gitc2c2860f__codebebd8b2d__20260715T051844483360Z,msl_ncam_nlb_560311842edr_f0661112ncam00273m1,test_msl,sand,iou,,0,0,94786
segformer__scratch__mit-b2__in_rover__seed1415__gpu_full__3dc555fe__gitc2c2860f__codebebd8b2d__20260715T051844483360Z,msl_ncam_nlb_560311842edr_f0661112ncam00273m1,test_msl,big_rock,iou,,0,0,94786
segformer__scratch__mit-b2__in_rover__seed1415__gpu_full__3dc555fe__gitc2c2860f__codebebd8b2d__20260715T051844483360Z,msl_ncam_nlb_560311842edr_f0661112ncam00273m1,test_msl,ALL,pixel_acc,1.0,0,0,94786
segformer__scratch__mit-b2__in_rover__seed1415__gpu_full__3dc555fe__gitc2c2860f__codebebd8b2d__20260715T051844483360Z,msl_ncam_nlb_560311842edr_f0661112ncam00273m1,test_msl,ALL,boundary_f1,1.0,0,0,94786
segformer__scratch__mit-b2__in_rover__seed1415__gpu_full__3dc555fe__gitc2c2860f__codebebd8b2d__20260715T051844483360Z,msl_ncam_nlb_560311891edr_f0661112ncam00273m1,test_msl,soil,iou,,0,0,80347
segformer__scratch__mit-b2__in_rover__seed1415__gpu_full__3dc555fe__gitc2c2860f__codebebd8b2d__20260715T051844483360Z,msl_ncam_nlb_560311891edr_f0661112ncam00273m1,test_msl,bedrock,iou,1.0,80347,80347,80347
segformer__scratch__mit-b2__in_rover__seed1415__gpu_full__3dc555fe__gitc2c2860f__codebebd8b2d__20260715T051844483360Z,msl_ncam_nlb_560311891edr_f0661112ncam00273m1,test_msl,sand,iou,,0,0,80347
segformer__scratch__mit-b2__in_rover__seed1415__gpu_full__3dc555fe__gitc2c2860f__codebebd8b2d__20260715T051844483360Z,msl_ncam_nlb_560311891edr_f0661112ncam00273m1,test_msl,big_rock,iou,,0,0,80347
segformer__scratch__mit-b2__in_rover__seed1415__gpu_full__3dc555fe__gitc2c2860f__codebebd8b2d__20260715T051844483360Z,msl_ncam_nlb_560311891edr_f0661112ncam00273m1,test_msl,ALL,pixel_acc,1.0,0,0,80347
segformer__scratch__mit-b2__in_rover__seed1415__gpu_full__3dc555fe__gitc2c2860f__codebebd8b2d__20260715T051844483360Z,msl_ncam_nlb_560311891edr_f0661112ncam00273m1,test_msl,ALL,boundary_f1,1.0,0,0,80347
segformer__scratch__mit-b2__in_rover__seed1415__gpu_full__3dc555fe__gitc2c2860f__codebebd8b2d__20260715T051844483360Z,msl_ncam_nlb_560312189edr_f0661112ncam00354m1,test_msl,soil,iou,,0,0,115548
segformer__scratch__mit-b2__in_rover__seed1415__gpu_full__3dc555fe__gitc2c2860f__codebebd8b2d__20260715T051844483360Z,msl_ncam_nlb_560312189edr_f0661112ncam00354m1,test_msl,bedrock,iou,1.0,115548,115548,115548
segformer__scratch__mit-b2__in_rover__seed1415__gpu_full__3dc555fe__gitc2c2860f__codebebd8b2d__20260715T051844483360Z,msl_ncam_nlb_560312189edr_f0661112ncam00354m1,test_msl,sand,iou,,0,0,115548
segformer__scratch__mit-b2__in_rover__seed1415__gpu_full__3dc555fe__gitc2c2860f__codebebd8b2d__20260715T051844483360Z,msl_ncam_nlb_560312189edr_f0661112ncam00354m1,test_msl,big_rock,iou,,0,0,115548
segformer__scratch__mit-b2__in_rover__seed1415__gpu_full__3dc555fe__gitc2c2860f__codebebd8b2d__20260715T051844483360Z,msl_ncam_nlb_560312189edr_f0661112ncam00354m1,test_msl,ALL,pixel_acc,1.0,0,0,115548
segformer__scratch__mit-b2__in_rover__seed1415__gpu_full__3dc555fe__gitc2c2860f__codebebd8b2d__20260715T051844483360Z,msl_ncam_nlb_560312189edr_f0661112ncam00354m1,test_msl,ALL,boundary_f1,1.0,0,0,115548
segformer__scratch__mit-b2__in_rover__seed1415__gpu_full__3dc555fe__gitc2c2860f__codebebd8b2d__20260715T051844483360Z,msl_ncam_nlb_560316500edr_f0661112ncam00274m1,test_msl,soil,iou,0.0,0,50,167888
segformer__scratch__mit-b2__in_rover__seed1415__gpu_full__3dc555fe__gitc2c2860f__codebebd8b2d__20260715T051844483360Z,msl_ncam_nlb_560316500edr_f0661112ncam00274m1,test_msl,bedrock,iou,0.9997021824073191,167838,167888,167888
segformer__scratch__mit-b2__in_rover__seed1415__gpu_full__3dc555fe__gitc2c2860f__codebebd8b2d__20260715T051844483360Z,msl_ncam_nlb_560316500edr_f0661112ncam00274m1,test_msl,sand,iou,,0,0,167888
segformer__scratch__mit-b2__in_rover__seed1415__gpu_full__3dc555fe__gitc2c2860f__codebebd8b2d__20260715T051844483360Z,msl_ncam_nlb_560316500edr_f0661112ncam00274m1,test_msl,big_rock,iou,,0,0,167888
segformer__scratch__mit-b2__in_rover__seed1415__gpu_full__3dc555fe__gitc2c2860f__codebebd8b2d__20260715T051844483360Z,msl_ncam_nlb_560316500edr_f0661112ncam00274m1,test_msl,ALL,pixel_acc,0.9997021824073191,0,0,167888
segformer__scratch__mit-b2__in_rover__seed1415__gpu_full__3dc555fe__gitc2c2860f__codebebd8b2d__20260715T051844483360Z,msl_ncam_nlb_560316500edr_f0661112ncam00274m1,test_msl,ALL,boundary_f1,0.49325337331334335,0,0,167888
segformer__scratch__mit-b2__in_rover__seed1415__gpu_full__3dc555fe__gitc2c2860f__codebebd8b2d__20260715T051844483360Z,msl_ncam_nlb_560316562edr_f0661112ncam00274m1,test_msl,soil,iou,,0,0,130575
segformer__scratch__mit-b2__in_rover__seed1415__gpu_full__3dc555fe__gitc2c2860f__codebebd8b2d__20260715T051844483360Z,msl_ncam_nlb_560316562edr_f0661112ncam00274m1,test_msl,bedrock,iou,1.0,130575,130575,130575
segformer__scratch__mit-b2__in_rover__seed1415__gpu_full__3dc555fe__gitc2c2860f__codebebd8b2d__20260715T051844483360Z,msl_ncam_nlb_560316562edr_f0661112ncam00274m1,test_msl,sand,iou,,0,0,130575
segformer__scratch__mit-b2__in_rover__seed1415__gpu_full__3dc555fe__gitc2c2860f__codebebd8b2d__20260715T051844483360Z,msl_ncam_nlb_560316562edr_f0661112ncam00274m1,test_msl,big_rock,iou,,0,0,130575
segformer__scratch__mit-b2__in_rover__seed1415__gpu_full__3dc555fe__gitc2c2860f__codebebd8b2d__20260715T051844483360Z,msl_ncam_nlb_560316562edr_f0661112ncam00274m1,test_msl,ALL,pixel_acc,1.0,0,0,130575
segformer__scratch__mit-b2__in_rover__seed1415__gpu_full__3dc555fe__gitc2c2860f__codebebd8b2d__20260715T051844483360Z,msl_ncam_nlb_560316562edr_f0661112ncam00274m1,test_msl,ALL,boundary_f1,1.0,0,0,130575
segformer__scratch__mit-b2__in_rover__seed1415__gpu_full__3dc555fe__gitc2c2860f__codebebd8b2d__20260715T051844483360Z,msl_ncam_nlb_560316739edr_f0661112ncam00274m1,test_msl,soil,iou,,0,0,49617
segformer__scratch__mit-b2__in_rover__seed1415__gpu_full__3dc555fe__gitc2c2860f__codebebd8b2d__20260715T051844483360Z,msl_ncam_nlb_560316739edr_f0661112ncam00274m1,test_msl,bedrock,iou,1.0,49617,49617,49617
segformer__scratch__mit-b2__in_rover__seed1415__gpu_full__3dc555fe__gitc2c2860f__codebebd8b2d__20260715T051844483360Z,msl_ncam_nlb_560316739edr_f0661112ncam00274m1,test_msl,sand,iou,,0,0,49617
segformer__scratch__mit-b2__in_rover__seed1415__gpu_full__3dc555fe__gitc2c2860f__codebebd8b2d__20260715T051844483360Z,msl_ncam_nlb_560316739edr_f0661112ncam00274m1,test_msl,big_rock,iou,,0,0,49617
segformer__scratch__mit-b2__in_rover__seed1415__gpu_full__3dc555fe__gitc2c2860f__codebebd8b2d__20260715T051844483360Z,msl_ncam_nlb_560316739edr_f0661112ncam00274m1,test_msl,ALL,pixel_acc,1.0,0,0,49617
segformer__scratch__mit-b2__in_rover__seed1415__gpu_full__3dc555fe__gitc2c2860f__codebebd8b2d__20260715T051844483360Z,msl_ncam_nlb_560316739edr_f0661112ncam00274m1,test_msl,ALL,boundary_f1,1.0,0,0,49617
segformer__scratch__mit-b2__in_rover__seed1415__gpu_full__3dc555fe__gitc2c2860f__codebebd8b2d__20260715T051844483360Z,msl_ncam_nlb_565016252edr_f0670180ncam00385m1,test_msl,soil,iou,1.0,119731,119731,119731
segformer__scratch__mit-b2__in_rover__seed1415__gpu_full__3dc555fe__gitc2c2860f__codebebd8b2d__20260715T051844483360Z,msl_ncam_nlb_565016252edr_f0670180ncam00385m1,test_msl,bedrock,iou,,0,0,119731
segformer__scratch__mit-b2__in_rover__seed1415__gpu_full__3dc555fe__gitc2c2860f__codebebd8b2d__20260715T051844483360Z,msl_ncam_nlb_565016252edr_f0670180ncam00385m1,test_msl,sand,iou,,0,0,119731
segformer__scratch__mit-b2__in_rover__seed1415__gpu_full__3dc555fe__gitc2c2860f__codebebd8b2d__20260715T051844483360Z,msl_ncam_nlb_565016252edr_f0670180ncam00385m1,test_msl,big_rock,iou,,0,0,119731
segformer__scratch__mit-b2__in_rover__seed1415__gpu_full__3dc555fe__gitc2c2860f__codebebd8b2d__20260715T051844483360Z,msl_ncam_nlb_565016252edr_f0670180ncam00385m1,test_msl,ALL,pixel_acc,1.0,0,0,119731
segformer__scratch__mit-b2__in_rover__seed1415__gpu_full__3dc555fe__gitc2c2860f__codebebd8b2d__20260715T051844483360Z,msl_ncam_nlb_565016252edr_f0670180ncam00385m1,test_msl,ALL,boundary_f1,1.0,0,0,119731
segformer__scratch__mit-b2__in_rover__seed1415__gpu_full__3dc555fe__gitc2c2860f__codebebd8b2d__20260715T051844483360Z,msl_ncam_nlb_565022734edr_f0670216ncam00375m1,test_msl,soil,iou,0.9468785432637796,55952,59091,61281
segformer__scratch__mit-b2__in_rover__seed1415__gpu_full__3dc555fe__gitc2c2860f__codebebd8b2d__20260715T051844483360Z,msl_ncam_nlb_565022734edr_f0670216ncam00375m1,test_msl,bedrock,iou,0.410958904109589,2190,5329,61281
segformer__scratch__mit-b2__in_rover__seed1415__gpu_full__3dc555fe__gitc2c2860f__codebebd8b2d__20260715T051844483360Z,msl_ncam_nlb_565022734edr_f0670216ncam00375m1,test_msl,sand,iou,,0,0,61281
segformer__scratch__mit-b2__in_rover__seed1415__gpu_full__3dc555fe__gitc2c2860f__codebebd8b2d__20260715T051844483360Z,msl_ncam_nlb_565022734edr_f0670216ncam00375m1,test_msl,big_rock,iou,,0,0,61281
segformer__scratch__mit-b2__in_rover__seed1415__gpu_full__3dc555fe__gitc2c2860f__codebebd8b2d__20260715T051844483360Z,msl_ncam_nlb_565022734edr_f0670216ncam00375m1,test_msl,ALL,pixel_acc,0.9487769455459277,0,0,61281
segformer__scratch__mit-b2__in_rover__seed1415__gpu_full__3dc555fe__gitc2c2860f__codebebd8b2d__20260715T051844483360Z,msl_ncam_nlb_565022734edr_f0670216ncam00375m1,test_msl,ALL,boundary_f1,0.7413144537371607,0,0,61281
segformer__scratch__mit-b2__in_rover__seed1415__gpu_full__3dc555fe__gitc2c2860f__codebebd8b2d__20260715T051844483360Z,msl_ncam_nlb_565022803edr_f0670216ncam00252m1,test_msl,soil,iou,0.3109137842023748,15056,48425,61883
segformer__scratch__mit-b2__in_rover__seed1415__gpu_full__3dc555fe__gitc2c2860f__codebebd8b2d__20260715T051844483360Z,msl_ncam_nlb_565022803edr_f0670216ncam00252m1,test_msl,bedrock,iou,,0,0,61883
segformer__scratch__mit-b2__in_rover__seed1415__gpu_full__3dc555fe__gitc2c2860f__codebebd8b2d__20260715T051844483360Z,msl_ncam_nlb_565022803edr_f0670216ncam00252m1,test_msl,sand,iou,0.2875825373421373,13458,46797,61883
segformer__scratch__mit-b2__in_rover__seed1415__gpu_full__3dc555fe__gitc2c2860f__codebebd8b2d__20260715T051844483360Z,msl_ncam_nlb_565022803edr_f0670216ncam00252m1,test_msl,big_rock,iou,0.0,0,30,61883
segformer__scratch__mit-b2__in_rover__seed1415__gpu_full__3dc555fe__gitc2c2860f__codebebd8b2d__20260715T051844483360Z,msl_ncam_nlb_565022803edr_f0670216ncam00252m1,test_msl,ALL,pixel_acc,0.46077274857392175,0,0,61883
segformer__scratch__mit-b2__in_rover__seed1415__gpu_full__3dc555fe__gitc2c2860f__codebebd8b2d__20260715T051844483360Z,msl_ncam_nlb_565022803edr_f0670216ncam00252m1,test_msl,ALL,boundary_f1,0.25490216844338925,0,0,61883
segformer__scratch__mit-b2__in_rover__seed1415__gpu_full__3dc555fe__gitc2c2860f__codebebd8b2d__20260715T051844483360Z,msl_ncam_nlb_565022931edr_f0670216ncam00252m1,test_msl,soil,iou,1.0,213200,213200,213200
segformer__scratch__mit-b2__in_rover__seed1415__gpu_full__3dc555fe__gitc2c2860f__codebebd8b2d__20260715T051844483360Z,msl_ncam_nlb_565022931edr_f0670216ncam00252m1,test_msl,bedrock,iou,,0,0,213200
segformer__scratch__mit-b2__in_rover__seed1415__gpu_full__3dc555fe__gitc2c2860f__codebebd8b2d__20260715T051844483360Z,msl_ncam_nlb_565022931edr_f0670216ncam00252m1,test_msl,sand,iou,,0,0,213200
segformer__scratch__mit-b2__in_rover__seed1415__gpu_full__3dc555fe__gitc2c2860f__codebebd8b2d__20260715T051844483360Z,msl_ncam_nlb_565022931edr_f0670216ncam00252m1,test_msl,big_rock,iou,,0,0,213200
segformer__scratch__mit-b2__in_rover__seed1415__gpu_full__3dc555fe__gitc2c2860f__codebebd8b2d__20260715T051844483360Z,msl_ncam_nlb_565022931edr_f0670216ncam00252m1,test_msl,ALL,pixel_acc,1.0,0,0,213200
segformer__scratch__mit-b2__in_rover__seed1415__gpu_full__3dc555fe__gitc2c2860f__codebebd8b2d__20260715T051844483360Z,msl_ncam_nlb_565022931edr_f0670216ncam00252m1,test_msl,ALL,boundary_f1,1.0,0,0,213200
segformer__scratch__mit-b2__in_rover__seed1415__gpu_full__3dc555fe__gitc2c2860f__codebebd8b2d__20260715T051844483360Z,msl_ncam_nlb_565023199edr_f0670216ncam00312m1,test_msl,soil,iou,1.0,135942,135942,135942
segformer__scratch__mit-b2__in_rover__seed1415__gpu_full__3dc555fe__gitc2c2860f__codebebd8b2d__20260715T051844483360Z,msl_ncam_nlb_565023199edr_f0670216ncam00312m1,test_msl,bedrock,iou,,0,0,135942
segformer__scratch__mit-b2__in_rover__seed1415__gpu_full__3dc555fe__gitc2c2860f__codebebd8b2d__20260715T051844483360Z,msl_ncam_nlb_565023199edr_f0670216ncam00312m1,test_msl,sand,iou,,0,0,135942
segformer__scratch__mit-b2__in_rover__seed1415__gpu_full__3dc555fe__gitc2c2860f__codebebd8b2d__20260715T051844483360Z,msl_ncam_nlb_565023199edr_f0670216ncam00312m1,test_msl,big_rock,iou,,0,0,135942
segformer__scratch__mit-b2__in_rover__seed1415__gpu_full__3dc555fe__gitc2c2860f__codebebd8b2d__20260715T051844483360Z,msl_ncam_nlb_565023199edr_f0670216ncam00312m1,test_msl,ALL,pixel_acc,1.0,0,0,135942
segformer__scratch__mit-b2__in_rover__seed1415__gpu_full__3dc555fe__gitc2c2860f__codebebd8b2d__20260715T051844483360Z,msl_ncam_nlb_565023199edr_f0670216ncam00312m1,test_msl,ALL,boundary_f1,1.0,0,0,135942
segformer__scratch__mit-b2__in_rover__seed1415__gpu_full__3dc555fe__gitc2c2860f__codebebd8b2d__20260715T051844483360Z,msl_ncam_nlb_565023322edr_f0670216ncam00253m1,test_msl,soil,iou,0.9999645539109695,197476,197483,197483
segformer__scratch__mit-b2__in_rover__seed1415__gpu_full__3dc555fe__gitc2c2860f__codebebd8b2d__20260715T051844483360Z,msl_ncam_nlb_565023322edr_f0670216ncam00253m1,test_msl,bedrock,iou,,0,0,197483
segformer__scratch__mit-b2__in_rover__seed1415__gpu_full__3dc555fe__gitc2c2860f__codebebd8b2d__20260715T051844483360Z,msl_ncam_nlb_565023322edr_f0670216ncam00253m1,test_msl,sand,iou,0.0,0,7,197483
segformer__scratch__mit-b2__in_rover__seed1415__gpu_full__3dc555fe__gitc2c2860f__codebebd8b2d__20260715T051844483360Z,msl_ncam_nlb_565023322edr_f0670216ncam00253m1,test_msl,big_rock,iou,,0,0,197483
segformer__scratch__mit-b2__in_rover__seed1415__gpu_full__3dc555fe__gitc2c2860f__codebebd8b2d__20260715T051844483360Z,msl_ncam_nlb_565023322edr_f0670216ncam00253m1,test_msl,ALL,pixel_acc,0.9999645539109695,0,0,197483
segformer__scratch__mit-b2__in_rover__seed1415__gpu_full__3dc555fe__gitc2c2860f__codebebd8b2d__20260715T051844483360Z,msl_ncam_nlb_565023322edr_f0670216ncam00253m1,test_msl,ALL,boundary_f1,0.5,0,0,197483
segformer__scratch__mit-b2__in_rover__seed1415__gpu_full__3dc555fe__gitc2c2860f__codebebd8b2d__20260715T051844483360Z,msl_ncam_nlb_565023592edr_f0670216ncam00253m1,test_msl,soil,iou,0.9978515762128765,71062,71215,71215
segformer__scratch__mit-b2__in_rover__seed1415__gpu_full__3dc555fe__gitc2c2860f__codebebd8b2d__20260715T051844483360Z,msl_ncam_nlb_565023592edr_f0670216ncam00253m1,test_msl,bedrock,iou,,0,0,71215
segformer__scratch__mit-b2__in_rover__seed1415__gpu_full__3dc555fe__gitc2c2860f__codebebd8b2d__20260715T051844483360Z,msl_ncam_nlb_565023592edr_f0670216ncam00253m1,test_msl,sand,iou,0.0,0,153,71215
segformer__scratch__mit-b2__in_rover__seed1415__gpu_full__3dc555fe__gitc2c2860f__codebebd8b2d__20260715T051844483360Z,msl_ncam_nlb_565023592edr_f0670216ncam00253m1,test_msl,big_rock,iou,,0,0,71215
segformer__scratch__mit-b2__in_rover__seed1415__gpu_full__3dc555fe__gitc2c2860f__codebebd8b2d__20260715T051844483360Z,msl_ncam_nlb_565023592edr_f0670216ncam00253m1,test_msl,ALL,pixel_acc,0.9978515762128765,0,0,71215
segformer__scratch__mit-b2__in_rover__seed1415__gpu_full__3dc555fe__gitc2c2860f__codebebd8b2d__20260715T051844483360Z,msl_ncam_nlb_565023592edr_f0670216ncam00253m1,test_msl,ALL,boundary_f1,0.4931930693069307,0,0,71215
segformer__scratch__mit-b2__in_rover__seed1415__gpu_full__3dc555fe__gitc2c2860f__codebebd8b2d__20260715T051844483360Z,msl_ncam_nlb_565365464edr_f0670550ncam00385m1,test_msl,soil,iou,0.9078484941349834,139234,153367,153367
segformer__scratch__mit-b2__in_rover__seed1415__gpu_full__3dc555fe__gitc2c2860f__codebebd8b2d__20260715T051844483360Z,msl_ncam_nlb_565365464edr_f0670550ncam00385m1,test_msl,bedrock,iou,0.0,0,14133,153367
segformer__scratch__mit-b2__in_rover__seed1415__gpu_full__3dc555fe__gitc2c2860f__codebebd8b2d__20260715T051844483360Z,msl_ncam_nlb_565365464edr_f0670550ncam00385m1,test_msl,sand,iou,,0,0,153367
segformer__scratch__mit-b2__in_rover__seed1415__gpu_full__3dc555fe__gitc2c2860f__codebebd8b2d__20260715T051844483360Z,msl_ncam_nlb_565365464edr_f0670550ncam00385m1,test_msl,big_rock,iou,,0,0,153367
segformer__scratch__mit-b2__in_rover__seed1415__gpu_full__3dc555fe__gitc2c2860f__codebebd8b2d__20260715T051844483360Z,msl_ncam_nlb_565365464edr_f0670550ncam00385m1,test_msl,ALL,pixel_acc,0.9078484941349834,0,0,153367
segformer__scratch__mit-b2__in_rover__seed1415__gpu_full__3dc555fe__gitc2c2860f__codebebd8b2d__20260715T051844483360Z,msl_ncam_nlb_565365464edr_f0670550ncam00385m1,test_msl,ALL,boundary_f1,0.43550394027374534,0,0,153367
segformer__scratch__mit-b2__in_rover__seed1415__gpu_full__3dc555fe__gitc2c2860f__codebebd8b2d__20260715T051844483360Z,msl_ncam_nlb_565366137edr_f0670604ncam00257m1,test_msl,soil,iou,0.9220079537780446,61438,66635,66635
segformer__scratch__mit-b2__in_rover__seed1415__gpu_full__3dc555fe__gitc2c2860f__codebebd8b2d__20260715T051844483360Z,msl_ncam_nlb_565366137edr_f0670604ncam00257m1,test_msl,bedrock,iou,0.0,0,5197,66635
segformer__scratch__mit-b2__in_rover__seed1415__gpu_full__3dc555fe__gitc2c2860f__codebebd8b2d__20260715T051844483360Z,msl_ncam_nlb_565366137edr_f0670604ncam00257m1,test_msl,sand,iou,,0,0,66635
segformer__scratch__mit-b2__in_rover__seed1415__gpu_full__3dc555fe__gitc2c2860f__codebebd8b2d__20260715T051844483360Z,msl_ncam_nlb_565366137edr_f0670604ncam00257m1,test_msl,big_rock,iou,,0,0,66635
segformer__scratch__mit-b2__in_rover__seed1415__gpu_full__3dc555fe__gitc2c2860f__codebebd8b2d__20260715T051844483360Z,msl_ncam_nlb_565366137edr_f0670604ncam00257m1,test_msl,ALL,pixel_acc,0.9220079537780446,0,0,66635
segformer__scratch__mit-b2__in_rover__seed1415__gpu_full__3dc555fe__gitc2c2860f__codebebd8b2d__20260715T051844483360Z,msl_ncam_nlb_565366137edr_f0670604ncam00257m1,test_msl,ALL,boundary_f1,0.42423349056603776,0,0,66635
segformer__scratch__mit-b2__in_rover__seed1415__gpu_full__3dc555fe__gitc2c2860f__codebebd8b2d__20260715T051844483360Z,msl_ncam_nlb_565367106edr_f0670650ncam00353m1,test_msl,soil,iou,0.48290123182283096,10859,22487,22563
segformer__scratch__mit-b2__in_rover__seed1415__gpu_full__3dc555fe__gitc2c2860f__codebebd8b2d__20260715T051844483360Z,msl_ncam_nlb_565367106edr_f0670650ncam00353m1,test_msl,bedrock,iou,0.006493506493506494,76,11704,22563
segformer__scratch__mit-b2__in_rover__seed1415__gpu_full__3dc555fe__gitc2c2860f__codebebd8b2d__20260715T051844483360Z,msl_ncam_nlb_565367106edr_f0670650ncam00353m1,test_msl,sand,iou,,0,0,22563
segformer__scratch__mit-b2__in_rover__seed1415__gpu_full__3dc555fe__gitc2c2860f__codebebd8b2d__20260715T051844483360Z,msl_ncam_nlb_565367106edr_f0670650ncam00353m1,test_msl,big_rock,iou,,0,0,22563
segformer__scratch__mit-b2__in_rover__seed1415__gpu_full__3dc555fe__gitc2c2860f__codebebd8b2d__20260715T051844483360Z,msl_ncam_nlb_565367106edr_f0670650ncam00353m1,test_msl,ALL,pixel_acc,0.4846429996011169,0,0,22563
segformer__scratch__mit-b2__in_rover__seed1415__gpu_full__3dc555fe__gitc2c2860f__codebebd8b2d__20260715T051844483360Z,msl_ncam_nlb_565367106edr_f0670650ncam00353m1,test_msl,ALL,boundary_f1,0.34467834093520944,0,0,22563
segformer__scratch__mit-b2__in_rover__seed1415__gpu_full__3dc555fe__gitc2c2860f__codebebd8b2d__20260715T051844483360Z,msl_ncam_nlb_565373114edr_f0670650ncam12753m1,test_msl,soil,iou,1.0,145604,145604,145604
segformer__scratch__mit-b2__in_rover__seed1415__gpu_full__3dc555fe__gitc2c2860f__codebebd8b2d__20260715T051844483360Z,msl_ncam_nlb_565373114edr_f0670650ncam12753m1,test_msl,bedrock,iou,,0,0,145604
segformer__scratch__mit-b2__in_rover__seed1415__gpu_full__3dc555fe__gitc2c2860f__codebebd8b2d__20260715T051844483360Z,msl_ncam_nlb_565373114edr_f0670650ncam12753m1,test_msl,sand,iou,,0,0,145604
segformer__scratch__mit-b2__in_rover__seed1415__gpu_full__3dc555fe__gitc2c2860f__codebebd8b2d__20260715T051844483360Z,msl_ncam_nlb_565373114edr_f0670650ncam12753m1,test_msl,big_rock,iou,,0,0,145604
segformer__scratch__mit-b2__in_rover__seed1415__gpu_full__3dc555fe__gitc2c2860f__codebebd8b2d__20260715T051844483360Z,msl_ncam_nlb_565373114edr_f0670650ncam12753m1,test_msl,ALL,pixel_acc,1.0,0,0,145604
segformer__scratch__mit-b2__in_rover__seed1415__gpu_full__3dc555fe__gitc2c2860f__codebebd8b2d__20260715T051844483360Z,msl_ncam_nlb_565373114edr_f0670650ncam12753m1,test_msl,ALL,boundary_f1,1.0,0,0,145604
segformer__scratch__mit-b2__in_rover__seed1415__gpu_full__3dc555fe__gitc2c2860f__codebebd8b2d__20260715T051844483360Z,msl_ncam_nlb_565373298edr_f0670650ncam12753m1,test_msl,soil,iou,0.9491552652012102,35450,37349,37349
segformer__scratch__mit-b2__in_rover__seed1415__gpu_full__3dc555fe__gitc2c2860f__codebebd8b2d__20260715T051844483360Z,msl_ncam_nlb_565373298edr_f0670650ncam12753m1,test_msl,bedrock,iou,0.0,0,1899,37349
segformer__scratch__mit-b2__in_rover__seed1415__gpu_full__3dc555fe__gitc2c2860f__codebebd8b2d__20260715T051844483360Z,msl_ncam_nlb_565373298edr_f0670650ncam12753m1,test_msl,sand,iou,,0,0,37349
segformer__scratch__mit-b2__in_rover__seed1415__gpu_full__3dc555fe__gitc2c2860f__codebebd8b2d__20260715T051844483360Z,msl_ncam_nlb_565373298edr_f0670650ncam12753m1,test_msl,big_rock,iou,,0,0,37349
segformer__scratch__mit-b2__in_rover__seed1415__gpu_full__3dc555fe__gitc2c2860f__codebebd8b2d__20260715T051844483360Z,msl_ncam_nlb_565373298edr_f0670650ncam12753m1,test_msl,ALL,pixel_acc,0.9491552652012102,0,0,37349
segformer__scratch__mit-b2__in_rover__seed1415__gpu_full__3dc555fe__gitc2c2860f__codebebd8b2d__20260715T051844483360Z,msl_ncam_nlb_565373298edr_f0670650ncam12753m1,test_msl,ALL,boundary_f1,0.4562543513576236,0,0,37349
segformer__scratch__mit-b2__in_rover__seed1415__gpu_full__3dc555fe__gitc2c2860f__codebebd8b2d__20260715T051844483360Z,msl_ncam_nlb_565373360edr_f0670650ncam12753m1,test_msl,soil,iou,0.9839052605107337,43037,43741,50543
segformer__scratch__mit-b2__in_rover__seed1415__gpu_full__3dc555fe__gitc2c2860f__codebebd8b2d__20260715T051844483360Z,msl_ncam_nlb_565373360edr_f0670650ncam12753m1,test_msl,bedrock,iou,0.9062083666400214,6802,7506,50543
segformer__scratch__mit-b2__in_rover__seed1415__gpu_full__3dc555fe__gitc2c2860f__codebebd8b2d__20260715T051844483360Z,msl_ncam_nlb_565373360edr_f0670650ncam12753m1,test_msl,sand,iou,,0,0,50543
segformer__scratch__mit-b2__in_rover__seed1415__gpu_full__3dc555fe__gitc2c2860f__codebebd8b2d__20260715T051844483360Z,msl_ncam_nlb_565373360edr_f0670650ncam12753m1,test_msl,big_rock,iou,,0,0,50543
segformer__scratch__mit-b2__in_rover__seed1415__gpu_full__3dc555fe__gitc2c2860f__codebebd8b2d__20260715T051844483360Z,msl_ncam_nlb_565373360edr_f0670650ncam12753m1,test_msl,ALL,pixel_acc,0.9860712660506895,0,0,50543
segformer__scratch__mit-b2__in_rover__seed1415__gpu_full__3dc555fe__gitc2c2860f__codebebd8b2d__20260715T051844483360Z,msl_ncam_nlb_565373360edr_f0670650ncam12753m1,test_msl,ALL,boundary_f1,0.8496414553131457,0,0,50543
segformer__scratch__mit-b2__in_rover__seed1415__gpu_full__3dc555fe__gitc2c2860f__codebebd8b2d__20260715T051844483360Z,msl_ncam_nlb_565373417edr_f0670650ncam12753m1,test_msl,soil,iou,0.9456890219786429,66951,70796,70796
segformer__scratch__mit-b2__in_rover__seed1415__gpu_full__3dc555fe__gitc2c2860f__codebebd8b2d__20260715T051844483360Z,msl_ncam_nlb_565373417edr_f0670650ncam12753m1,test_msl,bedrock,iou,0.0,0,3845,70796
segformer__scratch__mit-b2__in_rover__seed1415__gpu_full__3dc555fe__gitc2c2860f__codebebd8b2d__20260715T051844483360Z,msl_ncam_nlb_565373417edr_f0670650ncam12753m1,test_msl,sand,iou,,0,0,70796
segformer__scratch__mit-b2__in_rover__seed1415__gpu_full__3dc555fe__gitc2c2860f__codebebd8b2d__20260715T051844483360Z,msl_ncam_nlb_565373417edr_f0670650ncam12753m1,test_msl,big_rock,iou,,0,0,70796
segformer__scratch__mit-b2__in_rover__seed1415__gpu_full__3dc555fe__gitc2c2860f__codebebd8b2d__20260715T051844483360Z,msl_ncam_nlb_565373417edr_f0670650ncam12753m1,test_msl,ALL,pixel_acc,0.9456890219786429,0,0,70796
segformer__scratch__mit-b2__in_rover__seed1415__gpu_full__3dc555fe__gitc2c2860f__codebebd8b2d__20260715T051844483360Z,msl_ncam_nlb_565373417edr_f0670650ncam12753m1,test_msl,ALL,boundary_f1,0.46806459387804294,0,0,70796
segformer__scratch__mit-b2__in_rover__seed1415__gpu_full__3dc555fe__gitc2c2860f__codebebd8b2d__20260715T051844483360Z,msl_ncam_nlb_565373904edr_f0670650ccam15903m1,test_msl,soil,iou,,0,0,0
segformer__scratch__mit-b2__in_rover__seed1415__gpu_full__3dc555fe__gitc2c2860f__codebebd8b2d__20260715T051844483360Z,msl_ncam_nlb_565373904edr_f0670650ccam15903m1,test_msl,bedrock,iou,,0,0,0
segformer__scratch__mit-b2__in_rover__seed1415__gpu_full__3dc555fe__gitc2c2860f__codebebd8b2d__20260715T051844483360Z,msl_ncam_nlb_565373904edr_f0670650ccam15903m1,test_msl,sand,iou,,0,0,0
segformer__scratch__mit-b2__in_rover__seed1415__gpu_full__3dc555fe__gitc2c2860f__codebebd8b2d__20260715T051844483360Z,msl_ncam_nlb_565373904edr_f0670650ccam15903m1,test_msl,big_rock,iou,,0,0,0
segformer__scratch__mit-b2__in_rover__seed1415__gpu_full__3dc555fe__gitc2c2860f__codebebd8b2d__20260715T051844483360Z,msl_ncam_nlb_565373904edr_f0670650ccam15903m1,test_msl,ALL,pixel_acc,,0,0,0
segformer__scratch__mit-b2__in_rover__seed1415__gpu_full__3dc555fe__gitc2c2860f__codebebd8b2d__20260715T051844483360Z,msl_ncam_nlb_565373904edr_f0670650ccam15903m1,test_msl,ALL,boundary_f1,,0,0,0
segformer__scratch__mit-b2__in_rover__seed1415__gpu_full__3dc555fe__gitc2c2860f__codebebd8b2d__20260715T051844483360Z,msl_ncam_nlb_565810401edr_f0670962ncam00386m1,test_msl,soil,iou,1.0,251102,251102,251102
segformer__scratch__mit-b2__in_rover__seed1415__gpu_full__3dc555fe__gitc2c2860f__codebebd8b2d__20260715T051844483360Z,msl_ncam_nlb_565810401edr_f0670962ncam00386m1,test_msl,bedrock,iou,,0,0,251102
segformer__scratch__mit-b2__in_rover__seed1415__gpu_full__3dc555fe__gitc2c2860f__codebebd8b2d__20260715T051844483360Z,msl_ncam_nlb_565810401edr_f0670962ncam00386m1,test_msl,sand,iou,,0,0,251102
segformer__scratch__mit-b2__in_rover__seed1415__gpu_full__3dc555fe__gitc2c2860f__codebebd8b2d__20260715T051844483360Z,msl_ncam_nlb_565810401edr_f0670962ncam00386m1,test_msl,big_rock,iou,,0,0,251102
segformer__scratch__mit-b2__in_rover__seed1415__gpu_full__3dc555fe__gitc2c2860f__codebebd8b2d__20260715T051844483360Z,msl_ncam_nlb_565810401edr_f0670962ncam00386m1,test_msl,ALL,pixel_acc,1.0,0,0,251102
segformer__scratch__mit-b2__in_rover__seed1415__gpu_full__3dc555fe__gitc2c2860f__codebebd8b2d__20260715T051844483360Z,msl_ncam_nlb_565810401edr_f0670962ncam00386m1,test_msl,ALL,boundary_f1,1.0,0,0,251102
segformer__scratch__mit-b2__in_rover__seed1415__gpu_full__3dc555fe__gitc2c2860f__codebebd8b2d__20260715T051844483360Z,msl_ncam_nlb_565811189edr_f0671016ncam00353m1,test_msl,soil,iou,,0,0,0
segformer__scratch__mit-b2__in_rover__seed1415__gpu_full__3dc555fe__gitc2c2860f__codebebd8b2d__20260715T051844483360Z,msl_ncam_nlb_565811189edr_f0671016ncam00353m1,test_msl,bedrock,iou,,0,0,0
segformer__scratch__mit-b2__in_rover__seed1415__gpu_full__3dc555fe__gitc2c2860f__codebebd8b2d__20260715T051844483360Z,msl_ncam_nlb_565811189edr_f0671016ncam00353m1,test_msl,sand,iou,,0,0,0
segformer__scratch__mit-b2__in_rover__seed1415__gpu_full__3dc555fe__gitc2c2860f__codebebd8b2d__20260715T051844483360Z,msl_ncam_nlb_565811189edr_f0671016ncam00353m1,test_msl,big_rock,iou,,0,0,0
segformer__scratch__mit-b2__in_rover__seed1415__gpu_full__3dc555fe__gitc2c2860f__codebebd8b2d__20260715T051844483360Z,msl_ncam_nlb_565811189edr_f0671016ncam00353m1,test_msl,ALL,pixel_acc,,0,0,0
segformer__scratch__mit-b2__in_rover__seed1415__gpu_full__3dc555fe__gitc2c2860f__codebebd8b2d__20260715T051844483360Z,msl_ncam_nlb_565811189edr_f0671016ncam00353m1,test_msl,ALL,boundary_f1,,0,0,0
segformer__scratch__mit-b2__in_rover__seed1415__gpu_full__3dc555fe__gitc2c2860f__codebebd8b2d__20260715T051844483360Z,msl_ncam_nlb_565811345edr_f0671016ncam00261m1,test_msl,soil,iou,1.0,108477,108477,108477
segformer__scratch__mit-b2__in_rover__seed1415__gpu_full__3dc555fe__gitc2c2860f__codebebd8b2d__20260715T051844483360Z,msl_ncam_nlb_565811345edr_f0671016ncam00261m1,test_msl,bedrock,iou,,0,0,108477
segformer__scratch__mit-b2__in_rover__seed1415__gpu_full__3dc555fe__gitc2c2860f__codebebd8b2d__20260715T051844483360Z,msl_ncam_nlb_565811345edr_f0671016ncam00261m1,test_msl,sand,iou,,0,0,108477
segformer__scratch__mit-b2__in_rover__seed1415__gpu_full__3dc555fe__gitc2c2860f__codebebd8b2d__20260715T051844483360Z,msl_ncam_nlb_565811345edr_f0671016ncam00261m1,test_msl,big_rock,iou,,0,0,108477
segformer__scratch__mit-b2__in_rover__seed1415__gpu_full__3dc555fe__gitc2c2860f__codebebd8b2d__20260715T051844483360Z,msl_ncam_nlb_565811345edr_f0671016ncam00261m1,test_msl,ALL,pixel_acc,1.0,0,0,108477
segformer__scratch__mit-b2__in_rover__seed1415__gpu_full__3dc555fe__gitc2c2860f__codebebd8b2d__20260715T051844483360Z,msl_ncam_nlb_565811345edr_f0671016ncam00261m1,test_msl,ALL,boundary_f1,1.0,0,0,108477
segformer__scratch__mit-b2__in_rover__seed1415__gpu_full__3dc555fe__gitc2c2860f__codebebd8b2d__20260715T051844483360Z,msl_ncam_nlb_565811572edr_f0671016ncam00261m1,test_msl,soil,iou,0.9899683603201191,106382,107460,107460
segformer__scratch__mit-b2__in_rover__seed1415__gpu_full__3dc555fe__gitc2c2860f__codebebd8b2d__20260715T051844483360Z,msl_ncam_nlb_565811572edr_f0671016ncam00261m1,test_msl,bedrock,iou,0.0,0,1078,107460
segformer__scratch__mit-b2__in_rover__seed1415__gpu_full__3dc555fe__gitc2c2860f__codebebd8b2d__20260715T051844483360Z,msl_ncam_nlb_565811572edr_f0671016ncam00261m1,test_msl,sand,iou,,0,0,107460
segformer__scratch__mit-b2__in_rover__seed1415__gpu_full__3dc555fe__gitc2c2860f__codebebd8b2d__20260715T051844483360Z,msl_ncam_nlb_565811572edr_f0671016ncam00261m1,test_msl,big_rock,iou,,0,0,107460
segformer__scratch__mit-b2__in_rover__seed1415__gpu_full__3dc555fe__gitc2c2860f__codebebd8b2d__20260715T051844483360Z,msl_ncam_nlb_565811572edr_f0671016ncam00261m1,test_msl,ALL,pixel_acc,0.9899683603201191,0,0,107460
segformer__scratch__mit-b2__in_rover__seed1415__gpu_full__3dc555fe__gitc2c2860f__codebebd8b2d__20260715T051844483360Z,msl_ncam_nlb_565811572edr_f0671016ncam00261m1,test_msl,ALL,boundary_f1,0.4807649043869516,0,0,107460
segformer__scratch__mit-b2__in_rover__seed1415__gpu_full__3dc555fe__gitc2c2860f__codebebd8b2d__20260715T051844483360Z,msl_ncam_nlb_565811686edr_f0671016ncam00261m1,test_msl,soil,iou,1.0,54790,54790,54790
segformer__scratch__mit-b2__in_rover__seed1415__gpu_full__3dc555fe__gitc2c2860f__codebebd8b2d__20260715T051844483360Z,msl_ncam_nlb_565811686edr_f0671016ncam00261m1,test_msl,bedrock,iou,,0,0,54790
segformer__scratch__mit-b2__in_rover__seed1415__gpu_full__3dc555fe__gitc2c2860f__codebebd8b2d__20260715T051844483360Z,msl_ncam_nlb_565811686edr_f0671016ncam00261m1,test_msl,sand,iou,,0,0,54790
segformer__scratch__mit-b2__in_rover__seed1415__gpu_full__3dc555fe__gitc2c2860f__codebebd8b2d__20260715T051844483360Z,msl_ncam_nlb_565811686edr_f0671016ncam00261m1,test_msl,big_rock,iou,,0,0,54790
segformer__scratch__mit-b2__in_rover__seed1415__gpu_full__3dc555fe__gitc2c2860f__codebebd8b2d__20260715T051844483360Z,msl_ncam_nlb_565811686edr_f0671016ncam00261m1,test_msl,ALL,pixel_acc,1.0,0,0,54790
segformer__scratch__mit-b2__in_rover__seed1415__gpu_full__3dc555fe__gitc2c2860f__codebebd8b2d__20260715T051844483360Z,msl_ncam_nlb_565811686edr_f0671016ncam00261m1,test_msl,ALL,boundary_f1,1.0,0,0,54790
segformer__scratch__mit-b2__in_rover__seed1415__gpu_full__3dc555fe__gitc2c2860f__codebebd8b2d__20260715T051844483360Z,msl_ncam_nlb_565812047edr_f0671016ncam00312m1,test_msl,soil,iou,1.0,188747,188747,188747
segformer__scratch__mit-b2__in_rover__seed1415__gpu_full__3dc555fe__gitc2c2860f__codebebd8b2d__20260715T051844483360Z,msl_ncam_nlb_565812047edr_f0671016ncam00312m1,test_msl,bedrock,iou,,0,0,188747
segformer__scratch__mit-b2__in_rover__seed1415__gpu_full__3dc555fe__gitc2c2860f__codebebd8b2d__20260715T051844483360Z,msl_ncam_nlb_565812047edr_f0671016ncam00312m1,test_msl,sand,iou,,0,0,188747
segformer__scratch__mit-b2__in_rover__seed1415__gpu_full__3dc555fe__gitc2c2860f__codebebd8b2d__20260715T051844483360Z,msl_ncam_nlb_565812047edr_f0671016ncam00312m1,test_msl,big_rock,iou,,0,0,188747
segformer__scratch__mit-b2__in_rover__seed1415__gpu_full__3dc555fe__gitc2c2860f__codebebd8b2d__20260715T051844483360Z,msl_ncam_nlb_565812047edr_f0671016ncam00312m1,test_msl,ALL,pixel_acc,1.0,0,0,188747
segformer__scratch__mit-b2__in_rover__seed1415__gpu_full__3dc555fe__gitc2c2860f__codebebd8b2d__20260715T051844483360Z,msl_ncam_nlb_565812047edr_f0671016ncam00312m1,test_msl,ALL,boundary_f1,1.0,0,0,188747
segformer__scratch__mit-b2__in_rover__seed1415__gpu_full__3dc555fe__gitc2c2860f__codebebd8b2d__20260715T051844483360Z,msl_ncam_nlb_570072657edr_f0672848ncam00385m1,test_msl,soil,iou,,0,0,0
segformer__scratch__mit-b2__in_rover__seed1415__gpu_full__3dc555fe__gitc2c2860f__codebebd8b2d__20260715T051844483360Z,msl_ncam_nlb_570072657edr_f0672848ncam00385m1,test_msl,bedrock,iou,,0,0,0
segformer__scratch__mit-b2__in_rover__seed1415__gpu_full__3dc555fe__gitc2c2860f__codebebd8b2d__20260715T051844483360Z,msl_ncam_nlb_570072657edr_f0672848ncam00385m1,test_msl,sand,iou,,0,0,0
segformer__scratch__mit-b2__in_rover__seed1415__gpu_full__3dc555fe__gitc2c2860f__codebebd8b2d__20260715T051844483360Z,msl_ncam_nlb_570072657edr_f0672848ncam00385m1,test_msl,big_rock,iou,,0,0,0
segformer__scratch__mit-b2__in_rover__seed1415__gpu_full__3dc555fe__gitc2c2860f__codebebd8b2d__20260715T051844483360Z,msl_ncam_nlb_570072657edr_f0672848ncam00385m1,test_msl,ALL,pixel_acc,,0,0,0
segformer__scratch__mit-b2__in_rover__seed1415__gpu_full__3dc555fe__gitc2c2860f__codebebd8b2d__20260715T051844483360Z,msl_ncam_nlb_570072657edr_f0672848ncam00385m1,test_msl,ALL,boundary_f1,,0,0,0
segformer__scratch__mit-b2__in_rover__seed1415__gpu_full__3dc555fe__gitc2c2860f__codebebd8b2d__20260715T051844483360Z,msl_ncam_nlb_570073321edr_f0672884ncam00375m1,test_msl,soil,iou,0.9889313054192167,146883,148527,148527
segformer__scratch__mit-b2__in_rover__seed1415__gpu_full__3dc555fe__gitc2c2860f__codebebd8b2d__20260715T051844483360Z,msl_ncam_nlb_570073321edr_f0672884ncam00375m1,test_msl,bedrock,iou,,0,0,148527
segformer__scratch__mit-b2__in_rover__seed1415__gpu_full__3dc555fe__gitc2c2860f__codebebd8b2d__20260715T051844483360Z,msl_ncam_nlb_570073321edr_f0672884ncam00375m1,test_msl,sand,iou,0.0,0,1644,148527
segformer__scratch__mit-b2__in_rover__seed1415__gpu_full__3dc555fe__gitc2c2860f__codebebd8b2d__20260715T051844483360Z,msl_ncam_nlb_570073321edr_f0672884ncam00375m1,test_msl,big_rock,iou,,0,0,148527
segformer__scratch__mit-b2__in_rover__seed1415__gpu_full__3dc555fe__gitc2c2860f__codebebd8b2d__20260715T051844483360Z,msl_ncam_nlb_570073321edr_f0672884ncam00375m1,test_msl,ALL,pixel_acc,0.9889313054192167,0,0,148527
segformer__scratch__mit-b2__in_rover__seed1415__gpu_full__3dc555fe__gitc2c2860f__codebebd8b2d__20260715T051844483360Z,msl_ncam_nlb_570073321edr_f0672884ncam00375m1,test_msl,ALL,boundary_f1,0.4745142213460997,0,0,148527
segformer__scratch__mit-b2__in_rover__seed1415__gpu_full__3dc555fe__gitc2c2860f__codebebd8b2d__20260715T051844483360Z,msl_ncam_nlb_570073400edr_f0672884ncam00284m1,test_msl,soil,iou,0.9645921458684952,136593,141607,141607
segformer__scratch__mit-b2__in_rover__seed1415__gpu_full__3dc555fe__gitc2c2860f__codebebd8b2d__20260715T051844483360Z,msl_ncam_nlb_570073400edr_f0672884ncam00284m1,test_msl,bedrock,iou,,0,0,141607
segformer__scratch__mit-b2__in_rover__seed1415__gpu_full__3dc555fe__gitc2c2860f__codebebd8b2d__20260715T051844483360Z,msl_ncam_nlb_570073400edr_f0672884ncam00284m1,test_msl,sand,iou,0.0,0,4700,141607
segformer__scratch__mit-b2__in_rover__seed1415__gpu_full__3dc555fe__gitc2c2860f__codebebd8b2d__20260715T051844483360Z,msl_ncam_nlb_570073400edr_f0672884ncam00284m1,test_msl,big_rock,iou,0.0,0,314,141607
segformer__scratch__mit-b2__in_rover__seed1415__gpu_full__3dc555fe__gitc2c2860f__codebebd8b2d__20260715T051844483360Z,msl_ncam_nlb_570073400edr_f0672884ncam00284m1,test_msl,ALL,pixel_acc,0.9645921458684952,0,0,141607
segformer__scratch__mit-b2__in_rover__seed1415__gpu_full__3dc555fe__gitc2c2860f__codebebd8b2d__20260715T051844483360Z,msl_ncam_nlb_570073400edr_f0672884ncam00284m1,test_msl,ALL,boundary_f1,0.26710122509913997,0,0,141607
segformer__scratch__mit-b2__in_rover__seed1415__gpu_full__3dc555fe__gitc2c2860f__codebebd8b2d__20260715T051844483360Z,msl_ncam_nlb_570073456edr_f0672884ncam00284m1,test_msl,soil,iou,0.9850058329711554,86123,87434,96552
segformer__scratch__mit-b2__in_rover__seed1415__gpu_full__3dc555fe__gitc2c2860f__codebebd8b2d__20260715T051844483360Z,msl_ncam_nlb_570073456edr_f0672884ncam00284m1,test_msl,bedrock,iou,0.8742928372806597,9118,10429,96552
segformer__scratch__mit-b2__in_rover__seed1415__gpu_full__3dc555fe__gitc2c2860f__codebebd8b2d__20260715T051844483360Z,msl_ncam_nlb_570073456edr_f0672884ncam00284m1,test_msl,sand,iou,,0,0,96552
segformer__scratch__mit-b2__in_rover__seed1415__gpu_full__3dc555fe__gitc2c2860f__codebebd8b2d__20260715T051844483360Z,msl_ncam_nlb_570073456edr_f0672884ncam00284m1,test_msl,big_rock,iou,,0,0,96552
segformer__scratch__mit-b2__in_rover__seed1415__gpu_full__3dc555fe__gitc2c2860f__codebebd8b2d__20260715T051844483360Z,msl_ncam_nlb_570073456edr_f0672884ncam00284m1,test_msl,ALL,pixel_acc,0.9864218245090728,0,0,96552
segformer__scratch__mit-b2__in_rover__seed1415__gpu_full__3dc555fe__gitc2c2860f__codebebd8b2d__20260715T051844483360Z,msl_ncam_nlb_570073456edr_f0672884ncam00284m1,test_msl,ALL,boundary_f1,0.8775462122501261,0,0,96552
segformer__scratch__mit-b2__in_rover__seed1415__gpu_full__3dc555fe__gitc2c2860f__codebebd8b2d__20260715T051844483360Z,msl_ncam_nlb_570074025edr_f0672884ncam00285m1,test_msl,soil,iou,0.25720802647663915,17253,67078,105810
segformer__scratch__mit-b2__in_rover__seed1415__gpu_full__3dc555fe__gitc2c2860f__codebebd8b2d__20260715T051844483360Z,msl_ncam_nlb_570074025edr_f0672884ncam00285m1,test_msl,bedrock,iou,0.4401605044425337,38393,87225,105810
segformer__scratch__mit-b2__in_rover__seed1415__gpu_full__3dc555fe__gitc2c2860f__codebebd8b2d__20260715T051844483360Z,msl_ncam_nlb_570074025edr_f0672884ncam00285m1,test_msl,sand,iou,0.0,0,1332,105810
segformer__scratch__mit-b2__in_rover__seed1415__gpu_full__3dc555fe__gitc2c2860f__codebebd8b2d__20260715T051844483360Z,msl_ncam_nlb_570074025edr_f0672884ncam00285m1,test_msl,big_rock,iou,0.0,0,339,105810
segformer__scratch__mit-b2__in_rover__seed1415__gpu_full__3dc555fe__gitc2c2860f__codebebd8b2d__20260715T051844483360Z,msl_ncam_nlb_570074025edr_f0672884ncam00285m1,test_msl,ALL,pixel_acc,0.5259049239202344,0,0,105810
segformer__scratch__mit-b2__in_rover__seed1415__gpu_full__3dc555fe__gitc2c2860f__codebebd8b2d__20260715T051844483360Z,msl_ncam_nlb_570074025edr_f0672884ncam00285m1,test_msl,ALL,boundary_f1,0.13091732241422097,0,0,105810
segformer__scratch__mit-b2__in_rover__seed1415__gpu_full__3dc555fe__gitc2c2860f__codebebd8b2d__20260715T051844483360Z,msl_ncam_nlb_570074144edr_f0672884ncam00285m1,test_msl,soil,iou,0.0,0,11557,14959
segformer__scratch__mit-b2__in_rover__seed1415__gpu_full__3dc555fe__gitc2c2860f__codebebd8b2d__20260715T051844483360Z,msl_ncam_nlb_570074144edr_f0672884ncam00285m1,test_msl,bedrock,iou,0.2274216190921853,3402,14959,14959
segformer__scratch__mit-b2__in_rover__seed1415__gpu_full__3dc555fe__gitc2c2860f__codebebd8b2d__20260715T051844483360Z,msl_ncam_nlb_570074144edr_f0672884ncam00285m1,test_msl,sand,iou,,0,0,14959
segformer__scratch__mit-b2__in_rover__seed1415__gpu_full__3dc555fe__gitc2c2860f__codebebd8b2d__20260715T051844483360Z,msl_ncam_nlb_570074144edr_f0672884ncam00285m1,test_msl,big_rock,iou,,0,0,14959
segformer__scratch__mit-b2__in_rover__seed1415__gpu_full__3dc555fe__gitc2c2860f__codebebd8b2d__20260715T051844483360Z,msl_ncam_nlb_570074144edr_f0672884ncam00285m1,test_msl,ALL,pixel_acc,0.2274216190921853,0,0,14959
segformer__scratch__mit-b2__in_rover__seed1415__gpu_full__3dc555fe__gitc2c2860f__codebebd8b2d__20260715T051844483360Z,msl_ncam_nlb_570074144edr_f0672884ncam00285m1,test_msl,ALL,boundary_f1,0.1348178766323075,0,0,14959
segformer__scratch__mit-b2__in_rover__seed1415__gpu_full__3dc555fe__gitc2c2860f__codebebd8b2d__20260715T051844483360Z,msl_ncam_nlb_570074258edr_f0672884ncam00285m1,test_msl,soil,iou,0.0,0,90077,90077
segformer__scratch__mit-b2__in_rover__seed1415__gpu_full__3dc555fe__gitc2c2860f__codebebd8b2d__20260715T051844483360Z,msl_ncam_nlb_570074258edr_f0672884ncam00285m1,test_msl,bedrock,iou,,0,0,90077
segformer__scratch__mit-b2__in_rover__seed1415__gpu_full__3dc555fe__gitc2c2860f__codebebd8b2d__20260715T051844483360Z,msl_ncam_nlb_570074258edr_f0672884ncam00285m1,test_msl,sand,iou,0.0,0,90077,90077
segformer__scratch__mit-b2__in_rover__seed1415__gpu_full__3dc555fe__gitc2c2860f__codebebd8b2d__20260715T051844483360Z,msl_ncam_nlb_570074258edr_f0672884ncam00285m1,test_msl,big_rock,iou,,0,0,90077
segformer__scratch__mit-b2__in_rover__seed1415__gpu_full__3dc555fe__gitc2c2860f__codebebd8b2d__20260715T051844483360Z,msl_ncam_nlb_570074258edr_f0672884ncam00285m1,test_msl,ALL,pixel_acc,0.0,0,0,90077
segformer__scratch__mit-b2__in_rover__seed1415__gpu_full__3dc555fe__gitc2c2860f__codebebd8b2d__20260715T051844483360Z,msl_ncam_nlb_570074258edr_f0672884ncam00285m1,test_msl,ALL,boundary_f1,0.0,0,0,90077
segformer__scratch__mit-b2__in_rover__seed1415__gpu_full__3dc555fe__gitc2c2860f__codebebd8b2d__20260715T051844483360Z,msl_ncam_nlb_574061102edr_f0681232ncam00320m1,test_msl,soil,iou,1.0,26670,26670,26670
segformer__scratch__mit-b2__in_rover__seed1415__gpu_full__3dc555fe__gitc2c2860f__codebebd8b2d__20260715T051844483360Z,msl_ncam_nlb_574061102edr_f0681232ncam00320m1,test_msl,bedrock,iou,,0,0,26670
segformer__scratch__mit-b2__in_rover__seed1415__gpu_full__3dc555fe__gitc2c2860f__codebebd8b2d__20260715T051844483360Z,msl_ncam_nlb_574061102edr_f0681232ncam00320m1,test_msl,sand,iou,,0,0,26670
segformer__scratch__mit-b2__in_rover__seed1415__gpu_full__3dc555fe__gitc2c2860f__codebebd8b2d__20260715T051844483360Z,msl_ncam_nlb_574061102edr_f0681232ncam00320m1,test_msl,big_rock,iou,,0,0,26670
segformer__scratch__mit-b2__in_rover__seed1415__gpu_full__3dc555fe__gitc2c2860f__codebebd8b2d__20260715T051844483360Z,msl_ncam_nlb_574061102edr_f0681232ncam00320m1,test_msl,ALL,pixel_acc,1.0,0,0,26670
segformer__scratch__mit-b2__in_rover__seed1415__gpu_full__3dc555fe__gitc2c2860f__codebebd8b2d__20260715T051844483360Z,msl_ncam_nlb_574061102edr_f0681232ncam00320m1,test_msl,ALL,boundary_f1,1.0,0,0,26670
segformer__scratch__mit-b2__in_rover__seed1415__gpu_full__3dc555fe__gitc2c2860f__codebebd8b2d__20260715T051844483360Z,msl_ncam_nlb_574071379edr_f0681556ncam00379m1,test_msl,soil,iou,0.9857456140350878,13485,13680,116837
segformer__scratch__mit-b2__in_rover__seed1415__gpu_full__3dc555fe__gitc2c2860f__codebebd8b2d__20260715T051844483360Z,msl_ncam_nlb_574071379edr_f0681556ncam00379m1,test_msl,bedrock,iou,0.9981132440591377,103157,103352,116837
segformer__scratch__mit-b2__in_rover__seed1415__gpu_full__3dc555fe__gitc2c2860f__codebebd8b2d__20260715T051844483360Z,msl_ncam_nlb_574071379edr_f0681556ncam00379m1,test_msl,sand,iou,,0,0,116837
segformer__scratch__mit-b2__in_rover__seed1415__gpu_full__3dc555fe__gitc2c2860f__codebebd8b2d__20260715T051844483360Z,msl_ncam_nlb_574071379edr_f0681556ncam00379m1,test_msl,big_rock,iou,,0,0,116837
segformer__scratch__mit-b2__in_rover__seed1415__gpu_full__3dc555fe__gitc2c2860f__codebebd8b2d__20260715T051844483360Z,msl_ncam_nlb_574071379edr_f0681556ncam00379m1,test_msl,ALL,pixel_acc,0.9983310081566626,0,0,116837
segformer__scratch__mit-b2__in_rover__seed1415__gpu_full__3dc555fe__gitc2c2860f__codebebd8b2d__20260715T051844483360Z,msl_ncam_nlb_574071379edr_f0681556ncam00379m1,test_msl,ALL,boundary_f1,0.9562256348897944,0,0,116837
segformer__scratch__mit-b2__in_rover__seed1415__gpu_full__3dc555fe__gitc2c2860f__codebebd8b2d__20260715T051844483360Z,msl_ncam_nlb_574072088edr_f0681616ncam00257m1,test_msl,soil,iou,,0,0,0
segformer__scratch__mit-b2__in_rover__seed1415__gpu_full__3dc555fe__gitc2c2860f__codebebd8b2d__20260715T051844483360Z,msl_ncam_nlb_574072088edr_f0681616ncam00257m1,test_msl,bedrock,iou,,0,0,0
segformer__scratch__mit-b2__in_rover__seed1415__gpu_full__3dc555fe__gitc2c2860f__codebebd8b2d__20260715T051844483360Z,msl_ncam_nlb_574072088edr_f0681616ncam00257m1,test_msl,sand,iou,,0,0,0
segformer__scratch__mit-b2__in_rover__seed1415__gpu_full__3dc555fe__gitc2c2860f__codebebd8b2d__20260715T051844483360Z,msl_ncam_nlb_574072088edr_f0681616ncam00257m1,test_msl,big_rock,iou,,0,0,0
segformer__scratch__mit-b2__in_rover__seed1415__gpu_full__3dc555fe__gitc2c2860f__codebebd8b2d__20260715T051844483360Z,msl_ncam_nlb_574072088edr_f0681616ncam00257m1,test_msl,ALL,pixel_acc,,0,0,0
segformer__scratch__mit-b2__in_rover__seed1415__gpu_full__3dc555fe__gitc2c2860f__codebebd8b2d__20260715T051844483360Z,msl_ncam_nlb_574072088edr_f0681616ncam00257m1,test_msl,ALL,boundary_f1,,0,0,0
segformer__scratch__mit-b2__in_rover__seed1415__gpu_full__3dc555fe__gitc2c2860f__codebebd8b2d__20260715T051844483360Z,msl_ncam_nlb_574078028edr_f0681626ncam00256m1,test_msl,soil,iou,,0,0,0
segformer__scratch__mit-b2__in_rover__seed1415__gpu_full__3dc555fe__gitc2c2860f__codebebd8b2d__20260715T051844483360Z,msl_ncam_nlb_574078028edr_f0681626ncam00256m1,test_msl,bedrock,iou,,0,0,0
segformer__scratch__mit-b2__in_rover__seed1415__gpu_full__3dc555fe__gitc2c2860f__codebebd8b2d__20260715T051844483360Z,msl_ncam_nlb_574078028edr_f0681626ncam00256m1,test_msl,sand,iou,,0,0,0
segformer__scratch__mit-b2__in_rover__seed1415__gpu_full__3dc555fe__gitc2c2860f__codebebd8b2d__20260715T051844483360Z,msl_ncam_nlb_574078028edr_f0681626ncam00256m1,test_msl,big_rock,iou,,0,0,0
segformer__scratch__mit-b2__in_rover__seed1415__gpu_full__3dc555fe__gitc2c2860f__codebebd8b2d__20260715T051844483360Z,msl_ncam_nlb_574078028edr_f0681626ncam00256m1,test_msl,ALL,pixel_acc,,0,0,0
segformer__scratch__mit-b2__in_rover__seed1415__gpu_full__3dc555fe__gitc2c2860f__codebebd8b2d__20260715T051844483360Z,msl_ncam_nlb_574078028edr_f0681626ncam00256m1,test_msl,ALL,boundary_f1,,0,0,0
segformer__scratch__mit-b2__in_rover__seed1415__gpu_full__3dc555fe__gitc2c2860f__codebebd8b2d__20260715T051844483360Z,msl_ncam_nlb_574078090edr_f0681626ncam00256m1,test_msl,soil,iou,1.0,2992,2992,2992
segformer__scratch__mit-b2__in_rover__seed1415__gpu_full__3dc555fe__gitc2c2860f__codebebd8b2d__20260715T051844483360Z,msl_ncam_nlb_574078090edr_f0681626ncam00256m1,test_msl,bedrock,iou,,0,0,2992
segformer__scratch__mit-b2__in_rover__seed1415__gpu_full__3dc555fe__gitc2c2860f__codebebd8b2d__20260715T051844483360Z,msl_ncam_nlb_574078090edr_f0681626ncam00256m1,test_msl,sand,iou,,0,0,2992
segformer__scratch__mit-b2__in_rover__seed1415__gpu_full__3dc555fe__gitc2c2860f__codebebd8b2d__20260715T051844483360Z,msl_ncam_nlb_574078090edr_f0681626ncam00256m1,test_msl,big_rock,iou,,0,0,2992
segformer__scratch__mit-b2__in_rover__seed1415__gpu_full__3dc555fe__gitc2c2860f__codebebd8b2d__20260715T051844483360Z,msl_ncam_nlb_574078090edr_f0681626ncam00256m1,test_msl,ALL,pixel_acc,1.0,0,0,2992
segformer__scratch__mit-b2__in_rover__seed1415__gpu_full__3dc555fe__gitc2c2860f__codebebd8b2d__20260715T051844483360Z,msl_ncam_nlb_574078090edr_f0681626ncam00256m1,test_msl,ALL,boundary_f1,1.0,0,0,2992
segformer__scratch__mit-b2__in_rover__seed1415__gpu_full__3dc555fe__gitc2c2860f__codebebd8b2d__20260715T051844483360Z,msl_ncam_nlb_574078155edr_f0681626ncam00256m1,test_msl,soil,iou,1.0,31502,31502,31502
segformer__scratch__mit-b2__in_rover__seed1415__gpu_full__3dc555fe__gitc2c2860f__codebebd8b2d__20260715T051844483360Z,msl_ncam_nlb_574078155edr_f0681626ncam00256m1,test_msl,bedrock,iou,,0,0,31502
segformer__scratch__mit-b2__in_rover__seed1415__gpu_full__3dc555fe__gitc2c2860f__codebebd8b2d__20260715T051844483360Z,msl_ncam_nlb_574078155edr_f0681626ncam00256m1,test_msl,sand,iou,,0,0,31502
segformer__scratch__mit-b2__in_rover__seed1415__gpu_full__3dc555fe__gitc2c2860f__codebebd8b2d__20260715T051844483360Z,msl_ncam_nlb_574078155edr_f0681626ncam00256m1,test_msl,big_rock,iou,,0,0,31502
segformer__scratch__mit-b2__in_rover__seed1415__gpu_full__3dc555fe__gitc2c2860f__codebebd8b2d__20260715T051844483360Z,msl_ncam_nlb_574078155edr_f0681626ncam00256m1,test_msl,ALL,pixel_acc,1.0,0,0,31502
segformer__scratch__mit-b2__in_rover__seed1415__gpu_full__3dc555fe__gitc2c2860f__codebebd8b2d__20260715T051844483360Z,msl_ncam_nlb_574078155edr_f0681626ncam00256m1,test_msl,ALL,boundary_f1,1.0,0,0,31502
segformer__scratch__mit-b2__in_rover__seed1415__gpu_full__3dc555fe__gitc2c2860f__codebebd8b2d__20260715T051844483360Z,msl_ncam_nlb_574078440edr_f0681626ncam00354m1,test_msl,soil,iou,,0,0,160997
segformer__scratch__mit-b2__in_rover__seed1415__gpu_full__3dc555fe__gitc2c2860f__codebebd8b2d__20260715T051844483360Z,msl_ncam_nlb_574078440edr_f0681626ncam00354m1,test_msl,bedrock,iou,1.0,160997,160997,160997
segformer__scratch__mit-b2__in_rover__seed1415__gpu_full__3dc555fe__gitc2c2860f__codebebd8b2d__20260715T051844483360Z,msl_ncam_nlb_574078440edr_f0681626ncam00354m1,test_msl,sand,iou,,0,0,160997
segformer__scratch__mit-b2__in_rover__seed1415__gpu_full__3dc555fe__gitc2c2860f__codebebd8b2d__20260715T051844483360Z,msl_ncam_nlb_574078440edr_f0681626ncam00354m1,test_msl,big_rock,iou,,0,0,160997
segformer__scratch__mit-b2__in_rover__seed1415__gpu_full__3dc555fe__gitc2c2860f__codebebd8b2d__20260715T051844483360Z,msl_ncam_nlb_574078440edr_f0681626ncam00354m1,test_msl,ALL,pixel_acc,1.0,0,0,160997
segformer__scratch__mit-b2__in_rover__seed1415__gpu_full__3dc555fe__gitc2c2860f__codebebd8b2d__20260715T051844483360Z,msl_ncam_nlb_574078440edr_f0681626ncam00354m1,test_msl,ALL,boundary_f1,1.0,0,0,160997
segformer__scratch__mit-b2__in_rover__seed1415__gpu_full__3dc555fe__gitc2c2860f__codebebd8b2d__20260715T051844483360Z,msl_ncam_nlb_574078554edr_f0681626ncam00354m1,test_msl,soil,iou,0.9962039045553145,44088,44256,59636
segformer__scratch__mit-b2__in_rover__seed1415__gpu_full__3dc555fe__gitc2c2860f__codebebd8b2d__20260715T051844483360Z,msl_ncam_nlb_574078554edr_f0681626ncam00354m1,test_msl,bedrock,iou,0.9891947517365578,15380,15548,59636
segformer__scratch__mit-b2__in_rover__seed1415__gpu_full__3dc555fe__gitc2c2860f__codebebd8b2d__20260715T051844483360Z,msl_ncam_nlb_574078554edr_f0681626ncam00354m1,test_msl,sand,iou,,0,0,59636
segformer__scratch__mit-b2__in_rover__seed1415__gpu_full__3dc555fe__gitc2c2860f__codebebd8b2d__20260715T051844483360Z,msl_ncam_nlb_574078554edr_f0681626ncam00354m1,test_msl,big_rock,iou,,0,0,59636
segformer__scratch__mit-b2__in_rover__seed1415__gpu_full__3dc555fe__gitc2c2860f__codebebd8b2d__20260715T051844483360Z,msl_ncam_nlb_574078554edr_f0681626ncam00354m1,test_msl,ALL,pixel_acc,0.9971829096518882,0,0,59636
segformer__scratch__mit-b2__in_rover__seed1415__gpu_full__3dc555fe__gitc2c2860f__codebebd8b2d__20260715T051844483360Z,msl_ncam_nlb_574078554edr_f0681626ncam00354m1,test_msl,ALL,boundary_f1,0.9655664408287767,0,0,59636
segformer__scratch__mit-b2__in_rover__seed1415__gpu_full__3dc555fe__gitc2c2860f__codebebd8b2d__20260715T051844483360Z,msl_ncam_nlb_574078665edr_f0681626ncam07753m1,test_msl,soil,iou,0.4579412973417256,42344,92466,92466
segformer__scratch__mit-b2__in_rover__seed1415__gpu_full__3dc555fe__gitc2c2860f__codebebd8b2d__20260715T051844483360Z,msl_ncam_nlb_574078665edr_f0681626ncam07753m1,test_msl,bedrock,iou,0.0,0,50122,92466
segformer__scratch__mit-b2__in_rover__seed1415__gpu_full__3dc555fe__gitc2c2860f__codebebd8b2d__20260715T051844483360Z,msl_ncam_nlb_574078665edr_f0681626ncam07753m1,test_msl,sand,iou,,0,0,92466
segformer__scratch__mit-b2__in_rover__seed1415__gpu_full__3dc555fe__gitc2c2860f__codebebd8b2d__20260715T051844483360Z,msl_ncam_nlb_574078665edr_f0681626ncam07753m1,test_msl,big_rock,iou,,0,0,92466
segformer__scratch__mit-b2__in_rover__seed1415__gpu_full__3dc555fe__gitc2c2860f__codebebd8b2d__20260715T051844483360Z,msl_ncam_nlb_574078665edr_f0681626ncam07753m1,test_msl,ALL,pixel_acc,0.4579412973417256,0,0,92466
segformer__scratch__mit-b2__in_rover__seed1415__gpu_full__3dc555fe__gitc2c2860f__codebebd8b2d__20260715T051844483360Z,msl_ncam_nlb_574078665edr_f0681626ncam07753m1,test_msl,ALL,boundary_f1,0.35792404056472454,0,0,92466
segformer__scratch__mit-b2__in_rover__seed1415__gpu_full__3dc555fe__gitc2c2860f__codebebd8b2d__20260715T051844483360Z,msl_ncam_nlb_574078735edr_f0681626ncam07753m1,test_msl,soil,iou,0.0,0,13224,13225
segformer__scratch__mit-b2__in_rover__seed1415__gpu_full__3dc555fe__gitc2c2860f__codebebd8b2d__20260715T051844483360Z,msl_ncam_nlb_574078735edr_f0681626ncam07753m1,test_msl,bedrock,iou,7.561436672967863e-05,1,13225,13225
segformer__scratch__mit-b2__in_rover__seed1415__gpu_full__3dc555fe__gitc2c2860f__codebebd8b2d__20260715T051844483360Z,msl_ncam_nlb_574078735edr_f0681626ncam07753m1,test_msl,sand,iou,,0,0,13225
segformer__scratch__mit-b2__in_rover__seed1415__gpu_full__3dc555fe__gitc2c2860f__codebebd8b2d__20260715T051844483360Z,msl_ncam_nlb_574078735edr_f0681626ncam07753m1,test_msl,big_rock,iou,,0,0,13225
segformer__scratch__mit-b2__in_rover__seed1415__gpu_full__3dc555fe__gitc2c2860f__codebebd8b2d__20260715T051844483360Z,msl_ncam_nlb_574078735edr_f0681626ncam07753m1,test_msl,ALL,pixel_acc,7.561436672967863e-05,0,0,13225
segformer__scratch__mit-b2__in_rover__seed1415__gpu_full__3dc555fe__gitc2c2860f__codebebd8b2d__20260715T051844483360Z,msl_ncam_nlb_574078735edr_f0681626ncam07753m1,test_msl,ALL,boundary_f1,0.0,0,0,13225
segformer__scratch__mit-b2__in_rover__seed1415__gpu_full__3dc555fe__gitc2c2860f__codebebd8b2d__20260715T051844483360Z,msl_ncam_nlb_577080310edr_f0691768ncam00320m1,test_msl,soil,iou,0.9858892236541172,116819,118491,118491
segformer__scratch__mit-b2__in_rover__seed1415__gpu_full__3dc555fe__gitc2c2860f__codebebd8b2d__20260715T051844483360Z,msl_ncam_nlb_577080310edr_f0691768ncam00320m1,test_msl,bedrock,iou,0.0,0,129,118491
segformer__scratch__mit-b2__in_rover__seed1415__gpu_full__3dc555fe__gitc2c2860f__codebebd8b2d__20260715T051844483360Z,msl_ncam_nlb_577080310edr_f0691768ncam00320m1,test_msl,sand,iou,,0,0,118491
segformer__scratch__mit-b2__in_rover__seed1415__gpu_full__3dc555fe__gitc2c2860f__codebebd8b2d__20260715T051844483360Z,msl_ncam_nlb_577080310edr_f0691768ncam00320m1,test_msl,big_rock,iou,0.0,0,1543,118491
segformer__scratch__mit-b2__in_rover__seed1415__gpu_full__3dc555fe__gitc2c2860f__codebebd8b2d__20260715T051844483360Z,msl_ncam_nlb_577080310edr_f0691768ncam00320m1,test_msl,ALL,pixel_acc,0.9858892236541172,0,0,118491
segformer__scratch__mit-b2__in_rover__seed1415__gpu_full__3dc555fe__gitc2c2860f__codebebd8b2d__20260715T051844483360Z,msl_ncam_nlb_577080310edr_f0691768ncam00320m1,test_msl,ALL,boundary_f1,0.3227775159246788,0,0,118491
segformer__scratch__mit-b2__in_rover__seed1415__gpu_full__3dc555fe__gitc2c2860f__codebebd8b2d__20260715T051844483360Z,msl_ncam_nlb_577089308edr_f0691828ncam00379m1,test_msl,soil,iou,,0,0,0
segformer__scratch__mit-b2__in_rover__seed1415__gpu_full__3dc555fe__gitc2c2860f__codebebd8b2d__20260715T051844483360Z,msl_ncam_nlb_577089308edr_f0691828ncam00379m1,test_msl,bedrock,iou,,0,0,0
segformer__scratch__mit-b2__in_rover__seed1415__gpu_full__3dc555fe__gitc2c2860f__codebebd8b2d__20260715T051844483360Z,msl_ncam_nlb_577089308edr_f0691828ncam00379m1,test_msl,sand,iou,,0,0,0
segformer__scratch__mit-b2__in_rover__seed1415__gpu_full__3dc555fe__gitc2c2860f__codebebd8b2d__20260715T051844483360Z,msl_ncam_nlb_577089308edr_f0691828ncam00379m1,test_msl,big_rock,iou,,0,0,0
segformer__scratch__mit-b2__in_rover__seed1415__gpu_full__3dc555fe__gitc2c2860f__codebebd8b2d__20260715T051844483360Z,msl_ncam_nlb_577089308edr_f0691828ncam00379m1,test_msl,ALL,pixel_acc,,0,0,0
segformer__scratch__mit-b2__in_rover__seed1415__gpu_full__3dc555fe__gitc2c2860f__codebebd8b2d__20260715T051844483360Z,msl_ncam_nlb_577089308edr_f0691828ncam00379m1,test_msl,ALL,boundary_f1,,0,0,0
segformer__scratch__mit-b2__in_rover__seed1415__gpu_full__3dc555fe__gitc2c2860f__codebebd8b2d__20260715T051844483360Z,msl_ncam_nlb_577089970edr_f0691858ncam00286m1,test_msl,soil,iou,0.7053646814314477,21721,30794,99131
segformer__scratch__mit-b2__in_rover__seed1415__gpu_full__3dc555fe__gitc2c2860f__codebebd8b2d__20260715T051844483360Z,msl_ncam_nlb_577089970edr_f0691858ncam00286m1,test_msl,bedrock,iou,0.9617809970174691,67719,70410,99131
segformer__scratch__mit-b2__in_rover__seed1415__gpu_full__3dc555fe__gitc2c2860f__codebebd8b2d__20260715T051844483360Z,msl_ncam_nlb_577089970edr_f0691858ncam00286m1,test_msl,sand,iou,0.08549444286121402,600,7018,99131
segformer__scratch__mit-b2__in_rover__seed1415__gpu_full__3dc555fe__gitc2c2860f__codebebd8b2d__20260715T051844483360Z,msl_ncam_nlb_577089970edr_f0691858ncam00286m1,test_msl,big_rock,iou,,0,0,99131
segformer__scratch__mit-b2__in_rover__seed1415__gpu_full__3dc555fe__gitc2c2860f__codebebd8b2d__20260715T051844483360Z,msl_ncam_nlb_577089970edr_f0691858ncam00286m1,test_msl,ALL,pixel_acc,0.908293066750058,0,0,99131
segformer__scratch__mit-b2__in_rover__seed1415__gpu_full__3dc555fe__gitc2c2860f__codebebd8b2d__20260715T051844483360Z,msl_ncam_nlb_577089970edr_f0691858ncam00286m1,test_msl,ALL,boundary_f1,0.5692125778957559,0,0,99131
segformer__scratch__mit-b2__in_rover__seed1415__gpu_full__3dc555fe__gitc2c2860f__codebebd8b2d__20260715T051844483360Z,msl_ncam_nlb_577090033edr_f0691858ncam00286m1,test_msl,soil,iou,0.9991258741258742,1143,1144,49689
segformer__scratch__mit-b2__in_rover__seed1415__gpu_full__3dc555fe__gitc2c2860f__codebebd8b2d__20260715T051844483360Z,msl_ncam_nlb_577090033edr_f0691858ncam00286m1,test_msl,bedrock,iou,0.9999794009805133,48545,48546,49689
segformer__scratch__mit-b2__in_rover__seed1415__gpu_full__3dc555fe__gitc2c2860f__codebebd8b2d__20260715T051844483360Z,msl_ncam_nlb_577090033edr_f0691858ncam00286m1,test_msl,sand,iou,,0,0,49689
segformer__scratch__mit-b2__in_rover__seed1415__gpu_full__3dc555fe__gitc2c2860f__codebebd8b2d__20260715T051844483360Z,msl_ncam_nlb_577090033edr_f0691858ncam00286m1,test_msl,big_rock,iou,,0,0,49689
segformer__scratch__mit-b2__in_rover__seed1415__gpu_full__3dc555fe__gitc2c2860f__codebebd8b2d__20260715T051844483360Z,msl_ncam_nlb_577090033edr_f0691858ncam00286m1,test_msl,ALL,pixel_acc,0.9999798748213891,0,0,49689
segformer__scratch__mit-b2__in_rover__seed1415__gpu_full__3dc555fe__gitc2c2860f__codebebd8b2d__20260715T051844483360Z,msl_ncam_nlb_577090033edr_f0691858ncam00286m1,test_msl,ALL,boundary_f1,0.9999227321897698,0,0,49689
segformer__scratch__mit-b2__in_rover__seed1415__gpu_full__3dc555fe__gitc2c2860f__codebebd8b2d__20260715T051844483360Z,msl_ncam_nlb_577090148edr_f0691858ncam00286m1,test_msl,soil,iou,0.25630252100840334,1769,6902,7622
segformer__scratch__mit-b2__in_rover__seed1415__gpu_full__3dc555fe__gitc2c2860f__codebebd8b2d__20260715T051844483360Z,msl_ncam_nlb_577090148edr_f0691858ncam00286m1,test_msl,bedrock,iou,0.12375386730835339,720,5818,7622
segformer__scratch__mit-b2__in_rover__seed1415__gpu_full__3dc555fe__gitc2c2860f__codebebd8b2d__20260715T051844483360Z,msl_ncam_nlb_577090148edr_f0691858ncam00286m1,test_msl,sand,iou,,0,0,7622
segformer__scratch__mit-b2__in_rover__seed1415__gpu_full__3dc555fe__gitc2c2860f__codebebd8b2d__20260715T051844483360Z,msl_ncam_nlb_577090148edr_f0691858ncam00286m1,test_msl,big_rock,iou,0.0,0,35,7622
segformer__scratch__mit-b2__in_rover__seed1415__gpu_full__3dc555fe__gitc2c2860f__codebebd8b2d__20260715T051844483360Z,msl_ncam_nlb_577090148edr_f0691858ncam00286m1,test_msl,ALL,pixel_acc,0.3265547100498557,0,0,7622
segformer__scratch__mit-b2__in_rover__seed1415__gpu_full__3dc555fe__gitc2c2860f__codebebd8b2d__20260715T051844483360Z,msl_ncam_nlb_577090148edr_f0691858ncam00286m1,test_msl,ALL,boundary_f1,0.24280719450217503,0,0,7622
segformer__scratch__mit-b2__in_rover__seed1415__gpu_full__3dc555fe__gitc2c2860f__codebebd8b2d__20260715T051844483360Z,msl_ncam_nlb_577090437edr_f0691858ncam00312m1,test_msl,soil,iou,0.0,0,433,91551
segformer__scratch__mit-b2__in_rover__seed1415__gpu_full__3dc555fe__gitc2c2860f__codebebd8b2d__20260715T051844483360Z,msl_ncam_nlb_577090437edr_f0691858ncam00312m1,test_msl,bedrock,iou,0.0,0,3,91551
segformer__scratch__mit-b2__in_rover__seed1415__gpu_full__3dc555fe__gitc2c2860f__codebebd8b2d__20260715T051844483360Z,msl_ncam_nlb_577090437edr_f0691858ncam00312m1,test_msl,sand,iou,0.9952376271149413,91115,91551,91551
segformer__scratch__mit-b2__in_rover__seed1415__gpu_full__3dc555fe__gitc2c2860f__codebebd8b2d__20260715T051844483360Z,msl_ncam_nlb_577090437edr_f0691858ncam00312m1,test_msl,big_rock,iou,,0,0,91551
segformer__scratch__mit-b2__in_rover__seed1415__gpu_full__3dc555fe__gitc2c2860f__codebebd8b2d__20260715T051844483360Z,msl_ncam_nlb_577090437edr_f0691858ncam00312m1,test_msl,ALL,pixel_acc,0.9952376271149413,0,0,91551
segformer__scratch__mit-b2__in_rover__seed1415__gpu_full__3dc555fe__gitc2c2860f__codebebd8b2d__20260715T051844483360Z,msl_ncam_nlb_577090437edr_f0691858ncam00312m1,test_msl,ALL,boundary_f1,0.32718350391123435,0,0,91551
segformer__scratch__mit-b2__in_rover__seed1415__gpu_full__3dc555fe__gitc2c2860f__codebebd8b2d__20260715T051844483360Z,msl_ncam_nlb_577090635edr_f0691858ncam00287m1,test_msl,soil,iou,0.0,0,37,29086
segformer__scratch__mit-b2__in_rover__seed1415__gpu_full__3dc555fe__gitc2c2860f__codebebd8b2d__20260715T051844483360Z,msl_ncam_nlb_577090635edr_f0691858ncam00287m1,test_msl,bedrock,iou,0.957078795643818,2988,3122,29086
segformer__scratch__mit-b2__in_rover__seed1415__gpu_full__3dc555fe__gitc2c2860f__codebebd8b2d__20260715T051844483360Z,msl_ncam_nlb_577090635edr_f0691858ncam00287m1,test_msl,sand,iou,0.9934477737757682,25927,26098,29086
segformer__scratch__mit-b2__in_rover__seed1415__gpu_full__3dc555fe__gitc2c2860f__codebebd8b2d__20260715T051844483360Z,msl_ncam_nlb_577090635edr_f0691858ncam00287m1,test_msl,big_rock,iou,,0,0,29086
segformer__scratch__mit-b2__in_rover__seed1415__gpu_full__3dc555fe__gitc2c2860f__codebebd8b2d__20260715T051844483360Z,msl_ncam_nlb_577090635edr_f0691858ncam00287m1,test_msl,ALL,pixel_acc,0.9941208828989893,0,0,29086
segformer__scratch__mit-b2__in_rover__seed1415__gpu_full__3dc555fe__gitc2c2860f__codebebd8b2d__20260715T051844483360Z,msl_ncam_nlb_577090635edr_f0691858ncam00287m1,test_msl,ALL,boundary_f1,0.6452005389503334,0,0,29086
segformer__scratch__mit-b2__in_rover__seed1415__gpu_full__3dc555fe__gitc2c2860f__codebebd8b2d__20260715T051844483360Z,msl_ncam_nlb_577090699edr_f0691858ncam00287m1,test_msl,soil,iou,0.0,0,543,84812
segformer__scratch__mit-b2__in_rover__seed1415__gpu_full__3dc555fe__gitc2c2860f__codebebd8b2d__20260715T051844483360Z,msl_ncam_nlb_577090699edr_f0691858ncam00287m1,test_msl,bedrock,iou,0.8043956043956044,2928,3640,84812
segformer__scratch__mit-b2__in_rover__seed1415__gpu_full__3dc555fe__gitc2c2860f__codebebd8b2d__20260715T051844483360Z,msl_ncam_nlb_577090699edr_f0691858ncam00287m1,test_msl,sand,iou,0.9979223269937669,81172,81341,84812
segformer__scratch__mit-b2__in_rover__seed1415__gpu_full__3dc555fe__gitc2c2860f__codebebd8b2d__20260715T051844483360Z,msl_ncam_nlb_577090699edr_f0691858ncam00287m1,test_msl,big_rock,iou,,0,0,84812
segformer__scratch__mit-b2__in_rover__seed1415__gpu_full__3dc555fe__gitc2c2860f__codebebd8b2d__20260715T051844483360Z,msl_ncam_nlb_577090699edr_f0691858ncam00287m1,test_msl,ALL,pixel_acc,0.9916049615620431,0,0,84812
segformer__scratch__mit-b2__in_rover__seed1415__gpu_full__3dc555fe__gitc2c2860f__codebebd8b2d__20260715T051844483360Z,msl_ncam_nlb_577090699edr_f0691858ncam00287m1,test_msl,ALL,boundary_f1,0.5580268223684092,0,0,84812
segformer__scratch__mit-b2__in_rover__seed1415__gpu_full__3dc555fe__gitc2c2860f__codebebd8b2d__20260715T051844483360Z,msl_ncam_nlb_577090763edr_f0691858ncam00287m1,test_msl,soil,iou,0.3967483662993395,22646,57079,81680
segformer__scratch__mit-b2__in_rover__seed1415__gpu_full__3dc555fe__gitc2c2860f__codebebd8b2d__20260715T051844483360Z,msl_ncam_nlb_577090763edr_f0691858ncam00287m1,test_msl,bedrock,iou,0.928457999104198,22802,24559,81680
segformer__scratch__mit-b2__in_rover__seed1415__gpu_full__3dc555fe__gitc2c2860f__codebebd8b2d__20260715T051844483360Z,msl_ncam_nlb_577090763edr_f0691858ncam00287m1,test_msl,sand,iou,0.006688313490411567,241,36033,81680
segformer__scratch__mit-b2__in_rover__seed1415__gpu_full__3dc555fe__gitc2c2860f__codebebd8b2d__20260715T051844483360Z,msl_ncam_nlb_577090763edr_f0691858ncam00287m1,test_msl,big_rock,iou,,0,0,81680
segformer__scratch__mit-b2__in_rover__seed1415__gpu_full__3dc555fe__gitc2c2860f__codebebd8b2d__20260715T051844483360Z,msl_ncam_nlb_577090763edr_f0691858ncam00287m1,test_msl,ALL,pixel_acc,0.5593658178256611,0,0,81680
segformer__scratch__mit-b2__in_rover__seed1415__gpu_full__3dc555fe__gitc2c2860f__codebebd8b2d__20260715T051844483360Z,msl_ncam_nlb_577090763edr_f0691858ncam00287m1,test_msl,ALL,boundary_f1,0.5262085820523671,0,0,81680
segformer__scratch__mit-b2__in_rover__seed1415__gpu_full__3dc555fe__gitc2c2860f__codebebd8b2d__20260715T051844483360Z,msl_ncam_nlb_577095146edr_f0691858ncam00376m1,test_msl,soil,iou,0.0,0,54228,131880
segformer__scratch__mit-b2__in_rover__seed1415__gpu_full__3dc555fe__gitc2c2860f__codebebd8b2d__20260715T051844483360Z,msl_ncam_nlb_577095146edr_f0691858ncam00376m1,test_msl,bedrock,iou,,0,0,131880
segformer__scratch__mit-b2__in_rover__seed1415__gpu_full__3dc555fe__gitc2c2860f__codebebd8b2d__20260715T051844483360Z,msl_ncam_nlb_577095146edr_f0691858ncam00376m1,test_msl,sand,iou,0.5888080072793449,77652,131880,131880
segformer__scratch__mit-b2__in_rover__seed1415__gpu_full__3dc555fe__gitc2c2860f__codebebd8b2d__20260715T051844483360Z,msl_ncam_nlb_577095146edr_f0691858ncam00376m1,test_msl,big_rock,iou,,0,0,131880
segformer__scratch__mit-b2__in_rover__seed1415__gpu_full__3dc555fe__gitc2c2860f__codebebd8b2d__20260715T051844483360Z,msl_ncam_nlb_577095146edr_f0691858ncam00376m1,test_msl,ALL,pixel_acc,0.5888080072793449,0,0,131880
segformer__scratch__mit-b2__in_rover__seed1415__gpu_full__3dc555fe__gitc2c2860f__codebebd8b2d__20260715T051844483360Z,msl_ncam_nlb_577095146edr_f0691858ncam00376m1,test_msl,ALL,boundary_f1,0.2678629110121524,0,0,131880
segformer__scratch__mit-b2__in_rover__seed1415__gpu_full__3dc555fe__gitc2c2860f__codebebd8b2d__20260715T051844483360Z,msl_ncam_nlb_613564331edr_f0760274ncam00320m1,test_msl,soil,iou,1.0,100868,100868,100868
segformer__scratch__mit-b2__in_rover__seed1415__gpu_full__3dc555fe__gitc2c2860f__codebebd8b2d__20260715T051844483360Z,msl_ncam_nlb_613564331edr_f0760274ncam00320m1,test_msl,bedrock,iou,,0,0,100868
segformer__scratch__mit-b2__in_rover__seed1415__gpu_full__3dc555fe__gitc2c2860f__codebebd8b2d__20260715T051844483360Z,msl_ncam_nlb_613564331edr_f0760274ncam00320m1,test_msl,sand,iou,,0,0,100868
segformer__scratch__mit-b2__in_rover__seed1415__gpu_full__3dc555fe__gitc2c2860f__codebebd8b2d__20260715T051844483360Z,msl_ncam_nlb_613564331edr_f0760274ncam00320m1,test_msl,big_rock,iou,,0,0,100868
segformer__scratch__mit-b2__in_rover__seed1415__gpu_full__3dc555fe__gitc2c2860f__codebebd8b2d__20260715T051844483360Z,msl_ncam_nlb_613564331edr_f0760274ncam00320m1,test_msl,ALL,pixel_acc,1.0,0,0,100868
segformer__scratch__mit-b2__in_rover__seed1415__gpu_full__3dc555fe__gitc2c2860f__codebebd8b2d__20260715T051844483360Z,msl_ncam_nlb_613564331edr_f0760274ncam00320m1,test_msl,ALL,boundary_f1,1.0,0,0,100868
segformer__scratch__mit-b2__in_rover__seed1415__gpu_full__3dc555fe__gitc2c2860f__codebebd8b2d__20260715T051844483360Z,msl_ncam_nlb_613582793edr_f0760556ncam00385m1,test_msl,soil,iou,1.0,229198,229198,229198
segformer__scratch__mit-b2__in_rover__seed1415__gpu_full__3dc555fe__gitc2c2860f__codebebd8b2d__20260715T051844483360Z,msl_ncam_nlb_613582793edr_f0760556ncam00385m1,test_msl,bedrock,iou,,0,0,229198
segformer__scratch__mit-b2__in_rover__seed1415__gpu_full__3dc555fe__gitc2c2860f__codebebd8b2d__20260715T051844483360Z,msl_ncam_nlb_613582793edr_f0760556ncam00385m1,test_msl,sand,iou,,0,0,229198
segformer__scratch__mit-b2__in_rover__seed1415__gpu_full__3dc555fe__gitc2c2860f__codebebd8b2d__20260715T051844483360Z,msl_ncam_nlb_613582793edr_f0760556ncam00385m1,test_msl,big_rock,iou,,0,0,229198
segformer__scratch__mit-b2__in_rover__seed1415__gpu_full__3dc555fe__gitc2c2860f__codebebd8b2d__20260715T051844483360Z,msl_ncam_nlb_613582793edr_f0760556ncam00385m1,test_msl,ALL,pixel_acc,1.0,0,0,229198
segformer__scratch__mit-b2__in_rover__seed1415__gpu_full__3dc555fe__gitc2c2860f__codebebd8b2d__20260715T051844483360Z,msl_ncam_nlb_613582793edr_f0760556ncam00385m1,test_msl,ALL,boundary_f1,1.0,0,0,229198
segformer__scratch__mit-b2__in_rover__seed1415__gpu_full__3dc555fe__gitc2c2860f__codebebd8b2d__20260715T051844483360Z,msl_ncam_nlb_613583192edr_f0760568ncam00375m1,test_msl,soil,iou,1.0,148104,148104,148104
segformer__scratch__mit-b2__in_rover__seed1415__gpu_full__3dc555fe__gitc2c2860f__codebebd8b2d__20260715T051844483360Z,msl_ncam_nlb_613583192edr_f0760568ncam00375m1,test_msl,bedrock,iou,,0,0,148104
segformer__scratch__mit-b2__in_rover__seed1415__gpu_full__3dc555fe__gitc2c2860f__codebebd8b2d__20260715T051844483360Z,msl_ncam_nlb_613583192edr_f0760568ncam00375m1,test_msl,sand,iou,,0,0,148104
segformer__scratch__mit-b2__in_rover__seed1415__gpu_full__3dc555fe__gitc2c2860f__codebebd8b2d__20260715T051844483360Z,msl_ncam_nlb_613583192edr_f0760568ncam00375m1,test_msl,big_rock,iou,,0,0,148104
segformer__scratch__mit-b2__in_rover__seed1415__gpu_full__3dc555fe__gitc2c2860f__codebebd8b2d__20260715T051844483360Z,msl_ncam_nlb_613583192edr_f0760568ncam00375m1,test_msl,ALL,pixel_acc,1.0,0,0,148104
segformer__scratch__mit-b2__in_rover__seed1415__gpu_full__3dc555fe__gitc2c2860f__codebebd8b2d__20260715T051844483360Z,msl_ncam_nlb_613583192edr_f0760568ncam00375m1,test_msl,ALL,boundary_f1,1.0,0,0,148104
segformer__scratch__mit-b2__in_rover__seed1415__gpu_full__3dc555fe__gitc2c2860f__codebebd8b2d__20260715T051844483360Z,msl_ncam_nlb_613583340edr_f0760568ncam00280m1,test_msl,soil,iou,0.9968241943942661,239491,240254,240254
segformer__scratch__mit-b2__in_rover__seed1415__gpu_full__3dc555fe__gitc2c2860f__codebebd8b2d__20260715T051844483360Z,msl_ncam_nlb_613583340edr_f0760568ncam00280m1,test_msl,bedrock,iou,,0,0,240254
segformer__scratch__mit-b2__in_rover__seed1415__gpu_full__3dc555fe__gitc2c2860f__codebebd8b2d__20260715T051844483360Z,msl_ncam_nlb_613583340edr_f0760568ncam00280m1,test_msl,sand,iou,0.0,0,763,240254
segformer__scratch__mit-b2__in_rover__seed1415__gpu_full__3dc555fe__gitc2c2860f__codebebd8b2d__20260715T051844483360Z,msl_ncam_nlb_613583340edr_f0760568ncam00280m1,test_msl,big_rock,iou,,0,0,240254
segformer__scratch__mit-b2__in_rover__seed1415__gpu_full__3dc555fe__gitc2c2860f__codebebd8b2d__20260715T051844483360Z,msl_ncam_nlb_613583340edr_f0760568ncam00280m1,test_msl,ALL,pixel_acc,0.9968241943942661,0,0,240254
segformer__scratch__mit-b2__in_rover__seed1415__gpu_full__3dc555fe__gitc2c2860f__codebebd8b2d__20260715T051844483360Z,msl_ncam_nlb_613583340edr_f0760568ncam00280m1,test_msl,ALL,boundary_f1,0.4841394921744735,0,0,240254
segformer__scratch__mit-b2__in_rover__seed1415__gpu_full__3dc555fe__gitc2c2860f__codebebd8b2d__20260715T051844483360Z,msl_ncam_nlb_613583373edr_f0760568ncam00280m1,test_msl,soil,iou,0.9973345876450298,197191,197718,197718
segformer__scratch__mit-b2__in_rover__seed1415__gpu_full__3dc555fe__gitc2c2860f__codebebd8b2d__20260715T051844483360Z,msl_ncam_nlb_613583373edr_f0760568ncam00280m1,test_msl,bedrock,iou,,0,0,197718
segformer__scratch__mit-b2__in_rover__seed1415__gpu_full__3dc555fe__gitc2c2860f__codebebd8b2d__20260715T051844483360Z,msl_ncam_nlb_613583373edr_f0760568ncam00280m1,test_msl,sand,iou,0.0,0,527,197718
segformer__scratch__mit-b2__in_rover__seed1415__gpu_full__3dc555fe__gitc2c2860f__codebebd8b2d__20260715T051844483360Z,msl_ncam_nlb_613583373edr_f0760568ncam00280m1,test_msl,big_rock,iou,,0,0,197718
segformer__scratch__mit-b2__in_rover__seed1415__gpu_full__3dc555fe__gitc2c2860f__codebebd8b2d__20260715T051844483360Z,msl_ncam_nlb_613583373edr_f0760568ncam00280m1,test_msl,ALL,pixel_acc,0.9973345876450298,0,0,197718
segformer__scratch__mit-b2__in_rover__seed1415__gpu_full__3dc555fe__gitc2c2860f__codebebd8b2d__20260715T051844483360Z,msl_ncam_nlb_613583373edr_f0760568ncam00280m1,test_msl,ALL,boundary_f1,0.4898599914879059,0,0,197718
segformer__scratch__mit-b2__in_rover__seed1415__gpu_full__3dc555fe__gitc2c2860f__codebebd8b2d__20260715T051844483360Z,msl_ncam_nlb_613583763edr_f0760568ncam00354m1,test_msl,soil,iou,1.0,224188,224188,224188
segformer__scratch__mit-b2__in_rover__seed1415__gpu_full__3dc555fe__gitc2c2860f__codebebd8b2d__20260715T051844483360Z,msl_ncam_nlb_613583763edr_f0760568ncam00354m1,test_msl,bedrock,iou,,0,0,224188
segformer__scratch__mit-b2__in_rover__seed1415__gpu_full__3dc555fe__gitc2c2860f__codebebd8b2d__20260715T051844483360Z,msl_ncam_nlb_613583763edr_f0760568ncam00354m1,test_msl,sand,iou,,0,0,224188
segformer__scratch__mit-b2__in_rover__seed1415__gpu_full__3dc555fe__gitc2c2860f__codebebd8b2d__20260715T051844483360Z,msl_ncam_nlb_613583763edr_f0760568ncam00354m1,test_msl,big_rock,iou,,0,0,224188
segformer__scratch__mit-b2__in_rover__seed1415__gpu_full__3dc555fe__gitc2c2860f__codebebd8b2d__20260715T051844483360Z,msl_ncam_nlb_613583763edr_f0760568ncam00354m1,test_msl,ALL,pixel_acc,1.0,0,0,224188
segformer__scratch__mit-b2__in_rover__seed1415__gpu_full__3dc555fe__gitc2c2860f__codebebd8b2d__20260715T051844483360Z,msl_ncam_nlb_613583763edr_f0760568ncam00354m1,test_msl,ALL,boundary_f1,1.0,0,0,224188
segformer__scratch__mit-b2__in_rover__seed1415__gpu_full__3dc555fe__gitc2c2860f__codebebd8b2d__20260715T051844483360Z,msl_ncam_nlb_613583877edr_f0760568ncam00354m1,test_msl,soil,iou,1.0,156354,156354,156354
segformer__scratch__mit-b2__in_rover__seed1415__gpu_full__3dc555fe__gitc2c2860f__codebebd8b2d__20260715T051844483360Z,msl_ncam_nlb_613583877edr_f0760568ncam00354m1,test_msl,bedrock,iou,,0,0,156354
segformer__scratch__mit-b2__in_rover__seed1415__gpu_full__3dc555fe__gitc2c2860f__codebebd8b2d__20260715T051844483360Z,msl_ncam_nlb_613583877edr_f0760568ncam00354m1,test_msl,sand,iou,,0,0,156354
segformer__scratch__mit-b2__in_rover__seed1415__gpu_full__3dc555fe__gitc2c2860f__codebebd8b2d__20260715T051844483360Z,msl_ncam_nlb_613583877edr_f0760568ncam00354m1,test_msl,big_rock,iou,,0,0,156354
segformer__scratch__mit-b2__in_rover__seed1415__gpu_full__3dc555fe__gitc2c2860f__codebebd8b2d__20260715T051844483360Z,msl_ncam_nlb_613583877edr_f0760568ncam00354m1,test_msl,ALL,pixel_acc,1.0,0,0,156354
segformer__scratch__mit-b2__in_rover__seed1415__gpu_full__3dc555fe__gitc2c2860f__codebebd8b2d__20260715T051844483360Z,msl_ncam_nlb_613583877edr_f0760568ncam00354m1,test_msl,ALL,boundary_f1,1.0,0,0,156354
segformer__scratch__mit-b2__in_rover__seed1415__gpu_full__3dc555fe__gitc2c2860f__codebebd8b2d__20260715T051844483360Z,msl_ncam_nlb_613584057edr_f0760568ncam00281m1,test_msl,soil,iou,1.0,150118,150118,150118
segformer__scratch__mit-b2__in_rover__seed1415__gpu_full__3dc555fe__gitc2c2860f__codebebd8b2d__20260715T051844483360Z,msl_ncam_nlb_613584057edr_f0760568ncam00281m1,test_msl,bedrock,iou,,0,0,150118
segformer__scratch__mit-b2__in_rover__seed1415__gpu_full__3dc555fe__gitc2c2860f__codebebd8b2d__20260715T051844483360Z,msl_ncam_nlb_613584057edr_f0760568ncam00281m1,test_msl,sand,iou,,0,0,150118
segformer__scratch__mit-b2__in_rover__seed1415__gpu_full__3dc555fe__gitc2c2860f__codebebd8b2d__20260715T051844483360Z,msl_ncam_nlb_613584057edr_f0760568ncam00281m1,test_msl,big_rock,iou,,0,0,150118
segformer__scratch__mit-b2__in_rover__seed1415__gpu_full__3dc555fe__gitc2c2860f__codebebd8b2d__20260715T051844483360Z,msl_ncam_nlb_613584057edr_f0760568ncam00281m1,test_msl,ALL,pixel_acc,1.0,0,0,150118
segformer__scratch__mit-b2__in_rover__seed1415__gpu_full__3dc555fe__gitc2c2860f__codebebd8b2d__20260715T051844483360Z,msl_ncam_nlb_613584057edr_f0760568ncam00281m1,test_msl,ALL,boundary_f1,1.0,0,0,150118
segformer__scratch__mit-b2__in_rover__seed1415__gpu_full__3dc555fe__gitc2c2860f__codebebd8b2d__20260715T051844483360Z,msl_ncam_nlb_613584326edr_f0760568ncam00281m1,test_msl,soil,iou,0.40278562549440616,42771,106188,107819
segformer__scratch__mit-b2__in_rover__seed1415__gpu_full__3dc555fe__gitc2c2860f__codebebd8b2d__20260715T051844483360Z,msl_ncam_nlb_613584326edr_f0760568ncam00281m1,test_msl,bedrock,iou,,0,0,107819
segformer__scratch__mit-b2__in_rover__seed1415__gpu_full__3dc555fe__gitc2c2860f__codebebd8b2d__20260715T051844483360Z,msl_ncam_nlb_613584326edr_f0760568ncam00281m1,test_msl,sand,iou,0.025073791661542246,1631,65048,107819
segformer__scratch__mit-b2__in_rover__seed1415__gpu_full__3dc555fe__gitc2c2860f__codebebd8b2d__20260715T051844483360Z,msl_ncam_nlb_613584326edr_f0760568ncam00281m1,test_msl,big_rock,iou,,0,0,107819
segformer__scratch__mit-b2__in_rover__seed1415__gpu_full__3dc555fe__gitc2c2860f__codebebd8b2d__20260715T051844483360Z,msl_ncam_nlb_613584326edr_f0760568ncam00281m1,test_msl,ALL,pixel_acc,0.41181980912455135,0,0,107819
segformer__scratch__mit-b2__in_rover__seed1415__gpu_full__3dc555fe__gitc2c2860f__codebebd8b2d__20260715T051844483360Z,msl_ncam_nlb_613584326edr_f0760568ncam00281m1,test_msl,ALL,boundary_f1,0.3502538995589979,0,0,107819
