run_id,name,split,scope,metric,value,inter,union,n_valid
unet__scratch__resnet34__in_rover__seed1414__gpu_full__39bfa6f5__gitc188b320__codebebd8b2d__20260711T015842068985Z,msl_ncam_nla_409036068edr_f0051606ncam00348m1,test_msl,soil,iou,,0,0,0
unet__scratch__resnet34__in_rover__seed1414__gpu_full__39bfa6f5__gitc188b320__codebebd8b2d__20260711T015842068985Z,msl_ncam_nla_409036068edr_f0051606ncam00348m1,test_msl,bedrock,iou,,0,0,0
unet__scratch__resnet34__in_rover__seed1414__gpu_full__39bfa6f5__gitc188b320__codebebd8b2d__20260711T015842068985Z,msl_ncam_nla_409036068edr_f0051606ncam00348m1,test_msl,sand,iou,,0,0,0
unet__scratch__resnet34__in_rover__seed1414__gpu_full__39bfa6f5__gitc188b320__codebebd8b2d__20260711T015842068985Z,msl_ncam_nla_409036068edr_f0051606ncam00348m1,test_msl,big_rock,iou,,0,0,0
unet__scratch__resnet34__in_rover__seed1414__gpu_full__39bfa6f5__gitc188b320__codebebd8b2d__20260711T015842068985Z,msl_ncam_nla_409036068edr_f0051606ncam00348m1,test_msl,ALL,pixel_acc,,0,0,0
unet__scratch__resnet34__in_rover__seed1414__gpu_full__39bfa6f5__gitc188b320__codebebd8b2d__20260711T015842068985Z,msl_ncam_nla_409036068edr_f0051606ncam00348m1,test_msl,ALL,boundary_f1,,0,0,0
unet__scratch__resnet34__in_rover__seed1414__gpu_full__39bfa6f5__gitc188b320__codebebd8b2d__20260711T015842068985Z,msl_ncam_nla_409036116edr_f0051606ncam00348m1,test_msl,soil,iou,0.0,0,4482,123986
unet__scratch__resnet34__in_rover__seed1414__gpu_full__39bfa6f5__gitc188b320__codebebd8b2d__20260711T015842068985Z,msl_ncam_nla_409036116edr_f0051606ncam00348m1,test_msl,bedrock,iou,0.9638507573435711,119504,123986,123986
unet__scratch__resnet34__in_rover__seed1414__gpu_full__39bfa6f5__gitc188b320__codebebd8b2d__20260711T015842068985Z,msl_ncam_nla_409036116edr_f0051606ncam00348m1,test_msl,sand,iou,,0,0,123986
unet__scratch__resnet34__in_rover__seed1414__gpu_full__39bfa6f5__gitc188b320__codebebd8b2d__20260711T015842068985Z,msl_ncam_nla_409036116edr_f0051606ncam00348m1,test_msl,big_rock,iou,,0,0,123986
unet__scratch__resnet34__in_rover__seed1414__gpu_full__39bfa6f5__gitc188b320__codebebd8b2d__20260711T015842068985Z,msl_ncam_nla_409036116edr_f0051606ncam00348m1,test_msl,ALL,pixel_acc,0.9638507573435711,0,0,123986
unet__scratch__resnet34__in_rover__seed1414__gpu_full__39bfa6f5__gitc188b320__codebebd8b2d__20260711T015842068985Z,msl_ncam_nla_409036116edr_f0051606ncam00348m1,test_msl,ALL,boundary_f1,0.4829444720232608,0,0,123986
unet__scratch__resnet34__in_rover__seed1414__gpu_full__39bfa6f5__gitc188b320__codebebd8b2d__20260711T015842068985Z,msl_ncam_nla_409036860edr_f0051662ncam00346m1,test_msl,soil,iou,0.9138078378708339,7485,8191,22748
unet__scratch__resnet34__in_rover__seed1414__gpu_full__39bfa6f5__gitc188b320__codebebd8b2d__20260711T015842068985Z,msl_ncam_nla_409036860edr_f0051662ncam00346m1,test_msl,bedrock,iou,0.981038374717833,13038,13290,22748
unet__scratch__resnet34__in_rover__seed1414__gpu_full__39bfa6f5__gitc188b320__codebebd8b2d__20260711T015842068985Z,msl_ncam_nla_409036860edr_f0051662ncam00346m1,test_msl,sand,iou,0.6442548921224285,1284,1993,22748
unet__scratch__resnet34__in_rover__seed1414__gpu_full__39bfa6f5__gitc188b320__codebebd8b2d__20260711T015842068985Z,msl_ncam_nla_409036860edr_f0051662ncam00346m1,test_msl,big_rock,iou,0.0,0,215,22748
unet__scratch__resnet34__in_rover__seed1414__gpu_full__39bfa6f5__gitc188b320__codebebd8b2d__20260711T015842068985Z,msl_ncam_nla_409036860edr_f0051662ncam00346m1,test_msl,ALL,pixel_acc,0.9586337260418498,0,0,22748
unet__scratch__resnet34__in_rover__seed1414__gpu_full__39bfa6f5__gitc188b320__codebebd8b2d__20260711T015842068985Z,msl_ncam_nla_409036860edr_f0051662ncam00346m1,test_msl,ALL,boundary_f1,0.6029539583906688,0,0,22748
unet__scratch__resnet34__in_rover__seed1414__gpu_full__39bfa6f5__gitc188b320__codebebd8b2d__20260711T015842068985Z,msl_ncam_nla_409036993edr_f0051662ncam05703m1,test_msl,soil,iou,,0,0,36839
unet__scratch__resnet34__in_rover__seed1414__gpu_full__39bfa6f5__gitc188b320__codebebd8b2d__20260711T015842068985Z,msl_ncam_nla_409036993edr_f0051662ncam05703m1,test_msl,bedrock,iou,0.9948967127229295,36651,36839,36839
unet__scratch__resnet34__in_rover__seed1414__gpu_full__39bfa6f5__gitc188b320__codebebd8b2d__20260711T015842068985Z,msl_ncam_nla_409036993edr_f0051662ncam05703m1,test_msl,sand,iou,,0,0,36839
unet__scratch__resnet34__in_rover__seed1414__gpu_full__39bfa6f5__gitc188b320__codebebd8b2d__20260711T015842068985Z,msl_ncam_nla_409036993edr_f0051662ncam05703m1,test_msl,big_rock,iou,0.0,0,188,36839
unet__scratch__resnet34__in_rover__seed1414__gpu_full__39bfa6f5__gitc188b320__codebebd8b2d__20260711T015842068985Z,msl_ncam_nla_409036993edr_f0051662ncam05703m1,test_msl,ALL,pixel_acc,0.9948967127229295,0,0,36839
unet__scratch__resnet34__in_rover__seed1414__gpu_full__39bfa6f5__gitc188b320__codebebd8b2d__20260711T015842068985Z,msl_ncam_nla_409036993edr_f0051662ncam05703m1,test_msl,ALL,boundary_f1,0.492208490059108,0,0,36839
unet__scratch__resnet34__in_rover__seed1414__gpu_full__39bfa6f5__gitc188b320__codebebd8b2d__20260711T015842068985Z,msl_ncam_nla_409037112edr_f0051662ncam05703m1,test_msl,soil,iou,,0,0,88991
unet__scratch__resnet34__in_rover__seed1414__gpu_full__39bfa6f5__gitc188b320__codebebd8b2d__20260711T015842068985Z,msl_ncam_nla_409037112edr_f0051662ncam05703m1,test_msl,bedrock,iou,1.0,88991,88991,88991
unet__scratch__resnet34__in_rover__seed1414__gpu_full__39bfa6f5__gitc188b320__codebebd8b2d__20260711T015842068985Z,msl_ncam_nla_409037112edr_f0051662ncam05703m1,test_msl,sand,iou,,0,0,88991
unet__scratch__resnet34__in_rover__seed1414__gpu_full__39bfa6f5__gitc188b320__codebebd8b2d__20260711T015842068985Z,msl_ncam_nla_409037112edr_f0051662ncam05703m1,test_msl,big_rock,iou,,0,0,88991
unet__scratch__resnet34__in_rover__seed1414__gpu_full__39bfa6f5__gitc188b320__codebebd8b2d__20260711T015842068985Z,msl_ncam_nla_409037112edr_f0051662ncam05703m1,test_msl,ALL,pixel_acc,1.0,0,0,88991
unet__scratch__resnet34__in_rover__seed1414__gpu_full__39bfa6f5__gitc188b320__codebebd8b2d__20260711T015842068985Z,msl_ncam_nla_409037112edr_f0051662ncam05703m1,test_msl,ALL,boundary_f1,1.0,0,0,88991
unet__scratch__resnet34__in_rover__seed1414__gpu_full__39bfa6f5__gitc188b320__codebebd8b2d__20260711T015842068985Z,msl_ncam_nla_601414440edr_f0731482ncam00375m1,test_msl,soil,iou,,0,0,0
unet__scratch__resnet34__in_rover__seed1414__gpu_full__39bfa6f5__gitc188b320__codebebd8b2d__20260711T015842068985Z,msl_ncam_nla_601414440edr_f0731482ncam00375m1,test_msl,bedrock,iou,,0,0,0
unet__scratch__resnet34__in_rover__seed1414__gpu_full__39bfa6f5__gitc188b320__codebebd8b2d__20260711T015842068985Z,msl_ncam_nla_601414440edr_f0731482ncam00375m1,test_msl,sand,iou,,0,0,0
unet__scratch__resnet34__in_rover__seed1414__gpu_full__39bfa6f5__gitc188b320__codebebd8b2d__20260711T015842068985Z,msl_ncam_nla_601414440edr_f0731482ncam00375m1,test_msl,big_rock,iou,,0,0,0
unet__scratch__resnet34__in_rover__seed1414__gpu_full__39bfa6f5__gitc188b320__codebebd8b2d__20260711T015842068985Z,msl_ncam_nla_601414440edr_f0731482ncam00375m1,test_msl,ALL,pixel_acc,,0,0,0
unet__scratch__resnet34__in_rover__seed1414__gpu_full__39bfa6f5__gitc188b320__codebebd8b2d__20260711T015842068985Z,msl_ncam_nla_601414440edr_f0731482ncam00375m1,test_msl,ALL,boundary_f1,,0,0,0
unet__scratch__resnet34__in_rover__seed1414__gpu_full__39bfa6f5__gitc188b320__codebebd8b2d__20260711T015842068985Z,msl_ncam_nla_601414568edr_f0731482ncam00253m1,test_msl,soil,iou,1.0,124196,124196,124196
unet__scratch__resnet34__in_rover__seed1414__gpu_full__39bfa6f5__gitc188b320__codebebd8b2d__20260711T015842068985Z,msl_ncam_nla_601414568edr_f0731482ncam00253m1,test_msl,bedrock,iou,,0,0,124196
unet__scratch__resnet34__in_rover__seed1414__gpu_full__39bfa6f5__gitc188b320__codebebd8b2d__20260711T015842068985Z,msl_ncam_nla_601414568edr_f0731482ncam00253m1,test_msl,sand,iou,,0,0,124196
unet__scratch__resnet34__in_rover__seed1414__gpu_full__39bfa6f5__gitc188b320__codebebd8b2d__20260711T015842068985Z,msl_ncam_nla_601414568edr_f0731482ncam00253m1,test_msl,big_rock,iou,,0,0,124196
unet__scratch__resnet34__in_rover__seed1414__gpu_full__39bfa6f5__gitc188b320__codebebd8b2d__20260711T015842068985Z,msl_ncam_nla_601414568edr_f0731482ncam00253m1,test_msl,ALL,pixel_acc,1.0,0,0,124196
unet__scratch__resnet34__in_rover__seed1414__gpu_full__39bfa6f5__gitc188b320__codebebd8b2d__20260711T015842068985Z,msl_ncam_nla_601414568edr_f0731482ncam00253m1,test_msl,ALL,boundary_f1,1.0,0,0,124196
unet__scratch__resnet34__in_rover__seed1414__gpu_full__39bfa6f5__gitc188b320__codebebd8b2d__20260711T015842068985Z,msl_ncam_nla_601414993edr_f0731482ncam00254m1,test_msl,soil,iou,0.6835996407814697,80688,118034,118034
unet__scratch__resnet34__in_rover__seed1414__gpu_full__39bfa6f5__gitc188b320__codebebd8b2d__20260711T015842068985Z,msl_ncam_nla_601414993edr_f0731482ncam00254m1,test_msl,bedrock,iou,0.0,0,37346,118034
unet__scratch__resnet34__in_rover__seed1414__gpu_full__39bfa6f5__gitc188b320__codebebd8b2d__20260711T015842068985Z,msl_ncam_nla_601414993edr_f0731482ncam00254m1,test_msl,sand,iou,,0,0,118034
unet__scratch__resnet34__in_rover__seed1414__gpu_full__39bfa6f5__gitc188b320__codebebd8b2d__20260711T015842068985Z,msl_ncam_nla_601414993edr_f0731482ncam00254m1,test_msl,big_rock,iou,,0,0,118034
unet__scratch__resnet34__in_rover__seed1414__gpu_full__39bfa6f5__gitc188b320__codebebd8b2d__20260711T015842068985Z,msl_ncam_nla_601414993edr_f0731482ncam00254m1,test_msl,ALL,pixel_acc,0.6835996407814697,0,0,118034
unet__scratch__resnet34__in_rover__seed1414__gpu_full__39bfa6f5__gitc188b320__codebebd8b2d__20260711T015842068985Z,msl_ncam_nla_601414993edr_f0731482ncam00254m1,test_msl,ALL,boundary_f1,0.41025641025641024,0,0,118034
unet__scratch__resnet34__in_rover__seed1414__gpu_full__39bfa6f5__gitc188b320__codebebd8b2d__20260711T015842068985Z,msl_ncam_nla_601415225edr_f0731482ncam00254m1,test_msl,soil,iou,1.0,84983,84983,84983
unet__scratch__resnet34__in_rover__seed1414__gpu_full__39bfa6f5__gitc188b320__codebebd8b2d__20260711T015842068985Z,msl_ncam_nla_601415225edr_f0731482ncam00254m1,test_msl,bedrock,iou,,0,0,84983
unet__scratch__resnet34__in_rover__seed1414__gpu_full__39bfa6f5__gitc188b320__codebebd8b2d__20260711T015842068985Z,msl_ncam_nla_601415225edr_f0731482ncam00254m1,test_msl,sand,iou,,0,0,84983
unet__scratch__resnet34__in_rover__seed1414__gpu_full__39bfa6f5__gitc188b320__codebebd8b2d__20260711T015842068985Z,msl_ncam_nla_601415225edr_f0731482ncam00254m1,test_msl,big_rock,iou,,0,0,84983
unet__scratch__resnet34__in_rover__seed1414__gpu_full__39bfa6f5__gitc188b320__codebebd8b2d__20260711T015842068985Z,msl_ncam_nla_601415225edr_f0731482ncam00254m1,test_msl,ALL,pixel_acc,1.0,0,0,84983
unet__scratch__resnet34__in_rover__seed1414__gpu_full__39bfa6f5__gitc188b320__codebebd8b2d__20260711T015842068985Z,msl_ncam_nla_601415225edr_f0731482ncam00254m1,test_msl,ALL,boundary_f1,1.0,0,0,84983
unet__scratch__resnet34__in_rover__seed1414__gpu_full__39bfa6f5__gitc188b320__codebebd8b2d__20260711T015842068985Z,msl_ncam_nla_601421002edr_f0731482ccam05295m1,test_msl,soil,iou,1.0,146635,146635,146635
unet__scratch__resnet34__in_rover__seed1414__gpu_full__39bfa6f5__gitc188b320__codebebd8b2d__20260711T015842068985Z,msl_ncam_nla_601421002edr_f0731482ccam05295m1,test_msl,bedrock,iou,,0,0,146635
unet__scratch__resnet34__in_rover__seed1414__gpu_full__39bfa6f5__gitc188b320__codebebd8b2d__20260711T015842068985Z,msl_ncam_nla_601421002edr_f0731482ccam05295m1,test_msl,sand,iou,,0,0,146635
unet__scratch__resnet34__in_rover__seed1414__gpu_full__39bfa6f5__gitc188b320__codebebd8b2d__20260711T015842068985Z,msl_ncam_nla_601421002edr_f0731482ccam05295m1,test_msl,big_rock,iou,,0,0,146635
unet__scratch__resnet34__in_rover__seed1414__gpu_full__39bfa6f5__gitc188b320__codebebd8b2d__20260711T015842068985Z,msl_ncam_nla_601421002edr_f0731482ccam05295m1,test_msl,ALL,pixel_acc,1.0,0,0,146635
unet__scratch__resnet34__in_rover__seed1414__gpu_full__39bfa6f5__gitc188b320__codebebd8b2d__20260711T015842068985Z,msl_ncam_nla_601421002edr_f0731482ccam05295m1,test_msl,ALL,boundary_f1,1.0,0,0,146635
unet__scratch__resnet34__in_rover__seed1414__gpu_full__39bfa6f5__gitc188b320__codebebd8b2d__20260711T015842068985Z,msl_ncam_nla_602651352edr_f0732676ncam00207m1,test_msl,soil,iou,0.9998876443338173,115691,115704,115704
unet__scratch__resnet34__in_rover__seed1414__gpu_full__39bfa6f5__gitc188b320__codebebd8b2d__20260711T015842068985Z,msl_ncam_nla_602651352edr_f0732676ncam00207m1,test_msl,bedrock,iou,,0,0,115704
unet__scratch__resnet34__in_rover__seed1414__gpu_full__39bfa6f5__gitc188b320__codebebd8b2d__20260711T015842068985Z,msl_ncam_nla_602651352edr_f0732676ncam00207m1,test_msl,sand,iou,0.0,0,13,115704
unet__scratch__resnet34__in_rover__seed1414__gpu_full__39bfa6f5__gitc188b320__codebebd8b2d__20260711T015842068985Z,msl_ncam_nla_602651352edr_f0732676ncam00207m1,test_msl,big_rock,iou,,0,0,115704
unet__scratch__resnet34__in_rover__seed1414__gpu_full__39bfa6f5__gitc188b320__codebebd8b2d__20260711T015842068985Z,msl_ncam_nla_602651352edr_f0732676ncam00207m1,test_msl,ALL,pixel_acc,0.9998876443338173,0,0,115704
unet__scratch__resnet34__in_rover__seed1414__gpu_full__39bfa6f5__gitc188b320__codebebd8b2d__20260711T015842068985Z,msl_ncam_nla_602651352edr_f0732676ncam00207m1,test_msl,ALL,boundary_f1,0.5,0,0,115704
unet__scratch__resnet34__in_rover__seed1414__gpu_full__39bfa6f5__gitc188b320__codebebd8b2d__20260711T015842068985Z,msl_ncam_nla_602657189edr_f0732688ncam00382m1,test_msl,soil,iou,1.0,113944,113944,113944
unet__scratch__resnet34__in_rover__seed1414__gpu_full__39bfa6f5__gitc188b320__codebebd8b2d__20260711T015842068985Z,msl_ncam_nla_602657189edr_f0732688ncam00382m1,test_msl,bedrock,iou,,0,0,113944
unet__scratch__resnet34__in_rover__seed1414__gpu_full__39bfa6f5__gitc188b320__codebebd8b2d__20260711T015842068985Z,msl_ncam_nla_602657189edr_f0732688ncam00382m1,test_msl,sand,iou,,0,0,113944
unet__scratch__resnet34__in_rover__seed1414__gpu_full__39bfa6f5__gitc188b320__codebebd8b2d__20260711T015842068985Z,msl_ncam_nla_602657189edr_f0732688ncam00382m1,test_msl,big_rock,iou,,0,0,113944
unet__scratch__resnet34__in_rover__seed1414__gpu_full__39bfa6f5__gitc188b320__codebebd8b2d__20260711T015842068985Z,msl_ncam_nla_602657189edr_f0732688ncam00382m1,test_msl,ALL,pixel_acc,1.0,0,0,113944
unet__scratch__resnet34__in_rover__seed1414__gpu_full__39bfa6f5__gitc188b320__codebebd8b2d__20260711T015842068985Z,msl_ncam_nla_602657189edr_f0732688ncam00382m1,test_msl,ALL,boundary_f1,1.0,0,0,113944
unet__scratch__resnet34__in_rover__seed1414__gpu_full__39bfa6f5__gitc188b320__codebebd8b2d__20260711T015842068985Z,msl_ncam_nla_602664101edr_f0732958ncam00375m1,test_msl,soil,iou,1.0,167623,167623,167623
unet__scratch__resnet34__in_rover__seed1414__gpu_full__39bfa6f5__gitc188b320__codebebd8b2d__20260711T015842068985Z,msl_ncam_nla_602664101edr_f0732958ncam00375m1,test_msl,bedrock,iou,,0,0,167623
unet__scratch__resnet34__in_rover__seed1414__gpu_full__39bfa6f5__gitc188b320__codebebd8b2d__20260711T015842068985Z,msl_ncam_nla_602664101edr_f0732958ncam00375m1,test_msl,sand,iou,,0,0,167623
unet__scratch__resnet34__in_rover__seed1414__gpu_full__39bfa6f5__gitc188b320__codebebd8b2d__20260711T015842068985Z,msl_ncam_nla_602664101edr_f0732958ncam00375m1,test_msl,big_rock,iou,,0,0,167623
unet__scratch__resnet34__in_rover__seed1414__gpu_full__39bfa6f5__gitc188b320__codebebd8b2d__20260711T015842068985Z,msl_ncam_nla_602664101edr_f0732958ncam00375m1,test_msl,ALL,pixel_acc,1.0,0,0,167623
unet__scratch__resnet34__in_rover__seed1414__gpu_full__39bfa6f5__gitc188b320__codebebd8b2d__20260711T015842068985Z,msl_ncam_nla_602664101edr_f0732958ncam00375m1,test_msl,ALL,boundary_f1,1.0,0,0,167623
unet__scratch__resnet34__in_rover__seed1414__gpu_full__39bfa6f5__gitc188b320__codebebd8b2d__20260711T015842068985Z,msl_ncam_nla_602664178edr_f0732958ncam00271m1,test_msl,soil,iou,1.0,81139,81139,81139
unet__scratch__resnet34__in_rover__seed1414__gpu_full__39bfa6f5__gitc188b320__codebebd8b2d__20260711T015842068985Z,msl_ncam_nla_602664178edr_f0732958ncam00271m1,test_msl,bedrock,iou,,0,0,81139
unet__scratch__resnet34__in_rover__seed1414__gpu_full__39bfa6f5__gitc188b320__codebebd8b2d__20260711T015842068985Z,msl_ncam_nla_602664178edr_f0732958ncam00271m1,test_msl,sand,iou,,0,0,81139
unet__scratch__resnet34__in_rover__seed1414__gpu_full__39bfa6f5__gitc188b320__codebebd8b2d__20260711T015842068985Z,msl_ncam_nla_602664178edr_f0732958ncam00271m1,test_msl,big_rock,iou,,0,0,81139
unet__scratch__resnet34__in_rover__seed1414__gpu_full__39bfa6f5__gitc188b320__codebebd8b2d__20260711T015842068985Z,msl_ncam_nla_602664178edr_f0732958ncam00271m1,test_msl,ALL,pixel_acc,1.0,0,0,81139
unet__scratch__resnet34__in_rover__seed1414__gpu_full__39bfa6f5__gitc188b320__codebebd8b2d__20260711T015842068985Z,msl_ncam_nla_602664178edr_f0732958ncam00271m1,test_msl,ALL,boundary_f1,1.0,0,0,81139
unet__scratch__resnet34__in_rover__seed1414__gpu_full__39bfa6f5__gitc188b320__codebebd8b2d__20260711T015842068985Z,msl_ncam_nla_602664242edr_f0732958ncam00271m1,test_msl,soil,iou,1.0,137437,137437,137437
unet__scratch__resnet34__in_rover__seed1414__gpu_full__39bfa6f5__gitc188b320__codebebd8b2d__20260711T015842068985Z,msl_ncam_nla_602664242edr_f0732958ncam00271m1,test_msl,bedrock,iou,,0,0,137437
unet__scratch__resnet34__in_rover__seed1414__gpu_full__39bfa6f5__gitc188b320__codebebd8b2d__20260711T015842068985Z,msl_ncam_nla_602664242edr_f0732958ncam00271m1,test_msl,sand,iou,,0,0,137437
unet__scratch__resnet34__in_rover__seed1414__gpu_full__39bfa6f5__gitc188b320__codebebd8b2d__20260711T015842068985Z,msl_ncam_nla_602664242edr_f0732958ncam00271m1,test_msl,big_rock,iou,,0,0,137437
unet__scratch__resnet34__in_rover__seed1414__gpu_full__39bfa6f5__gitc188b320__codebebd8b2d__20260711T015842068985Z,msl_ncam_nla_602664242edr_f0732958ncam00271m1,test_msl,ALL,pixel_acc,1.0,0,0,137437
unet__scratch__resnet34__in_rover__seed1414__gpu_full__39bfa6f5__gitc188b320__codebebd8b2d__20260711T015842068985Z,msl_ncam_nla_602664242edr_f0732958ncam00271m1,test_msl,ALL,boundary_f1,1.0,0,0,137437
unet__scratch__resnet34__in_rover__seed1414__gpu_full__39bfa6f5__gitc188b320__codebebd8b2d__20260711T015842068985Z,msl_ncam_nla_602664684edr_f0732958ncam00312m1,test_msl,soil,iou,1.0,236351,236351,236351
unet__scratch__resnet34__in_rover__seed1414__gpu_full__39bfa6f5__gitc188b320__codebebd8b2d__20260711T015842068985Z,msl_ncam_nla_602664684edr_f0732958ncam00312m1,test_msl,bedrock,iou,,0,0,236351
unet__scratch__resnet34__in_rover__seed1414__gpu_full__39bfa6f5__gitc188b320__codebebd8b2d__20260711T015842068985Z,msl_ncam_nla_602664684edr_f0732958ncam00312m1,test_msl,sand,iou,,0,0,236351
unet__scratch__resnet34__in_rover__seed1414__gpu_full__39bfa6f5__gitc188b320__codebebd8b2d__20260711T015842068985Z,msl_ncam_nla_602664684edr_f0732958ncam00312m1,test_msl,big_rock,iou,,0,0,236351
unet__scratch__resnet34__in_rover__seed1414__gpu_full__39bfa6f5__gitc188b320__codebebd8b2d__20260711T015842068985Z,msl_ncam_nla_602664684edr_f0732958ncam00312m1,test_msl,ALL,pixel_acc,1.0,0,0,236351
unet__scratch__resnet34__in_rover__seed1414__gpu_full__39bfa6f5__gitc188b320__codebebd8b2d__20260711T015842068985Z,msl_ncam_nla_602664684edr_f0732958ncam00312m1,test_msl,ALL,boundary_f1,1.0,0,0,236351
unet__scratch__resnet34__in_rover__seed1414__gpu_full__39bfa6f5__gitc188b320__codebebd8b2d__20260711T015842068985Z,msl_ncam_nla_602664993edr_f0732958ncam00272m1,test_msl,soil,iou,1.0,59718,59718,59718
unet__scratch__resnet34__in_rover__seed1414__gpu_full__39bfa6f5__gitc188b320__codebebd8b2d__20260711T015842068985Z,msl_ncam_nla_602664993edr_f0732958ncam00272m1,test_msl,bedrock,iou,,0,0,59718
unet__scratch__resnet34__in_rover__seed1414__gpu_full__39bfa6f5__gitc188b320__codebebd8b2d__20260711T015842068985Z,msl_ncam_nla_602664993edr_f0732958ncam00272m1,test_msl,sand,iou,,0,0,59718
unet__scratch__resnet34__in_rover__seed1414__gpu_full__39bfa6f5__gitc188b320__codebebd8b2d__20260711T015842068985Z,msl_ncam_nla_602664993edr_f0732958ncam00272m1,test_msl,big_rock,iou,,0,0,59718
unet__scratch__resnet34__in_rover__seed1414__gpu_full__39bfa6f5__gitc188b320__codebebd8b2d__20260711T015842068985Z,msl_ncam_nla_602664993edr_f0732958ncam00272m1,test_msl,ALL,pixel_acc,1.0,0,0,59718
unet__scratch__resnet34__in_rover__seed1414__gpu_full__39bfa6f5__gitc188b320__codebebd8b2d__20260711T015842068985Z,msl_ncam_nla_602664993edr_f0732958ncam00272m1,test_msl,ALL,boundary_f1,1.0,0,0,59718
unet__scratch__resnet34__in_rover__seed1414__gpu_full__39bfa6f5__gitc188b320__codebebd8b2d__20260711T015842068985Z,msl_ncam_nla_602665055edr_f0732958ncam00272m1,test_msl,soil,iou,1.0,83469,83469,83469
unet__scratch__resnet34__in_rover__seed1414__gpu_full__39bfa6f5__gitc188b320__codebebd8b2d__20260711T015842068985Z,msl_ncam_nla_602665055edr_f0732958ncam00272m1,test_msl,bedrock,iou,,0,0,83469
unet__scratch__resnet34__in_rover__seed1414__gpu_full__39bfa6f5__gitc188b320__codebebd8b2d__20260711T015842068985Z,msl_ncam_nla_602665055edr_f0732958ncam00272m1,test_msl,sand,iou,,0,0,83469
unet__scratch__resnet34__in_rover__seed1414__gpu_full__39bfa6f5__gitc188b320__codebebd8b2d__20260711T015842068985Z,msl_ncam_nla_602665055edr_f0732958ncam00272m1,test_msl,big_rock,iou,,0,0,83469
unet__scratch__resnet34__in_rover__seed1414__gpu_full__39bfa6f5__gitc188b320__codebebd8b2d__20260711T015842068985Z,msl_ncam_nla_602665055edr_f0732958ncam00272m1,test_msl,ALL,pixel_acc,1.0,0,0,83469
unet__scratch__resnet34__in_rover__seed1414__gpu_full__39bfa6f5__gitc188b320__codebebd8b2d__20260711T015842068985Z,msl_ncam_nla_602665055edr_f0732958ncam00272m1,test_msl,ALL,boundary_f1,1.0,0,0,83469
unet__scratch__resnet34__in_rover__seed1414__gpu_full__39bfa6f5__gitc188b320__codebebd8b2d__20260711T015842068985Z,msl_ncam_nlb_427501146edr_f0080590ncam00385m1,test_msl,soil,iou,1.0,221229,221229,221229
unet__scratch__resnet34__in_rover__seed1414__gpu_full__39bfa6f5__gitc188b320__codebebd8b2d__20260711T015842068985Z,msl_ncam_nlb_427501146edr_f0080590ncam00385m1,test_msl,bedrock,iou,,0,0,221229
unet__scratch__resnet34__in_rover__seed1414__gpu_full__39bfa6f5__gitc188b320__codebebd8b2d__20260711T015842068985Z,msl_ncam_nlb_427501146edr_f0080590ncam00385m1,test_msl,sand,iou,,0,0,221229
unet__scratch__resnet34__in_rover__seed1414__gpu_full__39bfa6f5__gitc188b320__codebebd8b2d__20260711T015842068985Z,msl_ncam_nlb_427501146edr_f0080590ncam00385m1,test_msl,big_rock,iou,,0,0,221229
unet__scratch__resnet34__in_rover__seed1414__gpu_full__39bfa6f5__gitc188b320__codebebd8b2d__20260711T015842068985Z,msl_ncam_nlb_427501146edr_f0080590ncam00385m1,test_msl,ALL,pixel_acc,1.0,0,0,221229
unet__scratch__resnet34__in_rover__seed1414__gpu_full__39bfa6f5__gitc188b320__codebebd8b2d__20260711T015842068985Z,msl_ncam_nlb_427501146edr_f0080590ncam00385m1,test_msl,ALL,boundary_f1,1.0,0,0,221229
unet__scratch__resnet34__in_rover__seed1414__gpu_full__39bfa6f5__gitc188b320__codebebd8b2d__20260711T015842068985Z,msl_ncam_nlb_427503509edr_f0080610ncam00253m1,test_msl,soil,iou,1.0,91532,91532,91532
unet__scratch__resnet34__in_rover__seed1414__gpu_full__39bfa6f5__gitc188b320__codebebd8b2d__20260711T015842068985Z,msl_ncam_nlb_427503509edr_f0080610ncam00253m1,test_msl,bedrock,iou,,0,0,91532
unet__scratch__resnet34__in_rover__seed1414__gpu_full__39bfa6f5__gitc188b320__codebebd8b2d__20260711T015842068985Z,msl_ncam_nlb_427503509edr_f0080610ncam00253m1,test_msl,sand,iou,,0,0,91532
unet__scratch__resnet34__in_rover__seed1414__gpu_full__39bfa6f5__gitc188b320__codebebd8b2d__20260711T015842068985Z,msl_ncam_nlb_427503509edr_f0080610ncam00253m1,test_msl,big_rock,iou,,0,0,91532
unet__scratch__resnet34__in_rover__seed1414__gpu_full__39bfa6f5__gitc188b320__codebebd8b2d__20260711T015842068985Z,msl_ncam_nlb_427503509edr_f0080610ncam00253m1,test_msl,ALL,pixel_acc,1.0,0,0,91532
unet__scratch__resnet34__in_rover__seed1414__gpu_full__39bfa6f5__gitc188b320__codebebd8b2d__20260711T015842068985Z,msl_ncam_nlb_427503509edr_f0080610ncam00253m1,test_msl,ALL,boundary_f1,1.0,0,0,91532
unet__scratch__resnet34__in_rover__seed1414__gpu_full__39bfa6f5__gitc188b320__codebebd8b2d__20260711T015842068985Z,msl_ncam_nlb_427503571edr_f0080610ncam00253m1,test_msl,soil,iou,1.0,70082,70082,70082
unet__scratch__resnet34__in_rover__seed1414__gpu_full__39bfa6f5__gitc188b320__codebebd8b2d__20260711T015842068985Z,msl_ncam_nlb_427503571edr_f0080610ncam00253m1,test_msl,bedrock,iou,,0,0,70082
unet__scratch__resnet34__in_rover__seed1414__gpu_full__39bfa6f5__gitc188b320__codebebd8b2d__20260711T015842068985Z,msl_ncam_nlb_427503571edr_f0080610ncam00253m1,test_msl,sand,iou,,0,0,70082
unet__scratch__resnet34__in_rover__seed1414__gpu_full__39bfa6f5__gitc188b320__codebebd8b2d__20260711T015842068985Z,msl_ncam_nlb_427503571edr_f0080610ncam00253m1,test_msl,big_rock,iou,,0,0,70082
unet__scratch__resnet34__in_rover__seed1414__gpu_full__39bfa6f5__gitc188b320__codebebd8b2d__20260711T015842068985Z,msl_ncam_nlb_427503571edr_f0080610ncam00253m1,test_msl,ALL,pixel_acc,1.0,0,0,70082
unet__scratch__resnet34__in_rover__seed1414__gpu_full__39bfa6f5__gitc188b320__codebebd8b2d__20260711T015842068985Z,msl_ncam_nlb_427503571edr_f0080610ncam00253m1,test_msl,ALL,boundary_f1,1.0,0,0,70082
unet__scratch__resnet34__in_rover__seed1414__gpu_full__39bfa6f5__gitc188b320__codebebd8b2d__20260711T015842068985Z,msl_ncam_nlb_428295522edr_f0100474ncam00385m1,test_msl,soil,iou,1.0,233287,233287,233287
unet__scratch__resnet34__in_rover__seed1414__gpu_full__39bfa6f5__gitc188b320__codebebd8b2d__20260711T015842068985Z,msl_ncam_nlb_428295522edr_f0100474ncam00385m1,test_msl,bedrock,iou,,0,0,233287
unet__scratch__resnet34__in_rover__seed1414__gpu_full__39bfa6f5__gitc188b320__codebebd8b2d__20260711T015842068985Z,msl_ncam_nlb_428295522edr_f0100474ncam00385m1,test_msl,sand,iou,,0,0,233287
unet__scratch__resnet34__in_rover__seed1414__gpu_full__39bfa6f5__gitc188b320__codebebd8b2d__20260711T015842068985Z,msl_ncam_nlb_428295522edr_f0100474ncam00385m1,test_msl,big_rock,iou,,0,0,233287
unet__scratch__resnet34__in_rover__seed1414__gpu_full__39bfa6f5__gitc188b320__codebebd8b2d__20260711T015842068985Z,msl_ncam_nlb_428295522edr_f0100474ncam00385m1,test_msl,ALL,pixel_acc,1.0,0,0,233287
unet__scratch__resnet34__in_rover__seed1414__gpu_full__39bfa6f5__gitc188b320__codebebd8b2d__20260711T015842068985Z,msl_ncam_nlb_428295522edr_f0100474ncam00385m1,test_msl,ALL,boundary_f1,1.0,0,0,233287
unet__scratch__resnet34__in_rover__seed1414__gpu_full__39bfa6f5__gitc188b320__codebebd8b2d__20260711T015842068985Z,msl_ncam_nlb_428304492edr_f0100508ncam05114m1,test_msl,soil,iou,1.0,88012,88012,88012
unet__scratch__resnet34__in_rover__seed1414__gpu_full__39bfa6f5__gitc188b320__codebebd8b2d__20260711T015842068985Z,msl_ncam_nlb_428304492edr_f0100508ncam05114m1,test_msl,bedrock,iou,,0,0,88012
unet__scratch__resnet34__in_rover__seed1414__gpu_full__39bfa6f5__gitc188b320__codebebd8b2d__20260711T015842068985Z,msl_ncam_nlb_428304492edr_f0100508ncam05114m1,test_msl,sand,iou,,0,0,88012
unet__scratch__resnet34__in_rover__seed1414__gpu_full__39bfa6f5__gitc188b320__codebebd8b2d__20260711T015842068985Z,msl_ncam_nlb_428304492edr_f0100508ncam05114m1,test_msl,big_rock,iou,,0,0,88012
unet__scratch__resnet34__in_rover__seed1414__gpu_full__39bfa6f5__gitc188b320__codebebd8b2d__20260711T015842068985Z,msl_ncam_nlb_428304492edr_f0100508ncam05114m1,test_msl,ALL,pixel_acc,1.0,0,0,88012
unet__scratch__resnet34__in_rover__seed1414__gpu_full__39bfa6f5__gitc188b320__codebebd8b2d__20260711T015842068985Z,msl_ncam_nlb_428304492edr_f0100508ncam05114m1,test_msl,ALL,boundary_f1,1.0,0,0,88012
unet__scratch__resnet34__in_rover__seed1414__gpu_full__39bfa6f5__gitc188b320__codebebd8b2d__20260711T015842068985Z,msl_ncam_nlb_428304547edr_f0100508ncam05114m1,test_msl,soil,iou,,0,0,0
unet__scratch__resnet34__in_rover__seed1414__gpu_full__39bfa6f5__gitc188b320__codebebd8b2d__20260711T015842068985Z,msl_ncam_nlb_428304547edr_f0100508ncam05114m1,test_msl,bedrock,iou,,0,0,0
unet__scratch__resnet34__in_rover__seed1414__gpu_full__39bfa6f5__gitc188b320__codebebd8b2d__20260711T015842068985Z,msl_ncam_nlb_428304547edr_f0100508ncam05114m1,test_msl,sand,iou,,0,0,0
unet__scratch__resnet34__in_rover__seed1414__gpu_full__39bfa6f5__gitc188b320__codebebd8b2d__20260711T015842068985Z,msl_ncam_nlb_428304547edr_f0100508ncam05114m1,test_msl,big_rock,iou,,0,0,0
unet__scratch__resnet34__in_rover__seed1414__gpu_full__39bfa6f5__gitc188b320__codebebd8b2d__20260711T015842068985Z,msl_ncam_nlb_428304547edr_f0100508ncam05114m1,test_msl,ALL,pixel_acc,,0,0,0
unet__scratch__resnet34__in_rover__seed1414__gpu_full__39bfa6f5__gitc188b320__codebebd8b2d__20260711T015842068985Z,msl_ncam_nlb_428304547edr_f0100508ncam05114m1,test_msl,ALL,boundary_f1,,0,0,0
unet__scratch__resnet34__in_rover__seed1414__gpu_full__39bfa6f5__gitc188b320__codebebd8b2d__20260711T015842068985Z,msl_ncam_nlb_428304609edr_f0100508ncam05114m1,test_msl,soil,iou,1.0,179511,179511,181034
unet__scratch__resnet34__in_rover__seed1414__gpu_full__39bfa6f5__gitc188b320__codebebd8b2d__20260711T015842068985Z,msl_ncam_nlb_428304609edr_f0100508ncam05114m1,test_msl,bedrock,iou,,0,0,181034
unet__scratch__resnet34__in_rover__seed1414__gpu_full__39bfa6f5__gitc188b320__codebebd8b2d__20260711T015842068985Z,msl_ncam_nlb_428304609edr_f0100508ncam05114m1,test_msl,sand,iou,,0,0,181034
unet__scratch__resnet34__in_rover__seed1414__gpu_full__39bfa6f5__gitc188b320__codebebd8b2d__20260711T015842068985Z,msl_ncam_nlb_428304609edr_f0100508ncam05114m1,test_msl,big_rock,iou,1.0,1523,1523,181034
unet__scratch__resnet34__in_rover__seed1414__gpu_full__39bfa6f5__gitc188b320__codebebd8b2d__20260711T015842068985Z,msl_ncam_nlb_428304609edr_f0100508ncam05114m1,test_msl,ALL,pixel_acc,1.0,0,0,181034
unet__scratch__resnet34__in_rover__seed1414__gpu_full__39bfa6f5__gitc188b320__codebebd8b2d__20260711T015842068985Z,msl_ncam_nlb_428304609edr_f0100508ncam05114m1,test_msl,ALL,boundary_f1,1.0,0,0,181034
unet__scratch__resnet34__in_rover__seed1414__gpu_full__39bfa6f5__gitc188b320__codebebd8b2d__20260711T015842068985Z,msl_ncam_nlb_431505395edr_f0141388ncam00385m1,test_msl,soil,iou,1.0,184315,184315,184315
unet__scratch__resnet34__in_rover__seed1414__gpu_full__39bfa6f5__gitc188b320__codebebd8b2d__20260711T015842068985Z,msl_ncam_nlb_431505395edr_f0141388ncam00385m1,test_msl,bedrock,iou,,0,0,184315
unet__scratch__resnet34__in_rover__seed1414__gpu_full__39bfa6f5__gitc188b320__codebebd8b2d__20260711T015842068985Z,msl_ncam_nlb_431505395edr_f0141388ncam00385m1,test_msl,sand,iou,,0,0,184315
unet__scratch__resnet34__in_rover__seed1414__gpu_full__39bfa6f5__gitc188b320__codebebd8b2d__20260711T015842068985Z,msl_ncam_nlb_431505395edr_f0141388ncam00385m1,test_msl,big_rock,iou,,0,0,184315
unet__scratch__resnet34__in_rover__seed1414__gpu_full__39bfa6f5__gitc188b320__codebebd8b2d__20260711T015842068985Z,msl_ncam_nlb_431505395edr_f0141388ncam00385m1,test_msl,ALL,pixel_acc,1.0,0,0,184315
unet__scratch__resnet34__in_rover__seed1414__gpu_full__39bfa6f5__gitc188b320__codebebd8b2d__20260711T015842068985Z,msl_ncam_nlb_431505395edr_f0141388ncam00385m1,test_msl,ALL,boundary_f1,1.0,0,0,184315
unet__scratch__resnet34__in_rover__seed1414__gpu_full__39bfa6f5__gitc188b320__codebebd8b2d__20260711T015842068985Z,msl_ncam_nlb_431511171edr_f0150000ncam00290m1,test_msl,soil,iou,1.0,93104,93104,93104
unet__scratch__resnet34__in_rover__seed1414__gpu_full__39bfa6f5__gitc188b320__codebebd8b2d__20260711T015842068985Z,msl_ncam_nlb_431511171edr_f0150000ncam00290m1,test_msl,bedrock,iou,,0,0,93104
unet__scratch__resnet34__in_rover__seed1414__gpu_full__39bfa6f5__gitc188b320__codebebd8b2d__20260711T015842068985Z,msl_ncam_nlb_431511171edr_f0150000ncam00290m1,test_msl,sand,iou,,0,0,93104
unet__scratch__resnet34__in_rover__seed1414__gpu_full__39bfa6f5__gitc188b320__codebebd8b2d__20260711T015842068985Z,msl_ncam_nlb_431511171edr_f0150000ncam00290m1,test_msl,big_rock,iou,,0,0,93104
unet__scratch__resnet34__in_rover__seed1414__gpu_full__39bfa6f5__gitc188b320__codebebd8b2d__20260711T015842068985Z,msl_ncam_nlb_431511171edr_f0150000ncam00290m1,test_msl,ALL,pixel_acc,1.0,0,0,93104
unet__scratch__resnet34__in_rover__seed1414__gpu_full__39bfa6f5__gitc188b320__codebebd8b2d__20260711T015842068985Z,msl_ncam_nlb_431511171edr_f0150000ncam00290m1,test_msl,ALL,boundary_f1,1.0,0,0,93104
unet__scratch__resnet34__in_rover__seed1414__gpu_full__39bfa6f5__gitc188b320__codebebd8b2d__20260711T015842068985Z,msl_ncam_nlb_431511237edr_f0150000ncam00290m1,test_msl,soil,iou,1.0,137132,137132,137132
unet__scratch__resnet34__in_rover__seed1414__gpu_full__39bfa6f5__gitc188b320__codebebd8b2d__20260711T015842068985Z,msl_ncam_nlb_431511237edr_f0150000ncam00290m1,test_msl,bedrock,iou,,0,0,137132
unet__scratch__resnet34__in_rover__seed1414__gpu_full__39bfa6f5__gitc188b320__codebebd8b2d__20260711T015842068985Z,msl_ncam_nlb_431511237edr_f0150000ncam00290m1,test_msl,sand,iou,,0,0,137132
unet__scratch__resnet34__in_rover__seed1414__gpu_full__39bfa6f5__gitc188b320__codebebd8b2d__20260711T015842068985Z,msl_ncam_nlb_431511237edr_f0150000ncam00290m1,test_msl,big_rock,iou,,0,0,137132
unet__scratch__resnet34__in_rover__seed1414__gpu_full__39bfa6f5__gitc188b320__codebebd8b2d__20260711T015842068985Z,msl_ncam_nlb_431511237edr_f0150000ncam00290m1,test_msl,ALL,pixel_acc,1.0,0,0,137132
unet__scratch__resnet34__in_rover__seed1414__gpu_full__39bfa6f5__gitc188b320__codebebd8b2d__20260711T015842068985Z,msl_ncam_nlb_431511237edr_f0150000ncam00290m1,test_msl,ALL,boundary_f1,1.0,0,0,137132
unet__scratch__resnet34__in_rover__seed1414__gpu_full__39bfa6f5__gitc188b320__codebebd8b2d__20260711T015842068985Z,msl_ncam_nlb_431511659edr_f0150000ncam00291m1,test_msl,soil,iou,1.0,196725,196725,196725
unet__scratch__resnet34__in_rover__seed1414__gpu_full__39bfa6f5__gitc188b320__codebebd8b2d__20260711T015842068985Z,msl_ncam_nlb_431511659edr_f0150000ncam00291m1,test_msl,bedrock,iou,,0,0,196725
unet__scratch__resnet34__in_rover__seed1414__gpu_full__39bfa6f5__gitc188b320__codebebd8b2d__20260711T015842068985Z,msl_ncam_nlb_431511659edr_f0150000ncam00291m1,test_msl,sand,iou,,0,0,196725
unet__scratch__resnet34__in_rover__seed1414__gpu_full__39bfa6f5__gitc188b320__codebebd8b2d__20260711T015842068985Z,msl_ncam_nlb_431511659edr_f0150000ncam00291m1,test_msl,big_rock,iou,,0,0,196725
unet__scratch__resnet34__in_rover__seed1414__gpu_full__39bfa6f5__gitc188b320__codebebd8b2d__20260711T015842068985Z,msl_ncam_nlb_431511659edr_f0150000ncam00291m1,test_msl,ALL,pixel_acc,1.0,0,0,196725
unet__scratch__resnet34__in_rover__seed1414__gpu_full__39bfa6f5__gitc188b320__codebebd8b2d__20260711T015842068985Z,msl_ncam_nlb_431511659edr_f0150000ncam00291m1,test_msl,ALL,boundary_f1,1.0,0,0,196725
unet__scratch__resnet34__in_rover__seed1414__gpu_full__39bfa6f5__gitc188b320__codebebd8b2d__20260711T015842068985Z,msl_ncam_nlb_431511807edr_f0150000ncam00291m1,test_msl,soil,iou,,0,0,0
unet__scratch__resnet34__in_rover__seed1414__gpu_full__39bfa6f5__gitc188b320__codebebd8b2d__20260711T015842068985Z,msl_ncam_nlb_431511807edr_f0150000ncam00291m1,test_msl,bedrock,iou,,0,0,0
unet__scratch__resnet34__in_rover__seed1414__gpu_full__39bfa6f5__gitc188b320__codebebd8b2d__20260711T015842068985Z,msl_ncam_nlb_431511807edr_f0150000ncam00291m1,test_msl,sand,iou,,0,0,0
unet__scratch__resnet34__in_rover__seed1414__gpu_full__39bfa6f5__gitc188b320__codebebd8b2d__20260711T015842068985Z,msl_ncam_nlb_431511807edr_f0150000ncam00291m1,test_msl,big_rock,iou,,0,0,0
unet__scratch__resnet34__in_rover__seed1414__gpu_full__39bfa6f5__gitc188b320__codebebd8b2d__20260711T015842068985Z,msl_ncam_nlb_431511807edr_f0150000ncam00291m1,test_msl,ALL,pixel_acc,,0,0,0
unet__scratch__resnet34__in_rover__seed1414__gpu_full__39bfa6f5__gitc188b320__codebebd8b2d__20260711T015842068985Z,msl_ncam_nlb_431511807edr_f0150000ncam00291m1,test_msl,ALL,boundary_f1,,0,0,0
unet__scratch__resnet34__in_rover__seed1414__gpu_full__39bfa6f5__gitc188b320__codebebd8b2d__20260711T015842068985Z,msl_ncam_nlb_431511862edr_f0150000ncam00354m1,test_msl,soil,iou,1.0,215849,215849,215849
unet__scratch__resnet34__in_rover__seed1414__gpu_full__39bfa6f5__gitc188b320__codebebd8b2d__20260711T015842068985Z,msl_ncam_nlb_431511862edr_f0150000ncam00354m1,test_msl,bedrock,iou,,0,0,215849
unet__scratch__resnet34__in_rover__seed1414__gpu_full__39bfa6f5__gitc188b320__codebebd8b2d__20260711T015842068985Z,msl_ncam_nlb_431511862edr_f0150000ncam00354m1,test_msl,sand,iou,,0,0,215849
unet__scratch__resnet34__in_rover__seed1414__gpu_full__39bfa6f5__gitc188b320__codebebd8b2d__20260711T015842068985Z,msl_ncam_nlb_431511862edr_f0150000ncam00354m1,test_msl,big_rock,iou,,0,0,215849
unet__scratch__resnet34__in_rover__seed1414__gpu_full__39bfa6f5__gitc188b320__codebebd8b2d__20260711T015842068985Z,msl_ncam_nlb_431511862edr_f0150000ncam00354m1,test_msl,ALL,pixel_acc,1.0,0,0,215849
unet__scratch__resnet34__in_rover__seed1414__gpu_full__39bfa6f5__gitc188b320__codebebd8b2d__20260711T015842068985Z,msl_ncam_nlb_431511862edr_f0150000ncam00354m1,test_msl,ALL,boundary_f1,1.0,0,0,215849
unet__scratch__resnet34__in_rover__seed1414__gpu_full__39bfa6f5__gitc188b320__codebebd8b2d__20260711T015842068985Z,msl_ncam_nlb_436380021edr_f0211362ncam00278m1,test_msl,soil,iou,1.0,86938,86938,86938
unet__scratch__resnet34__in_rover__seed1414__gpu_full__39bfa6f5__gitc188b320__codebebd8b2d__20260711T015842068985Z,msl_ncam_nlb_436380021edr_f0211362ncam00278m1,test_msl,bedrock,iou,,0,0,86938
unet__scratch__resnet34__in_rover__seed1414__gpu_full__39bfa6f5__gitc188b320__codebebd8b2d__20260711T015842068985Z,msl_ncam_nlb_436380021edr_f0211362ncam00278m1,test_msl,sand,iou,,0,0,86938
unet__scratch__resnet34__in_rover__seed1414__gpu_full__39bfa6f5__gitc188b320__codebebd8b2d__20260711T015842068985Z,msl_ncam_nlb_436380021edr_f0211362ncam00278m1,test_msl,big_rock,iou,,0,0,86938
unet__scratch__resnet34__in_rover__seed1414__gpu_full__39bfa6f5__gitc188b320__codebebd8b2d__20260711T015842068985Z,msl_ncam_nlb_436380021edr_f0211362ncam00278m1,test_msl,ALL,pixel_acc,1.0,0,0,86938
unet__scratch__resnet34__in_rover__seed1414__gpu_full__39bfa6f5__gitc188b320__codebebd8b2d__20260711T015842068985Z,msl_ncam_nlb_436380021edr_f0211362ncam00278m1,test_msl,ALL,boundary_f1,1.0,0,0,86938
unet__scratch__resnet34__in_rover__seed1414__gpu_full__39bfa6f5__gitc188b320__codebebd8b2d__20260711T015842068985Z,msl_ncam_nlb_436380133edr_f0211362ncam00278m1,test_msl,soil,iou,0.9866373787296358,10780,10926,32983
unet__scratch__resnet34__in_rover__seed1414__gpu_full__39bfa6f5__gitc188b320__codebebd8b2d__20260711T015842068985Z,msl_ncam_nlb_436380133edr_f0211362ncam00278m1,test_msl,bedrock,iou,0.9934243120299059,22057,22203,32983
unet__scratch__resnet34__in_rover__seed1414__gpu_full__39bfa6f5__gitc188b320__codebebd8b2d__20260711T015842068985Z,msl_ncam_nlb_436380133edr_f0211362ncam00278m1,test_msl,sand,iou,,0,0,32983
unet__scratch__resnet34__in_rover__seed1414__gpu_full__39bfa6f5__gitc188b320__codebebd8b2d__20260711T015842068985Z,msl_ncam_nlb_436380133edr_f0211362ncam00278m1,test_msl,big_rock,iou,,0,0,32983
unet__scratch__resnet34__in_rover__seed1414__gpu_full__39bfa6f5__gitc188b320__codebebd8b2d__20260711T015842068985Z,msl_ncam_nlb_436380133edr_f0211362ncam00278m1,test_msl,ALL,pixel_acc,0.9955734772458539,0,0,32983
unet__scratch__resnet34__in_rover__seed1414__gpu_full__39bfa6f5__gitc188b320__codebebd8b2d__20260711T015842068985Z,msl_ncam_nlb_436380133edr_f0211362ncam00278m1,test_msl,ALL,boundary_f1,0.975695420472839,0,0,32983
unet__scratch__resnet34__in_rover__seed1414__gpu_full__39bfa6f5__gitc188b320__codebebd8b2d__20260711T015842068985Z,msl_ncam_nlb_436383872edr_f0211362ncam00354m1,test_msl,soil,iou,0.0,0,10222,31991
unet__scratch__resnet34__in_rover__seed1414__gpu_full__39bfa6f5__gitc188b320__codebebd8b2d__20260711T015842068985Z,msl_ncam_nlb_436383872edr_f0211362ncam00354m1,test_msl,bedrock,iou,0.680472632928011,21769,31991,31991
unet__scratch__resnet34__in_rover__seed1414__gpu_full__39bfa6f5__gitc188b320__codebebd8b2d__20260711T015842068985Z,msl_ncam_nlb_436383872edr_f0211362ncam00354m1,test_msl,sand,iou,,0,0,31991
unet__scratch__resnet34__in_rover__seed1414__gpu_full__39bfa6f5__gitc188b320__codebebd8b2d__20260711T015842068985Z,msl_ncam_nlb_436383872edr_f0211362ncam00354m1,test_msl,big_rock,iou,,0,0,31991
unet__scratch__resnet34__in_rover__seed1414__gpu_full__39bfa6f5__gitc188b320__codebebd8b2d__20260711T015842068985Z,msl_ncam_nlb_436383872edr_f0211362ncam00354m1,test_msl,ALL,pixel_acc,0.680472632928011,0,0,31991
unet__scratch__resnet34__in_rover__seed1414__gpu_full__39bfa6f5__gitc188b320__codebebd8b2d__20260711T015842068985Z,msl_ncam_nlb_436383872edr_f0211362ncam00354m1,test_msl,ALL,boundary_f1,0.37564196625091706,0,0,31991
unet__scratch__resnet34__in_rover__seed1414__gpu_full__39bfa6f5__gitc188b320__codebebd8b2d__20260711T015842068985Z,msl_ncam_nlb_436383928edr_f0211362ncam00354m1,test_msl,soil,iou,,0,0,58335
unet__scratch__resnet34__in_rover__seed1414__gpu_full__39bfa6f5__gitc188b320__codebebd8b2d__20260711T015842068985Z,msl_ncam_nlb_436383928edr_f0211362ncam00354m1,test_msl,bedrock,iou,1.0,58335,58335,58335
unet__scratch__resnet34__in_rover__seed1414__gpu_full__39bfa6f5__gitc188b320__codebebd8b2d__20260711T015842068985Z,msl_ncam_nlb_436383928edr_f0211362ncam00354m1,test_msl,sand,iou,,0,0,58335
unet__scratch__resnet34__in_rover__seed1414__gpu_full__39bfa6f5__gitc188b320__codebebd8b2d__20260711T015842068985Z,msl_ncam_nlb_436383928edr_f0211362ncam00354m1,test_msl,big_rock,iou,,0,0,58335
unet__scratch__resnet34__in_rover__seed1414__gpu_full__39bfa6f5__gitc188b320__codebebd8b2d__20260711T015842068985Z,msl_ncam_nlb_436383928edr_f0211362ncam00354m1,test_msl,ALL,pixel_acc,1.0,0,0,58335
unet__scratch__resnet34__in_rover__seed1414__gpu_full__39bfa6f5__gitc188b320__codebebd8b2d__20260711T015842068985Z,msl_ncam_nlb_436383928edr_f0211362ncam00354m1,test_msl,ALL,boundary_f1,1.0,0,0,58335
unet__scratch__resnet34__in_rover__seed1414__gpu_full__39bfa6f5__gitc188b320__codebebd8b2d__20260711T015842068985Z,msl_ncam_nlb_436384026edr_f0211362ncam00279m1,test_msl,soil,iou,0.9775765287029414,65307,66805,164119
unet__scratch__resnet34__in_rover__seed1414__gpu_full__39bfa6f5__gitc188b320__codebebd8b2d__20260711T015842068985Z,msl_ncam_nlb_436384026edr_f0211362ncam00279m1,test_msl,bedrock,iou,0.9848398979880986,97314,98812,164119
unet__scratch__resnet34__in_rover__seed1414__gpu_full__39bfa6f5__gitc188b320__codebebd8b2d__20260711T015842068985Z,msl_ncam_nlb_436384026edr_f0211362ncam00279m1,test_msl,sand,iou,,0,0,164119
unet__scratch__resnet34__in_rover__seed1414__gpu_full__39bfa6f5__gitc188b320__codebebd8b2d__20260711T015842068985Z,msl_ncam_nlb_436384026edr_f0211362ncam00279m1,test_msl,big_rock,iou,,0,0,164119
unet__scratch__resnet34__in_rover__seed1414__gpu_full__39bfa6f5__gitc188b320__codebebd8b2d__20260711T015842068985Z,msl_ncam_nlb_436384026edr_f0211362ncam00279m1,test_msl,ALL,pixel_acc,0.9908724766785076,0,0,164119
unet__scratch__resnet34__in_rover__seed1414__gpu_full__39bfa6f5__gitc188b320__codebebd8b2d__20260711T015842068985Z,msl_ncam_nlb_436384026edr_f0211362ncam00279m1,test_msl,ALL,boundary_f1,0.8732769128095054,0,0,164119
unet__scratch__resnet34__in_rover__seed1414__gpu_full__39bfa6f5__gitc188b320__codebebd8b2d__20260711T015842068985Z,msl_ncam_nlb_436384140edr_f0211362ncam00279m1,test_msl,soil,iou,,0,0,0
unet__scratch__resnet34__in_rover__seed1414__gpu_full__39bfa6f5__gitc188b320__codebebd8b2d__20260711T015842068985Z,msl_ncam_nlb_436384140edr_f0211362ncam00279m1,test_msl,bedrock,iou,,0,0,0
unet__scratch__resnet34__in_rover__seed1414__gpu_full__39bfa6f5__gitc188b320__codebebd8b2d__20260711T015842068985Z,msl_ncam_nlb_436384140edr_f0211362ncam00279m1,test_msl,sand,iou,,0,0,0
unet__scratch__resnet34__in_rover__seed1414__gpu_full__39bfa6f5__gitc188b320__codebebd8b2d__20260711T015842068985Z,msl_ncam_nlb_436384140edr_f0211362ncam00279m1,test_msl,big_rock,iou,,0,0,0
unet__scratch__resnet34__in_rover__seed1414__gpu_full__39bfa6f5__gitc188b320__codebebd8b2d__20260711T015842068985Z,msl_ncam_nlb_436384140edr_f0211362ncam00279m1,test_msl,ALL,pixel_acc,,0,0,0
unet__scratch__resnet34__in_rover__seed1414__gpu_full__39bfa6f5__gitc188b320__codebebd8b2d__20260711T015842068985Z,msl_ncam_nlb_436384140edr_f0211362ncam00279m1,test_msl,ALL,boundary_f1,,0,0,0
unet__scratch__resnet34__in_rover__seed1414__gpu_full__39bfa6f5__gitc188b320__codebebd8b2d__20260711T015842068985Z,msl_ncam_nlb_436384203edr_f0211362ncam00279m1,test_msl,soil,iou,0.8542463657230298,4466,5228,14096
unet__scratch__resnet34__in_rover__seed1414__gpu_full__39bfa6f5__gitc188b320__codebebd8b2d__20260711T015842068985Z,msl_ncam_nlb_436384203edr_f0211362ncam00279m1,test_msl,bedrock,iou,0.9208722741433022,8868,9630,14096
unet__scratch__resnet34__in_rover__seed1414__gpu_full__39bfa6f5__gitc188b320__codebebd8b2d__20260711T015842068985Z,msl_ncam_nlb_436384203edr_f0211362ncam00279m1,test_msl,sand,iou,,0,0,14096
unet__scratch__resnet34__in_rover__seed1414__gpu_full__39bfa6f5__gitc188b320__codebebd8b2d__20260711T015842068985Z,msl_ncam_nlb_436384203edr_f0211362ncam00279m1,test_msl,big_rock,iou,,0,0,14096
unet__scratch__resnet34__in_rover__seed1414__gpu_full__39bfa6f5__gitc188b320__codebebd8b2d__20260711T015842068985Z,msl_ncam_nlb_436384203edr_f0211362ncam00279m1,test_msl,ALL,pixel_acc,0.9459421112372304,0,0,14096
unet__scratch__resnet34__in_rover__seed1414__gpu_full__39bfa6f5__gitc188b320__codebebd8b2d__20260711T015842068985Z,msl_ncam_nlb_436384203edr_f0211362ncam00279m1,test_msl,ALL,boundary_f1,0.8345352659300622,0,0,14096
unet__scratch__resnet34__in_rover__seed1414__gpu_full__39bfa6f5__gitc188b320__codebebd8b2d__20260711T015842068985Z,msl_ncam_nlb_439225105edr_f0240000ncam00346m1,test_msl,soil,iou,,0,0,0
unet__scratch__resnet34__in_rover__seed1414__gpu_full__39bfa6f5__gitc188b320__codebebd8b2d__20260711T015842068985Z,msl_ncam_nlb_439225105edr_f0240000ncam00346m1,test_msl,bedrock,iou,,0,0,0
unet__scratch__resnet34__in_rover__seed1414__gpu_full__39bfa6f5__gitc188b320__codebebd8b2d__20260711T015842068985Z,msl_ncam_nlb_439225105edr_f0240000ncam00346m1,test_msl,sand,iou,,0,0,0
unet__scratch__resnet34__in_rover__seed1414__gpu_full__39bfa6f5__gitc188b320__codebebd8b2d__20260711T015842068985Z,msl_ncam_nlb_439225105edr_f0240000ncam00346m1,test_msl,big_rock,iou,,0,0,0
unet__scratch__resnet34__in_rover__seed1414__gpu_full__39bfa6f5__gitc188b320__codebebd8b2d__20260711T015842068985Z,msl_ncam_nlb_439225105edr_f0240000ncam00346m1,test_msl,ALL,pixel_acc,,0,0,0
unet__scratch__resnet34__in_rover__seed1414__gpu_full__39bfa6f5__gitc188b320__codebebd8b2d__20260711T015842068985Z,msl_ncam_nlb_439225105edr_f0240000ncam00346m1,test_msl,ALL,boundary_f1,,0,0,0
unet__scratch__resnet34__in_rover__seed1414__gpu_full__39bfa6f5__gitc188b320__codebebd8b2d__20260711T015842068985Z,msl_ncam_nlb_439225164edr_f0240000ncam05113m1,test_msl,soil,iou,0.8936157024793389,86502,96800,96800
unet__scratch__resnet34__in_rover__seed1414__gpu_full__39bfa6f5__gitc188b320__codebebd8b2d__20260711T015842068985Z,msl_ncam_nlb_439225164edr_f0240000ncam05113m1,test_msl,bedrock,iou,0.0,0,10298,96800
unet__scratch__resnet34__in_rover__seed1414__gpu_full__39bfa6f5__gitc188b320__codebebd8b2d__20260711T015842068985Z,msl_ncam_nlb_439225164edr_f0240000ncam05113m1,test_msl,sand,iou,,0,0,96800
unet__scratch__resnet34__in_rover__seed1414__gpu_full__39bfa6f5__gitc188b320__codebebd8b2d__20260711T015842068985Z,msl_ncam_nlb_439225164edr_f0240000ncam05113m1,test_msl,big_rock,iou,,0,0,96800
unet__scratch__resnet34__in_rover__seed1414__gpu_full__39bfa6f5__gitc188b320__codebebd8b2d__20260711T015842068985Z,msl_ncam_nlb_439225164edr_f0240000ncam05113m1,test_msl,ALL,pixel_acc,0.8936157024793389,0,0,96800
unet__scratch__resnet34__in_rover__seed1414__gpu_full__39bfa6f5__gitc188b320__codebebd8b2d__20260711T015842068985Z,msl_ncam_nlb_439225164edr_f0240000ncam05113m1,test_msl,ALL,boundary_f1,0.37939988459319096,0,0,96800
unet__scratch__resnet34__in_rover__seed1414__gpu_full__39bfa6f5__gitc188b320__codebebd8b2d__20260711T015842068985Z,msl_ncam_nlb_439225290edr_f0240000ncam05113m1,test_msl,soil,iou,1.0,8548,8548,8548
unet__scratch__resnet34__in_rover__seed1414__gpu_full__39bfa6f5__gitc188b320__codebebd8b2d__20260711T015842068985Z,msl_ncam_nlb_439225290edr_f0240000ncam05113m1,test_msl,bedrock,iou,,0,0,8548
unet__scratch__resnet34__in_rover__seed1414__gpu_full__39bfa6f5__gitc188b320__codebebd8b2d__20260711T015842068985Z,msl_ncam_nlb_439225290edr_f0240000ncam05113m1,test_msl,sand,iou,,0,0,8548
unet__scratch__resnet34__in_rover__seed1414__gpu_full__39bfa6f5__gitc188b320__codebebd8b2d__20260711T015842068985Z,msl_ncam_nlb_439225290edr_f0240000ncam05113m1,test_msl,big_rock,iou,,0,0,8548
unet__scratch__resnet34__in_rover__seed1414__gpu_full__39bfa6f5__gitc188b320__codebebd8b2d__20260711T015842068985Z,msl_ncam_nlb_439225290edr_f0240000ncam05113m1,test_msl,ALL,pixel_acc,1.0,0,0,8548
unet__scratch__resnet34__in_rover__seed1414__gpu_full__39bfa6f5__gitc188b320__codebebd8b2d__20260711T015842068985Z,msl_ncam_nlb_439225290edr_f0240000ncam05113m1,test_msl,ALL,boundary_f1,1.0,0,0,8548
unet__scratch__resnet34__in_rover__seed1414__gpu_full__39bfa6f5__gitc188b320__codebebd8b2d__20260711T015842068985Z,msl_ncam_nlb_439225843edr_f0240000ncam00267m1,test_msl,soil,iou,1.0,59790,59790,59790
unet__scratch__resnet34__in_rover__seed1414__gpu_full__39bfa6f5__gitc188b320__codebebd8b2d__20260711T015842068985Z,msl_ncam_nlb_439225843edr_f0240000ncam00267m1,test_msl,bedrock,iou,,0,0,59790
unet__scratch__resnet34__in_rover__seed1414__gpu_full__39bfa6f5__gitc188b320__codebebd8b2d__20260711T015842068985Z,msl_ncam_nlb_439225843edr_f0240000ncam00267m1,test_msl,sand,iou,,0,0,59790
unet__scratch__resnet34__in_rover__seed1414__gpu_full__39bfa6f5__gitc188b320__codebebd8b2d__20260711T015842068985Z,msl_ncam_nlb_439225843edr_f0240000ncam00267m1,test_msl,big_rock,iou,,0,0,59790
unet__scratch__resnet34__in_rover__seed1414__gpu_full__39bfa6f5__gitc188b320__codebebd8b2d__20260711T015842068985Z,msl_ncam_nlb_439225843edr_f0240000ncam00267m1,test_msl,ALL,pixel_acc,1.0,0,0,59790
unet__scratch__resnet34__in_rover__seed1414__gpu_full__39bfa6f5__gitc188b320__codebebd8b2d__20260711T015842068985Z,msl_ncam_nlb_439225843edr_f0240000ncam00267m1,test_msl,ALL,boundary_f1,1.0,0,0,59790
unet__scratch__resnet34__in_rover__seed1414__gpu_full__39bfa6f5__gitc188b320__codebebd8b2d__20260711T015842068985Z,msl_ncam_nlb_439225957edr_f0240000ncam00267m1,test_msl,soil,iou,1.0,32088,32088,32088
unet__scratch__resnet34__in_rover__seed1414__gpu_full__39bfa6f5__gitc188b320__codebebd8b2d__20260711T015842068985Z,msl_ncam_nlb_439225957edr_f0240000ncam00267m1,test_msl,bedrock,iou,,0,0,32088
unet__scratch__resnet34__in_rover__seed1414__gpu_full__39bfa6f5__gitc188b320__codebebd8b2d__20260711T015842068985Z,msl_ncam_nlb_439225957edr_f0240000ncam00267m1,test_msl,sand,iou,,0,0,32088
unet__scratch__resnet34__in_rover__seed1414__gpu_full__39bfa6f5__gitc188b320__codebebd8b2d__20260711T015842068985Z,msl_ncam_nlb_439225957edr_f0240000ncam00267m1,test_msl,big_rock,iou,,0,0,32088
unet__scratch__resnet34__in_rover__seed1414__gpu_full__39bfa6f5__gitc188b320__codebebd8b2d__20260711T015842068985Z,msl_ncam_nlb_439225957edr_f0240000ncam00267m1,test_msl,ALL,pixel_acc,1.0,0,0,32088
unet__scratch__resnet34__in_rover__seed1414__gpu_full__39bfa6f5__gitc188b320__codebebd8b2d__20260711T015842068985Z,msl_ncam_nlb_439225957edr_f0240000ncam00267m1,test_msl,ALL,boundary_f1,1.0,0,0,32088
unet__scratch__resnet34__in_rover__seed1414__gpu_full__39bfa6f5__gitc188b320__codebebd8b2d__20260711T015842068985Z,msl_ncam_nlb_439226019edr_f0240000ncam00267m1,test_msl,soil,iou,1.0,11757,11757,11757
unet__scratch__resnet34__in_rover__seed1414__gpu_full__39bfa6f5__gitc188b320__codebebd8b2d__20260711T015842068985Z,msl_ncam_nlb_439226019edr_f0240000ncam00267m1,test_msl,bedrock,iou,,0,0,11757
unet__scratch__resnet34__in_rover__seed1414__gpu_full__39bfa6f5__gitc188b320__codebebd8b2d__20260711T015842068985Z,msl_ncam_nlb_439226019edr_f0240000ncam00267m1,test_msl,sand,iou,,0,0,11757
unet__scratch__resnet34__in_rover__seed1414__gpu_full__39bfa6f5__gitc188b320__codebebd8b2d__20260711T015842068985Z,msl_ncam_nlb_439226019edr_f0240000ncam00267m1,test_msl,big_rock,iou,,0,0,11757
unet__scratch__resnet34__in_rover__seed1414__gpu_full__39bfa6f5__gitc188b320__codebebd8b2d__20260711T015842068985Z,msl_ncam_nlb_439226019edr_f0240000ncam00267m1,test_msl,ALL,pixel_acc,1.0,0,0,11757
unet__scratch__resnet34__in_rover__seed1414__gpu_full__39bfa6f5__gitc188b320__codebebd8b2d__20260711T015842068985Z,msl_ncam_nlb_439226019edr_f0240000ncam00267m1,test_msl,ALL,boundary_f1,1.0,0,0,11757
unet__scratch__resnet34__in_rover__seed1414__gpu_full__39bfa6f5__gitc188b320__codebebd8b2d__20260711T015842068985Z,msl_ncam_nlb_439226061edr_f0240000ncam00350m1,test_msl,soil,iou,1.0,23535,23535,23535
unet__scratch__resnet34__in_rover__seed1414__gpu_full__39bfa6f5__gitc188b320__codebebd8b2d__20260711T015842068985Z,msl_ncam_nlb_439226061edr_f0240000ncam00350m1,test_msl,bedrock,iou,,0,0,23535
unet__scratch__resnet34__in_rover__seed1414__gpu_full__39bfa6f5__gitc188b320__codebebd8b2d__20260711T015842068985Z,msl_ncam_nlb_439226061edr_f0240000ncam00350m1,test_msl,sand,iou,,0,0,23535
unet__scratch__resnet34__in_rover__seed1414__gpu_full__39bfa6f5__gitc188b320__codebebd8b2d__20260711T015842068985Z,msl_ncam_nlb_439226061edr_f0240000ncam00350m1,test_msl,big_rock,iou,,0,0,23535
unet__scratch__resnet34__in_rover__seed1414__gpu_full__39bfa6f5__gitc188b320__codebebd8b2d__20260711T015842068985Z,msl_ncam_nlb_439226061edr_f0240000ncam00350m1,test_msl,ALL,pixel_acc,1.0,0,0,23535
unet__scratch__resnet34__in_rover__seed1414__gpu_full__39bfa6f5__gitc188b320__codebebd8b2d__20260711T015842068985Z,msl_ncam_nlb_439226061edr_f0240000ncam00350m1,test_msl,ALL,boundary_f1,1.0,0,0,23535
unet__scratch__resnet34__in_rover__seed1414__gpu_full__39bfa6f5__gitc188b320__codebebd8b2d__20260711T015842068985Z,msl_ncam_nlb_439226140edr_f0240000ncam00350m1,test_msl,soil,iou,1.0,178948,178948,178948
unet__scratch__resnet34__in_rover__seed1414__gpu_full__39bfa6f5__gitc188b320__codebebd8b2d__20260711T015842068985Z,msl_ncam_nlb_439226140edr_f0240000ncam00350m1,test_msl,bedrock,iou,,0,0,178948
unet__scratch__resnet34__in_rover__seed1414__gpu_full__39bfa6f5__gitc188b320__codebebd8b2d__20260711T015842068985Z,msl_ncam_nlb_439226140edr_f0240000ncam00350m1,test_msl,sand,iou,,0,0,178948
unet__scratch__resnet34__in_rover__seed1414__gpu_full__39bfa6f5__gitc188b320__codebebd8b2d__20260711T015842068985Z,msl_ncam_nlb_439226140edr_f0240000ncam00350m1,test_msl,big_rock,iou,,0,0,178948
unet__scratch__resnet34__in_rover__seed1414__gpu_full__39bfa6f5__gitc188b320__codebebd8b2d__20260711T015842068985Z,msl_ncam_nlb_439226140edr_f0240000ncam00350m1,test_msl,ALL,pixel_acc,1.0,0,0,178948
unet__scratch__resnet34__in_rover__seed1414__gpu_full__39bfa6f5__gitc188b320__codebebd8b2d__20260711T015842068985Z,msl_ncam_nlb_439226140edr_f0240000ncam00350m1,test_msl,ALL,boundary_f1,1.0,0,0,178948
unet__scratch__resnet34__in_rover__seed1414__gpu_full__39bfa6f5__gitc188b320__codebebd8b2d__20260711T015842068985Z,msl_ncam_nlb_442591818edr_f0250254ncam00470m1,test_msl,soil,iou,1.0,18461,18461,18461
unet__scratch__resnet34__in_rover__seed1414__gpu_full__39bfa6f5__gitc188b320__codebebd8b2d__20260711T015842068985Z,msl_ncam_nlb_442591818edr_f0250254ncam00470m1,test_msl,bedrock,iou,,0,0,18461
unet__scratch__resnet34__in_rover__seed1414__gpu_full__39bfa6f5__gitc188b320__codebebd8b2d__20260711T015842068985Z,msl_ncam_nlb_442591818edr_f0250254ncam00470m1,test_msl,sand,iou,,0,0,18461
unet__scratch__resnet34__in_rover__seed1414__gpu_full__39bfa6f5__gitc188b320__codebebd8b2d__20260711T015842068985Z,msl_ncam_nlb_442591818edr_f0250254ncam00470m1,test_msl,big_rock,iou,,0,0,18461
unet__scratch__resnet34__in_rover__seed1414__gpu_full__39bfa6f5__gitc188b320__codebebd8b2d__20260711T015842068985Z,msl_ncam_nlb_442591818edr_f0250254ncam00470m1,test_msl,ALL,pixel_acc,1.0,0,0,18461
unet__scratch__resnet34__in_rover__seed1414__gpu_full__39bfa6f5__gitc188b320__codebebd8b2d__20260711T015842068985Z,msl_ncam_nlb_442591818edr_f0250254ncam00470m1,test_msl,ALL,boundary_f1,1.0,0,0,18461
unet__scratch__resnet34__in_rover__seed1414__gpu_full__39bfa6f5__gitc188b320__codebebd8b2d__20260711T015842068985Z,msl_ncam_nlb_442592358edr_f0250272ncam00385m1,test_msl,soil,iou,1.0,134437,134437,134437
unet__scratch__resnet34__in_rover__seed1414__gpu_full__39bfa6f5__gitc188b320__codebebd8b2d__20260711T015842068985Z,msl_ncam_nlb_442592358edr_f0250272ncam00385m1,test_msl,bedrock,iou,,0,0,134437
unet__scratch__resnet34__in_rover__seed1414__gpu_full__39bfa6f5__gitc188b320__codebebd8b2d__20260711T015842068985Z,msl_ncam_nlb_442592358edr_f0250272ncam00385m1,test_msl,sand,iou,,0,0,134437
unet__scratch__resnet34__in_rover__seed1414__gpu_full__39bfa6f5__gitc188b320__codebebd8b2d__20260711T015842068985Z,msl_ncam_nlb_442592358edr_f0250272ncam00385m1,test_msl,big_rock,iou,,0,0,134437
unet__scratch__resnet34__in_rover__seed1414__gpu_full__39bfa6f5__gitc188b320__codebebd8b2d__20260711T015842068985Z,msl_ncam_nlb_442592358edr_f0250272ncam00385m1,test_msl,ALL,pixel_acc,1.0,0,0,134437
unet__scratch__resnet34__in_rover__seed1414__gpu_full__39bfa6f5__gitc188b320__codebebd8b2d__20260711T015842068985Z,msl_ncam_nlb_442592358edr_f0250272ncam00385m1,test_msl,ALL,boundary_f1,1.0,0,0,134437
unet__scratch__resnet34__in_rover__seed1414__gpu_full__39bfa6f5__gitc188b320__codebebd8b2d__20260711T015842068985Z,msl_ncam_nlb_442593301edr_f0250312ncam00353m1,test_msl,soil,iou,1.0,106977,106977,106977
unet__scratch__resnet34__in_rover__seed1414__gpu_full__39bfa6f5__gitc188b320__codebebd8b2d__20260711T015842068985Z,msl_ncam_nlb_442593301edr_f0250312ncam00353m1,test_msl,bedrock,iou,,0,0,106977
unet__scratch__resnet34__in_rover__seed1414__gpu_full__39bfa6f5__gitc188b320__codebebd8b2d__20260711T015842068985Z,msl_ncam_nlb_442593301edr_f0250312ncam00353m1,test_msl,sand,iou,,0,0,106977
unet__scratch__resnet34__in_rover__seed1414__gpu_full__39bfa6f5__gitc188b320__codebebd8b2d__20260711T015842068985Z,msl_ncam_nlb_442593301edr_f0250312ncam00353m1,test_msl,big_rock,iou,,0,0,106977
unet__scratch__resnet34__in_rover__seed1414__gpu_full__39bfa6f5__gitc188b320__codebebd8b2d__20260711T015842068985Z,msl_ncam_nlb_442593301edr_f0250312ncam00353m1,test_msl,ALL,pixel_acc,1.0,0,0,106977
unet__scratch__resnet34__in_rover__seed1414__gpu_full__39bfa6f5__gitc188b320__codebebd8b2d__20260711T015842068985Z,msl_ncam_nlb_442593301edr_f0250312ncam00353m1,test_msl,ALL,boundary_f1,1.0,0,0,106977
unet__scratch__resnet34__in_rover__seed1414__gpu_full__39bfa6f5__gitc188b320__codebebd8b2d__20260711T015842068985Z,msl_ncam_nlb_442598077edr_f0250312ncam00281m1,test_msl,soil,iou,1.0,8175,8175,8175
unet__scratch__resnet34__in_rover__seed1414__gpu_full__39bfa6f5__gitc188b320__codebebd8b2d__20260711T015842068985Z,msl_ncam_nlb_442598077edr_f0250312ncam00281m1,test_msl,bedrock,iou,,0,0,8175
unet__scratch__resnet34__in_rover__seed1414__gpu_full__39bfa6f5__gitc188b320__codebebd8b2d__20260711T015842068985Z,msl_ncam_nlb_442598077edr_f0250312ncam00281m1,test_msl,sand,iou,,0,0,8175
unet__scratch__resnet34__in_rover__seed1414__gpu_full__39bfa6f5__gitc188b320__codebebd8b2d__20260711T015842068985Z,msl_ncam_nlb_442598077edr_f0250312ncam00281m1,test_msl,big_rock,iou,,0,0,8175
unet__scratch__resnet34__in_rover__seed1414__gpu_full__39bfa6f5__gitc188b320__codebebd8b2d__20260711T015842068985Z,msl_ncam_nlb_442598077edr_f0250312ncam00281m1,test_msl,ALL,pixel_acc,1.0,0,0,8175
unet__scratch__resnet34__in_rover__seed1414__gpu_full__39bfa6f5__gitc188b320__codebebd8b2d__20260711T015842068985Z,msl_ncam_nlb_442598077edr_f0250312ncam00281m1,test_msl,ALL,boundary_f1,1.0,0,0,8175
unet__scratch__resnet34__in_rover__seed1414__gpu_full__39bfa6f5__gitc188b320__codebebd8b2d__20260711T015842068985Z,msl_ncam_nlb_442598204edr_f0250312ncam00281m1,test_msl,soil,iou,0.9807783871479712,111234,113414,113414
unet__scratch__resnet34__in_rover__seed1414__gpu_full__39bfa6f5__gitc188b320__codebebd8b2d__20260711T015842068985Z,msl_ncam_nlb_442598204edr_f0250312ncam00281m1,test_msl,bedrock,iou,0.0,0,902,113414
unet__scratch__resnet34__in_rover__seed1414__gpu_full__39bfa6f5__gitc188b320__codebebd8b2d__20260711T015842068985Z,msl_ncam_nlb_442598204edr_f0250312ncam00281m1,test_msl,sand,iou,0.0,0,1278,113414
unet__scratch__resnet34__in_rover__seed1414__gpu_full__39bfa6f5__gitc188b320__codebebd8b2d__20260711T015842068985Z,msl_ncam_nlb_442598204edr_f0250312ncam00281m1,test_msl,big_rock,iou,,0,0,113414
unet__scratch__resnet34__in_rover__seed1414__gpu_full__39bfa6f5__gitc188b320__codebebd8b2d__20260711T015842068985Z,msl_ncam_nlb_442598204edr_f0250312ncam00281m1,test_msl,ALL,pixel_acc,0.9807783871479712,0,0,113414
unet__scratch__resnet34__in_rover__seed1414__gpu_full__39bfa6f5__gitc188b320__codebebd8b2d__20260711T015842068985Z,msl_ncam_nlb_442598204edr_f0250312ncam00281m1,test_msl,ALL,boundary_f1,0.30353491089687407,0,0,113414
unet__scratch__resnet34__in_rover__seed1414__gpu_full__39bfa6f5__gitc188b320__codebebd8b2d__20260711T015842068985Z,msl_ncam_nlb_442600163edr_f0250312ncam00350m1,test_msl,soil,iou,1.0,151293,151293,151293
unet__scratch__resnet34__in_rover__seed1414__gpu_full__39bfa6f5__gitc188b320__codebebd8b2d__20260711T015842068985Z,msl_ncam_nlb_442600163edr_f0250312ncam00350m1,test_msl,bedrock,iou,,0,0,151293
unet__scratch__resnet34__in_rover__seed1414__gpu_full__39bfa6f5__gitc188b320__codebebd8b2d__20260711T015842068985Z,msl_ncam_nlb_442600163edr_f0250312ncam00350m1,test_msl,sand,iou,,0,0,151293
unet__scratch__resnet34__in_rover__seed1414__gpu_full__39bfa6f5__gitc188b320__codebebd8b2d__20260711T015842068985Z,msl_ncam_nlb_442600163edr_f0250312ncam00350m1,test_msl,big_rock,iou,,0,0,151293
unet__scratch__resnet34__in_rover__seed1414__gpu_full__39bfa6f5__gitc188b320__codebebd8b2d__20260711T015842068985Z,msl_ncam_nlb_442600163edr_f0250312ncam00350m1,test_msl,ALL,pixel_acc,1.0,0,0,151293
unet__scratch__resnet34__in_rover__seed1414__gpu_full__39bfa6f5__gitc188b320__codebebd8b2d__20260711T015842068985Z,msl_ncam_nlb_442600163edr_f0250312ncam00350m1,test_msl,ALL,boundary_f1,1.0,0,0,151293
unet__scratch__resnet34__in_rover__seed1414__gpu_full__39bfa6f5__gitc188b320__codebebd8b2d__20260711T015842068985Z,msl_ncam_nlb_442600208edr_f0250312ncam00282m1,test_msl,soil,iou,1.0,68473,68473,68473
unet__scratch__resnet34__in_rover__seed1414__gpu_full__39bfa6f5__gitc188b320__codebebd8b2d__20260711T015842068985Z,msl_ncam_nlb_442600208edr_f0250312ncam00282m1,test_msl,bedrock,iou,,0,0,68473
unet__scratch__resnet34__in_rover__seed1414__gpu_full__39bfa6f5__gitc188b320__codebebd8b2d__20260711T015842068985Z,msl_ncam_nlb_442600208edr_f0250312ncam00282m1,test_msl,sand,iou,,0,0,68473
unet__scratch__resnet34__in_rover__seed1414__gpu_full__39bfa6f5__gitc188b320__codebebd8b2d__20260711T015842068985Z,msl_ncam_nlb_442600208edr_f0250312ncam00282m1,test_msl,big_rock,iou,,0,0,68473
unet__scratch__resnet34__in_rover__seed1414__gpu_full__39bfa6f5__gitc188b320__codebebd8b2d__20260711T015842068985Z,msl_ncam_nlb_442600208edr_f0250312ncam00282m1,test_msl,ALL,pixel_acc,1.0,0,0,68473
unet__scratch__resnet34__in_rover__seed1414__gpu_full__39bfa6f5__gitc188b320__codebebd8b2d__20260711T015842068985Z,msl_ncam_nlb_442600208edr_f0250312ncam00282m1,test_msl,ALL,boundary_f1,1.0,0,0,68473
unet__scratch__resnet34__in_rover__seed1414__gpu_full__39bfa6f5__gitc188b320__codebebd8b2d__20260711T015842068985Z,msl_ncam_nlb_442600301edr_f0250312ncam00282m1,test_msl,soil,iou,0.9861834787190445,50535,51243,51243
unet__scratch__resnet34__in_rover__seed1414__gpu_full__39bfa6f5__gitc188b320__codebebd8b2d__20260711T015842068985Z,msl_ncam_nlb_442600301edr_f0250312ncam00282m1,test_msl,bedrock,iou,0.0,0,708,51243
unet__scratch__resnet34__in_rover__seed1414__gpu_full__39bfa6f5__gitc188b320__codebebd8b2d__20260711T015842068985Z,msl_ncam_nlb_442600301edr_f0250312ncam00282m1,test_msl,sand,iou,,0,0,51243
unet__scratch__resnet34__in_rover__seed1414__gpu_full__39bfa6f5__gitc188b320__codebebd8b2d__20260711T015842068985Z,msl_ncam_nlb_442600301edr_f0250312ncam00282m1,test_msl,big_rock,iou,,0,0,51243
unet__scratch__resnet34__in_rover__seed1414__gpu_full__39bfa6f5__gitc188b320__codebebd8b2d__20260711T015842068985Z,msl_ncam_nlb_442600301edr_f0250312ncam00282m1,test_msl,ALL,pixel_acc,0.9861834787190445,0,0,51243
unet__scratch__resnet34__in_rover__seed1414__gpu_full__39bfa6f5__gitc188b320__codebebd8b2d__20260711T015842068985Z,msl_ncam_nlb_442600301edr_f0250312ncam00282m1,test_msl,ALL,boundary_f1,0.4700854700854701,0,0,51243
unet__scratch__resnet34__in_rover__seed1414__gpu_full__39bfa6f5__gitc188b320__codebebd8b2d__20260711T015842068985Z,msl_ncam_nlb_442600416edr_f0250312ncam00282m1,test_msl,soil,iou,1.0,7457,7457,8486
unet__scratch__resnet34__in_rover__seed1414__gpu_full__39bfa6f5__gitc188b320__codebebd8b2d__20260711T015842068985Z,msl_ncam_nlb_442600416edr_f0250312ncam00282m1,test_msl,bedrock,iou,,0,0,8486
unet__scratch__resnet34__in_rover__seed1414__gpu_full__39bfa6f5__gitc188b320__codebebd8b2d__20260711T015842068985Z,msl_ncam_nlb_442600416edr_f0250312ncam00282m1,test_msl,sand,iou,1.0,1029,1029,8486
unet__scratch__resnet34__in_rover__seed1414__gpu_full__39bfa6f5__gitc188b320__codebebd8b2d__20260711T015842068985Z,msl_ncam_nlb_442600416edr_f0250312ncam00282m1,test_msl,big_rock,iou,,0,0,8486
unet__scratch__resnet34__in_rover__seed1414__gpu_full__39bfa6f5__gitc188b320__codebebd8b2d__20260711T015842068985Z,msl_ncam_nlb_442600416edr_f0250312ncam00282m1,test_msl,ALL,pixel_acc,1.0,0,0,8486
unet__scratch__resnet34__in_rover__seed1414__gpu_full__39bfa6f5__gitc188b320__codebebd8b2d__20260711T015842068985Z,msl_ncam_nlb_442600416edr_f0250312ncam00282m1,test_msl,ALL,boundary_f1,1.0,0,0,8486
unet__scratch__resnet34__in_rover__seed1414__gpu_full__39bfa6f5__gitc188b320__codebebd8b2d__20260711T015842068985Z,msl_ncam_nlb_442600447edr_f0250312ncam00282m1,test_msl,soil,iou,1.0,14865,14865,14865
unet__scratch__resnet34__in_rover__seed1414__gpu_full__39bfa6f5__gitc188b320__codebebd8b2d__20260711T015842068985Z,msl_ncam_nlb_442600447edr_f0250312ncam00282m1,test_msl,bedrock,iou,,0,0,14865
unet__scratch__resnet34__in_rover__seed1414__gpu_full__39bfa6f5__gitc188b320__codebebd8b2d__20260711T015842068985Z,msl_ncam_nlb_442600447edr_f0250312ncam00282m1,test_msl,sand,iou,,0,0,14865
unet__scratch__resnet34__in_rover__seed1414__gpu_full__39bfa6f5__gitc188b320__codebebd8b2d__20260711T015842068985Z,msl_ncam_nlb_442600447edr_f0250312ncam00282m1,test_msl,big_rock,iou,,0,0,14865
unet__scratch__resnet34__in_rover__seed1414__gpu_full__39bfa6f5__gitc188b320__codebebd8b2d__20260711T015842068985Z,msl_ncam_nlb_442600447edr_f0250312ncam00282m1,test_msl,ALL,pixel_acc,1.0,0,0,14865
unet__scratch__resnet34__in_rover__seed1414__gpu_full__39bfa6f5__gitc188b320__codebebd8b2d__20260711T015842068985Z,msl_ncam_nlb_442600447edr_f0250312ncam00282m1,test_msl,ALL,boundary_f1,1.0,0,0,14865
unet__scratch__resnet34__in_rover__seed1414__gpu_full__39bfa6f5__gitc188b320__codebebd8b2d__20260711T015842068985Z,msl_ncam_nlb_443659348edr_f0251082ncam00470m1,test_msl,soil,iou,1.0,97953,97953,97953
unet__scratch__resnet34__in_rover__seed1414__gpu_full__39bfa6f5__gitc188b320__codebebd8b2d__20260711T015842068985Z,msl_ncam_nlb_443659348edr_f0251082ncam00470m1,test_msl,bedrock,iou,,0,0,97953
unet__scratch__resnet34__in_rover__seed1414__gpu_full__39bfa6f5__gitc188b320__codebebd8b2d__20260711T015842068985Z,msl_ncam_nlb_443659348edr_f0251082ncam00470m1,test_msl,sand,iou,,0,0,97953
unet__scratch__resnet34__in_rover__seed1414__gpu_full__39bfa6f5__gitc188b320__codebebd8b2d__20260711T015842068985Z,msl_ncam_nlb_443659348edr_f0251082ncam00470m1,test_msl,big_rock,iou,,0,0,97953
unet__scratch__resnet34__in_rover__seed1414__gpu_full__39bfa6f5__gitc188b320__codebebd8b2d__20260711T015842068985Z,msl_ncam_nlb_443659348edr_f0251082ncam00470m1,test_msl,ALL,pixel_acc,1.0,0,0,97953
unet__scratch__resnet34__in_rover__seed1414__gpu_full__39bfa6f5__gitc188b320__codebebd8b2d__20260711T015842068985Z,msl_ncam_nlb_443659348edr_f0251082ncam00470m1,test_msl,ALL,boundary_f1,1.0,0,0,97953
unet__scratch__resnet34__in_rover__seed1414__gpu_full__39bfa6f5__gitc188b320__codebebd8b2d__20260711T015842068985Z,msl_ncam_nlb_443663198edr_f0251238ncam00353m1,test_msl,soil,iou,1.0,159090,159090,159090
unet__scratch__resnet34__in_rover__seed1414__gpu_full__39bfa6f5__gitc188b320__codebebd8b2d__20260711T015842068985Z,msl_ncam_nlb_443663198edr_f0251238ncam00353m1,test_msl,bedrock,iou,,0,0,159090
unet__scratch__resnet34__in_rover__seed1414__gpu_full__39bfa6f5__gitc188b320__codebebd8b2d__20260711T015842068985Z,msl_ncam_nlb_443663198edr_f0251238ncam00353m1,test_msl,sand,iou,,0,0,159090
unet__scratch__resnet34__in_rover__seed1414__gpu_full__39bfa6f5__gitc188b320__codebebd8b2d__20260711T015842068985Z,msl_ncam_nlb_443663198edr_f0251238ncam00353m1,test_msl,big_rock,iou,,0,0,159090
unet__scratch__resnet34__in_rover__seed1414__gpu_full__39bfa6f5__gitc188b320__codebebd8b2d__20260711T015842068985Z,msl_ncam_nlb_443663198edr_f0251238ncam00353m1,test_msl,ALL,pixel_acc,1.0,0,0,159090
unet__scratch__resnet34__in_rover__seed1414__gpu_full__39bfa6f5__gitc188b320__codebebd8b2d__20260711T015842068985Z,msl_ncam_nlb_443663198edr_f0251238ncam00353m1,test_msl,ALL,boundary_f1,1.0,0,0,159090
unet__scratch__resnet34__in_rover__seed1414__gpu_full__39bfa6f5__gitc188b320__codebebd8b2d__20260711T015842068985Z,msl_ncam_nlb_443663262edr_f0251238ncam00289m1,test_msl,soil,iou,1.0,68719,68719,68719
unet__scratch__resnet34__in_rover__seed1414__gpu_full__39bfa6f5__gitc188b320__codebebd8b2d__20260711T015842068985Z,msl_ncam_nlb_443663262edr_f0251238ncam00289m1,test_msl,bedrock,iou,,0,0,68719
unet__scratch__resnet34__in_rover__seed1414__gpu_full__39bfa6f5__gitc188b320__codebebd8b2d__20260711T015842068985Z,msl_ncam_nlb_443663262edr_f0251238ncam00289m1,test_msl,sand,iou,,0,0,68719
unet__scratch__resnet34__in_rover__seed1414__gpu_full__39bfa6f5__gitc188b320__codebebd8b2d__20260711T015842068985Z,msl_ncam_nlb_443663262edr_f0251238ncam00289m1,test_msl,big_rock,iou,,0,0,68719
unet__scratch__resnet34__in_rover__seed1414__gpu_full__39bfa6f5__gitc188b320__codebebd8b2d__20260711T015842068985Z,msl_ncam_nlb_443663262edr_f0251238ncam00289m1,test_msl,ALL,pixel_acc,1.0,0,0,68719
unet__scratch__resnet34__in_rover__seed1414__gpu_full__39bfa6f5__gitc188b320__codebebd8b2d__20260711T015842068985Z,msl_ncam_nlb_443663262edr_f0251238ncam00289m1,test_msl,ALL,boundary_f1,1.0,0,0,68719
unet__scratch__resnet34__in_rover__seed1414__gpu_full__39bfa6f5__gitc188b320__codebebd8b2d__20260711T015842068985Z,msl_ncam_nlb_443663326edr_f0251238ncam00289m1,test_msl,soil,iou,1.0,163565,163565,163565
unet__scratch__resnet34__in_rover__seed1414__gpu_full__39bfa6f5__gitc188b320__codebebd8b2d__20260711T015842068985Z,msl_ncam_nlb_443663326edr_f0251238ncam00289m1,test_msl,bedrock,iou,,0,0,163565
unet__scratch__resnet34__in_rover__seed1414__gpu_full__39bfa6f5__gitc188b320__codebebd8b2d__20260711T015842068985Z,msl_ncam_nlb_443663326edr_f0251238ncam00289m1,test_msl,sand,iou,,0,0,163565
unet__scratch__resnet34__in_rover__seed1414__gpu_full__39bfa6f5__gitc188b320__codebebd8b2d__20260711T015842068985Z,msl_ncam_nlb_443663326edr_f0251238ncam00289m1,test_msl,big_rock,iou,,0,0,163565
unet__scratch__resnet34__in_rover__seed1414__gpu_full__39bfa6f5__gitc188b320__codebebd8b2d__20260711T015842068985Z,msl_ncam_nlb_443663326edr_f0251238ncam00289m1,test_msl,ALL,pixel_acc,1.0,0,0,163565
unet__scratch__resnet34__in_rover__seed1414__gpu_full__39bfa6f5__gitc188b320__codebebd8b2d__20260711T015842068985Z,msl_ncam_nlb_443663326edr_f0251238ncam00289m1,test_msl,ALL,boundary_f1,1.0,0,0,163565
unet__scratch__resnet34__in_rover__seed1414__gpu_full__39bfa6f5__gitc188b320__codebebd8b2d__20260711T015842068985Z,msl_ncam_nlb_443668744edr_f0251238ncam00292m1,test_msl,soil,iou,1.0,56933,56933,56933
unet__scratch__resnet34__in_rover__seed1414__gpu_full__39bfa6f5__gitc188b320__codebebd8b2d__20260711T015842068985Z,msl_ncam_nlb_443668744edr_f0251238ncam00292m1,test_msl,bedrock,iou,,0,0,56933
unet__scratch__resnet34__in_rover__seed1414__gpu_full__39bfa6f5__gitc188b320__codebebd8b2d__20260711T015842068985Z,msl_ncam_nlb_443668744edr_f0251238ncam00292m1,test_msl,sand,iou,,0,0,56933
unet__scratch__resnet34__in_rover__seed1414__gpu_full__39bfa6f5__gitc188b320__codebebd8b2d__20260711T015842068985Z,msl_ncam_nlb_443668744edr_f0251238ncam00292m1,test_msl,big_rock,iou,,0,0,56933
unet__scratch__resnet34__in_rover__seed1414__gpu_full__39bfa6f5__gitc188b320__codebebd8b2d__20260711T015842068985Z,msl_ncam_nlb_443668744edr_f0251238ncam00292m1,test_msl,ALL,pixel_acc,1.0,0,0,56933
unet__scratch__resnet34__in_rover__seed1414__gpu_full__39bfa6f5__gitc188b320__codebebd8b2d__20260711T015842068985Z,msl_ncam_nlb_443668744edr_f0251238ncam00292m1,test_msl,ALL,boundary_f1,1.0,0,0,56933
unet__scratch__resnet34__in_rover__seed1414__gpu_full__39bfa6f5__gitc188b320__codebebd8b2d__20260711T015842068985Z,msl_ncam_nlb_443668806edr_f0251238ncam00292m1,test_msl,soil,iou,1.0,80428,80428,80428
unet__scratch__resnet34__in_rover__seed1414__gpu_full__39bfa6f5__gitc188b320__codebebd8b2d__20260711T015842068985Z,msl_ncam_nlb_443668806edr_f0251238ncam00292m1,test_msl,bedrock,iou,,0,0,80428
unet__scratch__resnet34__in_rover__seed1414__gpu_full__39bfa6f5__gitc188b320__codebebd8b2d__20260711T015842068985Z,msl_ncam_nlb_443668806edr_f0251238ncam00292m1,test_msl,sand,iou,,0,0,80428
unet__scratch__resnet34__in_rover__seed1414__gpu_full__39bfa6f5__gitc188b320__codebebd8b2d__20260711T015842068985Z,msl_ncam_nlb_443668806edr_f0251238ncam00292m1,test_msl,big_rock,iou,,0,0,80428
unet__scratch__resnet34__in_rover__seed1414__gpu_full__39bfa6f5__gitc188b320__codebebd8b2d__20260711T015842068985Z,msl_ncam_nlb_443668806edr_f0251238ncam00292m1,test_msl,ALL,pixel_acc,1.0,0,0,80428
unet__scratch__resnet34__in_rover__seed1414__gpu_full__39bfa6f5__gitc188b320__codebebd8b2d__20260711T015842068985Z,msl_ncam_nlb_443668806edr_f0251238ncam00292m1,test_msl,ALL,boundary_f1,1.0,0,0,80428
unet__scratch__resnet34__in_rover__seed1414__gpu_full__39bfa6f5__gitc188b320__codebebd8b2d__20260711T015842068985Z,msl_ncam_nlb_443668921edr_f0251238ncam00292m1,test_msl,soil,iou,0.995071215634316,75103,75475,75475
unet__scratch__resnet34__in_rover__seed1414__gpu_full__39bfa6f5__gitc188b320__codebebd8b2d__20260711T015842068985Z,msl_ncam_nlb_443668921edr_f0251238ncam00292m1,test_msl,bedrock,iou,,0,0,75475
unet__scratch__resnet34__in_rover__seed1414__gpu_full__39bfa6f5__gitc188b320__codebebd8b2d__20260711T015842068985Z,msl_ncam_nlb_443668921edr_f0251238ncam00292m1,test_msl,sand,iou,,0,0,75475
unet__scratch__resnet34__in_rover__seed1414__gpu_full__39bfa6f5__gitc188b320__codebebd8b2d__20260711T015842068985Z,msl_ncam_nlb_443668921edr_f0251238ncam00292m1,test_msl,big_rock,iou,0.0,0,372,75475
unet__scratch__resnet34__in_rover__seed1414__gpu_full__39bfa6f5__gitc188b320__codebebd8b2d__20260711T015842068985Z,msl_ncam_nlb_443668921edr_f0251238ncam00292m1,test_msl,ALL,pixel_acc,0.995071215634316,0,0,75475
unet__scratch__resnet34__in_rover__seed1414__gpu_full__39bfa6f5__gitc188b320__codebebd8b2d__20260711T015842068985Z,msl_ncam_nlb_443668921edr_f0251238ncam00292m1,test_msl,ALL,boundary_f1,0.49254028247463694,0,0,75475
unet__scratch__resnet34__in_rover__seed1414__gpu_full__39bfa6f5__gitc188b320__codebebd8b2d__20260711T015842068985Z,msl_ncam_nlb_443669058edr_f0251238ncam00352m1,test_msl,soil,iou,1.0,191983,191983,191983
unet__scratch__resnet34__in_rover__seed1414__gpu_full__39bfa6f5__gitc188b320__codebebd8b2d__20260711T015842068985Z,msl_ncam_nlb_443669058edr_f0251238ncam00352m1,test_msl,bedrock,iou,,0,0,191983
unet__scratch__resnet34__in_rover__seed1414__gpu_full__39bfa6f5__gitc188b320__codebebd8b2d__20260711T015842068985Z,msl_ncam_nlb_443669058edr_f0251238ncam00352m1,test_msl,sand,iou,,0,0,191983
unet__scratch__resnet34__in_rover__seed1414__gpu_full__39bfa6f5__gitc188b320__codebebd8b2d__20260711T015842068985Z,msl_ncam_nlb_443669058edr_f0251238ncam00352m1,test_msl,big_rock,iou,,0,0,191983
unet__scratch__resnet34__in_rover__seed1414__gpu_full__39bfa6f5__gitc188b320__codebebd8b2d__20260711T015842068985Z,msl_ncam_nlb_443669058edr_f0251238ncam00352m1,test_msl,ALL,pixel_acc,1.0,0,0,191983
unet__scratch__resnet34__in_rover__seed1414__gpu_full__39bfa6f5__gitc188b320__codebebd8b2d__20260711T015842068985Z,msl_ncam_nlb_443669058edr_f0251238ncam00352m1,test_msl,ALL,boundary_f1,1.0,0,0,191983
unet__scratch__resnet34__in_rover__seed1414__gpu_full__39bfa6f5__gitc188b320__codebebd8b2d__20260711T015842068985Z,msl_ncam_nlb_443669122edr_f0251238ncam00352m1,test_msl,soil,iou,1.0,138713,138713,138713
unet__scratch__resnet34__in_rover__seed1414__gpu_full__39bfa6f5__gitc188b320__codebebd8b2d__20260711T015842068985Z,msl_ncam_nlb_443669122edr_f0251238ncam00352m1,test_msl,bedrock,iou,,0,0,138713
unet__scratch__resnet34__in_rover__seed1414__gpu_full__39bfa6f5__gitc188b320__codebebd8b2d__20260711T015842068985Z,msl_ncam_nlb_443669122edr_f0251238ncam00352m1,test_msl,sand,iou,,0,0,138713
unet__scratch__resnet34__in_rover__seed1414__gpu_full__39bfa6f5__gitc188b320__codebebd8b2d__20260711T015842068985Z,msl_ncam_nlb_443669122edr_f0251238ncam00352m1,test_msl,big_rock,iou,,0,0,138713
unet__scratch__resnet34__in_rover__seed1414__gpu_full__39bfa6f5__gitc188b320__codebebd8b2d__20260711T015842068985Z,msl_ncam_nlb_443669122edr_f0251238ncam00352m1,test_msl,ALL,pixel_acc,1.0,0,0,138713
unet__scratch__resnet34__in_rover__seed1414__gpu_full__39bfa6f5__gitc188b320__codebebd8b2d__20260711T015842068985Z,msl_ncam_nlb_443669122edr_f0251238ncam00352m1,test_msl,ALL,boundary_f1,1.0,0,0,138713
unet__scratch__resnet34__in_rover__seed1414__gpu_full__39bfa6f5__gitc188b320__codebebd8b2d__20260711T015842068985Z,msl_ncam_nlb_448278207edr_f0300432ncam00380m1,test_msl,soil,iou,1.0,219849,219849,219849
unet__scratch__resnet34__in_rover__seed1414__gpu_full__39bfa6f5__gitc188b320__codebebd8b2d__20260711T015842068985Z,msl_ncam_nlb_448278207edr_f0300432ncam00380m1,test_msl,bedrock,iou,,0,0,219849
unet__scratch__resnet34__in_rover__seed1414__gpu_full__39bfa6f5__gitc188b320__codebebd8b2d__20260711T015842068985Z,msl_ncam_nlb_448278207edr_f0300432ncam00380m1,test_msl,sand,iou,,0,0,219849
unet__scratch__resnet34__in_rover__seed1414__gpu_full__39bfa6f5__gitc188b320__codebebd8b2d__20260711T015842068985Z,msl_ncam_nlb_448278207edr_f0300432ncam00380m1,test_msl,big_rock,iou,,0,0,219849
unet__scratch__resnet34__in_rover__seed1414__gpu_full__39bfa6f5__gitc188b320__codebebd8b2d__20260711T015842068985Z,msl_ncam_nlb_448278207edr_f0300432ncam00380m1,test_msl,ALL,pixel_acc,1.0,0,0,219849
unet__scratch__resnet34__in_rover__seed1414__gpu_full__39bfa6f5__gitc188b320__codebebd8b2d__20260711T015842068985Z,msl_ncam_nlb_448278207edr_f0300432ncam00380m1,test_msl,ALL,boundary_f1,1.0,0,0,219849
unet__scratch__resnet34__in_rover__seed1414__gpu_full__39bfa6f5__gitc188b320__codebebd8b2d__20260711T015842068985Z,msl_ncam_nlb_448279148edr_f0300484ncam00353m1,test_msl,soil,iou,1.0,173750,173750,173750
unet__scratch__resnet34__in_rover__seed1414__gpu_full__39bfa6f5__gitc188b320__codebebd8b2d__20260711T015842068985Z,msl_ncam_nlb_448279148edr_f0300484ncam00353m1,test_msl,bedrock,iou,,0,0,173750
unet__scratch__resnet34__in_rover__seed1414__gpu_full__39bfa6f5__gitc188b320__codebebd8b2d__20260711T015842068985Z,msl_ncam_nlb_448279148edr_f0300484ncam00353m1,test_msl,sand,iou,,0,0,173750
unet__scratch__resnet34__in_rover__seed1414__gpu_full__39bfa6f5__gitc188b320__codebebd8b2d__20260711T015842068985Z,msl_ncam_nlb_448279148edr_f0300484ncam00353m1,test_msl,big_rock,iou,,0,0,173750
unet__scratch__resnet34__in_rover__seed1414__gpu_full__39bfa6f5__gitc188b320__codebebd8b2d__20260711T015842068985Z,msl_ncam_nlb_448279148edr_f0300484ncam00353m1,test_msl,ALL,pixel_acc,1.0,0,0,173750
unet__scratch__resnet34__in_rover__seed1414__gpu_full__39bfa6f5__gitc188b320__codebebd8b2d__20260711T015842068985Z,msl_ncam_nlb_448279148edr_f0300484ncam00353m1,test_msl,ALL,boundary_f1,1.0,0,0,173750
unet__scratch__resnet34__in_rover__seed1414__gpu_full__39bfa6f5__gitc188b320__codebebd8b2d__20260711T015842068985Z,msl_ncam_nlb_448279299edr_f0300484ncam00299m1,test_msl,soil,iou,1.0,103574,103574,103574
unet__scratch__resnet34__in_rover__seed1414__gpu_full__39bfa6f5__gitc188b320__codebebd8b2d__20260711T015842068985Z,msl_ncam_nlb_448279299edr_f0300484ncam00299m1,test_msl,bedrock,iou,,0,0,103574
unet__scratch__resnet34__in_rover__seed1414__gpu_full__39bfa6f5__gitc188b320__codebebd8b2d__20260711T015842068985Z,msl_ncam_nlb_448279299edr_f0300484ncam00299m1,test_msl,sand,iou,,0,0,103574
unet__scratch__resnet34__in_rover__seed1414__gpu_full__39bfa6f5__gitc188b320__codebebd8b2d__20260711T015842068985Z,msl_ncam_nlb_448279299edr_f0300484ncam00299m1,test_msl,big_rock,iou,,0,0,103574
unet__scratch__resnet34__in_rover__seed1414__gpu_full__39bfa6f5__gitc188b320__codebebd8b2d__20260711T015842068985Z,msl_ncam_nlb_448279299edr_f0300484ncam00299m1,test_msl,ALL,pixel_acc,1.0,0,0,103574
unet__scratch__resnet34__in_rover__seed1414__gpu_full__39bfa6f5__gitc188b320__codebebd8b2d__20260711T015842068985Z,msl_ncam_nlb_448279299edr_f0300484ncam00299m1,test_msl,ALL,boundary_f1,1.0,0,0,103574
unet__scratch__resnet34__in_rover__seed1414__gpu_full__39bfa6f5__gitc188b320__codebebd8b2d__20260711T015842068985Z,msl_ncam_nlb_448279363edr_f0300484ncam00299m1,test_msl,soil,iou,,0,0,0
unet__scratch__resnet34__in_rover__seed1414__gpu_full__39bfa6f5__gitc188b320__codebebd8b2d__20260711T015842068985Z,msl_ncam_nlb_448279363edr_f0300484ncam00299m1,test_msl,bedrock,iou,,0,0,0
unet__scratch__resnet34__in_rover__seed1414__gpu_full__39bfa6f5__gitc188b320__codebebd8b2d__20260711T015842068985Z,msl_ncam_nlb_448279363edr_f0300484ncam00299m1,test_msl,sand,iou,,0,0,0
unet__scratch__resnet34__in_rover__seed1414__gpu_full__39bfa6f5__gitc188b320__codebebd8b2d__20260711T015842068985Z,msl_ncam_nlb_448279363edr_f0300484ncam00299m1,test_msl,big_rock,iou,,0,0,0
unet__scratch__resnet34__in_rover__seed1414__gpu_full__39bfa6f5__gitc188b320__codebebd8b2d__20260711T015842068985Z,msl_ncam_nlb_448279363edr_f0300484ncam00299m1,test_msl,ALL,pixel_acc,,0,0,0
unet__scratch__resnet34__in_rover__seed1414__gpu_full__39bfa6f5__gitc188b320__codebebd8b2d__20260711T015842068985Z,msl_ncam_nlb_448279363edr_f0300484ncam00299m1,test_msl,ALL,boundary_f1,,0,0,0
unet__scratch__resnet34__in_rover__seed1414__gpu_full__39bfa6f5__gitc188b320__codebebd8b2d__20260711T015842068985Z,msl_ncam_nlb_448279809edr_f0300484ncam00354m1,test_msl,soil,iou,1.0,235752,235752,235752
unet__scratch__resnet34__in_rover__seed1414__gpu_full__39bfa6f5__gitc188b320__codebebd8b2d__20260711T015842068985Z,msl_ncam_nlb_448279809edr_f0300484ncam00354m1,test_msl,bedrock,iou,,0,0,235752
unet__scratch__resnet34__in_rover__seed1414__gpu_full__39bfa6f5__gitc188b320__codebebd8b2d__20260711T015842068985Z,msl_ncam_nlb_448279809edr_f0300484ncam00354m1,test_msl,sand,iou,,0,0,235752
unet__scratch__resnet34__in_rover__seed1414__gpu_full__39bfa6f5__gitc188b320__codebebd8b2d__20260711T015842068985Z,msl_ncam_nlb_448279809edr_f0300484ncam00354m1,test_msl,big_rock,iou,,0,0,235752
unet__scratch__resnet34__in_rover__seed1414__gpu_full__39bfa6f5__gitc188b320__codebebd8b2d__20260711T015842068985Z,msl_ncam_nlb_448279809edr_f0300484ncam00354m1,test_msl,ALL,pixel_acc,1.0,0,0,235752
unet__scratch__resnet34__in_rover__seed1414__gpu_full__39bfa6f5__gitc188b320__codebebd8b2d__20260711T015842068985Z,msl_ncam_nlb_448279809edr_f0300484ncam00354m1,test_msl,ALL,boundary_f1,1.0,0,0,235752
unet__scratch__resnet34__in_rover__seed1414__gpu_full__39bfa6f5__gitc188b320__codebebd8b2d__20260711T015842068985Z,msl_ncam_nlb_448279926edr_f0300484ncam00250m1,test_msl,soil,iou,1.0,165154,165154,165154
unet__scratch__resnet34__in_rover__seed1414__gpu_full__39bfa6f5__gitc188b320__codebebd8b2d__20260711T015842068985Z,msl_ncam_nlb_448279926edr_f0300484ncam00250m1,test_msl,bedrock,iou,,0,0,165154
unet__scratch__resnet34__in_rover__seed1414__gpu_full__39bfa6f5__gitc188b320__codebebd8b2d__20260711T015842068985Z,msl_ncam_nlb_448279926edr_f0300484ncam00250m1,test_msl,sand,iou,,0,0,165154
unet__scratch__resnet34__in_rover__seed1414__gpu_full__39bfa6f5__gitc188b320__codebebd8b2d__20260711T015842068985Z,msl_ncam_nlb_448279926edr_f0300484ncam00250m1,test_msl,big_rock,iou,,0,0,165154
unet__scratch__resnet34__in_rover__seed1414__gpu_full__39bfa6f5__gitc188b320__codebebd8b2d__20260711T015842068985Z,msl_ncam_nlb_448279926edr_f0300484ncam00250m1,test_msl,ALL,pixel_acc,1.0,0,0,165154
unet__scratch__resnet34__in_rover__seed1414__gpu_full__39bfa6f5__gitc188b320__codebebd8b2d__20260711T015842068985Z,msl_ncam_nlb_448279926edr_f0300484ncam00250m1,test_msl,ALL,boundary_f1,1.0,0,0,165154
unet__scratch__resnet34__in_rover__seed1414__gpu_full__39bfa6f5__gitc188b320__codebebd8b2d__20260711T015842068985Z,msl_ncam_nlb_448279988edr_f0300484ncam00250m1,test_msl,soil,iou,1.0,181913,181913,181913
unet__scratch__resnet34__in_rover__seed1414__gpu_full__39bfa6f5__gitc188b320__codebebd8b2d__20260711T015842068985Z,msl_ncam_nlb_448279988edr_f0300484ncam00250m1,test_msl,bedrock,iou,,0,0,181913
unet__scratch__resnet34__in_rover__seed1414__gpu_full__39bfa6f5__gitc188b320__codebebd8b2d__20260711T015842068985Z,msl_ncam_nlb_448279988edr_f0300484ncam00250m1,test_msl,sand,iou,,0,0,181913
unet__scratch__resnet34__in_rover__seed1414__gpu_full__39bfa6f5__gitc188b320__codebebd8b2d__20260711T015842068985Z,msl_ncam_nlb_448279988edr_f0300484ncam00250m1,test_msl,big_rock,iou,,0,0,181913
unet__scratch__resnet34__in_rover__seed1414__gpu_full__39bfa6f5__gitc188b320__codebebd8b2d__20260711T015842068985Z,msl_ncam_nlb_448279988edr_f0300484ncam00250m1,test_msl,ALL,pixel_acc,1.0,0,0,181913
unet__scratch__resnet34__in_rover__seed1414__gpu_full__39bfa6f5__gitc188b320__codebebd8b2d__20260711T015842068985Z,msl_ncam_nlb_448279988edr_f0300484ncam00250m1,test_msl,ALL,boundary_f1,1.0,0,0,181913
unet__scratch__resnet34__in_rover__seed1414__gpu_full__39bfa6f5__gitc188b320__codebebd8b2d__20260711T015842068985Z,msl_ncam_nlb_448280142edr_f0300484ncam00250m1,test_msl,soil,iou,1.0,85498,85498,85498
unet__scratch__resnet34__in_rover__seed1414__gpu_full__39bfa6f5__gitc188b320__codebebd8b2d__20260711T015842068985Z,msl_ncam_nlb_448280142edr_f0300484ncam00250m1,test_msl,bedrock,iou,,0,0,85498
unet__scratch__resnet34__in_rover__seed1414__gpu_full__39bfa6f5__gitc188b320__codebebd8b2d__20260711T015842068985Z,msl_ncam_nlb_448280142edr_f0300484ncam00250m1,test_msl,sand,iou,,0,0,85498
unet__scratch__resnet34__in_rover__seed1414__gpu_full__39bfa6f5__gitc188b320__codebebd8b2d__20260711T015842068985Z,msl_ncam_nlb_448280142edr_f0300484ncam00250m1,test_msl,big_rock,iou,,0,0,85498
unet__scratch__resnet34__in_rover__seed1414__gpu_full__39bfa6f5__gitc188b320__codebebd8b2d__20260711T015842068985Z,msl_ncam_nlb_448280142edr_f0300484ncam00250m1,test_msl,ALL,pixel_acc,1.0,0,0,85498
unet__scratch__resnet34__in_rover__seed1414__gpu_full__39bfa6f5__gitc188b320__codebebd8b2d__20260711T015842068985Z,msl_ncam_nlb_448280142edr_f0300484ncam00250m1,test_msl,ALL,boundary_f1,1.0,0,0,85498
unet__scratch__resnet34__in_rover__seed1414__gpu_full__39bfa6f5__gitc188b320__codebebd8b2d__20260711T015842068985Z,msl_ncam_nlb_453776957edr_f0320204ncam00498m1,test_msl,soil,iou,0.9998350846994676,194007,194039,201171
unet__scratch__resnet34__in_rover__seed1414__gpu_full__39bfa6f5__gitc188b320__codebebd8b2d__20260711T015842068985Z,msl_ncam_nlb_453776957edr_f0320204ncam00498m1,test_msl,bedrock,iou,,0,0,201171
unet__scratch__resnet34__in_rover__seed1414__gpu_full__39bfa6f5__gitc188b320__codebebd8b2d__20260711T015842068985Z,msl_ncam_nlb_453776957edr_f0320204ncam00498m1,test_msl,sand,iou,0.9505504758350438,5094,5359,201171
unet__scratch__resnet34__in_rover__seed1414__gpu_full__39bfa6f5__gitc188b320__codebebd8b2d__20260711T015842068985Z,msl_ncam_nlb_453776957edr_f0320204ncam00498m1,test_msl,big_rock,iou,0.8856722276741904,1805,2038,201171
unet__scratch__resnet34__in_rover__seed1414__gpu_full__39bfa6f5__gitc188b320__codebebd8b2d__20260711T015842068985Z,msl_ncam_nlb_453776957edr_f0320204ncam00498m1,test_msl,ALL,pixel_acc,0.9986827127170417,0,0,201171
unet__scratch__resnet34__in_rover__seed1414__gpu_full__39bfa6f5__gitc188b320__codebebd8b2d__20260711T015842068985Z,msl_ncam_nlb_453776957edr_f0320204ncam00498m1,test_msl,ALL,boundary_f1,0.8949397929726203,0,0,201171
unet__scratch__resnet34__in_rover__seed1414__gpu_full__39bfa6f5__gitc188b320__codebebd8b2d__20260711T015842068985Z,msl_ncam_nlb_453777056edr_f0320204ncam00497m1,test_msl,soil,iou,0.9989126659941457,241613,241876,241876
unet__scratch__resnet34__in_rover__seed1414__gpu_full__39bfa6f5__gitc188b320__codebebd8b2d__20260711T015842068985Z,msl_ncam_nlb_453777056edr_f0320204ncam00497m1,test_msl,bedrock,iou,,0,0,241876
unet__scratch__resnet34__in_rover__seed1414__gpu_full__39bfa6f5__gitc188b320__codebebd8b2d__20260711T015842068985Z,msl_ncam_nlb_453777056edr_f0320204ncam00497m1,test_msl,sand,iou,0.0,0,263,241876
unet__scratch__resnet34__in_rover__seed1414__gpu_full__39bfa6f5__gitc188b320__codebebd8b2d__20260711T015842068985Z,msl_ncam_nlb_453777056edr_f0320204ncam00497m1,test_msl,big_rock,iou,,0,0,241876
unet__scratch__resnet34__in_rover__seed1414__gpu_full__39bfa6f5__gitc188b320__codebebd8b2d__20260711T015842068985Z,msl_ncam_nlb_453777056edr_f0320204ncam00497m1,test_msl,ALL,pixel_acc,0.9989126659941457,0,0,241876
unet__scratch__resnet34__in_rover__seed1414__gpu_full__39bfa6f5__gitc188b320__codebebd8b2d__20260711T015842068985Z,msl_ncam_nlb_453777056edr_f0320204ncam00497m1,test_msl,ALL,boundary_f1,0.49422532142078884,0,0,241876
unet__scratch__resnet34__in_rover__seed1414__gpu_full__39bfa6f5__gitc188b320__codebebd8b2d__20260711T015842068985Z,msl_ncam_nlb_453780775edr_f0320478ncam00353m1,test_msl,soil,iou,0.9999943866897186,178147,178148,178148
unet__scratch__resnet34__in_rover__seed1414__gpu_full__39bfa6f5__gitc188b320__codebebd8b2d__20260711T015842068985Z,msl_ncam_nlb_453780775edr_f0320478ncam00353m1,test_msl,bedrock,iou,,0,0,178148
unet__scratch__resnet34__in_rover__seed1414__gpu_full__39bfa6f5__gitc188b320__codebebd8b2d__20260711T015842068985Z,msl_ncam_nlb_453780775edr_f0320478ncam00353m1,test_msl,sand,iou,,0,0,178148
unet__scratch__resnet34__in_rover__seed1414__gpu_full__39bfa6f5__gitc188b320__codebebd8b2d__20260711T015842068985Z,msl_ncam_nlb_453780775edr_f0320478ncam00353m1,test_msl,big_rock,iou,0.0,0,1,178148
unet__scratch__resnet34__in_rover__seed1414__gpu_full__39bfa6f5__gitc188b320__codebebd8b2d__20260711T015842068985Z,msl_ncam_nlb_453780775edr_f0320478ncam00353m1,test_msl,ALL,pixel_acc,0.9999943866897186,0,0,178148
unet__scratch__resnet34__in_rover__seed1414__gpu_full__39bfa6f5__gitc188b320__codebebd8b2d__20260711T015842068985Z,msl_ncam_nlb_453780775edr_f0320478ncam00353m1,test_msl,ALL,boundary_f1,0.5,0,0,178148
unet__scratch__resnet34__in_rover__seed1414__gpu_full__39bfa6f5__gitc188b320__codebebd8b2d__20260711T015842068985Z,msl_ncam_nlb_453780853edr_f0320478ncam00281m1,test_msl,soil,iou,0.9991230368591886,186845,187009,187378
unet__scratch__resnet34__in_rover__seed1414__gpu_full__39bfa6f5__gitc188b320__codebebd8b2d__20260711T015842068985Z,msl_ncam_nlb_453780853edr_f0320478ncam00281m1,test_msl,bedrock,iou,,0,0,187378
unet__scratch__resnet34__in_rover__seed1414__gpu_full__39bfa6f5__gitc188b320__codebebd8b2d__20260711T015842068985Z,msl_ncam_nlb_453780853edr_f0320478ncam00281m1,test_msl,sand,iou,,0,0,187378
unet__scratch__resnet34__in_rover__seed1414__gpu_full__39bfa6f5__gitc188b320__codebebd8b2d__20260711T015842068985Z,msl_ncam_nlb_453780853edr_f0320478ncam00281m1,test_msl,big_rock,iou,0.6923076923076923,369,533,187378
unet__scratch__resnet34__in_rover__seed1414__gpu_full__39bfa6f5__gitc188b320__codebebd8b2d__20260711T015842068985Z,msl_ncam_nlb_453780853edr_f0320478ncam00281m1,test_msl,ALL,pixel_acc,0.9991247638463426,0,0,187378
unet__scratch__resnet34__in_rover__seed1414__gpu_full__39bfa6f5__gitc188b320__codebebd8b2d__20260711T015842068985Z,msl_ncam_nlb_453780853edr_f0320478ncam00281m1,test_msl,ALL,boundary_f1,0.9229584400532826,0,0,187378
unet__scratch__resnet34__in_rover__seed1414__gpu_full__39bfa6f5__gitc188b320__codebebd8b2d__20260711T015842068985Z,msl_ncam_nlb_453781520edr_f0320478ncam00282m1,test_msl,soil,iou,1.0,44638,44638,44638
unet__scratch__resnet34__in_rover__seed1414__gpu_full__39bfa6f5__gitc188b320__codebebd8b2d__20260711T015842068985Z,msl_ncam_nlb_453781520edr_f0320478ncam00282m1,test_msl,bedrock,iou,,0,0,44638
unet__scratch__resnet34__in_rover__seed1414__gpu_full__39bfa6f5__gitc188b320__codebebd8b2d__20260711T015842068985Z,msl_ncam_nlb_453781520edr_f0320478ncam00282m1,test_msl,sand,iou,,0,0,44638
unet__scratch__resnet34__in_rover__seed1414__gpu_full__39bfa6f5__gitc188b320__codebebd8b2d__20260711T015842068985Z,msl_ncam_nlb_453781520edr_f0320478ncam00282m1,test_msl,big_rock,iou,,0,0,44638
unet__scratch__resnet34__in_rover__seed1414__gpu_full__39bfa6f5__gitc188b320__codebebd8b2d__20260711T015842068985Z,msl_ncam_nlb_453781520edr_f0320478ncam00282m1,test_msl,ALL,pixel_acc,1.0,0,0,44638
unet__scratch__resnet34__in_rover__seed1414__gpu_full__39bfa6f5__gitc188b320__codebebd8b2d__20260711T015842068985Z,msl_ncam_nlb_453781520edr_f0320478ncam00282m1,test_msl,ALL,boundary_f1,1.0,0,0,44638
unet__scratch__resnet34__in_rover__seed1414__gpu_full__39bfa6f5__gitc188b320__codebebd8b2d__20260711T015842068985Z,msl_ncam_nlb_453781583edr_f0320478ncam00282m1,test_msl,soil,iou,,0,0,0
unet__scratch__resnet34__in_rover__seed1414__gpu_full__39bfa6f5__gitc188b320__codebebd8b2d__20260711T015842068985Z,msl_ncam_nlb_453781583edr_f0320478ncam00282m1,test_msl,bedrock,iou,,0,0,0
unet__scratch__resnet34__in_rover__seed1414__gpu_full__39bfa6f5__gitc188b320__codebebd8b2d__20260711T015842068985Z,msl_ncam_nlb_453781583edr_f0320478ncam00282m1,test_msl,sand,iou,,0,0,0
unet__scratch__resnet34__in_rover__seed1414__gpu_full__39bfa6f5__gitc188b320__codebebd8b2d__20260711T015842068985Z,msl_ncam_nlb_453781583edr_f0320478ncam00282m1,test_msl,big_rock,iou,,0,0,0
unet__scratch__resnet34__in_rover__seed1414__gpu_full__39bfa6f5__gitc188b320__codebebd8b2d__20260711T015842068985Z,msl_ncam_nlb_453781583edr_f0320478ncam00282m1,test_msl,ALL,pixel_acc,,0,0,0
unet__scratch__resnet34__in_rover__seed1414__gpu_full__39bfa6f5__gitc188b320__codebebd8b2d__20260711T015842068985Z,msl_ncam_nlb_453781583edr_f0320478ncam00282m1,test_msl,ALL,boundary_f1,,0,0,0
unet__scratch__resnet34__in_rover__seed1414__gpu_full__39bfa6f5__gitc188b320__codebebd8b2d__20260711T015842068985Z,msl_ncam_nlb_453781647edr_f0320478ncam00282m1,test_msl,soil,iou,1.0,198856,198856,198856
unet__scratch__resnet34__in_rover__seed1414__gpu_full__39bfa6f5__gitc188b320__codebebd8b2d__20260711T015842068985Z,msl_ncam_nlb_453781647edr_f0320478ncam00282m1,test_msl,bedrock,iou,,0,0,198856
unet__scratch__resnet34__in_rover__seed1414__gpu_full__39bfa6f5__gitc188b320__codebebd8b2d__20260711T015842068985Z,msl_ncam_nlb_453781647edr_f0320478ncam00282m1,test_msl,sand,iou,,0,0,198856
unet__scratch__resnet34__in_rover__seed1414__gpu_full__39bfa6f5__gitc188b320__codebebd8b2d__20260711T015842068985Z,msl_ncam_nlb_453781647edr_f0320478ncam00282m1,test_msl,big_rock,iou,,0,0,198856
unet__scratch__resnet34__in_rover__seed1414__gpu_full__39bfa6f5__gitc188b320__codebebd8b2d__20260711T015842068985Z,msl_ncam_nlb_453781647edr_f0320478ncam00282m1,test_msl,ALL,pixel_acc,1.0,0,0,198856
unet__scratch__resnet34__in_rover__seed1414__gpu_full__39bfa6f5__gitc188b320__codebebd8b2d__20260711T015842068985Z,msl_ncam_nlb_453781647edr_f0320478ncam00282m1,test_msl,ALL,boundary_f1,1.0,0,0,198856
unet__scratch__resnet34__in_rover__seed1414__gpu_full__39bfa6f5__gitc188b320__codebebd8b2d__20260711T015842068985Z,msl_ncam_nlb_454576834edr_f0330660ncam00291m1,test_msl,soil,iou,1.0,96212,96212,96212
unet__scratch__resnet34__in_rover__seed1414__gpu_full__39bfa6f5__gitc188b320__codebebd8b2d__20260711T015842068985Z,msl_ncam_nlb_454576834edr_f0330660ncam00291m1,test_msl,bedrock,iou,,0,0,96212
unet__scratch__resnet34__in_rover__seed1414__gpu_full__39bfa6f5__gitc188b320__codebebd8b2d__20260711T015842068985Z,msl_ncam_nlb_454576834edr_f0330660ncam00291m1,test_msl,sand,iou,,0,0,96212
unet__scratch__resnet34__in_rover__seed1414__gpu_full__39bfa6f5__gitc188b320__codebebd8b2d__20260711T015842068985Z,msl_ncam_nlb_454576834edr_f0330660ncam00291m1,test_msl,big_rock,iou,,0,0,96212
unet__scratch__resnet34__in_rover__seed1414__gpu_full__39bfa6f5__gitc188b320__codebebd8b2d__20260711T015842068985Z,msl_ncam_nlb_454576834edr_f0330660ncam00291m1,test_msl,ALL,pixel_acc,1.0,0,0,96212
unet__scratch__resnet34__in_rover__seed1414__gpu_full__39bfa6f5__gitc188b320__codebebd8b2d__20260711T015842068985Z,msl_ncam_nlb_454576834edr_f0330660ncam00291m1,test_msl,ALL,boundary_f1,1.0,0,0,96212
unet__scratch__resnet34__in_rover__seed1414__gpu_full__39bfa6f5__gitc188b320__codebebd8b2d__20260711T015842068985Z,msl_ncam_nlb_454577689edr_f0330660ncam00350m1,test_msl,soil,iou,1.0,220994,220994,220994
unet__scratch__resnet34__in_rover__seed1414__gpu_full__39bfa6f5__gitc188b320__codebebd8b2d__20260711T015842068985Z,msl_ncam_nlb_454577689edr_f0330660ncam00350m1,test_msl,bedrock,iou,,0,0,220994
unet__scratch__resnet34__in_rover__seed1414__gpu_full__39bfa6f5__gitc188b320__codebebd8b2d__20260711T015842068985Z,msl_ncam_nlb_454577689edr_f0330660ncam00350m1,test_msl,sand,iou,,0,0,220994
unet__scratch__resnet34__in_rover__seed1414__gpu_full__39bfa6f5__gitc188b320__codebebd8b2d__20260711T015842068985Z,msl_ncam_nlb_454577689edr_f0330660ncam00350m1,test_msl,big_rock,iou,,0,0,220994
unet__scratch__resnet34__in_rover__seed1414__gpu_full__39bfa6f5__gitc188b320__codebebd8b2d__20260711T015842068985Z,msl_ncam_nlb_454577689edr_f0330660ncam00350m1,test_msl,ALL,pixel_acc,1.0,0,0,220994
unet__scratch__resnet34__in_rover__seed1414__gpu_full__39bfa6f5__gitc188b320__codebebd8b2d__20260711T015842068985Z,msl_ncam_nlb_454577689edr_f0330660ncam00350m1,test_msl,ALL,boundary_f1,1.0,0,0,220994
unet__scratch__resnet34__in_rover__seed1414__gpu_full__39bfa6f5__gitc188b320__codebebd8b2d__20260711T015842068985Z,msl_ncam_nlb_454577808edr_f0330660ncam00350m1,test_msl,soil,iou,1.0,149819,149819,149819
unet__scratch__resnet34__in_rover__seed1414__gpu_full__39bfa6f5__gitc188b320__codebebd8b2d__20260711T015842068985Z,msl_ncam_nlb_454577808edr_f0330660ncam00350m1,test_msl,bedrock,iou,,0,0,149819
unet__scratch__resnet34__in_rover__seed1414__gpu_full__39bfa6f5__gitc188b320__codebebd8b2d__20260711T015842068985Z,msl_ncam_nlb_454577808edr_f0330660ncam00350m1,test_msl,sand,iou,,0,0,149819
unet__scratch__resnet34__in_rover__seed1414__gpu_full__39bfa6f5__gitc188b320__codebebd8b2d__20260711T015842068985Z,msl_ncam_nlb_454577808edr_f0330660ncam00350m1,test_msl,big_rock,iou,,0,0,149819
unet__scratch__resnet34__in_rover__seed1414__gpu_full__39bfa6f5__gitc188b320__codebebd8b2d__20260711T015842068985Z,msl_ncam_nlb_454577808edr_f0330660ncam00350m1,test_msl,ALL,pixel_acc,1.0,0,0,149819
unet__scratch__resnet34__in_rover__seed1414__gpu_full__39bfa6f5__gitc188b320__codebebd8b2d__20260711T015842068985Z,msl_ncam_nlb_454577808edr_f0330660ncam00350m1,test_msl,ALL,boundary_f1,1.0,0,0,149819
unet__scratch__resnet34__in_rover__seed1414__gpu_full__39bfa6f5__gitc188b320__codebebd8b2d__20260711T015842068985Z,msl_ncam_nlb_454577843edr_f0330660ncam00292m1,test_msl,soil,iou,1.0,190037,190037,190037
unet__scratch__resnet34__in_rover__seed1414__gpu_full__39bfa6f5__gitc188b320__codebebd8b2d__20260711T015842068985Z,msl_ncam_nlb_454577843edr_f0330660ncam00292m1,test_msl,bedrock,iou,,0,0,190037
unet__scratch__resnet34__in_rover__seed1414__gpu_full__39bfa6f5__gitc188b320__codebebd8b2d__20260711T015842068985Z,msl_ncam_nlb_454577843edr_f0330660ncam00292m1,test_msl,sand,iou,,0,0,190037
unet__scratch__resnet34__in_rover__seed1414__gpu_full__39bfa6f5__gitc188b320__codebebd8b2d__20260711T015842068985Z,msl_ncam_nlb_454577843edr_f0330660ncam00292m1,test_msl,big_rock,iou,,0,0,190037
unet__scratch__resnet34__in_rover__seed1414__gpu_full__39bfa6f5__gitc188b320__codebebd8b2d__20260711T015842068985Z,msl_ncam_nlb_454577843edr_f0330660ncam00292m1,test_msl,ALL,pixel_acc,1.0,0,0,190037
unet__scratch__resnet34__in_rover__seed1414__gpu_full__39bfa6f5__gitc188b320__codebebd8b2d__20260711T015842068985Z,msl_ncam_nlb_454577843edr_f0330660ncam00292m1,test_msl,ALL,boundary_f1,1.0,0,0,190037
unet__scratch__resnet34__in_rover__seed1414__gpu_full__39bfa6f5__gitc188b320__codebebd8b2d__20260711T015842068985Z,msl_ncam_nlb_454577912edr_f0330660ncam00292m1,test_msl,soil,iou,1.0,152116,152116,152116
unet__scratch__resnet34__in_rover__seed1414__gpu_full__39bfa6f5__gitc188b320__codebebd8b2d__20260711T015842068985Z,msl_ncam_nlb_454577912edr_f0330660ncam00292m1,test_msl,bedrock,iou,,0,0,152116
unet__scratch__resnet34__in_rover__seed1414__gpu_full__39bfa6f5__gitc188b320__codebebd8b2d__20260711T015842068985Z,msl_ncam_nlb_454577912edr_f0330660ncam00292m1,test_msl,sand,iou,,0,0,152116
unet__scratch__resnet34__in_rover__seed1414__gpu_full__39bfa6f5__gitc188b320__codebebd8b2d__20260711T015842068985Z,msl_ncam_nlb_454577912edr_f0330660ncam00292m1,test_msl,big_rock,iou,,0,0,152116
unet__scratch__resnet34__in_rover__seed1414__gpu_full__39bfa6f5__gitc188b320__codebebd8b2d__20260711T015842068985Z,msl_ncam_nlb_454577912edr_f0330660ncam00292m1,test_msl,ALL,pixel_acc,1.0,0,0,152116
unet__scratch__resnet34__in_rover__seed1414__gpu_full__39bfa6f5__gitc188b320__codebebd8b2d__20260711T015842068985Z,msl_ncam_nlb_454577912edr_f0330660ncam00292m1,test_msl,ALL,boundary_f1,1.0,0,0,152116
unet__scratch__resnet34__in_rover__seed1414__gpu_full__39bfa6f5__gitc188b320__codebebd8b2d__20260711T015842068985Z,msl_ncam_nlb_455641497edr_f0340774ncam00251m1,test_msl,soil,iou,1.0,200625,200625,200625
unet__scratch__resnet34__in_rover__seed1414__gpu_full__39bfa6f5__gitc188b320__codebebd8b2d__20260711T015842068985Z,msl_ncam_nlb_455641497edr_f0340774ncam00251m1,test_msl,bedrock,iou,,0,0,200625
unet__scratch__resnet34__in_rover__seed1414__gpu_full__39bfa6f5__gitc188b320__codebebd8b2d__20260711T015842068985Z,msl_ncam_nlb_455641497edr_f0340774ncam00251m1,test_msl,sand,iou,,0,0,200625
unet__scratch__resnet34__in_rover__seed1414__gpu_full__39bfa6f5__gitc188b320__codebebd8b2d__20260711T015842068985Z,msl_ncam_nlb_455641497edr_f0340774ncam00251m1,test_msl,big_rock,iou,,0,0,200625
unet__scratch__resnet34__in_rover__seed1414__gpu_full__39bfa6f5__gitc188b320__codebebd8b2d__20260711T015842068985Z,msl_ncam_nlb_455641497edr_f0340774ncam00251m1,test_msl,ALL,pixel_acc,1.0,0,0,200625
unet__scratch__resnet34__in_rover__seed1414__gpu_full__39bfa6f5__gitc188b320__codebebd8b2d__20260711T015842068985Z,msl_ncam_nlb_455641497edr_f0340774ncam00251m1,test_msl,ALL,boundary_f1,1.0,0,0,200625
unet__scratch__resnet34__in_rover__seed1414__gpu_full__39bfa6f5__gitc188b320__codebebd8b2d__20260711T015842068985Z,msl_ncam_nlb_455642279edr_f0340774ncam00354m1,test_msl,soil,iou,,0,0,0
unet__scratch__resnet34__in_rover__seed1414__gpu_full__39bfa6f5__gitc188b320__codebebd8b2d__20260711T015842068985Z,msl_ncam_nlb_455642279edr_f0340774ncam00354m1,test_msl,bedrock,iou,,0,0,0
unet__scratch__resnet34__in_rover__seed1414__gpu_full__39bfa6f5__gitc188b320__codebebd8b2d__20260711T015842068985Z,msl_ncam_nlb_455642279edr_f0340774ncam00354m1,test_msl,sand,iou,,0,0,0
unet__scratch__resnet34__in_rover__seed1414__gpu_full__39bfa6f5__gitc188b320__codebebd8b2d__20260711T015842068985Z,msl_ncam_nlb_455642279edr_f0340774ncam00354m1,test_msl,big_rock,iou,,0,0,0
unet__scratch__resnet34__in_rover__seed1414__gpu_full__39bfa6f5__gitc188b320__codebebd8b2d__20260711T015842068985Z,msl_ncam_nlb_455642279edr_f0340774ncam00354m1,test_msl,ALL,pixel_acc,,0,0,0
unet__scratch__resnet34__in_rover__seed1414__gpu_full__39bfa6f5__gitc188b320__codebebd8b2d__20260711T015842068985Z,msl_ncam_nlb_455642279edr_f0340774ncam00354m1,test_msl,ALL,boundary_f1,,0,0,0
unet__scratch__resnet34__in_rover__seed1414__gpu_full__39bfa6f5__gitc188b320__codebebd8b2d__20260711T015842068985Z,msl_ncam_nlb_455642442edr_f0340774ncam00252m1,test_msl,soil,iou,1.0,411,411,411
unet__scratch__resnet34__in_rover__seed1414__gpu_full__39bfa6f5__gitc188b320__codebebd8b2d__20260711T015842068985Z,msl_ncam_nlb_455642442edr_f0340774ncam00252m1,test_msl,bedrock,iou,,0,0,411
unet__scratch__resnet34__in_rover__seed1414__gpu_full__39bfa6f5__gitc188b320__codebebd8b2d__20260711T015842068985Z,msl_ncam_nlb_455642442edr_f0340774ncam00252m1,test_msl,sand,iou,,0,0,411
unet__scratch__resnet34__in_rover__seed1414__gpu_full__39bfa6f5__gitc188b320__codebebd8b2d__20260711T015842068985Z,msl_ncam_nlb_455642442edr_f0340774ncam00252m1,test_msl,big_rock,iou,,0,0,411
unet__scratch__resnet34__in_rover__seed1414__gpu_full__39bfa6f5__gitc188b320__codebebd8b2d__20260711T015842068985Z,msl_ncam_nlb_455642442edr_f0340774ncam00252m1,test_msl,ALL,pixel_acc,1.0,0,0,411
unet__scratch__resnet34__in_rover__seed1414__gpu_full__39bfa6f5__gitc188b320__codebebd8b2d__20260711T015842068985Z,msl_ncam_nlb_455642442edr_f0340774ncam00252m1,test_msl,ALL,boundary_f1,1.0,0,0,411
unet__scratch__resnet34__in_rover__seed1414__gpu_full__39bfa6f5__gitc188b320__codebebd8b2d__20260711T015842068985Z,msl_ncam_nlb_455642480edr_f0340774ncam00252m1,test_msl,soil,iou,1.0,162032,162032,162032
unet__scratch__resnet34__in_rover__seed1414__gpu_full__39bfa6f5__gitc188b320__codebebd8b2d__20260711T015842068985Z,msl_ncam_nlb_455642480edr_f0340774ncam00252m1,test_msl,bedrock,iou,,0,0,162032
unet__scratch__resnet34__in_rover__seed1414__gpu_full__39bfa6f5__gitc188b320__codebebd8b2d__20260711T015842068985Z,msl_ncam_nlb_455642480edr_f0340774ncam00252m1,test_msl,sand,iou,,0,0,162032
unet__scratch__resnet34__in_rover__seed1414__gpu_full__39bfa6f5__gitc188b320__codebebd8b2d__20260711T015842068985Z,msl_ncam_nlb_455642480edr_f0340774ncam00252m1,test_msl,big_rock,iou,,0,0,162032
unet__scratch__resnet34__in_rover__seed1414__gpu_full__39bfa6f5__gitc188b320__codebebd8b2d__20260711T015842068985Z,msl_ncam_nlb_455642480edr_f0340774ncam00252m1,test_msl,ALL,pixel_acc,1.0,0,0,162032
unet__scratch__resnet34__in_rover__seed1414__gpu_full__39bfa6f5__gitc188b320__codebebd8b2d__20260711T015842068985Z,msl_ncam_nlb_455642480edr_f0340774ncam00252m1,test_msl,ALL,boundary_f1,1.0,0,0,162032
unet__scratch__resnet34__in_rover__seed1414__gpu_full__39bfa6f5__gitc188b320__codebebd8b2d__20260711T015842068985Z,msl_ncam_nlb_455642594edr_f0340774ncam00252m1,test_msl,soil,iou,1.0,59579,59579,59579
unet__scratch__resnet34__in_rover__seed1414__gpu_full__39bfa6f5__gitc188b320__codebebd8b2d__20260711T015842068985Z,msl_ncam_nlb_455642594edr_f0340774ncam00252m1,test_msl,bedrock,iou,,0,0,59579
unet__scratch__resnet34__in_rover__seed1414__gpu_full__39bfa6f5__gitc188b320__codebebd8b2d__20260711T015842068985Z,msl_ncam_nlb_455642594edr_f0340774ncam00252m1,test_msl,sand,iou,,0,0,59579
unet__scratch__resnet34__in_rover__seed1414__gpu_full__39bfa6f5__gitc188b320__codebebd8b2d__20260711T015842068985Z,msl_ncam_nlb_455642594edr_f0340774ncam00252m1,test_msl,big_rock,iou,,0,0,59579
unet__scratch__resnet34__in_rover__seed1414__gpu_full__39bfa6f5__gitc188b320__codebebd8b2d__20260711T015842068985Z,msl_ncam_nlb_455642594edr_f0340774ncam00252m1,test_msl,ALL,pixel_acc,1.0,0,0,59579
unet__scratch__resnet34__in_rover__seed1414__gpu_full__39bfa6f5__gitc188b320__codebebd8b2d__20260711T015842068985Z,msl_ncam_nlb_455642594edr_f0340774ncam00252m1,test_msl,ALL,boundary_f1,1.0,0,0,59579
unet__scratch__resnet34__in_rover__seed1414__gpu_full__39bfa6f5__gitc188b320__codebebd8b2d__20260711T015842068985Z,msl_ncam_nlb_457064543edr_f0371542ncam00273m1,test_msl,soil,iou,0.9775865107808002,66558,68084,68123
unet__scratch__resnet34__in_rover__seed1414__gpu_full__39bfa6f5__gitc188b320__codebebd8b2d__20260711T015842068985Z,msl_ncam_nlb_457064543edr_f0371542ncam00273m1,test_msl,bedrock,iou,,0,0,68123
unet__scratch__resnet34__in_rover__seed1414__gpu_full__39bfa6f5__gitc188b320__codebebd8b2d__20260711T015842068985Z,msl_ncam_nlb_457064543edr_f0371542ncam00273m1,test_msl,sand,iou,0.024920127795527155,39,1565,68123
unet__scratch__resnet34__in_rover__seed1414__gpu_full__39bfa6f5__gitc188b320__codebebd8b2d__20260711T015842068985Z,msl_ncam_nlb_457064543edr_f0371542ncam00273m1,test_msl,big_rock,iou,,0,0,68123
unet__scratch__resnet34__in_rover__seed1414__gpu_full__39bfa6f5__gitc188b320__codebebd8b2d__20260711T015842068985Z,msl_ncam_nlb_457064543edr_f0371542ncam00273m1,test_msl,ALL,pixel_acc,0.9775993423660144,0,0,68123
unet__scratch__resnet34__in_rover__seed1414__gpu_full__39bfa6f5__gitc188b320__codebebd8b2d__20260711T015842068985Z,msl_ncam_nlb_457064543edr_f0371542ncam00273m1,test_msl,ALL,boundary_f1,0.5468444690781283,0,0,68123
unet__scratch__resnet34__in_rover__seed1414__gpu_full__39bfa6f5__gitc188b320__codebebd8b2d__20260711T015842068985Z,msl_ncam_nlb_457064954edr_f0371542ncam00354m1,test_msl,soil,iou,,0,0,0
unet__scratch__resnet34__in_rover__seed1414__gpu_full__39bfa6f5__gitc188b320__codebebd8b2d__20260711T015842068985Z,msl_ncam_nlb_457064954edr_f0371542ncam00354m1,test_msl,bedrock,iou,,0,0,0
unet__scratch__resnet34__in_rover__seed1414__gpu_full__39bfa6f5__gitc188b320__codebebd8b2d__20260711T015842068985Z,msl_ncam_nlb_457064954edr_f0371542ncam00354m1,test_msl,sand,iou,,0,0,0
unet__scratch__resnet34__in_rover__seed1414__gpu_full__39bfa6f5__gitc188b320__codebebd8b2d__20260711T015842068985Z,msl_ncam_nlb_457064954edr_f0371542ncam00354m1,test_msl,big_rock,iou,,0,0,0
unet__scratch__resnet34__in_rover__seed1414__gpu_full__39bfa6f5__gitc188b320__codebebd8b2d__20260711T015842068985Z,msl_ncam_nlb_457064954edr_f0371542ncam00354m1,test_msl,ALL,pixel_acc,,0,0,0
unet__scratch__resnet34__in_rover__seed1414__gpu_full__39bfa6f5__gitc188b320__codebebd8b2d__20260711T015842068985Z,msl_ncam_nlb_457064954edr_f0371542ncam00354m1,test_msl,ALL,boundary_f1,,0,0,0
unet__scratch__resnet34__in_rover__seed1414__gpu_full__39bfa6f5__gitc188b320__codebebd8b2d__20260711T015842068985Z,msl_ncam_nlb_457065016edr_f0371542ncam00354m1,test_msl,soil,iou,1.0,169467,169467,169467
unet__scratch__resnet34__in_rover__seed1414__gpu_full__39bfa6f5__gitc188b320__codebebd8b2d__20260711T015842068985Z,msl_ncam_nlb_457065016edr_f0371542ncam00354m1,test_msl,bedrock,iou,,0,0,169467
unet__scratch__resnet34__in_rover__seed1414__gpu_full__39bfa6f5__gitc188b320__codebebd8b2d__20260711T015842068985Z,msl_ncam_nlb_457065016edr_f0371542ncam00354m1,test_msl,sand,iou,,0,0,169467
unet__scratch__resnet34__in_rover__seed1414__gpu_full__39bfa6f5__gitc188b320__codebebd8b2d__20260711T015842068985Z,msl_ncam_nlb_457065016edr_f0371542ncam00354m1,test_msl,big_rock,iou,,0,0,169467
unet__scratch__resnet34__in_rover__seed1414__gpu_full__39bfa6f5__gitc188b320__codebebd8b2d__20260711T015842068985Z,msl_ncam_nlb_457065016edr_f0371542ncam00354m1,test_msl,ALL,pixel_acc,1.0,0,0,169467
unet__scratch__resnet34__in_rover__seed1414__gpu_full__39bfa6f5__gitc188b320__codebebd8b2d__20260711T015842068985Z,msl_ncam_nlb_457065016edr_f0371542ncam00354m1,test_msl,ALL,boundary_f1,1.0,0,0,169467
unet__scratch__resnet34__in_rover__seed1414__gpu_full__39bfa6f5__gitc188b320__codebebd8b2d__20260711T015842068985Z,msl_ncam_nlb_457065086edr_f0371542ncam00354m1,test_msl,soil,iou,0.9788929112750686,78146,79831,79831
unet__scratch__resnet34__in_rover__seed1414__gpu_full__39bfa6f5__gitc188b320__codebebd8b2d__20260711T015842068985Z,msl_ncam_nlb_457065086edr_f0371542ncam00354m1,test_msl,bedrock,iou,,0,0,79831
unet__scratch__resnet34__in_rover__seed1414__gpu_full__39bfa6f5__gitc188b320__codebebd8b2d__20260711T015842068985Z,msl_ncam_nlb_457065086edr_f0371542ncam00354m1,test_msl,sand,iou,0.0,0,1685,79831
unet__scratch__resnet34__in_rover__seed1414__gpu_full__39bfa6f5__gitc188b320__codebebd8b2d__20260711T015842068985Z,msl_ncam_nlb_457065086edr_f0371542ncam00354m1,test_msl,big_rock,iou,,0,0,79831
unet__scratch__resnet34__in_rover__seed1414__gpu_full__39bfa6f5__gitc188b320__codebebd8b2d__20260711T015842068985Z,msl_ncam_nlb_457065086edr_f0371542ncam00354m1,test_msl,ALL,pixel_acc,0.9788929112750686,0,0,79831
unet__scratch__resnet34__in_rover__seed1414__gpu_full__39bfa6f5__gitc188b320__codebebd8b2d__20260711T015842068985Z,msl_ncam_nlb_457065086edr_f0371542ncam00354m1,test_msl,ALL,boundary_f1,0.46907993966817496,0,0,79831
unet__scratch__resnet34__in_rover__seed1414__gpu_full__39bfa6f5__gitc188b320__codebebd8b2d__20260711T015842068985Z,msl_ncam_nlb_457072541edr_f0371542ncam00274m1,test_msl,soil,iou,1.0,53194,53194,53194
unet__scratch__resnet34__in_rover__seed1414__gpu_full__39bfa6f5__gitc188b320__codebebd8b2d__20260711T015842068985Z,msl_ncam_nlb_457072541edr_f0371542ncam00274m1,test_msl,bedrock,iou,,0,0,53194
unet__scratch__resnet34__in_rover__seed1414__gpu_full__39bfa6f5__gitc188b320__codebebd8b2d__20260711T015842068985Z,msl_ncam_nlb_457072541edr_f0371542ncam00274m1,test_msl,sand,iou,,0,0,53194
unet__scratch__resnet34__in_rover__seed1414__gpu_full__39bfa6f5__gitc188b320__codebebd8b2d__20260711T015842068985Z,msl_ncam_nlb_457072541edr_f0371542ncam00274m1,test_msl,big_rock,iou,,0,0,53194
unet__scratch__resnet34__in_rover__seed1414__gpu_full__39bfa6f5__gitc188b320__codebebd8b2d__20260711T015842068985Z,msl_ncam_nlb_457072541edr_f0371542ncam00274m1,test_msl,ALL,pixel_acc,1.0,0,0,53194
unet__scratch__resnet34__in_rover__seed1414__gpu_full__39bfa6f5__gitc188b320__codebebd8b2d__20260711T015842068985Z,msl_ncam_nlb_457072541edr_f0371542ncam00274m1,test_msl,ALL,boundary_f1,1.0,0,0,53194
unet__scratch__resnet34__in_rover__seed1414__gpu_full__39bfa6f5__gitc188b320__codebebd8b2d__20260711T015842068985Z,msl_ncam_nlb_457072755edr_f0371542ncam00274m1,test_msl,soil,iou,1.0,71012,71012,71012
unet__scratch__resnet34__in_rover__seed1414__gpu_full__39bfa6f5__gitc188b320__codebebd8b2d__20260711T015842068985Z,msl_ncam_nlb_457072755edr_f0371542ncam00274m1,test_msl,bedrock,iou,,0,0,71012
unet__scratch__resnet34__in_rover__seed1414__gpu_full__39bfa6f5__gitc188b320__codebebd8b2d__20260711T015842068985Z,msl_ncam_nlb_457072755edr_f0371542ncam00274m1,test_msl,sand,iou,,0,0,71012
unet__scratch__resnet34__in_rover__seed1414__gpu_full__39bfa6f5__gitc188b320__codebebd8b2d__20260711T015842068985Z,msl_ncam_nlb_457072755edr_f0371542ncam00274m1,test_msl,big_rock,iou,,0,0,71012
unet__scratch__resnet34__in_rover__seed1414__gpu_full__39bfa6f5__gitc188b320__codebebd8b2d__20260711T015842068985Z,msl_ncam_nlb_457072755edr_f0371542ncam00274m1,test_msl,ALL,pixel_acc,1.0,0,0,71012
unet__scratch__resnet34__in_rover__seed1414__gpu_full__39bfa6f5__gitc188b320__codebebd8b2d__20260711T015842068985Z,msl_ncam_nlb_457072755edr_f0371542ncam00274m1,test_msl,ALL,boundary_f1,1.0,0,0,71012
unet__scratch__resnet34__in_rover__seed1414__gpu_full__39bfa6f5__gitc188b320__codebebd8b2d__20260711T015842068985Z,msl_ncam_nlb_457152468edr_f0380000ncam00346m1,test_msl,soil,iou,,0,0,89859
unet__scratch__resnet34__in_rover__seed1414__gpu_full__39bfa6f5__gitc188b320__codebebd8b2d__20260711T015842068985Z,msl_ncam_nlb_457152468edr_f0380000ncam00346m1,test_msl,bedrock,iou,,0,0,89859
unet__scratch__resnet34__in_rover__seed1414__gpu_full__39bfa6f5__gitc188b320__codebebd8b2d__20260711T015842068985Z,msl_ncam_nlb_457152468edr_f0380000ncam00346m1,test_msl,sand,iou,1.0,89859,89859,89859
unet__scratch__resnet34__in_rover__seed1414__gpu_full__39bfa6f5__gitc188b320__codebebd8b2d__20260711T015842068985Z,msl_ncam_nlb_457152468edr_f0380000ncam00346m1,test_msl,big_rock,iou,,0,0,89859
unet__scratch__resnet34__in_rover__seed1414__gpu_full__39bfa6f5__gitc188b320__codebebd8b2d__20260711T015842068985Z,msl_ncam_nlb_457152468edr_f0380000ncam00346m1,test_msl,ALL,pixel_acc,1.0,0,0,89859
unet__scratch__resnet34__in_rover__seed1414__gpu_full__39bfa6f5__gitc188b320__codebebd8b2d__20260711T015842068985Z,msl_ncam_nlb_457152468edr_f0380000ncam00346m1,test_msl,ALL,boundary_f1,1.0,0,0,89859
unet__scratch__resnet34__in_rover__seed1414__gpu_full__39bfa6f5__gitc188b320__codebebd8b2d__20260711T015842068985Z,msl_ncam_nlb_457152554edr_f0380000ncam00275m1,test_msl,soil,iou,0.9817957166392092,11919,12140,177280
unet__scratch__resnet34__in_rover__seed1414__gpu_full__39bfa6f5__gitc188b320__codebebd8b2d__20260711T015842068985Z,msl_ncam_nlb_457152554edr_f0380000ncam00275m1,test_msl,bedrock,iou,,0,0,177280
unet__scratch__resnet34__in_rover__seed1414__gpu_full__39bfa6f5__gitc188b320__codebebd8b2d__20260711T015842068985Z,msl_ncam_nlb_457152554edr_f0380000ncam00275m1,test_msl,sand,iou,0.9986635300947624,165140,165361,177280
unet__scratch__resnet34__in_rover__seed1414__gpu_full__39bfa6f5__gitc188b320__codebebd8b2d__20260711T015842068985Z,msl_ncam_nlb_457152554edr_f0380000ncam00275m1,test_msl,big_rock,iou,,0,0,177280
unet__scratch__resnet34__in_rover__seed1414__gpu_full__39bfa6f5__gitc188b320__codebebd8b2d__20260711T015842068985Z,msl_ncam_nlb_457152554edr_f0380000ncam00275m1,test_msl,ALL,pixel_acc,0.9987533844765343,0,0,177280
unet__scratch__resnet34__in_rover__seed1414__gpu_full__39bfa6f5__gitc188b320__codebebd8b2d__20260711T015842068985Z,msl_ncam_nlb_457152554edr_f0380000ncam00275m1,test_msl,ALL,boundary_f1,0.966594615838082,0,0,177280
unet__scratch__resnet34__in_rover__seed1414__gpu_full__39bfa6f5__gitc188b320__codebebd8b2d__20260711T015842068985Z,msl_ncam_nlb_457153024edr_f0380000ncam00354m1,test_msl,soil,iou,,0,0,103858
unet__scratch__resnet34__in_rover__seed1414__gpu_full__39bfa6f5__gitc188b320__codebebd8b2d__20260711T015842068985Z,msl_ncam_nlb_457153024edr_f0380000ncam00354m1,test_msl,bedrock,iou,,0,0,103858
unet__scratch__resnet34__in_rover__seed1414__gpu_full__39bfa6f5__gitc188b320__codebebd8b2d__20260711T015842068985Z,msl_ncam_nlb_457153024edr_f0380000ncam00354m1,test_msl,sand,iou,1.0,103858,103858,103858
unet__scratch__resnet34__in_rover__seed1414__gpu_full__39bfa6f5__gitc188b320__codebebd8b2d__20260711T015842068985Z,msl_ncam_nlb_457153024edr_f0380000ncam00354m1,test_msl,big_rock,iou,,0,0,103858
unet__scratch__resnet34__in_rover__seed1414__gpu_full__39bfa6f5__gitc188b320__codebebd8b2d__20260711T015842068985Z,msl_ncam_nlb_457153024edr_f0380000ncam00354m1,test_msl,ALL,pixel_acc,1.0,0,0,103858
unet__scratch__resnet34__in_rover__seed1414__gpu_full__39bfa6f5__gitc188b320__codebebd8b2d__20260711T015842068985Z,msl_ncam_nlb_457153024edr_f0380000ncam00354m1,test_msl,ALL,boundary_f1,1.0,0,0,103858
unet__scratch__resnet34__in_rover__seed1414__gpu_full__39bfa6f5__gitc188b320__codebebd8b2d__20260711T015842068985Z,msl_ncam_nlb_457153056edr_f0380000ncam00354m1,test_msl,soil,iou,,0,0,167988
unet__scratch__resnet34__in_rover__seed1414__gpu_full__39bfa6f5__gitc188b320__codebebd8b2d__20260711T015842068985Z,msl_ncam_nlb_457153056edr_f0380000ncam00354m1,test_msl,bedrock,iou,,0,0,167988
unet__scratch__resnet34__in_rover__seed1414__gpu_full__39bfa6f5__gitc188b320__codebebd8b2d__20260711T015842068985Z,msl_ncam_nlb_457153056edr_f0380000ncam00354m1,test_msl,sand,iou,1.0,167988,167988,167988
unet__scratch__resnet34__in_rover__seed1414__gpu_full__39bfa6f5__gitc188b320__codebebd8b2d__20260711T015842068985Z,msl_ncam_nlb_457153056edr_f0380000ncam00354m1,test_msl,big_rock,iou,,0,0,167988
unet__scratch__resnet34__in_rover__seed1414__gpu_full__39bfa6f5__gitc188b320__codebebd8b2d__20260711T015842068985Z,msl_ncam_nlb_457153056edr_f0380000ncam00354m1,test_msl,ALL,pixel_acc,1.0,0,0,167988
unet__scratch__resnet34__in_rover__seed1414__gpu_full__39bfa6f5__gitc188b320__codebebd8b2d__20260711T015842068985Z,msl_ncam_nlb_457153056edr_f0380000ncam00354m1,test_msl,ALL,boundary_f1,1.0,0,0,167988
unet__scratch__resnet34__in_rover__seed1414__gpu_full__39bfa6f5__gitc188b320__codebebd8b2d__20260711T015842068985Z,msl_ncam_nlb_457153156edr_f0380000ncam00354m1,test_msl,soil,iou,,0,0,119229
unet__scratch__resnet34__in_rover__seed1414__gpu_full__39bfa6f5__gitc188b320__codebebd8b2d__20260711T015842068985Z,msl_ncam_nlb_457153156edr_f0380000ncam00354m1,test_msl,bedrock,iou,,0,0,119229
unet__scratch__resnet34__in_rover__seed1414__gpu_full__39bfa6f5__gitc188b320__codebebd8b2d__20260711T015842068985Z,msl_ncam_nlb_457153156edr_f0380000ncam00354m1,test_msl,sand,iou,1.0,119229,119229,119229
unet__scratch__resnet34__in_rover__seed1414__gpu_full__39bfa6f5__gitc188b320__codebebd8b2d__20260711T015842068985Z,msl_ncam_nlb_457153156edr_f0380000ncam00354m1,test_msl,big_rock,iou,,0,0,119229
unet__scratch__resnet34__in_rover__seed1414__gpu_full__39bfa6f5__gitc188b320__codebebd8b2d__20260711T015842068985Z,msl_ncam_nlb_457153156edr_f0380000ncam00354m1,test_msl,ALL,pixel_acc,1.0,0,0,119229
unet__scratch__resnet34__in_rover__seed1414__gpu_full__39bfa6f5__gitc188b320__codebebd8b2d__20260711T015842068985Z,msl_ncam_nlb_457153156edr_f0380000ncam00354m1,test_msl,ALL,boundary_f1,1.0,0,0,119229
unet__scratch__resnet34__in_rover__seed1414__gpu_full__39bfa6f5__gitc188b320__codebebd8b2d__20260711T015842068985Z,msl_ncam_nlb_457153643edr_f0380000ncam00276m1,test_msl,soil,iou,0.8882982596664968,12199,13733,99398
unet__scratch__resnet34__in_rover__seed1414__gpu_full__39bfa6f5__gitc188b320__codebebd8b2d__20260711T015842068985Z,msl_ncam_nlb_457153643edr_f0380000ncam00276m1,test_msl,bedrock,iou,,0,0,99398
unet__scratch__resnet34__in_rover__seed1414__gpu_full__39bfa6f5__gitc188b320__codebebd8b2d__20260711T015842068985Z,msl_ncam_nlb_457153643edr_f0380000ncam00276m1,test_msl,sand,iou,0.982408055138247,85665,87199,99398
unet__scratch__resnet34__in_rover__seed1414__gpu_full__39bfa6f5__gitc188b320__codebebd8b2d__20260711T015842068985Z,msl_ncam_nlb_457153643edr_f0380000ncam00276m1,test_msl,big_rock,iou,,0,0,99398
unet__scratch__resnet34__in_rover__seed1414__gpu_full__39bfa6f5__gitc188b320__codebebd8b2d__20260711T015842068985Z,msl_ncam_nlb_457153643edr_f0380000ncam00276m1,test_msl,ALL,pixel_acc,0.9845670939053099,0,0,99398
unet__scratch__resnet34__in_rover__seed1414__gpu_full__39bfa6f5__gitc188b320__codebebd8b2d__20260711T015842068985Z,msl_ncam_nlb_457153643edr_f0380000ncam00276m1,test_msl,ALL,boundary_f1,0.8883637948643763,0,0,99398
unet__scratch__resnet34__in_rover__seed1414__gpu_full__39bfa6f5__gitc188b320__codebebd8b2d__20260711T015842068985Z,msl_ncam_nlb_457153706edr_f0380000ncam00276m1,test_msl,soil,iou,0.8059592492514424,11036,13693,108607
unet__scratch__resnet34__in_rover__seed1414__gpu_full__39bfa6f5__gitc188b320__codebebd8b2d__20260711T015842068985Z,msl_ncam_nlb_457153706edr_f0380000ncam00276m1,test_msl,bedrock,iou,,0,0,108607
unet__scratch__resnet34__in_rover__seed1414__gpu_full__39bfa6f5__gitc188b320__codebebd8b2d__20260711T015842068985Z,msl_ncam_nlb_457153706edr_f0380000ncam00276m1,test_msl,sand,iou,0.9727685480316898,94914,97571,108607
unet__scratch__resnet34__in_rover__seed1414__gpu_full__39bfa6f5__gitc188b320__codebebd8b2d__20260711T015842068985Z,msl_ncam_nlb_457153706edr_f0380000ncam00276m1,test_msl,big_rock,iou,,0,0,108607
unet__scratch__resnet34__in_rover__seed1414__gpu_full__39bfa6f5__gitc188b320__codebebd8b2d__20260711T015842068985Z,msl_ncam_nlb_457153706edr_f0380000ncam00276m1,test_msl,ALL,pixel_acc,0.9755356468735901,0,0,108607
unet__scratch__resnet34__in_rover__seed1414__gpu_full__39bfa6f5__gitc188b320__codebebd8b2d__20260711T015842068985Z,msl_ncam_nlb_457153706edr_f0380000ncam00276m1,test_msl,ALL,boundary_f1,0.8397245486009077,0,0,108607
unet__scratch__resnet34__in_rover__seed1414__gpu_full__39bfa6f5__gitc188b320__codebebd8b2d__20260711T015842068985Z,msl_ncam_nlb_459278092edr_f0391396ncam00207m1,test_msl,soil,iou,,0,0,0
unet__scratch__resnet34__in_rover__seed1414__gpu_full__39bfa6f5__gitc188b320__codebebd8b2d__20260711T015842068985Z,msl_ncam_nlb_459278092edr_f0391396ncam00207m1,test_msl,bedrock,iou,,0,0,0
unet__scratch__resnet34__in_rover__seed1414__gpu_full__39bfa6f5__gitc188b320__codebebd8b2d__20260711T015842068985Z,msl_ncam_nlb_459278092edr_f0391396ncam00207m1,test_msl,sand,iou,,0,0,0
unet__scratch__resnet34__in_rover__seed1414__gpu_full__39bfa6f5__gitc188b320__codebebd8b2d__20260711T015842068985Z,msl_ncam_nlb_459278092edr_f0391396ncam00207m1,test_msl,big_rock,iou,,0,0,0
unet__scratch__resnet34__in_rover__seed1414__gpu_full__39bfa6f5__gitc188b320__codebebd8b2d__20260711T015842068985Z,msl_ncam_nlb_459278092edr_f0391396ncam00207m1,test_msl,ALL,pixel_acc,,0,0,0
unet__scratch__resnet34__in_rover__seed1414__gpu_full__39bfa6f5__gitc188b320__codebebd8b2d__20260711T015842068985Z,msl_ncam_nlb_459278092edr_f0391396ncam00207m1,test_msl,ALL,boundary_f1,,0,0,0
unet__scratch__resnet34__in_rover__seed1414__gpu_full__39bfa6f5__gitc188b320__codebebd8b2d__20260711T015842068985Z,msl_ncam_nlb_459290932edr_f0391552ncam00354m1,test_msl,soil,iou,1.0,91075,91075,91075
unet__scratch__resnet34__in_rover__seed1414__gpu_full__39bfa6f5__gitc188b320__codebebd8b2d__20260711T015842068985Z,msl_ncam_nlb_459290932edr_f0391552ncam00354m1,test_msl,bedrock,iou,,0,0,91075
unet__scratch__resnet34__in_rover__seed1414__gpu_full__39bfa6f5__gitc188b320__codebebd8b2d__20260711T015842068985Z,msl_ncam_nlb_459290932edr_f0391552ncam00354m1,test_msl,sand,iou,,0,0,91075
unet__scratch__resnet34__in_rover__seed1414__gpu_full__39bfa6f5__gitc188b320__codebebd8b2d__20260711T015842068985Z,msl_ncam_nlb_459290932edr_f0391552ncam00354m1,test_msl,big_rock,iou,,0,0,91075
unet__scratch__resnet34__in_rover__seed1414__gpu_full__39bfa6f5__gitc188b320__codebebd8b2d__20260711T015842068985Z,msl_ncam_nlb_459290932edr_f0391552ncam00354m1,test_msl,ALL,pixel_acc,1.0,0,0,91075
unet__scratch__resnet34__in_rover__seed1414__gpu_full__39bfa6f5__gitc188b320__codebebd8b2d__20260711T015842068985Z,msl_ncam_nlb_459290932edr_f0391552ncam00354m1,test_msl,ALL,boundary_f1,1.0,0,0,91075
unet__scratch__resnet34__in_rover__seed1414__gpu_full__39bfa6f5__gitc188b320__codebebd8b2d__20260711T015842068985Z,msl_ncam_nlb_459291038edr_f0391552ncam00252m1,test_msl,soil,iou,,0,0,0
unet__scratch__resnet34__in_rover__seed1414__gpu_full__39bfa6f5__gitc188b320__codebebd8b2d__20260711T015842068985Z,msl_ncam_nlb_459291038edr_f0391552ncam00252m1,test_msl,bedrock,iou,,0,0,0
unet__scratch__resnet34__in_rover__seed1414__gpu_full__39bfa6f5__gitc188b320__codebebd8b2d__20260711T015842068985Z,msl_ncam_nlb_459291038edr_f0391552ncam00252m1,test_msl,sand,iou,,0,0,0
unet__scratch__resnet34__in_rover__seed1414__gpu_full__39bfa6f5__gitc188b320__codebebd8b2d__20260711T015842068985Z,msl_ncam_nlb_459291038edr_f0391552ncam00252m1,test_msl,big_rock,iou,,0,0,0
unet__scratch__resnet34__in_rover__seed1414__gpu_full__39bfa6f5__gitc188b320__codebebd8b2d__20260711T015842068985Z,msl_ncam_nlb_459291038edr_f0391552ncam00252m1,test_msl,ALL,pixel_acc,,0,0,0
unet__scratch__resnet34__in_rover__seed1414__gpu_full__39bfa6f5__gitc188b320__codebebd8b2d__20260711T015842068985Z,msl_ncam_nlb_459291038edr_f0391552ncam00252m1,test_msl,ALL,boundary_f1,,0,0,0
unet__scratch__resnet34__in_rover__seed1414__gpu_full__39bfa6f5__gitc188b320__codebebd8b2d__20260711T015842068985Z,msl_ncam_nlb_459291152edr_f0391552ncam00252m1,test_msl,soil,iou,1.0,48046,48046,48046
unet__scratch__resnet34__in_rover__seed1414__gpu_full__39bfa6f5__gitc188b320__codebebd8b2d__20260711T015842068985Z,msl_ncam_nlb_459291152edr_f0391552ncam00252m1,test_msl,bedrock,iou,,0,0,48046
unet__scratch__resnet34__in_rover__seed1414__gpu_full__39bfa6f5__gitc188b320__codebebd8b2d__20260711T015842068985Z,msl_ncam_nlb_459291152edr_f0391552ncam00252m1,test_msl,sand,iou,,0,0,48046
unet__scratch__resnet34__in_rover__seed1414__gpu_full__39bfa6f5__gitc188b320__codebebd8b2d__20260711T015842068985Z,msl_ncam_nlb_459291152edr_f0391552ncam00252m1,test_msl,big_rock,iou,,0,0,48046
unet__scratch__resnet34__in_rover__seed1414__gpu_full__39bfa6f5__gitc188b320__codebebd8b2d__20260711T015842068985Z,msl_ncam_nlb_459291152edr_f0391552ncam00252m1,test_msl,ALL,pixel_acc,1.0,0,0,48046
unet__scratch__resnet34__in_rover__seed1414__gpu_full__39bfa6f5__gitc188b320__codebebd8b2d__20260711T015842068985Z,msl_ncam_nlb_459291152edr_f0391552ncam00252m1,test_msl,ALL,boundary_f1,1.0,0,0,48046
unet__scratch__resnet34__in_rover__seed1414__gpu_full__39bfa6f5__gitc188b320__codebebd8b2d__20260711T015842068985Z,msl_ncam_nlb_459291220edr_f0391552ncam00252m1,test_msl,soil,iou,1.0,132596,132596,132596
unet__scratch__resnet34__in_rover__seed1414__gpu_full__39bfa6f5__gitc188b320__codebebd8b2d__20260711T015842068985Z,msl_ncam_nlb_459291220edr_f0391552ncam00252m1,test_msl,bedrock,iou,,0,0,132596
unet__scratch__resnet34__in_rover__seed1414__gpu_full__39bfa6f5__gitc188b320__codebebd8b2d__20260711T015842068985Z,msl_ncam_nlb_459291220edr_f0391552ncam00252m1,test_msl,sand,iou,,0,0,132596
unet__scratch__resnet34__in_rover__seed1414__gpu_full__39bfa6f5__gitc188b320__codebebd8b2d__20260711T015842068985Z,msl_ncam_nlb_459291220edr_f0391552ncam00252m1,test_msl,big_rock,iou,,0,0,132596
unet__scratch__resnet34__in_rover__seed1414__gpu_full__39bfa6f5__gitc188b320__codebebd8b2d__20260711T015842068985Z,msl_ncam_nlb_459291220edr_f0391552ncam00252m1,test_msl,ALL,pixel_acc,1.0,0,0,132596
unet__scratch__resnet34__in_rover__seed1414__gpu_full__39bfa6f5__gitc188b320__codebebd8b2d__20260711T015842068985Z,msl_ncam_nlb_459291220edr_f0391552ncam00252m1,test_msl,ALL,boundary_f1,1.0,0,0,132596
unet__scratch__resnet34__in_rover__seed1414__gpu_full__39bfa6f5__gitc188b320__codebebd8b2d__20260711T015842068985Z,msl_ncam_nlb_462743799edr_f0410322ncam00271m1,test_msl,soil,iou,1.0,49308,49308,49308
unet__scratch__resnet34__in_rover__seed1414__gpu_full__39bfa6f5__gitc188b320__codebebd8b2d__20260711T015842068985Z,msl_ncam_nlb_462743799edr_f0410322ncam00271m1,test_msl,bedrock,iou,,0,0,49308
unet__scratch__resnet34__in_rover__seed1414__gpu_full__39bfa6f5__gitc188b320__codebebd8b2d__20260711T015842068985Z,msl_ncam_nlb_462743799edr_f0410322ncam00271m1,test_msl,sand,iou,,0,0,49308
unet__scratch__resnet34__in_rover__seed1414__gpu_full__39bfa6f5__gitc188b320__codebebd8b2d__20260711T015842068985Z,msl_ncam_nlb_462743799edr_f0410322ncam00271m1,test_msl,big_rock,iou,,0,0,49308
unet__scratch__resnet34__in_rover__seed1414__gpu_full__39bfa6f5__gitc188b320__codebebd8b2d__20260711T015842068985Z,msl_ncam_nlb_462743799edr_f0410322ncam00271m1,test_msl,ALL,pixel_acc,1.0,0,0,49308
unet__scratch__resnet34__in_rover__seed1414__gpu_full__39bfa6f5__gitc188b320__codebebd8b2d__20260711T015842068985Z,msl_ncam_nlb_462743799edr_f0410322ncam00271m1,test_msl,ALL,boundary_f1,1.0,0,0,49308
unet__scratch__resnet34__in_rover__seed1414__gpu_full__39bfa6f5__gitc188b320__codebebd8b2d__20260711T015842068985Z,msl_ncam_nlb_462744768edr_f0410322ncam00354m1,test_msl,soil,iou,,0,0,0
unet__scratch__resnet34__in_rover__seed1414__gpu_full__39bfa6f5__gitc188b320__codebebd8b2d__20260711T015842068985Z,msl_ncam_nlb_462744768edr_f0410322ncam00354m1,test_msl,bedrock,iou,,0,0,0
unet__scratch__resnet34__in_rover__seed1414__gpu_full__39bfa6f5__gitc188b320__codebebd8b2d__20260711T015842068985Z,msl_ncam_nlb_462744768edr_f0410322ncam00354m1,test_msl,sand,iou,,0,0,0
unet__scratch__resnet34__in_rover__seed1414__gpu_full__39bfa6f5__gitc188b320__codebebd8b2d__20260711T015842068985Z,msl_ncam_nlb_462744768edr_f0410322ncam00354m1,test_msl,big_rock,iou,,0,0,0
unet__scratch__resnet34__in_rover__seed1414__gpu_full__39bfa6f5__gitc188b320__codebebd8b2d__20260711T015842068985Z,msl_ncam_nlb_462744768edr_f0410322ncam00354m1,test_msl,ALL,pixel_acc,,0,0,0
unet__scratch__resnet34__in_rover__seed1414__gpu_full__39bfa6f5__gitc188b320__codebebd8b2d__20260711T015842068985Z,msl_ncam_nlb_462744768edr_f0410322ncam00354m1,test_msl,ALL,boundary_f1,,0,0,0
unet__scratch__resnet34__in_rover__seed1414__gpu_full__39bfa6f5__gitc188b320__codebebd8b2d__20260711T015842068985Z,msl_ncam_nlb_462744927edr_f0410322ncam00272m1,test_msl,soil,iou,,0,0,0
unet__scratch__resnet34__in_rover__seed1414__gpu_full__39bfa6f5__gitc188b320__codebebd8b2d__20260711T015842068985Z,msl_ncam_nlb_462744927edr_f0410322ncam00272m1,test_msl,bedrock,iou,,0,0,0
unet__scratch__resnet34__in_rover__seed1414__gpu_full__39bfa6f5__gitc188b320__codebebd8b2d__20260711T015842068985Z,msl_ncam_nlb_462744927edr_f0410322ncam00272m1,test_msl,sand,iou,,0,0,0
unet__scratch__resnet34__in_rover__seed1414__gpu_full__39bfa6f5__gitc188b320__codebebd8b2d__20260711T015842068985Z,msl_ncam_nlb_462744927edr_f0410322ncam00272m1,test_msl,big_rock,iou,,0,0,0
unet__scratch__resnet34__in_rover__seed1414__gpu_full__39bfa6f5__gitc188b320__codebebd8b2d__20260711T015842068985Z,msl_ncam_nlb_462744927edr_f0410322ncam00272m1,test_msl,ALL,pixel_acc,,0,0,0
unet__scratch__resnet34__in_rover__seed1414__gpu_full__39bfa6f5__gitc188b320__codebebd8b2d__20260711T015842068985Z,msl_ncam_nlb_462744927edr_f0410322ncam00272m1,test_msl,ALL,boundary_f1,,0,0,0
unet__scratch__resnet34__in_rover__seed1414__gpu_full__39bfa6f5__gitc188b320__codebebd8b2d__20260711T015842068985Z,msl_ncam_nlb_462744982edr_f0410322ncam00272m1,test_msl,soil,iou,1.0,109525,109525,109525
unet__scratch__resnet34__in_rover__seed1414__gpu_full__39bfa6f5__gitc188b320__codebebd8b2d__20260711T015842068985Z,msl_ncam_nlb_462744982edr_f0410322ncam00272m1,test_msl,bedrock,iou,,0,0,109525
unet__scratch__resnet34__in_rover__seed1414__gpu_full__39bfa6f5__gitc188b320__codebebd8b2d__20260711T015842068985Z,msl_ncam_nlb_462744982edr_f0410322ncam00272m1,test_msl,sand,iou,,0,0,109525
unet__scratch__resnet34__in_rover__seed1414__gpu_full__39bfa6f5__gitc188b320__codebebd8b2d__20260711T015842068985Z,msl_ncam_nlb_462744982edr_f0410322ncam00272m1,test_msl,big_rock,iou,,0,0,109525
unet__scratch__resnet34__in_rover__seed1414__gpu_full__39bfa6f5__gitc188b320__codebebd8b2d__20260711T015842068985Z,msl_ncam_nlb_462744982edr_f0410322ncam00272m1,test_msl,ALL,pixel_acc,1.0,0,0,109525
unet__scratch__resnet34__in_rover__seed1414__gpu_full__39bfa6f5__gitc188b320__codebebd8b2d__20260711T015842068985Z,msl_ncam_nlb_462744982edr_f0410322ncam00272m1,test_msl,ALL,boundary_f1,1.0,0,0,109525
unet__scratch__resnet34__in_rover__seed1414__gpu_full__39bfa6f5__gitc188b320__codebebd8b2d__20260711T015842068985Z,msl_ncam_nlb_463099226edr_f0410712ncam00385m1,test_msl,soil,iou,,0,0,121183
unet__scratch__resnet34__in_rover__seed1414__gpu_full__39bfa6f5__gitc188b320__codebebd8b2d__20260711T015842068985Z,msl_ncam_nlb_463099226edr_f0410712ncam00385m1,test_msl,bedrock,iou,1.0,121183,121183,121183
unet__scratch__resnet34__in_rover__seed1414__gpu_full__39bfa6f5__gitc188b320__codebebd8b2d__20260711T015842068985Z,msl_ncam_nlb_463099226edr_f0410712ncam00385m1,test_msl,sand,iou,,0,0,121183
unet__scratch__resnet34__in_rover__seed1414__gpu_full__39bfa6f5__gitc188b320__codebebd8b2d__20260711T015842068985Z,msl_ncam_nlb_463099226edr_f0410712ncam00385m1,test_msl,big_rock,iou,,0,0,121183
unet__scratch__resnet34__in_rover__seed1414__gpu_full__39bfa6f5__gitc188b320__codebebd8b2d__20260711T015842068985Z,msl_ncam_nlb_463099226edr_f0410712ncam00385m1,test_msl,ALL,pixel_acc,1.0,0,0,121183
unet__scratch__resnet34__in_rover__seed1414__gpu_full__39bfa6f5__gitc188b320__codebebd8b2d__20260711T015842068985Z,msl_ncam_nlb_463099226edr_f0410712ncam00385m1,test_msl,ALL,boundary_f1,1.0,0,0,121183
unet__scratch__resnet34__in_rover__seed1414__gpu_full__39bfa6f5__gitc188b320__codebebd8b2d__20260711T015842068985Z,msl_ncam_nlb_463107188edr_f0410748ncam00274m1,test_msl,soil,iou,,0,0,60277
unet__scratch__resnet34__in_rover__seed1414__gpu_full__39bfa6f5__gitc188b320__codebebd8b2d__20260711T015842068985Z,msl_ncam_nlb_463107188edr_f0410748ncam00274m1,test_msl,bedrock,iou,1.0,20386,20386,60277
unet__scratch__resnet34__in_rover__seed1414__gpu_full__39bfa6f5__gitc188b320__codebebd8b2d__20260711T015842068985Z,msl_ncam_nlb_463107188edr_f0410748ncam00274m1,test_msl,sand,iou,1.0,39891,39891,60277
unet__scratch__resnet34__in_rover__seed1414__gpu_full__39bfa6f5__gitc188b320__codebebd8b2d__20260711T015842068985Z,msl_ncam_nlb_463107188edr_f0410748ncam00274m1,test_msl,big_rock,iou,,0,0,60277
unet__scratch__resnet34__in_rover__seed1414__gpu_full__39bfa6f5__gitc188b320__codebebd8b2d__20260711T015842068985Z,msl_ncam_nlb_463107188edr_f0410748ncam00274m1,test_msl,ALL,pixel_acc,1.0,0,0,60277
unet__scratch__resnet34__in_rover__seed1414__gpu_full__39bfa6f5__gitc188b320__codebebd8b2d__20260711T015842068985Z,msl_ncam_nlb_463107188edr_f0410748ncam00274m1,test_msl,ALL,boundary_f1,1.0,0,0,60277
unet__scratch__resnet34__in_rover__seed1414__gpu_full__39bfa6f5__gitc188b320__codebebd8b2d__20260711T015842068985Z,msl_ncam_nlb_463107249edr_f0410748ncam00274m1,test_msl,soil,iou,,0,0,0
unet__scratch__resnet34__in_rover__seed1414__gpu_full__39bfa6f5__gitc188b320__codebebd8b2d__20260711T015842068985Z,msl_ncam_nlb_463107249edr_f0410748ncam00274m1,test_msl,bedrock,iou,,0,0,0
unet__scratch__resnet34__in_rover__seed1414__gpu_full__39bfa6f5__gitc188b320__codebebd8b2d__20260711T015842068985Z,msl_ncam_nlb_463107249edr_f0410748ncam00274m1,test_msl,sand,iou,,0,0,0
unet__scratch__resnet34__in_rover__seed1414__gpu_full__39bfa6f5__gitc188b320__codebebd8b2d__20260711T015842068985Z,msl_ncam_nlb_463107249edr_f0410748ncam00274m1,test_msl,big_rock,iou,,0,0,0
unet__scratch__resnet34__in_rover__seed1414__gpu_full__39bfa6f5__gitc188b320__codebebd8b2d__20260711T015842068985Z,msl_ncam_nlb_463107249edr_f0410748ncam00274m1,test_msl,ALL,pixel_acc,,0,0,0
unet__scratch__resnet34__in_rover__seed1414__gpu_full__39bfa6f5__gitc188b320__codebebd8b2d__20260711T015842068985Z,msl_ncam_nlb_463107249edr_f0410748ncam00274m1,test_msl,ALL,boundary_f1,,0,0,0
unet__scratch__resnet34__in_rover__seed1414__gpu_full__39bfa6f5__gitc188b320__codebebd8b2d__20260711T015842068985Z,msl_ncam_nlb_463107562edr_f0410748ncam00354m1,test_msl,soil,iou,,0,0,80914
unet__scratch__resnet34__in_rover__seed1414__gpu_full__39bfa6f5__gitc188b320__codebebd8b2d__20260711T015842068985Z,msl_ncam_nlb_463107562edr_f0410748ncam00354m1,test_msl,bedrock,iou,0.9580789480188843,77522,80914,80914
unet__scratch__resnet34__in_rover__seed1414__gpu_full__39bfa6f5__gitc188b320__codebebd8b2d__20260711T015842068985Z,msl_ncam_nlb_463107562edr_f0410748ncam00354m1,test_msl,sand,iou,,0,0,80914
unet__scratch__resnet34__in_rover__seed1414__gpu_full__39bfa6f5__gitc188b320__codebebd8b2d__20260711T015842068985Z,msl_ncam_nlb_463107562edr_f0410748ncam00354m1,test_msl,big_rock,iou,0.0,0,3392,80914
unet__scratch__resnet34__in_rover__seed1414__gpu_full__39bfa6f5__gitc188b320__codebebd8b2d__20260711T015842068985Z,msl_ncam_nlb_463107562edr_f0410748ncam00354m1,test_msl,ALL,pixel_acc,0.9580789480188843,0,0,80914
unet__scratch__resnet34__in_rover__seed1414__gpu_full__39bfa6f5__gitc188b320__codebebd8b2d__20260711T015842068985Z,msl_ncam_nlb_463107562edr_f0410748ncam00354m1,test_msl,ALL,boundary_f1,0.46541683747084356,0,0,80914
unet__scratch__resnet34__in_rover__seed1414__gpu_full__39bfa6f5__gitc188b320__codebebd8b2d__20260711T015842068985Z,msl_ncam_nlb_463107626edr_f0410748ncam00354m1,test_msl,soil,iou,0.0,0,7,108883
unet__scratch__resnet34__in_rover__seed1414__gpu_full__39bfa6f5__gitc188b320__codebebd8b2d__20260711T015842068985Z,msl_ncam_nlb_463107626edr_f0410748ncam00354m1,test_msl,bedrock,iou,0.9999357108088499,108876,108883,108883
unet__scratch__resnet34__in_rover__seed1414__gpu_full__39bfa6f5__gitc188b320__codebebd8b2d__20260711T015842068985Z,msl_ncam_nlb_463107626edr_f0410748ncam00354m1,test_msl,sand,iou,,0,0,108883
unet__scratch__resnet34__in_rover__seed1414__gpu_full__39bfa6f5__gitc188b320__codebebd8b2d__20260711T015842068985Z,msl_ncam_nlb_463107626edr_f0410748ncam00354m1,test_msl,big_rock,iou,,0,0,108883
unet__scratch__resnet34__in_rover__seed1414__gpu_full__39bfa6f5__gitc188b320__codebebd8b2d__20260711T015842068985Z,msl_ncam_nlb_463107626edr_f0410748ncam00354m1,test_msl,ALL,pixel_acc,0.9999357108088499,0,0,108883
unet__scratch__resnet34__in_rover__seed1414__gpu_full__39bfa6f5__gitc188b320__codebebd8b2d__20260711T015842068985Z,msl_ncam_nlb_463107626edr_f0410748ncam00354m1,test_msl,ALL,boundary_f1,0.5,0,0,108883
unet__scratch__resnet34__in_rover__seed1414__gpu_full__39bfa6f5__gitc188b320__codebebd8b2d__20260711T015842068985Z,msl_ncam_nlb_463107697edr_f0410748ncam00354m1,test_msl,soil,iou,0.0,0,427,88228
unet__scratch__resnet34__in_rover__seed1414__gpu_full__39bfa6f5__gitc188b320__codebebd8b2d__20260711T015842068985Z,msl_ncam_nlb_463107697edr_f0410748ncam00354m1,test_msl,bedrock,iou,0.9951602665820375,87801,88228,88228
unet__scratch__resnet34__in_rover__seed1414__gpu_full__39bfa6f5__gitc188b320__codebebd8b2d__20260711T015842068985Z,msl_ncam_nlb_463107697edr_f0410748ncam00354m1,test_msl,sand,iou,,0,0,88228
unet__scratch__resnet34__in_rover__seed1414__gpu_full__39bfa6f5__gitc188b320__codebebd8b2d__20260711T015842068985Z,msl_ncam_nlb_463107697edr_f0410748ncam00354m1,test_msl,big_rock,iou,,0,0,88228
unet__scratch__resnet34__in_rover__seed1414__gpu_full__39bfa6f5__gitc188b320__codebebd8b2d__20260711T015842068985Z,msl_ncam_nlb_463107697edr_f0410748ncam00354m1,test_msl,ALL,pixel_acc,0.9951602665820375,0,0,88228
unet__scratch__resnet34__in_rover__seed1414__gpu_full__39bfa6f5__gitc188b320__codebebd8b2d__20260711T015842068985Z,msl_ncam_nlb_463107697edr_f0410748ncam00354m1,test_msl,ALL,boundary_f1,0.49246202545677725,0,0,88228
unet__scratch__resnet34__in_rover__seed1414__gpu_full__39bfa6f5__gitc188b320__codebebd8b2d__20260711T015842068985Z,msl_ncam_nlb_463107797edr_f0410748ncam07753m1,test_msl,soil,iou,,0,0,100367
unet__scratch__resnet34__in_rover__seed1414__gpu_full__39bfa6f5__gitc188b320__codebebd8b2d__20260711T015842068985Z,msl_ncam_nlb_463107797edr_f0410748ncam07753m1,test_msl,bedrock,iou,1.0,100367,100367,100367
unet__scratch__resnet34__in_rover__seed1414__gpu_full__39bfa6f5__gitc188b320__codebebd8b2d__20260711T015842068985Z,msl_ncam_nlb_463107797edr_f0410748ncam07753m1,test_msl,sand,iou,,0,0,100367
unet__scratch__resnet34__in_rover__seed1414__gpu_full__39bfa6f5__gitc188b320__codebebd8b2d__20260711T015842068985Z,msl_ncam_nlb_463107797edr_f0410748ncam07753m1,test_msl,big_rock,iou,,0,0,100367
unet__scratch__resnet34__in_rover__seed1414__gpu_full__39bfa6f5__gitc188b320__codebebd8b2d__20260711T015842068985Z,msl_ncam_nlb_463107797edr_f0410748ncam07753m1,test_msl,ALL,pixel_acc,1.0,0,0,100367
unet__scratch__resnet34__in_rover__seed1414__gpu_full__39bfa6f5__gitc188b320__codebebd8b2d__20260711T015842068985Z,msl_ncam_nlb_463107797edr_f0410748ncam07753m1,test_msl,ALL,boundary_f1,1.0,0,0,100367
unet__scratch__resnet34__in_rover__seed1414__gpu_full__39bfa6f5__gitc188b320__codebebd8b2d__20260711T015842068985Z,msl_ncam_nlb_463107836edr_f0410748ncam07753m1,test_msl,soil,iou,,0,0,0
unet__scratch__resnet34__in_rover__seed1414__gpu_full__39bfa6f5__gitc188b320__codebebd8b2d__20260711T015842068985Z,msl_ncam_nlb_463107836edr_f0410748ncam07753m1,test_msl,bedrock,iou,,0,0,0
unet__scratch__resnet34__in_rover__seed1414__gpu_full__39bfa6f5__gitc188b320__codebebd8b2d__20260711T015842068985Z,msl_ncam_nlb_463107836edr_f0410748ncam07753m1,test_msl,sand,iou,,0,0,0
unet__scratch__resnet34__in_rover__seed1414__gpu_full__39bfa6f5__gitc188b320__codebebd8b2d__20260711T015842068985Z,msl_ncam_nlb_463107836edr_f0410748ncam07753m1,test_msl,big_rock,iou,,0,0,0
unet__scratch__resnet34__in_rover__seed1414__gpu_full__39bfa6f5__gitc188b320__codebebd8b2d__20260711T015842068985Z,msl_ncam_nlb_463107836edr_f0410748ncam07753m1,test_msl,ALL,pixel_acc,,0,0,0
unet__scratch__resnet34__in_rover__seed1414__gpu_full__39bfa6f5__gitc188b320__codebebd8b2d__20260711T015842068985Z,msl_ncam_nlb_463107836edr_f0410748ncam07753m1,test_msl,ALL,boundary_f1,,0,0,0
unet__scratch__resnet34__in_rover__seed1414__gpu_full__39bfa6f5__gitc188b320__codebebd8b2d__20260711T015842068985Z,msl_ncam_nlb_463107949edr_f0410748ncam07753m1,test_msl,soil,iou,,0,0,56667
unet__scratch__resnet34__in_rover__seed1414__gpu_full__39bfa6f5__gitc188b320__codebebd8b2d__20260711T015842068985Z,msl_ncam_nlb_463107949edr_f0410748ncam07753m1,test_msl,bedrock,iou,1.0,56667,56667,56667
unet__scratch__resnet34__in_rover__seed1414__gpu_full__39bfa6f5__gitc188b320__codebebd8b2d__20260711T015842068985Z,msl_ncam_nlb_463107949edr_f0410748ncam07753m1,test_msl,sand,iou,,0,0,56667
unet__scratch__resnet34__in_rover__seed1414__gpu_full__39bfa6f5__gitc188b320__codebebd8b2d__20260711T015842068985Z,msl_ncam_nlb_463107949edr_f0410748ncam07753m1,test_msl,big_rock,iou,,0,0,56667
unet__scratch__resnet34__in_rover__seed1414__gpu_full__39bfa6f5__gitc188b320__codebebd8b2d__20260711T015842068985Z,msl_ncam_nlb_463107949edr_f0410748ncam07753m1,test_msl,ALL,pixel_acc,1.0,0,0,56667
unet__scratch__resnet34__in_rover__seed1414__gpu_full__39bfa6f5__gitc188b320__codebebd8b2d__20260711T015842068985Z,msl_ncam_nlb_463107949edr_f0410748ncam07753m1,test_msl,ALL,boundary_f1,1.0,0,0,56667
unet__scratch__resnet34__in_rover__seed1414__gpu_full__39bfa6f5__gitc188b320__codebebd8b2d__20260711T015842068985Z,msl_ncam_nlb_463803954edr_f0411768ncam00382m1,test_msl,soil,iou,,0,0,67455
unet__scratch__resnet34__in_rover__seed1414__gpu_full__39bfa6f5__gitc188b320__codebebd8b2d__20260711T015842068985Z,msl_ncam_nlb_463803954edr_f0411768ncam00382m1,test_msl,bedrock,iou,,0,0,67455
unet__scratch__resnet34__in_rover__seed1414__gpu_full__39bfa6f5__gitc188b320__codebebd8b2d__20260711T015842068985Z,msl_ncam_nlb_463803954edr_f0411768ncam00382m1,test_msl,sand,iou,1.0,67455,67455,67455
unet__scratch__resnet34__in_rover__seed1414__gpu_full__39bfa6f5__gitc188b320__codebebd8b2d__20260711T015842068985Z,msl_ncam_nlb_463803954edr_f0411768ncam00382m1,test_msl,big_rock,iou,,0,0,67455
unet__scratch__resnet34__in_rover__seed1414__gpu_full__39bfa6f5__gitc188b320__codebebd8b2d__20260711T015842068985Z,msl_ncam_nlb_463803954edr_f0411768ncam00382m1,test_msl,ALL,pixel_acc,1.0,0,0,67455
unet__scratch__resnet34__in_rover__seed1414__gpu_full__39bfa6f5__gitc188b320__codebebd8b2d__20260711T015842068985Z,msl_ncam_nlb_463803954edr_f0411768ncam00382m1,test_msl,ALL,boundary_f1,1.0,0,0,67455
unet__scratch__resnet34__in_rover__seed1414__gpu_full__39bfa6f5__gitc188b320__codebebd8b2d__20260711T015842068985Z,msl_ncam_nlb_463813170edr_f0420000ncam06094m1,test_msl,soil,iou,0.9332220864745672,31318,33559,89391
unet__scratch__resnet34__in_rover__seed1414__gpu_full__39bfa6f5__gitc188b320__codebebd8b2d__20260711T015842068985Z,msl_ncam_nlb_463813170edr_f0420000ncam06094m1,test_msl,bedrock,iou,1.0,7381,7381,89391
unet__scratch__resnet34__in_rover__seed1414__gpu_full__39bfa6f5__gitc188b320__codebebd8b2d__20260711T015842068985Z,msl_ncam_nlb_463813170edr_f0420000ncam06094m1,test_msl,sand,iou,0.9557918409216445,48451,50692,89391
unet__scratch__resnet34__in_rover__seed1414__gpu_full__39bfa6f5__gitc188b320__codebebd8b2d__20260711T015842068985Z,msl_ncam_nlb_463813170edr_f0420000ncam06094m1,test_msl,big_rock,iou,,0,0,89391
unet__scratch__resnet34__in_rover__seed1414__gpu_full__39bfa6f5__gitc188b320__codebebd8b2d__20260711T015842068985Z,msl_ncam_nlb_463813170edr_f0420000ncam06094m1,test_msl,ALL,pixel_acc,0.9749303621169917,0,0,89391
unet__scratch__resnet34__in_rover__seed1414__gpu_full__39bfa6f5__gitc188b320__codebebd8b2d__20260711T015842068985Z,msl_ncam_nlb_463813170edr_f0420000ncam06094m1,test_msl,ALL,boundary_f1,0.8732413256967942,0,0,89391
unet__scratch__resnet34__in_rover__seed1414__gpu_full__39bfa6f5__gitc188b320__codebebd8b2d__20260711T015842068985Z,msl_ncam_nlb_463813296edr_f0420000ncam06094m1,test_msl,soil,iou,1.0,188552,188552,188552
unet__scratch__resnet34__in_rover__seed1414__gpu_full__39bfa6f5__gitc188b320__codebebd8b2d__20260711T015842068985Z,msl_ncam_nlb_463813296edr_f0420000ncam06094m1,test_msl,bedrock,iou,,0,0,188552
unet__scratch__resnet34__in_rover__seed1414__gpu_full__39bfa6f5__gitc188b320__codebebd8b2d__20260711T015842068985Z,msl_ncam_nlb_463813296edr_f0420000ncam06094m1,test_msl,sand,iou,,0,0,188552
unet__scratch__resnet34__in_rover__seed1414__gpu_full__39bfa6f5__gitc188b320__codebebd8b2d__20260711T015842068985Z,msl_ncam_nlb_463813296edr_f0420000ncam06094m1,test_msl,big_rock,iou,,0,0,188552
unet__scratch__resnet34__in_rover__seed1414__gpu_full__39bfa6f5__gitc188b320__codebebd8b2d__20260711T015842068985Z,msl_ncam_nlb_463813296edr_f0420000ncam06094m1,test_msl,ALL,pixel_acc,1.0,0,0,188552
unet__scratch__resnet34__in_rover__seed1414__gpu_full__39bfa6f5__gitc188b320__codebebd8b2d__20260711T015842068985Z,msl_ncam_nlb_463813296edr_f0420000ncam06094m1,test_msl,ALL,boundary_f1,1.0,0,0,188552
unet__scratch__resnet34__in_rover__seed1414__gpu_full__39bfa6f5__gitc188b320__codebebd8b2d__20260711T015842068985Z,msl_ncam_nlb_463814148edr_f0420000ncam00354m1,test_msl,soil,iou,1.0,227875,227875,227875
unet__scratch__resnet34__in_rover__seed1414__gpu_full__39bfa6f5__gitc188b320__codebebd8b2d__20260711T015842068985Z,msl_ncam_nlb_463814148edr_f0420000ncam00354m1,test_msl,bedrock,iou,,0,0,227875
unet__scratch__resnet34__in_rover__seed1414__gpu_full__39bfa6f5__gitc188b320__codebebd8b2d__20260711T015842068985Z,msl_ncam_nlb_463814148edr_f0420000ncam00354m1,test_msl,sand,iou,,0,0,227875
unet__scratch__resnet34__in_rover__seed1414__gpu_full__39bfa6f5__gitc188b320__codebebd8b2d__20260711T015842068985Z,msl_ncam_nlb_463814148edr_f0420000ncam00354m1,test_msl,big_rock,iou,,0,0,227875
unet__scratch__resnet34__in_rover__seed1414__gpu_full__39bfa6f5__gitc188b320__codebebd8b2d__20260711T015842068985Z,msl_ncam_nlb_463814148edr_f0420000ncam00354m1,test_msl,ALL,pixel_acc,1.0,0,0,227875
unet__scratch__resnet34__in_rover__seed1414__gpu_full__39bfa6f5__gitc188b320__codebebd8b2d__20260711T015842068985Z,msl_ncam_nlb_463814148edr_f0420000ncam00354m1,test_msl,ALL,boundary_f1,1.0,0,0,227875
unet__scratch__resnet34__in_rover__seed1414__gpu_full__39bfa6f5__gitc188b320__codebebd8b2d__20260711T015842068985Z,msl_ncam_nlb_463814218edr_f0420000ncam00354m1,test_msl,soil,iou,1.0,152384,152384,152384
unet__scratch__resnet34__in_rover__seed1414__gpu_full__39bfa6f5__gitc188b320__codebebd8b2d__20260711T015842068985Z,msl_ncam_nlb_463814218edr_f0420000ncam00354m1,test_msl,bedrock,iou,,0,0,152384
unet__scratch__resnet34__in_rover__seed1414__gpu_full__39bfa6f5__gitc188b320__codebebd8b2d__20260711T015842068985Z,msl_ncam_nlb_463814218edr_f0420000ncam00354m1,test_msl,sand,iou,,0,0,152384
unet__scratch__resnet34__in_rover__seed1414__gpu_full__39bfa6f5__gitc188b320__codebebd8b2d__20260711T015842068985Z,msl_ncam_nlb_463814218edr_f0420000ncam00354m1,test_msl,big_rock,iou,,0,0,152384
unet__scratch__resnet34__in_rover__seed1414__gpu_full__39bfa6f5__gitc188b320__codebebd8b2d__20260711T015842068985Z,msl_ncam_nlb_463814218edr_f0420000ncam00354m1,test_msl,ALL,pixel_acc,1.0,0,0,152384
unet__scratch__resnet34__in_rover__seed1414__gpu_full__39bfa6f5__gitc188b320__codebebd8b2d__20260711T015842068985Z,msl_ncam_nlb_463814218edr_f0420000ncam00354m1,test_msl,ALL,boundary_f1,1.0,0,0,152384
unet__scratch__resnet34__in_rover__seed1414__gpu_full__39bfa6f5__gitc188b320__codebebd8b2d__20260711T015842068985Z,msl_ncam_nlb_463814255edr_f0420000ncam00278m1,test_msl,soil,iou,1.0,85416,85416,85416
unet__scratch__resnet34__in_rover__seed1414__gpu_full__39bfa6f5__gitc188b320__codebebd8b2d__20260711T015842068985Z,msl_ncam_nlb_463814255edr_f0420000ncam00278m1,test_msl,bedrock,iou,,0,0,85416
unet__scratch__resnet34__in_rover__seed1414__gpu_full__39bfa6f5__gitc188b320__codebebd8b2d__20260711T015842068985Z,msl_ncam_nlb_463814255edr_f0420000ncam00278m1,test_msl,sand,iou,,0,0,85416
unet__scratch__resnet34__in_rover__seed1414__gpu_full__39bfa6f5__gitc188b320__codebebd8b2d__20260711T015842068985Z,msl_ncam_nlb_463814255edr_f0420000ncam00278m1,test_msl,big_rock,iou,,0,0,85416
unet__scratch__resnet34__in_rover__seed1414__gpu_full__39bfa6f5__gitc188b320__codebebd8b2d__20260711T015842068985Z,msl_ncam_nlb_463814255edr_f0420000ncam00278m1,test_msl,ALL,pixel_acc,1.0,0,0,85416
unet__scratch__resnet34__in_rover__seed1414__gpu_full__39bfa6f5__gitc188b320__codebebd8b2d__20260711T015842068985Z,msl_ncam_nlb_463814255edr_f0420000ncam00278m1,test_msl,ALL,boundary_f1,1.0,0,0,85416
unet__scratch__resnet34__in_rover__seed1414__gpu_full__39bfa6f5__gitc188b320__codebebd8b2d__20260711T015842068985Z,msl_ncam_nlb_463814438edr_f0420000ncam00278m1,test_msl,soil,iou,,0,0,0
unet__scratch__resnet34__in_rover__seed1414__gpu_full__39bfa6f5__gitc188b320__codebebd8b2d__20260711T015842068985Z,msl_ncam_nlb_463814438edr_f0420000ncam00278m1,test_msl,bedrock,iou,,0,0,0
unet__scratch__resnet34__in_rover__seed1414__gpu_full__39bfa6f5__gitc188b320__codebebd8b2d__20260711T015842068985Z,msl_ncam_nlb_463814438edr_f0420000ncam00278m1,test_msl,sand,iou,,0,0,0
unet__scratch__resnet34__in_rover__seed1414__gpu_full__39bfa6f5__gitc188b320__codebebd8b2d__20260711T015842068985Z,msl_ncam_nlb_463814438edr_f0420000ncam00278m1,test_msl,big_rock,iou,,0,0,0
unet__scratch__resnet34__in_rover__seed1414__gpu_full__39bfa6f5__gitc188b320__codebebd8b2d__20260711T015842068985Z,msl_ncam_nlb_463814438edr_f0420000ncam00278m1,test_msl,ALL,pixel_acc,,0,0,0
unet__scratch__resnet34__in_rover__seed1414__gpu_full__39bfa6f5__gitc188b320__codebebd8b2d__20260711T015842068985Z,msl_ncam_nlb_463814438edr_f0420000ncam00278m1,test_msl,ALL,boundary_f1,,0,0,0
unet__scratch__resnet34__in_rover__seed1414__gpu_full__39bfa6f5__gitc188b320__codebebd8b2d__20260711T015842068985Z,msl_ncam_nlb_492664173edr_f0490294ncam00294m1,test_msl,soil,iou,,0,0,16308
unet__scratch__resnet34__in_rover__seed1414__gpu_full__39bfa6f5__gitc188b320__codebebd8b2d__20260711T015842068985Z,msl_ncam_nlb_492664173edr_f0490294ncam00294m1,test_msl,bedrock,iou,1.0,16308,16308,16308
unet__scratch__resnet34__in_rover__seed1414__gpu_full__39bfa6f5__gitc188b320__codebebd8b2d__20260711T015842068985Z,msl_ncam_nlb_492664173edr_f0490294ncam00294m1,test_msl,sand,iou,,0,0,16308
unet__scratch__resnet34__in_rover__seed1414__gpu_full__39bfa6f5__gitc188b320__codebebd8b2d__20260711T015842068985Z,msl_ncam_nlb_492664173edr_f0490294ncam00294m1,test_msl,big_rock,iou,,0,0,16308
unet__scratch__resnet34__in_rover__seed1414__gpu_full__39bfa6f5__gitc188b320__codebebd8b2d__20260711T015842068985Z,msl_ncam_nlb_492664173edr_f0490294ncam00294m1,test_msl,ALL,pixel_acc,1.0,0,0,16308
unet__scratch__resnet34__in_rover__seed1414__gpu_full__39bfa6f5__gitc188b320__codebebd8b2d__20260711T015842068985Z,msl_ncam_nlb_492664173edr_f0490294ncam00294m1,test_msl,ALL,boundary_f1,1.0,0,0,16308
unet__scratch__resnet34__in_rover__seed1414__gpu_full__39bfa6f5__gitc188b320__codebebd8b2d__20260711T015842068985Z,msl_ncam_nlb_492664235edr_f0490294ncam00294m1,test_msl,soil,iou,,0,0,30789
unet__scratch__resnet34__in_rover__seed1414__gpu_full__39bfa6f5__gitc188b320__codebebd8b2d__20260711T015842068985Z,msl_ncam_nlb_492664235edr_f0490294ncam00294m1,test_msl,bedrock,iou,1.0,30789,30789,30789
unet__scratch__resnet34__in_rover__seed1414__gpu_full__39bfa6f5__gitc188b320__codebebd8b2d__20260711T015842068985Z,msl_ncam_nlb_492664235edr_f0490294ncam00294m1,test_msl,sand,iou,,0,0,30789
unet__scratch__resnet34__in_rover__seed1414__gpu_full__39bfa6f5__gitc188b320__codebebd8b2d__20260711T015842068985Z,msl_ncam_nlb_492664235edr_f0490294ncam00294m1,test_msl,big_rock,iou,,0,0,30789
unet__scratch__resnet34__in_rover__seed1414__gpu_full__39bfa6f5__gitc188b320__codebebd8b2d__20260711T015842068985Z,msl_ncam_nlb_492664235edr_f0490294ncam00294m1,test_msl,ALL,pixel_acc,1.0,0,0,30789
unet__scratch__resnet34__in_rover__seed1414__gpu_full__39bfa6f5__gitc188b320__codebebd8b2d__20260711T015842068985Z,msl_ncam_nlb_492664235edr_f0490294ncam00294m1,test_msl,ALL,boundary_f1,1.0,0,0,30789
unet__scratch__resnet34__in_rover__seed1414__gpu_full__39bfa6f5__gitc188b320__codebebd8b2d__20260711T015842068985Z,msl_ncam_nlb_492664291edr_f0490294ncam00294m1,test_msl,soil,iou,,0,0,5776
unet__scratch__resnet34__in_rover__seed1414__gpu_full__39bfa6f5__gitc188b320__codebebd8b2d__20260711T015842068985Z,msl_ncam_nlb_492664291edr_f0490294ncam00294m1,test_msl,bedrock,iou,1.0,5776,5776,5776
unet__scratch__resnet34__in_rover__seed1414__gpu_full__39bfa6f5__gitc188b320__codebebd8b2d__20260711T015842068985Z,msl_ncam_nlb_492664291edr_f0490294ncam00294m1,test_msl,sand,iou,,0,0,5776
unet__scratch__resnet34__in_rover__seed1414__gpu_full__39bfa6f5__gitc188b320__codebebd8b2d__20260711T015842068985Z,msl_ncam_nlb_492664291edr_f0490294ncam00294m1,test_msl,big_rock,iou,,0,0,5776
unet__scratch__resnet34__in_rover__seed1414__gpu_full__39bfa6f5__gitc188b320__codebebd8b2d__20260711T015842068985Z,msl_ncam_nlb_492664291edr_f0490294ncam00294m1,test_msl,ALL,pixel_acc,1.0,0,0,5776
unet__scratch__resnet34__in_rover__seed1414__gpu_full__39bfa6f5__gitc188b320__codebebd8b2d__20260711T015842068985Z,msl_ncam_nlb_492664291edr_f0490294ncam00294m1,test_msl,ALL,boundary_f1,1.0,0,0,5776
unet__scratch__resnet34__in_rover__seed1414__gpu_full__39bfa6f5__gitc188b320__codebebd8b2d__20260711T015842068985Z,msl_ncam_nlb_492664491edr_f0490294ncam00354m1,test_msl,soil,iou,0.8369278813311213,17152,20494,101609
unet__scratch__resnet34__in_rover__seed1414__gpu_full__39bfa6f5__gitc188b320__codebebd8b2d__20260711T015842068985Z,msl_ncam_nlb_492664491edr_f0490294ncam00354m1,test_msl,bedrock,iou,0.9604295677090117,81115,84457,101609
unet__scratch__resnet34__in_rover__seed1414__gpu_full__39bfa6f5__gitc188b320__codebebd8b2d__20260711T015842068985Z,msl_ncam_nlb_492664491edr_f0490294ncam00354m1,test_msl,sand,iou,,0,0,101609
unet__scratch__resnet34__in_rover__seed1414__gpu_full__39bfa6f5__gitc188b320__codebebd8b2d__20260711T015842068985Z,msl_ncam_nlb_492664491edr_f0490294ncam00354m1,test_msl,big_rock,iou,,0,0,101609
unet__scratch__resnet34__in_rover__seed1414__gpu_full__39bfa6f5__gitc188b320__codebebd8b2d__20260711T015842068985Z,msl_ncam_nlb_492664491edr_f0490294ncam00354m1,test_msl,ALL,pixel_acc,0.9671092127665857,0,0,101609
unet__scratch__resnet34__in_rover__seed1414__gpu_full__39bfa6f5__gitc188b320__codebebd8b2d__20260711T015842068985Z,msl_ncam_nlb_492664491edr_f0490294ncam00354m1,test_msl,ALL,boundary_f1,0.6798868967688908,0,0,101609
unet__scratch__resnet34__in_rover__seed1414__gpu_full__39bfa6f5__gitc188b320__codebebd8b2d__20260711T015842068985Z,msl_ncam_nlb_492664554edr_f0490294ncam00354m1,test_msl,soil,iou,0.24038776445929128,3670,15267,43882
unet__scratch__resnet34__in_rover__seed1414__gpu_full__39bfa6f5__gitc188b320__codebebd8b2d__20260711T015842068985Z,msl_ncam_nlb_492664554edr_f0490294ncam00354m1,test_msl,bedrock,iou,0.5345824847250509,13124,24550,43882
unet__scratch__resnet34__in_rover__seed1414__gpu_full__39bfa6f5__gitc188b320__codebebd8b2d__20260711T015842068985Z,msl_ncam_nlb_492664554edr_f0490294ncam00354m1,test_msl,sand,iou,0.989081854169327,15491,15662,43882
unet__scratch__resnet34__in_rover__seed1414__gpu_full__39bfa6f5__gitc188b320__codebebd8b2d__20260711T015842068985Z,msl_ncam_nlb_492664554edr_f0490294ncam00354m1,test_msl,big_rock,iou,,0,0,43882
unet__scratch__resnet34__in_rover__seed1414__gpu_full__39bfa6f5__gitc188b320__codebebd8b2d__20260711T015842068985Z,msl_ncam_nlb_492664554edr_f0490294ncam00354m1,test_msl,ALL,pixel_acc,0.7357230755207147,0,0,43882
unet__scratch__resnet34__in_rover__seed1414__gpu_full__39bfa6f5__gitc188b320__codebebd8b2d__20260711T015842068985Z,msl_ncam_nlb_492664554edr_f0490294ncam00354m1,test_msl,ALL,boundary_f1,0.6093861113833962,0,0,43882
unet__scratch__resnet34__in_rover__seed1414__gpu_full__39bfa6f5__gitc188b320__codebebd8b2d__20260711T015842068985Z,msl_ncam_nlb_492664625edr_f0490294ncam00354m1,test_msl,soil,iou,,0,0,48893
unet__scratch__resnet34__in_rover__seed1414__gpu_full__39bfa6f5__gitc188b320__codebebd8b2d__20260711T015842068985Z,msl_ncam_nlb_492664625edr_f0490294ncam00354m1,test_msl,bedrock,iou,1.0,45924,45924,48893
unet__scratch__resnet34__in_rover__seed1414__gpu_full__39bfa6f5__gitc188b320__codebebd8b2d__20260711T015842068985Z,msl_ncam_nlb_492664625edr_f0490294ncam00354m1,test_msl,sand,iou,1.0,2969,2969,48893
unet__scratch__resnet34__in_rover__seed1414__gpu_full__39bfa6f5__gitc188b320__codebebd8b2d__20260711T015842068985Z,msl_ncam_nlb_492664625edr_f0490294ncam00354m1,test_msl,big_rock,iou,,0,0,48893
unet__scratch__resnet34__in_rover__seed1414__gpu_full__39bfa6f5__gitc188b320__codebebd8b2d__20260711T015842068985Z,msl_ncam_nlb_492664625edr_f0490294ncam00354m1,test_msl,ALL,pixel_acc,1.0,0,0,48893
unet__scratch__resnet34__in_rover__seed1414__gpu_full__39bfa6f5__gitc188b320__codebebd8b2d__20260711T015842068985Z,msl_ncam_nlb_492664625edr_f0490294ncam00354m1,test_msl,ALL,boundary_f1,1.0,0,0,48893
unet__scratch__resnet34__in_rover__seed1414__gpu_full__39bfa6f5__gitc188b320__codebebd8b2d__20260711T015842068985Z,msl_ncam_nlb_492664724edr_f0490294ncam00296m1,test_msl,soil,iou,,0,0,0
unet__scratch__resnet34__in_rover__seed1414__gpu_full__39bfa6f5__gitc188b320__codebebd8b2d__20260711T015842068985Z,msl_ncam_nlb_492664724edr_f0490294ncam00296m1,test_msl,bedrock,iou,,0,0,0
unet__scratch__resnet34__in_rover__seed1414__gpu_full__39bfa6f5__gitc188b320__codebebd8b2d__20260711T015842068985Z,msl_ncam_nlb_492664724edr_f0490294ncam00296m1,test_msl,sand,iou,,0,0,0
unet__scratch__resnet34__in_rover__seed1414__gpu_full__39bfa6f5__gitc188b320__codebebd8b2d__20260711T015842068985Z,msl_ncam_nlb_492664724edr_f0490294ncam00296m1,test_msl,big_rock,iou,,0,0,0
unet__scratch__resnet34__in_rover__seed1414__gpu_full__39bfa6f5__gitc188b320__codebebd8b2d__20260711T015842068985Z,msl_ncam_nlb_492664724edr_f0490294ncam00296m1,test_msl,ALL,pixel_acc,,0,0,0
unet__scratch__resnet34__in_rover__seed1414__gpu_full__39bfa6f5__gitc188b320__codebebd8b2d__20260711T015842068985Z,msl_ncam_nlb_492664724edr_f0490294ncam00296m1,test_msl,ALL,boundary_f1,,0,0,0
unet__scratch__resnet34__in_rover__seed1414__gpu_full__39bfa6f5__gitc188b320__codebebd8b2d__20260711T015842068985Z,msl_ncam_nlb_492664901edr_f0490294ncam00295m1,test_msl,soil,iou,,0,0,9775
unet__scratch__resnet34__in_rover__seed1414__gpu_full__39bfa6f5__gitc188b320__codebebd8b2d__20260711T015842068985Z,msl_ncam_nlb_492664901edr_f0490294ncam00295m1,test_msl,bedrock,iou,1.0,9775,9775,9775
unet__scratch__resnet34__in_rover__seed1414__gpu_full__39bfa6f5__gitc188b320__codebebd8b2d__20260711T015842068985Z,msl_ncam_nlb_492664901edr_f0490294ncam00295m1,test_msl,sand,iou,,0,0,9775
unet__scratch__resnet34__in_rover__seed1414__gpu_full__39bfa6f5__gitc188b320__codebebd8b2d__20260711T015842068985Z,msl_ncam_nlb_492664901edr_f0490294ncam00295m1,test_msl,big_rock,iou,,0,0,9775
unet__scratch__resnet34__in_rover__seed1414__gpu_full__39bfa6f5__gitc188b320__codebebd8b2d__20260711T015842068985Z,msl_ncam_nlb_492664901edr_f0490294ncam00295m1,test_msl,ALL,pixel_acc,1.0,0,0,9775
unet__scratch__resnet34__in_rover__seed1414__gpu_full__39bfa6f5__gitc188b320__codebebd8b2d__20260711T015842068985Z,msl_ncam_nlb_492664901edr_f0490294ncam00295m1,test_msl,ALL,boundary_f1,1.0,0,0,9775
unet__scratch__resnet34__in_rover__seed1414__gpu_full__39bfa6f5__gitc188b320__codebebd8b2d__20260711T015842068985Z,msl_ncam_nlb_492665102edr_f0490294ncam00295m1,test_msl,soil,iou,,0,0,0
unet__scratch__resnet34__in_rover__seed1414__gpu_full__39bfa6f5__gitc188b320__codebebd8b2d__20260711T015842068985Z,msl_ncam_nlb_492665102edr_f0490294ncam00295m1,test_msl,bedrock,iou,,0,0,0
unet__scratch__resnet34__in_rover__seed1414__gpu_full__39bfa6f5__gitc188b320__codebebd8b2d__20260711T015842068985Z,msl_ncam_nlb_492665102edr_f0490294ncam00295m1,test_msl,sand,iou,,0,0,0
unet__scratch__resnet34__in_rover__seed1414__gpu_full__39bfa6f5__gitc188b320__codebebd8b2d__20260711T015842068985Z,msl_ncam_nlb_492665102edr_f0490294ncam00295m1,test_msl,big_rock,iou,,0,0,0
unet__scratch__resnet34__in_rover__seed1414__gpu_full__39bfa6f5__gitc188b320__codebebd8b2d__20260711T015842068985Z,msl_ncam_nlb_492665102edr_f0490294ncam00295m1,test_msl,ALL,pixel_acc,,0,0,0
unet__scratch__resnet34__in_rover__seed1414__gpu_full__39bfa6f5__gitc188b320__codebebd8b2d__20260711T015842068985Z,msl_ncam_nlb_492665102edr_f0490294ncam00295m1,test_msl,ALL,boundary_f1,,0,0,0
unet__scratch__resnet34__in_rover__seed1414__gpu_full__39bfa6f5__gitc188b320__codebebd8b2d__20260711T015842068985Z,msl_ncam_nlb_493996330edr_f0491846ncam00385m1,test_msl,soil,iou,,0,0,89098
unet__scratch__resnet34__in_rover__seed1414__gpu_full__39bfa6f5__gitc188b320__codebebd8b2d__20260711T015842068985Z,msl_ncam_nlb_493996330edr_f0491846ncam00385m1,test_msl,bedrock,iou,1.0,39248,39248,89098
unet__scratch__resnet34__in_rover__seed1414__gpu_full__39bfa6f5__gitc188b320__codebebd8b2d__20260711T015842068985Z,msl_ncam_nlb_493996330edr_f0491846ncam00385m1,test_msl,sand,iou,1.0,49850,49850,89098
unet__scratch__resnet34__in_rover__seed1414__gpu_full__39bfa6f5__gitc188b320__codebebd8b2d__20260711T015842068985Z,msl_ncam_nlb_493996330edr_f0491846ncam00385m1,test_msl,big_rock,iou,,0,0,89098
unet__scratch__resnet34__in_rover__seed1414__gpu_full__39bfa6f5__gitc188b320__codebebd8b2d__20260711T015842068985Z,msl_ncam_nlb_493996330edr_f0491846ncam00385m1,test_msl,ALL,pixel_acc,1.0,0,0,89098
unet__scratch__resnet34__in_rover__seed1414__gpu_full__39bfa6f5__gitc188b320__codebebd8b2d__20260711T015842068985Z,msl_ncam_nlb_493996330edr_f0491846ncam00385m1,test_msl,ALL,boundary_f1,1.0,0,0,89098
unet__scratch__resnet34__in_rover__seed1414__gpu_full__39bfa6f5__gitc188b320__codebebd8b2d__20260711T015842068985Z,msl_ncam_nlb_493996945edr_f0491876ncam00353m1,test_msl,soil,iou,,0,0,75892
unet__scratch__resnet34__in_rover__seed1414__gpu_full__39bfa6f5__gitc188b320__codebebd8b2d__20260711T015842068985Z,msl_ncam_nlb_493996945edr_f0491876ncam00353m1,test_msl,bedrock,iou,0.8593227578689997,58342,67893,75892
unet__scratch__resnet34__in_rover__seed1414__gpu_full__39bfa6f5__gitc188b320__codebebd8b2d__20260711T015842068985Z,msl_ncam_nlb_493996945edr_f0491876ncam00353m1,test_msl,sand,iou,0.4557834757834758,7999,17550,75892
unet__scratch__resnet34__in_rover__seed1414__gpu_full__39bfa6f5__gitc188b320__codebebd8b2d__20260711T015842068985Z,msl_ncam_nlb_493996945edr_f0491876ncam00353m1,test_msl,big_rock,iou,,0,0,75892
unet__scratch__resnet34__in_rover__seed1414__gpu_full__39bfa6f5__gitc188b320__codebebd8b2d__20260711T015842068985Z,msl_ncam_nlb_493996945edr_f0491876ncam00353m1,test_msl,ALL,pixel_acc,0.8741501080482791,0,0,75892
unet__scratch__resnet34__in_rover__seed1414__gpu_full__39bfa6f5__gitc188b320__codebebd8b2d__20260711T015842068985Z,msl_ncam_nlb_493996945edr_f0491876ncam00353m1,test_msl,ALL,boundary_f1,0.571826550800095,0,0,75892
unet__scratch__resnet34__in_rover__seed1414__gpu_full__39bfa6f5__gitc188b320__codebebd8b2d__20260711T015842068985Z,msl_ncam_nlb_493997715edr_f0491876ncam00256m1,test_msl,soil,iou,,0,0,65259
unet__scratch__resnet34__in_rover__seed1414__gpu_full__39bfa6f5__gitc188b320__codebebd8b2d__20260711T015842068985Z,msl_ncam_nlb_493997715edr_f0491876ncam00256m1,test_msl,bedrock,iou,0.8811902231668438,16584,18820,65259
unet__scratch__resnet34__in_rover__seed1414__gpu_full__39bfa6f5__gitc188b320__codebebd8b2d__20260711T015842068985Z,msl_ncam_nlb_493997715edr_f0491876ncam00256m1,test_msl,sand,iou,0.9990534173783964,46439,46483,65259
unet__scratch__resnet34__in_rover__seed1414__gpu_full__39bfa6f5__gitc188b320__codebebd8b2d__20260711T015842068985Z,msl_ncam_nlb_493997715edr_f0491876ncam00256m1,test_msl,big_rock,iou,0.0,0,2192,65259
unet__scratch__resnet34__in_rover__seed1414__gpu_full__39bfa6f5__gitc188b320__codebebd8b2d__20260711T015842068985Z,msl_ncam_nlb_493997715edr_f0491876ncam00256m1,test_msl,ALL,pixel_acc,0.9657365267625921,0,0,65259
unet__scratch__resnet34__in_rover__seed1414__gpu_full__39bfa6f5__gitc188b320__codebebd8b2d__20260711T015842068985Z,msl_ncam_nlb_493997715edr_f0491876ncam00256m1,test_msl,ALL,boundary_f1,0.6318453124987765,0,0,65259
unet__scratch__resnet34__in_rover__seed1414__gpu_full__39bfa6f5__gitc188b320__codebebd8b2d__20260711T015842068985Z,msl_ncam_nlb_493997775edr_f0491876ncam00256m1,test_msl,soil,iou,,0,0,41074
unet__scratch__resnet34__in_rover__seed1414__gpu_full__39bfa6f5__gitc188b320__codebebd8b2d__20260711T015842068985Z,msl_ncam_nlb_493997775edr_f0491876ncam00256m1,test_msl,bedrock,iou,0.9698898329725714,30021,30953,41074
unet__scratch__resnet34__in_rover__seed1414__gpu_full__39bfa6f5__gitc188b320__codebebd8b2d__20260711T015842068985Z,msl_ncam_nlb_493997775edr_f0491876ncam00256m1,test_msl,sand,iou,0.9156790011761513,10121,11053,41074
unet__scratch__resnet34__in_rover__seed1414__gpu_full__39bfa6f5__gitc188b320__codebebd8b2d__20260711T015842068985Z,msl_ncam_nlb_493997775edr_f0491876ncam00256m1,test_msl,big_rock,iou,,0,0,41074
unet__scratch__resnet34__in_rover__seed1414__gpu_full__39bfa6f5__gitc188b320__codebebd8b2d__20260711T015842068985Z,msl_ncam_nlb_493997775edr_f0491876ncam00256m1,test_msl,ALL,pixel_acc,0.9773092467254224,0,0,41074
unet__scratch__resnet34__in_rover__seed1414__gpu_full__39bfa6f5__gitc188b320__codebebd8b2d__20260711T015842068985Z,msl_ncam_nlb_493997775edr_f0491876ncam00256m1,test_msl,ALL,boundary_f1,0.9043620277402626,0,0,41074
unet__scratch__resnet34__in_rover__seed1414__gpu_full__39bfa6f5__gitc188b320__codebebd8b2d__20260711T015842068985Z,msl_ncam_nlb_493997895edr_f0491876ncam00354m1,test_msl,soil,iou,,0,0,92765
unet__scratch__resnet34__in_rover__seed1414__gpu_full__39bfa6f5__gitc188b320__codebebd8b2d__20260711T015842068985Z,msl_ncam_nlb_493997895edr_f0491876ncam00354m1,test_msl,bedrock,iou,0.9383664230453046,83326,88799,92765
unet__scratch__resnet34__in_rover__seed1414__gpu_full__39bfa6f5__gitc188b320__codebebd8b2d__20260711T015842068985Z,msl_ncam_nlb_493997895edr_f0491876ncam00354m1,test_msl,sand,iou,0.42017162835046085,3966,9439,92765
unet__scratch__resnet34__in_rover__seed1414__gpu_full__39bfa6f5__gitc188b320__codebebd8b2d__20260711T015842068985Z,msl_ncam_nlb_493997895edr_f0491876ncam00354m1,test_msl,big_rock,iou,,0,0,92765
unet__scratch__resnet34__in_rover__seed1414__gpu_full__39bfa6f5__gitc188b320__codebebd8b2d__20260711T015842068985Z,msl_ncam_nlb_493997895edr_f0491876ncam00354m1,test_msl,ALL,pixel_acc,0.9410014552902496,0,0,92765
unet__scratch__resnet34__in_rover__seed1414__gpu_full__39bfa6f5__gitc188b320__codebebd8b2d__20260711T015842068985Z,msl_ncam_nlb_493997895edr_f0491876ncam00354m1,test_msl,ALL,boundary_f1,0.674539949720889,0,0,92765
unet__scratch__resnet34__in_rover__seed1414__gpu_full__39bfa6f5__gitc188b320__codebebd8b2d__20260711T015842068985Z,msl_ncam_nlb_493997974edr_f0491876ncam00354m1,test_msl,soil,iou,,0,0,43129
unet__scratch__resnet34__in_rover__seed1414__gpu_full__39bfa6f5__gitc188b320__codebebd8b2d__20260711T015842068985Z,msl_ncam_nlb_493997974edr_f0491876ncam00354m1,test_msl,bedrock,iou,0.9934565679699002,18219,18339,43129
unet__scratch__resnet34__in_rover__seed1414__gpu_full__39bfa6f5__gitc188b320__codebebd8b2d__20260711T015842068985Z,msl_ncam_nlb_493997974edr_f0491876ncam00354m1,test_msl,sand,iou,0.9951826575672421,24790,24910,43129
unet__scratch__resnet34__in_rover__seed1414__gpu_full__39bfa6f5__gitc188b320__codebebd8b2d__20260711T015842068985Z,msl_ncam_nlb_493997974edr_f0491876ncam00354m1,test_msl,big_rock,iou,,0,0,43129
unet__scratch__resnet34__in_rover__seed1414__gpu_full__39bfa6f5__gitc188b320__codebebd8b2d__20260711T015842068985Z,msl_ncam_nlb_493997974edr_f0491876ncam00354m1,test_msl,ALL,pixel_acc,0.9972176493774491,0,0,43129
unet__scratch__resnet34__in_rover__seed1414__gpu_full__39bfa6f5__gitc188b320__codebebd8b2d__20260711T015842068985Z,msl_ncam_nlb_493997974edr_f0491876ncam00354m1,test_msl,ALL,boundary_f1,0.9810718070343645,0,0,43129
unet__scratch__resnet34__in_rover__seed1414__gpu_full__39bfa6f5__gitc188b320__codebebd8b2d__20260711T015842068985Z,msl_ncam_nlb_493998022edr_f0491876ncam00257m1,test_msl,soil,iou,,0,0,59414
unet__scratch__resnet34__in_rover__seed1414__gpu_full__39bfa6f5__gitc188b320__codebebd8b2d__20260711T015842068985Z,msl_ncam_nlb_493998022edr_f0491876ncam00257m1,test_msl,bedrock,iou,0.6236789649855203,33166,53178,59414
unet__scratch__resnet34__in_rover__seed1414__gpu_full__39bfa6f5__gitc188b320__codebebd8b2d__20260711T015842068985Z,msl_ncam_nlb_493998022edr_f0491876ncam00257m1,test_msl,sand,iou,0.7640284244057829,6236,8162,59414
unet__scratch__resnet34__in_rover__seed1414__gpu_full__39bfa6f5__gitc188b320__codebebd8b2d__20260711T015842068985Z,msl_ncam_nlb_493998022edr_f0491876ncam00257m1,test_msl,big_rock,iou,0.0,0,18086,59414
unet__scratch__resnet34__in_rover__seed1414__gpu_full__39bfa6f5__gitc188b320__codebebd8b2d__20260711T015842068985Z,msl_ncam_nlb_493998022edr_f0491876ncam00257m1,test_msl,ALL,pixel_acc,0.663177028983068,0,0,59414
unet__scratch__resnet34__in_rover__seed1414__gpu_full__39bfa6f5__gitc188b320__codebebd8b2d__20260711T015842068985Z,msl_ncam_nlb_493998022edr_f0491876ncam00257m1,test_msl,ALL,boundary_f1,0.5115299997577379,0,0,59414
unet__scratch__resnet34__in_rover__seed1414__gpu_full__39bfa6f5__gitc188b320__codebebd8b2d__20260711T015842068985Z,msl_ncam_nlb_493998141edr_f0491876ncam00257m1,test_msl,soil,iou,,0,0,18319
unet__scratch__resnet34__in_rover__seed1414__gpu_full__39bfa6f5__gitc188b320__codebebd8b2d__20260711T015842068985Z,msl_ncam_nlb_493998141edr_f0491876ncam00257m1,test_msl,bedrock,iou,0.9862014587029371,5003,5073,18319
unet__scratch__resnet34__in_rover__seed1414__gpu_full__39bfa6f5__gitc188b320__codebebd8b2d__20260711T015842068985Z,msl_ncam_nlb_493998141edr_f0491876ncam00257m1,test_msl,sand,iou,0.9947431661159507,13246,13316,18319
unet__scratch__resnet34__in_rover__seed1414__gpu_full__39bfa6f5__gitc188b320__codebebd8b2d__20260711T015842068985Z,msl_ncam_nlb_493998141edr_f0491876ncam00257m1,test_msl,big_rock,iou,,0,0,18319
unet__scratch__resnet34__in_rover__seed1414__gpu_full__39bfa6f5__gitc188b320__codebebd8b2d__20260711T015842068985Z,msl_ncam_nlb_493998141edr_f0491876ncam00257m1,test_msl,ALL,pixel_acc,0.996178830722201,0,0,18319
unet__scratch__resnet34__in_rover__seed1414__gpu_full__39bfa6f5__gitc188b320__codebebd8b2d__20260711T015842068985Z,msl_ncam_nlb_493998141edr_f0491876ncam00257m1,test_msl,ALL,boundary_f1,0.9813520762673128,0,0,18319
unet__scratch__resnet34__in_rover__seed1414__gpu_full__39bfa6f5__gitc188b320__codebebd8b2d__20260711T015842068985Z,msl_ncam_nlb_493998256edr_f0491876ncam00257m1,test_msl,soil,iou,,0,0,4103
unet__scratch__resnet34__in_rover__seed1414__gpu_full__39bfa6f5__gitc188b320__codebebd8b2d__20260711T015842068985Z,msl_ncam_nlb_493998256edr_f0491876ncam00257m1,test_msl,bedrock,iou,1.0,1148,1148,4103
unet__scratch__resnet34__in_rover__seed1414__gpu_full__39bfa6f5__gitc188b320__codebebd8b2d__20260711T015842068985Z,msl_ncam_nlb_493998256edr_f0491876ncam00257m1,test_msl,sand,iou,1.0,2955,2955,4103
unet__scratch__resnet34__in_rover__seed1414__gpu_full__39bfa6f5__gitc188b320__codebebd8b2d__20260711T015842068985Z,msl_ncam_nlb_493998256edr_f0491876ncam00257m1,test_msl,big_rock,iou,,0,0,4103
unet__scratch__resnet34__in_rover__seed1414__gpu_full__39bfa6f5__gitc188b320__codebebd8b2d__20260711T015842068985Z,msl_ncam_nlb_493998256edr_f0491876ncam00257m1,test_msl,ALL,pixel_acc,1.0,0,0,4103
unet__scratch__resnet34__in_rover__seed1414__gpu_full__39bfa6f5__gitc188b320__codebebd8b2d__20260711T015842068985Z,msl_ncam_nlb_493998256edr_f0491876ncam00257m1,test_msl,ALL,boundary_f1,1.0,0,0,4103
unet__scratch__resnet34__in_rover__seed1414__gpu_full__39bfa6f5__gitc188b320__codebebd8b2d__20260711T015842068985Z,msl_ncam_nlb_500655478edr_f0503000ncam00385m1,test_msl,soil,iou,,0,0,113066
unet__scratch__resnet34__in_rover__seed1414__gpu_full__39bfa6f5__gitc188b320__codebebd8b2d__20260711T015842068985Z,msl_ncam_nlb_500655478edr_f0503000ncam00385m1,test_msl,bedrock,iou,1.0,113066,113066,113066
unet__scratch__resnet34__in_rover__seed1414__gpu_full__39bfa6f5__gitc188b320__codebebd8b2d__20260711T015842068985Z,msl_ncam_nlb_500655478edr_f0503000ncam00385m1,test_msl,sand,iou,,0,0,113066
unet__scratch__resnet34__in_rover__seed1414__gpu_full__39bfa6f5__gitc188b320__codebebd8b2d__20260711T015842068985Z,msl_ncam_nlb_500655478edr_f0503000ncam00385m1,test_msl,big_rock,iou,,0,0,113066
unet__scratch__resnet34__in_rover__seed1414__gpu_full__39bfa6f5__gitc188b320__codebebd8b2d__20260711T015842068985Z,msl_ncam_nlb_500655478edr_f0503000ncam00385m1,test_msl,ALL,pixel_acc,1.0,0,0,113066
unet__scratch__resnet34__in_rover__seed1414__gpu_full__39bfa6f5__gitc188b320__codebebd8b2d__20260711T015842068985Z,msl_ncam_nlb_500655478edr_f0503000ncam00385m1,test_msl,ALL,boundary_f1,1.0,0,0,113066
unet__scratch__resnet34__in_rover__seed1414__gpu_full__39bfa6f5__gitc188b320__codebebd8b2d__20260711T015842068985Z,msl_ncam_nlb_500656502edr_f0503076ncam00353m1,test_msl,soil,iou,0.0,0,7316,33179
unet__scratch__resnet34__in_rover__seed1414__gpu_full__39bfa6f5__gitc188b320__codebebd8b2d__20260711T015842068985Z,msl_ncam_nlb_500656502edr_f0503076ncam00353m1,test_msl,bedrock,iou,0.779499080743844,25863,33179,33179
unet__scratch__resnet34__in_rover__seed1414__gpu_full__39bfa6f5__gitc188b320__codebebd8b2d__20260711T015842068985Z,msl_ncam_nlb_500656502edr_f0503076ncam00353m1,test_msl,sand,iou,,0,0,33179
unet__scratch__resnet34__in_rover__seed1414__gpu_full__39bfa6f5__gitc188b320__codebebd8b2d__20260711T015842068985Z,msl_ncam_nlb_500656502edr_f0503076ncam00353m1,test_msl,big_rock,iou,,0,0,33179
unet__scratch__resnet34__in_rover__seed1414__gpu_full__39bfa6f5__gitc188b320__codebebd8b2d__20260711T015842068985Z,msl_ncam_nlb_500656502edr_f0503076ncam00353m1,test_msl,ALL,pixel_acc,0.779499080743844,0,0,33179
unet__scratch__resnet34__in_rover__seed1414__gpu_full__39bfa6f5__gitc188b320__codebebd8b2d__20260711T015842068985Z,msl_ncam_nlb_500656502edr_f0503076ncam00353m1,test_msl,ALL,boundary_f1,0.46972388180203456,0,0,33179
unet__scratch__resnet34__in_rover__seed1414__gpu_full__39bfa6f5__gitc188b320__codebebd8b2d__20260711T015842068985Z,msl_ncam_nlb_500661494edr_f0503076ncam00354m1,test_msl,soil,iou,,0,0,127313
unet__scratch__resnet34__in_rover__seed1414__gpu_full__39bfa6f5__gitc188b320__codebebd8b2d__20260711T015842068985Z,msl_ncam_nlb_500661494edr_f0503076ncam00354m1,test_msl,bedrock,iou,1.0,127313,127313,127313
unet__scratch__resnet34__in_rover__seed1414__gpu_full__39bfa6f5__gitc188b320__codebebd8b2d__20260711T015842068985Z,msl_ncam_nlb_500661494edr_f0503076ncam00354m1,test_msl,sand,iou,,0,0,127313
unet__scratch__resnet34__in_rover__seed1414__gpu_full__39bfa6f5__gitc188b320__codebebd8b2d__20260711T015842068985Z,msl_ncam_nlb_500661494edr_f0503076ncam00354m1,test_msl,big_rock,iou,,0,0,127313
unet__scratch__resnet34__in_rover__seed1414__gpu_full__39bfa6f5__gitc188b320__codebebd8b2d__20260711T015842068985Z,msl_ncam_nlb_500661494edr_f0503076ncam00354m1,test_msl,ALL,pixel_acc,1.0,0,0,127313
unet__scratch__resnet34__in_rover__seed1414__gpu_full__39bfa6f5__gitc188b320__codebebd8b2d__20260711T015842068985Z,msl_ncam_nlb_500661494edr_f0503076ncam00354m1,test_msl,ALL,boundary_f1,1.0,0,0,127313
unet__scratch__resnet34__in_rover__seed1414__gpu_full__39bfa6f5__gitc188b320__codebebd8b2d__20260711T015842068985Z,msl_ncam_nlb_500661565edr_f0503076ncam00354m1,test_msl,soil,iou,,0,0,25550
unet__scratch__resnet34__in_rover__seed1414__gpu_full__39bfa6f5__gitc188b320__codebebd8b2d__20260711T015842068985Z,msl_ncam_nlb_500661565edr_f0503076ncam00354m1,test_msl,bedrock,iou,1.0,25550,25550,25550
unet__scratch__resnet34__in_rover__seed1414__gpu_full__39bfa6f5__gitc188b320__codebebd8b2d__20260711T015842068985Z,msl_ncam_nlb_500661565edr_f0503076ncam00354m1,test_msl,sand,iou,,0,0,25550
unet__scratch__resnet34__in_rover__seed1414__gpu_full__39bfa6f5__gitc188b320__codebebd8b2d__20260711T015842068985Z,msl_ncam_nlb_500661565edr_f0503076ncam00354m1,test_msl,big_rock,iou,,0,0,25550
unet__scratch__resnet34__in_rover__seed1414__gpu_full__39bfa6f5__gitc188b320__codebebd8b2d__20260711T015842068985Z,msl_ncam_nlb_500661565edr_f0503076ncam00354m1,test_msl,ALL,pixel_acc,1.0,0,0,25550
unet__scratch__resnet34__in_rover__seed1414__gpu_full__39bfa6f5__gitc188b320__codebebd8b2d__20260711T015842068985Z,msl_ncam_nlb_500661565edr_f0503076ncam00354m1,test_msl,ALL,boundary_f1,1.0,0,0,25550
unet__scratch__resnet34__in_rover__seed1414__gpu_full__39bfa6f5__gitc188b320__codebebd8b2d__20260711T015842068985Z,msl_ncam_nlb_500661664edr_f0503076ncam07753m1,test_msl,soil,iou,0.41686805219913003,6900,16552,129119
unet__scratch__resnet34__in_rover__seed1414__gpu_full__39bfa6f5__gitc188b320__codebebd8b2d__20260711T015842068985Z,msl_ncam_nlb_500661664edr_f0503076ncam07753m1,test_msl,bedrock,iou,0.9210270088938708,112567,122219,129119
unet__scratch__resnet34__in_rover__seed1414__gpu_full__39bfa6f5__gitc188b320__codebebd8b2d__20260711T015842068985Z,msl_ncam_nlb_500661664edr_f0503076ncam07753m1,test_msl,sand,iou,,0,0,129119
unet__scratch__resnet34__in_rover__seed1414__gpu_full__39bfa6f5__gitc188b320__codebebd8b2d__20260711T015842068985Z,msl_ncam_nlb_500661664edr_f0503076ncam07753m1,test_msl,big_rock,iou,,0,0,129119
unet__scratch__resnet34__in_rover__seed1414__gpu_full__39bfa6f5__gitc188b320__codebebd8b2d__20260711T015842068985Z,msl_ncam_nlb_500661664edr_f0503076ncam07753m1,test_msl,ALL,pixel_acc,0.9252472525344837,0,0,129119
unet__scratch__resnet34__in_rover__seed1414__gpu_full__39bfa6f5__gitc188b320__codebebd8b2d__20260711T015842068985Z,msl_ncam_nlb_500661664edr_f0503076ncam07753m1,test_msl,ALL,boundary_f1,0.3956868260665729,0,0,129119
unet__scratch__resnet34__in_rover__seed1414__gpu_full__39bfa6f5__gitc188b320__codebebd8b2d__20260711T015842068985Z,msl_ncam_nlb_500661727edr_f0503076ncam07753m1,test_msl,soil,iou,,0,0,163353
unet__scratch__resnet34__in_rover__seed1414__gpu_full__39bfa6f5__gitc188b320__codebebd8b2d__20260711T015842068985Z,msl_ncam_nlb_500661727edr_f0503076ncam07753m1,test_msl,bedrock,iou,1.0,163353,163353,163353
unet__scratch__resnet34__in_rover__seed1414__gpu_full__39bfa6f5__gitc188b320__codebebd8b2d__20260711T015842068985Z,msl_ncam_nlb_500661727edr_f0503076ncam07753m1,test_msl,sand,iou,,0,0,163353
unet__scratch__resnet34__in_rover__seed1414__gpu_full__39bfa6f5__gitc188b320__codebebd8b2d__20260711T015842068985Z,msl_ncam_nlb_500661727edr_f0503076ncam07753m1,test_msl,big_rock,iou,,0,0,163353
unet__scratch__resnet34__in_rover__seed1414__gpu_full__39bfa6f5__gitc188b320__codebebd8b2d__20260711T015842068985Z,msl_ncam_nlb_500661727edr_f0503076ncam07753m1,test_msl,ALL,pixel_acc,1.0,0,0,163353
unet__scratch__resnet34__in_rover__seed1414__gpu_full__39bfa6f5__gitc188b320__codebebd8b2d__20260711T015842068985Z,msl_ncam_nlb_500661727edr_f0503076ncam07753m1,test_msl,ALL,boundary_f1,1.0,0,0,163353
unet__scratch__resnet34__in_rover__seed1414__gpu_full__39bfa6f5__gitc188b320__codebebd8b2d__20260711T015842068985Z,msl_ncam_nlb_500661784edr_f0503076ncam07753m1,test_msl,soil,iou,,0,0,133546
unet__scratch__resnet34__in_rover__seed1414__gpu_full__39bfa6f5__gitc188b320__codebebd8b2d__20260711T015842068985Z,msl_ncam_nlb_500661784edr_f0503076ncam07753m1,test_msl,bedrock,iou,1.0,133546,133546,133546
unet__scratch__resnet34__in_rover__seed1414__gpu_full__39bfa6f5__gitc188b320__codebebd8b2d__20260711T015842068985Z,msl_ncam_nlb_500661784edr_f0503076ncam07753m1,test_msl,sand,iou,,0,0,133546
unet__scratch__resnet34__in_rover__seed1414__gpu_full__39bfa6f5__gitc188b320__codebebd8b2d__20260711T015842068985Z,msl_ncam_nlb_500661784edr_f0503076ncam07753m1,test_msl,big_rock,iou,,0,0,133546
unet__scratch__resnet34__in_rover__seed1414__gpu_full__39bfa6f5__gitc188b320__codebebd8b2d__20260711T015842068985Z,msl_ncam_nlb_500661784edr_f0503076ncam07753m1,test_msl,ALL,pixel_acc,1.0,0,0,133546
unet__scratch__resnet34__in_rover__seed1414__gpu_full__39bfa6f5__gitc188b320__codebebd8b2d__20260711T015842068985Z,msl_ncam_nlb_500661784edr_f0503076ncam07753m1,test_msl,ALL,boundary_f1,1.0,0,0,133546
unet__scratch__resnet34__in_rover__seed1414__gpu_full__39bfa6f5__gitc188b320__codebebd8b2d__20260711T015842068985Z,msl_ncam_nlb_502512171edr_f0511298ncam00320m1,test_msl,soil,iou,,0,0,142320
unet__scratch__resnet34__in_rover__seed1414__gpu_full__39bfa6f5__gitc188b320__codebebd8b2d__20260711T015842068985Z,msl_ncam_nlb_502512171edr_f0511298ncam00320m1,test_msl,bedrock,iou,0.0,0,175,142320
unet__scratch__resnet34__in_rover__seed1414__gpu_full__39bfa6f5__gitc188b320__codebebd8b2d__20260711T015842068985Z,msl_ncam_nlb_502512171edr_f0511298ncam00320m1,test_msl,sand,iou,0.9987703766160765,142145,142320,142320
unet__scratch__resnet34__in_rover__seed1414__gpu_full__39bfa6f5__gitc188b320__codebebd8b2d__20260711T015842068985Z,msl_ncam_nlb_502512171edr_f0511298ncam00320m1,test_msl,big_rock,iou,,0,0,142320
unet__scratch__resnet34__in_rover__seed1414__gpu_full__39bfa6f5__gitc188b320__codebebd8b2d__20260711T015842068985Z,msl_ncam_nlb_502512171edr_f0511298ncam00320m1,test_msl,ALL,pixel_acc,0.9987703766160765,0,0,142320
unet__scratch__resnet34__in_rover__seed1414__gpu_full__39bfa6f5__gitc188b320__codebebd8b2d__20260711T015842068985Z,msl_ncam_nlb_502512171edr_f0511298ncam00320m1,test_msl,ALL,boundary_f1,0.49588828549263,0,0,142320
unet__scratch__resnet34__in_rover__seed1414__gpu_full__39bfa6f5__gitc188b320__codebebd8b2d__20260711T015842068985Z,msl_ncam_nlb_502515217edr_f0511406ncam00418m1,test_msl,soil,iou,,0,0,105136
unet__scratch__resnet34__in_rover__seed1414__gpu_full__39bfa6f5__gitc188b320__codebebd8b2d__20260711T015842068985Z,msl_ncam_nlb_502515217edr_f0511406ncam00418m1,test_msl,bedrock,iou,0.9839183433690704,13399,13618,105136
unet__scratch__resnet34__in_rover__seed1414__gpu_full__39bfa6f5__gitc188b320__codebebd8b2d__20260711T015842068985Z,msl_ncam_nlb_502515217edr_f0511406ncam00418m1,test_msl,sand,iou,0.9976127407698093,91518,91737,105136
unet__scratch__resnet34__in_rover__seed1414__gpu_full__39bfa6f5__gitc188b320__codebebd8b2d__20260711T015842068985Z,msl_ncam_nlb_502515217edr_f0511406ncam00418m1,test_msl,big_rock,iou,,0,0,105136
unet__scratch__resnet34__in_rover__seed1414__gpu_full__39bfa6f5__gitc188b320__codebebd8b2d__20260711T015842068985Z,msl_ncam_nlb_502515217edr_f0511406ncam00418m1,test_msl,ALL,pixel_acc,0.9979169837163293,0,0,105136
unet__scratch__resnet34__in_rover__seed1414__gpu_full__39bfa6f5__gitc188b320__codebebd8b2d__20260711T015842068985Z,msl_ncam_nlb_502515217edr_f0511406ncam00418m1,test_msl,ALL,boundary_f1,0.9551666014139417,0,0,105136
unet__scratch__resnet34__in_rover__seed1414__gpu_full__39bfa6f5__gitc188b320__codebebd8b2d__20260711T015842068985Z,msl_ncam_nlb_502516548edr_f0511430ncam00353m1,test_msl,soil,iou,,0,0,181365
unet__scratch__resnet34__in_rover__seed1414__gpu_full__39bfa6f5__gitc188b320__codebebd8b2d__20260711T015842068985Z,msl_ncam_nlb_502516548edr_f0511430ncam00353m1,test_msl,bedrock,iou,,0,0,181365
unet__scratch__resnet34__in_rover__seed1414__gpu_full__39bfa6f5__gitc188b320__codebebd8b2d__20260711T015842068985Z,msl_ncam_nlb_502516548edr_f0511430ncam00353m1,test_msl,sand,iou,1.0,181365,181365,181365
unet__scratch__resnet34__in_rover__seed1414__gpu_full__39bfa6f5__gitc188b320__codebebd8b2d__20260711T015842068985Z,msl_ncam_nlb_502516548edr_f0511430ncam00353m1,test_msl,big_rock,iou,,0,0,181365
unet__scratch__resnet34__in_rover__seed1414__gpu_full__39bfa6f5__gitc188b320__codebebd8b2d__20260711T015842068985Z,msl_ncam_nlb_502516548edr_f0511430ncam00353m1,test_msl,ALL,pixel_acc,1.0,0,0,181365
unet__scratch__resnet34__in_rover__seed1414__gpu_full__39bfa6f5__gitc188b320__codebebd8b2d__20260711T015842068985Z,msl_ncam_nlb_502516548edr_f0511430ncam00353m1,test_msl,ALL,boundary_f1,1.0,0,0,181365
unet__scratch__resnet34__in_rover__seed1414__gpu_full__39bfa6f5__gitc188b320__codebebd8b2d__20260711T015842068985Z,msl_ncam_nlb_502516765edr_f0511430ncam00419m1,test_msl,soil,iou,,0,0,160319
unet__scratch__resnet34__in_rover__seed1414__gpu_full__39bfa6f5__gitc188b320__codebebd8b2d__20260711T015842068985Z,msl_ncam_nlb_502516765edr_f0511430ncam00419m1,test_msl,bedrock,iou,0.8876500857632933,12420,13992,160319
unet__scratch__resnet34__in_rover__seed1414__gpu_full__39bfa6f5__gitc188b320__codebebd8b2d__20260711T015842068985Z,msl_ncam_nlb_502516765edr_f0511430ncam00419m1,test_msl,sand,iou,0.9893711248892826,146327,147899,160319
unet__scratch__resnet34__in_rover__seed1414__gpu_full__39bfa6f5__gitc188b320__codebebd8b2d__20260711T015842068985Z,msl_ncam_nlb_502516765edr_f0511430ncam00419m1,test_msl,big_rock,iou,,0,0,160319
unet__scratch__resnet34__in_rover__seed1414__gpu_full__39bfa6f5__gitc188b320__codebebd8b2d__20260711T015842068985Z,msl_ncam_nlb_502516765edr_f0511430ncam00419m1,test_msl,ALL,pixel_acc,0.9901945496167017,0,0,160319
unet__scratch__resnet34__in_rover__seed1414__gpu_full__39bfa6f5__gitc188b320__codebebd8b2d__20260711T015842068985Z,msl_ncam_nlb_502516765edr_f0511430ncam00419m1,test_msl,ALL,boundary_f1,0.895351201009184,0,0,160319
unet__scratch__resnet34__in_rover__seed1414__gpu_full__39bfa6f5__gitc188b320__codebebd8b2d__20260711T015842068985Z,msl_ncam_nlb_502516974edr_f0511430ncam09842m1,test_msl,soil,iou,,0,0,159008
unet__scratch__resnet34__in_rover__seed1414__gpu_full__39bfa6f5__gitc188b320__codebebd8b2d__20260711T015842068985Z,msl_ncam_nlb_502516974edr_f0511430ncam09842m1,test_msl,bedrock,iou,0.9940248027057497,8817,8870,159008
unet__scratch__resnet34__in_rover__seed1414__gpu_full__39bfa6f5__gitc188b320__codebebd8b2d__20260711T015842068985Z,msl_ncam_nlb_502516974edr_f0511430ncam09842m1,test_msl,sand,iou,0.9996471160056195,150138,150191,159008
unet__scratch__resnet34__in_rover__seed1414__gpu_full__39bfa6f5__gitc188b320__codebebd8b2d__20260711T015842068985Z,msl_ncam_nlb_502516974edr_f0511430ncam09842m1,test_msl,big_rock,iou,,0,0,159008
unet__scratch__resnet34__in_rover__seed1414__gpu_full__39bfa6f5__gitc188b320__codebebd8b2d__20260711T015842068985Z,msl_ncam_nlb_502516974edr_f0511430ncam09842m1,test_msl,ALL,pixel_acc,0.9996666834373114,0,0,159008
unet__scratch__resnet34__in_rover__seed1414__gpu_full__39bfa6f5__gitc188b320__codebebd8b2d__20260711T015842068985Z,msl_ncam_nlb_502516974edr_f0511430ncam09842m1,test_msl,ALL,boundary_f1,0.9841790696863,0,0,159008
unet__scratch__resnet34__in_rover__seed1414__gpu_full__39bfa6f5__gitc188b320__codebebd8b2d__20260711T015842068985Z,msl_ncam_nlb_502517100edr_f0511430ncam09842m1,test_msl,soil,iou,,0,0,195816
unet__scratch__resnet34__in_rover__seed1414__gpu_full__39bfa6f5__gitc188b320__codebebd8b2d__20260711T015842068985Z,msl_ncam_nlb_502517100edr_f0511430ncam09842m1,test_msl,bedrock,iou,,0,0,195816
unet__scratch__resnet34__in_rover__seed1414__gpu_full__39bfa6f5__gitc188b320__codebebd8b2d__20260711T015842068985Z,msl_ncam_nlb_502517100edr_f0511430ncam09842m1,test_msl,sand,iou,1.0,195816,195816,195816
unet__scratch__resnet34__in_rover__seed1414__gpu_full__39bfa6f5__gitc188b320__codebebd8b2d__20260711T015842068985Z,msl_ncam_nlb_502517100edr_f0511430ncam09842m1,test_msl,big_rock,iou,,0,0,195816
unet__scratch__resnet34__in_rover__seed1414__gpu_full__39bfa6f5__gitc188b320__codebebd8b2d__20260711T015842068985Z,msl_ncam_nlb_502517100edr_f0511430ncam09842m1,test_msl,ALL,pixel_acc,1.0,0,0,195816
unet__scratch__resnet34__in_rover__seed1414__gpu_full__39bfa6f5__gitc188b320__codebebd8b2d__20260711T015842068985Z,msl_ncam_nlb_502517100edr_f0511430ncam09842m1,test_msl,ALL,boundary_f1,1.0,0,0,195816
unet__scratch__resnet34__in_rover__seed1414__gpu_full__39bfa6f5__gitc188b320__codebebd8b2d__20260711T015842068985Z,msl_ncam_nlb_502517193edr_f0511430ncam09842m1,test_msl,soil,iou,,0,0,102176
unet__scratch__resnet34__in_rover__seed1414__gpu_full__39bfa6f5__gitc188b320__codebebd8b2d__20260711T015842068985Z,msl_ncam_nlb_502517193edr_f0511430ncam09842m1,test_msl,bedrock,iou,0.9637017319459329,27877,28927,102176
unet__scratch__resnet34__in_rover__seed1414__gpu_full__39bfa6f5__gitc188b320__codebebd8b2d__20260711T015842068985Z,msl_ncam_nlb_502517193edr_f0511430ncam09842m1,test_msl,sand,iou,0.9858679120849541,73249,74299,102176
unet__scratch__resnet34__in_rover__seed1414__gpu_full__39bfa6f5__gitc188b320__codebebd8b2d__20260711T015842068985Z,msl_ncam_nlb_502517193edr_f0511430ncam09842m1,test_msl,big_rock,iou,,0,0,102176
unet__scratch__resnet34__in_rover__seed1414__gpu_full__39bfa6f5__gitc188b320__codebebd8b2d__20260711T015842068985Z,msl_ncam_nlb_502517193edr_f0511430ncam09842m1,test_msl,ALL,pixel_acc,0.9897236141559662,0,0,102176
unet__scratch__resnet34__in_rover__seed1414__gpu_full__39bfa6f5__gitc188b320__codebebd8b2d__20260711T015842068985Z,msl_ncam_nlb_502517193edr_f0511430ncam09842m1,test_msl,ALL,boundary_f1,0.9366516828862139,0,0,102176
unet__scratch__resnet34__in_rover__seed1414__gpu_full__39bfa6f5__gitc188b320__codebebd8b2d__20260711T015842068985Z,msl_ncam_nlb_504390285edr_f0520004ncam00353m1,test_msl,soil,iou,,0,0,0
unet__scratch__resnet34__in_rover__seed1414__gpu_full__39bfa6f5__gitc188b320__codebebd8b2d__20260711T015842068985Z,msl_ncam_nlb_504390285edr_f0520004ncam00353m1,test_msl,bedrock,iou,,0,0,0
unet__scratch__resnet34__in_rover__seed1414__gpu_full__39bfa6f5__gitc188b320__codebebd8b2d__20260711T015842068985Z,msl_ncam_nlb_504390285edr_f0520004ncam00353m1,test_msl,sand,iou,,0,0,0
unet__scratch__resnet34__in_rover__seed1414__gpu_full__39bfa6f5__gitc188b320__codebebd8b2d__20260711T015842068985Z,msl_ncam_nlb_504390285edr_f0520004ncam00353m1,test_msl,big_rock,iou,,0,0,0
unet__scratch__resnet34__in_rover__seed1414__gpu_full__39bfa6f5__gitc188b320__codebebd8b2d__20260711T015842068985Z,msl_ncam_nlb_504390285edr_f0520004ncam00353m1,test_msl,ALL,pixel_acc,,0,0,0
unet__scratch__resnet34__in_rover__seed1414__gpu_full__39bfa6f5__gitc188b320__codebebd8b2d__20260711T015842068985Z,msl_ncam_nlb_504390285edr_f0520004ncam00353m1,test_msl,ALL,boundary_f1,,0,0,0
unet__scratch__resnet34__in_rover__seed1414__gpu_full__39bfa6f5__gitc188b320__codebebd8b2d__20260711T015842068985Z,msl_ncam_nlb_504390796edr_f0520004ncam00354m1,test_msl,soil,iou,,0,0,98057
unet__scratch__resnet34__in_rover__seed1414__gpu_full__39bfa6f5__gitc188b320__codebebd8b2d__20260711T015842068985Z,msl_ncam_nlb_504390796edr_f0520004ncam00354m1,test_msl,bedrock,iou,0.8706398392027135,83167,95524,98057
unet__scratch__resnet34__in_rover__seed1414__gpu_full__39bfa6f5__gitc188b320__codebebd8b2d__20260711T015842068985Z,msl_ncam_nlb_504390796edr_f0520004ncam00354m1,test_msl,sand,iou,0.17011417058428477,2533,14890,98057
unet__scratch__resnet34__in_rover__seed1414__gpu_full__39bfa6f5__gitc188b320__codebebd8b2d__20260711T015842068985Z,msl_ncam_nlb_504390796edr_f0520004ncam00354m1,test_msl,big_rock,iou,,0,0,98057
unet__scratch__resnet34__in_rover__seed1414__gpu_full__39bfa6f5__gitc188b320__codebebd8b2d__20260711T015842068985Z,msl_ncam_nlb_504390796edr_f0520004ncam00354m1,test_msl,ALL,pixel_acc,0.873981459763199,0,0,98057
unet__scratch__resnet34__in_rover__seed1414__gpu_full__39bfa6f5__gitc188b320__codebebd8b2d__20260711T015842068985Z,msl_ncam_nlb_504390796edr_f0520004ncam00354m1,test_msl,ALL,boundary_f1,0.5345657634517071,0,0,98057
unet__scratch__resnet34__in_rover__seed1414__gpu_full__39bfa6f5__gitc188b320__codebebd8b2d__20260711T015842068985Z,msl_ncam_nlb_504390846edr_f0520004ncam00354m1,test_msl,soil,iou,,0,0,66198
unet__scratch__resnet34__in_rover__seed1414__gpu_full__39bfa6f5__gitc188b320__codebebd8b2d__20260711T015842068985Z,msl_ncam_nlb_504390846edr_f0520004ncam00354m1,test_msl,bedrock,iou,0.8676521082268919,50539,58248,66198
unet__scratch__resnet34__in_rover__seed1414__gpu_full__39bfa6f5__gitc188b320__codebebd8b2d__20260711T015842068985Z,msl_ncam_nlb_504390846edr_f0520004ncam00354m1,test_msl,sand,iou,0.5076952551248484,7950,15659,66198
unet__scratch__resnet34__in_rover__seed1414__gpu_full__39bfa6f5__gitc188b320__codebebd8b2d__20260711T015842068985Z,msl_ncam_nlb_504390846edr_f0520004ncam00354m1,test_msl,big_rock,iou,,0,0,66198
unet__scratch__resnet34__in_rover__seed1414__gpu_full__39bfa6f5__gitc188b320__codebebd8b2d__20260711T015842068985Z,msl_ncam_nlb_504390846edr_f0520004ncam00354m1,test_msl,ALL,pixel_acc,0.8835463307048551,0,0,66198
unet__scratch__resnet34__in_rover__seed1414__gpu_full__39bfa6f5__gitc188b320__codebebd8b2d__20260711T015842068985Z,msl_ncam_nlb_504390846edr_f0520004ncam00354m1,test_msl,ALL,boundary_f1,0.7195688815317887,0,0,66198
unet__scratch__resnet34__in_rover__seed1414__gpu_full__39bfa6f5__gitc188b320__codebebd8b2d__20260711T015842068985Z,msl_ncam_nlb_504391195edr_f0520004ncam07753m1,test_msl,soil,iou,,0,0,173925
unet__scratch__resnet34__in_rover__seed1414__gpu_full__39bfa6f5__gitc188b320__codebebd8b2d__20260711T015842068985Z,msl_ncam_nlb_504391195edr_f0520004ncam07753m1,test_msl,bedrock,iou,0.983232077764277,52598,53495,173925
unet__scratch__resnet34__in_rover__seed1414__gpu_full__39bfa6f5__gitc188b320__codebebd8b2d__20260711T015842068985Z,msl_ncam_nlb_504391195edr_f0520004ncam07753m1,test_msl,sand,iou,0.9926067569461043,120430,121327,173925
unet__scratch__resnet34__in_rover__seed1414__gpu_full__39bfa6f5__gitc188b320__codebebd8b2d__20260711T015842068985Z,msl_ncam_nlb_504391195edr_f0520004ncam07753m1,test_msl,big_rock,iou,,0,0,173925
unet__scratch__resnet34__in_rover__seed1414__gpu_full__39bfa6f5__gitc188b320__codebebd8b2d__20260711T015842068985Z,msl_ncam_nlb_504391195edr_f0520004ncam07753m1,test_msl,ALL,pixel_acc,0.9948426045709358,0,0,173925
unet__scratch__resnet34__in_rover__seed1414__gpu_full__39bfa6f5__gitc188b320__codebebd8b2d__20260711T015842068985Z,msl_ncam_nlb_504391195edr_f0520004ncam07753m1,test_msl,ALL,boundary_f1,0.9454102462943133,0,0,173925
unet__scratch__resnet34__in_rover__seed1414__gpu_full__39bfa6f5__gitc188b320__codebebd8b2d__20260711T015842068985Z,msl_ncam_nlb_504391382edr_f0520004ncam07753m1,test_msl,soil,iou,,0,0,62981
unet__scratch__resnet34__in_rover__seed1414__gpu_full__39bfa6f5__gitc188b320__codebebd8b2d__20260711T015842068985Z,msl_ncam_nlb_504391382edr_f0520004ncam07753m1,test_msl,bedrock,iou,0.9966155616475446,29447,29547,62981
unet__scratch__resnet34__in_rover__seed1414__gpu_full__39bfa6f5__gitc188b320__codebebd8b2d__20260711T015842068985Z,msl_ncam_nlb_504391382edr_f0520004ncam07753m1,test_msl,sand,iou,0.9970179519293851,33434,33534,62981
unet__scratch__resnet34__in_rover__seed1414__gpu_full__39bfa6f5__gitc188b320__codebebd8b2d__20260711T015842068985Z,msl_ncam_nlb_504391382edr_f0520004ncam07753m1,test_msl,big_rock,iou,,0,0,62981
unet__scratch__resnet34__in_rover__seed1414__gpu_full__39bfa6f5__gitc188b320__codebebd8b2d__20260711T015842068985Z,msl_ncam_nlb_504391382edr_f0520004ncam07753m1,test_msl,ALL,pixel_acc,0.9984122195582795,0,0,62981
unet__scratch__resnet34__in_rover__seed1414__gpu_full__39bfa6f5__gitc188b320__codebebd8b2d__20260711T015842068985Z,msl_ncam_nlb_504391382edr_f0520004ncam07753m1,test_msl,ALL,boundary_f1,0.9893396280536622,0,0,62981
unet__scratch__resnet34__in_rover__seed1414__gpu_full__39bfa6f5__gitc188b320__codebebd8b2d__20260711T015842068985Z,msl_ncam_nlb_505891855edr_f0521112ncam00319m1,test_msl,soil,iou,,0,0,93351
unet__scratch__resnet34__in_rover__seed1414__gpu_full__39bfa6f5__gitc188b320__codebebd8b2d__20260711T015842068985Z,msl_ncam_nlb_505891855edr_f0521112ncam00319m1,test_msl,bedrock,iou,,0,0,93351
unet__scratch__resnet34__in_rover__seed1414__gpu_full__39bfa6f5__gitc188b320__codebebd8b2d__20260711T015842068985Z,msl_ncam_nlb_505891855edr_f0521112ncam00319m1,test_msl,sand,iou,1.0,93351,93351,93351
unet__scratch__resnet34__in_rover__seed1414__gpu_full__39bfa6f5__gitc188b320__codebebd8b2d__20260711T015842068985Z,msl_ncam_nlb_505891855edr_f0521112ncam00319m1,test_msl,big_rock,iou,,0,0,93351
unet__scratch__resnet34__in_rover__seed1414__gpu_full__39bfa6f5__gitc188b320__codebebd8b2d__20260711T015842068985Z,msl_ncam_nlb_505891855edr_f0521112ncam00319m1,test_msl,ALL,pixel_acc,1.0,0,0,93351
unet__scratch__resnet34__in_rover__seed1414__gpu_full__39bfa6f5__gitc188b320__codebebd8b2d__20260711T015842068985Z,msl_ncam_nlb_505891855edr_f0521112ncam00319m1,test_msl,ALL,boundary_f1,1.0,0,0,93351
unet__scratch__resnet34__in_rover__seed1414__gpu_full__39bfa6f5__gitc188b320__codebebd8b2d__20260711T015842068985Z,msl_ncam_nlb_505898310edr_f0521162ncam12753m1,test_msl,soil,iou,,0,0,39614
unet__scratch__resnet34__in_rover__seed1414__gpu_full__39bfa6f5__gitc188b320__codebebd8b2d__20260711T015842068985Z,msl_ncam_nlb_505898310edr_f0521162ncam12753m1,test_msl,bedrock,iou,0.8555056293229666,33890,39614,39614
unet__scratch__resnet34__in_rover__seed1414__gpu_full__39bfa6f5__gitc188b320__codebebd8b2d__20260711T015842068985Z,msl_ncam_nlb_505898310edr_f0521162ncam12753m1,test_msl,sand,iou,0.0,0,5724,39614
unet__scratch__resnet34__in_rover__seed1414__gpu_full__39bfa6f5__gitc188b320__codebebd8b2d__20260711T015842068985Z,msl_ncam_nlb_505898310edr_f0521162ncam12753m1,test_msl,big_rock,iou,,0,0,39614
unet__scratch__resnet34__in_rover__seed1414__gpu_full__39bfa6f5__gitc188b320__codebebd8b2d__20260711T015842068985Z,msl_ncam_nlb_505898310edr_f0521162ncam12753m1,test_msl,ALL,pixel_acc,0.8555056293229666,0,0,39614
unet__scratch__resnet34__in_rover__seed1414__gpu_full__39bfa6f5__gitc188b320__codebebd8b2d__20260711T015842068985Z,msl_ncam_nlb_505898310edr_f0521162ncam12753m1,test_msl,ALL,boundary_f1,0.4613887875471239,0,0,39614
unet__scratch__resnet34__in_rover__seed1414__gpu_full__39bfa6f5__gitc188b320__codebebd8b2d__20260711T015842068985Z,msl_ncam_nlb_505898372edr_f0521162ncam12753m1,test_msl,soil,iou,,0,0,70730
unet__scratch__resnet34__in_rover__seed1414__gpu_full__39bfa6f5__gitc188b320__codebebd8b2d__20260711T015842068985Z,msl_ncam_nlb_505898372edr_f0521162ncam12753m1,test_msl,bedrock,iou,0.7787398360153778,45779,58786,70730
unet__scratch__resnet34__in_rover__seed1414__gpu_full__39bfa6f5__gitc188b320__codebebd8b2d__20260711T015842068985Z,msl_ncam_nlb_505898372edr_f0521162ncam12753m1,test_msl,sand,iou,0.4786982485671917,11944,24951,70730
unet__scratch__resnet34__in_rover__seed1414__gpu_full__39bfa6f5__gitc188b320__codebebd8b2d__20260711T015842068985Z,msl_ncam_nlb_505898372edr_f0521162ncam12753m1,test_msl,big_rock,iou,,0,0,70730
unet__scratch__resnet34__in_rover__seed1414__gpu_full__39bfa6f5__gitc188b320__codebebd8b2d__20260711T015842068985Z,msl_ncam_nlb_505898372edr_f0521162ncam12753m1,test_msl,ALL,pixel_acc,0.8161034921532588,0,0,70730
unet__scratch__resnet34__in_rover__seed1414__gpu_full__39bfa6f5__gitc188b320__codebebd8b2d__20260711T015842068985Z,msl_ncam_nlb_505898372edr_f0521162ncam12753m1,test_msl,ALL,boundary_f1,0.551713718261157,0,0,70730
unet__scratch__resnet34__in_rover__seed1414__gpu_full__39bfa6f5__gitc188b320__codebebd8b2d__20260711T015842068985Z,msl_ncam_nlb_505898434edr_f0521162ncam12753m1,test_msl,soil,iou,,0,0,186871
unet__scratch__resnet34__in_rover__seed1414__gpu_full__39bfa6f5__gitc188b320__codebebd8b2d__20260711T015842068985Z,msl_ncam_nlb_505898434edr_f0521162ncam12753m1,test_msl,bedrock,iou,0.0,0,11,186871
unet__scratch__resnet34__in_rover__seed1414__gpu_full__39bfa6f5__gitc188b320__codebebd8b2d__20260711T015842068985Z,msl_ncam_nlb_505898434edr_f0521162ncam12753m1,test_msl,sand,iou,0.9999411358637776,186860,186871,186871
unet__scratch__resnet34__in_rover__seed1414__gpu_full__39bfa6f5__gitc188b320__codebebd8b2d__20260711T015842068985Z,msl_ncam_nlb_505898434edr_f0521162ncam12753m1,test_msl,big_rock,iou,,0,0,186871
unet__scratch__resnet34__in_rover__seed1414__gpu_full__39bfa6f5__gitc188b320__codebebd8b2d__20260711T015842068985Z,msl_ncam_nlb_505898434edr_f0521162ncam12753m1,test_msl,ALL,pixel_acc,0.9999411358637776,0,0,186871
unet__scratch__resnet34__in_rover__seed1414__gpu_full__39bfa6f5__gitc188b320__codebebd8b2d__20260711T015842068985Z,msl_ncam_nlb_505898434edr_f0521162ncam12753m1,test_msl,ALL,boundary_f1,0.49976492712740955,0,0,186871
unet__scratch__resnet34__in_rover__seed1414__gpu_full__39bfa6f5__gitc188b320__codebebd8b2d__20260711T015842068985Z,msl_ncam_nlb_505898562edr_f0521162ncam12753m1,test_msl,soil,iou,,0,0,0
unet__scratch__resnet34__in_rover__seed1414__gpu_full__39bfa6f5__gitc188b320__codebebd8b2d__20260711T015842068985Z,msl_ncam_nlb_505898562edr_f0521162ncam12753m1,test_msl,bedrock,iou,,0,0,0
unet__scratch__resnet34__in_rover__seed1414__gpu_full__39bfa6f5__gitc188b320__codebebd8b2d__20260711T015842068985Z,msl_ncam_nlb_505898562edr_f0521162ncam12753m1,test_msl,sand,iou,,0,0,0
unet__scratch__resnet34__in_rover__seed1414__gpu_full__39bfa6f5__gitc188b320__codebebd8b2d__20260711T015842068985Z,msl_ncam_nlb_505898562edr_f0521162ncam12753m1,test_msl,big_rock,iou,,0,0,0
unet__scratch__resnet34__in_rover__seed1414__gpu_full__39bfa6f5__gitc188b320__codebebd8b2d__20260711T015842068985Z,msl_ncam_nlb_505898562edr_f0521162ncam12753m1,test_msl,ALL,pixel_acc,,0,0,0
unet__scratch__resnet34__in_rover__seed1414__gpu_full__39bfa6f5__gitc188b320__codebebd8b2d__20260711T015842068985Z,msl_ncam_nlb_505898562edr_f0521162ncam12753m1,test_msl,ALL,boundary_f1,,0,0,0
unet__scratch__resnet34__in_rover__seed1414__gpu_full__39bfa6f5__gitc188b320__codebebd8b2d__20260711T015842068985Z,msl_ncam_nlb_505898711edr_f0521162ncam12753m1,test_msl,soil,iou,0.0,0,298,84361
unet__scratch__resnet34__in_rover__seed1414__gpu_full__39bfa6f5__gitc188b320__codebebd8b2d__20260711T015842068985Z,msl_ncam_nlb_505898711edr_f0521162ncam12753m1,test_msl,bedrock,iou,0.8810758263123785,10876,12344,84361
unet__scratch__resnet34__in_rover__seed1414__gpu_full__39bfa6f5__gitc188b320__codebebd8b2d__20260711T015842068985Z,msl_ncam_nlb_505898711edr_f0521162ncam12753m1,test_msl,sand,iou,0.9840135543197562,72017,73187,84361
unet__scratch__resnet34__in_rover__seed1414__gpu_full__39bfa6f5__gitc188b320__codebebd8b2d__20260711T015842068985Z,msl_ncam_nlb_505898711edr_f0521162ncam12753m1,test_msl,big_rock,iou,,0,0,84361
unet__scratch__resnet34__in_rover__seed1414__gpu_full__39bfa6f5__gitc188b320__codebebd8b2d__20260711T015842068985Z,msl_ncam_nlb_505898711edr_f0521162ncam12753m1,test_msl,ALL,pixel_acc,0.9825985941371013,0,0,84361
unet__scratch__resnet34__in_rover__seed1414__gpu_full__39bfa6f5__gitc188b320__codebebd8b2d__20260711T015842068985Z,msl_ncam_nlb_505898711edr_f0521162ncam12753m1,test_msl,ALL,boundary_f1,0.5917641227018438,0,0,84361
unet__scratch__resnet34__in_rover__seed1414__gpu_full__39bfa6f5__gitc188b320__codebebd8b2d__20260711T015842068985Z,msl_ncam_nlb_505898763edr_f0521162ncam00353m1,test_msl,soil,iou,,0,0,107150
unet__scratch__resnet34__in_rover__seed1414__gpu_full__39bfa6f5__gitc188b320__codebebd8b2d__20260711T015842068985Z,msl_ncam_nlb_505898763edr_f0521162ncam00353m1,test_msl,bedrock,iou,0.9602316180487271,8789,9153,107150
unet__scratch__resnet34__in_rover__seed1414__gpu_full__39bfa6f5__gitc188b320__codebebd8b2d__20260711T015842068985Z,msl_ncam_nlb_505898763edr_f0521162ncam00353m1,test_msl,sand,iou,0.9962993462856213,97997,98361,107150
unet__scratch__resnet34__in_rover__seed1414__gpu_full__39bfa6f5__gitc188b320__codebebd8b2d__20260711T015842068985Z,msl_ncam_nlb_505898763edr_f0521162ncam00353m1,test_msl,big_rock,iou,,0,0,107150
unet__scratch__resnet34__in_rover__seed1414__gpu_full__39bfa6f5__gitc188b320__codebebd8b2d__20260711T015842068985Z,msl_ncam_nlb_505898763edr_f0521162ncam00353m1,test_msl,ALL,pixel_acc,0.9966028931404574,0,0,107150
unet__scratch__resnet34__in_rover__seed1414__gpu_full__39bfa6f5__gitc188b320__codebebd8b2d__20260711T015842068985Z,msl_ncam_nlb_505898763edr_f0521162ncam00353m1,test_msl,ALL,boundary_f1,0.9543693314687829,0,0,107150
unet__scratch__resnet34__in_rover__seed1414__gpu_full__39bfa6f5__gitc188b320__codebebd8b2d__20260711T015842068985Z,msl_ncam_nlb_505900047edr_f0521162ncam00352m1,test_msl,soil,iou,,0,0,228276
unet__scratch__resnet34__in_rover__seed1414__gpu_full__39bfa6f5__gitc188b320__codebebd8b2d__20260711T015842068985Z,msl_ncam_nlb_505900047edr_f0521162ncam00352m1,test_msl,bedrock,iou,0.0,0,6225,228276
unet__scratch__resnet34__in_rover__seed1414__gpu_full__39bfa6f5__gitc188b320__codebebd8b2d__20260711T015842068985Z,msl_ncam_nlb_505900047edr_f0521162ncam00352m1,test_msl,sand,iou,0.9727303790148767,222051,228276,228276
unet__scratch__resnet34__in_rover__seed1414__gpu_full__39bfa6f5__gitc188b320__codebebd8b2d__20260711T015842068985Z,msl_ncam_nlb_505900047edr_f0521162ncam00352m1,test_msl,big_rock,iou,,0,0,228276
unet__scratch__resnet34__in_rover__seed1414__gpu_full__39bfa6f5__gitc188b320__codebebd8b2d__20260711T015842068985Z,msl_ncam_nlb_505900047edr_f0521162ncam00352m1,test_msl,ALL,pixel_acc,0.9727303790148767,0,0,228276
unet__scratch__resnet34__in_rover__seed1414__gpu_full__39bfa6f5__gitc188b320__codebebd8b2d__20260711T015842068985Z,msl_ncam_nlb_505900047edr_f0521162ncam00352m1,test_msl,ALL,boundary_f1,0.45637860987541096,0,0,228276
unet__scratch__resnet34__in_rover__seed1414__gpu_full__39bfa6f5__gitc188b320__codebebd8b2d__20260711T015842068985Z,msl_ncam_nlb_512555058edr_f0532644ncam00264m1,test_msl,soil,iou,,0,0,77059
unet__scratch__resnet34__in_rover__seed1414__gpu_full__39bfa6f5__gitc188b320__codebebd8b2d__20260711T015842068985Z,msl_ncam_nlb_512555058edr_f0532644ncam00264m1,test_msl,bedrock,iou,1.0,33844,33844,77059
unet__scratch__resnet34__in_rover__seed1414__gpu_full__39bfa6f5__gitc188b320__codebebd8b2d__20260711T015842068985Z,msl_ncam_nlb_512555058edr_f0532644ncam00264m1,test_msl,sand,iou,1.0,43215,43215,77059
unet__scratch__resnet34__in_rover__seed1414__gpu_full__39bfa6f5__gitc188b320__codebebd8b2d__20260711T015842068985Z,msl_ncam_nlb_512555058edr_f0532644ncam00264m1,test_msl,big_rock,iou,,0,0,77059
unet__scratch__resnet34__in_rover__seed1414__gpu_full__39bfa6f5__gitc188b320__codebebd8b2d__20260711T015842068985Z,msl_ncam_nlb_512555058edr_f0532644ncam00264m1,test_msl,ALL,pixel_acc,1.0,0,0,77059
unet__scratch__resnet34__in_rover__seed1414__gpu_full__39bfa6f5__gitc188b320__codebebd8b2d__20260711T015842068985Z,msl_ncam_nlb_512555058edr_f0532644ncam00264m1,test_msl,ALL,boundary_f1,1.0,0,0,77059
unet__scratch__resnet34__in_rover__seed1414__gpu_full__39bfa6f5__gitc188b320__codebebd8b2d__20260711T015842068985Z,msl_ncam_nlb_512555120edr_f0532644ncam00264m1,test_msl,soil,iou,,0,0,31610
unet__scratch__resnet34__in_rover__seed1414__gpu_full__39bfa6f5__gitc188b320__codebebd8b2d__20260711T015842068985Z,msl_ncam_nlb_512555120edr_f0532644ncam00264m1,test_msl,bedrock,iou,1.0,31610,31610,31610
unet__scratch__resnet34__in_rover__seed1414__gpu_full__39bfa6f5__gitc188b320__codebebd8b2d__20260711T015842068985Z,msl_ncam_nlb_512555120edr_f0532644ncam00264m1,test_msl,sand,iou,,0,0,31610
unet__scratch__resnet34__in_rover__seed1414__gpu_full__39bfa6f5__gitc188b320__codebebd8b2d__20260711T015842068985Z,msl_ncam_nlb_512555120edr_f0532644ncam00264m1,test_msl,big_rock,iou,,0,0,31610
unet__scratch__resnet34__in_rover__seed1414__gpu_full__39bfa6f5__gitc188b320__codebebd8b2d__20260711T015842068985Z,msl_ncam_nlb_512555120edr_f0532644ncam00264m1,test_msl,ALL,pixel_acc,1.0,0,0,31610
unet__scratch__resnet34__in_rover__seed1414__gpu_full__39bfa6f5__gitc188b320__codebebd8b2d__20260711T015842068985Z,msl_ncam_nlb_512555120edr_f0532644ncam00264m1,test_msl,ALL,boundary_f1,1.0,0,0,31610
unet__scratch__resnet34__in_rover__seed1414__gpu_full__39bfa6f5__gitc188b320__codebebd8b2d__20260711T015842068985Z,msl_ncam_nlb_512555645edr_f0532644ncam00354m1,test_msl,soil,iou,,0,0,29150
unet__scratch__resnet34__in_rover__seed1414__gpu_full__39bfa6f5__gitc188b320__codebebd8b2d__20260711T015842068985Z,msl_ncam_nlb_512555645edr_f0532644ncam00354m1,test_msl,bedrock,iou,0.0,0,7646,29150
unet__scratch__resnet34__in_rover__seed1414__gpu_full__39bfa6f5__gitc188b320__codebebd8b2d__20260711T015842068985Z,msl_ncam_nlb_512555645edr_f0532644ncam00354m1,test_msl,sand,iou,0.7377015437392795,21504,29150,29150
unet__scratch__resnet34__in_rover__seed1414__gpu_full__39bfa6f5__gitc188b320__codebebd8b2d__20260711T015842068985Z,msl_ncam_nlb_512555645edr_f0532644ncam00354m1,test_msl,big_rock,iou,,0,0,29150
unet__scratch__resnet34__in_rover__seed1414__gpu_full__39bfa6f5__gitc188b320__codebebd8b2d__20260711T015842068985Z,msl_ncam_nlb_512555645edr_f0532644ncam00354m1,test_msl,ALL,pixel_acc,0.7377015437392795,0,0,29150
unet__scratch__resnet34__in_rover__seed1414__gpu_full__39bfa6f5__gitc188b320__codebebd8b2d__20260711T015842068985Z,msl_ncam_nlb_512555645edr_f0532644ncam00354m1,test_msl,ALL,boundary_f1,0.39123271022859996,0,0,29150
unet__scratch__resnet34__in_rover__seed1414__gpu_full__39bfa6f5__gitc188b320__codebebd8b2d__20260711T015842068985Z,msl_ncam_nlb_512555804edr_f0532644ncam07753m1,test_msl,soil,iou,,0,0,0
unet__scratch__resnet34__in_rover__seed1414__gpu_full__39bfa6f5__gitc188b320__codebebd8b2d__20260711T015842068985Z,msl_ncam_nlb_512555804edr_f0532644ncam07753m1,test_msl,bedrock,iou,,0,0,0
unet__scratch__resnet34__in_rover__seed1414__gpu_full__39bfa6f5__gitc188b320__codebebd8b2d__20260711T015842068985Z,msl_ncam_nlb_512555804edr_f0532644ncam07753m1,test_msl,sand,iou,,0,0,0
unet__scratch__resnet34__in_rover__seed1414__gpu_full__39bfa6f5__gitc188b320__codebebd8b2d__20260711T015842068985Z,msl_ncam_nlb_512555804edr_f0532644ncam07753m1,test_msl,big_rock,iou,,0,0,0
unet__scratch__resnet34__in_rover__seed1414__gpu_full__39bfa6f5__gitc188b320__codebebd8b2d__20260711T015842068985Z,msl_ncam_nlb_512555804edr_f0532644ncam07753m1,test_msl,ALL,pixel_acc,,0,0,0
unet__scratch__resnet34__in_rover__seed1414__gpu_full__39bfa6f5__gitc188b320__codebebd8b2d__20260711T015842068985Z,msl_ncam_nlb_512555804edr_f0532644ncam07753m1,test_msl,ALL,boundary_f1,,0,0,0
unet__scratch__resnet34__in_rover__seed1414__gpu_full__39bfa6f5__gitc188b320__codebebd8b2d__20260711T015842068985Z,msl_ncam_nlb_512555867edr_f0532644ncam07753m1,test_msl,soil,iou,,0,0,52439
unet__scratch__resnet34__in_rover__seed1414__gpu_full__39bfa6f5__gitc188b320__codebebd8b2d__20260711T015842068985Z,msl_ncam_nlb_512555867edr_f0532644ncam07753m1,test_msl,bedrock,iou,0.9985975862681968,50556,50627,52439
unet__scratch__resnet34__in_rover__seed1414__gpu_full__39bfa6f5__gitc188b320__codebebd8b2d__20260711T015842068985Z,msl_ncam_nlb_512555867edr_f0532644ncam07753m1,test_msl,sand,iou,0.7328730748805098,1380,1883,52439
unet__scratch__resnet34__in_rover__seed1414__gpu_full__39bfa6f5__gitc188b320__codebebd8b2d__20260711T015842068985Z,msl_ncam_nlb_512555867edr_f0532644ncam07753m1,test_msl,big_rock,iou,0.0,0,432,52439
unet__scratch__resnet34__in_rover__seed1414__gpu_full__39bfa6f5__gitc188b320__codebebd8b2d__20260711T015842068985Z,msl_ncam_nlb_512555867edr_f0532644ncam07753m1,test_msl,ALL,pixel_acc,0.9904079025153035,0,0,52439
unet__scratch__resnet34__in_rover__seed1414__gpu_full__39bfa6f5__gitc188b320__codebebd8b2d__20260711T015842068985Z,msl_ncam_nlb_512555867edr_f0532644ncam07753m1,test_msl,ALL,boundary_f1,0.5886085485431553,0,0,52439
unet__scratch__resnet34__in_rover__seed1414__gpu_full__39bfa6f5__gitc188b320__codebebd8b2d__20260711T015842068985Z,msl_ncam_nlb_520358689edr_f0550940ncam00299m1,test_msl,soil,iou,,0,0,27530
unet__scratch__resnet34__in_rover__seed1414__gpu_full__39bfa6f5__gitc188b320__codebebd8b2d__20260711T015842068985Z,msl_ncam_nlb_520358689edr_f0550940ncam00299m1,test_msl,bedrock,iou,1.0,27530,27530,27530
unet__scratch__resnet34__in_rover__seed1414__gpu_full__39bfa6f5__gitc188b320__codebebd8b2d__20260711T015842068985Z,msl_ncam_nlb_520358689edr_f0550940ncam00299m1,test_msl,sand,iou,,0,0,27530
unet__scratch__resnet34__in_rover__seed1414__gpu_full__39bfa6f5__gitc188b320__codebebd8b2d__20260711T015842068985Z,msl_ncam_nlb_520358689edr_f0550940ncam00299m1,test_msl,big_rock,iou,,0,0,27530
unet__scratch__resnet34__in_rover__seed1414__gpu_full__39bfa6f5__gitc188b320__codebebd8b2d__20260711T015842068985Z,msl_ncam_nlb_520358689edr_f0550940ncam00299m1,test_msl,ALL,pixel_acc,1.0,0,0,27530
unet__scratch__resnet34__in_rover__seed1414__gpu_full__39bfa6f5__gitc188b320__codebebd8b2d__20260711T015842068985Z,msl_ncam_nlb_520358689edr_f0550940ncam00299m1,test_msl,ALL,boundary_f1,1.0,0,0,27530
unet__scratch__resnet34__in_rover__seed1414__gpu_full__39bfa6f5__gitc188b320__codebebd8b2d__20260711T015842068985Z,msl_ncam_nlb_520358799edr_f0550940ncam00299m1,test_msl,soil,iou,,0,0,150778
unet__scratch__resnet34__in_rover__seed1414__gpu_full__39bfa6f5__gitc188b320__codebebd8b2d__20260711T015842068985Z,msl_ncam_nlb_520358799edr_f0550940ncam00299m1,test_msl,bedrock,iou,1.0,150778,150778,150778
unet__scratch__resnet34__in_rover__seed1414__gpu_full__39bfa6f5__gitc188b320__codebebd8b2d__20260711T015842068985Z,msl_ncam_nlb_520358799edr_f0550940ncam00299m1,test_msl,sand,iou,,0,0,150778
unet__scratch__resnet34__in_rover__seed1414__gpu_full__39bfa6f5__gitc188b320__codebebd8b2d__20260711T015842068985Z,msl_ncam_nlb_520358799edr_f0550940ncam00299m1,test_msl,big_rock,iou,,0,0,150778
unet__scratch__resnet34__in_rover__seed1414__gpu_full__39bfa6f5__gitc188b320__codebebd8b2d__20260711T015842068985Z,msl_ncam_nlb_520358799edr_f0550940ncam00299m1,test_msl,ALL,pixel_acc,1.0,0,0,150778
unet__scratch__resnet34__in_rover__seed1414__gpu_full__39bfa6f5__gitc188b320__codebebd8b2d__20260711T015842068985Z,msl_ncam_nlb_520358799edr_f0550940ncam00299m1,test_msl,ALL,boundary_f1,1.0,0,0,150778
unet__scratch__resnet34__in_rover__seed1414__gpu_full__39bfa6f5__gitc188b320__codebebd8b2d__20260711T015842068985Z,msl_ncam_nlb_520359057edr_f0550940ncam00654m1,test_msl,soil,iou,,0,0,36846
unet__scratch__resnet34__in_rover__seed1414__gpu_full__39bfa6f5__gitc188b320__codebebd8b2d__20260711T015842068985Z,msl_ncam_nlb_520359057edr_f0550940ncam00654m1,test_msl,bedrock,iou,0.8093144439016446,29820,36846,36846
unet__scratch__resnet34__in_rover__seed1414__gpu_full__39bfa6f5__gitc188b320__codebebd8b2d__20260711T015842068985Z,msl_ncam_nlb_520359057edr_f0550940ncam00654m1,test_msl,sand,iou,0.0,0,7026,36846
unet__scratch__resnet34__in_rover__seed1414__gpu_full__39bfa6f5__gitc188b320__codebebd8b2d__20260711T015842068985Z,msl_ncam_nlb_520359057edr_f0550940ncam00654m1,test_msl,big_rock,iou,,0,0,36846
unet__scratch__resnet34__in_rover__seed1414__gpu_full__39bfa6f5__gitc188b320__codebebd8b2d__20260711T015842068985Z,msl_ncam_nlb_520359057edr_f0550940ncam00654m1,test_msl,ALL,pixel_acc,0.8093144439016446,0,0,36846
unet__scratch__resnet34__in_rover__seed1414__gpu_full__39bfa6f5__gitc188b320__codebebd8b2d__20260711T015842068985Z,msl_ncam_nlb_520359057edr_f0550940ncam00654m1,test_msl,ALL,boundary_f1,0.4054521852012116,0,0,36846
unet__scratch__resnet34__in_rover__seed1414__gpu_full__39bfa6f5__gitc188b320__codebebd8b2d__20260711T015842068985Z,msl_ncam_nlb_520359112edr_f0550940ncam00654m1,test_msl,soil,iou,,0,0,51622
unet__scratch__resnet34__in_rover__seed1414__gpu_full__39bfa6f5__gitc188b320__codebebd8b2d__20260711T015842068985Z,msl_ncam_nlb_520359112edr_f0550940ncam00654m1,test_msl,bedrock,iou,0.9766572391615977,50417,51622,51622
unet__scratch__resnet34__in_rover__seed1414__gpu_full__39bfa6f5__gitc188b320__codebebd8b2d__20260711T015842068985Z,msl_ncam_nlb_520359112edr_f0550940ncam00654m1,test_msl,sand,iou,0.0,0,1205,51622
unet__scratch__resnet34__in_rover__seed1414__gpu_full__39bfa6f5__gitc188b320__codebebd8b2d__20260711T015842068985Z,msl_ncam_nlb_520359112edr_f0550940ncam00654m1,test_msl,big_rock,iou,,0,0,51622
unet__scratch__resnet34__in_rover__seed1414__gpu_full__39bfa6f5__gitc188b320__codebebd8b2d__20260711T015842068985Z,msl_ncam_nlb_520359112edr_f0550940ncam00654m1,test_msl,ALL,pixel_acc,0.9766572391615977,0,0,51622
unet__scratch__resnet34__in_rover__seed1414__gpu_full__39bfa6f5__gitc188b320__codebebd8b2d__20260711T015842068985Z,msl_ncam_nlb_520359112edr_f0550940ncam00654m1,test_msl,ALL,boundary_f1,0.4903941938238224,0,0,51622
unet__scratch__resnet34__in_rover__seed1414__gpu_full__39bfa6f5__gitc188b320__codebebd8b2d__20260711T015842068985Z,msl_ncam_nlb_520359279edr_f0550940ncam07753m1,test_msl,soil,iou,,0,0,52407
unet__scratch__resnet34__in_rover__seed1414__gpu_full__39bfa6f5__gitc188b320__codebebd8b2d__20260711T015842068985Z,msl_ncam_nlb_520359279edr_f0550940ncam07753m1,test_msl,bedrock,iou,0.9570858854733146,50158,52407,52407
unet__scratch__resnet34__in_rover__seed1414__gpu_full__39bfa6f5__gitc188b320__codebebd8b2d__20260711T015842068985Z,msl_ncam_nlb_520359279edr_f0550940ncam07753m1,test_msl,sand,iou,0.0,0,2249,52407
unet__scratch__resnet34__in_rover__seed1414__gpu_full__39bfa6f5__gitc188b320__codebebd8b2d__20260711T015842068985Z,msl_ncam_nlb_520359279edr_f0550940ncam07753m1,test_msl,big_rock,iou,,0,0,52407
unet__scratch__resnet34__in_rover__seed1414__gpu_full__39bfa6f5__gitc188b320__codebebd8b2d__20260711T015842068985Z,msl_ncam_nlb_520359279edr_f0550940ncam07753m1,test_msl,ALL,pixel_acc,0.9570858854733146,0,0,52407
unet__scratch__resnet34__in_rover__seed1414__gpu_full__39bfa6f5__gitc188b320__codebebd8b2d__20260711T015842068985Z,msl_ncam_nlb_520359279edr_f0550940ncam07753m1,test_msl,ALL,boundary_f1,0.4879534021710352,0,0,52407
unet__scratch__resnet34__in_rover__seed1414__gpu_full__39bfa6f5__gitc188b320__codebebd8b2d__20260711T015842068985Z,msl_ncam_nlb_520359399edr_f0550940ncam07753m1,test_msl,soil,iou,,0,0,6638
unet__scratch__resnet34__in_rover__seed1414__gpu_full__39bfa6f5__gitc188b320__codebebd8b2d__20260711T015842068985Z,msl_ncam_nlb_520359399edr_f0550940ncam07753m1,test_msl,bedrock,iou,1.0,6638,6638,6638
unet__scratch__resnet34__in_rover__seed1414__gpu_full__39bfa6f5__gitc188b320__codebebd8b2d__20260711T015842068985Z,msl_ncam_nlb_520359399edr_f0550940ncam07753m1,test_msl,sand,iou,,0,0,6638
unet__scratch__resnet34__in_rover__seed1414__gpu_full__39bfa6f5__gitc188b320__codebebd8b2d__20260711T015842068985Z,msl_ncam_nlb_520359399edr_f0550940ncam07753m1,test_msl,big_rock,iou,,0,0,6638
unet__scratch__resnet34__in_rover__seed1414__gpu_full__39bfa6f5__gitc188b320__codebebd8b2d__20260711T015842068985Z,msl_ncam_nlb_520359399edr_f0550940ncam07753m1,test_msl,ALL,pixel_acc,1.0,0,0,6638
unet__scratch__resnet34__in_rover__seed1414__gpu_full__39bfa6f5__gitc188b320__codebebd8b2d__20260711T015842068985Z,msl_ncam_nlb_520359399edr_f0550940ncam07753m1,test_msl,ALL,boundary_f1,1.0,0,0,6638
unet__scratch__resnet34__in_rover__seed1414__gpu_full__39bfa6f5__gitc188b320__codebebd8b2d__20260711T015842068985Z,msl_ncam_nlb_525148881edr_f0570774ncam00353m1,test_msl,soil,iou,,0,0,0
unet__scratch__resnet34__in_rover__seed1414__gpu_full__39bfa6f5__gitc188b320__codebebd8b2d__20260711T015842068985Z,msl_ncam_nlb_525148881edr_f0570774ncam00353m1,test_msl,bedrock,iou,,0,0,0
unet__scratch__resnet34__in_rover__seed1414__gpu_full__39bfa6f5__gitc188b320__codebebd8b2d__20260711T015842068985Z,msl_ncam_nlb_525148881edr_f0570774ncam00353m1,test_msl,sand,iou,,0,0,0
unet__scratch__resnet34__in_rover__seed1414__gpu_full__39bfa6f5__gitc188b320__codebebd8b2d__20260711T015842068985Z,msl_ncam_nlb_525148881edr_f0570774ncam00353m1,test_msl,big_rock,iou,,0,0,0
unet__scratch__resnet34__in_rover__seed1414__gpu_full__39bfa6f5__gitc188b320__codebebd8b2d__20260711T015842068985Z,msl_ncam_nlb_525148881edr_f0570774ncam00353m1,test_msl,ALL,pixel_acc,,0,0,0
unet__scratch__resnet34__in_rover__seed1414__gpu_full__39bfa6f5__gitc188b320__codebebd8b2d__20260711T015842068985Z,msl_ncam_nlb_525148881edr_f0570774ncam00353m1,test_msl,ALL,boundary_f1,,0,0,0
unet__scratch__resnet34__in_rover__seed1414__gpu_full__39bfa6f5__gitc188b320__codebebd8b2d__20260711T015842068985Z,msl_ncam_nlb_525149027edr_f0570774ncam00287m1,test_msl,soil,iou,,0,0,57576
unet__scratch__resnet34__in_rover__seed1414__gpu_full__39bfa6f5__gitc188b320__codebebd8b2d__20260711T015842068985Z,msl_ncam_nlb_525149027edr_f0570774ncam00287m1,test_msl,bedrock,iou,1.0,57576,57576,57576
unet__scratch__resnet34__in_rover__seed1414__gpu_full__39bfa6f5__gitc188b320__codebebd8b2d__20260711T015842068985Z,msl_ncam_nlb_525149027edr_f0570774ncam00287m1,test_msl,sand,iou,,0,0,57576
unet__scratch__resnet34__in_rover__seed1414__gpu_full__39bfa6f5__gitc188b320__codebebd8b2d__20260711T015842068985Z,msl_ncam_nlb_525149027edr_f0570774ncam00287m1,test_msl,big_rock,iou,,0,0,57576
unet__scratch__resnet34__in_rover__seed1414__gpu_full__39bfa6f5__gitc188b320__codebebd8b2d__20260711T015842068985Z,msl_ncam_nlb_525149027edr_f0570774ncam00287m1,test_msl,ALL,pixel_acc,1.0,0,0,57576
unet__scratch__resnet34__in_rover__seed1414__gpu_full__39bfa6f5__gitc188b320__codebebd8b2d__20260711T015842068985Z,msl_ncam_nlb_525149027edr_f0570774ncam00287m1,test_msl,ALL,boundary_f1,1.0,0,0,57576
unet__scratch__resnet34__in_rover__seed1414__gpu_full__39bfa6f5__gitc188b320__codebebd8b2d__20260711T015842068985Z,msl_ncam_nlb_525149336edr_f0570774ncam00654m1,test_msl,soil,iou,,0,0,38978
unet__scratch__resnet34__in_rover__seed1414__gpu_full__39bfa6f5__gitc188b320__codebebd8b2d__20260711T015842068985Z,msl_ncam_nlb_525149336edr_f0570774ncam00654m1,test_msl,bedrock,iou,1.0,38978,38978,38978
unet__scratch__resnet34__in_rover__seed1414__gpu_full__39bfa6f5__gitc188b320__codebebd8b2d__20260711T015842068985Z,msl_ncam_nlb_525149336edr_f0570774ncam00654m1,test_msl,sand,iou,,0,0,38978
unet__scratch__resnet34__in_rover__seed1414__gpu_full__39bfa6f5__gitc188b320__codebebd8b2d__20260711T015842068985Z,msl_ncam_nlb_525149336edr_f0570774ncam00654m1,test_msl,big_rock,iou,,0,0,38978
unet__scratch__resnet34__in_rover__seed1414__gpu_full__39bfa6f5__gitc188b320__codebebd8b2d__20260711T015842068985Z,msl_ncam_nlb_525149336edr_f0570774ncam00654m1,test_msl,ALL,pixel_acc,1.0,0,0,38978
unet__scratch__resnet34__in_rover__seed1414__gpu_full__39bfa6f5__gitc188b320__codebebd8b2d__20260711T015842068985Z,msl_ncam_nlb_525149336edr_f0570774ncam00654m1,test_msl,ALL,boundary_f1,1.0,0,0,38978
unet__scratch__resnet34__in_rover__seed1414__gpu_full__39bfa6f5__gitc188b320__codebebd8b2d__20260711T015842068985Z,msl_ncam_nlb_525149367edr_f0570774ncam00654m1,test_msl,soil,iou,,0,0,62531
unet__scratch__resnet34__in_rover__seed1414__gpu_full__39bfa6f5__gitc188b320__codebebd8b2d__20260711T015842068985Z,msl_ncam_nlb_525149367edr_f0570774ncam00654m1,test_msl,bedrock,iou,0.950309958940504,59019,62105,62531
unet__scratch__resnet34__in_rover__seed1414__gpu_full__39bfa6f5__gitc188b320__codebebd8b2d__20260711T015842068985Z,msl_ncam_nlb_525149367edr_f0570774ncam00654m1,test_msl,sand,iou,0.12129840546697039,426,3512,62531
unet__scratch__resnet34__in_rover__seed1414__gpu_full__39bfa6f5__gitc188b320__codebebd8b2d__20260711T015842068985Z,msl_ncam_nlb_525149367edr_f0570774ncam00654m1,test_msl,big_rock,iou,,0,0,62531
unet__scratch__resnet34__in_rover__seed1414__gpu_full__39bfa6f5__gitc188b320__codebebd8b2d__20260711T015842068985Z,msl_ncam_nlb_525149367edr_f0570774ncam00654m1,test_msl,ALL,pixel_acc,0.9506484783547361,0,0,62531
unet__scratch__resnet34__in_rover__seed1414__gpu_full__39bfa6f5__gitc188b320__codebebd8b2d__20260711T015842068985Z,msl_ncam_nlb_525149367edr_f0570774ncam00654m1,test_msl,ALL,boundary_f1,0.608840989408081,0,0,62531
unet__scratch__resnet34__in_rover__seed1414__gpu_full__39bfa6f5__gitc188b320__codebebd8b2d__20260711T015842068985Z,msl_ncam_nlb_525149424edr_f0570774ncam00654m1,test_msl,soil,iou,,0,0,56706
unet__scratch__resnet34__in_rover__seed1414__gpu_full__39bfa6f5__gitc188b320__codebebd8b2d__20260711T015842068985Z,msl_ncam_nlb_525149424edr_f0570774ncam00654m1,test_msl,bedrock,iou,0.9301439918755214,51290,55142,56706
unet__scratch__resnet34__in_rover__seed1414__gpu_full__39bfa6f5__gitc188b320__codebebd8b2d__20260711T015842068985Z,msl_ncam_nlb_525149424edr_f0570774ncam00654m1,test_msl,sand,iou,0.28877400295420974,1564,5416,56706
unet__scratch__resnet34__in_rover__seed1414__gpu_full__39bfa6f5__gitc188b320__codebebd8b2d__20260711T015842068985Z,msl_ncam_nlb_525149424edr_f0570774ncam00654m1,test_msl,big_rock,iou,,0,0,56706
unet__scratch__resnet34__in_rover__seed1414__gpu_full__39bfa6f5__gitc188b320__codebebd8b2d__20260711T015842068985Z,msl_ncam_nlb_525149424edr_f0570774ncam00654m1,test_msl,ALL,pixel_acc,0.9320706803512856,0,0,56706
unet__scratch__resnet34__in_rover__seed1414__gpu_full__39bfa6f5__gitc188b320__codebebd8b2d__20260711T015842068985Z,msl_ncam_nlb_525149424edr_f0570774ncam00654m1,test_msl,ALL,boundary_f1,0.7039960204968692,0,0,56706
unet__scratch__resnet34__in_rover__seed1414__gpu_full__39bfa6f5__gitc188b320__codebebd8b2d__20260711T015842068985Z,msl_ncam_nlb_525149485edr_f0570774ncam07753m1,test_msl,soil,iou,,0,0,26086
unet__scratch__resnet34__in_rover__seed1414__gpu_full__39bfa6f5__gitc188b320__codebebd8b2d__20260711T015842068985Z,msl_ncam_nlb_525149485edr_f0570774ncam07753m1,test_msl,bedrock,iou,0.8669017863988346,22614,26086,26086
unet__scratch__resnet34__in_rover__seed1414__gpu_full__39bfa6f5__gitc188b320__codebebd8b2d__20260711T015842068985Z,msl_ncam_nlb_525149485edr_f0570774ncam07753m1,test_msl,sand,iou,0.0,0,3472,26086
unet__scratch__resnet34__in_rover__seed1414__gpu_full__39bfa6f5__gitc188b320__codebebd8b2d__20260711T015842068985Z,msl_ncam_nlb_525149485edr_f0570774ncam07753m1,test_msl,big_rock,iou,,0,0,26086
unet__scratch__resnet34__in_rover__seed1414__gpu_full__39bfa6f5__gitc188b320__codebebd8b2d__20260711T015842068985Z,msl_ncam_nlb_525149485edr_f0570774ncam07753m1,test_msl,ALL,pixel_acc,0.8669017863988346,0,0,26086
unet__scratch__resnet34__in_rover__seed1414__gpu_full__39bfa6f5__gitc188b320__codebebd8b2d__20260711T015842068985Z,msl_ncam_nlb_525149485edr_f0570774ncam07753m1,test_msl,ALL,boundary_f1,0.473028306925405,0,0,26086
unet__scratch__resnet34__in_rover__seed1414__gpu_full__39bfa6f5__gitc188b320__codebebd8b2d__20260711T015842068985Z,msl_ncam_nlb_525149600edr_f0570774ncam07753m1,test_msl,soil,iou,,0,0,0
unet__scratch__resnet34__in_rover__seed1414__gpu_full__39bfa6f5__gitc188b320__codebebd8b2d__20260711T015842068985Z,msl_ncam_nlb_525149600edr_f0570774ncam07753m1,test_msl,bedrock,iou,,0,0,0
unet__scratch__resnet34__in_rover__seed1414__gpu_full__39bfa6f5__gitc188b320__codebebd8b2d__20260711T015842068985Z,msl_ncam_nlb_525149600edr_f0570774ncam07753m1,test_msl,sand,iou,,0,0,0
unet__scratch__resnet34__in_rover__seed1414__gpu_full__39bfa6f5__gitc188b320__codebebd8b2d__20260711T015842068985Z,msl_ncam_nlb_525149600edr_f0570774ncam07753m1,test_msl,big_rock,iou,,0,0,0
unet__scratch__resnet34__in_rover__seed1414__gpu_full__39bfa6f5__gitc188b320__codebebd8b2d__20260711T015842068985Z,msl_ncam_nlb_525149600edr_f0570774ncam07753m1,test_msl,ALL,pixel_acc,,0,0,0
unet__scratch__resnet34__in_rover__seed1414__gpu_full__39bfa6f5__gitc188b320__codebebd8b2d__20260711T015842068985Z,msl_ncam_nlb_525149600edr_f0570774ncam07753m1,test_msl,ALL,boundary_f1,,0,0,0
unet__scratch__resnet34__in_rover__seed1414__gpu_full__39bfa6f5__gitc188b320__codebebd8b2d__20260711T015842068985Z,msl_ncam_nlb_525149717edr_f0570774ncam07753m1,test_msl,soil,iou,,0,0,41397
unet__scratch__resnet34__in_rover__seed1414__gpu_full__39bfa6f5__gitc188b320__codebebd8b2d__20260711T015842068985Z,msl_ncam_nlb_525149717edr_f0570774ncam07753m1,test_msl,bedrock,iou,0.952218759813513,39419,41397,41397
unet__scratch__resnet34__in_rover__seed1414__gpu_full__39bfa6f5__gitc188b320__codebebd8b2d__20260711T015842068985Z,msl_ncam_nlb_525149717edr_f0570774ncam07753m1,test_msl,sand,iou,0.0,0,1978,41397
unet__scratch__resnet34__in_rover__seed1414__gpu_full__39bfa6f5__gitc188b320__codebebd8b2d__20260711T015842068985Z,msl_ncam_nlb_525149717edr_f0570774ncam07753m1,test_msl,big_rock,iou,,0,0,41397
unet__scratch__resnet34__in_rover__seed1414__gpu_full__39bfa6f5__gitc188b320__codebebd8b2d__20260711T015842068985Z,msl_ncam_nlb_525149717edr_f0570774ncam07753m1,test_msl,ALL,pixel_acc,0.952218759813513,0,0,41397
unet__scratch__resnet34__in_rover__seed1414__gpu_full__39bfa6f5__gitc188b320__codebebd8b2d__20260711T015842068985Z,msl_ncam_nlb_525149717edr_f0570774ncam07753m1,test_msl,ALL,boundary_f1,0.49305507566857854,0,0,41397
unet__scratch__resnet34__in_rover__seed1414__gpu_full__39bfa6f5__gitc188b320__codebebd8b2d__20260711T015842068985Z,msl_ncam_nlb_527820640edr_f0580000ncam00253m1,test_msl,soil,iou,,0,0,92147
unet__scratch__resnet34__in_rover__seed1414__gpu_full__39bfa6f5__gitc188b320__codebebd8b2d__20260711T015842068985Z,msl_ncam_nlb_527820640edr_f0580000ncam00253m1,test_msl,bedrock,iou,0.9586747262526181,88339,92147,92147
unet__scratch__resnet34__in_rover__seed1414__gpu_full__39bfa6f5__gitc188b320__codebebd8b2d__20260711T015842068985Z,msl_ncam_nlb_527820640edr_f0580000ncam00253m1,test_msl,sand,iou,0.0,0,3808,92147
unet__scratch__resnet34__in_rover__seed1414__gpu_full__39bfa6f5__gitc188b320__codebebd8b2d__20260711T015842068985Z,msl_ncam_nlb_527820640edr_f0580000ncam00253m1,test_msl,big_rock,iou,,0,0,92147
unet__scratch__resnet34__in_rover__seed1414__gpu_full__39bfa6f5__gitc188b320__codebebd8b2d__20260711T015842068985Z,msl_ncam_nlb_527820640edr_f0580000ncam00253m1,test_msl,ALL,pixel_acc,0.9586747262526181,0,0,92147
unet__scratch__resnet34__in_rover__seed1414__gpu_full__39bfa6f5__gitc188b320__codebebd8b2d__20260711T015842068985Z,msl_ncam_nlb_527820640edr_f0580000ncam00253m1,test_msl,ALL,boundary_f1,0.4814001060686416,0,0,92147
unet__scratch__resnet34__in_rover__seed1414__gpu_full__39bfa6f5__gitc188b320__codebebd8b2d__20260711T015842068985Z,msl_ncam_nlb_527820910edr_f0580000ncam00654m1,test_msl,soil,iou,,0,0,42689
unet__scratch__resnet34__in_rover__seed1414__gpu_full__39bfa6f5__gitc188b320__codebebd8b2d__20260711T015842068985Z,msl_ncam_nlb_527820910edr_f0580000ncam00654m1,test_msl,bedrock,iou,0.8973557831395013,31018,34566,42689
unet__scratch__resnet34__in_rover__seed1414__gpu_full__39bfa6f5__gitc188b320__codebebd8b2d__20260711T015842068985Z,msl_ncam_nlb_527820910edr_f0580000ncam00654m1,test_msl,sand,iou,0.6959986290806272,8123,11671,42689
unet__scratch__resnet34__in_rover__seed1414__gpu_full__39bfa6f5__gitc188b320__codebebd8b2d__20260711T015842068985Z,msl_ncam_nlb_527820910edr_f0580000ncam00654m1,test_msl,big_rock,iou,,0,0,42689
unet__scratch__resnet34__in_rover__seed1414__gpu_full__39bfa6f5__gitc188b320__codebebd8b2d__20260711T015842068985Z,msl_ncam_nlb_527820910edr_f0580000ncam00654m1,test_msl,ALL,pixel_acc,0.9168872543278128,0,0,42689
unet__scratch__resnet34__in_rover__seed1414__gpu_full__39bfa6f5__gitc188b320__codebebd8b2d__20260711T015842068985Z,msl_ncam_nlb_527820910edr_f0580000ncam00654m1,test_msl,ALL,boundary_f1,0.8056913925155127,0,0,42689
unet__scratch__resnet34__in_rover__seed1414__gpu_full__39bfa6f5__gitc188b320__codebebd8b2d__20260711T015842068985Z,msl_ncam_nlb_527820942edr_f0580000ncam00654m1,test_msl,soil,iou,,0,0,75399
unet__scratch__resnet34__in_rover__seed1414__gpu_full__39bfa6f5__gitc188b320__codebebd8b2d__20260711T015842068985Z,msl_ncam_nlb_527820942edr_f0580000ncam00654m1,test_msl,bedrock,iou,0.698534098151689,44936,64329,75399
unet__scratch__resnet34__in_rover__seed1414__gpu_full__39bfa6f5__gitc188b320__codebebd8b2d__20260711T015842068985Z,msl_ncam_nlb_527820942edr_f0580000ncam00654m1,test_msl,sand,iou,0.3633916554508748,11070,30463,75399
unet__scratch__resnet34__in_rover__seed1414__gpu_full__39bfa6f5__gitc188b320__codebebd8b2d__20260711T015842068985Z,msl_ncam_nlb_527820942edr_f0580000ncam00654m1,test_msl,big_rock,iou,,0,0,75399
unet__scratch__resnet34__in_rover__seed1414__gpu_full__39bfa6f5__gitc188b320__codebebd8b2d__20260711T015842068985Z,msl_ncam_nlb_527820942edr_f0580000ncam00654m1,test_msl,ALL,pixel_acc,0.7427949972811311,0,0,75399
unet__scratch__resnet34__in_rover__seed1414__gpu_full__39bfa6f5__gitc188b320__codebebd8b2d__20260711T015842068985Z,msl_ncam_nlb_527820942edr_f0580000ncam00654m1,test_msl,ALL,boundary_f1,0.5011063674507292,0,0,75399
unet__scratch__resnet34__in_rover__seed1414__gpu_full__39bfa6f5__gitc188b320__codebebd8b2d__20260711T015842068985Z,msl_ncam_nlb_527821074edr_f0580000ncam07753m1,test_msl,soil,iou,,0,0,3982
unet__scratch__resnet34__in_rover__seed1414__gpu_full__39bfa6f5__gitc188b320__codebebd8b2d__20260711T015842068985Z,msl_ncam_nlb_527821074edr_f0580000ncam07753m1,test_msl,bedrock,iou,0.0,0,3973,3982
unet__scratch__resnet34__in_rover__seed1414__gpu_full__39bfa6f5__gitc188b320__codebebd8b2d__20260711T015842068985Z,msl_ncam_nlb_527821074edr_f0580000ncam07753m1,test_msl,sand,iou,0.0022601707684580612,9,3982,3982
unet__scratch__resnet34__in_rover__seed1414__gpu_full__39bfa6f5__gitc188b320__codebebd8b2d__20260711T015842068985Z,msl_ncam_nlb_527821074edr_f0580000ncam07753m1,test_msl,big_rock,iou,,0,0,3982
unet__scratch__resnet34__in_rover__seed1414__gpu_full__39bfa6f5__gitc188b320__codebebd8b2d__20260711T015842068985Z,msl_ncam_nlb_527821074edr_f0580000ncam07753m1,test_msl,ALL,pixel_acc,0.0022601707684580612,0,0,3982
unet__scratch__resnet34__in_rover__seed1414__gpu_full__39bfa6f5__gitc188b320__codebebd8b2d__20260711T015842068985Z,msl_ncam_nlb_527821074edr_f0580000ncam07753m1,test_msl,ALL,boundary_f1,0.03043478260869565,0,0,3982
unet__scratch__resnet34__in_rover__seed1414__gpu_full__39bfa6f5__gitc188b320__codebebd8b2d__20260711T015842068985Z,msl_ncam_nlb_527821213edr_f0580000ncam07753m1,test_msl,soil,iou,,0,0,13830
unet__scratch__resnet34__in_rover__seed1414__gpu_full__39bfa6f5__gitc188b320__codebebd8b2d__20260711T015842068985Z,msl_ncam_nlb_527821213edr_f0580000ncam07753m1,test_msl,bedrock,iou,0.9446131597975416,13064,13830,13830
unet__scratch__resnet34__in_rover__seed1414__gpu_full__39bfa6f5__gitc188b320__codebebd8b2d__20260711T015842068985Z,msl_ncam_nlb_527821213edr_f0580000ncam07753m1,test_msl,sand,iou,0.0,0,766,13830
unet__scratch__resnet34__in_rover__seed1414__gpu_full__39bfa6f5__gitc188b320__codebebd8b2d__20260711T015842068985Z,msl_ncam_nlb_527821213edr_f0580000ncam07753m1,test_msl,big_rock,iou,,0,0,13830
unet__scratch__resnet34__in_rover__seed1414__gpu_full__39bfa6f5__gitc188b320__codebebd8b2d__20260711T015842068985Z,msl_ncam_nlb_527821213edr_f0580000ncam07753m1,test_msl,ALL,pixel_acc,0.9446131597975416,0,0,13830
unet__scratch__resnet34__in_rover__seed1414__gpu_full__39bfa6f5__gitc188b320__codebebd8b2d__20260711T015842068985Z,msl_ncam_nlb_527821213edr_f0580000ncam07753m1,test_msl,ALL,boundary_f1,0.4875061244487996,0,0,13830
unet__scratch__resnet34__in_rover__seed1414__gpu_full__39bfa6f5__gitc188b320__codebebd8b2d__20260711T015842068985Z,msl_ncam_nlb_527821275edr_f0580000ncam07753m1,test_msl,soil,iou,,0,0,18660
unet__scratch__resnet34__in_rover__seed1414__gpu_full__39bfa6f5__gitc188b320__codebebd8b2d__20260711T015842068985Z,msl_ncam_nlb_527821275edr_f0580000ncam07753m1,test_msl,bedrock,iou,1.0,18660,18660,18660
unet__scratch__resnet34__in_rover__seed1414__gpu_full__39bfa6f5__gitc188b320__codebebd8b2d__20260711T015842068985Z,msl_ncam_nlb_527821275edr_f0580000ncam07753m1,test_msl,sand,iou,,0,0,18660
unet__scratch__resnet34__in_rover__seed1414__gpu_full__39bfa6f5__gitc188b320__codebebd8b2d__20260711T015842068985Z,msl_ncam_nlb_527821275edr_f0580000ncam07753m1,test_msl,big_rock,iou,,0,0,18660
unet__scratch__resnet34__in_rover__seed1414__gpu_full__39bfa6f5__gitc188b320__codebebd8b2d__20260711T015842068985Z,msl_ncam_nlb_527821275edr_f0580000ncam07753m1,test_msl,ALL,pixel_acc,1.0,0,0,18660
unet__scratch__resnet34__in_rover__seed1414__gpu_full__39bfa6f5__gitc188b320__codebebd8b2d__20260711T015842068985Z,msl_ncam_nlb_527821275edr_f0580000ncam07753m1,test_msl,ALL,boundary_f1,1.0,0,0,18660
unet__scratch__resnet34__in_rover__seed1414__gpu_full__39bfa6f5__gitc188b320__codebebd8b2d__20260711T015842068985Z,msl_ncam_nlb_528875763edr_f0581002ncam00207m1,test_msl,soil,iou,,0,0,55308
unet__scratch__resnet34__in_rover__seed1414__gpu_full__39bfa6f5__gitc188b320__codebebd8b2d__20260711T015842068985Z,msl_ncam_nlb_528875763edr_f0581002ncam00207m1,test_msl,bedrock,iou,0.9149851739350546,50606,55308,55308
unet__scratch__resnet34__in_rover__seed1414__gpu_full__39bfa6f5__gitc188b320__codebebd8b2d__20260711T015842068985Z,msl_ncam_nlb_528875763edr_f0581002ncam00207m1,test_msl,sand,iou,0.0,0,4702,55308
unet__scratch__resnet34__in_rover__seed1414__gpu_full__39bfa6f5__gitc188b320__codebebd8b2d__20260711T015842068985Z,msl_ncam_nlb_528875763edr_f0581002ncam00207m1,test_msl,big_rock,iou,,0,0,55308
unet__scratch__resnet34__in_rover__seed1414__gpu_full__39bfa6f5__gitc188b320__codebebd8b2d__20260711T015842068985Z,msl_ncam_nlb_528875763edr_f0581002ncam00207m1,test_msl,ALL,pixel_acc,0.9149851739350546,0,0,55308
unet__scratch__resnet34__in_rover__seed1414__gpu_full__39bfa6f5__gitc188b320__codebebd8b2d__20260711T015842068985Z,msl_ncam_nlb_528875763edr_f0581002ncam00207m1,test_msl,ALL,boundary_f1,0.4767648552564754,0,0,55308
unet__scratch__resnet34__in_rover__seed1414__gpu_full__39bfa6f5__gitc188b320__codebebd8b2d__20260711T015842068985Z,msl_ncam_nlb_528892751edr_f0581248ncam00346m1,test_msl,soil,iou,0.0,0,1554,25025
unet__scratch__resnet34__in_rover__seed1414__gpu_full__39bfa6f5__gitc188b320__codebebd8b2d__20260711T015842068985Z,msl_ncam_nlb_528892751edr_f0581248ncam00346m1,test_msl,bedrock,iou,0.8542657342657343,21378,25025,25025
unet__scratch__resnet34__in_rover__seed1414__gpu_full__39bfa6f5__gitc188b320__codebebd8b2d__20260711T015842068985Z,msl_ncam_nlb_528892751edr_f0581248ncam00346m1,test_msl,sand,iou,0.0,0,2093,25025
unet__scratch__resnet34__in_rover__seed1414__gpu_full__39bfa6f5__gitc188b320__codebebd8b2d__20260711T015842068985Z,msl_ncam_nlb_528892751edr_f0581248ncam00346m1,test_msl,big_rock,iou,,0,0,25025
unet__scratch__resnet34__in_rover__seed1414__gpu_full__39bfa6f5__gitc188b320__codebebd8b2d__20260711T015842068985Z,msl_ncam_nlb_528892751edr_f0581248ncam00346m1,test_msl,ALL,pixel_acc,0.8542657342657343,0,0,25025
unet__scratch__resnet34__in_rover__seed1414__gpu_full__39bfa6f5__gitc188b320__codebebd8b2d__20260711T015842068985Z,msl_ncam_nlb_528892751edr_f0581248ncam00346m1,test_msl,ALL,boundary_f1,0.3006399554813578,0,0,25025
unet__scratch__resnet34__in_rover__seed1414__gpu_full__39bfa6f5__gitc188b320__codebebd8b2d__20260711T015842068985Z,msl_ncam_nlb_528892900edr_f0581248ncam00262m1,test_msl,soil,iou,,0,0,58755
unet__scratch__resnet34__in_rover__seed1414__gpu_full__39bfa6f5__gitc188b320__codebebd8b2d__20260711T015842068985Z,msl_ncam_nlb_528892900edr_f0581248ncam00262m1,test_msl,bedrock,iou,1.0,58755,58755,58755
unet__scratch__resnet34__in_rover__seed1414__gpu_full__39bfa6f5__gitc188b320__codebebd8b2d__20260711T015842068985Z,msl_ncam_nlb_528892900edr_f0581248ncam00262m1,test_msl,sand,iou,,0,0,58755
unet__scratch__resnet34__in_rover__seed1414__gpu_full__39bfa6f5__gitc188b320__codebebd8b2d__20260711T015842068985Z,msl_ncam_nlb_528892900edr_f0581248ncam00262m1,test_msl,big_rock,iou,,0,0,58755
unet__scratch__resnet34__in_rover__seed1414__gpu_full__39bfa6f5__gitc188b320__codebebd8b2d__20260711T015842068985Z,msl_ncam_nlb_528892900edr_f0581248ncam00262m1,test_msl,ALL,pixel_acc,1.0,0,0,58755
unet__scratch__resnet34__in_rover__seed1414__gpu_full__39bfa6f5__gitc188b320__codebebd8b2d__20260711T015842068985Z,msl_ncam_nlb_528892900edr_f0581248ncam00262m1,test_msl,ALL,boundary_f1,1.0,0,0,58755
unet__scratch__resnet34__in_rover__seed1414__gpu_full__39bfa6f5__gitc188b320__codebebd8b2d__20260711T015842068985Z,msl_ncam_nlb_528893088edr_f0581248ncam07753m1,test_msl,soil,iou,,0,0,35879
unet__scratch__resnet34__in_rover__seed1414__gpu_full__39bfa6f5__gitc188b320__codebebd8b2d__20260711T015842068985Z,msl_ncam_nlb_528893088edr_f0581248ncam07753m1,test_msl,bedrock,iou,1.0,35879,35879,35879
unet__scratch__resnet34__in_rover__seed1414__gpu_full__39bfa6f5__gitc188b320__codebebd8b2d__20260711T015842068985Z,msl_ncam_nlb_528893088edr_f0581248ncam07753m1,test_msl,sand,iou,,0,0,35879
unet__scratch__resnet34__in_rover__seed1414__gpu_full__39bfa6f5__gitc188b320__codebebd8b2d__20260711T015842068985Z,msl_ncam_nlb_528893088edr_f0581248ncam07753m1,test_msl,big_rock,iou,,0,0,35879
unet__scratch__resnet34__in_rover__seed1414__gpu_full__39bfa6f5__gitc188b320__codebebd8b2d__20260711T015842068985Z,msl_ncam_nlb_528893088edr_f0581248ncam07753m1,test_msl,ALL,pixel_acc,1.0,0,0,35879
unet__scratch__resnet34__in_rover__seed1414__gpu_full__39bfa6f5__gitc188b320__codebebd8b2d__20260711T015842068985Z,msl_ncam_nlb_528893088edr_f0581248ncam07753m1,test_msl,ALL,boundary_f1,1.0,0,0,35879
unet__scratch__resnet34__in_rover__seed1414__gpu_full__39bfa6f5__gitc188b320__codebebd8b2d__20260711T015842068985Z,msl_ncam_nlb_528893506edr_f0581248ncam00654m1,test_msl,soil,iou,0.5600330948556967,11507,20547,66249
unet__scratch__resnet34__in_rover__seed1414__gpu_full__39bfa6f5__gitc188b320__codebebd8b2d__20260711T015842068985Z,msl_ncam_nlb_528893506edr_f0581248ncam00654m1,test_msl,bedrock,iou,0.8648537005163511,37686,43575,66249
unet__scratch__resnet34__in_rover__seed1414__gpu_full__39bfa6f5__gitc188b320__codebebd8b2d__20260711T015842068985Z,msl_ncam_nlb_528893506edr_f0581248ncam00654m1,test_msl,sand,iou,0.6402736212056435,7488,11695,66249
unet__scratch__resnet34__in_rover__seed1414__gpu_full__39bfa6f5__gitc188b320__codebebd8b2d__20260711T015842068985Z,msl_ncam_nlb_528893506edr_f0581248ncam00654m1,test_msl,big_rock,iou,,0,0,66249
unet__scratch__resnet34__in_rover__seed1414__gpu_full__39bfa6f5__gitc188b320__codebebd8b2d__20260711T015842068985Z,msl_ncam_nlb_528893506edr_f0581248ncam00654m1,test_msl,ALL,pixel_acc,0.8555751784932603,0,0,66249
unet__scratch__resnet34__in_rover__seed1414__gpu_full__39bfa6f5__gitc188b320__codebebd8b2d__20260711T015842068985Z,msl_ncam_nlb_528893506edr_f0581248ncam00654m1,test_msl,ALL,boundary_f1,0.6536744649288924,0,0,66249
unet__scratch__resnet34__in_rover__seed1414__gpu_full__39bfa6f5__gitc188b320__codebebd8b2d__20260711T015842068985Z,msl_ncam_nlb_528893540edr_f0581248ncam00654m1,test_msl,soil,iou,,0,0,0
unet__scratch__resnet34__in_rover__seed1414__gpu_full__39bfa6f5__gitc188b320__codebebd8b2d__20260711T015842068985Z,msl_ncam_nlb_528893540edr_f0581248ncam00654m1,test_msl,bedrock,iou,,0,0,0
unet__scratch__resnet34__in_rover__seed1414__gpu_full__39bfa6f5__gitc188b320__codebebd8b2d__20260711T015842068985Z,msl_ncam_nlb_528893540edr_f0581248ncam00654m1,test_msl,sand,iou,,0,0,0
unet__scratch__resnet34__in_rover__seed1414__gpu_full__39bfa6f5__gitc188b320__codebebd8b2d__20260711T015842068985Z,msl_ncam_nlb_528893540edr_f0581248ncam00654m1,test_msl,big_rock,iou,,0,0,0
unet__scratch__resnet34__in_rover__seed1414__gpu_full__39bfa6f5__gitc188b320__codebebd8b2d__20260711T015842068985Z,msl_ncam_nlb_528893540edr_f0581248ncam00654m1,test_msl,ALL,pixel_acc,,0,0,0
unet__scratch__resnet34__in_rover__seed1414__gpu_full__39bfa6f5__gitc188b320__codebebd8b2d__20260711T015842068985Z,msl_ncam_nlb_528893540edr_f0581248ncam00654m1,test_msl,ALL,boundary_f1,,0,0,0
unet__scratch__resnet34__in_rover__seed1414__gpu_full__39bfa6f5__gitc188b320__codebebd8b2d__20260711T015842068985Z,msl_ncam_nlb_528893599edr_f0581248ncam00654m1,test_msl,soil,iou,0.0030909090909090908,85,27500,81400
unet__scratch__resnet34__in_rover__seed1414__gpu_full__39bfa6f5__gitc188b320__codebebd8b2d__20260711T015842068985Z,msl_ncam_nlb_528893599edr_f0581248ncam00654m1,test_msl,bedrock,iou,0.6628543319190802,53900,81315,81400
unet__scratch__resnet34__in_rover__seed1414__gpu_full__39bfa6f5__gitc188b320__codebebd8b2d__20260711T015842068985Z,msl_ncam_nlb_528893599edr_f0581248ncam00654m1,test_msl,sand,iou,,0,0,81400
unet__scratch__resnet34__in_rover__seed1414__gpu_full__39bfa6f5__gitc188b320__codebebd8b2d__20260711T015842068985Z,msl_ncam_nlb_528893599edr_f0581248ncam00654m1,test_msl,big_rock,iou,,0,0,81400
unet__scratch__resnet34__in_rover__seed1414__gpu_full__39bfa6f5__gitc188b320__codebebd8b2d__20260711T015842068985Z,msl_ncam_nlb_528893599edr_f0581248ncam00654m1,test_msl,ALL,pixel_acc,0.6632063882063882,0,0,81400
unet__scratch__resnet34__in_rover__seed1414__gpu_full__39bfa6f5__gitc188b320__codebebd8b2d__20260711T015842068985Z,msl_ncam_nlb_528893599edr_f0581248ncam00654m1,test_msl,ALL,boundary_f1,0.37677602686644274,0,0,81400
unet__scratch__resnet34__in_rover__seed1414__gpu_full__39bfa6f5__gitc188b320__codebebd8b2d__20260711T015842068985Z,msl_ncam_nlb_537932733edr_f0600888ncam00320m1,test_msl,soil,iou,,0,0,71764
unet__scratch__resnet34__in_rover__seed1414__gpu_full__39bfa6f5__gitc188b320__codebebd8b2d__20260711T015842068985Z,msl_ncam_nlb_537932733edr_f0600888ncam00320m1,test_msl,bedrock,iou,0.8992004568817819,6298,7004,71764
unet__scratch__resnet34__in_rover__seed1414__gpu_full__39bfa6f5__gitc188b320__codebebd8b2d__20260711T015842068985Z,msl_ncam_nlb_537932733edr_f0600888ncam00320m1,test_msl,sand,iou,0.9892157761280664,64760,65466,71764
unet__scratch__resnet34__in_rover__seed1414__gpu_full__39bfa6f5__gitc188b320__codebebd8b2d__20260711T015842068985Z,msl_ncam_nlb_537932733edr_f0600888ncam00320m1,test_msl,big_rock,iou,,0,0,71764
unet__scratch__resnet34__in_rover__seed1414__gpu_full__39bfa6f5__gitc188b320__codebebd8b2d__20260711T015842068985Z,msl_ncam_nlb_537932733edr_f0600888ncam00320m1,test_msl,ALL,pixel_acc,0.9901621983167047,0,0,71764
unet__scratch__resnet34__in_rover__seed1414__gpu_full__39bfa6f5__gitc188b320__codebebd8b2d__20260711T015842068985Z,msl_ncam_nlb_537932733edr_f0600888ncam00320m1,test_msl,ALL,boundary_f1,0.9421375555894651,0,0,71764
unet__scratch__resnet34__in_rover__seed1414__gpu_full__39bfa6f5__gitc188b320__codebebd8b2d__20260711T015842068985Z,msl_ncam_nlb_537938493edr_f0601266ncam00653m1,test_msl,soil,iou,,0,0,106876
unet__scratch__resnet34__in_rover__seed1414__gpu_full__39bfa6f5__gitc188b320__codebebd8b2d__20260711T015842068985Z,msl_ncam_nlb_537938493edr_f0601266ncam00653m1,test_msl,bedrock,iou,1.0,33523,33523,106876
unet__scratch__resnet34__in_rover__seed1414__gpu_full__39bfa6f5__gitc188b320__codebebd8b2d__20260711T015842068985Z,msl_ncam_nlb_537938493edr_f0601266ncam00653m1,test_msl,sand,iou,1.0,73353,73353,106876
unet__scratch__resnet34__in_rover__seed1414__gpu_full__39bfa6f5__gitc188b320__codebebd8b2d__20260711T015842068985Z,msl_ncam_nlb_537938493edr_f0601266ncam00653m1,test_msl,big_rock,iou,,0,0,106876
unet__scratch__resnet34__in_rover__seed1414__gpu_full__39bfa6f5__gitc188b320__codebebd8b2d__20260711T015842068985Z,msl_ncam_nlb_537938493edr_f0601266ncam00653m1,test_msl,ALL,pixel_acc,1.0,0,0,106876
unet__scratch__resnet34__in_rover__seed1414__gpu_full__39bfa6f5__gitc188b320__codebebd8b2d__20260711T015842068985Z,msl_ncam_nlb_537938493edr_f0601266ncam00653m1,test_msl,ALL,boundary_f1,1.0,0,0,106876
unet__scratch__resnet34__in_rover__seed1414__gpu_full__39bfa6f5__gitc188b320__codebebd8b2d__20260711T015842068985Z,msl_ncam_nlb_537938609edr_f0601266ncam07753m1,test_msl,soil,iou,,0,0,30134
unet__scratch__resnet34__in_rover__seed1414__gpu_full__39bfa6f5__gitc188b320__codebebd8b2d__20260711T015842068985Z,msl_ncam_nlb_537938609edr_f0601266ncam07753m1,test_msl,bedrock,iou,0.7005842259006816,2878,4108,30134
unet__scratch__resnet34__in_rover__seed1414__gpu_full__39bfa6f5__gitc188b320__codebebd8b2d__20260711T015842068985Z,msl_ncam_nlb_537938609edr_f0601266ncam07753m1,test_msl,sand,iou,0.954872321690637,26026,27256,30134
unet__scratch__resnet34__in_rover__seed1414__gpu_full__39bfa6f5__gitc188b320__codebebd8b2d__20260711T015842068985Z,msl_ncam_nlb_537938609edr_f0601266ncam07753m1,test_msl,big_rock,iou,,0,0,30134
unet__scratch__resnet34__in_rover__seed1414__gpu_full__39bfa6f5__gitc188b320__codebebd8b2d__20260711T015842068985Z,msl_ncam_nlb_537938609edr_f0601266ncam07753m1,test_msl,ALL,pixel_acc,0.9591823189752439,0,0,30134
unet__scratch__resnet34__in_rover__seed1414__gpu_full__39bfa6f5__gitc188b320__codebebd8b2d__20260711T015842068985Z,msl_ncam_nlb_537938609edr_f0601266ncam07753m1,test_msl,ALL,boundary_f1,0.8675917397691355,0,0,30134
unet__scratch__resnet34__in_rover__seed1414__gpu_full__39bfa6f5__gitc188b320__codebebd8b2d__20260711T015842068985Z,msl_ncam_nlb_541040424edr_f0610954ncam00305m1,test_msl,soil,iou,0.0,0,65,93717
unet__scratch__resnet34__in_rover__seed1414__gpu_full__39bfa6f5__gitc188b320__codebebd8b2d__20260711T015842068985Z,msl_ncam_nlb_541040424edr_f0610954ncam00305m1,test_msl,bedrock,iou,0.9420786311707733,54178,57509,93717
unet__scratch__resnet34__in_rover__seed1414__gpu_full__39bfa6f5__gitc188b320__codebebd8b2d__20260711T015842068985Z,msl_ncam_nlb_541040424edr_f0610954ncam00305m1,test_msl,sand,iou,0.9134272490452464,36116,39539,93717
unet__scratch__resnet34__in_rover__seed1414__gpu_full__39bfa6f5__gitc188b320__codebebd8b2d__20260711T015842068985Z,msl_ncam_nlb_541040424edr_f0610954ncam00305m1,test_msl,big_rock,iou,0.0,0,27,93717
unet__scratch__resnet34__in_rover__seed1414__gpu_full__39bfa6f5__gitc188b320__codebebd8b2d__20260711T015842068985Z,msl_ncam_nlb_541040424edr_f0610954ncam00305m1,test_msl,ALL,pixel_acc,0.9634751432504242,0,0,93717
unet__scratch__resnet34__in_rover__seed1414__gpu_full__39bfa6f5__gitc188b320__codebebd8b2d__20260711T015842068985Z,msl_ncam_nlb_541040424edr_f0610954ncam00305m1,test_msl,ALL,boundary_f1,0.42871693175635117,0,0,93717
unet__scratch__resnet34__in_rover__seed1414__gpu_full__39bfa6f5__gitc188b320__codebebd8b2d__20260711T015842068985Z,msl_ncam_nlb_541042107edr_f0611086ncam00385m1,test_msl,soil,iou,,0,0,164400
unet__scratch__resnet34__in_rover__seed1414__gpu_full__39bfa6f5__gitc188b320__codebebd8b2d__20260711T015842068985Z,msl_ncam_nlb_541042107edr_f0611086ncam00385m1,test_msl,bedrock,iou,0.0,0,326,164400
unet__scratch__resnet34__in_rover__seed1414__gpu_full__39bfa6f5__gitc188b320__codebebd8b2d__20260711T015842068985Z,msl_ncam_nlb_541042107edr_f0611086ncam00385m1,test_msl,sand,iou,0.9980170316301703,164074,164400,164400
unet__scratch__resnet34__in_rover__seed1414__gpu_full__39bfa6f5__gitc188b320__codebebd8b2d__20260711T015842068985Z,msl_ncam_nlb_541042107edr_f0611086ncam00385m1,test_msl,big_rock,iou,,0,0,164400
unet__scratch__resnet34__in_rover__seed1414__gpu_full__39bfa6f5__gitc188b320__codebebd8b2d__20260711T015842068985Z,msl_ncam_nlb_541042107edr_f0611086ncam00385m1,test_msl,ALL,pixel_acc,0.9980170316301703,0,0,164400
unet__scratch__resnet34__in_rover__seed1414__gpu_full__39bfa6f5__gitc188b320__codebebd8b2d__20260711T015842068985Z,msl_ncam_nlb_541042107edr_f0611086ncam00385m1,test_msl,ALL,boundary_f1,0.49665065264458813,0,0,164400
unet__scratch__resnet34__in_rover__seed1414__gpu_full__39bfa6f5__gitc188b320__codebebd8b2d__20260711T015842068985Z,msl_ncam_nlb_541043499edr_f0611140ncam00346m1,test_msl,soil,iou,,0,0,119351
unet__scratch__resnet34__in_rover__seed1414__gpu_full__39bfa6f5__gitc188b320__codebebd8b2d__20260711T015842068985Z,msl_ncam_nlb_541043499edr_f0611140ncam00346m1,test_msl,bedrock,iou,,0,0,119351
unet__scratch__resnet34__in_rover__seed1414__gpu_full__39bfa6f5__gitc188b320__codebebd8b2d__20260711T015842068985Z,msl_ncam_nlb_541043499edr_f0611140ncam00346m1,test_msl,sand,iou,1.0,119351,119351,119351
unet__scratch__resnet34__in_rover__seed1414__gpu_full__39bfa6f5__gitc188b320__codebebd8b2d__20260711T015842068985Z,msl_ncam_nlb_541043499edr_f0611140ncam00346m1,test_msl,big_rock,iou,,0,0,119351
unet__scratch__resnet34__in_rover__seed1414__gpu_full__39bfa6f5__gitc188b320__codebebd8b2d__20260711T015842068985Z,msl_ncam_nlb_541043499edr_f0611140ncam00346m1,test_msl,ALL,pixel_acc,1.0,0,0,119351
unet__scratch__resnet34__in_rover__seed1414__gpu_full__39bfa6f5__gitc188b320__codebebd8b2d__20260711T015842068985Z,msl_ncam_nlb_541043499edr_f0611140ncam00346m1,test_msl,ALL,boundary_f1,1.0,0,0,119351
unet__scratch__resnet34__in_rover__seed1414__gpu_full__39bfa6f5__gitc188b320__codebebd8b2d__20260711T015842068985Z,msl_ncam_nlb_541043637edr_f0611140ncam00653m1,test_msl,soil,iou,,0,0,147407
unet__scratch__resnet34__in_rover__seed1414__gpu_full__39bfa6f5__gitc188b320__codebebd8b2d__20260711T015842068985Z,msl_ncam_nlb_541043637edr_f0611140ncam00653m1,test_msl,bedrock,iou,0.9541510231482633,38375,40219,147407
unet__scratch__resnet34__in_rover__seed1414__gpu_full__39bfa6f5__gitc188b320__codebebd8b2d__20260711T015842068985Z,msl_ncam_nlb_541043637edr_f0611140ncam00653m1,test_msl,sand,iou,0.9830875339349916,107188,109032,147407
unet__scratch__resnet34__in_rover__seed1414__gpu_full__39bfa6f5__gitc188b320__codebebd8b2d__20260711T015842068985Z,msl_ncam_nlb_541043637edr_f0611140ncam00653m1,test_msl,big_rock,iou,,0,0,147407
unet__scratch__resnet34__in_rover__seed1414__gpu_full__39bfa6f5__gitc188b320__codebebd8b2d__20260711T015842068985Z,msl_ncam_nlb_541043637edr_f0611140ncam00653m1,test_msl,ALL,pixel_acc,0.987490417687084,0,0,147407
unet__scratch__resnet34__in_rover__seed1414__gpu_full__39bfa6f5__gitc188b320__codebebd8b2d__20260711T015842068985Z,msl_ncam_nlb_541043637edr_f0611140ncam00653m1,test_msl,ALL,boundary_f1,0.8982408648215015,0,0,147407
unet__scratch__resnet34__in_rover__seed1414__gpu_full__39bfa6f5__gitc188b320__codebebd8b2d__20260711T015842068985Z,msl_ncam_nlb_541049254edr_f0611140ncam12753m1,test_msl,soil,iou,,0,0,12239
unet__scratch__resnet34__in_rover__seed1414__gpu_full__39bfa6f5__gitc188b320__codebebd8b2d__20260711T015842068985Z,msl_ncam_nlb_541049254edr_f0611140ncam12753m1,test_msl,bedrock,iou,0.40365744870651205,905,2242,12239
unet__scratch__resnet34__in_rover__seed1414__gpu_full__39bfa6f5__gitc188b320__codebebd8b2d__20260711T015842068985Z,msl_ncam_nlb_541049254edr_f0611140ncam12753m1,test_msl,sand,iou,0.882036350802894,9997,11334,12239
unet__scratch__resnet34__in_rover__seed1414__gpu_full__39bfa6f5__gitc188b320__codebebd8b2d__20260711T015842068985Z,msl_ncam_nlb_541049254edr_f0611140ncam12753m1,test_msl,big_rock,iou,,0,0,12239
unet__scratch__resnet34__in_rover__seed1414__gpu_full__39bfa6f5__gitc188b320__codebebd8b2d__20260711T015842068985Z,msl_ncam_nlb_541049254edr_f0611140ncam12753m1,test_msl,ALL,pixel_acc,0.890759048941907,0,0,12239
unet__scratch__resnet34__in_rover__seed1414__gpu_full__39bfa6f5__gitc188b320__codebebd8b2d__20260711T015842068985Z,msl_ncam_nlb_541049254edr_f0611140ncam12753m1,test_msl,ALL,boundary_f1,0.6985779431991124,0,0,12239
unet__scratch__resnet34__in_rover__seed1414__gpu_full__39bfa6f5__gitc188b320__codebebd8b2d__20260711T015842068985Z,msl_ncam_nlb_541049316edr_f0611140ncam12753m1,test_msl,soil,iou,,0,0,134046
unet__scratch__resnet34__in_rover__seed1414__gpu_full__39bfa6f5__gitc188b320__codebebd8b2d__20260711T015842068985Z,msl_ncam_nlb_541049316edr_f0611140ncam12753m1,test_msl,bedrock,iou,,0,0,134046
unet__scratch__resnet34__in_rover__seed1414__gpu_full__39bfa6f5__gitc188b320__codebebd8b2d__20260711T015842068985Z,msl_ncam_nlb_541049316edr_f0611140ncam12753m1,test_msl,sand,iou,1.0,134046,134046,134046
unet__scratch__resnet34__in_rover__seed1414__gpu_full__39bfa6f5__gitc188b320__codebebd8b2d__20260711T015842068985Z,msl_ncam_nlb_541049316edr_f0611140ncam12753m1,test_msl,big_rock,iou,,0,0,134046
unet__scratch__resnet34__in_rover__seed1414__gpu_full__39bfa6f5__gitc188b320__codebebd8b2d__20260711T015842068985Z,msl_ncam_nlb_541049316edr_f0611140ncam12753m1,test_msl,ALL,pixel_acc,1.0,0,0,134046
unet__scratch__resnet34__in_rover__seed1414__gpu_full__39bfa6f5__gitc188b320__codebebd8b2d__20260711T015842068985Z,msl_ncam_nlb_541049316edr_f0611140ncam12753m1,test_msl,ALL,boundary_f1,1.0,0,0,134046
unet__scratch__resnet34__in_rover__seed1414__gpu_full__39bfa6f5__gitc188b320__codebebd8b2d__20260711T015842068985Z,msl_ncam_nlb_542730497edr_f0612232ncam00282m1,test_msl,soil,iou,,0,0,112532
unet__scratch__resnet34__in_rover__seed1414__gpu_full__39bfa6f5__gitc188b320__codebebd8b2d__20260711T015842068985Z,msl_ncam_nlb_542730497edr_f0612232ncam00282m1,test_msl,bedrock,iou,0.0,0,148,112532
unet__scratch__resnet34__in_rover__seed1414__gpu_full__39bfa6f5__gitc188b320__codebebd8b2d__20260711T015842068985Z,msl_ncam_nlb_542730497edr_f0612232ncam00282m1,test_msl,sand,iou,0.9986848185405041,112384,112532,112532
unet__scratch__resnet34__in_rover__seed1414__gpu_full__39bfa6f5__gitc188b320__codebebd8b2d__20260711T015842068985Z,msl_ncam_nlb_542730497edr_f0612232ncam00282m1,test_msl,big_rock,iou,,0,0,112532
unet__scratch__resnet34__in_rover__seed1414__gpu_full__39bfa6f5__gitc188b320__codebebd8b2d__20260711T015842068985Z,msl_ncam_nlb_542730497edr_f0612232ncam00282m1,test_msl,ALL,pixel_acc,0.9986848185405041,0,0,112532
unet__scratch__resnet34__in_rover__seed1414__gpu_full__39bfa6f5__gitc188b320__codebebd8b2d__20260711T015842068985Z,msl_ncam_nlb_542730497edr_f0612232ncam00282m1,test_msl,ALL,boundary_f1,0.4982947839499187,0,0,112532
unet__scratch__resnet34__in_rover__seed1414__gpu_full__39bfa6f5__gitc188b320__codebebd8b2d__20260711T015842068985Z,msl_ncam_nlb_542730580edr_f0612232ncam00282m1,test_msl,soil,iou,,0,0,0
unet__scratch__resnet34__in_rover__seed1414__gpu_full__39bfa6f5__gitc188b320__codebebd8b2d__20260711T015842068985Z,msl_ncam_nlb_542730580edr_f0612232ncam00282m1,test_msl,bedrock,iou,,0,0,0
unet__scratch__resnet34__in_rover__seed1414__gpu_full__39bfa6f5__gitc188b320__codebebd8b2d__20260711T015842068985Z,msl_ncam_nlb_542730580edr_f0612232ncam00282m1,test_msl,sand,iou,,0,0,0
unet__scratch__resnet34__in_rover__seed1414__gpu_full__39bfa6f5__gitc188b320__codebebd8b2d__20260711T015842068985Z,msl_ncam_nlb_542730580edr_f0612232ncam00282m1,test_msl,big_rock,iou,,0,0,0
unet__scratch__resnet34__in_rover__seed1414__gpu_full__39bfa6f5__gitc188b320__codebebd8b2d__20260711T015842068985Z,msl_ncam_nlb_542730580edr_f0612232ncam00282m1,test_msl,ALL,pixel_acc,,0,0,0
unet__scratch__resnet34__in_rover__seed1414__gpu_full__39bfa6f5__gitc188b320__codebebd8b2d__20260711T015842068985Z,msl_ncam_nlb_542730580edr_f0612232ncam00282m1,test_msl,ALL,boundary_f1,,0,0,0
unet__scratch__resnet34__in_rover__seed1414__gpu_full__39bfa6f5__gitc188b320__codebebd8b2d__20260711T015842068985Z,msl_ncam_nlb_542733799edr_f0612232ncam00353m1,test_msl,soil,iou,,0,0,135437
unet__scratch__resnet34__in_rover__seed1414__gpu_full__39bfa6f5__gitc188b320__codebebd8b2d__20260711T015842068985Z,msl_ncam_nlb_542733799edr_f0612232ncam00353m1,test_msl,bedrock,iou,0.9538302811452154,3698,3877,135437
unet__scratch__resnet34__in_rover__seed1414__gpu_full__39bfa6f5__gitc188b320__codebebd8b2d__20260711T015842068985Z,msl_ncam_nlb_542733799edr_f0612232ncam00353m1,test_msl,sand,iou,0.9986412527801183,131560,131739,135437
unet__scratch__resnet34__in_rover__seed1414__gpu_full__39bfa6f5__gitc188b320__codebebd8b2d__20260711T015842068985Z,msl_ncam_nlb_542733799edr_f0612232ncam00353m1,test_msl,big_rock,iou,,0,0,135437
unet__scratch__resnet34__in_rover__seed1414__gpu_full__39bfa6f5__gitc188b320__codebebd8b2d__20260711T015842068985Z,msl_ncam_nlb_542733799edr_f0612232ncam00353m1,test_msl,ALL,pixel_acc,0.9986783522966398,0,0,135437
unet__scratch__resnet34__in_rover__seed1414__gpu_full__39bfa6f5__gitc188b320__codebebd8b2d__20260711T015842068985Z,msl_ncam_nlb_542733799edr_f0612232ncam00353m1,test_msl,ALL,boundary_f1,0.9062218515044335,0,0,135437
unet__scratch__resnet34__in_rover__seed1414__gpu_full__39bfa6f5__gitc188b320__codebebd8b2d__20260711T015842068985Z,msl_ncam_nlb_542734078edr_f0612232ncam00654m1,test_msl,soil,iou,,0,0,143364
unet__scratch__resnet34__in_rover__seed1414__gpu_full__39bfa6f5__gitc188b320__codebebd8b2d__20260711T015842068985Z,msl_ncam_nlb_542734078edr_f0612232ncam00654m1,test_msl,bedrock,iou,,0,0,143364
unet__scratch__resnet34__in_rover__seed1414__gpu_full__39bfa6f5__gitc188b320__codebebd8b2d__20260711T015842068985Z,msl_ncam_nlb_542734078edr_f0612232ncam00654m1,test_msl,sand,iou,1.0,143364,143364,143364
unet__scratch__resnet34__in_rover__seed1414__gpu_full__39bfa6f5__gitc188b320__codebebd8b2d__20260711T015842068985Z,msl_ncam_nlb_542734078edr_f0612232ncam00654m1,test_msl,big_rock,iou,,0,0,143364
unet__scratch__resnet34__in_rover__seed1414__gpu_full__39bfa6f5__gitc188b320__codebebd8b2d__20260711T015842068985Z,msl_ncam_nlb_542734078edr_f0612232ncam00654m1,test_msl,ALL,pixel_acc,1.0,0,0,143364
unet__scratch__resnet34__in_rover__seed1414__gpu_full__39bfa6f5__gitc188b320__codebebd8b2d__20260711T015842068985Z,msl_ncam_nlb_542734078edr_f0612232ncam00654m1,test_msl,ALL,boundary_f1,1.0,0,0,143364
unet__scratch__resnet34__in_rover__seed1414__gpu_full__39bfa6f5__gitc188b320__codebebd8b2d__20260711T015842068985Z,msl_ncam_nlb_542734110edr_f0612232ncam00654m1,test_msl,soil,iou,,0,0,209285
unet__scratch__resnet34__in_rover__seed1414__gpu_full__39bfa6f5__gitc188b320__codebebd8b2d__20260711T015842068985Z,msl_ncam_nlb_542734110edr_f0612232ncam00654m1,test_msl,bedrock,iou,,0,0,209285
unet__scratch__resnet34__in_rover__seed1414__gpu_full__39bfa6f5__gitc188b320__codebebd8b2d__20260711T015842068985Z,msl_ncam_nlb_542734110edr_f0612232ncam00654m1,test_msl,sand,iou,1.0,209285,209285,209285
unet__scratch__resnet34__in_rover__seed1414__gpu_full__39bfa6f5__gitc188b320__codebebd8b2d__20260711T015842068985Z,msl_ncam_nlb_542734110edr_f0612232ncam00654m1,test_msl,big_rock,iou,,0,0,209285
unet__scratch__resnet34__in_rover__seed1414__gpu_full__39bfa6f5__gitc188b320__codebebd8b2d__20260711T015842068985Z,msl_ncam_nlb_542734110edr_f0612232ncam00654m1,test_msl,ALL,pixel_acc,1.0,0,0,209285
unet__scratch__resnet34__in_rover__seed1414__gpu_full__39bfa6f5__gitc188b320__codebebd8b2d__20260711T015842068985Z,msl_ncam_nlb_542734110edr_f0612232ncam00654m1,test_msl,ALL,boundary_f1,1.0,0,0,209285
unet__scratch__resnet34__in_rover__seed1414__gpu_full__39bfa6f5__gitc188b320__codebebd8b2d__20260711T015842068985Z,msl_ncam_nlb_542734199edr_f0612232ncam00654m1,test_msl,soil,iou,,0,0,176176
unet__scratch__resnet34__in_rover__seed1414__gpu_full__39bfa6f5__gitc188b320__codebebd8b2d__20260711T015842068985Z,msl_ncam_nlb_542734199edr_f0612232ncam00654m1,test_msl,bedrock,iou,0.0,0,98,176176
unet__scratch__resnet34__in_rover__seed1414__gpu_full__39bfa6f5__gitc188b320__codebebd8b2d__20260711T015842068985Z,msl_ncam_nlb_542734199edr_f0612232ncam00654m1,test_msl,sand,iou,0.9994437380801017,176078,176176,176176
unet__scratch__resnet34__in_rover__seed1414__gpu_full__39bfa6f5__gitc188b320__codebebd8b2d__20260711T015842068985Z,msl_ncam_nlb_542734199edr_f0612232ncam00654m1,test_msl,big_rock,iou,,0,0,176176
unet__scratch__resnet34__in_rover__seed1414__gpu_full__39bfa6f5__gitc188b320__codebebd8b2d__20260711T015842068985Z,msl_ncam_nlb_542734199edr_f0612232ncam00654m1,test_msl,ALL,pixel_acc,0.9994437380801017,0,0,176176
unet__scratch__resnet34__in_rover__seed1414__gpu_full__39bfa6f5__gitc188b320__codebebd8b2d__20260711T015842068985Z,msl_ncam_nlb_542734199edr_f0612232ncam00654m1,test_msl,ALL,boundary_f1,0.4997924104372041,0,0,176176
unet__scratch__resnet34__in_rover__seed1414__gpu_full__39bfa6f5__gitc188b320__codebebd8b2d__20260711T015842068985Z,msl_ncam_nlb_542734240edr_f0612232ncam00283m1,test_msl,soil,iou,,0,0,97181
unet__scratch__resnet34__in_rover__seed1414__gpu_full__39bfa6f5__gitc188b320__codebebd8b2d__20260711T015842068985Z,msl_ncam_nlb_542734240edr_f0612232ncam00283m1,test_msl,bedrock,iou,0.0,0,2120,97181
unet__scratch__resnet34__in_rover__seed1414__gpu_full__39bfa6f5__gitc188b320__codebebd8b2d__20260711T015842068985Z,msl_ncam_nlb_542734240edr_f0612232ncam00283m1,test_msl,sand,iou,0.9781850361696216,95061,97181,97181
unet__scratch__resnet34__in_rover__seed1414__gpu_full__39bfa6f5__gitc188b320__codebebd8b2d__20260711T015842068985Z,msl_ncam_nlb_542734240edr_f0612232ncam00283m1,test_msl,big_rock,iou,,0,0,97181
unet__scratch__resnet34__in_rover__seed1414__gpu_full__39bfa6f5__gitc188b320__codebebd8b2d__20260711T015842068985Z,msl_ncam_nlb_542734240edr_f0612232ncam00283m1,test_msl,ALL,pixel_acc,0.9781850361696216,0,0,97181
unet__scratch__resnet34__in_rover__seed1414__gpu_full__39bfa6f5__gitc188b320__codebebd8b2d__20260711T015842068985Z,msl_ncam_nlb_542734240edr_f0612232ncam00283m1,test_msl,ALL,boundary_f1,0.48164496384943356,0,0,97181
unet__scratch__resnet34__in_rover__seed1414__gpu_full__39bfa6f5__gitc188b320__codebebd8b2d__20260711T015842068985Z,msl_ncam_nlb_542734362edr_f0612232ncam00283m1,test_msl,soil,iou,,0,0,145077
unet__scratch__resnet34__in_rover__seed1414__gpu_full__39bfa6f5__gitc188b320__codebebd8b2d__20260711T015842068985Z,msl_ncam_nlb_542734362edr_f0612232ncam00283m1,test_msl,bedrock,iou,0.0,0,135,145077
unet__scratch__resnet34__in_rover__seed1414__gpu_full__39bfa6f5__gitc188b320__codebebd8b2d__20260711T015842068985Z,msl_ncam_nlb_542734362edr_f0612232ncam00283m1,test_msl,sand,iou,0.9990694596662462,144942,145077,145077
unet__scratch__resnet34__in_rover__seed1414__gpu_full__39bfa6f5__gitc188b320__codebebd8b2d__20260711T015842068985Z,msl_ncam_nlb_542734362edr_f0612232ncam00283m1,test_msl,big_rock,iou,,0,0,145077
unet__scratch__resnet34__in_rover__seed1414__gpu_full__39bfa6f5__gitc188b320__codebebd8b2d__20260711T015842068985Z,msl_ncam_nlb_542734362edr_f0612232ncam00283m1,test_msl,ALL,pixel_acc,0.9990694596662462,0,0,145077
unet__scratch__resnet34__in_rover__seed1414__gpu_full__39bfa6f5__gitc188b320__codebebd8b2d__20260711T015842068985Z,msl_ncam_nlb_542734362edr_f0612232ncam00283m1,test_msl,ALL,boundary_f1,0.4979817118378779,0,0,145077
unet__scratch__resnet34__in_rover__seed1414__gpu_full__39bfa6f5__gitc188b320__codebebd8b2d__20260711T015842068985Z,msl_ncam_nlb_542738036edr_f0612232ccam15903m1,test_msl,soil,iou,,0,0,189972
unet__scratch__resnet34__in_rover__seed1414__gpu_full__39bfa6f5__gitc188b320__codebebd8b2d__20260711T015842068985Z,msl_ncam_nlb_542738036edr_f0612232ccam15903m1,test_msl,bedrock,iou,0.0,0,244,189972
unet__scratch__resnet34__in_rover__seed1414__gpu_full__39bfa6f5__gitc188b320__codebebd8b2d__20260711T015842068985Z,msl_ncam_nlb_542738036edr_f0612232ccam15903m1,test_msl,sand,iou,0.9987156001937127,189728,189972,189972
unet__scratch__resnet34__in_rover__seed1414__gpu_full__39bfa6f5__gitc188b320__codebebd8b2d__20260711T015842068985Z,msl_ncam_nlb_542738036edr_f0612232ccam15903m1,test_msl,big_rock,iou,,0,0,189972
unet__scratch__resnet34__in_rover__seed1414__gpu_full__39bfa6f5__gitc188b320__codebebd8b2d__20260711T015842068985Z,msl_ncam_nlb_542738036edr_f0612232ccam15903m1,test_msl,ALL,pixel_acc,0.9987156001937127,0,0,189972
unet__scratch__resnet34__in_rover__seed1414__gpu_full__39bfa6f5__gitc188b320__codebebd8b2d__20260711T015842068985Z,msl_ncam_nlb_542738036edr_f0612232ccam15903m1,test_msl,ALL,boundary_f1,0.49797225066068235,0,0,189972
unet__scratch__resnet34__in_rover__seed1414__gpu_full__39bfa6f5__gitc188b320__codebebd8b2d__20260711T015842068985Z,msl_ncam_nlb_543351716edr_f0613076ncam00286m1,test_msl,soil,iou,,0,0,0
unet__scratch__resnet34__in_rover__seed1414__gpu_full__39bfa6f5__gitc188b320__codebebd8b2d__20260711T015842068985Z,msl_ncam_nlb_543351716edr_f0613076ncam00286m1,test_msl,bedrock,iou,,0,0,0
unet__scratch__resnet34__in_rover__seed1414__gpu_full__39bfa6f5__gitc188b320__codebebd8b2d__20260711T015842068985Z,msl_ncam_nlb_543351716edr_f0613076ncam00286m1,test_msl,sand,iou,,0,0,0
unet__scratch__resnet34__in_rover__seed1414__gpu_full__39bfa6f5__gitc188b320__codebebd8b2d__20260711T015842068985Z,msl_ncam_nlb_543351716edr_f0613076ncam00286m1,test_msl,big_rock,iou,,0,0,0
unet__scratch__resnet34__in_rover__seed1414__gpu_full__39bfa6f5__gitc188b320__codebebd8b2d__20260711T015842068985Z,msl_ncam_nlb_543351716edr_f0613076ncam00286m1,test_msl,ALL,pixel_acc,,0,0,0
unet__scratch__resnet34__in_rover__seed1414__gpu_full__39bfa6f5__gitc188b320__codebebd8b2d__20260711T015842068985Z,msl_ncam_nlb_543351716edr_f0613076ncam00286m1,test_msl,ALL,boundary_f1,,0,0,0
unet__scratch__resnet34__in_rover__seed1414__gpu_full__39bfa6f5__gitc188b320__codebebd8b2d__20260711T015842068985Z,msl_ncam_nlb_543357370edr_f0613076ncam00287m1,test_msl,soil,iou,,0,0,139163
unet__scratch__resnet34__in_rover__seed1414__gpu_full__39bfa6f5__gitc188b320__codebebd8b2d__20260711T015842068985Z,msl_ncam_nlb_543357370edr_f0613076ncam00287m1,test_msl,bedrock,iou,0.0,0,68,139163
unet__scratch__resnet34__in_rover__seed1414__gpu_full__39bfa6f5__gitc188b320__codebebd8b2d__20260711T015842068985Z,msl_ncam_nlb_543357370edr_f0613076ncam00287m1,test_msl,sand,iou,0.9995113643712769,139095,139163,139163
unet__scratch__resnet34__in_rover__seed1414__gpu_full__39bfa6f5__gitc188b320__codebebd8b2d__20260711T015842068985Z,msl_ncam_nlb_543357370edr_f0613076ncam00287m1,test_msl,big_rock,iou,,0,0,139163
unet__scratch__resnet34__in_rover__seed1414__gpu_full__39bfa6f5__gitc188b320__codebebd8b2d__20260711T015842068985Z,msl_ncam_nlb_543357370edr_f0613076ncam00287m1,test_msl,ALL,pixel_acc,0.9995113643712769,0,0,139163
unet__scratch__resnet34__in_rover__seed1414__gpu_full__39bfa6f5__gitc188b320__codebebd8b2d__20260711T015842068985Z,msl_ncam_nlb_543357370edr_f0613076ncam00287m1,test_msl,ALL,boundary_f1,0.49980198019801975,0,0,139163
unet__scratch__resnet34__in_rover__seed1414__gpu_full__39bfa6f5__gitc188b320__codebebd8b2d__20260711T015842068985Z,msl_ncam_nlb_543357433edr_f0613076ncam00287m1,test_msl,soil,iou,,0,0,73935
unet__scratch__resnet34__in_rover__seed1414__gpu_full__39bfa6f5__gitc188b320__codebebd8b2d__20260711T015842068985Z,msl_ncam_nlb_543357433edr_f0613076ncam00287m1,test_msl,bedrock,iou,0.0,0,291,73935
unet__scratch__resnet34__in_rover__seed1414__gpu_full__39bfa6f5__gitc188b320__codebebd8b2d__20260711T015842068985Z,msl_ncam_nlb_543357433edr_f0613076ncam00287m1,test_msl,sand,iou,0.9960641103672144,73644,73935,73935
unet__scratch__resnet34__in_rover__seed1414__gpu_full__39bfa6f5__gitc188b320__codebebd8b2d__20260711T015842068985Z,msl_ncam_nlb_543357433edr_f0613076ncam00287m1,test_msl,big_rock,iou,,0,0,73935
unet__scratch__resnet34__in_rover__seed1414__gpu_full__39bfa6f5__gitc188b320__codebebd8b2d__20260711T015842068985Z,msl_ncam_nlb_543357433edr_f0613076ncam00287m1,test_msl,ALL,pixel_acc,0.9960641103672144,0,0,73935
unet__scratch__resnet34__in_rover__seed1414__gpu_full__39bfa6f5__gitc188b320__codebebd8b2d__20260711T015842068985Z,msl_ncam_nlb_543357433edr_f0613076ncam00287m1,test_msl,ALL,boundary_f1,0.49555277262409325,0,0,73935
unet__scratch__resnet34__in_rover__seed1414__gpu_full__39bfa6f5__gitc188b320__codebebd8b2d__20260711T015842068985Z,msl_ncam_nlb_543357548edr_f0613076ncam00287m1,test_msl,soil,iou,,0,0,0
unet__scratch__resnet34__in_rover__seed1414__gpu_full__39bfa6f5__gitc188b320__codebebd8b2d__20260711T015842068985Z,msl_ncam_nlb_543357548edr_f0613076ncam00287m1,test_msl,bedrock,iou,,0,0,0
unet__scratch__resnet34__in_rover__seed1414__gpu_full__39bfa6f5__gitc188b320__codebebd8b2d__20260711T015842068985Z,msl_ncam_nlb_543357548edr_f0613076ncam00287m1,test_msl,sand,iou,,0,0,0
unet__scratch__resnet34__in_rover__seed1414__gpu_full__39bfa6f5__gitc188b320__codebebd8b2d__20260711T015842068985Z,msl_ncam_nlb_543357548edr_f0613076ncam00287m1,test_msl,big_rock,iou,,0,0,0
unet__scratch__resnet34__in_rover__seed1414__gpu_full__39bfa6f5__gitc188b320__codebebd8b2d__20260711T015842068985Z,msl_ncam_nlb_543357548edr_f0613076ncam00287m1,test_msl,ALL,pixel_acc,,0,0,0
unet__scratch__resnet34__in_rover__seed1414__gpu_full__39bfa6f5__gitc188b320__codebebd8b2d__20260711T015842068985Z,msl_ncam_nlb_543357548edr_f0613076ncam00287m1,test_msl,ALL,boundary_f1,,0,0,0
unet__scratch__resnet34__in_rover__seed1414__gpu_full__39bfa6f5__gitc188b320__codebebd8b2d__20260711T015842068985Z,msl_ncam_nlb_548047620edr_f0630346ncam00320m1,test_msl,soil,iou,,0,0,96137
unet__scratch__resnet34__in_rover__seed1414__gpu_full__39bfa6f5__gitc188b320__codebebd8b2d__20260711T015842068985Z,msl_ncam_nlb_548047620edr_f0630346ncam00320m1,test_msl,bedrock,iou,0.9979694204387503,82567,82735,96137
unet__scratch__resnet34__in_rover__seed1414__gpu_full__39bfa6f5__gitc188b320__codebebd8b2d__20260711T015842068985Z,msl_ncam_nlb_548047620edr_f0630346ncam00320m1,test_msl,sand,iou,0.9876197494473102,13402,13570,96137
unet__scratch__resnet34__in_rover__seed1414__gpu_full__39bfa6f5__gitc188b320__codebebd8b2d__20260711T015842068985Z,msl_ncam_nlb_548047620edr_f0630346ncam00320m1,test_msl,big_rock,iou,,0,0,96137
unet__scratch__resnet34__in_rover__seed1414__gpu_full__39bfa6f5__gitc188b320__codebebd8b2d__20260711T015842068985Z,msl_ncam_nlb_548047620edr_f0630346ncam00320m1,test_msl,ALL,pixel_acc,0.9982524938369203,0,0,96137
unet__scratch__resnet34__in_rover__seed1414__gpu_full__39bfa6f5__gitc188b320__codebebd8b2d__20260711T015842068985Z,msl_ncam_nlb_548047620edr_f0630346ncam00320m1,test_msl,ALL,boundary_f1,0.9859236759553228,0,0,96137
unet__scratch__resnet34__in_rover__seed1414__gpu_full__39bfa6f5__gitc188b320__codebebd8b2d__20260711T015842068985Z,msl_ncam_nlb_548057490edr_f0630724ncam00385m1,test_msl,soil,iou,,0,0,65888
unet__scratch__resnet34__in_rover__seed1414__gpu_full__39bfa6f5__gitc188b320__codebebd8b2d__20260711T015842068985Z,msl_ncam_nlb_548057490edr_f0630724ncam00385m1,test_msl,bedrock,iou,0.8982667557066537,59185,65888,65888
unet__scratch__resnet34__in_rover__seed1414__gpu_full__39bfa6f5__gitc188b320__codebebd8b2d__20260711T015842068985Z,msl_ncam_nlb_548057490edr_f0630724ncam00385m1,test_msl,sand,iou,0.0,0,5788,65888
unet__scratch__resnet34__in_rover__seed1414__gpu_full__39bfa6f5__gitc188b320__codebebd8b2d__20260711T015842068985Z,msl_ncam_nlb_548057490edr_f0630724ncam00385m1,test_msl,big_rock,iou,0.0,0,915,65888
unet__scratch__resnet34__in_rover__seed1414__gpu_full__39bfa6f5__gitc188b320__codebebd8b2d__20260711T015842068985Z,msl_ncam_nlb_548057490edr_f0630724ncam00385m1,test_msl,ALL,pixel_acc,0.8982667557066537,0,0,65888
unet__scratch__resnet34__in_rover__seed1414__gpu_full__39bfa6f5__gitc188b320__codebebd8b2d__20260711T015842068985Z,msl_ncam_nlb_548057490edr_f0630724ncam00385m1,test_msl,ALL,boundary_f1,0.307206483951286,0,0,65888
unet__scratch__resnet34__in_rover__seed1414__gpu_full__39bfa6f5__gitc188b320__codebebd8b2d__20260711T015842068985Z,msl_ncam_nlb_548058260edr_f0630766ncam00375m1,test_msl,soil,iou,,0,0,41868
unet__scratch__resnet34__in_rover__seed1414__gpu_full__39bfa6f5__gitc188b320__codebebd8b2d__20260711T015842068985Z,msl_ncam_nlb_548058260edr_f0630766ncam00375m1,test_msl,bedrock,iou,0.9450339189424247,27165,28745,41868
unet__scratch__resnet34__in_rover__seed1414__gpu_full__39bfa6f5__gitc188b320__codebebd8b2d__20260711T015842068985Z,msl_ncam_nlb_548058260edr_f0630766ncam00375m1,test_msl,sand,iou,0.8925389376317758,13123,14703,41868
unet__scratch__resnet34__in_rover__seed1414__gpu_full__39bfa6f5__gitc188b320__codebebd8b2d__20260711T015842068985Z,msl_ncam_nlb_548058260edr_f0630766ncam00375m1,test_msl,big_rock,iou,,0,0,41868
unet__scratch__resnet34__in_rover__seed1414__gpu_full__39bfa6f5__gitc188b320__codebebd8b2d__20260711T015842068985Z,msl_ncam_nlb_548058260edr_f0630766ncam00375m1,test_msl,ALL,pixel_acc,0.9622623483328556,0,0,41868
unet__scratch__resnet34__in_rover__seed1414__gpu_full__39bfa6f5__gitc188b320__codebebd8b2d__20260711T015842068985Z,msl_ncam_nlb_548058260edr_f0630766ncam00375m1,test_msl,ALL,boundary_f1,0.9296499282871902,0,0,41868
unet__scratch__resnet34__in_rover__seed1414__gpu_full__39bfa6f5__gitc188b320__codebebd8b2d__20260711T015842068985Z,msl_ncam_nlb_548058358edr_f0630766ncam00273m1,test_msl,soil,iou,,0,0,43577
unet__scratch__resnet34__in_rover__seed1414__gpu_full__39bfa6f5__gitc188b320__codebebd8b2d__20260711T015842068985Z,msl_ncam_nlb_548058358edr_f0630766ncam00273m1,test_msl,bedrock,iou,0.9402826566456989,23020,24482,43577
unet__scratch__resnet34__in_rover__seed1414__gpu_full__39bfa6f5__gitc188b320__codebebd8b2d__20260711T015842068985Z,msl_ncam_nlb_548058358edr_f0630766ncam00273m1,test_msl,sand,iou,0.9288806732499878,19095,20557,43577
unet__scratch__resnet34__in_rover__seed1414__gpu_full__39bfa6f5__gitc188b320__codebebd8b2d__20260711T015842068985Z,msl_ncam_nlb_548058358edr_f0630766ncam00273m1,test_msl,big_rock,iou,,0,0,43577
unet__scratch__resnet34__in_rover__seed1414__gpu_full__39bfa6f5__gitc188b320__codebebd8b2d__20260711T015842068985Z,msl_ncam_nlb_548058358edr_f0630766ncam00273m1,test_msl,ALL,pixel_acc,0.9664501916148427,0,0,43577
unet__scratch__resnet34__in_rover__seed1414__gpu_full__39bfa6f5__gitc188b320__codebebd8b2d__20260711T015842068985Z,msl_ncam_nlb_548058358edr_f0630766ncam00273m1,test_msl,ALL,boundary_f1,0.9277073248090069,0,0,43577
unet__scratch__resnet34__in_rover__seed1414__gpu_full__39bfa6f5__gitc188b320__codebebd8b2d__20260711T015842068985Z,msl_ncam_nlb_548063838edr_f0630766ncam07753m1,test_msl,soil,iou,,0,0,13320
unet__scratch__resnet34__in_rover__seed1414__gpu_full__39bfa6f5__gitc188b320__codebebd8b2d__20260711T015842068985Z,msl_ncam_nlb_548063838edr_f0630766ncam07753m1,test_msl,bedrock,iou,1.0,13320,13320,13320
unet__scratch__resnet34__in_rover__seed1414__gpu_full__39bfa6f5__gitc188b320__codebebd8b2d__20260711T015842068985Z,msl_ncam_nlb_548063838edr_f0630766ncam07753m1,test_msl,sand,iou,,0,0,13320
unet__scratch__resnet34__in_rover__seed1414__gpu_full__39bfa6f5__gitc188b320__codebebd8b2d__20260711T015842068985Z,msl_ncam_nlb_548063838edr_f0630766ncam07753m1,test_msl,big_rock,iou,,0,0,13320
unet__scratch__resnet34__in_rover__seed1414__gpu_full__39bfa6f5__gitc188b320__codebebd8b2d__20260711T015842068985Z,msl_ncam_nlb_548063838edr_f0630766ncam07753m1,test_msl,ALL,pixel_acc,1.0,0,0,13320
unet__scratch__resnet34__in_rover__seed1414__gpu_full__39bfa6f5__gitc188b320__codebebd8b2d__20260711T015842068985Z,msl_ncam_nlb_548063838edr_f0630766ncam07753m1,test_msl,ALL,boundary_f1,1.0,0,0,13320
unet__scratch__resnet34__in_rover__seed1414__gpu_full__39bfa6f5__gitc188b320__codebebd8b2d__20260711T015842068985Z,msl_ncam_nlb_552665174edr_f0641980ncam00320m1,test_msl,soil,iou,,0,0,107820
unet__scratch__resnet34__in_rover__seed1414__gpu_full__39bfa6f5__gitc188b320__codebebd8b2d__20260711T015842068985Z,msl_ncam_nlb_552665174edr_f0641980ncam00320m1,test_msl,bedrock,iou,1.0,20145,20145,107820
unet__scratch__resnet34__in_rover__seed1414__gpu_full__39bfa6f5__gitc188b320__codebebd8b2d__20260711T015842068985Z,msl_ncam_nlb_552665174edr_f0641980ncam00320m1,test_msl,sand,iou,1.0,87675,87675,107820
unet__scratch__resnet34__in_rover__seed1414__gpu_full__39bfa6f5__gitc188b320__codebebd8b2d__20260711T015842068985Z,msl_ncam_nlb_552665174edr_f0641980ncam00320m1,test_msl,big_rock,iou,,0,0,107820
unet__scratch__resnet34__in_rover__seed1414__gpu_full__39bfa6f5__gitc188b320__codebebd8b2d__20260711T015842068985Z,msl_ncam_nlb_552665174edr_f0641980ncam00320m1,test_msl,ALL,pixel_acc,1.0,0,0,107820
unet__scratch__resnet34__in_rover__seed1414__gpu_full__39bfa6f5__gitc188b320__codebebd8b2d__20260711T015842068985Z,msl_ncam_nlb_552665174edr_f0641980ncam00320m1,test_msl,ALL,boundary_f1,1.0,0,0,107820
unet__scratch__resnet34__in_rover__seed1414__gpu_full__39bfa6f5__gitc188b320__codebebd8b2d__20260711T015842068985Z,msl_ncam_nlb_552676131edr_f0642004ncam00385m1,test_msl,soil,iou,,0,0,241952
unet__scratch__resnet34__in_rover__seed1414__gpu_full__39bfa6f5__gitc188b320__codebebd8b2d__20260711T015842068985Z,msl_ncam_nlb_552676131edr_f0642004ncam00385m1,test_msl,bedrock,iou,,0,0,241952
unet__scratch__resnet34__in_rover__seed1414__gpu_full__39bfa6f5__gitc188b320__codebebd8b2d__20260711T015842068985Z,msl_ncam_nlb_552676131edr_f0642004ncam00385m1,test_msl,sand,iou,1.0,241952,241952,241952
unet__scratch__resnet34__in_rover__seed1414__gpu_full__39bfa6f5__gitc188b320__codebebd8b2d__20260711T015842068985Z,msl_ncam_nlb_552676131edr_f0642004ncam00385m1,test_msl,big_rock,iou,,0,0,241952
unet__scratch__resnet34__in_rover__seed1414__gpu_full__39bfa6f5__gitc188b320__codebebd8b2d__20260711T015842068985Z,msl_ncam_nlb_552676131edr_f0642004ncam00385m1,test_msl,ALL,pixel_acc,1.0,0,0,241952
unet__scratch__resnet34__in_rover__seed1414__gpu_full__39bfa6f5__gitc188b320__codebebd8b2d__20260711T015842068985Z,msl_ncam_nlb_552676131edr_f0642004ncam00385m1,test_msl,ALL,boundary_f1,1.0,0,0,241952
unet__scratch__resnet34__in_rover__seed1414__gpu_full__39bfa6f5__gitc188b320__codebebd8b2d__20260711T015842068985Z,msl_ncam_nlb_552677384edr_f0642088ncam00376m1,test_msl,soil,iou,,0,0,93137
unet__scratch__resnet34__in_rover__seed1414__gpu_full__39bfa6f5__gitc188b320__codebebd8b2d__20260711T015842068985Z,msl_ncam_nlb_552677384edr_f0642088ncam00376m1,test_msl,bedrock,iou,,0,0,93137
unet__scratch__resnet34__in_rover__seed1414__gpu_full__39bfa6f5__gitc188b320__codebebd8b2d__20260711T015842068985Z,msl_ncam_nlb_552677384edr_f0642088ncam00376m1,test_msl,sand,iou,1.0,93137,93137,93137
unet__scratch__resnet34__in_rover__seed1414__gpu_full__39bfa6f5__gitc188b320__codebebd8b2d__20260711T015842068985Z,msl_ncam_nlb_552677384edr_f0642088ncam00376m1,test_msl,big_rock,iou,,0,0,93137
unet__scratch__resnet34__in_rover__seed1414__gpu_full__39bfa6f5__gitc188b320__codebebd8b2d__20260711T015842068985Z,msl_ncam_nlb_552677384edr_f0642088ncam00376m1,test_msl,ALL,pixel_acc,1.0,0,0,93137
unet__scratch__resnet34__in_rover__seed1414__gpu_full__39bfa6f5__gitc188b320__codebebd8b2d__20260711T015842068985Z,msl_ncam_nlb_552677384edr_f0642088ncam00376m1,test_msl,ALL,boundary_f1,1.0,0,0,93137
unet__scratch__resnet34__in_rover__seed1414__gpu_full__39bfa6f5__gitc188b320__codebebd8b2d__20260711T015842068985Z,msl_ncam_nlb_552677513edr_f0642088ncam00255m1,test_msl,soil,iou,,0,0,42984
unet__scratch__resnet34__in_rover__seed1414__gpu_full__39bfa6f5__gitc188b320__codebebd8b2d__20260711T015842068985Z,msl_ncam_nlb_552677513edr_f0642088ncam00255m1,test_msl,bedrock,iou,0.9815825375170532,1439,1466,42984
unet__scratch__resnet34__in_rover__seed1414__gpu_full__39bfa6f5__gitc188b320__codebebd8b2d__20260711T015842068985Z,msl_ncam_nlb_552677513edr_f0642088ncam00255m1,test_msl,sand,iou,0.9993501022987122,41518,41545,42984
unet__scratch__resnet34__in_rover__seed1414__gpu_full__39bfa6f5__gitc188b320__codebebd8b2d__20260711T015842068985Z,msl_ncam_nlb_552677513edr_f0642088ncam00255m1,test_msl,big_rock,iou,,0,0,42984
unet__scratch__resnet34__in_rover__seed1414__gpu_full__39bfa6f5__gitc188b320__codebebd8b2d__20260711T015842068985Z,msl_ncam_nlb_552677513edr_f0642088ncam00255m1,test_msl,ALL,pixel_acc,0.9993718592964824,0,0,42984
unet__scratch__resnet34__in_rover__seed1414__gpu_full__39bfa6f5__gitc188b320__codebebd8b2d__20260711T015842068985Z,msl_ncam_nlb_552677513edr_f0642088ncam00255m1,test_msl,ALL,boundary_f1,0.9928311452261952,0,0,42984
unet__scratch__resnet34__in_rover__seed1414__gpu_full__39bfa6f5__gitc188b320__codebebd8b2d__20260711T015842068985Z,msl_ncam_nlb_552677608edr_f0642088ncam00255m1,test_msl,soil,iou,,0,0,238297
unet__scratch__resnet34__in_rover__seed1414__gpu_full__39bfa6f5__gitc188b320__codebebd8b2d__20260711T015842068985Z,msl_ncam_nlb_552677608edr_f0642088ncam00255m1,test_msl,bedrock,iou,,0,0,238297
unet__scratch__resnet34__in_rover__seed1414__gpu_full__39bfa6f5__gitc188b320__codebebd8b2d__20260711T015842068985Z,msl_ncam_nlb_552677608edr_f0642088ncam00255m1,test_msl,sand,iou,1.0,238297,238297,238297
unet__scratch__resnet34__in_rover__seed1414__gpu_full__39bfa6f5__gitc188b320__codebebd8b2d__20260711T015842068985Z,msl_ncam_nlb_552677608edr_f0642088ncam00255m1,test_msl,big_rock,iou,,0,0,238297
unet__scratch__resnet34__in_rover__seed1414__gpu_full__39bfa6f5__gitc188b320__codebebd8b2d__20260711T015842068985Z,msl_ncam_nlb_552677608edr_f0642088ncam00255m1,test_msl,ALL,pixel_acc,1.0,0,0,238297
unet__scratch__resnet34__in_rover__seed1414__gpu_full__39bfa6f5__gitc188b320__codebebd8b2d__20260711T015842068985Z,msl_ncam_nlb_552677608edr_f0642088ncam00255m1,test_msl,ALL,boundary_f1,1.0,0,0,238297
unet__scratch__resnet34__in_rover__seed1414__gpu_full__39bfa6f5__gitc188b320__codebebd8b2d__20260711T015842068985Z,msl_ncam_nlb_552677960edr_f0642088ncam00354m1,test_msl,soil,iou,,0,0,141082
unet__scratch__resnet34__in_rover__seed1414__gpu_full__39bfa6f5__gitc188b320__codebebd8b2d__20260711T015842068985Z,msl_ncam_nlb_552677960edr_f0642088ncam00354m1,test_msl,bedrock,iou,,0,0,141082
unet__scratch__resnet34__in_rover__seed1414__gpu_full__39bfa6f5__gitc188b320__codebebd8b2d__20260711T015842068985Z,msl_ncam_nlb_552677960edr_f0642088ncam00354m1,test_msl,sand,iou,1.0,141082,141082,141082
unet__scratch__resnet34__in_rover__seed1414__gpu_full__39bfa6f5__gitc188b320__codebebd8b2d__20260711T015842068985Z,msl_ncam_nlb_552677960edr_f0642088ncam00354m1,test_msl,big_rock,iou,,0,0,141082
unet__scratch__resnet34__in_rover__seed1414__gpu_full__39bfa6f5__gitc188b320__codebebd8b2d__20260711T015842068985Z,msl_ncam_nlb_552677960edr_f0642088ncam00354m1,test_msl,ALL,pixel_acc,1.0,0,0,141082
unet__scratch__resnet34__in_rover__seed1414__gpu_full__39bfa6f5__gitc188b320__codebebd8b2d__20260711T015842068985Z,msl_ncam_nlb_552677960edr_f0642088ncam00354m1,test_msl,ALL,boundary_f1,1.0,0,0,141082
unet__scratch__resnet34__in_rover__seed1414__gpu_full__39bfa6f5__gitc188b320__codebebd8b2d__20260711T015842068985Z,msl_ncam_nlb_552678040edr_f0642088ncam00354m1,test_msl,soil,iou,,0,0,124577
unet__scratch__resnet34__in_rover__seed1414__gpu_full__39bfa6f5__gitc188b320__codebebd8b2d__20260711T015842068985Z,msl_ncam_nlb_552678040edr_f0642088ncam00354m1,test_msl,bedrock,iou,,0,0,124577
unet__scratch__resnet34__in_rover__seed1414__gpu_full__39bfa6f5__gitc188b320__codebebd8b2d__20260711T015842068985Z,msl_ncam_nlb_552678040edr_f0642088ncam00354m1,test_msl,sand,iou,1.0,124577,124577,124577
unet__scratch__resnet34__in_rover__seed1414__gpu_full__39bfa6f5__gitc188b320__codebebd8b2d__20260711T015842068985Z,msl_ncam_nlb_552678040edr_f0642088ncam00354m1,test_msl,big_rock,iou,,0,0,124577
unet__scratch__resnet34__in_rover__seed1414__gpu_full__39bfa6f5__gitc188b320__codebebd8b2d__20260711T015842068985Z,msl_ncam_nlb_552678040edr_f0642088ncam00354m1,test_msl,ALL,pixel_acc,1.0,0,0,124577
unet__scratch__resnet34__in_rover__seed1414__gpu_full__39bfa6f5__gitc188b320__codebebd8b2d__20260711T015842068985Z,msl_ncam_nlb_552678040edr_f0642088ncam00354m1,test_msl,ALL,boundary_f1,1.0,0,0,124577
unet__scratch__resnet34__in_rover__seed1414__gpu_full__39bfa6f5__gitc188b320__codebebd8b2d__20260711T015842068985Z,msl_ncam_nlb_552682049edr_f0642088ncam07753m1,test_msl,soil,iou,,0,0,203617
unet__scratch__resnet34__in_rover__seed1414__gpu_full__39bfa6f5__gitc188b320__codebebd8b2d__20260711T015842068985Z,msl_ncam_nlb_552682049edr_f0642088ncam07753m1,test_msl,bedrock,iou,,0,0,203617
unet__scratch__resnet34__in_rover__seed1414__gpu_full__39bfa6f5__gitc188b320__codebebd8b2d__20260711T015842068985Z,msl_ncam_nlb_552682049edr_f0642088ncam07753m1,test_msl,sand,iou,1.0,203617,203617,203617
unet__scratch__resnet34__in_rover__seed1414__gpu_full__39bfa6f5__gitc188b320__codebebd8b2d__20260711T015842068985Z,msl_ncam_nlb_552682049edr_f0642088ncam07753m1,test_msl,big_rock,iou,,0,0,203617
unet__scratch__resnet34__in_rover__seed1414__gpu_full__39bfa6f5__gitc188b320__codebebd8b2d__20260711T015842068985Z,msl_ncam_nlb_552682049edr_f0642088ncam07753m1,test_msl,ALL,pixel_acc,1.0,0,0,203617
unet__scratch__resnet34__in_rover__seed1414__gpu_full__39bfa6f5__gitc188b320__codebebd8b2d__20260711T015842068985Z,msl_ncam_nlb_552682049edr_f0642088ncam07753m1,test_msl,ALL,boundary_f1,1.0,0,0,203617
unet__scratch__resnet34__in_rover__seed1414__gpu_full__39bfa6f5__gitc188b320__codebebd8b2d__20260711T015842068985Z,msl_ncam_nlb_552682173edr_f0642088ncam07753m1,test_msl,soil,iou,,0,0,37725
unet__scratch__resnet34__in_rover__seed1414__gpu_full__39bfa6f5__gitc188b320__codebebd8b2d__20260711T015842068985Z,msl_ncam_nlb_552682173edr_f0642088ncam07753m1,test_msl,bedrock,iou,1.0,3020,3020,37725
unet__scratch__resnet34__in_rover__seed1414__gpu_full__39bfa6f5__gitc188b320__codebebd8b2d__20260711T015842068985Z,msl_ncam_nlb_552682173edr_f0642088ncam07753m1,test_msl,sand,iou,1.0,34705,34705,37725
unet__scratch__resnet34__in_rover__seed1414__gpu_full__39bfa6f5__gitc188b320__codebebd8b2d__20260711T015842068985Z,msl_ncam_nlb_552682173edr_f0642088ncam07753m1,test_msl,big_rock,iou,,0,0,37725
unet__scratch__resnet34__in_rover__seed1414__gpu_full__39bfa6f5__gitc188b320__codebebd8b2d__20260711T015842068985Z,msl_ncam_nlb_552682173edr_f0642088ncam07753m1,test_msl,ALL,pixel_acc,1.0,0,0,37725
unet__scratch__resnet34__in_rover__seed1414__gpu_full__39bfa6f5__gitc188b320__codebebd8b2d__20260711T015842068985Z,msl_ncam_nlb_552682173edr_f0642088ncam07753m1,test_msl,ALL,boundary_f1,1.0,0,0,37725
unet__scratch__resnet34__in_rover__seed1414__gpu_full__39bfa6f5__gitc188b320__codebebd8b2d__20260711T015842068985Z,msl_ncam_nlb_556418003edr_f0651174ncam00320m1,test_msl,soil,iou,,0,0,95260
unet__scratch__resnet34__in_rover__seed1414__gpu_full__39bfa6f5__gitc188b320__codebebd8b2d__20260711T015842068985Z,msl_ncam_nlb_556418003edr_f0651174ncam00320m1,test_msl,bedrock,iou,0.8500635324015248,8028,9444,95260
unet__scratch__resnet34__in_rover__seed1414__gpu_full__39bfa6f5__gitc188b320__codebebd8b2d__20260711T015842068985Z,msl_ncam_nlb_556418003edr_f0651174ncam00320m1,test_msl,sand,iou,0.9837674247982392,85816,87232,95260
unet__scratch__resnet34__in_rover__seed1414__gpu_full__39bfa6f5__gitc188b320__codebebd8b2d__20260711T015842068985Z,msl_ncam_nlb_556418003edr_f0651174ncam00320m1,test_msl,big_rock,iou,,0,0,95260
unet__scratch__resnet34__in_rover__seed1414__gpu_full__39bfa6f5__gitc188b320__codebebd8b2d__20260711T015842068985Z,msl_ncam_nlb_556418003edr_f0651174ncam00320m1,test_msl,ALL,pixel_acc,0.9851354188536636,0,0,95260
unet__scratch__resnet34__in_rover__seed1414__gpu_full__39bfa6f5__gitc188b320__codebebd8b2d__20260711T015842068985Z,msl_ncam_nlb_556418003edr_f0651174ncam00320m1,test_msl,ALL,boundary_f1,0.9180664414459534,0,0,95260
unet__scratch__resnet34__in_rover__seed1414__gpu_full__39bfa6f5__gitc188b320__codebebd8b2d__20260711T015842068985Z,msl_ncam_nlb_556756244edr_f0651642ncam00285m1,test_msl,soil,iou,,0,0,71198
unet__scratch__resnet34__in_rover__seed1414__gpu_full__39bfa6f5__gitc188b320__codebebd8b2d__20260711T015842068985Z,msl_ncam_nlb_556756244edr_f0651642ncam00285m1,test_msl,bedrock,iou,0.9717211574596016,10343,10644,71198
unet__scratch__resnet34__in_rover__seed1414__gpu_full__39bfa6f5__gitc188b320__codebebd8b2d__20260711T015842068985Z,msl_ncam_nlb_556756244edr_f0651642ncam00285m1,test_msl,sand,iou,0.995053816448936,60554,60855,71198
unet__scratch__resnet34__in_rover__seed1414__gpu_full__39bfa6f5__gitc188b320__codebebd8b2d__20260711T015842068985Z,msl_ncam_nlb_556756244edr_f0651642ncam00285m1,test_msl,big_rock,iou,,0,0,71198
unet__scratch__resnet34__in_rover__seed1414__gpu_full__39bfa6f5__gitc188b320__codebebd8b2d__20260711T015842068985Z,msl_ncam_nlb_556756244edr_f0651642ncam00285m1,test_msl,ALL,pixel_acc,0.9957723531559876,0,0,71198
unet__scratch__resnet34__in_rover__seed1414__gpu_full__39bfa6f5__gitc188b320__codebebd8b2d__20260711T015842068985Z,msl_ncam_nlb_556756244edr_f0651642ncam00285m1,test_msl,ALL,boundary_f1,0.9796679957022757,0,0,71198
unet__scratch__resnet34__in_rover__seed1414__gpu_full__39bfa6f5__gitc188b320__codebebd8b2d__20260711T015842068985Z,msl_ncam_nlb_556756308edr_f0651642ncam00285m1,test_msl,soil,iou,,0,0,120672
unet__scratch__resnet34__in_rover__seed1414__gpu_full__39bfa6f5__gitc188b320__codebebd8b2d__20260711T015842068985Z,msl_ncam_nlb_556756308edr_f0651642ncam00285m1,test_msl,bedrock,iou,0.577855342253248,2980,5157,120672
unet__scratch__resnet34__in_rover__seed1414__gpu_full__39bfa6f5__gitc188b320__codebebd8b2d__20260711T015842068985Z,msl_ncam_nlb_556756308edr_f0651642ncam00285m1,test_msl,sand,iou,0.9827287223440303,98607,100340,120672
unet__scratch__resnet34__in_rover__seed1414__gpu_full__39bfa6f5__gitc188b320__codebebd8b2d__20260711T015842068985Z,msl_ncam_nlb_556756308edr_f0651642ncam00285m1,test_msl,big_rock,iou,0.7967275015733165,15192,19068,120672
unet__scratch__resnet34__in_rover__seed1414__gpu_full__39bfa6f5__gitc188b320__codebebd8b2d__20260711T015842068985Z,msl_ncam_nlb_556756308edr_f0651642ncam00285m1,test_msl,ALL,pixel_acc,0.9677389949615487,0,0,120672
unet__scratch__resnet34__in_rover__seed1414__gpu_full__39bfa6f5__gitc188b320__codebebd8b2d__20260711T015842068985Z,msl_ncam_nlb_556756308edr_f0651642ncam00285m1,test_msl,ALL,boundary_f1,0.7446339717816489,0,0,120672
unet__scratch__resnet34__in_rover__seed1414__gpu_full__39bfa6f5__gitc188b320__codebebd8b2d__20260711T015842068985Z,msl_ncam_nlb_556756606edr_f0651642ncam00312m1,test_msl,soil,iou,,0,0,172993
unet__scratch__resnet34__in_rover__seed1414__gpu_full__39bfa6f5__gitc188b320__codebebd8b2d__20260711T015842068985Z,msl_ncam_nlb_556756606edr_f0651642ncam00312m1,test_msl,bedrock,iou,0.9998644343523351,14751,14753,172993
unet__scratch__resnet34__in_rover__seed1414__gpu_full__39bfa6f5__gitc188b320__codebebd8b2d__20260711T015842068985Z,msl_ncam_nlb_556756606edr_f0651642ncam00312m1,test_msl,sand,iou,0.9999873611304205,158240,158242,172993
unet__scratch__resnet34__in_rover__seed1414__gpu_full__39bfa6f5__gitc188b320__codebebd8b2d__20260711T015842068985Z,msl_ncam_nlb_556756606edr_f0651642ncam00312m1,test_msl,big_rock,iou,,0,0,172993
unet__scratch__resnet34__in_rover__seed1414__gpu_full__39bfa6f5__gitc188b320__codebebd8b2d__20260711T015842068985Z,msl_ncam_nlb_556756606edr_f0651642ncam00312m1,test_msl,ALL,pixel_acc,0.9999884388385657,0,0,172993
unet__scratch__resnet34__in_rover__seed1414__gpu_full__39bfa6f5__gitc188b320__codebebd8b2d__20260711T015842068985Z,msl_ncam_nlb_556756606edr_f0651642ncam00312m1,test_msl,ALL,boundary_f1,0.9997104579502206,0,0,172993
unet__scratch__resnet34__in_rover__seed1414__gpu_full__39bfa6f5__gitc188b320__codebebd8b2d__20260711T015842068985Z,msl_ncam_nlb_556763962edr_f0651642ncam07753m1,test_msl,soil,iou,,0,0,156742
unet__scratch__resnet34__in_rover__seed1414__gpu_full__39bfa6f5__gitc188b320__codebebd8b2d__20260711T015842068985Z,msl_ncam_nlb_556763962edr_f0651642ncam07753m1,test_msl,bedrock,iou,0.9955448065173116,7821,7856,156742
unet__scratch__resnet34__in_rover__seed1414__gpu_full__39bfa6f5__gitc188b320__codebebd8b2d__20260711T015842068985Z,msl_ncam_nlb_556763962edr_f0651642ncam07753m1,test_msl,sand,iou,0.9997649760611331,148886,148921,156742
unet__scratch__resnet34__in_rover__seed1414__gpu_full__39bfa6f5__gitc188b320__codebebd8b2d__20260711T015842068985Z,msl_ncam_nlb_556763962edr_f0651642ncam07753m1,test_msl,big_rock,iou,,0,0,156742
unet__scratch__resnet34__in_rover__seed1414__gpu_full__39bfa6f5__gitc188b320__codebebd8b2d__20260711T015842068985Z,msl_ncam_nlb_556763962edr_f0651642ncam07753m1,test_msl,ALL,pixel_acc,0.9997767031172244,0,0,156742
unet__scratch__resnet34__in_rover__seed1414__gpu_full__39bfa6f5__gitc188b320__codebebd8b2d__20260711T015842068985Z,msl_ncam_nlb_556763962edr_f0651642ncam07753m1,test_msl,ALL,boundary_f1,0.993536328536539,0,0,156742
unet__scratch__resnet34__in_rover__seed1414__gpu_full__39bfa6f5__gitc188b320__codebebd8b2d__20260711T015842068985Z,msl_ncam_nlb_556764110edr_f0651642ncam07753m1,test_msl,soil,iou,,0,0,19514
unet__scratch__resnet34__in_rover__seed1414__gpu_full__39bfa6f5__gitc188b320__codebebd8b2d__20260711T015842068985Z,msl_ncam_nlb_556764110edr_f0651642ncam07753m1,test_msl,bedrock,iou,0.2836065573770492,173,610,19514
unet__scratch__resnet34__in_rover__seed1414__gpu_full__39bfa6f5__gitc188b320__codebebd8b2d__20260711T015842068985Z,msl_ncam_nlb_556764110edr_f0651642ncam07753m1,test_msl,sand,iou,0.977405511607466,18904,19341,19514
unet__scratch__resnet34__in_rover__seed1414__gpu_full__39bfa6f5__gitc188b320__codebebd8b2d__20260711T015842068985Z,msl_ncam_nlb_556764110edr_f0651642ncam07753m1,test_msl,big_rock,iou,,0,0,19514
unet__scratch__resnet34__in_rover__seed1414__gpu_full__39bfa6f5__gitc188b320__codebebd8b2d__20260711T015842068985Z,msl_ncam_nlb_556764110edr_f0651642ncam07753m1,test_msl,ALL,pixel_acc,0.9776058214615148,0,0,19514
unet__scratch__resnet34__in_rover__seed1414__gpu_full__39bfa6f5__gitc188b320__codebebd8b2d__20260711T015842068985Z,msl_ncam_nlb_556764110edr_f0651642ncam07753m1,test_msl,ALL,boundary_f1,0.741605038916175,0,0,19514
unet__scratch__resnet34__in_rover__seed1414__gpu_full__39bfa6f5__gitc188b320__codebebd8b2d__20260711T015842068985Z,msl_ncam_nlb_556764172edr_f0651642ncam07753m1,test_msl,soil,iou,,0,0,45242
unet__scratch__resnet34__in_rover__seed1414__gpu_full__39bfa6f5__gitc188b320__codebebd8b2d__20260711T015842068985Z,msl_ncam_nlb_556764172edr_f0651642ncam07753m1,test_msl,bedrock,iou,0.7391532173548523,7053,9542,45242
unet__scratch__resnet34__in_rover__seed1414__gpu_full__39bfa6f5__gitc188b320__codebebd8b2d__20260711T015842068985Z,msl_ncam_nlb_556764172edr_f0651642ncam07753m1,test_msl,sand,iou,0.9348241640262903,35700,38189,45242
unet__scratch__resnet34__in_rover__seed1414__gpu_full__39bfa6f5__gitc188b320__codebebd8b2d__20260711T015842068985Z,msl_ncam_nlb_556764172edr_f0651642ncam07753m1,test_msl,big_rock,iou,,0,0,45242
unet__scratch__resnet34__in_rover__seed1414__gpu_full__39bfa6f5__gitc188b320__codebebd8b2d__20260711T015842068985Z,msl_ncam_nlb_556764172edr_f0651642ncam07753m1,test_msl,ALL,pixel_acc,0.9449847486848504,0,0,45242
unet__scratch__resnet34__in_rover__seed1414__gpu_full__39bfa6f5__gitc188b320__codebebd8b2d__20260711T015842068985Z,msl_ncam_nlb_556764172edr_f0651642ncam07753m1,test_msl,ALL,boundary_f1,0.8516131066329391,0,0,45242
unet__scratch__resnet34__in_rover__seed1414__gpu_full__39bfa6f5__gitc188b320__codebebd8b2d__20260711T015842068985Z,msl_ncam_nlb_558363908edr_f0660000ncam00375m1,test_msl,soil,iou,,0,0,137927
unet__scratch__resnet34__in_rover__seed1414__gpu_full__39bfa6f5__gitc188b320__codebebd8b2d__20260711T015842068985Z,msl_ncam_nlb_558363908edr_f0660000ncam00375m1,test_msl,bedrock,iou,1.0,137927,137927,137927
unet__scratch__resnet34__in_rover__seed1414__gpu_full__39bfa6f5__gitc188b320__codebebd8b2d__20260711T015842068985Z,msl_ncam_nlb_558363908edr_f0660000ncam00375m1,test_msl,sand,iou,,0,0,137927
unet__scratch__resnet34__in_rover__seed1414__gpu_full__39bfa6f5__gitc188b320__codebebd8b2d__20260711T015842068985Z,msl_ncam_nlb_558363908edr_f0660000ncam00375m1,test_msl,big_rock,iou,,0,0,137927
unet__scratch__resnet34__in_rover__seed1414__gpu_full__39bfa6f5__gitc188b320__codebebd8b2d__20260711T015842068985Z,msl_ncam_nlb_558363908edr_f0660000ncam00375m1,test_msl,ALL,pixel_acc,1.0,0,0,137927
unet__scratch__resnet34__in_rover__seed1414__gpu_full__39bfa6f5__gitc188b320__codebebd8b2d__20260711T015842068985Z,msl_ncam_nlb_558363908edr_f0660000ncam00375m1,test_msl,ALL,boundary_f1,1.0,0,0,137927
unet__scratch__resnet34__in_rover__seed1414__gpu_full__39bfa6f5__gitc188b320__codebebd8b2d__20260711T015842068985Z,msl_ncam_nlb_558364034edr_f0660000ncam00252m1,test_msl,soil,iou,,0,0,216388
unet__scratch__resnet34__in_rover__seed1414__gpu_full__39bfa6f5__gitc188b320__codebebd8b2d__20260711T015842068985Z,msl_ncam_nlb_558364034edr_f0660000ncam00252m1,test_msl,bedrock,iou,1.0,216388,216388,216388
unet__scratch__resnet34__in_rover__seed1414__gpu_full__39bfa6f5__gitc188b320__codebebd8b2d__20260711T015842068985Z,msl_ncam_nlb_558364034edr_f0660000ncam00252m1,test_msl,sand,iou,,0,0,216388
unet__scratch__resnet34__in_rover__seed1414__gpu_full__39bfa6f5__gitc188b320__codebebd8b2d__20260711T015842068985Z,msl_ncam_nlb_558364034edr_f0660000ncam00252m1,test_msl,big_rock,iou,,0,0,216388
unet__scratch__resnet34__in_rover__seed1414__gpu_full__39bfa6f5__gitc188b320__codebebd8b2d__20260711T015842068985Z,msl_ncam_nlb_558364034edr_f0660000ncam00252m1,test_msl,ALL,pixel_acc,1.0,0,0,216388
unet__scratch__resnet34__in_rover__seed1414__gpu_full__39bfa6f5__gitc188b320__codebebd8b2d__20260711T015842068985Z,msl_ncam_nlb_558364034edr_f0660000ncam00252m1,test_msl,ALL,boundary_f1,1.0,0,0,216388
unet__scratch__resnet34__in_rover__seed1414__gpu_full__39bfa6f5__gitc188b320__codebebd8b2d__20260711T015842068985Z,msl_ncam_nlb_558364090edr_f0660000ncam00252m1,test_msl,soil,iou,,0,0,0
unet__scratch__resnet34__in_rover__seed1414__gpu_full__39bfa6f5__gitc188b320__codebebd8b2d__20260711T015842068985Z,msl_ncam_nlb_558364090edr_f0660000ncam00252m1,test_msl,bedrock,iou,,0,0,0
unet__scratch__resnet34__in_rover__seed1414__gpu_full__39bfa6f5__gitc188b320__codebebd8b2d__20260711T015842068985Z,msl_ncam_nlb_558364090edr_f0660000ncam00252m1,test_msl,sand,iou,,0,0,0
unet__scratch__resnet34__in_rover__seed1414__gpu_full__39bfa6f5__gitc188b320__codebebd8b2d__20260711T015842068985Z,msl_ncam_nlb_558364090edr_f0660000ncam00252m1,test_msl,big_rock,iou,,0,0,0
unet__scratch__resnet34__in_rover__seed1414__gpu_full__39bfa6f5__gitc188b320__codebebd8b2d__20260711T015842068985Z,msl_ncam_nlb_558364090edr_f0660000ncam00252m1,test_msl,ALL,pixel_acc,,0,0,0
unet__scratch__resnet34__in_rover__seed1414__gpu_full__39bfa6f5__gitc188b320__codebebd8b2d__20260711T015842068985Z,msl_ncam_nlb_558364090edr_f0660000ncam00252m1,test_msl,ALL,boundary_f1,,0,0,0
unet__scratch__resnet34__in_rover__seed1414__gpu_full__39bfa6f5__gitc188b320__codebebd8b2d__20260711T015842068985Z,msl_ncam_nlb_558364829edr_f0660000ncam00253m1,test_msl,soil,iou,0.0,0,1311,110732
unet__scratch__resnet34__in_rover__seed1414__gpu_full__39bfa6f5__gitc188b320__codebebd8b2d__20260711T015842068985Z,msl_ncam_nlb_558364829edr_f0660000ncam00253m1,test_msl,bedrock,iou,0.9881606039807824,109421,110732,110732
unet__scratch__resnet34__in_rover__seed1414__gpu_full__39bfa6f5__gitc188b320__codebebd8b2d__20260711T015842068985Z,msl_ncam_nlb_558364829edr_f0660000ncam00253m1,test_msl,sand,iou,,0,0,110732
unet__scratch__resnet34__in_rover__seed1414__gpu_full__39bfa6f5__gitc188b320__codebebd8b2d__20260711T015842068985Z,msl_ncam_nlb_558364829edr_f0660000ncam00253m1,test_msl,big_rock,iou,,0,0,110732
unet__scratch__resnet34__in_rover__seed1414__gpu_full__39bfa6f5__gitc188b320__codebebd8b2d__20260711T015842068985Z,msl_ncam_nlb_558364829edr_f0660000ncam00253m1,test_msl,ALL,pixel_acc,0.9881606039807824,0,0,110732
unet__scratch__resnet34__in_rover__seed1414__gpu_full__39bfa6f5__gitc188b320__codebebd8b2d__20260711T015842068985Z,msl_ncam_nlb_558364829edr_f0660000ncam00253m1,test_msl,ALL,boundary_f1,0.4826183917093008,0,0,110732
unet__scratch__resnet34__in_rover__seed1414__gpu_full__39bfa6f5__gitc188b320__codebebd8b2d__20260711T015842068985Z,msl_ncam_nlb_558364943edr_f0660000ncam00253m1,test_msl,soil,iou,,0,0,3436
unet__scratch__resnet34__in_rover__seed1414__gpu_full__39bfa6f5__gitc188b320__codebebd8b2d__20260711T015842068985Z,msl_ncam_nlb_558364943edr_f0660000ncam00253m1,test_msl,bedrock,iou,1.0,3436,3436,3436
unet__scratch__resnet34__in_rover__seed1414__gpu_full__39bfa6f5__gitc188b320__codebebd8b2d__20260711T015842068985Z,msl_ncam_nlb_558364943edr_f0660000ncam00253m1,test_msl,sand,iou,,0,0,3436
unet__scratch__resnet34__in_rover__seed1414__gpu_full__39bfa6f5__gitc188b320__codebebd8b2d__20260711T015842068985Z,msl_ncam_nlb_558364943edr_f0660000ncam00253m1,test_msl,big_rock,iou,,0,0,3436
unet__scratch__resnet34__in_rover__seed1414__gpu_full__39bfa6f5__gitc188b320__codebebd8b2d__20260711T015842068985Z,msl_ncam_nlb_558364943edr_f0660000ncam00253m1,test_msl,ALL,pixel_acc,1.0,0,0,3436
unet__scratch__resnet34__in_rover__seed1414__gpu_full__39bfa6f5__gitc188b320__codebebd8b2d__20260711T015842068985Z,msl_ncam_nlb_558364943edr_f0660000ncam00253m1,test_msl,ALL,boundary_f1,1.0,0,0,3436
unet__scratch__resnet34__in_rover__seed1414__gpu_full__39bfa6f5__gitc188b320__codebebd8b2d__20260711T015842068985Z,msl_ncam_nlb_558365006edr_f0660000ncam00253m1,test_msl,soil,iou,0.0,0,136,47526
unet__scratch__resnet34__in_rover__seed1414__gpu_full__39bfa6f5__gitc188b320__codebebd8b2d__20260711T015842068985Z,msl_ncam_nlb_558365006edr_f0660000ncam00253m1,test_msl,bedrock,iou,0.9971384084501115,47390,47526,47526
unet__scratch__resnet34__in_rover__seed1414__gpu_full__39bfa6f5__gitc188b320__codebebd8b2d__20260711T015842068985Z,msl_ncam_nlb_558365006edr_f0660000ncam00253m1,test_msl,sand,iou,,0,0,47526
unet__scratch__resnet34__in_rover__seed1414__gpu_full__39bfa6f5__gitc188b320__codebebd8b2d__20260711T015842068985Z,msl_ncam_nlb_558365006edr_f0660000ncam00253m1,test_msl,big_rock,iou,,0,0,47526
unet__scratch__resnet34__in_rover__seed1414__gpu_full__39bfa6f5__gitc188b320__codebebd8b2d__20260711T015842068985Z,msl_ncam_nlb_558365006edr_f0660000ncam00253m1,test_msl,ALL,pixel_acc,0.9971384084501115,0,0,47526
unet__scratch__resnet34__in_rover__seed1414__gpu_full__39bfa6f5__gitc188b320__codebebd8b2d__20260711T015842068985Z,msl_ncam_nlb_558365006edr_f0660000ncam00253m1,test_msl,ALL,boundary_f1,0.4961896697713802,0,0,47526
unet__scratch__resnet34__in_rover__seed1414__gpu_full__39bfa6f5__gitc188b320__codebebd8b2d__20260711T015842068985Z,msl_ncam_nlb_558365068edr_f0660000ncam00253m1,test_msl,soil,iou,,0,0,142185
unet__scratch__resnet34__in_rover__seed1414__gpu_full__39bfa6f5__gitc188b320__codebebd8b2d__20260711T015842068985Z,msl_ncam_nlb_558365068edr_f0660000ncam00253m1,test_msl,bedrock,iou,1.0,142185,142185,142185
unet__scratch__resnet34__in_rover__seed1414__gpu_full__39bfa6f5__gitc188b320__codebebd8b2d__20260711T015842068985Z,msl_ncam_nlb_558365068edr_f0660000ncam00253m1,test_msl,sand,iou,,0,0,142185
unet__scratch__resnet34__in_rover__seed1414__gpu_full__39bfa6f5__gitc188b320__codebebd8b2d__20260711T015842068985Z,msl_ncam_nlb_558365068edr_f0660000ncam00253m1,test_msl,big_rock,iou,,0,0,142185
unet__scratch__resnet34__in_rover__seed1414__gpu_full__39bfa6f5__gitc188b320__codebebd8b2d__20260711T015842068985Z,msl_ncam_nlb_558365068edr_f0660000ncam00253m1,test_msl,ALL,pixel_acc,1.0,0,0,142185
unet__scratch__resnet34__in_rover__seed1414__gpu_full__39bfa6f5__gitc188b320__codebebd8b2d__20260711T015842068985Z,msl_ncam_nlb_558365068edr_f0660000ncam00253m1,test_msl,ALL,boundary_f1,1.0,0,0,142185
unet__scratch__resnet34__in_rover__seed1414__gpu_full__39bfa6f5__gitc188b320__codebebd8b2d__20260711T015842068985Z,msl_ncam_nlb_560302217edr_f0660952ncam00320m1,test_msl,soil,iou,,0,0,41827
unet__scratch__resnet34__in_rover__seed1414__gpu_full__39bfa6f5__gitc188b320__codebebd8b2d__20260711T015842068985Z,msl_ncam_nlb_560302217edr_f0660952ncam00320m1,test_msl,bedrock,iou,1.0,41827,41827,41827
unet__scratch__resnet34__in_rover__seed1414__gpu_full__39bfa6f5__gitc188b320__codebebd8b2d__20260711T015842068985Z,msl_ncam_nlb_560302217edr_f0660952ncam00320m1,test_msl,sand,iou,,0,0,41827
unet__scratch__resnet34__in_rover__seed1414__gpu_full__39bfa6f5__gitc188b320__codebebd8b2d__20260711T015842068985Z,msl_ncam_nlb_560302217edr_f0660952ncam00320m1,test_msl,big_rock,iou,,0,0,41827
unet__scratch__resnet34__in_rover__seed1414__gpu_full__39bfa6f5__gitc188b320__codebebd8b2d__20260711T015842068985Z,msl_ncam_nlb_560302217edr_f0660952ncam00320m1,test_msl,ALL,pixel_acc,1.0,0,0,41827
unet__scratch__resnet34__in_rover__seed1414__gpu_full__39bfa6f5__gitc188b320__codebebd8b2d__20260711T015842068985Z,msl_ncam_nlb_560302217edr_f0660952ncam00320m1,test_msl,ALL,boundary_f1,1.0,0,0,41827
unet__scratch__resnet34__in_rover__seed1414__gpu_full__39bfa6f5__gitc188b320__codebebd8b2d__20260711T015842068985Z,msl_ncam_nlb_560310464edr_f0661030ncam00385m1,test_msl,soil,iou,,0,0,158565
unet__scratch__resnet34__in_rover__seed1414__gpu_full__39bfa6f5__gitc188b320__codebebd8b2d__20260711T015842068985Z,msl_ncam_nlb_560310464edr_f0661030ncam00385m1,test_msl,bedrock,iou,1.0,158565,158565,158565
unet__scratch__resnet34__in_rover__seed1414__gpu_full__39bfa6f5__gitc188b320__codebebd8b2d__20260711T015842068985Z,msl_ncam_nlb_560310464edr_f0661030ncam00385m1,test_msl,sand,iou,,0,0,158565
unet__scratch__resnet34__in_rover__seed1414__gpu_full__39bfa6f5__gitc188b320__codebebd8b2d__20260711T015842068985Z,msl_ncam_nlb_560310464edr_f0661030ncam00385m1,test_msl,big_rock,iou,,0,0,158565
unet__scratch__resnet34__in_rover__seed1414__gpu_full__39bfa6f5__gitc188b320__codebebd8b2d__20260711T015842068985Z,msl_ncam_nlb_560310464edr_f0661030ncam00385m1,test_msl,ALL,pixel_acc,1.0,0,0,158565
unet__scratch__resnet34__in_rover__seed1414__gpu_full__39bfa6f5__gitc188b320__codebebd8b2d__20260711T015842068985Z,msl_ncam_nlb_560310464edr_f0661030ncam00385m1,test_msl,ALL,boundary_f1,1.0,0,0,158565
unet__scratch__resnet34__in_rover__seed1414__gpu_full__39bfa6f5__gitc188b320__codebebd8b2d__20260711T015842068985Z,msl_ncam_nlb_560311677edr_f0661112ncam00353m1,test_msl,soil,iou,0.0,0,206,58722
unet__scratch__resnet34__in_rover__seed1414__gpu_full__39bfa6f5__gitc188b320__codebebd8b2d__20260711T015842068985Z,msl_ncam_nlb_560311677edr_f0661112ncam00353m1,test_msl,bedrock,iou,0.9964919450972378,58516,58722,58722
unet__scratch__resnet34__in_rover__seed1414__gpu_full__39bfa6f5__gitc188b320__codebebd8b2d__20260711T015842068985Z,msl_ncam_nlb_560311677edr_f0661112ncam00353m1,test_msl,sand,iou,,0,0,58722
unet__scratch__resnet34__in_rover__seed1414__gpu_full__39bfa6f5__gitc188b320__codebebd8b2d__20260711T015842068985Z,msl_ncam_nlb_560311677edr_f0661112ncam00353m1,test_msl,big_rock,iou,,0,0,58722
unet__scratch__resnet34__in_rover__seed1414__gpu_full__39bfa6f5__gitc188b320__codebebd8b2d__20260711T015842068985Z,msl_ncam_nlb_560311677edr_f0661112ncam00353m1,test_msl,ALL,pixel_acc,0.9964919450972378,0,0,58722
unet__scratch__resnet34__in_rover__seed1414__gpu_full__39bfa6f5__gitc188b320__codebebd8b2d__20260711T015842068985Z,msl_ncam_nlb_560311677edr_f0661112ncam00353m1,test_msl,ALL,boundary_f1,0.4872396597242593,0,0,58722
unet__scratch__resnet34__in_rover__seed1414__gpu_full__39bfa6f5__gitc188b320__codebebd8b2d__20260711T015842068985Z,msl_ncam_nlb_560311785edr_f0661112ncam00273m1,test_msl,soil,iou,,0,0,67364
unet__scratch__resnet34__in_rover__seed1414__gpu_full__39bfa6f5__gitc188b320__codebebd8b2d__20260711T015842068985Z,msl_ncam_nlb_560311785edr_f0661112ncam00273m1,test_msl,bedrock,iou,1.0,67364,67364,67364
unet__scratch__resnet34__in_rover__seed1414__gpu_full__39bfa6f5__gitc188b320__codebebd8b2d__20260711T015842068985Z,msl_ncam_nlb_560311785edr_f0661112ncam00273m1,test_msl,sand,iou,,0,0,67364
unet__scratch__resnet34__in_rover__seed1414__gpu_full__39bfa6f5__gitc188b320__codebebd8b2d__20260711T015842068985Z,msl_ncam_nlb_560311785edr_f0661112ncam00273m1,test_msl,big_rock,iou,,0,0,67364
unet__scratch__resnet34__in_rover__seed1414__gpu_full__39bfa6f5__gitc188b320__codebebd8b2d__20260711T015842068985Z,msl_ncam_nlb_560311785edr_f0661112ncam00273m1,test_msl,ALL,pixel_acc,1.0,0,0,67364
unet__scratch__resnet34__in_rover__seed1414__gpu_full__39bfa6f5__gitc188b320__codebebd8b2d__20260711T015842068985Z,msl_ncam_nlb_560311785edr_f0661112ncam00273m1,test_msl,ALL,boundary_f1,1.0,0,0,67364
unet__scratch__resnet34__in_rover__seed1414__gpu_full__39bfa6f5__gitc188b320__codebebd8b2d__20260711T015842068985Z,msl_ncam_nlb_560311842edr_f0661112ncam00273m1,test_msl,soil,iou,0.0,0,115,94786
unet__scratch__resnet34__in_rover__seed1414__gpu_full__39bfa6f5__gitc188b320__codebebd8b2d__20260711T015842068985Z,msl_ncam_nlb_560311842edr_f0661112ncam00273m1,test_msl,bedrock,iou,0.9987867406579031,94671,94786,94786
unet__scratch__resnet34__in_rover__seed1414__gpu_full__39bfa6f5__gitc188b320__codebebd8b2d__20260711T015842068985Z,msl_ncam_nlb_560311842edr_f0661112ncam00273m1,test_msl,sand,iou,,0,0,94786
unet__scratch__resnet34__in_rover__seed1414__gpu_full__39bfa6f5__gitc188b320__codebebd8b2d__20260711T015842068985Z,msl_ncam_nlb_560311842edr_f0661112ncam00273m1,test_msl,big_rock,iou,,0,0,94786
unet__scratch__resnet34__in_rover__seed1414__gpu_full__39bfa6f5__gitc188b320__codebebd8b2d__20260711T015842068985Z,msl_ncam_nlb_560311842edr_f0661112ncam00273m1,test_msl,ALL,pixel_acc,0.9987867406579031,0,0,94786
unet__scratch__resnet34__in_rover__seed1414__gpu_full__39bfa6f5__gitc188b320__codebebd8b2d__20260711T015842068985Z,msl_ncam_nlb_560311842edr_f0661112ncam00273m1,test_msl,ALL,boundary_f1,0.49753550829892296,0,0,94786
unet__scratch__resnet34__in_rover__seed1414__gpu_full__39bfa6f5__gitc188b320__codebebd8b2d__20260711T015842068985Z,msl_ncam_nlb_560311891edr_f0661112ncam00273m1,test_msl,soil,iou,,0,0,80347
unet__scratch__resnet34__in_rover__seed1414__gpu_full__39bfa6f5__gitc188b320__codebebd8b2d__20260711T015842068985Z,msl_ncam_nlb_560311891edr_f0661112ncam00273m1,test_msl,bedrock,iou,1.0,80347,80347,80347
unet__scratch__resnet34__in_rover__seed1414__gpu_full__39bfa6f5__gitc188b320__codebebd8b2d__20260711T015842068985Z,msl_ncam_nlb_560311891edr_f0661112ncam00273m1,test_msl,sand,iou,,0,0,80347
unet__scratch__resnet34__in_rover__seed1414__gpu_full__39bfa6f5__gitc188b320__codebebd8b2d__20260711T015842068985Z,msl_ncam_nlb_560311891edr_f0661112ncam00273m1,test_msl,big_rock,iou,,0,0,80347
unet__scratch__resnet34__in_rover__seed1414__gpu_full__39bfa6f5__gitc188b320__codebebd8b2d__20260711T015842068985Z,msl_ncam_nlb_560311891edr_f0661112ncam00273m1,test_msl,ALL,pixel_acc,1.0,0,0,80347
unet__scratch__resnet34__in_rover__seed1414__gpu_full__39bfa6f5__gitc188b320__codebebd8b2d__20260711T015842068985Z,msl_ncam_nlb_560311891edr_f0661112ncam00273m1,test_msl,ALL,boundary_f1,1.0,0,0,80347
unet__scratch__resnet34__in_rover__seed1414__gpu_full__39bfa6f5__gitc188b320__codebebd8b2d__20260711T015842068985Z,msl_ncam_nlb_560312189edr_f0661112ncam00354m1,test_msl,soil,iou,,0,0,115548
unet__scratch__resnet34__in_rover__seed1414__gpu_full__39bfa6f5__gitc188b320__codebebd8b2d__20260711T015842068985Z,msl_ncam_nlb_560312189edr_f0661112ncam00354m1,test_msl,bedrock,iou,1.0,115548,115548,115548
unet__scratch__resnet34__in_rover__seed1414__gpu_full__39bfa6f5__gitc188b320__codebebd8b2d__20260711T015842068985Z,msl_ncam_nlb_560312189edr_f0661112ncam00354m1,test_msl,sand,iou,,0,0,115548
unet__scratch__resnet34__in_rover__seed1414__gpu_full__39bfa6f5__gitc188b320__codebebd8b2d__20260711T015842068985Z,msl_ncam_nlb_560312189edr_f0661112ncam00354m1,test_msl,big_rock,iou,,0,0,115548
unet__scratch__resnet34__in_rover__seed1414__gpu_full__39bfa6f5__gitc188b320__codebebd8b2d__20260711T015842068985Z,msl_ncam_nlb_560312189edr_f0661112ncam00354m1,test_msl,ALL,pixel_acc,1.0,0,0,115548
unet__scratch__resnet34__in_rover__seed1414__gpu_full__39bfa6f5__gitc188b320__codebebd8b2d__20260711T015842068985Z,msl_ncam_nlb_560312189edr_f0661112ncam00354m1,test_msl,ALL,boundary_f1,1.0,0,0,115548
unet__scratch__resnet34__in_rover__seed1414__gpu_full__39bfa6f5__gitc188b320__codebebd8b2d__20260711T015842068985Z,msl_ncam_nlb_560316500edr_f0661112ncam00274m1,test_msl,soil,iou,,0,0,167888
unet__scratch__resnet34__in_rover__seed1414__gpu_full__39bfa6f5__gitc188b320__codebebd8b2d__20260711T015842068985Z,msl_ncam_nlb_560316500edr_f0661112ncam00274m1,test_msl,bedrock,iou,1.0,167888,167888,167888
unet__scratch__resnet34__in_rover__seed1414__gpu_full__39bfa6f5__gitc188b320__codebebd8b2d__20260711T015842068985Z,msl_ncam_nlb_560316500edr_f0661112ncam00274m1,test_msl,sand,iou,,0,0,167888
unet__scratch__resnet34__in_rover__seed1414__gpu_full__39bfa6f5__gitc188b320__codebebd8b2d__20260711T015842068985Z,msl_ncam_nlb_560316500edr_f0661112ncam00274m1,test_msl,big_rock,iou,,0,0,167888
unet__scratch__resnet34__in_rover__seed1414__gpu_full__39bfa6f5__gitc188b320__codebebd8b2d__20260711T015842068985Z,msl_ncam_nlb_560316500edr_f0661112ncam00274m1,test_msl,ALL,pixel_acc,1.0,0,0,167888
unet__scratch__resnet34__in_rover__seed1414__gpu_full__39bfa6f5__gitc188b320__codebebd8b2d__20260711T015842068985Z,msl_ncam_nlb_560316500edr_f0661112ncam00274m1,test_msl,ALL,boundary_f1,1.0,0,0,167888
unet__scratch__resnet34__in_rover__seed1414__gpu_full__39bfa6f5__gitc188b320__codebebd8b2d__20260711T015842068985Z,msl_ncam_nlb_560316562edr_f0661112ncam00274m1,test_msl,soil,iou,,0,0,130575
unet__scratch__resnet34__in_rover__seed1414__gpu_full__39bfa6f5__gitc188b320__codebebd8b2d__20260711T015842068985Z,msl_ncam_nlb_560316562edr_f0661112ncam00274m1,test_msl,bedrock,iou,1.0,130575,130575,130575
unet__scratch__resnet34__in_rover__seed1414__gpu_full__39bfa6f5__gitc188b320__codebebd8b2d__20260711T015842068985Z,msl_ncam_nlb_560316562edr_f0661112ncam00274m1,test_msl,sand,iou,,0,0,130575
unet__scratch__resnet34__in_rover__seed1414__gpu_full__39bfa6f5__gitc188b320__codebebd8b2d__20260711T015842068985Z,msl_ncam_nlb_560316562edr_f0661112ncam00274m1,test_msl,big_rock,iou,,0,0,130575
unet__scratch__resnet34__in_rover__seed1414__gpu_full__39bfa6f5__gitc188b320__codebebd8b2d__20260711T015842068985Z,msl_ncam_nlb_560316562edr_f0661112ncam00274m1,test_msl,ALL,pixel_acc,1.0,0,0,130575
unet__scratch__resnet34__in_rover__seed1414__gpu_full__39bfa6f5__gitc188b320__codebebd8b2d__20260711T015842068985Z,msl_ncam_nlb_560316562edr_f0661112ncam00274m1,test_msl,ALL,boundary_f1,1.0,0,0,130575
unet__scratch__resnet34__in_rover__seed1414__gpu_full__39bfa6f5__gitc188b320__codebebd8b2d__20260711T015842068985Z,msl_ncam_nlb_560316739edr_f0661112ncam00274m1,test_msl,soil,iou,,0,0,49617
unet__scratch__resnet34__in_rover__seed1414__gpu_full__39bfa6f5__gitc188b320__codebebd8b2d__20260711T015842068985Z,msl_ncam_nlb_560316739edr_f0661112ncam00274m1,test_msl,bedrock,iou,1.0,49617,49617,49617
unet__scratch__resnet34__in_rover__seed1414__gpu_full__39bfa6f5__gitc188b320__codebebd8b2d__20260711T015842068985Z,msl_ncam_nlb_560316739edr_f0661112ncam00274m1,test_msl,sand,iou,,0,0,49617
unet__scratch__resnet34__in_rover__seed1414__gpu_full__39bfa6f5__gitc188b320__codebebd8b2d__20260711T015842068985Z,msl_ncam_nlb_560316739edr_f0661112ncam00274m1,test_msl,big_rock,iou,,0,0,49617
unet__scratch__resnet34__in_rover__seed1414__gpu_full__39bfa6f5__gitc188b320__codebebd8b2d__20260711T015842068985Z,msl_ncam_nlb_560316739edr_f0661112ncam00274m1,test_msl,ALL,pixel_acc,1.0,0,0,49617
unet__scratch__resnet34__in_rover__seed1414__gpu_full__39bfa6f5__gitc188b320__codebebd8b2d__20260711T015842068985Z,msl_ncam_nlb_560316739edr_f0661112ncam00274m1,test_msl,ALL,boundary_f1,1.0,0,0,49617
unet__scratch__resnet34__in_rover__seed1414__gpu_full__39bfa6f5__gitc188b320__codebebd8b2d__20260711T015842068985Z,msl_ncam_nlb_565016252edr_f0670180ncam00385m1,test_msl,soil,iou,1.0,119731,119731,119731
unet__scratch__resnet34__in_rover__seed1414__gpu_full__39bfa6f5__gitc188b320__codebebd8b2d__20260711T015842068985Z,msl_ncam_nlb_565016252edr_f0670180ncam00385m1,test_msl,bedrock,iou,,0,0,119731
unet__scratch__resnet34__in_rover__seed1414__gpu_full__39bfa6f5__gitc188b320__codebebd8b2d__20260711T015842068985Z,msl_ncam_nlb_565016252edr_f0670180ncam00385m1,test_msl,sand,iou,,0,0,119731
unet__scratch__resnet34__in_rover__seed1414__gpu_full__39bfa6f5__gitc188b320__codebebd8b2d__20260711T015842068985Z,msl_ncam_nlb_565016252edr_f0670180ncam00385m1,test_msl,big_rock,iou,,0,0,119731
unet__scratch__resnet34__in_rover__seed1414__gpu_full__39bfa6f5__gitc188b320__codebebd8b2d__20260711T015842068985Z,msl_ncam_nlb_565016252edr_f0670180ncam00385m1,test_msl,ALL,pixel_acc,1.0,0,0,119731
unet__scratch__resnet34__in_rover__seed1414__gpu_full__39bfa6f5__gitc188b320__codebebd8b2d__20260711T015842068985Z,msl_ncam_nlb_565016252edr_f0670180ncam00385m1,test_msl,ALL,boundary_f1,1.0,0,0,119731
unet__scratch__resnet34__in_rover__seed1414__gpu_full__39bfa6f5__gitc188b320__codebebd8b2d__20260711T015842068985Z,msl_ncam_nlb_565022734edr_f0670216ncam00375m1,test_msl,soil,iou,0.9568553072243866,55999,58524,61281
unet__scratch__resnet34__in_rover__seed1414__gpu_full__39bfa6f5__gitc188b320__codebebd8b2d__20260711T015842068985Z,msl_ncam_nlb_565022734edr_f0670216ncam00375m1,test_msl,bedrock,iou,0.5219613782658084,2757,5282,61281
unet__scratch__resnet34__in_rover__seed1414__gpu_full__39bfa6f5__gitc188b320__codebebd8b2d__20260711T015842068985Z,msl_ncam_nlb_565022734edr_f0670216ncam00375m1,test_msl,sand,iou,,0,0,61281
unet__scratch__resnet34__in_rover__seed1414__gpu_full__39bfa6f5__gitc188b320__codebebd8b2d__20260711T015842068985Z,msl_ncam_nlb_565022734edr_f0670216ncam00375m1,test_msl,big_rock,iou,,0,0,61281
unet__scratch__resnet34__in_rover__seed1414__gpu_full__39bfa6f5__gitc188b320__codebebd8b2d__20260711T015842068985Z,msl_ncam_nlb_565022734edr_f0670216ncam00375m1,test_msl,ALL,pixel_acc,0.9587963642890945,0,0,61281
unet__scratch__resnet34__in_rover__seed1414__gpu_full__39bfa6f5__gitc188b320__codebebd8b2d__20260711T015842068985Z,msl_ncam_nlb_565022734edr_f0670216ncam00375m1,test_msl,ALL,boundary_f1,0.7985359605077915,0,0,61281
unet__scratch__resnet34__in_rover__seed1414__gpu_full__39bfa6f5__gitc188b320__codebebd8b2d__20260711T015842068985Z,msl_ncam_nlb_565022803edr_f0670216ncam00252m1,test_msl,soil,iou,0.9676078572427712,48422,50043,61883
unet__scratch__resnet34__in_rover__seed1414__gpu_full__39bfa6f5__gitc188b320__codebebd8b2d__20260711T015842068985Z,msl_ncam_nlb_565022803edr_f0670216ncam00252m1,test_msl,bedrock,iou,,0,0,61883
unet__scratch__resnet34__in_rover__seed1414__gpu_full__39bfa6f5__gitc188b320__codebebd8b2d__20260711T015842068985Z,msl_ncam_nlb_565022803edr_f0670216ncam00252m1,test_msl,sand,iou,0.8795780402644677,11840,13461,61883
unet__scratch__resnet34__in_rover__seed1414__gpu_full__39bfa6f5__gitc188b320__codebebd8b2d__20260711T015842068985Z,msl_ncam_nlb_565022803edr_f0670216ncam00252m1,test_msl,big_rock,iou,,0,0,61883
unet__scratch__resnet34__in_rover__seed1414__gpu_full__39bfa6f5__gitc188b320__codebebd8b2d__20260711T015842068985Z,msl_ncam_nlb_565022803edr_f0670216ncam00252m1,test_msl,ALL,pixel_acc,0.9738054069776837,0,0,61883
unet__scratch__resnet34__in_rover__seed1414__gpu_full__39bfa6f5__gitc188b320__codebebd8b2d__20260711T015842068985Z,msl_ncam_nlb_565022803edr_f0670216ncam00252m1,test_msl,ALL,boundary_f1,0.8535956749366973,0,0,61883
unet__scratch__resnet34__in_rover__seed1414__gpu_full__39bfa6f5__gitc188b320__codebebd8b2d__20260711T015842068985Z,msl_ncam_nlb_565022931edr_f0670216ncam00252m1,test_msl,soil,iou,1.0,213200,213200,213200
unet__scratch__resnet34__in_rover__seed1414__gpu_full__39bfa6f5__gitc188b320__codebebd8b2d__20260711T015842068985Z,msl_ncam_nlb_565022931edr_f0670216ncam00252m1,test_msl,bedrock,iou,,0,0,213200
unet__scratch__resnet34__in_rover__seed1414__gpu_full__39bfa6f5__gitc188b320__codebebd8b2d__20260711T015842068985Z,msl_ncam_nlb_565022931edr_f0670216ncam00252m1,test_msl,sand,iou,,0,0,213200
unet__scratch__resnet34__in_rover__seed1414__gpu_full__39bfa6f5__gitc188b320__codebebd8b2d__20260711T015842068985Z,msl_ncam_nlb_565022931edr_f0670216ncam00252m1,test_msl,big_rock,iou,,0,0,213200
unet__scratch__resnet34__in_rover__seed1414__gpu_full__39bfa6f5__gitc188b320__codebebd8b2d__20260711T015842068985Z,msl_ncam_nlb_565022931edr_f0670216ncam00252m1,test_msl,ALL,pixel_acc,1.0,0,0,213200
unet__scratch__resnet34__in_rover__seed1414__gpu_full__39bfa6f5__gitc188b320__codebebd8b2d__20260711T015842068985Z,msl_ncam_nlb_565022931edr_f0670216ncam00252m1,test_msl,ALL,boundary_f1,1.0,0,0,213200
unet__scratch__resnet34__in_rover__seed1414__gpu_full__39bfa6f5__gitc188b320__codebebd8b2d__20260711T015842068985Z,msl_ncam_nlb_565023199edr_f0670216ncam00312m1,test_msl,soil,iou,1.0,135942,135942,135942
unet__scratch__resnet34__in_rover__seed1414__gpu_full__39bfa6f5__gitc188b320__codebebd8b2d__20260711T015842068985Z,msl_ncam_nlb_565023199edr_f0670216ncam00312m1,test_msl,bedrock,iou,,0,0,135942
unet__scratch__resnet34__in_rover__seed1414__gpu_full__39bfa6f5__gitc188b320__codebebd8b2d__20260711T015842068985Z,msl_ncam_nlb_565023199edr_f0670216ncam00312m1,test_msl,sand,iou,,0,0,135942
unet__scratch__resnet34__in_rover__seed1414__gpu_full__39bfa6f5__gitc188b320__codebebd8b2d__20260711T015842068985Z,msl_ncam_nlb_565023199edr_f0670216ncam00312m1,test_msl,big_rock,iou,,0,0,135942
unet__scratch__resnet34__in_rover__seed1414__gpu_full__39bfa6f5__gitc188b320__codebebd8b2d__20260711T015842068985Z,msl_ncam_nlb_565023199edr_f0670216ncam00312m1,test_msl,ALL,pixel_acc,1.0,0,0,135942
unet__scratch__resnet34__in_rover__seed1414__gpu_full__39bfa6f5__gitc188b320__codebebd8b2d__20260711T015842068985Z,msl_ncam_nlb_565023199edr_f0670216ncam00312m1,test_msl,ALL,boundary_f1,1.0,0,0,135942
unet__scratch__resnet34__in_rover__seed1414__gpu_full__39bfa6f5__gitc188b320__codebebd8b2d__20260711T015842068985Z,msl_ncam_nlb_565023322edr_f0670216ncam00253m1,test_msl,soil,iou,1.0,197483,197483,197483
unet__scratch__resnet34__in_rover__seed1414__gpu_full__39bfa6f5__gitc188b320__codebebd8b2d__20260711T015842068985Z,msl_ncam_nlb_565023322edr_f0670216ncam00253m1,test_msl,bedrock,iou,,0,0,197483
unet__scratch__resnet34__in_rover__seed1414__gpu_full__39bfa6f5__gitc188b320__codebebd8b2d__20260711T015842068985Z,msl_ncam_nlb_565023322edr_f0670216ncam00253m1,test_msl,sand,iou,,0,0,197483
unet__scratch__resnet34__in_rover__seed1414__gpu_full__39bfa6f5__gitc188b320__codebebd8b2d__20260711T015842068985Z,msl_ncam_nlb_565023322edr_f0670216ncam00253m1,test_msl,big_rock,iou,,0,0,197483
unet__scratch__resnet34__in_rover__seed1414__gpu_full__39bfa6f5__gitc188b320__codebebd8b2d__20260711T015842068985Z,msl_ncam_nlb_565023322edr_f0670216ncam00253m1,test_msl,ALL,pixel_acc,1.0,0,0,197483
unet__scratch__resnet34__in_rover__seed1414__gpu_full__39bfa6f5__gitc188b320__codebebd8b2d__20260711T015842068985Z,msl_ncam_nlb_565023322edr_f0670216ncam00253m1,test_msl,ALL,boundary_f1,1.0,0,0,197483
unet__scratch__resnet34__in_rover__seed1414__gpu_full__39bfa6f5__gitc188b320__codebebd8b2d__20260711T015842068985Z,msl_ncam_nlb_565023592edr_f0670216ncam00253m1,test_msl,soil,iou,1.0,71215,71215,71215
unet__scratch__resnet34__in_rover__seed1414__gpu_full__39bfa6f5__gitc188b320__codebebd8b2d__20260711T015842068985Z,msl_ncam_nlb_565023592edr_f0670216ncam00253m1,test_msl,bedrock,iou,,0,0,71215
unet__scratch__resnet34__in_rover__seed1414__gpu_full__39bfa6f5__gitc188b320__codebebd8b2d__20260711T015842068985Z,msl_ncam_nlb_565023592edr_f0670216ncam00253m1,test_msl,sand,iou,,0,0,71215
unet__scratch__resnet34__in_rover__seed1414__gpu_full__39bfa6f5__gitc188b320__codebebd8b2d__20260711T015842068985Z,msl_ncam_nlb_565023592edr_f0670216ncam00253m1,test_msl,big_rock,iou,,0,0,71215
unet__scratch__resnet34__in_rover__seed1414__gpu_full__39bfa6f5__gitc188b320__codebebd8b2d__20260711T015842068985Z,msl_ncam_nlb_565023592edr_f0670216ncam00253m1,test_msl,ALL,pixel_acc,1.0,0,0,71215
unet__scratch__resnet34__in_rover__seed1414__gpu_full__39bfa6f5__gitc188b320__codebebd8b2d__20260711T015842068985Z,msl_ncam_nlb_565023592edr_f0670216ncam00253m1,test_msl,ALL,boundary_f1,1.0,0,0,71215
unet__scratch__resnet34__in_rover__seed1414__gpu_full__39bfa6f5__gitc188b320__codebebd8b2d__20260711T015842068985Z,msl_ncam_nlb_565365464edr_f0670550ncam00385m1,test_msl,soil,iou,0.9091229628081906,139234,153152,153367
unet__scratch__resnet34__in_rover__seed1414__gpu_full__39bfa6f5__gitc188b320__codebebd8b2d__20260711T015842068985Z,msl_ncam_nlb_565365464edr_f0670550ncam00385m1,test_msl,bedrock,iou,0.015212622939220264,215,14133,153367
unet__scratch__resnet34__in_rover__seed1414__gpu_full__39bfa6f5__gitc188b320__codebebd8b2d__20260711T015842068985Z,msl_ncam_nlb_565365464edr_f0670550ncam00385m1,test_msl,sand,iou,,0,0,153367
unet__scratch__resnet34__in_rover__seed1414__gpu_full__39bfa6f5__gitc188b320__codebebd8b2d__20260711T015842068985Z,msl_ncam_nlb_565365464edr_f0670550ncam00385m1,test_msl,big_rock,iou,,0,0,153367
unet__scratch__resnet34__in_rover__seed1414__gpu_full__39bfa6f5__gitc188b320__codebebd8b2d__20260711T015842068985Z,msl_ncam_nlb_565365464edr_f0670550ncam00385m1,test_msl,ALL,pixel_acc,0.9092503602469892,0,0,153367
unet__scratch__resnet34__in_rover__seed1414__gpu_full__39bfa6f5__gitc188b320__codebebd8b2d__20260711T015842068985Z,msl_ncam_nlb_565365464edr_f0670550ncam00385m1,test_msl,ALL,boundary_f1,0.50160536384335,0,0,153367
unet__scratch__resnet34__in_rover__seed1414__gpu_full__39bfa6f5__gitc188b320__codebebd8b2d__20260711T015842068985Z,msl_ncam_nlb_565366137edr_f0670604ncam00257m1,test_msl,soil,iou,0.9220079537780446,61438,66635,66635
unet__scratch__resnet34__in_rover__seed1414__gpu_full__39bfa6f5__gitc188b320__codebebd8b2d__20260711T015842068985Z,msl_ncam_nlb_565366137edr_f0670604ncam00257m1,test_msl,bedrock,iou,0.0,0,5197,66635
unet__scratch__resnet34__in_rover__seed1414__gpu_full__39bfa6f5__gitc188b320__codebebd8b2d__20260711T015842068985Z,msl_ncam_nlb_565366137edr_f0670604ncam00257m1,test_msl,sand,iou,,0,0,66635
unet__scratch__resnet34__in_rover__seed1414__gpu_full__39bfa6f5__gitc188b320__codebebd8b2d__20260711T015842068985Z,msl_ncam_nlb_565366137edr_f0670604ncam00257m1,test_msl,big_rock,iou,,0,0,66635
unet__scratch__resnet34__in_rover__seed1414__gpu_full__39bfa6f5__gitc188b320__codebebd8b2d__20260711T015842068985Z,msl_ncam_nlb_565366137edr_f0670604ncam00257m1,test_msl,ALL,pixel_acc,0.9220079537780446,0,0,66635
unet__scratch__resnet34__in_rover__seed1414__gpu_full__39bfa6f5__gitc188b320__codebebd8b2d__20260711T015842068985Z,msl_ncam_nlb_565366137edr_f0670604ncam00257m1,test_msl,ALL,boundary_f1,0.42423349056603776,0,0,66635
unet__scratch__resnet34__in_rover__seed1414__gpu_full__39bfa6f5__gitc188b320__codebebd8b2d__20260711T015842068985Z,msl_ncam_nlb_565367106edr_f0670650ncam00353m1,test_msl,soil,iou,0.5473562175512878,10859,19839,22563
unet__scratch__resnet34__in_rover__seed1414__gpu_full__39bfa6f5__gitc188b320__codebebd8b2d__20260711T015842068985Z,msl_ncam_nlb_565367106edr_f0670650ncam00353m1,test_msl,bedrock,iou,0.23274094326725905,2724,11704,22563
unet__scratch__resnet34__in_rover__seed1414__gpu_full__39bfa6f5__gitc188b320__codebebd8b2d__20260711T015842068985Z,msl_ncam_nlb_565367106edr_f0670650ncam00353m1,test_msl,sand,iou,,0,0,22563
unet__scratch__resnet34__in_rover__seed1414__gpu_full__39bfa6f5__gitc188b320__codebebd8b2d__20260711T015842068985Z,msl_ncam_nlb_565367106edr_f0670650ncam00353m1,test_msl,big_rock,iou,,0,0,22563
unet__scratch__resnet34__in_rover__seed1414__gpu_full__39bfa6f5__gitc188b320__codebebd8b2d__20260711T015842068985Z,msl_ncam_nlb_565367106edr_f0670650ncam00353m1,test_msl,ALL,pixel_acc,0.6020032797057129,0,0,22563
unet__scratch__resnet34__in_rover__seed1414__gpu_full__39bfa6f5__gitc188b320__codebebd8b2d__20260711T015842068985Z,msl_ncam_nlb_565367106edr_f0670650ncam00353m1,test_msl,ALL,boundary_f1,0.5954021204958593,0,0,22563
unet__scratch__resnet34__in_rover__seed1414__gpu_full__39bfa6f5__gitc188b320__codebebd8b2d__20260711T015842068985Z,msl_ncam_nlb_565373114edr_f0670650ncam12753m1,test_msl,soil,iou,1.0,145604,145604,145604
unet__scratch__resnet34__in_rover__seed1414__gpu_full__39bfa6f5__gitc188b320__codebebd8b2d__20260711T015842068985Z,msl_ncam_nlb_565373114edr_f0670650ncam12753m1,test_msl,bedrock,iou,,0,0,145604
unet__scratch__resnet34__in_rover__seed1414__gpu_full__39bfa6f5__gitc188b320__codebebd8b2d__20260711T015842068985Z,msl_ncam_nlb_565373114edr_f0670650ncam12753m1,test_msl,sand,iou,,0,0,145604
unet__scratch__resnet34__in_rover__seed1414__gpu_full__39bfa6f5__gitc188b320__codebebd8b2d__20260711T015842068985Z,msl_ncam_nlb_565373114edr_f0670650ncam12753m1,test_msl,big_rock,iou,,0,0,145604
unet__scratch__resnet34__in_rover__seed1414__gpu_full__39bfa6f5__gitc188b320__codebebd8b2d__20260711T015842068985Z,msl_ncam_nlb_565373114edr_f0670650ncam12753m1,test_msl,ALL,pixel_acc,1.0,0,0,145604
unet__scratch__resnet34__in_rover__seed1414__gpu_full__39bfa6f5__gitc188b320__codebebd8b2d__20260711T015842068985Z,msl_ncam_nlb_565373114edr_f0670650ncam12753m1,test_msl,ALL,boundary_f1,1.0,0,0,145604
unet__scratch__resnet34__in_rover__seed1414__gpu_full__39bfa6f5__gitc188b320__codebebd8b2d__20260711T015842068985Z,msl_ncam_nlb_565373298edr_f0670650ncam12753m1,test_msl,soil,iou,0.9885390814533894,35450,35861,37349
unet__scratch__resnet34__in_rover__seed1414__gpu_full__39bfa6f5__gitc188b320__codebebd8b2d__20260711T015842068985Z,msl_ncam_nlb_565373298edr_f0670650ncam12753m1,test_msl,bedrock,iou,0.7835703001579779,1488,1899,37349
unet__scratch__resnet34__in_rover__seed1414__gpu_full__39bfa6f5__gitc188b320__codebebd8b2d__20260711T015842068985Z,msl_ncam_nlb_565373298edr_f0670650ncam12753m1,test_msl,sand,iou,,0,0,37349
unet__scratch__resnet34__in_rover__seed1414__gpu_full__39bfa6f5__gitc188b320__codebebd8b2d__20260711T015842068985Z,msl_ncam_nlb_565373298edr_f0670650ncam12753m1,test_msl,big_rock,iou,,0,0,37349
unet__scratch__resnet34__in_rover__seed1414__gpu_full__39bfa6f5__gitc188b320__codebebd8b2d__20260711T015842068985Z,msl_ncam_nlb_565373298edr_f0670650ncam12753m1,test_msl,ALL,pixel_acc,0.9889956893089507,0,0,37349
unet__scratch__resnet34__in_rover__seed1414__gpu_full__39bfa6f5__gitc188b320__codebebd8b2d__20260711T015842068985Z,msl_ncam_nlb_565373298edr_f0670650ncam12753m1,test_msl,ALL,boundary_f1,0.921731355831366,0,0,37349
unet__scratch__resnet34__in_rover__seed1414__gpu_full__39bfa6f5__gitc188b320__codebebd8b2d__20260711T015842068985Z,msl_ncam_nlb_565373360edr_f0670650ncam12753m1,test_msl,soil,iou,0.9734063265913828,42496,43657,50543
unet__scratch__resnet34__in_rover__seed1414__gpu_full__39bfa6f5__gitc188b320__codebebd8b2d__20260711T015842068985Z,msl_ncam_nlb_565373360edr_f0670650ncam12753m1,test_msl,bedrock,iou,0.8557226295513856,6886,8047,50543
unet__scratch__resnet34__in_rover__seed1414__gpu_full__39bfa6f5__gitc188b320__codebebd8b2d__20260711T015842068985Z,msl_ncam_nlb_565373360edr_f0670650ncam12753m1,test_msl,sand,iou,,0,0,50543
unet__scratch__resnet34__in_rover__seed1414__gpu_full__39bfa6f5__gitc188b320__codebebd8b2d__20260711T015842068985Z,msl_ncam_nlb_565373360edr_f0670650ncam12753m1,test_msl,big_rock,iou,,0,0,50543
unet__scratch__resnet34__in_rover__seed1414__gpu_full__39bfa6f5__gitc188b320__codebebd8b2d__20260711T015842068985Z,msl_ncam_nlb_565373360edr_f0670650ncam12753m1,test_msl,ALL,pixel_acc,0.9770294600637082,0,0,50543
unet__scratch__resnet34__in_rover__seed1414__gpu_full__39bfa6f5__gitc188b320__codebebd8b2d__20260711T015842068985Z,msl_ncam_nlb_565373360edr_f0670650ncam12753m1,test_msl,ALL,boundary_f1,0.8250742316534495,0,0,50543
unet__scratch__resnet34__in_rover__seed1414__gpu_full__39bfa6f5__gitc188b320__codebebd8b2d__20260711T015842068985Z,msl_ncam_nlb_565373417edr_f0670650ncam12753m1,test_msl,soil,iou,0.9456890219786429,66951,70796,70796
unet__scratch__resnet34__in_rover__seed1414__gpu_full__39bfa6f5__gitc188b320__codebebd8b2d__20260711T015842068985Z,msl_ncam_nlb_565373417edr_f0670650ncam12753m1,test_msl,bedrock,iou,0.0,0,3845,70796
unet__scratch__resnet34__in_rover__seed1414__gpu_full__39bfa6f5__gitc188b320__codebebd8b2d__20260711T015842068985Z,msl_ncam_nlb_565373417edr_f0670650ncam12753m1,test_msl,sand,iou,,0,0,70796
unet__scratch__resnet34__in_rover__seed1414__gpu_full__39bfa6f5__gitc188b320__codebebd8b2d__20260711T015842068985Z,msl_ncam_nlb_565373417edr_f0670650ncam12753m1,test_msl,big_rock,iou,,0,0,70796
unet__scratch__resnet34__in_rover__seed1414__gpu_full__39bfa6f5__gitc188b320__codebebd8b2d__20260711T015842068985Z,msl_ncam_nlb_565373417edr_f0670650ncam12753m1,test_msl,ALL,pixel_acc,0.9456890219786429,0,0,70796
unet__scratch__resnet34__in_rover__seed1414__gpu_full__39bfa6f5__gitc188b320__codebebd8b2d__20260711T015842068985Z,msl_ncam_nlb_565373417edr_f0670650ncam12753m1,test_msl,ALL,boundary_f1,0.46806459387804294,0,0,70796
unet__scratch__resnet34__in_rover__seed1414__gpu_full__39bfa6f5__gitc188b320__codebebd8b2d__20260711T015842068985Z,msl_ncam_nlb_565373904edr_f0670650ccam15903m1,test_msl,soil,iou,,0,0,0
unet__scratch__resnet34__in_rover__seed1414__gpu_full__39bfa6f5__gitc188b320__codebebd8b2d__20260711T015842068985Z,msl_ncam_nlb_565373904edr_f0670650ccam15903m1,test_msl,bedrock,iou,,0,0,0
unet__scratch__resnet34__in_rover__seed1414__gpu_full__39bfa6f5__gitc188b320__codebebd8b2d__20260711T015842068985Z,msl_ncam_nlb_565373904edr_f0670650ccam15903m1,test_msl,sand,iou,,0,0,0
unet__scratch__resnet34__in_rover__seed1414__gpu_full__39bfa6f5__gitc188b320__codebebd8b2d__20260711T015842068985Z,msl_ncam_nlb_565373904edr_f0670650ccam15903m1,test_msl,big_rock,iou,,0,0,0
unet__scratch__resnet34__in_rover__seed1414__gpu_full__39bfa6f5__gitc188b320__codebebd8b2d__20260711T015842068985Z,msl_ncam_nlb_565373904edr_f0670650ccam15903m1,test_msl,ALL,pixel_acc,,0,0,0
unet__scratch__resnet34__in_rover__seed1414__gpu_full__39bfa6f5__gitc188b320__codebebd8b2d__20260711T015842068985Z,msl_ncam_nlb_565373904edr_f0670650ccam15903m1,test_msl,ALL,boundary_f1,,0,0,0
unet__scratch__resnet34__in_rover__seed1414__gpu_full__39bfa6f5__gitc188b320__codebebd8b2d__20260711T015842068985Z,msl_ncam_nlb_565810401edr_f0670962ncam00386m1,test_msl,soil,iou,1.0,251102,251102,251102
unet__scratch__resnet34__in_rover__seed1414__gpu_full__39bfa6f5__gitc188b320__codebebd8b2d__20260711T015842068985Z,msl_ncam_nlb_565810401edr_f0670962ncam00386m1,test_msl,bedrock,iou,,0,0,251102
unet__scratch__resnet34__in_rover__seed1414__gpu_full__39bfa6f5__gitc188b320__codebebd8b2d__20260711T015842068985Z,msl_ncam_nlb_565810401edr_f0670962ncam00386m1,test_msl,sand,iou,,0,0,251102
unet__scratch__resnet34__in_rover__seed1414__gpu_full__39bfa6f5__gitc188b320__codebebd8b2d__20260711T015842068985Z,msl_ncam_nlb_565810401edr_f0670962ncam00386m1,test_msl,big_rock,iou,,0,0,251102
unet__scratch__resnet34__in_rover__seed1414__gpu_full__39bfa6f5__gitc188b320__codebebd8b2d__20260711T015842068985Z,msl_ncam_nlb_565810401edr_f0670962ncam00386m1,test_msl,ALL,pixel_acc,1.0,0,0,251102
unet__scratch__resnet34__in_rover__seed1414__gpu_full__39bfa6f5__gitc188b320__codebebd8b2d__20260711T015842068985Z,msl_ncam_nlb_565810401edr_f0670962ncam00386m1,test_msl,ALL,boundary_f1,1.0,0,0,251102
unet__scratch__resnet34__in_rover__seed1414__gpu_full__39bfa6f5__gitc188b320__codebebd8b2d__20260711T015842068985Z,msl_ncam_nlb_565811189edr_f0671016ncam00353m1,test_msl,soil,iou,,0,0,0
unet__scratch__resnet34__in_rover__seed1414__gpu_full__39bfa6f5__gitc188b320__codebebd8b2d__20260711T015842068985Z,msl_ncam_nlb_565811189edr_f0671016ncam00353m1,test_msl,bedrock,iou,,0,0,0
unet__scratch__resnet34__in_rover__seed1414__gpu_full__39bfa6f5__gitc188b320__codebebd8b2d__20260711T015842068985Z,msl_ncam_nlb_565811189edr_f0671016ncam00353m1,test_msl,sand,iou,,0,0,0
unet__scratch__resnet34__in_rover__seed1414__gpu_full__39bfa6f5__gitc188b320__codebebd8b2d__20260711T015842068985Z,msl_ncam_nlb_565811189edr_f0671016ncam00353m1,test_msl,big_rock,iou,,0,0,0
unet__scratch__resnet34__in_rover__seed1414__gpu_full__39bfa6f5__gitc188b320__codebebd8b2d__20260711T015842068985Z,msl_ncam_nlb_565811189edr_f0671016ncam00353m1,test_msl,ALL,pixel_acc,,0,0,0
unet__scratch__resnet34__in_rover__seed1414__gpu_full__39bfa6f5__gitc188b320__codebebd8b2d__20260711T015842068985Z,msl_ncam_nlb_565811189edr_f0671016ncam00353m1,test_msl,ALL,boundary_f1,,0,0,0
unet__scratch__resnet34__in_rover__seed1414__gpu_full__39bfa6f5__gitc188b320__codebebd8b2d__20260711T015842068985Z,msl_ncam_nlb_565811345edr_f0671016ncam00261m1,test_msl,soil,iou,1.0,108477,108477,108477
unet__scratch__resnet34__in_rover__seed1414__gpu_full__39bfa6f5__gitc188b320__codebebd8b2d__20260711T015842068985Z,msl_ncam_nlb_565811345edr_f0671016ncam00261m1,test_msl,bedrock,iou,,0,0,108477
unet__scratch__resnet34__in_rover__seed1414__gpu_full__39bfa6f5__gitc188b320__codebebd8b2d__20260711T015842068985Z,msl_ncam_nlb_565811345edr_f0671016ncam00261m1,test_msl,sand,iou,,0,0,108477
unet__scratch__resnet34__in_rover__seed1414__gpu_full__39bfa6f5__gitc188b320__codebebd8b2d__20260711T015842068985Z,msl_ncam_nlb_565811345edr_f0671016ncam00261m1,test_msl,big_rock,iou,,0,0,108477
unet__scratch__resnet34__in_rover__seed1414__gpu_full__39bfa6f5__gitc188b320__codebebd8b2d__20260711T015842068985Z,msl_ncam_nlb_565811345edr_f0671016ncam00261m1,test_msl,ALL,pixel_acc,1.0,0,0,108477
unet__scratch__resnet34__in_rover__seed1414__gpu_full__39bfa6f5__gitc188b320__codebebd8b2d__20260711T015842068985Z,msl_ncam_nlb_565811345edr_f0671016ncam00261m1,test_msl,ALL,boundary_f1,1.0,0,0,108477
unet__scratch__resnet34__in_rover__seed1414__gpu_full__39bfa6f5__gitc188b320__codebebd8b2d__20260711T015842068985Z,msl_ncam_nlb_565811572edr_f0671016ncam00261m1,test_msl,soil,iou,1.0,106382,106382,107460
unet__scratch__resnet34__in_rover__seed1414__gpu_full__39bfa6f5__gitc188b320__codebebd8b2d__20260711T015842068985Z,msl_ncam_nlb_565811572edr_f0671016ncam00261m1,test_msl,bedrock,iou,1.0,1078,1078,107460
unet__scratch__resnet34__in_rover__seed1414__gpu_full__39bfa6f5__gitc188b320__codebebd8b2d__20260711T015842068985Z,msl_ncam_nlb_565811572edr_f0671016ncam00261m1,test_msl,sand,iou,,0,0,107460
unet__scratch__resnet34__in_rover__seed1414__gpu_full__39bfa6f5__gitc188b320__codebebd8b2d__20260711T015842068985Z,msl_ncam_nlb_565811572edr_f0671016ncam00261m1,test_msl,big_rock,iou,,0,0,107460
unet__scratch__resnet34__in_rover__seed1414__gpu_full__39bfa6f5__gitc188b320__codebebd8b2d__20260711T015842068985Z,msl_ncam_nlb_565811572edr_f0671016ncam00261m1,test_msl,ALL,pixel_acc,1.0,0,0,107460
unet__scratch__resnet34__in_rover__seed1414__gpu_full__39bfa6f5__gitc188b320__codebebd8b2d__20260711T015842068985Z,msl_ncam_nlb_565811572edr_f0671016ncam00261m1,test_msl,ALL,boundary_f1,1.0,0,0,107460
unet__scratch__resnet34__in_rover__seed1414__gpu_full__39bfa6f5__gitc188b320__codebebd8b2d__20260711T015842068985Z,msl_ncam_nlb_565811686edr_f0671016ncam00261m1,test_msl,soil,iou,1.0,54790,54790,54790
unet__scratch__resnet34__in_rover__seed1414__gpu_full__39bfa6f5__gitc188b320__codebebd8b2d__20260711T015842068985Z,msl_ncam_nlb_565811686edr_f0671016ncam00261m1,test_msl,bedrock,iou,,0,0,54790
unet__scratch__resnet34__in_rover__seed1414__gpu_full__39bfa6f5__gitc188b320__codebebd8b2d__20260711T015842068985Z,msl_ncam_nlb_565811686edr_f0671016ncam00261m1,test_msl,sand,iou,,0,0,54790
unet__scratch__resnet34__in_rover__seed1414__gpu_full__39bfa6f5__gitc188b320__codebebd8b2d__20260711T015842068985Z,msl_ncam_nlb_565811686edr_f0671016ncam00261m1,test_msl,big_rock,iou,,0,0,54790
unet__scratch__resnet34__in_rover__seed1414__gpu_full__39bfa6f5__gitc188b320__codebebd8b2d__20260711T015842068985Z,msl_ncam_nlb_565811686edr_f0671016ncam00261m1,test_msl,ALL,pixel_acc,1.0,0,0,54790
unet__scratch__resnet34__in_rover__seed1414__gpu_full__39bfa6f5__gitc188b320__codebebd8b2d__20260711T015842068985Z,msl_ncam_nlb_565811686edr_f0671016ncam00261m1,test_msl,ALL,boundary_f1,1.0,0,0,54790
unet__scratch__resnet34__in_rover__seed1414__gpu_full__39bfa6f5__gitc188b320__codebebd8b2d__20260711T015842068985Z,msl_ncam_nlb_565812047edr_f0671016ncam00312m1,test_msl,soil,iou,1.0,188747,188747,188747
unet__scratch__resnet34__in_rover__seed1414__gpu_full__39bfa6f5__gitc188b320__codebebd8b2d__20260711T015842068985Z,msl_ncam_nlb_565812047edr_f0671016ncam00312m1,test_msl,bedrock,iou,,0,0,188747
unet__scratch__resnet34__in_rover__seed1414__gpu_full__39bfa6f5__gitc188b320__codebebd8b2d__20260711T015842068985Z,msl_ncam_nlb_565812047edr_f0671016ncam00312m1,test_msl,sand,iou,,0,0,188747
unet__scratch__resnet34__in_rover__seed1414__gpu_full__39bfa6f5__gitc188b320__codebebd8b2d__20260711T015842068985Z,msl_ncam_nlb_565812047edr_f0671016ncam00312m1,test_msl,big_rock,iou,,0,0,188747
unet__scratch__resnet34__in_rover__seed1414__gpu_full__39bfa6f5__gitc188b320__codebebd8b2d__20260711T015842068985Z,msl_ncam_nlb_565812047edr_f0671016ncam00312m1,test_msl,ALL,pixel_acc,1.0,0,0,188747
unet__scratch__resnet34__in_rover__seed1414__gpu_full__39bfa6f5__gitc188b320__codebebd8b2d__20260711T015842068985Z,msl_ncam_nlb_565812047edr_f0671016ncam00312m1,test_msl,ALL,boundary_f1,1.0,0,0,188747
unet__scratch__resnet34__in_rover__seed1414__gpu_full__39bfa6f5__gitc188b320__codebebd8b2d__20260711T015842068985Z,msl_ncam_nlb_570072657edr_f0672848ncam00385m1,test_msl,soil,iou,,0,0,0
unet__scratch__resnet34__in_rover__seed1414__gpu_full__39bfa6f5__gitc188b320__codebebd8b2d__20260711T015842068985Z,msl_ncam_nlb_570072657edr_f0672848ncam00385m1,test_msl,bedrock,iou,,0,0,0
unet__scratch__resnet34__in_rover__seed1414__gpu_full__39bfa6f5__gitc188b320__codebebd8b2d__20260711T015842068985Z,msl_ncam_nlb_570072657edr_f0672848ncam00385m1,test_msl,sand,iou,,0,0,0
unet__scratch__resnet34__in_rover__seed1414__gpu_full__39bfa6f5__gitc188b320__codebebd8b2d__20260711T015842068985Z,msl_ncam_nlb_570072657edr_f0672848ncam00385m1,test_msl,big_rock,iou,,0,0,0
unet__scratch__resnet34__in_rover__seed1414__gpu_full__39bfa6f5__gitc188b320__codebebd8b2d__20260711T015842068985Z,msl_ncam_nlb_570072657edr_f0672848ncam00385m1,test_msl,ALL,pixel_acc,,0,0,0
unet__scratch__resnet34__in_rover__seed1414__gpu_full__39bfa6f5__gitc188b320__codebebd8b2d__20260711T015842068985Z,msl_ncam_nlb_570072657edr_f0672848ncam00385m1,test_msl,ALL,boundary_f1,,0,0,0
unet__scratch__resnet34__in_rover__seed1414__gpu_full__39bfa6f5__gitc188b320__codebebd8b2d__20260711T015842068985Z,msl_ncam_nlb_570073321edr_f0672884ncam00375m1,test_msl,soil,iou,1.0,148527,148527,148527
unet__scratch__resnet34__in_rover__seed1414__gpu_full__39bfa6f5__gitc188b320__codebebd8b2d__20260711T015842068985Z,msl_ncam_nlb_570073321edr_f0672884ncam00375m1,test_msl,bedrock,iou,,0,0,148527
unet__scratch__resnet34__in_rover__seed1414__gpu_full__39bfa6f5__gitc188b320__codebebd8b2d__20260711T015842068985Z,msl_ncam_nlb_570073321edr_f0672884ncam00375m1,test_msl,sand,iou,,0,0,148527
unet__scratch__resnet34__in_rover__seed1414__gpu_full__39bfa6f5__gitc188b320__codebebd8b2d__20260711T015842068985Z,msl_ncam_nlb_570073321edr_f0672884ncam00375m1,test_msl,big_rock,iou,,0,0,148527
unet__scratch__resnet34__in_rover__seed1414__gpu_full__39bfa6f5__gitc188b320__codebebd8b2d__20260711T015842068985Z,msl_ncam_nlb_570073321edr_f0672884ncam00375m1,test_msl,ALL,pixel_acc,1.0,0,0,148527
unet__scratch__resnet34__in_rover__seed1414__gpu_full__39bfa6f5__gitc188b320__codebebd8b2d__20260711T015842068985Z,msl_ncam_nlb_570073321edr_f0672884ncam00375m1,test_msl,ALL,boundary_f1,1.0,0,0,148527
unet__scratch__resnet34__in_rover__seed1414__gpu_full__39bfa6f5__gitc188b320__codebebd8b2d__20260711T015842068985Z,msl_ncam_nlb_570073400edr_f0672884ncam00284m1,test_msl,soil,iou,1.0,141607,141607,141607
unet__scratch__resnet34__in_rover__seed1414__gpu_full__39bfa6f5__gitc188b320__codebebd8b2d__20260711T015842068985Z,msl_ncam_nlb_570073400edr_f0672884ncam00284m1,test_msl,bedrock,iou,,0,0,141607
unet__scratch__resnet34__in_rover__seed1414__gpu_full__39bfa6f5__gitc188b320__codebebd8b2d__20260711T015842068985Z,msl_ncam_nlb_570073400edr_f0672884ncam00284m1,test_msl,sand,iou,,0,0,141607
unet__scratch__resnet34__in_rover__seed1414__gpu_full__39bfa6f5__gitc188b320__codebebd8b2d__20260711T015842068985Z,msl_ncam_nlb_570073400edr_f0672884ncam00284m1,test_msl,big_rock,iou,,0,0,141607
unet__scratch__resnet34__in_rover__seed1414__gpu_full__39bfa6f5__gitc188b320__codebebd8b2d__20260711T015842068985Z,msl_ncam_nlb_570073400edr_f0672884ncam00284m1,test_msl,ALL,pixel_acc,1.0,0,0,141607
unet__scratch__resnet34__in_rover__seed1414__gpu_full__39bfa6f5__gitc188b320__codebebd8b2d__20260711T015842068985Z,msl_ncam_nlb_570073400edr_f0672884ncam00284m1,test_msl,ALL,boundary_f1,1.0,0,0,141607
unet__scratch__resnet34__in_rover__seed1414__gpu_full__39bfa6f5__gitc188b320__codebebd8b2d__20260711T015842068985Z,msl_ncam_nlb_570073456edr_f0672884ncam00284m1,test_msl,soil,iou,0.9746586735434319,87307,89577,96552
unet__scratch__resnet34__in_rover__seed1414__gpu_full__39bfa6f5__gitc188b320__codebebd8b2d__20260711T015842068985Z,msl_ncam_nlb_570073456edr_f0672884ncam00284m1,test_msl,bedrock,iou,0.7544618712817739,6975,9245,96552
unet__scratch__resnet34__in_rover__seed1414__gpu_full__39bfa6f5__gitc188b320__codebebd8b2d__20260711T015842068985Z,msl_ncam_nlb_570073456edr_f0672884ncam00284m1,test_msl,sand,iou,,0,0,96552
unet__scratch__resnet34__in_rover__seed1414__gpu_full__39bfa6f5__gitc188b320__codebebd8b2d__20260711T015842068985Z,msl_ncam_nlb_570073456edr_f0672884ncam00284m1,test_msl,big_rock,iou,,0,0,96552
unet__scratch__resnet34__in_rover__seed1414__gpu_full__39bfa6f5__gitc188b320__codebebd8b2d__20260711T015842068985Z,msl_ncam_nlb_570073456edr_f0672884ncam00284m1,test_msl,ALL,pixel_acc,0.9764893528875632,0,0,96552
unet__scratch__resnet34__in_rover__seed1414__gpu_full__39bfa6f5__gitc188b320__codebebd8b2d__20260711T015842068985Z,msl_ncam_nlb_570073456edr_f0672884ncam00284m1,test_msl,ALL,boundary_f1,0.8060082277995761,0,0,96552
unet__scratch__resnet34__in_rover__seed1414__gpu_full__39bfa6f5__gitc188b320__codebebd8b2d__20260711T015842068985Z,msl_ncam_nlb_570074025edr_f0672884ncam00285m1,test_msl,soil,iou,0.6247891203305216,18147,29045,105810
unet__scratch__resnet34__in_rover__seed1414__gpu_full__39bfa6f5__gitc188b320__codebebd8b2d__20260711T015842068985Z,msl_ncam_nlb_570074025edr_f0672884ncam00285m1,test_msl,bedrock,iou,0.8735912869016911,76199,87225,105810
unet__scratch__resnet34__in_rover__seed1414__gpu_full__39bfa6f5__gitc188b320__codebebd8b2d__20260711T015842068985Z,msl_ncam_nlb_570074025edr_f0672884ncam00285m1,test_msl,sand,iou,0.0,0,438,105810
unet__scratch__resnet34__in_rover__seed1414__gpu_full__39bfa6f5__gitc188b320__codebebd8b2d__20260711T015842068985Z,msl_ncam_nlb_570074025edr_f0672884ncam00285m1,test_msl,big_rock,iou,0.0,0,566,105810
unet__scratch__resnet34__in_rover__seed1414__gpu_full__39bfa6f5__gitc188b320__codebebd8b2d__20260711T015842068985Z,msl_ncam_nlb_570074025edr_f0672884ncam00285m1,test_msl,ALL,pixel_acc,0.8916548530384651,0,0,105810
unet__scratch__resnet34__in_rover__seed1414__gpu_full__39bfa6f5__gitc188b320__codebebd8b2d__20260711T015842068985Z,msl_ncam_nlb_570074025edr_f0672884ncam00285m1,test_msl,ALL,boundary_f1,0.35420399521986023,0,0,105810
unet__scratch__resnet34__in_rover__seed1414__gpu_full__39bfa6f5__gitc188b320__codebebd8b2d__20260711T015842068985Z,msl_ncam_nlb_570074144edr_f0672884ncam00285m1,test_msl,soil,iou,0.0,0,50,14959
unet__scratch__resnet34__in_rover__seed1414__gpu_full__39bfa6f5__gitc188b320__codebebd8b2d__20260711T015842068985Z,msl_ncam_nlb_570074144edr_f0672884ncam00285m1,test_msl,bedrock,iou,0.9966575305835952,14909,14959,14959
unet__scratch__resnet34__in_rover__seed1414__gpu_full__39bfa6f5__gitc188b320__codebebd8b2d__20260711T015842068985Z,msl_ncam_nlb_570074144edr_f0672884ncam00285m1,test_msl,sand,iou,,0,0,14959
unet__scratch__resnet34__in_rover__seed1414__gpu_full__39bfa6f5__gitc188b320__codebebd8b2d__20260711T015842068985Z,msl_ncam_nlb_570074144edr_f0672884ncam00285m1,test_msl,big_rock,iou,,0,0,14959
unet__scratch__resnet34__in_rover__seed1414__gpu_full__39bfa6f5__gitc188b320__codebebd8b2d__20260711T015842068985Z,msl_ncam_nlb_570074144edr_f0672884ncam00285m1,test_msl,ALL,pixel_acc,0.9966575305835952,0,0,14959
unet__scratch__resnet34__in_rover__seed1414__gpu_full__39bfa6f5__gitc188b320__codebebd8b2d__20260711T015842068985Z,msl_ncam_nlb_570074144edr_f0672884ncam00285m1,test_msl,ALL,boundary_f1,0.5,0,0,14959
unet__scratch__resnet34__in_rover__seed1414__gpu_full__39bfa6f5__gitc188b320__codebebd8b2d__20260711T015842068985Z,msl_ncam_nlb_570074258edr_f0672884ncam00285m1,test_msl,soil,iou,1.0,90077,90077,90077
unet__scratch__resnet34__in_rover__seed1414__gpu_full__39bfa6f5__gitc188b320__codebebd8b2d__20260711T015842068985Z,msl_ncam_nlb_570074258edr_f0672884ncam00285m1,test_msl,bedrock,iou,,0,0,90077
unet__scratch__resnet34__in_rover__seed1414__gpu_full__39bfa6f5__gitc188b320__codebebd8b2d__20260711T015842068985Z,msl_ncam_nlb_570074258edr_f0672884ncam00285m1,test_msl,sand,iou,,0,0,90077
unet__scratch__resnet34__in_rover__seed1414__gpu_full__39bfa6f5__gitc188b320__codebebd8b2d__20260711T015842068985Z,msl_ncam_nlb_570074258edr_f0672884ncam00285m1,test_msl,big_rock,iou,,0,0,90077
unet__scratch__resnet34__in_rover__seed1414__gpu_full__39bfa6f5__gitc188b320__codebebd8b2d__20260711T015842068985Z,msl_ncam_nlb_570074258edr_f0672884ncam00285m1,test_msl,ALL,pixel_acc,1.0,0,0,90077
unet__scratch__resnet34__in_rover__seed1414__gpu_full__39bfa6f5__gitc188b320__codebebd8b2d__20260711T015842068985Z,msl_ncam_nlb_570074258edr_f0672884ncam00285m1,test_msl,ALL,boundary_f1,1.0,0,0,90077
unet__scratch__resnet34__in_rover__seed1414__gpu_full__39bfa6f5__gitc188b320__codebebd8b2d__20260711T015842068985Z,msl_ncam_nlb_574061102edr_f0681232ncam00320m1,test_msl,soil,iou,1.0,26670,26670,26670
unet__scratch__resnet34__in_rover__seed1414__gpu_full__39bfa6f5__gitc188b320__codebebd8b2d__20260711T015842068985Z,msl_ncam_nlb_574061102edr_f0681232ncam00320m1,test_msl,bedrock,iou,,0,0,26670
unet__scratch__resnet34__in_rover__seed1414__gpu_full__39bfa6f5__gitc188b320__codebebd8b2d__20260711T015842068985Z,msl_ncam_nlb_574061102edr_f0681232ncam00320m1,test_msl,sand,iou,,0,0,26670
unet__scratch__resnet34__in_rover__seed1414__gpu_full__39bfa6f5__gitc188b320__codebebd8b2d__20260711T015842068985Z,msl_ncam_nlb_574061102edr_f0681232ncam00320m1,test_msl,big_rock,iou,,0,0,26670
unet__scratch__resnet34__in_rover__seed1414__gpu_full__39bfa6f5__gitc188b320__codebebd8b2d__20260711T015842068985Z,msl_ncam_nlb_574061102edr_f0681232ncam00320m1,test_msl,ALL,pixel_acc,1.0,0,0,26670
unet__scratch__resnet34__in_rover__seed1414__gpu_full__39bfa6f5__gitc188b320__codebebd8b2d__20260711T015842068985Z,msl_ncam_nlb_574061102edr_f0681232ncam00320m1,test_msl,ALL,boundary_f1,1.0,0,0,26670
unet__scratch__resnet34__in_rover__seed1414__gpu_full__39bfa6f5__gitc188b320__codebebd8b2d__20260711T015842068985Z,msl_ncam_nlb_574071379edr_f0681556ncam00379m1,test_msl,soil,iou,0.9943593875906527,13574,13651,116837
unet__scratch__resnet34__in_rover__seed1414__gpu_full__39bfa6f5__gitc188b320__codebebd8b2d__20260711T015842068985Z,msl_ncam_nlb_574071379edr_f0681556ncam00379m1,test_msl,bedrock,iou,0.9992543311737989,103186,103263,116837
unet__scratch__resnet34__in_rover__seed1414__gpu_full__39bfa6f5__gitc188b320__codebebd8b2d__20260711T015842068985Z,msl_ncam_nlb_574071379edr_f0681556ncam00379m1,test_msl,sand,iou,,0,0,116837
unet__scratch__resnet34__in_rover__seed1414__gpu_full__39bfa6f5__gitc188b320__codebebd8b2d__20260711T015842068985Z,msl_ncam_nlb_574071379edr_f0681556ncam00379m1,test_msl,big_rock,iou,,0,0,116837
unet__scratch__resnet34__in_rover__seed1414__gpu_full__39bfa6f5__gitc188b320__codebebd8b2d__20260711T015842068985Z,msl_ncam_nlb_574071379edr_f0681556ncam00379m1,test_msl,ALL,pixel_acc,0.999340962195195,0,0,116837
unet__scratch__resnet34__in_rover__seed1414__gpu_full__39bfa6f5__gitc188b320__codebebd8b2d__20260711T015842068985Z,msl_ncam_nlb_574071379edr_f0681556ncam00379m1,test_msl,ALL,boundary_f1,0.9878096555979935,0,0,116837
unet__scratch__resnet34__in_rover__seed1414__gpu_full__39bfa6f5__gitc188b320__codebebd8b2d__20260711T015842068985Z,msl_ncam_nlb_574072088edr_f0681616ncam00257m1,test_msl,soil,iou,,0,0,0
unet__scratch__resnet34__in_rover__seed1414__gpu_full__39bfa6f5__gitc188b320__codebebd8b2d__20260711T015842068985Z,msl_ncam_nlb_574072088edr_f0681616ncam00257m1,test_msl,bedrock,iou,,0,0,0
unet__scratch__resnet34__in_rover__seed1414__gpu_full__39bfa6f5__gitc188b320__codebebd8b2d__20260711T015842068985Z,msl_ncam_nlb_574072088edr_f0681616ncam00257m1,test_msl,sand,iou,,0,0,0
unet__scratch__resnet34__in_rover__seed1414__gpu_full__39bfa6f5__gitc188b320__codebebd8b2d__20260711T015842068985Z,msl_ncam_nlb_574072088edr_f0681616ncam00257m1,test_msl,big_rock,iou,,0,0,0
unet__scratch__resnet34__in_rover__seed1414__gpu_full__39bfa6f5__gitc188b320__codebebd8b2d__20260711T015842068985Z,msl_ncam_nlb_574072088edr_f0681616ncam00257m1,test_msl,ALL,pixel_acc,,0,0,0
unet__scratch__resnet34__in_rover__seed1414__gpu_full__39bfa6f5__gitc188b320__codebebd8b2d__20260711T015842068985Z,msl_ncam_nlb_574072088edr_f0681616ncam00257m1,test_msl,ALL,boundary_f1,,0,0,0
unet__scratch__resnet34__in_rover__seed1414__gpu_full__39bfa6f5__gitc188b320__codebebd8b2d__20260711T015842068985Z,msl_ncam_nlb_574078028edr_f0681626ncam00256m1,test_msl,soil,iou,,0,0,0
unet__scratch__resnet34__in_rover__seed1414__gpu_full__39bfa6f5__gitc188b320__codebebd8b2d__20260711T015842068985Z,msl_ncam_nlb_574078028edr_f0681626ncam00256m1,test_msl,bedrock,iou,,0,0,0
unet__scratch__resnet34__in_rover__seed1414__gpu_full__39bfa6f5__gitc188b320__codebebd8b2d__20260711T015842068985Z,msl_ncam_nlb_574078028edr_f0681626ncam00256m1,test_msl,sand,iou,,0,0,0
unet__scratch__resnet34__in_rover__seed1414__gpu_full__39bfa6f5__gitc188b320__codebebd8b2d__20260711T015842068985Z,msl_ncam_nlb_574078028edr_f0681626ncam00256m1,test_msl,big_rock,iou,,0,0,0
unet__scratch__resnet34__in_rover__seed1414__gpu_full__39bfa6f5__gitc188b320__codebebd8b2d__20260711T015842068985Z,msl_ncam_nlb_574078028edr_f0681626ncam00256m1,test_msl,ALL,pixel_acc,,0,0,0
unet__scratch__resnet34__in_rover__seed1414__gpu_full__39bfa6f5__gitc188b320__codebebd8b2d__20260711T015842068985Z,msl_ncam_nlb_574078028edr_f0681626ncam00256m1,test_msl,ALL,boundary_f1,,0,0,0
unet__scratch__resnet34__in_rover__seed1414__gpu_full__39bfa6f5__gitc188b320__codebebd8b2d__20260711T015842068985Z,msl_ncam_nlb_574078090edr_f0681626ncam00256m1,test_msl,soil,iou,1.0,2992,2992,2992
unet__scratch__resnet34__in_rover__seed1414__gpu_full__39bfa6f5__gitc188b320__codebebd8b2d__20260711T015842068985Z,msl_ncam_nlb_574078090edr_f0681626ncam00256m1,test_msl,bedrock,iou,,0,0,2992
unet__scratch__resnet34__in_rover__seed1414__gpu_full__39bfa6f5__gitc188b320__codebebd8b2d__20260711T015842068985Z,msl_ncam_nlb_574078090edr_f0681626ncam00256m1,test_msl,sand,iou,,0,0,2992
unet__scratch__resnet34__in_rover__seed1414__gpu_full__39bfa6f5__gitc188b320__codebebd8b2d__20260711T015842068985Z,msl_ncam_nlb_574078090edr_f0681626ncam00256m1,test_msl,big_rock,iou,,0,0,2992
unet__scratch__resnet34__in_rover__seed1414__gpu_full__39bfa6f5__gitc188b320__codebebd8b2d__20260711T015842068985Z,msl_ncam_nlb_574078090edr_f0681626ncam00256m1,test_msl,ALL,pixel_acc,1.0,0,0,2992
unet__scratch__resnet34__in_rover__seed1414__gpu_full__39bfa6f5__gitc188b320__codebebd8b2d__20260711T015842068985Z,msl_ncam_nlb_574078090edr_f0681626ncam00256m1,test_msl,ALL,boundary_f1,1.0,0,0,2992
unet__scratch__resnet34__in_rover__seed1414__gpu_full__39bfa6f5__gitc188b320__codebebd8b2d__20260711T015842068985Z,msl_ncam_nlb_574078155edr_f0681626ncam00256m1,test_msl,soil,iou,1.0,31502,31502,31502
unet__scratch__resnet34__in_rover__seed1414__gpu_full__39bfa6f5__gitc188b320__codebebd8b2d__20260711T015842068985Z,msl_ncam_nlb_574078155edr_f0681626ncam00256m1,test_msl,bedrock,iou,,0,0,31502
unet__scratch__resnet34__in_rover__seed1414__gpu_full__39bfa6f5__gitc188b320__codebebd8b2d__20260711T015842068985Z,msl_ncam_nlb_574078155edr_f0681626ncam00256m1,test_msl,sand,iou,,0,0,31502
unet__scratch__resnet34__in_rover__seed1414__gpu_full__39bfa6f5__gitc188b320__codebebd8b2d__20260711T015842068985Z,msl_ncam_nlb_574078155edr_f0681626ncam00256m1,test_msl,big_rock,iou,,0,0,31502
unet__scratch__resnet34__in_rover__seed1414__gpu_full__39bfa6f5__gitc188b320__codebebd8b2d__20260711T015842068985Z,msl_ncam_nlb_574078155edr_f0681626ncam00256m1,test_msl,ALL,pixel_acc,1.0,0,0,31502
unet__scratch__resnet34__in_rover__seed1414__gpu_full__39bfa6f5__gitc188b320__codebebd8b2d__20260711T015842068985Z,msl_ncam_nlb_574078155edr_f0681626ncam00256m1,test_msl,ALL,boundary_f1,1.0,0,0,31502
unet__scratch__resnet34__in_rover__seed1414__gpu_full__39bfa6f5__gitc188b320__codebebd8b2d__20260711T015842068985Z,msl_ncam_nlb_574078440edr_f0681626ncam00354m1,test_msl,soil,iou,,0,0,160997
unet__scratch__resnet34__in_rover__seed1414__gpu_full__39bfa6f5__gitc188b320__codebebd8b2d__20260711T015842068985Z,msl_ncam_nlb_574078440edr_f0681626ncam00354m1,test_msl,bedrock,iou,1.0,160997,160997,160997
unet__scratch__resnet34__in_rover__seed1414__gpu_full__39bfa6f5__gitc188b320__codebebd8b2d__20260711T015842068985Z,msl_ncam_nlb_574078440edr_f0681626ncam00354m1,test_msl,sand,iou,,0,0,160997
unet__scratch__resnet34__in_rover__seed1414__gpu_full__39bfa6f5__gitc188b320__codebebd8b2d__20260711T015842068985Z,msl_ncam_nlb_574078440edr_f0681626ncam00354m1,test_msl,big_rock,iou,,0,0,160997
unet__scratch__resnet34__in_rover__seed1414__gpu_full__39bfa6f5__gitc188b320__codebebd8b2d__20260711T015842068985Z,msl_ncam_nlb_574078440edr_f0681626ncam00354m1,test_msl,ALL,pixel_acc,1.0,0,0,160997
unet__scratch__resnet34__in_rover__seed1414__gpu_full__39bfa6f5__gitc188b320__codebebd8b2d__20260711T015842068985Z,msl_ncam_nlb_574078440edr_f0681626ncam00354m1,test_msl,ALL,boundary_f1,1.0,0,0,160997
unet__scratch__resnet34__in_rover__seed1414__gpu_full__39bfa6f5__gitc188b320__codebebd8b2d__20260711T015842068985Z,msl_ncam_nlb_574078554edr_f0681626ncam00354m1,test_msl,soil,iou,0.9947752923348336,43982,44213,59636
unet__scratch__resnet34__in_rover__seed1414__gpu_full__39bfa6f5__gitc188b320__codebebd8b2d__20260711T015842068985Z,msl_ncam_nlb_574078554edr_f0681626ncam00354m1,test_msl,bedrock,iou,0.9852433882713684,15423,15654,59636
unet__scratch__resnet34__in_rover__seed1414__gpu_full__39bfa6f5__gitc188b320__codebebd8b2d__20260711T015842068985Z,msl_ncam_nlb_574078554edr_f0681626ncam00354m1,test_msl,sand,iou,,0,0,59636
unet__scratch__resnet34__in_rover__seed1414__gpu_full__39bfa6f5__gitc188b320__codebebd8b2d__20260711T015842068985Z,msl_ncam_nlb_574078554edr_f0681626ncam00354m1,test_msl,big_rock,iou,,0,0,59636
unet__scratch__resnet34__in_rover__seed1414__gpu_full__39bfa6f5__gitc188b320__codebebd8b2d__20260711T015842068985Z,msl_ncam_nlb_574078554edr_f0681626ncam00354m1,test_msl,ALL,pixel_acc,0.9961265007713461,0,0,59636
unet__scratch__resnet34__in_rover__seed1414__gpu_full__39bfa6f5__gitc188b320__codebebd8b2d__20260711T015842068985Z,msl_ncam_nlb_574078554edr_f0681626ncam00354m1,test_msl,ALL,boundary_f1,0.9636801355466907,0,0,59636
unet__scratch__resnet34__in_rover__seed1414__gpu_full__39bfa6f5__gitc188b320__codebebd8b2d__20260711T015842068985Z,msl_ncam_nlb_574078665edr_f0681626ncam07753m1,test_msl,soil,iou,0.9614240628476716,42344,44043,92466
unet__scratch__resnet34__in_rover__seed1414__gpu_full__39bfa6f5__gitc188b320__codebebd8b2d__20260711T015842068985Z,msl_ncam_nlb_574078665edr_f0681626ncam07753m1,test_msl,bedrock,iou,0.9661027093890906,48423,50122,92466
unet__scratch__resnet34__in_rover__seed1414__gpu_full__39bfa6f5__gitc188b320__codebebd8b2d__20260711T015842068985Z,msl_ncam_nlb_574078665edr_f0681626ncam07753m1,test_msl,sand,iou,,0,0,92466
unet__scratch__resnet34__in_rover__seed1414__gpu_full__39bfa6f5__gitc188b320__codebebd8b2d__20260711T015842068985Z,msl_ncam_nlb_574078665edr_f0681626ncam07753m1,test_msl,big_rock,iou,,0,0,92466
unet__scratch__resnet34__in_rover__seed1414__gpu_full__39bfa6f5__gitc188b320__codebebd8b2d__20260711T015842068985Z,msl_ncam_nlb_574078665edr_f0681626ncam07753m1,test_msl,ALL,pixel_acc,0.9816256786278199,0,0,92466
unet__scratch__resnet34__in_rover__seed1414__gpu_full__39bfa6f5__gitc188b320__codebebd8b2d__20260711T015842068985Z,msl_ncam_nlb_574078665edr_f0681626ncam07753m1,test_msl,ALL,boundary_f1,0.8686260305342708,0,0,92466
unet__scratch__resnet34__in_rover__seed1414__gpu_full__39bfa6f5__gitc188b320__codebebd8b2d__20260711T015842068985Z,msl_ncam_nlb_574078735edr_f0681626ncam07753m1,test_msl,soil,iou,0.0,0,2676,13225
unet__scratch__resnet34__in_rover__seed1414__gpu_full__39bfa6f5__gitc188b320__codebebd8b2d__20260711T015842068985Z,msl_ncam_nlb_574078735edr_f0681626ncam07753m1,test_msl,bedrock,iou,0.79765595463138,10549,13225,13225
unet__scratch__resnet34__in_rover__seed1414__gpu_full__39bfa6f5__gitc188b320__codebebd8b2d__20260711T015842068985Z,msl_ncam_nlb_574078735edr_f0681626ncam07753m1,test_msl,sand,iou,,0,0,13225
unet__scratch__resnet34__in_rover__seed1414__gpu_full__39bfa6f5__gitc188b320__codebebd8b2d__20260711T015842068985Z,msl_ncam_nlb_574078735edr_f0681626ncam07753m1,test_msl,big_rock,iou,,0,0,13225
unet__scratch__resnet34__in_rover__seed1414__gpu_full__39bfa6f5__gitc188b320__codebebd8b2d__20260711T015842068985Z,msl_ncam_nlb_574078735edr_f0681626ncam07753m1,test_msl,ALL,pixel_acc,0.79765595463138,0,0,13225
unet__scratch__resnet34__in_rover__seed1414__gpu_full__39bfa6f5__gitc188b320__codebebd8b2d__20260711T015842068985Z,msl_ncam_nlb_574078735edr_f0681626ncam07753m1,test_msl,ALL,boundary_f1,0.41077726507418144,0,0,13225
unet__scratch__resnet34__in_rover__seed1414__gpu_full__39bfa6f5__gitc188b320__codebebd8b2d__20260711T015842068985Z,msl_ncam_nlb_577080310edr_f0691768ncam00320m1,test_msl,soil,iou,1.0,118491,118491,118491
unet__scratch__resnet34__in_rover__seed1414__gpu_full__39bfa6f5__gitc188b320__codebebd8b2d__20260711T015842068985Z,msl_ncam_nlb_577080310edr_f0691768ncam00320m1,test_msl,bedrock,iou,,0,0,118491
unet__scratch__resnet34__in_rover__seed1414__gpu_full__39bfa6f5__gitc188b320__codebebd8b2d__20260711T015842068985Z,msl_ncam_nlb_577080310edr_f0691768ncam00320m1,test_msl,sand,iou,,0,0,118491
unet__scratch__resnet34__in_rover__seed1414__gpu_full__39bfa6f5__gitc188b320__codebebd8b2d__20260711T015842068985Z,msl_ncam_nlb_577080310edr_f0691768ncam00320m1,test_msl,big_rock,iou,,0,0,118491
unet__scratch__resnet34__in_rover__seed1414__gpu_full__39bfa6f5__gitc188b320__codebebd8b2d__20260711T015842068985Z,msl_ncam_nlb_577080310edr_f0691768ncam00320m1,test_msl,ALL,pixel_acc,1.0,0,0,118491
unet__scratch__resnet34__in_rover__seed1414__gpu_full__39bfa6f5__gitc188b320__codebebd8b2d__20260711T015842068985Z,msl_ncam_nlb_577080310edr_f0691768ncam00320m1,test_msl,ALL,boundary_f1,1.0,0,0,118491
unet__scratch__resnet34__in_rover__seed1414__gpu_full__39bfa6f5__gitc188b320__codebebd8b2d__20260711T015842068985Z,msl_ncam_nlb_577089308edr_f0691828ncam00379m1,test_msl,soil,iou,,0,0,0
unet__scratch__resnet34__in_rover__seed1414__gpu_full__39bfa6f5__gitc188b320__codebebd8b2d__20260711T015842068985Z,msl_ncam_nlb_577089308edr_f0691828ncam00379m1,test_msl,bedrock,iou,,0,0,0
unet__scratch__resnet34__in_rover__seed1414__gpu_full__39bfa6f5__gitc188b320__codebebd8b2d__20260711T015842068985Z,msl_ncam_nlb_577089308edr_f0691828ncam00379m1,test_msl,sand,iou,,0,0,0
unet__scratch__resnet34__in_rover__seed1414__gpu_full__39bfa6f5__gitc188b320__codebebd8b2d__20260711T015842068985Z,msl_ncam_nlb_577089308edr_f0691828ncam00379m1,test_msl,big_rock,iou,,0,0,0
unet__scratch__resnet34__in_rover__seed1414__gpu_full__39bfa6f5__gitc188b320__codebebd8b2d__20260711T015842068985Z,msl_ncam_nlb_577089308edr_f0691828ncam00379m1,test_msl,ALL,pixel_acc,,0,0,0
unet__scratch__resnet34__in_rover__seed1414__gpu_full__39bfa6f5__gitc188b320__codebebd8b2d__20260711T015842068985Z,msl_ncam_nlb_577089308edr_f0691828ncam00379m1,test_msl,ALL,boundary_f1,,0,0,0
unet__scratch__resnet34__in_rover__seed1414__gpu_full__39bfa6f5__gitc188b320__codebebd8b2d__20260711T015842068985Z,msl_ncam_nlb_577089970edr_f0691858ncam00286m1,test_msl,soil,iou,0.9964811260396673,21805,21882,99131
unet__scratch__resnet34__in_rover__seed1414__gpu_full__39bfa6f5__gitc188b320__codebebd8b2d__20260711T015842068985Z,msl_ncam_nlb_577089970edr_f0691858ncam00286m1,test_msl,bedrock,iou,0.9988479918079417,70231,70312,99131
unet__scratch__resnet34__in_rover__seed1414__gpu_full__39bfa6f5__gitc188b320__codebebd8b2d__20260711T015842068985Z,msl_ncam_nlb_577089970edr_f0691858ncam00286m1,test_msl,sand,iou,0.9994300370475919,7014,7018,99131
unet__scratch__resnet34__in_rover__seed1414__gpu_full__39bfa6f5__gitc188b320__codebebd8b2d__20260711T015842068985Z,msl_ncam_nlb_577089970edr_f0691858ncam00286m1,test_msl,big_rock,iou,,0,0,99131
unet__scratch__resnet34__in_rover__seed1414__gpu_full__39bfa6f5__gitc188b320__codebebd8b2d__20260711T015842068985Z,msl_ncam_nlb_577089970edr_f0691858ncam00286m1,test_msl,ALL,pixel_acc,0.9991828993957491,0,0,99131
unet__scratch__resnet34__in_rover__seed1414__gpu_full__39bfa6f5__gitc188b320__codebebd8b2d__20260711T015842068985Z,msl_ncam_nlb_577089970edr_f0691858ncam00286m1,test_msl,ALL,boundary_f1,0.9861431333830755,0,0,99131
unet__scratch__resnet34__in_rover__seed1414__gpu_full__39bfa6f5__gitc188b320__codebebd8b2d__20260711T015842068985Z,msl_ncam_nlb_577090033edr_f0691858ncam00286m1,test_msl,soil,iou,0.0,0,1144,49689
unet__scratch__resnet34__in_rover__seed1414__gpu_full__39bfa6f5__gitc188b320__codebebd8b2d__20260711T015842068985Z,msl_ncam_nlb_577090033edr_f0691858ncam00286m1,test_msl,bedrock,iou,0.9769767956690616,48545,49689,49689
unet__scratch__resnet34__in_rover__seed1414__gpu_full__39bfa6f5__gitc188b320__codebebd8b2d__20260711T015842068985Z,msl_ncam_nlb_577090033edr_f0691858ncam00286m1,test_msl,sand,iou,,0,0,49689
unet__scratch__resnet34__in_rover__seed1414__gpu_full__39bfa6f5__gitc188b320__codebebd8b2d__20260711T015842068985Z,msl_ncam_nlb_577090033edr_f0691858ncam00286m1,test_msl,big_rock,iou,,0,0,49689
unet__scratch__resnet34__in_rover__seed1414__gpu_full__39bfa6f5__gitc188b320__codebebd8b2d__20260711T015842068985Z,msl_ncam_nlb_577090033edr_f0691858ncam00286m1,test_msl,ALL,pixel_acc,0.9769767956690616,0,0,49689
unet__scratch__resnet34__in_rover__seed1414__gpu_full__39bfa6f5__gitc188b320__codebebd8b2d__20260711T015842068985Z,msl_ncam_nlb_577090033edr_f0691858ncam00286m1,test_msl,ALL,boundary_f1,0.4866857228825034,0,0,49689
unet__scratch__resnet34__in_rover__seed1414__gpu_full__39bfa6f5__gitc188b320__codebebd8b2d__20260711T015842068985Z,msl_ncam_nlb_577090148edr_f0691858ncam00286m1,test_msl,soil,iou,0.0,0,6250,7622
unet__scratch__resnet34__in_rover__seed1414__gpu_full__39bfa6f5__gitc188b320__codebebd8b2d__20260711T015842068985Z,msl_ncam_nlb_577090148edr_f0691858ncam00286m1,test_msl,bedrock,iou,0.180005247966413,1372,7622,7622
unet__scratch__resnet34__in_rover__seed1414__gpu_full__39bfa6f5__gitc188b320__codebebd8b2d__20260711T015842068985Z,msl_ncam_nlb_577090148edr_f0691858ncam00286m1,test_msl,sand,iou,,0,0,7622
unet__scratch__resnet34__in_rover__seed1414__gpu_full__39bfa6f5__gitc188b320__codebebd8b2d__20260711T015842068985Z,msl_ncam_nlb_577090148edr_f0691858ncam00286m1,test_msl,big_rock,iou,,0,0,7622
unet__scratch__resnet34__in_rover__seed1414__gpu_full__39bfa6f5__gitc188b320__codebebd8b2d__20260711T015842068985Z,msl_ncam_nlb_577090148edr_f0691858ncam00286m1,test_msl,ALL,pixel_acc,0.180005247966413,0,0,7622
unet__scratch__resnet34__in_rover__seed1414__gpu_full__39bfa6f5__gitc188b320__codebebd8b2d__20260711T015842068985Z,msl_ncam_nlb_577090148edr_f0691858ncam00286m1,test_msl,ALL,boundary_f1,0.24200426439232411,0,0,7622
unet__scratch__resnet34__in_rover__seed1414__gpu_full__39bfa6f5__gitc188b320__codebebd8b2d__20260711T015842068985Z,msl_ncam_nlb_577090437edr_f0691858ncam00312m1,test_msl,soil,iou,,0,0,91551
unet__scratch__resnet34__in_rover__seed1414__gpu_full__39bfa6f5__gitc188b320__codebebd8b2d__20260711T015842068985Z,msl_ncam_nlb_577090437edr_f0691858ncam00312m1,test_msl,bedrock,iou,0.0,0,7,91551
unet__scratch__resnet34__in_rover__seed1414__gpu_full__39bfa6f5__gitc188b320__codebebd8b2d__20260711T015842068985Z,msl_ncam_nlb_577090437edr_f0691858ncam00312m1,test_msl,sand,iou,0.9999235398848729,91544,91551,91551
unet__scratch__resnet34__in_rover__seed1414__gpu_full__39bfa6f5__gitc188b320__codebebd8b2d__20260711T015842068985Z,msl_ncam_nlb_577090437edr_f0691858ncam00312m1,test_msl,big_rock,iou,,0,0,91551
unet__scratch__resnet34__in_rover__seed1414__gpu_full__39bfa6f5__gitc188b320__codebebd8b2d__20260711T015842068985Z,msl_ncam_nlb_577090437edr_f0691858ncam00312m1,test_msl,ALL,pixel_acc,0.9999235398848729,0,0,91551
unet__scratch__resnet34__in_rover__seed1414__gpu_full__39bfa6f5__gitc188b320__codebebd8b2d__20260711T015842068985Z,msl_ncam_nlb_577090437edr_f0691858ncam00312m1,test_msl,ALL,boundary_f1,0.5,0,0,91551
unet__scratch__resnet34__in_rover__seed1414__gpu_full__39bfa6f5__gitc188b320__codebebd8b2d__20260711T015842068985Z,msl_ncam_nlb_577090635edr_f0691858ncam00287m1,test_msl,soil,iou,,0,0,29086
unet__scratch__resnet34__in_rover__seed1414__gpu_full__39bfa6f5__gitc188b320__codebebd8b2d__20260711T015842068985Z,msl_ncam_nlb_577090635edr_f0691858ncam00287m1,test_msl,bedrock,iou,0.5810207646031438,2994,5153,29086
unet__scratch__resnet34__in_rover__seed1414__gpu_full__39bfa6f5__gitc188b320__codebebd8b2d__20260711T015842068985Z,msl_ncam_nlb_577090635edr_f0691858ncam00287m1,test_msl,sand,iou,0.917254330829373,23933,26092,29086
unet__scratch__resnet34__in_rover__seed1414__gpu_full__39bfa6f5__gitc188b320__codebebd8b2d__20260711T015842068985Z,msl_ncam_nlb_577090635edr_f0691858ncam00287m1,test_msl,big_rock,iou,,0,0,29086
unet__scratch__resnet34__in_rover__seed1414__gpu_full__39bfa6f5__gitc188b320__codebebd8b2d__20260711T015842068985Z,msl_ncam_nlb_577090635edr_f0691858ncam00287m1,test_msl,ALL,pixel_acc,0.9257718489995187,0,0,29086
unet__scratch__resnet34__in_rover__seed1414__gpu_full__39bfa6f5__gitc188b320__codebebd8b2d__20260711T015842068985Z,msl_ncam_nlb_577090635edr_f0691858ncam00287m1,test_msl,ALL,boundary_f1,0.8324883230754139,0,0,29086
unet__scratch__resnet34__in_rover__seed1414__gpu_full__39bfa6f5__gitc188b320__codebebd8b2d__20260711T015842068985Z,msl_ncam_nlb_577090699edr_f0691858ncam00287m1,test_msl,soil,iou,,0,0,84812
unet__scratch__resnet34__in_rover__seed1414__gpu_full__39bfa6f5__gitc188b320__codebebd8b2d__20260711T015842068985Z,msl_ncam_nlb_577090699edr_f0691858ncam00287m1,test_msl,bedrock,iou,1.0,3640,3640,84812
unet__scratch__resnet34__in_rover__seed1414__gpu_full__39bfa6f5__gitc188b320__codebebd8b2d__20260711T015842068985Z,msl_ncam_nlb_577090699edr_f0691858ncam00287m1,test_msl,sand,iou,1.0,81172,81172,84812
unet__scratch__resnet34__in_rover__seed1414__gpu_full__39bfa6f5__gitc188b320__codebebd8b2d__20260711T015842068985Z,msl_ncam_nlb_577090699edr_f0691858ncam00287m1,test_msl,big_rock,iou,,0,0,84812
unet__scratch__resnet34__in_rover__seed1414__gpu_full__39bfa6f5__gitc188b320__codebebd8b2d__20260711T015842068985Z,msl_ncam_nlb_577090699edr_f0691858ncam00287m1,test_msl,ALL,pixel_acc,1.0,0,0,84812
unet__scratch__resnet34__in_rover__seed1414__gpu_full__39bfa6f5__gitc188b320__codebebd8b2d__20260711T015842068985Z,msl_ncam_nlb_577090699edr_f0691858ncam00287m1,test_msl,ALL,boundary_f1,1.0,0,0,84812
unet__scratch__resnet34__in_rover__seed1414__gpu_full__39bfa6f5__gitc188b320__codebebd8b2d__20260711T015842068985Z,msl_ncam_nlb_577090763edr_f0691858ncam00287m1,test_msl,soil,iou,0.9999562267454585,22844,22845,81680
unet__scratch__resnet34__in_rover__seed1414__gpu_full__39bfa6f5__gitc188b320__codebebd8b2d__20260711T015842068985Z,msl_ncam_nlb_577090763edr_f0691858ncam00287m1,test_msl,bedrock,iou,0.9999561461211244,22802,22803,81680
unet__scratch__resnet34__in_rover__seed1414__gpu_full__39bfa6f5__gitc188b320__codebebd8b2d__20260711T015842068985Z,msl_ncam_nlb_577090763edr_f0691858ncam00287m1,test_msl,sand,iou,1.0,36033,36033,81680
unet__scratch__resnet34__in_rover__seed1414__gpu_full__39bfa6f5__gitc188b320__codebebd8b2d__20260711T015842068985Z,msl_ncam_nlb_577090763edr_f0691858ncam00287m1,test_msl,big_rock,iou,,0,0,81680
unet__scratch__resnet34__in_rover__seed1414__gpu_full__39bfa6f5__gitc188b320__codebebd8b2d__20260711T015842068985Z,msl_ncam_nlb_577090763edr_f0691858ncam00287m1,test_msl,ALL,pixel_acc,0.9999877571008815,0,0,81680
unet__scratch__resnet34__in_rover__seed1414__gpu_full__39bfa6f5__gitc188b320__codebebd8b2d__20260711T015842068985Z,msl_ncam_nlb_577090763edr_f0691858ncam00287m1,test_msl,ALL,boundary_f1,0.9999073816800963,0,0,81680
unet__scratch__resnet34__in_rover__seed1414__gpu_full__39bfa6f5__gitc188b320__codebebd8b2d__20260711T015842068985Z,msl_ncam_nlb_577095146edr_f0691858ncam00376m1,test_msl,soil,iou,,0,0,131880
unet__scratch__resnet34__in_rover__seed1414__gpu_full__39bfa6f5__gitc188b320__codebebd8b2d__20260711T015842068985Z,msl_ncam_nlb_577095146edr_f0691858ncam00376m1,test_msl,bedrock,iou,,0,0,131880
unet__scratch__resnet34__in_rover__seed1414__gpu_full__39bfa6f5__gitc188b320__codebebd8b2d__20260711T015842068985Z,msl_ncam_nlb_577095146edr_f0691858ncam00376m1,test_msl,sand,iou,1.0,131880,131880,131880
unet__scratch__resnet34__in_rover__seed1414__gpu_full__39bfa6f5__gitc188b320__codebebd8b2d__20260711T015842068985Z,msl_ncam_nlb_577095146edr_f0691858ncam00376m1,test_msl,big_rock,iou,,0,0,131880
unet__scratch__resnet34__in_rover__seed1414__gpu_full__39bfa6f5__gitc188b320__codebebd8b2d__20260711T015842068985Z,msl_ncam_nlb_577095146edr_f0691858ncam00376m1,test_msl,ALL,pixel_acc,1.0,0,0,131880
unet__scratch__resnet34__in_rover__seed1414__gpu_full__39bfa6f5__gitc188b320__codebebd8b2d__20260711T015842068985Z,msl_ncam_nlb_577095146edr_f0691858ncam00376m1,test_msl,ALL,boundary_f1,1.0,0,0,131880
unet__scratch__resnet34__in_rover__seed1414__gpu_full__39bfa6f5__gitc188b320__codebebd8b2d__20260711T015842068985Z,msl_ncam_nlb_613564331edr_f0760274ncam00320m1,test_msl,soil,iou,1.0,100868,100868,100868
unet__scratch__resnet34__in_rover__seed1414__gpu_full__39bfa6f5__gitc188b320__codebebd8b2d__20260711T015842068985Z,msl_ncam_nlb_613564331edr_f0760274ncam00320m1,test_msl,bedrock,iou,,0,0,100868
unet__scratch__resnet34__in_rover__seed1414__gpu_full__39bfa6f5__gitc188b320__codebebd8b2d__20260711T015842068985Z,msl_ncam_nlb_613564331edr_f0760274ncam00320m1,test_msl,sand,iou,,0,0,100868
unet__scratch__resnet34__in_rover__seed1414__gpu_full__39bfa6f5__gitc188b320__codebebd8b2d__20260711T015842068985Z,msl_ncam_nlb_613564331edr_f0760274ncam00320m1,test_msl,big_rock,iou,,0,0,100868
unet__scratch__resnet34__in_rover__seed1414__gpu_full__39bfa6f5__gitc188b320__codebebd8b2d__20260711T015842068985Z,msl_ncam_nlb_613564331edr_f0760274ncam00320m1,test_msl,ALL,pixel_acc,1.0,0,0,100868
unet__scratch__resnet34__in_rover__seed1414__gpu_full__39bfa6f5__gitc188b320__codebebd8b2d__20260711T015842068985Z,msl_ncam_nlb_613564331edr_f0760274ncam00320m1,test_msl,ALL,boundary_f1,1.0,0,0,100868
unet__scratch__resnet34__in_rover__seed1414__gpu_full__39bfa6f5__gitc188b320__codebebd8b2d__20260711T015842068985Z,msl_ncam_nlb_613582793edr_f0760556ncam00385m1,test_msl,soil,iou,1.0,229198,229198,229198
unet__scratch__resnet34__in_rover__seed1414__gpu_full__39bfa6f5__gitc188b320__codebebd8b2d__20260711T015842068985Z,msl_ncam_nlb_613582793edr_f0760556ncam00385m1,test_msl,bedrock,iou,,0,0,229198
unet__scratch__resnet34__in_rover__seed1414__gpu_full__39bfa6f5__gitc188b320__codebebd8b2d__20260711T015842068985Z,msl_ncam_nlb_613582793edr_f0760556ncam00385m1,test_msl,sand,iou,,0,0,229198
unet__scratch__resnet34__in_rover__seed1414__gpu_full__39bfa6f5__gitc188b320__codebebd8b2d__20260711T015842068985Z,msl_ncam_nlb_613582793edr_f0760556ncam00385m1,test_msl,big_rock,iou,,0,0,229198
unet__scratch__resnet34__in_rover__seed1414__gpu_full__39bfa6f5__gitc188b320__codebebd8b2d__20260711T015842068985Z,msl_ncam_nlb_613582793edr_f0760556ncam00385m1,test_msl,ALL,pixel_acc,1.0,0,0,229198
unet__scratch__resnet34__in_rover__seed1414__gpu_full__39bfa6f5__gitc188b320__codebebd8b2d__20260711T015842068985Z,msl_ncam_nlb_613582793edr_f0760556ncam00385m1,test_msl,ALL,boundary_f1,1.0,0,0,229198
unet__scratch__resnet34__in_rover__seed1414__gpu_full__39bfa6f5__gitc188b320__codebebd8b2d__20260711T015842068985Z,msl_ncam_nlb_613583192edr_f0760568ncam00375m1,test_msl,soil,iou,1.0,148104,148104,148104
unet__scratch__resnet34__in_rover__seed1414__gpu_full__39bfa6f5__gitc188b320__codebebd8b2d__20260711T015842068985Z,msl_ncam_nlb_613583192edr_f0760568ncam00375m1,test_msl,bedrock,iou,,0,0,148104
unet__scratch__resnet34__in_rover__seed1414__gpu_full__39bfa6f5__gitc188b320__codebebd8b2d__20260711T015842068985Z,msl_ncam_nlb_613583192edr_f0760568ncam00375m1,test_msl,sand,iou,,0,0,148104
unet__scratch__resnet34__in_rover__seed1414__gpu_full__39bfa6f5__gitc188b320__codebebd8b2d__20260711T015842068985Z,msl_ncam_nlb_613583192edr_f0760568ncam00375m1,test_msl,big_rock,iou,,0,0,148104
unet__scratch__resnet34__in_rover__seed1414__gpu_full__39bfa6f5__gitc188b320__codebebd8b2d__20260711T015842068985Z,msl_ncam_nlb_613583192edr_f0760568ncam00375m1,test_msl,ALL,pixel_acc,1.0,0,0,148104
unet__scratch__resnet34__in_rover__seed1414__gpu_full__39bfa6f5__gitc188b320__codebebd8b2d__20260711T015842068985Z,msl_ncam_nlb_613583192edr_f0760568ncam00375m1,test_msl,ALL,boundary_f1,1.0,0,0,148104
unet__scratch__resnet34__in_rover__seed1414__gpu_full__39bfa6f5__gitc188b320__codebebd8b2d__20260711T015842068985Z,msl_ncam_nlb_613583340edr_f0760568ncam00280m1,test_msl,soil,iou,0.9971197149683252,239562,240254,240254
unet__scratch__resnet34__in_rover__seed1414__gpu_full__39bfa6f5__gitc188b320__codebebd8b2d__20260711T015842068985Z,msl_ncam_nlb_613583340edr_f0760568ncam00280m1,test_msl,bedrock,iou,,0,0,240254
unet__scratch__resnet34__in_rover__seed1414__gpu_full__39bfa6f5__gitc188b320__codebebd8b2d__20260711T015842068985Z,msl_ncam_nlb_613583340edr_f0760568ncam00280m1,test_msl,sand,iou,0.0,0,692,240254
unet__scratch__resnet34__in_rover__seed1414__gpu_full__39bfa6f5__gitc188b320__codebebd8b2d__20260711T015842068985Z,msl_ncam_nlb_613583340edr_f0760568ncam00280m1,test_msl,big_rock,iou,,0,0,240254
unet__scratch__resnet34__in_rover__seed1414__gpu_full__39bfa6f5__gitc188b320__codebebd8b2d__20260711T015842068985Z,msl_ncam_nlb_613583340edr_f0760568ncam00280m1,test_msl,ALL,pixel_acc,0.9971197149683252,0,0,240254
unet__scratch__resnet34__in_rover__seed1414__gpu_full__39bfa6f5__gitc188b320__codebebd8b2d__20260711T015842068985Z,msl_ncam_nlb_613583340edr_f0760568ncam00280m1,test_msl,ALL,boundary_f1,0.4842236024844721,0,0,240254
unet__scratch__resnet34__in_rover__seed1414__gpu_full__39bfa6f5__gitc188b320__codebebd8b2d__20260711T015842068985Z,msl_ncam_nlb_613583373edr_f0760568ncam00280m1,test_msl,soil,iou,1.0,197718,197718,197718
unet__scratch__resnet34__in_rover__seed1414__gpu_full__39bfa6f5__gitc188b320__codebebd8b2d__20260711T015842068985Z,msl_ncam_nlb_613583373edr_f0760568ncam00280m1,test_msl,bedrock,iou,,0,0,197718
unet__scratch__resnet34__in_rover__seed1414__gpu_full__39bfa6f5__gitc188b320__codebebd8b2d__20260711T015842068985Z,msl_ncam_nlb_613583373edr_f0760568ncam00280m1,test_msl,sand,iou,,0,0,197718
unet__scratch__resnet34__in_rover__seed1414__gpu_full__39bfa6f5__gitc188b320__codebebd8b2d__20260711T015842068985Z,msl_ncam_nlb_613583373edr_f0760568ncam00280m1,test_msl,big_rock,iou,,0,0,197718
unet__scratch__resnet34__in_rover__seed1414__gpu_full__39bfa6f5__gitc188b320__codebebd8b2d__20260711T015842068985Z,msl_ncam_nlb_613583373edr_f0760568ncam00280m1,test_msl,ALL,pixel_acc,1.0,0,0,197718
unet__scratch__resnet34__in_rover__seed1414__gpu_full__39bfa6f5__gitc188b320__codebebd8b2d__20260711T015842068985Z,msl_ncam_nlb_613583373edr_f0760568ncam00280m1,test_msl,ALL,boundary_f1,1.0,0,0,197718
unet__scratch__resnet34__in_rover__seed1414__gpu_full__39bfa6f5__gitc188b320__codebebd8b2d__20260711T015842068985Z,msl_ncam_nlb_613583763edr_f0760568ncam00354m1,test_msl,soil,iou,1.0,224188,224188,224188
unet__scratch__resnet34__in_rover__seed1414__gpu_full__39bfa6f5__gitc188b320__codebebd8b2d__20260711T015842068985Z,msl_ncam_nlb_613583763edr_f0760568ncam00354m1,test_msl,bedrock,iou,,0,0,224188
unet__scratch__resnet34__in_rover__seed1414__gpu_full__39bfa6f5__gitc188b320__codebebd8b2d__20260711T015842068985Z,msl_ncam_nlb_613583763edr_f0760568ncam00354m1,test_msl,sand,iou,,0,0,224188
unet__scratch__resnet34__in_rover__seed1414__gpu_full__39bfa6f5__gitc188b320__codebebd8b2d__20260711T015842068985Z,msl_ncam_nlb_613583763edr_f0760568ncam00354m1,test_msl,big_rock,iou,,0,0,224188
unet__scratch__resnet34__in_rover__seed1414__gpu_full__39bfa6f5__gitc188b320__codebebd8b2d__20260711T015842068985Z,msl_ncam_nlb_613583763edr_f0760568ncam00354m1,test_msl,ALL,pixel_acc,1.0,0,0,224188
unet__scratch__resnet34__in_rover__seed1414__gpu_full__39bfa6f5__gitc188b320__codebebd8b2d__20260711T015842068985Z,msl_ncam_nlb_613583763edr_f0760568ncam00354m1,test_msl,ALL,boundary_f1,1.0,0,0,224188
unet__scratch__resnet34__in_rover__seed1414__gpu_full__39bfa6f5__gitc188b320__codebebd8b2d__20260711T015842068985Z,msl_ncam_nlb_613583877edr_f0760568ncam00354m1,test_msl,soil,iou,1.0,156354,156354,156354
unet__scratch__resnet34__in_rover__seed1414__gpu_full__39bfa6f5__gitc188b320__codebebd8b2d__20260711T015842068985Z,msl_ncam_nlb_613583877edr_f0760568ncam00354m1,test_msl,bedrock,iou,,0,0,156354
unet__scratch__resnet34__in_rover__seed1414__gpu_full__39bfa6f5__gitc188b320__codebebd8b2d__20260711T015842068985Z,msl_ncam_nlb_613583877edr_f0760568ncam00354m1,test_msl,sand,iou,,0,0,156354
unet__scratch__resnet34__in_rover__seed1414__gpu_full__39bfa6f5__gitc188b320__codebebd8b2d__20260711T015842068985Z,msl_ncam_nlb_613583877edr_f0760568ncam00354m1,test_msl,big_rock,iou,,0,0,156354
unet__scratch__resnet34__in_rover__seed1414__gpu_full__39bfa6f5__gitc188b320__codebebd8b2d__20260711T015842068985Z,msl_ncam_nlb_613583877edr_f0760568ncam00354m1,test_msl,ALL,pixel_acc,1.0,0,0,156354
unet__scratch__resnet34__in_rover__seed1414__gpu_full__39bfa6f5__gitc188b320__codebebd8b2d__20260711T015842068985Z,msl_ncam_nlb_613583877edr_f0760568ncam00354m1,test_msl,ALL,boundary_f1,1.0,0,0,156354
unet__scratch__resnet34__in_rover__seed1414__gpu_full__39bfa6f5__gitc188b320__codebebd8b2d__20260711T015842068985Z,msl_ncam_nlb_613584057edr_f0760568ncam00281m1,test_msl,soil,iou,1.0,150118,150118,150118
unet__scratch__resnet34__in_rover__seed1414__gpu_full__39bfa6f5__gitc188b320__codebebd8b2d__20260711T015842068985Z,msl_ncam_nlb_613584057edr_f0760568ncam00281m1,test_msl,bedrock,iou,,0,0,150118
unet__scratch__resnet34__in_rover__seed1414__gpu_full__39bfa6f5__gitc188b320__codebebd8b2d__20260711T015842068985Z,msl_ncam_nlb_613584057edr_f0760568ncam00281m1,test_msl,sand,iou,,0,0,150118
unet__scratch__resnet34__in_rover__seed1414__gpu_full__39bfa6f5__gitc188b320__codebebd8b2d__20260711T015842068985Z,msl_ncam_nlb_613584057edr_f0760568ncam00281m1,test_msl,big_rock,iou,,0,0,150118
unet__scratch__resnet34__in_rover__seed1414__gpu_full__39bfa6f5__gitc188b320__codebebd8b2d__20260711T015842068985Z,msl_ncam_nlb_613584057edr_f0760568ncam00281m1,test_msl,ALL,pixel_acc,1.0,0,0,150118
unet__scratch__resnet34__in_rover__seed1414__gpu_full__39bfa6f5__gitc188b320__codebebd8b2d__20260711T015842068985Z,msl_ncam_nlb_613584057edr_f0760568ncam00281m1,test_msl,ALL,boundary_f1,1.0,0,0,150118
unet__scratch__resnet34__in_rover__seed1414__gpu_full__39bfa6f5__gitc188b320__codebebd8b2d__20260711T015842068985Z,msl_ncam_nlb_613584326edr_f0760568ncam00281m1,test_msl,soil,iou,0.8551719591667608,90809,106188,107819
unet__scratch__resnet34__in_rover__seed1414__gpu_full__39bfa6f5__gitc188b320__codebebd8b2d__20260711T015842068985Z,msl_ncam_nlb_613584326edr_f0760568ncam00281m1,test_msl,bedrock,iou,,0,0,107819
unet__scratch__resnet34__in_rover__seed1414__gpu_full__39bfa6f5__gitc188b320__codebebd8b2d__20260711T015842068985Z,msl_ncam_nlb_613584326edr_f0760568ncam00281m1,test_msl,sand,iou,0.09588477366255144,1631,17010,107819
unet__scratch__resnet34__in_rover__seed1414__gpu_full__39bfa6f5__gitc188b320__codebebd8b2d__20260711T015842068985Z,msl_ncam_nlb_613584326edr_f0760568ncam00281m1,test_msl,big_rock,iou,,0,0,107819
unet__scratch__resnet34__in_rover__seed1414__gpu_full__39bfa6f5__gitc188b320__codebebd8b2d__20260711T015842068985Z,msl_ncam_nlb_613584326edr_f0760568ncam00281m1,test_msl,ALL,pixel_acc,0.8573628024745175,0,0,107819
unet__scratch__resnet34__in_rover__seed1414__gpu_full__39bfa6f5__gitc188b320__codebebd8b2d__20260711T015842068985Z,msl_ncam_nlb_613584326edr_f0760568ncam00281m1,test_msl,ALL,boundary_f1,0.46899355330685744,0,0,107819
