run_id,name,split,scope,metric,value,inter,union,n_valid
unet__pretrained__resnet34__in_rover__seed1415__gpu_full__7ab4e19b__gitc188b320__codebebd8b2d__20260713T115339963731Z,msl_ncam_nla_409036068edr_f0051606ncam00348m1,test_msl,soil,iou,,0,0,0
unet__pretrained__resnet34__in_rover__seed1415__gpu_full__7ab4e19b__gitc188b320__codebebd8b2d__20260713T115339963731Z,msl_ncam_nla_409036068edr_f0051606ncam00348m1,test_msl,bedrock,iou,,0,0,0
unet__pretrained__resnet34__in_rover__seed1415__gpu_full__7ab4e19b__gitc188b320__codebebd8b2d__20260713T115339963731Z,msl_ncam_nla_409036068edr_f0051606ncam00348m1,test_msl,sand,iou,,0,0,0
unet__pretrained__resnet34__in_rover__seed1415__gpu_full__7ab4e19b__gitc188b320__codebebd8b2d__20260713T115339963731Z,msl_ncam_nla_409036068edr_f0051606ncam00348m1,test_msl,big_rock,iou,,0,0,0
unet__pretrained__resnet34__in_rover__seed1415__gpu_full__7ab4e19b__gitc188b320__codebebd8b2d__20260713T115339963731Z,msl_ncam_nla_409036068edr_f0051606ncam00348m1,test_msl,ALL,pixel_acc,,0,0,0
unet__pretrained__resnet34__in_rover__seed1415__gpu_full__7ab4e19b__gitc188b320__codebebd8b2d__20260713T115339963731Z,msl_ncam_nla_409036068edr_f0051606ncam00348m1,test_msl,ALL,boundary_f1,,0,0,0
unet__pretrained__resnet34__in_rover__seed1415__gpu_full__7ab4e19b__gitc188b320__codebebd8b2d__20260713T115339963731Z,msl_ncam_nla_409036116edr_f0051606ncam00348m1,test_msl,soil,iou,0.0,0,4482,123986
unet__pretrained__resnet34__in_rover__seed1415__gpu_full__7ab4e19b__gitc188b320__codebebd8b2d__20260713T115339963731Z,msl_ncam_nla_409036116edr_f0051606ncam00348m1,test_msl,bedrock,iou,0.9638507573435711,119504,123986,123986
unet__pretrained__resnet34__in_rover__seed1415__gpu_full__7ab4e19b__gitc188b320__codebebd8b2d__20260713T115339963731Z,msl_ncam_nla_409036116edr_f0051606ncam00348m1,test_msl,sand,iou,,0,0,123986
unet__pretrained__resnet34__in_rover__seed1415__gpu_full__7ab4e19b__gitc188b320__codebebd8b2d__20260713T115339963731Z,msl_ncam_nla_409036116edr_f0051606ncam00348m1,test_msl,big_rock,iou,,0,0,123986
unet__pretrained__resnet34__in_rover__seed1415__gpu_full__7ab4e19b__gitc188b320__codebebd8b2d__20260713T115339963731Z,msl_ncam_nla_409036116edr_f0051606ncam00348m1,test_msl,ALL,pixel_acc,0.9638507573435711,0,0,123986
unet__pretrained__resnet34__in_rover__seed1415__gpu_full__7ab4e19b__gitc188b320__codebebd8b2d__20260713T115339963731Z,msl_ncam_nla_409036116edr_f0051606ncam00348m1,test_msl,ALL,boundary_f1,0.4829444720232608,0,0,123986
unet__pretrained__resnet34__in_rover__seed1415__gpu_full__7ab4e19b__gitc188b320__codebebd8b2d__20260713T115339963731Z,msl_ncam_nla_409036860edr_f0051662ncam00346m1,test_msl,soil,iou,0.6593822488096691,5401,8191,22748
unet__pretrained__resnet34__in_rover__seed1415__gpu_full__7ab4e19b__gitc188b320__codebebd8b2d__20260713T115339963731Z,msl_ncam_nla_409036860edr_f0051662ncam00346m1,test_msl,bedrock,iou,0.8982279856066264,13230,14729,22748
unet__pretrained__resnet34__in_rover__seed1415__gpu_full__7ab4e19b__gitc188b320__codebebd8b2d__20260713T115339963731Z,msl_ncam_nla_409036860edr_f0051662ncam00346m1,test_msl,sand,iou,0.3432013769363167,997,2905,22748
unet__pretrained__resnet34__in_rover__seed1415__gpu_full__7ab4e19b__gitc188b320__codebebd8b2d__20260713T115339963731Z,msl_ncam_nla_409036860edr_f0051662ncam00346m1,test_msl,big_rock,iou,0.0,0,43,22748
unet__pretrained__resnet34__in_rover__seed1415__gpu_full__7ab4e19b__gitc188b320__codebebd8b2d__20260713T115339963731Z,msl_ncam_nla_409036860edr_f0051662ncam00346m1,test_msl,ALL,pixel_acc,0.8628450852822226,0,0,22748
unet__pretrained__resnet34__in_rover__seed1415__gpu_full__7ab4e19b__gitc188b320__codebebd8b2d__20260713T115339963731Z,msl_ncam_nla_409036860edr_f0051662ncam00346m1,test_msl,ALL,boundary_f1,0.541179267636948,0,0,22748
unet__pretrained__resnet34__in_rover__seed1415__gpu_full__7ab4e19b__gitc188b320__codebebd8b2d__20260713T115339963731Z,msl_ncam_nla_409036993edr_f0051662ncam05703m1,test_msl,soil,iou,,0,0,36839
unet__pretrained__resnet34__in_rover__seed1415__gpu_full__7ab4e19b__gitc188b320__codebebd8b2d__20260713T115339963731Z,msl_ncam_nla_409036993edr_f0051662ncam05703m1,test_msl,bedrock,iou,1.0,36839,36839,36839
unet__pretrained__resnet34__in_rover__seed1415__gpu_full__7ab4e19b__gitc188b320__codebebd8b2d__20260713T115339963731Z,msl_ncam_nla_409036993edr_f0051662ncam05703m1,test_msl,sand,iou,,0,0,36839
unet__pretrained__resnet34__in_rover__seed1415__gpu_full__7ab4e19b__gitc188b320__codebebd8b2d__20260713T115339963731Z,msl_ncam_nla_409036993edr_f0051662ncam05703m1,test_msl,big_rock,iou,,0,0,36839
unet__pretrained__resnet34__in_rover__seed1415__gpu_full__7ab4e19b__gitc188b320__codebebd8b2d__20260713T115339963731Z,msl_ncam_nla_409036993edr_f0051662ncam05703m1,test_msl,ALL,pixel_acc,1.0,0,0,36839
unet__pretrained__resnet34__in_rover__seed1415__gpu_full__7ab4e19b__gitc188b320__codebebd8b2d__20260713T115339963731Z,msl_ncam_nla_409036993edr_f0051662ncam05703m1,test_msl,ALL,boundary_f1,1.0,0,0,36839
unet__pretrained__resnet34__in_rover__seed1415__gpu_full__7ab4e19b__gitc188b320__codebebd8b2d__20260713T115339963731Z,msl_ncam_nla_409037112edr_f0051662ncam05703m1,test_msl,soil,iou,,0,0,88991
unet__pretrained__resnet34__in_rover__seed1415__gpu_full__7ab4e19b__gitc188b320__codebebd8b2d__20260713T115339963731Z,msl_ncam_nla_409037112edr_f0051662ncam05703m1,test_msl,bedrock,iou,1.0,88991,88991,88991
unet__pretrained__resnet34__in_rover__seed1415__gpu_full__7ab4e19b__gitc188b320__codebebd8b2d__20260713T115339963731Z,msl_ncam_nla_409037112edr_f0051662ncam05703m1,test_msl,sand,iou,,0,0,88991
unet__pretrained__resnet34__in_rover__seed1415__gpu_full__7ab4e19b__gitc188b320__codebebd8b2d__20260713T115339963731Z,msl_ncam_nla_409037112edr_f0051662ncam05703m1,test_msl,big_rock,iou,,0,0,88991
unet__pretrained__resnet34__in_rover__seed1415__gpu_full__7ab4e19b__gitc188b320__codebebd8b2d__20260713T115339963731Z,msl_ncam_nla_409037112edr_f0051662ncam05703m1,test_msl,ALL,pixel_acc,1.0,0,0,88991
unet__pretrained__resnet34__in_rover__seed1415__gpu_full__7ab4e19b__gitc188b320__codebebd8b2d__20260713T115339963731Z,msl_ncam_nla_409037112edr_f0051662ncam05703m1,test_msl,ALL,boundary_f1,1.0,0,0,88991
unet__pretrained__resnet34__in_rover__seed1415__gpu_full__7ab4e19b__gitc188b320__codebebd8b2d__20260713T115339963731Z,msl_ncam_nla_601414440edr_f0731482ncam00375m1,test_msl,soil,iou,,0,0,0
unet__pretrained__resnet34__in_rover__seed1415__gpu_full__7ab4e19b__gitc188b320__codebebd8b2d__20260713T115339963731Z,msl_ncam_nla_601414440edr_f0731482ncam00375m1,test_msl,bedrock,iou,,0,0,0
unet__pretrained__resnet34__in_rover__seed1415__gpu_full__7ab4e19b__gitc188b320__codebebd8b2d__20260713T115339963731Z,msl_ncam_nla_601414440edr_f0731482ncam00375m1,test_msl,sand,iou,,0,0,0
unet__pretrained__resnet34__in_rover__seed1415__gpu_full__7ab4e19b__gitc188b320__codebebd8b2d__20260713T115339963731Z,msl_ncam_nla_601414440edr_f0731482ncam00375m1,test_msl,big_rock,iou,,0,0,0
unet__pretrained__resnet34__in_rover__seed1415__gpu_full__7ab4e19b__gitc188b320__codebebd8b2d__20260713T115339963731Z,msl_ncam_nla_601414440edr_f0731482ncam00375m1,test_msl,ALL,pixel_acc,,0,0,0
unet__pretrained__resnet34__in_rover__seed1415__gpu_full__7ab4e19b__gitc188b320__codebebd8b2d__20260713T115339963731Z,msl_ncam_nla_601414440edr_f0731482ncam00375m1,test_msl,ALL,boundary_f1,,0,0,0
unet__pretrained__resnet34__in_rover__seed1415__gpu_full__7ab4e19b__gitc188b320__codebebd8b2d__20260713T115339963731Z,msl_ncam_nla_601414568edr_f0731482ncam00253m1,test_msl,soil,iou,1.0,124196,124196,124196
unet__pretrained__resnet34__in_rover__seed1415__gpu_full__7ab4e19b__gitc188b320__codebebd8b2d__20260713T115339963731Z,msl_ncam_nla_601414568edr_f0731482ncam00253m1,test_msl,bedrock,iou,,0,0,124196
unet__pretrained__resnet34__in_rover__seed1415__gpu_full__7ab4e19b__gitc188b320__codebebd8b2d__20260713T115339963731Z,msl_ncam_nla_601414568edr_f0731482ncam00253m1,test_msl,sand,iou,,0,0,124196
unet__pretrained__resnet34__in_rover__seed1415__gpu_full__7ab4e19b__gitc188b320__codebebd8b2d__20260713T115339963731Z,msl_ncam_nla_601414568edr_f0731482ncam00253m1,test_msl,big_rock,iou,,0,0,124196
unet__pretrained__resnet34__in_rover__seed1415__gpu_full__7ab4e19b__gitc188b320__codebebd8b2d__20260713T115339963731Z,msl_ncam_nla_601414568edr_f0731482ncam00253m1,test_msl,ALL,pixel_acc,1.0,0,0,124196
unet__pretrained__resnet34__in_rover__seed1415__gpu_full__7ab4e19b__gitc188b320__codebebd8b2d__20260713T115339963731Z,msl_ncam_nla_601414568edr_f0731482ncam00253m1,test_msl,ALL,boundary_f1,1.0,0,0,124196
unet__pretrained__resnet34__in_rover__seed1415__gpu_full__7ab4e19b__gitc188b320__codebebd8b2d__20260713T115339963731Z,msl_ncam_nla_601414993edr_f0731482ncam00254m1,test_msl,soil,iou,0.6835996407814697,80688,118034,118034
unet__pretrained__resnet34__in_rover__seed1415__gpu_full__7ab4e19b__gitc188b320__codebebd8b2d__20260713T115339963731Z,msl_ncam_nla_601414993edr_f0731482ncam00254m1,test_msl,bedrock,iou,0.0,0,37346,118034
unet__pretrained__resnet34__in_rover__seed1415__gpu_full__7ab4e19b__gitc188b320__codebebd8b2d__20260713T115339963731Z,msl_ncam_nla_601414993edr_f0731482ncam00254m1,test_msl,sand,iou,,0,0,118034
unet__pretrained__resnet34__in_rover__seed1415__gpu_full__7ab4e19b__gitc188b320__codebebd8b2d__20260713T115339963731Z,msl_ncam_nla_601414993edr_f0731482ncam00254m1,test_msl,big_rock,iou,,0,0,118034
unet__pretrained__resnet34__in_rover__seed1415__gpu_full__7ab4e19b__gitc188b320__codebebd8b2d__20260713T115339963731Z,msl_ncam_nla_601414993edr_f0731482ncam00254m1,test_msl,ALL,pixel_acc,0.6835996407814697,0,0,118034
unet__pretrained__resnet34__in_rover__seed1415__gpu_full__7ab4e19b__gitc188b320__codebebd8b2d__20260713T115339963731Z,msl_ncam_nla_601414993edr_f0731482ncam00254m1,test_msl,ALL,boundary_f1,0.41025641025641024,0,0,118034
unet__pretrained__resnet34__in_rover__seed1415__gpu_full__7ab4e19b__gitc188b320__codebebd8b2d__20260713T115339963731Z,msl_ncam_nla_601415225edr_f0731482ncam00254m1,test_msl,soil,iou,1.0,84983,84983,84983
unet__pretrained__resnet34__in_rover__seed1415__gpu_full__7ab4e19b__gitc188b320__codebebd8b2d__20260713T115339963731Z,msl_ncam_nla_601415225edr_f0731482ncam00254m1,test_msl,bedrock,iou,,0,0,84983
unet__pretrained__resnet34__in_rover__seed1415__gpu_full__7ab4e19b__gitc188b320__codebebd8b2d__20260713T115339963731Z,msl_ncam_nla_601415225edr_f0731482ncam00254m1,test_msl,sand,iou,,0,0,84983
unet__pretrained__resnet34__in_rover__seed1415__gpu_full__7ab4e19b__gitc188b320__codebebd8b2d__20260713T115339963731Z,msl_ncam_nla_601415225edr_f0731482ncam00254m1,test_msl,big_rock,iou,,0,0,84983
unet__pretrained__resnet34__in_rover__seed1415__gpu_full__7ab4e19b__gitc188b320__codebebd8b2d__20260713T115339963731Z,msl_ncam_nla_601415225edr_f0731482ncam00254m1,test_msl,ALL,pixel_acc,1.0,0,0,84983
unet__pretrained__resnet34__in_rover__seed1415__gpu_full__7ab4e19b__gitc188b320__codebebd8b2d__20260713T115339963731Z,msl_ncam_nla_601415225edr_f0731482ncam00254m1,test_msl,ALL,boundary_f1,1.0,0,0,84983
unet__pretrained__resnet34__in_rover__seed1415__gpu_full__7ab4e19b__gitc188b320__codebebd8b2d__20260713T115339963731Z,msl_ncam_nla_601421002edr_f0731482ccam05295m1,test_msl,soil,iou,1.0,146635,146635,146635
unet__pretrained__resnet34__in_rover__seed1415__gpu_full__7ab4e19b__gitc188b320__codebebd8b2d__20260713T115339963731Z,msl_ncam_nla_601421002edr_f0731482ccam05295m1,test_msl,bedrock,iou,,0,0,146635
unet__pretrained__resnet34__in_rover__seed1415__gpu_full__7ab4e19b__gitc188b320__codebebd8b2d__20260713T115339963731Z,msl_ncam_nla_601421002edr_f0731482ccam05295m1,test_msl,sand,iou,,0,0,146635
unet__pretrained__resnet34__in_rover__seed1415__gpu_full__7ab4e19b__gitc188b320__codebebd8b2d__20260713T115339963731Z,msl_ncam_nla_601421002edr_f0731482ccam05295m1,test_msl,big_rock,iou,,0,0,146635
unet__pretrained__resnet34__in_rover__seed1415__gpu_full__7ab4e19b__gitc188b320__codebebd8b2d__20260713T115339963731Z,msl_ncam_nla_601421002edr_f0731482ccam05295m1,test_msl,ALL,pixel_acc,1.0,0,0,146635
unet__pretrained__resnet34__in_rover__seed1415__gpu_full__7ab4e19b__gitc188b320__codebebd8b2d__20260713T115339963731Z,msl_ncam_nla_601421002edr_f0731482ccam05295m1,test_msl,ALL,boundary_f1,1.0,0,0,146635
unet__pretrained__resnet34__in_rover__seed1415__gpu_full__7ab4e19b__gitc188b320__codebebd8b2d__20260713T115339963731Z,msl_ncam_nla_602651352edr_f0732676ncam00207m1,test_msl,soil,iou,1.0,115704,115704,115704
unet__pretrained__resnet34__in_rover__seed1415__gpu_full__7ab4e19b__gitc188b320__codebebd8b2d__20260713T115339963731Z,msl_ncam_nla_602651352edr_f0732676ncam00207m1,test_msl,bedrock,iou,,0,0,115704
unet__pretrained__resnet34__in_rover__seed1415__gpu_full__7ab4e19b__gitc188b320__codebebd8b2d__20260713T115339963731Z,msl_ncam_nla_602651352edr_f0732676ncam00207m1,test_msl,sand,iou,,0,0,115704
unet__pretrained__resnet34__in_rover__seed1415__gpu_full__7ab4e19b__gitc188b320__codebebd8b2d__20260713T115339963731Z,msl_ncam_nla_602651352edr_f0732676ncam00207m1,test_msl,big_rock,iou,,0,0,115704
unet__pretrained__resnet34__in_rover__seed1415__gpu_full__7ab4e19b__gitc188b320__codebebd8b2d__20260713T115339963731Z,msl_ncam_nla_602651352edr_f0732676ncam00207m1,test_msl,ALL,pixel_acc,1.0,0,0,115704
unet__pretrained__resnet34__in_rover__seed1415__gpu_full__7ab4e19b__gitc188b320__codebebd8b2d__20260713T115339963731Z,msl_ncam_nla_602651352edr_f0732676ncam00207m1,test_msl,ALL,boundary_f1,1.0,0,0,115704
unet__pretrained__resnet34__in_rover__seed1415__gpu_full__7ab4e19b__gitc188b320__codebebd8b2d__20260713T115339963731Z,msl_ncam_nla_602657189edr_f0732688ncam00382m1,test_msl,soil,iou,1.0,113944,113944,113944
unet__pretrained__resnet34__in_rover__seed1415__gpu_full__7ab4e19b__gitc188b320__codebebd8b2d__20260713T115339963731Z,msl_ncam_nla_602657189edr_f0732688ncam00382m1,test_msl,bedrock,iou,,0,0,113944
unet__pretrained__resnet34__in_rover__seed1415__gpu_full__7ab4e19b__gitc188b320__codebebd8b2d__20260713T115339963731Z,msl_ncam_nla_602657189edr_f0732688ncam00382m1,test_msl,sand,iou,,0,0,113944
unet__pretrained__resnet34__in_rover__seed1415__gpu_full__7ab4e19b__gitc188b320__codebebd8b2d__20260713T115339963731Z,msl_ncam_nla_602657189edr_f0732688ncam00382m1,test_msl,big_rock,iou,,0,0,113944
unet__pretrained__resnet34__in_rover__seed1415__gpu_full__7ab4e19b__gitc188b320__codebebd8b2d__20260713T115339963731Z,msl_ncam_nla_602657189edr_f0732688ncam00382m1,test_msl,ALL,pixel_acc,1.0,0,0,113944
unet__pretrained__resnet34__in_rover__seed1415__gpu_full__7ab4e19b__gitc188b320__codebebd8b2d__20260713T115339963731Z,msl_ncam_nla_602657189edr_f0732688ncam00382m1,test_msl,ALL,boundary_f1,1.0,0,0,113944
unet__pretrained__resnet34__in_rover__seed1415__gpu_full__7ab4e19b__gitc188b320__codebebd8b2d__20260713T115339963731Z,msl_ncam_nla_602664101edr_f0732958ncam00375m1,test_msl,soil,iou,1.0,167623,167623,167623
unet__pretrained__resnet34__in_rover__seed1415__gpu_full__7ab4e19b__gitc188b320__codebebd8b2d__20260713T115339963731Z,msl_ncam_nla_602664101edr_f0732958ncam00375m1,test_msl,bedrock,iou,,0,0,167623
unet__pretrained__resnet34__in_rover__seed1415__gpu_full__7ab4e19b__gitc188b320__codebebd8b2d__20260713T115339963731Z,msl_ncam_nla_602664101edr_f0732958ncam00375m1,test_msl,sand,iou,,0,0,167623
unet__pretrained__resnet34__in_rover__seed1415__gpu_full__7ab4e19b__gitc188b320__codebebd8b2d__20260713T115339963731Z,msl_ncam_nla_602664101edr_f0732958ncam00375m1,test_msl,big_rock,iou,,0,0,167623
unet__pretrained__resnet34__in_rover__seed1415__gpu_full__7ab4e19b__gitc188b320__codebebd8b2d__20260713T115339963731Z,msl_ncam_nla_602664101edr_f0732958ncam00375m1,test_msl,ALL,pixel_acc,1.0,0,0,167623
unet__pretrained__resnet34__in_rover__seed1415__gpu_full__7ab4e19b__gitc188b320__codebebd8b2d__20260713T115339963731Z,msl_ncam_nla_602664101edr_f0732958ncam00375m1,test_msl,ALL,boundary_f1,1.0,0,0,167623
unet__pretrained__resnet34__in_rover__seed1415__gpu_full__7ab4e19b__gitc188b320__codebebd8b2d__20260713T115339963731Z,msl_ncam_nla_602664178edr_f0732958ncam00271m1,test_msl,soil,iou,1.0,81139,81139,81139
unet__pretrained__resnet34__in_rover__seed1415__gpu_full__7ab4e19b__gitc188b320__codebebd8b2d__20260713T115339963731Z,msl_ncam_nla_602664178edr_f0732958ncam00271m1,test_msl,bedrock,iou,,0,0,81139
unet__pretrained__resnet34__in_rover__seed1415__gpu_full__7ab4e19b__gitc188b320__codebebd8b2d__20260713T115339963731Z,msl_ncam_nla_602664178edr_f0732958ncam00271m1,test_msl,sand,iou,,0,0,81139
unet__pretrained__resnet34__in_rover__seed1415__gpu_full__7ab4e19b__gitc188b320__codebebd8b2d__20260713T115339963731Z,msl_ncam_nla_602664178edr_f0732958ncam00271m1,test_msl,big_rock,iou,,0,0,81139
unet__pretrained__resnet34__in_rover__seed1415__gpu_full__7ab4e19b__gitc188b320__codebebd8b2d__20260713T115339963731Z,msl_ncam_nla_602664178edr_f0732958ncam00271m1,test_msl,ALL,pixel_acc,1.0,0,0,81139
unet__pretrained__resnet34__in_rover__seed1415__gpu_full__7ab4e19b__gitc188b320__codebebd8b2d__20260713T115339963731Z,msl_ncam_nla_602664178edr_f0732958ncam00271m1,test_msl,ALL,boundary_f1,1.0,0,0,81139
unet__pretrained__resnet34__in_rover__seed1415__gpu_full__7ab4e19b__gitc188b320__codebebd8b2d__20260713T115339963731Z,msl_ncam_nla_602664242edr_f0732958ncam00271m1,test_msl,soil,iou,1.0,137437,137437,137437
unet__pretrained__resnet34__in_rover__seed1415__gpu_full__7ab4e19b__gitc188b320__codebebd8b2d__20260713T115339963731Z,msl_ncam_nla_602664242edr_f0732958ncam00271m1,test_msl,bedrock,iou,,0,0,137437
unet__pretrained__resnet34__in_rover__seed1415__gpu_full__7ab4e19b__gitc188b320__codebebd8b2d__20260713T115339963731Z,msl_ncam_nla_602664242edr_f0732958ncam00271m1,test_msl,sand,iou,,0,0,137437
unet__pretrained__resnet34__in_rover__seed1415__gpu_full__7ab4e19b__gitc188b320__codebebd8b2d__20260713T115339963731Z,msl_ncam_nla_602664242edr_f0732958ncam00271m1,test_msl,big_rock,iou,,0,0,137437
unet__pretrained__resnet34__in_rover__seed1415__gpu_full__7ab4e19b__gitc188b320__codebebd8b2d__20260713T115339963731Z,msl_ncam_nla_602664242edr_f0732958ncam00271m1,test_msl,ALL,pixel_acc,1.0,0,0,137437
unet__pretrained__resnet34__in_rover__seed1415__gpu_full__7ab4e19b__gitc188b320__codebebd8b2d__20260713T115339963731Z,msl_ncam_nla_602664242edr_f0732958ncam00271m1,test_msl,ALL,boundary_f1,1.0,0,0,137437
unet__pretrained__resnet34__in_rover__seed1415__gpu_full__7ab4e19b__gitc188b320__codebebd8b2d__20260713T115339963731Z,msl_ncam_nla_602664684edr_f0732958ncam00312m1,test_msl,soil,iou,1.0,236351,236351,236351
unet__pretrained__resnet34__in_rover__seed1415__gpu_full__7ab4e19b__gitc188b320__codebebd8b2d__20260713T115339963731Z,msl_ncam_nla_602664684edr_f0732958ncam00312m1,test_msl,bedrock,iou,,0,0,236351
unet__pretrained__resnet34__in_rover__seed1415__gpu_full__7ab4e19b__gitc188b320__codebebd8b2d__20260713T115339963731Z,msl_ncam_nla_602664684edr_f0732958ncam00312m1,test_msl,sand,iou,,0,0,236351
unet__pretrained__resnet34__in_rover__seed1415__gpu_full__7ab4e19b__gitc188b320__codebebd8b2d__20260713T115339963731Z,msl_ncam_nla_602664684edr_f0732958ncam00312m1,test_msl,big_rock,iou,,0,0,236351
unet__pretrained__resnet34__in_rover__seed1415__gpu_full__7ab4e19b__gitc188b320__codebebd8b2d__20260713T115339963731Z,msl_ncam_nla_602664684edr_f0732958ncam00312m1,test_msl,ALL,pixel_acc,1.0,0,0,236351
unet__pretrained__resnet34__in_rover__seed1415__gpu_full__7ab4e19b__gitc188b320__codebebd8b2d__20260713T115339963731Z,msl_ncam_nla_602664684edr_f0732958ncam00312m1,test_msl,ALL,boundary_f1,1.0,0,0,236351
unet__pretrained__resnet34__in_rover__seed1415__gpu_full__7ab4e19b__gitc188b320__codebebd8b2d__20260713T115339963731Z,msl_ncam_nla_602664993edr_f0732958ncam00272m1,test_msl,soil,iou,1.0,59718,59718,59718
unet__pretrained__resnet34__in_rover__seed1415__gpu_full__7ab4e19b__gitc188b320__codebebd8b2d__20260713T115339963731Z,msl_ncam_nla_602664993edr_f0732958ncam00272m1,test_msl,bedrock,iou,,0,0,59718
unet__pretrained__resnet34__in_rover__seed1415__gpu_full__7ab4e19b__gitc188b320__codebebd8b2d__20260713T115339963731Z,msl_ncam_nla_602664993edr_f0732958ncam00272m1,test_msl,sand,iou,,0,0,59718
unet__pretrained__resnet34__in_rover__seed1415__gpu_full__7ab4e19b__gitc188b320__codebebd8b2d__20260713T115339963731Z,msl_ncam_nla_602664993edr_f0732958ncam00272m1,test_msl,big_rock,iou,,0,0,59718
unet__pretrained__resnet34__in_rover__seed1415__gpu_full__7ab4e19b__gitc188b320__codebebd8b2d__20260713T115339963731Z,msl_ncam_nla_602664993edr_f0732958ncam00272m1,test_msl,ALL,pixel_acc,1.0,0,0,59718
unet__pretrained__resnet34__in_rover__seed1415__gpu_full__7ab4e19b__gitc188b320__codebebd8b2d__20260713T115339963731Z,msl_ncam_nla_602664993edr_f0732958ncam00272m1,test_msl,ALL,boundary_f1,1.0,0,0,59718
unet__pretrained__resnet34__in_rover__seed1415__gpu_full__7ab4e19b__gitc188b320__codebebd8b2d__20260713T115339963731Z,msl_ncam_nla_602665055edr_f0732958ncam00272m1,test_msl,soil,iou,1.0,83469,83469,83469
unet__pretrained__resnet34__in_rover__seed1415__gpu_full__7ab4e19b__gitc188b320__codebebd8b2d__20260713T115339963731Z,msl_ncam_nla_602665055edr_f0732958ncam00272m1,test_msl,bedrock,iou,,0,0,83469
unet__pretrained__resnet34__in_rover__seed1415__gpu_full__7ab4e19b__gitc188b320__codebebd8b2d__20260713T115339963731Z,msl_ncam_nla_602665055edr_f0732958ncam00272m1,test_msl,sand,iou,,0,0,83469
unet__pretrained__resnet34__in_rover__seed1415__gpu_full__7ab4e19b__gitc188b320__codebebd8b2d__20260713T115339963731Z,msl_ncam_nla_602665055edr_f0732958ncam00272m1,test_msl,big_rock,iou,,0,0,83469
unet__pretrained__resnet34__in_rover__seed1415__gpu_full__7ab4e19b__gitc188b320__codebebd8b2d__20260713T115339963731Z,msl_ncam_nla_602665055edr_f0732958ncam00272m1,test_msl,ALL,pixel_acc,1.0,0,0,83469
unet__pretrained__resnet34__in_rover__seed1415__gpu_full__7ab4e19b__gitc188b320__codebebd8b2d__20260713T115339963731Z,msl_ncam_nla_602665055edr_f0732958ncam00272m1,test_msl,ALL,boundary_f1,1.0,0,0,83469
unet__pretrained__resnet34__in_rover__seed1415__gpu_full__7ab4e19b__gitc188b320__codebebd8b2d__20260713T115339963731Z,msl_ncam_nlb_427501146edr_f0080590ncam00385m1,test_msl,soil,iou,1.0,221229,221229,221229
unet__pretrained__resnet34__in_rover__seed1415__gpu_full__7ab4e19b__gitc188b320__codebebd8b2d__20260713T115339963731Z,msl_ncam_nlb_427501146edr_f0080590ncam00385m1,test_msl,bedrock,iou,,0,0,221229
unet__pretrained__resnet34__in_rover__seed1415__gpu_full__7ab4e19b__gitc188b320__codebebd8b2d__20260713T115339963731Z,msl_ncam_nlb_427501146edr_f0080590ncam00385m1,test_msl,sand,iou,,0,0,221229
unet__pretrained__resnet34__in_rover__seed1415__gpu_full__7ab4e19b__gitc188b320__codebebd8b2d__20260713T115339963731Z,msl_ncam_nlb_427501146edr_f0080590ncam00385m1,test_msl,big_rock,iou,,0,0,221229
unet__pretrained__resnet34__in_rover__seed1415__gpu_full__7ab4e19b__gitc188b320__codebebd8b2d__20260713T115339963731Z,msl_ncam_nlb_427501146edr_f0080590ncam00385m1,test_msl,ALL,pixel_acc,1.0,0,0,221229
unet__pretrained__resnet34__in_rover__seed1415__gpu_full__7ab4e19b__gitc188b320__codebebd8b2d__20260713T115339963731Z,msl_ncam_nlb_427501146edr_f0080590ncam00385m1,test_msl,ALL,boundary_f1,1.0,0,0,221229
unet__pretrained__resnet34__in_rover__seed1415__gpu_full__7ab4e19b__gitc188b320__codebebd8b2d__20260713T115339963731Z,msl_ncam_nlb_427503509edr_f0080610ncam00253m1,test_msl,soil,iou,1.0,91532,91532,91532
unet__pretrained__resnet34__in_rover__seed1415__gpu_full__7ab4e19b__gitc188b320__codebebd8b2d__20260713T115339963731Z,msl_ncam_nlb_427503509edr_f0080610ncam00253m1,test_msl,bedrock,iou,,0,0,91532
unet__pretrained__resnet34__in_rover__seed1415__gpu_full__7ab4e19b__gitc188b320__codebebd8b2d__20260713T115339963731Z,msl_ncam_nlb_427503509edr_f0080610ncam00253m1,test_msl,sand,iou,,0,0,91532
unet__pretrained__resnet34__in_rover__seed1415__gpu_full__7ab4e19b__gitc188b320__codebebd8b2d__20260713T115339963731Z,msl_ncam_nlb_427503509edr_f0080610ncam00253m1,test_msl,big_rock,iou,,0,0,91532
unet__pretrained__resnet34__in_rover__seed1415__gpu_full__7ab4e19b__gitc188b320__codebebd8b2d__20260713T115339963731Z,msl_ncam_nlb_427503509edr_f0080610ncam00253m1,test_msl,ALL,pixel_acc,1.0,0,0,91532
unet__pretrained__resnet34__in_rover__seed1415__gpu_full__7ab4e19b__gitc188b320__codebebd8b2d__20260713T115339963731Z,msl_ncam_nlb_427503509edr_f0080610ncam00253m1,test_msl,ALL,boundary_f1,1.0,0,0,91532
unet__pretrained__resnet34__in_rover__seed1415__gpu_full__7ab4e19b__gitc188b320__codebebd8b2d__20260713T115339963731Z,msl_ncam_nlb_427503571edr_f0080610ncam00253m1,test_msl,soil,iou,1.0,70082,70082,70082
unet__pretrained__resnet34__in_rover__seed1415__gpu_full__7ab4e19b__gitc188b320__codebebd8b2d__20260713T115339963731Z,msl_ncam_nlb_427503571edr_f0080610ncam00253m1,test_msl,bedrock,iou,,0,0,70082
unet__pretrained__resnet34__in_rover__seed1415__gpu_full__7ab4e19b__gitc188b320__codebebd8b2d__20260713T115339963731Z,msl_ncam_nlb_427503571edr_f0080610ncam00253m1,test_msl,sand,iou,,0,0,70082
unet__pretrained__resnet34__in_rover__seed1415__gpu_full__7ab4e19b__gitc188b320__codebebd8b2d__20260713T115339963731Z,msl_ncam_nlb_427503571edr_f0080610ncam00253m1,test_msl,big_rock,iou,,0,0,70082
unet__pretrained__resnet34__in_rover__seed1415__gpu_full__7ab4e19b__gitc188b320__codebebd8b2d__20260713T115339963731Z,msl_ncam_nlb_427503571edr_f0080610ncam00253m1,test_msl,ALL,pixel_acc,1.0,0,0,70082
unet__pretrained__resnet34__in_rover__seed1415__gpu_full__7ab4e19b__gitc188b320__codebebd8b2d__20260713T115339963731Z,msl_ncam_nlb_427503571edr_f0080610ncam00253m1,test_msl,ALL,boundary_f1,1.0,0,0,70082
unet__pretrained__resnet34__in_rover__seed1415__gpu_full__7ab4e19b__gitc188b320__codebebd8b2d__20260713T115339963731Z,msl_ncam_nlb_428295522edr_f0100474ncam00385m1,test_msl,soil,iou,1.0,233287,233287,233287
unet__pretrained__resnet34__in_rover__seed1415__gpu_full__7ab4e19b__gitc188b320__codebebd8b2d__20260713T115339963731Z,msl_ncam_nlb_428295522edr_f0100474ncam00385m1,test_msl,bedrock,iou,,0,0,233287
unet__pretrained__resnet34__in_rover__seed1415__gpu_full__7ab4e19b__gitc188b320__codebebd8b2d__20260713T115339963731Z,msl_ncam_nlb_428295522edr_f0100474ncam00385m1,test_msl,sand,iou,,0,0,233287
unet__pretrained__resnet34__in_rover__seed1415__gpu_full__7ab4e19b__gitc188b320__codebebd8b2d__20260713T115339963731Z,msl_ncam_nlb_428295522edr_f0100474ncam00385m1,test_msl,big_rock,iou,,0,0,233287
unet__pretrained__resnet34__in_rover__seed1415__gpu_full__7ab4e19b__gitc188b320__codebebd8b2d__20260713T115339963731Z,msl_ncam_nlb_428295522edr_f0100474ncam00385m1,test_msl,ALL,pixel_acc,1.0,0,0,233287
unet__pretrained__resnet34__in_rover__seed1415__gpu_full__7ab4e19b__gitc188b320__codebebd8b2d__20260713T115339963731Z,msl_ncam_nlb_428295522edr_f0100474ncam00385m1,test_msl,ALL,boundary_f1,1.0,0,0,233287
unet__pretrained__resnet34__in_rover__seed1415__gpu_full__7ab4e19b__gitc188b320__codebebd8b2d__20260713T115339963731Z,msl_ncam_nlb_428304492edr_f0100508ncam05114m1,test_msl,soil,iou,1.0,88012,88012,88012
unet__pretrained__resnet34__in_rover__seed1415__gpu_full__7ab4e19b__gitc188b320__codebebd8b2d__20260713T115339963731Z,msl_ncam_nlb_428304492edr_f0100508ncam05114m1,test_msl,bedrock,iou,,0,0,88012
unet__pretrained__resnet34__in_rover__seed1415__gpu_full__7ab4e19b__gitc188b320__codebebd8b2d__20260713T115339963731Z,msl_ncam_nlb_428304492edr_f0100508ncam05114m1,test_msl,sand,iou,,0,0,88012
unet__pretrained__resnet34__in_rover__seed1415__gpu_full__7ab4e19b__gitc188b320__codebebd8b2d__20260713T115339963731Z,msl_ncam_nlb_428304492edr_f0100508ncam05114m1,test_msl,big_rock,iou,,0,0,88012
unet__pretrained__resnet34__in_rover__seed1415__gpu_full__7ab4e19b__gitc188b320__codebebd8b2d__20260713T115339963731Z,msl_ncam_nlb_428304492edr_f0100508ncam05114m1,test_msl,ALL,pixel_acc,1.0,0,0,88012
unet__pretrained__resnet34__in_rover__seed1415__gpu_full__7ab4e19b__gitc188b320__codebebd8b2d__20260713T115339963731Z,msl_ncam_nlb_428304492edr_f0100508ncam05114m1,test_msl,ALL,boundary_f1,1.0,0,0,88012
unet__pretrained__resnet34__in_rover__seed1415__gpu_full__7ab4e19b__gitc188b320__codebebd8b2d__20260713T115339963731Z,msl_ncam_nlb_428304547edr_f0100508ncam05114m1,test_msl,soil,iou,,0,0,0
unet__pretrained__resnet34__in_rover__seed1415__gpu_full__7ab4e19b__gitc188b320__codebebd8b2d__20260713T115339963731Z,msl_ncam_nlb_428304547edr_f0100508ncam05114m1,test_msl,bedrock,iou,,0,0,0
unet__pretrained__resnet34__in_rover__seed1415__gpu_full__7ab4e19b__gitc188b320__codebebd8b2d__20260713T115339963731Z,msl_ncam_nlb_428304547edr_f0100508ncam05114m1,test_msl,sand,iou,,0,0,0
unet__pretrained__resnet34__in_rover__seed1415__gpu_full__7ab4e19b__gitc188b320__codebebd8b2d__20260713T115339963731Z,msl_ncam_nlb_428304547edr_f0100508ncam05114m1,test_msl,big_rock,iou,,0,0,0
unet__pretrained__resnet34__in_rover__seed1415__gpu_full__7ab4e19b__gitc188b320__codebebd8b2d__20260713T115339963731Z,msl_ncam_nlb_428304547edr_f0100508ncam05114m1,test_msl,ALL,pixel_acc,,0,0,0
unet__pretrained__resnet34__in_rover__seed1415__gpu_full__7ab4e19b__gitc188b320__codebebd8b2d__20260713T115339963731Z,msl_ncam_nlb_428304547edr_f0100508ncam05114m1,test_msl,ALL,boundary_f1,,0,0,0
unet__pretrained__resnet34__in_rover__seed1415__gpu_full__7ab4e19b__gitc188b320__codebebd8b2d__20260713T115339963731Z,msl_ncam_nlb_428304609edr_f0100508ncam05114m1,test_msl,soil,iou,1.0,179511,179511,181034
unet__pretrained__resnet34__in_rover__seed1415__gpu_full__7ab4e19b__gitc188b320__codebebd8b2d__20260713T115339963731Z,msl_ncam_nlb_428304609edr_f0100508ncam05114m1,test_msl,bedrock,iou,,0,0,181034
unet__pretrained__resnet34__in_rover__seed1415__gpu_full__7ab4e19b__gitc188b320__codebebd8b2d__20260713T115339963731Z,msl_ncam_nlb_428304609edr_f0100508ncam05114m1,test_msl,sand,iou,,0,0,181034
unet__pretrained__resnet34__in_rover__seed1415__gpu_full__7ab4e19b__gitc188b320__codebebd8b2d__20260713T115339963731Z,msl_ncam_nlb_428304609edr_f0100508ncam05114m1,test_msl,big_rock,iou,1.0,1523,1523,181034
unet__pretrained__resnet34__in_rover__seed1415__gpu_full__7ab4e19b__gitc188b320__codebebd8b2d__20260713T115339963731Z,msl_ncam_nlb_428304609edr_f0100508ncam05114m1,test_msl,ALL,pixel_acc,1.0,0,0,181034
unet__pretrained__resnet34__in_rover__seed1415__gpu_full__7ab4e19b__gitc188b320__codebebd8b2d__20260713T115339963731Z,msl_ncam_nlb_428304609edr_f0100508ncam05114m1,test_msl,ALL,boundary_f1,1.0,0,0,181034
unet__pretrained__resnet34__in_rover__seed1415__gpu_full__7ab4e19b__gitc188b320__codebebd8b2d__20260713T115339963731Z,msl_ncam_nlb_431505395edr_f0141388ncam00385m1,test_msl,soil,iou,1.0,184315,184315,184315
unet__pretrained__resnet34__in_rover__seed1415__gpu_full__7ab4e19b__gitc188b320__codebebd8b2d__20260713T115339963731Z,msl_ncam_nlb_431505395edr_f0141388ncam00385m1,test_msl,bedrock,iou,,0,0,184315
unet__pretrained__resnet34__in_rover__seed1415__gpu_full__7ab4e19b__gitc188b320__codebebd8b2d__20260713T115339963731Z,msl_ncam_nlb_431505395edr_f0141388ncam00385m1,test_msl,sand,iou,,0,0,184315
unet__pretrained__resnet34__in_rover__seed1415__gpu_full__7ab4e19b__gitc188b320__codebebd8b2d__20260713T115339963731Z,msl_ncam_nlb_431505395edr_f0141388ncam00385m1,test_msl,big_rock,iou,,0,0,184315
unet__pretrained__resnet34__in_rover__seed1415__gpu_full__7ab4e19b__gitc188b320__codebebd8b2d__20260713T115339963731Z,msl_ncam_nlb_431505395edr_f0141388ncam00385m1,test_msl,ALL,pixel_acc,1.0,0,0,184315
unet__pretrained__resnet34__in_rover__seed1415__gpu_full__7ab4e19b__gitc188b320__codebebd8b2d__20260713T115339963731Z,msl_ncam_nlb_431505395edr_f0141388ncam00385m1,test_msl,ALL,boundary_f1,1.0,0,0,184315
unet__pretrained__resnet34__in_rover__seed1415__gpu_full__7ab4e19b__gitc188b320__codebebd8b2d__20260713T115339963731Z,msl_ncam_nlb_431511171edr_f0150000ncam00290m1,test_msl,soil,iou,1.0,93104,93104,93104
unet__pretrained__resnet34__in_rover__seed1415__gpu_full__7ab4e19b__gitc188b320__codebebd8b2d__20260713T115339963731Z,msl_ncam_nlb_431511171edr_f0150000ncam00290m1,test_msl,bedrock,iou,,0,0,93104
unet__pretrained__resnet34__in_rover__seed1415__gpu_full__7ab4e19b__gitc188b320__codebebd8b2d__20260713T115339963731Z,msl_ncam_nlb_431511171edr_f0150000ncam00290m1,test_msl,sand,iou,,0,0,93104
unet__pretrained__resnet34__in_rover__seed1415__gpu_full__7ab4e19b__gitc188b320__codebebd8b2d__20260713T115339963731Z,msl_ncam_nlb_431511171edr_f0150000ncam00290m1,test_msl,big_rock,iou,,0,0,93104
unet__pretrained__resnet34__in_rover__seed1415__gpu_full__7ab4e19b__gitc188b320__codebebd8b2d__20260713T115339963731Z,msl_ncam_nlb_431511171edr_f0150000ncam00290m1,test_msl,ALL,pixel_acc,1.0,0,0,93104
unet__pretrained__resnet34__in_rover__seed1415__gpu_full__7ab4e19b__gitc188b320__codebebd8b2d__20260713T115339963731Z,msl_ncam_nlb_431511171edr_f0150000ncam00290m1,test_msl,ALL,boundary_f1,1.0,0,0,93104
unet__pretrained__resnet34__in_rover__seed1415__gpu_full__7ab4e19b__gitc188b320__codebebd8b2d__20260713T115339963731Z,msl_ncam_nlb_431511237edr_f0150000ncam00290m1,test_msl,soil,iou,1.0,137132,137132,137132
unet__pretrained__resnet34__in_rover__seed1415__gpu_full__7ab4e19b__gitc188b320__codebebd8b2d__20260713T115339963731Z,msl_ncam_nlb_431511237edr_f0150000ncam00290m1,test_msl,bedrock,iou,,0,0,137132
unet__pretrained__resnet34__in_rover__seed1415__gpu_full__7ab4e19b__gitc188b320__codebebd8b2d__20260713T115339963731Z,msl_ncam_nlb_431511237edr_f0150000ncam00290m1,test_msl,sand,iou,,0,0,137132
unet__pretrained__resnet34__in_rover__seed1415__gpu_full__7ab4e19b__gitc188b320__codebebd8b2d__20260713T115339963731Z,msl_ncam_nlb_431511237edr_f0150000ncam00290m1,test_msl,big_rock,iou,,0,0,137132
unet__pretrained__resnet34__in_rover__seed1415__gpu_full__7ab4e19b__gitc188b320__codebebd8b2d__20260713T115339963731Z,msl_ncam_nlb_431511237edr_f0150000ncam00290m1,test_msl,ALL,pixel_acc,1.0,0,0,137132
unet__pretrained__resnet34__in_rover__seed1415__gpu_full__7ab4e19b__gitc188b320__codebebd8b2d__20260713T115339963731Z,msl_ncam_nlb_431511237edr_f0150000ncam00290m1,test_msl,ALL,boundary_f1,1.0,0,0,137132
unet__pretrained__resnet34__in_rover__seed1415__gpu_full__7ab4e19b__gitc188b320__codebebd8b2d__20260713T115339963731Z,msl_ncam_nlb_431511659edr_f0150000ncam00291m1,test_msl,soil,iou,1.0,196725,196725,196725
unet__pretrained__resnet34__in_rover__seed1415__gpu_full__7ab4e19b__gitc188b320__codebebd8b2d__20260713T115339963731Z,msl_ncam_nlb_431511659edr_f0150000ncam00291m1,test_msl,bedrock,iou,,0,0,196725
unet__pretrained__resnet34__in_rover__seed1415__gpu_full__7ab4e19b__gitc188b320__codebebd8b2d__20260713T115339963731Z,msl_ncam_nlb_431511659edr_f0150000ncam00291m1,test_msl,sand,iou,,0,0,196725
unet__pretrained__resnet34__in_rover__seed1415__gpu_full__7ab4e19b__gitc188b320__codebebd8b2d__20260713T115339963731Z,msl_ncam_nlb_431511659edr_f0150000ncam00291m1,test_msl,big_rock,iou,,0,0,196725
unet__pretrained__resnet34__in_rover__seed1415__gpu_full__7ab4e19b__gitc188b320__codebebd8b2d__20260713T115339963731Z,msl_ncam_nlb_431511659edr_f0150000ncam00291m1,test_msl,ALL,pixel_acc,1.0,0,0,196725
unet__pretrained__resnet34__in_rover__seed1415__gpu_full__7ab4e19b__gitc188b320__codebebd8b2d__20260713T115339963731Z,msl_ncam_nlb_431511659edr_f0150000ncam00291m1,test_msl,ALL,boundary_f1,1.0,0,0,196725
unet__pretrained__resnet34__in_rover__seed1415__gpu_full__7ab4e19b__gitc188b320__codebebd8b2d__20260713T115339963731Z,msl_ncam_nlb_431511807edr_f0150000ncam00291m1,test_msl,soil,iou,,0,0,0
unet__pretrained__resnet34__in_rover__seed1415__gpu_full__7ab4e19b__gitc188b320__codebebd8b2d__20260713T115339963731Z,msl_ncam_nlb_431511807edr_f0150000ncam00291m1,test_msl,bedrock,iou,,0,0,0
unet__pretrained__resnet34__in_rover__seed1415__gpu_full__7ab4e19b__gitc188b320__codebebd8b2d__20260713T115339963731Z,msl_ncam_nlb_431511807edr_f0150000ncam00291m1,test_msl,sand,iou,,0,0,0
unet__pretrained__resnet34__in_rover__seed1415__gpu_full__7ab4e19b__gitc188b320__codebebd8b2d__20260713T115339963731Z,msl_ncam_nlb_431511807edr_f0150000ncam00291m1,test_msl,big_rock,iou,,0,0,0
unet__pretrained__resnet34__in_rover__seed1415__gpu_full__7ab4e19b__gitc188b320__codebebd8b2d__20260713T115339963731Z,msl_ncam_nlb_431511807edr_f0150000ncam00291m1,test_msl,ALL,pixel_acc,,0,0,0
unet__pretrained__resnet34__in_rover__seed1415__gpu_full__7ab4e19b__gitc188b320__codebebd8b2d__20260713T115339963731Z,msl_ncam_nlb_431511807edr_f0150000ncam00291m1,test_msl,ALL,boundary_f1,,0,0,0
unet__pretrained__resnet34__in_rover__seed1415__gpu_full__7ab4e19b__gitc188b320__codebebd8b2d__20260713T115339963731Z,msl_ncam_nlb_431511862edr_f0150000ncam00354m1,test_msl,soil,iou,1.0,215849,215849,215849
unet__pretrained__resnet34__in_rover__seed1415__gpu_full__7ab4e19b__gitc188b320__codebebd8b2d__20260713T115339963731Z,msl_ncam_nlb_431511862edr_f0150000ncam00354m1,test_msl,bedrock,iou,,0,0,215849
unet__pretrained__resnet34__in_rover__seed1415__gpu_full__7ab4e19b__gitc188b320__codebebd8b2d__20260713T115339963731Z,msl_ncam_nlb_431511862edr_f0150000ncam00354m1,test_msl,sand,iou,,0,0,215849
unet__pretrained__resnet34__in_rover__seed1415__gpu_full__7ab4e19b__gitc188b320__codebebd8b2d__20260713T115339963731Z,msl_ncam_nlb_431511862edr_f0150000ncam00354m1,test_msl,big_rock,iou,,0,0,215849
unet__pretrained__resnet34__in_rover__seed1415__gpu_full__7ab4e19b__gitc188b320__codebebd8b2d__20260713T115339963731Z,msl_ncam_nlb_431511862edr_f0150000ncam00354m1,test_msl,ALL,pixel_acc,1.0,0,0,215849
unet__pretrained__resnet34__in_rover__seed1415__gpu_full__7ab4e19b__gitc188b320__codebebd8b2d__20260713T115339963731Z,msl_ncam_nlb_431511862edr_f0150000ncam00354m1,test_msl,ALL,boundary_f1,1.0,0,0,215849
unet__pretrained__resnet34__in_rover__seed1415__gpu_full__7ab4e19b__gitc188b320__codebebd8b2d__20260713T115339963731Z,msl_ncam_nlb_436380021edr_f0211362ncam00278m1,test_msl,soil,iou,1.0,86938,86938,86938
unet__pretrained__resnet34__in_rover__seed1415__gpu_full__7ab4e19b__gitc188b320__codebebd8b2d__20260713T115339963731Z,msl_ncam_nlb_436380021edr_f0211362ncam00278m1,test_msl,bedrock,iou,,0,0,86938
unet__pretrained__resnet34__in_rover__seed1415__gpu_full__7ab4e19b__gitc188b320__codebebd8b2d__20260713T115339963731Z,msl_ncam_nlb_436380021edr_f0211362ncam00278m1,test_msl,sand,iou,,0,0,86938
unet__pretrained__resnet34__in_rover__seed1415__gpu_full__7ab4e19b__gitc188b320__codebebd8b2d__20260713T115339963731Z,msl_ncam_nlb_436380021edr_f0211362ncam00278m1,test_msl,big_rock,iou,,0,0,86938
unet__pretrained__resnet34__in_rover__seed1415__gpu_full__7ab4e19b__gitc188b320__codebebd8b2d__20260713T115339963731Z,msl_ncam_nlb_436380021edr_f0211362ncam00278m1,test_msl,ALL,pixel_acc,1.0,0,0,86938
unet__pretrained__resnet34__in_rover__seed1415__gpu_full__7ab4e19b__gitc188b320__codebebd8b2d__20260713T115339963731Z,msl_ncam_nlb_436380021edr_f0211362ncam00278m1,test_msl,ALL,boundary_f1,1.0,0,0,86938
unet__pretrained__resnet34__in_rover__seed1415__gpu_full__7ab4e19b__gitc188b320__codebebd8b2d__20260713T115339963731Z,msl_ncam_nlb_436380133edr_f0211362ncam00278m1,test_msl,soil,iou,0.8366003062787136,10926,13060,32983
unet__pretrained__resnet34__in_rover__seed1415__gpu_full__7ab4e19b__gitc188b320__codebebd8b2d__20260713T115339963731Z,msl_ncam_nlb_436380133edr_f0211362ncam00278m1,test_msl,bedrock,iou,0.9032506687219477,19923,22057,32983
unet__pretrained__resnet34__in_rover__seed1415__gpu_full__7ab4e19b__gitc188b320__codebebd8b2d__20260713T115339963731Z,msl_ncam_nlb_436380133edr_f0211362ncam00278m1,test_msl,sand,iou,,0,0,32983
unet__pretrained__resnet34__in_rover__seed1415__gpu_full__7ab4e19b__gitc188b320__codebebd8b2d__20260713T115339963731Z,msl_ncam_nlb_436380133edr_f0211362ncam00278m1,test_msl,big_rock,iou,,0,0,32983
unet__pretrained__resnet34__in_rover__seed1415__gpu_full__7ab4e19b__gitc188b320__codebebd8b2d__20260713T115339963731Z,msl_ncam_nlb_436380133edr_f0211362ncam00278m1,test_msl,ALL,pixel_acc,0.9353000030318649,0,0,32983
unet__pretrained__resnet34__in_rover__seed1415__gpu_full__7ab4e19b__gitc188b320__codebebd8b2d__20260713T115339963731Z,msl_ncam_nlb_436380133edr_f0211362ncam00278m1,test_msl,ALL,boundary_f1,0.8559266515674915,0,0,32983
unet__pretrained__resnet34__in_rover__seed1415__gpu_full__7ab4e19b__gitc188b320__codebebd8b2d__20260713T115339963731Z,msl_ncam_nlb_436383872edr_f0211362ncam00354m1,test_msl,soil,iou,0.0,0,10222,31991
unet__pretrained__resnet34__in_rover__seed1415__gpu_full__7ab4e19b__gitc188b320__codebebd8b2d__20260713T115339963731Z,msl_ncam_nlb_436383872edr_f0211362ncam00354m1,test_msl,bedrock,iou,0.680472632928011,21769,31991,31991
unet__pretrained__resnet34__in_rover__seed1415__gpu_full__7ab4e19b__gitc188b320__codebebd8b2d__20260713T115339963731Z,msl_ncam_nlb_436383872edr_f0211362ncam00354m1,test_msl,sand,iou,,0,0,31991
unet__pretrained__resnet34__in_rover__seed1415__gpu_full__7ab4e19b__gitc188b320__codebebd8b2d__20260713T115339963731Z,msl_ncam_nlb_436383872edr_f0211362ncam00354m1,test_msl,big_rock,iou,,0,0,31991
unet__pretrained__resnet34__in_rover__seed1415__gpu_full__7ab4e19b__gitc188b320__codebebd8b2d__20260713T115339963731Z,msl_ncam_nlb_436383872edr_f0211362ncam00354m1,test_msl,ALL,pixel_acc,0.680472632928011,0,0,31991
unet__pretrained__resnet34__in_rover__seed1415__gpu_full__7ab4e19b__gitc188b320__codebebd8b2d__20260713T115339963731Z,msl_ncam_nlb_436383872edr_f0211362ncam00354m1,test_msl,ALL,boundary_f1,0.37564196625091706,0,0,31991
unet__pretrained__resnet34__in_rover__seed1415__gpu_full__7ab4e19b__gitc188b320__codebebd8b2d__20260713T115339963731Z,msl_ncam_nlb_436383928edr_f0211362ncam00354m1,test_msl,soil,iou,,0,0,58335
unet__pretrained__resnet34__in_rover__seed1415__gpu_full__7ab4e19b__gitc188b320__codebebd8b2d__20260713T115339963731Z,msl_ncam_nlb_436383928edr_f0211362ncam00354m1,test_msl,bedrock,iou,1.0,58335,58335,58335
unet__pretrained__resnet34__in_rover__seed1415__gpu_full__7ab4e19b__gitc188b320__codebebd8b2d__20260713T115339963731Z,msl_ncam_nlb_436383928edr_f0211362ncam00354m1,test_msl,sand,iou,,0,0,58335
unet__pretrained__resnet34__in_rover__seed1415__gpu_full__7ab4e19b__gitc188b320__codebebd8b2d__20260713T115339963731Z,msl_ncam_nlb_436383928edr_f0211362ncam00354m1,test_msl,big_rock,iou,,0,0,58335
unet__pretrained__resnet34__in_rover__seed1415__gpu_full__7ab4e19b__gitc188b320__codebebd8b2d__20260713T115339963731Z,msl_ncam_nlb_436383928edr_f0211362ncam00354m1,test_msl,ALL,pixel_acc,1.0,0,0,58335
unet__pretrained__resnet34__in_rover__seed1415__gpu_full__7ab4e19b__gitc188b320__codebebd8b2d__20260713T115339963731Z,msl_ncam_nlb_436383928edr_f0211362ncam00354m1,test_msl,ALL,boundary_f1,1.0,0,0,58335
unet__pretrained__resnet34__in_rover__seed1415__gpu_full__7ab4e19b__gitc188b320__codebebd8b2d__20260713T115339963731Z,msl_ncam_nlb_436384026edr_f0211362ncam00279m1,test_msl,soil,iou,0.98822811560556,66403,67194,164119
unet__pretrained__resnet34__in_rover__seed1415__gpu_full__7ab4e19b__gitc188b320__codebebd8b2d__20260713T115339963731Z,msl_ncam_nlb_436384026edr_f0211362ncam00279m1,test_msl,bedrock,iou,0.9919051127757993,96925,97716,164119
unet__pretrained__resnet34__in_rover__seed1415__gpu_full__7ab4e19b__gitc188b320__codebebd8b2d__20260713T115339963731Z,msl_ncam_nlb_436384026edr_f0211362ncam00279m1,test_msl,sand,iou,,0,0,164119
unet__pretrained__resnet34__in_rover__seed1415__gpu_full__7ab4e19b__gitc188b320__codebebd8b2d__20260713T115339963731Z,msl_ncam_nlb_436384026edr_f0211362ncam00279m1,test_msl,big_rock,iou,,0,0,164119
unet__pretrained__resnet34__in_rover__seed1415__gpu_full__7ab4e19b__gitc188b320__codebebd8b2d__20260713T115339963731Z,msl_ncam_nlb_436384026edr_f0211362ncam00279m1,test_msl,ALL,pixel_acc,0.995180326470427,0,0,164119
unet__pretrained__resnet34__in_rover__seed1415__gpu_full__7ab4e19b__gitc188b320__codebebd8b2d__20260713T115339963731Z,msl_ncam_nlb_436384026edr_f0211362ncam00279m1,test_msl,ALL,boundary_f1,0.9318082901158316,0,0,164119
unet__pretrained__resnet34__in_rover__seed1415__gpu_full__7ab4e19b__gitc188b320__codebebd8b2d__20260713T115339963731Z,msl_ncam_nlb_436384140edr_f0211362ncam00279m1,test_msl,soil,iou,,0,0,0
unet__pretrained__resnet34__in_rover__seed1415__gpu_full__7ab4e19b__gitc188b320__codebebd8b2d__20260713T115339963731Z,msl_ncam_nlb_436384140edr_f0211362ncam00279m1,test_msl,bedrock,iou,,0,0,0
unet__pretrained__resnet34__in_rover__seed1415__gpu_full__7ab4e19b__gitc188b320__codebebd8b2d__20260713T115339963731Z,msl_ncam_nlb_436384140edr_f0211362ncam00279m1,test_msl,sand,iou,,0,0,0
unet__pretrained__resnet34__in_rover__seed1415__gpu_full__7ab4e19b__gitc188b320__codebebd8b2d__20260713T115339963731Z,msl_ncam_nlb_436384140edr_f0211362ncam00279m1,test_msl,big_rock,iou,,0,0,0
unet__pretrained__resnet34__in_rover__seed1415__gpu_full__7ab4e19b__gitc188b320__codebebd8b2d__20260713T115339963731Z,msl_ncam_nlb_436384140edr_f0211362ncam00279m1,test_msl,ALL,pixel_acc,,0,0,0
unet__pretrained__resnet34__in_rover__seed1415__gpu_full__7ab4e19b__gitc188b320__codebebd8b2d__20260713T115339963731Z,msl_ncam_nlb_436384140edr_f0211362ncam00279m1,test_msl,ALL,boundary_f1,,0,0,0
unet__pretrained__resnet34__in_rover__seed1415__gpu_full__7ab4e19b__gitc188b320__codebebd8b2d__20260713T115339963731Z,msl_ncam_nlb_436384203edr_f0211362ncam00279m1,test_msl,soil,iou,1.0,5228,5228,14096
unet__pretrained__resnet34__in_rover__seed1415__gpu_full__7ab4e19b__gitc188b320__codebebd8b2d__20260713T115339963731Z,msl_ncam_nlb_436384203edr_f0211362ncam00279m1,test_msl,bedrock,iou,1.0,8868,8868,14096
unet__pretrained__resnet34__in_rover__seed1415__gpu_full__7ab4e19b__gitc188b320__codebebd8b2d__20260713T115339963731Z,msl_ncam_nlb_436384203edr_f0211362ncam00279m1,test_msl,sand,iou,,0,0,14096
unet__pretrained__resnet34__in_rover__seed1415__gpu_full__7ab4e19b__gitc188b320__codebebd8b2d__20260713T115339963731Z,msl_ncam_nlb_436384203edr_f0211362ncam00279m1,test_msl,big_rock,iou,,0,0,14096
unet__pretrained__resnet34__in_rover__seed1415__gpu_full__7ab4e19b__gitc188b320__codebebd8b2d__20260713T115339963731Z,msl_ncam_nlb_436384203edr_f0211362ncam00279m1,test_msl,ALL,pixel_acc,1.0,0,0,14096
unet__pretrained__resnet34__in_rover__seed1415__gpu_full__7ab4e19b__gitc188b320__codebebd8b2d__20260713T115339963731Z,msl_ncam_nlb_436384203edr_f0211362ncam00279m1,test_msl,ALL,boundary_f1,1.0,0,0,14096
unet__pretrained__resnet34__in_rover__seed1415__gpu_full__7ab4e19b__gitc188b320__codebebd8b2d__20260713T115339963731Z,msl_ncam_nlb_439225105edr_f0240000ncam00346m1,test_msl,soil,iou,,0,0,0
unet__pretrained__resnet34__in_rover__seed1415__gpu_full__7ab4e19b__gitc188b320__codebebd8b2d__20260713T115339963731Z,msl_ncam_nlb_439225105edr_f0240000ncam00346m1,test_msl,bedrock,iou,,0,0,0
unet__pretrained__resnet34__in_rover__seed1415__gpu_full__7ab4e19b__gitc188b320__codebebd8b2d__20260713T115339963731Z,msl_ncam_nlb_439225105edr_f0240000ncam00346m1,test_msl,sand,iou,,0,0,0
unet__pretrained__resnet34__in_rover__seed1415__gpu_full__7ab4e19b__gitc188b320__codebebd8b2d__20260713T115339963731Z,msl_ncam_nlb_439225105edr_f0240000ncam00346m1,test_msl,big_rock,iou,,0,0,0
unet__pretrained__resnet34__in_rover__seed1415__gpu_full__7ab4e19b__gitc188b320__codebebd8b2d__20260713T115339963731Z,msl_ncam_nlb_439225105edr_f0240000ncam00346m1,test_msl,ALL,pixel_acc,,0,0,0
unet__pretrained__resnet34__in_rover__seed1415__gpu_full__7ab4e19b__gitc188b320__codebebd8b2d__20260713T115339963731Z,msl_ncam_nlb_439225105edr_f0240000ncam00346m1,test_msl,ALL,boundary_f1,,0,0,0
unet__pretrained__resnet34__in_rover__seed1415__gpu_full__7ab4e19b__gitc188b320__codebebd8b2d__20260713T115339963731Z,msl_ncam_nlb_439225164edr_f0240000ncam05113m1,test_msl,soil,iou,0.8936157024793389,86502,96800,96800
unet__pretrained__resnet34__in_rover__seed1415__gpu_full__7ab4e19b__gitc188b320__codebebd8b2d__20260713T115339963731Z,msl_ncam_nlb_439225164edr_f0240000ncam05113m1,test_msl,bedrock,iou,0.0,0,10298,96800
unet__pretrained__resnet34__in_rover__seed1415__gpu_full__7ab4e19b__gitc188b320__codebebd8b2d__20260713T115339963731Z,msl_ncam_nlb_439225164edr_f0240000ncam05113m1,test_msl,sand,iou,,0,0,96800
unet__pretrained__resnet34__in_rover__seed1415__gpu_full__7ab4e19b__gitc188b320__codebebd8b2d__20260713T115339963731Z,msl_ncam_nlb_439225164edr_f0240000ncam05113m1,test_msl,big_rock,iou,,0,0,96800
unet__pretrained__resnet34__in_rover__seed1415__gpu_full__7ab4e19b__gitc188b320__codebebd8b2d__20260713T115339963731Z,msl_ncam_nlb_439225164edr_f0240000ncam05113m1,test_msl,ALL,pixel_acc,0.8936157024793389,0,0,96800
unet__pretrained__resnet34__in_rover__seed1415__gpu_full__7ab4e19b__gitc188b320__codebebd8b2d__20260713T115339963731Z,msl_ncam_nlb_439225164edr_f0240000ncam05113m1,test_msl,ALL,boundary_f1,0.37939988459319096,0,0,96800
unet__pretrained__resnet34__in_rover__seed1415__gpu_full__7ab4e19b__gitc188b320__codebebd8b2d__20260713T115339963731Z,msl_ncam_nlb_439225290edr_f0240000ncam05113m1,test_msl,soil,iou,1.0,8548,8548,8548
unet__pretrained__resnet34__in_rover__seed1415__gpu_full__7ab4e19b__gitc188b320__codebebd8b2d__20260713T115339963731Z,msl_ncam_nlb_439225290edr_f0240000ncam05113m1,test_msl,bedrock,iou,,0,0,8548
unet__pretrained__resnet34__in_rover__seed1415__gpu_full__7ab4e19b__gitc188b320__codebebd8b2d__20260713T115339963731Z,msl_ncam_nlb_439225290edr_f0240000ncam05113m1,test_msl,sand,iou,,0,0,8548
unet__pretrained__resnet34__in_rover__seed1415__gpu_full__7ab4e19b__gitc188b320__codebebd8b2d__20260713T115339963731Z,msl_ncam_nlb_439225290edr_f0240000ncam05113m1,test_msl,big_rock,iou,,0,0,8548
unet__pretrained__resnet34__in_rover__seed1415__gpu_full__7ab4e19b__gitc188b320__codebebd8b2d__20260713T115339963731Z,msl_ncam_nlb_439225290edr_f0240000ncam05113m1,test_msl,ALL,pixel_acc,1.0,0,0,8548
unet__pretrained__resnet34__in_rover__seed1415__gpu_full__7ab4e19b__gitc188b320__codebebd8b2d__20260713T115339963731Z,msl_ncam_nlb_439225290edr_f0240000ncam05113m1,test_msl,ALL,boundary_f1,1.0,0,0,8548
unet__pretrained__resnet34__in_rover__seed1415__gpu_full__7ab4e19b__gitc188b320__codebebd8b2d__20260713T115339963731Z,msl_ncam_nlb_439225843edr_f0240000ncam00267m1,test_msl,soil,iou,1.0,59790,59790,59790
unet__pretrained__resnet34__in_rover__seed1415__gpu_full__7ab4e19b__gitc188b320__codebebd8b2d__20260713T115339963731Z,msl_ncam_nlb_439225843edr_f0240000ncam00267m1,test_msl,bedrock,iou,,0,0,59790
unet__pretrained__resnet34__in_rover__seed1415__gpu_full__7ab4e19b__gitc188b320__codebebd8b2d__20260713T115339963731Z,msl_ncam_nlb_439225843edr_f0240000ncam00267m1,test_msl,sand,iou,,0,0,59790
unet__pretrained__resnet34__in_rover__seed1415__gpu_full__7ab4e19b__gitc188b320__codebebd8b2d__20260713T115339963731Z,msl_ncam_nlb_439225843edr_f0240000ncam00267m1,test_msl,big_rock,iou,,0,0,59790
unet__pretrained__resnet34__in_rover__seed1415__gpu_full__7ab4e19b__gitc188b320__codebebd8b2d__20260713T115339963731Z,msl_ncam_nlb_439225843edr_f0240000ncam00267m1,test_msl,ALL,pixel_acc,1.0,0,0,59790
unet__pretrained__resnet34__in_rover__seed1415__gpu_full__7ab4e19b__gitc188b320__codebebd8b2d__20260713T115339963731Z,msl_ncam_nlb_439225843edr_f0240000ncam00267m1,test_msl,ALL,boundary_f1,1.0,0,0,59790
unet__pretrained__resnet34__in_rover__seed1415__gpu_full__7ab4e19b__gitc188b320__codebebd8b2d__20260713T115339963731Z,msl_ncam_nlb_439225957edr_f0240000ncam00267m1,test_msl,soil,iou,1.0,32088,32088,32088
unet__pretrained__resnet34__in_rover__seed1415__gpu_full__7ab4e19b__gitc188b320__codebebd8b2d__20260713T115339963731Z,msl_ncam_nlb_439225957edr_f0240000ncam00267m1,test_msl,bedrock,iou,,0,0,32088
unet__pretrained__resnet34__in_rover__seed1415__gpu_full__7ab4e19b__gitc188b320__codebebd8b2d__20260713T115339963731Z,msl_ncam_nlb_439225957edr_f0240000ncam00267m1,test_msl,sand,iou,,0,0,32088
unet__pretrained__resnet34__in_rover__seed1415__gpu_full__7ab4e19b__gitc188b320__codebebd8b2d__20260713T115339963731Z,msl_ncam_nlb_439225957edr_f0240000ncam00267m1,test_msl,big_rock,iou,,0,0,32088
unet__pretrained__resnet34__in_rover__seed1415__gpu_full__7ab4e19b__gitc188b320__codebebd8b2d__20260713T115339963731Z,msl_ncam_nlb_439225957edr_f0240000ncam00267m1,test_msl,ALL,pixel_acc,1.0,0,0,32088
unet__pretrained__resnet34__in_rover__seed1415__gpu_full__7ab4e19b__gitc188b320__codebebd8b2d__20260713T115339963731Z,msl_ncam_nlb_439225957edr_f0240000ncam00267m1,test_msl,ALL,boundary_f1,1.0,0,0,32088
unet__pretrained__resnet34__in_rover__seed1415__gpu_full__7ab4e19b__gitc188b320__codebebd8b2d__20260713T115339963731Z,msl_ncam_nlb_439226019edr_f0240000ncam00267m1,test_msl,soil,iou,1.0,11757,11757,11757
unet__pretrained__resnet34__in_rover__seed1415__gpu_full__7ab4e19b__gitc188b320__codebebd8b2d__20260713T115339963731Z,msl_ncam_nlb_439226019edr_f0240000ncam00267m1,test_msl,bedrock,iou,,0,0,11757
unet__pretrained__resnet34__in_rover__seed1415__gpu_full__7ab4e19b__gitc188b320__codebebd8b2d__20260713T115339963731Z,msl_ncam_nlb_439226019edr_f0240000ncam00267m1,test_msl,sand,iou,,0,0,11757
unet__pretrained__resnet34__in_rover__seed1415__gpu_full__7ab4e19b__gitc188b320__codebebd8b2d__20260713T115339963731Z,msl_ncam_nlb_439226019edr_f0240000ncam00267m1,test_msl,big_rock,iou,,0,0,11757
unet__pretrained__resnet34__in_rover__seed1415__gpu_full__7ab4e19b__gitc188b320__codebebd8b2d__20260713T115339963731Z,msl_ncam_nlb_439226019edr_f0240000ncam00267m1,test_msl,ALL,pixel_acc,1.0,0,0,11757
unet__pretrained__resnet34__in_rover__seed1415__gpu_full__7ab4e19b__gitc188b320__codebebd8b2d__20260713T115339963731Z,msl_ncam_nlb_439226019edr_f0240000ncam00267m1,test_msl,ALL,boundary_f1,1.0,0,0,11757
unet__pretrained__resnet34__in_rover__seed1415__gpu_full__7ab4e19b__gitc188b320__codebebd8b2d__20260713T115339963731Z,msl_ncam_nlb_439226061edr_f0240000ncam00350m1,test_msl,soil,iou,1.0,23535,23535,23535
unet__pretrained__resnet34__in_rover__seed1415__gpu_full__7ab4e19b__gitc188b320__codebebd8b2d__20260713T115339963731Z,msl_ncam_nlb_439226061edr_f0240000ncam00350m1,test_msl,bedrock,iou,,0,0,23535
unet__pretrained__resnet34__in_rover__seed1415__gpu_full__7ab4e19b__gitc188b320__codebebd8b2d__20260713T115339963731Z,msl_ncam_nlb_439226061edr_f0240000ncam00350m1,test_msl,sand,iou,,0,0,23535
unet__pretrained__resnet34__in_rover__seed1415__gpu_full__7ab4e19b__gitc188b320__codebebd8b2d__20260713T115339963731Z,msl_ncam_nlb_439226061edr_f0240000ncam00350m1,test_msl,big_rock,iou,,0,0,23535
unet__pretrained__resnet34__in_rover__seed1415__gpu_full__7ab4e19b__gitc188b320__codebebd8b2d__20260713T115339963731Z,msl_ncam_nlb_439226061edr_f0240000ncam00350m1,test_msl,ALL,pixel_acc,1.0,0,0,23535
unet__pretrained__resnet34__in_rover__seed1415__gpu_full__7ab4e19b__gitc188b320__codebebd8b2d__20260713T115339963731Z,msl_ncam_nlb_439226061edr_f0240000ncam00350m1,test_msl,ALL,boundary_f1,1.0,0,0,23535
unet__pretrained__resnet34__in_rover__seed1415__gpu_full__7ab4e19b__gitc188b320__codebebd8b2d__20260713T115339963731Z,msl_ncam_nlb_439226140edr_f0240000ncam00350m1,test_msl,soil,iou,1.0,178948,178948,178948
unet__pretrained__resnet34__in_rover__seed1415__gpu_full__7ab4e19b__gitc188b320__codebebd8b2d__20260713T115339963731Z,msl_ncam_nlb_439226140edr_f0240000ncam00350m1,test_msl,bedrock,iou,,0,0,178948
unet__pretrained__resnet34__in_rover__seed1415__gpu_full__7ab4e19b__gitc188b320__codebebd8b2d__20260713T115339963731Z,msl_ncam_nlb_439226140edr_f0240000ncam00350m1,test_msl,sand,iou,,0,0,178948
unet__pretrained__resnet34__in_rover__seed1415__gpu_full__7ab4e19b__gitc188b320__codebebd8b2d__20260713T115339963731Z,msl_ncam_nlb_439226140edr_f0240000ncam00350m1,test_msl,big_rock,iou,,0,0,178948
unet__pretrained__resnet34__in_rover__seed1415__gpu_full__7ab4e19b__gitc188b320__codebebd8b2d__20260713T115339963731Z,msl_ncam_nlb_439226140edr_f0240000ncam00350m1,test_msl,ALL,pixel_acc,1.0,0,0,178948
unet__pretrained__resnet34__in_rover__seed1415__gpu_full__7ab4e19b__gitc188b320__codebebd8b2d__20260713T115339963731Z,msl_ncam_nlb_439226140edr_f0240000ncam00350m1,test_msl,ALL,boundary_f1,1.0,0,0,178948
unet__pretrained__resnet34__in_rover__seed1415__gpu_full__7ab4e19b__gitc188b320__codebebd8b2d__20260713T115339963731Z,msl_ncam_nlb_442591818edr_f0250254ncam00470m1,test_msl,soil,iou,1.0,18461,18461,18461
unet__pretrained__resnet34__in_rover__seed1415__gpu_full__7ab4e19b__gitc188b320__codebebd8b2d__20260713T115339963731Z,msl_ncam_nlb_442591818edr_f0250254ncam00470m1,test_msl,bedrock,iou,,0,0,18461
unet__pretrained__resnet34__in_rover__seed1415__gpu_full__7ab4e19b__gitc188b320__codebebd8b2d__20260713T115339963731Z,msl_ncam_nlb_442591818edr_f0250254ncam00470m1,test_msl,sand,iou,,0,0,18461
unet__pretrained__resnet34__in_rover__seed1415__gpu_full__7ab4e19b__gitc188b320__codebebd8b2d__20260713T115339963731Z,msl_ncam_nlb_442591818edr_f0250254ncam00470m1,test_msl,big_rock,iou,,0,0,18461
unet__pretrained__resnet34__in_rover__seed1415__gpu_full__7ab4e19b__gitc188b320__codebebd8b2d__20260713T115339963731Z,msl_ncam_nlb_442591818edr_f0250254ncam00470m1,test_msl,ALL,pixel_acc,1.0,0,0,18461
unet__pretrained__resnet34__in_rover__seed1415__gpu_full__7ab4e19b__gitc188b320__codebebd8b2d__20260713T115339963731Z,msl_ncam_nlb_442591818edr_f0250254ncam00470m1,test_msl,ALL,boundary_f1,1.0,0,0,18461
unet__pretrained__resnet34__in_rover__seed1415__gpu_full__7ab4e19b__gitc188b320__codebebd8b2d__20260713T115339963731Z,msl_ncam_nlb_442592358edr_f0250272ncam00385m1,test_msl,soil,iou,1.0,134437,134437,134437
unet__pretrained__resnet34__in_rover__seed1415__gpu_full__7ab4e19b__gitc188b320__codebebd8b2d__20260713T115339963731Z,msl_ncam_nlb_442592358edr_f0250272ncam00385m1,test_msl,bedrock,iou,,0,0,134437
unet__pretrained__resnet34__in_rover__seed1415__gpu_full__7ab4e19b__gitc188b320__codebebd8b2d__20260713T115339963731Z,msl_ncam_nlb_442592358edr_f0250272ncam00385m1,test_msl,sand,iou,,0,0,134437
unet__pretrained__resnet34__in_rover__seed1415__gpu_full__7ab4e19b__gitc188b320__codebebd8b2d__20260713T115339963731Z,msl_ncam_nlb_442592358edr_f0250272ncam00385m1,test_msl,big_rock,iou,,0,0,134437
unet__pretrained__resnet34__in_rover__seed1415__gpu_full__7ab4e19b__gitc188b320__codebebd8b2d__20260713T115339963731Z,msl_ncam_nlb_442592358edr_f0250272ncam00385m1,test_msl,ALL,pixel_acc,1.0,0,0,134437
unet__pretrained__resnet34__in_rover__seed1415__gpu_full__7ab4e19b__gitc188b320__codebebd8b2d__20260713T115339963731Z,msl_ncam_nlb_442592358edr_f0250272ncam00385m1,test_msl,ALL,boundary_f1,1.0,0,0,134437
unet__pretrained__resnet34__in_rover__seed1415__gpu_full__7ab4e19b__gitc188b320__codebebd8b2d__20260713T115339963731Z,msl_ncam_nlb_442593301edr_f0250312ncam00353m1,test_msl,soil,iou,1.0,106977,106977,106977
unet__pretrained__resnet34__in_rover__seed1415__gpu_full__7ab4e19b__gitc188b320__codebebd8b2d__20260713T115339963731Z,msl_ncam_nlb_442593301edr_f0250312ncam00353m1,test_msl,bedrock,iou,,0,0,106977
unet__pretrained__resnet34__in_rover__seed1415__gpu_full__7ab4e19b__gitc188b320__codebebd8b2d__20260713T115339963731Z,msl_ncam_nlb_442593301edr_f0250312ncam00353m1,test_msl,sand,iou,,0,0,106977
unet__pretrained__resnet34__in_rover__seed1415__gpu_full__7ab4e19b__gitc188b320__codebebd8b2d__20260713T115339963731Z,msl_ncam_nlb_442593301edr_f0250312ncam00353m1,test_msl,big_rock,iou,,0,0,106977
unet__pretrained__resnet34__in_rover__seed1415__gpu_full__7ab4e19b__gitc188b320__codebebd8b2d__20260713T115339963731Z,msl_ncam_nlb_442593301edr_f0250312ncam00353m1,test_msl,ALL,pixel_acc,1.0,0,0,106977
unet__pretrained__resnet34__in_rover__seed1415__gpu_full__7ab4e19b__gitc188b320__codebebd8b2d__20260713T115339963731Z,msl_ncam_nlb_442593301edr_f0250312ncam00353m1,test_msl,ALL,boundary_f1,1.0,0,0,106977
unet__pretrained__resnet34__in_rover__seed1415__gpu_full__7ab4e19b__gitc188b320__codebebd8b2d__20260713T115339963731Z,msl_ncam_nlb_442598077edr_f0250312ncam00281m1,test_msl,soil,iou,0.3197553516819572,2614,8175,8175
unet__pretrained__resnet34__in_rover__seed1415__gpu_full__7ab4e19b__gitc188b320__codebebd8b2d__20260713T115339963731Z,msl_ncam_nlb_442598077edr_f0250312ncam00281m1,test_msl,bedrock,iou,,0,0,8175
unet__pretrained__resnet34__in_rover__seed1415__gpu_full__7ab4e19b__gitc188b320__codebebd8b2d__20260713T115339963731Z,msl_ncam_nlb_442598077edr_f0250312ncam00281m1,test_msl,sand,iou,0.0,0,5561,8175
unet__pretrained__resnet34__in_rover__seed1415__gpu_full__7ab4e19b__gitc188b320__codebebd8b2d__20260713T115339963731Z,msl_ncam_nlb_442598077edr_f0250312ncam00281m1,test_msl,big_rock,iou,,0,0,8175
unet__pretrained__resnet34__in_rover__seed1415__gpu_full__7ab4e19b__gitc188b320__codebebd8b2d__20260713T115339963731Z,msl_ncam_nlb_442598077edr_f0250312ncam00281m1,test_msl,ALL,pixel_acc,0.3197553516819572,0,0,8175
unet__pretrained__resnet34__in_rover__seed1415__gpu_full__7ab4e19b__gitc188b320__codebebd8b2d__20260713T115339963731Z,msl_ncam_nlb_442598077edr_f0250312ncam00281m1,test_msl,ALL,boundary_f1,0.2399254117890811,0,0,8175
unet__pretrained__resnet34__in_rover__seed1415__gpu_full__7ab4e19b__gitc188b320__codebebd8b2d__20260713T115339963731Z,msl_ncam_nlb_442598204edr_f0250312ncam00281m1,test_msl,soil,iou,0.9807783871479712,111234,113414,113414
unet__pretrained__resnet34__in_rover__seed1415__gpu_full__7ab4e19b__gitc188b320__codebebd8b2d__20260713T115339963731Z,msl_ncam_nlb_442598204edr_f0250312ncam00281m1,test_msl,bedrock,iou,0.0,0,902,113414
unet__pretrained__resnet34__in_rover__seed1415__gpu_full__7ab4e19b__gitc188b320__codebebd8b2d__20260713T115339963731Z,msl_ncam_nlb_442598204edr_f0250312ncam00281m1,test_msl,sand,iou,0.0,0,1278,113414
unet__pretrained__resnet34__in_rover__seed1415__gpu_full__7ab4e19b__gitc188b320__codebebd8b2d__20260713T115339963731Z,msl_ncam_nlb_442598204edr_f0250312ncam00281m1,test_msl,big_rock,iou,,0,0,113414
unet__pretrained__resnet34__in_rover__seed1415__gpu_full__7ab4e19b__gitc188b320__codebebd8b2d__20260713T115339963731Z,msl_ncam_nlb_442598204edr_f0250312ncam00281m1,test_msl,ALL,pixel_acc,0.9807783871479712,0,0,113414
unet__pretrained__resnet34__in_rover__seed1415__gpu_full__7ab4e19b__gitc188b320__codebebd8b2d__20260713T115339963731Z,msl_ncam_nlb_442598204edr_f0250312ncam00281m1,test_msl,ALL,boundary_f1,0.30353491089687407,0,0,113414
unet__pretrained__resnet34__in_rover__seed1415__gpu_full__7ab4e19b__gitc188b320__codebebd8b2d__20260713T115339963731Z,msl_ncam_nlb_442600163edr_f0250312ncam00350m1,test_msl,soil,iou,1.0,151293,151293,151293
unet__pretrained__resnet34__in_rover__seed1415__gpu_full__7ab4e19b__gitc188b320__codebebd8b2d__20260713T115339963731Z,msl_ncam_nlb_442600163edr_f0250312ncam00350m1,test_msl,bedrock,iou,,0,0,151293
unet__pretrained__resnet34__in_rover__seed1415__gpu_full__7ab4e19b__gitc188b320__codebebd8b2d__20260713T115339963731Z,msl_ncam_nlb_442600163edr_f0250312ncam00350m1,test_msl,sand,iou,,0,0,151293
unet__pretrained__resnet34__in_rover__seed1415__gpu_full__7ab4e19b__gitc188b320__codebebd8b2d__20260713T115339963731Z,msl_ncam_nlb_442600163edr_f0250312ncam00350m1,test_msl,big_rock,iou,,0,0,151293
unet__pretrained__resnet34__in_rover__seed1415__gpu_full__7ab4e19b__gitc188b320__codebebd8b2d__20260713T115339963731Z,msl_ncam_nlb_442600163edr_f0250312ncam00350m1,test_msl,ALL,pixel_acc,1.0,0,0,151293
unet__pretrained__resnet34__in_rover__seed1415__gpu_full__7ab4e19b__gitc188b320__codebebd8b2d__20260713T115339963731Z,msl_ncam_nlb_442600163edr_f0250312ncam00350m1,test_msl,ALL,boundary_f1,1.0,0,0,151293
unet__pretrained__resnet34__in_rover__seed1415__gpu_full__7ab4e19b__gitc188b320__codebebd8b2d__20260713T115339963731Z,msl_ncam_nlb_442600208edr_f0250312ncam00282m1,test_msl,soil,iou,1.0,68473,68473,68473
unet__pretrained__resnet34__in_rover__seed1415__gpu_full__7ab4e19b__gitc188b320__codebebd8b2d__20260713T115339963731Z,msl_ncam_nlb_442600208edr_f0250312ncam00282m1,test_msl,bedrock,iou,,0,0,68473
unet__pretrained__resnet34__in_rover__seed1415__gpu_full__7ab4e19b__gitc188b320__codebebd8b2d__20260713T115339963731Z,msl_ncam_nlb_442600208edr_f0250312ncam00282m1,test_msl,sand,iou,,0,0,68473
unet__pretrained__resnet34__in_rover__seed1415__gpu_full__7ab4e19b__gitc188b320__codebebd8b2d__20260713T115339963731Z,msl_ncam_nlb_442600208edr_f0250312ncam00282m1,test_msl,big_rock,iou,,0,0,68473
unet__pretrained__resnet34__in_rover__seed1415__gpu_full__7ab4e19b__gitc188b320__codebebd8b2d__20260713T115339963731Z,msl_ncam_nlb_442600208edr_f0250312ncam00282m1,test_msl,ALL,pixel_acc,1.0,0,0,68473
unet__pretrained__resnet34__in_rover__seed1415__gpu_full__7ab4e19b__gitc188b320__codebebd8b2d__20260713T115339963731Z,msl_ncam_nlb_442600208edr_f0250312ncam00282m1,test_msl,ALL,boundary_f1,1.0,0,0,68473
unet__pretrained__resnet34__in_rover__seed1415__gpu_full__7ab4e19b__gitc188b320__codebebd8b2d__20260713T115339963731Z,msl_ncam_nlb_442600301edr_f0250312ncam00282m1,test_msl,soil,iou,0.9861834787190445,50535,51243,51243
unet__pretrained__resnet34__in_rover__seed1415__gpu_full__7ab4e19b__gitc188b320__codebebd8b2d__20260713T115339963731Z,msl_ncam_nlb_442600301edr_f0250312ncam00282m1,test_msl,bedrock,iou,0.0,0,708,51243
unet__pretrained__resnet34__in_rover__seed1415__gpu_full__7ab4e19b__gitc188b320__codebebd8b2d__20260713T115339963731Z,msl_ncam_nlb_442600301edr_f0250312ncam00282m1,test_msl,sand,iou,,0,0,51243
unet__pretrained__resnet34__in_rover__seed1415__gpu_full__7ab4e19b__gitc188b320__codebebd8b2d__20260713T115339963731Z,msl_ncam_nlb_442600301edr_f0250312ncam00282m1,test_msl,big_rock,iou,,0,0,51243
unet__pretrained__resnet34__in_rover__seed1415__gpu_full__7ab4e19b__gitc188b320__codebebd8b2d__20260713T115339963731Z,msl_ncam_nlb_442600301edr_f0250312ncam00282m1,test_msl,ALL,pixel_acc,0.9861834787190445,0,0,51243
unet__pretrained__resnet34__in_rover__seed1415__gpu_full__7ab4e19b__gitc188b320__codebebd8b2d__20260713T115339963731Z,msl_ncam_nlb_442600301edr_f0250312ncam00282m1,test_msl,ALL,boundary_f1,0.4700854700854701,0,0,51243
unet__pretrained__resnet34__in_rover__seed1415__gpu_full__7ab4e19b__gitc188b320__codebebd8b2d__20260713T115339963731Z,msl_ncam_nlb_442600416edr_f0250312ncam00282m1,test_msl,soil,iou,1.0,7457,7457,8486
unet__pretrained__resnet34__in_rover__seed1415__gpu_full__7ab4e19b__gitc188b320__codebebd8b2d__20260713T115339963731Z,msl_ncam_nlb_442600416edr_f0250312ncam00282m1,test_msl,bedrock,iou,,0,0,8486
unet__pretrained__resnet34__in_rover__seed1415__gpu_full__7ab4e19b__gitc188b320__codebebd8b2d__20260713T115339963731Z,msl_ncam_nlb_442600416edr_f0250312ncam00282m1,test_msl,sand,iou,1.0,1029,1029,8486
unet__pretrained__resnet34__in_rover__seed1415__gpu_full__7ab4e19b__gitc188b320__codebebd8b2d__20260713T115339963731Z,msl_ncam_nlb_442600416edr_f0250312ncam00282m1,test_msl,big_rock,iou,,0,0,8486
unet__pretrained__resnet34__in_rover__seed1415__gpu_full__7ab4e19b__gitc188b320__codebebd8b2d__20260713T115339963731Z,msl_ncam_nlb_442600416edr_f0250312ncam00282m1,test_msl,ALL,pixel_acc,1.0,0,0,8486
unet__pretrained__resnet34__in_rover__seed1415__gpu_full__7ab4e19b__gitc188b320__codebebd8b2d__20260713T115339963731Z,msl_ncam_nlb_442600416edr_f0250312ncam00282m1,test_msl,ALL,boundary_f1,1.0,0,0,8486
unet__pretrained__resnet34__in_rover__seed1415__gpu_full__7ab4e19b__gitc188b320__codebebd8b2d__20260713T115339963731Z,msl_ncam_nlb_442600447edr_f0250312ncam00282m1,test_msl,soil,iou,1.0,14865,14865,14865
unet__pretrained__resnet34__in_rover__seed1415__gpu_full__7ab4e19b__gitc188b320__codebebd8b2d__20260713T115339963731Z,msl_ncam_nlb_442600447edr_f0250312ncam00282m1,test_msl,bedrock,iou,,0,0,14865
unet__pretrained__resnet34__in_rover__seed1415__gpu_full__7ab4e19b__gitc188b320__codebebd8b2d__20260713T115339963731Z,msl_ncam_nlb_442600447edr_f0250312ncam00282m1,test_msl,sand,iou,,0,0,14865
unet__pretrained__resnet34__in_rover__seed1415__gpu_full__7ab4e19b__gitc188b320__codebebd8b2d__20260713T115339963731Z,msl_ncam_nlb_442600447edr_f0250312ncam00282m1,test_msl,big_rock,iou,,0,0,14865
unet__pretrained__resnet34__in_rover__seed1415__gpu_full__7ab4e19b__gitc188b320__codebebd8b2d__20260713T115339963731Z,msl_ncam_nlb_442600447edr_f0250312ncam00282m1,test_msl,ALL,pixel_acc,1.0,0,0,14865
unet__pretrained__resnet34__in_rover__seed1415__gpu_full__7ab4e19b__gitc188b320__codebebd8b2d__20260713T115339963731Z,msl_ncam_nlb_442600447edr_f0250312ncam00282m1,test_msl,ALL,boundary_f1,1.0,0,0,14865
unet__pretrained__resnet34__in_rover__seed1415__gpu_full__7ab4e19b__gitc188b320__codebebd8b2d__20260713T115339963731Z,msl_ncam_nlb_443659348edr_f0251082ncam00470m1,test_msl,soil,iou,1.0,97953,97953,97953
unet__pretrained__resnet34__in_rover__seed1415__gpu_full__7ab4e19b__gitc188b320__codebebd8b2d__20260713T115339963731Z,msl_ncam_nlb_443659348edr_f0251082ncam00470m1,test_msl,bedrock,iou,,0,0,97953
unet__pretrained__resnet34__in_rover__seed1415__gpu_full__7ab4e19b__gitc188b320__codebebd8b2d__20260713T115339963731Z,msl_ncam_nlb_443659348edr_f0251082ncam00470m1,test_msl,sand,iou,,0,0,97953
unet__pretrained__resnet34__in_rover__seed1415__gpu_full__7ab4e19b__gitc188b320__codebebd8b2d__20260713T115339963731Z,msl_ncam_nlb_443659348edr_f0251082ncam00470m1,test_msl,big_rock,iou,,0,0,97953
unet__pretrained__resnet34__in_rover__seed1415__gpu_full__7ab4e19b__gitc188b320__codebebd8b2d__20260713T115339963731Z,msl_ncam_nlb_443659348edr_f0251082ncam00470m1,test_msl,ALL,pixel_acc,1.0,0,0,97953
unet__pretrained__resnet34__in_rover__seed1415__gpu_full__7ab4e19b__gitc188b320__codebebd8b2d__20260713T115339963731Z,msl_ncam_nlb_443659348edr_f0251082ncam00470m1,test_msl,ALL,boundary_f1,1.0,0,0,97953
unet__pretrained__resnet34__in_rover__seed1415__gpu_full__7ab4e19b__gitc188b320__codebebd8b2d__20260713T115339963731Z,msl_ncam_nlb_443663198edr_f0251238ncam00353m1,test_msl,soil,iou,1.0,159090,159090,159090
unet__pretrained__resnet34__in_rover__seed1415__gpu_full__7ab4e19b__gitc188b320__codebebd8b2d__20260713T115339963731Z,msl_ncam_nlb_443663198edr_f0251238ncam00353m1,test_msl,bedrock,iou,,0,0,159090
unet__pretrained__resnet34__in_rover__seed1415__gpu_full__7ab4e19b__gitc188b320__codebebd8b2d__20260713T115339963731Z,msl_ncam_nlb_443663198edr_f0251238ncam00353m1,test_msl,sand,iou,,0,0,159090
unet__pretrained__resnet34__in_rover__seed1415__gpu_full__7ab4e19b__gitc188b320__codebebd8b2d__20260713T115339963731Z,msl_ncam_nlb_443663198edr_f0251238ncam00353m1,test_msl,big_rock,iou,,0,0,159090
unet__pretrained__resnet34__in_rover__seed1415__gpu_full__7ab4e19b__gitc188b320__codebebd8b2d__20260713T115339963731Z,msl_ncam_nlb_443663198edr_f0251238ncam00353m1,test_msl,ALL,pixel_acc,1.0,0,0,159090
unet__pretrained__resnet34__in_rover__seed1415__gpu_full__7ab4e19b__gitc188b320__codebebd8b2d__20260713T115339963731Z,msl_ncam_nlb_443663198edr_f0251238ncam00353m1,test_msl,ALL,boundary_f1,1.0,0,0,159090
unet__pretrained__resnet34__in_rover__seed1415__gpu_full__7ab4e19b__gitc188b320__codebebd8b2d__20260713T115339963731Z,msl_ncam_nlb_443663262edr_f0251238ncam00289m1,test_msl,soil,iou,1.0,68719,68719,68719
unet__pretrained__resnet34__in_rover__seed1415__gpu_full__7ab4e19b__gitc188b320__codebebd8b2d__20260713T115339963731Z,msl_ncam_nlb_443663262edr_f0251238ncam00289m1,test_msl,bedrock,iou,,0,0,68719
unet__pretrained__resnet34__in_rover__seed1415__gpu_full__7ab4e19b__gitc188b320__codebebd8b2d__20260713T115339963731Z,msl_ncam_nlb_443663262edr_f0251238ncam00289m1,test_msl,sand,iou,,0,0,68719
unet__pretrained__resnet34__in_rover__seed1415__gpu_full__7ab4e19b__gitc188b320__codebebd8b2d__20260713T115339963731Z,msl_ncam_nlb_443663262edr_f0251238ncam00289m1,test_msl,big_rock,iou,,0,0,68719
unet__pretrained__resnet34__in_rover__seed1415__gpu_full__7ab4e19b__gitc188b320__codebebd8b2d__20260713T115339963731Z,msl_ncam_nlb_443663262edr_f0251238ncam00289m1,test_msl,ALL,pixel_acc,1.0,0,0,68719
unet__pretrained__resnet34__in_rover__seed1415__gpu_full__7ab4e19b__gitc188b320__codebebd8b2d__20260713T115339963731Z,msl_ncam_nlb_443663262edr_f0251238ncam00289m1,test_msl,ALL,boundary_f1,1.0,0,0,68719
unet__pretrained__resnet34__in_rover__seed1415__gpu_full__7ab4e19b__gitc188b320__codebebd8b2d__20260713T115339963731Z,msl_ncam_nlb_443663326edr_f0251238ncam00289m1,test_msl,soil,iou,1.0,163565,163565,163565
unet__pretrained__resnet34__in_rover__seed1415__gpu_full__7ab4e19b__gitc188b320__codebebd8b2d__20260713T115339963731Z,msl_ncam_nlb_443663326edr_f0251238ncam00289m1,test_msl,bedrock,iou,,0,0,163565
unet__pretrained__resnet34__in_rover__seed1415__gpu_full__7ab4e19b__gitc188b320__codebebd8b2d__20260713T115339963731Z,msl_ncam_nlb_443663326edr_f0251238ncam00289m1,test_msl,sand,iou,,0,0,163565
unet__pretrained__resnet34__in_rover__seed1415__gpu_full__7ab4e19b__gitc188b320__codebebd8b2d__20260713T115339963731Z,msl_ncam_nlb_443663326edr_f0251238ncam00289m1,test_msl,big_rock,iou,,0,0,163565
unet__pretrained__resnet34__in_rover__seed1415__gpu_full__7ab4e19b__gitc188b320__codebebd8b2d__20260713T115339963731Z,msl_ncam_nlb_443663326edr_f0251238ncam00289m1,test_msl,ALL,pixel_acc,1.0,0,0,163565
unet__pretrained__resnet34__in_rover__seed1415__gpu_full__7ab4e19b__gitc188b320__codebebd8b2d__20260713T115339963731Z,msl_ncam_nlb_443663326edr_f0251238ncam00289m1,test_msl,ALL,boundary_f1,1.0,0,0,163565
unet__pretrained__resnet34__in_rover__seed1415__gpu_full__7ab4e19b__gitc188b320__codebebd8b2d__20260713T115339963731Z,msl_ncam_nlb_443668744edr_f0251238ncam00292m1,test_msl,soil,iou,1.0,56933,56933,56933
unet__pretrained__resnet34__in_rover__seed1415__gpu_full__7ab4e19b__gitc188b320__codebebd8b2d__20260713T115339963731Z,msl_ncam_nlb_443668744edr_f0251238ncam00292m1,test_msl,bedrock,iou,,0,0,56933
unet__pretrained__resnet34__in_rover__seed1415__gpu_full__7ab4e19b__gitc188b320__codebebd8b2d__20260713T115339963731Z,msl_ncam_nlb_443668744edr_f0251238ncam00292m1,test_msl,sand,iou,,0,0,56933
unet__pretrained__resnet34__in_rover__seed1415__gpu_full__7ab4e19b__gitc188b320__codebebd8b2d__20260713T115339963731Z,msl_ncam_nlb_443668744edr_f0251238ncam00292m1,test_msl,big_rock,iou,,0,0,56933
unet__pretrained__resnet34__in_rover__seed1415__gpu_full__7ab4e19b__gitc188b320__codebebd8b2d__20260713T115339963731Z,msl_ncam_nlb_443668744edr_f0251238ncam00292m1,test_msl,ALL,pixel_acc,1.0,0,0,56933
unet__pretrained__resnet34__in_rover__seed1415__gpu_full__7ab4e19b__gitc188b320__codebebd8b2d__20260713T115339963731Z,msl_ncam_nlb_443668744edr_f0251238ncam00292m1,test_msl,ALL,boundary_f1,1.0,0,0,56933
unet__pretrained__resnet34__in_rover__seed1415__gpu_full__7ab4e19b__gitc188b320__codebebd8b2d__20260713T115339963731Z,msl_ncam_nlb_443668806edr_f0251238ncam00292m1,test_msl,soil,iou,1.0,80428,80428,80428
unet__pretrained__resnet34__in_rover__seed1415__gpu_full__7ab4e19b__gitc188b320__codebebd8b2d__20260713T115339963731Z,msl_ncam_nlb_443668806edr_f0251238ncam00292m1,test_msl,bedrock,iou,,0,0,80428
unet__pretrained__resnet34__in_rover__seed1415__gpu_full__7ab4e19b__gitc188b320__codebebd8b2d__20260713T115339963731Z,msl_ncam_nlb_443668806edr_f0251238ncam00292m1,test_msl,sand,iou,,0,0,80428
unet__pretrained__resnet34__in_rover__seed1415__gpu_full__7ab4e19b__gitc188b320__codebebd8b2d__20260713T115339963731Z,msl_ncam_nlb_443668806edr_f0251238ncam00292m1,test_msl,big_rock,iou,,0,0,80428
unet__pretrained__resnet34__in_rover__seed1415__gpu_full__7ab4e19b__gitc188b320__codebebd8b2d__20260713T115339963731Z,msl_ncam_nlb_443668806edr_f0251238ncam00292m1,test_msl,ALL,pixel_acc,1.0,0,0,80428
unet__pretrained__resnet34__in_rover__seed1415__gpu_full__7ab4e19b__gitc188b320__codebebd8b2d__20260713T115339963731Z,msl_ncam_nlb_443668806edr_f0251238ncam00292m1,test_msl,ALL,boundary_f1,1.0,0,0,80428
unet__pretrained__resnet34__in_rover__seed1415__gpu_full__7ab4e19b__gitc188b320__codebebd8b2d__20260713T115339963731Z,msl_ncam_nlb_443668921edr_f0251238ncam00292m1,test_msl,soil,iou,0.995071215634316,75103,75475,75475
unet__pretrained__resnet34__in_rover__seed1415__gpu_full__7ab4e19b__gitc188b320__codebebd8b2d__20260713T115339963731Z,msl_ncam_nlb_443668921edr_f0251238ncam00292m1,test_msl,bedrock,iou,,0,0,75475
unet__pretrained__resnet34__in_rover__seed1415__gpu_full__7ab4e19b__gitc188b320__codebebd8b2d__20260713T115339963731Z,msl_ncam_nlb_443668921edr_f0251238ncam00292m1,test_msl,sand,iou,,0,0,75475
unet__pretrained__resnet34__in_rover__seed1415__gpu_full__7ab4e19b__gitc188b320__codebebd8b2d__20260713T115339963731Z,msl_ncam_nlb_443668921edr_f0251238ncam00292m1,test_msl,big_rock,iou,0.0,0,372,75475
unet__pretrained__resnet34__in_rover__seed1415__gpu_full__7ab4e19b__gitc188b320__codebebd8b2d__20260713T115339963731Z,msl_ncam_nlb_443668921edr_f0251238ncam00292m1,test_msl,ALL,pixel_acc,0.995071215634316,0,0,75475
unet__pretrained__resnet34__in_rover__seed1415__gpu_full__7ab4e19b__gitc188b320__codebebd8b2d__20260713T115339963731Z,msl_ncam_nlb_443668921edr_f0251238ncam00292m1,test_msl,ALL,boundary_f1,0.49254028247463694,0,0,75475
unet__pretrained__resnet34__in_rover__seed1415__gpu_full__7ab4e19b__gitc188b320__codebebd8b2d__20260713T115339963731Z,msl_ncam_nlb_443669058edr_f0251238ncam00352m1,test_msl,soil,iou,1.0,191983,191983,191983
unet__pretrained__resnet34__in_rover__seed1415__gpu_full__7ab4e19b__gitc188b320__codebebd8b2d__20260713T115339963731Z,msl_ncam_nlb_443669058edr_f0251238ncam00352m1,test_msl,bedrock,iou,,0,0,191983
unet__pretrained__resnet34__in_rover__seed1415__gpu_full__7ab4e19b__gitc188b320__codebebd8b2d__20260713T115339963731Z,msl_ncam_nlb_443669058edr_f0251238ncam00352m1,test_msl,sand,iou,,0,0,191983
unet__pretrained__resnet34__in_rover__seed1415__gpu_full__7ab4e19b__gitc188b320__codebebd8b2d__20260713T115339963731Z,msl_ncam_nlb_443669058edr_f0251238ncam00352m1,test_msl,big_rock,iou,,0,0,191983
unet__pretrained__resnet34__in_rover__seed1415__gpu_full__7ab4e19b__gitc188b320__codebebd8b2d__20260713T115339963731Z,msl_ncam_nlb_443669058edr_f0251238ncam00352m1,test_msl,ALL,pixel_acc,1.0,0,0,191983
unet__pretrained__resnet34__in_rover__seed1415__gpu_full__7ab4e19b__gitc188b320__codebebd8b2d__20260713T115339963731Z,msl_ncam_nlb_443669058edr_f0251238ncam00352m1,test_msl,ALL,boundary_f1,1.0,0,0,191983
unet__pretrained__resnet34__in_rover__seed1415__gpu_full__7ab4e19b__gitc188b320__codebebd8b2d__20260713T115339963731Z,msl_ncam_nlb_443669122edr_f0251238ncam00352m1,test_msl,soil,iou,1.0,138713,138713,138713
unet__pretrained__resnet34__in_rover__seed1415__gpu_full__7ab4e19b__gitc188b320__codebebd8b2d__20260713T115339963731Z,msl_ncam_nlb_443669122edr_f0251238ncam00352m1,test_msl,bedrock,iou,,0,0,138713
unet__pretrained__resnet34__in_rover__seed1415__gpu_full__7ab4e19b__gitc188b320__codebebd8b2d__20260713T115339963731Z,msl_ncam_nlb_443669122edr_f0251238ncam00352m1,test_msl,sand,iou,,0,0,138713
unet__pretrained__resnet34__in_rover__seed1415__gpu_full__7ab4e19b__gitc188b320__codebebd8b2d__20260713T115339963731Z,msl_ncam_nlb_443669122edr_f0251238ncam00352m1,test_msl,big_rock,iou,,0,0,138713
unet__pretrained__resnet34__in_rover__seed1415__gpu_full__7ab4e19b__gitc188b320__codebebd8b2d__20260713T115339963731Z,msl_ncam_nlb_443669122edr_f0251238ncam00352m1,test_msl,ALL,pixel_acc,1.0,0,0,138713
unet__pretrained__resnet34__in_rover__seed1415__gpu_full__7ab4e19b__gitc188b320__codebebd8b2d__20260713T115339963731Z,msl_ncam_nlb_443669122edr_f0251238ncam00352m1,test_msl,ALL,boundary_f1,1.0,0,0,138713
unet__pretrained__resnet34__in_rover__seed1415__gpu_full__7ab4e19b__gitc188b320__codebebd8b2d__20260713T115339963731Z,msl_ncam_nlb_448278207edr_f0300432ncam00380m1,test_msl,soil,iou,1.0,219849,219849,219849
unet__pretrained__resnet34__in_rover__seed1415__gpu_full__7ab4e19b__gitc188b320__codebebd8b2d__20260713T115339963731Z,msl_ncam_nlb_448278207edr_f0300432ncam00380m1,test_msl,bedrock,iou,,0,0,219849
unet__pretrained__resnet34__in_rover__seed1415__gpu_full__7ab4e19b__gitc188b320__codebebd8b2d__20260713T115339963731Z,msl_ncam_nlb_448278207edr_f0300432ncam00380m1,test_msl,sand,iou,,0,0,219849
unet__pretrained__resnet34__in_rover__seed1415__gpu_full__7ab4e19b__gitc188b320__codebebd8b2d__20260713T115339963731Z,msl_ncam_nlb_448278207edr_f0300432ncam00380m1,test_msl,big_rock,iou,,0,0,219849
unet__pretrained__resnet34__in_rover__seed1415__gpu_full__7ab4e19b__gitc188b320__codebebd8b2d__20260713T115339963731Z,msl_ncam_nlb_448278207edr_f0300432ncam00380m1,test_msl,ALL,pixel_acc,1.0,0,0,219849
unet__pretrained__resnet34__in_rover__seed1415__gpu_full__7ab4e19b__gitc188b320__codebebd8b2d__20260713T115339963731Z,msl_ncam_nlb_448278207edr_f0300432ncam00380m1,test_msl,ALL,boundary_f1,1.0,0,0,219849
unet__pretrained__resnet34__in_rover__seed1415__gpu_full__7ab4e19b__gitc188b320__codebebd8b2d__20260713T115339963731Z,msl_ncam_nlb_448279148edr_f0300484ncam00353m1,test_msl,soil,iou,1.0,173750,173750,173750
unet__pretrained__resnet34__in_rover__seed1415__gpu_full__7ab4e19b__gitc188b320__codebebd8b2d__20260713T115339963731Z,msl_ncam_nlb_448279148edr_f0300484ncam00353m1,test_msl,bedrock,iou,,0,0,173750
unet__pretrained__resnet34__in_rover__seed1415__gpu_full__7ab4e19b__gitc188b320__codebebd8b2d__20260713T115339963731Z,msl_ncam_nlb_448279148edr_f0300484ncam00353m1,test_msl,sand,iou,,0,0,173750
unet__pretrained__resnet34__in_rover__seed1415__gpu_full__7ab4e19b__gitc188b320__codebebd8b2d__20260713T115339963731Z,msl_ncam_nlb_448279148edr_f0300484ncam00353m1,test_msl,big_rock,iou,,0,0,173750
unet__pretrained__resnet34__in_rover__seed1415__gpu_full__7ab4e19b__gitc188b320__codebebd8b2d__20260713T115339963731Z,msl_ncam_nlb_448279148edr_f0300484ncam00353m1,test_msl,ALL,pixel_acc,1.0,0,0,173750
unet__pretrained__resnet34__in_rover__seed1415__gpu_full__7ab4e19b__gitc188b320__codebebd8b2d__20260713T115339963731Z,msl_ncam_nlb_448279148edr_f0300484ncam00353m1,test_msl,ALL,boundary_f1,1.0,0,0,173750
unet__pretrained__resnet34__in_rover__seed1415__gpu_full__7ab4e19b__gitc188b320__codebebd8b2d__20260713T115339963731Z,msl_ncam_nlb_448279299edr_f0300484ncam00299m1,test_msl,soil,iou,1.0,103574,103574,103574
unet__pretrained__resnet34__in_rover__seed1415__gpu_full__7ab4e19b__gitc188b320__codebebd8b2d__20260713T115339963731Z,msl_ncam_nlb_448279299edr_f0300484ncam00299m1,test_msl,bedrock,iou,,0,0,103574
unet__pretrained__resnet34__in_rover__seed1415__gpu_full__7ab4e19b__gitc188b320__codebebd8b2d__20260713T115339963731Z,msl_ncam_nlb_448279299edr_f0300484ncam00299m1,test_msl,sand,iou,,0,0,103574
unet__pretrained__resnet34__in_rover__seed1415__gpu_full__7ab4e19b__gitc188b320__codebebd8b2d__20260713T115339963731Z,msl_ncam_nlb_448279299edr_f0300484ncam00299m1,test_msl,big_rock,iou,,0,0,103574
unet__pretrained__resnet34__in_rover__seed1415__gpu_full__7ab4e19b__gitc188b320__codebebd8b2d__20260713T115339963731Z,msl_ncam_nlb_448279299edr_f0300484ncam00299m1,test_msl,ALL,pixel_acc,1.0,0,0,103574
unet__pretrained__resnet34__in_rover__seed1415__gpu_full__7ab4e19b__gitc188b320__codebebd8b2d__20260713T115339963731Z,msl_ncam_nlb_448279299edr_f0300484ncam00299m1,test_msl,ALL,boundary_f1,1.0,0,0,103574
unet__pretrained__resnet34__in_rover__seed1415__gpu_full__7ab4e19b__gitc188b320__codebebd8b2d__20260713T115339963731Z,msl_ncam_nlb_448279363edr_f0300484ncam00299m1,test_msl,soil,iou,,0,0,0
unet__pretrained__resnet34__in_rover__seed1415__gpu_full__7ab4e19b__gitc188b320__codebebd8b2d__20260713T115339963731Z,msl_ncam_nlb_448279363edr_f0300484ncam00299m1,test_msl,bedrock,iou,,0,0,0
unet__pretrained__resnet34__in_rover__seed1415__gpu_full__7ab4e19b__gitc188b320__codebebd8b2d__20260713T115339963731Z,msl_ncam_nlb_448279363edr_f0300484ncam00299m1,test_msl,sand,iou,,0,0,0
unet__pretrained__resnet34__in_rover__seed1415__gpu_full__7ab4e19b__gitc188b320__codebebd8b2d__20260713T115339963731Z,msl_ncam_nlb_448279363edr_f0300484ncam00299m1,test_msl,big_rock,iou,,0,0,0
unet__pretrained__resnet34__in_rover__seed1415__gpu_full__7ab4e19b__gitc188b320__codebebd8b2d__20260713T115339963731Z,msl_ncam_nlb_448279363edr_f0300484ncam00299m1,test_msl,ALL,pixel_acc,,0,0,0
unet__pretrained__resnet34__in_rover__seed1415__gpu_full__7ab4e19b__gitc188b320__codebebd8b2d__20260713T115339963731Z,msl_ncam_nlb_448279363edr_f0300484ncam00299m1,test_msl,ALL,boundary_f1,,0,0,0
unet__pretrained__resnet34__in_rover__seed1415__gpu_full__7ab4e19b__gitc188b320__codebebd8b2d__20260713T115339963731Z,msl_ncam_nlb_448279809edr_f0300484ncam00354m1,test_msl,soil,iou,1.0,235752,235752,235752
unet__pretrained__resnet34__in_rover__seed1415__gpu_full__7ab4e19b__gitc188b320__codebebd8b2d__20260713T115339963731Z,msl_ncam_nlb_448279809edr_f0300484ncam00354m1,test_msl,bedrock,iou,,0,0,235752
unet__pretrained__resnet34__in_rover__seed1415__gpu_full__7ab4e19b__gitc188b320__codebebd8b2d__20260713T115339963731Z,msl_ncam_nlb_448279809edr_f0300484ncam00354m1,test_msl,sand,iou,,0,0,235752
unet__pretrained__resnet34__in_rover__seed1415__gpu_full__7ab4e19b__gitc188b320__codebebd8b2d__20260713T115339963731Z,msl_ncam_nlb_448279809edr_f0300484ncam00354m1,test_msl,big_rock,iou,,0,0,235752
unet__pretrained__resnet34__in_rover__seed1415__gpu_full__7ab4e19b__gitc188b320__codebebd8b2d__20260713T115339963731Z,msl_ncam_nlb_448279809edr_f0300484ncam00354m1,test_msl,ALL,pixel_acc,1.0,0,0,235752
unet__pretrained__resnet34__in_rover__seed1415__gpu_full__7ab4e19b__gitc188b320__codebebd8b2d__20260713T115339963731Z,msl_ncam_nlb_448279809edr_f0300484ncam00354m1,test_msl,ALL,boundary_f1,1.0,0,0,235752
unet__pretrained__resnet34__in_rover__seed1415__gpu_full__7ab4e19b__gitc188b320__codebebd8b2d__20260713T115339963731Z,msl_ncam_nlb_448279926edr_f0300484ncam00250m1,test_msl,soil,iou,1.0,165154,165154,165154
unet__pretrained__resnet34__in_rover__seed1415__gpu_full__7ab4e19b__gitc188b320__codebebd8b2d__20260713T115339963731Z,msl_ncam_nlb_448279926edr_f0300484ncam00250m1,test_msl,bedrock,iou,,0,0,165154
unet__pretrained__resnet34__in_rover__seed1415__gpu_full__7ab4e19b__gitc188b320__codebebd8b2d__20260713T115339963731Z,msl_ncam_nlb_448279926edr_f0300484ncam00250m1,test_msl,sand,iou,,0,0,165154
unet__pretrained__resnet34__in_rover__seed1415__gpu_full__7ab4e19b__gitc188b320__codebebd8b2d__20260713T115339963731Z,msl_ncam_nlb_448279926edr_f0300484ncam00250m1,test_msl,big_rock,iou,,0,0,165154
unet__pretrained__resnet34__in_rover__seed1415__gpu_full__7ab4e19b__gitc188b320__codebebd8b2d__20260713T115339963731Z,msl_ncam_nlb_448279926edr_f0300484ncam00250m1,test_msl,ALL,pixel_acc,1.0,0,0,165154
unet__pretrained__resnet34__in_rover__seed1415__gpu_full__7ab4e19b__gitc188b320__codebebd8b2d__20260713T115339963731Z,msl_ncam_nlb_448279926edr_f0300484ncam00250m1,test_msl,ALL,boundary_f1,1.0,0,0,165154
unet__pretrained__resnet34__in_rover__seed1415__gpu_full__7ab4e19b__gitc188b320__codebebd8b2d__20260713T115339963731Z,msl_ncam_nlb_448279988edr_f0300484ncam00250m1,test_msl,soil,iou,1.0,181913,181913,181913
unet__pretrained__resnet34__in_rover__seed1415__gpu_full__7ab4e19b__gitc188b320__codebebd8b2d__20260713T115339963731Z,msl_ncam_nlb_448279988edr_f0300484ncam00250m1,test_msl,bedrock,iou,,0,0,181913
unet__pretrained__resnet34__in_rover__seed1415__gpu_full__7ab4e19b__gitc188b320__codebebd8b2d__20260713T115339963731Z,msl_ncam_nlb_448279988edr_f0300484ncam00250m1,test_msl,sand,iou,,0,0,181913
unet__pretrained__resnet34__in_rover__seed1415__gpu_full__7ab4e19b__gitc188b320__codebebd8b2d__20260713T115339963731Z,msl_ncam_nlb_448279988edr_f0300484ncam00250m1,test_msl,big_rock,iou,,0,0,181913
unet__pretrained__resnet34__in_rover__seed1415__gpu_full__7ab4e19b__gitc188b320__codebebd8b2d__20260713T115339963731Z,msl_ncam_nlb_448279988edr_f0300484ncam00250m1,test_msl,ALL,pixel_acc,1.0,0,0,181913
unet__pretrained__resnet34__in_rover__seed1415__gpu_full__7ab4e19b__gitc188b320__codebebd8b2d__20260713T115339963731Z,msl_ncam_nlb_448279988edr_f0300484ncam00250m1,test_msl,ALL,boundary_f1,1.0,0,0,181913
unet__pretrained__resnet34__in_rover__seed1415__gpu_full__7ab4e19b__gitc188b320__codebebd8b2d__20260713T115339963731Z,msl_ncam_nlb_448280142edr_f0300484ncam00250m1,test_msl,soil,iou,1.0,85498,85498,85498
unet__pretrained__resnet34__in_rover__seed1415__gpu_full__7ab4e19b__gitc188b320__codebebd8b2d__20260713T115339963731Z,msl_ncam_nlb_448280142edr_f0300484ncam00250m1,test_msl,bedrock,iou,,0,0,85498
unet__pretrained__resnet34__in_rover__seed1415__gpu_full__7ab4e19b__gitc188b320__codebebd8b2d__20260713T115339963731Z,msl_ncam_nlb_448280142edr_f0300484ncam00250m1,test_msl,sand,iou,,0,0,85498
unet__pretrained__resnet34__in_rover__seed1415__gpu_full__7ab4e19b__gitc188b320__codebebd8b2d__20260713T115339963731Z,msl_ncam_nlb_448280142edr_f0300484ncam00250m1,test_msl,big_rock,iou,,0,0,85498
unet__pretrained__resnet34__in_rover__seed1415__gpu_full__7ab4e19b__gitc188b320__codebebd8b2d__20260713T115339963731Z,msl_ncam_nlb_448280142edr_f0300484ncam00250m1,test_msl,ALL,pixel_acc,1.0,0,0,85498
unet__pretrained__resnet34__in_rover__seed1415__gpu_full__7ab4e19b__gitc188b320__codebebd8b2d__20260713T115339963731Z,msl_ncam_nlb_448280142edr_f0300484ncam00250m1,test_msl,ALL,boundary_f1,1.0,0,0,85498
unet__pretrained__resnet34__in_rover__seed1415__gpu_full__7ab4e19b__gitc188b320__codebebd8b2d__20260713T115339963731Z,msl_ncam_nlb_453776957edr_f0320204ncam00498m1,test_msl,soil,iou,0.999871155273357,194007,194032,201171
unet__pretrained__resnet34__in_rover__seed1415__gpu_full__7ab4e19b__gitc188b320__codebebd8b2d__20260713T115339963731Z,msl_ncam_nlb_453776957edr_f0320204ncam00498m1,test_msl,bedrock,iou,,0,0,201171
unet__pretrained__resnet34__in_rover__seed1415__gpu_full__7ab4e19b__gitc188b320__codebebd8b2d__20260713T115339963731Z,msl_ncam_nlb_453776957edr_f0320204ncam00498m1,test_msl,sand,iou,0.9735025191267027,5217,5359,201171
unet__pretrained__resnet34__in_rover__seed1415__gpu_full__7ab4e19b__gitc188b320__codebebd8b2d__20260713T115339963731Z,msl_ncam_nlb_453776957edr_f0320204ncam00498m1,test_msl,big_rock,iou,0.9391259105098856,1805,1922,201171
unet__pretrained__resnet34__in_rover__seed1415__gpu_full__7ab4e19b__gitc188b320__codebebd8b2d__20260713T115339963731Z,msl_ncam_nlb_453776957edr_f0320204ncam00498m1,test_msl,ALL,pixel_acc,0.9992941328521506,0,0,201171
unet__pretrained__resnet34__in_rover__seed1415__gpu_full__7ab4e19b__gitc188b320__codebebd8b2d__20260713T115339963731Z,msl_ncam_nlb_453776957edr_f0320204ncam00498m1,test_msl,ALL,boundary_f1,0.937622363714819,0,0,201171
unet__pretrained__resnet34__in_rover__seed1415__gpu_full__7ab4e19b__gitc188b320__codebebd8b2d__20260713T115339963731Z,msl_ncam_nlb_453777056edr_f0320204ncam00497m1,test_msl,soil,iou,1.0,241876,241876,241876
unet__pretrained__resnet34__in_rover__seed1415__gpu_full__7ab4e19b__gitc188b320__codebebd8b2d__20260713T115339963731Z,msl_ncam_nlb_453777056edr_f0320204ncam00497m1,test_msl,bedrock,iou,,0,0,241876
unet__pretrained__resnet34__in_rover__seed1415__gpu_full__7ab4e19b__gitc188b320__codebebd8b2d__20260713T115339963731Z,msl_ncam_nlb_453777056edr_f0320204ncam00497m1,test_msl,sand,iou,,0,0,241876
unet__pretrained__resnet34__in_rover__seed1415__gpu_full__7ab4e19b__gitc188b320__codebebd8b2d__20260713T115339963731Z,msl_ncam_nlb_453777056edr_f0320204ncam00497m1,test_msl,big_rock,iou,,0,0,241876
unet__pretrained__resnet34__in_rover__seed1415__gpu_full__7ab4e19b__gitc188b320__codebebd8b2d__20260713T115339963731Z,msl_ncam_nlb_453777056edr_f0320204ncam00497m1,test_msl,ALL,pixel_acc,1.0,0,0,241876
unet__pretrained__resnet34__in_rover__seed1415__gpu_full__7ab4e19b__gitc188b320__codebebd8b2d__20260713T115339963731Z,msl_ncam_nlb_453777056edr_f0320204ncam00497m1,test_msl,ALL,boundary_f1,1.0,0,0,241876
unet__pretrained__resnet34__in_rover__seed1415__gpu_full__7ab4e19b__gitc188b320__codebebd8b2d__20260713T115339963731Z,msl_ncam_nlb_453780775edr_f0320478ncam00353m1,test_msl,soil,iou,1.0,178148,178148,178148
unet__pretrained__resnet34__in_rover__seed1415__gpu_full__7ab4e19b__gitc188b320__codebebd8b2d__20260713T115339963731Z,msl_ncam_nlb_453780775edr_f0320478ncam00353m1,test_msl,bedrock,iou,,0,0,178148
unet__pretrained__resnet34__in_rover__seed1415__gpu_full__7ab4e19b__gitc188b320__codebebd8b2d__20260713T115339963731Z,msl_ncam_nlb_453780775edr_f0320478ncam00353m1,test_msl,sand,iou,,0,0,178148
unet__pretrained__resnet34__in_rover__seed1415__gpu_full__7ab4e19b__gitc188b320__codebebd8b2d__20260713T115339963731Z,msl_ncam_nlb_453780775edr_f0320478ncam00353m1,test_msl,big_rock,iou,,0,0,178148
unet__pretrained__resnet34__in_rover__seed1415__gpu_full__7ab4e19b__gitc188b320__codebebd8b2d__20260713T115339963731Z,msl_ncam_nlb_453780775edr_f0320478ncam00353m1,test_msl,ALL,pixel_acc,1.0,0,0,178148
unet__pretrained__resnet34__in_rover__seed1415__gpu_full__7ab4e19b__gitc188b320__codebebd8b2d__20260713T115339963731Z,msl_ncam_nlb_453780775edr_f0320478ncam00353m1,test_msl,ALL,boundary_f1,1.0,0,0,178148
unet__pretrained__resnet34__in_rover__seed1415__gpu_full__7ab4e19b__gitc188b320__codebebd8b2d__20260713T115339963731Z,msl_ncam_nlb_453780853edr_f0320478ncam00281m1,test_msl,soil,iou,0.9977092388692504,186845,187274,187378
unet__pretrained__resnet34__in_rover__seed1415__gpu_full__7ab4e19b__gitc188b320__codebebd8b2d__20260713T115339963731Z,msl_ncam_nlb_453780853edr_f0320478ncam00281m1,test_msl,bedrock,iou,,0,0,187378
unet__pretrained__resnet34__in_rover__seed1415__gpu_full__7ab4e19b__gitc188b320__codebebd8b2d__20260713T115339963731Z,msl_ncam_nlb_453780853edr_f0320478ncam00281m1,test_msl,sand,iou,,0,0,187378
unet__pretrained__resnet34__in_rover__seed1415__gpu_full__7ab4e19b__gitc188b320__codebebd8b2d__20260713T115339963731Z,msl_ncam_nlb_453780853edr_f0320478ncam00281m1,test_msl,big_rock,iou,0.1951219512195122,104,533,187378
unet__pretrained__resnet34__in_rover__seed1415__gpu_full__7ab4e19b__gitc188b320__codebebd8b2d__20260713T115339963731Z,msl_ncam_nlb_453780853edr_f0320478ncam00281m1,test_msl,ALL,pixel_acc,0.9977105103053721,0,0,187378
unet__pretrained__resnet34__in_rover__seed1415__gpu_full__7ab4e19b__gitc188b320__codebebd8b2d__20260713T115339963731Z,msl_ncam_nlb_453780853edr_f0320478ncam00281m1,test_msl,ALL,boundary_f1,0.7087935803252118,0,0,187378
unet__pretrained__resnet34__in_rover__seed1415__gpu_full__7ab4e19b__gitc188b320__codebebd8b2d__20260713T115339963731Z,msl_ncam_nlb_453781520edr_f0320478ncam00282m1,test_msl,soil,iou,1.0,44638,44638,44638
unet__pretrained__resnet34__in_rover__seed1415__gpu_full__7ab4e19b__gitc188b320__codebebd8b2d__20260713T115339963731Z,msl_ncam_nlb_453781520edr_f0320478ncam00282m1,test_msl,bedrock,iou,,0,0,44638
unet__pretrained__resnet34__in_rover__seed1415__gpu_full__7ab4e19b__gitc188b320__codebebd8b2d__20260713T115339963731Z,msl_ncam_nlb_453781520edr_f0320478ncam00282m1,test_msl,sand,iou,,0,0,44638
unet__pretrained__resnet34__in_rover__seed1415__gpu_full__7ab4e19b__gitc188b320__codebebd8b2d__20260713T115339963731Z,msl_ncam_nlb_453781520edr_f0320478ncam00282m1,test_msl,big_rock,iou,,0,0,44638
unet__pretrained__resnet34__in_rover__seed1415__gpu_full__7ab4e19b__gitc188b320__codebebd8b2d__20260713T115339963731Z,msl_ncam_nlb_453781520edr_f0320478ncam00282m1,test_msl,ALL,pixel_acc,1.0,0,0,44638
unet__pretrained__resnet34__in_rover__seed1415__gpu_full__7ab4e19b__gitc188b320__codebebd8b2d__20260713T115339963731Z,msl_ncam_nlb_453781520edr_f0320478ncam00282m1,test_msl,ALL,boundary_f1,1.0,0,0,44638
unet__pretrained__resnet34__in_rover__seed1415__gpu_full__7ab4e19b__gitc188b320__codebebd8b2d__20260713T115339963731Z,msl_ncam_nlb_453781583edr_f0320478ncam00282m1,test_msl,soil,iou,,0,0,0
unet__pretrained__resnet34__in_rover__seed1415__gpu_full__7ab4e19b__gitc188b320__codebebd8b2d__20260713T115339963731Z,msl_ncam_nlb_453781583edr_f0320478ncam00282m1,test_msl,bedrock,iou,,0,0,0
unet__pretrained__resnet34__in_rover__seed1415__gpu_full__7ab4e19b__gitc188b320__codebebd8b2d__20260713T115339963731Z,msl_ncam_nlb_453781583edr_f0320478ncam00282m1,test_msl,sand,iou,,0,0,0
unet__pretrained__resnet34__in_rover__seed1415__gpu_full__7ab4e19b__gitc188b320__codebebd8b2d__20260713T115339963731Z,msl_ncam_nlb_453781583edr_f0320478ncam00282m1,test_msl,big_rock,iou,,0,0,0
unet__pretrained__resnet34__in_rover__seed1415__gpu_full__7ab4e19b__gitc188b320__codebebd8b2d__20260713T115339963731Z,msl_ncam_nlb_453781583edr_f0320478ncam00282m1,test_msl,ALL,pixel_acc,,0,0,0
unet__pretrained__resnet34__in_rover__seed1415__gpu_full__7ab4e19b__gitc188b320__codebebd8b2d__20260713T115339963731Z,msl_ncam_nlb_453781583edr_f0320478ncam00282m1,test_msl,ALL,boundary_f1,,0,0,0
unet__pretrained__resnet34__in_rover__seed1415__gpu_full__7ab4e19b__gitc188b320__codebebd8b2d__20260713T115339963731Z,msl_ncam_nlb_453781647edr_f0320478ncam00282m1,test_msl,soil,iou,1.0,198856,198856,198856
unet__pretrained__resnet34__in_rover__seed1415__gpu_full__7ab4e19b__gitc188b320__codebebd8b2d__20260713T115339963731Z,msl_ncam_nlb_453781647edr_f0320478ncam00282m1,test_msl,bedrock,iou,,0,0,198856
unet__pretrained__resnet34__in_rover__seed1415__gpu_full__7ab4e19b__gitc188b320__codebebd8b2d__20260713T115339963731Z,msl_ncam_nlb_453781647edr_f0320478ncam00282m1,test_msl,sand,iou,,0,0,198856
unet__pretrained__resnet34__in_rover__seed1415__gpu_full__7ab4e19b__gitc188b320__codebebd8b2d__20260713T115339963731Z,msl_ncam_nlb_453781647edr_f0320478ncam00282m1,test_msl,big_rock,iou,,0,0,198856
unet__pretrained__resnet34__in_rover__seed1415__gpu_full__7ab4e19b__gitc188b320__codebebd8b2d__20260713T115339963731Z,msl_ncam_nlb_453781647edr_f0320478ncam00282m1,test_msl,ALL,pixel_acc,1.0,0,0,198856
unet__pretrained__resnet34__in_rover__seed1415__gpu_full__7ab4e19b__gitc188b320__codebebd8b2d__20260713T115339963731Z,msl_ncam_nlb_453781647edr_f0320478ncam00282m1,test_msl,ALL,boundary_f1,1.0,0,0,198856
unet__pretrained__resnet34__in_rover__seed1415__gpu_full__7ab4e19b__gitc188b320__codebebd8b2d__20260713T115339963731Z,msl_ncam_nlb_454576834edr_f0330660ncam00291m1,test_msl,soil,iou,1.0,96212,96212,96212
unet__pretrained__resnet34__in_rover__seed1415__gpu_full__7ab4e19b__gitc188b320__codebebd8b2d__20260713T115339963731Z,msl_ncam_nlb_454576834edr_f0330660ncam00291m1,test_msl,bedrock,iou,,0,0,96212
unet__pretrained__resnet34__in_rover__seed1415__gpu_full__7ab4e19b__gitc188b320__codebebd8b2d__20260713T115339963731Z,msl_ncam_nlb_454576834edr_f0330660ncam00291m1,test_msl,sand,iou,,0,0,96212
unet__pretrained__resnet34__in_rover__seed1415__gpu_full__7ab4e19b__gitc188b320__codebebd8b2d__20260713T115339963731Z,msl_ncam_nlb_454576834edr_f0330660ncam00291m1,test_msl,big_rock,iou,,0,0,96212
unet__pretrained__resnet34__in_rover__seed1415__gpu_full__7ab4e19b__gitc188b320__codebebd8b2d__20260713T115339963731Z,msl_ncam_nlb_454576834edr_f0330660ncam00291m1,test_msl,ALL,pixel_acc,1.0,0,0,96212
unet__pretrained__resnet34__in_rover__seed1415__gpu_full__7ab4e19b__gitc188b320__codebebd8b2d__20260713T115339963731Z,msl_ncam_nlb_454576834edr_f0330660ncam00291m1,test_msl,ALL,boundary_f1,1.0,0,0,96212
unet__pretrained__resnet34__in_rover__seed1415__gpu_full__7ab4e19b__gitc188b320__codebebd8b2d__20260713T115339963731Z,msl_ncam_nlb_454577689edr_f0330660ncam00350m1,test_msl,soil,iou,1.0,220994,220994,220994
unet__pretrained__resnet34__in_rover__seed1415__gpu_full__7ab4e19b__gitc188b320__codebebd8b2d__20260713T115339963731Z,msl_ncam_nlb_454577689edr_f0330660ncam00350m1,test_msl,bedrock,iou,,0,0,220994
unet__pretrained__resnet34__in_rover__seed1415__gpu_full__7ab4e19b__gitc188b320__codebebd8b2d__20260713T115339963731Z,msl_ncam_nlb_454577689edr_f0330660ncam00350m1,test_msl,sand,iou,,0,0,220994
unet__pretrained__resnet34__in_rover__seed1415__gpu_full__7ab4e19b__gitc188b320__codebebd8b2d__20260713T115339963731Z,msl_ncam_nlb_454577689edr_f0330660ncam00350m1,test_msl,big_rock,iou,,0,0,220994
unet__pretrained__resnet34__in_rover__seed1415__gpu_full__7ab4e19b__gitc188b320__codebebd8b2d__20260713T115339963731Z,msl_ncam_nlb_454577689edr_f0330660ncam00350m1,test_msl,ALL,pixel_acc,1.0,0,0,220994
unet__pretrained__resnet34__in_rover__seed1415__gpu_full__7ab4e19b__gitc188b320__codebebd8b2d__20260713T115339963731Z,msl_ncam_nlb_454577689edr_f0330660ncam00350m1,test_msl,ALL,boundary_f1,1.0,0,0,220994
unet__pretrained__resnet34__in_rover__seed1415__gpu_full__7ab4e19b__gitc188b320__codebebd8b2d__20260713T115339963731Z,msl_ncam_nlb_454577808edr_f0330660ncam00350m1,test_msl,soil,iou,1.0,149819,149819,149819
unet__pretrained__resnet34__in_rover__seed1415__gpu_full__7ab4e19b__gitc188b320__codebebd8b2d__20260713T115339963731Z,msl_ncam_nlb_454577808edr_f0330660ncam00350m1,test_msl,bedrock,iou,,0,0,149819
unet__pretrained__resnet34__in_rover__seed1415__gpu_full__7ab4e19b__gitc188b320__codebebd8b2d__20260713T115339963731Z,msl_ncam_nlb_454577808edr_f0330660ncam00350m1,test_msl,sand,iou,,0,0,149819
unet__pretrained__resnet34__in_rover__seed1415__gpu_full__7ab4e19b__gitc188b320__codebebd8b2d__20260713T115339963731Z,msl_ncam_nlb_454577808edr_f0330660ncam00350m1,test_msl,big_rock,iou,,0,0,149819
unet__pretrained__resnet34__in_rover__seed1415__gpu_full__7ab4e19b__gitc188b320__codebebd8b2d__20260713T115339963731Z,msl_ncam_nlb_454577808edr_f0330660ncam00350m1,test_msl,ALL,pixel_acc,1.0,0,0,149819
unet__pretrained__resnet34__in_rover__seed1415__gpu_full__7ab4e19b__gitc188b320__codebebd8b2d__20260713T115339963731Z,msl_ncam_nlb_454577808edr_f0330660ncam00350m1,test_msl,ALL,boundary_f1,1.0,0,0,149819
unet__pretrained__resnet34__in_rover__seed1415__gpu_full__7ab4e19b__gitc188b320__codebebd8b2d__20260713T115339963731Z,msl_ncam_nlb_454577843edr_f0330660ncam00292m1,test_msl,soil,iou,1.0,190037,190037,190037
unet__pretrained__resnet34__in_rover__seed1415__gpu_full__7ab4e19b__gitc188b320__codebebd8b2d__20260713T115339963731Z,msl_ncam_nlb_454577843edr_f0330660ncam00292m1,test_msl,bedrock,iou,,0,0,190037
unet__pretrained__resnet34__in_rover__seed1415__gpu_full__7ab4e19b__gitc188b320__codebebd8b2d__20260713T115339963731Z,msl_ncam_nlb_454577843edr_f0330660ncam00292m1,test_msl,sand,iou,,0,0,190037
unet__pretrained__resnet34__in_rover__seed1415__gpu_full__7ab4e19b__gitc188b320__codebebd8b2d__20260713T115339963731Z,msl_ncam_nlb_454577843edr_f0330660ncam00292m1,test_msl,big_rock,iou,,0,0,190037
unet__pretrained__resnet34__in_rover__seed1415__gpu_full__7ab4e19b__gitc188b320__codebebd8b2d__20260713T115339963731Z,msl_ncam_nlb_454577843edr_f0330660ncam00292m1,test_msl,ALL,pixel_acc,1.0,0,0,190037
unet__pretrained__resnet34__in_rover__seed1415__gpu_full__7ab4e19b__gitc188b320__codebebd8b2d__20260713T115339963731Z,msl_ncam_nlb_454577843edr_f0330660ncam00292m1,test_msl,ALL,boundary_f1,1.0,0,0,190037
unet__pretrained__resnet34__in_rover__seed1415__gpu_full__7ab4e19b__gitc188b320__codebebd8b2d__20260713T115339963731Z,msl_ncam_nlb_454577912edr_f0330660ncam00292m1,test_msl,soil,iou,1.0,152116,152116,152116
unet__pretrained__resnet34__in_rover__seed1415__gpu_full__7ab4e19b__gitc188b320__codebebd8b2d__20260713T115339963731Z,msl_ncam_nlb_454577912edr_f0330660ncam00292m1,test_msl,bedrock,iou,,0,0,152116
unet__pretrained__resnet34__in_rover__seed1415__gpu_full__7ab4e19b__gitc188b320__codebebd8b2d__20260713T115339963731Z,msl_ncam_nlb_454577912edr_f0330660ncam00292m1,test_msl,sand,iou,,0,0,152116
unet__pretrained__resnet34__in_rover__seed1415__gpu_full__7ab4e19b__gitc188b320__codebebd8b2d__20260713T115339963731Z,msl_ncam_nlb_454577912edr_f0330660ncam00292m1,test_msl,big_rock,iou,,0,0,152116
unet__pretrained__resnet34__in_rover__seed1415__gpu_full__7ab4e19b__gitc188b320__codebebd8b2d__20260713T115339963731Z,msl_ncam_nlb_454577912edr_f0330660ncam00292m1,test_msl,ALL,pixel_acc,1.0,0,0,152116
unet__pretrained__resnet34__in_rover__seed1415__gpu_full__7ab4e19b__gitc188b320__codebebd8b2d__20260713T115339963731Z,msl_ncam_nlb_454577912edr_f0330660ncam00292m1,test_msl,ALL,boundary_f1,1.0,0,0,152116
unet__pretrained__resnet34__in_rover__seed1415__gpu_full__7ab4e19b__gitc188b320__codebebd8b2d__20260713T115339963731Z,msl_ncam_nlb_455641497edr_f0340774ncam00251m1,test_msl,soil,iou,1.0,200625,200625,200625
unet__pretrained__resnet34__in_rover__seed1415__gpu_full__7ab4e19b__gitc188b320__codebebd8b2d__20260713T115339963731Z,msl_ncam_nlb_455641497edr_f0340774ncam00251m1,test_msl,bedrock,iou,,0,0,200625
unet__pretrained__resnet34__in_rover__seed1415__gpu_full__7ab4e19b__gitc188b320__codebebd8b2d__20260713T115339963731Z,msl_ncam_nlb_455641497edr_f0340774ncam00251m1,test_msl,sand,iou,,0,0,200625
unet__pretrained__resnet34__in_rover__seed1415__gpu_full__7ab4e19b__gitc188b320__codebebd8b2d__20260713T115339963731Z,msl_ncam_nlb_455641497edr_f0340774ncam00251m1,test_msl,big_rock,iou,,0,0,200625
unet__pretrained__resnet34__in_rover__seed1415__gpu_full__7ab4e19b__gitc188b320__codebebd8b2d__20260713T115339963731Z,msl_ncam_nlb_455641497edr_f0340774ncam00251m1,test_msl,ALL,pixel_acc,1.0,0,0,200625
unet__pretrained__resnet34__in_rover__seed1415__gpu_full__7ab4e19b__gitc188b320__codebebd8b2d__20260713T115339963731Z,msl_ncam_nlb_455641497edr_f0340774ncam00251m1,test_msl,ALL,boundary_f1,1.0,0,0,200625
unet__pretrained__resnet34__in_rover__seed1415__gpu_full__7ab4e19b__gitc188b320__codebebd8b2d__20260713T115339963731Z,msl_ncam_nlb_455642279edr_f0340774ncam00354m1,test_msl,soil,iou,,0,0,0
unet__pretrained__resnet34__in_rover__seed1415__gpu_full__7ab4e19b__gitc188b320__codebebd8b2d__20260713T115339963731Z,msl_ncam_nlb_455642279edr_f0340774ncam00354m1,test_msl,bedrock,iou,,0,0,0
unet__pretrained__resnet34__in_rover__seed1415__gpu_full__7ab4e19b__gitc188b320__codebebd8b2d__20260713T115339963731Z,msl_ncam_nlb_455642279edr_f0340774ncam00354m1,test_msl,sand,iou,,0,0,0
unet__pretrained__resnet34__in_rover__seed1415__gpu_full__7ab4e19b__gitc188b320__codebebd8b2d__20260713T115339963731Z,msl_ncam_nlb_455642279edr_f0340774ncam00354m1,test_msl,big_rock,iou,,0,0,0
unet__pretrained__resnet34__in_rover__seed1415__gpu_full__7ab4e19b__gitc188b320__codebebd8b2d__20260713T115339963731Z,msl_ncam_nlb_455642279edr_f0340774ncam00354m1,test_msl,ALL,pixel_acc,,0,0,0
unet__pretrained__resnet34__in_rover__seed1415__gpu_full__7ab4e19b__gitc188b320__codebebd8b2d__20260713T115339963731Z,msl_ncam_nlb_455642279edr_f0340774ncam00354m1,test_msl,ALL,boundary_f1,,0,0,0
unet__pretrained__resnet34__in_rover__seed1415__gpu_full__7ab4e19b__gitc188b320__codebebd8b2d__20260713T115339963731Z,msl_ncam_nlb_455642442edr_f0340774ncam00252m1,test_msl,soil,iou,1.0,411,411,411
unet__pretrained__resnet34__in_rover__seed1415__gpu_full__7ab4e19b__gitc188b320__codebebd8b2d__20260713T115339963731Z,msl_ncam_nlb_455642442edr_f0340774ncam00252m1,test_msl,bedrock,iou,,0,0,411
unet__pretrained__resnet34__in_rover__seed1415__gpu_full__7ab4e19b__gitc188b320__codebebd8b2d__20260713T115339963731Z,msl_ncam_nlb_455642442edr_f0340774ncam00252m1,test_msl,sand,iou,,0,0,411
unet__pretrained__resnet34__in_rover__seed1415__gpu_full__7ab4e19b__gitc188b320__codebebd8b2d__20260713T115339963731Z,msl_ncam_nlb_455642442edr_f0340774ncam00252m1,test_msl,big_rock,iou,,0,0,411
unet__pretrained__resnet34__in_rover__seed1415__gpu_full__7ab4e19b__gitc188b320__codebebd8b2d__20260713T115339963731Z,msl_ncam_nlb_455642442edr_f0340774ncam00252m1,test_msl,ALL,pixel_acc,1.0,0,0,411
unet__pretrained__resnet34__in_rover__seed1415__gpu_full__7ab4e19b__gitc188b320__codebebd8b2d__20260713T115339963731Z,msl_ncam_nlb_455642442edr_f0340774ncam00252m1,test_msl,ALL,boundary_f1,1.0,0,0,411
unet__pretrained__resnet34__in_rover__seed1415__gpu_full__7ab4e19b__gitc188b320__codebebd8b2d__20260713T115339963731Z,msl_ncam_nlb_455642480edr_f0340774ncam00252m1,test_msl,soil,iou,1.0,162032,162032,162032
unet__pretrained__resnet34__in_rover__seed1415__gpu_full__7ab4e19b__gitc188b320__codebebd8b2d__20260713T115339963731Z,msl_ncam_nlb_455642480edr_f0340774ncam00252m1,test_msl,bedrock,iou,,0,0,162032
unet__pretrained__resnet34__in_rover__seed1415__gpu_full__7ab4e19b__gitc188b320__codebebd8b2d__20260713T115339963731Z,msl_ncam_nlb_455642480edr_f0340774ncam00252m1,test_msl,sand,iou,,0,0,162032
unet__pretrained__resnet34__in_rover__seed1415__gpu_full__7ab4e19b__gitc188b320__codebebd8b2d__20260713T115339963731Z,msl_ncam_nlb_455642480edr_f0340774ncam00252m1,test_msl,big_rock,iou,,0,0,162032
unet__pretrained__resnet34__in_rover__seed1415__gpu_full__7ab4e19b__gitc188b320__codebebd8b2d__20260713T115339963731Z,msl_ncam_nlb_455642480edr_f0340774ncam00252m1,test_msl,ALL,pixel_acc,1.0,0,0,162032
unet__pretrained__resnet34__in_rover__seed1415__gpu_full__7ab4e19b__gitc188b320__codebebd8b2d__20260713T115339963731Z,msl_ncam_nlb_455642480edr_f0340774ncam00252m1,test_msl,ALL,boundary_f1,1.0,0,0,162032
unet__pretrained__resnet34__in_rover__seed1415__gpu_full__7ab4e19b__gitc188b320__codebebd8b2d__20260713T115339963731Z,msl_ncam_nlb_455642594edr_f0340774ncam00252m1,test_msl,soil,iou,1.0,59579,59579,59579
unet__pretrained__resnet34__in_rover__seed1415__gpu_full__7ab4e19b__gitc188b320__codebebd8b2d__20260713T115339963731Z,msl_ncam_nlb_455642594edr_f0340774ncam00252m1,test_msl,bedrock,iou,,0,0,59579
unet__pretrained__resnet34__in_rover__seed1415__gpu_full__7ab4e19b__gitc188b320__codebebd8b2d__20260713T115339963731Z,msl_ncam_nlb_455642594edr_f0340774ncam00252m1,test_msl,sand,iou,,0,0,59579
unet__pretrained__resnet34__in_rover__seed1415__gpu_full__7ab4e19b__gitc188b320__codebebd8b2d__20260713T115339963731Z,msl_ncam_nlb_455642594edr_f0340774ncam00252m1,test_msl,big_rock,iou,,0,0,59579
unet__pretrained__resnet34__in_rover__seed1415__gpu_full__7ab4e19b__gitc188b320__codebebd8b2d__20260713T115339963731Z,msl_ncam_nlb_455642594edr_f0340774ncam00252m1,test_msl,ALL,pixel_acc,1.0,0,0,59579
unet__pretrained__resnet34__in_rover__seed1415__gpu_full__7ab4e19b__gitc188b320__codebebd8b2d__20260713T115339963731Z,msl_ncam_nlb_455642594edr_f0340774ncam00252m1,test_msl,ALL,boundary_f1,1.0,0,0,59579
unet__pretrained__resnet34__in_rover__seed1415__gpu_full__7ab4e19b__gitc188b320__codebebd8b2d__20260713T115339963731Z,msl_ncam_nlb_457064543edr_f0371542ncam00273m1,test_msl,soil,iou,0.9828120846992114,66558,67722,68123
unet__pretrained__resnet34__in_rover__seed1415__gpu_full__7ab4e19b__gitc188b320__codebebd8b2d__20260713T115339963731Z,msl_ncam_nlb_457064543edr_f0371542ncam00273m1,test_msl,bedrock,iou,,0,0,68123
unet__pretrained__resnet34__in_rover__seed1415__gpu_full__7ab4e19b__gitc188b320__codebebd8b2d__20260713T115339963731Z,msl_ncam_nlb_457064543edr_f0371542ncam00273m1,test_msl,sand,iou,0.2562300319488818,401,1565,68123
unet__pretrained__resnet34__in_rover__seed1415__gpu_full__7ab4e19b__gitc188b320__codebebd8b2d__20260713T115339963731Z,msl_ncam_nlb_457064543edr_f0371542ncam00273m1,test_msl,big_rock,iou,,0,0,68123
unet__pretrained__resnet34__in_rover__seed1415__gpu_full__7ab4e19b__gitc188b320__codebebd8b2d__20260713T115339963731Z,msl_ncam_nlb_457064543edr_f0371542ncam00273m1,test_msl,ALL,pixel_acc,0.9829132598388209,0,0,68123
unet__pretrained__resnet34__in_rover__seed1415__gpu_full__7ab4e19b__gitc188b320__codebebd8b2d__20260713T115339963731Z,msl_ncam_nlb_457064543edr_f0371542ncam00273m1,test_msl,ALL,boundary_f1,0.7221117970386761,0,0,68123
unet__pretrained__resnet34__in_rover__seed1415__gpu_full__7ab4e19b__gitc188b320__codebebd8b2d__20260713T115339963731Z,msl_ncam_nlb_457064954edr_f0371542ncam00354m1,test_msl,soil,iou,,0,0,0
unet__pretrained__resnet34__in_rover__seed1415__gpu_full__7ab4e19b__gitc188b320__codebebd8b2d__20260713T115339963731Z,msl_ncam_nlb_457064954edr_f0371542ncam00354m1,test_msl,bedrock,iou,,0,0,0
unet__pretrained__resnet34__in_rover__seed1415__gpu_full__7ab4e19b__gitc188b320__codebebd8b2d__20260713T115339963731Z,msl_ncam_nlb_457064954edr_f0371542ncam00354m1,test_msl,sand,iou,,0,0,0
unet__pretrained__resnet34__in_rover__seed1415__gpu_full__7ab4e19b__gitc188b320__codebebd8b2d__20260713T115339963731Z,msl_ncam_nlb_457064954edr_f0371542ncam00354m1,test_msl,big_rock,iou,,0,0,0
unet__pretrained__resnet34__in_rover__seed1415__gpu_full__7ab4e19b__gitc188b320__codebebd8b2d__20260713T115339963731Z,msl_ncam_nlb_457064954edr_f0371542ncam00354m1,test_msl,ALL,pixel_acc,,0,0,0
unet__pretrained__resnet34__in_rover__seed1415__gpu_full__7ab4e19b__gitc188b320__codebebd8b2d__20260713T115339963731Z,msl_ncam_nlb_457064954edr_f0371542ncam00354m1,test_msl,ALL,boundary_f1,,0,0,0
unet__pretrained__resnet34__in_rover__seed1415__gpu_full__7ab4e19b__gitc188b320__codebebd8b2d__20260713T115339963731Z,msl_ncam_nlb_457065016edr_f0371542ncam00354m1,test_msl,soil,iou,0.9999881982922929,169465,169467,169467
unet__pretrained__resnet34__in_rover__seed1415__gpu_full__7ab4e19b__gitc188b320__codebebd8b2d__20260713T115339963731Z,msl_ncam_nlb_457065016edr_f0371542ncam00354m1,test_msl,bedrock,iou,,0,0,169467
unet__pretrained__resnet34__in_rover__seed1415__gpu_full__7ab4e19b__gitc188b320__codebebd8b2d__20260713T115339963731Z,msl_ncam_nlb_457065016edr_f0371542ncam00354m1,test_msl,sand,iou,0.0,0,2,169467
unet__pretrained__resnet34__in_rover__seed1415__gpu_full__7ab4e19b__gitc188b320__codebebd8b2d__20260713T115339963731Z,msl_ncam_nlb_457065016edr_f0371542ncam00354m1,test_msl,big_rock,iou,,0,0,169467
unet__pretrained__resnet34__in_rover__seed1415__gpu_full__7ab4e19b__gitc188b320__codebebd8b2d__20260713T115339963731Z,msl_ncam_nlb_457065016edr_f0371542ncam00354m1,test_msl,ALL,pixel_acc,0.9999881982922929,0,0,169467
unet__pretrained__resnet34__in_rover__seed1415__gpu_full__7ab4e19b__gitc188b320__codebebd8b2d__20260713T115339963731Z,msl_ncam_nlb_457065016edr_f0371542ncam00354m1,test_msl,ALL,boundary_f1,0.5,0,0,169467
unet__pretrained__resnet34__in_rover__seed1415__gpu_full__7ab4e19b__gitc188b320__codebebd8b2d__20260713T115339963731Z,msl_ncam_nlb_457065086edr_f0371542ncam00354m1,test_msl,soil,iou,0.9788929112750686,78146,79831,79831
unet__pretrained__resnet34__in_rover__seed1415__gpu_full__7ab4e19b__gitc188b320__codebebd8b2d__20260713T115339963731Z,msl_ncam_nlb_457065086edr_f0371542ncam00354m1,test_msl,bedrock,iou,,0,0,79831
unet__pretrained__resnet34__in_rover__seed1415__gpu_full__7ab4e19b__gitc188b320__codebebd8b2d__20260713T115339963731Z,msl_ncam_nlb_457065086edr_f0371542ncam00354m1,test_msl,sand,iou,0.0,0,1685,79831
unet__pretrained__resnet34__in_rover__seed1415__gpu_full__7ab4e19b__gitc188b320__codebebd8b2d__20260713T115339963731Z,msl_ncam_nlb_457065086edr_f0371542ncam00354m1,test_msl,big_rock,iou,,0,0,79831
unet__pretrained__resnet34__in_rover__seed1415__gpu_full__7ab4e19b__gitc188b320__codebebd8b2d__20260713T115339963731Z,msl_ncam_nlb_457065086edr_f0371542ncam00354m1,test_msl,ALL,pixel_acc,0.9788929112750686,0,0,79831
unet__pretrained__resnet34__in_rover__seed1415__gpu_full__7ab4e19b__gitc188b320__codebebd8b2d__20260713T115339963731Z,msl_ncam_nlb_457065086edr_f0371542ncam00354m1,test_msl,ALL,boundary_f1,0.46907993966817496,0,0,79831
unet__pretrained__resnet34__in_rover__seed1415__gpu_full__7ab4e19b__gitc188b320__codebebd8b2d__20260713T115339963731Z,msl_ncam_nlb_457072541edr_f0371542ncam00274m1,test_msl,soil,iou,1.0,53194,53194,53194
unet__pretrained__resnet34__in_rover__seed1415__gpu_full__7ab4e19b__gitc188b320__codebebd8b2d__20260713T115339963731Z,msl_ncam_nlb_457072541edr_f0371542ncam00274m1,test_msl,bedrock,iou,,0,0,53194
unet__pretrained__resnet34__in_rover__seed1415__gpu_full__7ab4e19b__gitc188b320__codebebd8b2d__20260713T115339963731Z,msl_ncam_nlb_457072541edr_f0371542ncam00274m1,test_msl,sand,iou,,0,0,53194
unet__pretrained__resnet34__in_rover__seed1415__gpu_full__7ab4e19b__gitc188b320__codebebd8b2d__20260713T115339963731Z,msl_ncam_nlb_457072541edr_f0371542ncam00274m1,test_msl,big_rock,iou,,0,0,53194
unet__pretrained__resnet34__in_rover__seed1415__gpu_full__7ab4e19b__gitc188b320__codebebd8b2d__20260713T115339963731Z,msl_ncam_nlb_457072541edr_f0371542ncam00274m1,test_msl,ALL,pixel_acc,1.0,0,0,53194
unet__pretrained__resnet34__in_rover__seed1415__gpu_full__7ab4e19b__gitc188b320__codebebd8b2d__20260713T115339963731Z,msl_ncam_nlb_457072541edr_f0371542ncam00274m1,test_msl,ALL,boundary_f1,1.0,0,0,53194
unet__pretrained__resnet34__in_rover__seed1415__gpu_full__7ab4e19b__gitc188b320__codebebd8b2d__20260713T115339963731Z,msl_ncam_nlb_457072755edr_f0371542ncam00274m1,test_msl,soil,iou,1.0,71012,71012,71012
unet__pretrained__resnet34__in_rover__seed1415__gpu_full__7ab4e19b__gitc188b320__codebebd8b2d__20260713T115339963731Z,msl_ncam_nlb_457072755edr_f0371542ncam00274m1,test_msl,bedrock,iou,,0,0,71012
unet__pretrained__resnet34__in_rover__seed1415__gpu_full__7ab4e19b__gitc188b320__codebebd8b2d__20260713T115339963731Z,msl_ncam_nlb_457072755edr_f0371542ncam00274m1,test_msl,sand,iou,,0,0,71012
unet__pretrained__resnet34__in_rover__seed1415__gpu_full__7ab4e19b__gitc188b320__codebebd8b2d__20260713T115339963731Z,msl_ncam_nlb_457072755edr_f0371542ncam00274m1,test_msl,big_rock,iou,,0,0,71012
unet__pretrained__resnet34__in_rover__seed1415__gpu_full__7ab4e19b__gitc188b320__codebebd8b2d__20260713T115339963731Z,msl_ncam_nlb_457072755edr_f0371542ncam00274m1,test_msl,ALL,pixel_acc,1.0,0,0,71012
unet__pretrained__resnet34__in_rover__seed1415__gpu_full__7ab4e19b__gitc188b320__codebebd8b2d__20260713T115339963731Z,msl_ncam_nlb_457072755edr_f0371542ncam00274m1,test_msl,ALL,boundary_f1,1.0,0,0,71012
unet__pretrained__resnet34__in_rover__seed1415__gpu_full__7ab4e19b__gitc188b320__codebebd8b2d__20260713T115339963731Z,msl_ncam_nlb_457152468edr_f0380000ncam00346m1,test_msl,soil,iou,,0,0,89859
unet__pretrained__resnet34__in_rover__seed1415__gpu_full__7ab4e19b__gitc188b320__codebebd8b2d__20260713T115339963731Z,msl_ncam_nlb_457152468edr_f0380000ncam00346m1,test_msl,bedrock,iou,,0,0,89859
unet__pretrained__resnet34__in_rover__seed1415__gpu_full__7ab4e19b__gitc188b320__codebebd8b2d__20260713T115339963731Z,msl_ncam_nlb_457152468edr_f0380000ncam00346m1,test_msl,sand,iou,1.0,89859,89859,89859
unet__pretrained__resnet34__in_rover__seed1415__gpu_full__7ab4e19b__gitc188b320__codebebd8b2d__20260713T115339963731Z,msl_ncam_nlb_457152468edr_f0380000ncam00346m1,test_msl,big_rock,iou,,0,0,89859
unet__pretrained__resnet34__in_rover__seed1415__gpu_full__7ab4e19b__gitc188b320__codebebd8b2d__20260713T115339963731Z,msl_ncam_nlb_457152468edr_f0380000ncam00346m1,test_msl,ALL,pixel_acc,1.0,0,0,89859
unet__pretrained__resnet34__in_rover__seed1415__gpu_full__7ab4e19b__gitc188b320__codebebd8b2d__20260713T115339963731Z,msl_ncam_nlb_457152468edr_f0380000ncam00346m1,test_msl,ALL,boundary_f1,1.0,0,0,89859
unet__pretrained__resnet34__in_rover__seed1415__gpu_full__7ab4e19b__gitc188b320__codebebd8b2d__20260713T115339963731Z,msl_ncam_nlb_457152554edr_f0380000ncam00275m1,test_msl,soil,iou,0.870840197693575,10572,12140,177280
unet__pretrained__resnet34__in_rover__seed1415__gpu_full__7ab4e19b__gitc188b320__codebebd8b2d__20260713T115339963731Z,msl_ncam_nlb_457152554edr_f0380000ncam00275m1,test_msl,bedrock,iou,,0,0,177280
unet__pretrained__resnet34__in_rover__seed1415__gpu_full__7ab4e19b__gitc188b320__codebebd8b2d__20260713T115339963731Z,msl_ncam_nlb_457152554edr_f0380000ncam00275m1,test_msl,sand,iou,0.9905943326055139,165140,166708,177280
unet__pretrained__resnet34__in_rover__seed1415__gpu_full__7ab4e19b__gitc188b320__codebebd8b2d__20260713T115339963731Z,msl_ncam_nlb_457152554edr_f0380000ncam00275m1,test_msl,big_rock,iou,,0,0,177280
unet__pretrained__resnet34__in_rover__seed1415__gpu_full__7ab4e19b__gitc188b320__codebebd8b2d__20260713T115339963731Z,msl_ncam_nlb_457152554edr_f0380000ncam00275m1,test_msl,ALL,pixel_acc,0.9911552346570397,0,0,177280
unet__pretrained__resnet34__in_rover__seed1415__gpu_full__7ab4e19b__gitc188b320__codebebd8b2d__20260713T115339963731Z,msl_ncam_nlb_457152554edr_f0380000ncam00275m1,test_msl,ALL,boundary_f1,0.8776012833933722,0,0,177280
unet__pretrained__resnet34__in_rover__seed1415__gpu_full__7ab4e19b__gitc188b320__codebebd8b2d__20260713T115339963731Z,msl_ncam_nlb_457153024edr_f0380000ncam00354m1,test_msl,soil,iou,,0,0,103858
unet__pretrained__resnet34__in_rover__seed1415__gpu_full__7ab4e19b__gitc188b320__codebebd8b2d__20260713T115339963731Z,msl_ncam_nlb_457153024edr_f0380000ncam00354m1,test_msl,bedrock,iou,,0,0,103858
unet__pretrained__resnet34__in_rover__seed1415__gpu_full__7ab4e19b__gitc188b320__codebebd8b2d__20260713T115339963731Z,msl_ncam_nlb_457153024edr_f0380000ncam00354m1,test_msl,sand,iou,1.0,103858,103858,103858
unet__pretrained__resnet34__in_rover__seed1415__gpu_full__7ab4e19b__gitc188b320__codebebd8b2d__20260713T115339963731Z,msl_ncam_nlb_457153024edr_f0380000ncam00354m1,test_msl,big_rock,iou,,0,0,103858
unet__pretrained__resnet34__in_rover__seed1415__gpu_full__7ab4e19b__gitc188b320__codebebd8b2d__20260713T115339963731Z,msl_ncam_nlb_457153024edr_f0380000ncam00354m1,test_msl,ALL,pixel_acc,1.0,0,0,103858
unet__pretrained__resnet34__in_rover__seed1415__gpu_full__7ab4e19b__gitc188b320__codebebd8b2d__20260713T115339963731Z,msl_ncam_nlb_457153024edr_f0380000ncam00354m1,test_msl,ALL,boundary_f1,1.0,0,0,103858
unet__pretrained__resnet34__in_rover__seed1415__gpu_full__7ab4e19b__gitc188b320__codebebd8b2d__20260713T115339963731Z,msl_ncam_nlb_457153056edr_f0380000ncam00354m1,test_msl,soil,iou,,0,0,167988
unet__pretrained__resnet34__in_rover__seed1415__gpu_full__7ab4e19b__gitc188b320__codebebd8b2d__20260713T115339963731Z,msl_ncam_nlb_457153056edr_f0380000ncam00354m1,test_msl,bedrock,iou,,0,0,167988
unet__pretrained__resnet34__in_rover__seed1415__gpu_full__7ab4e19b__gitc188b320__codebebd8b2d__20260713T115339963731Z,msl_ncam_nlb_457153056edr_f0380000ncam00354m1,test_msl,sand,iou,1.0,167988,167988,167988
unet__pretrained__resnet34__in_rover__seed1415__gpu_full__7ab4e19b__gitc188b320__codebebd8b2d__20260713T115339963731Z,msl_ncam_nlb_457153056edr_f0380000ncam00354m1,test_msl,big_rock,iou,,0,0,167988
unet__pretrained__resnet34__in_rover__seed1415__gpu_full__7ab4e19b__gitc188b320__codebebd8b2d__20260713T115339963731Z,msl_ncam_nlb_457153056edr_f0380000ncam00354m1,test_msl,ALL,pixel_acc,1.0,0,0,167988
unet__pretrained__resnet34__in_rover__seed1415__gpu_full__7ab4e19b__gitc188b320__codebebd8b2d__20260713T115339963731Z,msl_ncam_nlb_457153056edr_f0380000ncam00354m1,test_msl,ALL,boundary_f1,1.0,0,0,167988
unet__pretrained__resnet34__in_rover__seed1415__gpu_full__7ab4e19b__gitc188b320__codebebd8b2d__20260713T115339963731Z,msl_ncam_nlb_457153156edr_f0380000ncam00354m1,test_msl,soil,iou,,0,0,119229
unet__pretrained__resnet34__in_rover__seed1415__gpu_full__7ab4e19b__gitc188b320__codebebd8b2d__20260713T115339963731Z,msl_ncam_nlb_457153156edr_f0380000ncam00354m1,test_msl,bedrock,iou,,0,0,119229
unet__pretrained__resnet34__in_rover__seed1415__gpu_full__7ab4e19b__gitc188b320__codebebd8b2d__20260713T115339963731Z,msl_ncam_nlb_457153156edr_f0380000ncam00354m1,test_msl,sand,iou,1.0,119229,119229,119229
unet__pretrained__resnet34__in_rover__seed1415__gpu_full__7ab4e19b__gitc188b320__codebebd8b2d__20260713T115339963731Z,msl_ncam_nlb_457153156edr_f0380000ncam00354m1,test_msl,big_rock,iou,,0,0,119229
unet__pretrained__resnet34__in_rover__seed1415__gpu_full__7ab4e19b__gitc188b320__codebebd8b2d__20260713T115339963731Z,msl_ncam_nlb_457153156edr_f0380000ncam00354m1,test_msl,ALL,pixel_acc,1.0,0,0,119229
unet__pretrained__resnet34__in_rover__seed1415__gpu_full__7ab4e19b__gitc188b320__codebebd8b2d__20260713T115339963731Z,msl_ncam_nlb_457153156edr_f0380000ncam00354m1,test_msl,ALL,boundary_f1,1.0,0,0,119229
unet__pretrained__resnet34__in_rover__seed1415__gpu_full__7ab4e19b__gitc188b320__codebebd8b2d__20260713T115339963731Z,msl_ncam_nlb_457153643edr_f0380000ncam00276m1,test_msl,soil,iou,0.9059200466030729,12441,13733,99398
unet__pretrained__resnet34__in_rover__seed1415__gpu_full__7ab4e19b__gitc188b320__codebebd8b2d__20260713T115339963731Z,msl_ncam_nlb_457153643edr_f0380000ncam00276m1,test_msl,bedrock,iou,,0,0,99398
unet__pretrained__resnet34__in_rover__seed1415__gpu_full__7ab4e19b__gitc188b320__codebebd8b2d__20260713T115339963731Z,msl_ncam_nlb_457153643edr_f0380000ncam00276m1,test_msl,sand,iou,0.9851420817185506,85665,86957,99398
unet__pretrained__resnet34__in_rover__seed1415__gpu_full__7ab4e19b__gitc188b320__codebebd8b2d__20260713T115339963731Z,msl_ncam_nlb_457153643edr_f0380000ncam00276m1,test_msl,big_rock,iou,,0,0,99398
unet__pretrained__resnet34__in_rover__seed1415__gpu_full__7ab4e19b__gitc188b320__codebebd8b2d__20260713T115339963731Z,msl_ncam_nlb_457153643edr_f0380000ncam00276m1,test_msl,ALL,pixel_acc,0.9870017505382402,0,0,99398
unet__pretrained__resnet34__in_rover__seed1415__gpu_full__7ab4e19b__gitc188b320__codebebd8b2d__20260713T115339963731Z,msl_ncam_nlb_457153643edr_f0380000ncam00276m1,test_msl,ALL,boundary_f1,0.839328023641247,0,0,99398
unet__pretrained__resnet34__in_rover__seed1415__gpu_full__7ab4e19b__gitc188b320__codebebd8b2d__20260713T115339963731Z,msl_ncam_nlb_457153706edr_f0380000ncam00276m1,test_msl,soil,iou,0.9052070400934784,12395,13693,108607
unet__pretrained__resnet34__in_rover__seed1415__gpu_full__7ab4e19b__gitc188b320__codebebd8b2d__20260713T115339963731Z,msl_ncam_nlb_457153706edr_f0380000ncam00276m1,test_msl,bedrock,iou,,0,0,108607
unet__pretrained__resnet34__in_rover__seed1415__gpu_full__7ab4e19b__gitc188b320__codebebd8b2d__20260713T115339963731Z,msl_ncam_nlb_457153706edr_f0380000ncam00276m1,test_msl,sand,iou,0.9865089593813662,94914,96212,108607
unet__pretrained__resnet34__in_rover__seed1415__gpu_full__7ab4e19b__gitc188b320__codebebd8b2d__20260713T115339963731Z,msl_ncam_nlb_457153706edr_f0380000ncam00276m1,test_msl,big_rock,iou,,0,0,108607
unet__pretrained__resnet34__in_rover__seed1415__gpu_full__7ab4e19b__gitc188b320__codebebd8b2d__20260713T115339963731Z,msl_ncam_nlb_457153706edr_f0380000ncam00276m1,test_msl,ALL,pixel_acc,0.9880486524809635,0,0,108607
unet__pretrained__resnet34__in_rover__seed1415__gpu_full__7ab4e19b__gitc188b320__codebebd8b2d__20260713T115339963731Z,msl_ncam_nlb_457153706edr_f0380000ncam00276m1,test_msl,ALL,boundary_f1,0.9065715422493026,0,0,108607
unet__pretrained__resnet34__in_rover__seed1415__gpu_full__7ab4e19b__gitc188b320__codebebd8b2d__20260713T115339963731Z,msl_ncam_nlb_459278092edr_f0391396ncam00207m1,test_msl,soil,iou,,0,0,0
unet__pretrained__resnet34__in_rover__seed1415__gpu_full__7ab4e19b__gitc188b320__codebebd8b2d__20260713T115339963731Z,msl_ncam_nlb_459278092edr_f0391396ncam00207m1,test_msl,bedrock,iou,,0,0,0
unet__pretrained__resnet34__in_rover__seed1415__gpu_full__7ab4e19b__gitc188b320__codebebd8b2d__20260713T115339963731Z,msl_ncam_nlb_459278092edr_f0391396ncam00207m1,test_msl,sand,iou,,0,0,0
unet__pretrained__resnet34__in_rover__seed1415__gpu_full__7ab4e19b__gitc188b320__codebebd8b2d__20260713T115339963731Z,msl_ncam_nlb_459278092edr_f0391396ncam00207m1,test_msl,big_rock,iou,,0,0,0
unet__pretrained__resnet34__in_rover__seed1415__gpu_full__7ab4e19b__gitc188b320__codebebd8b2d__20260713T115339963731Z,msl_ncam_nlb_459278092edr_f0391396ncam00207m1,test_msl,ALL,pixel_acc,,0,0,0
unet__pretrained__resnet34__in_rover__seed1415__gpu_full__7ab4e19b__gitc188b320__codebebd8b2d__20260713T115339963731Z,msl_ncam_nlb_459278092edr_f0391396ncam00207m1,test_msl,ALL,boundary_f1,,0,0,0
unet__pretrained__resnet34__in_rover__seed1415__gpu_full__7ab4e19b__gitc188b320__codebebd8b2d__20260713T115339963731Z,msl_ncam_nlb_459290932edr_f0391552ncam00354m1,test_msl,soil,iou,1.0,91075,91075,91075
unet__pretrained__resnet34__in_rover__seed1415__gpu_full__7ab4e19b__gitc188b320__codebebd8b2d__20260713T115339963731Z,msl_ncam_nlb_459290932edr_f0391552ncam00354m1,test_msl,bedrock,iou,,0,0,91075
unet__pretrained__resnet34__in_rover__seed1415__gpu_full__7ab4e19b__gitc188b320__codebebd8b2d__20260713T115339963731Z,msl_ncam_nlb_459290932edr_f0391552ncam00354m1,test_msl,sand,iou,,0,0,91075
unet__pretrained__resnet34__in_rover__seed1415__gpu_full__7ab4e19b__gitc188b320__codebebd8b2d__20260713T115339963731Z,msl_ncam_nlb_459290932edr_f0391552ncam00354m1,test_msl,big_rock,iou,,0,0,91075
unet__pretrained__resnet34__in_rover__seed1415__gpu_full__7ab4e19b__gitc188b320__codebebd8b2d__20260713T115339963731Z,msl_ncam_nlb_459290932edr_f0391552ncam00354m1,test_msl,ALL,pixel_acc,1.0,0,0,91075
unet__pretrained__resnet34__in_rover__seed1415__gpu_full__7ab4e19b__gitc188b320__codebebd8b2d__20260713T115339963731Z,msl_ncam_nlb_459290932edr_f0391552ncam00354m1,test_msl,ALL,boundary_f1,1.0,0,0,91075
unet__pretrained__resnet34__in_rover__seed1415__gpu_full__7ab4e19b__gitc188b320__codebebd8b2d__20260713T115339963731Z,msl_ncam_nlb_459291038edr_f0391552ncam00252m1,test_msl,soil,iou,,0,0,0
unet__pretrained__resnet34__in_rover__seed1415__gpu_full__7ab4e19b__gitc188b320__codebebd8b2d__20260713T115339963731Z,msl_ncam_nlb_459291038edr_f0391552ncam00252m1,test_msl,bedrock,iou,,0,0,0
unet__pretrained__resnet34__in_rover__seed1415__gpu_full__7ab4e19b__gitc188b320__codebebd8b2d__20260713T115339963731Z,msl_ncam_nlb_459291038edr_f0391552ncam00252m1,test_msl,sand,iou,,0,0,0
unet__pretrained__resnet34__in_rover__seed1415__gpu_full__7ab4e19b__gitc188b320__codebebd8b2d__20260713T115339963731Z,msl_ncam_nlb_459291038edr_f0391552ncam00252m1,test_msl,big_rock,iou,,0,0,0
unet__pretrained__resnet34__in_rover__seed1415__gpu_full__7ab4e19b__gitc188b320__codebebd8b2d__20260713T115339963731Z,msl_ncam_nlb_459291038edr_f0391552ncam00252m1,test_msl,ALL,pixel_acc,,0,0,0
unet__pretrained__resnet34__in_rover__seed1415__gpu_full__7ab4e19b__gitc188b320__codebebd8b2d__20260713T115339963731Z,msl_ncam_nlb_459291038edr_f0391552ncam00252m1,test_msl,ALL,boundary_f1,,0,0,0
unet__pretrained__resnet34__in_rover__seed1415__gpu_full__7ab4e19b__gitc188b320__codebebd8b2d__20260713T115339963731Z,msl_ncam_nlb_459291152edr_f0391552ncam00252m1,test_msl,soil,iou,1.0,48046,48046,48046
unet__pretrained__resnet34__in_rover__seed1415__gpu_full__7ab4e19b__gitc188b320__codebebd8b2d__20260713T115339963731Z,msl_ncam_nlb_459291152edr_f0391552ncam00252m1,test_msl,bedrock,iou,,0,0,48046
unet__pretrained__resnet34__in_rover__seed1415__gpu_full__7ab4e19b__gitc188b320__codebebd8b2d__20260713T115339963731Z,msl_ncam_nlb_459291152edr_f0391552ncam00252m1,test_msl,sand,iou,,0,0,48046
unet__pretrained__resnet34__in_rover__seed1415__gpu_full__7ab4e19b__gitc188b320__codebebd8b2d__20260713T115339963731Z,msl_ncam_nlb_459291152edr_f0391552ncam00252m1,test_msl,big_rock,iou,,0,0,48046
unet__pretrained__resnet34__in_rover__seed1415__gpu_full__7ab4e19b__gitc188b320__codebebd8b2d__20260713T115339963731Z,msl_ncam_nlb_459291152edr_f0391552ncam00252m1,test_msl,ALL,pixel_acc,1.0,0,0,48046
unet__pretrained__resnet34__in_rover__seed1415__gpu_full__7ab4e19b__gitc188b320__codebebd8b2d__20260713T115339963731Z,msl_ncam_nlb_459291152edr_f0391552ncam00252m1,test_msl,ALL,boundary_f1,1.0,0,0,48046
unet__pretrained__resnet34__in_rover__seed1415__gpu_full__7ab4e19b__gitc188b320__codebebd8b2d__20260713T115339963731Z,msl_ncam_nlb_459291220edr_f0391552ncam00252m1,test_msl,soil,iou,1.0,132596,132596,132596
unet__pretrained__resnet34__in_rover__seed1415__gpu_full__7ab4e19b__gitc188b320__codebebd8b2d__20260713T115339963731Z,msl_ncam_nlb_459291220edr_f0391552ncam00252m1,test_msl,bedrock,iou,,0,0,132596
unet__pretrained__resnet34__in_rover__seed1415__gpu_full__7ab4e19b__gitc188b320__codebebd8b2d__20260713T115339963731Z,msl_ncam_nlb_459291220edr_f0391552ncam00252m1,test_msl,sand,iou,,0,0,132596
unet__pretrained__resnet34__in_rover__seed1415__gpu_full__7ab4e19b__gitc188b320__codebebd8b2d__20260713T115339963731Z,msl_ncam_nlb_459291220edr_f0391552ncam00252m1,test_msl,big_rock,iou,,0,0,132596
unet__pretrained__resnet34__in_rover__seed1415__gpu_full__7ab4e19b__gitc188b320__codebebd8b2d__20260713T115339963731Z,msl_ncam_nlb_459291220edr_f0391552ncam00252m1,test_msl,ALL,pixel_acc,1.0,0,0,132596
unet__pretrained__resnet34__in_rover__seed1415__gpu_full__7ab4e19b__gitc188b320__codebebd8b2d__20260713T115339963731Z,msl_ncam_nlb_459291220edr_f0391552ncam00252m1,test_msl,ALL,boundary_f1,1.0,0,0,132596
unet__pretrained__resnet34__in_rover__seed1415__gpu_full__7ab4e19b__gitc188b320__codebebd8b2d__20260713T115339963731Z,msl_ncam_nlb_462743799edr_f0410322ncam00271m1,test_msl,soil,iou,1.0,49308,49308,49308
unet__pretrained__resnet34__in_rover__seed1415__gpu_full__7ab4e19b__gitc188b320__codebebd8b2d__20260713T115339963731Z,msl_ncam_nlb_462743799edr_f0410322ncam00271m1,test_msl,bedrock,iou,,0,0,49308
unet__pretrained__resnet34__in_rover__seed1415__gpu_full__7ab4e19b__gitc188b320__codebebd8b2d__20260713T115339963731Z,msl_ncam_nlb_462743799edr_f0410322ncam00271m1,test_msl,sand,iou,,0,0,49308
unet__pretrained__resnet34__in_rover__seed1415__gpu_full__7ab4e19b__gitc188b320__codebebd8b2d__20260713T115339963731Z,msl_ncam_nlb_462743799edr_f0410322ncam00271m1,test_msl,big_rock,iou,,0,0,49308
unet__pretrained__resnet34__in_rover__seed1415__gpu_full__7ab4e19b__gitc188b320__codebebd8b2d__20260713T115339963731Z,msl_ncam_nlb_462743799edr_f0410322ncam00271m1,test_msl,ALL,pixel_acc,1.0,0,0,49308
unet__pretrained__resnet34__in_rover__seed1415__gpu_full__7ab4e19b__gitc188b320__codebebd8b2d__20260713T115339963731Z,msl_ncam_nlb_462743799edr_f0410322ncam00271m1,test_msl,ALL,boundary_f1,1.0,0,0,49308
unet__pretrained__resnet34__in_rover__seed1415__gpu_full__7ab4e19b__gitc188b320__codebebd8b2d__20260713T115339963731Z,msl_ncam_nlb_462744768edr_f0410322ncam00354m1,test_msl,soil,iou,,0,0,0
unet__pretrained__resnet34__in_rover__seed1415__gpu_full__7ab4e19b__gitc188b320__codebebd8b2d__20260713T115339963731Z,msl_ncam_nlb_462744768edr_f0410322ncam00354m1,test_msl,bedrock,iou,,0,0,0
unet__pretrained__resnet34__in_rover__seed1415__gpu_full__7ab4e19b__gitc188b320__codebebd8b2d__20260713T115339963731Z,msl_ncam_nlb_462744768edr_f0410322ncam00354m1,test_msl,sand,iou,,0,0,0
unet__pretrained__resnet34__in_rover__seed1415__gpu_full__7ab4e19b__gitc188b320__codebebd8b2d__20260713T115339963731Z,msl_ncam_nlb_462744768edr_f0410322ncam00354m1,test_msl,big_rock,iou,,0,0,0
unet__pretrained__resnet34__in_rover__seed1415__gpu_full__7ab4e19b__gitc188b320__codebebd8b2d__20260713T115339963731Z,msl_ncam_nlb_462744768edr_f0410322ncam00354m1,test_msl,ALL,pixel_acc,,0,0,0
unet__pretrained__resnet34__in_rover__seed1415__gpu_full__7ab4e19b__gitc188b320__codebebd8b2d__20260713T115339963731Z,msl_ncam_nlb_462744768edr_f0410322ncam00354m1,test_msl,ALL,boundary_f1,,0,0,0
unet__pretrained__resnet34__in_rover__seed1415__gpu_full__7ab4e19b__gitc188b320__codebebd8b2d__20260713T115339963731Z,msl_ncam_nlb_462744927edr_f0410322ncam00272m1,test_msl,soil,iou,,0,0,0
unet__pretrained__resnet34__in_rover__seed1415__gpu_full__7ab4e19b__gitc188b320__codebebd8b2d__20260713T115339963731Z,msl_ncam_nlb_462744927edr_f0410322ncam00272m1,test_msl,bedrock,iou,,0,0,0
unet__pretrained__resnet34__in_rover__seed1415__gpu_full__7ab4e19b__gitc188b320__codebebd8b2d__20260713T115339963731Z,msl_ncam_nlb_462744927edr_f0410322ncam00272m1,test_msl,sand,iou,,0,0,0
unet__pretrained__resnet34__in_rover__seed1415__gpu_full__7ab4e19b__gitc188b320__codebebd8b2d__20260713T115339963731Z,msl_ncam_nlb_462744927edr_f0410322ncam00272m1,test_msl,big_rock,iou,,0,0,0
unet__pretrained__resnet34__in_rover__seed1415__gpu_full__7ab4e19b__gitc188b320__codebebd8b2d__20260713T115339963731Z,msl_ncam_nlb_462744927edr_f0410322ncam00272m1,test_msl,ALL,pixel_acc,,0,0,0
unet__pretrained__resnet34__in_rover__seed1415__gpu_full__7ab4e19b__gitc188b320__codebebd8b2d__20260713T115339963731Z,msl_ncam_nlb_462744927edr_f0410322ncam00272m1,test_msl,ALL,boundary_f1,,0,0,0
unet__pretrained__resnet34__in_rover__seed1415__gpu_full__7ab4e19b__gitc188b320__codebebd8b2d__20260713T115339963731Z,msl_ncam_nlb_462744982edr_f0410322ncam00272m1,test_msl,soil,iou,1.0,109525,109525,109525
unet__pretrained__resnet34__in_rover__seed1415__gpu_full__7ab4e19b__gitc188b320__codebebd8b2d__20260713T115339963731Z,msl_ncam_nlb_462744982edr_f0410322ncam00272m1,test_msl,bedrock,iou,,0,0,109525
unet__pretrained__resnet34__in_rover__seed1415__gpu_full__7ab4e19b__gitc188b320__codebebd8b2d__20260713T115339963731Z,msl_ncam_nlb_462744982edr_f0410322ncam00272m1,test_msl,sand,iou,,0,0,109525
unet__pretrained__resnet34__in_rover__seed1415__gpu_full__7ab4e19b__gitc188b320__codebebd8b2d__20260713T115339963731Z,msl_ncam_nlb_462744982edr_f0410322ncam00272m1,test_msl,big_rock,iou,,0,0,109525
unet__pretrained__resnet34__in_rover__seed1415__gpu_full__7ab4e19b__gitc188b320__codebebd8b2d__20260713T115339963731Z,msl_ncam_nlb_462744982edr_f0410322ncam00272m1,test_msl,ALL,pixel_acc,1.0,0,0,109525
unet__pretrained__resnet34__in_rover__seed1415__gpu_full__7ab4e19b__gitc188b320__codebebd8b2d__20260713T115339963731Z,msl_ncam_nlb_462744982edr_f0410322ncam00272m1,test_msl,ALL,boundary_f1,1.0,0,0,109525
unet__pretrained__resnet34__in_rover__seed1415__gpu_full__7ab4e19b__gitc188b320__codebebd8b2d__20260713T115339963731Z,msl_ncam_nlb_463099226edr_f0410712ncam00385m1,test_msl,soil,iou,,0,0,121183
unet__pretrained__resnet34__in_rover__seed1415__gpu_full__7ab4e19b__gitc188b320__codebebd8b2d__20260713T115339963731Z,msl_ncam_nlb_463099226edr_f0410712ncam00385m1,test_msl,bedrock,iou,1.0,121183,121183,121183
unet__pretrained__resnet34__in_rover__seed1415__gpu_full__7ab4e19b__gitc188b320__codebebd8b2d__20260713T115339963731Z,msl_ncam_nlb_463099226edr_f0410712ncam00385m1,test_msl,sand,iou,,0,0,121183
unet__pretrained__resnet34__in_rover__seed1415__gpu_full__7ab4e19b__gitc188b320__codebebd8b2d__20260713T115339963731Z,msl_ncam_nlb_463099226edr_f0410712ncam00385m1,test_msl,big_rock,iou,,0,0,121183
unet__pretrained__resnet34__in_rover__seed1415__gpu_full__7ab4e19b__gitc188b320__codebebd8b2d__20260713T115339963731Z,msl_ncam_nlb_463099226edr_f0410712ncam00385m1,test_msl,ALL,pixel_acc,1.0,0,0,121183
unet__pretrained__resnet34__in_rover__seed1415__gpu_full__7ab4e19b__gitc188b320__codebebd8b2d__20260713T115339963731Z,msl_ncam_nlb_463099226edr_f0410712ncam00385m1,test_msl,ALL,boundary_f1,1.0,0,0,121183
unet__pretrained__resnet34__in_rover__seed1415__gpu_full__7ab4e19b__gitc188b320__codebebd8b2d__20260713T115339963731Z,msl_ncam_nlb_463107188edr_f0410748ncam00274m1,test_msl,soil,iou,,0,0,60277
unet__pretrained__resnet34__in_rover__seed1415__gpu_full__7ab4e19b__gitc188b320__codebebd8b2d__20260713T115339963731Z,msl_ncam_nlb_463107188edr_f0410748ncam00274m1,test_msl,bedrock,iou,1.0,20386,20386,60277
unet__pretrained__resnet34__in_rover__seed1415__gpu_full__7ab4e19b__gitc188b320__codebebd8b2d__20260713T115339963731Z,msl_ncam_nlb_463107188edr_f0410748ncam00274m1,test_msl,sand,iou,1.0,39891,39891,60277
unet__pretrained__resnet34__in_rover__seed1415__gpu_full__7ab4e19b__gitc188b320__codebebd8b2d__20260713T115339963731Z,msl_ncam_nlb_463107188edr_f0410748ncam00274m1,test_msl,big_rock,iou,,0,0,60277
unet__pretrained__resnet34__in_rover__seed1415__gpu_full__7ab4e19b__gitc188b320__codebebd8b2d__20260713T115339963731Z,msl_ncam_nlb_463107188edr_f0410748ncam00274m1,test_msl,ALL,pixel_acc,1.0,0,0,60277
unet__pretrained__resnet34__in_rover__seed1415__gpu_full__7ab4e19b__gitc188b320__codebebd8b2d__20260713T115339963731Z,msl_ncam_nlb_463107188edr_f0410748ncam00274m1,test_msl,ALL,boundary_f1,1.0,0,0,60277
unet__pretrained__resnet34__in_rover__seed1415__gpu_full__7ab4e19b__gitc188b320__codebebd8b2d__20260713T115339963731Z,msl_ncam_nlb_463107249edr_f0410748ncam00274m1,test_msl,soil,iou,,0,0,0
unet__pretrained__resnet34__in_rover__seed1415__gpu_full__7ab4e19b__gitc188b320__codebebd8b2d__20260713T115339963731Z,msl_ncam_nlb_463107249edr_f0410748ncam00274m1,test_msl,bedrock,iou,,0,0,0
unet__pretrained__resnet34__in_rover__seed1415__gpu_full__7ab4e19b__gitc188b320__codebebd8b2d__20260713T115339963731Z,msl_ncam_nlb_463107249edr_f0410748ncam00274m1,test_msl,sand,iou,,0,0,0
unet__pretrained__resnet34__in_rover__seed1415__gpu_full__7ab4e19b__gitc188b320__codebebd8b2d__20260713T115339963731Z,msl_ncam_nlb_463107249edr_f0410748ncam00274m1,test_msl,big_rock,iou,,0,0,0
unet__pretrained__resnet34__in_rover__seed1415__gpu_full__7ab4e19b__gitc188b320__codebebd8b2d__20260713T115339963731Z,msl_ncam_nlb_463107249edr_f0410748ncam00274m1,test_msl,ALL,pixel_acc,,0,0,0
unet__pretrained__resnet34__in_rover__seed1415__gpu_full__7ab4e19b__gitc188b320__codebebd8b2d__20260713T115339963731Z,msl_ncam_nlb_463107249edr_f0410748ncam00274m1,test_msl,ALL,boundary_f1,,0,0,0
unet__pretrained__resnet34__in_rover__seed1415__gpu_full__7ab4e19b__gitc188b320__codebebd8b2d__20260713T115339963731Z,msl_ncam_nlb_463107562edr_f0410748ncam00354m1,test_msl,soil,iou,,0,0,80914
unet__pretrained__resnet34__in_rover__seed1415__gpu_full__7ab4e19b__gitc188b320__codebebd8b2d__20260713T115339963731Z,msl_ncam_nlb_463107562edr_f0410748ncam00354m1,test_msl,bedrock,iou,0.971142200360877,78579,80914,80914
unet__pretrained__resnet34__in_rover__seed1415__gpu_full__7ab4e19b__gitc188b320__codebebd8b2d__20260713T115339963731Z,msl_ncam_nlb_463107562edr_f0410748ncam00354m1,test_msl,sand,iou,,0,0,80914
unet__pretrained__resnet34__in_rover__seed1415__gpu_full__7ab4e19b__gitc188b320__codebebd8b2d__20260713T115339963731Z,msl_ncam_nlb_463107562edr_f0410748ncam00354m1,test_msl,big_rock,iou,0.0,0,2335,80914
unet__pretrained__resnet34__in_rover__seed1415__gpu_full__7ab4e19b__gitc188b320__codebebd8b2d__20260713T115339963731Z,msl_ncam_nlb_463107562edr_f0410748ncam00354m1,test_msl,ALL,pixel_acc,0.971142200360877,0,0,80914
unet__pretrained__resnet34__in_rover__seed1415__gpu_full__7ab4e19b__gitc188b320__codebebd8b2d__20260713T115339963731Z,msl_ncam_nlb_463107562edr_f0410748ncam00354m1,test_msl,ALL,boundary_f1,0.48192828249931013,0,0,80914
unet__pretrained__resnet34__in_rover__seed1415__gpu_full__7ab4e19b__gitc188b320__codebebd8b2d__20260713T115339963731Z,msl_ncam_nlb_463107626edr_f0410748ncam00354m1,test_msl,soil,iou,,0,0,108883
unet__pretrained__resnet34__in_rover__seed1415__gpu_full__7ab4e19b__gitc188b320__codebebd8b2d__20260713T115339963731Z,msl_ncam_nlb_463107626edr_f0410748ncam00354m1,test_msl,bedrock,iou,1.0,108883,108883,108883
unet__pretrained__resnet34__in_rover__seed1415__gpu_full__7ab4e19b__gitc188b320__codebebd8b2d__20260713T115339963731Z,msl_ncam_nlb_463107626edr_f0410748ncam00354m1,test_msl,sand,iou,,0,0,108883
unet__pretrained__resnet34__in_rover__seed1415__gpu_full__7ab4e19b__gitc188b320__codebebd8b2d__20260713T115339963731Z,msl_ncam_nlb_463107626edr_f0410748ncam00354m1,test_msl,big_rock,iou,,0,0,108883
unet__pretrained__resnet34__in_rover__seed1415__gpu_full__7ab4e19b__gitc188b320__codebebd8b2d__20260713T115339963731Z,msl_ncam_nlb_463107626edr_f0410748ncam00354m1,test_msl,ALL,pixel_acc,1.0,0,0,108883
unet__pretrained__resnet34__in_rover__seed1415__gpu_full__7ab4e19b__gitc188b320__codebebd8b2d__20260713T115339963731Z,msl_ncam_nlb_463107626edr_f0410748ncam00354m1,test_msl,ALL,boundary_f1,1.0,0,0,108883
unet__pretrained__resnet34__in_rover__seed1415__gpu_full__7ab4e19b__gitc188b320__codebebd8b2d__20260713T115339963731Z,msl_ncam_nlb_463107697edr_f0410748ncam00354m1,test_msl,soil,iou,0.0,0,8623,88228
unet__pretrained__resnet34__in_rover__seed1415__gpu_full__7ab4e19b__gitc188b320__codebebd8b2d__20260713T115339963731Z,msl_ncam_nlb_463107697edr_f0410748ncam00354m1,test_msl,bedrock,iou,0.9022645872058757,79605,88228,88228
unet__pretrained__resnet34__in_rover__seed1415__gpu_full__7ab4e19b__gitc188b320__codebebd8b2d__20260713T115339963731Z,msl_ncam_nlb_463107697edr_f0410748ncam00354m1,test_msl,sand,iou,,0,0,88228
unet__pretrained__resnet34__in_rover__seed1415__gpu_full__7ab4e19b__gitc188b320__codebebd8b2d__20260713T115339963731Z,msl_ncam_nlb_463107697edr_f0410748ncam00354m1,test_msl,big_rock,iou,,0,0,88228
unet__pretrained__resnet34__in_rover__seed1415__gpu_full__7ab4e19b__gitc188b320__codebebd8b2d__20260713T115339963731Z,msl_ncam_nlb_463107697edr_f0410748ncam00354m1,test_msl,ALL,pixel_acc,0.9022645872058757,0,0,88228
unet__pretrained__resnet34__in_rover__seed1415__gpu_full__7ab4e19b__gitc188b320__codebebd8b2d__20260713T115339963731Z,msl_ncam_nlb_463107697edr_f0410748ncam00354m1,test_msl,ALL,boundary_f1,0.4615716366580414,0,0,88228
unet__pretrained__resnet34__in_rover__seed1415__gpu_full__7ab4e19b__gitc188b320__codebebd8b2d__20260713T115339963731Z,msl_ncam_nlb_463107797edr_f0410748ncam07753m1,test_msl,soil,iou,,0,0,100367
unet__pretrained__resnet34__in_rover__seed1415__gpu_full__7ab4e19b__gitc188b320__codebebd8b2d__20260713T115339963731Z,msl_ncam_nlb_463107797edr_f0410748ncam07753m1,test_msl,bedrock,iou,1.0,100367,100367,100367
unet__pretrained__resnet34__in_rover__seed1415__gpu_full__7ab4e19b__gitc188b320__codebebd8b2d__20260713T115339963731Z,msl_ncam_nlb_463107797edr_f0410748ncam07753m1,test_msl,sand,iou,,0,0,100367
unet__pretrained__resnet34__in_rover__seed1415__gpu_full__7ab4e19b__gitc188b320__codebebd8b2d__20260713T115339963731Z,msl_ncam_nlb_463107797edr_f0410748ncam07753m1,test_msl,big_rock,iou,,0,0,100367
unet__pretrained__resnet34__in_rover__seed1415__gpu_full__7ab4e19b__gitc188b320__codebebd8b2d__20260713T115339963731Z,msl_ncam_nlb_463107797edr_f0410748ncam07753m1,test_msl,ALL,pixel_acc,1.0,0,0,100367
unet__pretrained__resnet34__in_rover__seed1415__gpu_full__7ab4e19b__gitc188b320__codebebd8b2d__20260713T115339963731Z,msl_ncam_nlb_463107797edr_f0410748ncam07753m1,test_msl,ALL,boundary_f1,1.0,0,0,100367
unet__pretrained__resnet34__in_rover__seed1415__gpu_full__7ab4e19b__gitc188b320__codebebd8b2d__20260713T115339963731Z,msl_ncam_nlb_463107836edr_f0410748ncam07753m1,test_msl,soil,iou,,0,0,0
unet__pretrained__resnet34__in_rover__seed1415__gpu_full__7ab4e19b__gitc188b320__codebebd8b2d__20260713T115339963731Z,msl_ncam_nlb_463107836edr_f0410748ncam07753m1,test_msl,bedrock,iou,,0,0,0
unet__pretrained__resnet34__in_rover__seed1415__gpu_full__7ab4e19b__gitc188b320__codebebd8b2d__20260713T115339963731Z,msl_ncam_nlb_463107836edr_f0410748ncam07753m1,test_msl,sand,iou,,0,0,0
unet__pretrained__resnet34__in_rover__seed1415__gpu_full__7ab4e19b__gitc188b320__codebebd8b2d__20260713T115339963731Z,msl_ncam_nlb_463107836edr_f0410748ncam07753m1,test_msl,big_rock,iou,,0,0,0
unet__pretrained__resnet34__in_rover__seed1415__gpu_full__7ab4e19b__gitc188b320__codebebd8b2d__20260713T115339963731Z,msl_ncam_nlb_463107836edr_f0410748ncam07753m1,test_msl,ALL,pixel_acc,,0,0,0
unet__pretrained__resnet34__in_rover__seed1415__gpu_full__7ab4e19b__gitc188b320__codebebd8b2d__20260713T115339963731Z,msl_ncam_nlb_463107836edr_f0410748ncam07753m1,test_msl,ALL,boundary_f1,,0,0,0
unet__pretrained__resnet34__in_rover__seed1415__gpu_full__7ab4e19b__gitc188b320__codebebd8b2d__20260713T115339963731Z,msl_ncam_nlb_463107949edr_f0410748ncam07753m1,test_msl,soil,iou,,0,0,56667
unet__pretrained__resnet34__in_rover__seed1415__gpu_full__7ab4e19b__gitc188b320__codebebd8b2d__20260713T115339963731Z,msl_ncam_nlb_463107949edr_f0410748ncam07753m1,test_msl,bedrock,iou,1.0,56667,56667,56667
unet__pretrained__resnet34__in_rover__seed1415__gpu_full__7ab4e19b__gitc188b320__codebebd8b2d__20260713T115339963731Z,msl_ncam_nlb_463107949edr_f0410748ncam07753m1,test_msl,sand,iou,,0,0,56667
unet__pretrained__resnet34__in_rover__seed1415__gpu_full__7ab4e19b__gitc188b320__codebebd8b2d__20260713T115339963731Z,msl_ncam_nlb_463107949edr_f0410748ncam07753m1,test_msl,big_rock,iou,,0,0,56667
unet__pretrained__resnet34__in_rover__seed1415__gpu_full__7ab4e19b__gitc188b320__codebebd8b2d__20260713T115339963731Z,msl_ncam_nlb_463107949edr_f0410748ncam07753m1,test_msl,ALL,pixel_acc,1.0,0,0,56667
unet__pretrained__resnet34__in_rover__seed1415__gpu_full__7ab4e19b__gitc188b320__codebebd8b2d__20260713T115339963731Z,msl_ncam_nlb_463107949edr_f0410748ncam07753m1,test_msl,ALL,boundary_f1,1.0,0,0,56667
unet__pretrained__resnet34__in_rover__seed1415__gpu_full__7ab4e19b__gitc188b320__codebebd8b2d__20260713T115339963731Z,msl_ncam_nlb_463803954edr_f0411768ncam00382m1,test_msl,soil,iou,,0,0,67455
unet__pretrained__resnet34__in_rover__seed1415__gpu_full__7ab4e19b__gitc188b320__codebebd8b2d__20260713T115339963731Z,msl_ncam_nlb_463803954edr_f0411768ncam00382m1,test_msl,bedrock,iou,,0,0,67455
unet__pretrained__resnet34__in_rover__seed1415__gpu_full__7ab4e19b__gitc188b320__codebebd8b2d__20260713T115339963731Z,msl_ncam_nlb_463803954edr_f0411768ncam00382m1,test_msl,sand,iou,1.0,67455,67455,67455
unet__pretrained__resnet34__in_rover__seed1415__gpu_full__7ab4e19b__gitc188b320__codebebd8b2d__20260713T115339963731Z,msl_ncam_nlb_463803954edr_f0411768ncam00382m1,test_msl,big_rock,iou,,0,0,67455
unet__pretrained__resnet34__in_rover__seed1415__gpu_full__7ab4e19b__gitc188b320__codebebd8b2d__20260713T115339963731Z,msl_ncam_nlb_463803954edr_f0411768ncam00382m1,test_msl,ALL,pixel_acc,1.0,0,0,67455
unet__pretrained__resnet34__in_rover__seed1415__gpu_full__7ab4e19b__gitc188b320__codebebd8b2d__20260713T115339963731Z,msl_ncam_nlb_463803954edr_f0411768ncam00382m1,test_msl,ALL,boundary_f1,1.0,0,0,67455
unet__pretrained__resnet34__in_rover__seed1415__gpu_full__7ab4e19b__gitc188b320__codebebd8b2d__20260713T115339963731Z,msl_ncam_nlb_463813170edr_f0420000ncam06094m1,test_msl,soil,iou,0.957179892130278,32122,33559,89391
unet__pretrained__resnet34__in_rover__seed1415__gpu_full__7ab4e19b__gitc188b320__codebebd8b2d__20260713T115339963731Z,msl_ncam_nlb_463813170edr_f0420000ncam06094m1,test_msl,bedrock,iou,1.0,7381,7381,89391
unet__pretrained__resnet34__in_rover__seed1415__gpu_full__7ab4e19b__gitc188b320__codebebd8b2d__20260713T115339963731Z,msl_ncam_nlb_463813170edr_f0420000ncam06094m1,test_msl,sand,iou,0.9711954778704298,48451,49888,89391
unet__pretrained__resnet34__in_rover__seed1415__gpu_full__7ab4e19b__gitc188b320__codebebd8b2d__20260713T115339963731Z,msl_ncam_nlb_463813170edr_f0420000ncam06094m1,test_msl,big_rock,iou,,0,0,89391
unet__pretrained__resnet34__in_rover__seed1415__gpu_full__7ab4e19b__gitc188b320__codebebd8b2d__20260713T115339963731Z,msl_ncam_nlb_463813170edr_f0420000ncam06094m1,test_msl,ALL,pixel_acc,0.9839245561633722,0,0,89391
unet__pretrained__resnet34__in_rover__seed1415__gpu_full__7ab4e19b__gitc188b320__codebebd8b2d__20260713T115339963731Z,msl_ncam_nlb_463813170edr_f0420000ncam06094m1,test_msl,ALL,boundary_f1,0.925237959282013,0,0,89391
unet__pretrained__resnet34__in_rover__seed1415__gpu_full__7ab4e19b__gitc188b320__codebebd8b2d__20260713T115339963731Z,msl_ncam_nlb_463813296edr_f0420000ncam06094m1,test_msl,soil,iou,1.0,188552,188552,188552
unet__pretrained__resnet34__in_rover__seed1415__gpu_full__7ab4e19b__gitc188b320__codebebd8b2d__20260713T115339963731Z,msl_ncam_nlb_463813296edr_f0420000ncam06094m1,test_msl,bedrock,iou,,0,0,188552
unet__pretrained__resnet34__in_rover__seed1415__gpu_full__7ab4e19b__gitc188b320__codebebd8b2d__20260713T115339963731Z,msl_ncam_nlb_463813296edr_f0420000ncam06094m1,test_msl,sand,iou,,0,0,188552
unet__pretrained__resnet34__in_rover__seed1415__gpu_full__7ab4e19b__gitc188b320__codebebd8b2d__20260713T115339963731Z,msl_ncam_nlb_463813296edr_f0420000ncam06094m1,test_msl,big_rock,iou,,0,0,188552
unet__pretrained__resnet34__in_rover__seed1415__gpu_full__7ab4e19b__gitc188b320__codebebd8b2d__20260713T115339963731Z,msl_ncam_nlb_463813296edr_f0420000ncam06094m1,test_msl,ALL,pixel_acc,1.0,0,0,188552
unet__pretrained__resnet34__in_rover__seed1415__gpu_full__7ab4e19b__gitc188b320__codebebd8b2d__20260713T115339963731Z,msl_ncam_nlb_463813296edr_f0420000ncam06094m1,test_msl,ALL,boundary_f1,1.0,0,0,188552
unet__pretrained__resnet34__in_rover__seed1415__gpu_full__7ab4e19b__gitc188b320__codebebd8b2d__20260713T115339963731Z,msl_ncam_nlb_463814148edr_f0420000ncam00354m1,test_msl,soil,iou,1.0,227875,227875,227875
unet__pretrained__resnet34__in_rover__seed1415__gpu_full__7ab4e19b__gitc188b320__codebebd8b2d__20260713T115339963731Z,msl_ncam_nlb_463814148edr_f0420000ncam00354m1,test_msl,bedrock,iou,,0,0,227875
unet__pretrained__resnet34__in_rover__seed1415__gpu_full__7ab4e19b__gitc188b320__codebebd8b2d__20260713T115339963731Z,msl_ncam_nlb_463814148edr_f0420000ncam00354m1,test_msl,sand,iou,,0,0,227875
unet__pretrained__resnet34__in_rover__seed1415__gpu_full__7ab4e19b__gitc188b320__codebebd8b2d__20260713T115339963731Z,msl_ncam_nlb_463814148edr_f0420000ncam00354m1,test_msl,big_rock,iou,,0,0,227875
unet__pretrained__resnet34__in_rover__seed1415__gpu_full__7ab4e19b__gitc188b320__codebebd8b2d__20260713T115339963731Z,msl_ncam_nlb_463814148edr_f0420000ncam00354m1,test_msl,ALL,pixel_acc,1.0,0,0,227875
unet__pretrained__resnet34__in_rover__seed1415__gpu_full__7ab4e19b__gitc188b320__codebebd8b2d__20260713T115339963731Z,msl_ncam_nlb_463814148edr_f0420000ncam00354m1,test_msl,ALL,boundary_f1,1.0,0,0,227875
unet__pretrained__resnet34__in_rover__seed1415__gpu_full__7ab4e19b__gitc188b320__codebebd8b2d__20260713T115339963731Z,msl_ncam_nlb_463814218edr_f0420000ncam00354m1,test_msl,soil,iou,1.0,152384,152384,152384
unet__pretrained__resnet34__in_rover__seed1415__gpu_full__7ab4e19b__gitc188b320__codebebd8b2d__20260713T115339963731Z,msl_ncam_nlb_463814218edr_f0420000ncam00354m1,test_msl,bedrock,iou,,0,0,152384
unet__pretrained__resnet34__in_rover__seed1415__gpu_full__7ab4e19b__gitc188b320__codebebd8b2d__20260713T115339963731Z,msl_ncam_nlb_463814218edr_f0420000ncam00354m1,test_msl,sand,iou,,0,0,152384
unet__pretrained__resnet34__in_rover__seed1415__gpu_full__7ab4e19b__gitc188b320__codebebd8b2d__20260713T115339963731Z,msl_ncam_nlb_463814218edr_f0420000ncam00354m1,test_msl,big_rock,iou,,0,0,152384
unet__pretrained__resnet34__in_rover__seed1415__gpu_full__7ab4e19b__gitc188b320__codebebd8b2d__20260713T115339963731Z,msl_ncam_nlb_463814218edr_f0420000ncam00354m1,test_msl,ALL,pixel_acc,1.0,0,0,152384
unet__pretrained__resnet34__in_rover__seed1415__gpu_full__7ab4e19b__gitc188b320__codebebd8b2d__20260713T115339963731Z,msl_ncam_nlb_463814218edr_f0420000ncam00354m1,test_msl,ALL,boundary_f1,1.0,0,0,152384
unet__pretrained__resnet34__in_rover__seed1415__gpu_full__7ab4e19b__gitc188b320__codebebd8b2d__20260713T115339963731Z,msl_ncam_nlb_463814255edr_f0420000ncam00278m1,test_msl,soil,iou,1.0,85416,85416,85416
unet__pretrained__resnet34__in_rover__seed1415__gpu_full__7ab4e19b__gitc188b320__codebebd8b2d__20260713T115339963731Z,msl_ncam_nlb_463814255edr_f0420000ncam00278m1,test_msl,bedrock,iou,,0,0,85416
unet__pretrained__resnet34__in_rover__seed1415__gpu_full__7ab4e19b__gitc188b320__codebebd8b2d__20260713T115339963731Z,msl_ncam_nlb_463814255edr_f0420000ncam00278m1,test_msl,sand,iou,,0,0,85416
unet__pretrained__resnet34__in_rover__seed1415__gpu_full__7ab4e19b__gitc188b320__codebebd8b2d__20260713T115339963731Z,msl_ncam_nlb_463814255edr_f0420000ncam00278m1,test_msl,big_rock,iou,,0,0,85416
unet__pretrained__resnet34__in_rover__seed1415__gpu_full__7ab4e19b__gitc188b320__codebebd8b2d__20260713T115339963731Z,msl_ncam_nlb_463814255edr_f0420000ncam00278m1,test_msl,ALL,pixel_acc,1.0,0,0,85416
unet__pretrained__resnet34__in_rover__seed1415__gpu_full__7ab4e19b__gitc188b320__codebebd8b2d__20260713T115339963731Z,msl_ncam_nlb_463814255edr_f0420000ncam00278m1,test_msl,ALL,boundary_f1,1.0,0,0,85416
unet__pretrained__resnet34__in_rover__seed1415__gpu_full__7ab4e19b__gitc188b320__codebebd8b2d__20260713T115339963731Z,msl_ncam_nlb_463814438edr_f0420000ncam00278m1,test_msl,soil,iou,,0,0,0
unet__pretrained__resnet34__in_rover__seed1415__gpu_full__7ab4e19b__gitc188b320__codebebd8b2d__20260713T115339963731Z,msl_ncam_nlb_463814438edr_f0420000ncam00278m1,test_msl,bedrock,iou,,0,0,0
unet__pretrained__resnet34__in_rover__seed1415__gpu_full__7ab4e19b__gitc188b320__codebebd8b2d__20260713T115339963731Z,msl_ncam_nlb_463814438edr_f0420000ncam00278m1,test_msl,sand,iou,,0,0,0
unet__pretrained__resnet34__in_rover__seed1415__gpu_full__7ab4e19b__gitc188b320__codebebd8b2d__20260713T115339963731Z,msl_ncam_nlb_463814438edr_f0420000ncam00278m1,test_msl,big_rock,iou,,0,0,0
unet__pretrained__resnet34__in_rover__seed1415__gpu_full__7ab4e19b__gitc188b320__codebebd8b2d__20260713T115339963731Z,msl_ncam_nlb_463814438edr_f0420000ncam00278m1,test_msl,ALL,pixel_acc,,0,0,0
unet__pretrained__resnet34__in_rover__seed1415__gpu_full__7ab4e19b__gitc188b320__codebebd8b2d__20260713T115339963731Z,msl_ncam_nlb_463814438edr_f0420000ncam00278m1,test_msl,ALL,boundary_f1,,0,0,0
unet__pretrained__resnet34__in_rover__seed1415__gpu_full__7ab4e19b__gitc188b320__codebebd8b2d__20260713T115339963731Z,msl_ncam_nlb_492664173edr_f0490294ncam00294m1,test_msl,soil,iou,,0,0,16308
unet__pretrained__resnet34__in_rover__seed1415__gpu_full__7ab4e19b__gitc188b320__codebebd8b2d__20260713T115339963731Z,msl_ncam_nlb_492664173edr_f0490294ncam00294m1,test_msl,bedrock,iou,1.0,16308,16308,16308
unet__pretrained__resnet34__in_rover__seed1415__gpu_full__7ab4e19b__gitc188b320__codebebd8b2d__20260713T115339963731Z,msl_ncam_nlb_492664173edr_f0490294ncam00294m1,test_msl,sand,iou,,0,0,16308
unet__pretrained__resnet34__in_rover__seed1415__gpu_full__7ab4e19b__gitc188b320__codebebd8b2d__20260713T115339963731Z,msl_ncam_nlb_492664173edr_f0490294ncam00294m1,test_msl,big_rock,iou,,0,0,16308
unet__pretrained__resnet34__in_rover__seed1415__gpu_full__7ab4e19b__gitc188b320__codebebd8b2d__20260713T115339963731Z,msl_ncam_nlb_492664173edr_f0490294ncam00294m1,test_msl,ALL,pixel_acc,1.0,0,0,16308
unet__pretrained__resnet34__in_rover__seed1415__gpu_full__7ab4e19b__gitc188b320__codebebd8b2d__20260713T115339963731Z,msl_ncam_nlb_492664173edr_f0490294ncam00294m1,test_msl,ALL,boundary_f1,1.0,0,0,16308
unet__pretrained__resnet34__in_rover__seed1415__gpu_full__7ab4e19b__gitc188b320__codebebd8b2d__20260713T115339963731Z,msl_ncam_nlb_492664235edr_f0490294ncam00294m1,test_msl,soil,iou,,0,0,30789
unet__pretrained__resnet34__in_rover__seed1415__gpu_full__7ab4e19b__gitc188b320__codebebd8b2d__20260713T115339963731Z,msl_ncam_nlb_492664235edr_f0490294ncam00294m1,test_msl,bedrock,iou,1.0,30789,30789,30789
unet__pretrained__resnet34__in_rover__seed1415__gpu_full__7ab4e19b__gitc188b320__codebebd8b2d__20260713T115339963731Z,msl_ncam_nlb_492664235edr_f0490294ncam00294m1,test_msl,sand,iou,,0,0,30789
unet__pretrained__resnet34__in_rover__seed1415__gpu_full__7ab4e19b__gitc188b320__codebebd8b2d__20260713T115339963731Z,msl_ncam_nlb_492664235edr_f0490294ncam00294m1,test_msl,big_rock,iou,,0,0,30789
unet__pretrained__resnet34__in_rover__seed1415__gpu_full__7ab4e19b__gitc188b320__codebebd8b2d__20260713T115339963731Z,msl_ncam_nlb_492664235edr_f0490294ncam00294m1,test_msl,ALL,pixel_acc,1.0,0,0,30789
unet__pretrained__resnet34__in_rover__seed1415__gpu_full__7ab4e19b__gitc188b320__codebebd8b2d__20260713T115339963731Z,msl_ncam_nlb_492664235edr_f0490294ncam00294m1,test_msl,ALL,boundary_f1,1.0,0,0,30789
unet__pretrained__resnet34__in_rover__seed1415__gpu_full__7ab4e19b__gitc188b320__codebebd8b2d__20260713T115339963731Z,msl_ncam_nlb_492664291edr_f0490294ncam00294m1,test_msl,soil,iou,,0,0,5776
unet__pretrained__resnet34__in_rover__seed1415__gpu_full__7ab4e19b__gitc188b320__codebebd8b2d__20260713T115339963731Z,msl_ncam_nlb_492664291edr_f0490294ncam00294m1,test_msl,bedrock,iou,1.0,5776,5776,5776
unet__pretrained__resnet34__in_rover__seed1415__gpu_full__7ab4e19b__gitc188b320__codebebd8b2d__20260713T115339963731Z,msl_ncam_nlb_492664291edr_f0490294ncam00294m1,test_msl,sand,iou,,0,0,5776
unet__pretrained__resnet34__in_rover__seed1415__gpu_full__7ab4e19b__gitc188b320__codebebd8b2d__20260713T115339963731Z,msl_ncam_nlb_492664291edr_f0490294ncam00294m1,test_msl,big_rock,iou,,0,0,5776
unet__pretrained__resnet34__in_rover__seed1415__gpu_full__7ab4e19b__gitc188b320__codebebd8b2d__20260713T115339963731Z,msl_ncam_nlb_492664291edr_f0490294ncam00294m1,test_msl,ALL,pixel_acc,1.0,0,0,5776
unet__pretrained__resnet34__in_rover__seed1415__gpu_full__7ab4e19b__gitc188b320__codebebd8b2d__20260713T115339963731Z,msl_ncam_nlb_492664291edr_f0490294ncam00294m1,test_msl,ALL,boundary_f1,1.0,0,0,5776
unet__pretrained__resnet34__in_rover__seed1415__gpu_full__7ab4e19b__gitc188b320__codebebd8b2d__20260713T115339963731Z,msl_ncam_nlb_492664491edr_f0490294ncam00354m1,test_msl,soil,iou,0.7461696106177418,15292,20494,101609
unet__pretrained__resnet34__in_rover__seed1415__gpu_full__7ab4e19b__gitc188b320__codebebd8b2d__20260713T115339963731Z,msl_ncam_nlb_492664491edr_f0490294ncam00354m1,test_msl,bedrock,iou,0.9397337720263679,81115,86317,101609
unet__pretrained__resnet34__in_rover__seed1415__gpu_full__7ab4e19b__gitc188b320__codebebd8b2d__20260713T115339963731Z,msl_ncam_nlb_492664491edr_f0490294ncam00354m1,test_msl,sand,iou,,0,0,101609
unet__pretrained__resnet34__in_rover__seed1415__gpu_full__7ab4e19b__gitc188b320__codebebd8b2d__20260713T115339963731Z,msl_ncam_nlb_492664491edr_f0490294ncam00354m1,test_msl,big_rock,iou,,0,0,101609
unet__pretrained__resnet34__in_rover__seed1415__gpu_full__7ab4e19b__gitc188b320__codebebd8b2d__20260713T115339963731Z,msl_ncam_nlb_492664491edr_f0490294ncam00354m1,test_msl,ALL,pixel_acc,0.9488037476995148,0,0,101609
unet__pretrained__resnet34__in_rover__seed1415__gpu_full__7ab4e19b__gitc188b320__codebebd8b2d__20260713T115339963731Z,msl_ncam_nlb_492664491edr_f0490294ncam00354m1,test_msl,ALL,boundary_f1,0.6156187232726494,0,0,101609
unet__pretrained__resnet34__in_rover__seed1415__gpu_full__7ab4e19b__gitc188b320__codebebd8b2d__20260713T115339963731Z,msl_ncam_nlb_492664554edr_f0490294ncam00354m1,test_msl,soil,iou,0.0,0,15267,43882
unet__pretrained__resnet34__in_rover__seed1415__gpu_full__7ab4e19b__gitc188b320__codebebd8b2d__20260713T115339963731Z,msl_ncam_nlb_492664554edr_f0490294ncam00354m1,test_msl,bedrock,iou,0.4628787077205234,13124,28353,43882
unet__pretrained__resnet34__in_rover__seed1415__gpu_full__7ab4e19b__gitc188b320__codebebd8b2d__20260713T115339963731Z,msl_ncam_nlb_492664554edr_f0490294ncam00354m1,test_msl,sand,iou,0.9975529654195376,15491,15529,43882
unet__pretrained__resnet34__in_rover__seed1415__gpu_full__7ab4e19b__gitc188b320__codebebd8b2d__20260713T115339963731Z,msl_ncam_nlb_492664554edr_f0490294ncam00354m1,test_msl,big_rock,iou,,0,0,43882
unet__pretrained__resnet34__in_rover__seed1415__gpu_full__7ab4e19b__gitc188b320__codebebd8b2d__20260713T115339963731Z,msl_ncam_nlb_492664554edr_f0490294ncam00354m1,test_msl,ALL,pixel_acc,0.6520896950913815,0,0,43882
unet__pretrained__resnet34__in_rover__seed1415__gpu_full__7ab4e19b__gitc188b320__codebebd8b2d__20260713T115339963731Z,msl_ncam_nlb_492664554edr_f0490294ncam00354m1,test_msl,ALL,boundary_f1,0.581900954587882,0,0,43882
unet__pretrained__resnet34__in_rover__seed1415__gpu_full__7ab4e19b__gitc188b320__codebebd8b2d__20260713T115339963731Z,msl_ncam_nlb_492664625edr_f0490294ncam00354m1,test_msl,soil,iou,,0,0,48893
unet__pretrained__resnet34__in_rover__seed1415__gpu_full__7ab4e19b__gitc188b320__codebebd8b2d__20260713T115339963731Z,msl_ncam_nlb_492664625edr_f0490294ncam00354m1,test_msl,bedrock,iou,0.9994120721191534,45897,45924,48893
unet__pretrained__resnet34__in_rover__seed1415__gpu_full__7ab4e19b__gitc188b320__codebebd8b2d__20260713T115339963731Z,msl_ncam_nlb_492664625edr_f0490294ncam00354m1,test_msl,sand,iou,0.9909879839786382,2969,2996,48893
unet__pretrained__resnet34__in_rover__seed1415__gpu_full__7ab4e19b__gitc188b320__codebebd8b2d__20260713T115339963731Z,msl_ncam_nlb_492664625edr_f0490294ncam00354m1,test_msl,big_rock,iou,,0,0,48893
unet__pretrained__resnet34__in_rover__seed1415__gpu_full__7ab4e19b__gitc188b320__codebebd8b2d__20260713T115339963731Z,msl_ncam_nlb_492664625edr_f0490294ncam00354m1,test_msl,ALL,pixel_acc,0.999447773709938,0,0,48893
unet__pretrained__resnet34__in_rover__seed1415__gpu_full__7ab4e19b__gitc188b320__codebebd8b2d__20260713T115339963731Z,msl_ncam_nlb_492664625edr_f0490294ncam00354m1,test_msl,ALL,boundary_f1,0.9811137015249587,0,0,48893
unet__pretrained__resnet34__in_rover__seed1415__gpu_full__7ab4e19b__gitc188b320__codebebd8b2d__20260713T115339963731Z,msl_ncam_nlb_492664724edr_f0490294ncam00296m1,test_msl,soil,iou,,0,0,0
unet__pretrained__resnet34__in_rover__seed1415__gpu_full__7ab4e19b__gitc188b320__codebebd8b2d__20260713T115339963731Z,msl_ncam_nlb_492664724edr_f0490294ncam00296m1,test_msl,bedrock,iou,,0,0,0
unet__pretrained__resnet34__in_rover__seed1415__gpu_full__7ab4e19b__gitc188b320__codebebd8b2d__20260713T115339963731Z,msl_ncam_nlb_492664724edr_f0490294ncam00296m1,test_msl,sand,iou,,0,0,0
unet__pretrained__resnet34__in_rover__seed1415__gpu_full__7ab4e19b__gitc188b320__codebebd8b2d__20260713T115339963731Z,msl_ncam_nlb_492664724edr_f0490294ncam00296m1,test_msl,big_rock,iou,,0,0,0
unet__pretrained__resnet34__in_rover__seed1415__gpu_full__7ab4e19b__gitc188b320__codebebd8b2d__20260713T115339963731Z,msl_ncam_nlb_492664724edr_f0490294ncam00296m1,test_msl,ALL,pixel_acc,,0,0,0
unet__pretrained__resnet34__in_rover__seed1415__gpu_full__7ab4e19b__gitc188b320__codebebd8b2d__20260713T115339963731Z,msl_ncam_nlb_492664724edr_f0490294ncam00296m1,test_msl,ALL,boundary_f1,,0,0,0
unet__pretrained__resnet34__in_rover__seed1415__gpu_full__7ab4e19b__gitc188b320__codebebd8b2d__20260713T115339963731Z,msl_ncam_nlb_492664901edr_f0490294ncam00295m1,test_msl,soil,iou,,0,0,9775
unet__pretrained__resnet34__in_rover__seed1415__gpu_full__7ab4e19b__gitc188b320__codebebd8b2d__20260713T115339963731Z,msl_ncam_nlb_492664901edr_f0490294ncam00295m1,test_msl,bedrock,iou,1.0,9775,9775,9775
unet__pretrained__resnet34__in_rover__seed1415__gpu_full__7ab4e19b__gitc188b320__codebebd8b2d__20260713T115339963731Z,msl_ncam_nlb_492664901edr_f0490294ncam00295m1,test_msl,sand,iou,,0,0,9775
unet__pretrained__resnet34__in_rover__seed1415__gpu_full__7ab4e19b__gitc188b320__codebebd8b2d__20260713T115339963731Z,msl_ncam_nlb_492664901edr_f0490294ncam00295m1,test_msl,big_rock,iou,,0,0,9775
unet__pretrained__resnet34__in_rover__seed1415__gpu_full__7ab4e19b__gitc188b320__codebebd8b2d__20260713T115339963731Z,msl_ncam_nlb_492664901edr_f0490294ncam00295m1,test_msl,ALL,pixel_acc,1.0,0,0,9775
unet__pretrained__resnet34__in_rover__seed1415__gpu_full__7ab4e19b__gitc188b320__codebebd8b2d__20260713T115339963731Z,msl_ncam_nlb_492664901edr_f0490294ncam00295m1,test_msl,ALL,boundary_f1,1.0,0,0,9775
unet__pretrained__resnet34__in_rover__seed1415__gpu_full__7ab4e19b__gitc188b320__codebebd8b2d__20260713T115339963731Z,msl_ncam_nlb_492665102edr_f0490294ncam00295m1,test_msl,soil,iou,,0,0,0
unet__pretrained__resnet34__in_rover__seed1415__gpu_full__7ab4e19b__gitc188b320__codebebd8b2d__20260713T115339963731Z,msl_ncam_nlb_492665102edr_f0490294ncam00295m1,test_msl,bedrock,iou,,0,0,0
unet__pretrained__resnet34__in_rover__seed1415__gpu_full__7ab4e19b__gitc188b320__codebebd8b2d__20260713T115339963731Z,msl_ncam_nlb_492665102edr_f0490294ncam00295m1,test_msl,sand,iou,,0,0,0
unet__pretrained__resnet34__in_rover__seed1415__gpu_full__7ab4e19b__gitc188b320__codebebd8b2d__20260713T115339963731Z,msl_ncam_nlb_492665102edr_f0490294ncam00295m1,test_msl,big_rock,iou,,0,0,0
unet__pretrained__resnet34__in_rover__seed1415__gpu_full__7ab4e19b__gitc188b320__codebebd8b2d__20260713T115339963731Z,msl_ncam_nlb_492665102edr_f0490294ncam00295m1,test_msl,ALL,pixel_acc,,0,0,0
unet__pretrained__resnet34__in_rover__seed1415__gpu_full__7ab4e19b__gitc188b320__codebebd8b2d__20260713T115339963731Z,msl_ncam_nlb_492665102edr_f0490294ncam00295m1,test_msl,ALL,boundary_f1,,0,0,0
unet__pretrained__resnet34__in_rover__seed1415__gpu_full__7ab4e19b__gitc188b320__codebebd8b2d__20260713T115339963731Z,msl_ncam_nlb_493996330edr_f0491846ncam00385m1,test_msl,soil,iou,,0,0,89098
unet__pretrained__resnet34__in_rover__seed1415__gpu_full__7ab4e19b__gitc188b320__codebebd8b2d__20260713T115339963731Z,msl_ncam_nlb_493996330edr_f0491846ncam00385m1,test_msl,bedrock,iou,0.9927161594295174,38979,39265,89098
unet__pretrained__resnet34__in_rover__seed1415__gpu_full__7ab4e19b__gitc188b320__codebebd8b2d__20260713T115339963731Z,msl_ncam_nlb_493996330edr_f0491846ncam00385m1,test_msl,sand,iou,0.9996589769307924,49833,49850,89098
unet__pretrained__resnet34__in_rover__seed1415__gpu_full__7ab4e19b__gitc188b320__codebebd8b2d__20260713T115339963731Z,msl_ncam_nlb_493996330edr_f0491846ncam00385m1,test_msl,big_rock,iou,0.0,0,269,89098
unet__pretrained__resnet34__in_rover__seed1415__gpu_full__7ab4e19b__gitc188b320__codebebd8b2d__20260713T115339963731Z,msl_ncam_nlb_493996330edr_f0491846ncam00385m1,test_msl,ALL,pixel_acc,0.996790051404072,0,0,89098
unet__pretrained__resnet34__in_rover__seed1415__gpu_full__7ab4e19b__gitc188b320__codebebd8b2d__20260713T115339963731Z,msl_ncam_nlb_493996330edr_f0491846ncam00385m1,test_msl,ALL,boundary_f1,0.6600014111972851,0,0,89098
unet__pretrained__resnet34__in_rover__seed1415__gpu_full__7ab4e19b__gitc188b320__codebebd8b2d__20260713T115339963731Z,msl_ncam_nlb_493996945edr_f0491876ncam00353m1,test_msl,soil,iou,,0,0,75892
unet__pretrained__resnet34__in_rover__seed1415__gpu_full__7ab4e19b__gitc188b320__codebebd8b2d__20260713T115339963731Z,msl_ncam_nlb_493996945edr_f0491876ncam00353m1,test_msl,bedrock,iou,0.7687503294154852,58342,75892,75892
unet__pretrained__resnet34__in_rover__seed1415__gpu_full__7ab4e19b__gitc188b320__codebebd8b2d__20260713T115339963731Z,msl_ncam_nlb_493996945edr_f0491876ncam00353m1,test_msl,sand,iou,0.0,0,17550,75892
unet__pretrained__resnet34__in_rover__seed1415__gpu_full__7ab4e19b__gitc188b320__codebebd8b2d__20260713T115339963731Z,msl_ncam_nlb_493996945edr_f0491876ncam00353m1,test_msl,big_rock,iou,,0,0,75892
unet__pretrained__resnet34__in_rover__seed1415__gpu_full__7ab4e19b__gitc188b320__codebebd8b2d__20260713T115339963731Z,msl_ncam_nlb_493996945edr_f0491876ncam00353m1,test_msl,ALL,pixel_acc,0.7687503294154852,0,0,75892
unet__pretrained__resnet34__in_rover__seed1415__gpu_full__7ab4e19b__gitc188b320__codebebd8b2d__20260713T115339963731Z,msl_ncam_nlb_493996945edr_f0491876ncam00353m1,test_msl,ALL,boundary_f1,0.3876561625955622,0,0,75892
unet__pretrained__resnet34__in_rover__seed1415__gpu_full__7ab4e19b__gitc188b320__codebebd8b2d__20260713T115339963731Z,msl_ncam_nlb_493997715edr_f0491876ncam00256m1,test_msl,soil,iou,,0,0,65259
unet__pretrained__resnet34__in_rover__seed1415__gpu_full__7ab4e19b__gitc188b320__codebebd8b2d__20260713T115339963731Z,msl_ncam_nlb_493997715edr_f0491876ncam00256m1,test_msl,bedrock,iou,0.9959157693735745,18776,18853,65259
unet__pretrained__resnet34__in_rover__seed1415__gpu_full__7ab4e19b__gitc188b320__codebebd8b2d__20260713T115339963731Z,msl_ncam_nlb_493997715edr_f0491876ncam00256m1,test_msl,sand,iou,0.9983434804121937,46406,46483,65259
unet__pretrained__resnet34__in_rover__seed1415__gpu_full__7ab4e19b__gitc188b320__codebebd8b2d__20260713T115339963731Z,msl_ncam_nlb_493997715edr_f0491876ncam00256m1,test_msl,big_rock,iou,,0,0,65259
unet__pretrained__resnet34__in_rover__seed1415__gpu_full__7ab4e19b__gitc188b320__codebebd8b2d__20260713T115339963731Z,msl_ncam_nlb_493997715edr_f0491876ncam00256m1,test_msl,ALL,pixel_acc,0.9988200861183898,0,0,65259
unet__pretrained__resnet34__in_rover__seed1415__gpu_full__7ab4e19b__gitc188b320__codebebd8b2d__20260713T115339963731Z,msl_ncam_nlb_493997715edr_f0491876ncam00256m1,test_msl,ALL,boundary_f1,0.9873973750721683,0,0,65259
unet__pretrained__resnet34__in_rover__seed1415__gpu_full__7ab4e19b__gitc188b320__codebebd8b2d__20260713T115339963731Z,msl_ncam_nlb_493997775edr_f0491876ncam00256m1,test_msl,soil,iou,,0,0,41074
unet__pretrained__resnet34__in_rover__seed1415__gpu_full__7ab4e19b__gitc188b320__codebebd8b2d__20260713T115339963731Z,msl_ncam_nlb_493997775edr_f0491876ncam00256m1,test_msl,bedrock,iou,0.9234389418640419,30021,32510,41074
unet__pretrained__resnet34__in_rover__seed1415__gpu_full__7ab4e19b__gitc188b320__codebebd8b2d__20260713T115339963731Z,msl_ncam_nlb_493997775edr_f0491876ncam00256m1,test_msl,sand,iou,0.7748122681624898,8564,11053,41074
unet__pretrained__resnet34__in_rover__seed1415__gpu_full__7ab4e19b__gitc188b320__codebebd8b2d__20260713T115339963731Z,msl_ncam_nlb_493997775edr_f0491876ncam00256m1,test_msl,big_rock,iou,,0,0,41074
unet__pretrained__resnet34__in_rover__seed1415__gpu_full__7ab4e19b__gitc188b320__codebebd8b2d__20260713T115339963731Z,msl_ncam_nlb_493997775edr_f0491876ncam00256m1,test_msl,ALL,pixel_acc,0.9394020548278716,0,0,41074
unet__pretrained__resnet34__in_rover__seed1415__gpu_full__7ab4e19b__gitc188b320__codebebd8b2d__20260713T115339963731Z,msl_ncam_nlb_493997775edr_f0491876ncam00256m1,test_msl,ALL,boundary_f1,0.8821666834852613,0,0,41074
unet__pretrained__resnet34__in_rover__seed1415__gpu_full__7ab4e19b__gitc188b320__codebebd8b2d__20260713T115339963731Z,msl_ncam_nlb_493997895edr_f0491876ncam00354m1,test_msl,soil,iou,,0,0,92765
unet__pretrained__resnet34__in_rover__seed1415__gpu_full__7ab4e19b__gitc188b320__codebebd8b2d__20260713T115339963731Z,msl_ncam_nlb_493997895edr_f0491876ncam00354m1,test_msl,bedrock,iou,0.9398799855621729,83326,88656,92765
unet__pretrained__resnet34__in_rover__seed1415__gpu_full__7ab4e19b__gitc188b320__codebebd8b2d__20260713T115339963731Z,msl_ncam_nlb_493997895edr_f0491876ncam00354m1,test_msl,sand,iou,0.4353215382985486,4109,9439,92765
unet__pretrained__resnet34__in_rover__seed1415__gpu_full__7ab4e19b__gitc188b320__codebebd8b2d__20260713T115339963731Z,msl_ncam_nlb_493997895edr_f0491876ncam00354m1,test_msl,big_rock,iou,,0,0,92765
unet__pretrained__resnet34__in_rover__seed1415__gpu_full__7ab4e19b__gitc188b320__codebebd8b2d__20260713T115339963731Z,msl_ncam_nlb_493997895edr_f0491876ncam00354m1,test_msl,ALL,pixel_acc,0.9425429849620007,0,0,92765
unet__pretrained__resnet34__in_rover__seed1415__gpu_full__7ab4e19b__gitc188b320__codebebd8b2d__20260713T115339963731Z,msl_ncam_nlb_493997895edr_f0491876ncam00354m1,test_msl,ALL,boundary_f1,0.7157845036472008,0,0,92765
unet__pretrained__resnet34__in_rover__seed1415__gpu_full__7ab4e19b__gitc188b320__codebebd8b2d__20260713T115339963731Z,msl_ncam_nlb_493997974edr_f0491876ncam00354m1,test_msl,soil,iou,,0,0,43129
unet__pretrained__resnet34__in_rover__seed1415__gpu_full__7ab4e19b__gitc188b320__codebebd8b2d__20260713T115339963731Z,msl_ncam_nlb_493997974edr_f0491876ncam00354m1,test_msl,bedrock,iou,1.0,18339,18339,43129
unet__pretrained__resnet34__in_rover__seed1415__gpu_full__7ab4e19b__gitc188b320__codebebd8b2d__20260713T115339963731Z,msl_ncam_nlb_493997974edr_f0491876ncam00354m1,test_msl,sand,iou,1.0,24790,24790,43129
unet__pretrained__resnet34__in_rover__seed1415__gpu_full__7ab4e19b__gitc188b320__codebebd8b2d__20260713T115339963731Z,msl_ncam_nlb_493997974edr_f0491876ncam00354m1,test_msl,big_rock,iou,,0,0,43129
unet__pretrained__resnet34__in_rover__seed1415__gpu_full__7ab4e19b__gitc188b320__codebebd8b2d__20260713T115339963731Z,msl_ncam_nlb_493997974edr_f0491876ncam00354m1,test_msl,ALL,pixel_acc,1.0,0,0,43129
unet__pretrained__resnet34__in_rover__seed1415__gpu_full__7ab4e19b__gitc188b320__codebebd8b2d__20260713T115339963731Z,msl_ncam_nlb_493997974edr_f0491876ncam00354m1,test_msl,ALL,boundary_f1,1.0,0,0,43129
unet__pretrained__resnet34__in_rover__seed1415__gpu_full__7ab4e19b__gitc188b320__codebebd8b2d__20260713T115339963731Z,msl_ncam_nlb_493998022edr_f0491876ncam00257m1,test_msl,soil,iou,,0,0,59414
unet__pretrained__resnet34__in_rover__seed1415__gpu_full__7ab4e19b__gitc188b320__codebebd8b2d__20260713T115339963731Z,msl_ncam_nlb_493998022edr_f0491876ncam00257m1,test_msl,bedrock,iou,0.5868169014084507,31248,53250,59414
unet__pretrained__resnet34__in_rover__seed1415__gpu_full__7ab4e19b__gitc188b320__codebebd8b2d__20260713T115339963731Z,msl_ncam_nlb_493998022edr_f0491876ncam00257m1,test_msl,sand,iou,0.7552070570938495,6164,8162,59414
unet__pretrained__resnet34__in_rover__seed1415__gpu_full__7ab4e19b__gitc188b320__codebebd8b2d__20260713T115339963731Z,msl_ncam_nlb_493998022edr_f0491876ncam00257m1,test_msl,big_rock,iou,0.0,0,20004,59414
unet__pretrained__resnet34__in_rover__seed1415__gpu_full__7ab4e19b__gitc188b320__codebebd8b2d__20260713T115339963731Z,msl_ncam_nlb_493998022edr_f0491876ncam00257m1,test_msl,ALL,pixel_acc,0.6296832396404888,0,0,59414
unet__pretrained__resnet34__in_rover__seed1415__gpu_full__7ab4e19b__gitc188b320__codebebd8b2d__20260713T115339963731Z,msl_ncam_nlb_493998022edr_f0491876ncam00257m1,test_msl,ALL,boundary_f1,0.5171747105408077,0,0,59414
unet__pretrained__resnet34__in_rover__seed1415__gpu_full__7ab4e19b__gitc188b320__codebebd8b2d__20260713T115339963731Z,msl_ncam_nlb_493998141edr_f0491876ncam00257m1,test_msl,soil,iou,,0,0,18319
unet__pretrained__resnet34__in_rover__seed1415__gpu_full__7ab4e19b__gitc188b320__codebebd8b2d__20260713T115339963731Z,msl_ncam_nlb_493998141edr_f0491876ncam00257m1,test_msl,bedrock,iou,1.0,5003,5003,18319
unet__pretrained__resnet34__in_rover__seed1415__gpu_full__7ab4e19b__gitc188b320__codebebd8b2d__20260713T115339963731Z,msl_ncam_nlb_493998141edr_f0491876ncam00257m1,test_msl,sand,iou,1.0,13316,13316,18319
unet__pretrained__resnet34__in_rover__seed1415__gpu_full__7ab4e19b__gitc188b320__codebebd8b2d__20260713T115339963731Z,msl_ncam_nlb_493998141edr_f0491876ncam00257m1,test_msl,big_rock,iou,,0,0,18319
unet__pretrained__resnet34__in_rover__seed1415__gpu_full__7ab4e19b__gitc188b320__codebebd8b2d__20260713T115339963731Z,msl_ncam_nlb_493998141edr_f0491876ncam00257m1,test_msl,ALL,pixel_acc,1.0,0,0,18319
unet__pretrained__resnet34__in_rover__seed1415__gpu_full__7ab4e19b__gitc188b320__codebebd8b2d__20260713T115339963731Z,msl_ncam_nlb_493998141edr_f0491876ncam00257m1,test_msl,ALL,boundary_f1,1.0,0,0,18319
unet__pretrained__resnet34__in_rover__seed1415__gpu_full__7ab4e19b__gitc188b320__codebebd8b2d__20260713T115339963731Z,msl_ncam_nlb_493998256edr_f0491876ncam00257m1,test_msl,soil,iou,,0,0,4103
unet__pretrained__resnet34__in_rover__seed1415__gpu_full__7ab4e19b__gitc188b320__codebebd8b2d__20260713T115339963731Z,msl_ncam_nlb_493998256edr_f0491876ncam00257m1,test_msl,bedrock,iou,1.0,1148,1148,4103
unet__pretrained__resnet34__in_rover__seed1415__gpu_full__7ab4e19b__gitc188b320__codebebd8b2d__20260713T115339963731Z,msl_ncam_nlb_493998256edr_f0491876ncam00257m1,test_msl,sand,iou,1.0,2955,2955,4103
unet__pretrained__resnet34__in_rover__seed1415__gpu_full__7ab4e19b__gitc188b320__codebebd8b2d__20260713T115339963731Z,msl_ncam_nlb_493998256edr_f0491876ncam00257m1,test_msl,big_rock,iou,,0,0,4103
unet__pretrained__resnet34__in_rover__seed1415__gpu_full__7ab4e19b__gitc188b320__codebebd8b2d__20260713T115339963731Z,msl_ncam_nlb_493998256edr_f0491876ncam00257m1,test_msl,ALL,pixel_acc,1.0,0,0,4103
unet__pretrained__resnet34__in_rover__seed1415__gpu_full__7ab4e19b__gitc188b320__codebebd8b2d__20260713T115339963731Z,msl_ncam_nlb_493998256edr_f0491876ncam00257m1,test_msl,ALL,boundary_f1,1.0,0,0,4103
unet__pretrained__resnet34__in_rover__seed1415__gpu_full__7ab4e19b__gitc188b320__codebebd8b2d__20260713T115339963731Z,msl_ncam_nlb_500655478edr_f0503000ncam00385m1,test_msl,soil,iou,,0,0,113066
unet__pretrained__resnet34__in_rover__seed1415__gpu_full__7ab4e19b__gitc188b320__codebebd8b2d__20260713T115339963731Z,msl_ncam_nlb_500655478edr_f0503000ncam00385m1,test_msl,bedrock,iou,1.0,113066,113066,113066
unet__pretrained__resnet34__in_rover__seed1415__gpu_full__7ab4e19b__gitc188b320__codebebd8b2d__20260713T115339963731Z,msl_ncam_nlb_500655478edr_f0503000ncam00385m1,test_msl,sand,iou,,0,0,113066
unet__pretrained__resnet34__in_rover__seed1415__gpu_full__7ab4e19b__gitc188b320__codebebd8b2d__20260713T115339963731Z,msl_ncam_nlb_500655478edr_f0503000ncam00385m1,test_msl,big_rock,iou,,0,0,113066
unet__pretrained__resnet34__in_rover__seed1415__gpu_full__7ab4e19b__gitc188b320__codebebd8b2d__20260713T115339963731Z,msl_ncam_nlb_500655478edr_f0503000ncam00385m1,test_msl,ALL,pixel_acc,1.0,0,0,113066
unet__pretrained__resnet34__in_rover__seed1415__gpu_full__7ab4e19b__gitc188b320__codebebd8b2d__20260713T115339963731Z,msl_ncam_nlb_500655478edr_f0503000ncam00385m1,test_msl,ALL,boundary_f1,1.0,0,0,113066
unet__pretrained__resnet34__in_rover__seed1415__gpu_full__7ab4e19b__gitc188b320__codebebd8b2d__20260713T115339963731Z,msl_ncam_nlb_500656502edr_f0503076ncam00353m1,test_msl,soil,iou,0.0,0,7316,33179
unet__pretrained__resnet34__in_rover__seed1415__gpu_full__7ab4e19b__gitc188b320__codebebd8b2d__20260713T115339963731Z,msl_ncam_nlb_500656502edr_f0503076ncam00353m1,test_msl,bedrock,iou,0.779499080743844,25863,33179,33179
unet__pretrained__resnet34__in_rover__seed1415__gpu_full__7ab4e19b__gitc188b320__codebebd8b2d__20260713T115339963731Z,msl_ncam_nlb_500656502edr_f0503076ncam00353m1,test_msl,sand,iou,,0,0,33179
unet__pretrained__resnet34__in_rover__seed1415__gpu_full__7ab4e19b__gitc188b320__codebebd8b2d__20260713T115339963731Z,msl_ncam_nlb_500656502edr_f0503076ncam00353m1,test_msl,big_rock,iou,,0,0,33179
unet__pretrained__resnet34__in_rover__seed1415__gpu_full__7ab4e19b__gitc188b320__codebebd8b2d__20260713T115339963731Z,msl_ncam_nlb_500656502edr_f0503076ncam00353m1,test_msl,ALL,pixel_acc,0.779499080743844,0,0,33179
unet__pretrained__resnet34__in_rover__seed1415__gpu_full__7ab4e19b__gitc188b320__codebebd8b2d__20260713T115339963731Z,msl_ncam_nlb_500656502edr_f0503076ncam00353m1,test_msl,ALL,boundary_f1,0.46972388180203456,0,0,33179
unet__pretrained__resnet34__in_rover__seed1415__gpu_full__7ab4e19b__gitc188b320__codebebd8b2d__20260713T115339963731Z,msl_ncam_nlb_500661494edr_f0503076ncam00354m1,test_msl,soil,iou,,0,0,127313
unet__pretrained__resnet34__in_rover__seed1415__gpu_full__7ab4e19b__gitc188b320__codebebd8b2d__20260713T115339963731Z,msl_ncam_nlb_500661494edr_f0503076ncam00354m1,test_msl,bedrock,iou,1.0,127313,127313,127313
unet__pretrained__resnet34__in_rover__seed1415__gpu_full__7ab4e19b__gitc188b320__codebebd8b2d__20260713T115339963731Z,msl_ncam_nlb_500661494edr_f0503076ncam00354m1,test_msl,sand,iou,,0,0,127313
unet__pretrained__resnet34__in_rover__seed1415__gpu_full__7ab4e19b__gitc188b320__codebebd8b2d__20260713T115339963731Z,msl_ncam_nlb_500661494edr_f0503076ncam00354m1,test_msl,big_rock,iou,,0,0,127313
unet__pretrained__resnet34__in_rover__seed1415__gpu_full__7ab4e19b__gitc188b320__codebebd8b2d__20260713T115339963731Z,msl_ncam_nlb_500661494edr_f0503076ncam00354m1,test_msl,ALL,pixel_acc,1.0,0,0,127313
unet__pretrained__resnet34__in_rover__seed1415__gpu_full__7ab4e19b__gitc188b320__codebebd8b2d__20260713T115339963731Z,msl_ncam_nlb_500661494edr_f0503076ncam00354m1,test_msl,ALL,boundary_f1,1.0,0,0,127313
unet__pretrained__resnet34__in_rover__seed1415__gpu_full__7ab4e19b__gitc188b320__codebebd8b2d__20260713T115339963731Z,msl_ncam_nlb_500661565edr_f0503076ncam00354m1,test_msl,soil,iou,,0,0,25550
unet__pretrained__resnet34__in_rover__seed1415__gpu_full__7ab4e19b__gitc188b320__codebebd8b2d__20260713T115339963731Z,msl_ncam_nlb_500661565edr_f0503076ncam00354m1,test_msl,bedrock,iou,1.0,25550,25550,25550
unet__pretrained__resnet34__in_rover__seed1415__gpu_full__7ab4e19b__gitc188b320__codebebd8b2d__20260713T115339963731Z,msl_ncam_nlb_500661565edr_f0503076ncam00354m1,test_msl,sand,iou,,0,0,25550
unet__pretrained__resnet34__in_rover__seed1415__gpu_full__7ab4e19b__gitc188b320__codebebd8b2d__20260713T115339963731Z,msl_ncam_nlb_500661565edr_f0503076ncam00354m1,test_msl,big_rock,iou,,0,0,25550
unet__pretrained__resnet34__in_rover__seed1415__gpu_full__7ab4e19b__gitc188b320__codebebd8b2d__20260713T115339963731Z,msl_ncam_nlb_500661565edr_f0503076ncam00354m1,test_msl,ALL,pixel_acc,1.0,0,0,25550
unet__pretrained__resnet34__in_rover__seed1415__gpu_full__7ab4e19b__gitc188b320__codebebd8b2d__20260713T115339963731Z,msl_ncam_nlb_500661565edr_f0503076ncam00354m1,test_msl,ALL,boundary_f1,1.0,0,0,25550
unet__pretrained__resnet34__in_rover__seed1415__gpu_full__7ab4e19b__gitc188b320__codebebd8b2d__20260713T115339963731Z,msl_ncam_nlb_500661664edr_f0503076ncam07753m1,test_msl,soil,iou,0.0,0,16552,129119
unet__pretrained__resnet34__in_rover__seed1415__gpu_full__7ab4e19b__gitc188b320__codebebd8b2d__20260713T115339963731Z,msl_ncam_nlb_500661664edr_f0503076ncam07753m1,test_msl,bedrock,iou,0.8718081769530434,112567,129119,129119
unet__pretrained__resnet34__in_rover__seed1415__gpu_full__7ab4e19b__gitc188b320__codebebd8b2d__20260713T115339963731Z,msl_ncam_nlb_500661664edr_f0503076ncam07753m1,test_msl,sand,iou,,0,0,129119
unet__pretrained__resnet34__in_rover__seed1415__gpu_full__7ab4e19b__gitc188b320__codebebd8b2d__20260713T115339963731Z,msl_ncam_nlb_500661664edr_f0503076ncam07753m1,test_msl,big_rock,iou,,0,0,129119
unet__pretrained__resnet34__in_rover__seed1415__gpu_full__7ab4e19b__gitc188b320__codebebd8b2d__20260713T115339963731Z,msl_ncam_nlb_500661664edr_f0503076ncam07753m1,test_msl,ALL,pixel_acc,0.8718081769530434,0,0,129119
unet__pretrained__resnet34__in_rover__seed1415__gpu_full__7ab4e19b__gitc188b320__codebebd8b2d__20260713T115339963731Z,msl_ncam_nlb_500661664edr_f0503076ncam07753m1,test_msl,ALL,boundary_f1,0.43821391484942884,0,0,129119
unet__pretrained__resnet34__in_rover__seed1415__gpu_full__7ab4e19b__gitc188b320__codebebd8b2d__20260713T115339963731Z,msl_ncam_nlb_500661727edr_f0503076ncam07753m1,test_msl,soil,iou,,0,0,163353
unet__pretrained__resnet34__in_rover__seed1415__gpu_full__7ab4e19b__gitc188b320__codebebd8b2d__20260713T115339963731Z,msl_ncam_nlb_500661727edr_f0503076ncam07753m1,test_msl,bedrock,iou,1.0,163353,163353,163353
unet__pretrained__resnet34__in_rover__seed1415__gpu_full__7ab4e19b__gitc188b320__codebebd8b2d__20260713T115339963731Z,msl_ncam_nlb_500661727edr_f0503076ncam07753m1,test_msl,sand,iou,,0,0,163353
unet__pretrained__resnet34__in_rover__seed1415__gpu_full__7ab4e19b__gitc188b320__codebebd8b2d__20260713T115339963731Z,msl_ncam_nlb_500661727edr_f0503076ncam07753m1,test_msl,big_rock,iou,,0,0,163353
unet__pretrained__resnet34__in_rover__seed1415__gpu_full__7ab4e19b__gitc188b320__codebebd8b2d__20260713T115339963731Z,msl_ncam_nlb_500661727edr_f0503076ncam07753m1,test_msl,ALL,pixel_acc,1.0,0,0,163353
unet__pretrained__resnet34__in_rover__seed1415__gpu_full__7ab4e19b__gitc188b320__codebebd8b2d__20260713T115339963731Z,msl_ncam_nlb_500661727edr_f0503076ncam07753m1,test_msl,ALL,boundary_f1,1.0,0,0,163353
unet__pretrained__resnet34__in_rover__seed1415__gpu_full__7ab4e19b__gitc188b320__codebebd8b2d__20260713T115339963731Z,msl_ncam_nlb_500661784edr_f0503076ncam07753m1,test_msl,soil,iou,,0,0,133546
unet__pretrained__resnet34__in_rover__seed1415__gpu_full__7ab4e19b__gitc188b320__codebebd8b2d__20260713T115339963731Z,msl_ncam_nlb_500661784edr_f0503076ncam07753m1,test_msl,bedrock,iou,1.0,133546,133546,133546
unet__pretrained__resnet34__in_rover__seed1415__gpu_full__7ab4e19b__gitc188b320__codebebd8b2d__20260713T115339963731Z,msl_ncam_nlb_500661784edr_f0503076ncam07753m1,test_msl,sand,iou,,0,0,133546
unet__pretrained__resnet34__in_rover__seed1415__gpu_full__7ab4e19b__gitc188b320__codebebd8b2d__20260713T115339963731Z,msl_ncam_nlb_500661784edr_f0503076ncam07753m1,test_msl,big_rock,iou,,0,0,133546
unet__pretrained__resnet34__in_rover__seed1415__gpu_full__7ab4e19b__gitc188b320__codebebd8b2d__20260713T115339963731Z,msl_ncam_nlb_500661784edr_f0503076ncam07753m1,test_msl,ALL,pixel_acc,1.0,0,0,133546
unet__pretrained__resnet34__in_rover__seed1415__gpu_full__7ab4e19b__gitc188b320__codebebd8b2d__20260713T115339963731Z,msl_ncam_nlb_500661784edr_f0503076ncam07753m1,test_msl,ALL,boundary_f1,1.0,0,0,133546
unet__pretrained__resnet34__in_rover__seed1415__gpu_full__7ab4e19b__gitc188b320__codebebd8b2d__20260713T115339963731Z,msl_ncam_nlb_502512171edr_f0511298ncam00320m1,test_msl,soil,iou,,0,0,142320
unet__pretrained__resnet34__in_rover__seed1415__gpu_full__7ab4e19b__gitc188b320__codebebd8b2d__20260713T115339963731Z,msl_ncam_nlb_502512171edr_f0511298ncam00320m1,test_msl,bedrock,iou,,0,0,142320
unet__pretrained__resnet34__in_rover__seed1415__gpu_full__7ab4e19b__gitc188b320__codebebd8b2d__20260713T115339963731Z,msl_ncam_nlb_502512171edr_f0511298ncam00320m1,test_msl,sand,iou,1.0,142320,142320,142320
unet__pretrained__resnet34__in_rover__seed1415__gpu_full__7ab4e19b__gitc188b320__codebebd8b2d__20260713T115339963731Z,msl_ncam_nlb_502512171edr_f0511298ncam00320m1,test_msl,big_rock,iou,,0,0,142320
unet__pretrained__resnet34__in_rover__seed1415__gpu_full__7ab4e19b__gitc188b320__codebebd8b2d__20260713T115339963731Z,msl_ncam_nlb_502512171edr_f0511298ncam00320m1,test_msl,ALL,pixel_acc,1.0,0,0,142320
unet__pretrained__resnet34__in_rover__seed1415__gpu_full__7ab4e19b__gitc188b320__codebebd8b2d__20260713T115339963731Z,msl_ncam_nlb_502512171edr_f0511298ncam00320m1,test_msl,ALL,boundary_f1,1.0,0,0,142320
unet__pretrained__resnet34__in_rover__seed1415__gpu_full__7ab4e19b__gitc188b320__codebebd8b2d__20260713T115339963731Z,msl_ncam_nlb_502515217edr_f0511406ncam00418m1,test_msl,soil,iou,,0,0,105136
unet__pretrained__resnet34__in_rover__seed1415__gpu_full__7ab4e19b__gitc188b320__codebebd8b2d__20260713T115339963731Z,msl_ncam_nlb_502515217edr_f0511406ncam00418m1,test_msl,bedrock,iou,0.9914903063489714,13399,13514,105136
unet__pretrained__resnet34__in_rover__seed1415__gpu_full__7ab4e19b__gitc188b320__codebebd8b2d__20260713T115339963731Z,msl_ncam_nlb_502515217edr_f0511406ncam00418m1,test_msl,sand,iou,0.998746416385973,91622,91737,105136
unet__pretrained__resnet34__in_rover__seed1415__gpu_full__7ab4e19b__gitc188b320__codebebd8b2d__20260713T115339963731Z,msl_ncam_nlb_502515217edr_f0511406ncam00418m1,test_msl,big_rock,iou,,0,0,105136
unet__pretrained__resnet34__in_rover__seed1415__gpu_full__7ab4e19b__gitc188b320__codebebd8b2d__20260713T115339963731Z,msl_ncam_nlb_502515217edr_f0511406ncam00418m1,test_msl,ALL,pixel_acc,0.9989061786638259,0,0,105136
unet__pretrained__resnet34__in_rover__seed1415__gpu_full__7ab4e19b__gitc188b320__codebebd8b2d__20260713T115339963731Z,msl_ncam_nlb_502515217edr_f0511406ncam00418m1,test_msl,ALL,boundary_f1,0.9792272092592786,0,0,105136
unet__pretrained__resnet34__in_rover__seed1415__gpu_full__7ab4e19b__gitc188b320__codebebd8b2d__20260713T115339963731Z,msl_ncam_nlb_502516548edr_f0511430ncam00353m1,test_msl,soil,iou,0.0,0,1,181365
unet__pretrained__resnet34__in_rover__seed1415__gpu_full__7ab4e19b__gitc188b320__codebebd8b2d__20260713T115339963731Z,msl_ncam_nlb_502516548edr_f0511430ncam00353m1,test_msl,bedrock,iou,,0,0,181365
unet__pretrained__resnet34__in_rover__seed1415__gpu_full__7ab4e19b__gitc188b320__codebebd8b2d__20260713T115339963731Z,msl_ncam_nlb_502516548edr_f0511430ncam00353m1,test_msl,sand,iou,0.9999944862569956,181364,181365,181365
unet__pretrained__resnet34__in_rover__seed1415__gpu_full__7ab4e19b__gitc188b320__codebebd8b2d__20260713T115339963731Z,msl_ncam_nlb_502516548edr_f0511430ncam00353m1,test_msl,big_rock,iou,,0,0,181365
unet__pretrained__resnet34__in_rover__seed1415__gpu_full__7ab4e19b__gitc188b320__codebebd8b2d__20260713T115339963731Z,msl_ncam_nlb_502516548edr_f0511430ncam00353m1,test_msl,ALL,pixel_acc,0.9999944862569956,0,0,181365
unet__pretrained__resnet34__in_rover__seed1415__gpu_full__7ab4e19b__gitc188b320__codebebd8b2d__20260713T115339963731Z,msl_ncam_nlb_502516548edr_f0511430ncam00353m1,test_msl,ALL,boundary_f1,0.5,0,0,181365
unet__pretrained__resnet34__in_rover__seed1415__gpu_full__7ab4e19b__gitc188b320__codebebd8b2d__20260713T115339963731Z,msl_ncam_nlb_502516765edr_f0511430ncam00419m1,test_msl,soil,iou,,0,0,160319
unet__pretrained__resnet34__in_rover__seed1415__gpu_full__7ab4e19b__gitc188b320__codebebd8b2d__20260713T115339963731Z,msl_ncam_nlb_502516765edr_f0511430ncam00419m1,test_msl,bedrock,iou,0.872558662357735,12420,14234,160319
unet__pretrained__resnet34__in_rover__seed1415__gpu_full__7ab4e19b__gitc188b320__codebebd8b2d__20260713T115339963731Z,msl_ncam_nlb_502516765edr_f0511430ncam00419m1,test_msl,sand,iou,0.9877348731228744,146085,147899,160319
unet__pretrained__resnet34__in_rover__seed1415__gpu_full__7ab4e19b__gitc188b320__codebebd8b2d__20260713T115339963731Z,msl_ncam_nlb_502516765edr_f0511430ncam00419m1,test_msl,big_rock,iou,,0,0,160319
unet__pretrained__resnet34__in_rover__seed1415__gpu_full__7ab4e19b__gitc188b320__codebebd8b2d__20260713T115339963731Z,msl_ncam_nlb_502516765edr_f0511430ncam00419m1,test_msl,ALL,pixel_acc,0.9886850591632932,0,0,160319
unet__pretrained__resnet34__in_rover__seed1415__gpu_full__7ab4e19b__gitc188b320__codebebd8b2d__20260713T115339963731Z,msl_ncam_nlb_502516765edr_f0511430ncam00419m1,test_msl,ALL,boundary_f1,0.8827211146971627,0,0,160319
unet__pretrained__resnet34__in_rover__seed1415__gpu_full__7ab4e19b__gitc188b320__codebebd8b2d__20260713T115339963731Z,msl_ncam_nlb_502516974edr_f0511430ncam09842m1,test_msl,soil,iou,,0,0,159008
unet__pretrained__resnet34__in_rover__seed1415__gpu_full__7ab4e19b__gitc188b320__codebebd8b2d__20260713T115339963731Z,msl_ncam_nlb_502516974edr_f0511430ncam09842m1,test_msl,bedrock,iou,0.9973981900452489,8817,8840,159008
unet__pretrained__resnet34__in_rover__seed1415__gpu_full__7ab4e19b__gitc188b320__codebebd8b2d__20260713T115339963731Z,msl_ncam_nlb_502516974edr_f0511430ncam09842m1,test_msl,sand,iou,0.999846861662816,150168,150191,159008
unet__pretrained__resnet34__in_rover__seed1415__gpu_full__7ab4e19b__gitc188b320__codebebd8b2d__20260713T115339963731Z,msl_ncam_nlb_502516974edr_f0511430ncam09842m1,test_msl,big_rock,iou,,0,0,159008
unet__pretrained__resnet34__in_rover__seed1415__gpu_full__7ab4e19b__gitc188b320__codebebd8b2d__20260713T115339963731Z,msl_ncam_nlb_502516974edr_f0511430ncam09842m1,test_msl,ALL,pixel_acc,0.9998553531897766,0,0,159008
unet__pretrained__resnet34__in_rover__seed1415__gpu_full__7ab4e19b__gitc188b320__codebebd8b2d__20260713T115339963731Z,msl_ncam_nlb_502516974edr_f0511430ncam09842m1,test_msl,ALL,boundary_f1,0.9935558710878595,0,0,159008
unet__pretrained__resnet34__in_rover__seed1415__gpu_full__7ab4e19b__gitc188b320__codebebd8b2d__20260713T115339963731Z,msl_ncam_nlb_502517100edr_f0511430ncam09842m1,test_msl,soil,iou,,0,0,195816
unet__pretrained__resnet34__in_rover__seed1415__gpu_full__7ab4e19b__gitc188b320__codebebd8b2d__20260713T115339963731Z,msl_ncam_nlb_502517100edr_f0511430ncam09842m1,test_msl,bedrock,iou,,0,0,195816
unet__pretrained__resnet34__in_rover__seed1415__gpu_full__7ab4e19b__gitc188b320__codebebd8b2d__20260713T115339963731Z,msl_ncam_nlb_502517100edr_f0511430ncam09842m1,test_msl,sand,iou,1.0,195816,195816,195816
unet__pretrained__resnet34__in_rover__seed1415__gpu_full__7ab4e19b__gitc188b320__codebebd8b2d__20260713T115339963731Z,msl_ncam_nlb_502517100edr_f0511430ncam09842m1,test_msl,big_rock,iou,,0,0,195816
unet__pretrained__resnet34__in_rover__seed1415__gpu_full__7ab4e19b__gitc188b320__codebebd8b2d__20260713T115339963731Z,msl_ncam_nlb_502517100edr_f0511430ncam09842m1,test_msl,ALL,pixel_acc,1.0,0,0,195816
unet__pretrained__resnet34__in_rover__seed1415__gpu_full__7ab4e19b__gitc188b320__codebebd8b2d__20260713T115339963731Z,msl_ncam_nlb_502517100edr_f0511430ncam09842m1,test_msl,ALL,boundary_f1,1.0,0,0,195816
unet__pretrained__resnet34__in_rover__seed1415__gpu_full__7ab4e19b__gitc188b320__codebebd8b2d__20260713T115339963731Z,msl_ncam_nlb_502517193edr_f0511430ncam09842m1,test_msl,soil,iou,,0,0,102176
unet__pretrained__resnet34__in_rover__seed1415__gpu_full__7ab4e19b__gitc188b320__codebebd8b2d__20260713T115339963731Z,msl_ncam_nlb_502517193edr_f0511430ncam09842m1,test_msl,bedrock,iou,0.9636803874092009,27860,28910,102176
unet__pretrained__resnet34__in_rover__seed1415__gpu_full__7ab4e19b__gitc188b320__codebebd8b2d__20260713T115339963731Z,msl_ncam_nlb_502517193edr_f0511430ncam09842m1,test_msl,sand,iou,0.9858711448409495,73266,74316,102176
unet__pretrained__resnet34__in_rover__seed1415__gpu_full__7ab4e19b__gitc188b320__codebebd8b2d__20260713T115339963731Z,msl_ncam_nlb_502517193edr_f0511430ncam09842m1,test_msl,big_rock,iou,,0,0,102176
unet__pretrained__resnet34__in_rover__seed1415__gpu_full__7ab4e19b__gitc188b320__codebebd8b2d__20260713T115339963731Z,msl_ncam_nlb_502517193edr_f0511430ncam09842m1,test_msl,ALL,pixel_acc,0.9897236141559662,0,0,102176
unet__pretrained__resnet34__in_rover__seed1415__gpu_full__7ab4e19b__gitc188b320__codebebd8b2d__20260713T115339963731Z,msl_ncam_nlb_502517193edr_f0511430ncam09842m1,test_msl,ALL,boundary_f1,0.9366873641172826,0,0,102176
unet__pretrained__resnet34__in_rover__seed1415__gpu_full__7ab4e19b__gitc188b320__codebebd8b2d__20260713T115339963731Z,msl_ncam_nlb_504390285edr_f0520004ncam00353m1,test_msl,soil,iou,,0,0,0
unet__pretrained__resnet34__in_rover__seed1415__gpu_full__7ab4e19b__gitc188b320__codebebd8b2d__20260713T115339963731Z,msl_ncam_nlb_504390285edr_f0520004ncam00353m1,test_msl,bedrock,iou,,0,0,0
unet__pretrained__resnet34__in_rover__seed1415__gpu_full__7ab4e19b__gitc188b320__codebebd8b2d__20260713T115339963731Z,msl_ncam_nlb_504390285edr_f0520004ncam00353m1,test_msl,sand,iou,,0,0,0
unet__pretrained__resnet34__in_rover__seed1415__gpu_full__7ab4e19b__gitc188b320__codebebd8b2d__20260713T115339963731Z,msl_ncam_nlb_504390285edr_f0520004ncam00353m1,test_msl,big_rock,iou,,0,0,0
unet__pretrained__resnet34__in_rover__seed1415__gpu_full__7ab4e19b__gitc188b320__codebebd8b2d__20260713T115339963731Z,msl_ncam_nlb_504390285edr_f0520004ncam00353m1,test_msl,ALL,pixel_acc,,0,0,0
unet__pretrained__resnet34__in_rover__seed1415__gpu_full__7ab4e19b__gitc188b320__codebebd8b2d__20260713T115339963731Z,msl_ncam_nlb_504390285edr_f0520004ncam00353m1,test_msl,ALL,boundary_f1,,0,0,0
unet__pretrained__resnet34__in_rover__seed1415__gpu_full__7ab4e19b__gitc188b320__codebebd8b2d__20260713T115339963731Z,msl_ncam_nlb_504390796edr_f0520004ncam00354m1,test_msl,soil,iou,,0,0,98057
unet__pretrained__resnet34__in_rover__seed1415__gpu_full__7ab4e19b__gitc188b320__codebebd8b2d__20260713T115339963731Z,msl_ncam_nlb_504390796edr_f0520004ncam00354m1,test_msl,bedrock,iou,0.8602296235002068,83167,96680,98057
unet__pretrained__resnet34__in_rover__seed1415__gpu_full__7ab4e19b__gitc188b320__codebebd8b2d__20260713T115339963731Z,msl_ncam_nlb_504390796edr_f0520004ncam00354m1,test_msl,sand,iou,0.09247817327065144,1377,14890,98057
unet__pretrained__resnet34__in_rover__seed1415__gpu_full__7ab4e19b__gitc188b320__codebebd8b2d__20260713T115339963731Z,msl_ncam_nlb_504390796edr_f0520004ncam00354m1,test_msl,big_rock,iou,,0,0,98057
unet__pretrained__resnet34__in_rover__seed1415__gpu_full__7ab4e19b__gitc188b320__codebebd8b2d__20260713T115339963731Z,msl_ncam_nlb_504390796edr_f0520004ncam00354m1,test_msl,ALL,pixel_acc,0.8621923982989486,0,0,98057
unet__pretrained__resnet34__in_rover__seed1415__gpu_full__7ab4e19b__gitc188b320__codebebd8b2d__20260713T115339963731Z,msl_ncam_nlb_504390796edr_f0520004ncam00354m1,test_msl,ALL,boundary_f1,0.45440188732874165,0,0,98057
unet__pretrained__resnet34__in_rover__seed1415__gpu_full__7ab4e19b__gitc188b320__codebebd8b2d__20260713T115339963731Z,msl_ncam_nlb_504390846edr_f0520004ncam00354m1,test_msl,soil,iou,,0,0,66198
unet__pretrained__resnet34__in_rover__seed1415__gpu_full__7ab4e19b__gitc188b320__codebebd8b2d__20260713T115339963731Z,msl_ncam_nlb_504390846edr_f0520004ncam00354m1,test_msl,bedrock,iou,0.9161590892611123,50539,55164,66198
unet__pretrained__resnet34__in_rover__seed1415__gpu_full__7ab4e19b__gitc188b320__codebebd8b2d__20260713T115339963731Z,msl_ncam_nlb_504390846edr_f0520004ncam00354m1,test_msl,sand,iou,0.7046426974902612,11034,15659,66198
unet__pretrained__resnet34__in_rover__seed1415__gpu_full__7ab4e19b__gitc188b320__codebebd8b2d__20260713T115339963731Z,msl_ncam_nlb_504390846edr_f0520004ncam00354m1,test_msl,big_rock,iou,,0,0,66198
unet__pretrained__resnet34__in_rover__seed1415__gpu_full__7ab4e19b__gitc188b320__codebebd8b2d__20260713T115339963731Z,msl_ncam_nlb_504390846edr_f0520004ncam00354m1,test_msl,ALL,pixel_acc,0.9301338409015378,0,0,66198
unet__pretrained__resnet34__in_rover__seed1415__gpu_full__7ab4e19b__gitc188b320__codebebd8b2d__20260713T115339963731Z,msl_ncam_nlb_504390846edr_f0520004ncam00354m1,test_msl,ALL,boundary_f1,0.7848358963733897,0,0,66198
unet__pretrained__resnet34__in_rover__seed1415__gpu_full__7ab4e19b__gitc188b320__codebebd8b2d__20260713T115339963731Z,msl_ncam_nlb_504391195edr_f0520004ncam07753m1,test_msl,soil,iou,,0,0,173925
unet__pretrained__resnet34__in_rover__seed1415__gpu_full__7ab4e19b__gitc188b320__codebebd8b2d__20260713T115339963731Z,msl_ncam_nlb_504391195edr_f0520004ncam07753m1,test_msl,bedrock,iou,0.983232077764277,52598,53495,173925
unet__pretrained__resnet34__in_rover__seed1415__gpu_full__7ab4e19b__gitc188b320__codebebd8b2d__20260713T115339963731Z,msl_ncam_nlb_504391195edr_f0520004ncam07753m1,test_msl,sand,iou,0.9926067569461043,120430,121327,173925
unet__pretrained__resnet34__in_rover__seed1415__gpu_full__7ab4e19b__gitc188b320__codebebd8b2d__20260713T115339963731Z,msl_ncam_nlb_504391195edr_f0520004ncam07753m1,test_msl,big_rock,iou,,0,0,173925
unet__pretrained__resnet34__in_rover__seed1415__gpu_full__7ab4e19b__gitc188b320__codebebd8b2d__20260713T115339963731Z,msl_ncam_nlb_504391195edr_f0520004ncam07753m1,test_msl,ALL,pixel_acc,0.9948426045709358,0,0,173925
unet__pretrained__resnet34__in_rover__seed1415__gpu_full__7ab4e19b__gitc188b320__codebebd8b2d__20260713T115339963731Z,msl_ncam_nlb_504391195edr_f0520004ncam07753m1,test_msl,ALL,boundary_f1,0.9454102462943133,0,0,173925
unet__pretrained__resnet34__in_rover__seed1415__gpu_full__7ab4e19b__gitc188b320__codebebd8b2d__20260713T115339963731Z,msl_ncam_nlb_504391382edr_f0520004ncam07753m1,test_msl,soil,iou,,0,0,62981
unet__pretrained__resnet34__in_rover__seed1415__gpu_full__7ab4e19b__gitc188b320__codebebd8b2d__20260713T115339963731Z,msl_ncam_nlb_504391382edr_f0520004ncam07753m1,test_msl,bedrock,iou,0.9794292191771687,29377,29994,62981
unet__pretrained__resnet34__in_rover__seed1415__gpu_full__7ab4e19b__gitc188b320__codebebd8b2d__20260713T115339963731Z,msl_ncam_nlb_504391382edr_f0520004ncam07753m1,test_msl,sand,iou,0.9816390905844542,32987,33604,62981
unet__pretrained__resnet34__in_rover__seed1415__gpu_full__7ab4e19b__gitc188b320__codebebd8b2d__20260713T115339963731Z,msl_ncam_nlb_504391382edr_f0520004ncam07753m1,test_msl,big_rock,iou,,0,0,62981
unet__pretrained__resnet34__in_rover__seed1415__gpu_full__7ab4e19b__gitc188b320__codebebd8b2d__20260713T115339963731Z,msl_ncam_nlb_504391382edr_f0520004ncam07753m1,test_msl,ALL,pixel_acc,0.9902033946745844,0,0,62981
unet__pretrained__resnet34__in_rover__seed1415__gpu_full__7ab4e19b__gitc188b320__codebebd8b2d__20260713T115339963731Z,msl_ncam_nlb_504391382edr_f0520004ncam07753m1,test_msl,ALL,boundary_f1,0.9557177054510345,0,0,62981
unet__pretrained__resnet34__in_rover__seed1415__gpu_full__7ab4e19b__gitc188b320__codebebd8b2d__20260713T115339963731Z,msl_ncam_nlb_505891855edr_f0521112ncam00319m1,test_msl,soil,iou,,0,0,93351
unet__pretrained__resnet34__in_rover__seed1415__gpu_full__7ab4e19b__gitc188b320__codebebd8b2d__20260713T115339963731Z,msl_ncam_nlb_505891855edr_f0521112ncam00319m1,test_msl,bedrock,iou,,0,0,93351
unet__pretrained__resnet34__in_rover__seed1415__gpu_full__7ab4e19b__gitc188b320__codebebd8b2d__20260713T115339963731Z,msl_ncam_nlb_505891855edr_f0521112ncam00319m1,test_msl,sand,iou,1.0,93351,93351,93351
unet__pretrained__resnet34__in_rover__seed1415__gpu_full__7ab4e19b__gitc188b320__codebebd8b2d__20260713T115339963731Z,msl_ncam_nlb_505891855edr_f0521112ncam00319m1,test_msl,big_rock,iou,,0,0,93351
unet__pretrained__resnet34__in_rover__seed1415__gpu_full__7ab4e19b__gitc188b320__codebebd8b2d__20260713T115339963731Z,msl_ncam_nlb_505891855edr_f0521112ncam00319m1,test_msl,ALL,pixel_acc,1.0,0,0,93351
unet__pretrained__resnet34__in_rover__seed1415__gpu_full__7ab4e19b__gitc188b320__codebebd8b2d__20260713T115339963731Z,msl_ncam_nlb_505891855edr_f0521112ncam00319m1,test_msl,ALL,boundary_f1,1.0,0,0,93351
unet__pretrained__resnet34__in_rover__seed1415__gpu_full__7ab4e19b__gitc188b320__codebebd8b2d__20260713T115339963731Z,msl_ncam_nlb_505898310edr_f0521162ncam12753m1,test_msl,soil,iou,,0,0,39614
unet__pretrained__resnet34__in_rover__seed1415__gpu_full__7ab4e19b__gitc188b320__codebebd8b2d__20260713T115339963731Z,msl_ncam_nlb_505898310edr_f0521162ncam12753m1,test_msl,bedrock,iou,0.8555056293229666,33890,39614,39614
unet__pretrained__resnet34__in_rover__seed1415__gpu_full__7ab4e19b__gitc188b320__codebebd8b2d__20260713T115339963731Z,msl_ncam_nlb_505898310edr_f0521162ncam12753m1,test_msl,sand,iou,0.0,0,5724,39614
unet__pretrained__resnet34__in_rover__seed1415__gpu_full__7ab4e19b__gitc188b320__codebebd8b2d__20260713T115339963731Z,msl_ncam_nlb_505898310edr_f0521162ncam12753m1,test_msl,big_rock,iou,,0,0,39614
unet__pretrained__resnet34__in_rover__seed1415__gpu_full__7ab4e19b__gitc188b320__codebebd8b2d__20260713T115339963731Z,msl_ncam_nlb_505898310edr_f0521162ncam12753m1,test_msl,ALL,pixel_acc,0.8555056293229666,0,0,39614
unet__pretrained__resnet34__in_rover__seed1415__gpu_full__7ab4e19b__gitc188b320__codebebd8b2d__20260713T115339963731Z,msl_ncam_nlb_505898310edr_f0521162ncam12753m1,test_msl,ALL,boundary_f1,0.4613887875471239,0,0,39614
unet__pretrained__resnet34__in_rover__seed1415__gpu_full__7ab4e19b__gitc188b320__codebebd8b2d__20260713T115339963731Z,msl_ncam_nlb_505898372edr_f0521162ncam12753m1,test_msl,soil,iou,,0,0,70730
unet__pretrained__resnet34__in_rover__seed1415__gpu_full__7ab4e19b__gitc188b320__codebebd8b2d__20260713T115339963731Z,msl_ncam_nlb_505898372edr_f0521162ncam12753m1,test_msl,bedrock,iou,0.8067921469105777,45779,56742,70730
unet__pretrained__resnet34__in_rover__seed1415__gpu_full__7ab4e19b__gitc188b320__codebebd8b2d__20260713T115339963731Z,msl_ncam_nlb_505898372edr_f0521162ncam12753m1,test_msl,sand,iou,0.5606188128732316,13988,24951,70730
unet__pretrained__resnet34__in_rover__seed1415__gpu_full__7ab4e19b__gitc188b320__codebebd8b2d__20260713T115339963731Z,msl_ncam_nlb_505898372edr_f0521162ncam12753m1,test_msl,big_rock,iou,,0,0,70730
unet__pretrained__resnet34__in_rover__seed1415__gpu_full__7ab4e19b__gitc188b320__codebebd8b2d__20260713T115339963731Z,msl_ncam_nlb_505898372edr_f0521162ncam12753m1,test_msl,ALL,pixel_acc,0.8450021207408455,0,0,70730
unet__pretrained__resnet34__in_rover__seed1415__gpu_full__7ab4e19b__gitc188b320__codebebd8b2d__20260713T115339963731Z,msl_ncam_nlb_505898372edr_f0521162ncam12753m1,test_msl,ALL,boundary_f1,0.6334641458510848,0,0,70730
unet__pretrained__resnet34__in_rover__seed1415__gpu_full__7ab4e19b__gitc188b320__codebebd8b2d__20260713T115339963731Z,msl_ncam_nlb_505898434edr_f0521162ncam12753m1,test_msl,soil,iou,,0,0,186871
unet__pretrained__resnet34__in_rover__seed1415__gpu_full__7ab4e19b__gitc188b320__codebebd8b2d__20260713T115339963731Z,msl_ncam_nlb_505898434edr_f0521162ncam12753m1,test_msl,bedrock,iou,,0,0,186871
unet__pretrained__resnet34__in_rover__seed1415__gpu_full__7ab4e19b__gitc188b320__codebebd8b2d__20260713T115339963731Z,msl_ncam_nlb_505898434edr_f0521162ncam12753m1,test_msl,sand,iou,1.0,186871,186871,186871
unet__pretrained__resnet34__in_rover__seed1415__gpu_full__7ab4e19b__gitc188b320__codebebd8b2d__20260713T115339963731Z,msl_ncam_nlb_505898434edr_f0521162ncam12753m1,test_msl,big_rock,iou,,0,0,186871
unet__pretrained__resnet34__in_rover__seed1415__gpu_full__7ab4e19b__gitc188b320__codebebd8b2d__20260713T115339963731Z,msl_ncam_nlb_505898434edr_f0521162ncam12753m1,test_msl,ALL,pixel_acc,1.0,0,0,186871
unet__pretrained__resnet34__in_rover__seed1415__gpu_full__7ab4e19b__gitc188b320__codebebd8b2d__20260713T115339963731Z,msl_ncam_nlb_505898434edr_f0521162ncam12753m1,test_msl,ALL,boundary_f1,1.0,0,0,186871
unet__pretrained__resnet34__in_rover__seed1415__gpu_full__7ab4e19b__gitc188b320__codebebd8b2d__20260713T115339963731Z,msl_ncam_nlb_505898562edr_f0521162ncam12753m1,test_msl,soil,iou,,0,0,0
unet__pretrained__resnet34__in_rover__seed1415__gpu_full__7ab4e19b__gitc188b320__codebebd8b2d__20260713T115339963731Z,msl_ncam_nlb_505898562edr_f0521162ncam12753m1,test_msl,bedrock,iou,,0,0,0
unet__pretrained__resnet34__in_rover__seed1415__gpu_full__7ab4e19b__gitc188b320__codebebd8b2d__20260713T115339963731Z,msl_ncam_nlb_505898562edr_f0521162ncam12753m1,test_msl,sand,iou,,0,0,0
unet__pretrained__resnet34__in_rover__seed1415__gpu_full__7ab4e19b__gitc188b320__codebebd8b2d__20260713T115339963731Z,msl_ncam_nlb_505898562edr_f0521162ncam12753m1,test_msl,big_rock,iou,,0,0,0
unet__pretrained__resnet34__in_rover__seed1415__gpu_full__7ab4e19b__gitc188b320__codebebd8b2d__20260713T115339963731Z,msl_ncam_nlb_505898562edr_f0521162ncam12753m1,test_msl,ALL,pixel_acc,,0,0,0
unet__pretrained__resnet34__in_rover__seed1415__gpu_full__7ab4e19b__gitc188b320__codebebd8b2d__20260713T115339963731Z,msl_ncam_nlb_505898562edr_f0521162ncam12753m1,test_msl,ALL,boundary_f1,,0,0,0
unet__pretrained__resnet34__in_rover__seed1415__gpu_full__7ab4e19b__gitc188b320__codebebd8b2d__20260713T115339963731Z,msl_ncam_nlb_505898711edr_f0521162ncam12753m1,test_msl,soil,iou,,0,0,84361
unet__pretrained__resnet34__in_rover__seed1415__gpu_full__7ab4e19b__gitc188b320__codebebd8b2d__20260713T115339963731Z,msl_ncam_nlb_505898711edr_f0521162ncam12753m1,test_msl,bedrock,iou,0.9955443940375891,12289,12344,84361
unet__pretrained__resnet34__in_rover__seed1415__gpu_full__7ab4e19b__gitc188b320__codebebd8b2d__20260713T115339963731Z,msl_ncam_nlb_505898711edr_f0521162ncam12753m1,test_msl,sand,iou,0.9992368742368742,72017,72072,84361
unet__pretrained__resnet34__in_rover__seed1415__gpu_full__7ab4e19b__gitc188b320__codebebd8b2d__20260713T115339963731Z,msl_ncam_nlb_505898711edr_f0521162ncam12753m1,test_msl,big_rock,iou,,0,0,84361
unet__pretrained__resnet34__in_rover__seed1415__gpu_full__7ab4e19b__gitc188b320__codebebd8b2d__20260713T115339963731Z,msl_ncam_nlb_505898711edr_f0521162ncam12753m1,test_msl,ALL,pixel_acc,0.9993480399710767,0,0,84361
unet__pretrained__resnet34__in_rover__seed1415__gpu_full__7ab4e19b__gitc188b320__codebebd8b2d__20260713T115339963731Z,msl_ncam_nlb_505898711edr_f0521162ncam12753m1,test_msl,ALL,boundary_f1,0.9903952598411428,0,0,84361
unet__pretrained__resnet34__in_rover__seed1415__gpu_full__7ab4e19b__gitc188b320__codebebd8b2d__20260713T115339963731Z,msl_ncam_nlb_505898763edr_f0521162ncam00353m1,test_msl,soil,iou,,0,0,107150
unet__pretrained__resnet34__in_rover__seed1415__gpu_full__7ab4e19b__gitc188b320__codebebd8b2d__20260713T115339963731Z,msl_ncam_nlb_505898763edr_f0521162ncam00353m1,test_msl,bedrock,iou,0.9609580052493438,8787,9144,107150
unet__pretrained__resnet34__in_rover__seed1415__gpu_full__7ab4e19b__gitc188b320__codebebd8b2d__20260713T115339963731Z,msl_ncam_nlb_505898763edr_f0521162ncam00353m1,test_msl,sand,iou,0.9963705865010217,98006,98363,107150
unet__pretrained__resnet34__in_rover__seed1415__gpu_full__7ab4e19b__gitc188b320__codebebd8b2d__20260713T115339963731Z,msl_ncam_nlb_505898763edr_f0521162ncam00353m1,test_msl,big_rock,iou,,0,0,107150
unet__pretrained__resnet34__in_rover__seed1415__gpu_full__7ab4e19b__gitc188b320__codebebd8b2d__20260713T115339963731Z,msl_ncam_nlb_505898763edr_f0521162ncam00353m1,test_msl,ALL,pixel_acc,0.9966682221185255,0,0,107150
unet__pretrained__resnet34__in_rover__seed1415__gpu_full__7ab4e19b__gitc188b320__codebebd8b2d__20260713T115339963731Z,msl_ncam_nlb_505898763edr_f0521162ncam00353m1,test_msl,ALL,boundary_f1,0.958093494109111,0,0,107150
unet__pretrained__resnet34__in_rover__seed1415__gpu_full__7ab4e19b__gitc188b320__codebebd8b2d__20260713T115339963731Z,msl_ncam_nlb_505900047edr_f0521162ncam00352m1,test_msl,soil,iou,,0,0,228276
unet__pretrained__resnet34__in_rover__seed1415__gpu_full__7ab4e19b__gitc188b320__codebebd8b2d__20260713T115339963731Z,msl_ncam_nlb_505900047edr_f0521162ncam00352m1,test_msl,bedrock,iou,0.0,0,15226,228276
unet__pretrained__resnet34__in_rover__seed1415__gpu_full__7ab4e19b__gitc188b320__codebebd8b2d__20260713T115339963731Z,msl_ncam_nlb_505900047edr_f0521162ncam00352m1,test_msl,sand,iou,0.9333000403020905,213050,228276,228276
unet__pretrained__resnet34__in_rover__seed1415__gpu_full__7ab4e19b__gitc188b320__codebebd8b2d__20260713T115339963731Z,msl_ncam_nlb_505900047edr_f0521162ncam00352m1,test_msl,big_rock,iou,,0,0,228276
unet__pretrained__resnet34__in_rover__seed1415__gpu_full__7ab4e19b__gitc188b320__codebebd8b2d__20260713T115339963731Z,msl_ncam_nlb_505900047edr_f0521162ncam00352m1,test_msl,ALL,pixel_acc,0.9333000403020905,0,0,228276
unet__pretrained__resnet34__in_rover__seed1415__gpu_full__7ab4e19b__gitc188b320__codebebd8b2d__20260713T115339963731Z,msl_ncam_nlb_505900047edr_f0521162ncam00352m1,test_msl,ALL,boundary_f1,0.4050444986276618,0,0,228276
unet__pretrained__resnet34__in_rover__seed1415__gpu_full__7ab4e19b__gitc188b320__codebebd8b2d__20260713T115339963731Z,msl_ncam_nlb_512555058edr_f0532644ncam00264m1,test_msl,soil,iou,0.0,0,710,77059
unet__pretrained__resnet34__in_rover__seed1415__gpu_full__7ab4e19b__gitc188b320__codebebd8b2d__20260713T115339963731Z,msl_ncam_nlb_512555058edr_f0532644ncam00264m1,test_msl,bedrock,iou,0.963955045711291,33108,34346,77059
unet__pretrained__resnet34__in_rover__seed1415__gpu_full__7ab4e19b__gitc188b320__codebebd8b2d__20260713T115339963731Z,msl_ncam_nlb_512555058edr_f0532644ncam00264m1,test_msl,sand,iou,0.987789366573391,42713,43241,77059
unet__pretrained__resnet34__in_rover__seed1415__gpu_full__7ab4e19b__gitc188b320__codebebd8b2d__20260713T115339963731Z,msl_ncam_nlb_512555058edr_f0532644ncam00264m1,test_msl,big_rock,iou,,0,0,77059
unet__pretrained__resnet34__in_rover__seed1415__gpu_full__7ab4e19b__gitc188b320__codebebd8b2d__20260713T115339963731Z,msl_ncam_nlb_512555058edr_f0532644ncam00264m1,test_msl,ALL,pixel_acc,0.9839343879365162,0,0,77059
unet__pretrained__resnet34__in_rover__seed1415__gpu_full__7ab4e19b__gitc188b320__codebebd8b2d__20260713T115339963731Z,msl_ncam_nlb_512555058edr_f0532644ncam00264m1,test_msl,ALL,boundary_f1,0.6418165586669108,0,0,77059
unet__pretrained__resnet34__in_rover__seed1415__gpu_full__7ab4e19b__gitc188b320__codebebd8b2d__20260713T115339963731Z,msl_ncam_nlb_512555120edr_f0532644ncam00264m1,test_msl,soil,iou,,0,0,31610
unet__pretrained__resnet34__in_rover__seed1415__gpu_full__7ab4e19b__gitc188b320__codebebd8b2d__20260713T115339963731Z,msl_ncam_nlb_512555120edr_f0532644ncam00264m1,test_msl,bedrock,iou,1.0,31610,31610,31610
unet__pretrained__resnet34__in_rover__seed1415__gpu_full__7ab4e19b__gitc188b320__codebebd8b2d__20260713T115339963731Z,msl_ncam_nlb_512555120edr_f0532644ncam00264m1,test_msl,sand,iou,,0,0,31610
unet__pretrained__resnet34__in_rover__seed1415__gpu_full__7ab4e19b__gitc188b320__codebebd8b2d__20260713T115339963731Z,msl_ncam_nlb_512555120edr_f0532644ncam00264m1,test_msl,big_rock,iou,,0,0,31610
unet__pretrained__resnet34__in_rover__seed1415__gpu_full__7ab4e19b__gitc188b320__codebebd8b2d__20260713T115339963731Z,msl_ncam_nlb_512555120edr_f0532644ncam00264m1,test_msl,ALL,pixel_acc,1.0,0,0,31610
unet__pretrained__resnet34__in_rover__seed1415__gpu_full__7ab4e19b__gitc188b320__codebebd8b2d__20260713T115339963731Z,msl_ncam_nlb_512555120edr_f0532644ncam00264m1,test_msl,ALL,boundary_f1,1.0,0,0,31610
unet__pretrained__resnet34__in_rover__seed1415__gpu_full__7ab4e19b__gitc188b320__codebebd8b2d__20260713T115339963731Z,msl_ncam_nlb_512555645edr_f0532644ncam00354m1,test_msl,soil,iou,,0,0,29150
unet__pretrained__resnet34__in_rover__seed1415__gpu_full__7ab4e19b__gitc188b320__codebebd8b2d__20260713T115339963731Z,msl_ncam_nlb_512555645edr_f0532644ncam00354m1,test_msl,bedrock,iou,,0,0,29150
unet__pretrained__resnet34__in_rover__seed1415__gpu_full__7ab4e19b__gitc188b320__codebebd8b2d__20260713T115339963731Z,msl_ncam_nlb_512555645edr_f0532644ncam00354m1,test_msl,sand,iou,1.0,29150,29150,29150
unet__pretrained__resnet34__in_rover__seed1415__gpu_full__7ab4e19b__gitc188b320__codebebd8b2d__20260713T115339963731Z,msl_ncam_nlb_512555645edr_f0532644ncam00354m1,test_msl,big_rock,iou,,0,0,29150
unet__pretrained__resnet34__in_rover__seed1415__gpu_full__7ab4e19b__gitc188b320__codebebd8b2d__20260713T115339963731Z,msl_ncam_nlb_512555645edr_f0532644ncam00354m1,test_msl,ALL,pixel_acc,1.0,0,0,29150
unet__pretrained__resnet34__in_rover__seed1415__gpu_full__7ab4e19b__gitc188b320__codebebd8b2d__20260713T115339963731Z,msl_ncam_nlb_512555645edr_f0532644ncam00354m1,test_msl,ALL,boundary_f1,1.0,0,0,29150
unet__pretrained__resnet34__in_rover__seed1415__gpu_full__7ab4e19b__gitc188b320__codebebd8b2d__20260713T115339963731Z,msl_ncam_nlb_512555804edr_f0532644ncam07753m1,test_msl,soil,iou,,0,0,0
unet__pretrained__resnet34__in_rover__seed1415__gpu_full__7ab4e19b__gitc188b320__codebebd8b2d__20260713T115339963731Z,msl_ncam_nlb_512555804edr_f0532644ncam07753m1,test_msl,bedrock,iou,,0,0,0
unet__pretrained__resnet34__in_rover__seed1415__gpu_full__7ab4e19b__gitc188b320__codebebd8b2d__20260713T115339963731Z,msl_ncam_nlb_512555804edr_f0532644ncam07753m1,test_msl,sand,iou,,0,0,0
unet__pretrained__resnet34__in_rover__seed1415__gpu_full__7ab4e19b__gitc188b320__codebebd8b2d__20260713T115339963731Z,msl_ncam_nlb_512555804edr_f0532644ncam07753m1,test_msl,big_rock,iou,,0,0,0
unet__pretrained__resnet34__in_rover__seed1415__gpu_full__7ab4e19b__gitc188b320__codebebd8b2d__20260713T115339963731Z,msl_ncam_nlb_512555804edr_f0532644ncam07753m1,test_msl,ALL,pixel_acc,,0,0,0
unet__pretrained__resnet34__in_rover__seed1415__gpu_full__7ab4e19b__gitc188b320__codebebd8b2d__20260713T115339963731Z,msl_ncam_nlb_512555804edr_f0532644ncam07753m1,test_msl,ALL,boundary_f1,,0,0,0
unet__pretrained__resnet34__in_rover__seed1415__gpu_full__7ab4e19b__gitc188b320__codebebd8b2d__20260713T115339963731Z,msl_ncam_nlb_512555867edr_f0532644ncam07753m1,test_msl,soil,iou,,0,0,52439
unet__pretrained__resnet34__in_rover__seed1415__gpu_full__7ab4e19b__gitc188b320__codebebd8b2d__20260713T115339963731Z,msl_ncam_nlb_512555867edr_f0532644ncam07753m1,test_msl,bedrock,iou,0.9906531068132385,50556,51033,52439
unet__pretrained__resnet34__in_rover__seed1415__gpu_full__7ab4e19b__gitc188b320__codebebd8b2d__20260713T115339963731Z,msl_ncam_nlb_512555867edr_f0532644ncam07753m1,test_msl,sand,iou,0.7466808284652151,1406,1883,52439
unet__pretrained__resnet34__in_rover__seed1415__gpu_full__7ab4e19b__gitc188b320__codebebd8b2d__20260713T115339963731Z,msl_ncam_nlb_512555867edr_f0532644ncam07753m1,test_msl,big_rock,iou,,0,0,52439
unet__pretrained__resnet34__in_rover__seed1415__gpu_full__7ab4e19b__gitc188b320__codebebd8b2d__20260713T115339963731Z,msl_ncam_nlb_512555867edr_f0532644ncam07753m1,test_msl,ALL,pixel_acc,0.9909037166994031,0,0,52439
unet__pretrained__resnet34__in_rover__seed1415__gpu_full__7ab4e19b__gitc188b320__codebebd8b2d__20260713T115339963731Z,msl_ncam_nlb_512555867edr_f0532644ncam07753m1,test_msl,ALL,boundary_f1,0.882291548418833,0,0,52439
unet__pretrained__resnet34__in_rover__seed1415__gpu_full__7ab4e19b__gitc188b320__codebebd8b2d__20260713T115339963731Z,msl_ncam_nlb_520358689edr_f0550940ncam00299m1,test_msl,soil,iou,,0,0,27530
unet__pretrained__resnet34__in_rover__seed1415__gpu_full__7ab4e19b__gitc188b320__codebebd8b2d__20260713T115339963731Z,msl_ncam_nlb_520358689edr_f0550940ncam00299m1,test_msl,bedrock,iou,1.0,27530,27530,27530
unet__pretrained__resnet34__in_rover__seed1415__gpu_full__7ab4e19b__gitc188b320__codebebd8b2d__20260713T115339963731Z,msl_ncam_nlb_520358689edr_f0550940ncam00299m1,test_msl,sand,iou,,0,0,27530
unet__pretrained__resnet34__in_rover__seed1415__gpu_full__7ab4e19b__gitc188b320__codebebd8b2d__20260713T115339963731Z,msl_ncam_nlb_520358689edr_f0550940ncam00299m1,test_msl,big_rock,iou,,0,0,27530
unet__pretrained__resnet34__in_rover__seed1415__gpu_full__7ab4e19b__gitc188b320__codebebd8b2d__20260713T115339963731Z,msl_ncam_nlb_520358689edr_f0550940ncam00299m1,test_msl,ALL,pixel_acc,1.0,0,0,27530
unet__pretrained__resnet34__in_rover__seed1415__gpu_full__7ab4e19b__gitc188b320__codebebd8b2d__20260713T115339963731Z,msl_ncam_nlb_520358689edr_f0550940ncam00299m1,test_msl,ALL,boundary_f1,1.0,0,0,27530
unet__pretrained__resnet34__in_rover__seed1415__gpu_full__7ab4e19b__gitc188b320__codebebd8b2d__20260713T115339963731Z,msl_ncam_nlb_520358799edr_f0550940ncam00299m1,test_msl,soil,iou,,0,0,150778
unet__pretrained__resnet34__in_rover__seed1415__gpu_full__7ab4e19b__gitc188b320__codebebd8b2d__20260713T115339963731Z,msl_ncam_nlb_520358799edr_f0550940ncam00299m1,test_msl,bedrock,iou,1.0,150778,150778,150778
unet__pretrained__resnet34__in_rover__seed1415__gpu_full__7ab4e19b__gitc188b320__codebebd8b2d__20260713T115339963731Z,msl_ncam_nlb_520358799edr_f0550940ncam00299m1,test_msl,sand,iou,,0,0,150778
unet__pretrained__resnet34__in_rover__seed1415__gpu_full__7ab4e19b__gitc188b320__codebebd8b2d__20260713T115339963731Z,msl_ncam_nlb_520358799edr_f0550940ncam00299m1,test_msl,big_rock,iou,,0,0,150778
unet__pretrained__resnet34__in_rover__seed1415__gpu_full__7ab4e19b__gitc188b320__codebebd8b2d__20260713T115339963731Z,msl_ncam_nlb_520358799edr_f0550940ncam00299m1,test_msl,ALL,pixel_acc,1.0,0,0,150778
unet__pretrained__resnet34__in_rover__seed1415__gpu_full__7ab4e19b__gitc188b320__codebebd8b2d__20260713T115339963731Z,msl_ncam_nlb_520358799edr_f0550940ncam00299m1,test_msl,ALL,boundary_f1,1.0,0,0,150778
unet__pretrained__resnet34__in_rover__seed1415__gpu_full__7ab4e19b__gitc188b320__codebebd8b2d__20260713T115339963731Z,msl_ncam_nlb_520359057edr_f0550940ncam00654m1,test_msl,soil,iou,,0,0,36846
unet__pretrained__resnet34__in_rover__seed1415__gpu_full__7ab4e19b__gitc188b320__codebebd8b2d__20260713T115339963731Z,msl_ncam_nlb_520359057edr_f0550940ncam00654m1,test_msl,bedrock,iou,0.8093144439016446,29820,36846,36846
unet__pretrained__resnet34__in_rover__seed1415__gpu_full__7ab4e19b__gitc188b320__codebebd8b2d__20260713T115339963731Z,msl_ncam_nlb_520359057edr_f0550940ncam00654m1,test_msl,sand,iou,0.0,0,7026,36846
unet__pretrained__resnet34__in_rover__seed1415__gpu_full__7ab4e19b__gitc188b320__codebebd8b2d__20260713T115339963731Z,msl_ncam_nlb_520359057edr_f0550940ncam00654m1,test_msl,big_rock,iou,,0,0,36846
unet__pretrained__resnet34__in_rover__seed1415__gpu_full__7ab4e19b__gitc188b320__codebebd8b2d__20260713T115339963731Z,msl_ncam_nlb_520359057edr_f0550940ncam00654m1,test_msl,ALL,pixel_acc,0.8093144439016446,0,0,36846
unet__pretrained__resnet34__in_rover__seed1415__gpu_full__7ab4e19b__gitc188b320__codebebd8b2d__20260713T115339963731Z,msl_ncam_nlb_520359057edr_f0550940ncam00654m1,test_msl,ALL,boundary_f1,0.4054521852012116,0,0,36846
unet__pretrained__resnet34__in_rover__seed1415__gpu_full__7ab4e19b__gitc188b320__codebebd8b2d__20260713T115339963731Z,msl_ncam_nlb_520359112edr_f0550940ncam00654m1,test_msl,soil,iou,,0,0,51622
unet__pretrained__resnet34__in_rover__seed1415__gpu_full__7ab4e19b__gitc188b320__codebebd8b2d__20260713T115339963731Z,msl_ncam_nlb_520359112edr_f0550940ncam00654m1,test_msl,bedrock,iou,0.9766572391615977,50417,51622,51622
unet__pretrained__resnet34__in_rover__seed1415__gpu_full__7ab4e19b__gitc188b320__codebebd8b2d__20260713T115339963731Z,msl_ncam_nlb_520359112edr_f0550940ncam00654m1,test_msl,sand,iou,0.0,0,1205,51622
unet__pretrained__resnet34__in_rover__seed1415__gpu_full__7ab4e19b__gitc188b320__codebebd8b2d__20260713T115339963731Z,msl_ncam_nlb_520359112edr_f0550940ncam00654m1,test_msl,big_rock,iou,,0,0,51622
unet__pretrained__resnet34__in_rover__seed1415__gpu_full__7ab4e19b__gitc188b320__codebebd8b2d__20260713T115339963731Z,msl_ncam_nlb_520359112edr_f0550940ncam00654m1,test_msl,ALL,pixel_acc,0.9766572391615977,0,0,51622
unet__pretrained__resnet34__in_rover__seed1415__gpu_full__7ab4e19b__gitc188b320__codebebd8b2d__20260713T115339963731Z,msl_ncam_nlb_520359112edr_f0550940ncam00654m1,test_msl,ALL,boundary_f1,0.4903941938238224,0,0,51622
unet__pretrained__resnet34__in_rover__seed1415__gpu_full__7ab4e19b__gitc188b320__codebebd8b2d__20260713T115339963731Z,msl_ncam_nlb_520359279edr_f0550940ncam07753m1,test_msl,soil,iou,,0,0,52407
unet__pretrained__resnet34__in_rover__seed1415__gpu_full__7ab4e19b__gitc188b320__codebebd8b2d__20260713T115339963731Z,msl_ncam_nlb_520359279edr_f0550940ncam07753m1,test_msl,bedrock,iou,0.9570858854733146,50158,52407,52407
unet__pretrained__resnet34__in_rover__seed1415__gpu_full__7ab4e19b__gitc188b320__codebebd8b2d__20260713T115339963731Z,msl_ncam_nlb_520359279edr_f0550940ncam07753m1,test_msl,sand,iou,0.0,0,2249,52407
unet__pretrained__resnet34__in_rover__seed1415__gpu_full__7ab4e19b__gitc188b320__codebebd8b2d__20260713T115339963731Z,msl_ncam_nlb_520359279edr_f0550940ncam07753m1,test_msl,big_rock,iou,,0,0,52407
unet__pretrained__resnet34__in_rover__seed1415__gpu_full__7ab4e19b__gitc188b320__codebebd8b2d__20260713T115339963731Z,msl_ncam_nlb_520359279edr_f0550940ncam07753m1,test_msl,ALL,pixel_acc,0.9570858854733146,0,0,52407
unet__pretrained__resnet34__in_rover__seed1415__gpu_full__7ab4e19b__gitc188b320__codebebd8b2d__20260713T115339963731Z,msl_ncam_nlb_520359279edr_f0550940ncam07753m1,test_msl,ALL,boundary_f1,0.4879534021710352,0,0,52407
unet__pretrained__resnet34__in_rover__seed1415__gpu_full__7ab4e19b__gitc188b320__codebebd8b2d__20260713T115339963731Z,msl_ncam_nlb_520359399edr_f0550940ncam07753m1,test_msl,soil,iou,,0,0,6638
unet__pretrained__resnet34__in_rover__seed1415__gpu_full__7ab4e19b__gitc188b320__codebebd8b2d__20260713T115339963731Z,msl_ncam_nlb_520359399edr_f0550940ncam07753m1,test_msl,bedrock,iou,1.0,6638,6638,6638
unet__pretrained__resnet34__in_rover__seed1415__gpu_full__7ab4e19b__gitc188b320__codebebd8b2d__20260713T115339963731Z,msl_ncam_nlb_520359399edr_f0550940ncam07753m1,test_msl,sand,iou,,0,0,6638
unet__pretrained__resnet34__in_rover__seed1415__gpu_full__7ab4e19b__gitc188b320__codebebd8b2d__20260713T115339963731Z,msl_ncam_nlb_520359399edr_f0550940ncam07753m1,test_msl,big_rock,iou,,0,0,6638
unet__pretrained__resnet34__in_rover__seed1415__gpu_full__7ab4e19b__gitc188b320__codebebd8b2d__20260713T115339963731Z,msl_ncam_nlb_520359399edr_f0550940ncam07753m1,test_msl,ALL,pixel_acc,1.0,0,0,6638
unet__pretrained__resnet34__in_rover__seed1415__gpu_full__7ab4e19b__gitc188b320__codebebd8b2d__20260713T115339963731Z,msl_ncam_nlb_520359399edr_f0550940ncam07753m1,test_msl,ALL,boundary_f1,1.0,0,0,6638
unet__pretrained__resnet34__in_rover__seed1415__gpu_full__7ab4e19b__gitc188b320__codebebd8b2d__20260713T115339963731Z,msl_ncam_nlb_525148881edr_f0570774ncam00353m1,test_msl,soil,iou,,0,0,0
unet__pretrained__resnet34__in_rover__seed1415__gpu_full__7ab4e19b__gitc188b320__codebebd8b2d__20260713T115339963731Z,msl_ncam_nlb_525148881edr_f0570774ncam00353m1,test_msl,bedrock,iou,,0,0,0
unet__pretrained__resnet34__in_rover__seed1415__gpu_full__7ab4e19b__gitc188b320__codebebd8b2d__20260713T115339963731Z,msl_ncam_nlb_525148881edr_f0570774ncam00353m1,test_msl,sand,iou,,0,0,0
unet__pretrained__resnet34__in_rover__seed1415__gpu_full__7ab4e19b__gitc188b320__codebebd8b2d__20260713T115339963731Z,msl_ncam_nlb_525148881edr_f0570774ncam00353m1,test_msl,big_rock,iou,,0,0,0
unet__pretrained__resnet34__in_rover__seed1415__gpu_full__7ab4e19b__gitc188b320__codebebd8b2d__20260713T115339963731Z,msl_ncam_nlb_525148881edr_f0570774ncam00353m1,test_msl,ALL,pixel_acc,,0,0,0
unet__pretrained__resnet34__in_rover__seed1415__gpu_full__7ab4e19b__gitc188b320__codebebd8b2d__20260713T115339963731Z,msl_ncam_nlb_525148881edr_f0570774ncam00353m1,test_msl,ALL,boundary_f1,,0,0,0
unet__pretrained__resnet34__in_rover__seed1415__gpu_full__7ab4e19b__gitc188b320__codebebd8b2d__20260713T115339963731Z,msl_ncam_nlb_525149027edr_f0570774ncam00287m1,test_msl,soil,iou,,0,0,57576
unet__pretrained__resnet34__in_rover__seed1415__gpu_full__7ab4e19b__gitc188b320__codebebd8b2d__20260713T115339963731Z,msl_ncam_nlb_525149027edr_f0570774ncam00287m1,test_msl,bedrock,iou,1.0,57576,57576,57576
unet__pretrained__resnet34__in_rover__seed1415__gpu_full__7ab4e19b__gitc188b320__codebebd8b2d__20260713T115339963731Z,msl_ncam_nlb_525149027edr_f0570774ncam00287m1,test_msl,sand,iou,,0,0,57576
unet__pretrained__resnet34__in_rover__seed1415__gpu_full__7ab4e19b__gitc188b320__codebebd8b2d__20260713T115339963731Z,msl_ncam_nlb_525149027edr_f0570774ncam00287m1,test_msl,big_rock,iou,,0,0,57576
unet__pretrained__resnet34__in_rover__seed1415__gpu_full__7ab4e19b__gitc188b320__codebebd8b2d__20260713T115339963731Z,msl_ncam_nlb_525149027edr_f0570774ncam00287m1,test_msl,ALL,pixel_acc,1.0,0,0,57576
unet__pretrained__resnet34__in_rover__seed1415__gpu_full__7ab4e19b__gitc188b320__codebebd8b2d__20260713T115339963731Z,msl_ncam_nlb_525149027edr_f0570774ncam00287m1,test_msl,ALL,boundary_f1,1.0,0,0,57576
unet__pretrained__resnet34__in_rover__seed1415__gpu_full__7ab4e19b__gitc188b320__codebebd8b2d__20260713T115339963731Z,msl_ncam_nlb_525149336edr_f0570774ncam00654m1,test_msl,soil,iou,0.0,0,303,38978
unet__pretrained__resnet34__in_rover__seed1415__gpu_full__7ab4e19b__gitc188b320__codebebd8b2d__20260713T115339963731Z,msl_ncam_nlb_525149336edr_f0570774ncam00654m1,test_msl,bedrock,iou,0.9922263841141157,38675,38978,38978
unet__pretrained__resnet34__in_rover__seed1415__gpu_full__7ab4e19b__gitc188b320__codebebd8b2d__20260713T115339963731Z,msl_ncam_nlb_525149336edr_f0570774ncam00654m1,test_msl,sand,iou,,0,0,38978
unet__pretrained__resnet34__in_rover__seed1415__gpu_full__7ab4e19b__gitc188b320__codebebd8b2d__20260713T115339963731Z,msl_ncam_nlb_525149336edr_f0570774ncam00654m1,test_msl,big_rock,iou,,0,0,38978
unet__pretrained__resnet34__in_rover__seed1415__gpu_full__7ab4e19b__gitc188b320__codebebd8b2d__20260713T115339963731Z,msl_ncam_nlb_525149336edr_f0570774ncam00654m1,test_msl,ALL,pixel_acc,0.9922263841141157,0,0,38978
unet__pretrained__resnet34__in_rover__seed1415__gpu_full__7ab4e19b__gitc188b320__codebebd8b2d__20260713T115339963731Z,msl_ncam_nlb_525149336edr_f0570774ncam00654m1,test_msl,ALL,boundary_f1,0.49510967985607934,0,0,38978
unet__pretrained__resnet34__in_rover__seed1415__gpu_full__7ab4e19b__gitc188b320__codebebd8b2d__20260713T115339963731Z,msl_ncam_nlb_525149367edr_f0570774ncam00654m1,test_msl,soil,iou,,0,0,62531
unet__pretrained__resnet34__in_rover__seed1415__gpu_full__7ab4e19b__gitc188b320__codebebd8b2d__20260713T115339963731Z,msl_ncam_nlb_525149367edr_f0570774ncam00654m1,test_msl,bedrock,iou,0.9438358574147223,59019,62531,62531
unet__pretrained__resnet34__in_rover__seed1415__gpu_full__7ab4e19b__gitc188b320__codebebd8b2d__20260713T115339963731Z,msl_ncam_nlb_525149367edr_f0570774ncam00654m1,test_msl,sand,iou,0.0,0,3512,62531
unet__pretrained__resnet34__in_rover__seed1415__gpu_full__7ab4e19b__gitc188b320__codebebd8b2d__20260713T115339963731Z,msl_ncam_nlb_525149367edr_f0570774ncam00654m1,test_msl,big_rock,iou,,0,0,62531
unet__pretrained__resnet34__in_rover__seed1415__gpu_full__7ab4e19b__gitc188b320__codebebd8b2d__20260713T115339963731Z,msl_ncam_nlb_525149367edr_f0570774ncam00654m1,test_msl,ALL,pixel_acc,0.9438358574147223,0,0,62531
unet__pretrained__resnet34__in_rover__seed1415__gpu_full__7ab4e19b__gitc188b320__codebebd8b2d__20260713T115339963731Z,msl_ncam_nlb_525149367edr_f0570774ncam00654m1,test_msl,ALL,boundary_f1,0.47517624118794066,0,0,62531
unet__pretrained__resnet34__in_rover__seed1415__gpu_full__7ab4e19b__gitc188b320__codebebd8b2d__20260713T115339963731Z,msl_ncam_nlb_525149424edr_f0570774ncam00654m1,test_msl,soil,iou,,0,0,56706
unet__pretrained__resnet34__in_rover__seed1415__gpu_full__7ab4e19b__gitc188b320__codebebd8b2d__20260713T115339963731Z,msl_ncam_nlb_525149424edr_f0570774ncam00654m1,test_msl,bedrock,iou,0.9111580892149722,51290,56291,56706
unet__pretrained__resnet34__in_rover__seed1415__gpu_full__7ab4e19b__gitc188b320__codebebd8b2d__20260713T115339963731Z,msl_ncam_nlb_525149424edr_f0570774ncam00654m1,test_msl,sand,iou,0.0766248153618907,415,5416,56706
unet__pretrained__resnet34__in_rover__seed1415__gpu_full__7ab4e19b__gitc188b320__codebebd8b2d__20260713T115339963731Z,msl_ncam_nlb_525149424edr_f0570774ncam00654m1,test_msl,big_rock,iou,,0,0,56706
unet__pretrained__resnet34__in_rover__seed1415__gpu_full__7ab4e19b__gitc188b320__codebebd8b2d__20260713T115339963731Z,msl_ncam_nlb_525149424edr_f0570774ncam00654m1,test_msl,ALL,pixel_acc,0.9118082742566924,0,0,56706
unet__pretrained__resnet34__in_rover__seed1415__gpu_full__7ab4e19b__gitc188b320__codebebd8b2d__20260713T115339963731Z,msl_ncam_nlb_525149424edr_f0570774ncam00654m1,test_msl,ALL,boundary_f1,0.5848003434950623,0,0,56706
unet__pretrained__resnet34__in_rover__seed1415__gpu_full__7ab4e19b__gitc188b320__codebebd8b2d__20260713T115339963731Z,msl_ncam_nlb_525149485edr_f0570774ncam07753m1,test_msl,soil,iou,,0,0,26086
unet__pretrained__resnet34__in_rover__seed1415__gpu_full__7ab4e19b__gitc188b320__codebebd8b2d__20260713T115339963731Z,msl_ncam_nlb_525149485edr_f0570774ncam07753m1,test_msl,bedrock,iou,0.8669017863988346,22614,26086,26086
unet__pretrained__resnet34__in_rover__seed1415__gpu_full__7ab4e19b__gitc188b320__codebebd8b2d__20260713T115339963731Z,msl_ncam_nlb_525149485edr_f0570774ncam07753m1,test_msl,sand,iou,0.0,0,3472,26086
unet__pretrained__resnet34__in_rover__seed1415__gpu_full__7ab4e19b__gitc188b320__codebebd8b2d__20260713T115339963731Z,msl_ncam_nlb_525149485edr_f0570774ncam07753m1,test_msl,big_rock,iou,,0,0,26086
unet__pretrained__resnet34__in_rover__seed1415__gpu_full__7ab4e19b__gitc188b320__codebebd8b2d__20260713T115339963731Z,msl_ncam_nlb_525149485edr_f0570774ncam07753m1,test_msl,ALL,pixel_acc,0.8669017863988346,0,0,26086
unet__pretrained__resnet34__in_rover__seed1415__gpu_full__7ab4e19b__gitc188b320__codebebd8b2d__20260713T115339963731Z,msl_ncam_nlb_525149485edr_f0570774ncam07753m1,test_msl,ALL,boundary_f1,0.473028306925405,0,0,26086
unet__pretrained__resnet34__in_rover__seed1415__gpu_full__7ab4e19b__gitc188b320__codebebd8b2d__20260713T115339963731Z,msl_ncam_nlb_525149600edr_f0570774ncam07753m1,test_msl,soil,iou,,0,0,0
unet__pretrained__resnet34__in_rover__seed1415__gpu_full__7ab4e19b__gitc188b320__codebebd8b2d__20260713T115339963731Z,msl_ncam_nlb_525149600edr_f0570774ncam07753m1,test_msl,bedrock,iou,,0,0,0
unet__pretrained__resnet34__in_rover__seed1415__gpu_full__7ab4e19b__gitc188b320__codebebd8b2d__20260713T115339963731Z,msl_ncam_nlb_525149600edr_f0570774ncam07753m1,test_msl,sand,iou,,0,0,0
unet__pretrained__resnet34__in_rover__seed1415__gpu_full__7ab4e19b__gitc188b320__codebebd8b2d__20260713T115339963731Z,msl_ncam_nlb_525149600edr_f0570774ncam07753m1,test_msl,big_rock,iou,,0,0,0
unet__pretrained__resnet34__in_rover__seed1415__gpu_full__7ab4e19b__gitc188b320__codebebd8b2d__20260713T115339963731Z,msl_ncam_nlb_525149600edr_f0570774ncam07753m1,test_msl,ALL,pixel_acc,,0,0,0
unet__pretrained__resnet34__in_rover__seed1415__gpu_full__7ab4e19b__gitc188b320__codebebd8b2d__20260713T115339963731Z,msl_ncam_nlb_525149600edr_f0570774ncam07753m1,test_msl,ALL,boundary_f1,,0,0,0
unet__pretrained__resnet34__in_rover__seed1415__gpu_full__7ab4e19b__gitc188b320__codebebd8b2d__20260713T115339963731Z,msl_ncam_nlb_525149717edr_f0570774ncam07753m1,test_msl,soil,iou,,0,0,41397
unet__pretrained__resnet34__in_rover__seed1415__gpu_full__7ab4e19b__gitc188b320__codebebd8b2d__20260713T115339963731Z,msl_ncam_nlb_525149717edr_f0570774ncam07753m1,test_msl,bedrock,iou,0.952218759813513,39419,41397,41397
unet__pretrained__resnet34__in_rover__seed1415__gpu_full__7ab4e19b__gitc188b320__codebebd8b2d__20260713T115339963731Z,msl_ncam_nlb_525149717edr_f0570774ncam07753m1,test_msl,sand,iou,0.0,0,1978,41397
unet__pretrained__resnet34__in_rover__seed1415__gpu_full__7ab4e19b__gitc188b320__codebebd8b2d__20260713T115339963731Z,msl_ncam_nlb_525149717edr_f0570774ncam07753m1,test_msl,big_rock,iou,,0,0,41397
unet__pretrained__resnet34__in_rover__seed1415__gpu_full__7ab4e19b__gitc188b320__codebebd8b2d__20260713T115339963731Z,msl_ncam_nlb_525149717edr_f0570774ncam07753m1,test_msl,ALL,pixel_acc,0.952218759813513,0,0,41397
unet__pretrained__resnet34__in_rover__seed1415__gpu_full__7ab4e19b__gitc188b320__codebebd8b2d__20260713T115339963731Z,msl_ncam_nlb_525149717edr_f0570774ncam07753m1,test_msl,ALL,boundary_f1,0.49305507566857854,0,0,41397
unet__pretrained__resnet34__in_rover__seed1415__gpu_full__7ab4e19b__gitc188b320__codebebd8b2d__20260713T115339963731Z,msl_ncam_nlb_527820640edr_f0580000ncam00253m1,test_msl,soil,iou,,0,0,92147
unet__pretrained__resnet34__in_rover__seed1415__gpu_full__7ab4e19b__gitc188b320__codebebd8b2d__20260713T115339963731Z,msl_ncam_nlb_527820640edr_f0580000ncam00253m1,test_msl,bedrock,iou,0.9586747262526181,88339,92147,92147
unet__pretrained__resnet34__in_rover__seed1415__gpu_full__7ab4e19b__gitc188b320__codebebd8b2d__20260713T115339963731Z,msl_ncam_nlb_527820640edr_f0580000ncam00253m1,test_msl,sand,iou,0.0,0,3808,92147
unet__pretrained__resnet34__in_rover__seed1415__gpu_full__7ab4e19b__gitc188b320__codebebd8b2d__20260713T115339963731Z,msl_ncam_nlb_527820640edr_f0580000ncam00253m1,test_msl,big_rock,iou,,0,0,92147
unet__pretrained__resnet34__in_rover__seed1415__gpu_full__7ab4e19b__gitc188b320__codebebd8b2d__20260713T115339963731Z,msl_ncam_nlb_527820640edr_f0580000ncam00253m1,test_msl,ALL,pixel_acc,0.9586747262526181,0,0,92147
unet__pretrained__resnet34__in_rover__seed1415__gpu_full__7ab4e19b__gitc188b320__codebebd8b2d__20260713T115339963731Z,msl_ncam_nlb_527820640edr_f0580000ncam00253m1,test_msl,ALL,boundary_f1,0.4814001060686416,0,0,92147
unet__pretrained__resnet34__in_rover__seed1415__gpu_full__7ab4e19b__gitc188b320__codebebd8b2d__20260713T115339963731Z,msl_ncam_nlb_527820910edr_f0580000ncam00654m1,test_msl,soil,iou,,0,0,42689
unet__pretrained__resnet34__in_rover__seed1415__gpu_full__7ab4e19b__gitc188b320__codebebd8b2d__20260713T115339963731Z,msl_ncam_nlb_527820910edr_f0580000ncam00654m1,test_msl,bedrock,iou,0.9237596045029484,31018,33578,42689
unet__pretrained__resnet34__in_rover__seed1415__gpu_full__7ab4e19b__gitc188b320__codebebd8b2d__20260713T115339963731Z,msl_ncam_nlb_527820910edr_f0580000ncam00654m1,test_msl,sand,iou,0.7806529003512981,9111,11671,42689
unet__pretrained__resnet34__in_rover__seed1415__gpu_full__7ab4e19b__gitc188b320__codebebd8b2d__20260713T115339963731Z,msl_ncam_nlb_527820910edr_f0580000ncam00654m1,test_msl,big_rock,iou,,0,0,42689
unet__pretrained__resnet34__in_rover__seed1415__gpu_full__7ab4e19b__gitc188b320__codebebd8b2d__20260713T115339963731Z,msl_ncam_nlb_527820910edr_f0580000ncam00654m1,test_msl,ALL,pixel_acc,0.9400313898193914,0,0,42689
unet__pretrained__resnet34__in_rover__seed1415__gpu_full__7ab4e19b__gitc188b320__codebebd8b2d__20260713T115339963731Z,msl_ncam_nlb_527820910edr_f0580000ncam00654m1,test_msl,ALL,boundary_f1,0.834617418599526,0,0,42689
unet__pretrained__resnet34__in_rover__seed1415__gpu_full__7ab4e19b__gitc188b320__codebebd8b2d__20260713T115339963731Z,msl_ncam_nlb_527820942edr_f0580000ncam00654m1,test_msl,soil,iou,,0,0,75399
unet__pretrained__resnet34__in_rover__seed1415__gpu_full__7ab4e19b__gitc188b320__codebebd8b2d__20260713T115339963731Z,msl_ncam_nlb_527820942edr_f0580000ncam00654m1,test_msl,bedrock,iou,0.6499652858134691,44936,69136,75399
unet__pretrained__resnet34__in_rover__seed1415__gpu_full__7ab4e19b__gitc188b320__codebebd8b2d__20260713T115339963731Z,msl_ncam_nlb_527820942edr_f0580000ncam00654m1,test_msl,sand,iou,0.20559367101073434,6263,30463,75399
unet__pretrained__resnet34__in_rover__seed1415__gpu_full__7ab4e19b__gitc188b320__codebebd8b2d__20260713T115339963731Z,msl_ncam_nlb_527820942edr_f0580000ncam00654m1,test_msl,big_rock,iou,,0,0,75399
unet__pretrained__resnet34__in_rover__seed1415__gpu_full__7ab4e19b__gitc188b320__codebebd8b2d__20260713T115339963731Z,msl_ncam_nlb_527820942edr_f0580000ncam00654m1,test_msl,ALL,pixel_acc,0.6790408360853593,0,0,75399
unet__pretrained__resnet34__in_rover__seed1415__gpu_full__7ab4e19b__gitc188b320__codebebd8b2d__20260713T115339963731Z,msl_ncam_nlb_527820942edr_f0580000ncam00654m1,test_msl,ALL,boundary_f1,0.4134289944441423,0,0,75399
unet__pretrained__resnet34__in_rover__seed1415__gpu_full__7ab4e19b__gitc188b320__codebebd8b2d__20260713T115339963731Z,msl_ncam_nlb_527821074edr_f0580000ncam07753m1,test_msl,soil,iou,,0,0,3982
unet__pretrained__resnet34__in_rover__seed1415__gpu_full__7ab4e19b__gitc188b320__codebebd8b2d__20260713T115339963731Z,msl_ncam_nlb_527821074edr_f0580000ncam07753m1,test_msl,bedrock,iou,0.0,0,3982,3982
unet__pretrained__resnet34__in_rover__seed1415__gpu_full__7ab4e19b__gitc188b320__codebebd8b2d__20260713T115339963731Z,msl_ncam_nlb_527821074edr_f0580000ncam07753m1,test_msl,sand,iou,0.0,0,3982,3982
unet__pretrained__resnet34__in_rover__seed1415__gpu_full__7ab4e19b__gitc188b320__codebebd8b2d__20260713T115339963731Z,msl_ncam_nlb_527821074edr_f0580000ncam07753m1,test_msl,big_rock,iou,,0,0,3982
unet__pretrained__resnet34__in_rover__seed1415__gpu_full__7ab4e19b__gitc188b320__codebebd8b2d__20260713T115339963731Z,msl_ncam_nlb_527821074edr_f0580000ncam07753m1,test_msl,ALL,pixel_acc,0.0,0,0,3982
unet__pretrained__resnet34__in_rover__seed1415__gpu_full__7ab4e19b__gitc188b320__codebebd8b2d__20260713T115339963731Z,msl_ncam_nlb_527821074edr_f0580000ncam07753m1,test_msl,ALL,boundary_f1,0.0,0,0,3982
unet__pretrained__resnet34__in_rover__seed1415__gpu_full__7ab4e19b__gitc188b320__codebebd8b2d__20260713T115339963731Z,msl_ncam_nlb_527821213edr_f0580000ncam07753m1,test_msl,soil,iou,,0,0,13830
unet__pretrained__resnet34__in_rover__seed1415__gpu_full__7ab4e19b__gitc188b320__codebebd8b2d__20260713T115339963731Z,msl_ncam_nlb_527821213edr_f0580000ncam07753m1,test_msl,bedrock,iou,0.9446131597975416,13064,13830,13830
unet__pretrained__resnet34__in_rover__seed1415__gpu_full__7ab4e19b__gitc188b320__codebebd8b2d__20260713T115339963731Z,msl_ncam_nlb_527821213edr_f0580000ncam07753m1,test_msl,sand,iou,0.0,0,766,13830
unet__pretrained__resnet34__in_rover__seed1415__gpu_full__7ab4e19b__gitc188b320__codebebd8b2d__20260713T115339963731Z,msl_ncam_nlb_527821213edr_f0580000ncam07753m1,test_msl,big_rock,iou,,0,0,13830
unet__pretrained__resnet34__in_rover__seed1415__gpu_full__7ab4e19b__gitc188b320__codebebd8b2d__20260713T115339963731Z,msl_ncam_nlb_527821213edr_f0580000ncam07753m1,test_msl,ALL,pixel_acc,0.9446131597975416,0,0,13830
unet__pretrained__resnet34__in_rover__seed1415__gpu_full__7ab4e19b__gitc188b320__codebebd8b2d__20260713T115339963731Z,msl_ncam_nlb_527821213edr_f0580000ncam07753m1,test_msl,ALL,boundary_f1,0.4875061244487996,0,0,13830
unet__pretrained__resnet34__in_rover__seed1415__gpu_full__7ab4e19b__gitc188b320__codebebd8b2d__20260713T115339963731Z,msl_ncam_nlb_527821275edr_f0580000ncam07753m1,test_msl,soil,iou,,0,0,18660
unet__pretrained__resnet34__in_rover__seed1415__gpu_full__7ab4e19b__gitc188b320__codebebd8b2d__20260713T115339963731Z,msl_ncam_nlb_527821275edr_f0580000ncam07753m1,test_msl,bedrock,iou,1.0,18660,18660,18660
unet__pretrained__resnet34__in_rover__seed1415__gpu_full__7ab4e19b__gitc188b320__codebebd8b2d__20260713T115339963731Z,msl_ncam_nlb_527821275edr_f0580000ncam07753m1,test_msl,sand,iou,,0,0,18660
unet__pretrained__resnet34__in_rover__seed1415__gpu_full__7ab4e19b__gitc188b320__codebebd8b2d__20260713T115339963731Z,msl_ncam_nlb_527821275edr_f0580000ncam07753m1,test_msl,big_rock,iou,,0,0,18660
unet__pretrained__resnet34__in_rover__seed1415__gpu_full__7ab4e19b__gitc188b320__codebebd8b2d__20260713T115339963731Z,msl_ncam_nlb_527821275edr_f0580000ncam07753m1,test_msl,ALL,pixel_acc,1.0,0,0,18660
unet__pretrained__resnet34__in_rover__seed1415__gpu_full__7ab4e19b__gitc188b320__codebebd8b2d__20260713T115339963731Z,msl_ncam_nlb_527821275edr_f0580000ncam07753m1,test_msl,ALL,boundary_f1,1.0,0,0,18660
unet__pretrained__resnet34__in_rover__seed1415__gpu_full__7ab4e19b__gitc188b320__codebebd8b2d__20260713T115339963731Z,msl_ncam_nlb_528875763edr_f0581002ncam00207m1,test_msl,soil,iou,,0,0,55308
unet__pretrained__resnet34__in_rover__seed1415__gpu_full__7ab4e19b__gitc188b320__codebebd8b2d__20260713T115339963731Z,msl_ncam_nlb_528875763edr_f0581002ncam00207m1,test_msl,bedrock,iou,0.9149851739350546,50606,55308,55308
unet__pretrained__resnet34__in_rover__seed1415__gpu_full__7ab4e19b__gitc188b320__codebebd8b2d__20260713T115339963731Z,msl_ncam_nlb_528875763edr_f0581002ncam00207m1,test_msl,sand,iou,0.0,0,4702,55308
unet__pretrained__resnet34__in_rover__seed1415__gpu_full__7ab4e19b__gitc188b320__codebebd8b2d__20260713T115339963731Z,msl_ncam_nlb_528875763edr_f0581002ncam00207m1,test_msl,big_rock,iou,,0,0,55308
unet__pretrained__resnet34__in_rover__seed1415__gpu_full__7ab4e19b__gitc188b320__codebebd8b2d__20260713T115339963731Z,msl_ncam_nlb_528875763edr_f0581002ncam00207m1,test_msl,ALL,pixel_acc,0.9149851739350546,0,0,55308
unet__pretrained__resnet34__in_rover__seed1415__gpu_full__7ab4e19b__gitc188b320__codebebd8b2d__20260713T115339963731Z,msl_ncam_nlb_528875763edr_f0581002ncam00207m1,test_msl,ALL,boundary_f1,0.4767648552564754,0,0,55308
unet__pretrained__resnet34__in_rover__seed1415__gpu_full__7ab4e19b__gitc188b320__codebebd8b2d__20260713T115339963731Z,msl_ncam_nlb_528892751edr_f0581248ncam00346m1,test_msl,soil,iou,0.0,0,1554,25025
unet__pretrained__resnet34__in_rover__seed1415__gpu_full__7ab4e19b__gitc188b320__codebebd8b2d__20260713T115339963731Z,msl_ncam_nlb_528892751edr_f0581248ncam00346m1,test_msl,bedrock,iou,0.8542657342657343,21378,25025,25025
unet__pretrained__resnet34__in_rover__seed1415__gpu_full__7ab4e19b__gitc188b320__codebebd8b2d__20260713T115339963731Z,msl_ncam_nlb_528892751edr_f0581248ncam00346m1,test_msl,sand,iou,0.0,0,2093,25025
unet__pretrained__resnet34__in_rover__seed1415__gpu_full__7ab4e19b__gitc188b320__codebebd8b2d__20260713T115339963731Z,msl_ncam_nlb_528892751edr_f0581248ncam00346m1,test_msl,big_rock,iou,,0,0,25025
unet__pretrained__resnet34__in_rover__seed1415__gpu_full__7ab4e19b__gitc188b320__codebebd8b2d__20260713T115339963731Z,msl_ncam_nlb_528892751edr_f0581248ncam00346m1,test_msl,ALL,pixel_acc,0.8542657342657343,0,0,25025
unet__pretrained__resnet34__in_rover__seed1415__gpu_full__7ab4e19b__gitc188b320__codebebd8b2d__20260713T115339963731Z,msl_ncam_nlb_528892751edr_f0581248ncam00346m1,test_msl,ALL,boundary_f1,0.3006399554813578,0,0,25025
unet__pretrained__resnet34__in_rover__seed1415__gpu_full__7ab4e19b__gitc188b320__codebebd8b2d__20260713T115339963731Z,msl_ncam_nlb_528892900edr_f0581248ncam00262m1,test_msl,soil,iou,,0,0,58755
unet__pretrained__resnet34__in_rover__seed1415__gpu_full__7ab4e19b__gitc188b320__codebebd8b2d__20260713T115339963731Z,msl_ncam_nlb_528892900edr_f0581248ncam00262m1,test_msl,bedrock,iou,1.0,58755,58755,58755
unet__pretrained__resnet34__in_rover__seed1415__gpu_full__7ab4e19b__gitc188b320__codebebd8b2d__20260713T115339963731Z,msl_ncam_nlb_528892900edr_f0581248ncam00262m1,test_msl,sand,iou,,0,0,58755
unet__pretrained__resnet34__in_rover__seed1415__gpu_full__7ab4e19b__gitc188b320__codebebd8b2d__20260713T115339963731Z,msl_ncam_nlb_528892900edr_f0581248ncam00262m1,test_msl,big_rock,iou,,0,0,58755
unet__pretrained__resnet34__in_rover__seed1415__gpu_full__7ab4e19b__gitc188b320__codebebd8b2d__20260713T115339963731Z,msl_ncam_nlb_528892900edr_f0581248ncam00262m1,test_msl,ALL,pixel_acc,1.0,0,0,58755
unet__pretrained__resnet34__in_rover__seed1415__gpu_full__7ab4e19b__gitc188b320__codebebd8b2d__20260713T115339963731Z,msl_ncam_nlb_528892900edr_f0581248ncam00262m1,test_msl,ALL,boundary_f1,1.0,0,0,58755
unet__pretrained__resnet34__in_rover__seed1415__gpu_full__7ab4e19b__gitc188b320__codebebd8b2d__20260713T115339963731Z,msl_ncam_nlb_528893088edr_f0581248ncam07753m1,test_msl,soil,iou,,0,0,35879
unet__pretrained__resnet34__in_rover__seed1415__gpu_full__7ab4e19b__gitc188b320__codebebd8b2d__20260713T115339963731Z,msl_ncam_nlb_528893088edr_f0581248ncam07753m1,test_msl,bedrock,iou,1.0,35879,35879,35879
unet__pretrained__resnet34__in_rover__seed1415__gpu_full__7ab4e19b__gitc188b320__codebebd8b2d__20260713T115339963731Z,msl_ncam_nlb_528893088edr_f0581248ncam07753m1,test_msl,sand,iou,,0,0,35879
unet__pretrained__resnet34__in_rover__seed1415__gpu_full__7ab4e19b__gitc188b320__codebebd8b2d__20260713T115339963731Z,msl_ncam_nlb_528893088edr_f0581248ncam07753m1,test_msl,big_rock,iou,,0,0,35879
unet__pretrained__resnet34__in_rover__seed1415__gpu_full__7ab4e19b__gitc188b320__codebebd8b2d__20260713T115339963731Z,msl_ncam_nlb_528893088edr_f0581248ncam07753m1,test_msl,ALL,pixel_acc,1.0,0,0,35879
unet__pretrained__resnet34__in_rover__seed1415__gpu_full__7ab4e19b__gitc188b320__codebebd8b2d__20260713T115339963731Z,msl_ncam_nlb_528893088edr_f0581248ncam07753m1,test_msl,ALL,boundary_f1,1.0,0,0,35879
unet__pretrained__resnet34__in_rover__seed1415__gpu_full__7ab4e19b__gitc188b320__codebebd8b2d__20260713T115339963731Z,msl_ncam_nlb_528893506edr_f0581248ncam00654m1,test_msl,soil,iou,0.23998637270647782,4931,20547,66249
unet__pretrained__resnet34__in_rover__seed1415__gpu_full__7ab4e19b__gitc188b320__codebebd8b2d__20260713T115339963731Z,msl_ncam_nlb_528893506edr_f0581248ncam00654m1,test_msl,bedrock,iou,0.9168898193680316,37664,41078,66249
unet__pretrained__resnet34__in_rover__seed1415__gpu_full__7ab4e19b__gitc188b320__codebebd8b2d__20260713T115339963731Z,msl_ncam_nlb_528893506edr_f0581248ncam00654m1,test_msl,sand,iou,0.39225050465265127,7967,20311,66249
unet__pretrained__resnet34__in_rover__seed1415__gpu_full__7ab4e19b__gitc188b320__codebebd8b2d__20260713T115339963731Z,msl_ncam_nlb_528893506edr_f0581248ncam00654m1,test_msl,big_rock,iou,,0,0,66249
unet__pretrained__resnet34__in_rover__seed1415__gpu_full__7ab4e19b__gitc188b320__codebebd8b2d__20260713T115339963731Z,msl_ncam_nlb_528893506edr_f0581248ncam00654m1,test_msl,ALL,pixel_acc,0.7632115201738894,0,0,66249
unet__pretrained__resnet34__in_rover__seed1415__gpu_full__7ab4e19b__gitc188b320__codebebd8b2d__20260713T115339963731Z,msl_ncam_nlb_528893506edr_f0581248ncam00654m1,test_msl,ALL,boundary_f1,0.7099265979107449,0,0,66249
unet__pretrained__resnet34__in_rover__seed1415__gpu_full__7ab4e19b__gitc188b320__codebebd8b2d__20260713T115339963731Z,msl_ncam_nlb_528893540edr_f0581248ncam00654m1,test_msl,soil,iou,,0,0,0
unet__pretrained__resnet34__in_rover__seed1415__gpu_full__7ab4e19b__gitc188b320__codebebd8b2d__20260713T115339963731Z,msl_ncam_nlb_528893540edr_f0581248ncam00654m1,test_msl,bedrock,iou,,0,0,0
unet__pretrained__resnet34__in_rover__seed1415__gpu_full__7ab4e19b__gitc188b320__codebebd8b2d__20260713T115339963731Z,msl_ncam_nlb_528893540edr_f0581248ncam00654m1,test_msl,sand,iou,,0,0,0
unet__pretrained__resnet34__in_rover__seed1415__gpu_full__7ab4e19b__gitc188b320__codebebd8b2d__20260713T115339963731Z,msl_ncam_nlb_528893540edr_f0581248ncam00654m1,test_msl,big_rock,iou,,0,0,0
unet__pretrained__resnet34__in_rover__seed1415__gpu_full__7ab4e19b__gitc188b320__codebebd8b2d__20260713T115339963731Z,msl_ncam_nlb_528893540edr_f0581248ncam00654m1,test_msl,ALL,pixel_acc,,0,0,0
unet__pretrained__resnet34__in_rover__seed1415__gpu_full__7ab4e19b__gitc188b320__codebebd8b2d__20260713T115339963731Z,msl_ncam_nlb_528893540edr_f0581248ncam00654m1,test_msl,ALL,boundary_f1,,0,0,0
unet__pretrained__resnet34__in_rover__seed1415__gpu_full__7ab4e19b__gitc188b320__codebebd8b2d__20260713T115339963731Z,msl_ncam_nlb_528893599edr_f0581248ncam00654m1,test_msl,soil,iou,0.4868,13387,27500,81400
unet__pretrained__resnet34__in_rover__seed1415__gpu_full__7ab4e19b__gitc188b320__codebebd8b2d__20260713T115339963731Z,msl_ncam_nlb_528893599edr_f0581248ncam00654m1,test_msl,bedrock,iou,0.7924955523208799,53900,68013,81400
unet__pretrained__resnet34__in_rover__seed1415__gpu_full__7ab4e19b__gitc188b320__codebebd8b2d__20260713T115339963731Z,msl_ncam_nlb_528893599edr_f0581248ncam00654m1,test_msl,sand,iou,,0,0,81400
unet__pretrained__resnet34__in_rover__seed1415__gpu_full__7ab4e19b__gitc188b320__codebebd8b2d__20260713T115339963731Z,msl_ncam_nlb_528893599edr_f0581248ncam00654m1,test_msl,big_rock,iou,,0,0,81400
unet__pretrained__resnet34__in_rover__seed1415__gpu_full__7ab4e19b__gitc188b320__codebebd8b2d__20260713T115339963731Z,msl_ncam_nlb_528893599edr_f0581248ncam00654m1,test_msl,ALL,pixel_acc,0.8266216216216217,0,0,81400
unet__pretrained__resnet34__in_rover__seed1415__gpu_full__7ab4e19b__gitc188b320__codebebd8b2d__20260713T115339963731Z,msl_ncam_nlb_528893599edr_f0581248ncam00654m1,test_msl,ALL,boundary_f1,0.5858929631908323,0,0,81400
unet__pretrained__resnet34__in_rover__seed1415__gpu_full__7ab4e19b__gitc188b320__codebebd8b2d__20260713T115339963731Z,msl_ncam_nlb_537932733edr_f0600888ncam00320m1,test_msl,soil,iou,,0,0,71764
unet__pretrained__resnet34__in_rover__seed1415__gpu_full__7ab4e19b__gitc188b320__codebebd8b2d__20260713T115339963731Z,msl_ncam_nlb_537932733edr_f0600888ncam00320m1,test_msl,bedrock,iou,0.8993432324386065,6299,7004,71764
unet__pretrained__resnet34__in_rover__seed1415__gpu_full__7ab4e19b__gitc188b320__codebebd8b2d__20260713T115339963731Z,msl_ncam_nlb_537932733edr_f0600888ncam00320m1,test_msl,sand,iou,0.989230886733369,64760,65465,71764
unet__pretrained__resnet34__in_rover__seed1415__gpu_full__7ab4e19b__gitc188b320__codebebd8b2d__20260713T115339963731Z,msl_ncam_nlb_537932733edr_f0600888ncam00320m1,test_msl,big_rock,iou,,0,0,71764
unet__pretrained__resnet34__in_rover__seed1415__gpu_full__7ab4e19b__gitc188b320__codebebd8b2d__20260713T115339963731Z,msl_ncam_nlb_537932733edr_f0600888ncam00320m1,test_msl,ALL,pixel_acc,0.9901761328799955,0,0,71764
unet__pretrained__resnet34__in_rover__seed1415__gpu_full__7ab4e19b__gitc188b320__codebebd8b2d__20260713T115339963731Z,msl_ncam_nlb_537932733edr_f0600888ncam00320m1,test_msl,ALL,boundary_f1,0.942221553674472,0,0,71764
unet__pretrained__resnet34__in_rover__seed1415__gpu_full__7ab4e19b__gitc188b320__codebebd8b2d__20260713T115339963731Z,msl_ncam_nlb_537938493edr_f0601266ncam00653m1,test_msl,soil,iou,,0,0,106876
unet__pretrained__resnet34__in_rover__seed1415__gpu_full__7ab4e19b__gitc188b320__codebebd8b2d__20260713T115339963731Z,msl_ncam_nlb_537938493edr_f0601266ncam00653m1,test_msl,bedrock,iou,1.0,33523,33523,106876
unet__pretrained__resnet34__in_rover__seed1415__gpu_full__7ab4e19b__gitc188b320__codebebd8b2d__20260713T115339963731Z,msl_ncam_nlb_537938493edr_f0601266ncam00653m1,test_msl,sand,iou,1.0,73353,73353,106876
unet__pretrained__resnet34__in_rover__seed1415__gpu_full__7ab4e19b__gitc188b320__codebebd8b2d__20260713T115339963731Z,msl_ncam_nlb_537938493edr_f0601266ncam00653m1,test_msl,big_rock,iou,,0,0,106876
unet__pretrained__resnet34__in_rover__seed1415__gpu_full__7ab4e19b__gitc188b320__codebebd8b2d__20260713T115339963731Z,msl_ncam_nlb_537938493edr_f0601266ncam00653m1,test_msl,ALL,pixel_acc,1.0,0,0,106876
unet__pretrained__resnet34__in_rover__seed1415__gpu_full__7ab4e19b__gitc188b320__codebebd8b2d__20260713T115339963731Z,msl_ncam_nlb_537938493edr_f0601266ncam00653m1,test_msl,ALL,boundary_f1,1.0,0,0,106876
unet__pretrained__resnet34__in_rover__seed1415__gpu_full__7ab4e19b__gitc188b320__codebebd8b2d__20260713T115339963731Z,msl_ncam_nlb_537938609edr_f0601266ncam07753m1,test_msl,soil,iou,,0,0,30134
unet__pretrained__resnet34__in_rover__seed1415__gpu_full__7ab4e19b__gitc188b320__codebebd8b2d__20260713T115339963731Z,msl_ncam_nlb_537938609edr_f0601266ncam07753m1,test_msl,bedrock,iou,0.7908958130477117,3249,4108,30134
unet__pretrained__resnet34__in_rover__seed1415__gpu_full__7ab4e19b__gitc188b320__codebebd8b2d__20260713T115339963731Z,msl_ncam_nlb_537938609edr_f0601266ncam07753m1,test_msl,sand,iou,0.9680490980100428,26026,26885,30134
unet__pretrained__resnet34__in_rover__seed1415__gpu_full__7ab4e19b__gitc188b320__codebebd8b2d__20260713T115339963731Z,msl_ncam_nlb_537938609edr_f0601266ncam07753m1,test_msl,big_rock,iou,,0,0,30134
unet__pretrained__resnet34__in_rover__seed1415__gpu_full__7ab4e19b__gitc188b320__codebebd8b2d__20260713T115339963731Z,msl_ncam_nlb_537938609edr_f0601266ncam07753m1,test_msl,ALL,pixel_acc,0.9714939934957191,0,0,30134
unet__pretrained__resnet34__in_rover__seed1415__gpu_full__7ab4e19b__gitc188b320__codebebd8b2d__20260713T115339963731Z,msl_ncam_nlb_537938609edr_f0601266ncam07753m1,test_msl,ALL,boundary_f1,0.892202439763342,0,0,30134
unet__pretrained__resnet34__in_rover__seed1415__gpu_full__7ab4e19b__gitc188b320__codebebd8b2d__20260713T115339963731Z,msl_ncam_nlb_541040424edr_f0610954ncam00305m1,test_msl,soil,iou,,0,0,93717
unet__pretrained__resnet34__in_rover__seed1415__gpu_full__7ab4e19b__gitc188b320__codebebd8b2d__20260713T115339963731Z,msl_ncam_nlb_541040424edr_f0610954ncam00305m1,test_msl,bedrock,iou,0.971212066927018,54215,55822,93717
unet__pretrained__resnet34__in_rover__seed1415__gpu_full__7ab4e19b__gitc188b320__codebebd8b2d__20260713T115339963731Z,msl_ncam_nlb_541040424edr_f0610954ncam00305m1,test_msl,sand,iou,0.9593185155182016,37895,39502,93717
unet__pretrained__resnet34__in_rover__seed1415__gpu_full__7ab4e19b__gitc188b320__codebebd8b2d__20260713T115339963731Z,msl_ncam_nlb_541040424edr_f0610954ncam00305m1,test_msl,big_rock,iou,,0,0,93717
unet__pretrained__resnet34__in_rover__seed1415__gpu_full__7ab4e19b__gitc188b320__codebebd8b2d__20260713T115339963731Z,msl_ncam_nlb_541040424edr_f0610954ncam00305m1,test_msl,ALL,pixel_acc,0.9828526307927057,0,0,93717
unet__pretrained__resnet34__in_rover__seed1415__gpu_full__7ab4e19b__gitc188b320__codebebd8b2d__20260713T115339963731Z,msl_ncam_nlb_541040424edr_f0610954ncam00305m1,test_msl,ALL,boundary_f1,0.9296193242090012,0,0,93717
unet__pretrained__resnet34__in_rover__seed1415__gpu_full__7ab4e19b__gitc188b320__codebebd8b2d__20260713T115339963731Z,msl_ncam_nlb_541042107edr_f0611086ncam00385m1,test_msl,soil,iou,,0,0,164400
unet__pretrained__resnet34__in_rover__seed1415__gpu_full__7ab4e19b__gitc188b320__codebebd8b2d__20260713T115339963731Z,msl_ncam_nlb_541042107edr_f0611086ncam00385m1,test_msl,bedrock,iou,0.0,0,526,164400
unet__pretrained__resnet34__in_rover__seed1415__gpu_full__7ab4e19b__gitc188b320__codebebd8b2d__20260713T115339963731Z,msl_ncam_nlb_541042107edr_f0611086ncam00385m1,test_msl,sand,iou,0.9968004866180049,163874,164400,164400
unet__pretrained__resnet34__in_rover__seed1415__gpu_full__7ab4e19b__gitc188b320__codebebd8b2d__20260713T115339963731Z,msl_ncam_nlb_541042107edr_f0611086ncam00385m1,test_msl,big_rock,iou,,0,0,164400
unet__pretrained__resnet34__in_rover__seed1415__gpu_full__7ab4e19b__gitc188b320__codebebd8b2d__20260713T115339963731Z,msl_ncam_nlb_541042107edr_f0611086ncam00385m1,test_msl,ALL,pixel_acc,0.9968004866180049,0,0,164400
unet__pretrained__resnet34__in_rover__seed1415__gpu_full__7ab4e19b__gitc188b320__codebebd8b2d__20260713T115339963731Z,msl_ncam_nlb_541042107edr_f0611086ncam00385m1,test_msl,ALL,boundary_f1,0.4940934736459717,0,0,164400
unet__pretrained__resnet34__in_rover__seed1415__gpu_full__7ab4e19b__gitc188b320__codebebd8b2d__20260713T115339963731Z,msl_ncam_nlb_541043499edr_f0611140ncam00346m1,test_msl,soil,iou,,0,0,119351
unet__pretrained__resnet34__in_rover__seed1415__gpu_full__7ab4e19b__gitc188b320__codebebd8b2d__20260713T115339963731Z,msl_ncam_nlb_541043499edr_f0611140ncam00346m1,test_msl,bedrock,iou,,0,0,119351
unet__pretrained__resnet34__in_rover__seed1415__gpu_full__7ab4e19b__gitc188b320__codebebd8b2d__20260713T115339963731Z,msl_ncam_nlb_541043499edr_f0611140ncam00346m1,test_msl,sand,iou,1.0,119351,119351,119351
unet__pretrained__resnet34__in_rover__seed1415__gpu_full__7ab4e19b__gitc188b320__codebebd8b2d__20260713T115339963731Z,msl_ncam_nlb_541043499edr_f0611140ncam00346m1,test_msl,big_rock,iou,,0,0,119351
unet__pretrained__resnet34__in_rover__seed1415__gpu_full__7ab4e19b__gitc188b320__codebebd8b2d__20260713T115339963731Z,msl_ncam_nlb_541043499edr_f0611140ncam00346m1,test_msl,ALL,pixel_acc,1.0,0,0,119351
unet__pretrained__resnet34__in_rover__seed1415__gpu_full__7ab4e19b__gitc188b320__codebebd8b2d__20260713T115339963731Z,msl_ncam_nlb_541043499edr_f0611140ncam00346m1,test_msl,ALL,boundary_f1,1.0,0,0,119351
unet__pretrained__resnet34__in_rover__seed1415__gpu_full__7ab4e19b__gitc188b320__codebebd8b2d__20260713T115339963731Z,msl_ncam_nlb_541043637edr_f0611140ncam00653m1,test_msl,soil,iou,,0,0,147407
unet__pretrained__resnet34__in_rover__seed1415__gpu_full__7ab4e19b__gitc188b320__codebebd8b2d__20260713T115339963731Z,msl_ncam_nlb_541043637edr_f0611140ncam00653m1,test_msl,bedrock,iou,0.9719372894663526,38375,39483,147407
unet__pretrained__resnet34__in_rover__seed1415__gpu_full__7ab4e19b__gitc188b320__codebebd8b2d__20260713T115339963731Z,msl_ncam_nlb_541043637edr_f0611140ncam00653m1,test_msl,sand,iou,0.9898378457700492,107924,109032,147407
unet__pretrained__resnet34__in_rover__seed1415__gpu_full__7ab4e19b__gitc188b320__codebebd8b2d__20260713T115339963731Z,msl_ncam_nlb_541043637edr_f0611140ncam00653m1,test_msl,big_rock,iou,,0,0,147407
unet__pretrained__resnet34__in_rover__seed1415__gpu_full__7ab4e19b__gitc188b320__codebebd8b2d__20260713T115339963731Z,msl_ncam_nlb_541043637edr_f0611140ncam00653m1,test_msl,ALL,pixel_acc,0.9924833963108943,0,0,147407
unet__pretrained__resnet34__in_rover__seed1415__gpu_full__7ab4e19b__gitc188b320__codebebd8b2d__20260713T115339963731Z,msl_ncam_nlb_541043637edr_f0611140ncam00653m1,test_msl,ALL,boundary_f1,0.9331567766216575,0,0,147407
unet__pretrained__resnet34__in_rover__seed1415__gpu_full__7ab4e19b__gitc188b320__codebebd8b2d__20260713T115339963731Z,msl_ncam_nlb_541049254edr_f0611140ncam12753m1,test_msl,soil,iou,,0,0,12239
unet__pretrained__resnet34__in_rover__seed1415__gpu_full__7ab4e19b__gitc188b320__codebebd8b2d__20260713T115339963731Z,msl_ncam_nlb_541049254edr_f0611140ncam12753m1,test_msl,bedrock,iou,0.40311804008908686,905,2245,12239
unet__pretrained__resnet34__in_rover__seed1415__gpu_full__7ab4e19b__gitc188b320__codebebd8b2d__20260713T115339963731Z,msl_ncam_nlb_541049254edr_f0611140ncam12753m1,test_msl,sand,iou,0.8817716604905593,9994,11334,12239
unet__pretrained__resnet34__in_rover__seed1415__gpu_full__7ab4e19b__gitc188b320__codebebd8b2d__20260713T115339963731Z,msl_ncam_nlb_541049254edr_f0611140ncam12753m1,test_msl,big_rock,iou,,0,0,12239
unet__pretrained__resnet34__in_rover__seed1415__gpu_full__7ab4e19b__gitc188b320__codebebd8b2d__20260713T115339963731Z,msl_ncam_nlb_541049254edr_f0611140ncam12753m1,test_msl,ALL,pixel_acc,0.8905139308767056,0,0,12239
unet__pretrained__resnet34__in_rover__seed1415__gpu_full__7ab4e19b__gitc188b320__codebebd8b2d__20260713T115339963731Z,msl_ncam_nlb_541049254edr_f0611140ncam12753m1,test_msl,ALL,boundary_f1,0.6904347091107349,0,0,12239
unet__pretrained__resnet34__in_rover__seed1415__gpu_full__7ab4e19b__gitc188b320__codebebd8b2d__20260713T115339963731Z,msl_ncam_nlb_541049316edr_f0611140ncam12753m1,test_msl,soil,iou,,0,0,134046
unet__pretrained__resnet34__in_rover__seed1415__gpu_full__7ab4e19b__gitc188b320__codebebd8b2d__20260713T115339963731Z,msl_ncam_nlb_541049316edr_f0611140ncam12753m1,test_msl,bedrock,iou,,0,0,134046
unet__pretrained__resnet34__in_rover__seed1415__gpu_full__7ab4e19b__gitc188b320__codebebd8b2d__20260713T115339963731Z,msl_ncam_nlb_541049316edr_f0611140ncam12753m1,test_msl,sand,iou,1.0,134046,134046,134046
unet__pretrained__resnet34__in_rover__seed1415__gpu_full__7ab4e19b__gitc188b320__codebebd8b2d__20260713T115339963731Z,msl_ncam_nlb_541049316edr_f0611140ncam12753m1,test_msl,big_rock,iou,,0,0,134046
unet__pretrained__resnet34__in_rover__seed1415__gpu_full__7ab4e19b__gitc188b320__codebebd8b2d__20260713T115339963731Z,msl_ncam_nlb_541049316edr_f0611140ncam12753m1,test_msl,ALL,pixel_acc,1.0,0,0,134046
unet__pretrained__resnet34__in_rover__seed1415__gpu_full__7ab4e19b__gitc188b320__codebebd8b2d__20260713T115339963731Z,msl_ncam_nlb_541049316edr_f0611140ncam12753m1,test_msl,ALL,boundary_f1,1.0,0,0,134046
unet__pretrained__resnet34__in_rover__seed1415__gpu_full__7ab4e19b__gitc188b320__codebebd8b2d__20260713T115339963731Z,msl_ncam_nlb_542730497edr_f0612232ncam00282m1,test_msl,soil,iou,,0,0,112532
unet__pretrained__resnet34__in_rover__seed1415__gpu_full__7ab4e19b__gitc188b320__codebebd8b2d__20260713T115339963731Z,msl_ncam_nlb_542730497edr_f0612232ncam00282m1,test_msl,bedrock,iou,0.0,0,89,112532
unet__pretrained__resnet34__in_rover__seed1415__gpu_full__7ab4e19b__gitc188b320__codebebd8b2d__20260713T115339963731Z,msl_ncam_nlb_542730497edr_f0612232ncam00282m1,test_msl,sand,iou,0.9992091138520599,112443,112532,112532
unet__pretrained__resnet34__in_rover__seed1415__gpu_full__7ab4e19b__gitc188b320__codebebd8b2d__20260713T115339963731Z,msl_ncam_nlb_542730497edr_f0612232ncam00282m1,test_msl,big_rock,iou,,0,0,112532
unet__pretrained__resnet34__in_rover__seed1415__gpu_full__7ab4e19b__gitc188b320__codebebd8b2d__20260713T115339963731Z,msl_ncam_nlb_542730497edr_f0612232ncam00282m1,test_msl,ALL,pixel_acc,0.9992091138520599,0,0,112532
unet__pretrained__resnet34__in_rover__seed1415__gpu_full__7ab4e19b__gitc188b320__codebebd8b2d__20260713T115339963731Z,msl_ncam_nlb_542730497edr_f0612232ncam00282m1,test_msl,ALL,boundary_f1,0.49884775057564146,0,0,112532
unet__pretrained__resnet34__in_rover__seed1415__gpu_full__7ab4e19b__gitc188b320__codebebd8b2d__20260713T115339963731Z,msl_ncam_nlb_542730580edr_f0612232ncam00282m1,test_msl,soil,iou,,0,0,0
unet__pretrained__resnet34__in_rover__seed1415__gpu_full__7ab4e19b__gitc188b320__codebebd8b2d__20260713T115339963731Z,msl_ncam_nlb_542730580edr_f0612232ncam00282m1,test_msl,bedrock,iou,,0,0,0
unet__pretrained__resnet34__in_rover__seed1415__gpu_full__7ab4e19b__gitc188b320__codebebd8b2d__20260713T115339963731Z,msl_ncam_nlb_542730580edr_f0612232ncam00282m1,test_msl,sand,iou,,0,0,0
unet__pretrained__resnet34__in_rover__seed1415__gpu_full__7ab4e19b__gitc188b320__codebebd8b2d__20260713T115339963731Z,msl_ncam_nlb_542730580edr_f0612232ncam00282m1,test_msl,big_rock,iou,,0,0,0
unet__pretrained__resnet34__in_rover__seed1415__gpu_full__7ab4e19b__gitc188b320__codebebd8b2d__20260713T115339963731Z,msl_ncam_nlb_542730580edr_f0612232ncam00282m1,test_msl,ALL,pixel_acc,,0,0,0
unet__pretrained__resnet34__in_rover__seed1415__gpu_full__7ab4e19b__gitc188b320__codebebd8b2d__20260713T115339963731Z,msl_ncam_nlb_542730580edr_f0612232ncam00282m1,test_msl,ALL,boundary_f1,,0,0,0
unet__pretrained__resnet34__in_rover__seed1415__gpu_full__7ab4e19b__gitc188b320__codebebd8b2d__20260713T115339963731Z,msl_ncam_nlb_542733799edr_f0612232ncam00353m1,test_msl,soil,iou,,0,0,135437
unet__pretrained__resnet34__in_rover__seed1415__gpu_full__7ab4e19b__gitc188b320__codebebd8b2d__20260713T115339963731Z,msl_ncam_nlb_542733799edr_f0612232ncam00353m1,test_msl,bedrock,iou,0.8491389207807118,3698,4355,135437
unet__pretrained__resnet34__in_rover__seed1415__gpu_full__7ab4e19b__gitc188b320__codebebd8b2d__20260713T115339963731Z,msl_ncam_nlb_542733799edr_f0612232ncam00353m1,test_msl,sand,iou,0.9950128663493726,131082,131739,135437
unet__pretrained__resnet34__in_rover__seed1415__gpu_full__7ab4e19b__gitc188b320__codebebd8b2d__20260713T115339963731Z,msl_ncam_nlb_542733799edr_f0612232ncam00353m1,test_msl,big_rock,iou,,0,0,135437
unet__pretrained__resnet34__in_rover__seed1415__gpu_full__7ab4e19b__gitc188b320__codebebd8b2d__20260713T115339963731Z,msl_ncam_nlb_542733799edr_f0612232ncam00353m1,test_msl,ALL,pixel_acc,0.9951490360831974,0,0,135437
unet__pretrained__resnet34__in_rover__seed1415__gpu_full__7ab4e19b__gitc188b320__codebebd8b2d__20260713T115339963731Z,msl_ncam_nlb_542733799edr_f0612232ncam00353m1,test_msl,ALL,boundary_f1,0.832298781809313,0,0,135437
unet__pretrained__resnet34__in_rover__seed1415__gpu_full__7ab4e19b__gitc188b320__codebebd8b2d__20260713T115339963731Z,msl_ncam_nlb_542734078edr_f0612232ncam00654m1,test_msl,soil,iou,,0,0,143364
unet__pretrained__resnet34__in_rover__seed1415__gpu_full__7ab4e19b__gitc188b320__codebebd8b2d__20260713T115339963731Z,msl_ncam_nlb_542734078edr_f0612232ncam00654m1,test_msl,bedrock,iou,,0,0,143364
unet__pretrained__resnet34__in_rover__seed1415__gpu_full__7ab4e19b__gitc188b320__codebebd8b2d__20260713T115339963731Z,msl_ncam_nlb_542734078edr_f0612232ncam00654m1,test_msl,sand,iou,1.0,143364,143364,143364
unet__pretrained__resnet34__in_rover__seed1415__gpu_full__7ab4e19b__gitc188b320__codebebd8b2d__20260713T115339963731Z,msl_ncam_nlb_542734078edr_f0612232ncam00654m1,test_msl,big_rock,iou,,0,0,143364
unet__pretrained__resnet34__in_rover__seed1415__gpu_full__7ab4e19b__gitc188b320__codebebd8b2d__20260713T115339963731Z,msl_ncam_nlb_542734078edr_f0612232ncam00654m1,test_msl,ALL,pixel_acc,1.0,0,0,143364
unet__pretrained__resnet34__in_rover__seed1415__gpu_full__7ab4e19b__gitc188b320__codebebd8b2d__20260713T115339963731Z,msl_ncam_nlb_542734078edr_f0612232ncam00654m1,test_msl,ALL,boundary_f1,1.0,0,0,143364
unet__pretrained__resnet34__in_rover__seed1415__gpu_full__7ab4e19b__gitc188b320__codebebd8b2d__20260713T115339963731Z,msl_ncam_nlb_542734110edr_f0612232ncam00654m1,test_msl,soil,iou,,0,0,209285
unet__pretrained__resnet34__in_rover__seed1415__gpu_full__7ab4e19b__gitc188b320__codebebd8b2d__20260713T115339963731Z,msl_ncam_nlb_542734110edr_f0612232ncam00654m1,test_msl,bedrock,iou,,0,0,209285
unet__pretrained__resnet34__in_rover__seed1415__gpu_full__7ab4e19b__gitc188b320__codebebd8b2d__20260713T115339963731Z,msl_ncam_nlb_542734110edr_f0612232ncam00654m1,test_msl,sand,iou,1.0,209285,209285,209285
unet__pretrained__resnet34__in_rover__seed1415__gpu_full__7ab4e19b__gitc188b320__codebebd8b2d__20260713T115339963731Z,msl_ncam_nlb_542734110edr_f0612232ncam00654m1,test_msl,big_rock,iou,,0,0,209285
unet__pretrained__resnet34__in_rover__seed1415__gpu_full__7ab4e19b__gitc188b320__codebebd8b2d__20260713T115339963731Z,msl_ncam_nlb_542734110edr_f0612232ncam00654m1,test_msl,ALL,pixel_acc,1.0,0,0,209285
unet__pretrained__resnet34__in_rover__seed1415__gpu_full__7ab4e19b__gitc188b320__codebebd8b2d__20260713T115339963731Z,msl_ncam_nlb_542734110edr_f0612232ncam00654m1,test_msl,ALL,boundary_f1,1.0,0,0,209285
unet__pretrained__resnet34__in_rover__seed1415__gpu_full__7ab4e19b__gitc188b320__codebebd8b2d__20260713T115339963731Z,msl_ncam_nlb_542734199edr_f0612232ncam00654m1,test_msl,soil,iou,,0,0,176176
unet__pretrained__resnet34__in_rover__seed1415__gpu_full__7ab4e19b__gitc188b320__codebebd8b2d__20260713T115339963731Z,msl_ncam_nlb_542734199edr_f0612232ncam00654m1,test_msl,bedrock,iou,0.0,0,212,176176
unet__pretrained__resnet34__in_rover__seed1415__gpu_full__7ab4e19b__gitc188b320__codebebd8b2d__20260713T115339963731Z,msl_ncam_nlb_542734199edr_f0612232ncam00654m1,test_msl,sand,iou,0.998796657887567,175964,176176,176176
unet__pretrained__resnet34__in_rover__seed1415__gpu_full__7ab4e19b__gitc188b320__codebebd8b2d__20260713T115339963731Z,msl_ncam_nlb_542734199edr_f0612232ncam00654m1,test_msl,big_rock,iou,,0,0,176176
unet__pretrained__resnet34__in_rover__seed1415__gpu_full__7ab4e19b__gitc188b320__codebebd8b2d__20260713T115339963731Z,msl_ncam_nlb_542734199edr_f0612232ncam00654m1,test_msl,ALL,pixel_acc,0.998796657887567,0,0,176176
unet__pretrained__resnet34__in_rover__seed1415__gpu_full__7ab4e19b__gitc188b320__codebebd8b2d__20260713T115339963731Z,msl_ncam_nlb_542734199edr_f0612232ncam00654m1,test_msl,ALL,boundary_f1,0.49846180761964987,0,0,176176
unet__pretrained__resnet34__in_rover__seed1415__gpu_full__7ab4e19b__gitc188b320__codebebd8b2d__20260713T115339963731Z,msl_ncam_nlb_542734240edr_f0612232ncam00283m1,test_msl,soil,iou,,0,0,97181
unet__pretrained__resnet34__in_rover__seed1415__gpu_full__7ab4e19b__gitc188b320__codebebd8b2d__20260713T115339963731Z,msl_ncam_nlb_542734240edr_f0612232ncam00283m1,test_msl,bedrock,iou,0.0,0,1310,97181
unet__pretrained__resnet34__in_rover__seed1415__gpu_full__7ab4e19b__gitc188b320__codebebd8b2d__20260713T115339963731Z,msl_ncam_nlb_542734240edr_f0612232ncam00283m1,test_msl,sand,iou,0.9865199987651907,95871,97181,97181
unet__pretrained__resnet34__in_rover__seed1415__gpu_full__7ab4e19b__gitc188b320__codebebd8b2d__20260713T115339963731Z,msl_ncam_nlb_542734240edr_f0612232ncam00283m1,test_msl,big_rock,iou,,0,0,97181
unet__pretrained__resnet34__in_rover__seed1415__gpu_full__7ab4e19b__gitc188b320__codebebd8b2d__20260713T115339963731Z,msl_ncam_nlb_542734240edr_f0612232ncam00283m1,test_msl,ALL,pixel_acc,0.9865199987651907,0,0,97181
unet__pretrained__resnet34__in_rover__seed1415__gpu_full__7ab4e19b__gitc188b320__codebebd8b2d__20260713T115339963731Z,msl_ncam_nlb_542734240edr_f0612232ncam00283m1,test_msl,ALL,boundary_f1,0.48353568177040007,0,0,97181
unet__pretrained__resnet34__in_rover__seed1415__gpu_full__7ab4e19b__gitc188b320__codebebd8b2d__20260713T115339963731Z,msl_ncam_nlb_542734362edr_f0612232ncam00283m1,test_msl,soil,iou,,0,0,145077
unet__pretrained__resnet34__in_rover__seed1415__gpu_full__7ab4e19b__gitc188b320__codebebd8b2d__20260713T115339963731Z,msl_ncam_nlb_542734362edr_f0612232ncam00283m1,test_msl,bedrock,iou,0.0,0,34,145077
unet__pretrained__resnet34__in_rover__seed1415__gpu_full__7ab4e19b__gitc188b320__codebebd8b2d__20260713T115339963731Z,msl_ncam_nlb_542734362edr_f0612232ncam00283m1,test_msl,sand,iou,0.9997656416937213,145043,145077,145077
unet__pretrained__resnet34__in_rover__seed1415__gpu_full__7ab4e19b__gitc188b320__codebebd8b2d__20260713T115339963731Z,msl_ncam_nlb_542734362edr_f0612232ncam00283m1,test_msl,big_rock,iou,,0,0,145077
unet__pretrained__resnet34__in_rover__seed1415__gpu_full__7ab4e19b__gitc188b320__codebebd8b2d__20260713T115339963731Z,msl_ncam_nlb_542734362edr_f0612232ncam00283m1,test_msl,ALL,pixel_acc,0.9997656416937213,0,0,145077
unet__pretrained__resnet34__in_rover__seed1415__gpu_full__7ab4e19b__gitc188b320__codebebd8b2d__20260713T115339963731Z,msl_ncam_nlb_542734362edr_f0612232ncam00283m1,test_msl,ALL,boundary_f1,0.49958942355066516,0,0,145077
unet__pretrained__resnet34__in_rover__seed1415__gpu_full__7ab4e19b__gitc188b320__codebebd8b2d__20260713T115339963731Z,msl_ncam_nlb_542738036edr_f0612232ccam15903m1,test_msl,soil,iou,,0,0,189972
unet__pretrained__resnet34__in_rover__seed1415__gpu_full__7ab4e19b__gitc188b320__codebebd8b2d__20260713T115339963731Z,msl_ncam_nlb_542738036edr_f0612232ccam15903m1,test_msl,bedrock,iou,0.0,0,473,189972
unet__pretrained__resnet34__in_rover__seed1415__gpu_full__7ab4e19b__gitc188b320__codebebd8b2d__20260713T115339963731Z,msl_ncam_nlb_542738036edr_f0612232ccam15903m1,test_msl,sand,iou,0.9975101593919103,189499,189972,189972
unet__pretrained__resnet34__in_rover__seed1415__gpu_full__7ab4e19b__gitc188b320__codebebd8b2d__20260713T115339963731Z,msl_ncam_nlb_542738036edr_f0612232ccam15903m1,test_msl,big_rock,iou,,0,0,189972
unet__pretrained__resnet34__in_rover__seed1415__gpu_full__7ab4e19b__gitc188b320__codebebd8b2d__20260713T115339963731Z,msl_ncam_nlb_542738036edr_f0612232ccam15903m1,test_msl,ALL,pixel_acc,0.9975101593919103,0,0,189972
unet__pretrained__resnet34__in_rover__seed1415__gpu_full__7ab4e19b__gitc188b320__codebebd8b2d__20260713T115339963731Z,msl_ncam_nlb_542738036edr_f0612232ccam15903m1,test_msl,ALL,boundary_f1,0.496578214356984,0,0,189972
unet__pretrained__resnet34__in_rover__seed1415__gpu_full__7ab4e19b__gitc188b320__codebebd8b2d__20260713T115339963731Z,msl_ncam_nlb_543351716edr_f0613076ncam00286m1,test_msl,soil,iou,,0,0,0
unet__pretrained__resnet34__in_rover__seed1415__gpu_full__7ab4e19b__gitc188b320__codebebd8b2d__20260713T115339963731Z,msl_ncam_nlb_543351716edr_f0613076ncam00286m1,test_msl,bedrock,iou,,0,0,0
unet__pretrained__resnet34__in_rover__seed1415__gpu_full__7ab4e19b__gitc188b320__codebebd8b2d__20260713T115339963731Z,msl_ncam_nlb_543351716edr_f0613076ncam00286m1,test_msl,sand,iou,,0,0,0
unet__pretrained__resnet34__in_rover__seed1415__gpu_full__7ab4e19b__gitc188b320__codebebd8b2d__20260713T115339963731Z,msl_ncam_nlb_543351716edr_f0613076ncam00286m1,test_msl,big_rock,iou,,0,0,0
unet__pretrained__resnet34__in_rover__seed1415__gpu_full__7ab4e19b__gitc188b320__codebebd8b2d__20260713T115339963731Z,msl_ncam_nlb_543351716edr_f0613076ncam00286m1,test_msl,ALL,pixel_acc,,0,0,0
unet__pretrained__resnet34__in_rover__seed1415__gpu_full__7ab4e19b__gitc188b320__codebebd8b2d__20260713T115339963731Z,msl_ncam_nlb_543351716edr_f0613076ncam00286m1,test_msl,ALL,boundary_f1,,0,0,0
unet__pretrained__resnet34__in_rover__seed1415__gpu_full__7ab4e19b__gitc188b320__codebebd8b2d__20260713T115339963731Z,msl_ncam_nlb_543357370edr_f0613076ncam00287m1,test_msl,soil,iou,,0,0,139163
unet__pretrained__resnet34__in_rover__seed1415__gpu_full__7ab4e19b__gitc188b320__codebebd8b2d__20260713T115339963731Z,msl_ncam_nlb_543357370edr_f0613076ncam00287m1,test_msl,bedrock,iou,0.0,0,116,139163
unet__pretrained__resnet34__in_rover__seed1415__gpu_full__7ab4e19b__gitc188b320__codebebd8b2d__20260713T115339963731Z,msl_ncam_nlb_543357370edr_f0613076ncam00287m1,test_msl,sand,iou,0.9991664451039428,139047,139163,139163
unet__pretrained__resnet34__in_rover__seed1415__gpu_full__7ab4e19b__gitc188b320__codebebd8b2d__20260713T115339963731Z,msl_ncam_nlb_543357370edr_f0613076ncam00287m1,test_msl,big_rock,iou,,0,0,139163
unet__pretrained__resnet34__in_rover__seed1415__gpu_full__7ab4e19b__gitc188b320__codebebd8b2d__20260713T115339963731Z,msl_ncam_nlb_543357370edr_f0613076ncam00287m1,test_msl,ALL,pixel_acc,0.9991664451039428,0,0,139163
unet__pretrained__resnet34__in_rover__seed1415__gpu_full__7ab4e19b__gitc188b320__codebebd8b2d__20260713T115339963731Z,msl_ncam_nlb_543357370edr_f0613076ncam00287m1,test_msl,ALL,boundary_f1,0.4984114376489277,0,0,139163
unet__pretrained__resnet34__in_rover__seed1415__gpu_full__7ab4e19b__gitc188b320__codebebd8b2d__20260713T115339963731Z,msl_ncam_nlb_543357433edr_f0613076ncam00287m1,test_msl,soil,iou,,0,0,73935
unet__pretrained__resnet34__in_rover__seed1415__gpu_full__7ab4e19b__gitc188b320__codebebd8b2d__20260713T115339963731Z,msl_ncam_nlb_543357433edr_f0613076ncam00287m1,test_msl,bedrock,iou,0.0,0,594,73935
unet__pretrained__resnet34__in_rover__seed1415__gpu_full__7ab4e19b__gitc188b320__codebebd8b2d__20260713T115339963731Z,msl_ncam_nlb_543357433edr_f0613076ncam00287m1,test_msl,sand,iou,0.9919659160073037,73341,73935,73935
unet__pretrained__resnet34__in_rover__seed1415__gpu_full__7ab4e19b__gitc188b320__codebebd8b2d__20260713T115339963731Z,msl_ncam_nlb_543357433edr_f0613076ncam00287m1,test_msl,big_rock,iou,,0,0,73935
unet__pretrained__resnet34__in_rover__seed1415__gpu_full__7ab4e19b__gitc188b320__codebebd8b2d__20260713T115339963731Z,msl_ncam_nlb_543357433edr_f0613076ncam00287m1,test_msl,ALL,pixel_acc,0.9919659160073037,0,0,73935
unet__pretrained__resnet34__in_rover__seed1415__gpu_full__7ab4e19b__gitc188b320__codebebd8b2d__20260713T115339963731Z,msl_ncam_nlb_543357433edr_f0613076ncam00287m1,test_msl,ALL,boundary_f1,0.4932762533582861,0,0,73935
unet__pretrained__resnet34__in_rover__seed1415__gpu_full__7ab4e19b__gitc188b320__codebebd8b2d__20260713T115339963731Z,msl_ncam_nlb_543357548edr_f0613076ncam00287m1,test_msl,soil,iou,,0,0,0
unet__pretrained__resnet34__in_rover__seed1415__gpu_full__7ab4e19b__gitc188b320__codebebd8b2d__20260713T115339963731Z,msl_ncam_nlb_543357548edr_f0613076ncam00287m1,test_msl,bedrock,iou,,0,0,0
unet__pretrained__resnet34__in_rover__seed1415__gpu_full__7ab4e19b__gitc188b320__codebebd8b2d__20260713T115339963731Z,msl_ncam_nlb_543357548edr_f0613076ncam00287m1,test_msl,sand,iou,,0,0,0
unet__pretrained__resnet34__in_rover__seed1415__gpu_full__7ab4e19b__gitc188b320__codebebd8b2d__20260713T115339963731Z,msl_ncam_nlb_543357548edr_f0613076ncam00287m1,test_msl,big_rock,iou,,0,0,0
unet__pretrained__resnet34__in_rover__seed1415__gpu_full__7ab4e19b__gitc188b320__codebebd8b2d__20260713T115339963731Z,msl_ncam_nlb_543357548edr_f0613076ncam00287m1,test_msl,ALL,pixel_acc,,0,0,0
unet__pretrained__resnet34__in_rover__seed1415__gpu_full__7ab4e19b__gitc188b320__codebebd8b2d__20260713T115339963731Z,msl_ncam_nlb_543357548edr_f0613076ncam00287m1,test_msl,ALL,boundary_f1,,0,0,0
unet__pretrained__resnet34__in_rover__seed1415__gpu_full__7ab4e19b__gitc188b320__codebebd8b2d__20260713T115339963731Z,msl_ncam_nlb_548047620edr_f0630346ncam00320m1,test_msl,soil,iou,,0,0,96137
unet__pretrained__resnet34__in_rover__seed1415__gpu_full__7ab4e19b__gitc188b320__codebebd8b2d__20260713T115339963731Z,msl_ncam_nlb_548047620edr_f0630346ncam00320m1,test_msl,bedrock,iou,0.9995883827072312,82567,82601,96137
unet__pretrained__resnet34__in_rover__seed1415__gpu_full__7ab4e19b__gitc188b320__codebebd8b2d__20260713T115339963731Z,msl_ncam_nlb_548047620edr_f0630346ncam00320m1,test_msl,sand,iou,0.9974944731024319,13536,13570,96137
unet__pretrained__resnet34__in_rover__seed1415__gpu_full__7ab4e19b__gitc188b320__codebebd8b2d__20260713T115339963731Z,msl_ncam_nlb_548047620edr_f0630346ncam00320m1,test_msl,big_rock,iou,,0,0,96137
unet__pretrained__resnet34__in_rover__seed1415__gpu_full__7ab4e19b__gitc188b320__codebebd8b2d__20260713T115339963731Z,msl_ncam_nlb_548047620edr_f0630346ncam00320m1,test_msl,ALL,pixel_acc,0.9996463380384243,0,0,96137
unet__pretrained__resnet34__in_rover__seed1415__gpu_full__7ab4e19b__gitc188b320__codebebd8b2d__20260713T115339963731Z,msl_ncam_nlb_548047620edr_f0630346ncam00320m1,test_msl,ALL,boundary_f1,0.9963715904719803,0,0,96137
unet__pretrained__resnet34__in_rover__seed1415__gpu_full__7ab4e19b__gitc188b320__codebebd8b2d__20260713T115339963731Z,msl_ncam_nlb_548057490edr_f0630724ncam00385m1,test_msl,soil,iou,,0,0,65888
unet__pretrained__resnet34__in_rover__seed1415__gpu_full__7ab4e19b__gitc188b320__codebebd8b2d__20260713T115339963731Z,msl_ncam_nlb_548057490edr_f0630724ncam00385m1,test_msl,bedrock,iou,0.9121539582321515,60100,65888,65888
unet__pretrained__resnet34__in_rover__seed1415__gpu_full__7ab4e19b__gitc188b320__codebebd8b2d__20260713T115339963731Z,msl_ncam_nlb_548057490edr_f0630724ncam00385m1,test_msl,sand,iou,0.0,0,5788,65888
unet__pretrained__resnet34__in_rover__seed1415__gpu_full__7ab4e19b__gitc188b320__codebebd8b2d__20260713T115339963731Z,msl_ncam_nlb_548057490edr_f0630724ncam00385m1,test_msl,big_rock,iou,,0,0,65888
unet__pretrained__resnet34__in_rover__seed1415__gpu_full__7ab4e19b__gitc188b320__codebebd8b2d__20260713T115339963731Z,msl_ncam_nlb_548057490edr_f0630724ncam00385m1,test_msl,ALL,pixel_acc,0.9121539582321515,0,0,65888
unet__pretrained__resnet34__in_rover__seed1415__gpu_full__7ab4e19b__gitc188b320__codebebd8b2d__20260713T115339963731Z,msl_ncam_nlb_548057490edr_f0630724ncam00385m1,test_msl,ALL,boundary_f1,0.46822289156626506,0,0,65888
unet__pretrained__resnet34__in_rover__seed1415__gpu_full__7ab4e19b__gitc188b320__codebebd8b2d__20260713T115339963731Z,msl_ncam_nlb_548058260edr_f0630766ncam00375m1,test_msl,soil,iou,,0,0,41868
unet__pretrained__resnet34__in_rover__seed1415__gpu_full__7ab4e19b__gitc188b320__codebebd8b2d__20260713T115339963731Z,msl_ncam_nlb_548058260edr_f0630766ncam00375m1,test_msl,bedrock,iou,0.9285592089506278,27139,29227,41868
unet__pretrained__resnet34__in_rover__seed1415__gpu_full__7ab4e19b__gitc188b320__codebebd8b2d__20260713T115339963731Z,msl_ncam_nlb_548058260edr_f0630766ncam00375m1,test_msl,sand,iou,0.8582388485301107,12641,14729,41868
unet__pretrained__resnet34__in_rover__seed1415__gpu_full__7ab4e19b__gitc188b320__codebebd8b2d__20260713T115339963731Z,msl_ncam_nlb_548058260edr_f0630766ncam00375m1,test_msl,big_rock,iou,,0,0,41868
unet__pretrained__resnet34__in_rover__seed1415__gpu_full__7ab4e19b__gitc188b320__codebebd8b2d__20260713T115339963731Z,msl_ncam_nlb_548058260edr_f0630766ncam00375m1,test_msl,ALL,pixel_acc,0.9501289767841788,0,0,41868
unet__pretrained__resnet34__in_rover__seed1415__gpu_full__7ab4e19b__gitc188b320__codebebd8b2d__20260713T115339963731Z,msl_ncam_nlb_548058260edr_f0630766ncam00375m1,test_msl,ALL,boundary_f1,0.8979809392314065,0,0,41868
unet__pretrained__resnet34__in_rover__seed1415__gpu_full__7ab4e19b__gitc188b320__codebebd8b2d__20260713T115339963731Z,msl_ncam_nlb_548058358edr_f0630766ncam00273m1,test_msl,soil,iou,,0,0,43577
unet__pretrained__resnet34__in_rover__seed1415__gpu_full__7ab4e19b__gitc188b320__codebebd8b2d__20260713T115339963731Z,msl_ncam_nlb_548058358edr_f0630766ncam00273m1,test_msl,bedrock,iou,0.9538876218121501,23003,24115,43577
unet__pretrained__resnet34__in_rover__seed1415__gpu_full__7ab4e19b__gitc188b320__codebebd8b2d__20260713T115339963731Z,msl_ncam_nlb_548058358edr_f0630766ncam00273m1,test_msl,sand,iou,0.9459512005443764,19462,20574,43577
unet__pretrained__resnet34__in_rover__seed1415__gpu_full__7ab4e19b__gitc188b320__codebebd8b2d__20260713T115339963731Z,msl_ncam_nlb_548058358edr_f0630766ncam00273m1,test_msl,big_rock,iou,,0,0,43577
unet__pretrained__resnet34__in_rover__seed1415__gpu_full__7ab4e19b__gitc188b320__codebebd8b2d__20260713T115339963731Z,msl_ncam_nlb_548058358edr_f0630766ncam00273m1,test_msl,ALL,pixel_acc,0.9744819514881704,0,0,43577
unet__pretrained__resnet34__in_rover__seed1415__gpu_full__7ab4e19b__gitc188b320__codebebd8b2d__20260713T115339963731Z,msl_ncam_nlb_548058358edr_f0630766ncam00273m1,test_msl,ALL,boundary_f1,0.9398802009039207,0,0,43577
unet__pretrained__resnet34__in_rover__seed1415__gpu_full__7ab4e19b__gitc188b320__codebebd8b2d__20260713T115339963731Z,msl_ncam_nlb_548063838edr_f0630766ncam07753m1,test_msl,soil,iou,,0,0,13320
unet__pretrained__resnet34__in_rover__seed1415__gpu_full__7ab4e19b__gitc188b320__codebebd8b2d__20260713T115339963731Z,msl_ncam_nlb_548063838edr_f0630766ncam07753m1,test_msl,bedrock,iou,1.0,13320,13320,13320
unet__pretrained__resnet34__in_rover__seed1415__gpu_full__7ab4e19b__gitc188b320__codebebd8b2d__20260713T115339963731Z,msl_ncam_nlb_548063838edr_f0630766ncam07753m1,test_msl,sand,iou,,0,0,13320
unet__pretrained__resnet34__in_rover__seed1415__gpu_full__7ab4e19b__gitc188b320__codebebd8b2d__20260713T115339963731Z,msl_ncam_nlb_548063838edr_f0630766ncam07753m1,test_msl,big_rock,iou,,0,0,13320
unet__pretrained__resnet34__in_rover__seed1415__gpu_full__7ab4e19b__gitc188b320__codebebd8b2d__20260713T115339963731Z,msl_ncam_nlb_548063838edr_f0630766ncam07753m1,test_msl,ALL,pixel_acc,1.0,0,0,13320
unet__pretrained__resnet34__in_rover__seed1415__gpu_full__7ab4e19b__gitc188b320__codebebd8b2d__20260713T115339963731Z,msl_ncam_nlb_548063838edr_f0630766ncam07753m1,test_msl,ALL,boundary_f1,1.0,0,0,13320
unet__pretrained__resnet34__in_rover__seed1415__gpu_full__7ab4e19b__gitc188b320__codebebd8b2d__20260713T115339963731Z,msl_ncam_nlb_552665174edr_f0641980ncam00320m1,test_msl,soil,iou,,0,0,107820
unet__pretrained__resnet34__in_rover__seed1415__gpu_full__7ab4e19b__gitc188b320__codebebd8b2d__20260713T115339963731Z,msl_ncam_nlb_552665174edr_f0641980ncam00320m1,test_msl,bedrock,iou,1.0,20145,20145,107820
unet__pretrained__resnet34__in_rover__seed1415__gpu_full__7ab4e19b__gitc188b320__codebebd8b2d__20260713T115339963731Z,msl_ncam_nlb_552665174edr_f0641980ncam00320m1,test_msl,sand,iou,1.0,87675,87675,107820
unet__pretrained__resnet34__in_rover__seed1415__gpu_full__7ab4e19b__gitc188b320__codebebd8b2d__20260713T115339963731Z,msl_ncam_nlb_552665174edr_f0641980ncam00320m1,test_msl,big_rock,iou,,0,0,107820
unet__pretrained__resnet34__in_rover__seed1415__gpu_full__7ab4e19b__gitc188b320__codebebd8b2d__20260713T115339963731Z,msl_ncam_nlb_552665174edr_f0641980ncam00320m1,test_msl,ALL,pixel_acc,1.0,0,0,107820
unet__pretrained__resnet34__in_rover__seed1415__gpu_full__7ab4e19b__gitc188b320__codebebd8b2d__20260713T115339963731Z,msl_ncam_nlb_552665174edr_f0641980ncam00320m1,test_msl,ALL,boundary_f1,1.0,0,0,107820
unet__pretrained__resnet34__in_rover__seed1415__gpu_full__7ab4e19b__gitc188b320__codebebd8b2d__20260713T115339963731Z,msl_ncam_nlb_552676131edr_f0642004ncam00385m1,test_msl,soil,iou,,0,0,241952
unet__pretrained__resnet34__in_rover__seed1415__gpu_full__7ab4e19b__gitc188b320__codebebd8b2d__20260713T115339963731Z,msl_ncam_nlb_552676131edr_f0642004ncam00385m1,test_msl,bedrock,iou,,0,0,241952
unet__pretrained__resnet34__in_rover__seed1415__gpu_full__7ab4e19b__gitc188b320__codebebd8b2d__20260713T115339963731Z,msl_ncam_nlb_552676131edr_f0642004ncam00385m1,test_msl,sand,iou,1.0,241952,241952,241952
unet__pretrained__resnet34__in_rover__seed1415__gpu_full__7ab4e19b__gitc188b320__codebebd8b2d__20260713T115339963731Z,msl_ncam_nlb_552676131edr_f0642004ncam00385m1,test_msl,big_rock,iou,,0,0,241952
unet__pretrained__resnet34__in_rover__seed1415__gpu_full__7ab4e19b__gitc188b320__codebebd8b2d__20260713T115339963731Z,msl_ncam_nlb_552676131edr_f0642004ncam00385m1,test_msl,ALL,pixel_acc,1.0,0,0,241952
unet__pretrained__resnet34__in_rover__seed1415__gpu_full__7ab4e19b__gitc188b320__codebebd8b2d__20260713T115339963731Z,msl_ncam_nlb_552676131edr_f0642004ncam00385m1,test_msl,ALL,boundary_f1,1.0,0,0,241952
unet__pretrained__resnet34__in_rover__seed1415__gpu_full__7ab4e19b__gitc188b320__codebebd8b2d__20260713T115339963731Z,msl_ncam_nlb_552677384edr_f0642088ncam00376m1,test_msl,soil,iou,,0,0,93137
unet__pretrained__resnet34__in_rover__seed1415__gpu_full__7ab4e19b__gitc188b320__codebebd8b2d__20260713T115339963731Z,msl_ncam_nlb_552677384edr_f0642088ncam00376m1,test_msl,bedrock,iou,,0,0,93137
unet__pretrained__resnet34__in_rover__seed1415__gpu_full__7ab4e19b__gitc188b320__codebebd8b2d__20260713T115339963731Z,msl_ncam_nlb_552677384edr_f0642088ncam00376m1,test_msl,sand,iou,1.0,93137,93137,93137
unet__pretrained__resnet34__in_rover__seed1415__gpu_full__7ab4e19b__gitc188b320__codebebd8b2d__20260713T115339963731Z,msl_ncam_nlb_552677384edr_f0642088ncam00376m1,test_msl,big_rock,iou,,0,0,93137
unet__pretrained__resnet34__in_rover__seed1415__gpu_full__7ab4e19b__gitc188b320__codebebd8b2d__20260713T115339963731Z,msl_ncam_nlb_552677384edr_f0642088ncam00376m1,test_msl,ALL,pixel_acc,1.0,0,0,93137
unet__pretrained__resnet34__in_rover__seed1415__gpu_full__7ab4e19b__gitc188b320__codebebd8b2d__20260713T115339963731Z,msl_ncam_nlb_552677384edr_f0642088ncam00376m1,test_msl,ALL,boundary_f1,1.0,0,0,93137
unet__pretrained__resnet34__in_rover__seed1415__gpu_full__7ab4e19b__gitc188b320__codebebd8b2d__20260713T115339963731Z,msl_ncam_nlb_552677513edr_f0642088ncam00255m1,test_msl,soil,iou,,0,0,42984
unet__pretrained__resnet34__in_rover__seed1415__gpu_full__7ab4e19b__gitc188b320__codebebd8b2d__20260713T115339963731Z,msl_ncam_nlb_552677513edr_f0642088ncam00255m1,test_msl,bedrock,iou,0.9577080491132333,1404,1466,42984
unet__pretrained__resnet34__in_rover__seed1415__gpu_full__7ab4e19b__gitc188b320__codebebd8b2d__20260713T115339963731Z,msl_ncam_nlb_552677513edr_f0642088ncam00255m1,test_msl,sand,iou,0.9985088985088985,41518,41580,42984
unet__pretrained__resnet34__in_rover__seed1415__gpu_full__7ab4e19b__gitc188b320__codebebd8b2d__20260713T115339963731Z,msl_ncam_nlb_552677513edr_f0642088ncam00255m1,test_msl,big_rock,iou,,0,0,42984
unet__pretrained__resnet34__in_rover__seed1415__gpu_full__7ab4e19b__gitc188b320__codebebd8b2d__20260713T115339963731Z,msl_ncam_nlb_552677513edr_f0642088ncam00255m1,test_msl,ALL,pixel_acc,0.9985576028289597,0,0,42984
unet__pretrained__resnet34__in_rover__seed1415__gpu_full__7ab4e19b__gitc188b320__codebebd8b2d__20260713T115339963731Z,msl_ncam_nlb_552677513edr_f0642088ncam00255m1,test_msl,ALL,boundary_f1,0.9666559623207022,0,0,42984
unet__pretrained__resnet34__in_rover__seed1415__gpu_full__7ab4e19b__gitc188b320__codebebd8b2d__20260713T115339963731Z,msl_ncam_nlb_552677608edr_f0642088ncam00255m1,test_msl,soil,iou,,0,0,238297
unet__pretrained__resnet34__in_rover__seed1415__gpu_full__7ab4e19b__gitc188b320__codebebd8b2d__20260713T115339963731Z,msl_ncam_nlb_552677608edr_f0642088ncam00255m1,test_msl,bedrock,iou,,0,0,238297
unet__pretrained__resnet34__in_rover__seed1415__gpu_full__7ab4e19b__gitc188b320__codebebd8b2d__20260713T115339963731Z,msl_ncam_nlb_552677608edr_f0642088ncam00255m1,test_msl,sand,iou,1.0,238297,238297,238297
unet__pretrained__resnet34__in_rover__seed1415__gpu_full__7ab4e19b__gitc188b320__codebebd8b2d__20260713T115339963731Z,msl_ncam_nlb_552677608edr_f0642088ncam00255m1,test_msl,big_rock,iou,,0,0,238297
unet__pretrained__resnet34__in_rover__seed1415__gpu_full__7ab4e19b__gitc188b320__codebebd8b2d__20260713T115339963731Z,msl_ncam_nlb_552677608edr_f0642088ncam00255m1,test_msl,ALL,pixel_acc,1.0,0,0,238297
unet__pretrained__resnet34__in_rover__seed1415__gpu_full__7ab4e19b__gitc188b320__codebebd8b2d__20260713T115339963731Z,msl_ncam_nlb_552677608edr_f0642088ncam00255m1,test_msl,ALL,boundary_f1,1.0,0,0,238297
unet__pretrained__resnet34__in_rover__seed1415__gpu_full__7ab4e19b__gitc188b320__codebebd8b2d__20260713T115339963731Z,msl_ncam_nlb_552677960edr_f0642088ncam00354m1,test_msl,soil,iou,,0,0,141082
unet__pretrained__resnet34__in_rover__seed1415__gpu_full__7ab4e19b__gitc188b320__codebebd8b2d__20260713T115339963731Z,msl_ncam_nlb_552677960edr_f0642088ncam00354m1,test_msl,bedrock,iou,,0,0,141082
unet__pretrained__resnet34__in_rover__seed1415__gpu_full__7ab4e19b__gitc188b320__codebebd8b2d__20260713T115339963731Z,msl_ncam_nlb_552677960edr_f0642088ncam00354m1,test_msl,sand,iou,1.0,141082,141082,141082
unet__pretrained__resnet34__in_rover__seed1415__gpu_full__7ab4e19b__gitc188b320__codebebd8b2d__20260713T115339963731Z,msl_ncam_nlb_552677960edr_f0642088ncam00354m1,test_msl,big_rock,iou,,0,0,141082
unet__pretrained__resnet34__in_rover__seed1415__gpu_full__7ab4e19b__gitc188b320__codebebd8b2d__20260713T115339963731Z,msl_ncam_nlb_552677960edr_f0642088ncam00354m1,test_msl,ALL,pixel_acc,1.0,0,0,141082
unet__pretrained__resnet34__in_rover__seed1415__gpu_full__7ab4e19b__gitc188b320__codebebd8b2d__20260713T115339963731Z,msl_ncam_nlb_552677960edr_f0642088ncam00354m1,test_msl,ALL,boundary_f1,1.0,0,0,141082
unet__pretrained__resnet34__in_rover__seed1415__gpu_full__7ab4e19b__gitc188b320__codebebd8b2d__20260713T115339963731Z,msl_ncam_nlb_552678040edr_f0642088ncam00354m1,test_msl,soil,iou,,0,0,124577
unet__pretrained__resnet34__in_rover__seed1415__gpu_full__7ab4e19b__gitc188b320__codebebd8b2d__20260713T115339963731Z,msl_ncam_nlb_552678040edr_f0642088ncam00354m1,test_msl,bedrock,iou,,0,0,124577
unet__pretrained__resnet34__in_rover__seed1415__gpu_full__7ab4e19b__gitc188b320__codebebd8b2d__20260713T115339963731Z,msl_ncam_nlb_552678040edr_f0642088ncam00354m1,test_msl,sand,iou,1.0,124577,124577,124577
unet__pretrained__resnet34__in_rover__seed1415__gpu_full__7ab4e19b__gitc188b320__codebebd8b2d__20260713T115339963731Z,msl_ncam_nlb_552678040edr_f0642088ncam00354m1,test_msl,big_rock,iou,,0,0,124577
unet__pretrained__resnet34__in_rover__seed1415__gpu_full__7ab4e19b__gitc188b320__codebebd8b2d__20260713T115339963731Z,msl_ncam_nlb_552678040edr_f0642088ncam00354m1,test_msl,ALL,pixel_acc,1.0,0,0,124577
unet__pretrained__resnet34__in_rover__seed1415__gpu_full__7ab4e19b__gitc188b320__codebebd8b2d__20260713T115339963731Z,msl_ncam_nlb_552678040edr_f0642088ncam00354m1,test_msl,ALL,boundary_f1,1.0,0,0,124577
unet__pretrained__resnet34__in_rover__seed1415__gpu_full__7ab4e19b__gitc188b320__codebebd8b2d__20260713T115339963731Z,msl_ncam_nlb_552682049edr_f0642088ncam07753m1,test_msl,soil,iou,,0,0,203617
unet__pretrained__resnet34__in_rover__seed1415__gpu_full__7ab4e19b__gitc188b320__codebebd8b2d__20260713T115339963731Z,msl_ncam_nlb_552682049edr_f0642088ncam07753m1,test_msl,bedrock,iou,,0,0,203617
unet__pretrained__resnet34__in_rover__seed1415__gpu_full__7ab4e19b__gitc188b320__codebebd8b2d__20260713T115339963731Z,msl_ncam_nlb_552682049edr_f0642088ncam07753m1,test_msl,sand,iou,1.0,203617,203617,203617
unet__pretrained__resnet34__in_rover__seed1415__gpu_full__7ab4e19b__gitc188b320__codebebd8b2d__20260713T115339963731Z,msl_ncam_nlb_552682049edr_f0642088ncam07753m1,test_msl,big_rock,iou,,0,0,203617
unet__pretrained__resnet34__in_rover__seed1415__gpu_full__7ab4e19b__gitc188b320__codebebd8b2d__20260713T115339963731Z,msl_ncam_nlb_552682049edr_f0642088ncam07753m1,test_msl,ALL,pixel_acc,1.0,0,0,203617
unet__pretrained__resnet34__in_rover__seed1415__gpu_full__7ab4e19b__gitc188b320__codebebd8b2d__20260713T115339963731Z,msl_ncam_nlb_552682049edr_f0642088ncam07753m1,test_msl,ALL,boundary_f1,1.0,0,0,203617
unet__pretrained__resnet34__in_rover__seed1415__gpu_full__7ab4e19b__gitc188b320__codebebd8b2d__20260713T115339963731Z,msl_ncam_nlb_552682173edr_f0642088ncam07753m1,test_msl,soil,iou,,0,0,37725
unet__pretrained__resnet34__in_rover__seed1415__gpu_full__7ab4e19b__gitc188b320__codebebd8b2d__20260713T115339963731Z,msl_ncam_nlb_552682173edr_f0642088ncam07753m1,test_msl,bedrock,iou,1.0,3020,3020,37725
unet__pretrained__resnet34__in_rover__seed1415__gpu_full__7ab4e19b__gitc188b320__codebebd8b2d__20260713T115339963731Z,msl_ncam_nlb_552682173edr_f0642088ncam07753m1,test_msl,sand,iou,1.0,34705,34705,37725
unet__pretrained__resnet34__in_rover__seed1415__gpu_full__7ab4e19b__gitc188b320__codebebd8b2d__20260713T115339963731Z,msl_ncam_nlb_552682173edr_f0642088ncam07753m1,test_msl,big_rock,iou,,0,0,37725
unet__pretrained__resnet34__in_rover__seed1415__gpu_full__7ab4e19b__gitc188b320__codebebd8b2d__20260713T115339963731Z,msl_ncam_nlb_552682173edr_f0642088ncam07753m1,test_msl,ALL,pixel_acc,1.0,0,0,37725
unet__pretrained__resnet34__in_rover__seed1415__gpu_full__7ab4e19b__gitc188b320__codebebd8b2d__20260713T115339963731Z,msl_ncam_nlb_552682173edr_f0642088ncam07753m1,test_msl,ALL,boundary_f1,1.0,0,0,37725
unet__pretrained__resnet34__in_rover__seed1415__gpu_full__7ab4e19b__gitc188b320__codebebd8b2d__20260713T115339963731Z,msl_ncam_nlb_556418003edr_f0651174ncam00320m1,test_msl,soil,iou,,0,0,95260
unet__pretrained__resnet34__in_rover__seed1415__gpu_full__7ab4e19b__gitc188b320__codebebd8b2d__20260713T115339963731Z,msl_ncam_nlb_556418003edr_f0651174ncam00320m1,test_msl,bedrock,iou,0.8514554794520548,7956,9344,95260
unet__pretrained__resnet34__in_rover__seed1415__gpu_full__7ab4e19b__gitc188b320__codebebd8b2d__20260713T115339963731Z,msl_ncam_nlb_556418003edr_f0651174ncam00320m1,test_msl,sand,iou,0.9841015302849813,85916,87304,95260
unet__pretrained__resnet34__in_rover__seed1415__gpu_full__7ab4e19b__gitc188b320__codebebd8b2d__20260713T115339963731Z,msl_ncam_nlb_556418003edr_f0651174ncam00320m1,test_msl,big_rock,iou,,0,0,95260
unet__pretrained__resnet34__in_rover__seed1415__gpu_full__7ab4e19b__gitc188b320__codebebd8b2d__20260713T115339963731Z,msl_ncam_nlb_556418003edr_f0651174ncam00320m1,test_msl,ALL,pixel_acc,0.9854293512492127,0,0,95260
unet__pretrained__resnet34__in_rover__seed1415__gpu_full__7ab4e19b__gitc188b320__codebebd8b2d__20260713T115339963731Z,msl_ncam_nlb_556418003edr_f0651174ncam00320m1,test_msl,ALL,boundary_f1,0.9218100450604918,0,0,95260
unet__pretrained__resnet34__in_rover__seed1415__gpu_full__7ab4e19b__gitc188b320__codebebd8b2d__20260713T115339963731Z,msl_ncam_nlb_556756244edr_f0651642ncam00285m1,test_msl,soil,iou,,0,0,71198
unet__pretrained__resnet34__in_rover__seed1415__gpu_full__7ab4e19b__gitc188b320__codebebd8b2d__20260713T115339963731Z,msl_ncam_nlb_556756244edr_f0651642ncam00285m1,test_msl,bedrock,iou,0.9590379556557685,10208,10644,71198
unet__pretrained__resnet34__in_rover__seed1415__gpu_full__7ab4e19b__gitc188b320__codebebd8b2d__20260713T115339963731Z,msl_ncam_nlb_556756244edr_f0651642ncam00285m1,test_msl,sand,iou,0.9928512870962453,60554,60990,71198
unet__pretrained__resnet34__in_rover__seed1415__gpu_full__7ab4e19b__gitc188b320__codebebd8b2d__20260713T115339963731Z,msl_ncam_nlb_556756244edr_f0651642ncam00285m1,test_msl,big_rock,iou,,0,0,71198
unet__pretrained__resnet34__in_rover__seed1415__gpu_full__7ab4e19b__gitc188b320__codebebd8b2d__20260713T115339963731Z,msl_ncam_nlb_556756244edr_f0651642ncam00285m1,test_msl,ALL,pixel_acc,0.9938762324784404,0,0,71198
unet__pretrained__resnet34__in_rover__seed1415__gpu_full__7ab4e19b__gitc188b320__codebebd8b2d__20260713T115339963731Z,msl_ncam_nlb_556756244edr_f0651642ncam00285m1,test_msl,ALL,boundary_f1,0.9674390949662924,0,0,71198
unet__pretrained__resnet34__in_rover__seed1415__gpu_full__7ab4e19b__gitc188b320__codebebd8b2d__20260713T115339963731Z,msl_ncam_nlb_556756308edr_f0651642ncam00285m1,test_msl,soil,iou,,0,0,120672
unet__pretrained__resnet34__in_rover__seed1415__gpu_full__7ab4e19b__gitc188b320__codebebd8b2d__20260713T115339963731Z,msl_ncam_nlb_556756308edr_f0651642ncam00285m1,test_msl,bedrock,iou,0.9388213283442469,5018,5345,120672
unet__pretrained__resnet34__in_rover__seed1415__gpu_full__7ab4e19b__gitc188b320__codebebd8b2d__20260713T115339963731Z,msl_ncam_nlb_556756308edr_f0651642ncam00285m1,test_msl,sand,iou,0.9978971496910505,100129,100340,120672
unet__pretrained__resnet34__in_rover__seed1415__gpu_full__7ab4e19b__gitc188b320__codebebd8b2d__20260713T115339963731Z,msl_ncam_nlb_556756308edr_f0651642ncam00285m1,test_msl,big_rock,iou,0.991644908616188,15192,15320,120672
unet__pretrained__resnet34__in_rover__seed1415__gpu_full__7ab4e19b__gitc188b320__codebebd8b2d__20260713T115339963731Z,msl_ncam_nlb_556756308edr_f0651642ncam00285m1,test_msl,ALL,pixel_acc,0.9972404534606205,0,0,120672
unet__pretrained__resnet34__in_rover__seed1415__gpu_full__7ab4e19b__gitc188b320__codebebd8b2d__20260713T115339963731Z,msl_ncam_nlb_556756308edr_f0651642ncam00285m1,test_msl,ALL,boundary_f1,0.9496216002605299,0,0,120672
unet__pretrained__resnet34__in_rover__seed1415__gpu_full__7ab4e19b__gitc188b320__codebebd8b2d__20260713T115339963731Z,msl_ncam_nlb_556756606edr_f0651642ncam00312m1,test_msl,soil,iou,,0,0,172993
unet__pretrained__resnet34__in_rover__seed1415__gpu_full__7ab4e19b__gitc188b320__codebebd8b2d__20260713T115339963731Z,msl_ncam_nlb_556756606edr_f0651642ncam00312m1,test_msl,bedrock,iou,0.9957475531555856,14752,14815,172993
unet__pretrained__resnet34__in_rover__seed1415__gpu_full__7ab4e19b__gitc188b320__codebebd8b2d__20260713T115339963731Z,msl_ncam_nlb_556756606edr_f0651642ncam00312m1,test_msl,sand,iou,0.9996018730923085,158178,158241,172993
unet__pretrained__resnet34__in_rover__seed1415__gpu_full__7ab4e19b__gitc188b320__codebebd8b2d__20260713T115339963731Z,msl_ncam_nlb_556756606edr_f0651642ncam00312m1,test_msl,big_rock,iou,,0,0,172993
unet__pretrained__resnet34__in_rover__seed1415__gpu_full__7ab4e19b__gitc188b320__codebebd8b2d__20260713T115339963731Z,msl_ncam_nlb_556756606edr_f0651642ncam00312m1,test_msl,ALL,pixel_acc,0.9996358234148203,0,0,172993
unet__pretrained__resnet34__in_rover__seed1415__gpu_full__7ab4e19b__gitc188b320__codebebd8b2d__20260713T115339963731Z,msl_ncam_nlb_556756606edr_f0651642ncam00312m1,test_msl,ALL,boundary_f1,0.9908109902360887,0,0,172993
unet__pretrained__resnet34__in_rover__seed1415__gpu_full__7ab4e19b__gitc188b320__codebebd8b2d__20260713T115339963731Z,msl_ncam_nlb_556763962edr_f0651642ncam07753m1,test_msl,soil,iou,,0,0,156742
unet__pretrained__resnet34__in_rover__seed1415__gpu_full__7ab4e19b__gitc188b320__codebebd8b2d__20260713T115339963731Z,msl_ncam_nlb_556763962edr_f0651642ncam07753m1,test_msl,bedrock,iou,0.9702995538559592,7612,7845,156742
unet__pretrained__resnet34__in_rover__seed1415__gpu_full__7ab4e19b__gitc188b320__codebebd8b2d__20260713T115339963731Z,msl_ncam_nlb_556763962edr_f0651642ncam07753m1,test_msl,sand,iou,0.998437604774358,148897,149130,156742
unet__pretrained__resnet34__in_rover__seed1415__gpu_full__7ab4e19b__gitc188b320__codebebd8b2d__20260713T115339963731Z,msl_ncam_nlb_556763962edr_f0651642ncam07753m1,test_msl,big_rock,iou,,0,0,156742
unet__pretrained__resnet34__in_rover__seed1415__gpu_full__7ab4e19b__gitc188b320__codebebd8b2d__20260713T115339963731Z,msl_ncam_nlb_556763962edr_f0651642ncam07753m1,test_msl,ALL,pixel_acc,0.9985134807518087,0,0,156742
unet__pretrained__resnet34__in_rover__seed1415__gpu_full__7ab4e19b__gitc188b320__codebebd8b2d__20260713T115339963731Z,msl_ncam_nlb_556763962edr_f0651642ncam07753m1,test_msl,ALL,boundary_f1,0.9567028967649497,0,0,156742
unet__pretrained__resnet34__in_rover__seed1415__gpu_full__7ab4e19b__gitc188b320__codebebd8b2d__20260713T115339963731Z,msl_ncam_nlb_556764110edr_f0651642ncam07753m1,test_msl,soil,iou,,0,0,19514
unet__pretrained__resnet34__in_rover__seed1415__gpu_full__7ab4e19b__gitc188b320__codebebd8b2d__20260713T115339963731Z,msl_ncam_nlb_556764110edr_f0651642ncam07753m1,test_msl,bedrock,iou,0.3262295081967213,199,610,19514
unet__pretrained__resnet34__in_rover__seed1415__gpu_full__7ab4e19b__gitc188b320__codebebd8b2d__20260713T115339963731Z,msl_ncam_nlb_556764110edr_f0651642ncam07753m1,test_msl,sand,iou,0.9787212011390112,18904,19315,19514
unet__pretrained__resnet34__in_rover__seed1415__gpu_full__7ab4e19b__gitc188b320__codebebd8b2d__20260713T115339963731Z,msl_ncam_nlb_556764110edr_f0651642ncam07753m1,test_msl,big_rock,iou,,0,0,19514
unet__pretrained__resnet34__in_rover__seed1415__gpu_full__7ab4e19b__gitc188b320__codebebd8b2d__20260713T115339963731Z,msl_ncam_nlb_556764110edr_f0651642ncam07753m1,test_msl,ALL,pixel_acc,0.978938198216665,0,0,19514
unet__pretrained__resnet34__in_rover__seed1415__gpu_full__7ab4e19b__gitc188b320__codebebd8b2d__20260713T115339963731Z,msl_ncam_nlb_556764110edr_f0651642ncam07753m1,test_msl,ALL,boundary_f1,0.7453184208432047,0,0,19514
unet__pretrained__resnet34__in_rover__seed1415__gpu_full__7ab4e19b__gitc188b320__codebebd8b2d__20260713T115339963731Z,msl_ncam_nlb_556764172edr_f0651642ncam07753m1,test_msl,soil,iou,,0,0,45242
unet__pretrained__resnet34__in_rover__seed1415__gpu_full__7ab4e19b__gitc188b320__codebebd8b2d__20260713T115339963731Z,msl_ncam_nlb_556764172edr_f0651642ncam07753m1,test_msl,bedrock,iou,0.6477606461086637,7058,10896,45242
unet__pretrained__resnet34__in_rover__seed1415__gpu_full__7ab4e19b__gitc188b320__codebebd8b2d__20260713T115339963731Z,msl_ncam_nlb_556764172edr_f0651642ncam07753m1,test_msl,sand,iou,0.8994866959983239,34346,38184,45242
unet__pretrained__resnet34__in_rover__seed1415__gpu_full__7ab4e19b__gitc188b320__codebebd8b2d__20260713T115339963731Z,msl_ncam_nlb_556764172edr_f0651642ncam07753m1,test_msl,big_rock,iou,,0,0,45242
unet__pretrained__resnet34__in_rover__seed1415__gpu_full__7ab4e19b__gitc188b320__codebebd8b2d__20260713T115339963731Z,msl_ncam_nlb_556764172edr_f0651642ncam07753m1,test_msl,ALL,pixel_acc,0.9151673223995402,0,0,45242
unet__pretrained__resnet34__in_rover__seed1415__gpu_full__7ab4e19b__gitc188b320__codebebd8b2d__20260713T115339963731Z,msl_ncam_nlb_556764172edr_f0651642ncam07753m1,test_msl,ALL,boundary_f1,0.8195804131183273,0,0,45242
unet__pretrained__resnet34__in_rover__seed1415__gpu_full__7ab4e19b__gitc188b320__codebebd8b2d__20260713T115339963731Z,msl_ncam_nlb_558363908edr_f0660000ncam00375m1,test_msl,soil,iou,,0,0,137927
unet__pretrained__resnet34__in_rover__seed1415__gpu_full__7ab4e19b__gitc188b320__codebebd8b2d__20260713T115339963731Z,msl_ncam_nlb_558363908edr_f0660000ncam00375m1,test_msl,bedrock,iou,1.0,137927,137927,137927
unet__pretrained__resnet34__in_rover__seed1415__gpu_full__7ab4e19b__gitc188b320__codebebd8b2d__20260713T115339963731Z,msl_ncam_nlb_558363908edr_f0660000ncam00375m1,test_msl,sand,iou,,0,0,137927
unet__pretrained__resnet34__in_rover__seed1415__gpu_full__7ab4e19b__gitc188b320__codebebd8b2d__20260713T115339963731Z,msl_ncam_nlb_558363908edr_f0660000ncam00375m1,test_msl,big_rock,iou,,0,0,137927
unet__pretrained__resnet34__in_rover__seed1415__gpu_full__7ab4e19b__gitc188b320__codebebd8b2d__20260713T115339963731Z,msl_ncam_nlb_558363908edr_f0660000ncam00375m1,test_msl,ALL,pixel_acc,1.0,0,0,137927
unet__pretrained__resnet34__in_rover__seed1415__gpu_full__7ab4e19b__gitc188b320__codebebd8b2d__20260713T115339963731Z,msl_ncam_nlb_558363908edr_f0660000ncam00375m1,test_msl,ALL,boundary_f1,1.0,0,0,137927
unet__pretrained__resnet34__in_rover__seed1415__gpu_full__7ab4e19b__gitc188b320__codebebd8b2d__20260713T115339963731Z,msl_ncam_nlb_558364034edr_f0660000ncam00252m1,test_msl,soil,iou,,0,0,216388
unet__pretrained__resnet34__in_rover__seed1415__gpu_full__7ab4e19b__gitc188b320__codebebd8b2d__20260713T115339963731Z,msl_ncam_nlb_558364034edr_f0660000ncam00252m1,test_msl,bedrock,iou,1.0,216388,216388,216388
unet__pretrained__resnet34__in_rover__seed1415__gpu_full__7ab4e19b__gitc188b320__codebebd8b2d__20260713T115339963731Z,msl_ncam_nlb_558364034edr_f0660000ncam00252m1,test_msl,sand,iou,,0,0,216388
unet__pretrained__resnet34__in_rover__seed1415__gpu_full__7ab4e19b__gitc188b320__codebebd8b2d__20260713T115339963731Z,msl_ncam_nlb_558364034edr_f0660000ncam00252m1,test_msl,big_rock,iou,,0,0,216388
unet__pretrained__resnet34__in_rover__seed1415__gpu_full__7ab4e19b__gitc188b320__codebebd8b2d__20260713T115339963731Z,msl_ncam_nlb_558364034edr_f0660000ncam00252m1,test_msl,ALL,pixel_acc,1.0,0,0,216388
unet__pretrained__resnet34__in_rover__seed1415__gpu_full__7ab4e19b__gitc188b320__codebebd8b2d__20260713T115339963731Z,msl_ncam_nlb_558364034edr_f0660000ncam00252m1,test_msl,ALL,boundary_f1,1.0,0,0,216388
unet__pretrained__resnet34__in_rover__seed1415__gpu_full__7ab4e19b__gitc188b320__codebebd8b2d__20260713T115339963731Z,msl_ncam_nlb_558364090edr_f0660000ncam00252m1,test_msl,soil,iou,,0,0,0
unet__pretrained__resnet34__in_rover__seed1415__gpu_full__7ab4e19b__gitc188b320__codebebd8b2d__20260713T115339963731Z,msl_ncam_nlb_558364090edr_f0660000ncam00252m1,test_msl,bedrock,iou,,0,0,0
unet__pretrained__resnet34__in_rover__seed1415__gpu_full__7ab4e19b__gitc188b320__codebebd8b2d__20260713T115339963731Z,msl_ncam_nlb_558364090edr_f0660000ncam00252m1,test_msl,sand,iou,,0,0,0
unet__pretrained__resnet34__in_rover__seed1415__gpu_full__7ab4e19b__gitc188b320__codebebd8b2d__20260713T115339963731Z,msl_ncam_nlb_558364090edr_f0660000ncam00252m1,test_msl,big_rock,iou,,0,0,0
unet__pretrained__resnet34__in_rover__seed1415__gpu_full__7ab4e19b__gitc188b320__codebebd8b2d__20260713T115339963731Z,msl_ncam_nlb_558364090edr_f0660000ncam00252m1,test_msl,ALL,pixel_acc,,0,0,0
unet__pretrained__resnet34__in_rover__seed1415__gpu_full__7ab4e19b__gitc188b320__codebebd8b2d__20260713T115339963731Z,msl_ncam_nlb_558364090edr_f0660000ncam00252m1,test_msl,ALL,boundary_f1,,0,0,0
unet__pretrained__resnet34__in_rover__seed1415__gpu_full__7ab4e19b__gitc188b320__codebebd8b2d__20260713T115339963731Z,msl_ncam_nlb_558364829edr_f0660000ncam00253m1,test_msl,soil,iou,0.0,0,1311,110732
unet__pretrained__resnet34__in_rover__seed1415__gpu_full__7ab4e19b__gitc188b320__codebebd8b2d__20260713T115339963731Z,msl_ncam_nlb_558364829edr_f0660000ncam00253m1,test_msl,bedrock,iou,0.9881606039807824,109421,110732,110732
unet__pretrained__resnet34__in_rover__seed1415__gpu_full__7ab4e19b__gitc188b320__codebebd8b2d__20260713T115339963731Z,msl_ncam_nlb_558364829edr_f0660000ncam00253m1,test_msl,sand,iou,,0,0,110732
unet__pretrained__resnet34__in_rover__seed1415__gpu_full__7ab4e19b__gitc188b320__codebebd8b2d__20260713T115339963731Z,msl_ncam_nlb_558364829edr_f0660000ncam00253m1,test_msl,big_rock,iou,,0,0,110732
unet__pretrained__resnet34__in_rover__seed1415__gpu_full__7ab4e19b__gitc188b320__codebebd8b2d__20260713T115339963731Z,msl_ncam_nlb_558364829edr_f0660000ncam00253m1,test_msl,ALL,pixel_acc,0.9881606039807824,0,0,110732
unet__pretrained__resnet34__in_rover__seed1415__gpu_full__7ab4e19b__gitc188b320__codebebd8b2d__20260713T115339963731Z,msl_ncam_nlb_558364829edr_f0660000ncam00253m1,test_msl,ALL,boundary_f1,0.4826183917093008,0,0,110732
unet__pretrained__resnet34__in_rover__seed1415__gpu_full__7ab4e19b__gitc188b320__codebebd8b2d__20260713T115339963731Z,msl_ncam_nlb_558364943edr_f0660000ncam00253m1,test_msl,soil,iou,,0,0,3436
unet__pretrained__resnet34__in_rover__seed1415__gpu_full__7ab4e19b__gitc188b320__codebebd8b2d__20260713T115339963731Z,msl_ncam_nlb_558364943edr_f0660000ncam00253m1,test_msl,bedrock,iou,1.0,3436,3436,3436
unet__pretrained__resnet34__in_rover__seed1415__gpu_full__7ab4e19b__gitc188b320__codebebd8b2d__20260713T115339963731Z,msl_ncam_nlb_558364943edr_f0660000ncam00253m1,test_msl,sand,iou,,0,0,3436
unet__pretrained__resnet34__in_rover__seed1415__gpu_full__7ab4e19b__gitc188b320__codebebd8b2d__20260713T115339963731Z,msl_ncam_nlb_558364943edr_f0660000ncam00253m1,test_msl,big_rock,iou,,0,0,3436
unet__pretrained__resnet34__in_rover__seed1415__gpu_full__7ab4e19b__gitc188b320__codebebd8b2d__20260713T115339963731Z,msl_ncam_nlb_558364943edr_f0660000ncam00253m1,test_msl,ALL,pixel_acc,1.0,0,0,3436
unet__pretrained__resnet34__in_rover__seed1415__gpu_full__7ab4e19b__gitc188b320__codebebd8b2d__20260713T115339963731Z,msl_ncam_nlb_558364943edr_f0660000ncam00253m1,test_msl,ALL,boundary_f1,1.0,0,0,3436
unet__pretrained__resnet34__in_rover__seed1415__gpu_full__7ab4e19b__gitc188b320__codebebd8b2d__20260713T115339963731Z,msl_ncam_nlb_558365006edr_f0660000ncam00253m1,test_msl,soil,iou,0.0,0,136,47526
unet__pretrained__resnet34__in_rover__seed1415__gpu_full__7ab4e19b__gitc188b320__codebebd8b2d__20260713T115339963731Z,msl_ncam_nlb_558365006edr_f0660000ncam00253m1,test_msl,bedrock,iou,0.9971384084501115,47390,47526,47526
unet__pretrained__resnet34__in_rover__seed1415__gpu_full__7ab4e19b__gitc188b320__codebebd8b2d__20260713T115339963731Z,msl_ncam_nlb_558365006edr_f0660000ncam00253m1,test_msl,sand,iou,,0,0,47526
unet__pretrained__resnet34__in_rover__seed1415__gpu_full__7ab4e19b__gitc188b320__codebebd8b2d__20260713T115339963731Z,msl_ncam_nlb_558365006edr_f0660000ncam00253m1,test_msl,big_rock,iou,,0,0,47526
unet__pretrained__resnet34__in_rover__seed1415__gpu_full__7ab4e19b__gitc188b320__codebebd8b2d__20260713T115339963731Z,msl_ncam_nlb_558365006edr_f0660000ncam00253m1,test_msl,ALL,pixel_acc,0.9971384084501115,0,0,47526
unet__pretrained__resnet34__in_rover__seed1415__gpu_full__7ab4e19b__gitc188b320__codebebd8b2d__20260713T115339963731Z,msl_ncam_nlb_558365006edr_f0660000ncam00253m1,test_msl,ALL,boundary_f1,0.4961896697713802,0,0,47526
unet__pretrained__resnet34__in_rover__seed1415__gpu_full__7ab4e19b__gitc188b320__codebebd8b2d__20260713T115339963731Z,msl_ncam_nlb_558365068edr_f0660000ncam00253m1,test_msl,soil,iou,,0,0,142185
unet__pretrained__resnet34__in_rover__seed1415__gpu_full__7ab4e19b__gitc188b320__codebebd8b2d__20260713T115339963731Z,msl_ncam_nlb_558365068edr_f0660000ncam00253m1,test_msl,bedrock,iou,1.0,142185,142185,142185
unet__pretrained__resnet34__in_rover__seed1415__gpu_full__7ab4e19b__gitc188b320__codebebd8b2d__20260713T115339963731Z,msl_ncam_nlb_558365068edr_f0660000ncam00253m1,test_msl,sand,iou,,0,0,142185
unet__pretrained__resnet34__in_rover__seed1415__gpu_full__7ab4e19b__gitc188b320__codebebd8b2d__20260713T115339963731Z,msl_ncam_nlb_558365068edr_f0660000ncam00253m1,test_msl,big_rock,iou,,0,0,142185
unet__pretrained__resnet34__in_rover__seed1415__gpu_full__7ab4e19b__gitc188b320__codebebd8b2d__20260713T115339963731Z,msl_ncam_nlb_558365068edr_f0660000ncam00253m1,test_msl,ALL,pixel_acc,1.0,0,0,142185
unet__pretrained__resnet34__in_rover__seed1415__gpu_full__7ab4e19b__gitc188b320__codebebd8b2d__20260713T115339963731Z,msl_ncam_nlb_558365068edr_f0660000ncam00253m1,test_msl,ALL,boundary_f1,1.0,0,0,142185
unet__pretrained__resnet34__in_rover__seed1415__gpu_full__7ab4e19b__gitc188b320__codebebd8b2d__20260713T115339963731Z,msl_ncam_nlb_560302217edr_f0660952ncam00320m1,test_msl,soil,iou,,0,0,41827
unet__pretrained__resnet34__in_rover__seed1415__gpu_full__7ab4e19b__gitc188b320__codebebd8b2d__20260713T115339963731Z,msl_ncam_nlb_560302217edr_f0660952ncam00320m1,test_msl,bedrock,iou,1.0,41827,41827,41827
unet__pretrained__resnet34__in_rover__seed1415__gpu_full__7ab4e19b__gitc188b320__codebebd8b2d__20260713T115339963731Z,msl_ncam_nlb_560302217edr_f0660952ncam00320m1,test_msl,sand,iou,,0,0,41827
unet__pretrained__resnet34__in_rover__seed1415__gpu_full__7ab4e19b__gitc188b320__codebebd8b2d__20260713T115339963731Z,msl_ncam_nlb_560302217edr_f0660952ncam00320m1,test_msl,big_rock,iou,,0,0,41827
unet__pretrained__resnet34__in_rover__seed1415__gpu_full__7ab4e19b__gitc188b320__codebebd8b2d__20260713T115339963731Z,msl_ncam_nlb_560302217edr_f0660952ncam00320m1,test_msl,ALL,pixel_acc,1.0,0,0,41827
unet__pretrained__resnet34__in_rover__seed1415__gpu_full__7ab4e19b__gitc188b320__codebebd8b2d__20260713T115339963731Z,msl_ncam_nlb_560302217edr_f0660952ncam00320m1,test_msl,ALL,boundary_f1,1.0,0,0,41827
unet__pretrained__resnet34__in_rover__seed1415__gpu_full__7ab4e19b__gitc188b320__codebebd8b2d__20260713T115339963731Z,msl_ncam_nlb_560310464edr_f0661030ncam00385m1,test_msl,soil,iou,,0,0,158565
unet__pretrained__resnet34__in_rover__seed1415__gpu_full__7ab4e19b__gitc188b320__codebebd8b2d__20260713T115339963731Z,msl_ncam_nlb_560310464edr_f0661030ncam00385m1,test_msl,bedrock,iou,1.0,158565,158565,158565
unet__pretrained__resnet34__in_rover__seed1415__gpu_full__7ab4e19b__gitc188b320__codebebd8b2d__20260713T115339963731Z,msl_ncam_nlb_560310464edr_f0661030ncam00385m1,test_msl,sand,iou,,0,0,158565
unet__pretrained__resnet34__in_rover__seed1415__gpu_full__7ab4e19b__gitc188b320__codebebd8b2d__20260713T115339963731Z,msl_ncam_nlb_560310464edr_f0661030ncam00385m1,test_msl,big_rock,iou,,0,0,158565
unet__pretrained__resnet34__in_rover__seed1415__gpu_full__7ab4e19b__gitc188b320__codebebd8b2d__20260713T115339963731Z,msl_ncam_nlb_560310464edr_f0661030ncam00385m1,test_msl,ALL,pixel_acc,1.0,0,0,158565
unet__pretrained__resnet34__in_rover__seed1415__gpu_full__7ab4e19b__gitc188b320__codebebd8b2d__20260713T115339963731Z,msl_ncam_nlb_560310464edr_f0661030ncam00385m1,test_msl,ALL,boundary_f1,1.0,0,0,158565
unet__pretrained__resnet34__in_rover__seed1415__gpu_full__7ab4e19b__gitc188b320__codebebd8b2d__20260713T115339963731Z,msl_ncam_nlb_560311677edr_f0661112ncam00353m1,test_msl,soil,iou,0.0,0,206,58722
unet__pretrained__resnet34__in_rover__seed1415__gpu_full__7ab4e19b__gitc188b320__codebebd8b2d__20260713T115339963731Z,msl_ncam_nlb_560311677edr_f0661112ncam00353m1,test_msl,bedrock,iou,0.9964919450972378,58516,58722,58722
unet__pretrained__resnet34__in_rover__seed1415__gpu_full__7ab4e19b__gitc188b320__codebebd8b2d__20260713T115339963731Z,msl_ncam_nlb_560311677edr_f0661112ncam00353m1,test_msl,sand,iou,,0,0,58722
unet__pretrained__resnet34__in_rover__seed1415__gpu_full__7ab4e19b__gitc188b320__codebebd8b2d__20260713T115339963731Z,msl_ncam_nlb_560311677edr_f0661112ncam00353m1,test_msl,big_rock,iou,,0,0,58722
unet__pretrained__resnet34__in_rover__seed1415__gpu_full__7ab4e19b__gitc188b320__codebebd8b2d__20260713T115339963731Z,msl_ncam_nlb_560311677edr_f0661112ncam00353m1,test_msl,ALL,pixel_acc,0.9964919450972378,0,0,58722
unet__pretrained__resnet34__in_rover__seed1415__gpu_full__7ab4e19b__gitc188b320__codebebd8b2d__20260713T115339963731Z,msl_ncam_nlb_560311677edr_f0661112ncam00353m1,test_msl,ALL,boundary_f1,0.4872396597242593,0,0,58722
unet__pretrained__resnet34__in_rover__seed1415__gpu_full__7ab4e19b__gitc188b320__codebebd8b2d__20260713T115339963731Z,msl_ncam_nlb_560311785edr_f0661112ncam00273m1,test_msl,soil,iou,,0,0,67364
unet__pretrained__resnet34__in_rover__seed1415__gpu_full__7ab4e19b__gitc188b320__codebebd8b2d__20260713T115339963731Z,msl_ncam_nlb_560311785edr_f0661112ncam00273m1,test_msl,bedrock,iou,1.0,67364,67364,67364
unet__pretrained__resnet34__in_rover__seed1415__gpu_full__7ab4e19b__gitc188b320__codebebd8b2d__20260713T115339963731Z,msl_ncam_nlb_560311785edr_f0661112ncam00273m1,test_msl,sand,iou,,0,0,67364
unet__pretrained__resnet34__in_rover__seed1415__gpu_full__7ab4e19b__gitc188b320__codebebd8b2d__20260713T115339963731Z,msl_ncam_nlb_560311785edr_f0661112ncam00273m1,test_msl,big_rock,iou,,0,0,67364
unet__pretrained__resnet34__in_rover__seed1415__gpu_full__7ab4e19b__gitc188b320__codebebd8b2d__20260713T115339963731Z,msl_ncam_nlb_560311785edr_f0661112ncam00273m1,test_msl,ALL,pixel_acc,1.0,0,0,67364
unet__pretrained__resnet34__in_rover__seed1415__gpu_full__7ab4e19b__gitc188b320__codebebd8b2d__20260713T115339963731Z,msl_ncam_nlb_560311785edr_f0661112ncam00273m1,test_msl,ALL,boundary_f1,1.0,0,0,67364
unet__pretrained__resnet34__in_rover__seed1415__gpu_full__7ab4e19b__gitc188b320__codebebd8b2d__20260713T115339963731Z,msl_ncam_nlb_560311842edr_f0661112ncam00273m1,test_msl,soil,iou,0.0,0,15,94786
unet__pretrained__resnet34__in_rover__seed1415__gpu_full__7ab4e19b__gitc188b320__codebebd8b2d__20260713T115339963731Z,msl_ncam_nlb_560311842edr_f0661112ncam00273m1,test_msl,bedrock,iou,0.9998417487814656,94771,94786,94786
unet__pretrained__resnet34__in_rover__seed1415__gpu_full__7ab4e19b__gitc188b320__codebebd8b2d__20260713T115339963731Z,msl_ncam_nlb_560311842edr_f0661112ncam00273m1,test_msl,sand,iou,,0,0,94786
unet__pretrained__resnet34__in_rover__seed1415__gpu_full__7ab4e19b__gitc188b320__codebebd8b2d__20260713T115339963731Z,msl_ncam_nlb_560311842edr_f0661112ncam00273m1,test_msl,big_rock,iou,,0,0,94786
unet__pretrained__resnet34__in_rover__seed1415__gpu_full__7ab4e19b__gitc188b320__codebebd8b2d__20260713T115339963731Z,msl_ncam_nlb_560311842edr_f0661112ncam00273m1,test_msl,ALL,pixel_acc,0.9998417487814656,0,0,94786
unet__pretrained__resnet34__in_rover__seed1415__gpu_full__7ab4e19b__gitc188b320__codebebd8b2d__20260713T115339963731Z,msl_ncam_nlb_560311842edr_f0661112ncam00273m1,test_msl,ALL,boundary_f1,0.5,0,0,94786
unet__pretrained__resnet34__in_rover__seed1415__gpu_full__7ab4e19b__gitc188b320__codebebd8b2d__20260713T115339963731Z,msl_ncam_nlb_560311891edr_f0661112ncam00273m1,test_msl,soil,iou,,0,0,80347
unet__pretrained__resnet34__in_rover__seed1415__gpu_full__7ab4e19b__gitc188b320__codebebd8b2d__20260713T115339963731Z,msl_ncam_nlb_560311891edr_f0661112ncam00273m1,test_msl,bedrock,iou,1.0,80347,80347,80347
unet__pretrained__resnet34__in_rover__seed1415__gpu_full__7ab4e19b__gitc188b320__codebebd8b2d__20260713T115339963731Z,msl_ncam_nlb_560311891edr_f0661112ncam00273m1,test_msl,sand,iou,,0,0,80347
unet__pretrained__resnet34__in_rover__seed1415__gpu_full__7ab4e19b__gitc188b320__codebebd8b2d__20260713T115339963731Z,msl_ncam_nlb_560311891edr_f0661112ncam00273m1,test_msl,big_rock,iou,,0,0,80347
unet__pretrained__resnet34__in_rover__seed1415__gpu_full__7ab4e19b__gitc188b320__codebebd8b2d__20260713T115339963731Z,msl_ncam_nlb_560311891edr_f0661112ncam00273m1,test_msl,ALL,pixel_acc,1.0,0,0,80347
unet__pretrained__resnet34__in_rover__seed1415__gpu_full__7ab4e19b__gitc188b320__codebebd8b2d__20260713T115339963731Z,msl_ncam_nlb_560311891edr_f0661112ncam00273m1,test_msl,ALL,boundary_f1,1.0,0,0,80347
unet__pretrained__resnet34__in_rover__seed1415__gpu_full__7ab4e19b__gitc188b320__codebebd8b2d__20260713T115339963731Z,msl_ncam_nlb_560312189edr_f0661112ncam00354m1,test_msl,soil,iou,,0,0,115548
unet__pretrained__resnet34__in_rover__seed1415__gpu_full__7ab4e19b__gitc188b320__codebebd8b2d__20260713T115339963731Z,msl_ncam_nlb_560312189edr_f0661112ncam00354m1,test_msl,bedrock,iou,1.0,115548,115548,115548
unet__pretrained__resnet34__in_rover__seed1415__gpu_full__7ab4e19b__gitc188b320__codebebd8b2d__20260713T115339963731Z,msl_ncam_nlb_560312189edr_f0661112ncam00354m1,test_msl,sand,iou,,0,0,115548
unet__pretrained__resnet34__in_rover__seed1415__gpu_full__7ab4e19b__gitc188b320__codebebd8b2d__20260713T115339963731Z,msl_ncam_nlb_560312189edr_f0661112ncam00354m1,test_msl,big_rock,iou,,0,0,115548
unet__pretrained__resnet34__in_rover__seed1415__gpu_full__7ab4e19b__gitc188b320__codebebd8b2d__20260713T115339963731Z,msl_ncam_nlb_560312189edr_f0661112ncam00354m1,test_msl,ALL,pixel_acc,1.0,0,0,115548
unet__pretrained__resnet34__in_rover__seed1415__gpu_full__7ab4e19b__gitc188b320__codebebd8b2d__20260713T115339963731Z,msl_ncam_nlb_560312189edr_f0661112ncam00354m1,test_msl,ALL,boundary_f1,1.0,0,0,115548
unet__pretrained__resnet34__in_rover__seed1415__gpu_full__7ab4e19b__gitc188b320__codebebd8b2d__20260713T115339963731Z,msl_ncam_nlb_560316500edr_f0661112ncam00274m1,test_msl,soil,iou,,0,0,167888
unet__pretrained__resnet34__in_rover__seed1415__gpu_full__7ab4e19b__gitc188b320__codebebd8b2d__20260713T115339963731Z,msl_ncam_nlb_560316500edr_f0661112ncam00274m1,test_msl,bedrock,iou,1.0,167888,167888,167888
unet__pretrained__resnet34__in_rover__seed1415__gpu_full__7ab4e19b__gitc188b320__codebebd8b2d__20260713T115339963731Z,msl_ncam_nlb_560316500edr_f0661112ncam00274m1,test_msl,sand,iou,,0,0,167888
unet__pretrained__resnet34__in_rover__seed1415__gpu_full__7ab4e19b__gitc188b320__codebebd8b2d__20260713T115339963731Z,msl_ncam_nlb_560316500edr_f0661112ncam00274m1,test_msl,big_rock,iou,,0,0,167888
unet__pretrained__resnet34__in_rover__seed1415__gpu_full__7ab4e19b__gitc188b320__codebebd8b2d__20260713T115339963731Z,msl_ncam_nlb_560316500edr_f0661112ncam00274m1,test_msl,ALL,pixel_acc,1.0,0,0,167888
unet__pretrained__resnet34__in_rover__seed1415__gpu_full__7ab4e19b__gitc188b320__codebebd8b2d__20260713T115339963731Z,msl_ncam_nlb_560316500edr_f0661112ncam00274m1,test_msl,ALL,boundary_f1,1.0,0,0,167888
unet__pretrained__resnet34__in_rover__seed1415__gpu_full__7ab4e19b__gitc188b320__codebebd8b2d__20260713T115339963731Z,msl_ncam_nlb_560316562edr_f0661112ncam00274m1,test_msl,soil,iou,,0,0,130575
unet__pretrained__resnet34__in_rover__seed1415__gpu_full__7ab4e19b__gitc188b320__codebebd8b2d__20260713T115339963731Z,msl_ncam_nlb_560316562edr_f0661112ncam00274m1,test_msl,bedrock,iou,1.0,130575,130575,130575
unet__pretrained__resnet34__in_rover__seed1415__gpu_full__7ab4e19b__gitc188b320__codebebd8b2d__20260713T115339963731Z,msl_ncam_nlb_560316562edr_f0661112ncam00274m1,test_msl,sand,iou,,0,0,130575
unet__pretrained__resnet34__in_rover__seed1415__gpu_full__7ab4e19b__gitc188b320__codebebd8b2d__20260713T115339963731Z,msl_ncam_nlb_560316562edr_f0661112ncam00274m1,test_msl,big_rock,iou,,0,0,130575
unet__pretrained__resnet34__in_rover__seed1415__gpu_full__7ab4e19b__gitc188b320__codebebd8b2d__20260713T115339963731Z,msl_ncam_nlb_560316562edr_f0661112ncam00274m1,test_msl,ALL,pixel_acc,1.0,0,0,130575
unet__pretrained__resnet34__in_rover__seed1415__gpu_full__7ab4e19b__gitc188b320__codebebd8b2d__20260713T115339963731Z,msl_ncam_nlb_560316562edr_f0661112ncam00274m1,test_msl,ALL,boundary_f1,1.0,0,0,130575
unet__pretrained__resnet34__in_rover__seed1415__gpu_full__7ab4e19b__gitc188b320__codebebd8b2d__20260713T115339963731Z,msl_ncam_nlb_560316739edr_f0661112ncam00274m1,test_msl,soil,iou,,0,0,49617
unet__pretrained__resnet34__in_rover__seed1415__gpu_full__7ab4e19b__gitc188b320__codebebd8b2d__20260713T115339963731Z,msl_ncam_nlb_560316739edr_f0661112ncam00274m1,test_msl,bedrock,iou,1.0,49617,49617,49617
unet__pretrained__resnet34__in_rover__seed1415__gpu_full__7ab4e19b__gitc188b320__codebebd8b2d__20260713T115339963731Z,msl_ncam_nlb_560316739edr_f0661112ncam00274m1,test_msl,sand,iou,,0,0,49617
unet__pretrained__resnet34__in_rover__seed1415__gpu_full__7ab4e19b__gitc188b320__codebebd8b2d__20260713T115339963731Z,msl_ncam_nlb_560316739edr_f0661112ncam00274m1,test_msl,big_rock,iou,,0,0,49617
unet__pretrained__resnet34__in_rover__seed1415__gpu_full__7ab4e19b__gitc188b320__codebebd8b2d__20260713T115339963731Z,msl_ncam_nlb_560316739edr_f0661112ncam00274m1,test_msl,ALL,pixel_acc,1.0,0,0,49617
unet__pretrained__resnet34__in_rover__seed1415__gpu_full__7ab4e19b__gitc188b320__codebebd8b2d__20260713T115339963731Z,msl_ncam_nlb_560316739edr_f0661112ncam00274m1,test_msl,ALL,boundary_f1,1.0,0,0,49617
unet__pretrained__resnet34__in_rover__seed1415__gpu_full__7ab4e19b__gitc188b320__codebebd8b2d__20260713T115339963731Z,msl_ncam_nlb_565016252edr_f0670180ncam00385m1,test_msl,soil,iou,1.0,119731,119731,119731
unet__pretrained__resnet34__in_rover__seed1415__gpu_full__7ab4e19b__gitc188b320__codebebd8b2d__20260713T115339963731Z,msl_ncam_nlb_565016252edr_f0670180ncam00385m1,test_msl,bedrock,iou,,0,0,119731
unet__pretrained__resnet34__in_rover__seed1415__gpu_full__7ab4e19b__gitc188b320__codebebd8b2d__20260713T115339963731Z,msl_ncam_nlb_565016252edr_f0670180ncam00385m1,test_msl,sand,iou,,0,0,119731
unet__pretrained__resnet34__in_rover__seed1415__gpu_full__7ab4e19b__gitc188b320__codebebd8b2d__20260713T115339963731Z,msl_ncam_nlb_565016252edr_f0670180ncam00385m1,test_msl,big_rock,iou,,0,0,119731
unet__pretrained__resnet34__in_rover__seed1415__gpu_full__7ab4e19b__gitc188b320__codebebd8b2d__20260713T115339963731Z,msl_ncam_nlb_565016252edr_f0670180ncam00385m1,test_msl,ALL,pixel_acc,1.0,0,0,119731
unet__pretrained__resnet34__in_rover__seed1415__gpu_full__7ab4e19b__gitc188b320__codebebd8b2d__20260713T115339963731Z,msl_ncam_nlb_565016252edr_f0670180ncam00385m1,test_msl,ALL,boundary_f1,1.0,0,0,119731
unet__pretrained__resnet34__in_rover__seed1415__gpu_full__7ab4e19b__gitc188b320__codebebd8b2d__20260713T115339963731Z,msl_ncam_nlb_565022734edr_f0670216ncam00375m1,test_msl,soil,iou,0.9775508422798289,55999,57285,61281
unet__pretrained__resnet34__in_rover__seed1415__gpu_full__7ab4e19b__gitc188b320__codebebd8b2d__20260713T115339963731Z,msl_ncam_nlb_565022734edr_f0670216ncam00375m1,test_msl,bedrock,iou,0.7565316168118137,3996,5282,61281
unet__pretrained__resnet34__in_rover__seed1415__gpu_full__7ab4e19b__gitc188b320__codebebd8b2d__20260713T115339963731Z,msl_ncam_nlb_565022734edr_f0670216ncam00375m1,test_msl,sand,iou,,0,0,61281
unet__pretrained__resnet34__in_rover__seed1415__gpu_full__7ab4e19b__gitc188b320__codebebd8b2d__20260713T115339963731Z,msl_ncam_nlb_565022734edr_f0670216ncam00375m1,test_msl,big_rock,iou,,0,0,61281
unet__pretrained__resnet34__in_rover__seed1415__gpu_full__7ab4e19b__gitc188b320__codebebd8b2d__20260713T115339963731Z,msl_ncam_nlb_565022734edr_f0670216ncam00375m1,test_msl,ALL,pixel_acc,0.9790147027626834,0,0,61281
unet__pretrained__resnet34__in_rover__seed1415__gpu_full__7ab4e19b__gitc188b320__codebebd8b2d__20260713T115339963731Z,msl_ncam_nlb_565022734edr_f0670216ncam00375m1,test_msl,ALL,boundary_f1,0.8984097257155024,0,0,61281
unet__pretrained__resnet34__in_rover__seed1415__gpu_full__7ab4e19b__gitc188b320__codebebd8b2d__20260713T115339963731Z,msl_ncam_nlb_565022803edr_f0670216ncam00252m1,test_msl,soil,iou,0.9633445330526657,47595,49406,61883
unet__pretrained__resnet34__in_rover__seed1415__gpu_full__7ab4e19b__gitc188b320__codebebd8b2d__20260713T115339963731Z,msl_ncam_nlb_565022803edr_f0670216ncam00252m1,test_msl,bedrock,iou,,0,0,61883
unet__pretrained__resnet34__in_rover__seed1415__gpu_full__7ab4e19b__gitc188b320__codebebd8b2d__20260713T115339963731Z,msl_ncam_nlb_565022803edr_f0670216ncam00252m1,test_msl,sand,iou,0.8732502799552072,12477,14288,61883
unet__pretrained__resnet34__in_rover__seed1415__gpu_full__7ab4e19b__gitc188b320__codebebd8b2d__20260713T115339963731Z,msl_ncam_nlb_565022803edr_f0670216ncam00252m1,test_msl,big_rock,iou,,0,0,61883
unet__pretrained__resnet34__in_rover__seed1415__gpu_full__7ab4e19b__gitc188b320__codebebd8b2d__20260713T115339963731Z,msl_ncam_nlb_565022803edr_f0670216ncam00252m1,test_msl,ALL,pixel_acc,0.9707350968763635,0,0,61883
unet__pretrained__resnet34__in_rover__seed1415__gpu_full__7ab4e19b__gitc188b320__codebebd8b2d__20260713T115339963731Z,msl_ncam_nlb_565022803edr_f0670216ncam00252m1,test_msl,ALL,boundary_f1,0.8469571629020918,0,0,61883
unet__pretrained__resnet34__in_rover__seed1415__gpu_full__7ab4e19b__gitc188b320__codebebd8b2d__20260713T115339963731Z,msl_ncam_nlb_565022931edr_f0670216ncam00252m1,test_msl,soil,iou,1.0,213200,213200,213200
unet__pretrained__resnet34__in_rover__seed1415__gpu_full__7ab4e19b__gitc188b320__codebebd8b2d__20260713T115339963731Z,msl_ncam_nlb_565022931edr_f0670216ncam00252m1,test_msl,bedrock,iou,,0,0,213200
unet__pretrained__resnet34__in_rover__seed1415__gpu_full__7ab4e19b__gitc188b320__codebebd8b2d__20260713T115339963731Z,msl_ncam_nlb_565022931edr_f0670216ncam00252m1,test_msl,sand,iou,,0,0,213200
unet__pretrained__resnet34__in_rover__seed1415__gpu_full__7ab4e19b__gitc188b320__codebebd8b2d__20260713T115339963731Z,msl_ncam_nlb_565022931edr_f0670216ncam00252m1,test_msl,big_rock,iou,,0,0,213200
unet__pretrained__resnet34__in_rover__seed1415__gpu_full__7ab4e19b__gitc188b320__codebebd8b2d__20260713T115339963731Z,msl_ncam_nlb_565022931edr_f0670216ncam00252m1,test_msl,ALL,pixel_acc,1.0,0,0,213200
unet__pretrained__resnet34__in_rover__seed1415__gpu_full__7ab4e19b__gitc188b320__codebebd8b2d__20260713T115339963731Z,msl_ncam_nlb_565022931edr_f0670216ncam00252m1,test_msl,ALL,boundary_f1,1.0,0,0,213200
unet__pretrained__resnet34__in_rover__seed1415__gpu_full__7ab4e19b__gitc188b320__codebebd8b2d__20260713T115339963731Z,msl_ncam_nlb_565023199edr_f0670216ncam00312m1,test_msl,soil,iou,1.0,135942,135942,135942
unet__pretrained__resnet34__in_rover__seed1415__gpu_full__7ab4e19b__gitc188b320__codebebd8b2d__20260713T115339963731Z,msl_ncam_nlb_565023199edr_f0670216ncam00312m1,test_msl,bedrock,iou,,0,0,135942
unet__pretrained__resnet34__in_rover__seed1415__gpu_full__7ab4e19b__gitc188b320__codebebd8b2d__20260713T115339963731Z,msl_ncam_nlb_565023199edr_f0670216ncam00312m1,test_msl,sand,iou,,0,0,135942
unet__pretrained__resnet34__in_rover__seed1415__gpu_full__7ab4e19b__gitc188b320__codebebd8b2d__20260713T115339963731Z,msl_ncam_nlb_565023199edr_f0670216ncam00312m1,test_msl,big_rock,iou,,0,0,135942
unet__pretrained__resnet34__in_rover__seed1415__gpu_full__7ab4e19b__gitc188b320__codebebd8b2d__20260713T115339963731Z,msl_ncam_nlb_565023199edr_f0670216ncam00312m1,test_msl,ALL,pixel_acc,1.0,0,0,135942
unet__pretrained__resnet34__in_rover__seed1415__gpu_full__7ab4e19b__gitc188b320__codebebd8b2d__20260713T115339963731Z,msl_ncam_nlb_565023199edr_f0670216ncam00312m1,test_msl,ALL,boundary_f1,1.0,0,0,135942
unet__pretrained__resnet34__in_rover__seed1415__gpu_full__7ab4e19b__gitc188b320__codebebd8b2d__20260713T115339963731Z,msl_ncam_nlb_565023322edr_f0670216ncam00253m1,test_msl,soil,iou,1.0,197483,197483,197483
unet__pretrained__resnet34__in_rover__seed1415__gpu_full__7ab4e19b__gitc188b320__codebebd8b2d__20260713T115339963731Z,msl_ncam_nlb_565023322edr_f0670216ncam00253m1,test_msl,bedrock,iou,,0,0,197483
unet__pretrained__resnet34__in_rover__seed1415__gpu_full__7ab4e19b__gitc188b320__codebebd8b2d__20260713T115339963731Z,msl_ncam_nlb_565023322edr_f0670216ncam00253m1,test_msl,sand,iou,,0,0,197483
unet__pretrained__resnet34__in_rover__seed1415__gpu_full__7ab4e19b__gitc188b320__codebebd8b2d__20260713T115339963731Z,msl_ncam_nlb_565023322edr_f0670216ncam00253m1,test_msl,big_rock,iou,,0,0,197483
unet__pretrained__resnet34__in_rover__seed1415__gpu_full__7ab4e19b__gitc188b320__codebebd8b2d__20260713T115339963731Z,msl_ncam_nlb_565023322edr_f0670216ncam00253m1,test_msl,ALL,pixel_acc,1.0,0,0,197483
unet__pretrained__resnet34__in_rover__seed1415__gpu_full__7ab4e19b__gitc188b320__codebebd8b2d__20260713T115339963731Z,msl_ncam_nlb_565023322edr_f0670216ncam00253m1,test_msl,ALL,boundary_f1,1.0,0,0,197483
unet__pretrained__resnet34__in_rover__seed1415__gpu_full__7ab4e19b__gitc188b320__codebebd8b2d__20260713T115339963731Z,msl_ncam_nlb_565023592edr_f0670216ncam00253m1,test_msl,soil,iou,1.0,71215,71215,71215
unet__pretrained__resnet34__in_rover__seed1415__gpu_full__7ab4e19b__gitc188b320__codebebd8b2d__20260713T115339963731Z,msl_ncam_nlb_565023592edr_f0670216ncam00253m1,test_msl,bedrock,iou,,0,0,71215
unet__pretrained__resnet34__in_rover__seed1415__gpu_full__7ab4e19b__gitc188b320__codebebd8b2d__20260713T115339963731Z,msl_ncam_nlb_565023592edr_f0670216ncam00253m1,test_msl,sand,iou,,0,0,71215
unet__pretrained__resnet34__in_rover__seed1415__gpu_full__7ab4e19b__gitc188b320__codebebd8b2d__20260713T115339963731Z,msl_ncam_nlb_565023592edr_f0670216ncam00253m1,test_msl,big_rock,iou,,0,0,71215
unet__pretrained__resnet34__in_rover__seed1415__gpu_full__7ab4e19b__gitc188b320__codebebd8b2d__20260713T115339963731Z,msl_ncam_nlb_565023592edr_f0670216ncam00253m1,test_msl,ALL,pixel_acc,1.0,0,0,71215
unet__pretrained__resnet34__in_rover__seed1415__gpu_full__7ab4e19b__gitc188b320__codebebd8b2d__20260713T115339963731Z,msl_ncam_nlb_565023592edr_f0670216ncam00253m1,test_msl,ALL,boundary_f1,1.0,0,0,71215
unet__pretrained__resnet34__in_rover__seed1415__gpu_full__7ab4e19b__gitc188b320__codebebd8b2d__20260713T115339963731Z,msl_ncam_nlb_565365464edr_f0670550ncam00385m1,test_msl,soil,iou,0.9078484941349834,139234,153367,153367
unet__pretrained__resnet34__in_rover__seed1415__gpu_full__7ab4e19b__gitc188b320__codebebd8b2d__20260713T115339963731Z,msl_ncam_nlb_565365464edr_f0670550ncam00385m1,test_msl,bedrock,iou,0.0,0,14133,153367
unet__pretrained__resnet34__in_rover__seed1415__gpu_full__7ab4e19b__gitc188b320__codebebd8b2d__20260713T115339963731Z,msl_ncam_nlb_565365464edr_f0670550ncam00385m1,test_msl,sand,iou,,0,0,153367
unet__pretrained__resnet34__in_rover__seed1415__gpu_full__7ab4e19b__gitc188b320__codebebd8b2d__20260713T115339963731Z,msl_ncam_nlb_565365464edr_f0670550ncam00385m1,test_msl,big_rock,iou,,0,0,153367
unet__pretrained__resnet34__in_rover__seed1415__gpu_full__7ab4e19b__gitc188b320__codebebd8b2d__20260713T115339963731Z,msl_ncam_nlb_565365464edr_f0670550ncam00385m1,test_msl,ALL,pixel_acc,0.9078484941349834,0,0,153367
unet__pretrained__resnet34__in_rover__seed1415__gpu_full__7ab4e19b__gitc188b320__codebebd8b2d__20260713T115339963731Z,msl_ncam_nlb_565365464edr_f0670550ncam00385m1,test_msl,ALL,boundary_f1,0.43550394027374534,0,0,153367
unet__pretrained__resnet34__in_rover__seed1415__gpu_full__7ab4e19b__gitc188b320__codebebd8b2d__20260713T115339963731Z,msl_ncam_nlb_565366137edr_f0670604ncam00257m1,test_msl,soil,iou,0.9302163610762033,61438,66047,66635
unet__pretrained__resnet34__in_rover__seed1415__gpu_full__7ab4e19b__gitc188b320__codebebd8b2d__20260713T115339963731Z,msl_ncam_nlb_565366137edr_f0670604ncam00257m1,test_msl,bedrock,iou,0.11314219742158937,588,5197,66635
unet__pretrained__resnet34__in_rover__seed1415__gpu_full__7ab4e19b__gitc188b320__codebebd8b2d__20260713T115339963731Z,msl_ncam_nlb_565366137edr_f0670604ncam00257m1,test_msl,sand,iou,,0,0,66635
unet__pretrained__resnet34__in_rover__seed1415__gpu_full__7ab4e19b__gitc188b320__codebebd8b2d__20260713T115339963731Z,msl_ncam_nlb_565366137edr_f0670604ncam00257m1,test_msl,big_rock,iou,,0,0,66635
unet__pretrained__resnet34__in_rover__seed1415__gpu_full__7ab4e19b__gitc188b320__codebebd8b2d__20260713T115339963731Z,msl_ncam_nlb_565366137edr_f0670604ncam00257m1,test_msl,ALL,pixel_acc,0.9308321452690028,0,0,66635
unet__pretrained__resnet34__in_rover__seed1415__gpu_full__7ab4e19b__gitc188b320__codebebd8b2d__20260713T115339963731Z,msl_ncam_nlb_565366137edr_f0670604ncam00257m1,test_msl,ALL,boundary_f1,0.5102060850595571,0,0,66635
unet__pretrained__resnet34__in_rover__seed1415__gpu_full__7ab4e19b__gitc188b320__codebebd8b2d__20260713T115339963731Z,msl_ncam_nlb_565367106edr_f0670650ncam00353m1,test_msl,soil,iou,0.5167015607156452,10859,21016,22563
unet__pretrained__resnet34__in_rover__seed1415__gpu_full__7ab4e19b__gitc188b320__codebebd8b2d__20260713T115339963731Z,msl_ncam_nlb_565367106edr_f0670650ncam00353m1,test_msl,bedrock,iou,0.13217703349282298,1547,11704,22563
unet__pretrained__resnet34__in_rover__seed1415__gpu_full__7ab4e19b__gitc188b320__codebebd8b2d__20260713T115339963731Z,msl_ncam_nlb_565367106edr_f0670650ncam00353m1,test_msl,sand,iou,,0,0,22563
unet__pretrained__resnet34__in_rover__seed1415__gpu_full__7ab4e19b__gitc188b320__codebebd8b2d__20260713T115339963731Z,msl_ncam_nlb_565367106edr_f0670650ncam00353m1,test_msl,big_rock,iou,,0,0,22563
unet__pretrained__resnet34__in_rover__seed1415__gpu_full__7ab4e19b__gitc188b320__codebebd8b2d__20260713T115339963731Z,msl_ncam_nlb_565367106edr_f0670650ncam00353m1,test_msl,ALL,pixel_acc,0.5498382307317289,0,0,22563
unet__pretrained__resnet34__in_rover__seed1415__gpu_full__7ab4e19b__gitc188b320__codebebd8b2d__20260713T115339963731Z,msl_ncam_nlb_565367106edr_f0670650ncam00353m1,test_msl,ALL,boundary_f1,0.47662907416933775,0,0,22563
unet__pretrained__resnet34__in_rover__seed1415__gpu_full__7ab4e19b__gitc188b320__codebebd8b2d__20260713T115339963731Z,msl_ncam_nlb_565373114edr_f0670650ncam12753m1,test_msl,soil,iou,1.0,145604,145604,145604
unet__pretrained__resnet34__in_rover__seed1415__gpu_full__7ab4e19b__gitc188b320__codebebd8b2d__20260713T115339963731Z,msl_ncam_nlb_565373114edr_f0670650ncam12753m1,test_msl,bedrock,iou,,0,0,145604
unet__pretrained__resnet34__in_rover__seed1415__gpu_full__7ab4e19b__gitc188b320__codebebd8b2d__20260713T115339963731Z,msl_ncam_nlb_565373114edr_f0670650ncam12753m1,test_msl,sand,iou,,0,0,145604
unet__pretrained__resnet34__in_rover__seed1415__gpu_full__7ab4e19b__gitc188b320__codebebd8b2d__20260713T115339963731Z,msl_ncam_nlb_565373114edr_f0670650ncam12753m1,test_msl,big_rock,iou,,0,0,145604
unet__pretrained__resnet34__in_rover__seed1415__gpu_full__7ab4e19b__gitc188b320__codebebd8b2d__20260713T115339963731Z,msl_ncam_nlb_565373114edr_f0670650ncam12753m1,test_msl,ALL,pixel_acc,1.0,0,0,145604
unet__pretrained__resnet34__in_rover__seed1415__gpu_full__7ab4e19b__gitc188b320__codebebd8b2d__20260713T115339963731Z,msl_ncam_nlb_565373114edr_f0670650ncam12753m1,test_msl,ALL,boundary_f1,1.0,0,0,145604
unet__pretrained__resnet34__in_rover__seed1415__gpu_full__7ab4e19b__gitc188b320__codebebd8b2d__20260713T115339963731Z,msl_ncam_nlb_565373298edr_f0670650ncam12753m1,test_msl,soil,iou,1.0,35450,35450,37349
unet__pretrained__resnet34__in_rover__seed1415__gpu_full__7ab4e19b__gitc188b320__codebebd8b2d__20260713T115339963731Z,msl_ncam_nlb_565373298edr_f0670650ncam12753m1,test_msl,bedrock,iou,1.0,1899,1899,37349
unet__pretrained__resnet34__in_rover__seed1415__gpu_full__7ab4e19b__gitc188b320__codebebd8b2d__20260713T115339963731Z,msl_ncam_nlb_565373298edr_f0670650ncam12753m1,test_msl,sand,iou,,0,0,37349
unet__pretrained__resnet34__in_rover__seed1415__gpu_full__7ab4e19b__gitc188b320__codebebd8b2d__20260713T115339963731Z,msl_ncam_nlb_565373298edr_f0670650ncam12753m1,test_msl,big_rock,iou,,0,0,37349
unet__pretrained__resnet34__in_rover__seed1415__gpu_full__7ab4e19b__gitc188b320__codebebd8b2d__20260713T115339963731Z,msl_ncam_nlb_565373298edr_f0670650ncam12753m1,test_msl,ALL,pixel_acc,1.0,0,0,37349
unet__pretrained__resnet34__in_rover__seed1415__gpu_full__7ab4e19b__gitc188b320__codebebd8b2d__20260713T115339963731Z,msl_ncam_nlb_565373298edr_f0670650ncam12753m1,test_msl,ALL,boundary_f1,1.0,0,0,37349
unet__pretrained__resnet34__in_rover__seed1415__gpu_full__7ab4e19b__gitc188b320__codebebd8b2d__20260713T115339963731Z,msl_ncam_nlb_565373360edr_f0670650ncam12753m1,test_msl,soil,iou,0.969306182284628,42317,43657,50543
unet__pretrained__resnet34__in_rover__seed1415__gpu_full__7ab4e19b__gitc188b320__codebebd8b2d__20260713T115339963731Z,msl_ncam_nlb_565373360edr_f0670650ncam12753m1,test_msl,bedrock,iou,0.8371018721128131,6886,8226,50543
unet__pretrained__resnet34__in_rover__seed1415__gpu_full__7ab4e19b__gitc188b320__codebebd8b2d__20260713T115339963731Z,msl_ncam_nlb_565373360edr_f0670650ncam12753m1,test_msl,sand,iou,,0,0,50543
unet__pretrained__resnet34__in_rover__seed1415__gpu_full__7ab4e19b__gitc188b320__codebebd8b2d__20260713T115339963731Z,msl_ncam_nlb_565373360edr_f0670650ncam12753m1,test_msl,big_rock,iou,,0,0,50543
unet__pretrained__resnet34__in_rover__seed1415__gpu_full__7ab4e19b__gitc188b320__codebebd8b2d__20260713T115339963731Z,msl_ncam_nlb_565373360edr_f0670650ncam12753m1,test_msl,ALL,pixel_acc,0.9734879211760283,0,0,50543
unet__pretrained__resnet34__in_rover__seed1415__gpu_full__7ab4e19b__gitc188b320__codebebd8b2d__20260713T115339963731Z,msl_ncam_nlb_565373360edr_f0670650ncam12753m1,test_msl,ALL,boundary_f1,0.863667459576639,0,0,50543
unet__pretrained__resnet34__in_rover__seed1415__gpu_full__7ab4e19b__gitc188b320__codebebd8b2d__20260713T115339963731Z,msl_ncam_nlb_565373417edr_f0670650ncam12753m1,test_msl,soil,iou,0.9456890219786429,66951,70796,70796
unet__pretrained__resnet34__in_rover__seed1415__gpu_full__7ab4e19b__gitc188b320__codebebd8b2d__20260713T115339963731Z,msl_ncam_nlb_565373417edr_f0670650ncam12753m1,test_msl,bedrock,iou,0.0,0,3845,70796
unet__pretrained__resnet34__in_rover__seed1415__gpu_full__7ab4e19b__gitc188b320__codebebd8b2d__20260713T115339963731Z,msl_ncam_nlb_565373417edr_f0670650ncam12753m1,test_msl,sand,iou,,0,0,70796
unet__pretrained__resnet34__in_rover__seed1415__gpu_full__7ab4e19b__gitc188b320__codebebd8b2d__20260713T115339963731Z,msl_ncam_nlb_565373417edr_f0670650ncam12753m1,test_msl,big_rock,iou,,0,0,70796
unet__pretrained__resnet34__in_rover__seed1415__gpu_full__7ab4e19b__gitc188b320__codebebd8b2d__20260713T115339963731Z,msl_ncam_nlb_565373417edr_f0670650ncam12753m1,test_msl,ALL,pixel_acc,0.9456890219786429,0,0,70796
unet__pretrained__resnet34__in_rover__seed1415__gpu_full__7ab4e19b__gitc188b320__codebebd8b2d__20260713T115339963731Z,msl_ncam_nlb_565373417edr_f0670650ncam12753m1,test_msl,ALL,boundary_f1,0.46806459387804294,0,0,70796
unet__pretrained__resnet34__in_rover__seed1415__gpu_full__7ab4e19b__gitc188b320__codebebd8b2d__20260713T115339963731Z,msl_ncam_nlb_565373904edr_f0670650ccam15903m1,test_msl,soil,iou,,0,0,0
unet__pretrained__resnet34__in_rover__seed1415__gpu_full__7ab4e19b__gitc188b320__codebebd8b2d__20260713T115339963731Z,msl_ncam_nlb_565373904edr_f0670650ccam15903m1,test_msl,bedrock,iou,,0,0,0
unet__pretrained__resnet34__in_rover__seed1415__gpu_full__7ab4e19b__gitc188b320__codebebd8b2d__20260713T115339963731Z,msl_ncam_nlb_565373904edr_f0670650ccam15903m1,test_msl,sand,iou,,0,0,0
unet__pretrained__resnet34__in_rover__seed1415__gpu_full__7ab4e19b__gitc188b320__codebebd8b2d__20260713T115339963731Z,msl_ncam_nlb_565373904edr_f0670650ccam15903m1,test_msl,big_rock,iou,,0,0,0
unet__pretrained__resnet34__in_rover__seed1415__gpu_full__7ab4e19b__gitc188b320__codebebd8b2d__20260713T115339963731Z,msl_ncam_nlb_565373904edr_f0670650ccam15903m1,test_msl,ALL,pixel_acc,,0,0,0
unet__pretrained__resnet34__in_rover__seed1415__gpu_full__7ab4e19b__gitc188b320__codebebd8b2d__20260713T115339963731Z,msl_ncam_nlb_565373904edr_f0670650ccam15903m1,test_msl,ALL,boundary_f1,,0,0,0
unet__pretrained__resnet34__in_rover__seed1415__gpu_full__7ab4e19b__gitc188b320__codebebd8b2d__20260713T115339963731Z,msl_ncam_nlb_565810401edr_f0670962ncam00386m1,test_msl,soil,iou,1.0,251102,251102,251102
unet__pretrained__resnet34__in_rover__seed1415__gpu_full__7ab4e19b__gitc188b320__codebebd8b2d__20260713T115339963731Z,msl_ncam_nlb_565810401edr_f0670962ncam00386m1,test_msl,bedrock,iou,,0,0,251102
unet__pretrained__resnet34__in_rover__seed1415__gpu_full__7ab4e19b__gitc188b320__codebebd8b2d__20260713T115339963731Z,msl_ncam_nlb_565810401edr_f0670962ncam00386m1,test_msl,sand,iou,,0,0,251102
unet__pretrained__resnet34__in_rover__seed1415__gpu_full__7ab4e19b__gitc188b320__codebebd8b2d__20260713T115339963731Z,msl_ncam_nlb_565810401edr_f0670962ncam00386m1,test_msl,big_rock,iou,,0,0,251102
unet__pretrained__resnet34__in_rover__seed1415__gpu_full__7ab4e19b__gitc188b320__codebebd8b2d__20260713T115339963731Z,msl_ncam_nlb_565810401edr_f0670962ncam00386m1,test_msl,ALL,pixel_acc,1.0,0,0,251102
unet__pretrained__resnet34__in_rover__seed1415__gpu_full__7ab4e19b__gitc188b320__codebebd8b2d__20260713T115339963731Z,msl_ncam_nlb_565810401edr_f0670962ncam00386m1,test_msl,ALL,boundary_f1,1.0,0,0,251102
unet__pretrained__resnet34__in_rover__seed1415__gpu_full__7ab4e19b__gitc188b320__codebebd8b2d__20260713T115339963731Z,msl_ncam_nlb_565811189edr_f0671016ncam00353m1,test_msl,soil,iou,,0,0,0
unet__pretrained__resnet34__in_rover__seed1415__gpu_full__7ab4e19b__gitc188b320__codebebd8b2d__20260713T115339963731Z,msl_ncam_nlb_565811189edr_f0671016ncam00353m1,test_msl,bedrock,iou,,0,0,0
unet__pretrained__resnet34__in_rover__seed1415__gpu_full__7ab4e19b__gitc188b320__codebebd8b2d__20260713T115339963731Z,msl_ncam_nlb_565811189edr_f0671016ncam00353m1,test_msl,sand,iou,,0,0,0
unet__pretrained__resnet34__in_rover__seed1415__gpu_full__7ab4e19b__gitc188b320__codebebd8b2d__20260713T115339963731Z,msl_ncam_nlb_565811189edr_f0671016ncam00353m1,test_msl,big_rock,iou,,0,0,0
unet__pretrained__resnet34__in_rover__seed1415__gpu_full__7ab4e19b__gitc188b320__codebebd8b2d__20260713T115339963731Z,msl_ncam_nlb_565811189edr_f0671016ncam00353m1,test_msl,ALL,pixel_acc,,0,0,0
unet__pretrained__resnet34__in_rover__seed1415__gpu_full__7ab4e19b__gitc188b320__codebebd8b2d__20260713T115339963731Z,msl_ncam_nlb_565811189edr_f0671016ncam00353m1,test_msl,ALL,boundary_f1,,0,0,0
unet__pretrained__resnet34__in_rover__seed1415__gpu_full__7ab4e19b__gitc188b320__codebebd8b2d__20260713T115339963731Z,msl_ncam_nlb_565811345edr_f0671016ncam00261m1,test_msl,soil,iou,1.0,108477,108477,108477
unet__pretrained__resnet34__in_rover__seed1415__gpu_full__7ab4e19b__gitc188b320__codebebd8b2d__20260713T115339963731Z,msl_ncam_nlb_565811345edr_f0671016ncam00261m1,test_msl,bedrock,iou,,0,0,108477
unet__pretrained__resnet34__in_rover__seed1415__gpu_full__7ab4e19b__gitc188b320__codebebd8b2d__20260713T115339963731Z,msl_ncam_nlb_565811345edr_f0671016ncam00261m1,test_msl,sand,iou,,0,0,108477
unet__pretrained__resnet34__in_rover__seed1415__gpu_full__7ab4e19b__gitc188b320__codebebd8b2d__20260713T115339963731Z,msl_ncam_nlb_565811345edr_f0671016ncam00261m1,test_msl,big_rock,iou,,0,0,108477
unet__pretrained__resnet34__in_rover__seed1415__gpu_full__7ab4e19b__gitc188b320__codebebd8b2d__20260713T115339963731Z,msl_ncam_nlb_565811345edr_f0671016ncam00261m1,test_msl,ALL,pixel_acc,1.0,0,0,108477
unet__pretrained__resnet34__in_rover__seed1415__gpu_full__7ab4e19b__gitc188b320__codebebd8b2d__20260713T115339963731Z,msl_ncam_nlb_565811345edr_f0671016ncam00261m1,test_msl,ALL,boundary_f1,1.0,0,0,108477
unet__pretrained__resnet34__in_rover__seed1415__gpu_full__7ab4e19b__gitc188b320__codebebd8b2d__20260713T115339963731Z,msl_ncam_nlb_565811572edr_f0671016ncam00261m1,test_msl,soil,iou,0.9996617113646188,106382,106418,107460
unet__pretrained__resnet34__in_rover__seed1415__gpu_full__7ab4e19b__gitc188b320__codebebd8b2d__20260713T115339963731Z,msl_ncam_nlb_565811572edr_f0671016ncam00261m1,test_msl,bedrock,iou,0.9666048237476809,1042,1078,107460
unet__pretrained__resnet34__in_rover__seed1415__gpu_full__7ab4e19b__gitc188b320__codebebd8b2d__20260713T115339963731Z,msl_ncam_nlb_565811572edr_f0671016ncam00261m1,test_msl,sand,iou,,0,0,107460
unet__pretrained__resnet34__in_rover__seed1415__gpu_full__7ab4e19b__gitc188b320__codebebd8b2d__20260713T115339963731Z,msl_ncam_nlb_565811572edr_f0671016ncam00261m1,test_msl,big_rock,iou,,0,0,107460
unet__pretrained__resnet34__in_rover__seed1415__gpu_full__7ab4e19b__gitc188b320__codebebd8b2d__20260713T115339963731Z,msl_ncam_nlb_565811572edr_f0671016ncam00261m1,test_msl,ALL,pixel_acc,0.9996649916247906,0,0,107460
unet__pretrained__resnet34__in_rover__seed1415__gpu_full__7ab4e19b__gitc188b320__codebebd8b2d__20260713T115339963731Z,msl_ncam_nlb_565811572edr_f0671016ncam00261m1,test_msl,ALL,boundary_f1,0.9910856890795849,0,0,107460
unet__pretrained__resnet34__in_rover__seed1415__gpu_full__7ab4e19b__gitc188b320__codebebd8b2d__20260713T115339963731Z,msl_ncam_nlb_565811686edr_f0671016ncam00261m1,test_msl,soil,iou,1.0,54790,54790,54790
unet__pretrained__resnet34__in_rover__seed1415__gpu_full__7ab4e19b__gitc188b320__codebebd8b2d__20260713T115339963731Z,msl_ncam_nlb_565811686edr_f0671016ncam00261m1,test_msl,bedrock,iou,,0,0,54790
unet__pretrained__resnet34__in_rover__seed1415__gpu_full__7ab4e19b__gitc188b320__codebebd8b2d__20260713T115339963731Z,msl_ncam_nlb_565811686edr_f0671016ncam00261m1,test_msl,sand,iou,,0,0,54790
unet__pretrained__resnet34__in_rover__seed1415__gpu_full__7ab4e19b__gitc188b320__codebebd8b2d__20260713T115339963731Z,msl_ncam_nlb_565811686edr_f0671016ncam00261m1,test_msl,big_rock,iou,,0,0,54790
unet__pretrained__resnet34__in_rover__seed1415__gpu_full__7ab4e19b__gitc188b320__codebebd8b2d__20260713T115339963731Z,msl_ncam_nlb_565811686edr_f0671016ncam00261m1,test_msl,ALL,pixel_acc,1.0,0,0,54790
unet__pretrained__resnet34__in_rover__seed1415__gpu_full__7ab4e19b__gitc188b320__codebebd8b2d__20260713T115339963731Z,msl_ncam_nlb_565811686edr_f0671016ncam00261m1,test_msl,ALL,boundary_f1,1.0,0,0,54790
unet__pretrained__resnet34__in_rover__seed1415__gpu_full__7ab4e19b__gitc188b320__codebebd8b2d__20260713T115339963731Z,msl_ncam_nlb_565812047edr_f0671016ncam00312m1,test_msl,soil,iou,1.0,188747,188747,188747
unet__pretrained__resnet34__in_rover__seed1415__gpu_full__7ab4e19b__gitc188b320__codebebd8b2d__20260713T115339963731Z,msl_ncam_nlb_565812047edr_f0671016ncam00312m1,test_msl,bedrock,iou,,0,0,188747
unet__pretrained__resnet34__in_rover__seed1415__gpu_full__7ab4e19b__gitc188b320__codebebd8b2d__20260713T115339963731Z,msl_ncam_nlb_565812047edr_f0671016ncam00312m1,test_msl,sand,iou,,0,0,188747
unet__pretrained__resnet34__in_rover__seed1415__gpu_full__7ab4e19b__gitc188b320__codebebd8b2d__20260713T115339963731Z,msl_ncam_nlb_565812047edr_f0671016ncam00312m1,test_msl,big_rock,iou,,0,0,188747
unet__pretrained__resnet34__in_rover__seed1415__gpu_full__7ab4e19b__gitc188b320__codebebd8b2d__20260713T115339963731Z,msl_ncam_nlb_565812047edr_f0671016ncam00312m1,test_msl,ALL,pixel_acc,1.0,0,0,188747
unet__pretrained__resnet34__in_rover__seed1415__gpu_full__7ab4e19b__gitc188b320__codebebd8b2d__20260713T115339963731Z,msl_ncam_nlb_565812047edr_f0671016ncam00312m1,test_msl,ALL,boundary_f1,1.0,0,0,188747
unet__pretrained__resnet34__in_rover__seed1415__gpu_full__7ab4e19b__gitc188b320__codebebd8b2d__20260713T115339963731Z,msl_ncam_nlb_570072657edr_f0672848ncam00385m1,test_msl,soil,iou,,0,0,0
unet__pretrained__resnet34__in_rover__seed1415__gpu_full__7ab4e19b__gitc188b320__codebebd8b2d__20260713T115339963731Z,msl_ncam_nlb_570072657edr_f0672848ncam00385m1,test_msl,bedrock,iou,,0,0,0
unet__pretrained__resnet34__in_rover__seed1415__gpu_full__7ab4e19b__gitc188b320__codebebd8b2d__20260713T115339963731Z,msl_ncam_nlb_570072657edr_f0672848ncam00385m1,test_msl,sand,iou,,0,0,0
unet__pretrained__resnet34__in_rover__seed1415__gpu_full__7ab4e19b__gitc188b320__codebebd8b2d__20260713T115339963731Z,msl_ncam_nlb_570072657edr_f0672848ncam00385m1,test_msl,big_rock,iou,,0,0,0
unet__pretrained__resnet34__in_rover__seed1415__gpu_full__7ab4e19b__gitc188b320__codebebd8b2d__20260713T115339963731Z,msl_ncam_nlb_570072657edr_f0672848ncam00385m1,test_msl,ALL,pixel_acc,,0,0,0
unet__pretrained__resnet34__in_rover__seed1415__gpu_full__7ab4e19b__gitc188b320__codebebd8b2d__20260713T115339963731Z,msl_ncam_nlb_570072657edr_f0672848ncam00385m1,test_msl,ALL,boundary_f1,,0,0,0
unet__pretrained__resnet34__in_rover__seed1415__gpu_full__7ab4e19b__gitc188b320__codebebd8b2d__20260713T115339963731Z,msl_ncam_nlb_570073321edr_f0672884ncam00375m1,test_msl,soil,iou,1.0,148527,148527,148527
unet__pretrained__resnet34__in_rover__seed1415__gpu_full__7ab4e19b__gitc188b320__codebebd8b2d__20260713T115339963731Z,msl_ncam_nlb_570073321edr_f0672884ncam00375m1,test_msl,bedrock,iou,,0,0,148527
unet__pretrained__resnet34__in_rover__seed1415__gpu_full__7ab4e19b__gitc188b320__codebebd8b2d__20260713T115339963731Z,msl_ncam_nlb_570073321edr_f0672884ncam00375m1,test_msl,sand,iou,,0,0,148527
unet__pretrained__resnet34__in_rover__seed1415__gpu_full__7ab4e19b__gitc188b320__codebebd8b2d__20260713T115339963731Z,msl_ncam_nlb_570073321edr_f0672884ncam00375m1,test_msl,big_rock,iou,,0,0,148527
unet__pretrained__resnet34__in_rover__seed1415__gpu_full__7ab4e19b__gitc188b320__codebebd8b2d__20260713T115339963731Z,msl_ncam_nlb_570073321edr_f0672884ncam00375m1,test_msl,ALL,pixel_acc,1.0,0,0,148527
unet__pretrained__resnet34__in_rover__seed1415__gpu_full__7ab4e19b__gitc188b320__codebebd8b2d__20260713T115339963731Z,msl_ncam_nlb_570073321edr_f0672884ncam00375m1,test_msl,ALL,boundary_f1,1.0,0,0,148527
unet__pretrained__resnet34__in_rover__seed1415__gpu_full__7ab4e19b__gitc188b320__codebebd8b2d__20260713T115339963731Z,msl_ncam_nlb_570073400edr_f0672884ncam00284m1,test_msl,soil,iou,1.0,141607,141607,141607
unet__pretrained__resnet34__in_rover__seed1415__gpu_full__7ab4e19b__gitc188b320__codebebd8b2d__20260713T115339963731Z,msl_ncam_nlb_570073400edr_f0672884ncam00284m1,test_msl,bedrock,iou,,0,0,141607
unet__pretrained__resnet34__in_rover__seed1415__gpu_full__7ab4e19b__gitc188b320__codebebd8b2d__20260713T115339963731Z,msl_ncam_nlb_570073400edr_f0672884ncam00284m1,test_msl,sand,iou,,0,0,141607
unet__pretrained__resnet34__in_rover__seed1415__gpu_full__7ab4e19b__gitc188b320__codebebd8b2d__20260713T115339963731Z,msl_ncam_nlb_570073400edr_f0672884ncam00284m1,test_msl,big_rock,iou,,0,0,141607
unet__pretrained__resnet34__in_rover__seed1415__gpu_full__7ab4e19b__gitc188b320__codebebd8b2d__20260713T115339963731Z,msl_ncam_nlb_570073400edr_f0672884ncam00284m1,test_msl,ALL,pixel_acc,1.0,0,0,141607
unet__pretrained__resnet34__in_rover__seed1415__gpu_full__7ab4e19b__gitc188b320__codebebd8b2d__20260713T115339963731Z,msl_ncam_nlb_570073400edr_f0672884ncam00284m1,test_msl,ALL,boundary_f1,1.0,0,0,141607
unet__pretrained__resnet34__in_rover__seed1415__gpu_full__7ab4e19b__gitc188b320__codebebd8b2d__20260713T115339963731Z,msl_ncam_nlb_570073456edr_f0672884ncam00284m1,test_msl,soil,iou,0.9919987216217142,86910,87611,96552
unet__pretrained__resnet34__in_rover__seed1415__gpu_full__7ab4e19b__gitc188b320__codebebd8b2d__20260713T115339963731Z,msl_ncam_nlb_570073456edr_f0672884ncam00284m1,test_msl,bedrock,iou,0.927297241236258,8941,9642,96552
unet__pretrained__resnet34__in_rover__seed1415__gpu_full__7ab4e19b__gitc188b320__codebebd8b2d__20260713T115339963731Z,msl_ncam_nlb_570073456edr_f0672884ncam00284m1,test_msl,sand,iou,,0,0,96552
unet__pretrained__resnet34__in_rover__seed1415__gpu_full__7ab4e19b__gitc188b320__codebebd8b2d__20260713T115339963731Z,msl_ncam_nlb_570073456edr_f0672884ncam00284m1,test_msl,big_rock,iou,,0,0,96552
unet__pretrained__resnet34__in_rover__seed1415__gpu_full__7ab4e19b__gitc188b320__codebebd8b2d__20260713T115339963731Z,msl_ncam_nlb_570073456edr_f0672884ncam00284m1,test_msl,ALL,pixel_acc,0.9927396636009611,0,0,96552
unet__pretrained__resnet34__in_rover__seed1415__gpu_full__7ab4e19b__gitc188b320__codebebd8b2d__20260713T115339963731Z,msl_ncam_nlb_570073456edr_f0672884ncam00284m1,test_msl,ALL,boundary_f1,0.9099078466998382,0,0,96552
unet__pretrained__resnet34__in_rover__seed1415__gpu_full__7ab4e19b__gitc188b320__codebebd8b2d__20260713T115339963731Z,msl_ncam_nlb_570074025edr_f0672884ncam00285m1,test_msl,soil,iou,0.5773173459244533,18585,32192,105810
unet__pretrained__resnet34__in_rover__seed1415__gpu_full__7ab4e19b__gitc188b320__codebebd8b2d__20260713T115339963731Z,msl_ncam_nlb_570074025edr_f0672884ncam00285m1,test_msl,bedrock,iou,0.8440011464603038,73618,87225,105810
unet__pretrained__resnet34__in_rover__seed1415__gpu_full__7ab4e19b__gitc188b320__codebebd8b2d__20260713T115339963731Z,msl_ncam_nlb_570074025edr_f0672884ncam00285m1,test_msl,sand,iou,,0,0,105810
unet__pretrained__resnet34__in_rover__seed1415__gpu_full__7ab4e19b__gitc188b320__codebebd8b2d__20260713T115339963731Z,msl_ncam_nlb_570074025edr_f0672884ncam00285m1,test_msl,big_rock,iou,,0,0,105810
unet__pretrained__resnet34__in_rover__seed1415__gpu_full__7ab4e19b__gitc188b320__codebebd8b2d__20260713T115339963731Z,msl_ncam_nlb_570074025edr_f0672884ncam00285m1,test_msl,ALL,pixel_acc,0.8714015688498251,0,0,105810
unet__pretrained__resnet34__in_rover__seed1415__gpu_full__7ab4e19b__gitc188b320__codebebd8b2d__20260713T115339963731Z,msl_ncam_nlb_570074025edr_f0672884ncam00285m1,test_msl,ALL,boundary_f1,0.6596325712065545,0,0,105810
unet__pretrained__resnet34__in_rover__seed1415__gpu_full__7ab4e19b__gitc188b320__codebebd8b2d__20260713T115339963731Z,msl_ncam_nlb_570074144edr_f0672884ncam00285m1,test_msl,soil,iou,0.0,0,703,14959
unet__pretrained__resnet34__in_rover__seed1415__gpu_full__7ab4e19b__gitc188b320__codebebd8b2d__20260713T115339963731Z,msl_ncam_nlb_570074144edr_f0672884ncam00285m1,test_msl,bedrock,iou,0.953004880005348,14256,14959,14959
unet__pretrained__resnet34__in_rover__seed1415__gpu_full__7ab4e19b__gitc188b320__codebebd8b2d__20260713T115339963731Z,msl_ncam_nlb_570074144edr_f0672884ncam00285m1,test_msl,sand,iou,,0,0,14959
unet__pretrained__resnet34__in_rover__seed1415__gpu_full__7ab4e19b__gitc188b320__codebebd8b2d__20260713T115339963731Z,msl_ncam_nlb_570074144edr_f0672884ncam00285m1,test_msl,big_rock,iou,,0,0,14959
unet__pretrained__resnet34__in_rover__seed1415__gpu_full__7ab4e19b__gitc188b320__codebebd8b2d__20260713T115339963731Z,msl_ncam_nlb_570074144edr_f0672884ncam00285m1,test_msl,ALL,pixel_acc,0.953004880005348,0,0,14959
unet__pretrained__resnet34__in_rover__seed1415__gpu_full__7ab4e19b__gitc188b320__codebebd8b2d__20260713T115339963731Z,msl_ncam_nlb_570074144edr_f0672884ncam00285m1,test_msl,ALL,boundary_f1,0.4716007724903494,0,0,14959
unet__pretrained__resnet34__in_rover__seed1415__gpu_full__7ab4e19b__gitc188b320__codebebd8b2d__20260713T115339963731Z,msl_ncam_nlb_570074258edr_f0672884ncam00285m1,test_msl,soil,iou,0.9869556046493555,88902,90077,90077
unet__pretrained__resnet34__in_rover__seed1415__gpu_full__7ab4e19b__gitc188b320__codebebd8b2d__20260713T115339963731Z,msl_ncam_nlb_570074258edr_f0672884ncam00285m1,test_msl,bedrock,iou,,0,0,90077
unet__pretrained__resnet34__in_rover__seed1415__gpu_full__7ab4e19b__gitc188b320__codebebd8b2d__20260713T115339963731Z,msl_ncam_nlb_570074258edr_f0672884ncam00285m1,test_msl,sand,iou,0.0,0,1175,90077
unet__pretrained__resnet34__in_rover__seed1415__gpu_full__7ab4e19b__gitc188b320__codebebd8b2d__20260713T115339963731Z,msl_ncam_nlb_570074258edr_f0672884ncam00285m1,test_msl,big_rock,iou,,0,0,90077
unet__pretrained__resnet34__in_rover__seed1415__gpu_full__7ab4e19b__gitc188b320__codebebd8b2d__20260713T115339963731Z,msl_ncam_nlb_570074258edr_f0672884ncam00285m1,test_msl,ALL,pixel_acc,0.9869556046493555,0,0,90077
unet__pretrained__resnet34__in_rover__seed1415__gpu_full__7ab4e19b__gitc188b320__codebebd8b2d__20260713T115339963731Z,msl_ncam_nlb_570074258edr_f0672884ncam00285m1,test_msl,ALL,boundary_f1,0.48039215686274506,0,0,90077
unet__pretrained__resnet34__in_rover__seed1415__gpu_full__7ab4e19b__gitc188b320__codebebd8b2d__20260713T115339963731Z,msl_ncam_nlb_574061102edr_f0681232ncam00320m1,test_msl,soil,iou,1.0,26670,26670,26670
unet__pretrained__resnet34__in_rover__seed1415__gpu_full__7ab4e19b__gitc188b320__codebebd8b2d__20260713T115339963731Z,msl_ncam_nlb_574061102edr_f0681232ncam00320m1,test_msl,bedrock,iou,,0,0,26670
unet__pretrained__resnet34__in_rover__seed1415__gpu_full__7ab4e19b__gitc188b320__codebebd8b2d__20260713T115339963731Z,msl_ncam_nlb_574061102edr_f0681232ncam00320m1,test_msl,sand,iou,,0,0,26670
unet__pretrained__resnet34__in_rover__seed1415__gpu_full__7ab4e19b__gitc188b320__codebebd8b2d__20260713T115339963731Z,msl_ncam_nlb_574061102edr_f0681232ncam00320m1,test_msl,big_rock,iou,,0,0,26670
unet__pretrained__resnet34__in_rover__seed1415__gpu_full__7ab4e19b__gitc188b320__codebebd8b2d__20260713T115339963731Z,msl_ncam_nlb_574061102edr_f0681232ncam00320m1,test_msl,ALL,pixel_acc,1.0,0,0,26670
unet__pretrained__resnet34__in_rover__seed1415__gpu_full__7ab4e19b__gitc188b320__codebebd8b2d__20260713T115339963731Z,msl_ncam_nlb_574061102edr_f0681232ncam00320m1,test_msl,ALL,boundary_f1,1.0,0,0,26670
unet__pretrained__resnet34__in_rover__seed1415__gpu_full__7ab4e19b__gitc188b320__codebebd8b2d__20260713T115339963731Z,msl_ncam_nlb_574071379edr_f0681556ncam00379m1,test_msl,soil,iou,0.8824261958830855,12046,13651,116837
unet__pretrained__resnet34__in_rover__seed1415__gpu_full__7ab4e19b__gitc188b320__codebebd8b2d__20260713T115339963731Z,msl_ncam_nlb_574071379edr_f0681556ncam00379m1,test_msl,bedrock,iou,0.9846837991812274,103186,104791,116837
unet__pretrained__resnet34__in_rover__seed1415__gpu_full__7ab4e19b__gitc188b320__codebebd8b2d__20260713T115339963731Z,msl_ncam_nlb_574071379edr_f0681556ncam00379m1,test_msl,sand,iou,,0,0,116837
unet__pretrained__resnet34__in_rover__seed1415__gpu_full__7ab4e19b__gitc188b320__codebebd8b2d__20260713T115339963731Z,msl_ncam_nlb_574071379edr_f0681556ncam00379m1,test_msl,big_rock,iou,,0,0,116837
unet__pretrained__resnet34__in_rover__seed1415__gpu_full__7ab4e19b__gitc188b320__codebebd8b2d__20260713T115339963731Z,msl_ncam_nlb_574071379edr_f0681556ncam00379m1,test_msl,ALL,pixel_acc,0.9862629132894546,0,0,116837
unet__pretrained__resnet34__in_rover__seed1415__gpu_full__7ab4e19b__gitc188b320__codebebd8b2d__20260713T115339963731Z,msl_ncam_nlb_574071379edr_f0681556ncam00379m1,test_msl,ALL,boundary_f1,0.839475323689274,0,0,116837
unet__pretrained__resnet34__in_rover__seed1415__gpu_full__7ab4e19b__gitc188b320__codebebd8b2d__20260713T115339963731Z,msl_ncam_nlb_574072088edr_f0681616ncam00257m1,test_msl,soil,iou,,0,0,0
unet__pretrained__resnet34__in_rover__seed1415__gpu_full__7ab4e19b__gitc188b320__codebebd8b2d__20260713T115339963731Z,msl_ncam_nlb_574072088edr_f0681616ncam00257m1,test_msl,bedrock,iou,,0,0,0
unet__pretrained__resnet34__in_rover__seed1415__gpu_full__7ab4e19b__gitc188b320__codebebd8b2d__20260713T115339963731Z,msl_ncam_nlb_574072088edr_f0681616ncam00257m1,test_msl,sand,iou,,0,0,0
unet__pretrained__resnet34__in_rover__seed1415__gpu_full__7ab4e19b__gitc188b320__codebebd8b2d__20260713T115339963731Z,msl_ncam_nlb_574072088edr_f0681616ncam00257m1,test_msl,big_rock,iou,,0,0,0
unet__pretrained__resnet34__in_rover__seed1415__gpu_full__7ab4e19b__gitc188b320__codebebd8b2d__20260713T115339963731Z,msl_ncam_nlb_574072088edr_f0681616ncam00257m1,test_msl,ALL,pixel_acc,,0,0,0
unet__pretrained__resnet34__in_rover__seed1415__gpu_full__7ab4e19b__gitc188b320__codebebd8b2d__20260713T115339963731Z,msl_ncam_nlb_574072088edr_f0681616ncam00257m1,test_msl,ALL,boundary_f1,,0,0,0
unet__pretrained__resnet34__in_rover__seed1415__gpu_full__7ab4e19b__gitc188b320__codebebd8b2d__20260713T115339963731Z,msl_ncam_nlb_574078028edr_f0681626ncam00256m1,test_msl,soil,iou,,0,0,0
unet__pretrained__resnet34__in_rover__seed1415__gpu_full__7ab4e19b__gitc188b320__codebebd8b2d__20260713T115339963731Z,msl_ncam_nlb_574078028edr_f0681626ncam00256m1,test_msl,bedrock,iou,,0,0,0
unet__pretrained__resnet34__in_rover__seed1415__gpu_full__7ab4e19b__gitc188b320__codebebd8b2d__20260713T115339963731Z,msl_ncam_nlb_574078028edr_f0681626ncam00256m1,test_msl,sand,iou,,0,0,0
unet__pretrained__resnet34__in_rover__seed1415__gpu_full__7ab4e19b__gitc188b320__codebebd8b2d__20260713T115339963731Z,msl_ncam_nlb_574078028edr_f0681626ncam00256m1,test_msl,big_rock,iou,,0,0,0
unet__pretrained__resnet34__in_rover__seed1415__gpu_full__7ab4e19b__gitc188b320__codebebd8b2d__20260713T115339963731Z,msl_ncam_nlb_574078028edr_f0681626ncam00256m1,test_msl,ALL,pixel_acc,,0,0,0
unet__pretrained__resnet34__in_rover__seed1415__gpu_full__7ab4e19b__gitc188b320__codebebd8b2d__20260713T115339963731Z,msl_ncam_nlb_574078028edr_f0681626ncam00256m1,test_msl,ALL,boundary_f1,,0,0,0
unet__pretrained__resnet34__in_rover__seed1415__gpu_full__7ab4e19b__gitc188b320__codebebd8b2d__20260713T115339963731Z,msl_ncam_nlb_574078090edr_f0681626ncam00256m1,test_msl,soil,iou,1.0,2992,2992,2992
unet__pretrained__resnet34__in_rover__seed1415__gpu_full__7ab4e19b__gitc188b320__codebebd8b2d__20260713T115339963731Z,msl_ncam_nlb_574078090edr_f0681626ncam00256m1,test_msl,bedrock,iou,,0,0,2992
unet__pretrained__resnet34__in_rover__seed1415__gpu_full__7ab4e19b__gitc188b320__codebebd8b2d__20260713T115339963731Z,msl_ncam_nlb_574078090edr_f0681626ncam00256m1,test_msl,sand,iou,,0,0,2992
unet__pretrained__resnet34__in_rover__seed1415__gpu_full__7ab4e19b__gitc188b320__codebebd8b2d__20260713T115339963731Z,msl_ncam_nlb_574078090edr_f0681626ncam00256m1,test_msl,big_rock,iou,,0,0,2992
unet__pretrained__resnet34__in_rover__seed1415__gpu_full__7ab4e19b__gitc188b320__codebebd8b2d__20260713T115339963731Z,msl_ncam_nlb_574078090edr_f0681626ncam00256m1,test_msl,ALL,pixel_acc,1.0,0,0,2992
unet__pretrained__resnet34__in_rover__seed1415__gpu_full__7ab4e19b__gitc188b320__codebebd8b2d__20260713T115339963731Z,msl_ncam_nlb_574078090edr_f0681626ncam00256m1,test_msl,ALL,boundary_f1,1.0,0,0,2992
unet__pretrained__resnet34__in_rover__seed1415__gpu_full__7ab4e19b__gitc188b320__codebebd8b2d__20260713T115339963731Z,msl_ncam_nlb_574078155edr_f0681626ncam00256m1,test_msl,soil,iou,1.0,31502,31502,31502
unet__pretrained__resnet34__in_rover__seed1415__gpu_full__7ab4e19b__gitc188b320__codebebd8b2d__20260713T115339963731Z,msl_ncam_nlb_574078155edr_f0681626ncam00256m1,test_msl,bedrock,iou,,0,0,31502
unet__pretrained__resnet34__in_rover__seed1415__gpu_full__7ab4e19b__gitc188b320__codebebd8b2d__20260713T115339963731Z,msl_ncam_nlb_574078155edr_f0681626ncam00256m1,test_msl,sand,iou,,0,0,31502
unet__pretrained__resnet34__in_rover__seed1415__gpu_full__7ab4e19b__gitc188b320__codebebd8b2d__20260713T115339963731Z,msl_ncam_nlb_574078155edr_f0681626ncam00256m1,test_msl,big_rock,iou,,0,0,31502
unet__pretrained__resnet34__in_rover__seed1415__gpu_full__7ab4e19b__gitc188b320__codebebd8b2d__20260713T115339963731Z,msl_ncam_nlb_574078155edr_f0681626ncam00256m1,test_msl,ALL,pixel_acc,1.0,0,0,31502
unet__pretrained__resnet34__in_rover__seed1415__gpu_full__7ab4e19b__gitc188b320__codebebd8b2d__20260713T115339963731Z,msl_ncam_nlb_574078155edr_f0681626ncam00256m1,test_msl,ALL,boundary_f1,1.0,0,0,31502
unet__pretrained__resnet34__in_rover__seed1415__gpu_full__7ab4e19b__gitc188b320__codebebd8b2d__20260713T115339963731Z,msl_ncam_nlb_574078440edr_f0681626ncam00354m1,test_msl,soil,iou,,0,0,160997
unet__pretrained__resnet34__in_rover__seed1415__gpu_full__7ab4e19b__gitc188b320__codebebd8b2d__20260713T115339963731Z,msl_ncam_nlb_574078440edr_f0681626ncam00354m1,test_msl,bedrock,iou,1.0,160997,160997,160997
unet__pretrained__resnet34__in_rover__seed1415__gpu_full__7ab4e19b__gitc188b320__codebebd8b2d__20260713T115339963731Z,msl_ncam_nlb_574078440edr_f0681626ncam00354m1,test_msl,sand,iou,,0,0,160997
unet__pretrained__resnet34__in_rover__seed1415__gpu_full__7ab4e19b__gitc188b320__codebebd8b2d__20260713T115339963731Z,msl_ncam_nlb_574078440edr_f0681626ncam00354m1,test_msl,big_rock,iou,,0,0,160997
unet__pretrained__resnet34__in_rover__seed1415__gpu_full__7ab4e19b__gitc188b320__codebebd8b2d__20260713T115339963731Z,msl_ncam_nlb_574078440edr_f0681626ncam00354m1,test_msl,ALL,pixel_acc,1.0,0,0,160997
unet__pretrained__resnet34__in_rover__seed1415__gpu_full__7ab4e19b__gitc188b320__codebebd8b2d__20260713T115339963731Z,msl_ncam_nlb_574078440edr_f0681626ncam00354m1,test_msl,ALL,boundary_f1,1.0,0,0,160997
unet__pretrained__resnet34__in_rover__seed1415__gpu_full__7ab4e19b__gitc188b320__codebebd8b2d__20260713T115339963731Z,msl_ncam_nlb_574078554edr_f0681626ncam00354m1,test_msl,soil,iou,0.9287517885699856,44138,47524,59636
unet__pretrained__resnet34__in_rover__seed1415__gpu_full__7ab4e19b__gitc188b320__codebebd8b2d__20260713T115339963731Z,msl_ncam_nlb_574078554edr_f0681626ncam00354m1,test_msl,bedrock,iou,0.7815201961543425,12112,15498,59636
unet__pretrained__resnet34__in_rover__seed1415__gpu_full__7ab4e19b__gitc188b320__codebebd8b2d__20260713T115339963731Z,msl_ncam_nlb_574078554edr_f0681626ncam00354m1,test_msl,sand,iou,,0,0,59636
unet__pretrained__resnet34__in_rover__seed1415__gpu_full__7ab4e19b__gitc188b320__codebebd8b2d__20260713T115339963731Z,msl_ncam_nlb_574078554edr_f0681626ncam00354m1,test_msl,big_rock,iou,,0,0,59636
unet__pretrained__resnet34__in_rover__seed1415__gpu_full__7ab4e19b__gitc188b320__codebebd8b2d__20260713T115339963731Z,msl_ncam_nlb_574078554edr_f0681626ncam00354m1,test_msl,ALL,pixel_acc,0.9432222147696022,0,0,59636
unet__pretrained__resnet34__in_rover__seed1415__gpu_full__7ab4e19b__gitc188b320__codebebd8b2d__20260713T115339963731Z,msl_ncam_nlb_574078554edr_f0681626ncam00354m1,test_msl,ALL,boundary_f1,0.8436866837935493,0,0,59636
unet__pretrained__resnet34__in_rover__seed1415__gpu_full__7ab4e19b__gitc188b320__codebebd8b2d__20260713T115339963731Z,msl_ncam_nlb_574078665edr_f0681626ncam07753m1,test_msl,soil,iou,0.9870626354926688,42344,42899,92466
unet__pretrained__resnet34__in_rover__seed1415__gpu_full__7ab4e19b__gitc188b320__codebebd8b2d__20260713T115339963731Z,msl_ncam_nlb_574078665edr_f0681626ncam07753m1,test_msl,bedrock,iou,0.9889270180758948,49567,50122,92466
unet__pretrained__resnet34__in_rover__seed1415__gpu_full__7ab4e19b__gitc188b320__codebebd8b2d__20260713T115339963731Z,msl_ncam_nlb_574078665edr_f0681626ncam07753m1,test_msl,sand,iou,,0,0,92466
unet__pretrained__resnet34__in_rover__seed1415__gpu_full__7ab4e19b__gitc188b320__codebebd8b2d__20260713T115339963731Z,msl_ncam_nlb_574078665edr_f0681626ncam07753m1,test_msl,big_rock,iou,,0,0,92466
unet__pretrained__resnet34__in_rover__seed1415__gpu_full__7ab4e19b__gitc188b320__codebebd8b2d__20260713T115339963731Z,msl_ncam_nlb_574078665edr_f0681626ncam07753m1,test_msl,ALL,pixel_acc,0.993997793783661,0,0,92466
unet__pretrained__resnet34__in_rover__seed1415__gpu_full__7ab4e19b__gitc188b320__codebebd8b2d__20260713T115339963731Z,msl_ncam_nlb_574078665edr_f0681626ncam07753m1,test_msl,ALL,boundary_f1,0.959749050823623,0,0,92466
unet__pretrained__resnet34__in_rover__seed1415__gpu_full__7ab4e19b__gitc188b320__codebebd8b2d__20260713T115339963731Z,msl_ncam_nlb_574078735edr_f0681626ncam07753m1,test_msl,soil,iou,0.0,0,2400,13225
unet__pretrained__resnet34__in_rover__seed1415__gpu_full__7ab4e19b__gitc188b320__codebebd8b2d__20260713T115339963731Z,msl_ncam_nlb_574078735edr_f0681626ncam07753m1,test_msl,bedrock,iou,0.8185255198487713,10825,13225,13225
unet__pretrained__resnet34__in_rover__seed1415__gpu_full__7ab4e19b__gitc188b320__codebebd8b2d__20260713T115339963731Z,msl_ncam_nlb_574078735edr_f0681626ncam07753m1,test_msl,sand,iou,,0,0,13225
unet__pretrained__resnet34__in_rover__seed1415__gpu_full__7ab4e19b__gitc188b320__codebebd8b2d__20260713T115339963731Z,msl_ncam_nlb_574078735edr_f0681626ncam07753m1,test_msl,big_rock,iou,,0,0,13225
unet__pretrained__resnet34__in_rover__seed1415__gpu_full__7ab4e19b__gitc188b320__codebebd8b2d__20260713T115339963731Z,msl_ncam_nlb_574078735edr_f0681626ncam07753m1,test_msl,ALL,pixel_acc,0.8185255198487713,0,0,13225
unet__pretrained__resnet34__in_rover__seed1415__gpu_full__7ab4e19b__gitc188b320__codebebd8b2d__20260713T115339963731Z,msl_ncam_nlb_574078735edr_f0681626ncam07753m1,test_msl,ALL,boundary_f1,0.3937994722955145,0,0,13225
unet__pretrained__resnet34__in_rover__seed1415__gpu_full__7ab4e19b__gitc188b320__codebebd8b2d__20260713T115339963731Z,msl_ncam_nlb_577080310edr_f0691768ncam00320m1,test_msl,soil,iou,1.0,118491,118491,118491
unet__pretrained__resnet34__in_rover__seed1415__gpu_full__7ab4e19b__gitc188b320__codebebd8b2d__20260713T115339963731Z,msl_ncam_nlb_577080310edr_f0691768ncam00320m1,test_msl,bedrock,iou,,0,0,118491
unet__pretrained__resnet34__in_rover__seed1415__gpu_full__7ab4e19b__gitc188b320__codebebd8b2d__20260713T115339963731Z,msl_ncam_nlb_577080310edr_f0691768ncam00320m1,test_msl,sand,iou,,0,0,118491
unet__pretrained__resnet34__in_rover__seed1415__gpu_full__7ab4e19b__gitc188b320__codebebd8b2d__20260713T115339963731Z,msl_ncam_nlb_577080310edr_f0691768ncam00320m1,test_msl,big_rock,iou,,0,0,118491
unet__pretrained__resnet34__in_rover__seed1415__gpu_full__7ab4e19b__gitc188b320__codebebd8b2d__20260713T115339963731Z,msl_ncam_nlb_577080310edr_f0691768ncam00320m1,test_msl,ALL,pixel_acc,1.0,0,0,118491
unet__pretrained__resnet34__in_rover__seed1415__gpu_full__7ab4e19b__gitc188b320__codebebd8b2d__20260713T115339963731Z,msl_ncam_nlb_577080310edr_f0691768ncam00320m1,test_msl,ALL,boundary_f1,1.0,0,0,118491
unet__pretrained__resnet34__in_rover__seed1415__gpu_full__7ab4e19b__gitc188b320__codebebd8b2d__20260713T115339963731Z,msl_ncam_nlb_577089308edr_f0691828ncam00379m1,test_msl,soil,iou,,0,0,0
unet__pretrained__resnet34__in_rover__seed1415__gpu_full__7ab4e19b__gitc188b320__codebebd8b2d__20260713T115339963731Z,msl_ncam_nlb_577089308edr_f0691828ncam00379m1,test_msl,bedrock,iou,,0,0,0
unet__pretrained__resnet34__in_rover__seed1415__gpu_full__7ab4e19b__gitc188b320__codebebd8b2d__20260713T115339963731Z,msl_ncam_nlb_577089308edr_f0691828ncam00379m1,test_msl,sand,iou,,0,0,0
unet__pretrained__resnet34__in_rover__seed1415__gpu_full__7ab4e19b__gitc188b320__codebebd8b2d__20260713T115339963731Z,msl_ncam_nlb_577089308edr_f0691828ncam00379m1,test_msl,big_rock,iou,,0,0,0
unet__pretrained__resnet34__in_rover__seed1415__gpu_full__7ab4e19b__gitc188b320__codebebd8b2d__20260713T115339963731Z,msl_ncam_nlb_577089308edr_f0691828ncam00379m1,test_msl,ALL,pixel_acc,,0,0,0
unet__pretrained__resnet34__in_rover__seed1415__gpu_full__7ab4e19b__gitc188b320__codebebd8b2d__20260713T115339963731Z,msl_ncam_nlb_577089308edr_f0691828ncam00379m1,test_msl,ALL,boundary_f1,,0,0,0
unet__pretrained__resnet34__in_rover__seed1415__gpu_full__7ab4e19b__gitc188b320__codebebd8b2d__20260713T115339963731Z,msl_ncam_nlb_577089970edr_f0691858ncam00286m1,test_msl,soil,iou,0.9844328129230214,21817,22162,99131
unet__pretrained__resnet34__in_rover__seed1415__gpu_full__7ab4e19b__gitc188b320__codebebd8b2d__20260713T115339963731Z,msl_ncam_nlb_577089970edr_f0691858ncam00286m1,test_msl,bedrock,iou,0.9940175069629966,69951,70372,99131
unet__pretrained__resnet34__in_rover__seed1415__gpu_full__7ab4e19b__gitc188b320__codebebd8b2d__20260713T115339963731Z,msl_ncam_nlb_577089970edr_f0691858ncam00286m1,test_msl,sand,iou,0.9891707039042462,6942,7018,99131
unet__pretrained__resnet34__in_rover__seed1415__gpu_full__7ab4e19b__gitc188b320__codebebd8b2d__20260713T115339963731Z,msl_ncam_nlb_577089970edr_f0691858ncam00286m1,test_msl,big_rock,iou,,0,0,99131
unet__pretrained__resnet34__in_rover__seed1415__gpu_full__7ab4e19b__gitc188b320__codebebd8b2d__20260713T115339963731Z,msl_ncam_nlb_577089970edr_f0691858ncam00286m1,test_msl,ALL,pixel_acc,0.9957530943902513,0,0,99131
unet__pretrained__resnet34__in_rover__seed1415__gpu_full__7ab4e19b__gitc188b320__codebebd8b2d__20260713T115339963731Z,msl_ncam_nlb_577089970edr_f0691858ncam00286m1,test_msl,ALL,boundary_f1,0.9459390960999962,0,0,99131
unet__pretrained__resnet34__in_rover__seed1415__gpu_full__7ab4e19b__gitc188b320__codebebd8b2d__20260713T115339963731Z,msl_ncam_nlb_577090033edr_f0691858ncam00286m1,test_msl,soil,iou,0.0,0,1144,49689
unet__pretrained__resnet34__in_rover__seed1415__gpu_full__7ab4e19b__gitc188b320__codebebd8b2d__20260713T115339963731Z,msl_ncam_nlb_577090033edr_f0691858ncam00286m1,test_msl,bedrock,iou,0.9769767956690616,48545,49689,49689
unet__pretrained__resnet34__in_rover__seed1415__gpu_full__7ab4e19b__gitc188b320__codebebd8b2d__20260713T115339963731Z,msl_ncam_nlb_577090033edr_f0691858ncam00286m1,test_msl,sand,iou,,0,0,49689
unet__pretrained__resnet34__in_rover__seed1415__gpu_full__7ab4e19b__gitc188b320__codebebd8b2d__20260713T115339963731Z,msl_ncam_nlb_577090033edr_f0691858ncam00286m1,test_msl,big_rock,iou,,0,0,49689
unet__pretrained__resnet34__in_rover__seed1415__gpu_full__7ab4e19b__gitc188b320__codebebd8b2d__20260713T115339963731Z,msl_ncam_nlb_577090033edr_f0691858ncam00286m1,test_msl,ALL,pixel_acc,0.9769767956690616,0,0,49689
unet__pretrained__resnet34__in_rover__seed1415__gpu_full__7ab4e19b__gitc188b320__codebebd8b2d__20260713T115339963731Z,msl_ncam_nlb_577090033edr_f0691858ncam00286m1,test_msl,ALL,boundary_f1,0.4866857228825034,0,0,49689
unet__pretrained__resnet34__in_rover__seed1415__gpu_full__7ab4e19b__gitc188b320__codebebd8b2d__20260713T115339963731Z,msl_ncam_nlb_577090148edr_f0691858ncam00286m1,test_msl,soil,iou,0.03264,204,6250,7622
unet__pretrained__resnet34__in_rover__seed1415__gpu_full__7ab4e19b__gitc188b320__codebebd8b2d__20260713T115339963731Z,msl_ncam_nlb_577090148edr_f0691858ncam00286m1,test_msl,bedrock,iou,0.19321222363047458,1372,7101,7622
unet__pretrained__resnet34__in_rover__seed1415__gpu_full__7ab4e19b__gitc188b320__codebebd8b2d__20260713T115339963731Z,msl_ncam_nlb_577090148edr_f0691858ncam00286m1,test_msl,sand,iou,0.0,0,317,7622
unet__pretrained__resnet34__in_rover__seed1415__gpu_full__7ab4e19b__gitc188b320__codebebd8b2d__20260713T115339963731Z,msl_ncam_nlb_577090148edr_f0691858ncam00286m1,test_msl,big_rock,iou,,0,0,7622
unet__pretrained__resnet34__in_rover__seed1415__gpu_full__7ab4e19b__gitc188b320__codebebd8b2d__20260713T115339963731Z,msl_ncam_nlb_577090148edr_f0691858ncam00286m1,test_msl,ALL,pixel_acc,0.2067698766727893,0,0,7622
unet__pretrained__resnet34__in_rover__seed1415__gpu_full__7ab4e19b__gitc188b320__codebebd8b2d__20260713T115339963731Z,msl_ncam_nlb_577090148edr_f0691858ncam00286m1,test_msl,ALL,boundary_f1,0.19804385081169032,0,0,7622
unet__pretrained__resnet34__in_rover__seed1415__gpu_full__7ab4e19b__gitc188b320__codebebd8b2d__20260713T115339963731Z,msl_ncam_nlb_577090437edr_f0691858ncam00312m1,test_msl,soil,iou,,0,0,91551
unet__pretrained__resnet34__in_rover__seed1415__gpu_full__7ab4e19b__gitc188b320__codebebd8b2d__20260713T115339963731Z,msl_ncam_nlb_577090437edr_f0691858ncam00312m1,test_msl,bedrock,iou,0.0,0,1981,91551
unet__pretrained__resnet34__in_rover__seed1415__gpu_full__7ab4e19b__gitc188b320__codebebd8b2d__20260713T115339963731Z,msl_ncam_nlb_577090437edr_f0691858ncam00312m1,test_msl,sand,iou,0.9783617874190342,89570,91551,91551
unet__pretrained__resnet34__in_rover__seed1415__gpu_full__7ab4e19b__gitc188b320__codebebd8b2d__20260713T115339963731Z,msl_ncam_nlb_577090437edr_f0691858ncam00312m1,test_msl,big_rock,iou,,0,0,91551
unet__pretrained__resnet34__in_rover__seed1415__gpu_full__7ab4e19b__gitc188b320__codebebd8b2d__20260713T115339963731Z,msl_ncam_nlb_577090437edr_f0691858ncam00312m1,test_msl,ALL,pixel_acc,0.9783617874190342,0,0,91551
unet__pretrained__resnet34__in_rover__seed1415__gpu_full__7ab4e19b__gitc188b320__codebebd8b2d__20260713T115339963731Z,msl_ncam_nlb_577090437edr_f0691858ncam00312m1,test_msl,ALL,boundary_f1,0.47789037309995397,0,0,91551
unet__pretrained__resnet34__in_rover__seed1415__gpu_full__7ab4e19b__gitc188b320__codebebd8b2d__20260713T115339963731Z,msl_ncam_nlb_577090635edr_f0691858ncam00287m1,test_msl,soil,iou,,0,0,29086
unet__pretrained__resnet34__in_rover__seed1415__gpu_full__7ab4e19b__gitc188b320__codebebd8b2d__20260713T115339963731Z,msl_ncam_nlb_577090635edr_f0691858ncam00287m1,test_msl,bedrock,iou,0.2702409964798267,2994,11079,29086
unet__pretrained__resnet34__in_rover__seed1415__gpu_full__7ab4e19b__gitc188b320__codebebd8b2d__20260713T115339963731Z,msl_ncam_nlb_577090635edr_f0691858ncam00287m1,test_msl,sand,iou,0.6901349072512648,18007,26092,29086
unet__pretrained__resnet34__in_rover__seed1415__gpu_full__7ab4e19b__gitc188b320__codebebd8b2d__20260713T115339963731Z,msl_ncam_nlb_577090635edr_f0691858ncam00287m1,test_msl,big_rock,iou,,0,0,29086
unet__pretrained__resnet34__in_rover__seed1415__gpu_full__7ab4e19b__gitc188b320__codebebd8b2d__20260713T115339963731Z,msl_ncam_nlb_577090635edr_f0691858ncam00287m1,test_msl,ALL,pixel_acc,0.7220312177679984,0,0,29086
unet__pretrained__resnet34__in_rover__seed1415__gpu_full__7ab4e19b__gitc188b320__codebebd8b2d__20260713T115339963731Z,msl_ncam_nlb_577090635edr_f0691858ncam00287m1,test_msl,ALL,boundary_f1,0.6203976056592675,0,0,29086
unet__pretrained__resnet34__in_rover__seed1415__gpu_full__7ab4e19b__gitc188b320__codebebd8b2d__20260713T115339963731Z,msl_ncam_nlb_577090699edr_f0691858ncam00287m1,test_msl,soil,iou,,0,0,84812
unet__pretrained__resnet34__in_rover__seed1415__gpu_full__7ab4e19b__gitc188b320__codebebd8b2d__20260713T115339963731Z,msl_ncam_nlb_577090699edr_f0691858ncam00287m1,test_msl,bedrock,iou,1.0,3640,3640,84812
unet__pretrained__resnet34__in_rover__seed1415__gpu_full__7ab4e19b__gitc188b320__codebebd8b2d__20260713T115339963731Z,msl_ncam_nlb_577090699edr_f0691858ncam00287m1,test_msl,sand,iou,1.0,81172,81172,84812
unet__pretrained__resnet34__in_rover__seed1415__gpu_full__7ab4e19b__gitc188b320__codebebd8b2d__20260713T115339963731Z,msl_ncam_nlb_577090699edr_f0691858ncam00287m1,test_msl,big_rock,iou,,0,0,84812
unet__pretrained__resnet34__in_rover__seed1415__gpu_full__7ab4e19b__gitc188b320__codebebd8b2d__20260713T115339963731Z,msl_ncam_nlb_577090699edr_f0691858ncam00287m1,test_msl,ALL,pixel_acc,1.0,0,0,84812
unet__pretrained__resnet34__in_rover__seed1415__gpu_full__7ab4e19b__gitc188b320__codebebd8b2d__20260713T115339963731Z,msl_ncam_nlb_577090699edr_f0691858ncam00287m1,test_msl,ALL,boundary_f1,1.0,0,0,84812
unet__pretrained__resnet34__in_rover__seed1415__gpu_full__7ab4e19b__gitc188b320__codebebd8b2d__20260713T115339963731Z,msl_ncam_nlb_577090763edr_f0691858ncam00287m1,test_msl,soil,iou,0.9996498139636681,22837,22845,81680
unet__pretrained__resnet34__in_rover__seed1415__gpu_full__7ab4e19b__gitc188b320__codebebd8b2d__20260713T115339963731Z,msl_ncam_nlb_577090763edr_f0691858ncam00287m1,test_msl,bedrock,iou,0.9986860546601262,22802,22832,81680
unet__pretrained__resnet34__in_rover__seed1415__gpu_full__7ab4e19b__gitc188b320__codebebd8b2d__20260713T115339963731Z,msl_ncam_nlb_577090763edr_f0691858ncam00287m1,test_msl,sand,iou,0.9993894485610413,36011,36033,81680
unet__pretrained__resnet34__in_rover__seed1415__gpu_full__7ab4e19b__gitc188b320__codebebd8b2d__20260713T115339963731Z,msl_ncam_nlb_577090763edr_f0691858ncam00287m1,test_msl,big_rock,iou,,0,0,81680
unet__pretrained__resnet34__in_rover__seed1415__gpu_full__7ab4e19b__gitc188b320__codebebd8b2d__20260713T115339963731Z,msl_ncam_nlb_577090763edr_f0691858ncam00287m1,test_msl,ALL,pixel_acc,0.9996327130264446,0,0,81680
unet__pretrained__resnet34__in_rover__seed1415__gpu_full__7ab4e19b__gitc188b320__codebebd8b2d__20260713T115339963731Z,msl_ncam_nlb_577090763edr_f0691858ncam00287m1,test_msl,ALL,boundary_f1,0.9971041889216482,0,0,81680
unet__pretrained__resnet34__in_rover__seed1415__gpu_full__7ab4e19b__gitc188b320__codebebd8b2d__20260713T115339963731Z,msl_ncam_nlb_577095146edr_f0691858ncam00376m1,test_msl,soil,iou,,0,0,131880
unet__pretrained__resnet34__in_rover__seed1415__gpu_full__7ab4e19b__gitc188b320__codebebd8b2d__20260713T115339963731Z,msl_ncam_nlb_577095146edr_f0691858ncam00376m1,test_msl,bedrock,iou,,0,0,131880
unet__pretrained__resnet34__in_rover__seed1415__gpu_full__7ab4e19b__gitc188b320__codebebd8b2d__20260713T115339963731Z,msl_ncam_nlb_577095146edr_f0691858ncam00376m1,test_msl,sand,iou,1.0,131880,131880,131880
unet__pretrained__resnet34__in_rover__seed1415__gpu_full__7ab4e19b__gitc188b320__codebebd8b2d__20260713T115339963731Z,msl_ncam_nlb_577095146edr_f0691858ncam00376m1,test_msl,big_rock,iou,,0,0,131880
unet__pretrained__resnet34__in_rover__seed1415__gpu_full__7ab4e19b__gitc188b320__codebebd8b2d__20260713T115339963731Z,msl_ncam_nlb_577095146edr_f0691858ncam00376m1,test_msl,ALL,pixel_acc,1.0,0,0,131880
unet__pretrained__resnet34__in_rover__seed1415__gpu_full__7ab4e19b__gitc188b320__codebebd8b2d__20260713T115339963731Z,msl_ncam_nlb_577095146edr_f0691858ncam00376m1,test_msl,ALL,boundary_f1,1.0,0,0,131880
unet__pretrained__resnet34__in_rover__seed1415__gpu_full__7ab4e19b__gitc188b320__codebebd8b2d__20260713T115339963731Z,msl_ncam_nlb_613564331edr_f0760274ncam00320m1,test_msl,soil,iou,1.0,100868,100868,100868
unet__pretrained__resnet34__in_rover__seed1415__gpu_full__7ab4e19b__gitc188b320__codebebd8b2d__20260713T115339963731Z,msl_ncam_nlb_613564331edr_f0760274ncam00320m1,test_msl,bedrock,iou,,0,0,100868
unet__pretrained__resnet34__in_rover__seed1415__gpu_full__7ab4e19b__gitc188b320__codebebd8b2d__20260713T115339963731Z,msl_ncam_nlb_613564331edr_f0760274ncam00320m1,test_msl,sand,iou,,0,0,100868
unet__pretrained__resnet34__in_rover__seed1415__gpu_full__7ab4e19b__gitc188b320__codebebd8b2d__20260713T115339963731Z,msl_ncam_nlb_613564331edr_f0760274ncam00320m1,test_msl,big_rock,iou,,0,0,100868
unet__pretrained__resnet34__in_rover__seed1415__gpu_full__7ab4e19b__gitc188b320__codebebd8b2d__20260713T115339963731Z,msl_ncam_nlb_613564331edr_f0760274ncam00320m1,test_msl,ALL,pixel_acc,1.0,0,0,100868
unet__pretrained__resnet34__in_rover__seed1415__gpu_full__7ab4e19b__gitc188b320__codebebd8b2d__20260713T115339963731Z,msl_ncam_nlb_613564331edr_f0760274ncam00320m1,test_msl,ALL,boundary_f1,1.0,0,0,100868
unet__pretrained__resnet34__in_rover__seed1415__gpu_full__7ab4e19b__gitc188b320__codebebd8b2d__20260713T115339963731Z,msl_ncam_nlb_613582793edr_f0760556ncam00385m1,test_msl,soil,iou,1.0,229198,229198,229198
unet__pretrained__resnet34__in_rover__seed1415__gpu_full__7ab4e19b__gitc188b320__codebebd8b2d__20260713T115339963731Z,msl_ncam_nlb_613582793edr_f0760556ncam00385m1,test_msl,bedrock,iou,,0,0,229198
unet__pretrained__resnet34__in_rover__seed1415__gpu_full__7ab4e19b__gitc188b320__codebebd8b2d__20260713T115339963731Z,msl_ncam_nlb_613582793edr_f0760556ncam00385m1,test_msl,sand,iou,,0,0,229198
unet__pretrained__resnet34__in_rover__seed1415__gpu_full__7ab4e19b__gitc188b320__codebebd8b2d__20260713T115339963731Z,msl_ncam_nlb_613582793edr_f0760556ncam00385m1,test_msl,big_rock,iou,,0,0,229198
unet__pretrained__resnet34__in_rover__seed1415__gpu_full__7ab4e19b__gitc188b320__codebebd8b2d__20260713T115339963731Z,msl_ncam_nlb_613582793edr_f0760556ncam00385m1,test_msl,ALL,pixel_acc,1.0,0,0,229198
unet__pretrained__resnet34__in_rover__seed1415__gpu_full__7ab4e19b__gitc188b320__codebebd8b2d__20260713T115339963731Z,msl_ncam_nlb_613582793edr_f0760556ncam00385m1,test_msl,ALL,boundary_f1,1.0,0,0,229198
unet__pretrained__resnet34__in_rover__seed1415__gpu_full__7ab4e19b__gitc188b320__codebebd8b2d__20260713T115339963731Z,msl_ncam_nlb_613583192edr_f0760568ncam00375m1,test_msl,soil,iou,1.0,148104,148104,148104
unet__pretrained__resnet34__in_rover__seed1415__gpu_full__7ab4e19b__gitc188b320__codebebd8b2d__20260713T115339963731Z,msl_ncam_nlb_613583192edr_f0760568ncam00375m1,test_msl,bedrock,iou,,0,0,148104
unet__pretrained__resnet34__in_rover__seed1415__gpu_full__7ab4e19b__gitc188b320__codebebd8b2d__20260713T115339963731Z,msl_ncam_nlb_613583192edr_f0760568ncam00375m1,test_msl,sand,iou,,0,0,148104
unet__pretrained__resnet34__in_rover__seed1415__gpu_full__7ab4e19b__gitc188b320__codebebd8b2d__20260713T115339963731Z,msl_ncam_nlb_613583192edr_f0760568ncam00375m1,test_msl,big_rock,iou,,0,0,148104
unet__pretrained__resnet34__in_rover__seed1415__gpu_full__7ab4e19b__gitc188b320__codebebd8b2d__20260713T115339963731Z,msl_ncam_nlb_613583192edr_f0760568ncam00375m1,test_msl,ALL,pixel_acc,1.0,0,0,148104
unet__pretrained__resnet34__in_rover__seed1415__gpu_full__7ab4e19b__gitc188b320__codebebd8b2d__20260713T115339963731Z,msl_ncam_nlb_613583192edr_f0760568ncam00375m1,test_msl,ALL,boundary_f1,1.0,0,0,148104
unet__pretrained__resnet34__in_rover__seed1415__gpu_full__7ab4e19b__gitc188b320__codebebd8b2d__20260713T115339963731Z,msl_ncam_nlb_613583340edr_f0760568ncam00280m1,test_msl,soil,iou,1.0,240254,240254,240254
unet__pretrained__resnet34__in_rover__seed1415__gpu_full__7ab4e19b__gitc188b320__codebebd8b2d__20260713T115339963731Z,msl_ncam_nlb_613583340edr_f0760568ncam00280m1,test_msl,bedrock,iou,,0,0,240254
unet__pretrained__resnet34__in_rover__seed1415__gpu_full__7ab4e19b__gitc188b320__codebebd8b2d__20260713T115339963731Z,msl_ncam_nlb_613583340edr_f0760568ncam00280m1,test_msl,sand,iou,,0,0,240254
unet__pretrained__resnet34__in_rover__seed1415__gpu_full__7ab4e19b__gitc188b320__codebebd8b2d__20260713T115339963731Z,msl_ncam_nlb_613583340edr_f0760568ncam00280m1,test_msl,big_rock,iou,,0,0,240254
unet__pretrained__resnet34__in_rover__seed1415__gpu_full__7ab4e19b__gitc188b320__codebebd8b2d__20260713T115339963731Z,msl_ncam_nlb_613583340edr_f0760568ncam00280m1,test_msl,ALL,pixel_acc,1.0,0,0,240254
unet__pretrained__resnet34__in_rover__seed1415__gpu_full__7ab4e19b__gitc188b320__codebebd8b2d__20260713T115339963731Z,msl_ncam_nlb_613583340edr_f0760568ncam00280m1,test_msl,ALL,boundary_f1,1.0,0,0,240254
unet__pretrained__resnet34__in_rover__seed1415__gpu_full__7ab4e19b__gitc188b320__codebebd8b2d__20260713T115339963731Z,msl_ncam_nlb_613583373edr_f0760568ncam00280m1,test_msl,soil,iou,1.0,197718,197718,197718
unet__pretrained__resnet34__in_rover__seed1415__gpu_full__7ab4e19b__gitc188b320__codebebd8b2d__20260713T115339963731Z,msl_ncam_nlb_613583373edr_f0760568ncam00280m1,test_msl,bedrock,iou,,0,0,197718
unet__pretrained__resnet34__in_rover__seed1415__gpu_full__7ab4e19b__gitc188b320__codebebd8b2d__20260713T115339963731Z,msl_ncam_nlb_613583373edr_f0760568ncam00280m1,test_msl,sand,iou,,0,0,197718
unet__pretrained__resnet34__in_rover__seed1415__gpu_full__7ab4e19b__gitc188b320__codebebd8b2d__20260713T115339963731Z,msl_ncam_nlb_613583373edr_f0760568ncam00280m1,test_msl,big_rock,iou,,0,0,197718
unet__pretrained__resnet34__in_rover__seed1415__gpu_full__7ab4e19b__gitc188b320__codebebd8b2d__20260713T115339963731Z,msl_ncam_nlb_613583373edr_f0760568ncam00280m1,test_msl,ALL,pixel_acc,1.0,0,0,197718
unet__pretrained__resnet34__in_rover__seed1415__gpu_full__7ab4e19b__gitc188b320__codebebd8b2d__20260713T115339963731Z,msl_ncam_nlb_613583373edr_f0760568ncam00280m1,test_msl,ALL,boundary_f1,1.0,0,0,197718
unet__pretrained__resnet34__in_rover__seed1415__gpu_full__7ab4e19b__gitc188b320__codebebd8b2d__20260713T115339963731Z,msl_ncam_nlb_613583763edr_f0760568ncam00354m1,test_msl,soil,iou,1.0,224188,224188,224188
unet__pretrained__resnet34__in_rover__seed1415__gpu_full__7ab4e19b__gitc188b320__codebebd8b2d__20260713T115339963731Z,msl_ncam_nlb_613583763edr_f0760568ncam00354m1,test_msl,bedrock,iou,,0,0,224188
unet__pretrained__resnet34__in_rover__seed1415__gpu_full__7ab4e19b__gitc188b320__codebebd8b2d__20260713T115339963731Z,msl_ncam_nlb_613583763edr_f0760568ncam00354m1,test_msl,sand,iou,,0,0,224188
unet__pretrained__resnet34__in_rover__seed1415__gpu_full__7ab4e19b__gitc188b320__codebebd8b2d__20260713T115339963731Z,msl_ncam_nlb_613583763edr_f0760568ncam00354m1,test_msl,big_rock,iou,,0,0,224188
unet__pretrained__resnet34__in_rover__seed1415__gpu_full__7ab4e19b__gitc188b320__codebebd8b2d__20260713T115339963731Z,msl_ncam_nlb_613583763edr_f0760568ncam00354m1,test_msl,ALL,pixel_acc,1.0,0,0,224188
unet__pretrained__resnet34__in_rover__seed1415__gpu_full__7ab4e19b__gitc188b320__codebebd8b2d__20260713T115339963731Z,msl_ncam_nlb_613583763edr_f0760568ncam00354m1,test_msl,ALL,boundary_f1,1.0,0,0,224188
unet__pretrained__resnet34__in_rover__seed1415__gpu_full__7ab4e19b__gitc188b320__codebebd8b2d__20260713T115339963731Z,msl_ncam_nlb_613583877edr_f0760568ncam00354m1,test_msl,soil,iou,1.0,156354,156354,156354
unet__pretrained__resnet34__in_rover__seed1415__gpu_full__7ab4e19b__gitc188b320__codebebd8b2d__20260713T115339963731Z,msl_ncam_nlb_613583877edr_f0760568ncam00354m1,test_msl,bedrock,iou,,0,0,156354
unet__pretrained__resnet34__in_rover__seed1415__gpu_full__7ab4e19b__gitc188b320__codebebd8b2d__20260713T115339963731Z,msl_ncam_nlb_613583877edr_f0760568ncam00354m1,test_msl,sand,iou,,0,0,156354
unet__pretrained__resnet34__in_rover__seed1415__gpu_full__7ab4e19b__gitc188b320__codebebd8b2d__20260713T115339963731Z,msl_ncam_nlb_613583877edr_f0760568ncam00354m1,test_msl,big_rock,iou,,0,0,156354
unet__pretrained__resnet34__in_rover__seed1415__gpu_full__7ab4e19b__gitc188b320__codebebd8b2d__20260713T115339963731Z,msl_ncam_nlb_613583877edr_f0760568ncam00354m1,test_msl,ALL,pixel_acc,1.0,0,0,156354
unet__pretrained__resnet34__in_rover__seed1415__gpu_full__7ab4e19b__gitc188b320__codebebd8b2d__20260713T115339963731Z,msl_ncam_nlb_613583877edr_f0760568ncam00354m1,test_msl,ALL,boundary_f1,1.0,0,0,156354
unet__pretrained__resnet34__in_rover__seed1415__gpu_full__7ab4e19b__gitc188b320__codebebd8b2d__20260713T115339963731Z,msl_ncam_nlb_613584057edr_f0760568ncam00281m1,test_msl,soil,iou,1.0,150118,150118,150118
unet__pretrained__resnet34__in_rover__seed1415__gpu_full__7ab4e19b__gitc188b320__codebebd8b2d__20260713T115339963731Z,msl_ncam_nlb_613584057edr_f0760568ncam00281m1,test_msl,bedrock,iou,,0,0,150118
unet__pretrained__resnet34__in_rover__seed1415__gpu_full__7ab4e19b__gitc188b320__codebebd8b2d__20260713T115339963731Z,msl_ncam_nlb_613584057edr_f0760568ncam00281m1,test_msl,sand,iou,,0,0,150118
unet__pretrained__resnet34__in_rover__seed1415__gpu_full__7ab4e19b__gitc188b320__codebebd8b2d__20260713T115339963731Z,msl_ncam_nlb_613584057edr_f0760568ncam00281m1,test_msl,big_rock,iou,,0,0,150118
unet__pretrained__resnet34__in_rover__seed1415__gpu_full__7ab4e19b__gitc188b320__codebebd8b2d__20260713T115339963731Z,msl_ncam_nlb_613584057edr_f0760568ncam00281m1,test_msl,ALL,pixel_acc,1.0,0,0,150118
unet__pretrained__resnet34__in_rover__seed1415__gpu_full__7ab4e19b__gitc188b320__codebebd8b2d__20260713T115339963731Z,msl_ncam_nlb_613584057edr_f0760568ncam00281m1,test_msl,ALL,boundary_f1,1.0,0,0,150118
unet__pretrained__resnet34__in_rover__seed1415__gpu_full__7ab4e19b__gitc188b320__codebebd8b2d__20260713T115339963731Z,msl_ncam_nlb_613584326edr_f0760568ncam00281m1,test_msl,soil,iou,0.9785473803318524,105506,107819,107819
unet__pretrained__resnet34__in_rover__seed1415__gpu_full__7ab4e19b__gitc188b320__codebebd8b2d__20260713T115339963731Z,msl_ncam_nlb_613584326edr_f0760568ncam00281m1,test_msl,bedrock,iou,,0,0,107819
unet__pretrained__resnet34__in_rover__seed1415__gpu_full__7ab4e19b__gitc188b320__codebebd8b2d__20260713T115339963731Z,msl_ncam_nlb_613584326edr_f0760568ncam00281m1,test_msl,sand,iou,0.0,0,2313,107819
unet__pretrained__resnet34__in_rover__seed1415__gpu_full__7ab4e19b__gitc188b320__codebebd8b2d__20260713T115339963731Z,msl_ncam_nlb_613584326edr_f0760568ncam00281m1,test_msl,big_rock,iou,,0,0,107819
unet__pretrained__resnet34__in_rover__seed1415__gpu_full__7ab4e19b__gitc188b320__codebebd8b2d__20260713T115339963731Z,msl_ncam_nlb_613584326edr_f0760568ncam00281m1,test_msl,ALL,pixel_acc,0.9785473803318524,0,0,107819
unet__pretrained__resnet34__in_rover__seed1415__gpu_full__7ab4e19b__gitc188b320__codebebd8b2d__20260713T115339963731Z,msl_ncam_nlb_613584326edr_f0760568ncam00281m1,test_msl,ALL,boundary_f1,0.4634809784705611,0,0,107819
