run_id,name,split,scope,metric,value,inter,union,n_valid
segformer__pretrained__mit-b0__in_rover__seed1414__gpu_full__22d89713__gitc188b320__codebebd8b2d__20260711T152946214899Z,msl_ncam_nla_409036068edr_f0051606ncam00348m1,test_msl,soil,iou,,0,0,0
segformer__pretrained__mit-b0__in_rover__seed1414__gpu_full__22d89713__gitc188b320__codebebd8b2d__20260711T152946214899Z,msl_ncam_nla_409036068edr_f0051606ncam00348m1,test_msl,bedrock,iou,,0,0,0
segformer__pretrained__mit-b0__in_rover__seed1414__gpu_full__22d89713__gitc188b320__codebebd8b2d__20260711T152946214899Z,msl_ncam_nla_409036068edr_f0051606ncam00348m1,test_msl,sand,iou,,0,0,0
segformer__pretrained__mit-b0__in_rover__seed1414__gpu_full__22d89713__gitc188b320__codebebd8b2d__20260711T152946214899Z,msl_ncam_nla_409036068edr_f0051606ncam00348m1,test_msl,big_rock,iou,,0,0,0
segformer__pretrained__mit-b0__in_rover__seed1414__gpu_full__22d89713__gitc188b320__codebebd8b2d__20260711T152946214899Z,msl_ncam_nla_409036068edr_f0051606ncam00348m1,test_msl,ALL,pixel_acc,,0,0,0
segformer__pretrained__mit-b0__in_rover__seed1414__gpu_full__22d89713__gitc188b320__codebebd8b2d__20260711T152946214899Z,msl_ncam_nla_409036068edr_f0051606ncam00348m1,test_msl,ALL,boundary_f1,,0,0,0
segformer__pretrained__mit-b0__in_rover__seed1414__gpu_full__22d89713__gitc188b320__codebebd8b2d__20260711T152946214899Z,msl_ncam_nla_409036116edr_f0051606ncam00348m1,test_msl,soil,iou,0.0,0,4482,123986
segformer__pretrained__mit-b0__in_rover__seed1414__gpu_full__22d89713__gitc188b320__codebebd8b2d__20260711T152946214899Z,msl_ncam_nla_409036116edr_f0051606ncam00348m1,test_msl,bedrock,iou,0.9638507573435711,119504,123986,123986
segformer__pretrained__mit-b0__in_rover__seed1414__gpu_full__22d89713__gitc188b320__codebebd8b2d__20260711T152946214899Z,msl_ncam_nla_409036116edr_f0051606ncam00348m1,test_msl,sand,iou,,0,0,123986
segformer__pretrained__mit-b0__in_rover__seed1414__gpu_full__22d89713__gitc188b320__codebebd8b2d__20260711T152946214899Z,msl_ncam_nla_409036116edr_f0051606ncam00348m1,test_msl,big_rock,iou,,0,0,123986
segformer__pretrained__mit-b0__in_rover__seed1414__gpu_full__22d89713__gitc188b320__codebebd8b2d__20260711T152946214899Z,msl_ncam_nla_409036116edr_f0051606ncam00348m1,test_msl,ALL,pixel_acc,0.9638507573435711,0,0,123986
segformer__pretrained__mit-b0__in_rover__seed1414__gpu_full__22d89713__gitc188b320__codebebd8b2d__20260711T152946214899Z,msl_ncam_nla_409036116edr_f0051606ncam00348m1,test_msl,ALL,boundary_f1,0.4829444720232608,0,0,123986
segformer__pretrained__mit-b0__in_rover__seed1414__gpu_full__22d89713__gitc188b320__codebebd8b2d__20260711T152946214899Z,msl_ncam_nla_409036860edr_f0051662ncam00346m1,test_msl,soil,iou,0.9439898582459375,8191,8677,22748
segformer__pretrained__mit-b0__in_rover__seed1414__gpu_full__22d89713__gitc188b320__codebebd8b2d__20260711T152946214899Z,msl_ncam_nla_409036860edr_f0051662ncam00346m1,test_msl,bedrock,iou,0.9698157875268181,13109,13517,22748
segformer__pretrained__mit-b0__in_rover__seed1414__gpu_full__22d89713__gitc188b320__codebebd8b2d__20260711T152946214899Z,msl_ncam_nla_409036860edr_f0051662ncam00346m1,test_msl,sand,iou,0.4190031152647975,538,1284,22748
segformer__pretrained__mit-b0__in_rover__seed1414__gpu_full__22d89713__gitc188b320__codebebd8b2d__20260711T152946214899Z,msl_ncam_nla_409036860edr_f0051662ncam00346m1,test_msl,big_rock,iou,0.0,0,180,22748
segformer__pretrained__mit-b0__in_rover__seed1414__gpu_full__22d89713__gitc188b320__codebebd8b2d__20260711T152946214899Z,msl_ncam_nla_409036860edr_f0051662ncam00346m1,test_msl,ALL,pixel_acc,0.9599964832073149,0,0,22748
segformer__pretrained__mit-b0__in_rover__seed1414__gpu_full__22d89713__gitc188b320__codebebd8b2d__20260711T152946214899Z,msl_ncam_nla_409036860edr_f0051662ncam00346m1,test_msl,ALL,boundary_f1,0.5692891771182962,0,0,22748
segformer__pretrained__mit-b0__in_rover__seed1414__gpu_full__22d89713__gitc188b320__codebebd8b2d__20260711T152946214899Z,msl_ncam_nla_409036993edr_f0051662ncam05703m1,test_msl,soil,iou,,0,0,36839
segformer__pretrained__mit-b0__in_rover__seed1414__gpu_full__22d89713__gitc188b320__codebebd8b2d__20260711T152946214899Z,msl_ncam_nla_409036993edr_f0051662ncam05703m1,test_msl,bedrock,iou,0.89250522544043,32879,36839,36839
segformer__pretrained__mit-b0__in_rover__seed1414__gpu_full__22d89713__gitc188b320__codebebd8b2d__20260711T152946214899Z,msl_ncam_nla_409036993edr_f0051662ncam05703m1,test_msl,sand,iou,,0,0,36839
segformer__pretrained__mit-b0__in_rover__seed1414__gpu_full__22d89713__gitc188b320__codebebd8b2d__20260711T152946214899Z,msl_ncam_nla_409036993edr_f0051662ncam05703m1,test_msl,big_rock,iou,0.0,0,3960,36839
segformer__pretrained__mit-b0__in_rover__seed1414__gpu_full__22d89713__gitc188b320__codebebd8b2d__20260711T152946214899Z,msl_ncam_nla_409036993edr_f0051662ncam05703m1,test_msl,ALL,pixel_acc,0.89250522544043,0,0,36839
segformer__pretrained__mit-b0__in_rover__seed1414__gpu_full__22d89713__gitc188b320__codebebd8b2d__20260711T152946214899Z,msl_ncam_nla_409036993edr_f0051662ncam05703m1,test_msl,ALL,boundary_f1,0.45985488332067653,0,0,36839
segformer__pretrained__mit-b0__in_rover__seed1414__gpu_full__22d89713__gitc188b320__codebebd8b2d__20260711T152946214899Z,msl_ncam_nla_409037112edr_f0051662ncam05703m1,test_msl,soil,iou,,0,0,88991
segformer__pretrained__mit-b0__in_rover__seed1414__gpu_full__22d89713__gitc188b320__codebebd8b2d__20260711T152946214899Z,msl_ncam_nla_409037112edr_f0051662ncam05703m1,test_msl,bedrock,iou,1.0,88991,88991,88991
segformer__pretrained__mit-b0__in_rover__seed1414__gpu_full__22d89713__gitc188b320__codebebd8b2d__20260711T152946214899Z,msl_ncam_nla_409037112edr_f0051662ncam05703m1,test_msl,sand,iou,,0,0,88991
segformer__pretrained__mit-b0__in_rover__seed1414__gpu_full__22d89713__gitc188b320__codebebd8b2d__20260711T152946214899Z,msl_ncam_nla_409037112edr_f0051662ncam05703m1,test_msl,big_rock,iou,,0,0,88991
segformer__pretrained__mit-b0__in_rover__seed1414__gpu_full__22d89713__gitc188b320__codebebd8b2d__20260711T152946214899Z,msl_ncam_nla_409037112edr_f0051662ncam05703m1,test_msl,ALL,pixel_acc,1.0,0,0,88991
segformer__pretrained__mit-b0__in_rover__seed1414__gpu_full__22d89713__gitc188b320__codebebd8b2d__20260711T152946214899Z,msl_ncam_nla_409037112edr_f0051662ncam05703m1,test_msl,ALL,boundary_f1,1.0,0,0,88991
segformer__pretrained__mit-b0__in_rover__seed1414__gpu_full__22d89713__gitc188b320__codebebd8b2d__20260711T152946214899Z,msl_ncam_nla_601414440edr_f0731482ncam00375m1,test_msl,soil,iou,,0,0,0
segformer__pretrained__mit-b0__in_rover__seed1414__gpu_full__22d89713__gitc188b320__codebebd8b2d__20260711T152946214899Z,msl_ncam_nla_601414440edr_f0731482ncam00375m1,test_msl,bedrock,iou,,0,0,0
segformer__pretrained__mit-b0__in_rover__seed1414__gpu_full__22d89713__gitc188b320__codebebd8b2d__20260711T152946214899Z,msl_ncam_nla_601414440edr_f0731482ncam00375m1,test_msl,sand,iou,,0,0,0
segformer__pretrained__mit-b0__in_rover__seed1414__gpu_full__22d89713__gitc188b320__codebebd8b2d__20260711T152946214899Z,msl_ncam_nla_601414440edr_f0731482ncam00375m1,test_msl,big_rock,iou,,0,0,0
segformer__pretrained__mit-b0__in_rover__seed1414__gpu_full__22d89713__gitc188b320__codebebd8b2d__20260711T152946214899Z,msl_ncam_nla_601414440edr_f0731482ncam00375m1,test_msl,ALL,pixel_acc,,0,0,0
segformer__pretrained__mit-b0__in_rover__seed1414__gpu_full__22d89713__gitc188b320__codebebd8b2d__20260711T152946214899Z,msl_ncam_nla_601414440edr_f0731482ncam00375m1,test_msl,ALL,boundary_f1,,0,0,0
segformer__pretrained__mit-b0__in_rover__seed1414__gpu_full__22d89713__gitc188b320__codebebd8b2d__20260711T152946214899Z,msl_ncam_nla_601414568edr_f0731482ncam00253m1,test_msl,soil,iou,1.0,124196,124196,124196
segformer__pretrained__mit-b0__in_rover__seed1414__gpu_full__22d89713__gitc188b320__codebebd8b2d__20260711T152946214899Z,msl_ncam_nla_601414568edr_f0731482ncam00253m1,test_msl,bedrock,iou,,0,0,124196
segformer__pretrained__mit-b0__in_rover__seed1414__gpu_full__22d89713__gitc188b320__codebebd8b2d__20260711T152946214899Z,msl_ncam_nla_601414568edr_f0731482ncam00253m1,test_msl,sand,iou,,0,0,124196
segformer__pretrained__mit-b0__in_rover__seed1414__gpu_full__22d89713__gitc188b320__codebebd8b2d__20260711T152946214899Z,msl_ncam_nla_601414568edr_f0731482ncam00253m1,test_msl,big_rock,iou,,0,0,124196
segformer__pretrained__mit-b0__in_rover__seed1414__gpu_full__22d89713__gitc188b320__codebebd8b2d__20260711T152946214899Z,msl_ncam_nla_601414568edr_f0731482ncam00253m1,test_msl,ALL,pixel_acc,1.0,0,0,124196
segformer__pretrained__mit-b0__in_rover__seed1414__gpu_full__22d89713__gitc188b320__codebebd8b2d__20260711T152946214899Z,msl_ncam_nla_601414568edr_f0731482ncam00253m1,test_msl,ALL,boundary_f1,1.0,0,0,124196
segformer__pretrained__mit-b0__in_rover__seed1414__gpu_full__22d89713__gitc188b320__codebebd8b2d__20260711T152946214899Z,msl_ncam_nla_601414993edr_f0731482ncam00254m1,test_msl,soil,iou,0.6835996407814697,80688,118034,118034
segformer__pretrained__mit-b0__in_rover__seed1414__gpu_full__22d89713__gitc188b320__codebebd8b2d__20260711T152946214899Z,msl_ncam_nla_601414993edr_f0731482ncam00254m1,test_msl,bedrock,iou,0.0,0,37346,118034
segformer__pretrained__mit-b0__in_rover__seed1414__gpu_full__22d89713__gitc188b320__codebebd8b2d__20260711T152946214899Z,msl_ncam_nla_601414993edr_f0731482ncam00254m1,test_msl,sand,iou,,0,0,118034
segformer__pretrained__mit-b0__in_rover__seed1414__gpu_full__22d89713__gitc188b320__codebebd8b2d__20260711T152946214899Z,msl_ncam_nla_601414993edr_f0731482ncam00254m1,test_msl,big_rock,iou,,0,0,118034
segformer__pretrained__mit-b0__in_rover__seed1414__gpu_full__22d89713__gitc188b320__codebebd8b2d__20260711T152946214899Z,msl_ncam_nla_601414993edr_f0731482ncam00254m1,test_msl,ALL,pixel_acc,0.6835996407814697,0,0,118034
segformer__pretrained__mit-b0__in_rover__seed1414__gpu_full__22d89713__gitc188b320__codebebd8b2d__20260711T152946214899Z,msl_ncam_nla_601414993edr_f0731482ncam00254m1,test_msl,ALL,boundary_f1,0.41025641025641024,0,0,118034
segformer__pretrained__mit-b0__in_rover__seed1414__gpu_full__22d89713__gitc188b320__codebebd8b2d__20260711T152946214899Z,msl_ncam_nla_601415225edr_f0731482ncam00254m1,test_msl,soil,iou,1.0,84983,84983,84983
segformer__pretrained__mit-b0__in_rover__seed1414__gpu_full__22d89713__gitc188b320__codebebd8b2d__20260711T152946214899Z,msl_ncam_nla_601415225edr_f0731482ncam00254m1,test_msl,bedrock,iou,,0,0,84983
segformer__pretrained__mit-b0__in_rover__seed1414__gpu_full__22d89713__gitc188b320__codebebd8b2d__20260711T152946214899Z,msl_ncam_nla_601415225edr_f0731482ncam00254m1,test_msl,sand,iou,,0,0,84983
segformer__pretrained__mit-b0__in_rover__seed1414__gpu_full__22d89713__gitc188b320__codebebd8b2d__20260711T152946214899Z,msl_ncam_nla_601415225edr_f0731482ncam00254m1,test_msl,big_rock,iou,,0,0,84983
segformer__pretrained__mit-b0__in_rover__seed1414__gpu_full__22d89713__gitc188b320__codebebd8b2d__20260711T152946214899Z,msl_ncam_nla_601415225edr_f0731482ncam00254m1,test_msl,ALL,pixel_acc,1.0,0,0,84983
segformer__pretrained__mit-b0__in_rover__seed1414__gpu_full__22d89713__gitc188b320__codebebd8b2d__20260711T152946214899Z,msl_ncam_nla_601415225edr_f0731482ncam00254m1,test_msl,ALL,boundary_f1,1.0,0,0,84983
segformer__pretrained__mit-b0__in_rover__seed1414__gpu_full__22d89713__gitc188b320__codebebd8b2d__20260711T152946214899Z,msl_ncam_nla_601421002edr_f0731482ccam05295m1,test_msl,soil,iou,1.0,146635,146635,146635
segformer__pretrained__mit-b0__in_rover__seed1414__gpu_full__22d89713__gitc188b320__codebebd8b2d__20260711T152946214899Z,msl_ncam_nla_601421002edr_f0731482ccam05295m1,test_msl,bedrock,iou,,0,0,146635
segformer__pretrained__mit-b0__in_rover__seed1414__gpu_full__22d89713__gitc188b320__codebebd8b2d__20260711T152946214899Z,msl_ncam_nla_601421002edr_f0731482ccam05295m1,test_msl,sand,iou,,0,0,146635
segformer__pretrained__mit-b0__in_rover__seed1414__gpu_full__22d89713__gitc188b320__codebebd8b2d__20260711T152946214899Z,msl_ncam_nla_601421002edr_f0731482ccam05295m1,test_msl,big_rock,iou,,0,0,146635
segformer__pretrained__mit-b0__in_rover__seed1414__gpu_full__22d89713__gitc188b320__codebebd8b2d__20260711T152946214899Z,msl_ncam_nla_601421002edr_f0731482ccam05295m1,test_msl,ALL,pixel_acc,1.0,0,0,146635
segformer__pretrained__mit-b0__in_rover__seed1414__gpu_full__22d89713__gitc188b320__codebebd8b2d__20260711T152946214899Z,msl_ncam_nla_601421002edr_f0731482ccam05295m1,test_msl,ALL,boundary_f1,1.0,0,0,146635
segformer__pretrained__mit-b0__in_rover__seed1414__gpu_full__22d89713__gitc188b320__codebebd8b2d__20260711T152946214899Z,msl_ncam_nla_602651352edr_f0732676ncam00207m1,test_msl,soil,iou,1.0,115704,115704,115704
segformer__pretrained__mit-b0__in_rover__seed1414__gpu_full__22d89713__gitc188b320__codebebd8b2d__20260711T152946214899Z,msl_ncam_nla_602651352edr_f0732676ncam00207m1,test_msl,bedrock,iou,,0,0,115704
segformer__pretrained__mit-b0__in_rover__seed1414__gpu_full__22d89713__gitc188b320__codebebd8b2d__20260711T152946214899Z,msl_ncam_nla_602651352edr_f0732676ncam00207m1,test_msl,sand,iou,,0,0,115704
segformer__pretrained__mit-b0__in_rover__seed1414__gpu_full__22d89713__gitc188b320__codebebd8b2d__20260711T152946214899Z,msl_ncam_nla_602651352edr_f0732676ncam00207m1,test_msl,big_rock,iou,,0,0,115704
segformer__pretrained__mit-b0__in_rover__seed1414__gpu_full__22d89713__gitc188b320__codebebd8b2d__20260711T152946214899Z,msl_ncam_nla_602651352edr_f0732676ncam00207m1,test_msl,ALL,pixel_acc,1.0,0,0,115704
segformer__pretrained__mit-b0__in_rover__seed1414__gpu_full__22d89713__gitc188b320__codebebd8b2d__20260711T152946214899Z,msl_ncam_nla_602651352edr_f0732676ncam00207m1,test_msl,ALL,boundary_f1,1.0,0,0,115704
segformer__pretrained__mit-b0__in_rover__seed1414__gpu_full__22d89713__gitc188b320__codebebd8b2d__20260711T152946214899Z,msl_ncam_nla_602657189edr_f0732688ncam00382m1,test_msl,soil,iou,1.0,113944,113944,113944
segformer__pretrained__mit-b0__in_rover__seed1414__gpu_full__22d89713__gitc188b320__codebebd8b2d__20260711T152946214899Z,msl_ncam_nla_602657189edr_f0732688ncam00382m1,test_msl,bedrock,iou,,0,0,113944
segformer__pretrained__mit-b0__in_rover__seed1414__gpu_full__22d89713__gitc188b320__codebebd8b2d__20260711T152946214899Z,msl_ncam_nla_602657189edr_f0732688ncam00382m1,test_msl,sand,iou,,0,0,113944
segformer__pretrained__mit-b0__in_rover__seed1414__gpu_full__22d89713__gitc188b320__codebebd8b2d__20260711T152946214899Z,msl_ncam_nla_602657189edr_f0732688ncam00382m1,test_msl,big_rock,iou,,0,0,113944
segformer__pretrained__mit-b0__in_rover__seed1414__gpu_full__22d89713__gitc188b320__codebebd8b2d__20260711T152946214899Z,msl_ncam_nla_602657189edr_f0732688ncam00382m1,test_msl,ALL,pixel_acc,1.0,0,0,113944
segformer__pretrained__mit-b0__in_rover__seed1414__gpu_full__22d89713__gitc188b320__codebebd8b2d__20260711T152946214899Z,msl_ncam_nla_602657189edr_f0732688ncam00382m1,test_msl,ALL,boundary_f1,1.0,0,0,113944
segformer__pretrained__mit-b0__in_rover__seed1414__gpu_full__22d89713__gitc188b320__codebebd8b2d__20260711T152946214899Z,msl_ncam_nla_602664101edr_f0732958ncam00375m1,test_msl,soil,iou,1.0,167623,167623,167623
segformer__pretrained__mit-b0__in_rover__seed1414__gpu_full__22d89713__gitc188b320__codebebd8b2d__20260711T152946214899Z,msl_ncam_nla_602664101edr_f0732958ncam00375m1,test_msl,bedrock,iou,,0,0,167623
segformer__pretrained__mit-b0__in_rover__seed1414__gpu_full__22d89713__gitc188b320__codebebd8b2d__20260711T152946214899Z,msl_ncam_nla_602664101edr_f0732958ncam00375m1,test_msl,sand,iou,,0,0,167623
segformer__pretrained__mit-b0__in_rover__seed1414__gpu_full__22d89713__gitc188b320__codebebd8b2d__20260711T152946214899Z,msl_ncam_nla_602664101edr_f0732958ncam00375m1,test_msl,big_rock,iou,,0,0,167623
segformer__pretrained__mit-b0__in_rover__seed1414__gpu_full__22d89713__gitc188b320__codebebd8b2d__20260711T152946214899Z,msl_ncam_nla_602664101edr_f0732958ncam00375m1,test_msl,ALL,pixel_acc,1.0,0,0,167623
segformer__pretrained__mit-b0__in_rover__seed1414__gpu_full__22d89713__gitc188b320__codebebd8b2d__20260711T152946214899Z,msl_ncam_nla_602664101edr_f0732958ncam00375m1,test_msl,ALL,boundary_f1,1.0,0,0,167623
segformer__pretrained__mit-b0__in_rover__seed1414__gpu_full__22d89713__gitc188b320__codebebd8b2d__20260711T152946214899Z,msl_ncam_nla_602664178edr_f0732958ncam00271m1,test_msl,soil,iou,1.0,81139,81139,81139
segformer__pretrained__mit-b0__in_rover__seed1414__gpu_full__22d89713__gitc188b320__codebebd8b2d__20260711T152946214899Z,msl_ncam_nla_602664178edr_f0732958ncam00271m1,test_msl,bedrock,iou,,0,0,81139
segformer__pretrained__mit-b0__in_rover__seed1414__gpu_full__22d89713__gitc188b320__codebebd8b2d__20260711T152946214899Z,msl_ncam_nla_602664178edr_f0732958ncam00271m1,test_msl,sand,iou,,0,0,81139
segformer__pretrained__mit-b0__in_rover__seed1414__gpu_full__22d89713__gitc188b320__codebebd8b2d__20260711T152946214899Z,msl_ncam_nla_602664178edr_f0732958ncam00271m1,test_msl,big_rock,iou,,0,0,81139
segformer__pretrained__mit-b0__in_rover__seed1414__gpu_full__22d89713__gitc188b320__codebebd8b2d__20260711T152946214899Z,msl_ncam_nla_602664178edr_f0732958ncam00271m1,test_msl,ALL,pixel_acc,1.0,0,0,81139
segformer__pretrained__mit-b0__in_rover__seed1414__gpu_full__22d89713__gitc188b320__codebebd8b2d__20260711T152946214899Z,msl_ncam_nla_602664178edr_f0732958ncam00271m1,test_msl,ALL,boundary_f1,1.0,0,0,81139
segformer__pretrained__mit-b0__in_rover__seed1414__gpu_full__22d89713__gitc188b320__codebebd8b2d__20260711T152946214899Z,msl_ncam_nla_602664242edr_f0732958ncam00271m1,test_msl,soil,iou,1.0,137437,137437,137437
segformer__pretrained__mit-b0__in_rover__seed1414__gpu_full__22d89713__gitc188b320__codebebd8b2d__20260711T152946214899Z,msl_ncam_nla_602664242edr_f0732958ncam00271m1,test_msl,bedrock,iou,,0,0,137437
segformer__pretrained__mit-b0__in_rover__seed1414__gpu_full__22d89713__gitc188b320__codebebd8b2d__20260711T152946214899Z,msl_ncam_nla_602664242edr_f0732958ncam00271m1,test_msl,sand,iou,,0,0,137437
segformer__pretrained__mit-b0__in_rover__seed1414__gpu_full__22d89713__gitc188b320__codebebd8b2d__20260711T152946214899Z,msl_ncam_nla_602664242edr_f0732958ncam00271m1,test_msl,big_rock,iou,,0,0,137437
segformer__pretrained__mit-b0__in_rover__seed1414__gpu_full__22d89713__gitc188b320__codebebd8b2d__20260711T152946214899Z,msl_ncam_nla_602664242edr_f0732958ncam00271m1,test_msl,ALL,pixel_acc,1.0,0,0,137437
segformer__pretrained__mit-b0__in_rover__seed1414__gpu_full__22d89713__gitc188b320__codebebd8b2d__20260711T152946214899Z,msl_ncam_nla_602664242edr_f0732958ncam00271m1,test_msl,ALL,boundary_f1,1.0,0,0,137437
segformer__pretrained__mit-b0__in_rover__seed1414__gpu_full__22d89713__gitc188b320__codebebd8b2d__20260711T152946214899Z,msl_ncam_nla_602664684edr_f0732958ncam00312m1,test_msl,soil,iou,1.0,236351,236351,236351
segformer__pretrained__mit-b0__in_rover__seed1414__gpu_full__22d89713__gitc188b320__codebebd8b2d__20260711T152946214899Z,msl_ncam_nla_602664684edr_f0732958ncam00312m1,test_msl,bedrock,iou,,0,0,236351
segformer__pretrained__mit-b0__in_rover__seed1414__gpu_full__22d89713__gitc188b320__codebebd8b2d__20260711T152946214899Z,msl_ncam_nla_602664684edr_f0732958ncam00312m1,test_msl,sand,iou,,0,0,236351
segformer__pretrained__mit-b0__in_rover__seed1414__gpu_full__22d89713__gitc188b320__codebebd8b2d__20260711T152946214899Z,msl_ncam_nla_602664684edr_f0732958ncam00312m1,test_msl,big_rock,iou,,0,0,236351
segformer__pretrained__mit-b0__in_rover__seed1414__gpu_full__22d89713__gitc188b320__codebebd8b2d__20260711T152946214899Z,msl_ncam_nla_602664684edr_f0732958ncam00312m1,test_msl,ALL,pixel_acc,1.0,0,0,236351
segformer__pretrained__mit-b0__in_rover__seed1414__gpu_full__22d89713__gitc188b320__codebebd8b2d__20260711T152946214899Z,msl_ncam_nla_602664684edr_f0732958ncam00312m1,test_msl,ALL,boundary_f1,1.0,0,0,236351
segformer__pretrained__mit-b0__in_rover__seed1414__gpu_full__22d89713__gitc188b320__codebebd8b2d__20260711T152946214899Z,msl_ncam_nla_602664993edr_f0732958ncam00272m1,test_msl,soil,iou,1.0,59718,59718,59718
segformer__pretrained__mit-b0__in_rover__seed1414__gpu_full__22d89713__gitc188b320__codebebd8b2d__20260711T152946214899Z,msl_ncam_nla_602664993edr_f0732958ncam00272m1,test_msl,bedrock,iou,,0,0,59718
segformer__pretrained__mit-b0__in_rover__seed1414__gpu_full__22d89713__gitc188b320__codebebd8b2d__20260711T152946214899Z,msl_ncam_nla_602664993edr_f0732958ncam00272m1,test_msl,sand,iou,,0,0,59718
segformer__pretrained__mit-b0__in_rover__seed1414__gpu_full__22d89713__gitc188b320__codebebd8b2d__20260711T152946214899Z,msl_ncam_nla_602664993edr_f0732958ncam00272m1,test_msl,big_rock,iou,,0,0,59718
segformer__pretrained__mit-b0__in_rover__seed1414__gpu_full__22d89713__gitc188b320__codebebd8b2d__20260711T152946214899Z,msl_ncam_nla_602664993edr_f0732958ncam00272m1,test_msl,ALL,pixel_acc,1.0,0,0,59718
segformer__pretrained__mit-b0__in_rover__seed1414__gpu_full__22d89713__gitc188b320__codebebd8b2d__20260711T152946214899Z,msl_ncam_nla_602664993edr_f0732958ncam00272m1,test_msl,ALL,boundary_f1,1.0,0,0,59718
segformer__pretrained__mit-b0__in_rover__seed1414__gpu_full__22d89713__gitc188b320__codebebd8b2d__20260711T152946214899Z,msl_ncam_nla_602665055edr_f0732958ncam00272m1,test_msl,soil,iou,1.0,83469,83469,83469
segformer__pretrained__mit-b0__in_rover__seed1414__gpu_full__22d89713__gitc188b320__codebebd8b2d__20260711T152946214899Z,msl_ncam_nla_602665055edr_f0732958ncam00272m1,test_msl,bedrock,iou,,0,0,83469
segformer__pretrained__mit-b0__in_rover__seed1414__gpu_full__22d89713__gitc188b320__codebebd8b2d__20260711T152946214899Z,msl_ncam_nla_602665055edr_f0732958ncam00272m1,test_msl,sand,iou,,0,0,83469
segformer__pretrained__mit-b0__in_rover__seed1414__gpu_full__22d89713__gitc188b320__codebebd8b2d__20260711T152946214899Z,msl_ncam_nla_602665055edr_f0732958ncam00272m1,test_msl,big_rock,iou,,0,0,83469
segformer__pretrained__mit-b0__in_rover__seed1414__gpu_full__22d89713__gitc188b320__codebebd8b2d__20260711T152946214899Z,msl_ncam_nla_602665055edr_f0732958ncam00272m1,test_msl,ALL,pixel_acc,1.0,0,0,83469
segformer__pretrained__mit-b0__in_rover__seed1414__gpu_full__22d89713__gitc188b320__codebebd8b2d__20260711T152946214899Z,msl_ncam_nla_602665055edr_f0732958ncam00272m1,test_msl,ALL,boundary_f1,1.0,0,0,83469
segformer__pretrained__mit-b0__in_rover__seed1414__gpu_full__22d89713__gitc188b320__codebebd8b2d__20260711T152946214899Z,msl_ncam_nlb_427501146edr_f0080590ncam00385m1,test_msl,soil,iou,1.0,221229,221229,221229
segformer__pretrained__mit-b0__in_rover__seed1414__gpu_full__22d89713__gitc188b320__codebebd8b2d__20260711T152946214899Z,msl_ncam_nlb_427501146edr_f0080590ncam00385m1,test_msl,bedrock,iou,,0,0,221229
segformer__pretrained__mit-b0__in_rover__seed1414__gpu_full__22d89713__gitc188b320__codebebd8b2d__20260711T152946214899Z,msl_ncam_nlb_427501146edr_f0080590ncam00385m1,test_msl,sand,iou,,0,0,221229
segformer__pretrained__mit-b0__in_rover__seed1414__gpu_full__22d89713__gitc188b320__codebebd8b2d__20260711T152946214899Z,msl_ncam_nlb_427501146edr_f0080590ncam00385m1,test_msl,big_rock,iou,,0,0,221229
segformer__pretrained__mit-b0__in_rover__seed1414__gpu_full__22d89713__gitc188b320__codebebd8b2d__20260711T152946214899Z,msl_ncam_nlb_427501146edr_f0080590ncam00385m1,test_msl,ALL,pixel_acc,1.0,0,0,221229
segformer__pretrained__mit-b0__in_rover__seed1414__gpu_full__22d89713__gitc188b320__codebebd8b2d__20260711T152946214899Z,msl_ncam_nlb_427501146edr_f0080590ncam00385m1,test_msl,ALL,boundary_f1,1.0,0,0,221229
segformer__pretrained__mit-b0__in_rover__seed1414__gpu_full__22d89713__gitc188b320__codebebd8b2d__20260711T152946214899Z,msl_ncam_nlb_427503509edr_f0080610ncam00253m1,test_msl,soil,iou,1.0,91532,91532,91532
segformer__pretrained__mit-b0__in_rover__seed1414__gpu_full__22d89713__gitc188b320__codebebd8b2d__20260711T152946214899Z,msl_ncam_nlb_427503509edr_f0080610ncam00253m1,test_msl,bedrock,iou,,0,0,91532
segformer__pretrained__mit-b0__in_rover__seed1414__gpu_full__22d89713__gitc188b320__codebebd8b2d__20260711T152946214899Z,msl_ncam_nlb_427503509edr_f0080610ncam00253m1,test_msl,sand,iou,,0,0,91532
segformer__pretrained__mit-b0__in_rover__seed1414__gpu_full__22d89713__gitc188b320__codebebd8b2d__20260711T152946214899Z,msl_ncam_nlb_427503509edr_f0080610ncam00253m1,test_msl,big_rock,iou,,0,0,91532
segformer__pretrained__mit-b0__in_rover__seed1414__gpu_full__22d89713__gitc188b320__codebebd8b2d__20260711T152946214899Z,msl_ncam_nlb_427503509edr_f0080610ncam00253m1,test_msl,ALL,pixel_acc,1.0,0,0,91532
segformer__pretrained__mit-b0__in_rover__seed1414__gpu_full__22d89713__gitc188b320__codebebd8b2d__20260711T152946214899Z,msl_ncam_nlb_427503509edr_f0080610ncam00253m1,test_msl,ALL,boundary_f1,1.0,0,0,91532
segformer__pretrained__mit-b0__in_rover__seed1414__gpu_full__22d89713__gitc188b320__codebebd8b2d__20260711T152946214899Z,msl_ncam_nlb_427503571edr_f0080610ncam00253m1,test_msl,soil,iou,1.0,70082,70082,70082
segformer__pretrained__mit-b0__in_rover__seed1414__gpu_full__22d89713__gitc188b320__codebebd8b2d__20260711T152946214899Z,msl_ncam_nlb_427503571edr_f0080610ncam00253m1,test_msl,bedrock,iou,,0,0,70082
segformer__pretrained__mit-b0__in_rover__seed1414__gpu_full__22d89713__gitc188b320__codebebd8b2d__20260711T152946214899Z,msl_ncam_nlb_427503571edr_f0080610ncam00253m1,test_msl,sand,iou,,0,0,70082
segformer__pretrained__mit-b0__in_rover__seed1414__gpu_full__22d89713__gitc188b320__codebebd8b2d__20260711T152946214899Z,msl_ncam_nlb_427503571edr_f0080610ncam00253m1,test_msl,big_rock,iou,,0,0,70082
segformer__pretrained__mit-b0__in_rover__seed1414__gpu_full__22d89713__gitc188b320__codebebd8b2d__20260711T152946214899Z,msl_ncam_nlb_427503571edr_f0080610ncam00253m1,test_msl,ALL,pixel_acc,1.0,0,0,70082
segformer__pretrained__mit-b0__in_rover__seed1414__gpu_full__22d89713__gitc188b320__codebebd8b2d__20260711T152946214899Z,msl_ncam_nlb_427503571edr_f0080610ncam00253m1,test_msl,ALL,boundary_f1,1.0,0,0,70082
segformer__pretrained__mit-b0__in_rover__seed1414__gpu_full__22d89713__gitc188b320__codebebd8b2d__20260711T152946214899Z,msl_ncam_nlb_428295522edr_f0100474ncam00385m1,test_msl,soil,iou,1.0,233287,233287,233287
segformer__pretrained__mit-b0__in_rover__seed1414__gpu_full__22d89713__gitc188b320__codebebd8b2d__20260711T152946214899Z,msl_ncam_nlb_428295522edr_f0100474ncam00385m1,test_msl,bedrock,iou,,0,0,233287
segformer__pretrained__mit-b0__in_rover__seed1414__gpu_full__22d89713__gitc188b320__codebebd8b2d__20260711T152946214899Z,msl_ncam_nlb_428295522edr_f0100474ncam00385m1,test_msl,sand,iou,,0,0,233287
segformer__pretrained__mit-b0__in_rover__seed1414__gpu_full__22d89713__gitc188b320__codebebd8b2d__20260711T152946214899Z,msl_ncam_nlb_428295522edr_f0100474ncam00385m1,test_msl,big_rock,iou,,0,0,233287
segformer__pretrained__mit-b0__in_rover__seed1414__gpu_full__22d89713__gitc188b320__codebebd8b2d__20260711T152946214899Z,msl_ncam_nlb_428295522edr_f0100474ncam00385m1,test_msl,ALL,pixel_acc,1.0,0,0,233287
segformer__pretrained__mit-b0__in_rover__seed1414__gpu_full__22d89713__gitc188b320__codebebd8b2d__20260711T152946214899Z,msl_ncam_nlb_428295522edr_f0100474ncam00385m1,test_msl,ALL,boundary_f1,1.0,0,0,233287
segformer__pretrained__mit-b0__in_rover__seed1414__gpu_full__22d89713__gitc188b320__codebebd8b2d__20260711T152946214899Z,msl_ncam_nlb_428304492edr_f0100508ncam05114m1,test_msl,soil,iou,1.0,88012,88012,88012
segformer__pretrained__mit-b0__in_rover__seed1414__gpu_full__22d89713__gitc188b320__codebebd8b2d__20260711T152946214899Z,msl_ncam_nlb_428304492edr_f0100508ncam05114m1,test_msl,bedrock,iou,,0,0,88012
segformer__pretrained__mit-b0__in_rover__seed1414__gpu_full__22d89713__gitc188b320__codebebd8b2d__20260711T152946214899Z,msl_ncam_nlb_428304492edr_f0100508ncam05114m1,test_msl,sand,iou,,0,0,88012
segformer__pretrained__mit-b0__in_rover__seed1414__gpu_full__22d89713__gitc188b320__codebebd8b2d__20260711T152946214899Z,msl_ncam_nlb_428304492edr_f0100508ncam05114m1,test_msl,big_rock,iou,,0,0,88012
segformer__pretrained__mit-b0__in_rover__seed1414__gpu_full__22d89713__gitc188b320__codebebd8b2d__20260711T152946214899Z,msl_ncam_nlb_428304492edr_f0100508ncam05114m1,test_msl,ALL,pixel_acc,1.0,0,0,88012
segformer__pretrained__mit-b0__in_rover__seed1414__gpu_full__22d89713__gitc188b320__codebebd8b2d__20260711T152946214899Z,msl_ncam_nlb_428304492edr_f0100508ncam05114m1,test_msl,ALL,boundary_f1,1.0,0,0,88012
segformer__pretrained__mit-b0__in_rover__seed1414__gpu_full__22d89713__gitc188b320__codebebd8b2d__20260711T152946214899Z,msl_ncam_nlb_428304547edr_f0100508ncam05114m1,test_msl,soil,iou,,0,0,0
segformer__pretrained__mit-b0__in_rover__seed1414__gpu_full__22d89713__gitc188b320__codebebd8b2d__20260711T152946214899Z,msl_ncam_nlb_428304547edr_f0100508ncam05114m1,test_msl,bedrock,iou,,0,0,0
segformer__pretrained__mit-b0__in_rover__seed1414__gpu_full__22d89713__gitc188b320__codebebd8b2d__20260711T152946214899Z,msl_ncam_nlb_428304547edr_f0100508ncam05114m1,test_msl,sand,iou,,0,0,0
segformer__pretrained__mit-b0__in_rover__seed1414__gpu_full__22d89713__gitc188b320__codebebd8b2d__20260711T152946214899Z,msl_ncam_nlb_428304547edr_f0100508ncam05114m1,test_msl,big_rock,iou,,0,0,0
segformer__pretrained__mit-b0__in_rover__seed1414__gpu_full__22d89713__gitc188b320__codebebd8b2d__20260711T152946214899Z,msl_ncam_nlb_428304547edr_f0100508ncam05114m1,test_msl,ALL,pixel_acc,,0,0,0
segformer__pretrained__mit-b0__in_rover__seed1414__gpu_full__22d89713__gitc188b320__codebebd8b2d__20260711T152946214899Z,msl_ncam_nlb_428304547edr_f0100508ncam05114m1,test_msl,ALL,boundary_f1,,0,0,0
segformer__pretrained__mit-b0__in_rover__seed1414__gpu_full__22d89713__gitc188b320__codebebd8b2d__20260711T152946214899Z,msl_ncam_nlb_428304609edr_f0100508ncam05114m1,test_msl,soil,iou,1.0,179511,179511,181034
segformer__pretrained__mit-b0__in_rover__seed1414__gpu_full__22d89713__gitc188b320__codebebd8b2d__20260711T152946214899Z,msl_ncam_nlb_428304609edr_f0100508ncam05114m1,test_msl,bedrock,iou,,0,0,181034
segformer__pretrained__mit-b0__in_rover__seed1414__gpu_full__22d89713__gitc188b320__codebebd8b2d__20260711T152946214899Z,msl_ncam_nlb_428304609edr_f0100508ncam05114m1,test_msl,sand,iou,,0,0,181034
segformer__pretrained__mit-b0__in_rover__seed1414__gpu_full__22d89713__gitc188b320__codebebd8b2d__20260711T152946214899Z,msl_ncam_nlb_428304609edr_f0100508ncam05114m1,test_msl,big_rock,iou,1.0,1523,1523,181034
segformer__pretrained__mit-b0__in_rover__seed1414__gpu_full__22d89713__gitc188b320__codebebd8b2d__20260711T152946214899Z,msl_ncam_nlb_428304609edr_f0100508ncam05114m1,test_msl,ALL,pixel_acc,1.0,0,0,181034
segformer__pretrained__mit-b0__in_rover__seed1414__gpu_full__22d89713__gitc188b320__codebebd8b2d__20260711T152946214899Z,msl_ncam_nlb_428304609edr_f0100508ncam05114m1,test_msl,ALL,boundary_f1,1.0,0,0,181034
segformer__pretrained__mit-b0__in_rover__seed1414__gpu_full__22d89713__gitc188b320__codebebd8b2d__20260711T152946214899Z,msl_ncam_nlb_431505395edr_f0141388ncam00385m1,test_msl,soil,iou,1.0,184315,184315,184315
segformer__pretrained__mit-b0__in_rover__seed1414__gpu_full__22d89713__gitc188b320__codebebd8b2d__20260711T152946214899Z,msl_ncam_nlb_431505395edr_f0141388ncam00385m1,test_msl,bedrock,iou,,0,0,184315
segformer__pretrained__mit-b0__in_rover__seed1414__gpu_full__22d89713__gitc188b320__codebebd8b2d__20260711T152946214899Z,msl_ncam_nlb_431505395edr_f0141388ncam00385m1,test_msl,sand,iou,,0,0,184315
segformer__pretrained__mit-b0__in_rover__seed1414__gpu_full__22d89713__gitc188b320__codebebd8b2d__20260711T152946214899Z,msl_ncam_nlb_431505395edr_f0141388ncam00385m1,test_msl,big_rock,iou,,0,0,184315
segformer__pretrained__mit-b0__in_rover__seed1414__gpu_full__22d89713__gitc188b320__codebebd8b2d__20260711T152946214899Z,msl_ncam_nlb_431505395edr_f0141388ncam00385m1,test_msl,ALL,pixel_acc,1.0,0,0,184315
segformer__pretrained__mit-b0__in_rover__seed1414__gpu_full__22d89713__gitc188b320__codebebd8b2d__20260711T152946214899Z,msl_ncam_nlb_431505395edr_f0141388ncam00385m1,test_msl,ALL,boundary_f1,1.0,0,0,184315
segformer__pretrained__mit-b0__in_rover__seed1414__gpu_full__22d89713__gitc188b320__codebebd8b2d__20260711T152946214899Z,msl_ncam_nlb_431511171edr_f0150000ncam00290m1,test_msl,soil,iou,1.0,93104,93104,93104
segformer__pretrained__mit-b0__in_rover__seed1414__gpu_full__22d89713__gitc188b320__codebebd8b2d__20260711T152946214899Z,msl_ncam_nlb_431511171edr_f0150000ncam00290m1,test_msl,bedrock,iou,,0,0,93104
segformer__pretrained__mit-b0__in_rover__seed1414__gpu_full__22d89713__gitc188b320__codebebd8b2d__20260711T152946214899Z,msl_ncam_nlb_431511171edr_f0150000ncam00290m1,test_msl,sand,iou,,0,0,93104
segformer__pretrained__mit-b0__in_rover__seed1414__gpu_full__22d89713__gitc188b320__codebebd8b2d__20260711T152946214899Z,msl_ncam_nlb_431511171edr_f0150000ncam00290m1,test_msl,big_rock,iou,,0,0,93104
segformer__pretrained__mit-b0__in_rover__seed1414__gpu_full__22d89713__gitc188b320__codebebd8b2d__20260711T152946214899Z,msl_ncam_nlb_431511171edr_f0150000ncam00290m1,test_msl,ALL,pixel_acc,1.0,0,0,93104
segformer__pretrained__mit-b0__in_rover__seed1414__gpu_full__22d89713__gitc188b320__codebebd8b2d__20260711T152946214899Z,msl_ncam_nlb_431511171edr_f0150000ncam00290m1,test_msl,ALL,boundary_f1,1.0,0,0,93104
segformer__pretrained__mit-b0__in_rover__seed1414__gpu_full__22d89713__gitc188b320__codebebd8b2d__20260711T152946214899Z,msl_ncam_nlb_431511237edr_f0150000ncam00290m1,test_msl,soil,iou,1.0,137132,137132,137132
segformer__pretrained__mit-b0__in_rover__seed1414__gpu_full__22d89713__gitc188b320__codebebd8b2d__20260711T152946214899Z,msl_ncam_nlb_431511237edr_f0150000ncam00290m1,test_msl,bedrock,iou,,0,0,137132
segformer__pretrained__mit-b0__in_rover__seed1414__gpu_full__22d89713__gitc188b320__codebebd8b2d__20260711T152946214899Z,msl_ncam_nlb_431511237edr_f0150000ncam00290m1,test_msl,sand,iou,,0,0,137132
segformer__pretrained__mit-b0__in_rover__seed1414__gpu_full__22d89713__gitc188b320__codebebd8b2d__20260711T152946214899Z,msl_ncam_nlb_431511237edr_f0150000ncam00290m1,test_msl,big_rock,iou,,0,0,137132
segformer__pretrained__mit-b0__in_rover__seed1414__gpu_full__22d89713__gitc188b320__codebebd8b2d__20260711T152946214899Z,msl_ncam_nlb_431511237edr_f0150000ncam00290m1,test_msl,ALL,pixel_acc,1.0,0,0,137132
segformer__pretrained__mit-b0__in_rover__seed1414__gpu_full__22d89713__gitc188b320__codebebd8b2d__20260711T152946214899Z,msl_ncam_nlb_431511237edr_f0150000ncam00290m1,test_msl,ALL,boundary_f1,1.0,0,0,137132
segformer__pretrained__mit-b0__in_rover__seed1414__gpu_full__22d89713__gitc188b320__codebebd8b2d__20260711T152946214899Z,msl_ncam_nlb_431511659edr_f0150000ncam00291m1,test_msl,soil,iou,1.0,196725,196725,196725
segformer__pretrained__mit-b0__in_rover__seed1414__gpu_full__22d89713__gitc188b320__codebebd8b2d__20260711T152946214899Z,msl_ncam_nlb_431511659edr_f0150000ncam00291m1,test_msl,bedrock,iou,,0,0,196725
segformer__pretrained__mit-b0__in_rover__seed1414__gpu_full__22d89713__gitc188b320__codebebd8b2d__20260711T152946214899Z,msl_ncam_nlb_431511659edr_f0150000ncam00291m1,test_msl,sand,iou,,0,0,196725
segformer__pretrained__mit-b0__in_rover__seed1414__gpu_full__22d89713__gitc188b320__codebebd8b2d__20260711T152946214899Z,msl_ncam_nlb_431511659edr_f0150000ncam00291m1,test_msl,big_rock,iou,,0,0,196725
segformer__pretrained__mit-b0__in_rover__seed1414__gpu_full__22d89713__gitc188b320__codebebd8b2d__20260711T152946214899Z,msl_ncam_nlb_431511659edr_f0150000ncam00291m1,test_msl,ALL,pixel_acc,1.0,0,0,196725
segformer__pretrained__mit-b0__in_rover__seed1414__gpu_full__22d89713__gitc188b320__codebebd8b2d__20260711T152946214899Z,msl_ncam_nlb_431511659edr_f0150000ncam00291m1,test_msl,ALL,boundary_f1,1.0,0,0,196725
segformer__pretrained__mit-b0__in_rover__seed1414__gpu_full__22d89713__gitc188b320__codebebd8b2d__20260711T152946214899Z,msl_ncam_nlb_431511807edr_f0150000ncam00291m1,test_msl,soil,iou,,0,0,0
segformer__pretrained__mit-b0__in_rover__seed1414__gpu_full__22d89713__gitc188b320__codebebd8b2d__20260711T152946214899Z,msl_ncam_nlb_431511807edr_f0150000ncam00291m1,test_msl,bedrock,iou,,0,0,0
segformer__pretrained__mit-b0__in_rover__seed1414__gpu_full__22d89713__gitc188b320__codebebd8b2d__20260711T152946214899Z,msl_ncam_nlb_431511807edr_f0150000ncam00291m1,test_msl,sand,iou,,0,0,0
segformer__pretrained__mit-b0__in_rover__seed1414__gpu_full__22d89713__gitc188b320__codebebd8b2d__20260711T152946214899Z,msl_ncam_nlb_431511807edr_f0150000ncam00291m1,test_msl,big_rock,iou,,0,0,0
segformer__pretrained__mit-b0__in_rover__seed1414__gpu_full__22d89713__gitc188b320__codebebd8b2d__20260711T152946214899Z,msl_ncam_nlb_431511807edr_f0150000ncam00291m1,test_msl,ALL,pixel_acc,,0,0,0
segformer__pretrained__mit-b0__in_rover__seed1414__gpu_full__22d89713__gitc188b320__codebebd8b2d__20260711T152946214899Z,msl_ncam_nlb_431511807edr_f0150000ncam00291m1,test_msl,ALL,boundary_f1,,0,0,0
segformer__pretrained__mit-b0__in_rover__seed1414__gpu_full__22d89713__gitc188b320__codebebd8b2d__20260711T152946214899Z,msl_ncam_nlb_431511862edr_f0150000ncam00354m1,test_msl,soil,iou,1.0,215849,215849,215849
segformer__pretrained__mit-b0__in_rover__seed1414__gpu_full__22d89713__gitc188b320__codebebd8b2d__20260711T152946214899Z,msl_ncam_nlb_431511862edr_f0150000ncam00354m1,test_msl,bedrock,iou,,0,0,215849
segformer__pretrained__mit-b0__in_rover__seed1414__gpu_full__22d89713__gitc188b320__codebebd8b2d__20260711T152946214899Z,msl_ncam_nlb_431511862edr_f0150000ncam00354m1,test_msl,sand,iou,,0,0,215849
segformer__pretrained__mit-b0__in_rover__seed1414__gpu_full__22d89713__gitc188b320__codebebd8b2d__20260711T152946214899Z,msl_ncam_nlb_431511862edr_f0150000ncam00354m1,test_msl,big_rock,iou,,0,0,215849
segformer__pretrained__mit-b0__in_rover__seed1414__gpu_full__22d89713__gitc188b320__codebebd8b2d__20260711T152946214899Z,msl_ncam_nlb_431511862edr_f0150000ncam00354m1,test_msl,ALL,pixel_acc,1.0,0,0,215849
segformer__pretrained__mit-b0__in_rover__seed1414__gpu_full__22d89713__gitc188b320__codebebd8b2d__20260711T152946214899Z,msl_ncam_nlb_431511862edr_f0150000ncam00354m1,test_msl,ALL,boundary_f1,1.0,0,0,215849
segformer__pretrained__mit-b0__in_rover__seed1414__gpu_full__22d89713__gitc188b320__codebebd8b2d__20260711T152946214899Z,msl_ncam_nlb_436380021edr_f0211362ncam00278m1,test_msl,soil,iou,1.0,86938,86938,86938
segformer__pretrained__mit-b0__in_rover__seed1414__gpu_full__22d89713__gitc188b320__codebebd8b2d__20260711T152946214899Z,msl_ncam_nlb_436380021edr_f0211362ncam00278m1,test_msl,bedrock,iou,,0,0,86938
segformer__pretrained__mit-b0__in_rover__seed1414__gpu_full__22d89713__gitc188b320__codebebd8b2d__20260711T152946214899Z,msl_ncam_nlb_436380021edr_f0211362ncam00278m1,test_msl,sand,iou,,0,0,86938
segformer__pretrained__mit-b0__in_rover__seed1414__gpu_full__22d89713__gitc188b320__codebebd8b2d__20260711T152946214899Z,msl_ncam_nlb_436380021edr_f0211362ncam00278m1,test_msl,big_rock,iou,,0,0,86938
segformer__pretrained__mit-b0__in_rover__seed1414__gpu_full__22d89713__gitc188b320__codebebd8b2d__20260711T152946214899Z,msl_ncam_nlb_436380021edr_f0211362ncam00278m1,test_msl,ALL,pixel_acc,1.0,0,0,86938
segformer__pretrained__mit-b0__in_rover__seed1414__gpu_full__22d89713__gitc188b320__codebebd8b2d__20260711T152946214899Z,msl_ncam_nlb_436380021edr_f0211362ncam00278m1,test_msl,ALL,boundary_f1,1.0,0,0,86938
segformer__pretrained__mit-b0__in_rover__seed1414__gpu_full__22d89713__gitc188b320__codebebd8b2d__20260711T152946214899Z,msl_ncam_nlb_436380133edr_f0211362ncam00278m1,test_msl,soil,iou,0.9491122094087497,10370,10926,32983
segformer__pretrained__mit-b0__in_rover__seed1414__gpu_full__22d89713__gitc188b320__codebebd8b2d__20260711T152946214899Z,msl_ncam_nlb_436380133edr_f0211362ncam00278m1,test_msl,bedrock,iou,0.9754123734135232,22057,22613,32983
segformer__pretrained__mit-b0__in_rover__seed1414__gpu_full__22d89713__gitc188b320__codebebd8b2d__20260711T152946214899Z,msl_ncam_nlb_436380133edr_f0211362ncam00278m1,test_msl,sand,iou,,0,0,32983
segformer__pretrained__mit-b0__in_rover__seed1414__gpu_full__22d89713__gitc188b320__codebebd8b2d__20260711T152946214899Z,msl_ncam_nlb_436380133edr_f0211362ncam00278m1,test_msl,big_rock,iou,,0,0,32983
segformer__pretrained__mit-b0__in_rover__seed1414__gpu_full__22d89713__gitc188b320__codebebd8b2d__20260711T152946214899Z,msl_ncam_nlb_436380133edr_f0211362ncam00278m1,test_msl,ALL,pixel_acc,0.9831428311554438,0,0,32983
segformer__pretrained__mit-b0__in_rover__seed1414__gpu_full__22d89713__gitc188b320__codebebd8b2d__20260711T152946214899Z,msl_ncam_nlb_436380133edr_f0211362ncam00278m1,test_msl,ALL,boundary_f1,0.9477089192509075,0,0,32983
segformer__pretrained__mit-b0__in_rover__seed1414__gpu_full__22d89713__gitc188b320__codebebd8b2d__20260711T152946214899Z,msl_ncam_nlb_436383872edr_f0211362ncam00354m1,test_msl,soil,iou,0.3281158286049697,3354,10222,31991
segformer__pretrained__mit-b0__in_rover__seed1414__gpu_full__22d89713__gitc188b320__codebebd8b2d__20260711T152946214899Z,msl_ncam_nlb_436383872edr_f0211362ncam00354m1,test_msl,bedrock,iou,0.760170408911548,21769,28637,31991
segformer__pretrained__mit-b0__in_rover__seed1414__gpu_full__22d89713__gitc188b320__codebebd8b2d__20260711T152946214899Z,msl_ncam_nlb_436383872edr_f0211362ncam00354m1,test_msl,sand,iou,,0,0,31991
segformer__pretrained__mit-b0__in_rover__seed1414__gpu_full__22d89713__gitc188b320__codebebd8b2d__20260711T152946214899Z,msl_ncam_nlb_436383872edr_f0211362ncam00354m1,test_msl,big_rock,iou,,0,0,31991
segformer__pretrained__mit-b0__in_rover__seed1414__gpu_full__22d89713__gitc188b320__codebebd8b2d__20260711T152946214899Z,msl_ncam_nlb_436383872edr_f0211362ncam00354m1,test_msl,ALL,pixel_acc,0.785314619736801,0,0,31991
segformer__pretrained__mit-b0__in_rover__seed1414__gpu_full__22d89713__gitc188b320__codebebd8b2d__20260711T152946214899Z,msl_ncam_nlb_436383872edr_f0211362ncam00354m1,test_msl,ALL,boundary_f1,0.48136729829890545,0,0,31991
segformer__pretrained__mit-b0__in_rover__seed1414__gpu_full__22d89713__gitc188b320__codebebd8b2d__20260711T152946214899Z,msl_ncam_nlb_436383928edr_f0211362ncam00354m1,test_msl,soil,iou,,0,0,58335
segformer__pretrained__mit-b0__in_rover__seed1414__gpu_full__22d89713__gitc188b320__codebebd8b2d__20260711T152946214899Z,msl_ncam_nlb_436383928edr_f0211362ncam00354m1,test_msl,bedrock,iou,1.0,58335,58335,58335
segformer__pretrained__mit-b0__in_rover__seed1414__gpu_full__22d89713__gitc188b320__codebebd8b2d__20260711T152946214899Z,msl_ncam_nlb_436383928edr_f0211362ncam00354m1,test_msl,sand,iou,,0,0,58335
segformer__pretrained__mit-b0__in_rover__seed1414__gpu_full__22d89713__gitc188b320__codebebd8b2d__20260711T152946214899Z,msl_ncam_nlb_436383928edr_f0211362ncam00354m1,test_msl,big_rock,iou,,0,0,58335
segformer__pretrained__mit-b0__in_rover__seed1414__gpu_full__22d89713__gitc188b320__codebebd8b2d__20260711T152946214899Z,msl_ncam_nlb_436383928edr_f0211362ncam00354m1,test_msl,ALL,pixel_acc,1.0,0,0,58335
segformer__pretrained__mit-b0__in_rover__seed1414__gpu_full__22d89713__gitc188b320__codebebd8b2d__20260711T152946214899Z,msl_ncam_nlb_436383928edr_f0211362ncam00354m1,test_msl,ALL,boundary_f1,1.0,0,0,58335
segformer__pretrained__mit-b0__in_rover__seed1414__gpu_full__22d89713__gitc188b320__codebebd8b2d__20260711T152946214899Z,msl_ncam_nlb_436384026edr_f0211362ncam00279m1,test_msl,soil,iou,0.990271681100961,66776,67432,164119
segformer__pretrained__mit-b0__in_rover__seed1414__gpu_full__22d89713__gitc188b320__codebebd8b2d__20260711T152946214899Z,msl_ncam_nlb_436384026edr_f0211362ncam00279m1,test_msl,bedrock,iou,0.9932609432624842,96687,97343,164119
segformer__pretrained__mit-b0__in_rover__seed1414__gpu_full__22d89713__gitc188b320__codebebd8b2d__20260711T152946214899Z,msl_ncam_nlb_436384026edr_f0211362ncam00279m1,test_msl,sand,iou,,0,0,164119
segformer__pretrained__mit-b0__in_rover__seed1414__gpu_full__22d89713__gitc188b320__codebebd8b2d__20260711T152946214899Z,msl_ncam_nlb_436384026edr_f0211362ncam00279m1,test_msl,big_rock,iou,,0,0,164119
segformer__pretrained__mit-b0__in_rover__seed1414__gpu_full__22d89713__gitc188b320__codebebd8b2d__20260711T152946214899Z,msl_ncam_nlb_436384026edr_f0211362ncam00279m1,test_msl,ALL,pixel_acc,0.9960029003345133,0,0,164119
segformer__pretrained__mit-b0__in_rover__seed1414__gpu_full__22d89713__gitc188b320__codebebd8b2d__20260711T152946214899Z,msl_ncam_nlb_436384026edr_f0211362ncam00279m1,test_msl,ALL,boundary_f1,0.9688212596046395,0,0,164119
segformer__pretrained__mit-b0__in_rover__seed1414__gpu_full__22d89713__gitc188b320__codebebd8b2d__20260711T152946214899Z,msl_ncam_nlb_436384140edr_f0211362ncam00279m1,test_msl,soil,iou,,0,0,0
segformer__pretrained__mit-b0__in_rover__seed1414__gpu_full__22d89713__gitc188b320__codebebd8b2d__20260711T152946214899Z,msl_ncam_nlb_436384140edr_f0211362ncam00279m1,test_msl,bedrock,iou,,0,0,0
segformer__pretrained__mit-b0__in_rover__seed1414__gpu_full__22d89713__gitc188b320__codebebd8b2d__20260711T152946214899Z,msl_ncam_nlb_436384140edr_f0211362ncam00279m1,test_msl,sand,iou,,0,0,0
segformer__pretrained__mit-b0__in_rover__seed1414__gpu_full__22d89713__gitc188b320__codebebd8b2d__20260711T152946214899Z,msl_ncam_nlb_436384140edr_f0211362ncam00279m1,test_msl,big_rock,iou,,0,0,0
segformer__pretrained__mit-b0__in_rover__seed1414__gpu_full__22d89713__gitc188b320__codebebd8b2d__20260711T152946214899Z,msl_ncam_nlb_436384140edr_f0211362ncam00279m1,test_msl,ALL,pixel_acc,,0,0,0
segformer__pretrained__mit-b0__in_rover__seed1414__gpu_full__22d89713__gitc188b320__codebebd8b2d__20260711T152946214899Z,msl_ncam_nlb_436384140edr_f0211362ncam00279m1,test_msl,ALL,boundary_f1,,0,0,0
segformer__pretrained__mit-b0__in_rover__seed1414__gpu_full__22d89713__gitc188b320__codebebd8b2d__20260711T152946214899Z,msl_ncam_nlb_436384203edr_f0211362ncam00279m1,test_msl,soil,iou,0.9141458296905053,5228,5719,14096
segformer__pretrained__mit-b0__in_rover__seed1414__gpu_full__22d89713__gitc188b320__codebebd8b2d__20260711T152946214899Z,msl_ncam_nlb_436384203edr_f0211362ncam00279m1,test_msl,bedrock,iou,0.9446323861073522,8377,8868,14096
segformer__pretrained__mit-b0__in_rover__seed1414__gpu_full__22d89713__gitc188b320__codebebd8b2d__20260711T152946214899Z,msl_ncam_nlb_436384203edr_f0211362ncam00279m1,test_msl,sand,iou,,0,0,14096
segformer__pretrained__mit-b0__in_rover__seed1414__gpu_full__22d89713__gitc188b320__codebebd8b2d__20260711T152946214899Z,msl_ncam_nlb_436384203edr_f0211362ncam00279m1,test_msl,big_rock,iou,,0,0,14096
segformer__pretrained__mit-b0__in_rover__seed1414__gpu_full__22d89713__gitc188b320__codebebd8b2d__20260711T152946214899Z,msl_ncam_nlb_436384203edr_f0211362ncam00279m1,test_msl,ALL,pixel_acc,0.9651674233825198,0,0,14096
segformer__pretrained__mit-b0__in_rover__seed1414__gpu_full__22d89713__gitc188b320__codebebd8b2d__20260711T152946214899Z,msl_ncam_nlb_436384203edr_f0211362ncam00279m1,test_msl,ALL,boundary_f1,0.8322704855341931,0,0,14096
segformer__pretrained__mit-b0__in_rover__seed1414__gpu_full__22d89713__gitc188b320__codebebd8b2d__20260711T152946214899Z,msl_ncam_nlb_439225105edr_f0240000ncam00346m1,test_msl,soil,iou,,0,0,0
segformer__pretrained__mit-b0__in_rover__seed1414__gpu_full__22d89713__gitc188b320__codebebd8b2d__20260711T152946214899Z,msl_ncam_nlb_439225105edr_f0240000ncam00346m1,test_msl,bedrock,iou,,0,0,0
segformer__pretrained__mit-b0__in_rover__seed1414__gpu_full__22d89713__gitc188b320__codebebd8b2d__20260711T152946214899Z,msl_ncam_nlb_439225105edr_f0240000ncam00346m1,test_msl,sand,iou,,0,0,0
segformer__pretrained__mit-b0__in_rover__seed1414__gpu_full__22d89713__gitc188b320__codebebd8b2d__20260711T152946214899Z,msl_ncam_nlb_439225105edr_f0240000ncam00346m1,test_msl,big_rock,iou,,0,0,0
segformer__pretrained__mit-b0__in_rover__seed1414__gpu_full__22d89713__gitc188b320__codebebd8b2d__20260711T152946214899Z,msl_ncam_nlb_439225105edr_f0240000ncam00346m1,test_msl,ALL,pixel_acc,,0,0,0
segformer__pretrained__mit-b0__in_rover__seed1414__gpu_full__22d89713__gitc188b320__codebebd8b2d__20260711T152946214899Z,msl_ncam_nlb_439225105edr_f0240000ncam00346m1,test_msl,ALL,boundary_f1,,0,0,0
segformer__pretrained__mit-b0__in_rover__seed1414__gpu_full__22d89713__gitc188b320__codebebd8b2d__20260711T152946214899Z,msl_ncam_nlb_439225164edr_f0240000ncam05113m1,test_msl,soil,iou,0.8936157024793389,86502,96800,96800
segformer__pretrained__mit-b0__in_rover__seed1414__gpu_full__22d89713__gitc188b320__codebebd8b2d__20260711T152946214899Z,msl_ncam_nlb_439225164edr_f0240000ncam05113m1,test_msl,bedrock,iou,0.0,0,10298,96800
segformer__pretrained__mit-b0__in_rover__seed1414__gpu_full__22d89713__gitc188b320__codebebd8b2d__20260711T152946214899Z,msl_ncam_nlb_439225164edr_f0240000ncam05113m1,test_msl,sand,iou,,0,0,96800
segformer__pretrained__mit-b0__in_rover__seed1414__gpu_full__22d89713__gitc188b320__codebebd8b2d__20260711T152946214899Z,msl_ncam_nlb_439225164edr_f0240000ncam05113m1,test_msl,big_rock,iou,,0,0,96800
segformer__pretrained__mit-b0__in_rover__seed1414__gpu_full__22d89713__gitc188b320__codebebd8b2d__20260711T152946214899Z,msl_ncam_nlb_439225164edr_f0240000ncam05113m1,test_msl,ALL,pixel_acc,0.8936157024793389,0,0,96800
segformer__pretrained__mit-b0__in_rover__seed1414__gpu_full__22d89713__gitc188b320__codebebd8b2d__20260711T152946214899Z,msl_ncam_nlb_439225164edr_f0240000ncam05113m1,test_msl,ALL,boundary_f1,0.37939988459319096,0,0,96800
segformer__pretrained__mit-b0__in_rover__seed1414__gpu_full__22d89713__gitc188b320__codebebd8b2d__20260711T152946214899Z,msl_ncam_nlb_439225290edr_f0240000ncam05113m1,test_msl,soil,iou,1.0,8548,8548,8548
segformer__pretrained__mit-b0__in_rover__seed1414__gpu_full__22d89713__gitc188b320__codebebd8b2d__20260711T152946214899Z,msl_ncam_nlb_439225290edr_f0240000ncam05113m1,test_msl,bedrock,iou,,0,0,8548
segformer__pretrained__mit-b0__in_rover__seed1414__gpu_full__22d89713__gitc188b320__codebebd8b2d__20260711T152946214899Z,msl_ncam_nlb_439225290edr_f0240000ncam05113m1,test_msl,sand,iou,,0,0,8548
segformer__pretrained__mit-b0__in_rover__seed1414__gpu_full__22d89713__gitc188b320__codebebd8b2d__20260711T152946214899Z,msl_ncam_nlb_439225290edr_f0240000ncam05113m1,test_msl,big_rock,iou,,0,0,8548
segformer__pretrained__mit-b0__in_rover__seed1414__gpu_full__22d89713__gitc188b320__codebebd8b2d__20260711T152946214899Z,msl_ncam_nlb_439225290edr_f0240000ncam05113m1,test_msl,ALL,pixel_acc,1.0,0,0,8548
segformer__pretrained__mit-b0__in_rover__seed1414__gpu_full__22d89713__gitc188b320__codebebd8b2d__20260711T152946214899Z,msl_ncam_nlb_439225290edr_f0240000ncam05113m1,test_msl,ALL,boundary_f1,1.0,0,0,8548
segformer__pretrained__mit-b0__in_rover__seed1414__gpu_full__22d89713__gitc188b320__codebebd8b2d__20260711T152946214899Z,msl_ncam_nlb_439225843edr_f0240000ncam00267m1,test_msl,soil,iou,1.0,59790,59790,59790
segformer__pretrained__mit-b0__in_rover__seed1414__gpu_full__22d89713__gitc188b320__codebebd8b2d__20260711T152946214899Z,msl_ncam_nlb_439225843edr_f0240000ncam00267m1,test_msl,bedrock,iou,,0,0,59790
segformer__pretrained__mit-b0__in_rover__seed1414__gpu_full__22d89713__gitc188b320__codebebd8b2d__20260711T152946214899Z,msl_ncam_nlb_439225843edr_f0240000ncam00267m1,test_msl,sand,iou,,0,0,59790
segformer__pretrained__mit-b0__in_rover__seed1414__gpu_full__22d89713__gitc188b320__codebebd8b2d__20260711T152946214899Z,msl_ncam_nlb_439225843edr_f0240000ncam00267m1,test_msl,big_rock,iou,,0,0,59790
segformer__pretrained__mit-b0__in_rover__seed1414__gpu_full__22d89713__gitc188b320__codebebd8b2d__20260711T152946214899Z,msl_ncam_nlb_439225843edr_f0240000ncam00267m1,test_msl,ALL,pixel_acc,1.0,0,0,59790
segformer__pretrained__mit-b0__in_rover__seed1414__gpu_full__22d89713__gitc188b320__codebebd8b2d__20260711T152946214899Z,msl_ncam_nlb_439225843edr_f0240000ncam00267m1,test_msl,ALL,boundary_f1,1.0,0,0,59790
segformer__pretrained__mit-b0__in_rover__seed1414__gpu_full__22d89713__gitc188b320__codebebd8b2d__20260711T152946214899Z,msl_ncam_nlb_439225957edr_f0240000ncam00267m1,test_msl,soil,iou,1.0,32088,32088,32088
segformer__pretrained__mit-b0__in_rover__seed1414__gpu_full__22d89713__gitc188b320__codebebd8b2d__20260711T152946214899Z,msl_ncam_nlb_439225957edr_f0240000ncam00267m1,test_msl,bedrock,iou,,0,0,32088
segformer__pretrained__mit-b0__in_rover__seed1414__gpu_full__22d89713__gitc188b320__codebebd8b2d__20260711T152946214899Z,msl_ncam_nlb_439225957edr_f0240000ncam00267m1,test_msl,sand,iou,,0,0,32088
segformer__pretrained__mit-b0__in_rover__seed1414__gpu_full__22d89713__gitc188b320__codebebd8b2d__20260711T152946214899Z,msl_ncam_nlb_439225957edr_f0240000ncam00267m1,test_msl,big_rock,iou,,0,0,32088
segformer__pretrained__mit-b0__in_rover__seed1414__gpu_full__22d89713__gitc188b320__codebebd8b2d__20260711T152946214899Z,msl_ncam_nlb_439225957edr_f0240000ncam00267m1,test_msl,ALL,pixel_acc,1.0,0,0,32088
segformer__pretrained__mit-b0__in_rover__seed1414__gpu_full__22d89713__gitc188b320__codebebd8b2d__20260711T152946214899Z,msl_ncam_nlb_439225957edr_f0240000ncam00267m1,test_msl,ALL,boundary_f1,1.0,0,0,32088
segformer__pretrained__mit-b0__in_rover__seed1414__gpu_full__22d89713__gitc188b320__codebebd8b2d__20260711T152946214899Z,msl_ncam_nlb_439226019edr_f0240000ncam00267m1,test_msl,soil,iou,1.0,11757,11757,11757
segformer__pretrained__mit-b0__in_rover__seed1414__gpu_full__22d89713__gitc188b320__codebebd8b2d__20260711T152946214899Z,msl_ncam_nlb_439226019edr_f0240000ncam00267m1,test_msl,bedrock,iou,,0,0,11757
segformer__pretrained__mit-b0__in_rover__seed1414__gpu_full__22d89713__gitc188b320__codebebd8b2d__20260711T152946214899Z,msl_ncam_nlb_439226019edr_f0240000ncam00267m1,test_msl,sand,iou,,0,0,11757
segformer__pretrained__mit-b0__in_rover__seed1414__gpu_full__22d89713__gitc188b320__codebebd8b2d__20260711T152946214899Z,msl_ncam_nlb_439226019edr_f0240000ncam00267m1,test_msl,big_rock,iou,,0,0,11757
segformer__pretrained__mit-b0__in_rover__seed1414__gpu_full__22d89713__gitc188b320__codebebd8b2d__20260711T152946214899Z,msl_ncam_nlb_439226019edr_f0240000ncam00267m1,test_msl,ALL,pixel_acc,1.0,0,0,11757
segformer__pretrained__mit-b0__in_rover__seed1414__gpu_full__22d89713__gitc188b320__codebebd8b2d__20260711T152946214899Z,msl_ncam_nlb_439226019edr_f0240000ncam00267m1,test_msl,ALL,boundary_f1,1.0,0,0,11757
segformer__pretrained__mit-b0__in_rover__seed1414__gpu_full__22d89713__gitc188b320__codebebd8b2d__20260711T152946214899Z,msl_ncam_nlb_439226061edr_f0240000ncam00350m1,test_msl,soil,iou,1.0,23535,23535,23535
segformer__pretrained__mit-b0__in_rover__seed1414__gpu_full__22d89713__gitc188b320__codebebd8b2d__20260711T152946214899Z,msl_ncam_nlb_439226061edr_f0240000ncam00350m1,test_msl,bedrock,iou,,0,0,23535
segformer__pretrained__mit-b0__in_rover__seed1414__gpu_full__22d89713__gitc188b320__codebebd8b2d__20260711T152946214899Z,msl_ncam_nlb_439226061edr_f0240000ncam00350m1,test_msl,sand,iou,,0,0,23535
segformer__pretrained__mit-b0__in_rover__seed1414__gpu_full__22d89713__gitc188b320__codebebd8b2d__20260711T152946214899Z,msl_ncam_nlb_439226061edr_f0240000ncam00350m1,test_msl,big_rock,iou,,0,0,23535
segformer__pretrained__mit-b0__in_rover__seed1414__gpu_full__22d89713__gitc188b320__codebebd8b2d__20260711T152946214899Z,msl_ncam_nlb_439226061edr_f0240000ncam00350m1,test_msl,ALL,pixel_acc,1.0,0,0,23535
segformer__pretrained__mit-b0__in_rover__seed1414__gpu_full__22d89713__gitc188b320__codebebd8b2d__20260711T152946214899Z,msl_ncam_nlb_439226061edr_f0240000ncam00350m1,test_msl,ALL,boundary_f1,1.0,0,0,23535
segformer__pretrained__mit-b0__in_rover__seed1414__gpu_full__22d89713__gitc188b320__codebebd8b2d__20260711T152946214899Z,msl_ncam_nlb_439226140edr_f0240000ncam00350m1,test_msl,soil,iou,1.0,178948,178948,178948
segformer__pretrained__mit-b0__in_rover__seed1414__gpu_full__22d89713__gitc188b320__codebebd8b2d__20260711T152946214899Z,msl_ncam_nlb_439226140edr_f0240000ncam00350m1,test_msl,bedrock,iou,,0,0,178948
segformer__pretrained__mit-b0__in_rover__seed1414__gpu_full__22d89713__gitc188b320__codebebd8b2d__20260711T152946214899Z,msl_ncam_nlb_439226140edr_f0240000ncam00350m1,test_msl,sand,iou,,0,0,178948
segformer__pretrained__mit-b0__in_rover__seed1414__gpu_full__22d89713__gitc188b320__codebebd8b2d__20260711T152946214899Z,msl_ncam_nlb_439226140edr_f0240000ncam00350m1,test_msl,big_rock,iou,,0,0,178948
segformer__pretrained__mit-b0__in_rover__seed1414__gpu_full__22d89713__gitc188b320__codebebd8b2d__20260711T152946214899Z,msl_ncam_nlb_439226140edr_f0240000ncam00350m1,test_msl,ALL,pixel_acc,1.0,0,0,178948
segformer__pretrained__mit-b0__in_rover__seed1414__gpu_full__22d89713__gitc188b320__codebebd8b2d__20260711T152946214899Z,msl_ncam_nlb_439226140edr_f0240000ncam00350m1,test_msl,ALL,boundary_f1,1.0,0,0,178948
segformer__pretrained__mit-b0__in_rover__seed1414__gpu_full__22d89713__gitc188b320__codebebd8b2d__20260711T152946214899Z,msl_ncam_nlb_442591818edr_f0250254ncam00470m1,test_msl,soil,iou,1.0,18461,18461,18461
segformer__pretrained__mit-b0__in_rover__seed1414__gpu_full__22d89713__gitc188b320__codebebd8b2d__20260711T152946214899Z,msl_ncam_nlb_442591818edr_f0250254ncam00470m1,test_msl,bedrock,iou,,0,0,18461
segformer__pretrained__mit-b0__in_rover__seed1414__gpu_full__22d89713__gitc188b320__codebebd8b2d__20260711T152946214899Z,msl_ncam_nlb_442591818edr_f0250254ncam00470m1,test_msl,sand,iou,,0,0,18461
segformer__pretrained__mit-b0__in_rover__seed1414__gpu_full__22d89713__gitc188b320__codebebd8b2d__20260711T152946214899Z,msl_ncam_nlb_442591818edr_f0250254ncam00470m1,test_msl,big_rock,iou,,0,0,18461
segformer__pretrained__mit-b0__in_rover__seed1414__gpu_full__22d89713__gitc188b320__codebebd8b2d__20260711T152946214899Z,msl_ncam_nlb_442591818edr_f0250254ncam00470m1,test_msl,ALL,pixel_acc,1.0,0,0,18461
segformer__pretrained__mit-b0__in_rover__seed1414__gpu_full__22d89713__gitc188b320__codebebd8b2d__20260711T152946214899Z,msl_ncam_nlb_442591818edr_f0250254ncam00470m1,test_msl,ALL,boundary_f1,1.0,0,0,18461
segformer__pretrained__mit-b0__in_rover__seed1414__gpu_full__22d89713__gitc188b320__codebebd8b2d__20260711T152946214899Z,msl_ncam_nlb_442592358edr_f0250272ncam00385m1,test_msl,soil,iou,1.0,134437,134437,134437
segformer__pretrained__mit-b0__in_rover__seed1414__gpu_full__22d89713__gitc188b320__codebebd8b2d__20260711T152946214899Z,msl_ncam_nlb_442592358edr_f0250272ncam00385m1,test_msl,bedrock,iou,,0,0,134437
segformer__pretrained__mit-b0__in_rover__seed1414__gpu_full__22d89713__gitc188b320__codebebd8b2d__20260711T152946214899Z,msl_ncam_nlb_442592358edr_f0250272ncam00385m1,test_msl,sand,iou,,0,0,134437
segformer__pretrained__mit-b0__in_rover__seed1414__gpu_full__22d89713__gitc188b320__codebebd8b2d__20260711T152946214899Z,msl_ncam_nlb_442592358edr_f0250272ncam00385m1,test_msl,big_rock,iou,,0,0,134437
segformer__pretrained__mit-b0__in_rover__seed1414__gpu_full__22d89713__gitc188b320__codebebd8b2d__20260711T152946214899Z,msl_ncam_nlb_442592358edr_f0250272ncam00385m1,test_msl,ALL,pixel_acc,1.0,0,0,134437
segformer__pretrained__mit-b0__in_rover__seed1414__gpu_full__22d89713__gitc188b320__codebebd8b2d__20260711T152946214899Z,msl_ncam_nlb_442592358edr_f0250272ncam00385m1,test_msl,ALL,boundary_f1,1.0,0,0,134437
segformer__pretrained__mit-b0__in_rover__seed1414__gpu_full__22d89713__gitc188b320__codebebd8b2d__20260711T152946214899Z,msl_ncam_nlb_442593301edr_f0250312ncam00353m1,test_msl,soil,iou,1.0,106977,106977,106977
segformer__pretrained__mit-b0__in_rover__seed1414__gpu_full__22d89713__gitc188b320__codebebd8b2d__20260711T152946214899Z,msl_ncam_nlb_442593301edr_f0250312ncam00353m1,test_msl,bedrock,iou,,0,0,106977
segformer__pretrained__mit-b0__in_rover__seed1414__gpu_full__22d89713__gitc188b320__codebebd8b2d__20260711T152946214899Z,msl_ncam_nlb_442593301edr_f0250312ncam00353m1,test_msl,sand,iou,,0,0,106977
segformer__pretrained__mit-b0__in_rover__seed1414__gpu_full__22d89713__gitc188b320__codebebd8b2d__20260711T152946214899Z,msl_ncam_nlb_442593301edr_f0250312ncam00353m1,test_msl,big_rock,iou,,0,0,106977
segformer__pretrained__mit-b0__in_rover__seed1414__gpu_full__22d89713__gitc188b320__codebebd8b2d__20260711T152946214899Z,msl_ncam_nlb_442593301edr_f0250312ncam00353m1,test_msl,ALL,pixel_acc,1.0,0,0,106977
segformer__pretrained__mit-b0__in_rover__seed1414__gpu_full__22d89713__gitc188b320__codebebd8b2d__20260711T152946214899Z,msl_ncam_nlb_442593301edr_f0250312ncam00353m1,test_msl,ALL,boundary_f1,1.0,0,0,106977
segformer__pretrained__mit-b0__in_rover__seed1414__gpu_full__22d89713__gitc188b320__codebebd8b2d__20260711T152946214899Z,msl_ncam_nlb_442598077edr_f0250312ncam00281m1,test_msl,soil,iou,1.0,8175,8175,8175
segformer__pretrained__mit-b0__in_rover__seed1414__gpu_full__22d89713__gitc188b320__codebebd8b2d__20260711T152946214899Z,msl_ncam_nlb_442598077edr_f0250312ncam00281m1,test_msl,bedrock,iou,,0,0,8175
segformer__pretrained__mit-b0__in_rover__seed1414__gpu_full__22d89713__gitc188b320__codebebd8b2d__20260711T152946214899Z,msl_ncam_nlb_442598077edr_f0250312ncam00281m1,test_msl,sand,iou,,0,0,8175
segformer__pretrained__mit-b0__in_rover__seed1414__gpu_full__22d89713__gitc188b320__codebebd8b2d__20260711T152946214899Z,msl_ncam_nlb_442598077edr_f0250312ncam00281m1,test_msl,big_rock,iou,,0,0,8175
segformer__pretrained__mit-b0__in_rover__seed1414__gpu_full__22d89713__gitc188b320__codebebd8b2d__20260711T152946214899Z,msl_ncam_nlb_442598077edr_f0250312ncam00281m1,test_msl,ALL,pixel_acc,1.0,0,0,8175
segformer__pretrained__mit-b0__in_rover__seed1414__gpu_full__22d89713__gitc188b320__codebebd8b2d__20260711T152946214899Z,msl_ncam_nlb_442598077edr_f0250312ncam00281m1,test_msl,ALL,boundary_f1,1.0,0,0,8175
segformer__pretrained__mit-b0__in_rover__seed1414__gpu_full__22d89713__gitc188b320__codebebd8b2d__20260711T152946214899Z,msl_ncam_nlb_442598204edr_f0250312ncam00281m1,test_msl,soil,iou,0.9807783871479712,111234,113414,113414
segformer__pretrained__mit-b0__in_rover__seed1414__gpu_full__22d89713__gitc188b320__codebebd8b2d__20260711T152946214899Z,msl_ncam_nlb_442598204edr_f0250312ncam00281m1,test_msl,bedrock,iou,0.0,0,902,113414
segformer__pretrained__mit-b0__in_rover__seed1414__gpu_full__22d89713__gitc188b320__codebebd8b2d__20260711T152946214899Z,msl_ncam_nlb_442598204edr_f0250312ncam00281m1,test_msl,sand,iou,0.0,0,1278,113414
segformer__pretrained__mit-b0__in_rover__seed1414__gpu_full__22d89713__gitc188b320__codebebd8b2d__20260711T152946214899Z,msl_ncam_nlb_442598204edr_f0250312ncam00281m1,test_msl,big_rock,iou,,0,0,113414
segformer__pretrained__mit-b0__in_rover__seed1414__gpu_full__22d89713__gitc188b320__codebebd8b2d__20260711T152946214899Z,msl_ncam_nlb_442598204edr_f0250312ncam00281m1,test_msl,ALL,pixel_acc,0.9807783871479712,0,0,113414
segformer__pretrained__mit-b0__in_rover__seed1414__gpu_full__22d89713__gitc188b320__codebebd8b2d__20260711T152946214899Z,msl_ncam_nlb_442598204edr_f0250312ncam00281m1,test_msl,ALL,boundary_f1,0.30353491089687407,0,0,113414
segformer__pretrained__mit-b0__in_rover__seed1414__gpu_full__22d89713__gitc188b320__codebebd8b2d__20260711T152946214899Z,msl_ncam_nlb_442600163edr_f0250312ncam00350m1,test_msl,soil,iou,1.0,151293,151293,151293
segformer__pretrained__mit-b0__in_rover__seed1414__gpu_full__22d89713__gitc188b320__codebebd8b2d__20260711T152946214899Z,msl_ncam_nlb_442600163edr_f0250312ncam00350m1,test_msl,bedrock,iou,,0,0,151293
segformer__pretrained__mit-b0__in_rover__seed1414__gpu_full__22d89713__gitc188b320__codebebd8b2d__20260711T152946214899Z,msl_ncam_nlb_442600163edr_f0250312ncam00350m1,test_msl,sand,iou,,0,0,151293
segformer__pretrained__mit-b0__in_rover__seed1414__gpu_full__22d89713__gitc188b320__codebebd8b2d__20260711T152946214899Z,msl_ncam_nlb_442600163edr_f0250312ncam00350m1,test_msl,big_rock,iou,,0,0,151293
segformer__pretrained__mit-b0__in_rover__seed1414__gpu_full__22d89713__gitc188b320__codebebd8b2d__20260711T152946214899Z,msl_ncam_nlb_442600163edr_f0250312ncam00350m1,test_msl,ALL,pixel_acc,1.0,0,0,151293
segformer__pretrained__mit-b0__in_rover__seed1414__gpu_full__22d89713__gitc188b320__codebebd8b2d__20260711T152946214899Z,msl_ncam_nlb_442600163edr_f0250312ncam00350m1,test_msl,ALL,boundary_f1,1.0,0,0,151293
segformer__pretrained__mit-b0__in_rover__seed1414__gpu_full__22d89713__gitc188b320__codebebd8b2d__20260711T152946214899Z,msl_ncam_nlb_442600208edr_f0250312ncam00282m1,test_msl,soil,iou,1.0,68473,68473,68473
segformer__pretrained__mit-b0__in_rover__seed1414__gpu_full__22d89713__gitc188b320__codebebd8b2d__20260711T152946214899Z,msl_ncam_nlb_442600208edr_f0250312ncam00282m1,test_msl,bedrock,iou,,0,0,68473
segformer__pretrained__mit-b0__in_rover__seed1414__gpu_full__22d89713__gitc188b320__codebebd8b2d__20260711T152946214899Z,msl_ncam_nlb_442600208edr_f0250312ncam00282m1,test_msl,sand,iou,,0,0,68473
segformer__pretrained__mit-b0__in_rover__seed1414__gpu_full__22d89713__gitc188b320__codebebd8b2d__20260711T152946214899Z,msl_ncam_nlb_442600208edr_f0250312ncam00282m1,test_msl,big_rock,iou,,0,0,68473
segformer__pretrained__mit-b0__in_rover__seed1414__gpu_full__22d89713__gitc188b320__codebebd8b2d__20260711T152946214899Z,msl_ncam_nlb_442600208edr_f0250312ncam00282m1,test_msl,ALL,pixel_acc,1.0,0,0,68473
segformer__pretrained__mit-b0__in_rover__seed1414__gpu_full__22d89713__gitc188b320__codebebd8b2d__20260711T152946214899Z,msl_ncam_nlb_442600208edr_f0250312ncam00282m1,test_msl,ALL,boundary_f1,1.0,0,0,68473
segformer__pretrained__mit-b0__in_rover__seed1414__gpu_full__22d89713__gitc188b320__codebebd8b2d__20260711T152946214899Z,msl_ncam_nlb_442600301edr_f0250312ncam00282m1,test_msl,soil,iou,0.9861834787190445,50535,51243,51243
segformer__pretrained__mit-b0__in_rover__seed1414__gpu_full__22d89713__gitc188b320__codebebd8b2d__20260711T152946214899Z,msl_ncam_nlb_442600301edr_f0250312ncam00282m1,test_msl,bedrock,iou,0.0,0,708,51243
segformer__pretrained__mit-b0__in_rover__seed1414__gpu_full__22d89713__gitc188b320__codebebd8b2d__20260711T152946214899Z,msl_ncam_nlb_442600301edr_f0250312ncam00282m1,test_msl,sand,iou,,0,0,51243
segformer__pretrained__mit-b0__in_rover__seed1414__gpu_full__22d89713__gitc188b320__codebebd8b2d__20260711T152946214899Z,msl_ncam_nlb_442600301edr_f0250312ncam00282m1,test_msl,big_rock,iou,,0,0,51243
segformer__pretrained__mit-b0__in_rover__seed1414__gpu_full__22d89713__gitc188b320__codebebd8b2d__20260711T152946214899Z,msl_ncam_nlb_442600301edr_f0250312ncam00282m1,test_msl,ALL,pixel_acc,0.9861834787190445,0,0,51243
segformer__pretrained__mit-b0__in_rover__seed1414__gpu_full__22d89713__gitc188b320__codebebd8b2d__20260711T152946214899Z,msl_ncam_nlb_442600301edr_f0250312ncam00282m1,test_msl,ALL,boundary_f1,0.4700854700854701,0,0,51243
segformer__pretrained__mit-b0__in_rover__seed1414__gpu_full__22d89713__gitc188b320__codebebd8b2d__20260711T152946214899Z,msl_ncam_nlb_442600416edr_f0250312ncam00282m1,test_msl,soil,iou,1.0,7457,7457,8486
segformer__pretrained__mit-b0__in_rover__seed1414__gpu_full__22d89713__gitc188b320__codebebd8b2d__20260711T152946214899Z,msl_ncam_nlb_442600416edr_f0250312ncam00282m1,test_msl,bedrock,iou,,0,0,8486
segformer__pretrained__mit-b0__in_rover__seed1414__gpu_full__22d89713__gitc188b320__codebebd8b2d__20260711T152946214899Z,msl_ncam_nlb_442600416edr_f0250312ncam00282m1,test_msl,sand,iou,1.0,1029,1029,8486
segformer__pretrained__mit-b0__in_rover__seed1414__gpu_full__22d89713__gitc188b320__codebebd8b2d__20260711T152946214899Z,msl_ncam_nlb_442600416edr_f0250312ncam00282m1,test_msl,big_rock,iou,,0,0,8486
segformer__pretrained__mit-b0__in_rover__seed1414__gpu_full__22d89713__gitc188b320__codebebd8b2d__20260711T152946214899Z,msl_ncam_nlb_442600416edr_f0250312ncam00282m1,test_msl,ALL,pixel_acc,1.0,0,0,8486
segformer__pretrained__mit-b0__in_rover__seed1414__gpu_full__22d89713__gitc188b320__codebebd8b2d__20260711T152946214899Z,msl_ncam_nlb_442600416edr_f0250312ncam00282m1,test_msl,ALL,boundary_f1,1.0,0,0,8486
segformer__pretrained__mit-b0__in_rover__seed1414__gpu_full__22d89713__gitc188b320__codebebd8b2d__20260711T152946214899Z,msl_ncam_nlb_442600447edr_f0250312ncam00282m1,test_msl,soil,iou,1.0,14865,14865,14865
segformer__pretrained__mit-b0__in_rover__seed1414__gpu_full__22d89713__gitc188b320__codebebd8b2d__20260711T152946214899Z,msl_ncam_nlb_442600447edr_f0250312ncam00282m1,test_msl,bedrock,iou,,0,0,14865
segformer__pretrained__mit-b0__in_rover__seed1414__gpu_full__22d89713__gitc188b320__codebebd8b2d__20260711T152946214899Z,msl_ncam_nlb_442600447edr_f0250312ncam00282m1,test_msl,sand,iou,,0,0,14865
segformer__pretrained__mit-b0__in_rover__seed1414__gpu_full__22d89713__gitc188b320__codebebd8b2d__20260711T152946214899Z,msl_ncam_nlb_442600447edr_f0250312ncam00282m1,test_msl,big_rock,iou,,0,0,14865
segformer__pretrained__mit-b0__in_rover__seed1414__gpu_full__22d89713__gitc188b320__codebebd8b2d__20260711T152946214899Z,msl_ncam_nlb_442600447edr_f0250312ncam00282m1,test_msl,ALL,pixel_acc,1.0,0,0,14865
segformer__pretrained__mit-b0__in_rover__seed1414__gpu_full__22d89713__gitc188b320__codebebd8b2d__20260711T152946214899Z,msl_ncam_nlb_442600447edr_f0250312ncam00282m1,test_msl,ALL,boundary_f1,1.0,0,0,14865
segformer__pretrained__mit-b0__in_rover__seed1414__gpu_full__22d89713__gitc188b320__codebebd8b2d__20260711T152946214899Z,msl_ncam_nlb_443659348edr_f0251082ncam00470m1,test_msl,soil,iou,1.0,97953,97953,97953
segformer__pretrained__mit-b0__in_rover__seed1414__gpu_full__22d89713__gitc188b320__codebebd8b2d__20260711T152946214899Z,msl_ncam_nlb_443659348edr_f0251082ncam00470m1,test_msl,bedrock,iou,,0,0,97953
segformer__pretrained__mit-b0__in_rover__seed1414__gpu_full__22d89713__gitc188b320__codebebd8b2d__20260711T152946214899Z,msl_ncam_nlb_443659348edr_f0251082ncam00470m1,test_msl,sand,iou,,0,0,97953
segformer__pretrained__mit-b0__in_rover__seed1414__gpu_full__22d89713__gitc188b320__codebebd8b2d__20260711T152946214899Z,msl_ncam_nlb_443659348edr_f0251082ncam00470m1,test_msl,big_rock,iou,,0,0,97953
segformer__pretrained__mit-b0__in_rover__seed1414__gpu_full__22d89713__gitc188b320__codebebd8b2d__20260711T152946214899Z,msl_ncam_nlb_443659348edr_f0251082ncam00470m1,test_msl,ALL,pixel_acc,1.0,0,0,97953
segformer__pretrained__mit-b0__in_rover__seed1414__gpu_full__22d89713__gitc188b320__codebebd8b2d__20260711T152946214899Z,msl_ncam_nlb_443659348edr_f0251082ncam00470m1,test_msl,ALL,boundary_f1,1.0,0,0,97953
segformer__pretrained__mit-b0__in_rover__seed1414__gpu_full__22d89713__gitc188b320__codebebd8b2d__20260711T152946214899Z,msl_ncam_nlb_443663198edr_f0251238ncam00353m1,test_msl,soil,iou,1.0,159090,159090,159090
segformer__pretrained__mit-b0__in_rover__seed1414__gpu_full__22d89713__gitc188b320__codebebd8b2d__20260711T152946214899Z,msl_ncam_nlb_443663198edr_f0251238ncam00353m1,test_msl,bedrock,iou,,0,0,159090
segformer__pretrained__mit-b0__in_rover__seed1414__gpu_full__22d89713__gitc188b320__codebebd8b2d__20260711T152946214899Z,msl_ncam_nlb_443663198edr_f0251238ncam00353m1,test_msl,sand,iou,,0,0,159090
segformer__pretrained__mit-b0__in_rover__seed1414__gpu_full__22d89713__gitc188b320__codebebd8b2d__20260711T152946214899Z,msl_ncam_nlb_443663198edr_f0251238ncam00353m1,test_msl,big_rock,iou,,0,0,159090
segformer__pretrained__mit-b0__in_rover__seed1414__gpu_full__22d89713__gitc188b320__codebebd8b2d__20260711T152946214899Z,msl_ncam_nlb_443663198edr_f0251238ncam00353m1,test_msl,ALL,pixel_acc,1.0,0,0,159090
segformer__pretrained__mit-b0__in_rover__seed1414__gpu_full__22d89713__gitc188b320__codebebd8b2d__20260711T152946214899Z,msl_ncam_nlb_443663198edr_f0251238ncam00353m1,test_msl,ALL,boundary_f1,1.0,0,0,159090
segformer__pretrained__mit-b0__in_rover__seed1414__gpu_full__22d89713__gitc188b320__codebebd8b2d__20260711T152946214899Z,msl_ncam_nlb_443663262edr_f0251238ncam00289m1,test_msl,soil,iou,1.0,68719,68719,68719
segformer__pretrained__mit-b0__in_rover__seed1414__gpu_full__22d89713__gitc188b320__codebebd8b2d__20260711T152946214899Z,msl_ncam_nlb_443663262edr_f0251238ncam00289m1,test_msl,bedrock,iou,,0,0,68719
segformer__pretrained__mit-b0__in_rover__seed1414__gpu_full__22d89713__gitc188b320__codebebd8b2d__20260711T152946214899Z,msl_ncam_nlb_443663262edr_f0251238ncam00289m1,test_msl,sand,iou,,0,0,68719
segformer__pretrained__mit-b0__in_rover__seed1414__gpu_full__22d89713__gitc188b320__codebebd8b2d__20260711T152946214899Z,msl_ncam_nlb_443663262edr_f0251238ncam00289m1,test_msl,big_rock,iou,,0,0,68719
segformer__pretrained__mit-b0__in_rover__seed1414__gpu_full__22d89713__gitc188b320__codebebd8b2d__20260711T152946214899Z,msl_ncam_nlb_443663262edr_f0251238ncam00289m1,test_msl,ALL,pixel_acc,1.0,0,0,68719
segformer__pretrained__mit-b0__in_rover__seed1414__gpu_full__22d89713__gitc188b320__codebebd8b2d__20260711T152946214899Z,msl_ncam_nlb_443663262edr_f0251238ncam00289m1,test_msl,ALL,boundary_f1,1.0,0,0,68719
segformer__pretrained__mit-b0__in_rover__seed1414__gpu_full__22d89713__gitc188b320__codebebd8b2d__20260711T152946214899Z,msl_ncam_nlb_443663326edr_f0251238ncam00289m1,test_msl,soil,iou,1.0,163565,163565,163565
segformer__pretrained__mit-b0__in_rover__seed1414__gpu_full__22d89713__gitc188b320__codebebd8b2d__20260711T152946214899Z,msl_ncam_nlb_443663326edr_f0251238ncam00289m1,test_msl,bedrock,iou,,0,0,163565
segformer__pretrained__mit-b0__in_rover__seed1414__gpu_full__22d89713__gitc188b320__codebebd8b2d__20260711T152946214899Z,msl_ncam_nlb_443663326edr_f0251238ncam00289m1,test_msl,sand,iou,,0,0,163565
segformer__pretrained__mit-b0__in_rover__seed1414__gpu_full__22d89713__gitc188b320__codebebd8b2d__20260711T152946214899Z,msl_ncam_nlb_443663326edr_f0251238ncam00289m1,test_msl,big_rock,iou,,0,0,163565
segformer__pretrained__mit-b0__in_rover__seed1414__gpu_full__22d89713__gitc188b320__codebebd8b2d__20260711T152946214899Z,msl_ncam_nlb_443663326edr_f0251238ncam00289m1,test_msl,ALL,pixel_acc,1.0,0,0,163565
segformer__pretrained__mit-b0__in_rover__seed1414__gpu_full__22d89713__gitc188b320__codebebd8b2d__20260711T152946214899Z,msl_ncam_nlb_443663326edr_f0251238ncam00289m1,test_msl,ALL,boundary_f1,1.0,0,0,163565
segformer__pretrained__mit-b0__in_rover__seed1414__gpu_full__22d89713__gitc188b320__codebebd8b2d__20260711T152946214899Z,msl_ncam_nlb_443668744edr_f0251238ncam00292m1,test_msl,soil,iou,1.0,56933,56933,56933
segformer__pretrained__mit-b0__in_rover__seed1414__gpu_full__22d89713__gitc188b320__codebebd8b2d__20260711T152946214899Z,msl_ncam_nlb_443668744edr_f0251238ncam00292m1,test_msl,bedrock,iou,,0,0,56933
segformer__pretrained__mit-b0__in_rover__seed1414__gpu_full__22d89713__gitc188b320__codebebd8b2d__20260711T152946214899Z,msl_ncam_nlb_443668744edr_f0251238ncam00292m1,test_msl,sand,iou,,0,0,56933
segformer__pretrained__mit-b0__in_rover__seed1414__gpu_full__22d89713__gitc188b320__codebebd8b2d__20260711T152946214899Z,msl_ncam_nlb_443668744edr_f0251238ncam00292m1,test_msl,big_rock,iou,,0,0,56933
segformer__pretrained__mit-b0__in_rover__seed1414__gpu_full__22d89713__gitc188b320__codebebd8b2d__20260711T152946214899Z,msl_ncam_nlb_443668744edr_f0251238ncam00292m1,test_msl,ALL,pixel_acc,1.0,0,0,56933
segformer__pretrained__mit-b0__in_rover__seed1414__gpu_full__22d89713__gitc188b320__codebebd8b2d__20260711T152946214899Z,msl_ncam_nlb_443668744edr_f0251238ncam00292m1,test_msl,ALL,boundary_f1,1.0,0,0,56933
segformer__pretrained__mit-b0__in_rover__seed1414__gpu_full__22d89713__gitc188b320__codebebd8b2d__20260711T152946214899Z,msl_ncam_nlb_443668806edr_f0251238ncam00292m1,test_msl,soil,iou,1.0,80428,80428,80428
segformer__pretrained__mit-b0__in_rover__seed1414__gpu_full__22d89713__gitc188b320__codebebd8b2d__20260711T152946214899Z,msl_ncam_nlb_443668806edr_f0251238ncam00292m1,test_msl,bedrock,iou,,0,0,80428
segformer__pretrained__mit-b0__in_rover__seed1414__gpu_full__22d89713__gitc188b320__codebebd8b2d__20260711T152946214899Z,msl_ncam_nlb_443668806edr_f0251238ncam00292m1,test_msl,sand,iou,,0,0,80428
segformer__pretrained__mit-b0__in_rover__seed1414__gpu_full__22d89713__gitc188b320__codebebd8b2d__20260711T152946214899Z,msl_ncam_nlb_443668806edr_f0251238ncam00292m1,test_msl,big_rock,iou,,0,0,80428
segformer__pretrained__mit-b0__in_rover__seed1414__gpu_full__22d89713__gitc188b320__codebebd8b2d__20260711T152946214899Z,msl_ncam_nlb_443668806edr_f0251238ncam00292m1,test_msl,ALL,pixel_acc,1.0,0,0,80428
segformer__pretrained__mit-b0__in_rover__seed1414__gpu_full__22d89713__gitc188b320__codebebd8b2d__20260711T152946214899Z,msl_ncam_nlb_443668806edr_f0251238ncam00292m1,test_msl,ALL,boundary_f1,1.0,0,0,80428
segformer__pretrained__mit-b0__in_rover__seed1414__gpu_full__22d89713__gitc188b320__codebebd8b2d__20260711T152946214899Z,msl_ncam_nlb_443668921edr_f0251238ncam00292m1,test_msl,soil,iou,0.9999733706144731,75103,75105,75475
segformer__pretrained__mit-b0__in_rover__seed1414__gpu_full__22d89713__gitc188b320__codebebd8b2d__20260711T152946214899Z,msl_ncam_nlb_443668921edr_f0251238ncam00292m1,test_msl,bedrock,iou,,0,0,75475
segformer__pretrained__mit-b0__in_rover__seed1414__gpu_full__22d89713__gitc188b320__codebebd8b2d__20260711T152946214899Z,msl_ncam_nlb_443668921edr_f0251238ncam00292m1,test_msl,sand,iou,,0,0,75475
segformer__pretrained__mit-b0__in_rover__seed1414__gpu_full__22d89713__gitc188b320__codebebd8b2d__20260711T152946214899Z,msl_ncam_nlb_443668921edr_f0251238ncam00292m1,test_msl,big_rock,iou,0.9946236559139785,370,372,75475
segformer__pretrained__mit-b0__in_rover__seed1414__gpu_full__22d89713__gitc188b320__codebebd8b2d__20260711T152946214899Z,msl_ncam_nlb_443668921edr_f0251238ncam00292m1,test_msl,ALL,pixel_acc,0.9999735011593243,0,0,75475
segformer__pretrained__mit-b0__in_rover__seed1414__gpu_full__22d89713__gitc188b320__codebebd8b2d__20260711T152946214899Z,msl_ncam_nlb_443668921edr_f0251238ncam00292m1,test_msl,ALL,boundary_f1,0.9997981429148164,0,0,75475
segformer__pretrained__mit-b0__in_rover__seed1414__gpu_full__22d89713__gitc188b320__codebebd8b2d__20260711T152946214899Z,msl_ncam_nlb_443669058edr_f0251238ncam00352m1,test_msl,soil,iou,1.0,191983,191983,191983
segformer__pretrained__mit-b0__in_rover__seed1414__gpu_full__22d89713__gitc188b320__codebebd8b2d__20260711T152946214899Z,msl_ncam_nlb_443669058edr_f0251238ncam00352m1,test_msl,bedrock,iou,,0,0,191983
segformer__pretrained__mit-b0__in_rover__seed1414__gpu_full__22d89713__gitc188b320__codebebd8b2d__20260711T152946214899Z,msl_ncam_nlb_443669058edr_f0251238ncam00352m1,test_msl,sand,iou,,0,0,191983
segformer__pretrained__mit-b0__in_rover__seed1414__gpu_full__22d89713__gitc188b320__codebebd8b2d__20260711T152946214899Z,msl_ncam_nlb_443669058edr_f0251238ncam00352m1,test_msl,big_rock,iou,,0,0,191983
segformer__pretrained__mit-b0__in_rover__seed1414__gpu_full__22d89713__gitc188b320__codebebd8b2d__20260711T152946214899Z,msl_ncam_nlb_443669058edr_f0251238ncam00352m1,test_msl,ALL,pixel_acc,1.0,0,0,191983
segformer__pretrained__mit-b0__in_rover__seed1414__gpu_full__22d89713__gitc188b320__codebebd8b2d__20260711T152946214899Z,msl_ncam_nlb_443669058edr_f0251238ncam00352m1,test_msl,ALL,boundary_f1,1.0,0,0,191983
segformer__pretrained__mit-b0__in_rover__seed1414__gpu_full__22d89713__gitc188b320__codebebd8b2d__20260711T152946214899Z,msl_ncam_nlb_443669122edr_f0251238ncam00352m1,test_msl,soil,iou,1.0,138713,138713,138713
segformer__pretrained__mit-b0__in_rover__seed1414__gpu_full__22d89713__gitc188b320__codebebd8b2d__20260711T152946214899Z,msl_ncam_nlb_443669122edr_f0251238ncam00352m1,test_msl,bedrock,iou,,0,0,138713
segformer__pretrained__mit-b0__in_rover__seed1414__gpu_full__22d89713__gitc188b320__codebebd8b2d__20260711T152946214899Z,msl_ncam_nlb_443669122edr_f0251238ncam00352m1,test_msl,sand,iou,,0,0,138713
segformer__pretrained__mit-b0__in_rover__seed1414__gpu_full__22d89713__gitc188b320__codebebd8b2d__20260711T152946214899Z,msl_ncam_nlb_443669122edr_f0251238ncam00352m1,test_msl,big_rock,iou,,0,0,138713
segformer__pretrained__mit-b0__in_rover__seed1414__gpu_full__22d89713__gitc188b320__codebebd8b2d__20260711T152946214899Z,msl_ncam_nlb_443669122edr_f0251238ncam00352m1,test_msl,ALL,pixel_acc,1.0,0,0,138713
segformer__pretrained__mit-b0__in_rover__seed1414__gpu_full__22d89713__gitc188b320__codebebd8b2d__20260711T152946214899Z,msl_ncam_nlb_443669122edr_f0251238ncam00352m1,test_msl,ALL,boundary_f1,1.0,0,0,138713
segformer__pretrained__mit-b0__in_rover__seed1414__gpu_full__22d89713__gitc188b320__codebebd8b2d__20260711T152946214899Z,msl_ncam_nlb_448278207edr_f0300432ncam00380m1,test_msl,soil,iou,1.0,219849,219849,219849
segformer__pretrained__mit-b0__in_rover__seed1414__gpu_full__22d89713__gitc188b320__codebebd8b2d__20260711T152946214899Z,msl_ncam_nlb_448278207edr_f0300432ncam00380m1,test_msl,bedrock,iou,,0,0,219849
segformer__pretrained__mit-b0__in_rover__seed1414__gpu_full__22d89713__gitc188b320__codebebd8b2d__20260711T152946214899Z,msl_ncam_nlb_448278207edr_f0300432ncam00380m1,test_msl,sand,iou,,0,0,219849
segformer__pretrained__mit-b0__in_rover__seed1414__gpu_full__22d89713__gitc188b320__codebebd8b2d__20260711T152946214899Z,msl_ncam_nlb_448278207edr_f0300432ncam00380m1,test_msl,big_rock,iou,,0,0,219849
segformer__pretrained__mit-b0__in_rover__seed1414__gpu_full__22d89713__gitc188b320__codebebd8b2d__20260711T152946214899Z,msl_ncam_nlb_448278207edr_f0300432ncam00380m1,test_msl,ALL,pixel_acc,1.0,0,0,219849
segformer__pretrained__mit-b0__in_rover__seed1414__gpu_full__22d89713__gitc188b320__codebebd8b2d__20260711T152946214899Z,msl_ncam_nlb_448278207edr_f0300432ncam00380m1,test_msl,ALL,boundary_f1,1.0,0,0,219849
segformer__pretrained__mit-b0__in_rover__seed1414__gpu_full__22d89713__gitc188b320__codebebd8b2d__20260711T152946214899Z,msl_ncam_nlb_448279148edr_f0300484ncam00353m1,test_msl,soil,iou,1.0,173750,173750,173750
segformer__pretrained__mit-b0__in_rover__seed1414__gpu_full__22d89713__gitc188b320__codebebd8b2d__20260711T152946214899Z,msl_ncam_nlb_448279148edr_f0300484ncam00353m1,test_msl,bedrock,iou,,0,0,173750
segformer__pretrained__mit-b0__in_rover__seed1414__gpu_full__22d89713__gitc188b320__codebebd8b2d__20260711T152946214899Z,msl_ncam_nlb_448279148edr_f0300484ncam00353m1,test_msl,sand,iou,,0,0,173750
segformer__pretrained__mit-b0__in_rover__seed1414__gpu_full__22d89713__gitc188b320__codebebd8b2d__20260711T152946214899Z,msl_ncam_nlb_448279148edr_f0300484ncam00353m1,test_msl,big_rock,iou,,0,0,173750
segformer__pretrained__mit-b0__in_rover__seed1414__gpu_full__22d89713__gitc188b320__codebebd8b2d__20260711T152946214899Z,msl_ncam_nlb_448279148edr_f0300484ncam00353m1,test_msl,ALL,pixel_acc,1.0,0,0,173750
segformer__pretrained__mit-b0__in_rover__seed1414__gpu_full__22d89713__gitc188b320__codebebd8b2d__20260711T152946214899Z,msl_ncam_nlb_448279148edr_f0300484ncam00353m1,test_msl,ALL,boundary_f1,1.0,0,0,173750
segformer__pretrained__mit-b0__in_rover__seed1414__gpu_full__22d89713__gitc188b320__codebebd8b2d__20260711T152946214899Z,msl_ncam_nlb_448279299edr_f0300484ncam00299m1,test_msl,soil,iou,1.0,103574,103574,103574
segformer__pretrained__mit-b0__in_rover__seed1414__gpu_full__22d89713__gitc188b320__codebebd8b2d__20260711T152946214899Z,msl_ncam_nlb_448279299edr_f0300484ncam00299m1,test_msl,bedrock,iou,,0,0,103574
segformer__pretrained__mit-b0__in_rover__seed1414__gpu_full__22d89713__gitc188b320__codebebd8b2d__20260711T152946214899Z,msl_ncam_nlb_448279299edr_f0300484ncam00299m1,test_msl,sand,iou,,0,0,103574
segformer__pretrained__mit-b0__in_rover__seed1414__gpu_full__22d89713__gitc188b320__codebebd8b2d__20260711T152946214899Z,msl_ncam_nlb_448279299edr_f0300484ncam00299m1,test_msl,big_rock,iou,,0,0,103574
segformer__pretrained__mit-b0__in_rover__seed1414__gpu_full__22d89713__gitc188b320__codebebd8b2d__20260711T152946214899Z,msl_ncam_nlb_448279299edr_f0300484ncam00299m1,test_msl,ALL,pixel_acc,1.0,0,0,103574
segformer__pretrained__mit-b0__in_rover__seed1414__gpu_full__22d89713__gitc188b320__codebebd8b2d__20260711T152946214899Z,msl_ncam_nlb_448279299edr_f0300484ncam00299m1,test_msl,ALL,boundary_f1,1.0,0,0,103574
segformer__pretrained__mit-b0__in_rover__seed1414__gpu_full__22d89713__gitc188b320__codebebd8b2d__20260711T152946214899Z,msl_ncam_nlb_448279363edr_f0300484ncam00299m1,test_msl,soil,iou,,0,0,0
segformer__pretrained__mit-b0__in_rover__seed1414__gpu_full__22d89713__gitc188b320__codebebd8b2d__20260711T152946214899Z,msl_ncam_nlb_448279363edr_f0300484ncam00299m1,test_msl,bedrock,iou,,0,0,0
segformer__pretrained__mit-b0__in_rover__seed1414__gpu_full__22d89713__gitc188b320__codebebd8b2d__20260711T152946214899Z,msl_ncam_nlb_448279363edr_f0300484ncam00299m1,test_msl,sand,iou,,0,0,0
segformer__pretrained__mit-b0__in_rover__seed1414__gpu_full__22d89713__gitc188b320__codebebd8b2d__20260711T152946214899Z,msl_ncam_nlb_448279363edr_f0300484ncam00299m1,test_msl,big_rock,iou,,0,0,0
segformer__pretrained__mit-b0__in_rover__seed1414__gpu_full__22d89713__gitc188b320__codebebd8b2d__20260711T152946214899Z,msl_ncam_nlb_448279363edr_f0300484ncam00299m1,test_msl,ALL,pixel_acc,,0,0,0
segformer__pretrained__mit-b0__in_rover__seed1414__gpu_full__22d89713__gitc188b320__codebebd8b2d__20260711T152946214899Z,msl_ncam_nlb_448279363edr_f0300484ncam00299m1,test_msl,ALL,boundary_f1,,0,0,0
segformer__pretrained__mit-b0__in_rover__seed1414__gpu_full__22d89713__gitc188b320__codebebd8b2d__20260711T152946214899Z,msl_ncam_nlb_448279809edr_f0300484ncam00354m1,test_msl,soil,iou,1.0,235752,235752,235752
segformer__pretrained__mit-b0__in_rover__seed1414__gpu_full__22d89713__gitc188b320__codebebd8b2d__20260711T152946214899Z,msl_ncam_nlb_448279809edr_f0300484ncam00354m1,test_msl,bedrock,iou,,0,0,235752
segformer__pretrained__mit-b0__in_rover__seed1414__gpu_full__22d89713__gitc188b320__codebebd8b2d__20260711T152946214899Z,msl_ncam_nlb_448279809edr_f0300484ncam00354m1,test_msl,sand,iou,,0,0,235752
segformer__pretrained__mit-b0__in_rover__seed1414__gpu_full__22d89713__gitc188b320__codebebd8b2d__20260711T152946214899Z,msl_ncam_nlb_448279809edr_f0300484ncam00354m1,test_msl,big_rock,iou,,0,0,235752
segformer__pretrained__mit-b0__in_rover__seed1414__gpu_full__22d89713__gitc188b320__codebebd8b2d__20260711T152946214899Z,msl_ncam_nlb_448279809edr_f0300484ncam00354m1,test_msl,ALL,pixel_acc,1.0,0,0,235752
segformer__pretrained__mit-b0__in_rover__seed1414__gpu_full__22d89713__gitc188b320__codebebd8b2d__20260711T152946214899Z,msl_ncam_nlb_448279809edr_f0300484ncam00354m1,test_msl,ALL,boundary_f1,1.0,0,0,235752
segformer__pretrained__mit-b0__in_rover__seed1414__gpu_full__22d89713__gitc188b320__codebebd8b2d__20260711T152946214899Z,msl_ncam_nlb_448279926edr_f0300484ncam00250m1,test_msl,soil,iou,1.0,165154,165154,165154
segformer__pretrained__mit-b0__in_rover__seed1414__gpu_full__22d89713__gitc188b320__codebebd8b2d__20260711T152946214899Z,msl_ncam_nlb_448279926edr_f0300484ncam00250m1,test_msl,bedrock,iou,,0,0,165154
segformer__pretrained__mit-b0__in_rover__seed1414__gpu_full__22d89713__gitc188b320__codebebd8b2d__20260711T152946214899Z,msl_ncam_nlb_448279926edr_f0300484ncam00250m1,test_msl,sand,iou,,0,0,165154
segformer__pretrained__mit-b0__in_rover__seed1414__gpu_full__22d89713__gitc188b320__codebebd8b2d__20260711T152946214899Z,msl_ncam_nlb_448279926edr_f0300484ncam00250m1,test_msl,big_rock,iou,,0,0,165154
segformer__pretrained__mit-b0__in_rover__seed1414__gpu_full__22d89713__gitc188b320__codebebd8b2d__20260711T152946214899Z,msl_ncam_nlb_448279926edr_f0300484ncam00250m1,test_msl,ALL,pixel_acc,1.0,0,0,165154
segformer__pretrained__mit-b0__in_rover__seed1414__gpu_full__22d89713__gitc188b320__codebebd8b2d__20260711T152946214899Z,msl_ncam_nlb_448279926edr_f0300484ncam00250m1,test_msl,ALL,boundary_f1,1.0,0,0,165154
segformer__pretrained__mit-b0__in_rover__seed1414__gpu_full__22d89713__gitc188b320__codebebd8b2d__20260711T152946214899Z,msl_ncam_nlb_448279988edr_f0300484ncam00250m1,test_msl,soil,iou,1.0,181913,181913,181913
segformer__pretrained__mit-b0__in_rover__seed1414__gpu_full__22d89713__gitc188b320__codebebd8b2d__20260711T152946214899Z,msl_ncam_nlb_448279988edr_f0300484ncam00250m1,test_msl,bedrock,iou,,0,0,181913
segformer__pretrained__mit-b0__in_rover__seed1414__gpu_full__22d89713__gitc188b320__codebebd8b2d__20260711T152946214899Z,msl_ncam_nlb_448279988edr_f0300484ncam00250m1,test_msl,sand,iou,,0,0,181913
segformer__pretrained__mit-b0__in_rover__seed1414__gpu_full__22d89713__gitc188b320__codebebd8b2d__20260711T152946214899Z,msl_ncam_nlb_448279988edr_f0300484ncam00250m1,test_msl,big_rock,iou,,0,0,181913
segformer__pretrained__mit-b0__in_rover__seed1414__gpu_full__22d89713__gitc188b320__codebebd8b2d__20260711T152946214899Z,msl_ncam_nlb_448279988edr_f0300484ncam00250m1,test_msl,ALL,pixel_acc,1.0,0,0,181913
segformer__pretrained__mit-b0__in_rover__seed1414__gpu_full__22d89713__gitc188b320__codebebd8b2d__20260711T152946214899Z,msl_ncam_nlb_448279988edr_f0300484ncam00250m1,test_msl,ALL,boundary_f1,1.0,0,0,181913
segformer__pretrained__mit-b0__in_rover__seed1414__gpu_full__22d89713__gitc188b320__codebebd8b2d__20260711T152946214899Z,msl_ncam_nlb_448280142edr_f0300484ncam00250m1,test_msl,soil,iou,1.0,85498,85498,85498
segformer__pretrained__mit-b0__in_rover__seed1414__gpu_full__22d89713__gitc188b320__codebebd8b2d__20260711T152946214899Z,msl_ncam_nlb_448280142edr_f0300484ncam00250m1,test_msl,bedrock,iou,,0,0,85498
segformer__pretrained__mit-b0__in_rover__seed1414__gpu_full__22d89713__gitc188b320__codebebd8b2d__20260711T152946214899Z,msl_ncam_nlb_448280142edr_f0300484ncam00250m1,test_msl,sand,iou,,0,0,85498
segformer__pretrained__mit-b0__in_rover__seed1414__gpu_full__22d89713__gitc188b320__codebebd8b2d__20260711T152946214899Z,msl_ncam_nlb_448280142edr_f0300484ncam00250m1,test_msl,big_rock,iou,,0,0,85498
segformer__pretrained__mit-b0__in_rover__seed1414__gpu_full__22d89713__gitc188b320__codebebd8b2d__20260711T152946214899Z,msl_ncam_nlb_448280142edr_f0300484ncam00250m1,test_msl,ALL,pixel_acc,1.0,0,0,85498
segformer__pretrained__mit-b0__in_rover__seed1414__gpu_full__22d89713__gitc188b320__codebebd8b2d__20260711T152946214899Z,msl_ncam_nlb_448280142edr_f0300484ncam00250m1,test_msl,ALL,boundary_f1,1.0,0,0,85498
segformer__pretrained__mit-b0__in_rover__seed1414__gpu_full__22d89713__gitc188b320__codebebd8b2d__20260711T152946214899Z,msl_ncam_nlb_453776957edr_f0320204ncam00498m1,test_msl,soil,iou,0.9837833726325398,194007,197205,201171
segformer__pretrained__mit-b0__in_rover__seed1414__gpu_full__22d89713__gitc188b320__codebebd8b2d__20260711T152946214899Z,msl_ncam_nlb_453776957edr_f0320204ncam00498m1,test_msl,bedrock,iou,,0,0,201171
segformer__pretrained__mit-b0__in_rover__seed1414__gpu_full__22d89713__gitc188b320__codebebd8b2d__20260711T152946214899Z,msl_ncam_nlb_453776957edr_f0320204ncam00498m1,test_msl,sand,iou,0.3586490016794178,1922,5359,201171
segformer__pretrained__mit-b0__in_rover__seed1414__gpu_full__22d89713__gitc188b320__codebebd8b2d__20260711T152946214899Z,msl_ncam_nlb_453776957edr_f0320204ncam00498m1,test_msl,big_rock,iou,0.8830724070450098,1805,2044,201171
segformer__pretrained__mit-b0__in_rover__seed1414__gpu_full__22d89713__gitc188b320__codebebd8b2d__20260711T152946214899Z,msl_ncam_nlb_453776957edr_f0320204ncam00498m1,test_msl,ALL,pixel_acc,0.9829150324848015,0,0,201171
segformer__pretrained__mit-b0__in_rover__seed1414__gpu_full__22d89713__gitc188b320__codebebd8b2d__20260711T152946214899Z,msl_ncam_nlb_453776957edr_f0320204ncam00498m1,test_msl,ALL,boundary_f1,0.7148795145430746,0,0,201171
segformer__pretrained__mit-b0__in_rover__seed1414__gpu_full__22d89713__gitc188b320__codebebd8b2d__20260711T152946214899Z,msl_ncam_nlb_453777056edr_f0320204ncam00497m1,test_msl,soil,iou,1.0,241876,241876,241876
segformer__pretrained__mit-b0__in_rover__seed1414__gpu_full__22d89713__gitc188b320__codebebd8b2d__20260711T152946214899Z,msl_ncam_nlb_453777056edr_f0320204ncam00497m1,test_msl,bedrock,iou,,0,0,241876
segformer__pretrained__mit-b0__in_rover__seed1414__gpu_full__22d89713__gitc188b320__codebebd8b2d__20260711T152946214899Z,msl_ncam_nlb_453777056edr_f0320204ncam00497m1,test_msl,sand,iou,,0,0,241876
segformer__pretrained__mit-b0__in_rover__seed1414__gpu_full__22d89713__gitc188b320__codebebd8b2d__20260711T152946214899Z,msl_ncam_nlb_453777056edr_f0320204ncam00497m1,test_msl,big_rock,iou,,0,0,241876
segformer__pretrained__mit-b0__in_rover__seed1414__gpu_full__22d89713__gitc188b320__codebebd8b2d__20260711T152946214899Z,msl_ncam_nlb_453777056edr_f0320204ncam00497m1,test_msl,ALL,pixel_acc,1.0,0,0,241876
segformer__pretrained__mit-b0__in_rover__seed1414__gpu_full__22d89713__gitc188b320__codebebd8b2d__20260711T152946214899Z,msl_ncam_nlb_453777056edr_f0320204ncam00497m1,test_msl,ALL,boundary_f1,1.0,0,0,241876
segformer__pretrained__mit-b0__in_rover__seed1414__gpu_full__22d89713__gitc188b320__codebebd8b2d__20260711T152946214899Z,msl_ncam_nlb_453780775edr_f0320478ncam00353m1,test_msl,soil,iou,1.0,178148,178148,178148
segformer__pretrained__mit-b0__in_rover__seed1414__gpu_full__22d89713__gitc188b320__codebebd8b2d__20260711T152946214899Z,msl_ncam_nlb_453780775edr_f0320478ncam00353m1,test_msl,bedrock,iou,,0,0,178148
segformer__pretrained__mit-b0__in_rover__seed1414__gpu_full__22d89713__gitc188b320__codebebd8b2d__20260711T152946214899Z,msl_ncam_nlb_453780775edr_f0320478ncam00353m1,test_msl,sand,iou,,0,0,178148
segformer__pretrained__mit-b0__in_rover__seed1414__gpu_full__22d89713__gitc188b320__codebebd8b2d__20260711T152946214899Z,msl_ncam_nlb_453780775edr_f0320478ncam00353m1,test_msl,big_rock,iou,,0,0,178148
segformer__pretrained__mit-b0__in_rover__seed1414__gpu_full__22d89713__gitc188b320__codebebd8b2d__20260711T152946214899Z,msl_ncam_nlb_453780775edr_f0320478ncam00353m1,test_msl,ALL,pixel_acc,1.0,0,0,178148
segformer__pretrained__mit-b0__in_rover__seed1414__gpu_full__22d89713__gitc188b320__codebebd8b2d__20260711T152946214899Z,msl_ncam_nlb_453780775edr_f0320478ncam00353m1,test_msl,ALL,boundary_f1,1.0,0,0,178148
segformer__pretrained__mit-b0__in_rover__seed1414__gpu_full__22d89713__gitc188b320__codebebd8b2d__20260711T152946214899Z,msl_ncam_nlb_453780853edr_f0320478ncam00281m1,test_msl,soil,iou,0.9984236400555734,186845,187140,187378
segformer__pretrained__mit-b0__in_rover__seed1414__gpu_full__22d89713__gitc188b320__codebebd8b2d__20260711T152946214899Z,msl_ncam_nlb_453780853edr_f0320478ncam00281m1,test_msl,bedrock,iou,,0,0,187378
segformer__pretrained__mit-b0__in_rover__seed1414__gpu_full__22d89713__gitc188b320__codebebd8b2d__20260711T152946214899Z,msl_ncam_nlb_453780853edr_f0320478ncam00281m1,test_msl,sand,iou,,0,0,187378
segformer__pretrained__mit-b0__in_rover__seed1414__gpu_full__22d89713__gitc188b320__codebebd8b2d__20260711T152946214899Z,msl_ncam_nlb_453780853edr_f0320478ncam00281m1,test_msl,big_rock,iou,0.44652908067542213,238,533,187378
segformer__pretrained__mit-b0__in_rover__seed1414__gpu_full__22d89713__gitc188b320__codebebd8b2d__20260711T152946214899Z,msl_ncam_nlb_453780853edr_f0320478ncam00281m1,test_msl,ALL,pixel_acc,0.9984256422845799,0,0,187378
segformer__pretrained__mit-b0__in_rover__seed1414__gpu_full__22d89713__gitc188b320__codebebd8b2d__20260711T152946214899Z,msl_ncam_nlb_453780853edr_f0320478ncam00281m1,test_msl,ALL,boundary_f1,0.8098204657469996,0,0,187378
segformer__pretrained__mit-b0__in_rover__seed1414__gpu_full__22d89713__gitc188b320__codebebd8b2d__20260711T152946214899Z,msl_ncam_nlb_453781520edr_f0320478ncam00282m1,test_msl,soil,iou,1.0,44638,44638,44638
segformer__pretrained__mit-b0__in_rover__seed1414__gpu_full__22d89713__gitc188b320__codebebd8b2d__20260711T152946214899Z,msl_ncam_nlb_453781520edr_f0320478ncam00282m1,test_msl,bedrock,iou,,0,0,44638
segformer__pretrained__mit-b0__in_rover__seed1414__gpu_full__22d89713__gitc188b320__codebebd8b2d__20260711T152946214899Z,msl_ncam_nlb_453781520edr_f0320478ncam00282m1,test_msl,sand,iou,,0,0,44638
segformer__pretrained__mit-b0__in_rover__seed1414__gpu_full__22d89713__gitc188b320__codebebd8b2d__20260711T152946214899Z,msl_ncam_nlb_453781520edr_f0320478ncam00282m1,test_msl,big_rock,iou,,0,0,44638
segformer__pretrained__mit-b0__in_rover__seed1414__gpu_full__22d89713__gitc188b320__codebebd8b2d__20260711T152946214899Z,msl_ncam_nlb_453781520edr_f0320478ncam00282m1,test_msl,ALL,pixel_acc,1.0,0,0,44638
segformer__pretrained__mit-b0__in_rover__seed1414__gpu_full__22d89713__gitc188b320__codebebd8b2d__20260711T152946214899Z,msl_ncam_nlb_453781520edr_f0320478ncam00282m1,test_msl,ALL,boundary_f1,1.0,0,0,44638
segformer__pretrained__mit-b0__in_rover__seed1414__gpu_full__22d89713__gitc188b320__codebebd8b2d__20260711T152946214899Z,msl_ncam_nlb_453781583edr_f0320478ncam00282m1,test_msl,soil,iou,,0,0,0
segformer__pretrained__mit-b0__in_rover__seed1414__gpu_full__22d89713__gitc188b320__codebebd8b2d__20260711T152946214899Z,msl_ncam_nlb_453781583edr_f0320478ncam00282m1,test_msl,bedrock,iou,,0,0,0
segformer__pretrained__mit-b0__in_rover__seed1414__gpu_full__22d89713__gitc188b320__codebebd8b2d__20260711T152946214899Z,msl_ncam_nlb_453781583edr_f0320478ncam00282m1,test_msl,sand,iou,,0,0,0
segformer__pretrained__mit-b0__in_rover__seed1414__gpu_full__22d89713__gitc188b320__codebebd8b2d__20260711T152946214899Z,msl_ncam_nlb_453781583edr_f0320478ncam00282m1,test_msl,big_rock,iou,,0,0,0
segformer__pretrained__mit-b0__in_rover__seed1414__gpu_full__22d89713__gitc188b320__codebebd8b2d__20260711T152946214899Z,msl_ncam_nlb_453781583edr_f0320478ncam00282m1,test_msl,ALL,pixel_acc,,0,0,0
segformer__pretrained__mit-b0__in_rover__seed1414__gpu_full__22d89713__gitc188b320__codebebd8b2d__20260711T152946214899Z,msl_ncam_nlb_453781583edr_f0320478ncam00282m1,test_msl,ALL,boundary_f1,,0,0,0
segformer__pretrained__mit-b0__in_rover__seed1414__gpu_full__22d89713__gitc188b320__codebebd8b2d__20260711T152946214899Z,msl_ncam_nlb_453781647edr_f0320478ncam00282m1,test_msl,soil,iou,1.0,198856,198856,198856
segformer__pretrained__mit-b0__in_rover__seed1414__gpu_full__22d89713__gitc188b320__codebebd8b2d__20260711T152946214899Z,msl_ncam_nlb_453781647edr_f0320478ncam00282m1,test_msl,bedrock,iou,,0,0,198856
segformer__pretrained__mit-b0__in_rover__seed1414__gpu_full__22d89713__gitc188b320__codebebd8b2d__20260711T152946214899Z,msl_ncam_nlb_453781647edr_f0320478ncam00282m1,test_msl,sand,iou,,0,0,198856
segformer__pretrained__mit-b0__in_rover__seed1414__gpu_full__22d89713__gitc188b320__codebebd8b2d__20260711T152946214899Z,msl_ncam_nlb_453781647edr_f0320478ncam00282m1,test_msl,big_rock,iou,,0,0,198856
segformer__pretrained__mit-b0__in_rover__seed1414__gpu_full__22d89713__gitc188b320__codebebd8b2d__20260711T152946214899Z,msl_ncam_nlb_453781647edr_f0320478ncam00282m1,test_msl,ALL,pixel_acc,1.0,0,0,198856
segformer__pretrained__mit-b0__in_rover__seed1414__gpu_full__22d89713__gitc188b320__codebebd8b2d__20260711T152946214899Z,msl_ncam_nlb_453781647edr_f0320478ncam00282m1,test_msl,ALL,boundary_f1,1.0,0,0,198856
segformer__pretrained__mit-b0__in_rover__seed1414__gpu_full__22d89713__gitc188b320__codebebd8b2d__20260711T152946214899Z,msl_ncam_nlb_454576834edr_f0330660ncam00291m1,test_msl,soil,iou,1.0,96212,96212,96212
segformer__pretrained__mit-b0__in_rover__seed1414__gpu_full__22d89713__gitc188b320__codebebd8b2d__20260711T152946214899Z,msl_ncam_nlb_454576834edr_f0330660ncam00291m1,test_msl,bedrock,iou,,0,0,96212
segformer__pretrained__mit-b0__in_rover__seed1414__gpu_full__22d89713__gitc188b320__codebebd8b2d__20260711T152946214899Z,msl_ncam_nlb_454576834edr_f0330660ncam00291m1,test_msl,sand,iou,,0,0,96212
segformer__pretrained__mit-b0__in_rover__seed1414__gpu_full__22d89713__gitc188b320__codebebd8b2d__20260711T152946214899Z,msl_ncam_nlb_454576834edr_f0330660ncam00291m1,test_msl,big_rock,iou,,0,0,96212
segformer__pretrained__mit-b0__in_rover__seed1414__gpu_full__22d89713__gitc188b320__codebebd8b2d__20260711T152946214899Z,msl_ncam_nlb_454576834edr_f0330660ncam00291m1,test_msl,ALL,pixel_acc,1.0,0,0,96212
segformer__pretrained__mit-b0__in_rover__seed1414__gpu_full__22d89713__gitc188b320__codebebd8b2d__20260711T152946214899Z,msl_ncam_nlb_454576834edr_f0330660ncam00291m1,test_msl,ALL,boundary_f1,1.0,0,0,96212
segformer__pretrained__mit-b0__in_rover__seed1414__gpu_full__22d89713__gitc188b320__codebebd8b2d__20260711T152946214899Z,msl_ncam_nlb_454577689edr_f0330660ncam00350m1,test_msl,soil,iou,1.0,220994,220994,220994
segformer__pretrained__mit-b0__in_rover__seed1414__gpu_full__22d89713__gitc188b320__codebebd8b2d__20260711T152946214899Z,msl_ncam_nlb_454577689edr_f0330660ncam00350m1,test_msl,bedrock,iou,,0,0,220994
segformer__pretrained__mit-b0__in_rover__seed1414__gpu_full__22d89713__gitc188b320__codebebd8b2d__20260711T152946214899Z,msl_ncam_nlb_454577689edr_f0330660ncam00350m1,test_msl,sand,iou,,0,0,220994
segformer__pretrained__mit-b0__in_rover__seed1414__gpu_full__22d89713__gitc188b320__codebebd8b2d__20260711T152946214899Z,msl_ncam_nlb_454577689edr_f0330660ncam00350m1,test_msl,big_rock,iou,,0,0,220994
segformer__pretrained__mit-b0__in_rover__seed1414__gpu_full__22d89713__gitc188b320__codebebd8b2d__20260711T152946214899Z,msl_ncam_nlb_454577689edr_f0330660ncam00350m1,test_msl,ALL,pixel_acc,1.0,0,0,220994
segformer__pretrained__mit-b0__in_rover__seed1414__gpu_full__22d89713__gitc188b320__codebebd8b2d__20260711T152946214899Z,msl_ncam_nlb_454577689edr_f0330660ncam00350m1,test_msl,ALL,boundary_f1,1.0,0,0,220994
segformer__pretrained__mit-b0__in_rover__seed1414__gpu_full__22d89713__gitc188b320__codebebd8b2d__20260711T152946214899Z,msl_ncam_nlb_454577808edr_f0330660ncam00350m1,test_msl,soil,iou,1.0,149819,149819,149819
segformer__pretrained__mit-b0__in_rover__seed1414__gpu_full__22d89713__gitc188b320__codebebd8b2d__20260711T152946214899Z,msl_ncam_nlb_454577808edr_f0330660ncam00350m1,test_msl,bedrock,iou,,0,0,149819
segformer__pretrained__mit-b0__in_rover__seed1414__gpu_full__22d89713__gitc188b320__codebebd8b2d__20260711T152946214899Z,msl_ncam_nlb_454577808edr_f0330660ncam00350m1,test_msl,sand,iou,,0,0,149819
segformer__pretrained__mit-b0__in_rover__seed1414__gpu_full__22d89713__gitc188b320__codebebd8b2d__20260711T152946214899Z,msl_ncam_nlb_454577808edr_f0330660ncam00350m1,test_msl,big_rock,iou,,0,0,149819
segformer__pretrained__mit-b0__in_rover__seed1414__gpu_full__22d89713__gitc188b320__codebebd8b2d__20260711T152946214899Z,msl_ncam_nlb_454577808edr_f0330660ncam00350m1,test_msl,ALL,pixel_acc,1.0,0,0,149819
segformer__pretrained__mit-b0__in_rover__seed1414__gpu_full__22d89713__gitc188b320__codebebd8b2d__20260711T152946214899Z,msl_ncam_nlb_454577808edr_f0330660ncam00350m1,test_msl,ALL,boundary_f1,1.0,0,0,149819
segformer__pretrained__mit-b0__in_rover__seed1414__gpu_full__22d89713__gitc188b320__codebebd8b2d__20260711T152946214899Z,msl_ncam_nlb_454577843edr_f0330660ncam00292m1,test_msl,soil,iou,1.0,190037,190037,190037
segformer__pretrained__mit-b0__in_rover__seed1414__gpu_full__22d89713__gitc188b320__codebebd8b2d__20260711T152946214899Z,msl_ncam_nlb_454577843edr_f0330660ncam00292m1,test_msl,bedrock,iou,,0,0,190037
segformer__pretrained__mit-b0__in_rover__seed1414__gpu_full__22d89713__gitc188b320__codebebd8b2d__20260711T152946214899Z,msl_ncam_nlb_454577843edr_f0330660ncam00292m1,test_msl,sand,iou,,0,0,190037
segformer__pretrained__mit-b0__in_rover__seed1414__gpu_full__22d89713__gitc188b320__codebebd8b2d__20260711T152946214899Z,msl_ncam_nlb_454577843edr_f0330660ncam00292m1,test_msl,big_rock,iou,,0,0,190037
segformer__pretrained__mit-b0__in_rover__seed1414__gpu_full__22d89713__gitc188b320__codebebd8b2d__20260711T152946214899Z,msl_ncam_nlb_454577843edr_f0330660ncam00292m1,test_msl,ALL,pixel_acc,1.0,0,0,190037
segformer__pretrained__mit-b0__in_rover__seed1414__gpu_full__22d89713__gitc188b320__codebebd8b2d__20260711T152946214899Z,msl_ncam_nlb_454577843edr_f0330660ncam00292m1,test_msl,ALL,boundary_f1,1.0,0,0,190037
segformer__pretrained__mit-b0__in_rover__seed1414__gpu_full__22d89713__gitc188b320__codebebd8b2d__20260711T152946214899Z,msl_ncam_nlb_454577912edr_f0330660ncam00292m1,test_msl,soil,iou,1.0,152116,152116,152116
segformer__pretrained__mit-b0__in_rover__seed1414__gpu_full__22d89713__gitc188b320__codebebd8b2d__20260711T152946214899Z,msl_ncam_nlb_454577912edr_f0330660ncam00292m1,test_msl,bedrock,iou,,0,0,152116
segformer__pretrained__mit-b0__in_rover__seed1414__gpu_full__22d89713__gitc188b320__codebebd8b2d__20260711T152946214899Z,msl_ncam_nlb_454577912edr_f0330660ncam00292m1,test_msl,sand,iou,,0,0,152116
segformer__pretrained__mit-b0__in_rover__seed1414__gpu_full__22d89713__gitc188b320__codebebd8b2d__20260711T152946214899Z,msl_ncam_nlb_454577912edr_f0330660ncam00292m1,test_msl,big_rock,iou,,0,0,152116
segformer__pretrained__mit-b0__in_rover__seed1414__gpu_full__22d89713__gitc188b320__codebebd8b2d__20260711T152946214899Z,msl_ncam_nlb_454577912edr_f0330660ncam00292m1,test_msl,ALL,pixel_acc,1.0,0,0,152116
segformer__pretrained__mit-b0__in_rover__seed1414__gpu_full__22d89713__gitc188b320__codebebd8b2d__20260711T152946214899Z,msl_ncam_nlb_454577912edr_f0330660ncam00292m1,test_msl,ALL,boundary_f1,1.0,0,0,152116
segformer__pretrained__mit-b0__in_rover__seed1414__gpu_full__22d89713__gitc188b320__codebebd8b2d__20260711T152946214899Z,msl_ncam_nlb_455641497edr_f0340774ncam00251m1,test_msl,soil,iou,1.0,200625,200625,200625
segformer__pretrained__mit-b0__in_rover__seed1414__gpu_full__22d89713__gitc188b320__codebebd8b2d__20260711T152946214899Z,msl_ncam_nlb_455641497edr_f0340774ncam00251m1,test_msl,bedrock,iou,,0,0,200625
segformer__pretrained__mit-b0__in_rover__seed1414__gpu_full__22d89713__gitc188b320__codebebd8b2d__20260711T152946214899Z,msl_ncam_nlb_455641497edr_f0340774ncam00251m1,test_msl,sand,iou,,0,0,200625
segformer__pretrained__mit-b0__in_rover__seed1414__gpu_full__22d89713__gitc188b320__codebebd8b2d__20260711T152946214899Z,msl_ncam_nlb_455641497edr_f0340774ncam00251m1,test_msl,big_rock,iou,,0,0,200625
segformer__pretrained__mit-b0__in_rover__seed1414__gpu_full__22d89713__gitc188b320__codebebd8b2d__20260711T152946214899Z,msl_ncam_nlb_455641497edr_f0340774ncam00251m1,test_msl,ALL,pixel_acc,1.0,0,0,200625
segformer__pretrained__mit-b0__in_rover__seed1414__gpu_full__22d89713__gitc188b320__codebebd8b2d__20260711T152946214899Z,msl_ncam_nlb_455641497edr_f0340774ncam00251m1,test_msl,ALL,boundary_f1,1.0,0,0,200625
segformer__pretrained__mit-b0__in_rover__seed1414__gpu_full__22d89713__gitc188b320__codebebd8b2d__20260711T152946214899Z,msl_ncam_nlb_455642279edr_f0340774ncam00354m1,test_msl,soil,iou,,0,0,0
segformer__pretrained__mit-b0__in_rover__seed1414__gpu_full__22d89713__gitc188b320__codebebd8b2d__20260711T152946214899Z,msl_ncam_nlb_455642279edr_f0340774ncam00354m1,test_msl,bedrock,iou,,0,0,0
segformer__pretrained__mit-b0__in_rover__seed1414__gpu_full__22d89713__gitc188b320__codebebd8b2d__20260711T152946214899Z,msl_ncam_nlb_455642279edr_f0340774ncam00354m1,test_msl,sand,iou,,0,0,0
segformer__pretrained__mit-b0__in_rover__seed1414__gpu_full__22d89713__gitc188b320__codebebd8b2d__20260711T152946214899Z,msl_ncam_nlb_455642279edr_f0340774ncam00354m1,test_msl,big_rock,iou,,0,0,0
segformer__pretrained__mit-b0__in_rover__seed1414__gpu_full__22d89713__gitc188b320__codebebd8b2d__20260711T152946214899Z,msl_ncam_nlb_455642279edr_f0340774ncam00354m1,test_msl,ALL,pixel_acc,,0,0,0
segformer__pretrained__mit-b0__in_rover__seed1414__gpu_full__22d89713__gitc188b320__codebebd8b2d__20260711T152946214899Z,msl_ncam_nlb_455642279edr_f0340774ncam00354m1,test_msl,ALL,boundary_f1,,0,0,0
segformer__pretrained__mit-b0__in_rover__seed1414__gpu_full__22d89713__gitc188b320__codebebd8b2d__20260711T152946214899Z,msl_ncam_nlb_455642442edr_f0340774ncam00252m1,test_msl,soil,iou,1.0,411,411,411
segformer__pretrained__mit-b0__in_rover__seed1414__gpu_full__22d89713__gitc188b320__codebebd8b2d__20260711T152946214899Z,msl_ncam_nlb_455642442edr_f0340774ncam00252m1,test_msl,bedrock,iou,,0,0,411
segformer__pretrained__mit-b0__in_rover__seed1414__gpu_full__22d89713__gitc188b320__codebebd8b2d__20260711T152946214899Z,msl_ncam_nlb_455642442edr_f0340774ncam00252m1,test_msl,sand,iou,,0,0,411
segformer__pretrained__mit-b0__in_rover__seed1414__gpu_full__22d89713__gitc188b320__codebebd8b2d__20260711T152946214899Z,msl_ncam_nlb_455642442edr_f0340774ncam00252m1,test_msl,big_rock,iou,,0,0,411
segformer__pretrained__mit-b0__in_rover__seed1414__gpu_full__22d89713__gitc188b320__codebebd8b2d__20260711T152946214899Z,msl_ncam_nlb_455642442edr_f0340774ncam00252m1,test_msl,ALL,pixel_acc,1.0,0,0,411
segformer__pretrained__mit-b0__in_rover__seed1414__gpu_full__22d89713__gitc188b320__codebebd8b2d__20260711T152946214899Z,msl_ncam_nlb_455642442edr_f0340774ncam00252m1,test_msl,ALL,boundary_f1,1.0,0,0,411
segformer__pretrained__mit-b0__in_rover__seed1414__gpu_full__22d89713__gitc188b320__codebebd8b2d__20260711T152946214899Z,msl_ncam_nlb_455642480edr_f0340774ncam00252m1,test_msl,soil,iou,1.0,162032,162032,162032
segformer__pretrained__mit-b0__in_rover__seed1414__gpu_full__22d89713__gitc188b320__codebebd8b2d__20260711T152946214899Z,msl_ncam_nlb_455642480edr_f0340774ncam00252m1,test_msl,bedrock,iou,,0,0,162032
segformer__pretrained__mit-b0__in_rover__seed1414__gpu_full__22d89713__gitc188b320__codebebd8b2d__20260711T152946214899Z,msl_ncam_nlb_455642480edr_f0340774ncam00252m1,test_msl,sand,iou,,0,0,162032
segformer__pretrained__mit-b0__in_rover__seed1414__gpu_full__22d89713__gitc188b320__codebebd8b2d__20260711T152946214899Z,msl_ncam_nlb_455642480edr_f0340774ncam00252m1,test_msl,big_rock,iou,,0,0,162032
segformer__pretrained__mit-b0__in_rover__seed1414__gpu_full__22d89713__gitc188b320__codebebd8b2d__20260711T152946214899Z,msl_ncam_nlb_455642480edr_f0340774ncam00252m1,test_msl,ALL,pixel_acc,1.0,0,0,162032
segformer__pretrained__mit-b0__in_rover__seed1414__gpu_full__22d89713__gitc188b320__codebebd8b2d__20260711T152946214899Z,msl_ncam_nlb_455642480edr_f0340774ncam00252m1,test_msl,ALL,boundary_f1,1.0,0,0,162032
segformer__pretrained__mit-b0__in_rover__seed1414__gpu_full__22d89713__gitc188b320__codebebd8b2d__20260711T152946214899Z,msl_ncam_nlb_455642594edr_f0340774ncam00252m1,test_msl,soil,iou,1.0,59579,59579,59579
segformer__pretrained__mit-b0__in_rover__seed1414__gpu_full__22d89713__gitc188b320__codebebd8b2d__20260711T152946214899Z,msl_ncam_nlb_455642594edr_f0340774ncam00252m1,test_msl,bedrock,iou,,0,0,59579
segformer__pretrained__mit-b0__in_rover__seed1414__gpu_full__22d89713__gitc188b320__codebebd8b2d__20260711T152946214899Z,msl_ncam_nlb_455642594edr_f0340774ncam00252m1,test_msl,sand,iou,,0,0,59579
segformer__pretrained__mit-b0__in_rover__seed1414__gpu_full__22d89713__gitc188b320__codebebd8b2d__20260711T152946214899Z,msl_ncam_nlb_455642594edr_f0340774ncam00252m1,test_msl,big_rock,iou,,0,0,59579
segformer__pretrained__mit-b0__in_rover__seed1414__gpu_full__22d89713__gitc188b320__codebebd8b2d__20260711T152946214899Z,msl_ncam_nlb_455642594edr_f0340774ncam00252m1,test_msl,ALL,pixel_acc,1.0,0,0,59579
segformer__pretrained__mit-b0__in_rover__seed1414__gpu_full__22d89713__gitc188b320__codebebd8b2d__20260711T152946214899Z,msl_ncam_nlb_455642594edr_f0340774ncam00252m1,test_msl,ALL,boundary_f1,1.0,0,0,59579
segformer__pretrained__mit-b0__in_rover__seed1414__gpu_full__22d89713__gitc188b320__codebebd8b2d__20260711T152946214899Z,msl_ncam_nlb_457064543edr_f0371542ncam00273m1,test_msl,soil,iou,0.9770268484946347,66558,68123,68123
segformer__pretrained__mit-b0__in_rover__seed1414__gpu_full__22d89713__gitc188b320__codebebd8b2d__20260711T152946214899Z,msl_ncam_nlb_457064543edr_f0371542ncam00273m1,test_msl,bedrock,iou,,0,0,68123
segformer__pretrained__mit-b0__in_rover__seed1414__gpu_full__22d89713__gitc188b320__codebebd8b2d__20260711T152946214899Z,msl_ncam_nlb_457064543edr_f0371542ncam00273m1,test_msl,sand,iou,0.0,0,1565,68123
segformer__pretrained__mit-b0__in_rover__seed1414__gpu_full__22d89713__gitc188b320__codebebd8b2d__20260711T152946214899Z,msl_ncam_nlb_457064543edr_f0371542ncam00273m1,test_msl,big_rock,iou,,0,0,68123
segformer__pretrained__mit-b0__in_rover__seed1414__gpu_full__22d89713__gitc188b320__codebebd8b2d__20260711T152946214899Z,msl_ncam_nlb_457064543edr_f0371542ncam00273m1,test_msl,ALL,pixel_acc,0.9770268484946347,0,0,68123
segformer__pretrained__mit-b0__in_rover__seed1414__gpu_full__22d89713__gitc188b320__codebebd8b2d__20260711T152946214899Z,msl_ncam_nlb_457064543edr_f0371542ncam00273m1,test_msl,ALL,boundary_f1,0.4633726321367068,0,0,68123
segformer__pretrained__mit-b0__in_rover__seed1414__gpu_full__22d89713__gitc188b320__codebebd8b2d__20260711T152946214899Z,msl_ncam_nlb_457064954edr_f0371542ncam00354m1,test_msl,soil,iou,,0,0,0
segformer__pretrained__mit-b0__in_rover__seed1414__gpu_full__22d89713__gitc188b320__codebebd8b2d__20260711T152946214899Z,msl_ncam_nlb_457064954edr_f0371542ncam00354m1,test_msl,bedrock,iou,,0,0,0
segformer__pretrained__mit-b0__in_rover__seed1414__gpu_full__22d89713__gitc188b320__codebebd8b2d__20260711T152946214899Z,msl_ncam_nlb_457064954edr_f0371542ncam00354m1,test_msl,sand,iou,,0,0,0
segformer__pretrained__mit-b0__in_rover__seed1414__gpu_full__22d89713__gitc188b320__codebebd8b2d__20260711T152946214899Z,msl_ncam_nlb_457064954edr_f0371542ncam00354m1,test_msl,big_rock,iou,,0,0,0
segformer__pretrained__mit-b0__in_rover__seed1414__gpu_full__22d89713__gitc188b320__codebebd8b2d__20260711T152946214899Z,msl_ncam_nlb_457064954edr_f0371542ncam00354m1,test_msl,ALL,pixel_acc,,0,0,0
segformer__pretrained__mit-b0__in_rover__seed1414__gpu_full__22d89713__gitc188b320__codebebd8b2d__20260711T152946214899Z,msl_ncam_nlb_457064954edr_f0371542ncam00354m1,test_msl,ALL,boundary_f1,,0,0,0
segformer__pretrained__mit-b0__in_rover__seed1414__gpu_full__22d89713__gitc188b320__codebebd8b2d__20260711T152946214899Z,msl_ncam_nlb_457065016edr_f0371542ncam00354m1,test_msl,soil,iou,1.0,169467,169467,169467
segformer__pretrained__mit-b0__in_rover__seed1414__gpu_full__22d89713__gitc188b320__codebebd8b2d__20260711T152946214899Z,msl_ncam_nlb_457065016edr_f0371542ncam00354m1,test_msl,bedrock,iou,,0,0,169467
segformer__pretrained__mit-b0__in_rover__seed1414__gpu_full__22d89713__gitc188b320__codebebd8b2d__20260711T152946214899Z,msl_ncam_nlb_457065016edr_f0371542ncam00354m1,test_msl,sand,iou,,0,0,169467
segformer__pretrained__mit-b0__in_rover__seed1414__gpu_full__22d89713__gitc188b320__codebebd8b2d__20260711T152946214899Z,msl_ncam_nlb_457065016edr_f0371542ncam00354m1,test_msl,big_rock,iou,,0,0,169467
segformer__pretrained__mit-b0__in_rover__seed1414__gpu_full__22d89713__gitc188b320__codebebd8b2d__20260711T152946214899Z,msl_ncam_nlb_457065016edr_f0371542ncam00354m1,test_msl,ALL,pixel_acc,1.0,0,0,169467
segformer__pretrained__mit-b0__in_rover__seed1414__gpu_full__22d89713__gitc188b320__codebebd8b2d__20260711T152946214899Z,msl_ncam_nlb_457065016edr_f0371542ncam00354m1,test_msl,ALL,boundary_f1,1.0,0,0,169467
segformer__pretrained__mit-b0__in_rover__seed1414__gpu_full__22d89713__gitc188b320__codebebd8b2d__20260711T152946214899Z,msl_ncam_nlb_457065086edr_f0371542ncam00354m1,test_msl,soil,iou,0.9788929112750686,78146,79831,79831
segformer__pretrained__mit-b0__in_rover__seed1414__gpu_full__22d89713__gitc188b320__codebebd8b2d__20260711T152946214899Z,msl_ncam_nlb_457065086edr_f0371542ncam00354m1,test_msl,bedrock,iou,,0,0,79831
segformer__pretrained__mit-b0__in_rover__seed1414__gpu_full__22d89713__gitc188b320__codebebd8b2d__20260711T152946214899Z,msl_ncam_nlb_457065086edr_f0371542ncam00354m1,test_msl,sand,iou,0.0,0,1685,79831
segformer__pretrained__mit-b0__in_rover__seed1414__gpu_full__22d89713__gitc188b320__codebebd8b2d__20260711T152946214899Z,msl_ncam_nlb_457065086edr_f0371542ncam00354m1,test_msl,big_rock,iou,,0,0,79831
segformer__pretrained__mit-b0__in_rover__seed1414__gpu_full__22d89713__gitc188b320__codebebd8b2d__20260711T152946214899Z,msl_ncam_nlb_457065086edr_f0371542ncam00354m1,test_msl,ALL,pixel_acc,0.9788929112750686,0,0,79831
segformer__pretrained__mit-b0__in_rover__seed1414__gpu_full__22d89713__gitc188b320__codebebd8b2d__20260711T152946214899Z,msl_ncam_nlb_457065086edr_f0371542ncam00354m1,test_msl,ALL,boundary_f1,0.46907993966817496,0,0,79831
segformer__pretrained__mit-b0__in_rover__seed1414__gpu_full__22d89713__gitc188b320__codebebd8b2d__20260711T152946214899Z,msl_ncam_nlb_457072541edr_f0371542ncam00274m1,test_msl,soil,iou,1.0,53194,53194,53194
segformer__pretrained__mit-b0__in_rover__seed1414__gpu_full__22d89713__gitc188b320__codebebd8b2d__20260711T152946214899Z,msl_ncam_nlb_457072541edr_f0371542ncam00274m1,test_msl,bedrock,iou,,0,0,53194
segformer__pretrained__mit-b0__in_rover__seed1414__gpu_full__22d89713__gitc188b320__codebebd8b2d__20260711T152946214899Z,msl_ncam_nlb_457072541edr_f0371542ncam00274m1,test_msl,sand,iou,,0,0,53194
segformer__pretrained__mit-b0__in_rover__seed1414__gpu_full__22d89713__gitc188b320__codebebd8b2d__20260711T152946214899Z,msl_ncam_nlb_457072541edr_f0371542ncam00274m1,test_msl,big_rock,iou,,0,0,53194
segformer__pretrained__mit-b0__in_rover__seed1414__gpu_full__22d89713__gitc188b320__codebebd8b2d__20260711T152946214899Z,msl_ncam_nlb_457072541edr_f0371542ncam00274m1,test_msl,ALL,pixel_acc,1.0,0,0,53194
segformer__pretrained__mit-b0__in_rover__seed1414__gpu_full__22d89713__gitc188b320__codebebd8b2d__20260711T152946214899Z,msl_ncam_nlb_457072541edr_f0371542ncam00274m1,test_msl,ALL,boundary_f1,1.0,0,0,53194
segformer__pretrained__mit-b0__in_rover__seed1414__gpu_full__22d89713__gitc188b320__codebebd8b2d__20260711T152946214899Z,msl_ncam_nlb_457072755edr_f0371542ncam00274m1,test_msl,soil,iou,1.0,71012,71012,71012
segformer__pretrained__mit-b0__in_rover__seed1414__gpu_full__22d89713__gitc188b320__codebebd8b2d__20260711T152946214899Z,msl_ncam_nlb_457072755edr_f0371542ncam00274m1,test_msl,bedrock,iou,,0,0,71012
segformer__pretrained__mit-b0__in_rover__seed1414__gpu_full__22d89713__gitc188b320__codebebd8b2d__20260711T152946214899Z,msl_ncam_nlb_457072755edr_f0371542ncam00274m1,test_msl,sand,iou,,0,0,71012
segformer__pretrained__mit-b0__in_rover__seed1414__gpu_full__22d89713__gitc188b320__codebebd8b2d__20260711T152946214899Z,msl_ncam_nlb_457072755edr_f0371542ncam00274m1,test_msl,big_rock,iou,,0,0,71012
segformer__pretrained__mit-b0__in_rover__seed1414__gpu_full__22d89713__gitc188b320__codebebd8b2d__20260711T152946214899Z,msl_ncam_nlb_457072755edr_f0371542ncam00274m1,test_msl,ALL,pixel_acc,1.0,0,0,71012
segformer__pretrained__mit-b0__in_rover__seed1414__gpu_full__22d89713__gitc188b320__codebebd8b2d__20260711T152946214899Z,msl_ncam_nlb_457072755edr_f0371542ncam00274m1,test_msl,ALL,boundary_f1,1.0,0,0,71012
segformer__pretrained__mit-b0__in_rover__seed1414__gpu_full__22d89713__gitc188b320__codebebd8b2d__20260711T152946214899Z,msl_ncam_nlb_457152468edr_f0380000ncam00346m1,test_msl,soil,iou,,0,0,89859
segformer__pretrained__mit-b0__in_rover__seed1414__gpu_full__22d89713__gitc188b320__codebebd8b2d__20260711T152946214899Z,msl_ncam_nlb_457152468edr_f0380000ncam00346m1,test_msl,bedrock,iou,,0,0,89859
segformer__pretrained__mit-b0__in_rover__seed1414__gpu_full__22d89713__gitc188b320__codebebd8b2d__20260711T152946214899Z,msl_ncam_nlb_457152468edr_f0380000ncam00346m1,test_msl,sand,iou,1.0,89859,89859,89859
segformer__pretrained__mit-b0__in_rover__seed1414__gpu_full__22d89713__gitc188b320__codebebd8b2d__20260711T152946214899Z,msl_ncam_nlb_457152468edr_f0380000ncam00346m1,test_msl,big_rock,iou,,0,0,89859
segformer__pretrained__mit-b0__in_rover__seed1414__gpu_full__22d89713__gitc188b320__codebebd8b2d__20260711T152946214899Z,msl_ncam_nlb_457152468edr_f0380000ncam00346m1,test_msl,ALL,pixel_acc,1.0,0,0,89859
segformer__pretrained__mit-b0__in_rover__seed1414__gpu_full__22d89713__gitc188b320__codebebd8b2d__20260711T152946214899Z,msl_ncam_nlb_457152468edr_f0380000ncam00346m1,test_msl,ALL,boundary_f1,1.0,0,0,89859
segformer__pretrained__mit-b0__in_rover__seed1414__gpu_full__22d89713__gitc188b320__codebebd8b2d__20260711T152946214899Z,msl_ncam_nlb_457152554edr_f0380000ncam00275m1,test_msl,soil,iou,0.9975288303130149,12110,12140,177280
segformer__pretrained__mit-b0__in_rover__seed1414__gpu_full__22d89713__gitc188b320__codebebd8b2d__20260711T152946214899Z,msl_ncam_nlb_457152554edr_f0380000ncam00275m1,test_msl,bedrock,iou,,0,0,177280
segformer__pretrained__mit-b0__in_rover__seed1414__gpu_full__22d89713__gitc188b320__codebebd8b2d__20260711T152946214899Z,msl_ncam_nlb_457152554edr_f0380000ncam00275m1,test_msl,sand,iou,0.9998183689531998,165140,165170,177280
segformer__pretrained__mit-b0__in_rover__seed1414__gpu_full__22d89713__gitc188b320__codebebd8b2d__20260711T152946214899Z,msl_ncam_nlb_457152554edr_f0380000ncam00275m1,test_msl,big_rock,iou,,0,0,177280
segformer__pretrained__mit-b0__in_rover__seed1414__gpu_full__22d89713__gitc188b320__codebebd8b2d__20260711T152946214899Z,msl_ncam_nlb_457152554edr_f0380000ncam00275m1,test_msl,ALL,pixel_acc,0.9998307761732852,0,0,177280
segformer__pretrained__mit-b0__in_rover__seed1414__gpu_full__22d89713__gitc188b320__codebebd8b2d__20260711T152946214899Z,msl_ncam_nlb_457152554edr_f0380000ncam00275m1,test_msl,ALL,boundary_f1,0.996449872195399,0,0,177280
segformer__pretrained__mit-b0__in_rover__seed1414__gpu_full__22d89713__gitc188b320__codebebd8b2d__20260711T152946214899Z,msl_ncam_nlb_457153024edr_f0380000ncam00354m1,test_msl,soil,iou,,0,0,103858
segformer__pretrained__mit-b0__in_rover__seed1414__gpu_full__22d89713__gitc188b320__codebebd8b2d__20260711T152946214899Z,msl_ncam_nlb_457153024edr_f0380000ncam00354m1,test_msl,bedrock,iou,,0,0,103858
segformer__pretrained__mit-b0__in_rover__seed1414__gpu_full__22d89713__gitc188b320__codebebd8b2d__20260711T152946214899Z,msl_ncam_nlb_457153024edr_f0380000ncam00354m1,test_msl,sand,iou,1.0,103858,103858,103858
segformer__pretrained__mit-b0__in_rover__seed1414__gpu_full__22d89713__gitc188b320__codebebd8b2d__20260711T152946214899Z,msl_ncam_nlb_457153024edr_f0380000ncam00354m1,test_msl,big_rock,iou,,0,0,103858
segformer__pretrained__mit-b0__in_rover__seed1414__gpu_full__22d89713__gitc188b320__codebebd8b2d__20260711T152946214899Z,msl_ncam_nlb_457153024edr_f0380000ncam00354m1,test_msl,ALL,pixel_acc,1.0,0,0,103858
segformer__pretrained__mit-b0__in_rover__seed1414__gpu_full__22d89713__gitc188b320__codebebd8b2d__20260711T152946214899Z,msl_ncam_nlb_457153024edr_f0380000ncam00354m1,test_msl,ALL,boundary_f1,1.0,0,0,103858
segformer__pretrained__mit-b0__in_rover__seed1414__gpu_full__22d89713__gitc188b320__codebebd8b2d__20260711T152946214899Z,msl_ncam_nlb_457153056edr_f0380000ncam00354m1,test_msl,soil,iou,,0,0,167988
segformer__pretrained__mit-b0__in_rover__seed1414__gpu_full__22d89713__gitc188b320__codebebd8b2d__20260711T152946214899Z,msl_ncam_nlb_457153056edr_f0380000ncam00354m1,test_msl,bedrock,iou,,0,0,167988
segformer__pretrained__mit-b0__in_rover__seed1414__gpu_full__22d89713__gitc188b320__codebebd8b2d__20260711T152946214899Z,msl_ncam_nlb_457153056edr_f0380000ncam00354m1,test_msl,sand,iou,1.0,167988,167988,167988
segformer__pretrained__mit-b0__in_rover__seed1414__gpu_full__22d89713__gitc188b320__codebebd8b2d__20260711T152946214899Z,msl_ncam_nlb_457153056edr_f0380000ncam00354m1,test_msl,big_rock,iou,,0,0,167988
segformer__pretrained__mit-b0__in_rover__seed1414__gpu_full__22d89713__gitc188b320__codebebd8b2d__20260711T152946214899Z,msl_ncam_nlb_457153056edr_f0380000ncam00354m1,test_msl,ALL,pixel_acc,1.0,0,0,167988
segformer__pretrained__mit-b0__in_rover__seed1414__gpu_full__22d89713__gitc188b320__codebebd8b2d__20260711T152946214899Z,msl_ncam_nlb_457153056edr_f0380000ncam00354m1,test_msl,ALL,boundary_f1,1.0,0,0,167988
segformer__pretrained__mit-b0__in_rover__seed1414__gpu_full__22d89713__gitc188b320__codebebd8b2d__20260711T152946214899Z,msl_ncam_nlb_457153156edr_f0380000ncam00354m1,test_msl,soil,iou,,0,0,119229
segformer__pretrained__mit-b0__in_rover__seed1414__gpu_full__22d89713__gitc188b320__codebebd8b2d__20260711T152946214899Z,msl_ncam_nlb_457153156edr_f0380000ncam00354m1,test_msl,bedrock,iou,,0,0,119229
segformer__pretrained__mit-b0__in_rover__seed1414__gpu_full__22d89713__gitc188b320__codebebd8b2d__20260711T152946214899Z,msl_ncam_nlb_457153156edr_f0380000ncam00354m1,test_msl,sand,iou,1.0,119229,119229,119229
segformer__pretrained__mit-b0__in_rover__seed1414__gpu_full__22d89713__gitc188b320__codebebd8b2d__20260711T152946214899Z,msl_ncam_nlb_457153156edr_f0380000ncam00354m1,test_msl,big_rock,iou,,0,0,119229
segformer__pretrained__mit-b0__in_rover__seed1414__gpu_full__22d89713__gitc188b320__codebebd8b2d__20260711T152946214899Z,msl_ncam_nlb_457153156edr_f0380000ncam00354m1,test_msl,ALL,pixel_acc,1.0,0,0,119229
segformer__pretrained__mit-b0__in_rover__seed1414__gpu_full__22d89713__gitc188b320__codebebd8b2d__20260711T152946214899Z,msl_ncam_nlb_457153156edr_f0380000ncam00354m1,test_msl,ALL,boundary_f1,1.0,0,0,119229
segformer__pretrained__mit-b0__in_rover__seed1414__gpu_full__22d89713__gitc188b320__codebebd8b2d__20260711T152946214899Z,msl_ncam_nlb_457153643edr_f0380000ncam00276m1,test_msl,soil,iou,0.9806305978300445,13467,13733,99398
segformer__pretrained__mit-b0__in_rover__seed1414__gpu_full__22d89713__gitc188b320__codebebd8b2d__20260711T152946214899Z,msl_ncam_nlb_457153643edr_f0380000ncam00276m1,test_msl,bedrock,iou,,0,0,99398
segformer__pretrained__mit-b0__in_rover__seed1414__gpu_full__22d89713__gitc188b320__codebebd8b2d__20260711T152946214899Z,msl_ncam_nlb_457153643edr_f0380000ncam00276m1,test_msl,sand,iou,0.9969044931398447,85665,85931,99398
segformer__pretrained__mit-b0__in_rover__seed1414__gpu_full__22d89713__gitc188b320__codebebd8b2d__20260711T152946214899Z,msl_ncam_nlb_457153643edr_f0380000ncam00276m1,test_msl,big_rock,iou,,0,0,99398
segformer__pretrained__mit-b0__in_rover__seed1414__gpu_full__22d89713__gitc188b320__codebebd8b2d__20260711T152946214899Z,msl_ncam_nlb_457153643edr_f0380000ncam00276m1,test_msl,ALL,pixel_acc,0.9973238898166965,0,0,99398
segformer__pretrained__mit-b0__in_rover__seed1414__gpu_full__22d89713__gitc188b320__codebebd8b2d__20260711T152946214899Z,msl_ncam_nlb_457153643edr_f0380000ncam00276m1,test_msl,ALL,boundary_f1,0.9594992538697229,0,0,99398
segformer__pretrained__mit-b0__in_rover__seed1414__gpu_full__22d89713__gitc188b320__codebebd8b2d__20260711T152946214899Z,msl_ncam_nlb_457153706edr_f0380000ncam00276m1,test_msl,soil,iou,0.8188855619659681,11213,13693,108607
segformer__pretrained__mit-b0__in_rover__seed1414__gpu_full__22d89713__gitc188b320__codebebd8b2d__20260711T152946214899Z,msl_ncam_nlb_457153706edr_f0380000ncam00276m1,test_msl,bedrock,iou,,0,0,108607
segformer__pretrained__mit-b0__in_rover__seed1414__gpu_full__22d89713__gitc188b320__codebebd8b2d__20260711T152946214899Z,msl_ncam_nlb_457153706edr_f0380000ncam00276m1,test_msl,sand,iou,0.9745364190812575,94914,97394,108607
segformer__pretrained__mit-b0__in_rover__seed1414__gpu_full__22d89713__gitc188b320__codebebd8b2d__20260711T152946214899Z,msl_ncam_nlb_457153706edr_f0380000ncam00276m1,test_msl,big_rock,iou,,0,0,108607
segformer__pretrained__mit-b0__in_rover__seed1414__gpu_full__22d89713__gitc188b320__codebebd8b2d__20260711T152946214899Z,msl_ncam_nlb_457153706edr_f0380000ncam00276m1,test_msl,ALL,pixel_acc,0.9771653760807314,0,0,108607
segformer__pretrained__mit-b0__in_rover__seed1414__gpu_full__22d89713__gitc188b320__codebebd8b2d__20260711T152946214899Z,msl_ncam_nlb_457153706edr_f0380000ncam00276m1,test_msl,ALL,boundary_f1,0.8249421672130939,0,0,108607
segformer__pretrained__mit-b0__in_rover__seed1414__gpu_full__22d89713__gitc188b320__codebebd8b2d__20260711T152946214899Z,msl_ncam_nlb_459278092edr_f0391396ncam00207m1,test_msl,soil,iou,,0,0,0
segformer__pretrained__mit-b0__in_rover__seed1414__gpu_full__22d89713__gitc188b320__codebebd8b2d__20260711T152946214899Z,msl_ncam_nlb_459278092edr_f0391396ncam00207m1,test_msl,bedrock,iou,,0,0,0
segformer__pretrained__mit-b0__in_rover__seed1414__gpu_full__22d89713__gitc188b320__codebebd8b2d__20260711T152946214899Z,msl_ncam_nlb_459278092edr_f0391396ncam00207m1,test_msl,sand,iou,,0,0,0
segformer__pretrained__mit-b0__in_rover__seed1414__gpu_full__22d89713__gitc188b320__codebebd8b2d__20260711T152946214899Z,msl_ncam_nlb_459278092edr_f0391396ncam00207m1,test_msl,big_rock,iou,,0,0,0
segformer__pretrained__mit-b0__in_rover__seed1414__gpu_full__22d89713__gitc188b320__codebebd8b2d__20260711T152946214899Z,msl_ncam_nlb_459278092edr_f0391396ncam00207m1,test_msl,ALL,pixel_acc,,0,0,0
segformer__pretrained__mit-b0__in_rover__seed1414__gpu_full__22d89713__gitc188b320__codebebd8b2d__20260711T152946214899Z,msl_ncam_nlb_459278092edr_f0391396ncam00207m1,test_msl,ALL,boundary_f1,,0,0,0
segformer__pretrained__mit-b0__in_rover__seed1414__gpu_full__22d89713__gitc188b320__codebebd8b2d__20260711T152946214899Z,msl_ncam_nlb_459290932edr_f0391552ncam00354m1,test_msl,soil,iou,1.0,91075,91075,91075
segformer__pretrained__mit-b0__in_rover__seed1414__gpu_full__22d89713__gitc188b320__codebebd8b2d__20260711T152946214899Z,msl_ncam_nlb_459290932edr_f0391552ncam00354m1,test_msl,bedrock,iou,,0,0,91075
segformer__pretrained__mit-b0__in_rover__seed1414__gpu_full__22d89713__gitc188b320__codebebd8b2d__20260711T152946214899Z,msl_ncam_nlb_459290932edr_f0391552ncam00354m1,test_msl,sand,iou,,0,0,91075
segformer__pretrained__mit-b0__in_rover__seed1414__gpu_full__22d89713__gitc188b320__codebebd8b2d__20260711T152946214899Z,msl_ncam_nlb_459290932edr_f0391552ncam00354m1,test_msl,big_rock,iou,,0,0,91075
segformer__pretrained__mit-b0__in_rover__seed1414__gpu_full__22d89713__gitc188b320__codebebd8b2d__20260711T152946214899Z,msl_ncam_nlb_459290932edr_f0391552ncam00354m1,test_msl,ALL,pixel_acc,1.0,0,0,91075
segformer__pretrained__mit-b0__in_rover__seed1414__gpu_full__22d89713__gitc188b320__codebebd8b2d__20260711T152946214899Z,msl_ncam_nlb_459290932edr_f0391552ncam00354m1,test_msl,ALL,boundary_f1,1.0,0,0,91075
segformer__pretrained__mit-b0__in_rover__seed1414__gpu_full__22d89713__gitc188b320__codebebd8b2d__20260711T152946214899Z,msl_ncam_nlb_459291038edr_f0391552ncam00252m1,test_msl,soil,iou,,0,0,0
segformer__pretrained__mit-b0__in_rover__seed1414__gpu_full__22d89713__gitc188b320__codebebd8b2d__20260711T152946214899Z,msl_ncam_nlb_459291038edr_f0391552ncam00252m1,test_msl,bedrock,iou,,0,0,0
segformer__pretrained__mit-b0__in_rover__seed1414__gpu_full__22d89713__gitc188b320__codebebd8b2d__20260711T152946214899Z,msl_ncam_nlb_459291038edr_f0391552ncam00252m1,test_msl,sand,iou,,0,0,0
segformer__pretrained__mit-b0__in_rover__seed1414__gpu_full__22d89713__gitc188b320__codebebd8b2d__20260711T152946214899Z,msl_ncam_nlb_459291038edr_f0391552ncam00252m1,test_msl,big_rock,iou,,0,0,0
segformer__pretrained__mit-b0__in_rover__seed1414__gpu_full__22d89713__gitc188b320__codebebd8b2d__20260711T152946214899Z,msl_ncam_nlb_459291038edr_f0391552ncam00252m1,test_msl,ALL,pixel_acc,,0,0,0
segformer__pretrained__mit-b0__in_rover__seed1414__gpu_full__22d89713__gitc188b320__codebebd8b2d__20260711T152946214899Z,msl_ncam_nlb_459291038edr_f0391552ncam00252m1,test_msl,ALL,boundary_f1,,0,0,0
segformer__pretrained__mit-b0__in_rover__seed1414__gpu_full__22d89713__gitc188b320__codebebd8b2d__20260711T152946214899Z,msl_ncam_nlb_459291152edr_f0391552ncam00252m1,test_msl,soil,iou,1.0,48046,48046,48046
segformer__pretrained__mit-b0__in_rover__seed1414__gpu_full__22d89713__gitc188b320__codebebd8b2d__20260711T152946214899Z,msl_ncam_nlb_459291152edr_f0391552ncam00252m1,test_msl,bedrock,iou,,0,0,48046
segformer__pretrained__mit-b0__in_rover__seed1414__gpu_full__22d89713__gitc188b320__codebebd8b2d__20260711T152946214899Z,msl_ncam_nlb_459291152edr_f0391552ncam00252m1,test_msl,sand,iou,,0,0,48046
segformer__pretrained__mit-b0__in_rover__seed1414__gpu_full__22d89713__gitc188b320__codebebd8b2d__20260711T152946214899Z,msl_ncam_nlb_459291152edr_f0391552ncam00252m1,test_msl,big_rock,iou,,0,0,48046
segformer__pretrained__mit-b0__in_rover__seed1414__gpu_full__22d89713__gitc188b320__codebebd8b2d__20260711T152946214899Z,msl_ncam_nlb_459291152edr_f0391552ncam00252m1,test_msl,ALL,pixel_acc,1.0,0,0,48046
segformer__pretrained__mit-b0__in_rover__seed1414__gpu_full__22d89713__gitc188b320__codebebd8b2d__20260711T152946214899Z,msl_ncam_nlb_459291152edr_f0391552ncam00252m1,test_msl,ALL,boundary_f1,1.0,0,0,48046
segformer__pretrained__mit-b0__in_rover__seed1414__gpu_full__22d89713__gitc188b320__codebebd8b2d__20260711T152946214899Z,msl_ncam_nlb_459291220edr_f0391552ncam00252m1,test_msl,soil,iou,1.0,132596,132596,132596
segformer__pretrained__mit-b0__in_rover__seed1414__gpu_full__22d89713__gitc188b320__codebebd8b2d__20260711T152946214899Z,msl_ncam_nlb_459291220edr_f0391552ncam00252m1,test_msl,bedrock,iou,,0,0,132596
segformer__pretrained__mit-b0__in_rover__seed1414__gpu_full__22d89713__gitc188b320__codebebd8b2d__20260711T152946214899Z,msl_ncam_nlb_459291220edr_f0391552ncam00252m1,test_msl,sand,iou,,0,0,132596
segformer__pretrained__mit-b0__in_rover__seed1414__gpu_full__22d89713__gitc188b320__codebebd8b2d__20260711T152946214899Z,msl_ncam_nlb_459291220edr_f0391552ncam00252m1,test_msl,big_rock,iou,,0,0,132596
segformer__pretrained__mit-b0__in_rover__seed1414__gpu_full__22d89713__gitc188b320__codebebd8b2d__20260711T152946214899Z,msl_ncam_nlb_459291220edr_f0391552ncam00252m1,test_msl,ALL,pixel_acc,1.0,0,0,132596
segformer__pretrained__mit-b0__in_rover__seed1414__gpu_full__22d89713__gitc188b320__codebebd8b2d__20260711T152946214899Z,msl_ncam_nlb_459291220edr_f0391552ncam00252m1,test_msl,ALL,boundary_f1,1.0,0,0,132596
segformer__pretrained__mit-b0__in_rover__seed1414__gpu_full__22d89713__gitc188b320__codebebd8b2d__20260711T152946214899Z,msl_ncam_nlb_462743799edr_f0410322ncam00271m1,test_msl,soil,iou,1.0,49308,49308,49308
segformer__pretrained__mit-b0__in_rover__seed1414__gpu_full__22d89713__gitc188b320__codebebd8b2d__20260711T152946214899Z,msl_ncam_nlb_462743799edr_f0410322ncam00271m1,test_msl,bedrock,iou,,0,0,49308
segformer__pretrained__mit-b0__in_rover__seed1414__gpu_full__22d89713__gitc188b320__codebebd8b2d__20260711T152946214899Z,msl_ncam_nlb_462743799edr_f0410322ncam00271m1,test_msl,sand,iou,,0,0,49308
segformer__pretrained__mit-b0__in_rover__seed1414__gpu_full__22d89713__gitc188b320__codebebd8b2d__20260711T152946214899Z,msl_ncam_nlb_462743799edr_f0410322ncam00271m1,test_msl,big_rock,iou,,0,0,49308
segformer__pretrained__mit-b0__in_rover__seed1414__gpu_full__22d89713__gitc188b320__codebebd8b2d__20260711T152946214899Z,msl_ncam_nlb_462743799edr_f0410322ncam00271m1,test_msl,ALL,pixel_acc,1.0,0,0,49308
segformer__pretrained__mit-b0__in_rover__seed1414__gpu_full__22d89713__gitc188b320__codebebd8b2d__20260711T152946214899Z,msl_ncam_nlb_462743799edr_f0410322ncam00271m1,test_msl,ALL,boundary_f1,1.0,0,0,49308
segformer__pretrained__mit-b0__in_rover__seed1414__gpu_full__22d89713__gitc188b320__codebebd8b2d__20260711T152946214899Z,msl_ncam_nlb_462744768edr_f0410322ncam00354m1,test_msl,soil,iou,,0,0,0
segformer__pretrained__mit-b0__in_rover__seed1414__gpu_full__22d89713__gitc188b320__codebebd8b2d__20260711T152946214899Z,msl_ncam_nlb_462744768edr_f0410322ncam00354m1,test_msl,bedrock,iou,,0,0,0
segformer__pretrained__mit-b0__in_rover__seed1414__gpu_full__22d89713__gitc188b320__codebebd8b2d__20260711T152946214899Z,msl_ncam_nlb_462744768edr_f0410322ncam00354m1,test_msl,sand,iou,,0,0,0
segformer__pretrained__mit-b0__in_rover__seed1414__gpu_full__22d89713__gitc188b320__codebebd8b2d__20260711T152946214899Z,msl_ncam_nlb_462744768edr_f0410322ncam00354m1,test_msl,big_rock,iou,,0,0,0
segformer__pretrained__mit-b0__in_rover__seed1414__gpu_full__22d89713__gitc188b320__codebebd8b2d__20260711T152946214899Z,msl_ncam_nlb_462744768edr_f0410322ncam00354m1,test_msl,ALL,pixel_acc,,0,0,0
segformer__pretrained__mit-b0__in_rover__seed1414__gpu_full__22d89713__gitc188b320__codebebd8b2d__20260711T152946214899Z,msl_ncam_nlb_462744768edr_f0410322ncam00354m1,test_msl,ALL,boundary_f1,,0,0,0
segformer__pretrained__mit-b0__in_rover__seed1414__gpu_full__22d89713__gitc188b320__codebebd8b2d__20260711T152946214899Z,msl_ncam_nlb_462744927edr_f0410322ncam00272m1,test_msl,soil,iou,,0,0,0
segformer__pretrained__mit-b0__in_rover__seed1414__gpu_full__22d89713__gitc188b320__codebebd8b2d__20260711T152946214899Z,msl_ncam_nlb_462744927edr_f0410322ncam00272m1,test_msl,bedrock,iou,,0,0,0
segformer__pretrained__mit-b0__in_rover__seed1414__gpu_full__22d89713__gitc188b320__codebebd8b2d__20260711T152946214899Z,msl_ncam_nlb_462744927edr_f0410322ncam00272m1,test_msl,sand,iou,,0,0,0
segformer__pretrained__mit-b0__in_rover__seed1414__gpu_full__22d89713__gitc188b320__codebebd8b2d__20260711T152946214899Z,msl_ncam_nlb_462744927edr_f0410322ncam00272m1,test_msl,big_rock,iou,,0,0,0
segformer__pretrained__mit-b0__in_rover__seed1414__gpu_full__22d89713__gitc188b320__codebebd8b2d__20260711T152946214899Z,msl_ncam_nlb_462744927edr_f0410322ncam00272m1,test_msl,ALL,pixel_acc,,0,0,0
segformer__pretrained__mit-b0__in_rover__seed1414__gpu_full__22d89713__gitc188b320__codebebd8b2d__20260711T152946214899Z,msl_ncam_nlb_462744927edr_f0410322ncam00272m1,test_msl,ALL,boundary_f1,,0,0,0
segformer__pretrained__mit-b0__in_rover__seed1414__gpu_full__22d89713__gitc188b320__codebebd8b2d__20260711T152946214899Z,msl_ncam_nlb_462744982edr_f0410322ncam00272m1,test_msl,soil,iou,1.0,109525,109525,109525
segformer__pretrained__mit-b0__in_rover__seed1414__gpu_full__22d89713__gitc188b320__codebebd8b2d__20260711T152946214899Z,msl_ncam_nlb_462744982edr_f0410322ncam00272m1,test_msl,bedrock,iou,,0,0,109525
segformer__pretrained__mit-b0__in_rover__seed1414__gpu_full__22d89713__gitc188b320__codebebd8b2d__20260711T152946214899Z,msl_ncam_nlb_462744982edr_f0410322ncam00272m1,test_msl,sand,iou,,0,0,109525
segformer__pretrained__mit-b0__in_rover__seed1414__gpu_full__22d89713__gitc188b320__codebebd8b2d__20260711T152946214899Z,msl_ncam_nlb_462744982edr_f0410322ncam00272m1,test_msl,big_rock,iou,,0,0,109525
segformer__pretrained__mit-b0__in_rover__seed1414__gpu_full__22d89713__gitc188b320__codebebd8b2d__20260711T152946214899Z,msl_ncam_nlb_462744982edr_f0410322ncam00272m1,test_msl,ALL,pixel_acc,1.0,0,0,109525
segformer__pretrained__mit-b0__in_rover__seed1414__gpu_full__22d89713__gitc188b320__codebebd8b2d__20260711T152946214899Z,msl_ncam_nlb_462744982edr_f0410322ncam00272m1,test_msl,ALL,boundary_f1,1.0,0,0,109525
segformer__pretrained__mit-b0__in_rover__seed1414__gpu_full__22d89713__gitc188b320__codebebd8b2d__20260711T152946214899Z,msl_ncam_nlb_463099226edr_f0410712ncam00385m1,test_msl,soil,iou,,0,0,121183
segformer__pretrained__mit-b0__in_rover__seed1414__gpu_full__22d89713__gitc188b320__codebebd8b2d__20260711T152946214899Z,msl_ncam_nlb_463099226edr_f0410712ncam00385m1,test_msl,bedrock,iou,1.0,121183,121183,121183
segformer__pretrained__mit-b0__in_rover__seed1414__gpu_full__22d89713__gitc188b320__codebebd8b2d__20260711T152946214899Z,msl_ncam_nlb_463099226edr_f0410712ncam00385m1,test_msl,sand,iou,,0,0,121183
segformer__pretrained__mit-b0__in_rover__seed1414__gpu_full__22d89713__gitc188b320__codebebd8b2d__20260711T152946214899Z,msl_ncam_nlb_463099226edr_f0410712ncam00385m1,test_msl,big_rock,iou,,0,0,121183
segformer__pretrained__mit-b0__in_rover__seed1414__gpu_full__22d89713__gitc188b320__codebebd8b2d__20260711T152946214899Z,msl_ncam_nlb_463099226edr_f0410712ncam00385m1,test_msl,ALL,pixel_acc,1.0,0,0,121183
segformer__pretrained__mit-b0__in_rover__seed1414__gpu_full__22d89713__gitc188b320__codebebd8b2d__20260711T152946214899Z,msl_ncam_nlb_463099226edr_f0410712ncam00385m1,test_msl,ALL,boundary_f1,1.0,0,0,121183
segformer__pretrained__mit-b0__in_rover__seed1414__gpu_full__22d89713__gitc188b320__codebebd8b2d__20260711T152946214899Z,msl_ncam_nlb_463107188edr_f0410748ncam00274m1,test_msl,soil,iou,,0,0,60277
segformer__pretrained__mit-b0__in_rover__seed1414__gpu_full__22d89713__gitc188b320__codebebd8b2d__20260711T152946214899Z,msl_ncam_nlb_463107188edr_f0410748ncam00274m1,test_msl,bedrock,iou,0.9788580398312567,19955,20386,60277
segformer__pretrained__mit-b0__in_rover__seed1414__gpu_full__22d89713__gitc188b320__codebebd8b2d__20260711T152946214899Z,msl_ncam_nlb_463107188edr_f0410748ncam00274m1,test_msl,sand,iou,0.9989972675540849,39851,39891,60277
segformer__pretrained__mit-b0__in_rover__seed1414__gpu_full__22d89713__gitc188b320__codebebd8b2d__20260711T152946214899Z,msl_ncam_nlb_463107188edr_f0410748ncam00274m1,test_msl,big_rock,iou,0.0,0,471,60277
segformer__pretrained__mit-b0__in_rover__seed1414__gpu_full__22d89713__gitc188b320__codebebd8b2d__20260711T152946214899Z,msl_ncam_nlb_463107188edr_f0410748ncam00274m1,test_msl,ALL,pixel_acc,0.9921860742903595,0,0,60277
segformer__pretrained__mit-b0__in_rover__seed1414__gpu_full__22d89713__gitc188b320__codebebd8b2d__20260711T152946214899Z,msl_ncam_nlb_463107188edr_f0410748ncam00274m1,test_msl,ALL,boundary_f1,0.6489582083252294,0,0,60277
segformer__pretrained__mit-b0__in_rover__seed1414__gpu_full__22d89713__gitc188b320__codebebd8b2d__20260711T152946214899Z,msl_ncam_nlb_463107249edr_f0410748ncam00274m1,test_msl,soil,iou,,0,0,0
segformer__pretrained__mit-b0__in_rover__seed1414__gpu_full__22d89713__gitc188b320__codebebd8b2d__20260711T152946214899Z,msl_ncam_nlb_463107249edr_f0410748ncam00274m1,test_msl,bedrock,iou,,0,0,0
segformer__pretrained__mit-b0__in_rover__seed1414__gpu_full__22d89713__gitc188b320__codebebd8b2d__20260711T152946214899Z,msl_ncam_nlb_463107249edr_f0410748ncam00274m1,test_msl,sand,iou,,0,0,0
segformer__pretrained__mit-b0__in_rover__seed1414__gpu_full__22d89713__gitc188b320__codebebd8b2d__20260711T152946214899Z,msl_ncam_nlb_463107249edr_f0410748ncam00274m1,test_msl,big_rock,iou,,0,0,0
segformer__pretrained__mit-b0__in_rover__seed1414__gpu_full__22d89713__gitc188b320__codebebd8b2d__20260711T152946214899Z,msl_ncam_nlb_463107249edr_f0410748ncam00274m1,test_msl,ALL,pixel_acc,,0,0,0
segformer__pretrained__mit-b0__in_rover__seed1414__gpu_full__22d89713__gitc188b320__codebebd8b2d__20260711T152946214899Z,msl_ncam_nlb_463107249edr_f0410748ncam00274m1,test_msl,ALL,boundary_f1,,0,0,0
segformer__pretrained__mit-b0__in_rover__seed1414__gpu_full__22d89713__gitc188b320__codebebd8b2d__20260711T152946214899Z,msl_ncam_nlb_463107562edr_f0410748ncam00354m1,test_msl,soil,iou,,0,0,80914
segformer__pretrained__mit-b0__in_rover__seed1414__gpu_full__22d89713__gitc188b320__codebebd8b2d__20260711T152946214899Z,msl_ncam_nlb_463107562edr_f0410748ncam00354m1,test_msl,bedrock,iou,0.9463380873520033,76572,80914,80914
segformer__pretrained__mit-b0__in_rover__seed1414__gpu_full__22d89713__gitc188b320__codebebd8b2d__20260711T152946214899Z,msl_ncam_nlb_463107562edr_f0410748ncam00354m1,test_msl,sand,iou,,0,0,80914
segformer__pretrained__mit-b0__in_rover__seed1414__gpu_full__22d89713__gitc188b320__codebebd8b2d__20260711T152946214899Z,msl_ncam_nlb_463107562edr_f0410748ncam00354m1,test_msl,big_rock,iou,0.0,0,4342,80914
segformer__pretrained__mit-b0__in_rover__seed1414__gpu_full__22d89713__gitc188b320__codebebd8b2d__20260711T152946214899Z,msl_ncam_nlb_463107562edr_f0410748ncam00354m1,test_msl,ALL,pixel_acc,0.9463380873520033,0,0,80914
segformer__pretrained__mit-b0__in_rover__seed1414__gpu_full__22d89713__gitc188b320__codebebd8b2d__20260711T152946214899Z,msl_ncam_nlb_463107562edr_f0410748ncam00354m1,test_msl,ALL,boundary_f1,0.47394755003450656,0,0,80914
segformer__pretrained__mit-b0__in_rover__seed1414__gpu_full__22d89713__gitc188b320__codebebd8b2d__20260711T152946214899Z,msl_ncam_nlb_463107626edr_f0410748ncam00354m1,test_msl,soil,iou,,0,0,108883
segformer__pretrained__mit-b0__in_rover__seed1414__gpu_full__22d89713__gitc188b320__codebebd8b2d__20260711T152946214899Z,msl_ncam_nlb_463107626edr_f0410748ncam00354m1,test_msl,bedrock,iou,1.0,108883,108883,108883
segformer__pretrained__mit-b0__in_rover__seed1414__gpu_full__22d89713__gitc188b320__codebebd8b2d__20260711T152946214899Z,msl_ncam_nlb_463107626edr_f0410748ncam00354m1,test_msl,sand,iou,,0,0,108883
segformer__pretrained__mit-b0__in_rover__seed1414__gpu_full__22d89713__gitc188b320__codebebd8b2d__20260711T152946214899Z,msl_ncam_nlb_463107626edr_f0410748ncam00354m1,test_msl,big_rock,iou,,0,0,108883
segformer__pretrained__mit-b0__in_rover__seed1414__gpu_full__22d89713__gitc188b320__codebebd8b2d__20260711T152946214899Z,msl_ncam_nlb_463107626edr_f0410748ncam00354m1,test_msl,ALL,pixel_acc,1.0,0,0,108883
segformer__pretrained__mit-b0__in_rover__seed1414__gpu_full__22d89713__gitc188b320__codebebd8b2d__20260711T152946214899Z,msl_ncam_nlb_463107626edr_f0410748ncam00354m1,test_msl,ALL,boundary_f1,1.0,0,0,108883
segformer__pretrained__mit-b0__in_rover__seed1414__gpu_full__22d89713__gitc188b320__codebebd8b2d__20260711T152946214899Z,msl_ncam_nlb_463107697edr_f0410748ncam00354m1,test_msl,soil,iou,,0,0,88228
segformer__pretrained__mit-b0__in_rover__seed1414__gpu_full__22d89713__gitc188b320__codebebd8b2d__20260711T152946214899Z,msl_ncam_nlb_463107697edr_f0410748ncam00354m1,test_msl,bedrock,iou,1.0,88228,88228,88228
segformer__pretrained__mit-b0__in_rover__seed1414__gpu_full__22d89713__gitc188b320__codebebd8b2d__20260711T152946214899Z,msl_ncam_nlb_463107697edr_f0410748ncam00354m1,test_msl,sand,iou,,0,0,88228
segformer__pretrained__mit-b0__in_rover__seed1414__gpu_full__22d89713__gitc188b320__codebebd8b2d__20260711T152946214899Z,msl_ncam_nlb_463107697edr_f0410748ncam00354m1,test_msl,big_rock,iou,,0,0,88228
segformer__pretrained__mit-b0__in_rover__seed1414__gpu_full__22d89713__gitc188b320__codebebd8b2d__20260711T152946214899Z,msl_ncam_nlb_463107697edr_f0410748ncam00354m1,test_msl,ALL,pixel_acc,1.0,0,0,88228
segformer__pretrained__mit-b0__in_rover__seed1414__gpu_full__22d89713__gitc188b320__codebebd8b2d__20260711T152946214899Z,msl_ncam_nlb_463107697edr_f0410748ncam00354m1,test_msl,ALL,boundary_f1,1.0,0,0,88228
segformer__pretrained__mit-b0__in_rover__seed1414__gpu_full__22d89713__gitc188b320__codebebd8b2d__20260711T152946214899Z,msl_ncam_nlb_463107797edr_f0410748ncam07753m1,test_msl,soil,iou,,0,0,100367
segformer__pretrained__mit-b0__in_rover__seed1414__gpu_full__22d89713__gitc188b320__codebebd8b2d__20260711T152946214899Z,msl_ncam_nlb_463107797edr_f0410748ncam07753m1,test_msl,bedrock,iou,1.0,100367,100367,100367
segformer__pretrained__mit-b0__in_rover__seed1414__gpu_full__22d89713__gitc188b320__codebebd8b2d__20260711T152946214899Z,msl_ncam_nlb_463107797edr_f0410748ncam07753m1,test_msl,sand,iou,,0,0,100367
segformer__pretrained__mit-b0__in_rover__seed1414__gpu_full__22d89713__gitc188b320__codebebd8b2d__20260711T152946214899Z,msl_ncam_nlb_463107797edr_f0410748ncam07753m1,test_msl,big_rock,iou,,0,0,100367
segformer__pretrained__mit-b0__in_rover__seed1414__gpu_full__22d89713__gitc188b320__codebebd8b2d__20260711T152946214899Z,msl_ncam_nlb_463107797edr_f0410748ncam07753m1,test_msl,ALL,pixel_acc,1.0,0,0,100367
segformer__pretrained__mit-b0__in_rover__seed1414__gpu_full__22d89713__gitc188b320__codebebd8b2d__20260711T152946214899Z,msl_ncam_nlb_463107797edr_f0410748ncam07753m1,test_msl,ALL,boundary_f1,1.0,0,0,100367
segformer__pretrained__mit-b0__in_rover__seed1414__gpu_full__22d89713__gitc188b320__codebebd8b2d__20260711T152946214899Z,msl_ncam_nlb_463107836edr_f0410748ncam07753m1,test_msl,soil,iou,,0,0,0
segformer__pretrained__mit-b0__in_rover__seed1414__gpu_full__22d89713__gitc188b320__codebebd8b2d__20260711T152946214899Z,msl_ncam_nlb_463107836edr_f0410748ncam07753m1,test_msl,bedrock,iou,,0,0,0
segformer__pretrained__mit-b0__in_rover__seed1414__gpu_full__22d89713__gitc188b320__codebebd8b2d__20260711T152946214899Z,msl_ncam_nlb_463107836edr_f0410748ncam07753m1,test_msl,sand,iou,,0,0,0
segformer__pretrained__mit-b0__in_rover__seed1414__gpu_full__22d89713__gitc188b320__codebebd8b2d__20260711T152946214899Z,msl_ncam_nlb_463107836edr_f0410748ncam07753m1,test_msl,big_rock,iou,,0,0,0
segformer__pretrained__mit-b0__in_rover__seed1414__gpu_full__22d89713__gitc188b320__codebebd8b2d__20260711T152946214899Z,msl_ncam_nlb_463107836edr_f0410748ncam07753m1,test_msl,ALL,pixel_acc,,0,0,0
segformer__pretrained__mit-b0__in_rover__seed1414__gpu_full__22d89713__gitc188b320__codebebd8b2d__20260711T152946214899Z,msl_ncam_nlb_463107836edr_f0410748ncam07753m1,test_msl,ALL,boundary_f1,,0,0,0
segformer__pretrained__mit-b0__in_rover__seed1414__gpu_full__22d89713__gitc188b320__codebebd8b2d__20260711T152946214899Z,msl_ncam_nlb_463107949edr_f0410748ncam07753m1,test_msl,soil,iou,,0,0,56667
segformer__pretrained__mit-b0__in_rover__seed1414__gpu_full__22d89713__gitc188b320__codebebd8b2d__20260711T152946214899Z,msl_ncam_nlb_463107949edr_f0410748ncam07753m1,test_msl,bedrock,iou,1.0,56667,56667,56667
segformer__pretrained__mit-b0__in_rover__seed1414__gpu_full__22d89713__gitc188b320__codebebd8b2d__20260711T152946214899Z,msl_ncam_nlb_463107949edr_f0410748ncam07753m1,test_msl,sand,iou,,0,0,56667
segformer__pretrained__mit-b0__in_rover__seed1414__gpu_full__22d89713__gitc188b320__codebebd8b2d__20260711T152946214899Z,msl_ncam_nlb_463107949edr_f0410748ncam07753m1,test_msl,big_rock,iou,,0,0,56667
segformer__pretrained__mit-b0__in_rover__seed1414__gpu_full__22d89713__gitc188b320__codebebd8b2d__20260711T152946214899Z,msl_ncam_nlb_463107949edr_f0410748ncam07753m1,test_msl,ALL,pixel_acc,1.0,0,0,56667
segformer__pretrained__mit-b0__in_rover__seed1414__gpu_full__22d89713__gitc188b320__codebebd8b2d__20260711T152946214899Z,msl_ncam_nlb_463107949edr_f0410748ncam07753m1,test_msl,ALL,boundary_f1,1.0,0,0,56667
segformer__pretrained__mit-b0__in_rover__seed1414__gpu_full__22d89713__gitc188b320__codebebd8b2d__20260711T152946214899Z,msl_ncam_nlb_463803954edr_f0411768ncam00382m1,test_msl,soil,iou,,0,0,67455
segformer__pretrained__mit-b0__in_rover__seed1414__gpu_full__22d89713__gitc188b320__codebebd8b2d__20260711T152946214899Z,msl_ncam_nlb_463803954edr_f0411768ncam00382m1,test_msl,bedrock,iou,,0,0,67455
segformer__pretrained__mit-b0__in_rover__seed1414__gpu_full__22d89713__gitc188b320__codebebd8b2d__20260711T152946214899Z,msl_ncam_nlb_463803954edr_f0411768ncam00382m1,test_msl,sand,iou,1.0,67455,67455,67455
segformer__pretrained__mit-b0__in_rover__seed1414__gpu_full__22d89713__gitc188b320__codebebd8b2d__20260711T152946214899Z,msl_ncam_nlb_463803954edr_f0411768ncam00382m1,test_msl,big_rock,iou,,0,0,67455
segformer__pretrained__mit-b0__in_rover__seed1414__gpu_full__22d89713__gitc188b320__codebebd8b2d__20260711T152946214899Z,msl_ncam_nlb_463803954edr_f0411768ncam00382m1,test_msl,ALL,pixel_acc,1.0,0,0,67455
segformer__pretrained__mit-b0__in_rover__seed1414__gpu_full__22d89713__gitc188b320__codebebd8b2d__20260711T152946214899Z,msl_ncam_nlb_463803954edr_f0411768ncam00382m1,test_msl,ALL,boundary_f1,1.0,0,0,67455
segformer__pretrained__mit-b0__in_rover__seed1414__gpu_full__22d89713__gitc188b320__codebebd8b2d__20260711T152946214899Z,msl_ncam_nlb_463813170edr_f0420000ncam06094m1,test_msl,soil,iou,0.9800351619535743,32889,33559,89391
segformer__pretrained__mit-b0__in_rover__seed1414__gpu_full__22d89713__gitc188b320__codebebd8b2d__20260711T152946214899Z,msl_ncam_nlb_463813170edr_f0420000ncam06094m1,test_msl,bedrock,iou,1.0,7381,7381,89391
segformer__pretrained__mit-b0__in_rover__seed1414__gpu_full__22d89713__gitc188b320__codebebd8b2d__20260711T152946214899Z,msl_ncam_nlb_463813170edr_f0420000ncam06094m1,test_msl,sand,iou,0.9863602125363897,48451,49121,89391
segformer__pretrained__mit-b0__in_rover__seed1414__gpu_full__22d89713__gitc188b320__codebebd8b2d__20260711T152946214899Z,msl_ncam_nlb_463813170edr_f0420000ncam06094m1,test_msl,big_rock,iou,,0,0,89391
segformer__pretrained__mit-b0__in_rover__seed1414__gpu_full__22d89713__gitc188b320__codebebd8b2d__20260711T152946214899Z,msl_ncam_nlb_463813170edr_f0420000ncam06094m1,test_msl,ALL,pixel_acc,0.992504838294683,0,0,89391
segformer__pretrained__mit-b0__in_rover__seed1414__gpu_full__22d89713__gitc188b320__codebebd8b2d__20260711T152946214899Z,msl_ncam_nlb_463813170edr_f0420000ncam06094m1,test_msl,ALL,boundary_f1,0.9633348261707777,0,0,89391
segformer__pretrained__mit-b0__in_rover__seed1414__gpu_full__22d89713__gitc188b320__codebebd8b2d__20260711T152946214899Z,msl_ncam_nlb_463813296edr_f0420000ncam06094m1,test_msl,soil,iou,1.0,188552,188552,188552
segformer__pretrained__mit-b0__in_rover__seed1414__gpu_full__22d89713__gitc188b320__codebebd8b2d__20260711T152946214899Z,msl_ncam_nlb_463813296edr_f0420000ncam06094m1,test_msl,bedrock,iou,,0,0,188552
segformer__pretrained__mit-b0__in_rover__seed1414__gpu_full__22d89713__gitc188b320__codebebd8b2d__20260711T152946214899Z,msl_ncam_nlb_463813296edr_f0420000ncam06094m1,test_msl,sand,iou,,0,0,188552
segformer__pretrained__mit-b0__in_rover__seed1414__gpu_full__22d89713__gitc188b320__codebebd8b2d__20260711T152946214899Z,msl_ncam_nlb_463813296edr_f0420000ncam06094m1,test_msl,big_rock,iou,,0,0,188552
segformer__pretrained__mit-b0__in_rover__seed1414__gpu_full__22d89713__gitc188b320__codebebd8b2d__20260711T152946214899Z,msl_ncam_nlb_463813296edr_f0420000ncam06094m1,test_msl,ALL,pixel_acc,1.0,0,0,188552
segformer__pretrained__mit-b0__in_rover__seed1414__gpu_full__22d89713__gitc188b320__codebebd8b2d__20260711T152946214899Z,msl_ncam_nlb_463813296edr_f0420000ncam06094m1,test_msl,ALL,boundary_f1,1.0,0,0,188552
segformer__pretrained__mit-b0__in_rover__seed1414__gpu_full__22d89713__gitc188b320__codebebd8b2d__20260711T152946214899Z,msl_ncam_nlb_463814148edr_f0420000ncam00354m1,test_msl,soil,iou,1.0,227875,227875,227875
segformer__pretrained__mit-b0__in_rover__seed1414__gpu_full__22d89713__gitc188b320__codebebd8b2d__20260711T152946214899Z,msl_ncam_nlb_463814148edr_f0420000ncam00354m1,test_msl,bedrock,iou,,0,0,227875
segformer__pretrained__mit-b0__in_rover__seed1414__gpu_full__22d89713__gitc188b320__codebebd8b2d__20260711T152946214899Z,msl_ncam_nlb_463814148edr_f0420000ncam00354m1,test_msl,sand,iou,,0,0,227875
segformer__pretrained__mit-b0__in_rover__seed1414__gpu_full__22d89713__gitc188b320__codebebd8b2d__20260711T152946214899Z,msl_ncam_nlb_463814148edr_f0420000ncam00354m1,test_msl,big_rock,iou,,0,0,227875
segformer__pretrained__mit-b0__in_rover__seed1414__gpu_full__22d89713__gitc188b320__codebebd8b2d__20260711T152946214899Z,msl_ncam_nlb_463814148edr_f0420000ncam00354m1,test_msl,ALL,pixel_acc,1.0,0,0,227875
segformer__pretrained__mit-b0__in_rover__seed1414__gpu_full__22d89713__gitc188b320__codebebd8b2d__20260711T152946214899Z,msl_ncam_nlb_463814148edr_f0420000ncam00354m1,test_msl,ALL,boundary_f1,1.0,0,0,227875
segformer__pretrained__mit-b0__in_rover__seed1414__gpu_full__22d89713__gitc188b320__codebebd8b2d__20260711T152946214899Z,msl_ncam_nlb_463814218edr_f0420000ncam00354m1,test_msl,soil,iou,1.0,152384,152384,152384
segformer__pretrained__mit-b0__in_rover__seed1414__gpu_full__22d89713__gitc188b320__codebebd8b2d__20260711T152946214899Z,msl_ncam_nlb_463814218edr_f0420000ncam00354m1,test_msl,bedrock,iou,,0,0,152384
segformer__pretrained__mit-b0__in_rover__seed1414__gpu_full__22d89713__gitc188b320__codebebd8b2d__20260711T152946214899Z,msl_ncam_nlb_463814218edr_f0420000ncam00354m1,test_msl,sand,iou,,0,0,152384
segformer__pretrained__mit-b0__in_rover__seed1414__gpu_full__22d89713__gitc188b320__codebebd8b2d__20260711T152946214899Z,msl_ncam_nlb_463814218edr_f0420000ncam00354m1,test_msl,big_rock,iou,,0,0,152384
segformer__pretrained__mit-b0__in_rover__seed1414__gpu_full__22d89713__gitc188b320__codebebd8b2d__20260711T152946214899Z,msl_ncam_nlb_463814218edr_f0420000ncam00354m1,test_msl,ALL,pixel_acc,1.0,0,0,152384
segformer__pretrained__mit-b0__in_rover__seed1414__gpu_full__22d89713__gitc188b320__codebebd8b2d__20260711T152946214899Z,msl_ncam_nlb_463814218edr_f0420000ncam00354m1,test_msl,ALL,boundary_f1,1.0,0,0,152384
segformer__pretrained__mit-b0__in_rover__seed1414__gpu_full__22d89713__gitc188b320__codebebd8b2d__20260711T152946214899Z,msl_ncam_nlb_463814255edr_f0420000ncam00278m1,test_msl,soil,iou,1.0,85416,85416,85416
segformer__pretrained__mit-b0__in_rover__seed1414__gpu_full__22d89713__gitc188b320__codebebd8b2d__20260711T152946214899Z,msl_ncam_nlb_463814255edr_f0420000ncam00278m1,test_msl,bedrock,iou,,0,0,85416
segformer__pretrained__mit-b0__in_rover__seed1414__gpu_full__22d89713__gitc188b320__codebebd8b2d__20260711T152946214899Z,msl_ncam_nlb_463814255edr_f0420000ncam00278m1,test_msl,sand,iou,,0,0,85416
segformer__pretrained__mit-b0__in_rover__seed1414__gpu_full__22d89713__gitc188b320__codebebd8b2d__20260711T152946214899Z,msl_ncam_nlb_463814255edr_f0420000ncam00278m1,test_msl,big_rock,iou,,0,0,85416
segformer__pretrained__mit-b0__in_rover__seed1414__gpu_full__22d89713__gitc188b320__codebebd8b2d__20260711T152946214899Z,msl_ncam_nlb_463814255edr_f0420000ncam00278m1,test_msl,ALL,pixel_acc,1.0,0,0,85416
segformer__pretrained__mit-b0__in_rover__seed1414__gpu_full__22d89713__gitc188b320__codebebd8b2d__20260711T152946214899Z,msl_ncam_nlb_463814255edr_f0420000ncam00278m1,test_msl,ALL,boundary_f1,1.0,0,0,85416
segformer__pretrained__mit-b0__in_rover__seed1414__gpu_full__22d89713__gitc188b320__codebebd8b2d__20260711T152946214899Z,msl_ncam_nlb_463814438edr_f0420000ncam00278m1,test_msl,soil,iou,,0,0,0
segformer__pretrained__mit-b0__in_rover__seed1414__gpu_full__22d89713__gitc188b320__codebebd8b2d__20260711T152946214899Z,msl_ncam_nlb_463814438edr_f0420000ncam00278m1,test_msl,bedrock,iou,,0,0,0
segformer__pretrained__mit-b0__in_rover__seed1414__gpu_full__22d89713__gitc188b320__codebebd8b2d__20260711T152946214899Z,msl_ncam_nlb_463814438edr_f0420000ncam00278m1,test_msl,sand,iou,,0,0,0
segformer__pretrained__mit-b0__in_rover__seed1414__gpu_full__22d89713__gitc188b320__codebebd8b2d__20260711T152946214899Z,msl_ncam_nlb_463814438edr_f0420000ncam00278m1,test_msl,big_rock,iou,,0,0,0
segformer__pretrained__mit-b0__in_rover__seed1414__gpu_full__22d89713__gitc188b320__codebebd8b2d__20260711T152946214899Z,msl_ncam_nlb_463814438edr_f0420000ncam00278m1,test_msl,ALL,pixel_acc,,0,0,0
segformer__pretrained__mit-b0__in_rover__seed1414__gpu_full__22d89713__gitc188b320__codebebd8b2d__20260711T152946214899Z,msl_ncam_nlb_463814438edr_f0420000ncam00278m1,test_msl,ALL,boundary_f1,,0,0,0
segformer__pretrained__mit-b0__in_rover__seed1414__gpu_full__22d89713__gitc188b320__codebebd8b2d__20260711T152946214899Z,msl_ncam_nlb_492664173edr_f0490294ncam00294m1,test_msl,soil,iou,,0,0,16308
segformer__pretrained__mit-b0__in_rover__seed1414__gpu_full__22d89713__gitc188b320__codebebd8b2d__20260711T152946214899Z,msl_ncam_nlb_492664173edr_f0490294ncam00294m1,test_msl,bedrock,iou,1.0,16308,16308,16308
segformer__pretrained__mit-b0__in_rover__seed1414__gpu_full__22d89713__gitc188b320__codebebd8b2d__20260711T152946214899Z,msl_ncam_nlb_492664173edr_f0490294ncam00294m1,test_msl,sand,iou,,0,0,16308
segformer__pretrained__mit-b0__in_rover__seed1414__gpu_full__22d89713__gitc188b320__codebebd8b2d__20260711T152946214899Z,msl_ncam_nlb_492664173edr_f0490294ncam00294m1,test_msl,big_rock,iou,,0,0,16308
segformer__pretrained__mit-b0__in_rover__seed1414__gpu_full__22d89713__gitc188b320__codebebd8b2d__20260711T152946214899Z,msl_ncam_nlb_492664173edr_f0490294ncam00294m1,test_msl,ALL,pixel_acc,1.0,0,0,16308
segformer__pretrained__mit-b0__in_rover__seed1414__gpu_full__22d89713__gitc188b320__codebebd8b2d__20260711T152946214899Z,msl_ncam_nlb_492664173edr_f0490294ncam00294m1,test_msl,ALL,boundary_f1,1.0,0,0,16308
segformer__pretrained__mit-b0__in_rover__seed1414__gpu_full__22d89713__gitc188b320__codebebd8b2d__20260711T152946214899Z,msl_ncam_nlb_492664235edr_f0490294ncam00294m1,test_msl,soil,iou,,0,0,30789
segformer__pretrained__mit-b0__in_rover__seed1414__gpu_full__22d89713__gitc188b320__codebebd8b2d__20260711T152946214899Z,msl_ncam_nlb_492664235edr_f0490294ncam00294m1,test_msl,bedrock,iou,1.0,30789,30789,30789
segformer__pretrained__mit-b0__in_rover__seed1414__gpu_full__22d89713__gitc188b320__codebebd8b2d__20260711T152946214899Z,msl_ncam_nlb_492664235edr_f0490294ncam00294m1,test_msl,sand,iou,,0,0,30789
segformer__pretrained__mit-b0__in_rover__seed1414__gpu_full__22d89713__gitc188b320__codebebd8b2d__20260711T152946214899Z,msl_ncam_nlb_492664235edr_f0490294ncam00294m1,test_msl,big_rock,iou,,0,0,30789
segformer__pretrained__mit-b0__in_rover__seed1414__gpu_full__22d89713__gitc188b320__codebebd8b2d__20260711T152946214899Z,msl_ncam_nlb_492664235edr_f0490294ncam00294m1,test_msl,ALL,pixel_acc,1.0,0,0,30789
segformer__pretrained__mit-b0__in_rover__seed1414__gpu_full__22d89713__gitc188b320__codebebd8b2d__20260711T152946214899Z,msl_ncam_nlb_492664235edr_f0490294ncam00294m1,test_msl,ALL,boundary_f1,1.0,0,0,30789
segformer__pretrained__mit-b0__in_rover__seed1414__gpu_full__22d89713__gitc188b320__codebebd8b2d__20260711T152946214899Z,msl_ncam_nlb_492664291edr_f0490294ncam00294m1,test_msl,soil,iou,,0,0,5776
segformer__pretrained__mit-b0__in_rover__seed1414__gpu_full__22d89713__gitc188b320__codebebd8b2d__20260711T152946214899Z,msl_ncam_nlb_492664291edr_f0490294ncam00294m1,test_msl,bedrock,iou,1.0,5776,5776,5776
segformer__pretrained__mit-b0__in_rover__seed1414__gpu_full__22d89713__gitc188b320__codebebd8b2d__20260711T152946214899Z,msl_ncam_nlb_492664291edr_f0490294ncam00294m1,test_msl,sand,iou,,0,0,5776
segformer__pretrained__mit-b0__in_rover__seed1414__gpu_full__22d89713__gitc188b320__codebebd8b2d__20260711T152946214899Z,msl_ncam_nlb_492664291edr_f0490294ncam00294m1,test_msl,big_rock,iou,,0,0,5776
segformer__pretrained__mit-b0__in_rover__seed1414__gpu_full__22d89713__gitc188b320__codebebd8b2d__20260711T152946214899Z,msl_ncam_nlb_492664291edr_f0490294ncam00294m1,test_msl,ALL,pixel_acc,1.0,0,0,5776
segformer__pretrained__mit-b0__in_rover__seed1414__gpu_full__22d89713__gitc188b320__codebebd8b2d__20260711T152946214899Z,msl_ncam_nlb_492664291edr_f0490294ncam00294m1,test_msl,ALL,boundary_f1,1.0,0,0,5776
segformer__pretrained__mit-b0__in_rover__seed1414__gpu_full__22d89713__gitc188b320__codebebd8b2d__20260711T152946214899Z,msl_ncam_nlb_492664491edr_f0490294ncam00354m1,test_msl,soil,iou,0.8971406265248365,18386,20494,101609
segformer__pretrained__mit-b0__in_rover__seed1414__gpu_full__22d89713__gitc188b320__codebebd8b2d__20260711T152946214899Z,msl_ncam_nlb_492664491edr_f0490294ncam00354m1,test_msl,bedrock,iou,0.9746704636939307,81115,83223,101609
segformer__pretrained__mit-b0__in_rover__seed1414__gpu_full__22d89713__gitc188b320__codebebd8b2d__20260711T152946214899Z,msl_ncam_nlb_492664491edr_f0490294ncam00354m1,test_msl,sand,iou,,0,0,101609
segformer__pretrained__mit-b0__in_rover__seed1414__gpu_full__22d89713__gitc188b320__codebebd8b2d__20260711T152946214899Z,msl_ncam_nlb_492664491edr_f0490294ncam00354m1,test_msl,big_rock,iou,,0,0,101609
segformer__pretrained__mit-b0__in_rover__seed1414__gpu_full__22d89713__gitc188b320__codebebd8b2d__20260711T152946214899Z,msl_ncam_nlb_492664491edr_f0490294ncam00354m1,test_msl,ALL,pixel_acc,0.9792538062573197,0,0,101609
segformer__pretrained__mit-b0__in_rover__seed1414__gpu_full__22d89713__gitc188b320__codebebd8b2d__20260711T152946214899Z,msl_ncam_nlb_492664491edr_f0490294ncam00354m1,test_msl,ALL,boundary_f1,0.7951276227695581,0,0,101609
segformer__pretrained__mit-b0__in_rover__seed1414__gpu_full__22d89713__gitc188b320__codebebd8b2d__20260711T152946214899Z,msl_ncam_nlb_492664554edr_f0490294ncam00354m1,test_msl,soil,iou,0.0,0,15267,43882
segformer__pretrained__mit-b0__in_rover__seed1414__gpu_full__22d89713__gitc188b320__codebebd8b2d__20260711T152946214899Z,msl_ncam_nlb_492664554edr_f0490294ncam00354m1,test_msl,bedrock,iou,0.46848004569144,13124,28014,43882
segformer__pretrained__mit-b0__in_rover__seed1414__gpu_full__22d89713__gitc188b320__codebebd8b2d__20260711T152946214899Z,msl_ncam_nlb_492664554edr_f0490294ncam00354m1,test_msl,sand,iou,0.9762414923115704,15491,15868,43882
segformer__pretrained__mit-b0__in_rover__seed1414__gpu_full__22d89713__gitc188b320__codebebd8b2d__20260711T152946214899Z,msl_ncam_nlb_492664554edr_f0490294ncam00354m1,test_msl,big_rock,iou,,0,0,43882
segformer__pretrained__mit-b0__in_rover__seed1414__gpu_full__22d89713__gitc188b320__codebebd8b2d__20260711T152946214899Z,msl_ncam_nlb_492664554edr_f0490294ncam00354m1,test_msl,ALL,pixel_acc,0.6520896950913815,0,0,43882
segformer__pretrained__mit-b0__in_rover__seed1414__gpu_full__22d89713__gitc188b320__codebebd8b2d__20260711T152946214899Z,msl_ncam_nlb_492664554edr_f0490294ncam00354m1,test_msl,ALL,boundary_f1,0.5688673406230658,0,0,43882
segformer__pretrained__mit-b0__in_rover__seed1414__gpu_full__22d89713__gitc188b320__codebebd8b2d__20260711T152946214899Z,msl_ncam_nlb_492664625edr_f0490294ncam00354m1,test_msl,soil,iou,,0,0,48893
segformer__pretrained__mit-b0__in_rover__seed1414__gpu_full__22d89713__gitc188b320__codebebd8b2d__20260711T152946214899Z,msl_ncam_nlb_492664625edr_f0490294ncam00354m1,test_msl,bedrock,iou,1.0,45924,45924,48893
segformer__pretrained__mit-b0__in_rover__seed1414__gpu_full__22d89713__gitc188b320__codebebd8b2d__20260711T152946214899Z,msl_ncam_nlb_492664625edr_f0490294ncam00354m1,test_msl,sand,iou,1.0,2969,2969,48893
segformer__pretrained__mit-b0__in_rover__seed1414__gpu_full__22d89713__gitc188b320__codebebd8b2d__20260711T152946214899Z,msl_ncam_nlb_492664625edr_f0490294ncam00354m1,test_msl,big_rock,iou,,0,0,48893
segformer__pretrained__mit-b0__in_rover__seed1414__gpu_full__22d89713__gitc188b320__codebebd8b2d__20260711T152946214899Z,msl_ncam_nlb_492664625edr_f0490294ncam00354m1,test_msl,ALL,pixel_acc,1.0,0,0,48893
segformer__pretrained__mit-b0__in_rover__seed1414__gpu_full__22d89713__gitc188b320__codebebd8b2d__20260711T152946214899Z,msl_ncam_nlb_492664625edr_f0490294ncam00354m1,test_msl,ALL,boundary_f1,1.0,0,0,48893
segformer__pretrained__mit-b0__in_rover__seed1414__gpu_full__22d89713__gitc188b320__codebebd8b2d__20260711T152946214899Z,msl_ncam_nlb_492664724edr_f0490294ncam00296m1,test_msl,soil,iou,,0,0,0
segformer__pretrained__mit-b0__in_rover__seed1414__gpu_full__22d89713__gitc188b320__codebebd8b2d__20260711T152946214899Z,msl_ncam_nlb_492664724edr_f0490294ncam00296m1,test_msl,bedrock,iou,,0,0,0
segformer__pretrained__mit-b0__in_rover__seed1414__gpu_full__22d89713__gitc188b320__codebebd8b2d__20260711T152946214899Z,msl_ncam_nlb_492664724edr_f0490294ncam00296m1,test_msl,sand,iou,,0,0,0
segformer__pretrained__mit-b0__in_rover__seed1414__gpu_full__22d89713__gitc188b320__codebebd8b2d__20260711T152946214899Z,msl_ncam_nlb_492664724edr_f0490294ncam00296m1,test_msl,big_rock,iou,,0,0,0
segformer__pretrained__mit-b0__in_rover__seed1414__gpu_full__22d89713__gitc188b320__codebebd8b2d__20260711T152946214899Z,msl_ncam_nlb_492664724edr_f0490294ncam00296m1,test_msl,ALL,pixel_acc,,0,0,0
segformer__pretrained__mit-b0__in_rover__seed1414__gpu_full__22d89713__gitc188b320__codebebd8b2d__20260711T152946214899Z,msl_ncam_nlb_492664724edr_f0490294ncam00296m1,test_msl,ALL,boundary_f1,,0,0,0
segformer__pretrained__mit-b0__in_rover__seed1414__gpu_full__22d89713__gitc188b320__codebebd8b2d__20260711T152946214899Z,msl_ncam_nlb_492664901edr_f0490294ncam00295m1,test_msl,soil,iou,,0,0,9775
segformer__pretrained__mit-b0__in_rover__seed1414__gpu_full__22d89713__gitc188b320__codebebd8b2d__20260711T152946214899Z,msl_ncam_nlb_492664901edr_f0490294ncam00295m1,test_msl,bedrock,iou,1.0,9775,9775,9775
segformer__pretrained__mit-b0__in_rover__seed1414__gpu_full__22d89713__gitc188b320__codebebd8b2d__20260711T152946214899Z,msl_ncam_nlb_492664901edr_f0490294ncam00295m1,test_msl,sand,iou,,0,0,9775
segformer__pretrained__mit-b0__in_rover__seed1414__gpu_full__22d89713__gitc188b320__codebebd8b2d__20260711T152946214899Z,msl_ncam_nlb_492664901edr_f0490294ncam00295m1,test_msl,big_rock,iou,,0,0,9775
segformer__pretrained__mit-b0__in_rover__seed1414__gpu_full__22d89713__gitc188b320__codebebd8b2d__20260711T152946214899Z,msl_ncam_nlb_492664901edr_f0490294ncam00295m1,test_msl,ALL,pixel_acc,1.0,0,0,9775
segformer__pretrained__mit-b0__in_rover__seed1414__gpu_full__22d89713__gitc188b320__codebebd8b2d__20260711T152946214899Z,msl_ncam_nlb_492664901edr_f0490294ncam00295m1,test_msl,ALL,boundary_f1,1.0,0,0,9775
segformer__pretrained__mit-b0__in_rover__seed1414__gpu_full__22d89713__gitc188b320__codebebd8b2d__20260711T152946214899Z,msl_ncam_nlb_492665102edr_f0490294ncam00295m1,test_msl,soil,iou,,0,0,0
segformer__pretrained__mit-b0__in_rover__seed1414__gpu_full__22d89713__gitc188b320__codebebd8b2d__20260711T152946214899Z,msl_ncam_nlb_492665102edr_f0490294ncam00295m1,test_msl,bedrock,iou,,0,0,0
segformer__pretrained__mit-b0__in_rover__seed1414__gpu_full__22d89713__gitc188b320__codebebd8b2d__20260711T152946214899Z,msl_ncam_nlb_492665102edr_f0490294ncam00295m1,test_msl,sand,iou,,0,0,0
segformer__pretrained__mit-b0__in_rover__seed1414__gpu_full__22d89713__gitc188b320__codebebd8b2d__20260711T152946214899Z,msl_ncam_nlb_492665102edr_f0490294ncam00295m1,test_msl,big_rock,iou,,0,0,0
segformer__pretrained__mit-b0__in_rover__seed1414__gpu_full__22d89713__gitc188b320__codebebd8b2d__20260711T152946214899Z,msl_ncam_nlb_492665102edr_f0490294ncam00295m1,test_msl,ALL,pixel_acc,,0,0,0
segformer__pretrained__mit-b0__in_rover__seed1414__gpu_full__22d89713__gitc188b320__codebebd8b2d__20260711T152946214899Z,msl_ncam_nlb_492665102edr_f0490294ncam00295m1,test_msl,ALL,boundary_f1,,0,0,0
segformer__pretrained__mit-b0__in_rover__seed1414__gpu_full__22d89713__gitc188b320__codebebd8b2d__20260711T152946214899Z,msl_ncam_nlb_493996330edr_f0491846ncam00385m1,test_msl,soil,iou,,0,0,89098
segformer__pretrained__mit-b0__in_rover__seed1414__gpu_full__22d89713__gitc188b320__codebebd8b2d__20260711T152946214899Z,msl_ncam_nlb_493996330edr_f0491846ncam00385m1,test_msl,bedrock,iou,0.9999745216438636,39248,39249,89098
segformer__pretrained__mit-b0__in_rover__seed1414__gpu_full__22d89713__gitc188b320__codebebd8b2d__20260711T152946214899Z,msl_ncam_nlb_493996330edr_f0491846ncam00385m1,test_msl,sand,iou,0.9999799398194584,49849,49850,89098
segformer__pretrained__mit-b0__in_rover__seed1414__gpu_full__22d89713__gitc188b320__codebebd8b2d__20260711T152946214899Z,msl_ncam_nlb_493996330edr_f0491846ncam00385m1,test_msl,big_rock,iou,,0,0,89098
segformer__pretrained__mit-b0__in_rover__seed1414__gpu_full__22d89713__gitc188b320__codebebd8b2d__20260711T152946214899Z,msl_ncam_nlb_493996330edr_f0491846ncam00385m1,test_msl,ALL,pixel_acc,0.9999887764035107,0,0,89098
segformer__pretrained__mit-b0__in_rover__seed1414__gpu_full__22d89713__gitc188b320__codebebd8b2d__20260711T152946214899Z,msl_ncam_nlb_493996330edr_f0491846ncam00385m1,test_msl,ALL,boundary_f1,0.999886286104162,0,0,89098
segformer__pretrained__mit-b0__in_rover__seed1414__gpu_full__22d89713__gitc188b320__codebebd8b2d__20260711T152946214899Z,msl_ncam_nlb_493996945edr_f0491876ncam00353m1,test_msl,soil,iou,,0,0,75892
segformer__pretrained__mit-b0__in_rover__seed1414__gpu_full__22d89713__gitc188b320__codebebd8b2d__20260711T152946214899Z,msl_ncam_nlb_493996945edr_f0491876ncam00353m1,test_msl,bedrock,iou,0.7687503294154852,58342,75892,75892
segformer__pretrained__mit-b0__in_rover__seed1414__gpu_full__22d89713__gitc188b320__codebebd8b2d__20260711T152946214899Z,msl_ncam_nlb_493996945edr_f0491876ncam00353m1,test_msl,sand,iou,0.0,0,17550,75892
segformer__pretrained__mit-b0__in_rover__seed1414__gpu_full__22d89713__gitc188b320__codebebd8b2d__20260711T152946214899Z,msl_ncam_nlb_493996945edr_f0491876ncam00353m1,test_msl,big_rock,iou,,0,0,75892
segformer__pretrained__mit-b0__in_rover__seed1414__gpu_full__22d89713__gitc188b320__codebebd8b2d__20260711T152946214899Z,msl_ncam_nlb_493996945edr_f0491876ncam00353m1,test_msl,ALL,pixel_acc,0.7687503294154852,0,0,75892
segformer__pretrained__mit-b0__in_rover__seed1414__gpu_full__22d89713__gitc188b320__codebebd8b2d__20260711T152946214899Z,msl_ncam_nlb_493996945edr_f0491876ncam00353m1,test_msl,ALL,boundary_f1,0.3876561625955622,0,0,75892
segformer__pretrained__mit-b0__in_rover__seed1414__gpu_full__22d89713__gitc188b320__codebebd8b2d__20260711T152946214899Z,msl_ncam_nlb_493997715edr_f0491876ncam00256m1,test_msl,soil,iou,,0,0,65259
segformer__pretrained__mit-b0__in_rover__seed1414__gpu_full__22d89713__gitc188b320__codebebd8b2d__20260711T152946214899Z,msl_ncam_nlb_493997715edr_f0491876ncam00256m1,test_msl,bedrock,iou,0.6411376224968044,12038,18776,65259
segformer__pretrained__mit-b0__in_rover__seed1414__gpu_full__22d89713__gitc188b320__codebebd8b2d__20260711T152946214899Z,msl_ncam_nlb_493997715edr_f0491876ncam00256m1,test_msl,sand,iou,0.9957403782027838,46285,46483,65259
segformer__pretrained__mit-b0__in_rover__seed1414__gpu_full__22d89713__gitc188b320__codebebd8b2d__20260711T152946214899Z,msl_ncam_nlb_493997715edr_f0491876ncam00256m1,test_msl,big_rock,iou,0.0,0,6936,65259
segformer__pretrained__mit-b0__in_rover__seed1414__gpu_full__22d89713__gitc188b320__codebebd8b2d__20260711T152946214899Z,msl_ncam_nlb_493997715edr_f0491876ncam00256m1,test_msl,ALL,pixel_acc,0.8937158093136579,0,0,65259
segformer__pretrained__mit-b0__in_rover__seed1414__gpu_full__22d89713__gitc188b320__codebebd8b2d__20260711T152946214899Z,msl_ncam_nlb_493997715edr_f0491876ncam00256m1,test_msl,ALL,boundary_f1,0.5637033535356175,0,0,65259
segformer__pretrained__mit-b0__in_rover__seed1414__gpu_full__22d89713__gitc188b320__codebebd8b2d__20260711T152946214899Z,msl_ncam_nlb_493997775edr_f0491876ncam00256m1,test_msl,soil,iou,,0,0,41074
segformer__pretrained__mit-b0__in_rover__seed1414__gpu_full__22d89713__gitc188b320__codebebd8b2d__20260711T152946214899Z,msl_ncam_nlb_493997775edr_f0491876ncam00256m1,test_msl,bedrock,iou,0.9222191503087273,30021,32553,41074
segformer__pretrained__mit-b0__in_rover__seed1414__gpu_full__22d89713__gitc188b320__codebebd8b2d__20260711T152946214899Z,msl_ncam_nlb_493997775edr_f0491876ncam00256m1,test_msl,sand,iou,0.7709219216502307,8521,11053,41074
segformer__pretrained__mit-b0__in_rover__seed1414__gpu_full__22d89713__gitc188b320__codebebd8b2d__20260711T152946214899Z,msl_ncam_nlb_493997775edr_f0491876ncam00256m1,test_msl,big_rock,iou,,0,0,41074
segformer__pretrained__mit-b0__in_rover__seed1414__gpu_full__22d89713__gitc188b320__codebebd8b2d__20260711T152946214899Z,msl_ncam_nlb_493997775edr_f0491876ncam00256m1,test_msl,ALL,pixel_acc,0.9383551638506111,0,0,41074
segformer__pretrained__mit-b0__in_rover__seed1414__gpu_full__22d89713__gitc188b320__codebebd8b2d__20260711T152946214899Z,msl_ncam_nlb_493997775edr_f0491876ncam00256m1,test_msl,ALL,boundary_f1,0.8750276668802743,0,0,41074
segformer__pretrained__mit-b0__in_rover__seed1414__gpu_full__22d89713__gitc188b320__codebebd8b2d__20260711T152946214899Z,msl_ncam_nlb_493997895edr_f0491876ncam00354m1,test_msl,soil,iou,,0,0,92765
segformer__pretrained__mit-b0__in_rover__seed1414__gpu_full__22d89713__gitc188b320__codebebd8b2d__20260711T152946214899Z,msl_ncam_nlb_493997895edr_f0491876ncam00354m1,test_msl,bedrock,iou,0.9012795690783425,83326,92453,92765
segformer__pretrained__mit-b0__in_rover__seed1414__gpu_full__22d89713__gitc188b320__codebebd8b2d__20260711T152946214899Z,msl_ncam_nlb_493997895edr_f0491876ncam00354m1,test_msl,sand,iou,0.033054348977645934,312,9439,92765
segformer__pretrained__mit-b0__in_rover__seed1414__gpu_full__22d89713__gitc188b320__codebebd8b2d__20260711T152946214899Z,msl_ncam_nlb_493997895edr_f0491876ncam00354m1,test_msl,big_rock,iou,,0,0,92765
segformer__pretrained__mit-b0__in_rover__seed1414__gpu_full__22d89713__gitc188b320__codebebd8b2d__20260711T152946214899Z,msl_ncam_nlb_493997895edr_f0491876ncam00354m1,test_msl,ALL,pixel_acc,0.9016115992022854,0,0,92765
segformer__pretrained__mit-b0__in_rover__seed1414__gpu_full__22d89713__gitc188b320__codebebd8b2d__20260711T152946214899Z,msl_ncam_nlb_493997895edr_f0491876ncam00354m1,test_msl,ALL,boundary_f1,0.5167918187852638,0,0,92765
segformer__pretrained__mit-b0__in_rover__seed1414__gpu_full__22d89713__gitc188b320__codebebd8b2d__20260711T152946214899Z,msl_ncam_nlb_493997974edr_f0491876ncam00354m1,test_msl,soil,iou,,0,0,43129
segformer__pretrained__mit-b0__in_rover__seed1414__gpu_full__22d89713__gitc188b320__codebebd8b2d__20260711T152946214899Z,msl_ncam_nlb_493997974edr_f0491876ncam00354m1,test_msl,bedrock,iou,1.0,18339,18339,43129
segformer__pretrained__mit-b0__in_rover__seed1414__gpu_full__22d89713__gitc188b320__codebebd8b2d__20260711T152946214899Z,msl_ncam_nlb_493997974edr_f0491876ncam00354m1,test_msl,sand,iou,1.0,24790,24790,43129
segformer__pretrained__mit-b0__in_rover__seed1414__gpu_full__22d89713__gitc188b320__codebebd8b2d__20260711T152946214899Z,msl_ncam_nlb_493997974edr_f0491876ncam00354m1,test_msl,big_rock,iou,,0,0,43129
segformer__pretrained__mit-b0__in_rover__seed1414__gpu_full__22d89713__gitc188b320__codebebd8b2d__20260711T152946214899Z,msl_ncam_nlb_493997974edr_f0491876ncam00354m1,test_msl,ALL,pixel_acc,1.0,0,0,43129
segformer__pretrained__mit-b0__in_rover__seed1414__gpu_full__22d89713__gitc188b320__codebebd8b2d__20260711T152946214899Z,msl_ncam_nlb_493997974edr_f0491876ncam00354m1,test_msl,ALL,boundary_f1,1.0,0,0,43129
segformer__pretrained__mit-b0__in_rover__seed1414__gpu_full__22d89713__gitc188b320__codebebd8b2d__20260711T152946214899Z,msl_ncam_nlb_493998022edr_f0491876ncam00257m1,test_msl,soil,iou,,0,0,59414
segformer__pretrained__mit-b0__in_rover__seed1414__gpu_full__22d89713__gitc188b320__codebebd8b2d__20260711T152946214899Z,msl_ncam_nlb_493998022edr_f0491876ncam00257m1,test_msl,bedrock,iou,0.5899745114698386,31248,52965,59414
segformer__pretrained__mit-b0__in_rover__seed1414__gpu_full__22d89713__gitc188b320__codebebd8b2d__20260711T152946214899Z,msl_ncam_nlb_493998022edr_f0491876ncam00257m1,test_msl,sand,iou,0.7901249693702523,6449,8162,59414
segformer__pretrained__mit-b0__in_rover__seed1414__gpu_full__22d89713__gitc188b320__codebebd8b2d__20260711T152946214899Z,msl_ncam_nlb_493998022edr_f0491876ncam00257m1,test_msl,big_rock,iou,0.0,0,20004,59414
segformer__pretrained__mit-b0__in_rover__seed1414__gpu_full__22d89713__gitc188b320__codebebd8b2d__20260711T152946214899Z,msl_ncam_nlb_493998022edr_f0491876ncam00257m1,test_msl,ALL,pixel_acc,0.6344800888679436,0,0,59414
segformer__pretrained__mit-b0__in_rover__seed1414__gpu_full__22d89713__gitc188b320__codebebd8b2d__20260711T152946214899Z,msl_ncam_nlb_493998022edr_f0491876ncam00257m1,test_msl,ALL,boundary_f1,0.532946161651663,0,0,59414
segformer__pretrained__mit-b0__in_rover__seed1414__gpu_full__22d89713__gitc188b320__codebebd8b2d__20260711T152946214899Z,msl_ncam_nlb_493998141edr_f0491876ncam00257m1,test_msl,soil,iou,,0,0,18319
segformer__pretrained__mit-b0__in_rover__seed1414__gpu_full__22d89713__gitc188b320__codebebd8b2d__20260711T152946214899Z,msl_ncam_nlb_493998141edr_f0491876ncam00257m1,test_msl,bedrock,iou,1.0,5003,5003,18319
segformer__pretrained__mit-b0__in_rover__seed1414__gpu_full__22d89713__gitc188b320__codebebd8b2d__20260711T152946214899Z,msl_ncam_nlb_493998141edr_f0491876ncam00257m1,test_msl,sand,iou,1.0,13316,13316,18319
segformer__pretrained__mit-b0__in_rover__seed1414__gpu_full__22d89713__gitc188b320__codebebd8b2d__20260711T152946214899Z,msl_ncam_nlb_493998141edr_f0491876ncam00257m1,test_msl,big_rock,iou,,0,0,18319
segformer__pretrained__mit-b0__in_rover__seed1414__gpu_full__22d89713__gitc188b320__codebebd8b2d__20260711T152946214899Z,msl_ncam_nlb_493998141edr_f0491876ncam00257m1,test_msl,ALL,pixel_acc,1.0,0,0,18319
segformer__pretrained__mit-b0__in_rover__seed1414__gpu_full__22d89713__gitc188b320__codebebd8b2d__20260711T152946214899Z,msl_ncam_nlb_493998141edr_f0491876ncam00257m1,test_msl,ALL,boundary_f1,1.0,0,0,18319
segformer__pretrained__mit-b0__in_rover__seed1414__gpu_full__22d89713__gitc188b320__codebebd8b2d__20260711T152946214899Z,msl_ncam_nlb_493998256edr_f0491876ncam00257m1,test_msl,soil,iou,,0,0,4103
segformer__pretrained__mit-b0__in_rover__seed1414__gpu_full__22d89713__gitc188b320__codebebd8b2d__20260711T152946214899Z,msl_ncam_nlb_493998256edr_f0491876ncam00257m1,test_msl,bedrock,iou,1.0,1148,1148,4103
segformer__pretrained__mit-b0__in_rover__seed1414__gpu_full__22d89713__gitc188b320__codebebd8b2d__20260711T152946214899Z,msl_ncam_nlb_493998256edr_f0491876ncam00257m1,test_msl,sand,iou,1.0,2955,2955,4103
segformer__pretrained__mit-b0__in_rover__seed1414__gpu_full__22d89713__gitc188b320__codebebd8b2d__20260711T152946214899Z,msl_ncam_nlb_493998256edr_f0491876ncam00257m1,test_msl,big_rock,iou,,0,0,4103
segformer__pretrained__mit-b0__in_rover__seed1414__gpu_full__22d89713__gitc188b320__codebebd8b2d__20260711T152946214899Z,msl_ncam_nlb_493998256edr_f0491876ncam00257m1,test_msl,ALL,pixel_acc,1.0,0,0,4103
segformer__pretrained__mit-b0__in_rover__seed1414__gpu_full__22d89713__gitc188b320__codebebd8b2d__20260711T152946214899Z,msl_ncam_nlb_493998256edr_f0491876ncam00257m1,test_msl,ALL,boundary_f1,1.0,0,0,4103
segformer__pretrained__mit-b0__in_rover__seed1414__gpu_full__22d89713__gitc188b320__codebebd8b2d__20260711T152946214899Z,msl_ncam_nlb_500655478edr_f0503000ncam00385m1,test_msl,soil,iou,,0,0,113066
segformer__pretrained__mit-b0__in_rover__seed1414__gpu_full__22d89713__gitc188b320__codebebd8b2d__20260711T152946214899Z,msl_ncam_nlb_500655478edr_f0503000ncam00385m1,test_msl,bedrock,iou,1.0,113066,113066,113066
segformer__pretrained__mit-b0__in_rover__seed1414__gpu_full__22d89713__gitc188b320__codebebd8b2d__20260711T152946214899Z,msl_ncam_nlb_500655478edr_f0503000ncam00385m1,test_msl,sand,iou,,0,0,113066
segformer__pretrained__mit-b0__in_rover__seed1414__gpu_full__22d89713__gitc188b320__codebebd8b2d__20260711T152946214899Z,msl_ncam_nlb_500655478edr_f0503000ncam00385m1,test_msl,big_rock,iou,,0,0,113066
segformer__pretrained__mit-b0__in_rover__seed1414__gpu_full__22d89713__gitc188b320__codebebd8b2d__20260711T152946214899Z,msl_ncam_nlb_500655478edr_f0503000ncam00385m1,test_msl,ALL,pixel_acc,1.0,0,0,113066
segformer__pretrained__mit-b0__in_rover__seed1414__gpu_full__22d89713__gitc188b320__codebebd8b2d__20260711T152946214899Z,msl_ncam_nlb_500655478edr_f0503000ncam00385m1,test_msl,ALL,boundary_f1,1.0,0,0,113066
segformer__pretrained__mit-b0__in_rover__seed1414__gpu_full__22d89713__gitc188b320__codebebd8b2d__20260711T152946214899Z,msl_ncam_nlb_500656502edr_f0503076ncam00353m1,test_msl,soil,iou,0.35784581738655,2618,7316,33179
segformer__pretrained__mit-b0__in_rover__seed1414__gpu_full__22d89713__gitc188b320__codebebd8b2d__20260711T152946214899Z,msl_ncam_nlb_500656502edr_f0503076ncam00353m1,test_msl,bedrock,iou,0.8462746637871797,25863,30561,33179
segformer__pretrained__mit-b0__in_rover__seed1414__gpu_full__22d89713__gitc188b320__codebebd8b2d__20260711T152946214899Z,msl_ncam_nlb_500656502edr_f0503076ncam00353m1,test_msl,sand,iou,,0,0,33179
segformer__pretrained__mit-b0__in_rover__seed1414__gpu_full__22d89713__gitc188b320__codebebd8b2d__20260711T152946214899Z,msl_ncam_nlb_500656502edr_f0503076ncam00353m1,test_msl,big_rock,iou,,0,0,33179
segformer__pretrained__mit-b0__in_rover__seed1414__gpu_full__22d89713__gitc188b320__codebebd8b2d__20260711T152946214899Z,msl_ncam_nlb_500656502edr_f0503076ncam00353m1,test_msl,ALL,pixel_acc,0.8584044124295488,0,0,33179
segformer__pretrained__mit-b0__in_rover__seed1414__gpu_full__22d89713__gitc188b320__codebebd8b2d__20260711T152946214899Z,msl_ncam_nlb_500656502edr_f0503076ncam00353m1,test_msl,ALL,boundary_f1,0.6394628316059251,0,0,33179
segformer__pretrained__mit-b0__in_rover__seed1414__gpu_full__22d89713__gitc188b320__codebebd8b2d__20260711T152946214899Z,msl_ncam_nlb_500661494edr_f0503076ncam00354m1,test_msl,soil,iou,,0,0,127313
segformer__pretrained__mit-b0__in_rover__seed1414__gpu_full__22d89713__gitc188b320__codebebd8b2d__20260711T152946214899Z,msl_ncam_nlb_500661494edr_f0503076ncam00354m1,test_msl,bedrock,iou,1.0,127313,127313,127313
segformer__pretrained__mit-b0__in_rover__seed1414__gpu_full__22d89713__gitc188b320__codebebd8b2d__20260711T152946214899Z,msl_ncam_nlb_500661494edr_f0503076ncam00354m1,test_msl,sand,iou,,0,0,127313
segformer__pretrained__mit-b0__in_rover__seed1414__gpu_full__22d89713__gitc188b320__codebebd8b2d__20260711T152946214899Z,msl_ncam_nlb_500661494edr_f0503076ncam00354m1,test_msl,big_rock,iou,,0,0,127313
segformer__pretrained__mit-b0__in_rover__seed1414__gpu_full__22d89713__gitc188b320__codebebd8b2d__20260711T152946214899Z,msl_ncam_nlb_500661494edr_f0503076ncam00354m1,test_msl,ALL,pixel_acc,1.0,0,0,127313
segformer__pretrained__mit-b0__in_rover__seed1414__gpu_full__22d89713__gitc188b320__codebebd8b2d__20260711T152946214899Z,msl_ncam_nlb_500661494edr_f0503076ncam00354m1,test_msl,ALL,boundary_f1,1.0,0,0,127313
segformer__pretrained__mit-b0__in_rover__seed1414__gpu_full__22d89713__gitc188b320__codebebd8b2d__20260711T152946214899Z,msl_ncam_nlb_500661565edr_f0503076ncam00354m1,test_msl,soil,iou,,0,0,25550
segformer__pretrained__mit-b0__in_rover__seed1414__gpu_full__22d89713__gitc188b320__codebebd8b2d__20260711T152946214899Z,msl_ncam_nlb_500661565edr_f0503076ncam00354m1,test_msl,bedrock,iou,1.0,25550,25550,25550
segformer__pretrained__mit-b0__in_rover__seed1414__gpu_full__22d89713__gitc188b320__codebebd8b2d__20260711T152946214899Z,msl_ncam_nlb_500661565edr_f0503076ncam00354m1,test_msl,sand,iou,,0,0,25550
segformer__pretrained__mit-b0__in_rover__seed1414__gpu_full__22d89713__gitc188b320__codebebd8b2d__20260711T152946214899Z,msl_ncam_nlb_500661565edr_f0503076ncam00354m1,test_msl,big_rock,iou,,0,0,25550
segformer__pretrained__mit-b0__in_rover__seed1414__gpu_full__22d89713__gitc188b320__codebebd8b2d__20260711T152946214899Z,msl_ncam_nlb_500661565edr_f0503076ncam00354m1,test_msl,ALL,pixel_acc,1.0,0,0,25550
segformer__pretrained__mit-b0__in_rover__seed1414__gpu_full__22d89713__gitc188b320__codebebd8b2d__20260711T152946214899Z,msl_ncam_nlb_500661565edr_f0503076ncam00354m1,test_msl,ALL,boundary_f1,1.0,0,0,25550
segformer__pretrained__mit-b0__in_rover__seed1414__gpu_full__22d89713__gitc188b320__codebebd8b2d__20260711T152946214899Z,msl_ncam_nlb_500661664edr_f0503076ncam07753m1,test_msl,soil,iou,0.3760270662155631,6224,16552,129119
segformer__pretrained__mit-b0__in_rover__seed1414__gpu_full__22d89713__gitc188b320__codebebd8b2d__20260711T152946214899Z,msl_ncam_nlb_500661664edr_f0503076ncam07753m1,test_msl,bedrock,iou,0.9159607795272386,112567,122895,129119
segformer__pretrained__mit-b0__in_rover__seed1414__gpu_full__22d89713__gitc188b320__codebebd8b2d__20260711T152946214899Z,msl_ncam_nlb_500661664edr_f0503076ncam07753m1,test_msl,sand,iou,,0,0,129119
segformer__pretrained__mit-b0__in_rover__seed1414__gpu_full__22d89713__gitc188b320__codebebd8b2d__20260711T152946214899Z,msl_ncam_nlb_500661664edr_f0503076ncam07753m1,test_msl,big_rock,iou,,0,0,129119
segformer__pretrained__mit-b0__in_rover__seed1414__gpu_full__22d89713__gitc188b320__codebebd8b2d__20260711T152946214899Z,msl_ncam_nlb_500661664edr_f0503076ncam07753m1,test_msl,ALL,pixel_acc,0.9200117720862151,0,0,129119
segformer__pretrained__mit-b0__in_rover__seed1414__gpu_full__22d89713__gitc188b320__codebebd8b2d__20260711T152946214899Z,msl_ncam_nlb_500661664edr_f0503076ncam07753m1,test_msl,ALL,boundary_f1,0.659256361398243,0,0,129119
segformer__pretrained__mit-b0__in_rover__seed1414__gpu_full__22d89713__gitc188b320__codebebd8b2d__20260711T152946214899Z,msl_ncam_nlb_500661727edr_f0503076ncam07753m1,test_msl,soil,iou,,0,0,163353
segformer__pretrained__mit-b0__in_rover__seed1414__gpu_full__22d89713__gitc188b320__codebebd8b2d__20260711T152946214899Z,msl_ncam_nlb_500661727edr_f0503076ncam07753m1,test_msl,bedrock,iou,1.0,163353,163353,163353
segformer__pretrained__mit-b0__in_rover__seed1414__gpu_full__22d89713__gitc188b320__codebebd8b2d__20260711T152946214899Z,msl_ncam_nlb_500661727edr_f0503076ncam07753m1,test_msl,sand,iou,,0,0,163353
segformer__pretrained__mit-b0__in_rover__seed1414__gpu_full__22d89713__gitc188b320__codebebd8b2d__20260711T152946214899Z,msl_ncam_nlb_500661727edr_f0503076ncam07753m1,test_msl,big_rock,iou,,0,0,163353
segformer__pretrained__mit-b0__in_rover__seed1414__gpu_full__22d89713__gitc188b320__codebebd8b2d__20260711T152946214899Z,msl_ncam_nlb_500661727edr_f0503076ncam07753m1,test_msl,ALL,pixel_acc,1.0,0,0,163353
segformer__pretrained__mit-b0__in_rover__seed1414__gpu_full__22d89713__gitc188b320__codebebd8b2d__20260711T152946214899Z,msl_ncam_nlb_500661727edr_f0503076ncam07753m1,test_msl,ALL,boundary_f1,1.0,0,0,163353
segformer__pretrained__mit-b0__in_rover__seed1414__gpu_full__22d89713__gitc188b320__codebebd8b2d__20260711T152946214899Z,msl_ncam_nlb_500661784edr_f0503076ncam07753m1,test_msl,soil,iou,,0,0,133546
segformer__pretrained__mit-b0__in_rover__seed1414__gpu_full__22d89713__gitc188b320__codebebd8b2d__20260711T152946214899Z,msl_ncam_nlb_500661784edr_f0503076ncam07753m1,test_msl,bedrock,iou,1.0,133546,133546,133546
segformer__pretrained__mit-b0__in_rover__seed1414__gpu_full__22d89713__gitc188b320__codebebd8b2d__20260711T152946214899Z,msl_ncam_nlb_500661784edr_f0503076ncam07753m1,test_msl,sand,iou,,0,0,133546
segformer__pretrained__mit-b0__in_rover__seed1414__gpu_full__22d89713__gitc188b320__codebebd8b2d__20260711T152946214899Z,msl_ncam_nlb_500661784edr_f0503076ncam07753m1,test_msl,big_rock,iou,,0,0,133546
segformer__pretrained__mit-b0__in_rover__seed1414__gpu_full__22d89713__gitc188b320__codebebd8b2d__20260711T152946214899Z,msl_ncam_nlb_500661784edr_f0503076ncam07753m1,test_msl,ALL,pixel_acc,1.0,0,0,133546
segformer__pretrained__mit-b0__in_rover__seed1414__gpu_full__22d89713__gitc188b320__codebebd8b2d__20260711T152946214899Z,msl_ncam_nlb_500661784edr_f0503076ncam07753m1,test_msl,ALL,boundary_f1,1.0,0,0,133546
segformer__pretrained__mit-b0__in_rover__seed1414__gpu_full__22d89713__gitc188b320__codebebd8b2d__20260711T152946214899Z,msl_ncam_nlb_502512171edr_f0511298ncam00320m1,test_msl,soil,iou,,0,0,142320
segformer__pretrained__mit-b0__in_rover__seed1414__gpu_full__22d89713__gitc188b320__codebebd8b2d__20260711T152946214899Z,msl_ncam_nlb_502512171edr_f0511298ncam00320m1,test_msl,bedrock,iou,,0,0,142320
segformer__pretrained__mit-b0__in_rover__seed1414__gpu_full__22d89713__gitc188b320__codebebd8b2d__20260711T152946214899Z,msl_ncam_nlb_502512171edr_f0511298ncam00320m1,test_msl,sand,iou,1.0,142320,142320,142320
segformer__pretrained__mit-b0__in_rover__seed1414__gpu_full__22d89713__gitc188b320__codebebd8b2d__20260711T152946214899Z,msl_ncam_nlb_502512171edr_f0511298ncam00320m1,test_msl,big_rock,iou,,0,0,142320
segformer__pretrained__mit-b0__in_rover__seed1414__gpu_full__22d89713__gitc188b320__codebebd8b2d__20260711T152946214899Z,msl_ncam_nlb_502512171edr_f0511298ncam00320m1,test_msl,ALL,pixel_acc,1.0,0,0,142320
segformer__pretrained__mit-b0__in_rover__seed1414__gpu_full__22d89713__gitc188b320__codebebd8b2d__20260711T152946214899Z,msl_ncam_nlb_502512171edr_f0511298ncam00320m1,test_msl,ALL,boundary_f1,1.0,0,0,142320
segformer__pretrained__mit-b0__in_rover__seed1414__gpu_full__22d89713__gitc188b320__codebebd8b2d__20260711T152946214899Z,msl_ncam_nlb_502515217edr_f0511406ncam00418m1,test_msl,soil,iou,,0,0,105136
segformer__pretrained__mit-b0__in_rover__seed1414__gpu_full__22d89713__gitc188b320__codebebd8b2d__20260711T152946214899Z,msl_ncam_nlb_502515217edr_f0511406ncam00418m1,test_msl,bedrock,iou,0.994655185212679,13399,13471,105136
segformer__pretrained__mit-b0__in_rover__seed1414__gpu_full__22d89713__gitc188b320__codebebd8b2d__20260711T152946214899Z,msl_ncam_nlb_502515217edr_f0511406ncam00418m1,test_msl,sand,iou,0.9992151476503482,91665,91737,105136
segformer__pretrained__mit-b0__in_rover__seed1414__gpu_full__22d89713__gitc188b320__codebebd8b2d__20260711T152946214899Z,msl_ncam_nlb_502515217edr_f0511406ncam00418m1,test_msl,big_rock,iou,,0,0,105136
segformer__pretrained__mit-b0__in_rover__seed1414__gpu_full__22d89713__gitc188b320__codebebd8b2d__20260711T152946214899Z,msl_ncam_nlb_502515217edr_f0511406ncam00418m1,test_msl,ALL,pixel_acc,0.9993151727286562,0,0,105136
segformer__pretrained__mit-b0__in_rover__seed1414__gpu_full__22d89713__gitc188b320__codebebd8b2d__20260711T152946214899Z,msl_ncam_nlb_502515217edr_f0511406ncam00418m1,test_msl,ALL,boundary_f1,0.9827595729153579,0,0,105136
segformer__pretrained__mit-b0__in_rover__seed1414__gpu_full__22d89713__gitc188b320__codebebd8b2d__20260711T152946214899Z,msl_ncam_nlb_502516548edr_f0511430ncam00353m1,test_msl,soil,iou,,0,0,181365
segformer__pretrained__mit-b0__in_rover__seed1414__gpu_full__22d89713__gitc188b320__codebebd8b2d__20260711T152946214899Z,msl_ncam_nlb_502516548edr_f0511430ncam00353m1,test_msl,bedrock,iou,,0,0,181365
segformer__pretrained__mit-b0__in_rover__seed1414__gpu_full__22d89713__gitc188b320__codebebd8b2d__20260711T152946214899Z,msl_ncam_nlb_502516548edr_f0511430ncam00353m1,test_msl,sand,iou,1.0,181365,181365,181365
segformer__pretrained__mit-b0__in_rover__seed1414__gpu_full__22d89713__gitc188b320__codebebd8b2d__20260711T152946214899Z,msl_ncam_nlb_502516548edr_f0511430ncam00353m1,test_msl,big_rock,iou,,0,0,181365
segformer__pretrained__mit-b0__in_rover__seed1414__gpu_full__22d89713__gitc188b320__codebebd8b2d__20260711T152946214899Z,msl_ncam_nlb_502516548edr_f0511430ncam00353m1,test_msl,ALL,pixel_acc,1.0,0,0,181365
segformer__pretrained__mit-b0__in_rover__seed1414__gpu_full__22d89713__gitc188b320__codebebd8b2d__20260711T152946214899Z,msl_ncam_nlb_502516548edr_f0511430ncam00353m1,test_msl,ALL,boundary_f1,1.0,0,0,181365
segformer__pretrained__mit-b0__in_rover__seed1414__gpu_full__22d89713__gitc188b320__codebebd8b2d__20260711T152946214899Z,msl_ncam_nlb_502516765edr_f0511430ncam00419m1,test_msl,soil,iou,,0,0,160319
segformer__pretrained__mit-b0__in_rover__seed1414__gpu_full__22d89713__gitc188b320__codebebd8b2d__20260711T152946214899Z,msl_ncam_nlb_502516765edr_f0511430ncam00419m1,test_msl,bedrock,iou,0.8908973531310523,12420,13941,160319
segformer__pretrained__mit-b0__in_rover__seed1414__gpu_full__22d89713__gitc188b320__codebebd8b2d__20260711T152946214899Z,msl_ncam_nlb_502516765edr_f0511430ncam00419m1,test_msl,sand,iou,0.9897159548069967,146378,147899,160319
segformer__pretrained__mit-b0__in_rover__seed1414__gpu_full__22d89713__gitc188b320__codebebd8b2d__20260711T152946214899Z,msl_ncam_nlb_502516765edr_f0511430ncam00419m1,test_msl,big_rock,iou,,0,0,160319
segformer__pretrained__mit-b0__in_rover__seed1414__gpu_full__22d89713__gitc188b320__codebebd8b2d__20260711T152946214899Z,msl_ncam_nlb_502516765edr_f0511430ncam00419m1,test_msl,ALL,pixel_acc,0.9905126653734118,0,0,160319
segformer__pretrained__mit-b0__in_rover__seed1414__gpu_full__22d89713__gitc188b320__codebebd8b2d__20260711T152946214899Z,msl_ncam_nlb_502516765edr_f0511430ncam00419m1,test_msl,ALL,boundary_f1,0.8977954259021285,0,0,160319
segformer__pretrained__mit-b0__in_rover__seed1414__gpu_full__22d89713__gitc188b320__codebebd8b2d__20260711T152946214899Z,msl_ncam_nlb_502516974edr_f0511430ncam09842m1,test_msl,soil,iou,,0,0,159008
segformer__pretrained__mit-b0__in_rover__seed1414__gpu_full__22d89713__gitc188b320__codebebd8b2d__20260711T152946214899Z,msl_ncam_nlb_502516974edr_f0511430ncam09842m1,test_msl,bedrock,iou,0.9869039623908663,8817,8934,159008
segformer__pretrained__mit-b0__in_rover__seed1414__gpu_full__22d89713__gitc188b320__codebebd8b2d__20260711T152946214899Z,msl_ncam_nlb_502516974edr_f0511430ncam09842m1,test_msl,sand,iou,0.9992209919369336,150074,150191,159008
segformer__pretrained__mit-b0__in_rover__seed1414__gpu_full__22d89713__gitc188b320__codebebd8b2d__20260711T152946214899Z,msl_ncam_nlb_502516974edr_f0511430ncam09842m1,test_msl,big_rock,iou,,0,0,159008
segformer__pretrained__mit-b0__in_rover__seed1414__gpu_full__22d89713__gitc188b320__codebebd8b2d__20260711T152946214899Z,msl_ncam_nlb_502516974edr_f0511430ncam09842m1,test_msl,ALL,pixel_acc,0.9992641879653854,0,0,159008
segformer__pretrained__mit-b0__in_rover__seed1414__gpu_full__22d89713__gitc188b320__codebebd8b2d__20260711T152946214899Z,msl_ncam_nlb_502516974edr_f0511430ncam09842m1,test_msl,ALL,boundary_f1,0.9730555084997903,0,0,159008
segformer__pretrained__mit-b0__in_rover__seed1414__gpu_full__22d89713__gitc188b320__codebebd8b2d__20260711T152946214899Z,msl_ncam_nlb_502517100edr_f0511430ncam09842m1,test_msl,soil,iou,,0,0,195816
segformer__pretrained__mit-b0__in_rover__seed1414__gpu_full__22d89713__gitc188b320__codebebd8b2d__20260711T152946214899Z,msl_ncam_nlb_502517100edr_f0511430ncam09842m1,test_msl,bedrock,iou,,0,0,195816
segformer__pretrained__mit-b0__in_rover__seed1414__gpu_full__22d89713__gitc188b320__codebebd8b2d__20260711T152946214899Z,msl_ncam_nlb_502517100edr_f0511430ncam09842m1,test_msl,sand,iou,1.0,195816,195816,195816
segformer__pretrained__mit-b0__in_rover__seed1414__gpu_full__22d89713__gitc188b320__codebebd8b2d__20260711T152946214899Z,msl_ncam_nlb_502517100edr_f0511430ncam09842m1,test_msl,big_rock,iou,,0,0,195816
segformer__pretrained__mit-b0__in_rover__seed1414__gpu_full__22d89713__gitc188b320__codebebd8b2d__20260711T152946214899Z,msl_ncam_nlb_502517100edr_f0511430ncam09842m1,test_msl,ALL,pixel_acc,1.0,0,0,195816
segformer__pretrained__mit-b0__in_rover__seed1414__gpu_full__22d89713__gitc188b320__codebebd8b2d__20260711T152946214899Z,msl_ncam_nlb_502517100edr_f0511430ncam09842m1,test_msl,ALL,boundary_f1,1.0,0,0,195816
segformer__pretrained__mit-b0__in_rover__seed1414__gpu_full__22d89713__gitc188b320__codebebd8b2d__20260711T152946214899Z,msl_ncam_nlb_502517193edr_f0511430ncam09842m1,test_msl,soil,iou,,0,0,102176
segformer__pretrained__mit-b0__in_rover__seed1414__gpu_full__22d89713__gitc188b320__codebebd8b2d__20260711T152946214899Z,msl_ncam_nlb_502517193edr_f0511430ncam09842m1,test_msl,bedrock,iou,0.9666423939803738,27877,28839,102176
segformer__pretrained__mit-b0__in_rover__seed1414__gpu_full__22d89713__gitc188b320__codebebd8b2d__20260711T152946214899Z,msl_ncam_nlb_502517193edr_f0511430ncam09842m1,test_msl,sand,iou,0.9870523156435483,73337,74299,102176
segformer__pretrained__mit-b0__in_rover__seed1414__gpu_full__22d89713__gitc188b320__codebebd8b2d__20260711T152946214899Z,msl_ncam_nlb_502517193edr_f0511430ncam09842m1,test_msl,big_rock,iou,,0,0,102176
segformer__pretrained__mit-b0__in_rover__seed1414__gpu_full__22d89713__gitc188b320__codebebd8b2d__20260711T152946214899Z,msl_ncam_nlb_502517193edr_f0511430ncam09842m1,test_msl,ALL,pixel_acc,0.9905848731600376,0,0,102176
segformer__pretrained__mit-b0__in_rover__seed1414__gpu_full__22d89713__gitc188b320__codebebd8b2d__20260711T152946214899Z,msl_ncam_nlb_502517193edr_f0511430ncam09842m1,test_msl,ALL,boundary_f1,0.9452120821319256,0,0,102176
segformer__pretrained__mit-b0__in_rover__seed1414__gpu_full__22d89713__gitc188b320__codebebd8b2d__20260711T152946214899Z,msl_ncam_nlb_504390285edr_f0520004ncam00353m1,test_msl,soil,iou,,0,0,0
segformer__pretrained__mit-b0__in_rover__seed1414__gpu_full__22d89713__gitc188b320__codebebd8b2d__20260711T152946214899Z,msl_ncam_nlb_504390285edr_f0520004ncam00353m1,test_msl,bedrock,iou,,0,0,0
segformer__pretrained__mit-b0__in_rover__seed1414__gpu_full__22d89713__gitc188b320__codebebd8b2d__20260711T152946214899Z,msl_ncam_nlb_504390285edr_f0520004ncam00353m1,test_msl,sand,iou,,0,0,0
segformer__pretrained__mit-b0__in_rover__seed1414__gpu_full__22d89713__gitc188b320__codebebd8b2d__20260711T152946214899Z,msl_ncam_nlb_504390285edr_f0520004ncam00353m1,test_msl,big_rock,iou,,0,0,0
segformer__pretrained__mit-b0__in_rover__seed1414__gpu_full__22d89713__gitc188b320__codebebd8b2d__20260711T152946214899Z,msl_ncam_nlb_504390285edr_f0520004ncam00353m1,test_msl,ALL,pixel_acc,,0,0,0
segformer__pretrained__mit-b0__in_rover__seed1414__gpu_full__22d89713__gitc188b320__codebebd8b2d__20260711T152946214899Z,msl_ncam_nlb_504390285edr_f0520004ncam00353m1,test_msl,ALL,boundary_f1,,0,0,0
segformer__pretrained__mit-b0__in_rover__seed1414__gpu_full__22d89713__gitc188b320__codebebd8b2d__20260711T152946214899Z,msl_ncam_nlb_504390796edr_f0520004ncam00354m1,test_msl,soil,iou,,0,0,98057
segformer__pretrained__mit-b0__in_rover__seed1414__gpu_full__22d89713__gitc188b320__codebebd8b2d__20260711T152946214899Z,msl_ncam_nlb_504390796edr_f0520004ncam00354m1,test_msl,bedrock,iou,0.9106108550218436,83167,91331,98057
segformer__pretrained__mit-b0__in_rover__seed1414__gpu_full__22d89713__gitc188b320__codebebd8b2d__20260711T152946214899Z,msl_ncam_nlb_504390796edr_f0520004ncam00354m1,test_msl,sand,iou,0.4517125587642713,6726,14890,98057
segformer__pretrained__mit-b0__in_rover__seed1414__gpu_full__22d89713__gitc188b320__codebebd8b2d__20260711T152946214899Z,msl_ncam_nlb_504390796edr_f0520004ncam00354m1,test_msl,big_rock,iou,,0,0,98057
segformer__pretrained__mit-b0__in_rover__seed1414__gpu_full__22d89713__gitc188b320__codebebd8b2d__20260711T152946214899Z,msl_ncam_nlb_504390796edr_f0520004ncam00354m1,test_msl,ALL,pixel_acc,0.9167423029462456,0,0,98057
segformer__pretrained__mit-b0__in_rover__seed1414__gpu_full__22d89713__gitc188b320__codebebd8b2d__20260711T152946214899Z,msl_ncam_nlb_504390796edr_f0520004ncam00354m1,test_msl,ALL,boundary_f1,0.7386875105128337,0,0,98057
segformer__pretrained__mit-b0__in_rover__seed1414__gpu_full__22d89713__gitc188b320__codebebd8b2d__20260711T152946214899Z,msl_ncam_nlb_504390846edr_f0520004ncam00354m1,test_msl,soil,iou,,0,0,66198
segformer__pretrained__mit-b0__in_rover__seed1414__gpu_full__22d89713__gitc188b320__codebebd8b2d__20260711T152946214899Z,msl_ncam_nlb_504390846edr_f0520004ncam00354m1,test_msl,bedrock,iou,0.821536690006129,44234,53843,66198
segformer__pretrained__mit-b0__in_rover__seed1414__gpu_full__22d89713__gitc188b320__codebebd8b2d__20260711T152946214899Z,msl_ncam_nlb_504390846edr_f0520004ncam00354m1,test_msl,sand,iou,0.5625113822618831,12355,21964,66198
segformer__pretrained__mit-b0__in_rover__seed1414__gpu_full__22d89713__gitc188b320__codebebd8b2d__20260711T152946214899Z,msl_ncam_nlb_504390846edr_f0520004ncam00354m1,test_msl,big_rock,iou,,0,0,66198
segformer__pretrained__mit-b0__in_rover__seed1414__gpu_full__22d89713__gitc188b320__codebebd8b2d__20260711T152946214899Z,msl_ncam_nlb_504390846edr_f0520004ncam00354m1,test_msl,ALL,pixel_acc,0.8548445572373787,0,0,66198
segformer__pretrained__mit-b0__in_rover__seed1414__gpu_full__22d89713__gitc188b320__codebebd8b2d__20260711T152946214899Z,msl_ncam_nlb_504390846edr_f0520004ncam00354m1,test_msl,ALL,boundary_f1,0.7826325217373392,0,0,66198
segformer__pretrained__mit-b0__in_rover__seed1414__gpu_full__22d89713__gitc188b320__codebebd8b2d__20260711T152946214899Z,msl_ncam_nlb_504391195edr_f0520004ncam07753m1,test_msl,soil,iou,,0,0,173925
segformer__pretrained__mit-b0__in_rover__seed1414__gpu_full__22d89713__gitc188b320__codebebd8b2d__20260711T152946214899Z,msl_ncam_nlb_504391195edr_f0520004ncam07753m1,test_msl,bedrock,iou,0.983232077764277,52598,53495,173925
segformer__pretrained__mit-b0__in_rover__seed1414__gpu_full__22d89713__gitc188b320__codebebd8b2d__20260711T152946214899Z,msl_ncam_nlb_504391195edr_f0520004ncam07753m1,test_msl,sand,iou,0.9926067569461043,120430,121327,173925
segformer__pretrained__mit-b0__in_rover__seed1414__gpu_full__22d89713__gitc188b320__codebebd8b2d__20260711T152946214899Z,msl_ncam_nlb_504391195edr_f0520004ncam07753m1,test_msl,big_rock,iou,,0,0,173925
segformer__pretrained__mit-b0__in_rover__seed1414__gpu_full__22d89713__gitc188b320__codebebd8b2d__20260711T152946214899Z,msl_ncam_nlb_504391195edr_f0520004ncam07753m1,test_msl,ALL,pixel_acc,0.9948426045709358,0,0,173925
segformer__pretrained__mit-b0__in_rover__seed1414__gpu_full__22d89713__gitc188b320__codebebd8b2d__20260711T152946214899Z,msl_ncam_nlb_504391195edr_f0520004ncam07753m1,test_msl,ALL,boundary_f1,0.9454102462943133,0,0,173925
segformer__pretrained__mit-b0__in_rover__seed1414__gpu_full__22d89713__gitc188b320__codebebd8b2d__20260711T152946214899Z,msl_ncam_nlb_504391382edr_f0520004ncam07753m1,test_msl,soil,iou,,0,0,62981
segformer__pretrained__mit-b0__in_rover__seed1414__gpu_full__22d89713__gitc188b320__codebebd8b2d__20260711T152946214899Z,msl_ncam_nlb_504391382edr_f0520004ncam07753m1,test_msl,bedrock,iou,0.9886130798428,29432,29771,62981
segformer__pretrained__mit-b0__in_rover__seed1414__gpu_full__22d89713__gitc188b320__codebebd8b2d__20260711T152946214899Z,msl_ncam_nlb_504391382edr_f0520004ncam07753m1,test_msl,sand,iou,0.9898953769113833,33210,33549,62981
segformer__pretrained__mit-b0__in_rover__seed1414__gpu_full__22d89713__gitc188b320__codebebd8b2d__20260711T152946214899Z,msl_ncam_nlb_504391382edr_f0520004ncam07753m1,test_msl,big_rock,iou,,0,0,62981
segformer__pretrained__mit-b0__in_rover__seed1414__gpu_full__22d89713__gitc188b320__codebebd8b2d__20260711T152946214899Z,msl_ncam_nlb_504391382edr_f0520004ncam07753m1,test_msl,ALL,pixel_acc,0.9946174243025674,0,0,62981
segformer__pretrained__mit-b0__in_rover__seed1414__gpu_full__22d89713__gitc188b320__codebebd8b2d__20260711T152946214899Z,msl_ncam_nlb_504391382edr_f0520004ncam07753m1,test_msl,ALL,boundary_f1,0.9679418323813676,0,0,62981
segformer__pretrained__mit-b0__in_rover__seed1414__gpu_full__22d89713__gitc188b320__codebebd8b2d__20260711T152946214899Z,msl_ncam_nlb_505891855edr_f0521112ncam00319m1,test_msl,soil,iou,,0,0,93351
segformer__pretrained__mit-b0__in_rover__seed1414__gpu_full__22d89713__gitc188b320__codebebd8b2d__20260711T152946214899Z,msl_ncam_nlb_505891855edr_f0521112ncam00319m1,test_msl,bedrock,iou,,0,0,93351
segformer__pretrained__mit-b0__in_rover__seed1414__gpu_full__22d89713__gitc188b320__codebebd8b2d__20260711T152946214899Z,msl_ncam_nlb_505891855edr_f0521112ncam00319m1,test_msl,sand,iou,1.0,93351,93351,93351
segformer__pretrained__mit-b0__in_rover__seed1414__gpu_full__22d89713__gitc188b320__codebebd8b2d__20260711T152946214899Z,msl_ncam_nlb_505891855edr_f0521112ncam00319m1,test_msl,big_rock,iou,,0,0,93351
segformer__pretrained__mit-b0__in_rover__seed1414__gpu_full__22d89713__gitc188b320__codebebd8b2d__20260711T152946214899Z,msl_ncam_nlb_505891855edr_f0521112ncam00319m1,test_msl,ALL,pixel_acc,1.0,0,0,93351
segformer__pretrained__mit-b0__in_rover__seed1414__gpu_full__22d89713__gitc188b320__codebebd8b2d__20260711T152946214899Z,msl_ncam_nlb_505891855edr_f0521112ncam00319m1,test_msl,ALL,boundary_f1,1.0,0,0,93351
segformer__pretrained__mit-b0__in_rover__seed1414__gpu_full__22d89713__gitc188b320__codebebd8b2d__20260711T152946214899Z,msl_ncam_nlb_505898310edr_f0521162ncam12753m1,test_msl,soil,iou,,0,0,39614
segformer__pretrained__mit-b0__in_rover__seed1414__gpu_full__22d89713__gitc188b320__codebebd8b2d__20260711T152946214899Z,msl_ncam_nlb_505898310edr_f0521162ncam12753m1,test_msl,bedrock,iou,0.8555056293229666,33890,39614,39614
segformer__pretrained__mit-b0__in_rover__seed1414__gpu_full__22d89713__gitc188b320__codebebd8b2d__20260711T152946214899Z,msl_ncam_nlb_505898310edr_f0521162ncam12753m1,test_msl,sand,iou,0.0,0,5724,39614
segformer__pretrained__mit-b0__in_rover__seed1414__gpu_full__22d89713__gitc188b320__codebebd8b2d__20260711T152946214899Z,msl_ncam_nlb_505898310edr_f0521162ncam12753m1,test_msl,big_rock,iou,,0,0,39614
segformer__pretrained__mit-b0__in_rover__seed1414__gpu_full__22d89713__gitc188b320__codebebd8b2d__20260711T152946214899Z,msl_ncam_nlb_505898310edr_f0521162ncam12753m1,test_msl,ALL,pixel_acc,0.8555056293229666,0,0,39614
segformer__pretrained__mit-b0__in_rover__seed1414__gpu_full__22d89713__gitc188b320__codebebd8b2d__20260711T152946214899Z,msl_ncam_nlb_505898310edr_f0521162ncam12753m1,test_msl,ALL,boundary_f1,0.4613887875471239,0,0,39614
segformer__pretrained__mit-b0__in_rover__seed1414__gpu_full__22d89713__gitc188b320__codebebd8b2d__20260711T152946214899Z,msl_ncam_nlb_505898372edr_f0521162ncam12753m1,test_msl,soil,iou,,0,0,70730
segformer__pretrained__mit-b0__in_rover__seed1414__gpu_full__22d89713__gitc188b320__codebebd8b2d__20260711T152946214899Z,msl_ncam_nlb_505898372edr_f0521162ncam12753m1,test_msl,bedrock,iou,0.8822996569402151,45779,51886,70730
segformer__pretrained__mit-b0__in_rover__seed1414__gpu_full__22d89713__gitc188b320__codebebd8b2d__20260711T152946214899Z,msl_ncam_nlb_505898372edr_f0521162ncam12753m1,test_msl,sand,iou,0.7552402709310249,18844,24951,70730
segformer__pretrained__mit-b0__in_rover__seed1414__gpu_full__22d89713__gitc188b320__codebebd8b2d__20260711T152946214899Z,msl_ncam_nlb_505898372edr_f0521162ncam12753m1,test_msl,big_rock,iou,,0,0,70730
segformer__pretrained__mit-b0__in_rover__seed1414__gpu_full__22d89713__gitc188b320__codebebd8b2d__20260711T152946214899Z,msl_ncam_nlb_505898372edr_f0521162ncam12753m1,test_msl,ALL,pixel_acc,0.9136575710448184,0,0,70730
segformer__pretrained__mit-b0__in_rover__seed1414__gpu_full__22d89713__gitc188b320__codebebd8b2d__20260711T152946214899Z,msl_ncam_nlb_505898372edr_f0521162ncam12753m1,test_msl,ALL,boundary_f1,0.7395286412695792,0,0,70730
segformer__pretrained__mit-b0__in_rover__seed1414__gpu_full__22d89713__gitc188b320__codebebd8b2d__20260711T152946214899Z,msl_ncam_nlb_505898434edr_f0521162ncam12753m1,test_msl,soil,iou,,0,0,186871
segformer__pretrained__mit-b0__in_rover__seed1414__gpu_full__22d89713__gitc188b320__codebebd8b2d__20260711T152946214899Z,msl_ncam_nlb_505898434edr_f0521162ncam12753m1,test_msl,bedrock,iou,0.0,0,133,186871
segformer__pretrained__mit-b0__in_rover__seed1414__gpu_full__22d89713__gitc188b320__codebebd8b2d__20260711T152946214899Z,msl_ncam_nlb_505898434edr_f0521162ncam12753m1,test_msl,sand,iou,0.9992882790802211,186738,186871,186871
segformer__pretrained__mit-b0__in_rover__seed1414__gpu_full__22d89713__gitc188b320__codebebd8b2d__20260711T152946214899Z,msl_ncam_nlb_505898434edr_f0521162ncam12753m1,test_msl,big_rock,iou,,0,0,186871
segformer__pretrained__mit-b0__in_rover__seed1414__gpu_full__22d89713__gitc188b320__codebebd8b2d__20260711T152946214899Z,msl_ncam_nlb_505898434edr_f0521162ncam12753m1,test_msl,ALL,pixel_acc,0.9992882790802211,0,0,186871
segformer__pretrained__mit-b0__in_rover__seed1414__gpu_full__22d89713__gitc188b320__codebebd8b2d__20260711T152946214899Z,msl_ncam_nlb_505898434edr_f0521162ncam12753m1,test_msl,ALL,boundary_f1,0.4989404285377914,0,0,186871
segformer__pretrained__mit-b0__in_rover__seed1414__gpu_full__22d89713__gitc188b320__codebebd8b2d__20260711T152946214899Z,msl_ncam_nlb_505898562edr_f0521162ncam12753m1,test_msl,soil,iou,,0,0,0
segformer__pretrained__mit-b0__in_rover__seed1414__gpu_full__22d89713__gitc188b320__codebebd8b2d__20260711T152946214899Z,msl_ncam_nlb_505898562edr_f0521162ncam12753m1,test_msl,bedrock,iou,,0,0,0
segformer__pretrained__mit-b0__in_rover__seed1414__gpu_full__22d89713__gitc188b320__codebebd8b2d__20260711T152946214899Z,msl_ncam_nlb_505898562edr_f0521162ncam12753m1,test_msl,sand,iou,,0,0,0
segformer__pretrained__mit-b0__in_rover__seed1414__gpu_full__22d89713__gitc188b320__codebebd8b2d__20260711T152946214899Z,msl_ncam_nlb_505898562edr_f0521162ncam12753m1,test_msl,big_rock,iou,,0,0,0
segformer__pretrained__mit-b0__in_rover__seed1414__gpu_full__22d89713__gitc188b320__codebebd8b2d__20260711T152946214899Z,msl_ncam_nlb_505898562edr_f0521162ncam12753m1,test_msl,ALL,pixel_acc,,0,0,0
segformer__pretrained__mit-b0__in_rover__seed1414__gpu_full__22d89713__gitc188b320__codebebd8b2d__20260711T152946214899Z,msl_ncam_nlb_505898562edr_f0521162ncam12753m1,test_msl,ALL,boundary_f1,,0,0,0
segformer__pretrained__mit-b0__in_rover__seed1414__gpu_full__22d89713__gitc188b320__codebebd8b2d__20260711T152946214899Z,msl_ncam_nlb_505898711edr_f0521162ncam12753m1,test_msl,soil,iou,,0,0,84361
segformer__pretrained__mit-b0__in_rover__seed1414__gpu_full__22d89713__gitc188b320__codebebd8b2d__20260711T152946214899Z,msl_ncam_nlb_505898711edr_f0521162ncam12753m1,test_msl,bedrock,iou,0.9963545042125729,12299,12344,84361
segformer__pretrained__mit-b0__in_rover__seed1414__gpu_full__22d89713__gitc188b320__codebebd8b2d__20260711T152946214899Z,msl_ncam_nlb_505898711edr_f0521162ncam12753m1,test_msl,sand,iou,0.999375537731398,72017,72062,84361
segformer__pretrained__mit-b0__in_rover__seed1414__gpu_full__22d89713__gitc188b320__codebebd8b2d__20260711T152946214899Z,msl_ncam_nlb_505898711edr_f0521162ncam12753m1,test_msl,big_rock,iou,,0,0,84361
segformer__pretrained__mit-b0__in_rover__seed1414__gpu_full__22d89713__gitc188b320__codebebd8b2d__20260711T152946214899Z,msl_ncam_nlb_505898711edr_f0521162ncam12753m1,test_msl,ALL,pixel_acc,0.9994665781581537,0,0,84361
segformer__pretrained__mit-b0__in_rover__seed1414__gpu_full__22d89713__gitc188b320__codebebd8b2d__20260711T152946214899Z,msl_ncam_nlb_505898711edr_f0521162ncam12753m1,test_msl,ALL,boundary_f1,0.992839659222817,0,0,84361
segformer__pretrained__mit-b0__in_rover__seed1414__gpu_full__22d89713__gitc188b320__codebebd8b2d__20260711T152946214899Z,msl_ncam_nlb_505898763edr_f0521162ncam00353m1,test_msl,soil,iou,,0,0,107150
segformer__pretrained__mit-b0__in_rover__seed1414__gpu_full__22d89713__gitc188b320__codebebd8b2d__20260711T152946214899Z,msl_ncam_nlb_505898763edr_f0521162ncam00353m1,test_msl,bedrock,iou,0.956053518981834,8789,9193,107150
segformer__pretrained__mit-b0__in_rover__seed1414__gpu_full__22d89713__gitc188b320__codebebd8b2d__20260711T152946214899Z,msl_ncam_nlb_505898763edr_f0521162ncam00353m1,test_msl,sand,iou,0.995892681042283,97957,98361,107150
segformer__pretrained__mit-b0__in_rover__seed1414__gpu_full__22d89713__gitc188b320__codebebd8b2d__20260711T152946214899Z,msl_ncam_nlb_505898763edr_f0521162ncam00353m1,test_msl,big_rock,iou,,0,0,107150
segformer__pretrained__mit-b0__in_rover__seed1414__gpu_full__22d89713__gitc188b320__codebebd8b2d__20260711T152946214899Z,msl_ncam_nlb_505898763edr_f0521162ncam00353m1,test_msl,ALL,pixel_acc,0.9962295846943537,0,0,107150
segformer__pretrained__mit-b0__in_rover__seed1414__gpu_full__22d89713__gitc188b320__codebebd8b2d__20260711T152946214899Z,msl_ncam_nlb_505898763edr_f0521162ncam00353m1,test_msl,ALL,boundary_f1,0.9404618962215399,0,0,107150
segformer__pretrained__mit-b0__in_rover__seed1414__gpu_full__22d89713__gitc188b320__codebebd8b2d__20260711T152946214899Z,msl_ncam_nlb_505900047edr_f0521162ncam00352m1,test_msl,soil,iou,,0,0,228276
segformer__pretrained__mit-b0__in_rover__seed1414__gpu_full__22d89713__gitc188b320__codebebd8b2d__20260711T152946214899Z,msl_ncam_nlb_505900047edr_f0521162ncam00352m1,test_msl,bedrock,iou,0.0,0,123,228276
segformer__pretrained__mit-b0__in_rover__seed1414__gpu_full__22d89713__gitc188b320__codebebd8b2d__20260711T152946214899Z,msl_ncam_nlb_505900047edr_f0521162ncam00352m1,test_msl,sand,iou,0.999461178573306,228153,228276,228276
segformer__pretrained__mit-b0__in_rover__seed1414__gpu_full__22d89713__gitc188b320__codebebd8b2d__20260711T152946214899Z,msl_ncam_nlb_505900047edr_f0521162ncam00352m1,test_msl,big_rock,iou,,0,0,228276
segformer__pretrained__mit-b0__in_rover__seed1414__gpu_full__22d89713__gitc188b320__codebebd8b2d__20260711T152946214899Z,msl_ncam_nlb_505900047edr_f0521162ncam00352m1,test_msl,ALL,pixel_acc,0.999461178573306,0,0,228276
segformer__pretrained__mit-b0__in_rover__seed1414__gpu_full__22d89713__gitc188b320__codebebd8b2d__20260711T152946214899Z,msl_ncam_nlb_505900047edr_f0521162ncam00352m1,test_msl,ALL,boundary_f1,0.4940850742511956,0,0,228276
segformer__pretrained__mit-b0__in_rover__seed1414__gpu_full__22d89713__gitc188b320__codebebd8b2d__20260711T152946214899Z,msl_ncam_nlb_512555058edr_f0532644ncam00264m1,test_msl,soil,iou,,0,0,77059
segformer__pretrained__mit-b0__in_rover__seed1414__gpu_full__22d89713__gitc188b320__codebebd8b2d__20260711T152946214899Z,msl_ncam_nlb_512555058edr_f0532644ncam00264m1,test_msl,bedrock,iou,0.9831875664815034,33275,33844,77059
segformer__pretrained__mit-b0__in_rover__seed1414__gpu_full__22d89713__gitc188b320__codebebd8b2d__20260711T152946214899Z,msl_ncam_nlb_512555058edr_f0532644ncam00264m1,test_msl,sand,iou,0.9976913309477087,43215,43315,77059
segformer__pretrained__mit-b0__in_rover__seed1414__gpu_full__22d89713__gitc188b320__codebebd8b2d__20260711T152946214899Z,msl_ncam_nlb_512555058edr_f0532644ncam00264m1,test_msl,big_rock,iou,0.0,0,469,77059
segformer__pretrained__mit-b0__in_rover__seed1414__gpu_full__22d89713__gitc188b320__codebebd8b2d__20260711T152946214899Z,msl_ncam_nlb_512555058edr_f0532644ncam00264m1,test_msl,ALL,pixel_acc,0.9926160474441662,0,0,77059
segformer__pretrained__mit-b0__in_rover__seed1414__gpu_full__22d89713__gitc188b320__codebebd8b2d__20260711T152946214899Z,msl_ncam_nlb_512555058edr_f0532644ncam00264m1,test_msl,ALL,boundary_f1,0.6540611134106374,0,0,77059
segformer__pretrained__mit-b0__in_rover__seed1414__gpu_full__22d89713__gitc188b320__codebebd8b2d__20260711T152946214899Z,msl_ncam_nlb_512555120edr_f0532644ncam00264m1,test_msl,soil,iou,,0,0,31610
segformer__pretrained__mit-b0__in_rover__seed1414__gpu_full__22d89713__gitc188b320__codebebd8b2d__20260711T152946214899Z,msl_ncam_nlb_512555120edr_f0532644ncam00264m1,test_msl,bedrock,iou,1.0,31610,31610,31610
segformer__pretrained__mit-b0__in_rover__seed1414__gpu_full__22d89713__gitc188b320__codebebd8b2d__20260711T152946214899Z,msl_ncam_nlb_512555120edr_f0532644ncam00264m1,test_msl,sand,iou,,0,0,31610
segformer__pretrained__mit-b0__in_rover__seed1414__gpu_full__22d89713__gitc188b320__codebebd8b2d__20260711T152946214899Z,msl_ncam_nlb_512555120edr_f0532644ncam00264m1,test_msl,big_rock,iou,,0,0,31610
segformer__pretrained__mit-b0__in_rover__seed1414__gpu_full__22d89713__gitc188b320__codebebd8b2d__20260711T152946214899Z,msl_ncam_nlb_512555120edr_f0532644ncam00264m1,test_msl,ALL,pixel_acc,1.0,0,0,31610
segformer__pretrained__mit-b0__in_rover__seed1414__gpu_full__22d89713__gitc188b320__codebebd8b2d__20260711T152946214899Z,msl_ncam_nlb_512555120edr_f0532644ncam00264m1,test_msl,ALL,boundary_f1,1.0,0,0,31610
segformer__pretrained__mit-b0__in_rover__seed1414__gpu_full__22d89713__gitc188b320__codebebd8b2d__20260711T152946214899Z,msl_ncam_nlb_512555645edr_f0532644ncam00354m1,test_msl,soil,iou,,0,0,29150
segformer__pretrained__mit-b0__in_rover__seed1414__gpu_full__22d89713__gitc188b320__codebebd8b2d__20260711T152946214899Z,msl_ncam_nlb_512555645edr_f0532644ncam00354m1,test_msl,bedrock,iou,0.0,0,17901,29150
segformer__pretrained__mit-b0__in_rover__seed1414__gpu_full__22d89713__gitc188b320__codebebd8b2d__20260711T152946214899Z,msl_ncam_nlb_512555645edr_f0532644ncam00354m1,test_msl,sand,iou,0.3859005145797599,11249,29150,29150
segformer__pretrained__mit-b0__in_rover__seed1414__gpu_full__22d89713__gitc188b320__codebebd8b2d__20260711T152946214899Z,msl_ncam_nlb_512555645edr_f0532644ncam00354m1,test_msl,big_rock,iou,,0,0,29150
segformer__pretrained__mit-b0__in_rover__seed1414__gpu_full__22d89713__gitc188b320__codebebd8b2d__20260711T152946214899Z,msl_ncam_nlb_512555645edr_f0532644ncam00354m1,test_msl,ALL,pixel_acc,0.3859005145797599,0,0,29150
segformer__pretrained__mit-b0__in_rover__seed1414__gpu_full__22d89713__gitc188b320__codebebd8b2d__20260711T152946214899Z,msl_ncam_nlb_512555645edr_f0532644ncam00354m1,test_msl,ALL,boundary_f1,0.255385327986116,0,0,29150
segformer__pretrained__mit-b0__in_rover__seed1414__gpu_full__22d89713__gitc188b320__codebebd8b2d__20260711T152946214899Z,msl_ncam_nlb_512555804edr_f0532644ncam07753m1,test_msl,soil,iou,,0,0,0
segformer__pretrained__mit-b0__in_rover__seed1414__gpu_full__22d89713__gitc188b320__codebebd8b2d__20260711T152946214899Z,msl_ncam_nlb_512555804edr_f0532644ncam07753m1,test_msl,bedrock,iou,,0,0,0
segformer__pretrained__mit-b0__in_rover__seed1414__gpu_full__22d89713__gitc188b320__codebebd8b2d__20260711T152946214899Z,msl_ncam_nlb_512555804edr_f0532644ncam07753m1,test_msl,sand,iou,,0,0,0
segformer__pretrained__mit-b0__in_rover__seed1414__gpu_full__22d89713__gitc188b320__codebebd8b2d__20260711T152946214899Z,msl_ncam_nlb_512555804edr_f0532644ncam07753m1,test_msl,big_rock,iou,,0,0,0
segformer__pretrained__mit-b0__in_rover__seed1414__gpu_full__22d89713__gitc188b320__codebebd8b2d__20260711T152946214899Z,msl_ncam_nlb_512555804edr_f0532644ncam07753m1,test_msl,ALL,pixel_acc,,0,0,0
segformer__pretrained__mit-b0__in_rover__seed1414__gpu_full__22d89713__gitc188b320__codebebd8b2d__20260711T152946214899Z,msl_ncam_nlb_512555804edr_f0532644ncam07753m1,test_msl,ALL,boundary_f1,,0,0,0
segformer__pretrained__mit-b0__in_rover__seed1414__gpu_full__22d89713__gitc188b320__codebebd8b2d__20260711T152946214899Z,msl_ncam_nlb_512555867edr_f0532644ncam07753m1,test_msl,soil,iou,,0,0,52439
segformer__pretrained__mit-b0__in_rover__seed1414__gpu_full__22d89713__gitc188b320__codebebd8b2d__20260711T152946214899Z,msl_ncam_nlb_512555867edr_f0532644ncam07753m1,test_msl,bedrock,iou,0.9999406633833738,50556,50559,52439
segformer__pretrained__mit-b0__in_rover__seed1414__gpu_full__22d89713__gitc188b320__codebebd8b2d__20260711T152946214899Z,msl_ncam_nlb_512555867edr_f0532644ncam07753m1,test_msl,sand,iou,0.9984067976633032,1880,1883,52439
segformer__pretrained__mit-b0__in_rover__seed1414__gpu_full__22d89713__gitc188b320__codebebd8b2d__20260711T152946214899Z,msl_ncam_nlb_512555867edr_f0532644ncam07753m1,test_msl,big_rock,iou,,0,0,52439
segformer__pretrained__mit-b0__in_rover__seed1414__gpu_full__22d89713__gitc188b320__codebebd8b2d__20260711T152946214899Z,msl_ncam_nlb_512555867edr_f0532644ncam07753m1,test_msl,ALL,pixel_acc,0.9999427906710654,0,0,52439
segformer__pretrained__mit-b0__in_rover__seed1414__gpu_full__22d89713__gitc188b320__codebebd8b2d__20260711T152946214899Z,msl_ncam_nlb_512555867edr_f0532644ncam07753m1,test_msl,ALL,boundary_f1,0.9998010346199762,0,0,52439
segformer__pretrained__mit-b0__in_rover__seed1414__gpu_full__22d89713__gitc188b320__codebebd8b2d__20260711T152946214899Z,msl_ncam_nlb_520358689edr_f0550940ncam00299m1,test_msl,soil,iou,,0,0,27530
segformer__pretrained__mit-b0__in_rover__seed1414__gpu_full__22d89713__gitc188b320__codebebd8b2d__20260711T152946214899Z,msl_ncam_nlb_520358689edr_f0550940ncam00299m1,test_msl,bedrock,iou,1.0,27530,27530,27530
segformer__pretrained__mit-b0__in_rover__seed1414__gpu_full__22d89713__gitc188b320__codebebd8b2d__20260711T152946214899Z,msl_ncam_nlb_520358689edr_f0550940ncam00299m1,test_msl,sand,iou,,0,0,27530
segformer__pretrained__mit-b0__in_rover__seed1414__gpu_full__22d89713__gitc188b320__codebebd8b2d__20260711T152946214899Z,msl_ncam_nlb_520358689edr_f0550940ncam00299m1,test_msl,big_rock,iou,,0,0,27530
segformer__pretrained__mit-b0__in_rover__seed1414__gpu_full__22d89713__gitc188b320__codebebd8b2d__20260711T152946214899Z,msl_ncam_nlb_520358689edr_f0550940ncam00299m1,test_msl,ALL,pixel_acc,1.0,0,0,27530
segformer__pretrained__mit-b0__in_rover__seed1414__gpu_full__22d89713__gitc188b320__codebebd8b2d__20260711T152946214899Z,msl_ncam_nlb_520358689edr_f0550940ncam00299m1,test_msl,ALL,boundary_f1,1.0,0,0,27530
segformer__pretrained__mit-b0__in_rover__seed1414__gpu_full__22d89713__gitc188b320__codebebd8b2d__20260711T152946214899Z,msl_ncam_nlb_520358799edr_f0550940ncam00299m1,test_msl,soil,iou,,0,0,150778
segformer__pretrained__mit-b0__in_rover__seed1414__gpu_full__22d89713__gitc188b320__codebebd8b2d__20260711T152946214899Z,msl_ncam_nlb_520358799edr_f0550940ncam00299m1,test_msl,bedrock,iou,1.0,150778,150778,150778
segformer__pretrained__mit-b0__in_rover__seed1414__gpu_full__22d89713__gitc188b320__codebebd8b2d__20260711T152946214899Z,msl_ncam_nlb_520358799edr_f0550940ncam00299m1,test_msl,sand,iou,,0,0,150778
segformer__pretrained__mit-b0__in_rover__seed1414__gpu_full__22d89713__gitc188b320__codebebd8b2d__20260711T152946214899Z,msl_ncam_nlb_520358799edr_f0550940ncam00299m1,test_msl,big_rock,iou,,0,0,150778
segformer__pretrained__mit-b0__in_rover__seed1414__gpu_full__22d89713__gitc188b320__codebebd8b2d__20260711T152946214899Z,msl_ncam_nlb_520358799edr_f0550940ncam00299m1,test_msl,ALL,pixel_acc,1.0,0,0,150778
segformer__pretrained__mit-b0__in_rover__seed1414__gpu_full__22d89713__gitc188b320__codebebd8b2d__20260711T152946214899Z,msl_ncam_nlb_520358799edr_f0550940ncam00299m1,test_msl,ALL,boundary_f1,1.0,0,0,150778
segformer__pretrained__mit-b0__in_rover__seed1414__gpu_full__22d89713__gitc188b320__codebebd8b2d__20260711T152946214899Z,msl_ncam_nlb_520359057edr_f0550940ncam00654m1,test_msl,soil,iou,,0,0,36846
segformer__pretrained__mit-b0__in_rover__seed1414__gpu_full__22d89713__gitc188b320__codebebd8b2d__20260711T152946214899Z,msl_ncam_nlb_520359057edr_f0550940ncam00654m1,test_msl,bedrock,iou,0.8093144439016446,29820,36846,36846
segformer__pretrained__mit-b0__in_rover__seed1414__gpu_full__22d89713__gitc188b320__codebebd8b2d__20260711T152946214899Z,msl_ncam_nlb_520359057edr_f0550940ncam00654m1,test_msl,sand,iou,0.0,0,7026,36846
segformer__pretrained__mit-b0__in_rover__seed1414__gpu_full__22d89713__gitc188b320__codebebd8b2d__20260711T152946214899Z,msl_ncam_nlb_520359057edr_f0550940ncam00654m1,test_msl,big_rock,iou,,0,0,36846
segformer__pretrained__mit-b0__in_rover__seed1414__gpu_full__22d89713__gitc188b320__codebebd8b2d__20260711T152946214899Z,msl_ncam_nlb_520359057edr_f0550940ncam00654m1,test_msl,ALL,pixel_acc,0.8093144439016446,0,0,36846
segformer__pretrained__mit-b0__in_rover__seed1414__gpu_full__22d89713__gitc188b320__codebebd8b2d__20260711T152946214899Z,msl_ncam_nlb_520359057edr_f0550940ncam00654m1,test_msl,ALL,boundary_f1,0.4054521852012116,0,0,36846
segformer__pretrained__mit-b0__in_rover__seed1414__gpu_full__22d89713__gitc188b320__codebebd8b2d__20260711T152946214899Z,msl_ncam_nlb_520359112edr_f0550940ncam00654m1,test_msl,soil,iou,,0,0,51622
segformer__pretrained__mit-b0__in_rover__seed1414__gpu_full__22d89713__gitc188b320__codebebd8b2d__20260711T152946214899Z,msl_ncam_nlb_520359112edr_f0550940ncam00654m1,test_msl,bedrock,iou,0.9766572391615977,50417,51622,51622
segformer__pretrained__mit-b0__in_rover__seed1414__gpu_full__22d89713__gitc188b320__codebebd8b2d__20260711T152946214899Z,msl_ncam_nlb_520359112edr_f0550940ncam00654m1,test_msl,sand,iou,0.0,0,1205,51622
segformer__pretrained__mit-b0__in_rover__seed1414__gpu_full__22d89713__gitc188b320__codebebd8b2d__20260711T152946214899Z,msl_ncam_nlb_520359112edr_f0550940ncam00654m1,test_msl,big_rock,iou,,0,0,51622
segformer__pretrained__mit-b0__in_rover__seed1414__gpu_full__22d89713__gitc188b320__codebebd8b2d__20260711T152946214899Z,msl_ncam_nlb_520359112edr_f0550940ncam00654m1,test_msl,ALL,pixel_acc,0.9766572391615977,0,0,51622
segformer__pretrained__mit-b0__in_rover__seed1414__gpu_full__22d89713__gitc188b320__codebebd8b2d__20260711T152946214899Z,msl_ncam_nlb_520359112edr_f0550940ncam00654m1,test_msl,ALL,boundary_f1,0.4903941938238224,0,0,51622
segformer__pretrained__mit-b0__in_rover__seed1414__gpu_full__22d89713__gitc188b320__codebebd8b2d__20260711T152946214899Z,msl_ncam_nlb_520359279edr_f0550940ncam07753m1,test_msl,soil,iou,,0,0,52407
segformer__pretrained__mit-b0__in_rover__seed1414__gpu_full__22d89713__gitc188b320__codebebd8b2d__20260711T152946214899Z,msl_ncam_nlb_520359279edr_f0550940ncam07753m1,test_msl,bedrock,iou,0.9570858854733146,50158,52407,52407
segformer__pretrained__mit-b0__in_rover__seed1414__gpu_full__22d89713__gitc188b320__codebebd8b2d__20260711T152946214899Z,msl_ncam_nlb_520359279edr_f0550940ncam07753m1,test_msl,sand,iou,0.0,0,2249,52407
segformer__pretrained__mit-b0__in_rover__seed1414__gpu_full__22d89713__gitc188b320__codebebd8b2d__20260711T152946214899Z,msl_ncam_nlb_520359279edr_f0550940ncam07753m1,test_msl,big_rock,iou,,0,0,52407
segformer__pretrained__mit-b0__in_rover__seed1414__gpu_full__22d89713__gitc188b320__codebebd8b2d__20260711T152946214899Z,msl_ncam_nlb_520359279edr_f0550940ncam07753m1,test_msl,ALL,pixel_acc,0.9570858854733146,0,0,52407
segformer__pretrained__mit-b0__in_rover__seed1414__gpu_full__22d89713__gitc188b320__codebebd8b2d__20260711T152946214899Z,msl_ncam_nlb_520359279edr_f0550940ncam07753m1,test_msl,ALL,boundary_f1,0.4879534021710352,0,0,52407
segformer__pretrained__mit-b0__in_rover__seed1414__gpu_full__22d89713__gitc188b320__codebebd8b2d__20260711T152946214899Z,msl_ncam_nlb_520359399edr_f0550940ncam07753m1,test_msl,soil,iou,,0,0,6638
segformer__pretrained__mit-b0__in_rover__seed1414__gpu_full__22d89713__gitc188b320__codebebd8b2d__20260711T152946214899Z,msl_ncam_nlb_520359399edr_f0550940ncam07753m1,test_msl,bedrock,iou,1.0,6638,6638,6638
segformer__pretrained__mit-b0__in_rover__seed1414__gpu_full__22d89713__gitc188b320__codebebd8b2d__20260711T152946214899Z,msl_ncam_nlb_520359399edr_f0550940ncam07753m1,test_msl,sand,iou,,0,0,6638
segformer__pretrained__mit-b0__in_rover__seed1414__gpu_full__22d89713__gitc188b320__codebebd8b2d__20260711T152946214899Z,msl_ncam_nlb_520359399edr_f0550940ncam07753m1,test_msl,big_rock,iou,,0,0,6638
segformer__pretrained__mit-b0__in_rover__seed1414__gpu_full__22d89713__gitc188b320__codebebd8b2d__20260711T152946214899Z,msl_ncam_nlb_520359399edr_f0550940ncam07753m1,test_msl,ALL,pixel_acc,1.0,0,0,6638
segformer__pretrained__mit-b0__in_rover__seed1414__gpu_full__22d89713__gitc188b320__codebebd8b2d__20260711T152946214899Z,msl_ncam_nlb_520359399edr_f0550940ncam07753m1,test_msl,ALL,boundary_f1,1.0,0,0,6638
segformer__pretrained__mit-b0__in_rover__seed1414__gpu_full__22d89713__gitc188b320__codebebd8b2d__20260711T152946214899Z,msl_ncam_nlb_525148881edr_f0570774ncam00353m1,test_msl,soil,iou,,0,0,0
segformer__pretrained__mit-b0__in_rover__seed1414__gpu_full__22d89713__gitc188b320__codebebd8b2d__20260711T152946214899Z,msl_ncam_nlb_525148881edr_f0570774ncam00353m1,test_msl,bedrock,iou,,0,0,0
segformer__pretrained__mit-b0__in_rover__seed1414__gpu_full__22d89713__gitc188b320__codebebd8b2d__20260711T152946214899Z,msl_ncam_nlb_525148881edr_f0570774ncam00353m1,test_msl,sand,iou,,0,0,0
segformer__pretrained__mit-b0__in_rover__seed1414__gpu_full__22d89713__gitc188b320__codebebd8b2d__20260711T152946214899Z,msl_ncam_nlb_525148881edr_f0570774ncam00353m1,test_msl,big_rock,iou,,0,0,0
segformer__pretrained__mit-b0__in_rover__seed1414__gpu_full__22d89713__gitc188b320__codebebd8b2d__20260711T152946214899Z,msl_ncam_nlb_525148881edr_f0570774ncam00353m1,test_msl,ALL,pixel_acc,,0,0,0
segformer__pretrained__mit-b0__in_rover__seed1414__gpu_full__22d89713__gitc188b320__codebebd8b2d__20260711T152946214899Z,msl_ncam_nlb_525148881edr_f0570774ncam00353m1,test_msl,ALL,boundary_f1,,0,0,0
segformer__pretrained__mit-b0__in_rover__seed1414__gpu_full__22d89713__gitc188b320__codebebd8b2d__20260711T152946214899Z,msl_ncam_nlb_525149027edr_f0570774ncam00287m1,test_msl,soil,iou,,0,0,57576
segformer__pretrained__mit-b0__in_rover__seed1414__gpu_full__22d89713__gitc188b320__codebebd8b2d__20260711T152946214899Z,msl_ncam_nlb_525149027edr_f0570774ncam00287m1,test_msl,bedrock,iou,1.0,57576,57576,57576
segformer__pretrained__mit-b0__in_rover__seed1414__gpu_full__22d89713__gitc188b320__codebebd8b2d__20260711T152946214899Z,msl_ncam_nlb_525149027edr_f0570774ncam00287m1,test_msl,sand,iou,,0,0,57576
segformer__pretrained__mit-b0__in_rover__seed1414__gpu_full__22d89713__gitc188b320__codebebd8b2d__20260711T152946214899Z,msl_ncam_nlb_525149027edr_f0570774ncam00287m1,test_msl,big_rock,iou,,0,0,57576
segformer__pretrained__mit-b0__in_rover__seed1414__gpu_full__22d89713__gitc188b320__codebebd8b2d__20260711T152946214899Z,msl_ncam_nlb_525149027edr_f0570774ncam00287m1,test_msl,ALL,pixel_acc,1.0,0,0,57576
segformer__pretrained__mit-b0__in_rover__seed1414__gpu_full__22d89713__gitc188b320__codebebd8b2d__20260711T152946214899Z,msl_ncam_nlb_525149027edr_f0570774ncam00287m1,test_msl,ALL,boundary_f1,1.0,0,0,57576
segformer__pretrained__mit-b0__in_rover__seed1414__gpu_full__22d89713__gitc188b320__codebebd8b2d__20260711T152946214899Z,msl_ncam_nlb_525149336edr_f0570774ncam00654m1,test_msl,soil,iou,,0,0,38978
segformer__pretrained__mit-b0__in_rover__seed1414__gpu_full__22d89713__gitc188b320__codebebd8b2d__20260711T152946214899Z,msl_ncam_nlb_525149336edr_f0570774ncam00654m1,test_msl,bedrock,iou,1.0,38978,38978,38978
segformer__pretrained__mit-b0__in_rover__seed1414__gpu_full__22d89713__gitc188b320__codebebd8b2d__20260711T152946214899Z,msl_ncam_nlb_525149336edr_f0570774ncam00654m1,test_msl,sand,iou,,0,0,38978
segformer__pretrained__mit-b0__in_rover__seed1414__gpu_full__22d89713__gitc188b320__codebebd8b2d__20260711T152946214899Z,msl_ncam_nlb_525149336edr_f0570774ncam00654m1,test_msl,big_rock,iou,,0,0,38978
segformer__pretrained__mit-b0__in_rover__seed1414__gpu_full__22d89713__gitc188b320__codebebd8b2d__20260711T152946214899Z,msl_ncam_nlb_525149336edr_f0570774ncam00654m1,test_msl,ALL,pixel_acc,1.0,0,0,38978
segformer__pretrained__mit-b0__in_rover__seed1414__gpu_full__22d89713__gitc188b320__codebebd8b2d__20260711T152946214899Z,msl_ncam_nlb_525149336edr_f0570774ncam00654m1,test_msl,ALL,boundary_f1,1.0,0,0,38978
segformer__pretrained__mit-b0__in_rover__seed1414__gpu_full__22d89713__gitc188b320__codebebd8b2d__20260711T152946214899Z,msl_ncam_nlb_525149367edr_f0570774ncam00654m1,test_msl,soil,iou,,0,0,62531
segformer__pretrained__mit-b0__in_rover__seed1414__gpu_full__22d89713__gitc188b320__codebebd8b2d__20260711T152946214899Z,msl_ncam_nlb_525149367edr_f0570774ncam00654m1,test_msl,bedrock,iou,0.9438358574147223,59019,62531,62531
segformer__pretrained__mit-b0__in_rover__seed1414__gpu_full__22d89713__gitc188b320__codebebd8b2d__20260711T152946214899Z,msl_ncam_nlb_525149367edr_f0570774ncam00654m1,test_msl,sand,iou,0.0,0,3512,62531
segformer__pretrained__mit-b0__in_rover__seed1414__gpu_full__22d89713__gitc188b320__codebebd8b2d__20260711T152946214899Z,msl_ncam_nlb_525149367edr_f0570774ncam00654m1,test_msl,big_rock,iou,,0,0,62531
segformer__pretrained__mit-b0__in_rover__seed1414__gpu_full__22d89713__gitc188b320__codebebd8b2d__20260711T152946214899Z,msl_ncam_nlb_525149367edr_f0570774ncam00654m1,test_msl,ALL,pixel_acc,0.9438358574147223,0,0,62531
segformer__pretrained__mit-b0__in_rover__seed1414__gpu_full__22d89713__gitc188b320__codebebd8b2d__20260711T152946214899Z,msl_ncam_nlb_525149367edr_f0570774ncam00654m1,test_msl,ALL,boundary_f1,0.47517624118794066,0,0,62531
segformer__pretrained__mit-b0__in_rover__seed1414__gpu_full__22d89713__gitc188b320__codebebd8b2d__20260711T152946214899Z,msl_ncam_nlb_525149424edr_f0570774ncam00654m1,test_msl,soil,iou,,0,0,56706
segformer__pretrained__mit-b0__in_rover__seed1414__gpu_full__22d89713__gitc188b320__codebebd8b2d__20260711T152946214899Z,msl_ncam_nlb_525149424edr_f0570774ncam00654m1,test_msl,bedrock,iou,0.9044898247099072,51290,56706,56706
segformer__pretrained__mit-b0__in_rover__seed1414__gpu_full__22d89713__gitc188b320__codebebd8b2d__20260711T152946214899Z,msl_ncam_nlb_525149424edr_f0570774ncam00654m1,test_msl,sand,iou,0.0,0,5416,56706
segformer__pretrained__mit-b0__in_rover__seed1414__gpu_full__22d89713__gitc188b320__codebebd8b2d__20260711T152946214899Z,msl_ncam_nlb_525149424edr_f0570774ncam00654m1,test_msl,big_rock,iou,,0,0,56706
segformer__pretrained__mit-b0__in_rover__seed1414__gpu_full__22d89713__gitc188b320__codebebd8b2d__20260711T152946214899Z,msl_ncam_nlb_525149424edr_f0570774ncam00654m1,test_msl,ALL,pixel_acc,0.9044898247099072,0,0,56706
segformer__pretrained__mit-b0__in_rover__seed1414__gpu_full__22d89713__gitc188b320__codebebd8b2d__20260711T152946214899Z,msl_ncam_nlb_525149424edr_f0570774ncam00654m1,test_msl,ALL,boundary_f1,0.4686192468619247,0,0,56706
segformer__pretrained__mit-b0__in_rover__seed1414__gpu_full__22d89713__gitc188b320__codebebd8b2d__20260711T152946214899Z,msl_ncam_nlb_525149485edr_f0570774ncam07753m1,test_msl,soil,iou,,0,0,26086
segformer__pretrained__mit-b0__in_rover__seed1414__gpu_full__22d89713__gitc188b320__codebebd8b2d__20260711T152946214899Z,msl_ncam_nlb_525149485edr_f0570774ncam07753m1,test_msl,bedrock,iou,0.869668884359497,22614,26003,26086
segformer__pretrained__mit-b0__in_rover__seed1414__gpu_full__22d89713__gitc188b320__codebebd8b2d__20260711T152946214899Z,msl_ncam_nlb_525149485edr_f0570774ncam07753m1,test_msl,sand,iou,0.02390552995391705,83,3472,26086
segformer__pretrained__mit-b0__in_rover__seed1414__gpu_full__22d89713__gitc188b320__codebebd8b2d__20260711T152946214899Z,msl_ncam_nlb_525149485edr_f0570774ncam07753m1,test_msl,big_rock,iou,,0,0,26086
segformer__pretrained__mit-b0__in_rover__seed1414__gpu_full__22d89713__gitc188b320__codebebd8b2d__20260711T152946214899Z,msl_ncam_nlb_525149485edr_f0570774ncam07753m1,test_msl,ALL,pixel_acc,0.8700835697308902,0,0,26086
segformer__pretrained__mit-b0__in_rover__seed1414__gpu_full__22d89713__gitc188b320__codebebd8b2d__20260711T152946214899Z,msl_ncam_nlb_525149485edr_f0570774ncam07753m1,test_msl,ALL,boundary_f1,0.5509150817696531,0,0,26086
segformer__pretrained__mit-b0__in_rover__seed1414__gpu_full__22d89713__gitc188b320__codebebd8b2d__20260711T152946214899Z,msl_ncam_nlb_525149600edr_f0570774ncam07753m1,test_msl,soil,iou,,0,0,0
segformer__pretrained__mit-b0__in_rover__seed1414__gpu_full__22d89713__gitc188b320__codebebd8b2d__20260711T152946214899Z,msl_ncam_nlb_525149600edr_f0570774ncam07753m1,test_msl,bedrock,iou,,0,0,0
segformer__pretrained__mit-b0__in_rover__seed1414__gpu_full__22d89713__gitc188b320__codebebd8b2d__20260711T152946214899Z,msl_ncam_nlb_525149600edr_f0570774ncam07753m1,test_msl,sand,iou,,0,0,0
segformer__pretrained__mit-b0__in_rover__seed1414__gpu_full__22d89713__gitc188b320__codebebd8b2d__20260711T152946214899Z,msl_ncam_nlb_525149600edr_f0570774ncam07753m1,test_msl,big_rock,iou,,0,0,0
segformer__pretrained__mit-b0__in_rover__seed1414__gpu_full__22d89713__gitc188b320__codebebd8b2d__20260711T152946214899Z,msl_ncam_nlb_525149600edr_f0570774ncam07753m1,test_msl,ALL,pixel_acc,,0,0,0
segformer__pretrained__mit-b0__in_rover__seed1414__gpu_full__22d89713__gitc188b320__codebebd8b2d__20260711T152946214899Z,msl_ncam_nlb_525149600edr_f0570774ncam07753m1,test_msl,ALL,boundary_f1,,0,0,0
segformer__pretrained__mit-b0__in_rover__seed1414__gpu_full__22d89713__gitc188b320__codebebd8b2d__20260711T152946214899Z,msl_ncam_nlb_525149717edr_f0570774ncam07753m1,test_msl,soil,iou,,0,0,41397
segformer__pretrained__mit-b0__in_rover__seed1414__gpu_full__22d89713__gitc188b320__codebebd8b2d__20260711T152946214899Z,msl_ncam_nlb_525149717edr_f0570774ncam07753m1,test_msl,bedrock,iou,0.952218759813513,39419,41397,41397
segformer__pretrained__mit-b0__in_rover__seed1414__gpu_full__22d89713__gitc188b320__codebebd8b2d__20260711T152946214899Z,msl_ncam_nlb_525149717edr_f0570774ncam07753m1,test_msl,sand,iou,0.0,0,1978,41397
segformer__pretrained__mit-b0__in_rover__seed1414__gpu_full__22d89713__gitc188b320__codebebd8b2d__20260711T152946214899Z,msl_ncam_nlb_525149717edr_f0570774ncam07753m1,test_msl,big_rock,iou,,0,0,41397
segformer__pretrained__mit-b0__in_rover__seed1414__gpu_full__22d89713__gitc188b320__codebebd8b2d__20260711T152946214899Z,msl_ncam_nlb_525149717edr_f0570774ncam07753m1,test_msl,ALL,pixel_acc,0.952218759813513,0,0,41397
segformer__pretrained__mit-b0__in_rover__seed1414__gpu_full__22d89713__gitc188b320__codebebd8b2d__20260711T152946214899Z,msl_ncam_nlb_525149717edr_f0570774ncam07753m1,test_msl,ALL,boundary_f1,0.49305507566857854,0,0,41397
segformer__pretrained__mit-b0__in_rover__seed1414__gpu_full__22d89713__gitc188b320__codebebd8b2d__20260711T152946214899Z,msl_ncam_nlb_527820640edr_f0580000ncam00253m1,test_msl,soil,iou,,0,0,92147
segformer__pretrained__mit-b0__in_rover__seed1414__gpu_full__22d89713__gitc188b320__codebebd8b2d__20260711T152946214899Z,msl_ncam_nlb_527820640edr_f0580000ncam00253m1,test_msl,bedrock,iou,0.9586747262526181,88339,92147,92147
segformer__pretrained__mit-b0__in_rover__seed1414__gpu_full__22d89713__gitc188b320__codebebd8b2d__20260711T152946214899Z,msl_ncam_nlb_527820640edr_f0580000ncam00253m1,test_msl,sand,iou,0.0,0,3808,92147
segformer__pretrained__mit-b0__in_rover__seed1414__gpu_full__22d89713__gitc188b320__codebebd8b2d__20260711T152946214899Z,msl_ncam_nlb_527820640edr_f0580000ncam00253m1,test_msl,big_rock,iou,,0,0,92147
segformer__pretrained__mit-b0__in_rover__seed1414__gpu_full__22d89713__gitc188b320__codebebd8b2d__20260711T152946214899Z,msl_ncam_nlb_527820640edr_f0580000ncam00253m1,test_msl,ALL,pixel_acc,0.9586747262526181,0,0,92147
segformer__pretrained__mit-b0__in_rover__seed1414__gpu_full__22d89713__gitc188b320__codebebd8b2d__20260711T152946214899Z,msl_ncam_nlb_527820640edr_f0580000ncam00253m1,test_msl,ALL,boundary_f1,0.4814001060686416,0,0,92147
segformer__pretrained__mit-b0__in_rover__seed1414__gpu_full__22d89713__gitc188b320__codebebd8b2d__20260711T152946214899Z,msl_ncam_nlb_527820910edr_f0580000ncam00654m1,test_msl,soil,iou,,0,0,42689
segformer__pretrained__mit-b0__in_rover__seed1414__gpu_full__22d89713__gitc188b320__codebebd8b2d__20260711T152946214899Z,msl_ncam_nlb_527820910edr_f0580000ncam00654m1,test_msl,bedrock,iou,0.8978233182818108,31018,34548,42689
segformer__pretrained__mit-b0__in_rover__seed1414__gpu_full__22d89713__gitc188b320__codebebd8b2d__20260711T152946214899Z,msl_ncam_nlb_527820910edr_f0580000ncam00654m1,test_msl,sand,iou,0.6975409133750321,8141,11671,42689
segformer__pretrained__mit-b0__in_rover__seed1414__gpu_full__22d89713__gitc188b320__codebebd8b2d__20260711T152946214899Z,msl_ncam_nlb_527820910edr_f0580000ncam00654m1,test_msl,big_rock,iou,,0,0,42689
segformer__pretrained__mit-b0__in_rover__seed1414__gpu_full__22d89713__gitc188b320__codebebd8b2d__20260711T152946214899Z,msl_ncam_nlb_527820910edr_f0580000ncam00654m1,test_msl,ALL,pixel_acc,0.9173089086181452,0,0,42689
segformer__pretrained__mit-b0__in_rover__seed1414__gpu_full__22d89713__gitc188b320__codebebd8b2d__20260711T152946214899Z,msl_ncam_nlb_527820910edr_f0580000ncam00654m1,test_msl,ALL,boundary_f1,0.8022460511406173,0,0,42689
segformer__pretrained__mit-b0__in_rover__seed1414__gpu_full__22d89713__gitc188b320__codebebd8b2d__20260711T152946214899Z,msl_ncam_nlb_527820942edr_f0580000ncam00654m1,test_msl,soil,iou,,0,0,75399
segformer__pretrained__mit-b0__in_rover__seed1414__gpu_full__22d89713__gitc188b320__codebebd8b2d__20260711T152946214899Z,msl_ncam_nlb_527820942edr_f0580000ncam00654m1,test_msl,bedrock,iou,0.5959760739532355,44936,75399,75399
segformer__pretrained__mit-b0__in_rover__seed1414__gpu_full__22d89713__gitc188b320__codebebd8b2d__20260711T152946214899Z,msl_ncam_nlb_527820942edr_f0580000ncam00654m1,test_msl,sand,iou,0.0,0,30463,75399
segformer__pretrained__mit-b0__in_rover__seed1414__gpu_full__22d89713__gitc188b320__codebebd8b2d__20260711T152946214899Z,msl_ncam_nlb_527820942edr_f0580000ncam00654m1,test_msl,big_rock,iou,,0,0,75399
segformer__pretrained__mit-b0__in_rover__seed1414__gpu_full__22d89713__gitc188b320__codebebd8b2d__20260711T152946214899Z,msl_ncam_nlb_527820942edr_f0580000ncam00654m1,test_msl,ALL,pixel_acc,0.5959760739532355,0,0,75399
segformer__pretrained__mit-b0__in_rover__seed1414__gpu_full__22d89713__gitc188b320__codebebd8b2d__20260711T152946214899Z,msl_ncam_nlb_527820942edr_f0580000ncam00654m1,test_msl,ALL,boundary_f1,0.3466092572658773,0,0,75399
segformer__pretrained__mit-b0__in_rover__seed1414__gpu_full__22d89713__gitc188b320__codebebd8b2d__20260711T152946214899Z,msl_ncam_nlb_527821074edr_f0580000ncam07753m1,test_msl,soil,iou,,0,0,3982
segformer__pretrained__mit-b0__in_rover__seed1414__gpu_full__22d89713__gitc188b320__codebebd8b2d__20260711T152946214899Z,msl_ncam_nlb_527821074edr_f0580000ncam07753m1,test_msl,bedrock,iou,0.0,0,3982,3982
segformer__pretrained__mit-b0__in_rover__seed1414__gpu_full__22d89713__gitc188b320__codebebd8b2d__20260711T152946214899Z,msl_ncam_nlb_527821074edr_f0580000ncam07753m1,test_msl,sand,iou,0.0,0,3982,3982
segformer__pretrained__mit-b0__in_rover__seed1414__gpu_full__22d89713__gitc188b320__codebebd8b2d__20260711T152946214899Z,msl_ncam_nlb_527821074edr_f0580000ncam07753m1,test_msl,big_rock,iou,,0,0,3982
segformer__pretrained__mit-b0__in_rover__seed1414__gpu_full__22d89713__gitc188b320__codebebd8b2d__20260711T152946214899Z,msl_ncam_nlb_527821074edr_f0580000ncam07753m1,test_msl,ALL,pixel_acc,0.0,0,0,3982
segformer__pretrained__mit-b0__in_rover__seed1414__gpu_full__22d89713__gitc188b320__codebebd8b2d__20260711T152946214899Z,msl_ncam_nlb_527821074edr_f0580000ncam07753m1,test_msl,ALL,boundary_f1,0.0,0,0,3982
segformer__pretrained__mit-b0__in_rover__seed1414__gpu_full__22d89713__gitc188b320__codebebd8b2d__20260711T152946214899Z,msl_ncam_nlb_527821213edr_f0580000ncam07753m1,test_msl,soil,iou,0.0,0,142,13830
segformer__pretrained__mit-b0__in_rover__seed1414__gpu_full__22d89713__gitc188b320__codebebd8b2d__20260711T152946214899Z,msl_ncam_nlb_527821213edr_f0580000ncam07753m1,test_msl,bedrock,iou,0.9385531667635096,12922,13768,13830
segformer__pretrained__mit-b0__in_rover__seed1414__gpu_full__22d89713__gitc188b320__codebebd8b2d__20260711T152946214899Z,msl_ncam_nlb_527821213edr_f0580000ncam07753m1,test_msl,sand,iou,0.08093994778067885,62,766,13830
segformer__pretrained__mit-b0__in_rover__seed1414__gpu_full__22d89713__gitc188b320__codebebd8b2d__20260711T152946214899Z,msl_ncam_nlb_527821213edr_f0580000ncam07753m1,test_msl,big_rock,iou,,0,0,13830
segformer__pretrained__mit-b0__in_rover__seed1414__gpu_full__22d89713__gitc188b320__codebebd8b2d__20260711T152946214899Z,msl_ncam_nlb_527821213edr_f0580000ncam07753m1,test_msl,ALL,pixel_acc,0.9388286334056399,0,0,13830
segformer__pretrained__mit-b0__in_rover__seed1414__gpu_full__22d89713__gitc188b320__codebebd8b2d__20260711T152946214899Z,msl_ncam_nlb_527821213edr_f0580000ncam07753m1,test_msl,ALL,boundary_f1,0.4154018011444385,0,0,13830
segformer__pretrained__mit-b0__in_rover__seed1414__gpu_full__22d89713__gitc188b320__codebebd8b2d__20260711T152946214899Z,msl_ncam_nlb_527821275edr_f0580000ncam07753m1,test_msl,soil,iou,,0,0,18660
segformer__pretrained__mit-b0__in_rover__seed1414__gpu_full__22d89713__gitc188b320__codebebd8b2d__20260711T152946214899Z,msl_ncam_nlb_527821275edr_f0580000ncam07753m1,test_msl,bedrock,iou,1.0,18660,18660,18660
segformer__pretrained__mit-b0__in_rover__seed1414__gpu_full__22d89713__gitc188b320__codebebd8b2d__20260711T152946214899Z,msl_ncam_nlb_527821275edr_f0580000ncam07753m1,test_msl,sand,iou,,0,0,18660
segformer__pretrained__mit-b0__in_rover__seed1414__gpu_full__22d89713__gitc188b320__codebebd8b2d__20260711T152946214899Z,msl_ncam_nlb_527821275edr_f0580000ncam07753m1,test_msl,big_rock,iou,,0,0,18660
segformer__pretrained__mit-b0__in_rover__seed1414__gpu_full__22d89713__gitc188b320__codebebd8b2d__20260711T152946214899Z,msl_ncam_nlb_527821275edr_f0580000ncam07753m1,test_msl,ALL,pixel_acc,1.0,0,0,18660
segformer__pretrained__mit-b0__in_rover__seed1414__gpu_full__22d89713__gitc188b320__codebebd8b2d__20260711T152946214899Z,msl_ncam_nlb_527821275edr_f0580000ncam07753m1,test_msl,ALL,boundary_f1,1.0,0,0,18660
segformer__pretrained__mit-b0__in_rover__seed1414__gpu_full__22d89713__gitc188b320__codebebd8b2d__20260711T152946214899Z,msl_ncam_nlb_528875763edr_f0581002ncam00207m1,test_msl,soil,iou,,0,0,55308
segformer__pretrained__mit-b0__in_rover__seed1414__gpu_full__22d89713__gitc188b320__codebebd8b2d__20260711T152946214899Z,msl_ncam_nlb_528875763edr_f0581002ncam00207m1,test_msl,bedrock,iou,0.9149851739350546,50606,55308,55308
segformer__pretrained__mit-b0__in_rover__seed1414__gpu_full__22d89713__gitc188b320__codebebd8b2d__20260711T152946214899Z,msl_ncam_nlb_528875763edr_f0581002ncam00207m1,test_msl,sand,iou,0.0,0,4702,55308
segformer__pretrained__mit-b0__in_rover__seed1414__gpu_full__22d89713__gitc188b320__codebebd8b2d__20260711T152946214899Z,msl_ncam_nlb_528875763edr_f0581002ncam00207m1,test_msl,big_rock,iou,,0,0,55308
segformer__pretrained__mit-b0__in_rover__seed1414__gpu_full__22d89713__gitc188b320__codebebd8b2d__20260711T152946214899Z,msl_ncam_nlb_528875763edr_f0581002ncam00207m1,test_msl,ALL,pixel_acc,0.9149851739350546,0,0,55308
segformer__pretrained__mit-b0__in_rover__seed1414__gpu_full__22d89713__gitc188b320__codebebd8b2d__20260711T152946214899Z,msl_ncam_nlb_528875763edr_f0581002ncam00207m1,test_msl,ALL,boundary_f1,0.4767648552564754,0,0,55308
segformer__pretrained__mit-b0__in_rover__seed1414__gpu_full__22d89713__gitc188b320__codebebd8b2d__20260711T152946214899Z,msl_ncam_nlb_528892751edr_f0581248ncam00346m1,test_msl,soil,iou,0.0,0,1554,25025
segformer__pretrained__mit-b0__in_rover__seed1414__gpu_full__22d89713__gitc188b320__codebebd8b2d__20260711T152946214899Z,msl_ncam_nlb_528892751edr_f0581248ncam00346m1,test_msl,bedrock,iou,0.8542657342657343,21378,25025,25025
segformer__pretrained__mit-b0__in_rover__seed1414__gpu_full__22d89713__gitc188b320__codebebd8b2d__20260711T152946214899Z,msl_ncam_nlb_528892751edr_f0581248ncam00346m1,test_msl,sand,iou,0.0,0,2093,25025
segformer__pretrained__mit-b0__in_rover__seed1414__gpu_full__22d89713__gitc188b320__codebebd8b2d__20260711T152946214899Z,msl_ncam_nlb_528892751edr_f0581248ncam00346m1,test_msl,big_rock,iou,,0,0,25025
segformer__pretrained__mit-b0__in_rover__seed1414__gpu_full__22d89713__gitc188b320__codebebd8b2d__20260711T152946214899Z,msl_ncam_nlb_528892751edr_f0581248ncam00346m1,test_msl,ALL,pixel_acc,0.8542657342657343,0,0,25025
segformer__pretrained__mit-b0__in_rover__seed1414__gpu_full__22d89713__gitc188b320__codebebd8b2d__20260711T152946214899Z,msl_ncam_nlb_528892751edr_f0581248ncam00346m1,test_msl,ALL,boundary_f1,0.3006399554813578,0,0,25025
segformer__pretrained__mit-b0__in_rover__seed1414__gpu_full__22d89713__gitc188b320__codebebd8b2d__20260711T152946214899Z,msl_ncam_nlb_528892900edr_f0581248ncam00262m1,test_msl,soil,iou,,0,0,58755
segformer__pretrained__mit-b0__in_rover__seed1414__gpu_full__22d89713__gitc188b320__codebebd8b2d__20260711T152946214899Z,msl_ncam_nlb_528892900edr_f0581248ncam00262m1,test_msl,bedrock,iou,1.0,58755,58755,58755
segformer__pretrained__mit-b0__in_rover__seed1414__gpu_full__22d89713__gitc188b320__codebebd8b2d__20260711T152946214899Z,msl_ncam_nlb_528892900edr_f0581248ncam00262m1,test_msl,sand,iou,,0,0,58755
segformer__pretrained__mit-b0__in_rover__seed1414__gpu_full__22d89713__gitc188b320__codebebd8b2d__20260711T152946214899Z,msl_ncam_nlb_528892900edr_f0581248ncam00262m1,test_msl,big_rock,iou,,0,0,58755
segformer__pretrained__mit-b0__in_rover__seed1414__gpu_full__22d89713__gitc188b320__codebebd8b2d__20260711T152946214899Z,msl_ncam_nlb_528892900edr_f0581248ncam00262m1,test_msl,ALL,pixel_acc,1.0,0,0,58755
segformer__pretrained__mit-b0__in_rover__seed1414__gpu_full__22d89713__gitc188b320__codebebd8b2d__20260711T152946214899Z,msl_ncam_nlb_528892900edr_f0581248ncam00262m1,test_msl,ALL,boundary_f1,1.0,0,0,58755
segformer__pretrained__mit-b0__in_rover__seed1414__gpu_full__22d89713__gitc188b320__codebebd8b2d__20260711T152946214899Z,msl_ncam_nlb_528893088edr_f0581248ncam07753m1,test_msl,soil,iou,,0,0,35879
segformer__pretrained__mit-b0__in_rover__seed1414__gpu_full__22d89713__gitc188b320__codebebd8b2d__20260711T152946214899Z,msl_ncam_nlb_528893088edr_f0581248ncam07753m1,test_msl,bedrock,iou,1.0,35879,35879,35879
segformer__pretrained__mit-b0__in_rover__seed1414__gpu_full__22d89713__gitc188b320__codebebd8b2d__20260711T152946214899Z,msl_ncam_nlb_528893088edr_f0581248ncam07753m1,test_msl,sand,iou,,0,0,35879
segformer__pretrained__mit-b0__in_rover__seed1414__gpu_full__22d89713__gitc188b320__codebebd8b2d__20260711T152946214899Z,msl_ncam_nlb_528893088edr_f0581248ncam07753m1,test_msl,big_rock,iou,,0,0,35879
segformer__pretrained__mit-b0__in_rover__seed1414__gpu_full__22d89713__gitc188b320__codebebd8b2d__20260711T152946214899Z,msl_ncam_nlb_528893088edr_f0581248ncam07753m1,test_msl,ALL,pixel_acc,1.0,0,0,35879
segformer__pretrained__mit-b0__in_rover__seed1414__gpu_full__22d89713__gitc188b320__codebebd8b2d__20260711T152946214899Z,msl_ncam_nlb_528893088edr_f0581248ncam07753m1,test_msl,ALL,boundary_f1,1.0,0,0,35879
segformer__pretrained__mit-b0__in_rover__seed1414__gpu_full__22d89713__gitc188b320__codebebd8b2d__20260711T152946214899Z,msl_ncam_nlb_528893506edr_f0581248ncam00654m1,test_msl,soil,iou,0.914463527595523,18955,20728,66249
segformer__pretrained__mit-b0__in_rover__seed1414__gpu_full__22d89713__gitc188b320__codebebd8b2d__20260711T152946214899Z,msl_ncam_nlb_528893506edr_f0581248ncam00654m1,test_msl,bedrock,iou,0.9400818199960088,37686,40088,66249
segformer__pretrained__mit-b0__in_rover__seed1414__gpu_full__22d89713__gitc188b320__codebebd8b2d__20260711T152946214899Z,msl_ncam_nlb_528893506edr_f0581248ncam00654m1,test_msl,sand,iou,0.876372255489022,7025,8016,66249
segformer__pretrained__mit-b0__in_rover__seed1414__gpu_full__22d89713__gitc188b320__codebebd8b2d__20260711T152946214899Z,msl_ncam_nlb_528893506edr_f0581248ncam00654m1,test_msl,big_rock,iou,,0,0,66249
segformer__pretrained__mit-b0__in_rover__seed1414__gpu_full__22d89713__gitc188b320__codebebd8b2d__20260711T152946214899Z,msl_ncam_nlb_528893506edr_f0581248ncam00654m1,test_msl,ALL,pixel_acc,0.9610107322374677,0,0,66249
segformer__pretrained__mit-b0__in_rover__seed1414__gpu_full__22d89713__gitc188b320__codebebd8b2d__20260711T152946214899Z,msl_ncam_nlb_528893506edr_f0581248ncam00654m1,test_msl,ALL,boundary_f1,0.856368350125987,0,0,66249
segformer__pretrained__mit-b0__in_rover__seed1414__gpu_full__22d89713__gitc188b320__codebebd8b2d__20260711T152946214899Z,msl_ncam_nlb_528893540edr_f0581248ncam00654m1,test_msl,soil,iou,,0,0,0
segformer__pretrained__mit-b0__in_rover__seed1414__gpu_full__22d89713__gitc188b320__codebebd8b2d__20260711T152946214899Z,msl_ncam_nlb_528893540edr_f0581248ncam00654m1,test_msl,bedrock,iou,,0,0,0
segformer__pretrained__mit-b0__in_rover__seed1414__gpu_full__22d89713__gitc188b320__codebebd8b2d__20260711T152946214899Z,msl_ncam_nlb_528893540edr_f0581248ncam00654m1,test_msl,sand,iou,,0,0,0
segformer__pretrained__mit-b0__in_rover__seed1414__gpu_full__22d89713__gitc188b320__codebebd8b2d__20260711T152946214899Z,msl_ncam_nlb_528893540edr_f0581248ncam00654m1,test_msl,big_rock,iou,,0,0,0
segformer__pretrained__mit-b0__in_rover__seed1414__gpu_full__22d89713__gitc188b320__codebebd8b2d__20260711T152946214899Z,msl_ncam_nlb_528893540edr_f0581248ncam00654m1,test_msl,ALL,pixel_acc,,0,0,0
segformer__pretrained__mit-b0__in_rover__seed1414__gpu_full__22d89713__gitc188b320__codebebd8b2d__20260711T152946214899Z,msl_ncam_nlb_528893540edr_f0581248ncam00654m1,test_msl,ALL,boundary_f1,,0,0,0
segformer__pretrained__mit-b0__in_rover__seed1414__gpu_full__22d89713__gitc188b320__codebebd8b2d__20260711T152946214899Z,msl_ncam_nlb_528893599edr_f0581248ncam00654m1,test_msl,soil,iou,0.0,0,27500,81400
segformer__pretrained__mit-b0__in_rover__seed1414__gpu_full__22d89713__gitc188b320__codebebd8b2d__20260711T152946214899Z,msl_ncam_nlb_528893599edr_f0581248ncam00654m1,test_msl,bedrock,iou,0.6621621621621622,53900,81400,81400
segformer__pretrained__mit-b0__in_rover__seed1414__gpu_full__22d89713__gitc188b320__codebebd8b2d__20260711T152946214899Z,msl_ncam_nlb_528893599edr_f0581248ncam00654m1,test_msl,sand,iou,,0,0,81400
segformer__pretrained__mit-b0__in_rover__seed1414__gpu_full__22d89713__gitc188b320__codebebd8b2d__20260711T152946214899Z,msl_ncam_nlb_528893599edr_f0581248ncam00654m1,test_msl,big_rock,iou,,0,0,81400
segformer__pretrained__mit-b0__in_rover__seed1414__gpu_full__22d89713__gitc188b320__codebebd8b2d__20260711T152946214899Z,msl_ncam_nlb_528893599edr_f0581248ncam00654m1,test_msl,ALL,pixel_acc,0.6621621621621622,0,0,81400
segformer__pretrained__mit-b0__in_rover__seed1414__gpu_full__22d89713__gitc188b320__codebebd8b2d__20260711T152946214899Z,msl_ncam_nlb_528893599edr_f0581248ncam00654m1,test_msl,ALL,boundary_f1,0.3783398184176394,0,0,81400
segformer__pretrained__mit-b0__in_rover__seed1414__gpu_full__22d89713__gitc188b320__codebebd8b2d__20260711T152946214899Z,msl_ncam_nlb_537932733edr_f0600888ncam00320m1,test_msl,soil,iou,,0,0,71764
segformer__pretrained__mit-b0__in_rover__seed1414__gpu_full__22d89713__gitc188b320__codebebd8b2d__20260711T152946214899Z,msl_ncam_nlb_537932733edr_f0600888ncam00320m1,test_msl,bedrock,iou,0.8993432324386065,6299,7004,71764
segformer__pretrained__mit-b0__in_rover__seed1414__gpu_full__22d89713__gitc188b320__codebebd8b2d__20260711T152946214899Z,msl_ncam_nlb_537932733edr_f0600888ncam00320m1,test_msl,sand,iou,0.989230886733369,64760,65465,71764
segformer__pretrained__mit-b0__in_rover__seed1414__gpu_full__22d89713__gitc188b320__codebebd8b2d__20260711T152946214899Z,msl_ncam_nlb_537932733edr_f0600888ncam00320m1,test_msl,big_rock,iou,,0,0,71764
segformer__pretrained__mit-b0__in_rover__seed1414__gpu_full__22d89713__gitc188b320__codebebd8b2d__20260711T152946214899Z,msl_ncam_nlb_537932733edr_f0600888ncam00320m1,test_msl,ALL,pixel_acc,0.9901761328799955,0,0,71764
segformer__pretrained__mit-b0__in_rover__seed1414__gpu_full__22d89713__gitc188b320__codebebd8b2d__20260711T152946214899Z,msl_ncam_nlb_537932733edr_f0600888ncam00320m1,test_msl,ALL,boundary_f1,0.942221553674472,0,0,71764
segformer__pretrained__mit-b0__in_rover__seed1414__gpu_full__22d89713__gitc188b320__codebebd8b2d__20260711T152946214899Z,msl_ncam_nlb_537938493edr_f0601266ncam00653m1,test_msl,soil,iou,,0,0,106876
segformer__pretrained__mit-b0__in_rover__seed1414__gpu_full__22d89713__gitc188b320__codebebd8b2d__20260711T152946214899Z,msl_ncam_nlb_537938493edr_f0601266ncam00653m1,test_msl,bedrock,iou,0.9999403394684246,33521,33523,106876
segformer__pretrained__mit-b0__in_rover__seed1414__gpu_full__22d89713__gitc188b320__codebebd8b2d__20260711T152946214899Z,msl_ncam_nlb_537938493edr_f0601266ncam00653m1,test_msl,sand,iou,0.9999727353281985,73353,73355,106876
segformer__pretrained__mit-b0__in_rover__seed1414__gpu_full__22d89713__gitc188b320__codebebd8b2d__20260711T152946214899Z,msl_ncam_nlb_537938493edr_f0601266ncam00653m1,test_msl,big_rock,iou,,0,0,106876
segformer__pretrained__mit-b0__in_rover__seed1414__gpu_full__22d89713__gitc188b320__codebebd8b2d__20260711T152946214899Z,msl_ncam_nlb_537938493edr_f0601266ncam00653m1,test_msl,ALL,pixel_acc,0.9999812867248026,0,0,106876
segformer__pretrained__mit-b0__in_rover__seed1414__gpu_full__22d89713__gitc188b320__codebebd8b2d__20260711T152946214899Z,msl_ncam_nlb_537938493edr_f0601266ncam00653m1,test_msl,ALL,boundary_f1,0.9998891843971631,0,0,106876
segformer__pretrained__mit-b0__in_rover__seed1414__gpu_full__22d89713__gitc188b320__codebebd8b2d__20260711T152946214899Z,msl_ncam_nlb_537938609edr_f0601266ncam07753m1,test_msl,soil,iou,,0,0,30134
segformer__pretrained__mit-b0__in_rover__seed1414__gpu_full__22d89713__gitc188b320__codebebd8b2d__20260711T152946214899Z,msl_ncam_nlb_537938609edr_f0601266ncam07753m1,test_msl,bedrock,iou,0.73904576436222,3036,4108,30134
segformer__pretrained__mit-b0__in_rover__seed1414__gpu_full__22d89713__gitc188b320__codebebd8b2d__20260711T152946214899Z,msl_ncam_nlb_537938609edr_f0601266ncam07753m1,test_msl,sand,iou,0.9604398848623514,26026,27098,30134
segformer__pretrained__mit-b0__in_rover__seed1414__gpu_full__22d89713__gitc188b320__codebebd8b2d__20260711T152946214899Z,msl_ncam_nlb_537938609edr_f0601266ncam07753m1,test_msl,big_rock,iou,,0,0,30134
segformer__pretrained__mit-b0__in_rover__seed1414__gpu_full__22d89713__gitc188b320__codebebd8b2d__20260711T152946214899Z,msl_ncam_nlb_537938609edr_f0601266ncam07753m1,test_msl,ALL,pixel_acc,0.9644255658060662,0,0,30134
segformer__pretrained__mit-b0__in_rover__seed1414__gpu_full__22d89713__gitc188b320__codebebd8b2d__20260711T152946214899Z,msl_ncam_nlb_537938609edr_f0601266ncam07753m1,test_msl,ALL,boundary_f1,0.870221785676911,0,0,30134
segformer__pretrained__mit-b0__in_rover__seed1414__gpu_full__22d89713__gitc188b320__codebebd8b2d__20260711T152946214899Z,msl_ncam_nlb_541040424edr_f0610954ncam00305m1,test_msl,soil,iou,,0,0,93717
segformer__pretrained__mit-b0__in_rover__seed1414__gpu_full__22d89713__gitc188b320__codebebd8b2d__20260711T152946214899Z,msl_ncam_nlb_541040424edr_f0610954ncam00305m1,test_msl,bedrock,iou,0.9847516253463482,54377,55219,93717
segformer__pretrained__mit-b0__in_rover__seed1414__gpu_full__22d89713__gitc188b320__codebebd8b2d__20260711T152946214899Z,msl_ncam_nlb_541040424edr_f0610954ncam00305m1,test_msl,sand,iou,0.9785968479918657,38498,39340,93717
segformer__pretrained__mit-b0__in_rover__seed1414__gpu_full__22d89713__gitc188b320__codebebd8b2d__20260711T152946214899Z,msl_ncam_nlb_541040424edr_f0610954ncam00305m1,test_msl,big_rock,iou,,0,0,93717
segformer__pretrained__mit-b0__in_rover__seed1414__gpu_full__22d89713__gitc188b320__codebebd8b2d__20260711T152946214899Z,msl_ncam_nlb_541040424edr_f0610954ncam00305m1,test_msl,ALL,pixel_acc,0.9910155041241183,0,0,93717
segformer__pretrained__mit-b0__in_rover__seed1414__gpu_full__22d89713__gitc188b320__codebebd8b2d__20260711T152946214899Z,msl_ncam_nlb_541040424edr_f0610954ncam00305m1,test_msl,ALL,boundary_f1,0.9561134590413772,0,0,93717
segformer__pretrained__mit-b0__in_rover__seed1414__gpu_full__22d89713__gitc188b320__codebebd8b2d__20260711T152946214899Z,msl_ncam_nlb_541042107edr_f0611086ncam00385m1,test_msl,soil,iou,,0,0,164400
segformer__pretrained__mit-b0__in_rover__seed1414__gpu_full__22d89713__gitc188b320__codebebd8b2d__20260711T152946214899Z,msl_ncam_nlb_541042107edr_f0611086ncam00385m1,test_msl,bedrock,iou,0.0,0,325,164400
segformer__pretrained__mit-b0__in_rover__seed1414__gpu_full__22d89713__gitc188b320__codebebd8b2d__20260711T152946214899Z,msl_ncam_nlb_541042107edr_f0611086ncam00385m1,test_msl,sand,iou,0.9980231143552312,164075,164400,164400
segformer__pretrained__mit-b0__in_rover__seed1414__gpu_full__22d89713__gitc188b320__codebebd8b2d__20260711T152946214899Z,msl_ncam_nlb_541042107edr_f0611086ncam00385m1,test_msl,big_rock,iou,,0,0,164400
segformer__pretrained__mit-b0__in_rover__seed1414__gpu_full__22d89713__gitc188b320__codebebd8b2d__20260711T152946214899Z,msl_ncam_nlb_541042107edr_f0611086ncam00385m1,test_msl,ALL,pixel_acc,0.9980231143552312,0,0,164400
segformer__pretrained__mit-b0__in_rover__seed1414__gpu_full__22d89713__gitc188b320__codebebd8b2d__20260711T152946214899Z,msl_ncam_nlb_541042107edr_f0611086ncam00385m1,test_msl,ALL,boundary_f1,0.4971621131466806,0,0,164400
segformer__pretrained__mit-b0__in_rover__seed1414__gpu_full__22d89713__gitc188b320__codebebd8b2d__20260711T152946214899Z,msl_ncam_nlb_541043499edr_f0611140ncam00346m1,test_msl,soil,iou,,0,0,119351
segformer__pretrained__mit-b0__in_rover__seed1414__gpu_full__22d89713__gitc188b320__codebebd8b2d__20260711T152946214899Z,msl_ncam_nlb_541043499edr_f0611140ncam00346m1,test_msl,bedrock,iou,,0,0,119351
segformer__pretrained__mit-b0__in_rover__seed1414__gpu_full__22d89713__gitc188b320__codebebd8b2d__20260711T152946214899Z,msl_ncam_nlb_541043499edr_f0611140ncam00346m1,test_msl,sand,iou,1.0,119351,119351,119351
segformer__pretrained__mit-b0__in_rover__seed1414__gpu_full__22d89713__gitc188b320__codebebd8b2d__20260711T152946214899Z,msl_ncam_nlb_541043499edr_f0611140ncam00346m1,test_msl,big_rock,iou,,0,0,119351
segformer__pretrained__mit-b0__in_rover__seed1414__gpu_full__22d89713__gitc188b320__codebebd8b2d__20260711T152946214899Z,msl_ncam_nlb_541043499edr_f0611140ncam00346m1,test_msl,ALL,pixel_acc,1.0,0,0,119351
segformer__pretrained__mit-b0__in_rover__seed1414__gpu_full__22d89713__gitc188b320__codebebd8b2d__20260711T152946214899Z,msl_ncam_nlb_541043499edr_f0611140ncam00346m1,test_msl,ALL,boundary_f1,1.0,0,0,119351
segformer__pretrained__mit-b0__in_rover__seed1414__gpu_full__22d89713__gitc188b320__codebebd8b2d__20260711T152946214899Z,msl_ncam_nlb_541043637edr_f0611140ncam00653m1,test_msl,soil,iou,,0,0,147407
segformer__pretrained__mit-b0__in_rover__seed1414__gpu_full__22d89713__gitc188b320__codebebd8b2d__20260711T152946214899Z,msl_ncam_nlb_541043637edr_f0611140ncam00653m1,test_msl,bedrock,iou,0.9491479310430115,38375,40431,147407
segformer__pretrained__mit-b0__in_rover__seed1414__gpu_full__22d89713__gitc188b320__codebebd8b2d__20260711T152946214899Z,msl_ncam_nlb_541043637edr_f0611140ncam00653m1,test_msl,sand,iou,0.981143150634676,106976,109032,147407
segformer__pretrained__mit-b0__in_rover__seed1414__gpu_full__22d89713__gitc188b320__codebebd8b2d__20260711T152946214899Z,msl_ncam_nlb_541043637edr_f0611140ncam00653m1,test_msl,big_rock,iou,,0,0,147407
segformer__pretrained__mit-b0__in_rover__seed1414__gpu_full__22d89713__gitc188b320__codebebd8b2d__20260711T152946214899Z,msl_ncam_nlb_541043637edr_f0611140ncam00653m1,test_msl,ALL,pixel_acc,0.9860522227573996,0,0,147407
segformer__pretrained__mit-b0__in_rover__seed1414__gpu_full__22d89713__gitc188b320__codebebd8b2d__20260711T152946214899Z,msl_ncam_nlb_541043637edr_f0611140ncam00653m1,test_msl,ALL,boundary_f1,0.8903524061892685,0,0,147407
segformer__pretrained__mit-b0__in_rover__seed1414__gpu_full__22d89713__gitc188b320__codebebd8b2d__20260711T152946214899Z,msl_ncam_nlb_541049254edr_f0611140ncam12753m1,test_msl,soil,iou,,0,0,12239
segformer__pretrained__mit-b0__in_rover__seed1414__gpu_full__22d89713__gitc188b320__codebebd8b2d__20260711T152946214899Z,msl_ncam_nlb_541049254edr_f0611140ncam12753m1,test_msl,bedrock,iou,0.2770125497398225,905,3267,12239
segformer__pretrained__mit-b0__in_rover__seed1414__gpu_full__22d89713__gitc188b320__codebebd8b2d__20260711T152946214899Z,msl_ncam_nlb_541049254edr_f0611140ncam12753m1,test_msl,sand,iou,0.791600494088583,8972,11334,12239
segformer__pretrained__mit-b0__in_rover__seed1414__gpu_full__22d89713__gitc188b320__codebebd8b2d__20260711T152946214899Z,msl_ncam_nlb_541049254edr_f0611140ncam12753m1,test_msl,big_rock,iou,,0,0,12239
segformer__pretrained__mit-b0__in_rover__seed1414__gpu_full__22d89713__gitc188b320__codebebd8b2d__20260711T152946214899Z,msl_ncam_nlb_541049254edr_f0611140ncam12753m1,test_msl,ALL,pixel_acc,0.8070103766647602,0,0,12239
segformer__pretrained__mit-b0__in_rover__seed1414__gpu_full__22d89713__gitc188b320__codebebd8b2d__20260711T152946214899Z,msl_ncam_nlb_541049254edr_f0611140ncam12753m1,test_msl,ALL,boundary_f1,0.6126646535417059,0,0,12239
segformer__pretrained__mit-b0__in_rover__seed1414__gpu_full__22d89713__gitc188b320__codebebd8b2d__20260711T152946214899Z,msl_ncam_nlb_541049316edr_f0611140ncam12753m1,test_msl,soil,iou,,0,0,134046
segformer__pretrained__mit-b0__in_rover__seed1414__gpu_full__22d89713__gitc188b320__codebebd8b2d__20260711T152946214899Z,msl_ncam_nlb_541049316edr_f0611140ncam12753m1,test_msl,bedrock,iou,,0,0,134046
segformer__pretrained__mit-b0__in_rover__seed1414__gpu_full__22d89713__gitc188b320__codebebd8b2d__20260711T152946214899Z,msl_ncam_nlb_541049316edr_f0611140ncam12753m1,test_msl,sand,iou,1.0,134046,134046,134046
segformer__pretrained__mit-b0__in_rover__seed1414__gpu_full__22d89713__gitc188b320__codebebd8b2d__20260711T152946214899Z,msl_ncam_nlb_541049316edr_f0611140ncam12753m1,test_msl,big_rock,iou,,0,0,134046
segformer__pretrained__mit-b0__in_rover__seed1414__gpu_full__22d89713__gitc188b320__codebebd8b2d__20260711T152946214899Z,msl_ncam_nlb_541049316edr_f0611140ncam12753m1,test_msl,ALL,pixel_acc,1.0,0,0,134046
segformer__pretrained__mit-b0__in_rover__seed1414__gpu_full__22d89713__gitc188b320__codebebd8b2d__20260711T152946214899Z,msl_ncam_nlb_541049316edr_f0611140ncam12753m1,test_msl,ALL,boundary_f1,1.0,0,0,134046
segformer__pretrained__mit-b0__in_rover__seed1414__gpu_full__22d89713__gitc188b320__codebebd8b2d__20260711T152946214899Z,msl_ncam_nlb_542730497edr_f0612232ncam00282m1,test_msl,soil,iou,,0,0,112532
segformer__pretrained__mit-b0__in_rover__seed1414__gpu_full__22d89713__gitc188b320__codebebd8b2d__20260711T152946214899Z,msl_ncam_nlb_542730497edr_f0612232ncam00282m1,test_msl,bedrock,iou,0.0,0,574,112532
segformer__pretrained__mit-b0__in_rover__seed1414__gpu_full__22d89713__gitc188b320__codebebd8b2d__20260711T152946214899Z,msl_ncam_nlb_542730497edr_f0612232ncam00282m1,test_msl,sand,iou,0.9948992286638467,111958,112532,112532
segformer__pretrained__mit-b0__in_rover__seed1414__gpu_full__22d89713__gitc188b320__codebebd8b2d__20260711T152946214899Z,msl_ncam_nlb_542730497edr_f0612232ncam00282m1,test_msl,big_rock,iou,,0,0,112532
segformer__pretrained__mit-b0__in_rover__seed1414__gpu_full__22d89713__gitc188b320__codebebd8b2d__20260711T152946214899Z,msl_ncam_nlb_542730497edr_f0612232ncam00282m1,test_msl,ALL,pixel_acc,0.9948992286638467,0,0,112532
segformer__pretrained__mit-b0__in_rover__seed1414__gpu_full__22d89713__gitc188b320__codebebd8b2d__20260711T152946214899Z,msl_ncam_nlb_542730497edr_f0612232ncam00282m1,test_msl,ALL,boundary_f1,0.4931034406196332,0,0,112532
segformer__pretrained__mit-b0__in_rover__seed1414__gpu_full__22d89713__gitc188b320__codebebd8b2d__20260711T152946214899Z,msl_ncam_nlb_542730580edr_f0612232ncam00282m1,test_msl,soil,iou,,0,0,0
segformer__pretrained__mit-b0__in_rover__seed1414__gpu_full__22d89713__gitc188b320__codebebd8b2d__20260711T152946214899Z,msl_ncam_nlb_542730580edr_f0612232ncam00282m1,test_msl,bedrock,iou,,0,0,0
segformer__pretrained__mit-b0__in_rover__seed1414__gpu_full__22d89713__gitc188b320__codebebd8b2d__20260711T152946214899Z,msl_ncam_nlb_542730580edr_f0612232ncam00282m1,test_msl,sand,iou,,0,0,0
segformer__pretrained__mit-b0__in_rover__seed1414__gpu_full__22d89713__gitc188b320__codebebd8b2d__20260711T152946214899Z,msl_ncam_nlb_542730580edr_f0612232ncam00282m1,test_msl,big_rock,iou,,0,0,0
segformer__pretrained__mit-b0__in_rover__seed1414__gpu_full__22d89713__gitc188b320__codebebd8b2d__20260711T152946214899Z,msl_ncam_nlb_542730580edr_f0612232ncam00282m1,test_msl,ALL,pixel_acc,,0,0,0
segformer__pretrained__mit-b0__in_rover__seed1414__gpu_full__22d89713__gitc188b320__codebebd8b2d__20260711T152946214899Z,msl_ncam_nlb_542730580edr_f0612232ncam00282m1,test_msl,ALL,boundary_f1,,0,0,0
segformer__pretrained__mit-b0__in_rover__seed1414__gpu_full__22d89713__gitc188b320__codebebd8b2d__20260711T152946214899Z,msl_ncam_nlb_542733799edr_f0612232ncam00353m1,test_msl,soil,iou,,0,0,135437
segformer__pretrained__mit-b0__in_rover__seed1414__gpu_full__22d89713__gitc188b320__codebebd8b2d__20260711T152946214899Z,msl_ncam_nlb_542733799edr_f0612232ncam00353m1,test_msl,bedrock,iou,0.9887700534759358,3698,3740,135437
segformer__pretrained__mit-b0__in_rover__seed1414__gpu_full__22d89713__gitc188b320__codebebd8b2d__20260711T152946214899Z,msl_ncam_nlb_542733799edr_f0612232ncam00353m1,test_msl,sand,iou,0.9996811878031563,131697,131739,135437
segformer__pretrained__mit-b0__in_rover__seed1414__gpu_full__22d89713__gitc188b320__codebebd8b2d__20260711T152946214899Z,msl_ncam_nlb_542733799edr_f0612232ncam00353m1,test_msl,big_rock,iou,,0,0,135437
segformer__pretrained__mit-b0__in_rover__seed1414__gpu_full__22d89713__gitc188b320__codebebd8b2d__20260711T152946214899Z,msl_ncam_nlb_542733799edr_f0612232ncam00353m1,test_msl,ALL,pixel_acc,0.9996898927176473,0,0,135437
segformer__pretrained__mit-b0__in_rover__seed1414__gpu_full__22d89713__gitc188b320__codebebd8b2d__20260711T152946214899Z,msl_ncam_nlb_542733799edr_f0612232ncam00353m1,test_msl,ALL,boundary_f1,0.9648799077658003,0,0,135437
segformer__pretrained__mit-b0__in_rover__seed1414__gpu_full__22d89713__gitc188b320__codebebd8b2d__20260711T152946214899Z,msl_ncam_nlb_542734078edr_f0612232ncam00654m1,test_msl,soil,iou,,0,0,143364
segformer__pretrained__mit-b0__in_rover__seed1414__gpu_full__22d89713__gitc188b320__codebebd8b2d__20260711T152946214899Z,msl_ncam_nlb_542734078edr_f0612232ncam00654m1,test_msl,bedrock,iou,,0,0,143364
segformer__pretrained__mit-b0__in_rover__seed1414__gpu_full__22d89713__gitc188b320__codebebd8b2d__20260711T152946214899Z,msl_ncam_nlb_542734078edr_f0612232ncam00654m1,test_msl,sand,iou,1.0,143364,143364,143364
segformer__pretrained__mit-b0__in_rover__seed1414__gpu_full__22d89713__gitc188b320__codebebd8b2d__20260711T152946214899Z,msl_ncam_nlb_542734078edr_f0612232ncam00654m1,test_msl,big_rock,iou,,0,0,143364
segformer__pretrained__mit-b0__in_rover__seed1414__gpu_full__22d89713__gitc188b320__codebebd8b2d__20260711T152946214899Z,msl_ncam_nlb_542734078edr_f0612232ncam00654m1,test_msl,ALL,pixel_acc,1.0,0,0,143364
segformer__pretrained__mit-b0__in_rover__seed1414__gpu_full__22d89713__gitc188b320__codebebd8b2d__20260711T152946214899Z,msl_ncam_nlb_542734078edr_f0612232ncam00654m1,test_msl,ALL,boundary_f1,1.0,0,0,143364
segformer__pretrained__mit-b0__in_rover__seed1414__gpu_full__22d89713__gitc188b320__codebebd8b2d__20260711T152946214899Z,msl_ncam_nlb_542734110edr_f0612232ncam00654m1,test_msl,soil,iou,,0,0,209285
segformer__pretrained__mit-b0__in_rover__seed1414__gpu_full__22d89713__gitc188b320__codebebd8b2d__20260711T152946214899Z,msl_ncam_nlb_542734110edr_f0612232ncam00654m1,test_msl,bedrock,iou,0.0,0,1219,209285
segformer__pretrained__mit-b0__in_rover__seed1414__gpu_full__22d89713__gitc188b320__codebebd8b2d__20260711T152946214899Z,msl_ncam_nlb_542734110edr_f0612232ncam00654m1,test_msl,sand,iou,0.9941754067420026,208066,209285,209285
segformer__pretrained__mit-b0__in_rover__seed1414__gpu_full__22d89713__gitc188b320__codebebd8b2d__20260711T152946214899Z,msl_ncam_nlb_542734110edr_f0612232ncam00654m1,test_msl,big_rock,iou,,0,0,209285
segformer__pretrained__mit-b0__in_rover__seed1414__gpu_full__22d89713__gitc188b320__codebebd8b2d__20260711T152946214899Z,msl_ncam_nlb_542734110edr_f0612232ncam00654m1,test_msl,ALL,pixel_acc,0.9941754067420026,0,0,209285
segformer__pretrained__mit-b0__in_rover__seed1414__gpu_full__22d89713__gitc188b320__codebebd8b2d__20260711T152946214899Z,msl_ncam_nlb_542734110edr_f0612232ncam00654m1,test_msl,ALL,boundary_f1,0.4852096161123929,0,0,209285
segformer__pretrained__mit-b0__in_rover__seed1414__gpu_full__22d89713__gitc188b320__codebebd8b2d__20260711T152946214899Z,msl_ncam_nlb_542734199edr_f0612232ncam00654m1,test_msl,soil,iou,,0,0,176176
segformer__pretrained__mit-b0__in_rover__seed1414__gpu_full__22d89713__gitc188b320__codebebd8b2d__20260711T152946214899Z,msl_ncam_nlb_542734199edr_f0612232ncam00654m1,test_msl,bedrock,iou,0.0,0,205,176176
segformer__pretrained__mit-b0__in_rover__seed1414__gpu_full__22d89713__gitc188b320__codebebd8b2d__20260711T152946214899Z,msl_ncam_nlb_542734199edr_f0612232ncam00654m1,test_msl,sand,iou,0.9988363908818454,175971,176176,176176
segformer__pretrained__mit-b0__in_rover__seed1414__gpu_full__22d89713__gitc188b320__codebebd8b2d__20260711T152946214899Z,msl_ncam_nlb_542734199edr_f0612232ncam00654m1,test_msl,big_rock,iou,,0,0,176176
segformer__pretrained__mit-b0__in_rover__seed1414__gpu_full__22d89713__gitc188b320__codebebd8b2d__20260711T152946214899Z,msl_ncam_nlb_542734199edr_f0612232ncam00654m1,test_msl,ALL,pixel_acc,0.9988363908818454,0,0,176176
segformer__pretrained__mit-b0__in_rover__seed1414__gpu_full__22d89713__gitc188b320__codebebd8b2d__20260711T152946214899Z,msl_ncam_nlb_542734199edr_f0612232ncam00654m1,test_msl,ALL,boundary_f1,0.49837939349698496,0,0,176176
segformer__pretrained__mit-b0__in_rover__seed1414__gpu_full__22d89713__gitc188b320__codebebd8b2d__20260711T152946214899Z,msl_ncam_nlb_542734240edr_f0612232ncam00283m1,test_msl,soil,iou,,0,0,97181
segformer__pretrained__mit-b0__in_rover__seed1414__gpu_full__22d89713__gitc188b320__codebebd8b2d__20260711T152946214899Z,msl_ncam_nlb_542734240edr_f0612232ncam00283m1,test_msl,bedrock,iou,0.0,0,1911,97181
segformer__pretrained__mit-b0__in_rover__seed1414__gpu_full__22d89713__gitc188b320__codebebd8b2d__20260711T152946214899Z,msl_ncam_nlb_542734240edr_f0612232ncam00283m1,test_msl,sand,iou,0.980335662320824,95270,97181,97181
segformer__pretrained__mit-b0__in_rover__seed1414__gpu_full__22d89713__gitc188b320__codebebd8b2d__20260711T152946214899Z,msl_ncam_nlb_542734240edr_f0612232ncam00283m1,test_msl,big_rock,iou,,0,0,97181
segformer__pretrained__mit-b0__in_rover__seed1414__gpu_full__22d89713__gitc188b320__codebebd8b2d__20260711T152946214899Z,msl_ncam_nlb_542734240edr_f0612232ncam00283m1,test_msl,ALL,pixel_acc,0.980335662320824,0,0,97181
segformer__pretrained__mit-b0__in_rover__seed1414__gpu_full__22d89713__gitc188b320__codebebd8b2d__20260711T152946214899Z,msl_ncam_nlb_542734240edr_f0612232ncam00283m1,test_msl,ALL,boundary_f1,0.4777816658610791,0,0,97181
segformer__pretrained__mit-b0__in_rover__seed1414__gpu_full__22d89713__gitc188b320__codebebd8b2d__20260711T152946214899Z,msl_ncam_nlb_542734362edr_f0612232ncam00283m1,test_msl,soil,iou,,0,0,145077
segformer__pretrained__mit-b0__in_rover__seed1414__gpu_full__22d89713__gitc188b320__codebebd8b2d__20260711T152946214899Z,msl_ncam_nlb_542734362edr_f0612232ncam00283m1,test_msl,bedrock,iou,0.0,0,136,145077
segformer__pretrained__mit-b0__in_rover__seed1414__gpu_full__22d89713__gitc188b320__codebebd8b2d__20260711T152946214899Z,msl_ncam_nlb_542734362edr_f0612232ncam00283m1,test_msl,sand,iou,0.999062566774885,144941,145077,145077
segformer__pretrained__mit-b0__in_rover__seed1414__gpu_full__22d89713__gitc188b320__codebebd8b2d__20260711T152946214899Z,msl_ncam_nlb_542734362edr_f0612232ncam00283m1,test_msl,big_rock,iou,,0,0,145077
segformer__pretrained__mit-b0__in_rover__seed1414__gpu_full__22d89713__gitc188b320__codebebd8b2d__20260711T152946214899Z,msl_ncam_nlb_542734362edr_f0612232ncam00283m1,test_msl,ALL,pixel_acc,0.999062566774885,0,0,145077
segformer__pretrained__mit-b0__in_rover__seed1414__gpu_full__22d89713__gitc188b320__codebebd8b2d__20260711T152946214899Z,msl_ncam_nlb_542734362edr_f0612232ncam00283m1,test_msl,ALL,boundary_f1,0.4995483288166215,0,0,145077
segformer__pretrained__mit-b0__in_rover__seed1414__gpu_full__22d89713__gitc188b320__codebebd8b2d__20260711T152946214899Z,msl_ncam_nlb_542738036edr_f0612232ccam15903m1,test_msl,soil,iou,,0,0,189972
segformer__pretrained__mit-b0__in_rover__seed1414__gpu_full__22d89713__gitc188b320__codebebd8b2d__20260711T152946214899Z,msl_ncam_nlb_542738036edr_f0612232ccam15903m1,test_msl,bedrock,iou,0.0,0,345,189972
segformer__pretrained__mit-b0__in_rover__seed1414__gpu_full__22d89713__gitc188b320__codebebd8b2d__20260711T152946214899Z,msl_ncam_nlb_542738036edr_f0612232ccam15903m1,test_msl,sand,iou,0.998183942896848,189627,189972,189972
segformer__pretrained__mit-b0__in_rover__seed1414__gpu_full__22d89713__gitc188b320__codebebd8b2d__20260711T152946214899Z,msl_ncam_nlb_542738036edr_f0612232ccam15903m1,test_msl,big_rock,iou,,0,0,189972
segformer__pretrained__mit-b0__in_rover__seed1414__gpu_full__22d89713__gitc188b320__codebebd8b2d__20260711T152946214899Z,msl_ncam_nlb_542738036edr_f0612232ccam15903m1,test_msl,ALL,pixel_acc,0.998183942896848,0,0,189972
segformer__pretrained__mit-b0__in_rover__seed1414__gpu_full__22d89713__gitc188b320__codebebd8b2d__20260711T152946214899Z,msl_ncam_nlb_542738036edr_f0612232ccam15903m1,test_msl,ALL,boundary_f1,0.49740635649827214,0,0,189972
segformer__pretrained__mit-b0__in_rover__seed1414__gpu_full__22d89713__gitc188b320__codebebd8b2d__20260711T152946214899Z,msl_ncam_nlb_543351716edr_f0613076ncam00286m1,test_msl,soil,iou,,0,0,0
segformer__pretrained__mit-b0__in_rover__seed1414__gpu_full__22d89713__gitc188b320__codebebd8b2d__20260711T152946214899Z,msl_ncam_nlb_543351716edr_f0613076ncam00286m1,test_msl,bedrock,iou,,0,0,0
segformer__pretrained__mit-b0__in_rover__seed1414__gpu_full__22d89713__gitc188b320__codebebd8b2d__20260711T152946214899Z,msl_ncam_nlb_543351716edr_f0613076ncam00286m1,test_msl,sand,iou,,0,0,0
segformer__pretrained__mit-b0__in_rover__seed1414__gpu_full__22d89713__gitc188b320__codebebd8b2d__20260711T152946214899Z,msl_ncam_nlb_543351716edr_f0613076ncam00286m1,test_msl,big_rock,iou,,0,0,0
segformer__pretrained__mit-b0__in_rover__seed1414__gpu_full__22d89713__gitc188b320__codebebd8b2d__20260711T152946214899Z,msl_ncam_nlb_543351716edr_f0613076ncam00286m1,test_msl,ALL,pixel_acc,,0,0,0
segformer__pretrained__mit-b0__in_rover__seed1414__gpu_full__22d89713__gitc188b320__codebebd8b2d__20260711T152946214899Z,msl_ncam_nlb_543351716edr_f0613076ncam00286m1,test_msl,ALL,boundary_f1,,0,0,0
segformer__pretrained__mit-b0__in_rover__seed1414__gpu_full__22d89713__gitc188b320__codebebd8b2d__20260711T152946214899Z,msl_ncam_nlb_543357370edr_f0613076ncam00287m1,test_msl,soil,iou,,0,0,139163
segformer__pretrained__mit-b0__in_rover__seed1414__gpu_full__22d89713__gitc188b320__codebebd8b2d__20260711T152946214899Z,msl_ncam_nlb_543357370edr_f0613076ncam00287m1,test_msl,bedrock,iou,0.0,0,647,139163
segformer__pretrained__mit-b0__in_rover__seed1414__gpu_full__22d89713__gitc188b320__codebebd8b2d__20260711T152946214899Z,msl_ncam_nlb_543357370edr_f0613076ncam00287m1,test_msl,sand,iou,0.9953507757090606,138516,139163,139163
segformer__pretrained__mit-b0__in_rover__seed1414__gpu_full__22d89713__gitc188b320__codebebd8b2d__20260711T152946214899Z,msl_ncam_nlb_543357370edr_f0613076ncam00287m1,test_msl,big_rock,iou,,0,0,139163
segformer__pretrained__mit-b0__in_rover__seed1414__gpu_full__22d89713__gitc188b320__codebebd8b2d__20260711T152946214899Z,msl_ncam_nlb_543357370edr_f0613076ncam00287m1,test_msl,ALL,pixel_acc,0.9953507757090606,0,0,139163
segformer__pretrained__mit-b0__in_rover__seed1414__gpu_full__22d89713__gitc188b320__codebebd8b2d__20260711T152946214899Z,msl_ncam_nlb_543357370edr_f0613076ncam00287m1,test_msl,ALL,boundary_f1,0.4939832043105026,0,0,139163
segformer__pretrained__mit-b0__in_rover__seed1414__gpu_full__22d89713__gitc188b320__codebebd8b2d__20260711T152946214899Z,msl_ncam_nlb_543357433edr_f0613076ncam00287m1,test_msl,soil,iou,0.0,0,20,73935
segformer__pretrained__mit-b0__in_rover__seed1414__gpu_full__22d89713__gitc188b320__codebebd8b2d__20260711T152946214899Z,msl_ncam_nlb_543357433edr_f0613076ncam00287m1,test_msl,bedrock,iou,0.0,0,34,73935
segformer__pretrained__mit-b0__in_rover__seed1414__gpu_full__22d89713__gitc188b320__codebebd8b2d__20260711T152946214899Z,msl_ncam_nlb_543357433edr_f0613076ncam00287m1,test_msl,sand,iou,0.9992696287279367,73881,73935,73935
segformer__pretrained__mit-b0__in_rover__seed1414__gpu_full__22d89713__gitc188b320__codebebd8b2d__20260711T152946214899Z,msl_ncam_nlb_543357433edr_f0613076ncam00287m1,test_msl,big_rock,iou,,0,0,73935
segformer__pretrained__mit-b0__in_rover__seed1414__gpu_full__22d89713__gitc188b320__codebebd8b2d__20260711T152946214899Z,msl_ncam_nlb_543357433edr_f0613076ncam00287m1,test_msl,ALL,pixel_acc,0.9992696287279367,0,0,73935
segformer__pretrained__mit-b0__in_rover__seed1414__gpu_full__22d89713__gitc188b320__codebebd8b2d__20260711T152946214899Z,msl_ncam_nlb_543357433edr_f0613076ncam00287m1,test_msl,ALL,boundary_f1,0.3333333333333333,0,0,73935
segformer__pretrained__mit-b0__in_rover__seed1414__gpu_full__22d89713__gitc188b320__codebebd8b2d__20260711T152946214899Z,msl_ncam_nlb_543357548edr_f0613076ncam00287m1,test_msl,soil,iou,,0,0,0
segformer__pretrained__mit-b0__in_rover__seed1414__gpu_full__22d89713__gitc188b320__codebebd8b2d__20260711T152946214899Z,msl_ncam_nlb_543357548edr_f0613076ncam00287m1,test_msl,bedrock,iou,,0,0,0
segformer__pretrained__mit-b0__in_rover__seed1414__gpu_full__22d89713__gitc188b320__codebebd8b2d__20260711T152946214899Z,msl_ncam_nlb_543357548edr_f0613076ncam00287m1,test_msl,sand,iou,,0,0,0
segformer__pretrained__mit-b0__in_rover__seed1414__gpu_full__22d89713__gitc188b320__codebebd8b2d__20260711T152946214899Z,msl_ncam_nlb_543357548edr_f0613076ncam00287m1,test_msl,big_rock,iou,,0,0,0
segformer__pretrained__mit-b0__in_rover__seed1414__gpu_full__22d89713__gitc188b320__codebebd8b2d__20260711T152946214899Z,msl_ncam_nlb_543357548edr_f0613076ncam00287m1,test_msl,ALL,pixel_acc,,0,0,0
segformer__pretrained__mit-b0__in_rover__seed1414__gpu_full__22d89713__gitc188b320__codebebd8b2d__20260711T152946214899Z,msl_ncam_nlb_543357548edr_f0613076ncam00287m1,test_msl,ALL,boundary_f1,,0,0,0
segformer__pretrained__mit-b0__in_rover__seed1414__gpu_full__22d89713__gitc188b320__codebebd8b2d__20260711T152946214899Z,msl_ncam_nlb_548047620edr_f0630346ncam00320m1,test_msl,soil,iou,,0,0,96137
segformer__pretrained__mit-b0__in_rover__seed1414__gpu_full__22d89713__gitc188b320__codebebd8b2d__20260711T152946214899Z,msl_ncam_nlb_548047620edr_f0630346ncam00320m1,test_msl,bedrock,iou,0.9953091375099741,82326,82714,96137
segformer__pretrained__mit-b0__in_rover__seed1414__gpu_full__22d89713__gitc188b320__codebebd8b2d__20260711T152946214899Z,msl_ncam_nlb_548047620edr_f0630346ncam00320m1,test_msl,sand,iou,0.9719064513793353,13423,13811,96137
segformer__pretrained__mit-b0__in_rover__seed1414__gpu_full__22d89713__gitc188b320__codebebd8b2d__20260711T152946214899Z,msl_ncam_nlb_548047620edr_f0630346ncam00320m1,test_msl,big_rock,iou,,0,0,96137
segformer__pretrained__mit-b0__in_rover__seed1414__gpu_full__22d89713__gitc188b320__codebebd8b2d__20260711T152946214899Z,msl_ncam_nlb_548047620edr_f0630346ncam00320m1,test_msl,ALL,pixel_acc,0.9959640929090777,0,0,96137
segformer__pretrained__mit-b0__in_rover__seed1414__gpu_full__22d89713__gitc188b320__codebebd8b2d__20260711T152946214899Z,msl_ncam_nlb_548047620edr_f0630346ncam00320m1,test_msl,ALL,boundary_f1,0.9639061698065174,0,0,96137
segformer__pretrained__mit-b0__in_rover__seed1414__gpu_full__22d89713__gitc188b320__codebebd8b2d__20260711T152946214899Z,msl_ncam_nlb_548057490edr_f0630724ncam00385m1,test_msl,soil,iou,,0,0,65888
segformer__pretrained__mit-b0__in_rover__seed1414__gpu_full__22d89713__gitc188b320__codebebd8b2d__20260711T152946214899Z,msl_ncam_nlb_548057490edr_f0630724ncam00385m1,test_msl,bedrock,iou,0.9121539582321515,60100,65888,65888
segformer__pretrained__mit-b0__in_rover__seed1414__gpu_full__22d89713__gitc188b320__codebebd8b2d__20260711T152946214899Z,msl_ncam_nlb_548057490edr_f0630724ncam00385m1,test_msl,sand,iou,0.0,0,5788,65888
segformer__pretrained__mit-b0__in_rover__seed1414__gpu_full__22d89713__gitc188b320__codebebd8b2d__20260711T152946214899Z,msl_ncam_nlb_548057490edr_f0630724ncam00385m1,test_msl,big_rock,iou,,0,0,65888
segformer__pretrained__mit-b0__in_rover__seed1414__gpu_full__22d89713__gitc188b320__codebebd8b2d__20260711T152946214899Z,msl_ncam_nlb_548057490edr_f0630724ncam00385m1,test_msl,ALL,pixel_acc,0.9121539582321515,0,0,65888
segformer__pretrained__mit-b0__in_rover__seed1414__gpu_full__22d89713__gitc188b320__codebebd8b2d__20260711T152946214899Z,msl_ncam_nlb_548057490edr_f0630724ncam00385m1,test_msl,ALL,boundary_f1,0.46822289156626506,0,0,65888
segformer__pretrained__mit-b0__in_rover__seed1414__gpu_full__22d89713__gitc188b320__codebebd8b2d__20260711T152946214899Z,msl_ncam_nlb_548058260edr_f0630766ncam00375m1,test_msl,soil,iou,,0,0,41868
segformer__pretrained__mit-b0__in_rover__seed1414__gpu_full__22d89713__gitc188b320__codebebd8b2d__20260711T152946214899Z,msl_ncam_nlb_548058260edr_f0630766ncam00375m1,test_msl,bedrock,iou,0.9386220281416788,27083,28854,41868
segformer__pretrained__mit-b0__in_rover__seed1414__gpu_full__22d89713__gitc188b320__codebebd8b2d__20260711T152946214899Z,msl_ncam_nlb_548058260edr_f0630766ncam00375m1,test_msl,sand,iou,0.8802164355765979,13014,14785,41868
segformer__pretrained__mit-b0__in_rover__seed1414__gpu_full__22d89713__gitc188b320__codebebd8b2d__20260711T152946214899Z,msl_ncam_nlb_548058260edr_f0630766ncam00375m1,test_msl,big_rock,iou,,0,0,41868
segformer__pretrained__mit-b0__in_rover__seed1414__gpu_full__22d89713__gitc188b320__codebebd8b2d__20260711T152946214899Z,msl_ncam_nlb_548058260edr_f0630766ncam00375m1,test_msl,ALL,pixel_acc,0.9577003917072705,0,0,41868
segformer__pretrained__mit-b0__in_rover__seed1414__gpu_full__22d89713__gitc188b320__codebebd8b2d__20260711T152946214899Z,msl_ncam_nlb_548058260edr_f0630766ncam00375m1,test_msl,ALL,boundary_f1,0.9102581275814075,0,0,41868
segformer__pretrained__mit-b0__in_rover__seed1414__gpu_full__22d89713__gitc188b320__codebebd8b2d__20260711T152946214899Z,msl_ncam_nlb_548058358edr_f0630766ncam00273m1,test_msl,soil,iou,,0,0,43577
segformer__pretrained__mit-b0__in_rover__seed1414__gpu_full__22d89713__gitc188b320__codebebd8b2d__20260711T152946214899Z,msl_ncam_nlb_548058358edr_f0630766ncam00273m1,test_msl,bedrock,iou,0.9435255489431562,22989,24365,43577
segformer__pretrained__mit-b0__in_rover__seed1414__gpu_full__22d89713__gitc188b320__codebebd8b2d__20260711T152946214899Z,msl_ncam_nlb_548058358edr_f0630766ncam00273m1,test_msl,sand,iou,0.9331649504565767,19212,20588,43577
segformer__pretrained__mit-b0__in_rover__seed1414__gpu_full__22d89713__gitc188b320__codebebd8b2d__20260711T152946214899Z,msl_ncam_nlb_548058358edr_f0630766ncam00273m1,test_msl,big_rock,iou,,0,0,43577
segformer__pretrained__mit-b0__in_rover__seed1414__gpu_full__22d89713__gitc188b320__codebebd8b2d__20260711T152946214899Z,msl_ncam_nlb_548058358edr_f0630766ncam00273m1,test_msl,ALL,pixel_acc,0.968423709755146,0,0,43577
segformer__pretrained__mit-b0__in_rover__seed1414__gpu_full__22d89713__gitc188b320__codebebd8b2d__20260711T152946214899Z,msl_ncam_nlb_548058358edr_f0630766ncam00273m1,test_msl,ALL,boundary_f1,0.9235139869911596,0,0,43577
segformer__pretrained__mit-b0__in_rover__seed1414__gpu_full__22d89713__gitc188b320__codebebd8b2d__20260711T152946214899Z,msl_ncam_nlb_548063838edr_f0630766ncam07753m1,test_msl,soil,iou,,0,0,13320
segformer__pretrained__mit-b0__in_rover__seed1414__gpu_full__22d89713__gitc188b320__codebebd8b2d__20260711T152946214899Z,msl_ncam_nlb_548063838edr_f0630766ncam07753m1,test_msl,bedrock,iou,1.0,13320,13320,13320
segformer__pretrained__mit-b0__in_rover__seed1414__gpu_full__22d89713__gitc188b320__codebebd8b2d__20260711T152946214899Z,msl_ncam_nlb_548063838edr_f0630766ncam07753m1,test_msl,sand,iou,,0,0,13320
segformer__pretrained__mit-b0__in_rover__seed1414__gpu_full__22d89713__gitc188b320__codebebd8b2d__20260711T152946214899Z,msl_ncam_nlb_548063838edr_f0630766ncam07753m1,test_msl,big_rock,iou,,0,0,13320
segformer__pretrained__mit-b0__in_rover__seed1414__gpu_full__22d89713__gitc188b320__codebebd8b2d__20260711T152946214899Z,msl_ncam_nlb_548063838edr_f0630766ncam07753m1,test_msl,ALL,pixel_acc,1.0,0,0,13320
segformer__pretrained__mit-b0__in_rover__seed1414__gpu_full__22d89713__gitc188b320__codebebd8b2d__20260711T152946214899Z,msl_ncam_nlb_548063838edr_f0630766ncam07753m1,test_msl,ALL,boundary_f1,1.0,0,0,13320
segformer__pretrained__mit-b0__in_rover__seed1414__gpu_full__22d89713__gitc188b320__codebebd8b2d__20260711T152946214899Z,msl_ncam_nlb_552665174edr_f0641980ncam00320m1,test_msl,soil,iou,,0,0,107820
segformer__pretrained__mit-b0__in_rover__seed1414__gpu_full__22d89713__gitc188b320__codebebd8b2d__20260711T152946214899Z,msl_ncam_nlb_552665174edr_f0641980ncam00320m1,test_msl,bedrock,iou,1.0,20145,20145,107820
segformer__pretrained__mit-b0__in_rover__seed1414__gpu_full__22d89713__gitc188b320__codebebd8b2d__20260711T152946214899Z,msl_ncam_nlb_552665174edr_f0641980ncam00320m1,test_msl,sand,iou,1.0,87675,87675,107820
segformer__pretrained__mit-b0__in_rover__seed1414__gpu_full__22d89713__gitc188b320__codebebd8b2d__20260711T152946214899Z,msl_ncam_nlb_552665174edr_f0641980ncam00320m1,test_msl,big_rock,iou,,0,0,107820
segformer__pretrained__mit-b0__in_rover__seed1414__gpu_full__22d89713__gitc188b320__codebebd8b2d__20260711T152946214899Z,msl_ncam_nlb_552665174edr_f0641980ncam00320m1,test_msl,ALL,pixel_acc,1.0,0,0,107820
segformer__pretrained__mit-b0__in_rover__seed1414__gpu_full__22d89713__gitc188b320__codebebd8b2d__20260711T152946214899Z,msl_ncam_nlb_552665174edr_f0641980ncam00320m1,test_msl,ALL,boundary_f1,1.0,0,0,107820
segformer__pretrained__mit-b0__in_rover__seed1414__gpu_full__22d89713__gitc188b320__codebebd8b2d__20260711T152946214899Z,msl_ncam_nlb_552676131edr_f0642004ncam00385m1,test_msl,soil,iou,,0,0,241952
segformer__pretrained__mit-b0__in_rover__seed1414__gpu_full__22d89713__gitc188b320__codebebd8b2d__20260711T152946214899Z,msl_ncam_nlb_552676131edr_f0642004ncam00385m1,test_msl,bedrock,iou,,0,0,241952
segformer__pretrained__mit-b0__in_rover__seed1414__gpu_full__22d89713__gitc188b320__codebebd8b2d__20260711T152946214899Z,msl_ncam_nlb_552676131edr_f0642004ncam00385m1,test_msl,sand,iou,1.0,241952,241952,241952
segformer__pretrained__mit-b0__in_rover__seed1414__gpu_full__22d89713__gitc188b320__codebebd8b2d__20260711T152946214899Z,msl_ncam_nlb_552676131edr_f0642004ncam00385m1,test_msl,big_rock,iou,,0,0,241952
segformer__pretrained__mit-b0__in_rover__seed1414__gpu_full__22d89713__gitc188b320__codebebd8b2d__20260711T152946214899Z,msl_ncam_nlb_552676131edr_f0642004ncam00385m1,test_msl,ALL,pixel_acc,1.0,0,0,241952
segformer__pretrained__mit-b0__in_rover__seed1414__gpu_full__22d89713__gitc188b320__codebebd8b2d__20260711T152946214899Z,msl_ncam_nlb_552676131edr_f0642004ncam00385m1,test_msl,ALL,boundary_f1,1.0,0,0,241952
segformer__pretrained__mit-b0__in_rover__seed1414__gpu_full__22d89713__gitc188b320__codebebd8b2d__20260711T152946214899Z,msl_ncam_nlb_552677384edr_f0642088ncam00376m1,test_msl,soil,iou,,0,0,93137
segformer__pretrained__mit-b0__in_rover__seed1414__gpu_full__22d89713__gitc188b320__codebebd8b2d__20260711T152946214899Z,msl_ncam_nlb_552677384edr_f0642088ncam00376m1,test_msl,bedrock,iou,,0,0,93137
segformer__pretrained__mit-b0__in_rover__seed1414__gpu_full__22d89713__gitc188b320__codebebd8b2d__20260711T152946214899Z,msl_ncam_nlb_552677384edr_f0642088ncam00376m1,test_msl,sand,iou,1.0,93137,93137,93137
segformer__pretrained__mit-b0__in_rover__seed1414__gpu_full__22d89713__gitc188b320__codebebd8b2d__20260711T152946214899Z,msl_ncam_nlb_552677384edr_f0642088ncam00376m1,test_msl,big_rock,iou,,0,0,93137
segformer__pretrained__mit-b0__in_rover__seed1414__gpu_full__22d89713__gitc188b320__codebebd8b2d__20260711T152946214899Z,msl_ncam_nlb_552677384edr_f0642088ncam00376m1,test_msl,ALL,pixel_acc,1.0,0,0,93137
segformer__pretrained__mit-b0__in_rover__seed1414__gpu_full__22d89713__gitc188b320__codebebd8b2d__20260711T152946214899Z,msl_ncam_nlb_552677384edr_f0642088ncam00376m1,test_msl,ALL,boundary_f1,1.0,0,0,93137
segformer__pretrained__mit-b0__in_rover__seed1414__gpu_full__22d89713__gitc188b320__codebebd8b2d__20260711T152946214899Z,msl_ncam_nlb_552677513edr_f0642088ncam00255m1,test_msl,soil,iou,,0,0,42984
segformer__pretrained__mit-b0__in_rover__seed1414__gpu_full__22d89713__gitc188b320__codebebd8b2d__20260711T152946214899Z,msl_ncam_nlb_552677513edr_f0642088ncam00255m1,test_msl,bedrock,iou,0.9925271739130435,1461,1472,42984
segformer__pretrained__mit-b0__in_rover__seed1414__gpu_full__22d89713__gitc188b320__codebebd8b2d__20260711T152946214899Z,msl_ncam_nlb_552677513edr_f0642088ncam00255m1,test_msl,sand,iou,0.9997350865785227,41512,41523,42984
segformer__pretrained__mit-b0__in_rover__seed1414__gpu_full__22d89713__gitc188b320__codebebd8b2d__20260711T152946214899Z,msl_ncam_nlb_552677513edr_f0642088ncam00255m1,test_msl,big_rock,iou,,0,0,42984
segformer__pretrained__mit-b0__in_rover__seed1414__gpu_full__22d89713__gitc188b320__codebebd8b2d__20260711T152946214899Z,msl_ncam_nlb_552677513edr_f0642088ncam00255m1,test_msl,ALL,pixel_acc,0.9997440908244928,0,0,42984
segformer__pretrained__mit-b0__in_rover__seed1414__gpu_full__22d89713__gitc188b320__codebebd8b2d__20260711T152946214899Z,msl_ncam_nlb_552677513edr_f0642088ncam00255m1,test_msl,ALL,boundary_f1,0.9963003176204519,0,0,42984
segformer__pretrained__mit-b0__in_rover__seed1414__gpu_full__22d89713__gitc188b320__codebebd8b2d__20260711T152946214899Z,msl_ncam_nlb_552677608edr_f0642088ncam00255m1,test_msl,soil,iou,,0,0,238297
segformer__pretrained__mit-b0__in_rover__seed1414__gpu_full__22d89713__gitc188b320__codebebd8b2d__20260711T152946214899Z,msl_ncam_nlb_552677608edr_f0642088ncam00255m1,test_msl,bedrock,iou,,0,0,238297
segformer__pretrained__mit-b0__in_rover__seed1414__gpu_full__22d89713__gitc188b320__codebebd8b2d__20260711T152946214899Z,msl_ncam_nlb_552677608edr_f0642088ncam00255m1,test_msl,sand,iou,1.0,238297,238297,238297
segformer__pretrained__mit-b0__in_rover__seed1414__gpu_full__22d89713__gitc188b320__codebebd8b2d__20260711T152946214899Z,msl_ncam_nlb_552677608edr_f0642088ncam00255m1,test_msl,big_rock,iou,,0,0,238297
segformer__pretrained__mit-b0__in_rover__seed1414__gpu_full__22d89713__gitc188b320__codebebd8b2d__20260711T152946214899Z,msl_ncam_nlb_552677608edr_f0642088ncam00255m1,test_msl,ALL,pixel_acc,1.0,0,0,238297
segformer__pretrained__mit-b0__in_rover__seed1414__gpu_full__22d89713__gitc188b320__codebebd8b2d__20260711T152946214899Z,msl_ncam_nlb_552677608edr_f0642088ncam00255m1,test_msl,ALL,boundary_f1,1.0,0,0,238297
segformer__pretrained__mit-b0__in_rover__seed1414__gpu_full__22d89713__gitc188b320__codebebd8b2d__20260711T152946214899Z,msl_ncam_nlb_552677960edr_f0642088ncam00354m1,test_msl,soil,iou,,0,0,141082
segformer__pretrained__mit-b0__in_rover__seed1414__gpu_full__22d89713__gitc188b320__codebebd8b2d__20260711T152946214899Z,msl_ncam_nlb_552677960edr_f0642088ncam00354m1,test_msl,bedrock,iou,,0,0,141082
segformer__pretrained__mit-b0__in_rover__seed1414__gpu_full__22d89713__gitc188b320__codebebd8b2d__20260711T152946214899Z,msl_ncam_nlb_552677960edr_f0642088ncam00354m1,test_msl,sand,iou,1.0,141082,141082,141082
segformer__pretrained__mit-b0__in_rover__seed1414__gpu_full__22d89713__gitc188b320__codebebd8b2d__20260711T152946214899Z,msl_ncam_nlb_552677960edr_f0642088ncam00354m1,test_msl,big_rock,iou,,0,0,141082
segformer__pretrained__mit-b0__in_rover__seed1414__gpu_full__22d89713__gitc188b320__codebebd8b2d__20260711T152946214899Z,msl_ncam_nlb_552677960edr_f0642088ncam00354m1,test_msl,ALL,pixel_acc,1.0,0,0,141082
segformer__pretrained__mit-b0__in_rover__seed1414__gpu_full__22d89713__gitc188b320__codebebd8b2d__20260711T152946214899Z,msl_ncam_nlb_552677960edr_f0642088ncam00354m1,test_msl,ALL,boundary_f1,1.0,0,0,141082
segformer__pretrained__mit-b0__in_rover__seed1414__gpu_full__22d89713__gitc188b320__codebebd8b2d__20260711T152946214899Z,msl_ncam_nlb_552678040edr_f0642088ncam00354m1,test_msl,soil,iou,,0,0,124577
segformer__pretrained__mit-b0__in_rover__seed1414__gpu_full__22d89713__gitc188b320__codebebd8b2d__20260711T152946214899Z,msl_ncam_nlb_552678040edr_f0642088ncam00354m1,test_msl,bedrock,iou,,0,0,124577
segformer__pretrained__mit-b0__in_rover__seed1414__gpu_full__22d89713__gitc188b320__codebebd8b2d__20260711T152946214899Z,msl_ncam_nlb_552678040edr_f0642088ncam00354m1,test_msl,sand,iou,1.0,124577,124577,124577
segformer__pretrained__mit-b0__in_rover__seed1414__gpu_full__22d89713__gitc188b320__codebebd8b2d__20260711T152946214899Z,msl_ncam_nlb_552678040edr_f0642088ncam00354m1,test_msl,big_rock,iou,,0,0,124577
segformer__pretrained__mit-b0__in_rover__seed1414__gpu_full__22d89713__gitc188b320__codebebd8b2d__20260711T152946214899Z,msl_ncam_nlb_552678040edr_f0642088ncam00354m1,test_msl,ALL,pixel_acc,1.0,0,0,124577
segformer__pretrained__mit-b0__in_rover__seed1414__gpu_full__22d89713__gitc188b320__codebebd8b2d__20260711T152946214899Z,msl_ncam_nlb_552678040edr_f0642088ncam00354m1,test_msl,ALL,boundary_f1,1.0,0,0,124577
segformer__pretrained__mit-b0__in_rover__seed1414__gpu_full__22d89713__gitc188b320__codebebd8b2d__20260711T152946214899Z,msl_ncam_nlb_552682049edr_f0642088ncam07753m1,test_msl,soil,iou,,0,0,203617
segformer__pretrained__mit-b0__in_rover__seed1414__gpu_full__22d89713__gitc188b320__codebebd8b2d__20260711T152946214899Z,msl_ncam_nlb_552682049edr_f0642088ncam07753m1,test_msl,bedrock,iou,,0,0,203617
segformer__pretrained__mit-b0__in_rover__seed1414__gpu_full__22d89713__gitc188b320__codebebd8b2d__20260711T152946214899Z,msl_ncam_nlb_552682049edr_f0642088ncam07753m1,test_msl,sand,iou,1.0,203617,203617,203617
segformer__pretrained__mit-b0__in_rover__seed1414__gpu_full__22d89713__gitc188b320__codebebd8b2d__20260711T152946214899Z,msl_ncam_nlb_552682049edr_f0642088ncam07753m1,test_msl,big_rock,iou,,0,0,203617
segformer__pretrained__mit-b0__in_rover__seed1414__gpu_full__22d89713__gitc188b320__codebebd8b2d__20260711T152946214899Z,msl_ncam_nlb_552682049edr_f0642088ncam07753m1,test_msl,ALL,pixel_acc,1.0,0,0,203617
segformer__pretrained__mit-b0__in_rover__seed1414__gpu_full__22d89713__gitc188b320__codebebd8b2d__20260711T152946214899Z,msl_ncam_nlb_552682049edr_f0642088ncam07753m1,test_msl,ALL,boundary_f1,1.0,0,0,203617
segformer__pretrained__mit-b0__in_rover__seed1414__gpu_full__22d89713__gitc188b320__codebebd8b2d__20260711T152946214899Z,msl_ncam_nlb_552682173edr_f0642088ncam07753m1,test_msl,soil,iou,,0,0,37725
segformer__pretrained__mit-b0__in_rover__seed1414__gpu_full__22d89713__gitc188b320__codebebd8b2d__20260711T152946214899Z,msl_ncam_nlb_552682173edr_f0642088ncam07753m1,test_msl,bedrock,iou,1.0,3020,3020,37725
segformer__pretrained__mit-b0__in_rover__seed1414__gpu_full__22d89713__gitc188b320__codebebd8b2d__20260711T152946214899Z,msl_ncam_nlb_552682173edr_f0642088ncam07753m1,test_msl,sand,iou,1.0,34705,34705,37725
segformer__pretrained__mit-b0__in_rover__seed1414__gpu_full__22d89713__gitc188b320__codebebd8b2d__20260711T152946214899Z,msl_ncam_nlb_552682173edr_f0642088ncam07753m1,test_msl,big_rock,iou,,0,0,37725
segformer__pretrained__mit-b0__in_rover__seed1414__gpu_full__22d89713__gitc188b320__codebebd8b2d__20260711T152946214899Z,msl_ncam_nlb_552682173edr_f0642088ncam07753m1,test_msl,ALL,pixel_acc,1.0,0,0,37725
segformer__pretrained__mit-b0__in_rover__seed1414__gpu_full__22d89713__gitc188b320__codebebd8b2d__20260711T152946214899Z,msl_ncam_nlb_552682173edr_f0642088ncam07753m1,test_msl,ALL,boundary_f1,1.0,0,0,37725
segformer__pretrained__mit-b0__in_rover__seed1414__gpu_full__22d89713__gitc188b320__codebebd8b2d__20260711T152946214899Z,msl_ncam_nlb_556418003edr_f0651174ncam00320m1,test_msl,soil,iou,,0,0,95260
segformer__pretrained__mit-b0__in_rover__seed1414__gpu_full__22d89713__gitc188b320__codebebd8b2d__20260711T152946214899Z,msl_ncam_nlb_556418003edr_f0651174ncam00320m1,test_msl,bedrock,iou,0.8514554794520548,7956,9344,95260
segformer__pretrained__mit-b0__in_rover__seed1414__gpu_full__22d89713__gitc188b320__codebebd8b2d__20260711T152946214899Z,msl_ncam_nlb_556418003edr_f0651174ncam00320m1,test_msl,sand,iou,0.9841015302849813,85916,87304,95260
segformer__pretrained__mit-b0__in_rover__seed1414__gpu_full__22d89713__gitc188b320__codebebd8b2d__20260711T152946214899Z,msl_ncam_nlb_556418003edr_f0651174ncam00320m1,test_msl,big_rock,iou,,0,0,95260
segformer__pretrained__mit-b0__in_rover__seed1414__gpu_full__22d89713__gitc188b320__codebebd8b2d__20260711T152946214899Z,msl_ncam_nlb_556418003edr_f0651174ncam00320m1,test_msl,ALL,pixel_acc,0.9854293512492127,0,0,95260
segformer__pretrained__mit-b0__in_rover__seed1414__gpu_full__22d89713__gitc188b320__codebebd8b2d__20260711T152946214899Z,msl_ncam_nlb_556418003edr_f0651174ncam00320m1,test_msl,ALL,boundary_f1,0.9218100450604918,0,0,95260
segformer__pretrained__mit-b0__in_rover__seed1414__gpu_full__22d89713__gitc188b320__codebebd8b2d__20260711T152946214899Z,msl_ncam_nlb_556756244edr_f0651642ncam00285m1,test_msl,soil,iou,,0,0,71198
segformer__pretrained__mit-b0__in_rover__seed1414__gpu_full__22d89713__gitc188b320__codebebd8b2d__20260711T152946214899Z,msl_ncam_nlb_556756244edr_f0651642ncam00285m1,test_msl,bedrock,iou,0.9633952750023345,10317,10709,71198
segformer__pretrained__mit-b0__in_rover__seed1414__gpu_full__22d89713__gitc188b320__codebebd8b2d__20260711T152946214899Z,msl_ncam_nlb_556756244edr_f0651642ncam00285m1,test_msl,sand,iou,0.9935612095727732,60489,60881,71198
segformer__pretrained__mit-b0__in_rover__seed1414__gpu_full__22d89713__gitc188b320__codebebd8b2d__20260711T152946214899Z,msl_ncam_nlb_556756244edr_f0651642ncam00285m1,test_msl,big_rock,iou,,0,0,71198
segformer__pretrained__mit-b0__in_rover__seed1414__gpu_full__22d89713__gitc188b320__codebebd8b2d__20260711T152946214899Z,msl_ncam_nlb_556756244edr_f0651642ncam00285m1,test_msl,ALL,pixel_acc,0.9944942273659373,0,0,71198
segformer__pretrained__mit-b0__in_rover__seed1414__gpu_full__22d89713__gitc188b320__codebebd8b2d__20260711T152946214899Z,msl_ncam_nlb_556756244edr_f0651642ncam00285m1,test_msl,ALL,boundary_f1,0.9782030923223027,0,0,71198
segformer__pretrained__mit-b0__in_rover__seed1414__gpu_full__22d89713__gitc188b320__codebebd8b2d__20260711T152946214899Z,msl_ncam_nlb_556756308edr_f0651642ncam00285m1,test_msl,soil,iou,,0,0,120672
segformer__pretrained__mit-b0__in_rover__seed1414__gpu_full__22d89713__gitc188b320__codebebd8b2d__20260711T152946214899Z,msl_ncam_nlb_556756308edr_f0651642ncam00285m1,test_msl,bedrock,iou,0.9272409778812573,4779,5154,120672
segformer__pretrained__mit-b0__in_rover__seed1414__gpu_full__22d89713__gitc188b320__codebebd8b2d__20260711T152946214899Z,msl_ncam_nlb_556756308edr_f0651642ncam00285m1,test_msl,sand,iou,0.9981064381104245,100150,100340,120672
segformer__pretrained__mit-b0__in_rover__seed1414__gpu_full__22d89713__gitc188b320__codebebd8b2d__20260711T152946214899Z,msl_ncam_nlb_556756308edr_f0651642ncam00285m1,test_msl,big_rock,iou,0.9658592408926188,15192,15729,120672
segformer__pretrained__mit-b0__in_rover__seed1414__gpu_full__22d89713__gitc188b320__codebebd8b2d__20260711T152946214899Z,msl_ncam_nlb_556756308edr_f0651642ncam00285m1,test_msl,ALL,pixel_acc,0.9954339034738796,0,0,120672
segformer__pretrained__mit-b0__in_rover__seed1414__gpu_full__22d89713__gitc188b320__codebebd8b2d__20260711T152946214899Z,msl_ncam_nlb_556756308edr_f0651642ncam00285m1,test_msl,ALL,boundary_f1,0.9171841816355063,0,0,120672
segformer__pretrained__mit-b0__in_rover__seed1414__gpu_full__22d89713__gitc188b320__codebebd8b2d__20260711T152946214899Z,msl_ncam_nlb_556756606edr_f0651642ncam00312m1,test_msl,soil,iou,,0,0,172993
segformer__pretrained__mit-b0__in_rover__seed1414__gpu_full__22d89713__gitc188b320__codebebd8b2d__20260711T152946214899Z,msl_ncam_nlb_556756606edr_f0651642ncam00312m1,test_msl,bedrock,iou,0.9966106290672451,14702,14752,172993
segformer__pretrained__mit-b0__in_rover__seed1414__gpu_full__22d89713__gitc188b320__codebebd8b2d__20260711T152946214899Z,msl_ncam_nlb_556756606edr_f0651642ncam00312m1,test_msl,sand,iou,0.9996841260716023,158241,158291,172993
segformer__pretrained__mit-b0__in_rover__seed1414__gpu_full__22d89713__gitc188b320__codebebd8b2d__20260711T152946214899Z,msl_ncam_nlb_556756606edr_f0651642ncam00312m1,test_msl,big_rock,iou,,0,0,172993
segformer__pretrained__mit-b0__in_rover__seed1414__gpu_full__22d89713__gitc188b320__codebebd8b2d__20260711T152946214899Z,msl_ncam_nlb_556756606edr_f0651642ncam00312m1,test_msl,ALL,pixel_acc,0.9997109709641431,0,0,172993
segformer__pretrained__mit-b0__in_rover__seed1414__gpu_full__22d89713__gitc188b320__codebebd8b2d__20260711T152946214899Z,msl_ncam_nlb_556756606edr_f0651642ncam00312m1,test_msl,ALL,boundary_f1,0.9949032660703141,0,0,172993
segformer__pretrained__mit-b0__in_rover__seed1414__gpu_full__22d89713__gitc188b320__codebebd8b2d__20260711T152946214899Z,msl_ncam_nlb_556763962edr_f0651642ncam07753m1,test_msl,soil,iou,,0,0,156742
segformer__pretrained__mit-b0__in_rover__seed1414__gpu_full__22d89713__gitc188b320__codebebd8b2d__20260711T152946214899Z,msl_ncam_nlb_556763962edr_f0651642ncam07753m1,test_msl,bedrock,iou,0.9765455704270236,7661,7845,156742
segformer__pretrained__mit-b0__in_rover__seed1414__gpu_full__22d89713__gitc188b320__codebebd8b2d__20260711T152946214899Z,msl_ncam_nlb_556763962edr_f0651642ncam07753m1,test_msl,sand,iou,0.9987657716275045,148897,149081,156742
segformer__pretrained__mit-b0__in_rover__seed1414__gpu_full__22d89713__gitc188b320__codebebd8b2d__20260711T152946214899Z,msl_ncam_nlb_556763962edr_f0651642ncam07753m1,test_msl,big_rock,iou,,0,0,156742
segformer__pretrained__mit-b0__in_rover__seed1414__gpu_full__22d89713__gitc188b320__codebebd8b2d__20260711T152946214899Z,msl_ncam_nlb_556763962edr_f0651642ncam07753m1,test_msl,ALL,pixel_acc,0.9988260963876944,0,0,156742
segformer__pretrained__mit-b0__in_rover__seed1414__gpu_full__22d89713__gitc188b320__codebebd8b2d__20260711T152946214899Z,msl_ncam_nlb_556763962edr_f0651642ncam07753m1,test_msl,ALL,boundary_f1,0.9789973390234579,0,0,156742
segformer__pretrained__mit-b0__in_rover__seed1414__gpu_full__22d89713__gitc188b320__codebebd8b2d__20260711T152946214899Z,msl_ncam_nlb_556764110edr_f0651642ncam07753m1,test_msl,soil,iou,,0,0,19514
segformer__pretrained__mit-b0__in_rover__seed1414__gpu_full__22d89713__gitc188b320__codebebd8b2d__20260711T152946214899Z,msl_ncam_nlb_556764110edr_f0651642ncam07753m1,test_msl,bedrock,iou,0.04590163934426229,28,610,19514
segformer__pretrained__mit-b0__in_rover__seed1414__gpu_full__22d89713__gitc188b320__codebebd8b2d__20260711T152946214899Z,msl_ncam_nlb_556764110edr_f0651642ncam07753m1,test_msl,sand,iou,0.9701324027506928,18904,19486,19514
segformer__pretrained__mit-b0__in_rover__seed1414__gpu_full__22d89713__gitc188b320__codebebd8b2d__20260711T152946214899Z,msl_ncam_nlb_556764110edr_f0651642ncam07753m1,test_msl,big_rock,iou,,0,0,19514
segformer__pretrained__mit-b0__in_rover__seed1414__gpu_full__22d89713__gitc188b320__codebebd8b2d__20260711T152946214899Z,msl_ncam_nlb_556764110edr_f0651642ncam07753m1,test_msl,ALL,pixel_acc,0.970175258788562,0,0,19514
segformer__pretrained__mit-b0__in_rover__seed1414__gpu_full__22d89713__gitc188b320__codebebd8b2d__20260711T152946214899Z,msl_ncam_nlb_556764110edr_f0651642ncam07753m1,test_msl,ALL,boundary_f1,0.5167844202477244,0,0,19514
segformer__pretrained__mit-b0__in_rover__seed1414__gpu_full__22d89713__gitc188b320__codebebd8b2d__20260711T152946214899Z,msl_ncam_nlb_556764172edr_f0651642ncam07753m1,test_msl,soil,iou,,0,0,45242
segformer__pretrained__mit-b0__in_rover__seed1414__gpu_full__22d89713__gitc188b320__codebebd8b2d__20260711T152946214899Z,msl_ncam_nlb_556764172edr_f0651642ncam07753m1,test_msl,bedrock,iou,0.9521955149724721,7091,7447,45242
segformer__pretrained__mit-b0__in_rover__seed1414__gpu_full__22d89713__gitc188b320__codebebd8b2d__20260711T152946214899Z,msl_ncam_nlb_556764172edr_f0651642ncam07753m1,test_msl,sand,iou,0.9906686587507536,37795,38151,45242
segformer__pretrained__mit-b0__in_rover__seed1414__gpu_full__22d89713__gitc188b320__codebebd8b2d__20260711T152946214899Z,msl_ncam_nlb_556764172edr_f0651642ncam07753m1,test_msl,big_rock,iou,,0,0,45242
segformer__pretrained__mit-b0__in_rover__seed1414__gpu_full__22d89713__gitc188b320__codebebd8b2d__20260711T152946214899Z,msl_ncam_nlb_556764172edr_f0651642ncam07753m1,test_msl,ALL,pixel_acc,0.9921312055169975,0,0,45242
segformer__pretrained__mit-b0__in_rover__seed1414__gpu_full__22d89713__gitc188b320__codebebd8b2d__20260711T152946214899Z,msl_ncam_nlb_556764172edr_f0651642ncam07753m1,test_msl,ALL,boundary_f1,0.9568450821923515,0,0,45242
segformer__pretrained__mit-b0__in_rover__seed1414__gpu_full__22d89713__gitc188b320__codebebd8b2d__20260711T152946214899Z,msl_ncam_nlb_558363908edr_f0660000ncam00375m1,test_msl,soil,iou,,0,0,137927
segformer__pretrained__mit-b0__in_rover__seed1414__gpu_full__22d89713__gitc188b320__codebebd8b2d__20260711T152946214899Z,msl_ncam_nlb_558363908edr_f0660000ncam00375m1,test_msl,bedrock,iou,1.0,137927,137927,137927
segformer__pretrained__mit-b0__in_rover__seed1414__gpu_full__22d89713__gitc188b320__codebebd8b2d__20260711T152946214899Z,msl_ncam_nlb_558363908edr_f0660000ncam00375m1,test_msl,sand,iou,,0,0,137927
segformer__pretrained__mit-b0__in_rover__seed1414__gpu_full__22d89713__gitc188b320__codebebd8b2d__20260711T152946214899Z,msl_ncam_nlb_558363908edr_f0660000ncam00375m1,test_msl,big_rock,iou,,0,0,137927
segformer__pretrained__mit-b0__in_rover__seed1414__gpu_full__22d89713__gitc188b320__codebebd8b2d__20260711T152946214899Z,msl_ncam_nlb_558363908edr_f0660000ncam00375m1,test_msl,ALL,pixel_acc,1.0,0,0,137927
segformer__pretrained__mit-b0__in_rover__seed1414__gpu_full__22d89713__gitc188b320__codebebd8b2d__20260711T152946214899Z,msl_ncam_nlb_558363908edr_f0660000ncam00375m1,test_msl,ALL,boundary_f1,1.0,0,0,137927
segformer__pretrained__mit-b0__in_rover__seed1414__gpu_full__22d89713__gitc188b320__codebebd8b2d__20260711T152946214899Z,msl_ncam_nlb_558364034edr_f0660000ncam00252m1,test_msl,soil,iou,,0,0,216388
segformer__pretrained__mit-b0__in_rover__seed1414__gpu_full__22d89713__gitc188b320__codebebd8b2d__20260711T152946214899Z,msl_ncam_nlb_558364034edr_f0660000ncam00252m1,test_msl,bedrock,iou,1.0,216388,216388,216388
segformer__pretrained__mit-b0__in_rover__seed1414__gpu_full__22d89713__gitc188b320__codebebd8b2d__20260711T152946214899Z,msl_ncam_nlb_558364034edr_f0660000ncam00252m1,test_msl,sand,iou,,0,0,216388
segformer__pretrained__mit-b0__in_rover__seed1414__gpu_full__22d89713__gitc188b320__codebebd8b2d__20260711T152946214899Z,msl_ncam_nlb_558364034edr_f0660000ncam00252m1,test_msl,big_rock,iou,,0,0,216388
segformer__pretrained__mit-b0__in_rover__seed1414__gpu_full__22d89713__gitc188b320__codebebd8b2d__20260711T152946214899Z,msl_ncam_nlb_558364034edr_f0660000ncam00252m1,test_msl,ALL,pixel_acc,1.0,0,0,216388
segformer__pretrained__mit-b0__in_rover__seed1414__gpu_full__22d89713__gitc188b320__codebebd8b2d__20260711T152946214899Z,msl_ncam_nlb_558364034edr_f0660000ncam00252m1,test_msl,ALL,boundary_f1,1.0,0,0,216388
segformer__pretrained__mit-b0__in_rover__seed1414__gpu_full__22d89713__gitc188b320__codebebd8b2d__20260711T152946214899Z,msl_ncam_nlb_558364090edr_f0660000ncam00252m1,test_msl,soil,iou,,0,0,0
segformer__pretrained__mit-b0__in_rover__seed1414__gpu_full__22d89713__gitc188b320__codebebd8b2d__20260711T152946214899Z,msl_ncam_nlb_558364090edr_f0660000ncam00252m1,test_msl,bedrock,iou,,0,0,0
segformer__pretrained__mit-b0__in_rover__seed1414__gpu_full__22d89713__gitc188b320__codebebd8b2d__20260711T152946214899Z,msl_ncam_nlb_558364090edr_f0660000ncam00252m1,test_msl,sand,iou,,0,0,0
segformer__pretrained__mit-b0__in_rover__seed1414__gpu_full__22d89713__gitc188b320__codebebd8b2d__20260711T152946214899Z,msl_ncam_nlb_558364090edr_f0660000ncam00252m1,test_msl,big_rock,iou,,0,0,0
segformer__pretrained__mit-b0__in_rover__seed1414__gpu_full__22d89713__gitc188b320__codebebd8b2d__20260711T152946214899Z,msl_ncam_nlb_558364090edr_f0660000ncam00252m1,test_msl,ALL,pixel_acc,,0,0,0
segformer__pretrained__mit-b0__in_rover__seed1414__gpu_full__22d89713__gitc188b320__codebebd8b2d__20260711T152946214899Z,msl_ncam_nlb_558364090edr_f0660000ncam00252m1,test_msl,ALL,boundary_f1,,0,0,0
segformer__pretrained__mit-b0__in_rover__seed1414__gpu_full__22d89713__gitc188b320__codebebd8b2d__20260711T152946214899Z,msl_ncam_nlb_558364829edr_f0660000ncam00253m1,test_msl,soil,iou,0.0,0,1311,110732
segformer__pretrained__mit-b0__in_rover__seed1414__gpu_full__22d89713__gitc188b320__codebebd8b2d__20260711T152946214899Z,msl_ncam_nlb_558364829edr_f0660000ncam00253m1,test_msl,bedrock,iou,0.9881606039807824,109421,110732,110732
segformer__pretrained__mit-b0__in_rover__seed1414__gpu_full__22d89713__gitc188b320__codebebd8b2d__20260711T152946214899Z,msl_ncam_nlb_558364829edr_f0660000ncam00253m1,test_msl,sand,iou,,0,0,110732
segformer__pretrained__mit-b0__in_rover__seed1414__gpu_full__22d89713__gitc188b320__codebebd8b2d__20260711T152946214899Z,msl_ncam_nlb_558364829edr_f0660000ncam00253m1,test_msl,big_rock,iou,,0,0,110732
segformer__pretrained__mit-b0__in_rover__seed1414__gpu_full__22d89713__gitc188b320__codebebd8b2d__20260711T152946214899Z,msl_ncam_nlb_558364829edr_f0660000ncam00253m1,test_msl,ALL,pixel_acc,0.9881606039807824,0,0,110732
segformer__pretrained__mit-b0__in_rover__seed1414__gpu_full__22d89713__gitc188b320__codebebd8b2d__20260711T152946214899Z,msl_ncam_nlb_558364829edr_f0660000ncam00253m1,test_msl,ALL,boundary_f1,0.4826183917093008,0,0,110732
segformer__pretrained__mit-b0__in_rover__seed1414__gpu_full__22d89713__gitc188b320__codebebd8b2d__20260711T152946214899Z,msl_ncam_nlb_558364943edr_f0660000ncam00253m1,test_msl,soil,iou,,0,0,3436
segformer__pretrained__mit-b0__in_rover__seed1414__gpu_full__22d89713__gitc188b320__codebebd8b2d__20260711T152946214899Z,msl_ncam_nlb_558364943edr_f0660000ncam00253m1,test_msl,bedrock,iou,1.0,3436,3436,3436
segformer__pretrained__mit-b0__in_rover__seed1414__gpu_full__22d89713__gitc188b320__codebebd8b2d__20260711T152946214899Z,msl_ncam_nlb_558364943edr_f0660000ncam00253m1,test_msl,sand,iou,,0,0,3436
segformer__pretrained__mit-b0__in_rover__seed1414__gpu_full__22d89713__gitc188b320__codebebd8b2d__20260711T152946214899Z,msl_ncam_nlb_558364943edr_f0660000ncam00253m1,test_msl,big_rock,iou,,0,0,3436
segformer__pretrained__mit-b0__in_rover__seed1414__gpu_full__22d89713__gitc188b320__codebebd8b2d__20260711T152946214899Z,msl_ncam_nlb_558364943edr_f0660000ncam00253m1,test_msl,ALL,pixel_acc,1.0,0,0,3436
segformer__pretrained__mit-b0__in_rover__seed1414__gpu_full__22d89713__gitc188b320__codebebd8b2d__20260711T152946214899Z,msl_ncam_nlb_558364943edr_f0660000ncam00253m1,test_msl,ALL,boundary_f1,1.0,0,0,3436
segformer__pretrained__mit-b0__in_rover__seed1414__gpu_full__22d89713__gitc188b320__codebebd8b2d__20260711T152946214899Z,msl_ncam_nlb_558365006edr_f0660000ncam00253m1,test_msl,soil,iou,0.581151832460733,111,191,47526
segformer__pretrained__mit-b0__in_rover__seed1414__gpu_full__22d89713__gitc188b320__codebebd8b2d__20260711T152946214899Z,msl_ncam_nlb_558365006edr_f0660000ncam00253m1,test_msl,bedrock,iou,0.9983127702203944,47335,47415,47526
segformer__pretrained__mit-b0__in_rover__seed1414__gpu_full__22d89713__gitc188b320__codebebd8b2d__20260711T152946214899Z,msl_ncam_nlb_558365006edr_f0660000ncam00253m1,test_msl,sand,iou,,0,0,47526
segformer__pretrained__mit-b0__in_rover__seed1414__gpu_full__22d89713__gitc188b320__codebebd8b2d__20260711T152946214899Z,msl_ncam_nlb_558365006edr_f0660000ncam00253m1,test_msl,big_rock,iou,,0,0,47526
segformer__pretrained__mit-b0__in_rover__seed1414__gpu_full__22d89713__gitc188b320__codebebd8b2d__20260711T152946214899Z,msl_ncam_nlb_558365006edr_f0660000ncam00253m1,test_msl,ALL,pixel_acc,0.9983167108530068,0,0,47526
segformer__pretrained__mit-b0__in_rover__seed1414__gpu_full__22d89713__gitc188b320__codebebd8b2d__20260711T152946214899Z,msl_ncam_nlb_558365006edr_f0660000ncam00253m1,test_msl,ALL,boundary_f1,0.8488742509713942,0,0,47526
segformer__pretrained__mit-b0__in_rover__seed1414__gpu_full__22d89713__gitc188b320__codebebd8b2d__20260711T152946214899Z,msl_ncam_nlb_558365068edr_f0660000ncam00253m1,test_msl,soil,iou,,0,0,142185
segformer__pretrained__mit-b0__in_rover__seed1414__gpu_full__22d89713__gitc188b320__codebebd8b2d__20260711T152946214899Z,msl_ncam_nlb_558365068edr_f0660000ncam00253m1,test_msl,bedrock,iou,1.0,142185,142185,142185
segformer__pretrained__mit-b0__in_rover__seed1414__gpu_full__22d89713__gitc188b320__codebebd8b2d__20260711T152946214899Z,msl_ncam_nlb_558365068edr_f0660000ncam00253m1,test_msl,sand,iou,,0,0,142185
segformer__pretrained__mit-b0__in_rover__seed1414__gpu_full__22d89713__gitc188b320__codebebd8b2d__20260711T152946214899Z,msl_ncam_nlb_558365068edr_f0660000ncam00253m1,test_msl,big_rock,iou,,0,0,142185
segformer__pretrained__mit-b0__in_rover__seed1414__gpu_full__22d89713__gitc188b320__codebebd8b2d__20260711T152946214899Z,msl_ncam_nlb_558365068edr_f0660000ncam00253m1,test_msl,ALL,pixel_acc,1.0,0,0,142185
segformer__pretrained__mit-b0__in_rover__seed1414__gpu_full__22d89713__gitc188b320__codebebd8b2d__20260711T152946214899Z,msl_ncam_nlb_558365068edr_f0660000ncam00253m1,test_msl,ALL,boundary_f1,1.0,0,0,142185
segformer__pretrained__mit-b0__in_rover__seed1414__gpu_full__22d89713__gitc188b320__codebebd8b2d__20260711T152946214899Z,msl_ncam_nlb_560302217edr_f0660952ncam00320m1,test_msl,soil,iou,,0,0,41827
segformer__pretrained__mit-b0__in_rover__seed1414__gpu_full__22d89713__gitc188b320__codebebd8b2d__20260711T152946214899Z,msl_ncam_nlb_560302217edr_f0660952ncam00320m1,test_msl,bedrock,iou,1.0,41827,41827,41827
segformer__pretrained__mit-b0__in_rover__seed1414__gpu_full__22d89713__gitc188b320__codebebd8b2d__20260711T152946214899Z,msl_ncam_nlb_560302217edr_f0660952ncam00320m1,test_msl,sand,iou,,0,0,41827
segformer__pretrained__mit-b0__in_rover__seed1414__gpu_full__22d89713__gitc188b320__codebebd8b2d__20260711T152946214899Z,msl_ncam_nlb_560302217edr_f0660952ncam00320m1,test_msl,big_rock,iou,,0,0,41827
segformer__pretrained__mit-b0__in_rover__seed1414__gpu_full__22d89713__gitc188b320__codebebd8b2d__20260711T152946214899Z,msl_ncam_nlb_560302217edr_f0660952ncam00320m1,test_msl,ALL,pixel_acc,1.0,0,0,41827
segformer__pretrained__mit-b0__in_rover__seed1414__gpu_full__22d89713__gitc188b320__codebebd8b2d__20260711T152946214899Z,msl_ncam_nlb_560302217edr_f0660952ncam00320m1,test_msl,ALL,boundary_f1,1.0,0,0,41827
segformer__pretrained__mit-b0__in_rover__seed1414__gpu_full__22d89713__gitc188b320__codebebd8b2d__20260711T152946214899Z,msl_ncam_nlb_560310464edr_f0661030ncam00385m1,test_msl,soil,iou,,0,0,158565
segformer__pretrained__mit-b0__in_rover__seed1414__gpu_full__22d89713__gitc188b320__codebebd8b2d__20260711T152946214899Z,msl_ncam_nlb_560310464edr_f0661030ncam00385m1,test_msl,bedrock,iou,1.0,158565,158565,158565
segformer__pretrained__mit-b0__in_rover__seed1414__gpu_full__22d89713__gitc188b320__codebebd8b2d__20260711T152946214899Z,msl_ncam_nlb_560310464edr_f0661030ncam00385m1,test_msl,sand,iou,,0,0,158565
segformer__pretrained__mit-b0__in_rover__seed1414__gpu_full__22d89713__gitc188b320__codebebd8b2d__20260711T152946214899Z,msl_ncam_nlb_560310464edr_f0661030ncam00385m1,test_msl,big_rock,iou,,0,0,158565
segformer__pretrained__mit-b0__in_rover__seed1414__gpu_full__22d89713__gitc188b320__codebebd8b2d__20260711T152946214899Z,msl_ncam_nlb_560310464edr_f0661030ncam00385m1,test_msl,ALL,pixel_acc,1.0,0,0,158565
segformer__pretrained__mit-b0__in_rover__seed1414__gpu_full__22d89713__gitc188b320__codebebd8b2d__20260711T152946214899Z,msl_ncam_nlb_560310464edr_f0661030ncam00385m1,test_msl,ALL,boundary_f1,1.0,0,0,158565
segformer__pretrained__mit-b0__in_rover__seed1414__gpu_full__22d89713__gitc188b320__codebebd8b2d__20260711T152946214899Z,msl_ncam_nlb_560311677edr_f0661112ncam00353m1,test_msl,soil,iou,0.0,0,206,58722
segformer__pretrained__mit-b0__in_rover__seed1414__gpu_full__22d89713__gitc188b320__codebebd8b2d__20260711T152946214899Z,msl_ncam_nlb_560311677edr_f0661112ncam00353m1,test_msl,bedrock,iou,0.9964919450972378,58516,58722,58722
segformer__pretrained__mit-b0__in_rover__seed1414__gpu_full__22d89713__gitc188b320__codebebd8b2d__20260711T152946214899Z,msl_ncam_nlb_560311677edr_f0661112ncam00353m1,test_msl,sand,iou,,0,0,58722
segformer__pretrained__mit-b0__in_rover__seed1414__gpu_full__22d89713__gitc188b320__codebebd8b2d__20260711T152946214899Z,msl_ncam_nlb_560311677edr_f0661112ncam00353m1,test_msl,big_rock,iou,,0,0,58722
segformer__pretrained__mit-b0__in_rover__seed1414__gpu_full__22d89713__gitc188b320__codebebd8b2d__20260711T152946214899Z,msl_ncam_nlb_560311677edr_f0661112ncam00353m1,test_msl,ALL,pixel_acc,0.9964919450972378,0,0,58722
segformer__pretrained__mit-b0__in_rover__seed1414__gpu_full__22d89713__gitc188b320__codebebd8b2d__20260711T152946214899Z,msl_ncam_nlb_560311677edr_f0661112ncam00353m1,test_msl,ALL,boundary_f1,0.4872396597242593,0,0,58722
segformer__pretrained__mit-b0__in_rover__seed1414__gpu_full__22d89713__gitc188b320__codebebd8b2d__20260711T152946214899Z,msl_ncam_nlb_560311785edr_f0661112ncam00273m1,test_msl,soil,iou,,0,0,67364
segformer__pretrained__mit-b0__in_rover__seed1414__gpu_full__22d89713__gitc188b320__codebebd8b2d__20260711T152946214899Z,msl_ncam_nlb_560311785edr_f0661112ncam00273m1,test_msl,bedrock,iou,1.0,67364,67364,67364
segformer__pretrained__mit-b0__in_rover__seed1414__gpu_full__22d89713__gitc188b320__codebebd8b2d__20260711T152946214899Z,msl_ncam_nlb_560311785edr_f0661112ncam00273m1,test_msl,sand,iou,,0,0,67364
segformer__pretrained__mit-b0__in_rover__seed1414__gpu_full__22d89713__gitc188b320__codebebd8b2d__20260711T152946214899Z,msl_ncam_nlb_560311785edr_f0661112ncam00273m1,test_msl,big_rock,iou,,0,0,67364
segformer__pretrained__mit-b0__in_rover__seed1414__gpu_full__22d89713__gitc188b320__codebebd8b2d__20260711T152946214899Z,msl_ncam_nlb_560311785edr_f0661112ncam00273m1,test_msl,ALL,pixel_acc,1.0,0,0,67364
segformer__pretrained__mit-b0__in_rover__seed1414__gpu_full__22d89713__gitc188b320__codebebd8b2d__20260711T152946214899Z,msl_ncam_nlb_560311785edr_f0661112ncam00273m1,test_msl,ALL,boundary_f1,1.0,0,0,67364
segformer__pretrained__mit-b0__in_rover__seed1414__gpu_full__22d89713__gitc188b320__codebebd8b2d__20260711T152946214899Z,msl_ncam_nlb_560311842edr_f0661112ncam00273m1,test_msl,soil,iou,0.0,0,311,94786
segformer__pretrained__mit-b0__in_rover__seed1414__gpu_full__22d89713__gitc188b320__codebebd8b2d__20260711T152946214899Z,msl_ncam_nlb_560311842edr_f0661112ncam00273m1,test_msl,bedrock,iou,0.9967189247357204,94475,94786,94786
segformer__pretrained__mit-b0__in_rover__seed1414__gpu_full__22d89713__gitc188b320__codebebd8b2d__20260711T152946214899Z,msl_ncam_nlb_560311842edr_f0661112ncam00273m1,test_msl,sand,iou,,0,0,94786
segformer__pretrained__mit-b0__in_rover__seed1414__gpu_full__22d89713__gitc188b320__codebebd8b2d__20260711T152946214899Z,msl_ncam_nlb_560311842edr_f0661112ncam00273m1,test_msl,big_rock,iou,,0,0,94786
segformer__pretrained__mit-b0__in_rover__seed1414__gpu_full__22d89713__gitc188b320__codebebd8b2d__20260711T152946214899Z,msl_ncam_nlb_560311842edr_f0661112ncam00273m1,test_msl,ALL,pixel_acc,0.9967189247357204,0,0,94786
segformer__pretrained__mit-b0__in_rover__seed1414__gpu_full__22d89713__gitc188b320__codebebd8b2d__20260711T152946214899Z,msl_ncam_nlb_560311842edr_f0661112ncam00273m1,test_msl,ALL,boundary_f1,0.49273255357613943,0,0,94786
segformer__pretrained__mit-b0__in_rover__seed1414__gpu_full__22d89713__gitc188b320__codebebd8b2d__20260711T152946214899Z,msl_ncam_nlb_560311891edr_f0661112ncam00273m1,test_msl,soil,iou,,0,0,80347
segformer__pretrained__mit-b0__in_rover__seed1414__gpu_full__22d89713__gitc188b320__codebebd8b2d__20260711T152946214899Z,msl_ncam_nlb_560311891edr_f0661112ncam00273m1,test_msl,bedrock,iou,1.0,80347,80347,80347
segformer__pretrained__mit-b0__in_rover__seed1414__gpu_full__22d89713__gitc188b320__codebebd8b2d__20260711T152946214899Z,msl_ncam_nlb_560311891edr_f0661112ncam00273m1,test_msl,sand,iou,,0,0,80347
segformer__pretrained__mit-b0__in_rover__seed1414__gpu_full__22d89713__gitc188b320__codebebd8b2d__20260711T152946214899Z,msl_ncam_nlb_560311891edr_f0661112ncam00273m1,test_msl,big_rock,iou,,0,0,80347
segformer__pretrained__mit-b0__in_rover__seed1414__gpu_full__22d89713__gitc188b320__codebebd8b2d__20260711T152946214899Z,msl_ncam_nlb_560311891edr_f0661112ncam00273m1,test_msl,ALL,pixel_acc,1.0,0,0,80347
segformer__pretrained__mit-b0__in_rover__seed1414__gpu_full__22d89713__gitc188b320__codebebd8b2d__20260711T152946214899Z,msl_ncam_nlb_560311891edr_f0661112ncam00273m1,test_msl,ALL,boundary_f1,1.0,0,0,80347
segformer__pretrained__mit-b0__in_rover__seed1414__gpu_full__22d89713__gitc188b320__codebebd8b2d__20260711T152946214899Z,msl_ncam_nlb_560312189edr_f0661112ncam00354m1,test_msl,soil,iou,,0,0,115548
segformer__pretrained__mit-b0__in_rover__seed1414__gpu_full__22d89713__gitc188b320__codebebd8b2d__20260711T152946214899Z,msl_ncam_nlb_560312189edr_f0661112ncam00354m1,test_msl,bedrock,iou,1.0,115548,115548,115548
segformer__pretrained__mit-b0__in_rover__seed1414__gpu_full__22d89713__gitc188b320__codebebd8b2d__20260711T152946214899Z,msl_ncam_nlb_560312189edr_f0661112ncam00354m1,test_msl,sand,iou,,0,0,115548
segformer__pretrained__mit-b0__in_rover__seed1414__gpu_full__22d89713__gitc188b320__codebebd8b2d__20260711T152946214899Z,msl_ncam_nlb_560312189edr_f0661112ncam00354m1,test_msl,big_rock,iou,,0,0,115548
segformer__pretrained__mit-b0__in_rover__seed1414__gpu_full__22d89713__gitc188b320__codebebd8b2d__20260711T152946214899Z,msl_ncam_nlb_560312189edr_f0661112ncam00354m1,test_msl,ALL,pixel_acc,1.0,0,0,115548
segformer__pretrained__mit-b0__in_rover__seed1414__gpu_full__22d89713__gitc188b320__codebebd8b2d__20260711T152946214899Z,msl_ncam_nlb_560312189edr_f0661112ncam00354m1,test_msl,ALL,boundary_f1,1.0,0,0,115548
segformer__pretrained__mit-b0__in_rover__seed1414__gpu_full__22d89713__gitc188b320__codebebd8b2d__20260711T152946214899Z,msl_ncam_nlb_560316500edr_f0661112ncam00274m1,test_msl,soil,iou,,0,0,167888
segformer__pretrained__mit-b0__in_rover__seed1414__gpu_full__22d89713__gitc188b320__codebebd8b2d__20260711T152946214899Z,msl_ncam_nlb_560316500edr_f0661112ncam00274m1,test_msl,bedrock,iou,1.0,167888,167888,167888
segformer__pretrained__mit-b0__in_rover__seed1414__gpu_full__22d89713__gitc188b320__codebebd8b2d__20260711T152946214899Z,msl_ncam_nlb_560316500edr_f0661112ncam00274m1,test_msl,sand,iou,,0,0,167888
segformer__pretrained__mit-b0__in_rover__seed1414__gpu_full__22d89713__gitc188b320__codebebd8b2d__20260711T152946214899Z,msl_ncam_nlb_560316500edr_f0661112ncam00274m1,test_msl,big_rock,iou,,0,0,167888
segformer__pretrained__mit-b0__in_rover__seed1414__gpu_full__22d89713__gitc188b320__codebebd8b2d__20260711T152946214899Z,msl_ncam_nlb_560316500edr_f0661112ncam00274m1,test_msl,ALL,pixel_acc,1.0,0,0,167888
segformer__pretrained__mit-b0__in_rover__seed1414__gpu_full__22d89713__gitc188b320__codebebd8b2d__20260711T152946214899Z,msl_ncam_nlb_560316500edr_f0661112ncam00274m1,test_msl,ALL,boundary_f1,1.0,0,0,167888
segformer__pretrained__mit-b0__in_rover__seed1414__gpu_full__22d89713__gitc188b320__codebebd8b2d__20260711T152946214899Z,msl_ncam_nlb_560316562edr_f0661112ncam00274m1,test_msl,soil,iou,,0,0,130575
segformer__pretrained__mit-b0__in_rover__seed1414__gpu_full__22d89713__gitc188b320__codebebd8b2d__20260711T152946214899Z,msl_ncam_nlb_560316562edr_f0661112ncam00274m1,test_msl,bedrock,iou,1.0,130575,130575,130575
segformer__pretrained__mit-b0__in_rover__seed1414__gpu_full__22d89713__gitc188b320__codebebd8b2d__20260711T152946214899Z,msl_ncam_nlb_560316562edr_f0661112ncam00274m1,test_msl,sand,iou,,0,0,130575
segformer__pretrained__mit-b0__in_rover__seed1414__gpu_full__22d89713__gitc188b320__codebebd8b2d__20260711T152946214899Z,msl_ncam_nlb_560316562edr_f0661112ncam00274m1,test_msl,big_rock,iou,,0,0,130575
segformer__pretrained__mit-b0__in_rover__seed1414__gpu_full__22d89713__gitc188b320__codebebd8b2d__20260711T152946214899Z,msl_ncam_nlb_560316562edr_f0661112ncam00274m1,test_msl,ALL,pixel_acc,1.0,0,0,130575
segformer__pretrained__mit-b0__in_rover__seed1414__gpu_full__22d89713__gitc188b320__codebebd8b2d__20260711T152946214899Z,msl_ncam_nlb_560316562edr_f0661112ncam00274m1,test_msl,ALL,boundary_f1,1.0,0,0,130575
segformer__pretrained__mit-b0__in_rover__seed1414__gpu_full__22d89713__gitc188b320__codebebd8b2d__20260711T152946214899Z,msl_ncam_nlb_560316739edr_f0661112ncam00274m1,test_msl,soil,iou,,0,0,49617
segformer__pretrained__mit-b0__in_rover__seed1414__gpu_full__22d89713__gitc188b320__codebebd8b2d__20260711T152946214899Z,msl_ncam_nlb_560316739edr_f0661112ncam00274m1,test_msl,bedrock,iou,1.0,49617,49617,49617
segformer__pretrained__mit-b0__in_rover__seed1414__gpu_full__22d89713__gitc188b320__codebebd8b2d__20260711T152946214899Z,msl_ncam_nlb_560316739edr_f0661112ncam00274m1,test_msl,sand,iou,,0,0,49617
segformer__pretrained__mit-b0__in_rover__seed1414__gpu_full__22d89713__gitc188b320__codebebd8b2d__20260711T152946214899Z,msl_ncam_nlb_560316739edr_f0661112ncam00274m1,test_msl,big_rock,iou,,0,0,49617
segformer__pretrained__mit-b0__in_rover__seed1414__gpu_full__22d89713__gitc188b320__codebebd8b2d__20260711T152946214899Z,msl_ncam_nlb_560316739edr_f0661112ncam00274m1,test_msl,ALL,pixel_acc,1.0,0,0,49617
segformer__pretrained__mit-b0__in_rover__seed1414__gpu_full__22d89713__gitc188b320__codebebd8b2d__20260711T152946214899Z,msl_ncam_nlb_560316739edr_f0661112ncam00274m1,test_msl,ALL,boundary_f1,1.0,0,0,49617
segformer__pretrained__mit-b0__in_rover__seed1414__gpu_full__22d89713__gitc188b320__codebebd8b2d__20260711T152946214899Z,msl_ncam_nlb_565016252edr_f0670180ncam00385m1,test_msl,soil,iou,1.0,119731,119731,119731
segformer__pretrained__mit-b0__in_rover__seed1414__gpu_full__22d89713__gitc188b320__codebebd8b2d__20260711T152946214899Z,msl_ncam_nlb_565016252edr_f0670180ncam00385m1,test_msl,bedrock,iou,,0,0,119731
segformer__pretrained__mit-b0__in_rover__seed1414__gpu_full__22d89713__gitc188b320__codebebd8b2d__20260711T152946214899Z,msl_ncam_nlb_565016252edr_f0670180ncam00385m1,test_msl,sand,iou,,0,0,119731
segformer__pretrained__mit-b0__in_rover__seed1414__gpu_full__22d89713__gitc188b320__codebebd8b2d__20260711T152946214899Z,msl_ncam_nlb_565016252edr_f0670180ncam00385m1,test_msl,big_rock,iou,,0,0,119731
segformer__pretrained__mit-b0__in_rover__seed1414__gpu_full__22d89713__gitc188b320__codebebd8b2d__20260711T152946214899Z,msl_ncam_nlb_565016252edr_f0670180ncam00385m1,test_msl,ALL,pixel_acc,1.0,0,0,119731
segformer__pretrained__mit-b0__in_rover__seed1414__gpu_full__22d89713__gitc188b320__codebebd8b2d__20260711T152946214899Z,msl_ncam_nlb_565016252edr_f0670180ncam00385m1,test_msl,ALL,boundary_f1,1.0,0,0,119731
segformer__pretrained__mit-b0__in_rover__seed1414__gpu_full__22d89713__gitc188b320__codebebd8b2d__20260711T152946214899Z,msl_ncam_nlb_565022734edr_f0670216ncam00375m1,test_msl,soil,iou,0.9699651845564928,55999,57733,61281
segformer__pretrained__mit-b0__in_rover__seed1414__gpu_full__22d89713__gitc188b320__codebebd8b2d__20260711T152946214899Z,msl_ncam_nlb_565022734edr_f0670216ncam00375m1,test_msl,bedrock,iou,0.6717152593714502,3548,5282,61281
segformer__pretrained__mit-b0__in_rover__seed1414__gpu_full__22d89713__gitc188b320__codebebd8b2d__20260711T152946214899Z,msl_ncam_nlb_565022734edr_f0670216ncam00375m1,test_msl,sand,iou,,0,0,61281
segformer__pretrained__mit-b0__in_rover__seed1414__gpu_full__22d89713__gitc188b320__codebebd8b2d__20260711T152946214899Z,msl_ncam_nlb_565022734edr_f0670216ncam00375m1,test_msl,big_rock,iou,,0,0,61281
segformer__pretrained__mit-b0__in_rover__seed1414__gpu_full__22d89713__gitc188b320__codebebd8b2d__20260711T152946214899Z,msl_ncam_nlb_565022734edr_f0670216ncam00375m1,test_msl,ALL,pixel_acc,0.9717041170999168,0,0,61281
segformer__pretrained__mit-b0__in_rover__seed1414__gpu_full__22d89713__gitc188b320__codebebd8b2d__20260711T152946214899Z,msl_ncam_nlb_565022734edr_f0670216ncam00375m1,test_msl,ALL,boundary_f1,0.8788959600904492,0,0,61281
segformer__pretrained__mit-b0__in_rover__seed1414__gpu_full__22d89713__gitc188b320__codebebd8b2d__20260711T152946214899Z,msl_ncam_nlb_565022803edr_f0670216ncam00252m1,test_msl,soil,iou,0.8987174966127804,48422,53879,61883
segformer__pretrained__mit-b0__in_rover__seed1414__gpu_full__22d89713__gitc188b320__codebebd8b2d__20260711T152946214899Z,msl_ncam_nlb_565022803edr_f0670216ncam00252m1,test_msl,bedrock,iou,,0,0,61883
segformer__pretrained__mit-b0__in_rover__seed1414__gpu_full__22d89713__gitc188b320__codebebd8b2d__20260711T152946214899Z,msl_ncam_nlb_565022803edr_f0670216ncam00252m1,test_msl,sand,iou,0.5946066414085135,8004,13461,61883
segformer__pretrained__mit-b0__in_rover__seed1414__gpu_full__22d89713__gitc188b320__codebebd8b2d__20260711T152946214899Z,msl_ncam_nlb_565022803edr_f0670216ncam00252m1,test_msl,big_rock,iou,,0,0,61883
segformer__pretrained__mit-b0__in_rover__seed1414__gpu_full__22d89713__gitc188b320__codebebd8b2d__20260711T152946214899Z,msl_ncam_nlb_565022803edr_f0670216ncam00252m1,test_msl,ALL,pixel_acc,0.9118174619847131,0,0,61883
segformer__pretrained__mit-b0__in_rover__seed1414__gpu_full__22d89713__gitc188b320__codebebd8b2d__20260711T152946214899Z,msl_ncam_nlb_565022803edr_f0670216ncam00252m1,test_msl,ALL,boundary_f1,0.6651922693609806,0,0,61883
segformer__pretrained__mit-b0__in_rover__seed1414__gpu_full__22d89713__gitc188b320__codebebd8b2d__20260711T152946214899Z,msl_ncam_nlb_565022931edr_f0670216ncam00252m1,test_msl,soil,iou,1.0,213200,213200,213200
segformer__pretrained__mit-b0__in_rover__seed1414__gpu_full__22d89713__gitc188b320__codebebd8b2d__20260711T152946214899Z,msl_ncam_nlb_565022931edr_f0670216ncam00252m1,test_msl,bedrock,iou,,0,0,213200
segformer__pretrained__mit-b0__in_rover__seed1414__gpu_full__22d89713__gitc188b320__codebebd8b2d__20260711T152946214899Z,msl_ncam_nlb_565022931edr_f0670216ncam00252m1,test_msl,sand,iou,,0,0,213200
segformer__pretrained__mit-b0__in_rover__seed1414__gpu_full__22d89713__gitc188b320__codebebd8b2d__20260711T152946214899Z,msl_ncam_nlb_565022931edr_f0670216ncam00252m1,test_msl,big_rock,iou,,0,0,213200
segformer__pretrained__mit-b0__in_rover__seed1414__gpu_full__22d89713__gitc188b320__codebebd8b2d__20260711T152946214899Z,msl_ncam_nlb_565022931edr_f0670216ncam00252m1,test_msl,ALL,pixel_acc,1.0,0,0,213200
segformer__pretrained__mit-b0__in_rover__seed1414__gpu_full__22d89713__gitc188b320__codebebd8b2d__20260711T152946214899Z,msl_ncam_nlb_565022931edr_f0670216ncam00252m1,test_msl,ALL,boundary_f1,1.0,0,0,213200
segformer__pretrained__mit-b0__in_rover__seed1414__gpu_full__22d89713__gitc188b320__codebebd8b2d__20260711T152946214899Z,msl_ncam_nlb_565023199edr_f0670216ncam00312m1,test_msl,soil,iou,1.0,135942,135942,135942
segformer__pretrained__mit-b0__in_rover__seed1414__gpu_full__22d89713__gitc188b320__codebebd8b2d__20260711T152946214899Z,msl_ncam_nlb_565023199edr_f0670216ncam00312m1,test_msl,bedrock,iou,,0,0,135942
segformer__pretrained__mit-b0__in_rover__seed1414__gpu_full__22d89713__gitc188b320__codebebd8b2d__20260711T152946214899Z,msl_ncam_nlb_565023199edr_f0670216ncam00312m1,test_msl,sand,iou,,0,0,135942
segformer__pretrained__mit-b0__in_rover__seed1414__gpu_full__22d89713__gitc188b320__codebebd8b2d__20260711T152946214899Z,msl_ncam_nlb_565023199edr_f0670216ncam00312m1,test_msl,big_rock,iou,,0,0,135942
segformer__pretrained__mit-b0__in_rover__seed1414__gpu_full__22d89713__gitc188b320__codebebd8b2d__20260711T152946214899Z,msl_ncam_nlb_565023199edr_f0670216ncam00312m1,test_msl,ALL,pixel_acc,1.0,0,0,135942
segformer__pretrained__mit-b0__in_rover__seed1414__gpu_full__22d89713__gitc188b320__codebebd8b2d__20260711T152946214899Z,msl_ncam_nlb_565023199edr_f0670216ncam00312m1,test_msl,ALL,boundary_f1,1.0,0,0,135942
segformer__pretrained__mit-b0__in_rover__seed1414__gpu_full__22d89713__gitc188b320__codebebd8b2d__20260711T152946214899Z,msl_ncam_nlb_565023322edr_f0670216ncam00253m1,test_msl,soil,iou,1.0,197483,197483,197483
segformer__pretrained__mit-b0__in_rover__seed1414__gpu_full__22d89713__gitc188b320__codebebd8b2d__20260711T152946214899Z,msl_ncam_nlb_565023322edr_f0670216ncam00253m1,test_msl,bedrock,iou,,0,0,197483
segformer__pretrained__mit-b0__in_rover__seed1414__gpu_full__22d89713__gitc188b320__codebebd8b2d__20260711T152946214899Z,msl_ncam_nlb_565023322edr_f0670216ncam00253m1,test_msl,sand,iou,,0,0,197483
segformer__pretrained__mit-b0__in_rover__seed1414__gpu_full__22d89713__gitc188b320__codebebd8b2d__20260711T152946214899Z,msl_ncam_nlb_565023322edr_f0670216ncam00253m1,test_msl,big_rock,iou,,0,0,197483
segformer__pretrained__mit-b0__in_rover__seed1414__gpu_full__22d89713__gitc188b320__codebebd8b2d__20260711T152946214899Z,msl_ncam_nlb_565023322edr_f0670216ncam00253m1,test_msl,ALL,pixel_acc,1.0,0,0,197483
segformer__pretrained__mit-b0__in_rover__seed1414__gpu_full__22d89713__gitc188b320__codebebd8b2d__20260711T152946214899Z,msl_ncam_nlb_565023322edr_f0670216ncam00253m1,test_msl,ALL,boundary_f1,1.0,0,0,197483
segformer__pretrained__mit-b0__in_rover__seed1414__gpu_full__22d89713__gitc188b320__codebebd8b2d__20260711T152946214899Z,msl_ncam_nlb_565023592edr_f0670216ncam00253m1,test_msl,soil,iou,1.0,71215,71215,71215
segformer__pretrained__mit-b0__in_rover__seed1414__gpu_full__22d89713__gitc188b320__codebebd8b2d__20260711T152946214899Z,msl_ncam_nlb_565023592edr_f0670216ncam00253m1,test_msl,bedrock,iou,,0,0,71215
segformer__pretrained__mit-b0__in_rover__seed1414__gpu_full__22d89713__gitc188b320__codebebd8b2d__20260711T152946214899Z,msl_ncam_nlb_565023592edr_f0670216ncam00253m1,test_msl,sand,iou,,0,0,71215
segformer__pretrained__mit-b0__in_rover__seed1414__gpu_full__22d89713__gitc188b320__codebebd8b2d__20260711T152946214899Z,msl_ncam_nlb_565023592edr_f0670216ncam00253m1,test_msl,big_rock,iou,,0,0,71215
segformer__pretrained__mit-b0__in_rover__seed1414__gpu_full__22d89713__gitc188b320__codebebd8b2d__20260711T152946214899Z,msl_ncam_nlb_565023592edr_f0670216ncam00253m1,test_msl,ALL,pixel_acc,1.0,0,0,71215
segformer__pretrained__mit-b0__in_rover__seed1414__gpu_full__22d89713__gitc188b320__codebebd8b2d__20260711T152946214899Z,msl_ncam_nlb_565023592edr_f0670216ncam00253m1,test_msl,ALL,boundary_f1,1.0,0,0,71215
segformer__pretrained__mit-b0__in_rover__seed1414__gpu_full__22d89713__gitc188b320__codebebd8b2d__20260711T152946214899Z,msl_ncam_nlb_565365464edr_f0670550ncam00385m1,test_msl,soil,iou,0.9078484941349834,139234,153367,153367
segformer__pretrained__mit-b0__in_rover__seed1414__gpu_full__22d89713__gitc188b320__codebebd8b2d__20260711T152946214899Z,msl_ncam_nlb_565365464edr_f0670550ncam00385m1,test_msl,bedrock,iou,0.0,0,14133,153367
segformer__pretrained__mit-b0__in_rover__seed1414__gpu_full__22d89713__gitc188b320__codebebd8b2d__20260711T152946214899Z,msl_ncam_nlb_565365464edr_f0670550ncam00385m1,test_msl,sand,iou,,0,0,153367
segformer__pretrained__mit-b0__in_rover__seed1414__gpu_full__22d89713__gitc188b320__codebebd8b2d__20260711T152946214899Z,msl_ncam_nlb_565365464edr_f0670550ncam00385m1,test_msl,big_rock,iou,,0,0,153367
segformer__pretrained__mit-b0__in_rover__seed1414__gpu_full__22d89713__gitc188b320__codebebd8b2d__20260711T152946214899Z,msl_ncam_nlb_565365464edr_f0670550ncam00385m1,test_msl,ALL,pixel_acc,0.9078484941349834,0,0,153367
segformer__pretrained__mit-b0__in_rover__seed1414__gpu_full__22d89713__gitc188b320__codebebd8b2d__20260711T152946214899Z,msl_ncam_nlb_565365464edr_f0670550ncam00385m1,test_msl,ALL,boundary_f1,0.43550394027374534,0,0,153367
segformer__pretrained__mit-b0__in_rover__seed1414__gpu_full__22d89713__gitc188b320__codebebd8b2d__20260711T152946214899Z,msl_ncam_nlb_565366137edr_f0670604ncam00257m1,test_msl,soil,iou,0.9220079537780446,61438,66635,66635
segformer__pretrained__mit-b0__in_rover__seed1414__gpu_full__22d89713__gitc188b320__codebebd8b2d__20260711T152946214899Z,msl_ncam_nlb_565366137edr_f0670604ncam00257m1,test_msl,bedrock,iou,0.0,0,5197,66635
segformer__pretrained__mit-b0__in_rover__seed1414__gpu_full__22d89713__gitc188b320__codebebd8b2d__20260711T152946214899Z,msl_ncam_nlb_565366137edr_f0670604ncam00257m1,test_msl,sand,iou,,0,0,66635
segformer__pretrained__mit-b0__in_rover__seed1414__gpu_full__22d89713__gitc188b320__codebebd8b2d__20260711T152946214899Z,msl_ncam_nlb_565366137edr_f0670604ncam00257m1,test_msl,big_rock,iou,,0,0,66635
segformer__pretrained__mit-b0__in_rover__seed1414__gpu_full__22d89713__gitc188b320__codebebd8b2d__20260711T152946214899Z,msl_ncam_nlb_565366137edr_f0670604ncam00257m1,test_msl,ALL,pixel_acc,0.9220079537780446,0,0,66635
segformer__pretrained__mit-b0__in_rover__seed1414__gpu_full__22d89713__gitc188b320__codebebd8b2d__20260711T152946214899Z,msl_ncam_nlb_565366137edr_f0670604ncam00257m1,test_msl,ALL,boundary_f1,0.42423349056603776,0,0,66635
segformer__pretrained__mit-b0__in_rover__seed1414__gpu_full__22d89713__gitc188b320__codebebd8b2d__20260711T152946214899Z,msl_ncam_nlb_565367106edr_f0670650ncam00353m1,test_msl,soil,iou,0.4874315468174881,10859,22278,22563
segformer__pretrained__mit-b0__in_rover__seed1414__gpu_full__22d89713__gitc188b320__codebebd8b2d__20260711T152946214899Z,msl_ncam_nlb_565367106edr_f0670650ncam00353m1,test_msl,bedrock,iou,0.024350649350649352,285,11704,22563
segformer__pretrained__mit-b0__in_rover__seed1414__gpu_full__22d89713__gitc188b320__codebebd8b2d__20260711T152946214899Z,msl_ncam_nlb_565367106edr_f0670650ncam00353m1,test_msl,sand,iou,,0,0,22563
segformer__pretrained__mit-b0__in_rover__seed1414__gpu_full__22d89713__gitc188b320__codebebd8b2d__20260711T152946214899Z,msl_ncam_nlb_565367106edr_f0670650ncam00353m1,test_msl,big_rock,iou,,0,0,22563
segformer__pretrained__mit-b0__in_rover__seed1414__gpu_full__22d89713__gitc188b320__codebebd8b2d__20260711T152946214899Z,msl_ncam_nlb_565367106edr_f0670650ncam00353m1,test_msl,ALL,pixel_acc,0.4939059522226654,0,0,22563
segformer__pretrained__mit-b0__in_rover__seed1414__gpu_full__22d89713__gitc188b320__codebebd8b2d__20260711T152946214899Z,msl_ncam_nlb_565367106edr_f0670650ncam00353m1,test_msl,ALL,boundary_f1,0.3781206822351582,0,0,22563
segformer__pretrained__mit-b0__in_rover__seed1414__gpu_full__22d89713__gitc188b320__codebebd8b2d__20260711T152946214899Z,msl_ncam_nlb_565373114edr_f0670650ncam12753m1,test_msl,soil,iou,1.0,145604,145604,145604
segformer__pretrained__mit-b0__in_rover__seed1414__gpu_full__22d89713__gitc188b320__codebebd8b2d__20260711T152946214899Z,msl_ncam_nlb_565373114edr_f0670650ncam12753m1,test_msl,bedrock,iou,,0,0,145604
segformer__pretrained__mit-b0__in_rover__seed1414__gpu_full__22d89713__gitc188b320__codebebd8b2d__20260711T152946214899Z,msl_ncam_nlb_565373114edr_f0670650ncam12753m1,test_msl,sand,iou,,0,0,145604
segformer__pretrained__mit-b0__in_rover__seed1414__gpu_full__22d89713__gitc188b320__codebebd8b2d__20260711T152946214899Z,msl_ncam_nlb_565373114edr_f0670650ncam12753m1,test_msl,big_rock,iou,,0,0,145604
segformer__pretrained__mit-b0__in_rover__seed1414__gpu_full__22d89713__gitc188b320__codebebd8b2d__20260711T152946214899Z,msl_ncam_nlb_565373114edr_f0670650ncam12753m1,test_msl,ALL,pixel_acc,1.0,0,0,145604
segformer__pretrained__mit-b0__in_rover__seed1414__gpu_full__22d89713__gitc188b320__codebebd8b2d__20260711T152946214899Z,msl_ncam_nlb_565373114edr_f0670650ncam12753m1,test_msl,ALL,boundary_f1,1.0,0,0,145604
segformer__pretrained__mit-b0__in_rover__seed1414__gpu_full__22d89713__gitc188b320__codebebd8b2d__20260711T152946214899Z,msl_ncam_nlb_565373298edr_f0670650ncam12753m1,test_msl,soil,iou,0.8343018335684063,29576,35450,37349
segformer__pretrained__mit-b0__in_rover__seed1414__gpu_full__22d89713__gitc188b320__codebebd8b2d__20260711T152946214899Z,msl_ncam_nlb_565373298edr_f0670650ncam12753m1,test_msl,bedrock,iou,0.24430721729062138,1899,7773,37349
segformer__pretrained__mit-b0__in_rover__seed1414__gpu_full__22d89713__gitc188b320__codebebd8b2d__20260711T152946214899Z,msl_ncam_nlb_565373298edr_f0670650ncam12753m1,test_msl,sand,iou,,0,0,37349
segformer__pretrained__mit-b0__in_rover__seed1414__gpu_full__22d89713__gitc188b320__codebebd8b2d__20260711T152946214899Z,msl_ncam_nlb_565373298edr_f0670650ncam12753m1,test_msl,big_rock,iou,,0,0,37349
segformer__pretrained__mit-b0__in_rover__seed1414__gpu_full__22d89713__gitc188b320__codebebd8b2d__20260711T152946214899Z,msl_ncam_nlb_565373298edr_f0670650ncam12753m1,test_msl,ALL,pixel_acc,0.8427267128972663,0,0,37349
segformer__pretrained__mit-b0__in_rover__seed1414__gpu_full__22d89713__gitc188b320__codebebd8b2d__20260711T152946214899Z,msl_ncam_nlb_565373298edr_f0670650ncam12753m1,test_msl,ALL,boundary_f1,0.6149324114273591,0,0,37349
segformer__pretrained__mit-b0__in_rover__seed1414__gpu_full__22d89713__gitc188b320__codebebd8b2d__20260711T152946214899Z,msl_ncam_nlb_565373360edr_f0670650ncam12753m1,test_msl,soil,iou,0.9999312872194228,43657,43660,50543
segformer__pretrained__mit-b0__in_rover__seed1414__gpu_full__22d89713__gitc188b320__codebebd8b2d__20260711T152946214899Z,msl_ncam_nlb_565373360edr_f0670650ncam12753m1,test_msl,bedrock,iou,0.9995643334301482,6883,6886,50543
segformer__pretrained__mit-b0__in_rover__seed1414__gpu_full__22d89713__gitc188b320__codebebd8b2d__20260711T152946214899Z,msl_ncam_nlb_565373360edr_f0670650ncam12753m1,test_msl,sand,iou,,0,0,50543
segformer__pretrained__mit-b0__in_rover__seed1414__gpu_full__22d89713__gitc188b320__codebebd8b2d__20260711T152946214899Z,msl_ncam_nlb_565373360edr_f0670650ncam12753m1,test_msl,big_rock,iou,,0,0,50543
segformer__pretrained__mit-b0__in_rover__seed1414__gpu_full__22d89713__gitc188b320__codebebd8b2d__20260711T152946214899Z,msl_ncam_nlb_565373360edr_f0670650ncam12753m1,test_msl,ALL,pixel_acc,0.9999406445996478,0,0,50543
segformer__pretrained__mit-b0__in_rover__seed1414__gpu_full__22d89713__gitc188b320__codebebd8b2d__20260711T152946214899Z,msl_ncam_nlb_565373360edr_f0670650ncam12753m1,test_msl,ALL,boundary_f1,0.999412915851272,0,0,50543
segformer__pretrained__mit-b0__in_rover__seed1414__gpu_full__22d89713__gitc188b320__codebebd8b2d__20260711T152946214899Z,msl_ncam_nlb_565373417edr_f0670650ncam12753m1,test_msl,soil,iou,0.9456890219786429,66951,70796,70796
segformer__pretrained__mit-b0__in_rover__seed1414__gpu_full__22d89713__gitc188b320__codebebd8b2d__20260711T152946214899Z,msl_ncam_nlb_565373417edr_f0670650ncam12753m1,test_msl,bedrock,iou,0.0,0,3845,70796
segformer__pretrained__mit-b0__in_rover__seed1414__gpu_full__22d89713__gitc188b320__codebebd8b2d__20260711T152946214899Z,msl_ncam_nlb_565373417edr_f0670650ncam12753m1,test_msl,sand,iou,,0,0,70796
segformer__pretrained__mit-b0__in_rover__seed1414__gpu_full__22d89713__gitc188b320__codebebd8b2d__20260711T152946214899Z,msl_ncam_nlb_565373417edr_f0670650ncam12753m1,test_msl,big_rock,iou,,0,0,70796
segformer__pretrained__mit-b0__in_rover__seed1414__gpu_full__22d89713__gitc188b320__codebebd8b2d__20260711T152946214899Z,msl_ncam_nlb_565373417edr_f0670650ncam12753m1,test_msl,ALL,pixel_acc,0.9456890219786429,0,0,70796
segformer__pretrained__mit-b0__in_rover__seed1414__gpu_full__22d89713__gitc188b320__codebebd8b2d__20260711T152946214899Z,msl_ncam_nlb_565373417edr_f0670650ncam12753m1,test_msl,ALL,boundary_f1,0.46806459387804294,0,0,70796
segformer__pretrained__mit-b0__in_rover__seed1414__gpu_full__22d89713__gitc188b320__codebebd8b2d__20260711T152946214899Z,msl_ncam_nlb_565373904edr_f0670650ccam15903m1,test_msl,soil,iou,,0,0,0
segformer__pretrained__mit-b0__in_rover__seed1414__gpu_full__22d89713__gitc188b320__codebebd8b2d__20260711T152946214899Z,msl_ncam_nlb_565373904edr_f0670650ccam15903m1,test_msl,bedrock,iou,,0,0,0
segformer__pretrained__mit-b0__in_rover__seed1414__gpu_full__22d89713__gitc188b320__codebebd8b2d__20260711T152946214899Z,msl_ncam_nlb_565373904edr_f0670650ccam15903m1,test_msl,sand,iou,,0,0,0
segformer__pretrained__mit-b0__in_rover__seed1414__gpu_full__22d89713__gitc188b320__codebebd8b2d__20260711T152946214899Z,msl_ncam_nlb_565373904edr_f0670650ccam15903m1,test_msl,big_rock,iou,,0,0,0
segformer__pretrained__mit-b0__in_rover__seed1414__gpu_full__22d89713__gitc188b320__codebebd8b2d__20260711T152946214899Z,msl_ncam_nlb_565373904edr_f0670650ccam15903m1,test_msl,ALL,pixel_acc,,0,0,0
segformer__pretrained__mit-b0__in_rover__seed1414__gpu_full__22d89713__gitc188b320__codebebd8b2d__20260711T152946214899Z,msl_ncam_nlb_565373904edr_f0670650ccam15903m1,test_msl,ALL,boundary_f1,,0,0,0
segformer__pretrained__mit-b0__in_rover__seed1414__gpu_full__22d89713__gitc188b320__codebebd8b2d__20260711T152946214899Z,msl_ncam_nlb_565810401edr_f0670962ncam00386m1,test_msl,soil,iou,1.0,251102,251102,251102
segformer__pretrained__mit-b0__in_rover__seed1414__gpu_full__22d89713__gitc188b320__codebebd8b2d__20260711T152946214899Z,msl_ncam_nlb_565810401edr_f0670962ncam00386m1,test_msl,bedrock,iou,,0,0,251102
segformer__pretrained__mit-b0__in_rover__seed1414__gpu_full__22d89713__gitc188b320__codebebd8b2d__20260711T152946214899Z,msl_ncam_nlb_565810401edr_f0670962ncam00386m1,test_msl,sand,iou,,0,0,251102
segformer__pretrained__mit-b0__in_rover__seed1414__gpu_full__22d89713__gitc188b320__codebebd8b2d__20260711T152946214899Z,msl_ncam_nlb_565810401edr_f0670962ncam00386m1,test_msl,big_rock,iou,,0,0,251102
segformer__pretrained__mit-b0__in_rover__seed1414__gpu_full__22d89713__gitc188b320__codebebd8b2d__20260711T152946214899Z,msl_ncam_nlb_565810401edr_f0670962ncam00386m1,test_msl,ALL,pixel_acc,1.0,0,0,251102
segformer__pretrained__mit-b0__in_rover__seed1414__gpu_full__22d89713__gitc188b320__codebebd8b2d__20260711T152946214899Z,msl_ncam_nlb_565810401edr_f0670962ncam00386m1,test_msl,ALL,boundary_f1,1.0,0,0,251102
segformer__pretrained__mit-b0__in_rover__seed1414__gpu_full__22d89713__gitc188b320__codebebd8b2d__20260711T152946214899Z,msl_ncam_nlb_565811189edr_f0671016ncam00353m1,test_msl,soil,iou,,0,0,0
segformer__pretrained__mit-b0__in_rover__seed1414__gpu_full__22d89713__gitc188b320__codebebd8b2d__20260711T152946214899Z,msl_ncam_nlb_565811189edr_f0671016ncam00353m1,test_msl,bedrock,iou,,0,0,0
segformer__pretrained__mit-b0__in_rover__seed1414__gpu_full__22d89713__gitc188b320__codebebd8b2d__20260711T152946214899Z,msl_ncam_nlb_565811189edr_f0671016ncam00353m1,test_msl,sand,iou,,0,0,0
segformer__pretrained__mit-b0__in_rover__seed1414__gpu_full__22d89713__gitc188b320__codebebd8b2d__20260711T152946214899Z,msl_ncam_nlb_565811189edr_f0671016ncam00353m1,test_msl,big_rock,iou,,0,0,0
segformer__pretrained__mit-b0__in_rover__seed1414__gpu_full__22d89713__gitc188b320__codebebd8b2d__20260711T152946214899Z,msl_ncam_nlb_565811189edr_f0671016ncam00353m1,test_msl,ALL,pixel_acc,,0,0,0
segformer__pretrained__mit-b0__in_rover__seed1414__gpu_full__22d89713__gitc188b320__codebebd8b2d__20260711T152946214899Z,msl_ncam_nlb_565811189edr_f0671016ncam00353m1,test_msl,ALL,boundary_f1,,0,0,0
segformer__pretrained__mit-b0__in_rover__seed1414__gpu_full__22d89713__gitc188b320__codebebd8b2d__20260711T152946214899Z,msl_ncam_nlb_565811345edr_f0671016ncam00261m1,test_msl,soil,iou,1.0,108477,108477,108477
segformer__pretrained__mit-b0__in_rover__seed1414__gpu_full__22d89713__gitc188b320__codebebd8b2d__20260711T152946214899Z,msl_ncam_nlb_565811345edr_f0671016ncam00261m1,test_msl,bedrock,iou,,0,0,108477
segformer__pretrained__mit-b0__in_rover__seed1414__gpu_full__22d89713__gitc188b320__codebebd8b2d__20260711T152946214899Z,msl_ncam_nlb_565811345edr_f0671016ncam00261m1,test_msl,sand,iou,,0,0,108477
segformer__pretrained__mit-b0__in_rover__seed1414__gpu_full__22d89713__gitc188b320__codebebd8b2d__20260711T152946214899Z,msl_ncam_nlb_565811345edr_f0671016ncam00261m1,test_msl,big_rock,iou,,0,0,108477
segformer__pretrained__mit-b0__in_rover__seed1414__gpu_full__22d89713__gitc188b320__codebebd8b2d__20260711T152946214899Z,msl_ncam_nlb_565811345edr_f0671016ncam00261m1,test_msl,ALL,pixel_acc,1.0,0,0,108477
segformer__pretrained__mit-b0__in_rover__seed1414__gpu_full__22d89713__gitc188b320__codebebd8b2d__20260711T152946214899Z,msl_ncam_nlb_565811345edr_f0671016ncam00261m1,test_msl,ALL,boundary_f1,1.0,0,0,108477
segformer__pretrained__mit-b0__in_rover__seed1414__gpu_full__22d89713__gitc188b320__codebebd8b2d__20260711T152946214899Z,msl_ncam_nlb_565811572edr_f0671016ncam00261m1,test_msl,soil,iou,0.9899683603201191,106382,107460,107460
segformer__pretrained__mit-b0__in_rover__seed1414__gpu_full__22d89713__gitc188b320__codebebd8b2d__20260711T152946214899Z,msl_ncam_nlb_565811572edr_f0671016ncam00261m1,test_msl,bedrock,iou,0.0,0,1078,107460
segformer__pretrained__mit-b0__in_rover__seed1414__gpu_full__22d89713__gitc188b320__codebebd8b2d__20260711T152946214899Z,msl_ncam_nlb_565811572edr_f0671016ncam00261m1,test_msl,sand,iou,,0,0,107460
segformer__pretrained__mit-b0__in_rover__seed1414__gpu_full__22d89713__gitc188b320__codebebd8b2d__20260711T152946214899Z,msl_ncam_nlb_565811572edr_f0671016ncam00261m1,test_msl,big_rock,iou,,0,0,107460
segformer__pretrained__mit-b0__in_rover__seed1414__gpu_full__22d89713__gitc188b320__codebebd8b2d__20260711T152946214899Z,msl_ncam_nlb_565811572edr_f0671016ncam00261m1,test_msl,ALL,pixel_acc,0.9899683603201191,0,0,107460
segformer__pretrained__mit-b0__in_rover__seed1414__gpu_full__22d89713__gitc188b320__codebebd8b2d__20260711T152946214899Z,msl_ncam_nlb_565811572edr_f0671016ncam00261m1,test_msl,ALL,boundary_f1,0.4807649043869516,0,0,107460
segformer__pretrained__mit-b0__in_rover__seed1414__gpu_full__22d89713__gitc188b320__codebebd8b2d__20260711T152946214899Z,msl_ncam_nlb_565811686edr_f0671016ncam00261m1,test_msl,soil,iou,1.0,54790,54790,54790
segformer__pretrained__mit-b0__in_rover__seed1414__gpu_full__22d89713__gitc188b320__codebebd8b2d__20260711T152946214899Z,msl_ncam_nlb_565811686edr_f0671016ncam00261m1,test_msl,bedrock,iou,,0,0,54790
segformer__pretrained__mit-b0__in_rover__seed1414__gpu_full__22d89713__gitc188b320__codebebd8b2d__20260711T152946214899Z,msl_ncam_nlb_565811686edr_f0671016ncam00261m1,test_msl,sand,iou,,0,0,54790
segformer__pretrained__mit-b0__in_rover__seed1414__gpu_full__22d89713__gitc188b320__codebebd8b2d__20260711T152946214899Z,msl_ncam_nlb_565811686edr_f0671016ncam00261m1,test_msl,big_rock,iou,,0,0,54790
segformer__pretrained__mit-b0__in_rover__seed1414__gpu_full__22d89713__gitc188b320__codebebd8b2d__20260711T152946214899Z,msl_ncam_nlb_565811686edr_f0671016ncam00261m1,test_msl,ALL,pixel_acc,1.0,0,0,54790
segformer__pretrained__mit-b0__in_rover__seed1414__gpu_full__22d89713__gitc188b320__codebebd8b2d__20260711T152946214899Z,msl_ncam_nlb_565811686edr_f0671016ncam00261m1,test_msl,ALL,boundary_f1,1.0,0,0,54790
segformer__pretrained__mit-b0__in_rover__seed1414__gpu_full__22d89713__gitc188b320__codebebd8b2d__20260711T152946214899Z,msl_ncam_nlb_565812047edr_f0671016ncam00312m1,test_msl,soil,iou,1.0,188747,188747,188747
segformer__pretrained__mit-b0__in_rover__seed1414__gpu_full__22d89713__gitc188b320__codebebd8b2d__20260711T152946214899Z,msl_ncam_nlb_565812047edr_f0671016ncam00312m1,test_msl,bedrock,iou,,0,0,188747
segformer__pretrained__mit-b0__in_rover__seed1414__gpu_full__22d89713__gitc188b320__codebebd8b2d__20260711T152946214899Z,msl_ncam_nlb_565812047edr_f0671016ncam00312m1,test_msl,sand,iou,,0,0,188747
segformer__pretrained__mit-b0__in_rover__seed1414__gpu_full__22d89713__gitc188b320__codebebd8b2d__20260711T152946214899Z,msl_ncam_nlb_565812047edr_f0671016ncam00312m1,test_msl,big_rock,iou,,0,0,188747
segformer__pretrained__mit-b0__in_rover__seed1414__gpu_full__22d89713__gitc188b320__codebebd8b2d__20260711T152946214899Z,msl_ncam_nlb_565812047edr_f0671016ncam00312m1,test_msl,ALL,pixel_acc,1.0,0,0,188747
segformer__pretrained__mit-b0__in_rover__seed1414__gpu_full__22d89713__gitc188b320__codebebd8b2d__20260711T152946214899Z,msl_ncam_nlb_565812047edr_f0671016ncam00312m1,test_msl,ALL,boundary_f1,1.0,0,0,188747
segformer__pretrained__mit-b0__in_rover__seed1414__gpu_full__22d89713__gitc188b320__codebebd8b2d__20260711T152946214899Z,msl_ncam_nlb_570072657edr_f0672848ncam00385m1,test_msl,soil,iou,,0,0,0
segformer__pretrained__mit-b0__in_rover__seed1414__gpu_full__22d89713__gitc188b320__codebebd8b2d__20260711T152946214899Z,msl_ncam_nlb_570072657edr_f0672848ncam00385m1,test_msl,bedrock,iou,,0,0,0
segformer__pretrained__mit-b0__in_rover__seed1414__gpu_full__22d89713__gitc188b320__codebebd8b2d__20260711T152946214899Z,msl_ncam_nlb_570072657edr_f0672848ncam00385m1,test_msl,sand,iou,,0,0,0
segformer__pretrained__mit-b0__in_rover__seed1414__gpu_full__22d89713__gitc188b320__codebebd8b2d__20260711T152946214899Z,msl_ncam_nlb_570072657edr_f0672848ncam00385m1,test_msl,big_rock,iou,,0,0,0
segformer__pretrained__mit-b0__in_rover__seed1414__gpu_full__22d89713__gitc188b320__codebebd8b2d__20260711T152946214899Z,msl_ncam_nlb_570072657edr_f0672848ncam00385m1,test_msl,ALL,pixel_acc,,0,0,0
segformer__pretrained__mit-b0__in_rover__seed1414__gpu_full__22d89713__gitc188b320__codebebd8b2d__20260711T152946214899Z,msl_ncam_nlb_570072657edr_f0672848ncam00385m1,test_msl,ALL,boundary_f1,,0,0,0
segformer__pretrained__mit-b0__in_rover__seed1414__gpu_full__22d89713__gitc188b320__codebebd8b2d__20260711T152946214899Z,msl_ncam_nlb_570073321edr_f0672884ncam00375m1,test_msl,soil,iou,1.0,148527,148527,148527
segformer__pretrained__mit-b0__in_rover__seed1414__gpu_full__22d89713__gitc188b320__codebebd8b2d__20260711T152946214899Z,msl_ncam_nlb_570073321edr_f0672884ncam00375m1,test_msl,bedrock,iou,,0,0,148527
segformer__pretrained__mit-b0__in_rover__seed1414__gpu_full__22d89713__gitc188b320__codebebd8b2d__20260711T152946214899Z,msl_ncam_nlb_570073321edr_f0672884ncam00375m1,test_msl,sand,iou,,0,0,148527
segformer__pretrained__mit-b0__in_rover__seed1414__gpu_full__22d89713__gitc188b320__codebebd8b2d__20260711T152946214899Z,msl_ncam_nlb_570073321edr_f0672884ncam00375m1,test_msl,big_rock,iou,,0,0,148527
segformer__pretrained__mit-b0__in_rover__seed1414__gpu_full__22d89713__gitc188b320__codebebd8b2d__20260711T152946214899Z,msl_ncam_nlb_570073321edr_f0672884ncam00375m1,test_msl,ALL,pixel_acc,1.0,0,0,148527
segformer__pretrained__mit-b0__in_rover__seed1414__gpu_full__22d89713__gitc188b320__codebebd8b2d__20260711T152946214899Z,msl_ncam_nlb_570073321edr_f0672884ncam00375m1,test_msl,ALL,boundary_f1,1.0,0,0,148527
segformer__pretrained__mit-b0__in_rover__seed1414__gpu_full__22d89713__gitc188b320__codebebd8b2d__20260711T152946214899Z,msl_ncam_nlb_570073400edr_f0672884ncam00284m1,test_msl,soil,iou,1.0,141607,141607,141607
segformer__pretrained__mit-b0__in_rover__seed1414__gpu_full__22d89713__gitc188b320__codebebd8b2d__20260711T152946214899Z,msl_ncam_nlb_570073400edr_f0672884ncam00284m1,test_msl,bedrock,iou,,0,0,141607
segformer__pretrained__mit-b0__in_rover__seed1414__gpu_full__22d89713__gitc188b320__codebebd8b2d__20260711T152946214899Z,msl_ncam_nlb_570073400edr_f0672884ncam00284m1,test_msl,sand,iou,,0,0,141607
segformer__pretrained__mit-b0__in_rover__seed1414__gpu_full__22d89713__gitc188b320__codebebd8b2d__20260711T152946214899Z,msl_ncam_nlb_570073400edr_f0672884ncam00284m1,test_msl,big_rock,iou,,0,0,141607
segformer__pretrained__mit-b0__in_rover__seed1414__gpu_full__22d89713__gitc188b320__codebebd8b2d__20260711T152946214899Z,msl_ncam_nlb_570073400edr_f0672884ncam00284m1,test_msl,ALL,pixel_acc,1.0,0,0,141607
segformer__pretrained__mit-b0__in_rover__seed1414__gpu_full__22d89713__gitc188b320__codebebd8b2d__20260711T152946214899Z,msl_ncam_nlb_570073400edr_f0672884ncam00284m1,test_msl,ALL,boundary_f1,1.0,0,0,141607
segformer__pretrained__mit-b0__in_rover__seed1414__gpu_full__22d89713__gitc188b320__codebebd8b2d__20260711T152946214899Z,msl_ncam_nlb_570073456edr_f0672884ncam00284m1,test_msl,soil,iou,0.9921547518152873,86629,87314,96552
segformer__pretrained__mit-b0__in_rover__seed1414__gpu_full__22d89713__gitc188b320__codebebd8b2d__20260711T152946214899Z,msl_ncam_nlb_570073456edr_f0672884ncam00284m1,test_msl,bedrock,iou,0.9309684571198227,9238,9923,96552
segformer__pretrained__mit-b0__in_rover__seed1414__gpu_full__22d89713__gitc188b320__codebebd8b2d__20260711T152946214899Z,msl_ncam_nlb_570073456edr_f0672884ncam00284m1,test_msl,sand,iou,,0,0,96552
segformer__pretrained__mit-b0__in_rover__seed1414__gpu_full__22d89713__gitc188b320__codebebd8b2d__20260711T152946214899Z,msl_ncam_nlb_570073456edr_f0672884ncam00284m1,test_msl,big_rock,iou,,0,0,96552
segformer__pretrained__mit-b0__in_rover__seed1414__gpu_full__22d89713__gitc188b320__codebebd8b2d__20260711T152946214899Z,msl_ncam_nlb_570073456edr_f0672884ncam00284m1,test_msl,ALL,pixel_acc,0.9929053774132074,0,0,96552
segformer__pretrained__mit-b0__in_rover__seed1414__gpu_full__22d89713__gitc188b320__codebebd8b2d__20260711T152946214899Z,msl_ncam_nlb_570073456edr_f0672884ncam00284m1,test_msl,ALL,boundary_f1,0.9154866998874274,0,0,96552
segformer__pretrained__mit-b0__in_rover__seed1414__gpu_full__22d89713__gitc188b320__codebebd8b2d__20260711T152946214899Z,msl_ncam_nlb_570074025edr_f0672884ncam00285m1,test_msl,soil,iou,0.9802215189873418,18585,18960,105810
segformer__pretrained__mit-b0__in_rover__seed1414__gpu_full__22d89713__gitc188b320__codebebd8b2d__20260711T152946214899Z,msl_ncam_nlb_570074025edr_f0672884ncam00285m1,test_msl,bedrock,iou,0.9957007738607051,86850,87225,105810
segformer__pretrained__mit-b0__in_rover__seed1414__gpu_full__22d89713__gitc188b320__codebebd8b2d__20260711T152946214899Z,msl_ncam_nlb_570074025edr_f0672884ncam00285m1,test_msl,sand,iou,,0,0,105810
segformer__pretrained__mit-b0__in_rover__seed1414__gpu_full__22d89713__gitc188b320__codebebd8b2d__20260711T152946214899Z,msl_ncam_nlb_570074025edr_f0672884ncam00285m1,test_msl,big_rock,iou,,0,0,105810
segformer__pretrained__mit-b0__in_rover__seed1414__gpu_full__22d89713__gitc188b320__codebebd8b2d__20260711T152946214899Z,msl_ncam_nlb_570074025edr_f0672884ncam00285m1,test_msl,ALL,pixel_acc,0.996455911539552,0,0,105810
segformer__pretrained__mit-b0__in_rover__seed1414__gpu_full__22d89713__gitc188b320__codebebd8b2d__20260711T152946214899Z,msl_ncam_nlb_570074025edr_f0672884ncam00285m1,test_msl,ALL,boundary_f1,0.9492084599969393,0,0,105810
segformer__pretrained__mit-b0__in_rover__seed1414__gpu_full__22d89713__gitc188b320__codebebd8b2d__20260711T152946214899Z,msl_ncam_nlb_570074144edr_f0672884ncam00285m1,test_msl,soil,iou,0.0,0,7,14959
segformer__pretrained__mit-b0__in_rover__seed1414__gpu_full__22d89713__gitc188b320__codebebd8b2d__20260711T152946214899Z,msl_ncam_nlb_570074144edr_f0672884ncam00285m1,test_msl,bedrock,iou,0.9995320542817033,14952,14959,14959
segformer__pretrained__mit-b0__in_rover__seed1414__gpu_full__22d89713__gitc188b320__codebebd8b2d__20260711T152946214899Z,msl_ncam_nlb_570074144edr_f0672884ncam00285m1,test_msl,sand,iou,,0,0,14959
segformer__pretrained__mit-b0__in_rover__seed1414__gpu_full__22d89713__gitc188b320__codebebd8b2d__20260711T152946214899Z,msl_ncam_nlb_570074144edr_f0672884ncam00285m1,test_msl,big_rock,iou,,0,0,14959
segformer__pretrained__mit-b0__in_rover__seed1414__gpu_full__22d89713__gitc188b320__codebebd8b2d__20260711T152946214899Z,msl_ncam_nlb_570074144edr_f0672884ncam00285m1,test_msl,ALL,pixel_acc,0.9995320542817033,0,0,14959
segformer__pretrained__mit-b0__in_rover__seed1414__gpu_full__22d89713__gitc188b320__codebebd8b2d__20260711T152946214899Z,msl_ncam_nlb_570074144edr_f0672884ncam00285m1,test_msl,ALL,boundary_f1,0.49875156054931336,0,0,14959
segformer__pretrained__mit-b0__in_rover__seed1414__gpu_full__22d89713__gitc188b320__codebebd8b2d__20260711T152946214899Z,msl_ncam_nlb_570074258edr_f0672884ncam00285m1,test_msl,soil,iou,0.9976908644826094,89869,90077,90077
segformer__pretrained__mit-b0__in_rover__seed1414__gpu_full__22d89713__gitc188b320__codebebd8b2d__20260711T152946214899Z,msl_ncam_nlb_570074258edr_f0672884ncam00285m1,test_msl,bedrock,iou,,0,0,90077
segformer__pretrained__mit-b0__in_rover__seed1414__gpu_full__22d89713__gitc188b320__codebebd8b2d__20260711T152946214899Z,msl_ncam_nlb_570074258edr_f0672884ncam00285m1,test_msl,sand,iou,0.0,0,208,90077
segformer__pretrained__mit-b0__in_rover__seed1414__gpu_full__22d89713__gitc188b320__codebebd8b2d__20260711T152946214899Z,msl_ncam_nlb_570074258edr_f0672884ncam00285m1,test_msl,big_rock,iou,,0,0,90077
segformer__pretrained__mit-b0__in_rover__seed1414__gpu_full__22d89713__gitc188b320__codebebd8b2d__20260711T152946214899Z,msl_ncam_nlb_570074258edr_f0672884ncam00285m1,test_msl,ALL,pixel_acc,0.9976908644826094,0,0,90077
segformer__pretrained__mit-b0__in_rover__seed1414__gpu_full__22d89713__gitc188b320__codebebd8b2d__20260711T152946214899Z,msl_ncam_nlb_570074258edr_f0672884ncam00285m1,test_msl,ALL,boundary_f1,0.4938548705800155,0,0,90077
segformer__pretrained__mit-b0__in_rover__seed1414__gpu_full__22d89713__gitc188b320__codebebd8b2d__20260711T152946214899Z,msl_ncam_nlb_574061102edr_f0681232ncam00320m1,test_msl,soil,iou,1.0,26670,26670,26670
segformer__pretrained__mit-b0__in_rover__seed1414__gpu_full__22d89713__gitc188b320__codebebd8b2d__20260711T152946214899Z,msl_ncam_nlb_574061102edr_f0681232ncam00320m1,test_msl,bedrock,iou,,0,0,26670
segformer__pretrained__mit-b0__in_rover__seed1414__gpu_full__22d89713__gitc188b320__codebebd8b2d__20260711T152946214899Z,msl_ncam_nlb_574061102edr_f0681232ncam00320m1,test_msl,sand,iou,,0,0,26670
segformer__pretrained__mit-b0__in_rover__seed1414__gpu_full__22d89713__gitc188b320__codebebd8b2d__20260711T152946214899Z,msl_ncam_nlb_574061102edr_f0681232ncam00320m1,test_msl,big_rock,iou,,0,0,26670
segformer__pretrained__mit-b0__in_rover__seed1414__gpu_full__22d89713__gitc188b320__codebebd8b2d__20260711T152946214899Z,msl_ncam_nlb_574061102edr_f0681232ncam00320m1,test_msl,ALL,pixel_acc,1.0,0,0,26670
segformer__pretrained__mit-b0__in_rover__seed1414__gpu_full__22d89713__gitc188b320__codebebd8b2d__20260711T152946214899Z,msl_ncam_nlb_574061102edr_f0681232ncam00320m1,test_msl,ALL,boundary_f1,1.0,0,0,26670
segformer__pretrained__mit-b0__in_rover__seed1414__gpu_full__22d89713__gitc188b320__codebebd8b2d__20260711T152946214899Z,msl_ncam_nlb_574071379edr_f0681556ncam00379m1,test_msl,soil,iou,0.9819060874661197,13404,13651,116837
segformer__pretrained__mit-b0__in_rover__seed1414__gpu_full__22d89713__gitc188b320__codebebd8b2d__20260711T152946214899Z,msl_ncam_nlb_574071379edr_f0681556ncam00379m1,test_msl,bedrock,iou,0.9976119807024837,103186,103433,116837
segformer__pretrained__mit-b0__in_rover__seed1414__gpu_full__22d89713__gitc188b320__codebebd8b2d__20260711T152946214899Z,msl_ncam_nlb_574071379edr_f0681556ncam00379m1,test_msl,sand,iou,,0,0,116837
segformer__pretrained__mit-b0__in_rover__seed1414__gpu_full__22d89713__gitc188b320__codebebd8b2d__20260711T152946214899Z,msl_ncam_nlb_574071379edr_f0681556ncam00379m1,test_msl,big_rock,iou,,0,0,116837
segformer__pretrained__mit-b0__in_rover__seed1414__gpu_full__22d89713__gitc188b320__codebebd8b2d__20260711T152946214899Z,msl_ncam_nlb_574071379edr_f0681556ncam00379m1,test_msl,ALL,pixel_acc,0.9978859436651061,0,0,116837
segformer__pretrained__mit-b0__in_rover__seed1414__gpu_full__22d89713__gitc188b320__codebebd8b2d__20260711T152946214899Z,msl_ncam_nlb_574071379edr_f0681556ncam00379m1,test_msl,ALL,boundary_f1,0.9680194607390903,0,0,116837
segformer__pretrained__mit-b0__in_rover__seed1414__gpu_full__22d89713__gitc188b320__codebebd8b2d__20260711T152946214899Z,msl_ncam_nlb_574072088edr_f0681616ncam00257m1,test_msl,soil,iou,,0,0,0
segformer__pretrained__mit-b0__in_rover__seed1414__gpu_full__22d89713__gitc188b320__codebebd8b2d__20260711T152946214899Z,msl_ncam_nlb_574072088edr_f0681616ncam00257m1,test_msl,bedrock,iou,,0,0,0
segformer__pretrained__mit-b0__in_rover__seed1414__gpu_full__22d89713__gitc188b320__codebebd8b2d__20260711T152946214899Z,msl_ncam_nlb_574072088edr_f0681616ncam00257m1,test_msl,sand,iou,,0,0,0
segformer__pretrained__mit-b0__in_rover__seed1414__gpu_full__22d89713__gitc188b320__codebebd8b2d__20260711T152946214899Z,msl_ncam_nlb_574072088edr_f0681616ncam00257m1,test_msl,big_rock,iou,,0,0,0
segformer__pretrained__mit-b0__in_rover__seed1414__gpu_full__22d89713__gitc188b320__codebebd8b2d__20260711T152946214899Z,msl_ncam_nlb_574072088edr_f0681616ncam00257m1,test_msl,ALL,pixel_acc,,0,0,0
segformer__pretrained__mit-b0__in_rover__seed1414__gpu_full__22d89713__gitc188b320__codebebd8b2d__20260711T152946214899Z,msl_ncam_nlb_574072088edr_f0681616ncam00257m1,test_msl,ALL,boundary_f1,,0,0,0
segformer__pretrained__mit-b0__in_rover__seed1414__gpu_full__22d89713__gitc188b320__codebebd8b2d__20260711T152946214899Z,msl_ncam_nlb_574078028edr_f0681626ncam00256m1,test_msl,soil,iou,,0,0,0
segformer__pretrained__mit-b0__in_rover__seed1414__gpu_full__22d89713__gitc188b320__codebebd8b2d__20260711T152946214899Z,msl_ncam_nlb_574078028edr_f0681626ncam00256m1,test_msl,bedrock,iou,,0,0,0
segformer__pretrained__mit-b0__in_rover__seed1414__gpu_full__22d89713__gitc188b320__codebebd8b2d__20260711T152946214899Z,msl_ncam_nlb_574078028edr_f0681626ncam00256m1,test_msl,sand,iou,,0,0,0
segformer__pretrained__mit-b0__in_rover__seed1414__gpu_full__22d89713__gitc188b320__codebebd8b2d__20260711T152946214899Z,msl_ncam_nlb_574078028edr_f0681626ncam00256m1,test_msl,big_rock,iou,,0,0,0
segformer__pretrained__mit-b0__in_rover__seed1414__gpu_full__22d89713__gitc188b320__codebebd8b2d__20260711T152946214899Z,msl_ncam_nlb_574078028edr_f0681626ncam00256m1,test_msl,ALL,pixel_acc,,0,0,0
segformer__pretrained__mit-b0__in_rover__seed1414__gpu_full__22d89713__gitc188b320__codebebd8b2d__20260711T152946214899Z,msl_ncam_nlb_574078028edr_f0681626ncam00256m1,test_msl,ALL,boundary_f1,,0,0,0
segformer__pretrained__mit-b0__in_rover__seed1414__gpu_full__22d89713__gitc188b320__codebebd8b2d__20260711T152946214899Z,msl_ncam_nlb_574078090edr_f0681626ncam00256m1,test_msl,soil,iou,1.0,2992,2992,2992
segformer__pretrained__mit-b0__in_rover__seed1414__gpu_full__22d89713__gitc188b320__codebebd8b2d__20260711T152946214899Z,msl_ncam_nlb_574078090edr_f0681626ncam00256m1,test_msl,bedrock,iou,,0,0,2992
segformer__pretrained__mit-b0__in_rover__seed1414__gpu_full__22d89713__gitc188b320__codebebd8b2d__20260711T152946214899Z,msl_ncam_nlb_574078090edr_f0681626ncam00256m1,test_msl,sand,iou,,0,0,2992
segformer__pretrained__mit-b0__in_rover__seed1414__gpu_full__22d89713__gitc188b320__codebebd8b2d__20260711T152946214899Z,msl_ncam_nlb_574078090edr_f0681626ncam00256m1,test_msl,big_rock,iou,,0,0,2992
segformer__pretrained__mit-b0__in_rover__seed1414__gpu_full__22d89713__gitc188b320__codebebd8b2d__20260711T152946214899Z,msl_ncam_nlb_574078090edr_f0681626ncam00256m1,test_msl,ALL,pixel_acc,1.0,0,0,2992
segformer__pretrained__mit-b0__in_rover__seed1414__gpu_full__22d89713__gitc188b320__codebebd8b2d__20260711T152946214899Z,msl_ncam_nlb_574078090edr_f0681626ncam00256m1,test_msl,ALL,boundary_f1,1.0,0,0,2992
segformer__pretrained__mit-b0__in_rover__seed1414__gpu_full__22d89713__gitc188b320__codebebd8b2d__20260711T152946214899Z,msl_ncam_nlb_574078155edr_f0681626ncam00256m1,test_msl,soil,iou,1.0,31502,31502,31502
segformer__pretrained__mit-b0__in_rover__seed1414__gpu_full__22d89713__gitc188b320__codebebd8b2d__20260711T152946214899Z,msl_ncam_nlb_574078155edr_f0681626ncam00256m1,test_msl,bedrock,iou,,0,0,31502
segformer__pretrained__mit-b0__in_rover__seed1414__gpu_full__22d89713__gitc188b320__codebebd8b2d__20260711T152946214899Z,msl_ncam_nlb_574078155edr_f0681626ncam00256m1,test_msl,sand,iou,,0,0,31502
segformer__pretrained__mit-b0__in_rover__seed1414__gpu_full__22d89713__gitc188b320__codebebd8b2d__20260711T152946214899Z,msl_ncam_nlb_574078155edr_f0681626ncam00256m1,test_msl,big_rock,iou,,0,0,31502
segformer__pretrained__mit-b0__in_rover__seed1414__gpu_full__22d89713__gitc188b320__codebebd8b2d__20260711T152946214899Z,msl_ncam_nlb_574078155edr_f0681626ncam00256m1,test_msl,ALL,pixel_acc,1.0,0,0,31502
segformer__pretrained__mit-b0__in_rover__seed1414__gpu_full__22d89713__gitc188b320__codebebd8b2d__20260711T152946214899Z,msl_ncam_nlb_574078155edr_f0681626ncam00256m1,test_msl,ALL,boundary_f1,1.0,0,0,31502
segformer__pretrained__mit-b0__in_rover__seed1414__gpu_full__22d89713__gitc188b320__codebebd8b2d__20260711T152946214899Z,msl_ncam_nlb_574078440edr_f0681626ncam00354m1,test_msl,soil,iou,,0,0,160997
segformer__pretrained__mit-b0__in_rover__seed1414__gpu_full__22d89713__gitc188b320__codebebd8b2d__20260711T152946214899Z,msl_ncam_nlb_574078440edr_f0681626ncam00354m1,test_msl,bedrock,iou,1.0,160997,160997,160997
segformer__pretrained__mit-b0__in_rover__seed1414__gpu_full__22d89713__gitc188b320__codebebd8b2d__20260711T152946214899Z,msl_ncam_nlb_574078440edr_f0681626ncam00354m1,test_msl,sand,iou,,0,0,160997
segformer__pretrained__mit-b0__in_rover__seed1414__gpu_full__22d89713__gitc188b320__codebebd8b2d__20260711T152946214899Z,msl_ncam_nlb_574078440edr_f0681626ncam00354m1,test_msl,big_rock,iou,,0,0,160997
segformer__pretrained__mit-b0__in_rover__seed1414__gpu_full__22d89713__gitc188b320__codebebd8b2d__20260711T152946214899Z,msl_ncam_nlb_574078440edr_f0681626ncam00354m1,test_msl,ALL,pixel_acc,1.0,0,0,160997
segformer__pretrained__mit-b0__in_rover__seed1414__gpu_full__22d89713__gitc188b320__codebebd8b2d__20260711T152946214899Z,msl_ncam_nlb_574078440edr_f0681626ncam00354m1,test_msl,ALL,boundary_f1,1.0,0,0,160997
segformer__pretrained__mit-b0__in_rover__seed1414__gpu_full__22d89713__gitc188b320__codebebd8b2d__20260711T152946214899Z,msl_ncam_nlb_574078554edr_f0681626ncam00354m1,test_msl,soil,iou,0.9959966525682492,44036,44213,59636
segformer__pretrained__mit-b0__in_rover__seed1414__gpu_full__22d89713__gitc188b320__codebebd8b2d__20260711T152946214899Z,msl_ncam_nlb_574078554edr_f0681626ncam00354m1,test_msl,bedrock,iou,0.9886538461538461,15423,15600,59636
segformer__pretrained__mit-b0__in_rover__seed1414__gpu_full__22d89713__gitc188b320__codebebd8b2d__20260711T152946214899Z,msl_ncam_nlb_574078554edr_f0681626ncam00354m1,test_msl,sand,iou,,0,0,59636
segformer__pretrained__mit-b0__in_rover__seed1414__gpu_full__22d89713__gitc188b320__codebebd8b2d__20260711T152946214899Z,msl_ncam_nlb_574078554edr_f0681626ncam00354m1,test_msl,big_rock,iou,,0,0,59636
segformer__pretrained__mit-b0__in_rover__seed1414__gpu_full__22d89713__gitc188b320__codebebd8b2d__20260711T152946214899Z,msl_ncam_nlb_574078554edr_f0681626ncam00354m1,test_msl,ALL,pixel_acc,0.997031994097525,0,0,59636
segformer__pretrained__mit-b0__in_rover__seed1414__gpu_full__22d89713__gitc188b320__codebebd8b2d__20260711T152946214899Z,msl_ncam_nlb_574078554edr_f0681626ncam00354m1,test_msl,ALL,boundary_f1,0.9693577544630896,0,0,59636
segformer__pretrained__mit-b0__in_rover__seed1414__gpu_full__22d89713__gitc188b320__codebebd8b2d__20260711T152946214899Z,msl_ncam_nlb_574078665edr_f0681626ncam07753m1,test_msl,soil,iou,0.7622133419735753,42344,55554,92466
segformer__pretrained__mit-b0__in_rover__seed1414__gpu_full__22d89713__gitc188b320__codebebd8b2d__20260711T152946214899Z,msl_ncam_nlb_574078665edr_f0681626ncam07753m1,test_msl,bedrock,iou,0.7364430788875145,36912,50122,92466
segformer__pretrained__mit-b0__in_rover__seed1414__gpu_full__22d89713__gitc188b320__codebebd8b2d__20260711T152946214899Z,msl_ncam_nlb_574078665edr_f0681626ncam07753m1,test_msl,sand,iou,,0,0,92466
segformer__pretrained__mit-b0__in_rover__seed1414__gpu_full__22d89713__gitc188b320__codebebd8b2d__20260711T152946214899Z,msl_ncam_nlb_574078665edr_f0681626ncam07753m1,test_msl,big_rock,iou,,0,0,92466
segformer__pretrained__mit-b0__in_rover__seed1414__gpu_full__22d89713__gitc188b320__codebebd8b2d__20260711T152946214899Z,msl_ncam_nlb_574078665edr_f0681626ncam07753m1,test_msl,ALL,pixel_acc,0.857136677265157,0,0,92466
segformer__pretrained__mit-b0__in_rover__seed1414__gpu_full__22d89713__gitc188b320__codebebd8b2d__20260711T152946214899Z,msl_ncam_nlb_574078665edr_f0681626ncam07753m1,test_msl,ALL,boundary_f1,0.6911012629472364,0,0,92466
segformer__pretrained__mit-b0__in_rover__seed1414__gpu_full__22d89713__gitc188b320__codebebd8b2d__20260711T152946214899Z,msl_ncam_nlb_574078735edr_f0681626ncam07753m1,test_msl,soil,iou,0.0,0,1143,13225
segformer__pretrained__mit-b0__in_rover__seed1414__gpu_full__22d89713__gitc188b320__codebebd8b2d__20260711T152946214899Z,msl_ncam_nlb_574078735edr_f0681626ncam07753m1,test_msl,bedrock,iou,0.9135727788279773,12082,13225,13225
segformer__pretrained__mit-b0__in_rover__seed1414__gpu_full__22d89713__gitc188b320__codebebd8b2d__20260711T152946214899Z,msl_ncam_nlb_574078735edr_f0681626ncam07753m1,test_msl,sand,iou,,0,0,13225
segformer__pretrained__mit-b0__in_rover__seed1414__gpu_full__22d89713__gitc188b320__codebebd8b2d__20260711T152946214899Z,msl_ncam_nlb_574078735edr_f0681626ncam07753m1,test_msl,big_rock,iou,,0,0,13225
segformer__pretrained__mit-b0__in_rover__seed1414__gpu_full__22d89713__gitc188b320__codebebd8b2d__20260711T152946214899Z,msl_ncam_nlb_574078735edr_f0681626ncam07753m1,test_msl,ALL,pixel_acc,0.9135727788279773,0,0,13225
segformer__pretrained__mit-b0__in_rover__seed1414__gpu_full__22d89713__gitc188b320__codebebd8b2d__20260711T152946214899Z,msl_ncam_nlb_574078735edr_f0681626ncam07753m1,test_msl,ALL,boundary_f1,0.46237864077669905,0,0,13225
segformer__pretrained__mit-b0__in_rover__seed1414__gpu_full__22d89713__gitc188b320__codebebd8b2d__20260711T152946214899Z,msl_ncam_nlb_577080310edr_f0691768ncam00320m1,test_msl,soil,iou,1.0,118491,118491,118491
segformer__pretrained__mit-b0__in_rover__seed1414__gpu_full__22d89713__gitc188b320__codebebd8b2d__20260711T152946214899Z,msl_ncam_nlb_577080310edr_f0691768ncam00320m1,test_msl,bedrock,iou,,0,0,118491
segformer__pretrained__mit-b0__in_rover__seed1414__gpu_full__22d89713__gitc188b320__codebebd8b2d__20260711T152946214899Z,msl_ncam_nlb_577080310edr_f0691768ncam00320m1,test_msl,sand,iou,,0,0,118491
segformer__pretrained__mit-b0__in_rover__seed1414__gpu_full__22d89713__gitc188b320__codebebd8b2d__20260711T152946214899Z,msl_ncam_nlb_577080310edr_f0691768ncam00320m1,test_msl,big_rock,iou,,0,0,118491
segformer__pretrained__mit-b0__in_rover__seed1414__gpu_full__22d89713__gitc188b320__codebebd8b2d__20260711T152946214899Z,msl_ncam_nlb_577080310edr_f0691768ncam00320m1,test_msl,ALL,pixel_acc,1.0,0,0,118491
segformer__pretrained__mit-b0__in_rover__seed1414__gpu_full__22d89713__gitc188b320__codebebd8b2d__20260711T152946214899Z,msl_ncam_nlb_577080310edr_f0691768ncam00320m1,test_msl,ALL,boundary_f1,1.0,0,0,118491
segformer__pretrained__mit-b0__in_rover__seed1414__gpu_full__22d89713__gitc188b320__codebebd8b2d__20260711T152946214899Z,msl_ncam_nlb_577089308edr_f0691828ncam00379m1,test_msl,soil,iou,,0,0,0
segformer__pretrained__mit-b0__in_rover__seed1414__gpu_full__22d89713__gitc188b320__codebebd8b2d__20260711T152946214899Z,msl_ncam_nlb_577089308edr_f0691828ncam00379m1,test_msl,bedrock,iou,,0,0,0
segformer__pretrained__mit-b0__in_rover__seed1414__gpu_full__22d89713__gitc188b320__codebebd8b2d__20260711T152946214899Z,msl_ncam_nlb_577089308edr_f0691828ncam00379m1,test_msl,sand,iou,,0,0,0
segformer__pretrained__mit-b0__in_rover__seed1414__gpu_full__22d89713__gitc188b320__codebebd8b2d__20260711T152946214899Z,msl_ncam_nlb_577089308edr_f0691828ncam00379m1,test_msl,big_rock,iou,,0,0,0
segformer__pretrained__mit-b0__in_rover__seed1414__gpu_full__22d89713__gitc188b320__codebebd8b2d__20260711T152946214899Z,msl_ncam_nlb_577089308edr_f0691828ncam00379m1,test_msl,ALL,pixel_acc,,0,0,0
segformer__pretrained__mit-b0__in_rover__seed1414__gpu_full__22d89713__gitc188b320__codebebd8b2d__20260711T152946214899Z,msl_ncam_nlb_577089308edr_f0691828ncam00379m1,test_msl,ALL,boundary_f1,,0,0,0
segformer__pretrained__mit-b0__in_rover__seed1414__gpu_full__22d89713__gitc188b320__codebebd8b2d__20260711T152946214899Z,msl_ncam_nlb_577089970edr_f0691858ncam00286m1,test_msl,soil,iou,0.9957026606930602,21780,21874,99131
segformer__pretrained__mit-b0__in_rover__seed1414__gpu_full__22d89713__gitc188b320__codebebd8b2d__20260711T152946214899Z,msl_ncam_nlb_577089970edr_f0691858ncam00286m1,test_msl,bedrock,iou,0.9984789469195121,70239,70346,99131
segformer__pretrained__mit-b0__in_rover__seed1414__gpu_full__22d89713__gitc188b320__codebebd8b2d__20260711T152946214899Z,msl_ncam_nlb_577089970edr_f0691858ncam00286m1,test_msl,sand,iou,0.9981476204046736,7005,7018,99131
segformer__pretrained__mit-b0__in_rover__seed1414__gpu_full__22d89713__gitc188b320__codebebd8b2d__20260711T152946214899Z,msl_ncam_nlb_577089970edr_f0691858ncam00286m1,test_msl,big_rock,iou,,0,0,99131
segformer__pretrained__mit-b0__in_rover__seed1414__gpu_full__22d89713__gitc188b320__codebebd8b2d__20260711T152946214899Z,msl_ncam_nlb_577089970edr_f0691858ncam00286m1,test_msl,ALL,pixel_acc,0.9989206201894463,0,0,99131
segformer__pretrained__mit-b0__in_rover__seed1414__gpu_full__22d89713__gitc188b320__codebebd8b2d__20260711T152946214899Z,msl_ncam_nlb_577089970edr_f0691858ncam00286m1,test_msl,ALL,boundary_f1,0.9835179287332378,0,0,99131
segformer__pretrained__mit-b0__in_rover__seed1414__gpu_full__22d89713__gitc188b320__codebebd8b2d__20260711T152946214899Z,msl_ncam_nlb_577090033edr_f0691858ncam00286m1,test_msl,soil,iou,0.0,0,1144,49689
segformer__pretrained__mit-b0__in_rover__seed1414__gpu_full__22d89713__gitc188b320__codebebd8b2d__20260711T152946214899Z,msl_ncam_nlb_577090033edr_f0691858ncam00286m1,test_msl,bedrock,iou,0.9769767956690616,48545,49689,49689
segformer__pretrained__mit-b0__in_rover__seed1414__gpu_full__22d89713__gitc188b320__codebebd8b2d__20260711T152946214899Z,msl_ncam_nlb_577090033edr_f0691858ncam00286m1,test_msl,sand,iou,,0,0,49689
segformer__pretrained__mit-b0__in_rover__seed1414__gpu_full__22d89713__gitc188b320__codebebd8b2d__20260711T152946214899Z,msl_ncam_nlb_577090033edr_f0691858ncam00286m1,test_msl,big_rock,iou,,0,0,49689
segformer__pretrained__mit-b0__in_rover__seed1414__gpu_full__22d89713__gitc188b320__codebebd8b2d__20260711T152946214899Z,msl_ncam_nlb_577090033edr_f0691858ncam00286m1,test_msl,ALL,pixel_acc,0.9769767956690616,0,0,49689
segformer__pretrained__mit-b0__in_rover__seed1414__gpu_full__22d89713__gitc188b320__codebebd8b2d__20260711T152946214899Z,msl_ncam_nlb_577090033edr_f0691858ncam00286m1,test_msl,ALL,boundary_f1,0.4866857228825034,0,0,49689
segformer__pretrained__mit-b0__in_rover__seed1414__gpu_full__22d89713__gitc188b320__codebebd8b2d__20260711T152946214899Z,msl_ncam_nlb_577090148edr_f0691858ncam00286m1,test_msl,soil,iou,0.0,0,6250,7622
segformer__pretrained__mit-b0__in_rover__seed1414__gpu_full__22d89713__gitc188b320__codebebd8b2d__20260711T152946214899Z,msl_ncam_nlb_577090148edr_f0691858ncam00286m1,test_msl,bedrock,iou,0.180005247966413,1372,7622,7622
segformer__pretrained__mit-b0__in_rover__seed1414__gpu_full__22d89713__gitc188b320__codebebd8b2d__20260711T152946214899Z,msl_ncam_nlb_577090148edr_f0691858ncam00286m1,test_msl,sand,iou,,0,0,7622
segformer__pretrained__mit-b0__in_rover__seed1414__gpu_full__22d89713__gitc188b320__codebebd8b2d__20260711T152946214899Z,msl_ncam_nlb_577090148edr_f0691858ncam00286m1,test_msl,big_rock,iou,,0,0,7622
segformer__pretrained__mit-b0__in_rover__seed1414__gpu_full__22d89713__gitc188b320__codebebd8b2d__20260711T152946214899Z,msl_ncam_nlb_577090148edr_f0691858ncam00286m1,test_msl,ALL,pixel_acc,0.180005247966413,0,0,7622
segformer__pretrained__mit-b0__in_rover__seed1414__gpu_full__22d89713__gitc188b320__codebebd8b2d__20260711T152946214899Z,msl_ncam_nlb_577090148edr_f0691858ncam00286m1,test_msl,ALL,boundary_f1,0.24200426439232411,0,0,7622
segformer__pretrained__mit-b0__in_rover__seed1414__gpu_full__22d89713__gitc188b320__codebebd8b2d__20260711T152946214899Z,msl_ncam_nlb_577090437edr_f0691858ncam00312m1,test_msl,soil,iou,,0,0,91551
segformer__pretrained__mit-b0__in_rover__seed1414__gpu_full__22d89713__gitc188b320__codebebd8b2d__20260711T152946214899Z,msl_ncam_nlb_577090437edr_f0691858ncam00312m1,test_msl,bedrock,iou,,0,0,91551
segformer__pretrained__mit-b0__in_rover__seed1414__gpu_full__22d89713__gitc188b320__codebebd8b2d__20260711T152946214899Z,msl_ncam_nlb_577090437edr_f0691858ncam00312m1,test_msl,sand,iou,1.0,91551,91551,91551
segformer__pretrained__mit-b0__in_rover__seed1414__gpu_full__22d89713__gitc188b320__codebebd8b2d__20260711T152946214899Z,msl_ncam_nlb_577090437edr_f0691858ncam00312m1,test_msl,big_rock,iou,,0,0,91551
segformer__pretrained__mit-b0__in_rover__seed1414__gpu_full__22d89713__gitc188b320__codebebd8b2d__20260711T152946214899Z,msl_ncam_nlb_577090437edr_f0691858ncam00312m1,test_msl,ALL,pixel_acc,1.0,0,0,91551
segformer__pretrained__mit-b0__in_rover__seed1414__gpu_full__22d89713__gitc188b320__codebebd8b2d__20260711T152946214899Z,msl_ncam_nlb_577090437edr_f0691858ncam00312m1,test_msl,ALL,boundary_f1,1.0,0,0,91551
segformer__pretrained__mit-b0__in_rover__seed1414__gpu_full__22d89713__gitc188b320__codebebd8b2d__20260711T152946214899Z,msl_ncam_nlb_577090635edr_f0691858ncam00287m1,test_msl,soil,iou,,0,0,29086
segformer__pretrained__mit-b0__in_rover__seed1414__gpu_full__22d89713__gitc188b320__codebebd8b2d__20260711T152946214899Z,msl_ncam_nlb_577090635edr_f0691858ncam00287m1,test_msl,bedrock,iou,0.5385860766324878,2994,5559,29086
segformer__pretrained__mit-b0__in_rover__seed1414__gpu_full__22d89713__gitc188b320__codebebd8b2d__20260711T152946214899Z,msl_ncam_nlb_577090635edr_f0691858ncam00287m1,test_msl,sand,iou,0.9016940058255404,23527,26092,29086
segformer__pretrained__mit-b0__in_rover__seed1414__gpu_full__22d89713__gitc188b320__codebebd8b2d__20260711T152946214899Z,msl_ncam_nlb_577090635edr_f0691858ncam00287m1,test_msl,big_rock,iou,,0,0,29086
segformer__pretrained__mit-b0__in_rover__seed1414__gpu_full__22d89713__gitc188b320__codebebd8b2d__20260711T152946214899Z,msl_ncam_nlb_577090635edr_f0691858ncam00287m1,test_msl,ALL,pixel_acc,0.911813243484838,0,0,29086
segformer__pretrained__mit-b0__in_rover__seed1414__gpu_full__22d89713__gitc188b320__codebebd8b2d__20260711T152946214899Z,msl_ncam_nlb_577090635edr_f0691858ncam00287m1,test_msl,ALL,boundary_f1,0.8096654830528796,0,0,29086
segformer__pretrained__mit-b0__in_rover__seed1414__gpu_full__22d89713__gitc188b320__codebebd8b2d__20260711T152946214899Z,msl_ncam_nlb_577090699edr_f0691858ncam00287m1,test_msl,soil,iou,,0,0,84812
segformer__pretrained__mit-b0__in_rover__seed1414__gpu_full__22d89713__gitc188b320__codebebd8b2d__20260711T152946214899Z,msl_ncam_nlb_577090699edr_f0691858ncam00287m1,test_msl,bedrock,iou,1.0,3640,3640,84812
segformer__pretrained__mit-b0__in_rover__seed1414__gpu_full__22d89713__gitc188b320__codebebd8b2d__20260711T152946214899Z,msl_ncam_nlb_577090699edr_f0691858ncam00287m1,test_msl,sand,iou,1.0,81172,81172,84812
segformer__pretrained__mit-b0__in_rover__seed1414__gpu_full__22d89713__gitc188b320__codebebd8b2d__20260711T152946214899Z,msl_ncam_nlb_577090699edr_f0691858ncam00287m1,test_msl,big_rock,iou,,0,0,84812
segformer__pretrained__mit-b0__in_rover__seed1414__gpu_full__22d89713__gitc188b320__codebebd8b2d__20260711T152946214899Z,msl_ncam_nlb_577090699edr_f0691858ncam00287m1,test_msl,ALL,pixel_acc,1.0,0,0,84812
segformer__pretrained__mit-b0__in_rover__seed1414__gpu_full__22d89713__gitc188b320__codebebd8b2d__20260711T152946214899Z,msl_ncam_nlb_577090699edr_f0691858ncam00287m1,test_msl,ALL,boundary_f1,1.0,0,0,84812
segformer__pretrained__mit-b0__in_rover__seed1414__gpu_full__22d89713__gitc188b320__codebebd8b2d__20260711T152946214899Z,msl_ncam_nlb_577090763edr_f0691858ncam00287m1,test_msl,soil,iou,1.0,22845,22845,81680
segformer__pretrained__mit-b0__in_rover__seed1414__gpu_full__22d89713__gitc188b320__codebebd8b2d__20260711T152946214899Z,msl_ncam_nlb_577090763edr_f0691858ncam00287m1,test_msl,bedrock,iou,1.0,22802,22802,81680
segformer__pretrained__mit-b0__in_rover__seed1414__gpu_full__22d89713__gitc188b320__codebebd8b2d__20260711T152946214899Z,msl_ncam_nlb_577090763edr_f0691858ncam00287m1,test_msl,sand,iou,1.0,36033,36033,81680
segformer__pretrained__mit-b0__in_rover__seed1414__gpu_full__22d89713__gitc188b320__codebebd8b2d__20260711T152946214899Z,msl_ncam_nlb_577090763edr_f0691858ncam00287m1,test_msl,big_rock,iou,,0,0,81680
segformer__pretrained__mit-b0__in_rover__seed1414__gpu_full__22d89713__gitc188b320__codebebd8b2d__20260711T152946214899Z,msl_ncam_nlb_577090763edr_f0691858ncam00287m1,test_msl,ALL,pixel_acc,1.0,0,0,81680
segformer__pretrained__mit-b0__in_rover__seed1414__gpu_full__22d89713__gitc188b320__codebebd8b2d__20260711T152946214899Z,msl_ncam_nlb_577090763edr_f0691858ncam00287m1,test_msl,ALL,boundary_f1,1.0,0,0,81680
segformer__pretrained__mit-b0__in_rover__seed1414__gpu_full__22d89713__gitc188b320__codebebd8b2d__20260711T152946214899Z,msl_ncam_nlb_577095146edr_f0691858ncam00376m1,test_msl,soil,iou,,0,0,131880
segformer__pretrained__mit-b0__in_rover__seed1414__gpu_full__22d89713__gitc188b320__codebebd8b2d__20260711T152946214899Z,msl_ncam_nlb_577095146edr_f0691858ncam00376m1,test_msl,bedrock,iou,,0,0,131880
segformer__pretrained__mit-b0__in_rover__seed1414__gpu_full__22d89713__gitc188b320__codebebd8b2d__20260711T152946214899Z,msl_ncam_nlb_577095146edr_f0691858ncam00376m1,test_msl,sand,iou,1.0,131880,131880,131880
segformer__pretrained__mit-b0__in_rover__seed1414__gpu_full__22d89713__gitc188b320__codebebd8b2d__20260711T152946214899Z,msl_ncam_nlb_577095146edr_f0691858ncam00376m1,test_msl,big_rock,iou,,0,0,131880
segformer__pretrained__mit-b0__in_rover__seed1414__gpu_full__22d89713__gitc188b320__codebebd8b2d__20260711T152946214899Z,msl_ncam_nlb_577095146edr_f0691858ncam00376m1,test_msl,ALL,pixel_acc,1.0,0,0,131880
segformer__pretrained__mit-b0__in_rover__seed1414__gpu_full__22d89713__gitc188b320__codebebd8b2d__20260711T152946214899Z,msl_ncam_nlb_577095146edr_f0691858ncam00376m1,test_msl,ALL,boundary_f1,1.0,0,0,131880
segformer__pretrained__mit-b0__in_rover__seed1414__gpu_full__22d89713__gitc188b320__codebebd8b2d__20260711T152946214899Z,msl_ncam_nlb_613564331edr_f0760274ncam00320m1,test_msl,soil,iou,1.0,100868,100868,100868
segformer__pretrained__mit-b0__in_rover__seed1414__gpu_full__22d89713__gitc188b320__codebebd8b2d__20260711T152946214899Z,msl_ncam_nlb_613564331edr_f0760274ncam00320m1,test_msl,bedrock,iou,,0,0,100868
segformer__pretrained__mit-b0__in_rover__seed1414__gpu_full__22d89713__gitc188b320__codebebd8b2d__20260711T152946214899Z,msl_ncam_nlb_613564331edr_f0760274ncam00320m1,test_msl,sand,iou,,0,0,100868
segformer__pretrained__mit-b0__in_rover__seed1414__gpu_full__22d89713__gitc188b320__codebebd8b2d__20260711T152946214899Z,msl_ncam_nlb_613564331edr_f0760274ncam00320m1,test_msl,big_rock,iou,,0,0,100868
segformer__pretrained__mit-b0__in_rover__seed1414__gpu_full__22d89713__gitc188b320__codebebd8b2d__20260711T152946214899Z,msl_ncam_nlb_613564331edr_f0760274ncam00320m1,test_msl,ALL,pixel_acc,1.0,0,0,100868
segformer__pretrained__mit-b0__in_rover__seed1414__gpu_full__22d89713__gitc188b320__codebebd8b2d__20260711T152946214899Z,msl_ncam_nlb_613564331edr_f0760274ncam00320m1,test_msl,ALL,boundary_f1,1.0,0,0,100868
segformer__pretrained__mit-b0__in_rover__seed1414__gpu_full__22d89713__gitc188b320__codebebd8b2d__20260711T152946214899Z,msl_ncam_nlb_613582793edr_f0760556ncam00385m1,test_msl,soil,iou,1.0,229198,229198,229198
segformer__pretrained__mit-b0__in_rover__seed1414__gpu_full__22d89713__gitc188b320__codebebd8b2d__20260711T152946214899Z,msl_ncam_nlb_613582793edr_f0760556ncam00385m1,test_msl,bedrock,iou,,0,0,229198
segformer__pretrained__mit-b0__in_rover__seed1414__gpu_full__22d89713__gitc188b320__codebebd8b2d__20260711T152946214899Z,msl_ncam_nlb_613582793edr_f0760556ncam00385m1,test_msl,sand,iou,,0,0,229198
segformer__pretrained__mit-b0__in_rover__seed1414__gpu_full__22d89713__gitc188b320__codebebd8b2d__20260711T152946214899Z,msl_ncam_nlb_613582793edr_f0760556ncam00385m1,test_msl,big_rock,iou,,0,0,229198
segformer__pretrained__mit-b0__in_rover__seed1414__gpu_full__22d89713__gitc188b320__codebebd8b2d__20260711T152946214899Z,msl_ncam_nlb_613582793edr_f0760556ncam00385m1,test_msl,ALL,pixel_acc,1.0,0,0,229198
segformer__pretrained__mit-b0__in_rover__seed1414__gpu_full__22d89713__gitc188b320__codebebd8b2d__20260711T152946214899Z,msl_ncam_nlb_613582793edr_f0760556ncam00385m1,test_msl,ALL,boundary_f1,1.0,0,0,229198
segformer__pretrained__mit-b0__in_rover__seed1414__gpu_full__22d89713__gitc188b320__codebebd8b2d__20260711T152946214899Z,msl_ncam_nlb_613583192edr_f0760568ncam00375m1,test_msl,soil,iou,1.0,148104,148104,148104
segformer__pretrained__mit-b0__in_rover__seed1414__gpu_full__22d89713__gitc188b320__codebebd8b2d__20260711T152946214899Z,msl_ncam_nlb_613583192edr_f0760568ncam00375m1,test_msl,bedrock,iou,,0,0,148104
segformer__pretrained__mit-b0__in_rover__seed1414__gpu_full__22d89713__gitc188b320__codebebd8b2d__20260711T152946214899Z,msl_ncam_nlb_613583192edr_f0760568ncam00375m1,test_msl,sand,iou,,0,0,148104
segformer__pretrained__mit-b0__in_rover__seed1414__gpu_full__22d89713__gitc188b320__codebebd8b2d__20260711T152946214899Z,msl_ncam_nlb_613583192edr_f0760568ncam00375m1,test_msl,big_rock,iou,,0,0,148104
segformer__pretrained__mit-b0__in_rover__seed1414__gpu_full__22d89713__gitc188b320__codebebd8b2d__20260711T152946214899Z,msl_ncam_nlb_613583192edr_f0760568ncam00375m1,test_msl,ALL,pixel_acc,1.0,0,0,148104
segformer__pretrained__mit-b0__in_rover__seed1414__gpu_full__22d89713__gitc188b320__codebebd8b2d__20260711T152946214899Z,msl_ncam_nlb_613583192edr_f0760568ncam00375m1,test_msl,ALL,boundary_f1,1.0,0,0,148104
segformer__pretrained__mit-b0__in_rover__seed1414__gpu_full__22d89713__gitc188b320__codebebd8b2d__20260711T152946214899Z,msl_ncam_nlb_613583340edr_f0760568ncam00280m1,test_msl,soil,iou,1.0,240254,240254,240254
segformer__pretrained__mit-b0__in_rover__seed1414__gpu_full__22d89713__gitc188b320__codebebd8b2d__20260711T152946214899Z,msl_ncam_nlb_613583340edr_f0760568ncam00280m1,test_msl,bedrock,iou,,0,0,240254
segformer__pretrained__mit-b0__in_rover__seed1414__gpu_full__22d89713__gitc188b320__codebebd8b2d__20260711T152946214899Z,msl_ncam_nlb_613583340edr_f0760568ncam00280m1,test_msl,sand,iou,,0,0,240254
segformer__pretrained__mit-b0__in_rover__seed1414__gpu_full__22d89713__gitc188b320__codebebd8b2d__20260711T152946214899Z,msl_ncam_nlb_613583340edr_f0760568ncam00280m1,test_msl,big_rock,iou,,0,0,240254
segformer__pretrained__mit-b0__in_rover__seed1414__gpu_full__22d89713__gitc188b320__codebebd8b2d__20260711T152946214899Z,msl_ncam_nlb_613583340edr_f0760568ncam00280m1,test_msl,ALL,pixel_acc,1.0,0,0,240254
segformer__pretrained__mit-b0__in_rover__seed1414__gpu_full__22d89713__gitc188b320__codebebd8b2d__20260711T152946214899Z,msl_ncam_nlb_613583340edr_f0760568ncam00280m1,test_msl,ALL,boundary_f1,1.0,0,0,240254
segformer__pretrained__mit-b0__in_rover__seed1414__gpu_full__22d89713__gitc188b320__codebebd8b2d__20260711T152946214899Z,msl_ncam_nlb_613583373edr_f0760568ncam00280m1,test_msl,soil,iou,1.0,197718,197718,197718
segformer__pretrained__mit-b0__in_rover__seed1414__gpu_full__22d89713__gitc188b320__codebebd8b2d__20260711T152946214899Z,msl_ncam_nlb_613583373edr_f0760568ncam00280m1,test_msl,bedrock,iou,,0,0,197718
segformer__pretrained__mit-b0__in_rover__seed1414__gpu_full__22d89713__gitc188b320__codebebd8b2d__20260711T152946214899Z,msl_ncam_nlb_613583373edr_f0760568ncam00280m1,test_msl,sand,iou,,0,0,197718
segformer__pretrained__mit-b0__in_rover__seed1414__gpu_full__22d89713__gitc188b320__codebebd8b2d__20260711T152946214899Z,msl_ncam_nlb_613583373edr_f0760568ncam00280m1,test_msl,big_rock,iou,,0,0,197718
segformer__pretrained__mit-b0__in_rover__seed1414__gpu_full__22d89713__gitc188b320__codebebd8b2d__20260711T152946214899Z,msl_ncam_nlb_613583373edr_f0760568ncam00280m1,test_msl,ALL,pixel_acc,1.0,0,0,197718
segformer__pretrained__mit-b0__in_rover__seed1414__gpu_full__22d89713__gitc188b320__codebebd8b2d__20260711T152946214899Z,msl_ncam_nlb_613583373edr_f0760568ncam00280m1,test_msl,ALL,boundary_f1,1.0,0,0,197718
segformer__pretrained__mit-b0__in_rover__seed1414__gpu_full__22d89713__gitc188b320__codebebd8b2d__20260711T152946214899Z,msl_ncam_nlb_613583763edr_f0760568ncam00354m1,test_msl,soil,iou,1.0,224188,224188,224188
segformer__pretrained__mit-b0__in_rover__seed1414__gpu_full__22d89713__gitc188b320__codebebd8b2d__20260711T152946214899Z,msl_ncam_nlb_613583763edr_f0760568ncam00354m1,test_msl,bedrock,iou,,0,0,224188
segformer__pretrained__mit-b0__in_rover__seed1414__gpu_full__22d89713__gitc188b320__codebebd8b2d__20260711T152946214899Z,msl_ncam_nlb_613583763edr_f0760568ncam00354m1,test_msl,sand,iou,,0,0,224188
segformer__pretrained__mit-b0__in_rover__seed1414__gpu_full__22d89713__gitc188b320__codebebd8b2d__20260711T152946214899Z,msl_ncam_nlb_613583763edr_f0760568ncam00354m1,test_msl,big_rock,iou,,0,0,224188
segformer__pretrained__mit-b0__in_rover__seed1414__gpu_full__22d89713__gitc188b320__codebebd8b2d__20260711T152946214899Z,msl_ncam_nlb_613583763edr_f0760568ncam00354m1,test_msl,ALL,pixel_acc,1.0,0,0,224188
segformer__pretrained__mit-b0__in_rover__seed1414__gpu_full__22d89713__gitc188b320__codebebd8b2d__20260711T152946214899Z,msl_ncam_nlb_613583763edr_f0760568ncam00354m1,test_msl,ALL,boundary_f1,1.0,0,0,224188
segformer__pretrained__mit-b0__in_rover__seed1414__gpu_full__22d89713__gitc188b320__codebebd8b2d__20260711T152946214899Z,msl_ncam_nlb_613583877edr_f0760568ncam00354m1,test_msl,soil,iou,1.0,156354,156354,156354
segformer__pretrained__mit-b0__in_rover__seed1414__gpu_full__22d89713__gitc188b320__codebebd8b2d__20260711T152946214899Z,msl_ncam_nlb_613583877edr_f0760568ncam00354m1,test_msl,bedrock,iou,,0,0,156354
segformer__pretrained__mit-b0__in_rover__seed1414__gpu_full__22d89713__gitc188b320__codebebd8b2d__20260711T152946214899Z,msl_ncam_nlb_613583877edr_f0760568ncam00354m1,test_msl,sand,iou,,0,0,156354
segformer__pretrained__mit-b0__in_rover__seed1414__gpu_full__22d89713__gitc188b320__codebebd8b2d__20260711T152946214899Z,msl_ncam_nlb_613583877edr_f0760568ncam00354m1,test_msl,big_rock,iou,,0,0,156354
segformer__pretrained__mit-b0__in_rover__seed1414__gpu_full__22d89713__gitc188b320__codebebd8b2d__20260711T152946214899Z,msl_ncam_nlb_613583877edr_f0760568ncam00354m1,test_msl,ALL,pixel_acc,1.0,0,0,156354
segformer__pretrained__mit-b0__in_rover__seed1414__gpu_full__22d89713__gitc188b320__codebebd8b2d__20260711T152946214899Z,msl_ncam_nlb_613583877edr_f0760568ncam00354m1,test_msl,ALL,boundary_f1,1.0,0,0,156354
segformer__pretrained__mit-b0__in_rover__seed1414__gpu_full__22d89713__gitc188b320__codebebd8b2d__20260711T152946214899Z,msl_ncam_nlb_613584057edr_f0760568ncam00281m1,test_msl,soil,iou,1.0,150118,150118,150118
segformer__pretrained__mit-b0__in_rover__seed1414__gpu_full__22d89713__gitc188b320__codebebd8b2d__20260711T152946214899Z,msl_ncam_nlb_613584057edr_f0760568ncam00281m1,test_msl,bedrock,iou,,0,0,150118
segformer__pretrained__mit-b0__in_rover__seed1414__gpu_full__22d89713__gitc188b320__codebebd8b2d__20260711T152946214899Z,msl_ncam_nlb_613584057edr_f0760568ncam00281m1,test_msl,sand,iou,,0,0,150118
segformer__pretrained__mit-b0__in_rover__seed1414__gpu_full__22d89713__gitc188b320__codebebd8b2d__20260711T152946214899Z,msl_ncam_nlb_613584057edr_f0760568ncam00281m1,test_msl,big_rock,iou,,0,0,150118
segformer__pretrained__mit-b0__in_rover__seed1414__gpu_full__22d89713__gitc188b320__codebebd8b2d__20260711T152946214899Z,msl_ncam_nlb_613584057edr_f0760568ncam00281m1,test_msl,ALL,pixel_acc,1.0,0,0,150118
segformer__pretrained__mit-b0__in_rover__seed1414__gpu_full__22d89713__gitc188b320__codebebd8b2d__20260711T152946214899Z,msl_ncam_nlb_613584057edr_f0760568ncam00281m1,test_msl,ALL,boundary_f1,1.0,0,0,150118
segformer__pretrained__mit-b0__in_rover__seed1414__gpu_full__22d89713__gitc188b320__codebebd8b2d__20260711T152946214899Z,msl_ncam_nlb_613584326edr_f0760568ncam00281m1,test_msl,soil,iou,0.1256074132670358,13338,106188,107819
segformer__pretrained__mit-b0__in_rover__seed1414__gpu_full__22d89713__gitc188b320__codebebd8b2d__20260711T152946214899Z,msl_ncam_nlb_613584326edr_f0760568ncam00281m1,test_msl,bedrock,iou,,0,0,107819
segformer__pretrained__mit-b0__in_rover__seed1414__gpu_full__22d89713__gitc188b320__codebebd8b2d__20260711T152946214899Z,msl_ncam_nlb_613584326edr_f0760568ncam00281m1,test_msl,sand,iou,0.017262730072713034,1631,94481,107819
segformer__pretrained__mit-b0__in_rover__seed1414__gpu_full__22d89713__gitc188b320__codebebd8b2d__20260711T152946214899Z,msl_ncam_nlb_613584326edr_f0760568ncam00281m1,test_msl,big_rock,iou,,0,0,107819
segformer__pretrained__mit-b0__in_rover__seed1414__gpu_full__22d89713__gitc188b320__codebebd8b2d__20260711T152946214899Z,msl_ncam_nlb_613584326edr_f0760568ncam00281m1,test_msl,ALL,pixel_acc,0.13883452823713816,0,0,107819
segformer__pretrained__mit-b0__in_rover__seed1414__gpu_full__22d89713__gitc188b320__codebebd8b2d__20260711T152946214899Z,msl_ncam_nlb_613584326edr_f0760568ncam00281m1,test_msl,ALL,boundary_f1,0.19615635021228556,0,0,107819
