run_id,name,split,scope,metric,value,inter,union,n_valid
segformer__pretrained__mit-b2__in_rover__seed1416__gpu_full__0292c93e__git3e52372c__codebebd8b2d__20260717T012339903058Z,msl_ncam_nla_409036068edr_f0051606ncam00348m1,test_msl,soil,iou,,0,0,0
segformer__pretrained__mit-b2__in_rover__seed1416__gpu_full__0292c93e__git3e52372c__codebebd8b2d__20260717T012339903058Z,msl_ncam_nla_409036068edr_f0051606ncam00348m1,test_msl,bedrock,iou,,0,0,0
segformer__pretrained__mit-b2__in_rover__seed1416__gpu_full__0292c93e__git3e52372c__codebebd8b2d__20260717T012339903058Z,msl_ncam_nla_409036068edr_f0051606ncam00348m1,test_msl,sand,iou,,0,0,0
segformer__pretrained__mit-b2__in_rover__seed1416__gpu_full__0292c93e__git3e52372c__codebebd8b2d__20260717T012339903058Z,msl_ncam_nla_409036068edr_f0051606ncam00348m1,test_msl,big_rock,iou,,0,0,0
segformer__pretrained__mit-b2__in_rover__seed1416__gpu_full__0292c93e__git3e52372c__codebebd8b2d__20260717T012339903058Z,msl_ncam_nla_409036068edr_f0051606ncam00348m1,test_msl,ALL,pixel_acc,,0,0,0
segformer__pretrained__mit-b2__in_rover__seed1416__gpu_full__0292c93e__git3e52372c__codebebd8b2d__20260717T012339903058Z,msl_ncam_nla_409036068edr_f0051606ncam00348m1,test_msl,ALL,boundary_f1,,0,0,0
segformer__pretrained__mit-b2__in_rover__seed1416__gpu_full__0292c93e__git3e52372c__codebebd8b2d__20260717T012339903058Z,msl_ncam_nla_409036116edr_f0051606ncam00348m1,test_msl,soil,iou,0.0,0,4482,123986
segformer__pretrained__mit-b2__in_rover__seed1416__gpu_full__0292c93e__git3e52372c__codebebd8b2d__20260717T012339903058Z,msl_ncam_nla_409036116edr_f0051606ncam00348m1,test_msl,bedrock,iou,0.9638507573435711,119504,123986,123986
segformer__pretrained__mit-b2__in_rover__seed1416__gpu_full__0292c93e__git3e52372c__codebebd8b2d__20260717T012339903058Z,msl_ncam_nla_409036116edr_f0051606ncam00348m1,test_msl,sand,iou,,0,0,123986
segformer__pretrained__mit-b2__in_rover__seed1416__gpu_full__0292c93e__git3e52372c__codebebd8b2d__20260717T012339903058Z,msl_ncam_nla_409036116edr_f0051606ncam00348m1,test_msl,big_rock,iou,,0,0,123986
segformer__pretrained__mit-b2__in_rover__seed1416__gpu_full__0292c93e__git3e52372c__codebebd8b2d__20260717T012339903058Z,msl_ncam_nla_409036116edr_f0051606ncam00348m1,test_msl,ALL,pixel_acc,0.9638507573435711,0,0,123986
segformer__pretrained__mit-b2__in_rover__seed1416__gpu_full__0292c93e__git3e52372c__codebebd8b2d__20260717T012339903058Z,msl_ncam_nla_409036116edr_f0051606ncam00348m1,test_msl,ALL,boundary_f1,0.4829444720232608,0,0,123986
segformer__pretrained__mit-b2__in_rover__seed1416__gpu_full__0292c93e__git3e52372c__codebebd8b2d__20260717T012339903058Z,msl_ncam_nla_409036860edr_f0051662ncam00346m1,test_msl,soil,iou,0.8810429114611624,8110,9205,22748
segformer__pretrained__mit-b2__in_rover__seed1416__gpu_full__0292c93e__git3e52372c__codebebd8b2d__20260717T012339903058Z,msl_ncam_nla_409036860edr_f0051662ncam00346m1,test_msl,bedrock,iou,0.9707262569832402,13032,13425,22748
segformer__pretrained__mit-b2__in_rover__seed1416__gpu_full__0292c93e__git3e52372c__codebebd8b2d__20260717T012339903058Z,msl_ncam_nla_409036860edr_f0051662ncam00346m1,test_msl,sand,iou,0.0,0,1284,22748
segformer__pretrained__mit-b2__in_rover__seed1416__gpu_full__0292c93e__git3e52372c__codebebd8b2d__20260717T012339903058Z,msl_ncam_nla_409036860edr_f0051662ncam00346m1,test_msl,big_rock,iou,0.0,0,440,22748
segformer__pretrained__mit-b2__in_rover__seed1416__gpu_full__0292c93e__git3e52372c__codebebd8b2d__20260717T012339903058Z,msl_ncam_nla_409036860edr_f0051662ncam00346m1,test_msl,ALL,pixel_acc,0.9294003868471954,0,0,22748
segformer__pretrained__mit-b2__in_rover__seed1416__gpu_full__0292c93e__git3e52372c__codebebd8b2d__20260717T012339903058Z,msl_ncam_nla_409036860edr_f0051662ncam00346m1,test_msl,ALL,boundary_f1,0.4395425894366923,0,0,22748
segformer__pretrained__mit-b2__in_rover__seed1416__gpu_full__0292c93e__git3e52372c__codebebd8b2d__20260717T012339903058Z,msl_ncam_nla_409036993edr_f0051662ncam05703m1,test_msl,soil,iou,,0,0,36839
segformer__pretrained__mit-b2__in_rover__seed1416__gpu_full__0292c93e__git3e52372c__codebebd8b2d__20260717T012339903058Z,msl_ncam_nla_409036993edr_f0051662ncam05703m1,test_msl,bedrock,iou,1.0,36839,36839,36839
segformer__pretrained__mit-b2__in_rover__seed1416__gpu_full__0292c93e__git3e52372c__codebebd8b2d__20260717T012339903058Z,msl_ncam_nla_409036993edr_f0051662ncam05703m1,test_msl,sand,iou,,0,0,36839
segformer__pretrained__mit-b2__in_rover__seed1416__gpu_full__0292c93e__git3e52372c__codebebd8b2d__20260717T012339903058Z,msl_ncam_nla_409036993edr_f0051662ncam05703m1,test_msl,big_rock,iou,,0,0,36839
segformer__pretrained__mit-b2__in_rover__seed1416__gpu_full__0292c93e__git3e52372c__codebebd8b2d__20260717T012339903058Z,msl_ncam_nla_409036993edr_f0051662ncam05703m1,test_msl,ALL,pixel_acc,1.0,0,0,36839
segformer__pretrained__mit-b2__in_rover__seed1416__gpu_full__0292c93e__git3e52372c__codebebd8b2d__20260717T012339903058Z,msl_ncam_nla_409036993edr_f0051662ncam05703m1,test_msl,ALL,boundary_f1,1.0,0,0,36839
segformer__pretrained__mit-b2__in_rover__seed1416__gpu_full__0292c93e__git3e52372c__codebebd8b2d__20260717T012339903058Z,msl_ncam_nla_409037112edr_f0051662ncam05703m1,test_msl,soil,iou,,0,0,88991
segformer__pretrained__mit-b2__in_rover__seed1416__gpu_full__0292c93e__git3e52372c__codebebd8b2d__20260717T012339903058Z,msl_ncam_nla_409037112edr_f0051662ncam05703m1,test_msl,bedrock,iou,1.0,88991,88991,88991
segformer__pretrained__mit-b2__in_rover__seed1416__gpu_full__0292c93e__git3e52372c__codebebd8b2d__20260717T012339903058Z,msl_ncam_nla_409037112edr_f0051662ncam05703m1,test_msl,sand,iou,,0,0,88991
segformer__pretrained__mit-b2__in_rover__seed1416__gpu_full__0292c93e__git3e52372c__codebebd8b2d__20260717T012339903058Z,msl_ncam_nla_409037112edr_f0051662ncam05703m1,test_msl,big_rock,iou,,0,0,88991
segformer__pretrained__mit-b2__in_rover__seed1416__gpu_full__0292c93e__git3e52372c__codebebd8b2d__20260717T012339903058Z,msl_ncam_nla_409037112edr_f0051662ncam05703m1,test_msl,ALL,pixel_acc,1.0,0,0,88991
segformer__pretrained__mit-b2__in_rover__seed1416__gpu_full__0292c93e__git3e52372c__codebebd8b2d__20260717T012339903058Z,msl_ncam_nla_409037112edr_f0051662ncam05703m1,test_msl,ALL,boundary_f1,1.0,0,0,88991
segformer__pretrained__mit-b2__in_rover__seed1416__gpu_full__0292c93e__git3e52372c__codebebd8b2d__20260717T012339903058Z,msl_ncam_nla_601414440edr_f0731482ncam00375m1,test_msl,soil,iou,,0,0,0
segformer__pretrained__mit-b2__in_rover__seed1416__gpu_full__0292c93e__git3e52372c__codebebd8b2d__20260717T012339903058Z,msl_ncam_nla_601414440edr_f0731482ncam00375m1,test_msl,bedrock,iou,,0,0,0
segformer__pretrained__mit-b2__in_rover__seed1416__gpu_full__0292c93e__git3e52372c__codebebd8b2d__20260717T012339903058Z,msl_ncam_nla_601414440edr_f0731482ncam00375m1,test_msl,sand,iou,,0,0,0
segformer__pretrained__mit-b2__in_rover__seed1416__gpu_full__0292c93e__git3e52372c__codebebd8b2d__20260717T012339903058Z,msl_ncam_nla_601414440edr_f0731482ncam00375m1,test_msl,big_rock,iou,,0,0,0
segformer__pretrained__mit-b2__in_rover__seed1416__gpu_full__0292c93e__git3e52372c__codebebd8b2d__20260717T012339903058Z,msl_ncam_nla_601414440edr_f0731482ncam00375m1,test_msl,ALL,pixel_acc,,0,0,0
segformer__pretrained__mit-b2__in_rover__seed1416__gpu_full__0292c93e__git3e52372c__codebebd8b2d__20260717T012339903058Z,msl_ncam_nla_601414440edr_f0731482ncam00375m1,test_msl,ALL,boundary_f1,,0,0,0
segformer__pretrained__mit-b2__in_rover__seed1416__gpu_full__0292c93e__git3e52372c__codebebd8b2d__20260717T012339903058Z,msl_ncam_nla_601414568edr_f0731482ncam00253m1,test_msl,soil,iou,1.0,124196,124196,124196
segformer__pretrained__mit-b2__in_rover__seed1416__gpu_full__0292c93e__git3e52372c__codebebd8b2d__20260717T012339903058Z,msl_ncam_nla_601414568edr_f0731482ncam00253m1,test_msl,bedrock,iou,,0,0,124196
segformer__pretrained__mit-b2__in_rover__seed1416__gpu_full__0292c93e__git3e52372c__codebebd8b2d__20260717T012339903058Z,msl_ncam_nla_601414568edr_f0731482ncam00253m1,test_msl,sand,iou,,0,0,124196
segformer__pretrained__mit-b2__in_rover__seed1416__gpu_full__0292c93e__git3e52372c__codebebd8b2d__20260717T012339903058Z,msl_ncam_nla_601414568edr_f0731482ncam00253m1,test_msl,big_rock,iou,,0,0,124196
segformer__pretrained__mit-b2__in_rover__seed1416__gpu_full__0292c93e__git3e52372c__codebebd8b2d__20260717T012339903058Z,msl_ncam_nla_601414568edr_f0731482ncam00253m1,test_msl,ALL,pixel_acc,1.0,0,0,124196
segformer__pretrained__mit-b2__in_rover__seed1416__gpu_full__0292c93e__git3e52372c__codebebd8b2d__20260717T012339903058Z,msl_ncam_nla_601414568edr_f0731482ncam00253m1,test_msl,ALL,boundary_f1,1.0,0,0,124196
segformer__pretrained__mit-b2__in_rover__seed1416__gpu_full__0292c93e__git3e52372c__codebebd8b2d__20260717T012339903058Z,msl_ncam_nla_601414993edr_f0731482ncam00254m1,test_msl,soil,iou,0.6835996407814697,80688,118034,118034
segformer__pretrained__mit-b2__in_rover__seed1416__gpu_full__0292c93e__git3e52372c__codebebd8b2d__20260717T012339903058Z,msl_ncam_nla_601414993edr_f0731482ncam00254m1,test_msl,bedrock,iou,0.0,0,37346,118034
segformer__pretrained__mit-b2__in_rover__seed1416__gpu_full__0292c93e__git3e52372c__codebebd8b2d__20260717T012339903058Z,msl_ncam_nla_601414993edr_f0731482ncam00254m1,test_msl,sand,iou,,0,0,118034
segformer__pretrained__mit-b2__in_rover__seed1416__gpu_full__0292c93e__git3e52372c__codebebd8b2d__20260717T012339903058Z,msl_ncam_nla_601414993edr_f0731482ncam00254m1,test_msl,big_rock,iou,,0,0,118034
segformer__pretrained__mit-b2__in_rover__seed1416__gpu_full__0292c93e__git3e52372c__codebebd8b2d__20260717T012339903058Z,msl_ncam_nla_601414993edr_f0731482ncam00254m1,test_msl,ALL,pixel_acc,0.6835996407814697,0,0,118034
segformer__pretrained__mit-b2__in_rover__seed1416__gpu_full__0292c93e__git3e52372c__codebebd8b2d__20260717T012339903058Z,msl_ncam_nla_601414993edr_f0731482ncam00254m1,test_msl,ALL,boundary_f1,0.41025641025641024,0,0,118034
segformer__pretrained__mit-b2__in_rover__seed1416__gpu_full__0292c93e__git3e52372c__codebebd8b2d__20260717T012339903058Z,msl_ncam_nla_601415225edr_f0731482ncam00254m1,test_msl,soil,iou,0.9852558747043526,83730,84983,84983
segformer__pretrained__mit-b2__in_rover__seed1416__gpu_full__0292c93e__git3e52372c__codebebd8b2d__20260717T012339903058Z,msl_ncam_nla_601415225edr_f0731482ncam00254m1,test_msl,bedrock,iou,,0,0,84983
segformer__pretrained__mit-b2__in_rover__seed1416__gpu_full__0292c93e__git3e52372c__codebebd8b2d__20260717T012339903058Z,msl_ncam_nla_601415225edr_f0731482ncam00254m1,test_msl,sand,iou,0.0,0,1253,84983
segformer__pretrained__mit-b2__in_rover__seed1416__gpu_full__0292c93e__git3e52372c__codebebd8b2d__20260717T012339903058Z,msl_ncam_nla_601415225edr_f0731482ncam00254m1,test_msl,big_rock,iou,,0,0,84983
segformer__pretrained__mit-b2__in_rover__seed1416__gpu_full__0292c93e__git3e52372c__codebebd8b2d__20260717T012339903058Z,msl_ncam_nla_601415225edr_f0731482ncam00254m1,test_msl,ALL,pixel_acc,0.9852558747043526,0,0,84983
segformer__pretrained__mit-b2__in_rover__seed1416__gpu_full__0292c93e__git3e52372c__codebebd8b2d__20260717T012339903058Z,msl_ncam_nla_601415225edr_f0731482ncam00254m1,test_msl,ALL,boundary_f1,0.47661209488807216,0,0,84983
segformer__pretrained__mit-b2__in_rover__seed1416__gpu_full__0292c93e__git3e52372c__codebebd8b2d__20260717T012339903058Z,msl_ncam_nla_601421002edr_f0731482ccam05295m1,test_msl,soil,iou,1.0,146635,146635,146635
segformer__pretrained__mit-b2__in_rover__seed1416__gpu_full__0292c93e__git3e52372c__codebebd8b2d__20260717T012339903058Z,msl_ncam_nla_601421002edr_f0731482ccam05295m1,test_msl,bedrock,iou,,0,0,146635
segformer__pretrained__mit-b2__in_rover__seed1416__gpu_full__0292c93e__git3e52372c__codebebd8b2d__20260717T012339903058Z,msl_ncam_nla_601421002edr_f0731482ccam05295m1,test_msl,sand,iou,,0,0,146635
segformer__pretrained__mit-b2__in_rover__seed1416__gpu_full__0292c93e__git3e52372c__codebebd8b2d__20260717T012339903058Z,msl_ncam_nla_601421002edr_f0731482ccam05295m1,test_msl,big_rock,iou,,0,0,146635
segformer__pretrained__mit-b2__in_rover__seed1416__gpu_full__0292c93e__git3e52372c__codebebd8b2d__20260717T012339903058Z,msl_ncam_nla_601421002edr_f0731482ccam05295m1,test_msl,ALL,pixel_acc,1.0,0,0,146635
segformer__pretrained__mit-b2__in_rover__seed1416__gpu_full__0292c93e__git3e52372c__codebebd8b2d__20260717T012339903058Z,msl_ncam_nla_601421002edr_f0731482ccam05295m1,test_msl,ALL,boundary_f1,1.0,0,0,146635
segformer__pretrained__mit-b2__in_rover__seed1416__gpu_full__0292c93e__git3e52372c__codebebd8b2d__20260717T012339903058Z,msl_ncam_nla_602651352edr_f0732676ncam00207m1,test_msl,soil,iou,1.0,115704,115704,115704
segformer__pretrained__mit-b2__in_rover__seed1416__gpu_full__0292c93e__git3e52372c__codebebd8b2d__20260717T012339903058Z,msl_ncam_nla_602651352edr_f0732676ncam00207m1,test_msl,bedrock,iou,,0,0,115704
segformer__pretrained__mit-b2__in_rover__seed1416__gpu_full__0292c93e__git3e52372c__codebebd8b2d__20260717T012339903058Z,msl_ncam_nla_602651352edr_f0732676ncam00207m1,test_msl,sand,iou,,0,0,115704
segformer__pretrained__mit-b2__in_rover__seed1416__gpu_full__0292c93e__git3e52372c__codebebd8b2d__20260717T012339903058Z,msl_ncam_nla_602651352edr_f0732676ncam00207m1,test_msl,big_rock,iou,,0,0,115704
segformer__pretrained__mit-b2__in_rover__seed1416__gpu_full__0292c93e__git3e52372c__codebebd8b2d__20260717T012339903058Z,msl_ncam_nla_602651352edr_f0732676ncam00207m1,test_msl,ALL,pixel_acc,1.0,0,0,115704
segformer__pretrained__mit-b2__in_rover__seed1416__gpu_full__0292c93e__git3e52372c__codebebd8b2d__20260717T012339903058Z,msl_ncam_nla_602651352edr_f0732676ncam00207m1,test_msl,ALL,boundary_f1,1.0,0,0,115704
segformer__pretrained__mit-b2__in_rover__seed1416__gpu_full__0292c93e__git3e52372c__codebebd8b2d__20260717T012339903058Z,msl_ncam_nla_602657189edr_f0732688ncam00382m1,test_msl,soil,iou,1.0,113944,113944,113944
segformer__pretrained__mit-b2__in_rover__seed1416__gpu_full__0292c93e__git3e52372c__codebebd8b2d__20260717T012339903058Z,msl_ncam_nla_602657189edr_f0732688ncam00382m1,test_msl,bedrock,iou,,0,0,113944
segformer__pretrained__mit-b2__in_rover__seed1416__gpu_full__0292c93e__git3e52372c__codebebd8b2d__20260717T012339903058Z,msl_ncam_nla_602657189edr_f0732688ncam00382m1,test_msl,sand,iou,,0,0,113944
segformer__pretrained__mit-b2__in_rover__seed1416__gpu_full__0292c93e__git3e52372c__codebebd8b2d__20260717T012339903058Z,msl_ncam_nla_602657189edr_f0732688ncam00382m1,test_msl,big_rock,iou,,0,0,113944
segformer__pretrained__mit-b2__in_rover__seed1416__gpu_full__0292c93e__git3e52372c__codebebd8b2d__20260717T012339903058Z,msl_ncam_nla_602657189edr_f0732688ncam00382m1,test_msl,ALL,pixel_acc,1.0,0,0,113944
segformer__pretrained__mit-b2__in_rover__seed1416__gpu_full__0292c93e__git3e52372c__codebebd8b2d__20260717T012339903058Z,msl_ncam_nla_602657189edr_f0732688ncam00382m1,test_msl,ALL,boundary_f1,1.0,0,0,113944
segformer__pretrained__mit-b2__in_rover__seed1416__gpu_full__0292c93e__git3e52372c__codebebd8b2d__20260717T012339903058Z,msl_ncam_nla_602664101edr_f0732958ncam00375m1,test_msl,soil,iou,1.0,167623,167623,167623
segformer__pretrained__mit-b2__in_rover__seed1416__gpu_full__0292c93e__git3e52372c__codebebd8b2d__20260717T012339903058Z,msl_ncam_nla_602664101edr_f0732958ncam00375m1,test_msl,bedrock,iou,,0,0,167623
segformer__pretrained__mit-b2__in_rover__seed1416__gpu_full__0292c93e__git3e52372c__codebebd8b2d__20260717T012339903058Z,msl_ncam_nla_602664101edr_f0732958ncam00375m1,test_msl,sand,iou,,0,0,167623
segformer__pretrained__mit-b2__in_rover__seed1416__gpu_full__0292c93e__git3e52372c__codebebd8b2d__20260717T012339903058Z,msl_ncam_nla_602664101edr_f0732958ncam00375m1,test_msl,big_rock,iou,,0,0,167623
segformer__pretrained__mit-b2__in_rover__seed1416__gpu_full__0292c93e__git3e52372c__codebebd8b2d__20260717T012339903058Z,msl_ncam_nla_602664101edr_f0732958ncam00375m1,test_msl,ALL,pixel_acc,1.0,0,0,167623
segformer__pretrained__mit-b2__in_rover__seed1416__gpu_full__0292c93e__git3e52372c__codebebd8b2d__20260717T012339903058Z,msl_ncam_nla_602664101edr_f0732958ncam00375m1,test_msl,ALL,boundary_f1,1.0,0,0,167623
segformer__pretrained__mit-b2__in_rover__seed1416__gpu_full__0292c93e__git3e52372c__codebebd8b2d__20260717T012339903058Z,msl_ncam_nla_602664178edr_f0732958ncam00271m1,test_msl,soil,iou,1.0,81139,81139,81139
segformer__pretrained__mit-b2__in_rover__seed1416__gpu_full__0292c93e__git3e52372c__codebebd8b2d__20260717T012339903058Z,msl_ncam_nla_602664178edr_f0732958ncam00271m1,test_msl,bedrock,iou,,0,0,81139
segformer__pretrained__mit-b2__in_rover__seed1416__gpu_full__0292c93e__git3e52372c__codebebd8b2d__20260717T012339903058Z,msl_ncam_nla_602664178edr_f0732958ncam00271m1,test_msl,sand,iou,,0,0,81139
segformer__pretrained__mit-b2__in_rover__seed1416__gpu_full__0292c93e__git3e52372c__codebebd8b2d__20260717T012339903058Z,msl_ncam_nla_602664178edr_f0732958ncam00271m1,test_msl,big_rock,iou,,0,0,81139
segformer__pretrained__mit-b2__in_rover__seed1416__gpu_full__0292c93e__git3e52372c__codebebd8b2d__20260717T012339903058Z,msl_ncam_nla_602664178edr_f0732958ncam00271m1,test_msl,ALL,pixel_acc,1.0,0,0,81139
segformer__pretrained__mit-b2__in_rover__seed1416__gpu_full__0292c93e__git3e52372c__codebebd8b2d__20260717T012339903058Z,msl_ncam_nla_602664178edr_f0732958ncam00271m1,test_msl,ALL,boundary_f1,1.0,0,0,81139
segformer__pretrained__mit-b2__in_rover__seed1416__gpu_full__0292c93e__git3e52372c__codebebd8b2d__20260717T012339903058Z,msl_ncam_nla_602664242edr_f0732958ncam00271m1,test_msl,soil,iou,1.0,137437,137437,137437
segformer__pretrained__mit-b2__in_rover__seed1416__gpu_full__0292c93e__git3e52372c__codebebd8b2d__20260717T012339903058Z,msl_ncam_nla_602664242edr_f0732958ncam00271m1,test_msl,bedrock,iou,,0,0,137437
segformer__pretrained__mit-b2__in_rover__seed1416__gpu_full__0292c93e__git3e52372c__codebebd8b2d__20260717T012339903058Z,msl_ncam_nla_602664242edr_f0732958ncam00271m1,test_msl,sand,iou,,0,0,137437
segformer__pretrained__mit-b2__in_rover__seed1416__gpu_full__0292c93e__git3e52372c__codebebd8b2d__20260717T012339903058Z,msl_ncam_nla_602664242edr_f0732958ncam00271m1,test_msl,big_rock,iou,,0,0,137437
segformer__pretrained__mit-b2__in_rover__seed1416__gpu_full__0292c93e__git3e52372c__codebebd8b2d__20260717T012339903058Z,msl_ncam_nla_602664242edr_f0732958ncam00271m1,test_msl,ALL,pixel_acc,1.0,0,0,137437
segformer__pretrained__mit-b2__in_rover__seed1416__gpu_full__0292c93e__git3e52372c__codebebd8b2d__20260717T012339903058Z,msl_ncam_nla_602664242edr_f0732958ncam00271m1,test_msl,ALL,boundary_f1,1.0,0,0,137437
segformer__pretrained__mit-b2__in_rover__seed1416__gpu_full__0292c93e__git3e52372c__codebebd8b2d__20260717T012339903058Z,msl_ncam_nla_602664684edr_f0732958ncam00312m1,test_msl,soil,iou,1.0,236351,236351,236351
segformer__pretrained__mit-b2__in_rover__seed1416__gpu_full__0292c93e__git3e52372c__codebebd8b2d__20260717T012339903058Z,msl_ncam_nla_602664684edr_f0732958ncam00312m1,test_msl,bedrock,iou,,0,0,236351
segformer__pretrained__mit-b2__in_rover__seed1416__gpu_full__0292c93e__git3e52372c__codebebd8b2d__20260717T012339903058Z,msl_ncam_nla_602664684edr_f0732958ncam00312m1,test_msl,sand,iou,,0,0,236351
segformer__pretrained__mit-b2__in_rover__seed1416__gpu_full__0292c93e__git3e52372c__codebebd8b2d__20260717T012339903058Z,msl_ncam_nla_602664684edr_f0732958ncam00312m1,test_msl,big_rock,iou,,0,0,236351
segformer__pretrained__mit-b2__in_rover__seed1416__gpu_full__0292c93e__git3e52372c__codebebd8b2d__20260717T012339903058Z,msl_ncam_nla_602664684edr_f0732958ncam00312m1,test_msl,ALL,pixel_acc,1.0,0,0,236351
segformer__pretrained__mit-b2__in_rover__seed1416__gpu_full__0292c93e__git3e52372c__codebebd8b2d__20260717T012339903058Z,msl_ncam_nla_602664684edr_f0732958ncam00312m1,test_msl,ALL,boundary_f1,1.0,0,0,236351
segformer__pretrained__mit-b2__in_rover__seed1416__gpu_full__0292c93e__git3e52372c__codebebd8b2d__20260717T012339903058Z,msl_ncam_nla_602664993edr_f0732958ncam00272m1,test_msl,soil,iou,1.0,59718,59718,59718
segformer__pretrained__mit-b2__in_rover__seed1416__gpu_full__0292c93e__git3e52372c__codebebd8b2d__20260717T012339903058Z,msl_ncam_nla_602664993edr_f0732958ncam00272m1,test_msl,bedrock,iou,,0,0,59718
segformer__pretrained__mit-b2__in_rover__seed1416__gpu_full__0292c93e__git3e52372c__codebebd8b2d__20260717T012339903058Z,msl_ncam_nla_602664993edr_f0732958ncam00272m1,test_msl,sand,iou,,0,0,59718
segformer__pretrained__mit-b2__in_rover__seed1416__gpu_full__0292c93e__git3e52372c__codebebd8b2d__20260717T012339903058Z,msl_ncam_nla_602664993edr_f0732958ncam00272m1,test_msl,big_rock,iou,,0,0,59718
segformer__pretrained__mit-b2__in_rover__seed1416__gpu_full__0292c93e__git3e52372c__codebebd8b2d__20260717T012339903058Z,msl_ncam_nla_602664993edr_f0732958ncam00272m1,test_msl,ALL,pixel_acc,1.0,0,0,59718
segformer__pretrained__mit-b2__in_rover__seed1416__gpu_full__0292c93e__git3e52372c__codebebd8b2d__20260717T012339903058Z,msl_ncam_nla_602664993edr_f0732958ncam00272m1,test_msl,ALL,boundary_f1,1.0,0,0,59718
segformer__pretrained__mit-b2__in_rover__seed1416__gpu_full__0292c93e__git3e52372c__codebebd8b2d__20260717T012339903058Z,msl_ncam_nla_602665055edr_f0732958ncam00272m1,test_msl,soil,iou,1.0,83469,83469,83469
segformer__pretrained__mit-b2__in_rover__seed1416__gpu_full__0292c93e__git3e52372c__codebebd8b2d__20260717T012339903058Z,msl_ncam_nla_602665055edr_f0732958ncam00272m1,test_msl,bedrock,iou,,0,0,83469
segformer__pretrained__mit-b2__in_rover__seed1416__gpu_full__0292c93e__git3e52372c__codebebd8b2d__20260717T012339903058Z,msl_ncam_nla_602665055edr_f0732958ncam00272m1,test_msl,sand,iou,,0,0,83469
segformer__pretrained__mit-b2__in_rover__seed1416__gpu_full__0292c93e__git3e52372c__codebebd8b2d__20260717T012339903058Z,msl_ncam_nla_602665055edr_f0732958ncam00272m1,test_msl,big_rock,iou,,0,0,83469
segformer__pretrained__mit-b2__in_rover__seed1416__gpu_full__0292c93e__git3e52372c__codebebd8b2d__20260717T012339903058Z,msl_ncam_nla_602665055edr_f0732958ncam00272m1,test_msl,ALL,pixel_acc,1.0,0,0,83469
segformer__pretrained__mit-b2__in_rover__seed1416__gpu_full__0292c93e__git3e52372c__codebebd8b2d__20260717T012339903058Z,msl_ncam_nla_602665055edr_f0732958ncam00272m1,test_msl,ALL,boundary_f1,1.0,0,0,83469
segformer__pretrained__mit-b2__in_rover__seed1416__gpu_full__0292c93e__git3e52372c__codebebd8b2d__20260717T012339903058Z,msl_ncam_nlb_427501146edr_f0080590ncam00385m1,test_msl,soil,iou,1.0,221229,221229,221229
segformer__pretrained__mit-b2__in_rover__seed1416__gpu_full__0292c93e__git3e52372c__codebebd8b2d__20260717T012339903058Z,msl_ncam_nlb_427501146edr_f0080590ncam00385m1,test_msl,bedrock,iou,,0,0,221229
segformer__pretrained__mit-b2__in_rover__seed1416__gpu_full__0292c93e__git3e52372c__codebebd8b2d__20260717T012339903058Z,msl_ncam_nlb_427501146edr_f0080590ncam00385m1,test_msl,sand,iou,,0,0,221229
segformer__pretrained__mit-b2__in_rover__seed1416__gpu_full__0292c93e__git3e52372c__codebebd8b2d__20260717T012339903058Z,msl_ncam_nlb_427501146edr_f0080590ncam00385m1,test_msl,big_rock,iou,,0,0,221229
segformer__pretrained__mit-b2__in_rover__seed1416__gpu_full__0292c93e__git3e52372c__codebebd8b2d__20260717T012339903058Z,msl_ncam_nlb_427501146edr_f0080590ncam00385m1,test_msl,ALL,pixel_acc,1.0,0,0,221229
segformer__pretrained__mit-b2__in_rover__seed1416__gpu_full__0292c93e__git3e52372c__codebebd8b2d__20260717T012339903058Z,msl_ncam_nlb_427501146edr_f0080590ncam00385m1,test_msl,ALL,boundary_f1,1.0,0,0,221229
segformer__pretrained__mit-b2__in_rover__seed1416__gpu_full__0292c93e__git3e52372c__codebebd8b2d__20260717T012339903058Z,msl_ncam_nlb_427503509edr_f0080610ncam00253m1,test_msl,soil,iou,1.0,91532,91532,91532
segformer__pretrained__mit-b2__in_rover__seed1416__gpu_full__0292c93e__git3e52372c__codebebd8b2d__20260717T012339903058Z,msl_ncam_nlb_427503509edr_f0080610ncam00253m1,test_msl,bedrock,iou,,0,0,91532
segformer__pretrained__mit-b2__in_rover__seed1416__gpu_full__0292c93e__git3e52372c__codebebd8b2d__20260717T012339903058Z,msl_ncam_nlb_427503509edr_f0080610ncam00253m1,test_msl,sand,iou,,0,0,91532
segformer__pretrained__mit-b2__in_rover__seed1416__gpu_full__0292c93e__git3e52372c__codebebd8b2d__20260717T012339903058Z,msl_ncam_nlb_427503509edr_f0080610ncam00253m1,test_msl,big_rock,iou,,0,0,91532
segformer__pretrained__mit-b2__in_rover__seed1416__gpu_full__0292c93e__git3e52372c__codebebd8b2d__20260717T012339903058Z,msl_ncam_nlb_427503509edr_f0080610ncam00253m1,test_msl,ALL,pixel_acc,1.0,0,0,91532
segformer__pretrained__mit-b2__in_rover__seed1416__gpu_full__0292c93e__git3e52372c__codebebd8b2d__20260717T012339903058Z,msl_ncam_nlb_427503509edr_f0080610ncam00253m1,test_msl,ALL,boundary_f1,1.0,0,0,91532
segformer__pretrained__mit-b2__in_rover__seed1416__gpu_full__0292c93e__git3e52372c__codebebd8b2d__20260717T012339903058Z,msl_ncam_nlb_427503571edr_f0080610ncam00253m1,test_msl,soil,iou,1.0,70082,70082,70082
segformer__pretrained__mit-b2__in_rover__seed1416__gpu_full__0292c93e__git3e52372c__codebebd8b2d__20260717T012339903058Z,msl_ncam_nlb_427503571edr_f0080610ncam00253m1,test_msl,bedrock,iou,,0,0,70082
segformer__pretrained__mit-b2__in_rover__seed1416__gpu_full__0292c93e__git3e52372c__codebebd8b2d__20260717T012339903058Z,msl_ncam_nlb_427503571edr_f0080610ncam00253m1,test_msl,sand,iou,,0,0,70082
segformer__pretrained__mit-b2__in_rover__seed1416__gpu_full__0292c93e__git3e52372c__codebebd8b2d__20260717T012339903058Z,msl_ncam_nlb_427503571edr_f0080610ncam00253m1,test_msl,big_rock,iou,,0,0,70082
segformer__pretrained__mit-b2__in_rover__seed1416__gpu_full__0292c93e__git3e52372c__codebebd8b2d__20260717T012339903058Z,msl_ncam_nlb_427503571edr_f0080610ncam00253m1,test_msl,ALL,pixel_acc,1.0,0,0,70082
segformer__pretrained__mit-b2__in_rover__seed1416__gpu_full__0292c93e__git3e52372c__codebebd8b2d__20260717T012339903058Z,msl_ncam_nlb_427503571edr_f0080610ncam00253m1,test_msl,ALL,boundary_f1,1.0,0,0,70082
segformer__pretrained__mit-b2__in_rover__seed1416__gpu_full__0292c93e__git3e52372c__codebebd8b2d__20260717T012339903058Z,msl_ncam_nlb_428295522edr_f0100474ncam00385m1,test_msl,soil,iou,1.0,233287,233287,233287
segformer__pretrained__mit-b2__in_rover__seed1416__gpu_full__0292c93e__git3e52372c__codebebd8b2d__20260717T012339903058Z,msl_ncam_nlb_428295522edr_f0100474ncam00385m1,test_msl,bedrock,iou,,0,0,233287
segformer__pretrained__mit-b2__in_rover__seed1416__gpu_full__0292c93e__git3e52372c__codebebd8b2d__20260717T012339903058Z,msl_ncam_nlb_428295522edr_f0100474ncam00385m1,test_msl,sand,iou,,0,0,233287
segformer__pretrained__mit-b2__in_rover__seed1416__gpu_full__0292c93e__git3e52372c__codebebd8b2d__20260717T012339903058Z,msl_ncam_nlb_428295522edr_f0100474ncam00385m1,test_msl,big_rock,iou,,0,0,233287
segformer__pretrained__mit-b2__in_rover__seed1416__gpu_full__0292c93e__git3e52372c__codebebd8b2d__20260717T012339903058Z,msl_ncam_nlb_428295522edr_f0100474ncam00385m1,test_msl,ALL,pixel_acc,1.0,0,0,233287
segformer__pretrained__mit-b2__in_rover__seed1416__gpu_full__0292c93e__git3e52372c__codebebd8b2d__20260717T012339903058Z,msl_ncam_nlb_428295522edr_f0100474ncam00385m1,test_msl,ALL,boundary_f1,1.0,0,0,233287
segformer__pretrained__mit-b2__in_rover__seed1416__gpu_full__0292c93e__git3e52372c__codebebd8b2d__20260717T012339903058Z,msl_ncam_nlb_428304492edr_f0100508ncam05114m1,test_msl,soil,iou,1.0,88012,88012,88012
segformer__pretrained__mit-b2__in_rover__seed1416__gpu_full__0292c93e__git3e52372c__codebebd8b2d__20260717T012339903058Z,msl_ncam_nlb_428304492edr_f0100508ncam05114m1,test_msl,bedrock,iou,,0,0,88012
segformer__pretrained__mit-b2__in_rover__seed1416__gpu_full__0292c93e__git3e52372c__codebebd8b2d__20260717T012339903058Z,msl_ncam_nlb_428304492edr_f0100508ncam05114m1,test_msl,sand,iou,,0,0,88012
segformer__pretrained__mit-b2__in_rover__seed1416__gpu_full__0292c93e__git3e52372c__codebebd8b2d__20260717T012339903058Z,msl_ncam_nlb_428304492edr_f0100508ncam05114m1,test_msl,big_rock,iou,,0,0,88012
segformer__pretrained__mit-b2__in_rover__seed1416__gpu_full__0292c93e__git3e52372c__codebebd8b2d__20260717T012339903058Z,msl_ncam_nlb_428304492edr_f0100508ncam05114m1,test_msl,ALL,pixel_acc,1.0,0,0,88012
segformer__pretrained__mit-b2__in_rover__seed1416__gpu_full__0292c93e__git3e52372c__codebebd8b2d__20260717T012339903058Z,msl_ncam_nlb_428304492edr_f0100508ncam05114m1,test_msl,ALL,boundary_f1,1.0,0,0,88012
segformer__pretrained__mit-b2__in_rover__seed1416__gpu_full__0292c93e__git3e52372c__codebebd8b2d__20260717T012339903058Z,msl_ncam_nlb_428304547edr_f0100508ncam05114m1,test_msl,soil,iou,,0,0,0
segformer__pretrained__mit-b2__in_rover__seed1416__gpu_full__0292c93e__git3e52372c__codebebd8b2d__20260717T012339903058Z,msl_ncam_nlb_428304547edr_f0100508ncam05114m1,test_msl,bedrock,iou,,0,0,0
segformer__pretrained__mit-b2__in_rover__seed1416__gpu_full__0292c93e__git3e52372c__codebebd8b2d__20260717T012339903058Z,msl_ncam_nlb_428304547edr_f0100508ncam05114m1,test_msl,sand,iou,,0,0,0
segformer__pretrained__mit-b2__in_rover__seed1416__gpu_full__0292c93e__git3e52372c__codebebd8b2d__20260717T012339903058Z,msl_ncam_nlb_428304547edr_f0100508ncam05114m1,test_msl,big_rock,iou,,0,0,0
segformer__pretrained__mit-b2__in_rover__seed1416__gpu_full__0292c93e__git3e52372c__codebebd8b2d__20260717T012339903058Z,msl_ncam_nlb_428304547edr_f0100508ncam05114m1,test_msl,ALL,pixel_acc,,0,0,0
segformer__pretrained__mit-b2__in_rover__seed1416__gpu_full__0292c93e__git3e52372c__codebebd8b2d__20260717T012339903058Z,msl_ncam_nlb_428304547edr_f0100508ncam05114m1,test_msl,ALL,boundary_f1,,0,0,0
segformer__pretrained__mit-b2__in_rover__seed1416__gpu_full__0292c93e__git3e52372c__codebebd8b2d__20260717T012339903058Z,msl_ncam_nlb_428304609edr_f0100508ncam05114m1,test_msl,soil,iou,1.0,179511,179511,181034
segformer__pretrained__mit-b2__in_rover__seed1416__gpu_full__0292c93e__git3e52372c__codebebd8b2d__20260717T012339903058Z,msl_ncam_nlb_428304609edr_f0100508ncam05114m1,test_msl,bedrock,iou,,0,0,181034
segformer__pretrained__mit-b2__in_rover__seed1416__gpu_full__0292c93e__git3e52372c__codebebd8b2d__20260717T012339903058Z,msl_ncam_nlb_428304609edr_f0100508ncam05114m1,test_msl,sand,iou,,0,0,181034
segformer__pretrained__mit-b2__in_rover__seed1416__gpu_full__0292c93e__git3e52372c__codebebd8b2d__20260717T012339903058Z,msl_ncam_nlb_428304609edr_f0100508ncam05114m1,test_msl,big_rock,iou,1.0,1523,1523,181034
segformer__pretrained__mit-b2__in_rover__seed1416__gpu_full__0292c93e__git3e52372c__codebebd8b2d__20260717T012339903058Z,msl_ncam_nlb_428304609edr_f0100508ncam05114m1,test_msl,ALL,pixel_acc,1.0,0,0,181034
segformer__pretrained__mit-b2__in_rover__seed1416__gpu_full__0292c93e__git3e52372c__codebebd8b2d__20260717T012339903058Z,msl_ncam_nlb_428304609edr_f0100508ncam05114m1,test_msl,ALL,boundary_f1,1.0,0,0,181034
segformer__pretrained__mit-b2__in_rover__seed1416__gpu_full__0292c93e__git3e52372c__codebebd8b2d__20260717T012339903058Z,msl_ncam_nlb_431505395edr_f0141388ncam00385m1,test_msl,soil,iou,1.0,184315,184315,184315
segformer__pretrained__mit-b2__in_rover__seed1416__gpu_full__0292c93e__git3e52372c__codebebd8b2d__20260717T012339903058Z,msl_ncam_nlb_431505395edr_f0141388ncam00385m1,test_msl,bedrock,iou,,0,0,184315
segformer__pretrained__mit-b2__in_rover__seed1416__gpu_full__0292c93e__git3e52372c__codebebd8b2d__20260717T012339903058Z,msl_ncam_nlb_431505395edr_f0141388ncam00385m1,test_msl,sand,iou,,0,0,184315
segformer__pretrained__mit-b2__in_rover__seed1416__gpu_full__0292c93e__git3e52372c__codebebd8b2d__20260717T012339903058Z,msl_ncam_nlb_431505395edr_f0141388ncam00385m1,test_msl,big_rock,iou,,0,0,184315
segformer__pretrained__mit-b2__in_rover__seed1416__gpu_full__0292c93e__git3e52372c__codebebd8b2d__20260717T012339903058Z,msl_ncam_nlb_431505395edr_f0141388ncam00385m1,test_msl,ALL,pixel_acc,1.0,0,0,184315
segformer__pretrained__mit-b2__in_rover__seed1416__gpu_full__0292c93e__git3e52372c__codebebd8b2d__20260717T012339903058Z,msl_ncam_nlb_431505395edr_f0141388ncam00385m1,test_msl,ALL,boundary_f1,1.0,0,0,184315
segformer__pretrained__mit-b2__in_rover__seed1416__gpu_full__0292c93e__git3e52372c__codebebd8b2d__20260717T012339903058Z,msl_ncam_nlb_431511171edr_f0150000ncam00290m1,test_msl,soil,iou,1.0,93104,93104,93104
segformer__pretrained__mit-b2__in_rover__seed1416__gpu_full__0292c93e__git3e52372c__codebebd8b2d__20260717T012339903058Z,msl_ncam_nlb_431511171edr_f0150000ncam00290m1,test_msl,bedrock,iou,,0,0,93104
segformer__pretrained__mit-b2__in_rover__seed1416__gpu_full__0292c93e__git3e52372c__codebebd8b2d__20260717T012339903058Z,msl_ncam_nlb_431511171edr_f0150000ncam00290m1,test_msl,sand,iou,,0,0,93104
segformer__pretrained__mit-b2__in_rover__seed1416__gpu_full__0292c93e__git3e52372c__codebebd8b2d__20260717T012339903058Z,msl_ncam_nlb_431511171edr_f0150000ncam00290m1,test_msl,big_rock,iou,,0,0,93104
segformer__pretrained__mit-b2__in_rover__seed1416__gpu_full__0292c93e__git3e52372c__codebebd8b2d__20260717T012339903058Z,msl_ncam_nlb_431511171edr_f0150000ncam00290m1,test_msl,ALL,pixel_acc,1.0,0,0,93104
segformer__pretrained__mit-b2__in_rover__seed1416__gpu_full__0292c93e__git3e52372c__codebebd8b2d__20260717T012339903058Z,msl_ncam_nlb_431511171edr_f0150000ncam00290m1,test_msl,ALL,boundary_f1,1.0,0,0,93104
segformer__pretrained__mit-b2__in_rover__seed1416__gpu_full__0292c93e__git3e52372c__codebebd8b2d__20260717T012339903058Z,msl_ncam_nlb_431511237edr_f0150000ncam00290m1,test_msl,soil,iou,1.0,137132,137132,137132
segformer__pretrained__mit-b2__in_rover__seed1416__gpu_full__0292c93e__git3e52372c__codebebd8b2d__20260717T012339903058Z,msl_ncam_nlb_431511237edr_f0150000ncam00290m1,test_msl,bedrock,iou,,0,0,137132
segformer__pretrained__mit-b2__in_rover__seed1416__gpu_full__0292c93e__git3e52372c__codebebd8b2d__20260717T012339903058Z,msl_ncam_nlb_431511237edr_f0150000ncam00290m1,test_msl,sand,iou,,0,0,137132
segformer__pretrained__mit-b2__in_rover__seed1416__gpu_full__0292c93e__git3e52372c__codebebd8b2d__20260717T012339903058Z,msl_ncam_nlb_431511237edr_f0150000ncam00290m1,test_msl,big_rock,iou,,0,0,137132
segformer__pretrained__mit-b2__in_rover__seed1416__gpu_full__0292c93e__git3e52372c__codebebd8b2d__20260717T012339903058Z,msl_ncam_nlb_431511237edr_f0150000ncam00290m1,test_msl,ALL,pixel_acc,1.0,0,0,137132
segformer__pretrained__mit-b2__in_rover__seed1416__gpu_full__0292c93e__git3e52372c__codebebd8b2d__20260717T012339903058Z,msl_ncam_nlb_431511237edr_f0150000ncam00290m1,test_msl,ALL,boundary_f1,1.0,0,0,137132
segformer__pretrained__mit-b2__in_rover__seed1416__gpu_full__0292c93e__git3e52372c__codebebd8b2d__20260717T012339903058Z,msl_ncam_nlb_431511659edr_f0150000ncam00291m1,test_msl,soil,iou,1.0,196725,196725,196725
segformer__pretrained__mit-b2__in_rover__seed1416__gpu_full__0292c93e__git3e52372c__codebebd8b2d__20260717T012339903058Z,msl_ncam_nlb_431511659edr_f0150000ncam00291m1,test_msl,bedrock,iou,,0,0,196725
segformer__pretrained__mit-b2__in_rover__seed1416__gpu_full__0292c93e__git3e52372c__codebebd8b2d__20260717T012339903058Z,msl_ncam_nlb_431511659edr_f0150000ncam00291m1,test_msl,sand,iou,,0,0,196725
segformer__pretrained__mit-b2__in_rover__seed1416__gpu_full__0292c93e__git3e52372c__codebebd8b2d__20260717T012339903058Z,msl_ncam_nlb_431511659edr_f0150000ncam00291m1,test_msl,big_rock,iou,,0,0,196725
segformer__pretrained__mit-b2__in_rover__seed1416__gpu_full__0292c93e__git3e52372c__codebebd8b2d__20260717T012339903058Z,msl_ncam_nlb_431511659edr_f0150000ncam00291m1,test_msl,ALL,pixel_acc,1.0,0,0,196725
segformer__pretrained__mit-b2__in_rover__seed1416__gpu_full__0292c93e__git3e52372c__codebebd8b2d__20260717T012339903058Z,msl_ncam_nlb_431511659edr_f0150000ncam00291m1,test_msl,ALL,boundary_f1,1.0,0,0,196725
segformer__pretrained__mit-b2__in_rover__seed1416__gpu_full__0292c93e__git3e52372c__codebebd8b2d__20260717T012339903058Z,msl_ncam_nlb_431511807edr_f0150000ncam00291m1,test_msl,soil,iou,,0,0,0
segformer__pretrained__mit-b2__in_rover__seed1416__gpu_full__0292c93e__git3e52372c__codebebd8b2d__20260717T012339903058Z,msl_ncam_nlb_431511807edr_f0150000ncam00291m1,test_msl,bedrock,iou,,0,0,0
segformer__pretrained__mit-b2__in_rover__seed1416__gpu_full__0292c93e__git3e52372c__codebebd8b2d__20260717T012339903058Z,msl_ncam_nlb_431511807edr_f0150000ncam00291m1,test_msl,sand,iou,,0,0,0
segformer__pretrained__mit-b2__in_rover__seed1416__gpu_full__0292c93e__git3e52372c__codebebd8b2d__20260717T012339903058Z,msl_ncam_nlb_431511807edr_f0150000ncam00291m1,test_msl,big_rock,iou,,0,0,0
segformer__pretrained__mit-b2__in_rover__seed1416__gpu_full__0292c93e__git3e52372c__codebebd8b2d__20260717T012339903058Z,msl_ncam_nlb_431511807edr_f0150000ncam00291m1,test_msl,ALL,pixel_acc,,0,0,0
segformer__pretrained__mit-b2__in_rover__seed1416__gpu_full__0292c93e__git3e52372c__codebebd8b2d__20260717T012339903058Z,msl_ncam_nlb_431511807edr_f0150000ncam00291m1,test_msl,ALL,boundary_f1,,0,0,0
segformer__pretrained__mit-b2__in_rover__seed1416__gpu_full__0292c93e__git3e52372c__codebebd8b2d__20260717T012339903058Z,msl_ncam_nlb_431511862edr_f0150000ncam00354m1,test_msl,soil,iou,1.0,215849,215849,215849
segformer__pretrained__mit-b2__in_rover__seed1416__gpu_full__0292c93e__git3e52372c__codebebd8b2d__20260717T012339903058Z,msl_ncam_nlb_431511862edr_f0150000ncam00354m1,test_msl,bedrock,iou,,0,0,215849
segformer__pretrained__mit-b2__in_rover__seed1416__gpu_full__0292c93e__git3e52372c__codebebd8b2d__20260717T012339903058Z,msl_ncam_nlb_431511862edr_f0150000ncam00354m1,test_msl,sand,iou,,0,0,215849
segformer__pretrained__mit-b2__in_rover__seed1416__gpu_full__0292c93e__git3e52372c__codebebd8b2d__20260717T012339903058Z,msl_ncam_nlb_431511862edr_f0150000ncam00354m1,test_msl,big_rock,iou,,0,0,215849
segformer__pretrained__mit-b2__in_rover__seed1416__gpu_full__0292c93e__git3e52372c__codebebd8b2d__20260717T012339903058Z,msl_ncam_nlb_431511862edr_f0150000ncam00354m1,test_msl,ALL,pixel_acc,1.0,0,0,215849
segformer__pretrained__mit-b2__in_rover__seed1416__gpu_full__0292c93e__git3e52372c__codebebd8b2d__20260717T012339903058Z,msl_ncam_nlb_431511862edr_f0150000ncam00354m1,test_msl,ALL,boundary_f1,1.0,0,0,215849
segformer__pretrained__mit-b2__in_rover__seed1416__gpu_full__0292c93e__git3e52372c__codebebd8b2d__20260717T012339903058Z,msl_ncam_nlb_436380021edr_f0211362ncam00278m1,test_msl,soil,iou,1.0,86938,86938,86938
segformer__pretrained__mit-b2__in_rover__seed1416__gpu_full__0292c93e__git3e52372c__codebebd8b2d__20260717T012339903058Z,msl_ncam_nlb_436380021edr_f0211362ncam00278m1,test_msl,bedrock,iou,,0,0,86938
segformer__pretrained__mit-b2__in_rover__seed1416__gpu_full__0292c93e__git3e52372c__codebebd8b2d__20260717T012339903058Z,msl_ncam_nlb_436380021edr_f0211362ncam00278m1,test_msl,sand,iou,,0,0,86938
segformer__pretrained__mit-b2__in_rover__seed1416__gpu_full__0292c93e__git3e52372c__codebebd8b2d__20260717T012339903058Z,msl_ncam_nlb_436380021edr_f0211362ncam00278m1,test_msl,big_rock,iou,,0,0,86938
segformer__pretrained__mit-b2__in_rover__seed1416__gpu_full__0292c93e__git3e52372c__codebebd8b2d__20260717T012339903058Z,msl_ncam_nlb_436380021edr_f0211362ncam00278m1,test_msl,ALL,pixel_acc,1.0,0,0,86938
segformer__pretrained__mit-b2__in_rover__seed1416__gpu_full__0292c93e__git3e52372c__codebebd8b2d__20260717T012339903058Z,msl_ncam_nlb_436380021edr_f0211362ncam00278m1,test_msl,ALL,boundary_f1,1.0,0,0,86938
segformer__pretrained__mit-b2__in_rover__seed1416__gpu_full__0292c93e__git3e52372c__codebebd8b2d__20260717T012339903058Z,msl_ncam_nlb_436380133edr_f0211362ncam00278m1,test_msl,soil,iou,0.0,0,10926,32983
segformer__pretrained__mit-b2__in_rover__seed1416__gpu_full__0292c93e__git3e52372c__codebebd8b2d__20260717T012339903058Z,msl_ncam_nlb_436380133edr_f0211362ncam00278m1,test_msl,bedrock,iou,0.6687384410150684,22057,32983,32983
segformer__pretrained__mit-b2__in_rover__seed1416__gpu_full__0292c93e__git3e52372c__codebebd8b2d__20260717T012339903058Z,msl_ncam_nlb_436380133edr_f0211362ncam00278m1,test_msl,sand,iou,,0,0,32983
segformer__pretrained__mit-b2__in_rover__seed1416__gpu_full__0292c93e__git3e52372c__codebebd8b2d__20260717T012339903058Z,msl_ncam_nlb_436380133edr_f0211362ncam00278m1,test_msl,big_rock,iou,,0,0,32983
segformer__pretrained__mit-b2__in_rover__seed1416__gpu_full__0292c93e__git3e52372c__codebebd8b2d__20260717T012339903058Z,msl_ncam_nlb_436380133edr_f0211362ncam00278m1,test_msl,ALL,pixel_acc,0.6687384410150684,0,0,32983
segformer__pretrained__mit-b2__in_rover__seed1416__gpu_full__0292c93e__git3e52372c__codebebd8b2d__20260717T012339903058Z,msl_ncam_nlb_436380133edr_f0211362ncam00278m1,test_msl,ALL,boundary_f1,0.3929781336618417,0,0,32983
segformer__pretrained__mit-b2__in_rover__seed1416__gpu_full__0292c93e__git3e52372c__codebebd8b2d__20260717T012339903058Z,msl_ncam_nlb_436383872edr_f0211362ncam00354m1,test_msl,soil,iou,0.0,0,10222,31991
segformer__pretrained__mit-b2__in_rover__seed1416__gpu_full__0292c93e__git3e52372c__codebebd8b2d__20260717T012339903058Z,msl_ncam_nlb_436383872edr_f0211362ncam00354m1,test_msl,bedrock,iou,0.680472632928011,21769,31991,31991
segformer__pretrained__mit-b2__in_rover__seed1416__gpu_full__0292c93e__git3e52372c__codebebd8b2d__20260717T012339903058Z,msl_ncam_nlb_436383872edr_f0211362ncam00354m1,test_msl,sand,iou,,0,0,31991
segformer__pretrained__mit-b2__in_rover__seed1416__gpu_full__0292c93e__git3e52372c__codebebd8b2d__20260717T012339903058Z,msl_ncam_nlb_436383872edr_f0211362ncam00354m1,test_msl,big_rock,iou,,0,0,31991
segformer__pretrained__mit-b2__in_rover__seed1416__gpu_full__0292c93e__git3e52372c__codebebd8b2d__20260717T012339903058Z,msl_ncam_nlb_436383872edr_f0211362ncam00354m1,test_msl,ALL,pixel_acc,0.680472632928011,0,0,31991
segformer__pretrained__mit-b2__in_rover__seed1416__gpu_full__0292c93e__git3e52372c__codebebd8b2d__20260717T012339903058Z,msl_ncam_nlb_436383872edr_f0211362ncam00354m1,test_msl,ALL,boundary_f1,0.37564196625091706,0,0,31991
segformer__pretrained__mit-b2__in_rover__seed1416__gpu_full__0292c93e__git3e52372c__codebebd8b2d__20260717T012339903058Z,msl_ncam_nlb_436383928edr_f0211362ncam00354m1,test_msl,soil,iou,,0,0,58335
segformer__pretrained__mit-b2__in_rover__seed1416__gpu_full__0292c93e__git3e52372c__codebebd8b2d__20260717T012339903058Z,msl_ncam_nlb_436383928edr_f0211362ncam00354m1,test_msl,bedrock,iou,1.0,58335,58335,58335
segformer__pretrained__mit-b2__in_rover__seed1416__gpu_full__0292c93e__git3e52372c__codebebd8b2d__20260717T012339903058Z,msl_ncam_nlb_436383928edr_f0211362ncam00354m1,test_msl,sand,iou,,0,0,58335
segformer__pretrained__mit-b2__in_rover__seed1416__gpu_full__0292c93e__git3e52372c__codebebd8b2d__20260717T012339903058Z,msl_ncam_nlb_436383928edr_f0211362ncam00354m1,test_msl,big_rock,iou,,0,0,58335
segformer__pretrained__mit-b2__in_rover__seed1416__gpu_full__0292c93e__git3e52372c__codebebd8b2d__20260717T012339903058Z,msl_ncam_nlb_436383928edr_f0211362ncam00354m1,test_msl,ALL,pixel_acc,1.0,0,0,58335
segformer__pretrained__mit-b2__in_rover__seed1416__gpu_full__0292c93e__git3e52372c__codebebd8b2d__20260717T012339903058Z,msl_ncam_nlb_436383928edr_f0211362ncam00354m1,test_msl,ALL,boundary_f1,1.0,0,0,58335
segformer__pretrained__mit-b2__in_rover__seed1416__gpu_full__0292c93e__git3e52372c__codebebd8b2d__20260717T012339903058Z,msl_ncam_nlb_436384026edr_f0211362ncam00279m1,test_msl,soil,iou,0.9428186512985555,62985,66805,164119
segformer__pretrained__mit-b2__in_rover__seed1416__gpu_full__0292c93e__git3e52372c__codebebd8b2d__20260717T012339903058Z,msl_ncam_nlb_436384026edr_f0211362ncam00279m1,test_msl,bedrock,iou,0.9622283307295272,97314,101134,164119
segformer__pretrained__mit-b2__in_rover__seed1416__gpu_full__0292c93e__git3e52372c__codebebd8b2d__20260717T012339903058Z,msl_ncam_nlb_436384026edr_f0211362ncam00279m1,test_msl,sand,iou,,0,0,164119
segformer__pretrained__mit-b2__in_rover__seed1416__gpu_full__0292c93e__git3e52372c__codebebd8b2d__20260717T012339903058Z,msl_ncam_nlb_436384026edr_f0211362ncam00279m1,test_msl,big_rock,iou,,0,0,164119
segformer__pretrained__mit-b2__in_rover__seed1416__gpu_full__0292c93e__git3e52372c__codebebd8b2d__20260717T012339903058Z,msl_ncam_nlb_436384026edr_f0211362ncam00279m1,test_msl,ALL,pixel_acc,0.9767242062162211,0,0,164119
segformer__pretrained__mit-b2__in_rover__seed1416__gpu_full__0292c93e__git3e52372c__codebebd8b2d__20260717T012339903058Z,msl_ncam_nlb_436384026edr_f0211362ncam00279m1,test_msl,ALL,boundary_f1,0.8162293068198465,0,0,164119
segformer__pretrained__mit-b2__in_rover__seed1416__gpu_full__0292c93e__git3e52372c__codebebd8b2d__20260717T012339903058Z,msl_ncam_nlb_436384140edr_f0211362ncam00279m1,test_msl,soil,iou,,0,0,0
segformer__pretrained__mit-b2__in_rover__seed1416__gpu_full__0292c93e__git3e52372c__codebebd8b2d__20260717T012339903058Z,msl_ncam_nlb_436384140edr_f0211362ncam00279m1,test_msl,bedrock,iou,,0,0,0
segformer__pretrained__mit-b2__in_rover__seed1416__gpu_full__0292c93e__git3e52372c__codebebd8b2d__20260717T012339903058Z,msl_ncam_nlb_436384140edr_f0211362ncam00279m1,test_msl,sand,iou,,0,0,0
segformer__pretrained__mit-b2__in_rover__seed1416__gpu_full__0292c93e__git3e52372c__codebebd8b2d__20260717T012339903058Z,msl_ncam_nlb_436384140edr_f0211362ncam00279m1,test_msl,big_rock,iou,,0,0,0
segformer__pretrained__mit-b2__in_rover__seed1416__gpu_full__0292c93e__git3e52372c__codebebd8b2d__20260717T012339903058Z,msl_ncam_nlb_436384140edr_f0211362ncam00279m1,test_msl,ALL,pixel_acc,,0,0,0
segformer__pretrained__mit-b2__in_rover__seed1416__gpu_full__0292c93e__git3e52372c__codebebd8b2d__20260717T012339903058Z,msl_ncam_nlb_436384140edr_f0211362ncam00279m1,test_msl,ALL,boundary_f1,,0,0,0
segformer__pretrained__mit-b2__in_rover__seed1416__gpu_full__0292c93e__git3e52372c__codebebd8b2d__20260717T012339903058Z,msl_ncam_nlb_436384203edr_f0211362ncam00279m1,test_msl,soil,iou,1.0,5228,5228,14096
segformer__pretrained__mit-b2__in_rover__seed1416__gpu_full__0292c93e__git3e52372c__codebebd8b2d__20260717T012339903058Z,msl_ncam_nlb_436384203edr_f0211362ncam00279m1,test_msl,bedrock,iou,1.0,8868,8868,14096
segformer__pretrained__mit-b2__in_rover__seed1416__gpu_full__0292c93e__git3e52372c__codebebd8b2d__20260717T012339903058Z,msl_ncam_nlb_436384203edr_f0211362ncam00279m1,test_msl,sand,iou,,0,0,14096
segformer__pretrained__mit-b2__in_rover__seed1416__gpu_full__0292c93e__git3e52372c__codebebd8b2d__20260717T012339903058Z,msl_ncam_nlb_436384203edr_f0211362ncam00279m1,test_msl,big_rock,iou,,0,0,14096
segformer__pretrained__mit-b2__in_rover__seed1416__gpu_full__0292c93e__git3e52372c__codebebd8b2d__20260717T012339903058Z,msl_ncam_nlb_436384203edr_f0211362ncam00279m1,test_msl,ALL,pixel_acc,1.0,0,0,14096
segformer__pretrained__mit-b2__in_rover__seed1416__gpu_full__0292c93e__git3e52372c__codebebd8b2d__20260717T012339903058Z,msl_ncam_nlb_436384203edr_f0211362ncam00279m1,test_msl,ALL,boundary_f1,1.0,0,0,14096
segformer__pretrained__mit-b2__in_rover__seed1416__gpu_full__0292c93e__git3e52372c__codebebd8b2d__20260717T012339903058Z,msl_ncam_nlb_439225105edr_f0240000ncam00346m1,test_msl,soil,iou,,0,0,0
segformer__pretrained__mit-b2__in_rover__seed1416__gpu_full__0292c93e__git3e52372c__codebebd8b2d__20260717T012339903058Z,msl_ncam_nlb_439225105edr_f0240000ncam00346m1,test_msl,bedrock,iou,,0,0,0
segformer__pretrained__mit-b2__in_rover__seed1416__gpu_full__0292c93e__git3e52372c__codebebd8b2d__20260717T012339903058Z,msl_ncam_nlb_439225105edr_f0240000ncam00346m1,test_msl,sand,iou,,0,0,0
segformer__pretrained__mit-b2__in_rover__seed1416__gpu_full__0292c93e__git3e52372c__codebebd8b2d__20260717T012339903058Z,msl_ncam_nlb_439225105edr_f0240000ncam00346m1,test_msl,big_rock,iou,,0,0,0
segformer__pretrained__mit-b2__in_rover__seed1416__gpu_full__0292c93e__git3e52372c__codebebd8b2d__20260717T012339903058Z,msl_ncam_nlb_439225105edr_f0240000ncam00346m1,test_msl,ALL,pixel_acc,,0,0,0
segformer__pretrained__mit-b2__in_rover__seed1416__gpu_full__0292c93e__git3e52372c__codebebd8b2d__20260717T012339903058Z,msl_ncam_nlb_439225105edr_f0240000ncam00346m1,test_msl,ALL,boundary_f1,,0,0,0
segformer__pretrained__mit-b2__in_rover__seed1416__gpu_full__0292c93e__git3e52372c__codebebd8b2d__20260717T012339903058Z,msl_ncam_nlb_439225164edr_f0240000ncam05113m1,test_msl,soil,iou,1.0,86502,86502,96800
segformer__pretrained__mit-b2__in_rover__seed1416__gpu_full__0292c93e__git3e52372c__codebebd8b2d__20260717T012339903058Z,msl_ncam_nlb_439225164edr_f0240000ncam05113m1,test_msl,bedrock,iou,1.0,10298,10298,96800
segformer__pretrained__mit-b2__in_rover__seed1416__gpu_full__0292c93e__git3e52372c__codebebd8b2d__20260717T012339903058Z,msl_ncam_nlb_439225164edr_f0240000ncam05113m1,test_msl,sand,iou,,0,0,96800
segformer__pretrained__mit-b2__in_rover__seed1416__gpu_full__0292c93e__git3e52372c__codebebd8b2d__20260717T012339903058Z,msl_ncam_nlb_439225164edr_f0240000ncam05113m1,test_msl,big_rock,iou,,0,0,96800
segformer__pretrained__mit-b2__in_rover__seed1416__gpu_full__0292c93e__git3e52372c__codebebd8b2d__20260717T012339903058Z,msl_ncam_nlb_439225164edr_f0240000ncam05113m1,test_msl,ALL,pixel_acc,1.0,0,0,96800
segformer__pretrained__mit-b2__in_rover__seed1416__gpu_full__0292c93e__git3e52372c__codebebd8b2d__20260717T012339903058Z,msl_ncam_nlb_439225164edr_f0240000ncam05113m1,test_msl,ALL,boundary_f1,1.0,0,0,96800
segformer__pretrained__mit-b2__in_rover__seed1416__gpu_full__0292c93e__git3e52372c__codebebd8b2d__20260717T012339903058Z,msl_ncam_nlb_439225290edr_f0240000ncam05113m1,test_msl,soil,iou,1.0,8548,8548,8548
segformer__pretrained__mit-b2__in_rover__seed1416__gpu_full__0292c93e__git3e52372c__codebebd8b2d__20260717T012339903058Z,msl_ncam_nlb_439225290edr_f0240000ncam05113m1,test_msl,bedrock,iou,,0,0,8548
segformer__pretrained__mit-b2__in_rover__seed1416__gpu_full__0292c93e__git3e52372c__codebebd8b2d__20260717T012339903058Z,msl_ncam_nlb_439225290edr_f0240000ncam05113m1,test_msl,sand,iou,,0,0,8548
segformer__pretrained__mit-b2__in_rover__seed1416__gpu_full__0292c93e__git3e52372c__codebebd8b2d__20260717T012339903058Z,msl_ncam_nlb_439225290edr_f0240000ncam05113m1,test_msl,big_rock,iou,,0,0,8548
segformer__pretrained__mit-b2__in_rover__seed1416__gpu_full__0292c93e__git3e52372c__codebebd8b2d__20260717T012339903058Z,msl_ncam_nlb_439225290edr_f0240000ncam05113m1,test_msl,ALL,pixel_acc,1.0,0,0,8548
segformer__pretrained__mit-b2__in_rover__seed1416__gpu_full__0292c93e__git3e52372c__codebebd8b2d__20260717T012339903058Z,msl_ncam_nlb_439225290edr_f0240000ncam05113m1,test_msl,ALL,boundary_f1,1.0,0,0,8548
segformer__pretrained__mit-b2__in_rover__seed1416__gpu_full__0292c93e__git3e52372c__codebebd8b2d__20260717T012339903058Z,msl_ncam_nlb_439225843edr_f0240000ncam00267m1,test_msl,soil,iou,1.0,59790,59790,59790
segformer__pretrained__mit-b2__in_rover__seed1416__gpu_full__0292c93e__git3e52372c__codebebd8b2d__20260717T012339903058Z,msl_ncam_nlb_439225843edr_f0240000ncam00267m1,test_msl,bedrock,iou,,0,0,59790
segformer__pretrained__mit-b2__in_rover__seed1416__gpu_full__0292c93e__git3e52372c__codebebd8b2d__20260717T012339903058Z,msl_ncam_nlb_439225843edr_f0240000ncam00267m1,test_msl,sand,iou,,0,0,59790
segformer__pretrained__mit-b2__in_rover__seed1416__gpu_full__0292c93e__git3e52372c__codebebd8b2d__20260717T012339903058Z,msl_ncam_nlb_439225843edr_f0240000ncam00267m1,test_msl,big_rock,iou,,0,0,59790
segformer__pretrained__mit-b2__in_rover__seed1416__gpu_full__0292c93e__git3e52372c__codebebd8b2d__20260717T012339903058Z,msl_ncam_nlb_439225843edr_f0240000ncam00267m1,test_msl,ALL,pixel_acc,1.0,0,0,59790
segformer__pretrained__mit-b2__in_rover__seed1416__gpu_full__0292c93e__git3e52372c__codebebd8b2d__20260717T012339903058Z,msl_ncam_nlb_439225843edr_f0240000ncam00267m1,test_msl,ALL,boundary_f1,1.0,0,0,59790
segformer__pretrained__mit-b2__in_rover__seed1416__gpu_full__0292c93e__git3e52372c__codebebd8b2d__20260717T012339903058Z,msl_ncam_nlb_439225957edr_f0240000ncam00267m1,test_msl,soil,iou,1.0,32088,32088,32088
segformer__pretrained__mit-b2__in_rover__seed1416__gpu_full__0292c93e__git3e52372c__codebebd8b2d__20260717T012339903058Z,msl_ncam_nlb_439225957edr_f0240000ncam00267m1,test_msl,bedrock,iou,,0,0,32088
segformer__pretrained__mit-b2__in_rover__seed1416__gpu_full__0292c93e__git3e52372c__codebebd8b2d__20260717T012339903058Z,msl_ncam_nlb_439225957edr_f0240000ncam00267m1,test_msl,sand,iou,,0,0,32088
segformer__pretrained__mit-b2__in_rover__seed1416__gpu_full__0292c93e__git3e52372c__codebebd8b2d__20260717T012339903058Z,msl_ncam_nlb_439225957edr_f0240000ncam00267m1,test_msl,big_rock,iou,,0,0,32088
segformer__pretrained__mit-b2__in_rover__seed1416__gpu_full__0292c93e__git3e52372c__codebebd8b2d__20260717T012339903058Z,msl_ncam_nlb_439225957edr_f0240000ncam00267m1,test_msl,ALL,pixel_acc,1.0,0,0,32088
segformer__pretrained__mit-b2__in_rover__seed1416__gpu_full__0292c93e__git3e52372c__codebebd8b2d__20260717T012339903058Z,msl_ncam_nlb_439225957edr_f0240000ncam00267m1,test_msl,ALL,boundary_f1,1.0,0,0,32088
segformer__pretrained__mit-b2__in_rover__seed1416__gpu_full__0292c93e__git3e52372c__codebebd8b2d__20260717T012339903058Z,msl_ncam_nlb_439226019edr_f0240000ncam00267m1,test_msl,soil,iou,1.0,11757,11757,11757
segformer__pretrained__mit-b2__in_rover__seed1416__gpu_full__0292c93e__git3e52372c__codebebd8b2d__20260717T012339903058Z,msl_ncam_nlb_439226019edr_f0240000ncam00267m1,test_msl,bedrock,iou,,0,0,11757
segformer__pretrained__mit-b2__in_rover__seed1416__gpu_full__0292c93e__git3e52372c__codebebd8b2d__20260717T012339903058Z,msl_ncam_nlb_439226019edr_f0240000ncam00267m1,test_msl,sand,iou,,0,0,11757
segformer__pretrained__mit-b2__in_rover__seed1416__gpu_full__0292c93e__git3e52372c__codebebd8b2d__20260717T012339903058Z,msl_ncam_nlb_439226019edr_f0240000ncam00267m1,test_msl,big_rock,iou,,0,0,11757
segformer__pretrained__mit-b2__in_rover__seed1416__gpu_full__0292c93e__git3e52372c__codebebd8b2d__20260717T012339903058Z,msl_ncam_nlb_439226019edr_f0240000ncam00267m1,test_msl,ALL,pixel_acc,1.0,0,0,11757
segformer__pretrained__mit-b2__in_rover__seed1416__gpu_full__0292c93e__git3e52372c__codebebd8b2d__20260717T012339903058Z,msl_ncam_nlb_439226019edr_f0240000ncam00267m1,test_msl,ALL,boundary_f1,1.0,0,0,11757
segformer__pretrained__mit-b2__in_rover__seed1416__gpu_full__0292c93e__git3e52372c__codebebd8b2d__20260717T012339903058Z,msl_ncam_nlb_439226061edr_f0240000ncam00350m1,test_msl,soil,iou,0.596770766942851,14045,23535,23535
segformer__pretrained__mit-b2__in_rover__seed1416__gpu_full__0292c93e__git3e52372c__codebebd8b2d__20260717T012339903058Z,msl_ncam_nlb_439226061edr_f0240000ncam00350m1,test_msl,bedrock,iou,0.0,0,9490,23535
segformer__pretrained__mit-b2__in_rover__seed1416__gpu_full__0292c93e__git3e52372c__codebebd8b2d__20260717T012339903058Z,msl_ncam_nlb_439226061edr_f0240000ncam00350m1,test_msl,sand,iou,,0,0,23535
segformer__pretrained__mit-b2__in_rover__seed1416__gpu_full__0292c93e__git3e52372c__codebebd8b2d__20260717T012339903058Z,msl_ncam_nlb_439226061edr_f0240000ncam00350m1,test_msl,big_rock,iou,,0,0,23535
segformer__pretrained__mit-b2__in_rover__seed1416__gpu_full__0292c93e__git3e52372c__codebebd8b2d__20260717T012339903058Z,msl_ncam_nlb_439226061edr_f0240000ncam00350m1,test_msl,ALL,pixel_acc,0.596770766942851,0,0,23535
segformer__pretrained__mit-b2__in_rover__seed1416__gpu_full__0292c93e__git3e52372c__codebebd8b2d__20260717T012339903058Z,msl_ncam_nlb_439226061edr_f0240000ncam00350m1,test_msl,ALL,boundary_f1,0.27549651270237085,0,0,23535
segformer__pretrained__mit-b2__in_rover__seed1416__gpu_full__0292c93e__git3e52372c__codebebd8b2d__20260717T012339903058Z,msl_ncam_nlb_439226140edr_f0240000ncam00350m1,test_msl,soil,iou,1.0,178948,178948,178948
segformer__pretrained__mit-b2__in_rover__seed1416__gpu_full__0292c93e__git3e52372c__codebebd8b2d__20260717T012339903058Z,msl_ncam_nlb_439226140edr_f0240000ncam00350m1,test_msl,bedrock,iou,,0,0,178948
segformer__pretrained__mit-b2__in_rover__seed1416__gpu_full__0292c93e__git3e52372c__codebebd8b2d__20260717T012339903058Z,msl_ncam_nlb_439226140edr_f0240000ncam00350m1,test_msl,sand,iou,,0,0,178948
segformer__pretrained__mit-b2__in_rover__seed1416__gpu_full__0292c93e__git3e52372c__codebebd8b2d__20260717T012339903058Z,msl_ncam_nlb_439226140edr_f0240000ncam00350m1,test_msl,big_rock,iou,,0,0,178948
segformer__pretrained__mit-b2__in_rover__seed1416__gpu_full__0292c93e__git3e52372c__codebebd8b2d__20260717T012339903058Z,msl_ncam_nlb_439226140edr_f0240000ncam00350m1,test_msl,ALL,pixel_acc,1.0,0,0,178948
segformer__pretrained__mit-b2__in_rover__seed1416__gpu_full__0292c93e__git3e52372c__codebebd8b2d__20260717T012339903058Z,msl_ncam_nlb_439226140edr_f0240000ncam00350m1,test_msl,ALL,boundary_f1,1.0,0,0,178948
segformer__pretrained__mit-b2__in_rover__seed1416__gpu_full__0292c93e__git3e52372c__codebebd8b2d__20260717T012339903058Z,msl_ncam_nlb_442591818edr_f0250254ncam00470m1,test_msl,soil,iou,1.0,18461,18461,18461
segformer__pretrained__mit-b2__in_rover__seed1416__gpu_full__0292c93e__git3e52372c__codebebd8b2d__20260717T012339903058Z,msl_ncam_nlb_442591818edr_f0250254ncam00470m1,test_msl,bedrock,iou,,0,0,18461
segformer__pretrained__mit-b2__in_rover__seed1416__gpu_full__0292c93e__git3e52372c__codebebd8b2d__20260717T012339903058Z,msl_ncam_nlb_442591818edr_f0250254ncam00470m1,test_msl,sand,iou,,0,0,18461
segformer__pretrained__mit-b2__in_rover__seed1416__gpu_full__0292c93e__git3e52372c__codebebd8b2d__20260717T012339903058Z,msl_ncam_nlb_442591818edr_f0250254ncam00470m1,test_msl,big_rock,iou,,0,0,18461
segformer__pretrained__mit-b2__in_rover__seed1416__gpu_full__0292c93e__git3e52372c__codebebd8b2d__20260717T012339903058Z,msl_ncam_nlb_442591818edr_f0250254ncam00470m1,test_msl,ALL,pixel_acc,1.0,0,0,18461
segformer__pretrained__mit-b2__in_rover__seed1416__gpu_full__0292c93e__git3e52372c__codebebd8b2d__20260717T012339903058Z,msl_ncam_nlb_442591818edr_f0250254ncam00470m1,test_msl,ALL,boundary_f1,1.0,0,0,18461
segformer__pretrained__mit-b2__in_rover__seed1416__gpu_full__0292c93e__git3e52372c__codebebd8b2d__20260717T012339903058Z,msl_ncam_nlb_442592358edr_f0250272ncam00385m1,test_msl,soil,iou,1.0,134437,134437,134437
segformer__pretrained__mit-b2__in_rover__seed1416__gpu_full__0292c93e__git3e52372c__codebebd8b2d__20260717T012339903058Z,msl_ncam_nlb_442592358edr_f0250272ncam00385m1,test_msl,bedrock,iou,,0,0,134437
segformer__pretrained__mit-b2__in_rover__seed1416__gpu_full__0292c93e__git3e52372c__codebebd8b2d__20260717T012339903058Z,msl_ncam_nlb_442592358edr_f0250272ncam00385m1,test_msl,sand,iou,,0,0,134437
segformer__pretrained__mit-b2__in_rover__seed1416__gpu_full__0292c93e__git3e52372c__codebebd8b2d__20260717T012339903058Z,msl_ncam_nlb_442592358edr_f0250272ncam00385m1,test_msl,big_rock,iou,,0,0,134437
segformer__pretrained__mit-b2__in_rover__seed1416__gpu_full__0292c93e__git3e52372c__codebebd8b2d__20260717T012339903058Z,msl_ncam_nlb_442592358edr_f0250272ncam00385m1,test_msl,ALL,pixel_acc,1.0,0,0,134437
segformer__pretrained__mit-b2__in_rover__seed1416__gpu_full__0292c93e__git3e52372c__codebebd8b2d__20260717T012339903058Z,msl_ncam_nlb_442592358edr_f0250272ncam00385m1,test_msl,ALL,boundary_f1,1.0,0,0,134437
segformer__pretrained__mit-b2__in_rover__seed1416__gpu_full__0292c93e__git3e52372c__codebebd8b2d__20260717T012339903058Z,msl_ncam_nlb_442593301edr_f0250312ncam00353m1,test_msl,soil,iou,1.0,106977,106977,106977
segformer__pretrained__mit-b2__in_rover__seed1416__gpu_full__0292c93e__git3e52372c__codebebd8b2d__20260717T012339903058Z,msl_ncam_nlb_442593301edr_f0250312ncam00353m1,test_msl,bedrock,iou,,0,0,106977
segformer__pretrained__mit-b2__in_rover__seed1416__gpu_full__0292c93e__git3e52372c__codebebd8b2d__20260717T012339903058Z,msl_ncam_nlb_442593301edr_f0250312ncam00353m1,test_msl,sand,iou,,0,0,106977
segformer__pretrained__mit-b2__in_rover__seed1416__gpu_full__0292c93e__git3e52372c__codebebd8b2d__20260717T012339903058Z,msl_ncam_nlb_442593301edr_f0250312ncam00353m1,test_msl,big_rock,iou,,0,0,106977
segformer__pretrained__mit-b2__in_rover__seed1416__gpu_full__0292c93e__git3e52372c__codebebd8b2d__20260717T012339903058Z,msl_ncam_nlb_442593301edr_f0250312ncam00353m1,test_msl,ALL,pixel_acc,1.0,0,0,106977
segformer__pretrained__mit-b2__in_rover__seed1416__gpu_full__0292c93e__git3e52372c__codebebd8b2d__20260717T012339903058Z,msl_ncam_nlb_442593301edr_f0250312ncam00353m1,test_msl,ALL,boundary_f1,1.0,0,0,106977
segformer__pretrained__mit-b2__in_rover__seed1416__gpu_full__0292c93e__git3e52372c__codebebd8b2d__20260717T012339903058Z,msl_ncam_nlb_442598077edr_f0250312ncam00281m1,test_msl,soil,iou,1.0,8175,8175,8175
segformer__pretrained__mit-b2__in_rover__seed1416__gpu_full__0292c93e__git3e52372c__codebebd8b2d__20260717T012339903058Z,msl_ncam_nlb_442598077edr_f0250312ncam00281m1,test_msl,bedrock,iou,,0,0,8175
segformer__pretrained__mit-b2__in_rover__seed1416__gpu_full__0292c93e__git3e52372c__codebebd8b2d__20260717T012339903058Z,msl_ncam_nlb_442598077edr_f0250312ncam00281m1,test_msl,sand,iou,,0,0,8175
segformer__pretrained__mit-b2__in_rover__seed1416__gpu_full__0292c93e__git3e52372c__codebebd8b2d__20260717T012339903058Z,msl_ncam_nlb_442598077edr_f0250312ncam00281m1,test_msl,big_rock,iou,,0,0,8175
segformer__pretrained__mit-b2__in_rover__seed1416__gpu_full__0292c93e__git3e52372c__codebebd8b2d__20260717T012339903058Z,msl_ncam_nlb_442598077edr_f0250312ncam00281m1,test_msl,ALL,pixel_acc,1.0,0,0,8175
segformer__pretrained__mit-b2__in_rover__seed1416__gpu_full__0292c93e__git3e52372c__codebebd8b2d__20260717T012339903058Z,msl_ncam_nlb_442598077edr_f0250312ncam00281m1,test_msl,ALL,boundary_f1,1.0,0,0,8175
segformer__pretrained__mit-b2__in_rover__seed1416__gpu_full__0292c93e__git3e52372c__codebebd8b2d__20260717T012339903058Z,msl_ncam_nlb_442598204edr_f0250312ncam00281m1,test_msl,soil,iou,0.963454589041704,108511,112627,113414
segformer__pretrained__mit-b2__in_rover__seed1416__gpu_full__0292c93e__git3e52372c__codebebd8b2d__20260717T012339903058Z,msl_ncam_nlb_442598204edr_f0250312ncam00281m1,test_msl,bedrock,iou,0.08855172413793104,321,3625,113414
segformer__pretrained__mit-b2__in_rover__seed1416__gpu_full__0292c93e__git3e52372c__codebebd8b2d__20260717T012339903058Z,msl_ncam_nlb_442598204edr_f0250312ncam00281m1,test_msl,sand,iou,0.3646322378716745,466,1278,113414
segformer__pretrained__mit-b2__in_rover__seed1416__gpu_full__0292c93e__git3e52372c__codebebd8b2d__20260717T012339903058Z,msl_ncam_nlb_442598204edr_f0250312ncam00281m1,test_msl,big_rock,iou,,0,0,113414
segformer__pretrained__mit-b2__in_rover__seed1416__gpu_full__0292c93e__git3e52372c__codebebd8b2d__20260717T012339903058Z,msl_ncam_nlb_442598204edr_f0250312ncam00281m1,test_msl,ALL,pixel_acc,0.9637081841747932,0,0,113414
segformer__pretrained__mit-b2__in_rover__seed1416__gpu_full__0292c93e__git3e52372c__codebebd8b2d__20260717T012339903058Z,msl_ncam_nlb_442598204edr_f0250312ncam00281m1,test_msl,ALL,boundary_f1,0.6427384326542461,0,0,113414
segformer__pretrained__mit-b2__in_rover__seed1416__gpu_full__0292c93e__git3e52372c__codebebd8b2d__20260717T012339903058Z,msl_ncam_nlb_442600163edr_f0250312ncam00350m1,test_msl,soil,iou,1.0,151293,151293,151293
segformer__pretrained__mit-b2__in_rover__seed1416__gpu_full__0292c93e__git3e52372c__codebebd8b2d__20260717T012339903058Z,msl_ncam_nlb_442600163edr_f0250312ncam00350m1,test_msl,bedrock,iou,,0,0,151293
segformer__pretrained__mit-b2__in_rover__seed1416__gpu_full__0292c93e__git3e52372c__codebebd8b2d__20260717T012339903058Z,msl_ncam_nlb_442600163edr_f0250312ncam00350m1,test_msl,sand,iou,,0,0,151293
segformer__pretrained__mit-b2__in_rover__seed1416__gpu_full__0292c93e__git3e52372c__codebebd8b2d__20260717T012339903058Z,msl_ncam_nlb_442600163edr_f0250312ncam00350m1,test_msl,big_rock,iou,,0,0,151293
segformer__pretrained__mit-b2__in_rover__seed1416__gpu_full__0292c93e__git3e52372c__codebebd8b2d__20260717T012339903058Z,msl_ncam_nlb_442600163edr_f0250312ncam00350m1,test_msl,ALL,pixel_acc,1.0,0,0,151293
segformer__pretrained__mit-b2__in_rover__seed1416__gpu_full__0292c93e__git3e52372c__codebebd8b2d__20260717T012339903058Z,msl_ncam_nlb_442600163edr_f0250312ncam00350m1,test_msl,ALL,boundary_f1,1.0,0,0,151293
segformer__pretrained__mit-b2__in_rover__seed1416__gpu_full__0292c93e__git3e52372c__codebebd8b2d__20260717T012339903058Z,msl_ncam_nlb_442600208edr_f0250312ncam00282m1,test_msl,soil,iou,1.0,68473,68473,68473
segformer__pretrained__mit-b2__in_rover__seed1416__gpu_full__0292c93e__git3e52372c__codebebd8b2d__20260717T012339903058Z,msl_ncam_nlb_442600208edr_f0250312ncam00282m1,test_msl,bedrock,iou,,0,0,68473
segformer__pretrained__mit-b2__in_rover__seed1416__gpu_full__0292c93e__git3e52372c__codebebd8b2d__20260717T012339903058Z,msl_ncam_nlb_442600208edr_f0250312ncam00282m1,test_msl,sand,iou,,0,0,68473
segformer__pretrained__mit-b2__in_rover__seed1416__gpu_full__0292c93e__git3e52372c__codebebd8b2d__20260717T012339903058Z,msl_ncam_nlb_442600208edr_f0250312ncam00282m1,test_msl,big_rock,iou,,0,0,68473
segformer__pretrained__mit-b2__in_rover__seed1416__gpu_full__0292c93e__git3e52372c__codebebd8b2d__20260717T012339903058Z,msl_ncam_nlb_442600208edr_f0250312ncam00282m1,test_msl,ALL,pixel_acc,1.0,0,0,68473
segformer__pretrained__mit-b2__in_rover__seed1416__gpu_full__0292c93e__git3e52372c__codebebd8b2d__20260717T012339903058Z,msl_ncam_nlb_442600208edr_f0250312ncam00282m1,test_msl,ALL,boundary_f1,1.0,0,0,68473
segformer__pretrained__mit-b2__in_rover__seed1416__gpu_full__0292c93e__git3e52372c__codebebd8b2d__20260717T012339903058Z,msl_ncam_nlb_442600301edr_f0250312ncam00282m1,test_msl,soil,iou,0.9861834787190445,50535,51243,51243
segformer__pretrained__mit-b2__in_rover__seed1416__gpu_full__0292c93e__git3e52372c__codebebd8b2d__20260717T012339903058Z,msl_ncam_nlb_442600301edr_f0250312ncam00282m1,test_msl,bedrock,iou,0.0,0,708,51243
segformer__pretrained__mit-b2__in_rover__seed1416__gpu_full__0292c93e__git3e52372c__codebebd8b2d__20260717T012339903058Z,msl_ncam_nlb_442600301edr_f0250312ncam00282m1,test_msl,sand,iou,,0,0,51243
segformer__pretrained__mit-b2__in_rover__seed1416__gpu_full__0292c93e__git3e52372c__codebebd8b2d__20260717T012339903058Z,msl_ncam_nlb_442600301edr_f0250312ncam00282m1,test_msl,big_rock,iou,,0,0,51243
segformer__pretrained__mit-b2__in_rover__seed1416__gpu_full__0292c93e__git3e52372c__codebebd8b2d__20260717T012339903058Z,msl_ncam_nlb_442600301edr_f0250312ncam00282m1,test_msl,ALL,pixel_acc,0.9861834787190445,0,0,51243
segformer__pretrained__mit-b2__in_rover__seed1416__gpu_full__0292c93e__git3e52372c__codebebd8b2d__20260717T012339903058Z,msl_ncam_nlb_442600301edr_f0250312ncam00282m1,test_msl,ALL,boundary_f1,0.4700854700854701,0,0,51243
segformer__pretrained__mit-b2__in_rover__seed1416__gpu_full__0292c93e__git3e52372c__codebebd8b2d__20260717T012339903058Z,msl_ncam_nlb_442600416edr_f0250312ncam00282m1,test_msl,soil,iou,1.0,7457,7457,8486
segformer__pretrained__mit-b2__in_rover__seed1416__gpu_full__0292c93e__git3e52372c__codebebd8b2d__20260717T012339903058Z,msl_ncam_nlb_442600416edr_f0250312ncam00282m1,test_msl,bedrock,iou,,0,0,8486
segformer__pretrained__mit-b2__in_rover__seed1416__gpu_full__0292c93e__git3e52372c__codebebd8b2d__20260717T012339903058Z,msl_ncam_nlb_442600416edr_f0250312ncam00282m1,test_msl,sand,iou,1.0,1029,1029,8486
segformer__pretrained__mit-b2__in_rover__seed1416__gpu_full__0292c93e__git3e52372c__codebebd8b2d__20260717T012339903058Z,msl_ncam_nlb_442600416edr_f0250312ncam00282m1,test_msl,big_rock,iou,,0,0,8486
segformer__pretrained__mit-b2__in_rover__seed1416__gpu_full__0292c93e__git3e52372c__codebebd8b2d__20260717T012339903058Z,msl_ncam_nlb_442600416edr_f0250312ncam00282m1,test_msl,ALL,pixel_acc,1.0,0,0,8486
segformer__pretrained__mit-b2__in_rover__seed1416__gpu_full__0292c93e__git3e52372c__codebebd8b2d__20260717T012339903058Z,msl_ncam_nlb_442600416edr_f0250312ncam00282m1,test_msl,ALL,boundary_f1,1.0,0,0,8486
segformer__pretrained__mit-b2__in_rover__seed1416__gpu_full__0292c93e__git3e52372c__codebebd8b2d__20260717T012339903058Z,msl_ncam_nlb_442600447edr_f0250312ncam00282m1,test_msl,soil,iou,1.0,14865,14865,14865
segformer__pretrained__mit-b2__in_rover__seed1416__gpu_full__0292c93e__git3e52372c__codebebd8b2d__20260717T012339903058Z,msl_ncam_nlb_442600447edr_f0250312ncam00282m1,test_msl,bedrock,iou,,0,0,14865
segformer__pretrained__mit-b2__in_rover__seed1416__gpu_full__0292c93e__git3e52372c__codebebd8b2d__20260717T012339903058Z,msl_ncam_nlb_442600447edr_f0250312ncam00282m1,test_msl,sand,iou,,0,0,14865
segformer__pretrained__mit-b2__in_rover__seed1416__gpu_full__0292c93e__git3e52372c__codebebd8b2d__20260717T012339903058Z,msl_ncam_nlb_442600447edr_f0250312ncam00282m1,test_msl,big_rock,iou,,0,0,14865
segformer__pretrained__mit-b2__in_rover__seed1416__gpu_full__0292c93e__git3e52372c__codebebd8b2d__20260717T012339903058Z,msl_ncam_nlb_442600447edr_f0250312ncam00282m1,test_msl,ALL,pixel_acc,1.0,0,0,14865
segformer__pretrained__mit-b2__in_rover__seed1416__gpu_full__0292c93e__git3e52372c__codebebd8b2d__20260717T012339903058Z,msl_ncam_nlb_442600447edr_f0250312ncam00282m1,test_msl,ALL,boundary_f1,1.0,0,0,14865
segformer__pretrained__mit-b2__in_rover__seed1416__gpu_full__0292c93e__git3e52372c__codebebd8b2d__20260717T012339903058Z,msl_ncam_nlb_443659348edr_f0251082ncam00470m1,test_msl,soil,iou,1.0,97953,97953,97953
segformer__pretrained__mit-b2__in_rover__seed1416__gpu_full__0292c93e__git3e52372c__codebebd8b2d__20260717T012339903058Z,msl_ncam_nlb_443659348edr_f0251082ncam00470m1,test_msl,bedrock,iou,,0,0,97953
segformer__pretrained__mit-b2__in_rover__seed1416__gpu_full__0292c93e__git3e52372c__codebebd8b2d__20260717T012339903058Z,msl_ncam_nlb_443659348edr_f0251082ncam00470m1,test_msl,sand,iou,,0,0,97953
segformer__pretrained__mit-b2__in_rover__seed1416__gpu_full__0292c93e__git3e52372c__codebebd8b2d__20260717T012339903058Z,msl_ncam_nlb_443659348edr_f0251082ncam00470m1,test_msl,big_rock,iou,,0,0,97953
segformer__pretrained__mit-b2__in_rover__seed1416__gpu_full__0292c93e__git3e52372c__codebebd8b2d__20260717T012339903058Z,msl_ncam_nlb_443659348edr_f0251082ncam00470m1,test_msl,ALL,pixel_acc,1.0,0,0,97953
segformer__pretrained__mit-b2__in_rover__seed1416__gpu_full__0292c93e__git3e52372c__codebebd8b2d__20260717T012339903058Z,msl_ncam_nlb_443659348edr_f0251082ncam00470m1,test_msl,ALL,boundary_f1,1.0,0,0,97953
segformer__pretrained__mit-b2__in_rover__seed1416__gpu_full__0292c93e__git3e52372c__codebebd8b2d__20260717T012339903058Z,msl_ncam_nlb_443663198edr_f0251238ncam00353m1,test_msl,soil,iou,1.0,159090,159090,159090
segformer__pretrained__mit-b2__in_rover__seed1416__gpu_full__0292c93e__git3e52372c__codebebd8b2d__20260717T012339903058Z,msl_ncam_nlb_443663198edr_f0251238ncam00353m1,test_msl,bedrock,iou,,0,0,159090
segformer__pretrained__mit-b2__in_rover__seed1416__gpu_full__0292c93e__git3e52372c__codebebd8b2d__20260717T012339903058Z,msl_ncam_nlb_443663198edr_f0251238ncam00353m1,test_msl,sand,iou,,0,0,159090
segformer__pretrained__mit-b2__in_rover__seed1416__gpu_full__0292c93e__git3e52372c__codebebd8b2d__20260717T012339903058Z,msl_ncam_nlb_443663198edr_f0251238ncam00353m1,test_msl,big_rock,iou,,0,0,159090
segformer__pretrained__mit-b2__in_rover__seed1416__gpu_full__0292c93e__git3e52372c__codebebd8b2d__20260717T012339903058Z,msl_ncam_nlb_443663198edr_f0251238ncam00353m1,test_msl,ALL,pixel_acc,1.0,0,0,159090
segformer__pretrained__mit-b2__in_rover__seed1416__gpu_full__0292c93e__git3e52372c__codebebd8b2d__20260717T012339903058Z,msl_ncam_nlb_443663198edr_f0251238ncam00353m1,test_msl,ALL,boundary_f1,1.0,0,0,159090
segformer__pretrained__mit-b2__in_rover__seed1416__gpu_full__0292c93e__git3e52372c__codebebd8b2d__20260717T012339903058Z,msl_ncam_nlb_443663262edr_f0251238ncam00289m1,test_msl,soil,iou,1.0,68719,68719,68719
segformer__pretrained__mit-b2__in_rover__seed1416__gpu_full__0292c93e__git3e52372c__codebebd8b2d__20260717T012339903058Z,msl_ncam_nlb_443663262edr_f0251238ncam00289m1,test_msl,bedrock,iou,,0,0,68719
segformer__pretrained__mit-b2__in_rover__seed1416__gpu_full__0292c93e__git3e52372c__codebebd8b2d__20260717T012339903058Z,msl_ncam_nlb_443663262edr_f0251238ncam00289m1,test_msl,sand,iou,,0,0,68719
segformer__pretrained__mit-b2__in_rover__seed1416__gpu_full__0292c93e__git3e52372c__codebebd8b2d__20260717T012339903058Z,msl_ncam_nlb_443663262edr_f0251238ncam00289m1,test_msl,big_rock,iou,,0,0,68719
segformer__pretrained__mit-b2__in_rover__seed1416__gpu_full__0292c93e__git3e52372c__codebebd8b2d__20260717T012339903058Z,msl_ncam_nlb_443663262edr_f0251238ncam00289m1,test_msl,ALL,pixel_acc,1.0,0,0,68719
segformer__pretrained__mit-b2__in_rover__seed1416__gpu_full__0292c93e__git3e52372c__codebebd8b2d__20260717T012339903058Z,msl_ncam_nlb_443663262edr_f0251238ncam00289m1,test_msl,ALL,boundary_f1,1.0,0,0,68719
segformer__pretrained__mit-b2__in_rover__seed1416__gpu_full__0292c93e__git3e52372c__codebebd8b2d__20260717T012339903058Z,msl_ncam_nlb_443663326edr_f0251238ncam00289m1,test_msl,soil,iou,1.0,163565,163565,163565
segformer__pretrained__mit-b2__in_rover__seed1416__gpu_full__0292c93e__git3e52372c__codebebd8b2d__20260717T012339903058Z,msl_ncam_nlb_443663326edr_f0251238ncam00289m1,test_msl,bedrock,iou,,0,0,163565
segformer__pretrained__mit-b2__in_rover__seed1416__gpu_full__0292c93e__git3e52372c__codebebd8b2d__20260717T012339903058Z,msl_ncam_nlb_443663326edr_f0251238ncam00289m1,test_msl,sand,iou,,0,0,163565
segformer__pretrained__mit-b2__in_rover__seed1416__gpu_full__0292c93e__git3e52372c__codebebd8b2d__20260717T012339903058Z,msl_ncam_nlb_443663326edr_f0251238ncam00289m1,test_msl,big_rock,iou,,0,0,163565
segformer__pretrained__mit-b2__in_rover__seed1416__gpu_full__0292c93e__git3e52372c__codebebd8b2d__20260717T012339903058Z,msl_ncam_nlb_443663326edr_f0251238ncam00289m1,test_msl,ALL,pixel_acc,1.0,0,0,163565
segformer__pretrained__mit-b2__in_rover__seed1416__gpu_full__0292c93e__git3e52372c__codebebd8b2d__20260717T012339903058Z,msl_ncam_nlb_443663326edr_f0251238ncam00289m1,test_msl,ALL,boundary_f1,1.0,0,0,163565
segformer__pretrained__mit-b2__in_rover__seed1416__gpu_full__0292c93e__git3e52372c__codebebd8b2d__20260717T012339903058Z,msl_ncam_nlb_443668744edr_f0251238ncam00292m1,test_msl,soil,iou,1.0,56933,56933,56933
segformer__pretrained__mit-b2__in_rover__seed1416__gpu_full__0292c93e__git3e52372c__codebebd8b2d__20260717T012339903058Z,msl_ncam_nlb_443668744edr_f0251238ncam00292m1,test_msl,bedrock,iou,,0,0,56933
segformer__pretrained__mit-b2__in_rover__seed1416__gpu_full__0292c93e__git3e52372c__codebebd8b2d__20260717T012339903058Z,msl_ncam_nlb_443668744edr_f0251238ncam00292m1,test_msl,sand,iou,,0,0,56933
segformer__pretrained__mit-b2__in_rover__seed1416__gpu_full__0292c93e__git3e52372c__codebebd8b2d__20260717T012339903058Z,msl_ncam_nlb_443668744edr_f0251238ncam00292m1,test_msl,big_rock,iou,,0,0,56933
segformer__pretrained__mit-b2__in_rover__seed1416__gpu_full__0292c93e__git3e52372c__codebebd8b2d__20260717T012339903058Z,msl_ncam_nlb_443668744edr_f0251238ncam00292m1,test_msl,ALL,pixel_acc,1.0,0,0,56933
segformer__pretrained__mit-b2__in_rover__seed1416__gpu_full__0292c93e__git3e52372c__codebebd8b2d__20260717T012339903058Z,msl_ncam_nlb_443668744edr_f0251238ncam00292m1,test_msl,ALL,boundary_f1,1.0,0,0,56933
segformer__pretrained__mit-b2__in_rover__seed1416__gpu_full__0292c93e__git3e52372c__codebebd8b2d__20260717T012339903058Z,msl_ncam_nlb_443668806edr_f0251238ncam00292m1,test_msl,soil,iou,1.0,80428,80428,80428
segformer__pretrained__mit-b2__in_rover__seed1416__gpu_full__0292c93e__git3e52372c__codebebd8b2d__20260717T012339903058Z,msl_ncam_nlb_443668806edr_f0251238ncam00292m1,test_msl,bedrock,iou,,0,0,80428
segformer__pretrained__mit-b2__in_rover__seed1416__gpu_full__0292c93e__git3e52372c__codebebd8b2d__20260717T012339903058Z,msl_ncam_nlb_443668806edr_f0251238ncam00292m1,test_msl,sand,iou,,0,0,80428
segformer__pretrained__mit-b2__in_rover__seed1416__gpu_full__0292c93e__git3e52372c__codebebd8b2d__20260717T012339903058Z,msl_ncam_nlb_443668806edr_f0251238ncam00292m1,test_msl,big_rock,iou,,0,0,80428
segformer__pretrained__mit-b2__in_rover__seed1416__gpu_full__0292c93e__git3e52372c__codebebd8b2d__20260717T012339903058Z,msl_ncam_nlb_443668806edr_f0251238ncam00292m1,test_msl,ALL,pixel_acc,1.0,0,0,80428
segformer__pretrained__mit-b2__in_rover__seed1416__gpu_full__0292c93e__git3e52372c__codebebd8b2d__20260717T012339903058Z,msl_ncam_nlb_443668806edr_f0251238ncam00292m1,test_msl,ALL,boundary_f1,1.0,0,0,80428
segformer__pretrained__mit-b2__in_rover__seed1416__gpu_full__0292c93e__git3e52372c__codebebd8b2d__20260717T012339903058Z,msl_ncam_nlb_443668921edr_f0251238ncam00292m1,test_msl,soil,iou,0.9963781575037147,75103,75376,75475
segformer__pretrained__mit-b2__in_rover__seed1416__gpu_full__0292c93e__git3e52372c__codebebd8b2d__20260717T012339903058Z,msl_ncam_nlb_443668921edr_f0251238ncam00292m1,test_msl,bedrock,iou,,0,0,75475
segformer__pretrained__mit-b2__in_rover__seed1416__gpu_full__0292c93e__git3e52372c__codebebd8b2d__20260717T012339903058Z,msl_ncam_nlb_443668921edr_f0251238ncam00292m1,test_msl,sand,iou,,0,0,75475
segformer__pretrained__mit-b2__in_rover__seed1416__gpu_full__0292c93e__git3e52372c__codebebd8b2d__20260717T012339903058Z,msl_ncam_nlb_443668921edr_f0251238ncam00292m1,test_msl,big_rock,iou,0.2661290322580645,99,372,75475
segformer__pretrained__mit-b2__in_rover__seed1416__gpu_full__0292c93e__git3e52372c__codebebd8b2d__20260717T012339903058Z,msl_ncam_nlb_443668921edr_f0251238ncam00292m1,test_msl,ALL,pixel_acc,0.9963829082477642,0,0,75475
segformer__pretrained__mit-b2__in_rover__seed1416__gpu_full__0292c93e__git3e52372c__codebebd8b2d__20260717T012339903058Z,msl_ncam_nlb_443668921edr_f0251238ncam00292m1,test_msl,ALL,boundary_f1,0.6942086996268364,0,0,75475
segformer__pretrained__mit-b2__in_rover__seed1416__gpu_full__0292c93e__git3e52372c__codebebd8b2d__20260717T012339903058Z,msl_ncam_nlb_443669058edr_f0251238ncam00352m1,test_msl,soil,iou,1.0,191983,191983,191983
segformer__pretrained__mit-b2__in_rover__seed1416__gpu_full__0292c93e__git3e52372c__codebebd8b2d__20260717T012339903058Z,msl_ncam_nlb_443669058edr_f0251238ncam00352m1,test_msl,bedrock,iou,,0,0,191983
segformer__pretrained__mit-b2__in_rover__seed1416__gpu_full__0292c93e__git3e52372c__codebebd8b2d__20260717T012339903058Z,msl_ncam_nlb_443669058edr_f0251238ncam00352m1,test_msl,sand,iou,,0,0,191983
segformer__pretrained__mit-b2__in_rover__seed1416__gpu_full__0292c93e__git3e52372c__codebebd8b2d__20260717T012339903058Z,msl_ncam_nlb_443669058edr_f0251238ncam00352m1,test_msl,big_rock,iou,,0,0,191983
segformer__pretrained__mit-b2__in_rover__seed1416__gpu_full__0292c93e__git3e52372c__codebebd8b2d__20260717T012339903058Z,msl_ncam_nlb_443669058edr_f0251238ncam00352m1,test_msl,ALL,pixel_acc,1.0,0,0,191983
segformer__pretrained__mit-b2__in_rover__seed1416__gpu_full__0292c93e__git3e52372c__codebebd8b2d__20260717T012339903058Z,msl_ncam_nlb_443669058edr_f0251238ncam00352m1,test_msl,ALL,boundary_f1,1.0,0,0,191983
segformer__pretrained__mit-b2__in_rover__seed1416__gpu_full__0292c93e__git3e52372c__codebebd8b2d__20260717T012339903058Z,msl_ncam_nlb_443669122edr_f0251238ncam00352m1,test_msl,soil,iou,0.9999927908703582,138712,138713,138713
segformer__pretrained__mit-b2__in_rover__seed1416__gpu_full__0292c93e__git3e52372c__codebebd8b2d__20260717T012339903058Z,msl_ncam_nlb_443669122edr_f0251238ncam00352m1,test_msl,bedrock,iou,,0,0,138713
segformer__pretrained__mit-b2__in_rover__seed1416__gpu_full__0292c93e__git3e52372c__codebebd8b2d__20260717T012339903058Z,msl_ncam_nlb_443669122edr_f0251238ncam00352m1,test_msl,sand,iou,0.0,0,1,138713
segformer__pretrained__mit-b2__in_rover__seed1416__gpu_full__0292c93e__git3e52372c__codebebd8b2d__20260717T012339903058Z,msl_ncam_nlb_443669122edr_f0251238ncam00352m1,test_msl,big_rock,iou,,0,0,138713
segformer__pretrained__mit-b2__in_rover__seed1416__gpu_full__0292c93e__git3e52372c__codebebd8b2d__20260717T012339903058Z,msl_ncam_nlb_443669122edr_f0251238ncam00352m1,test_msl,ALL,pixel_acc,0.9999927908703582,0,0,138713
segformer__pretrained__mit-b2__in_rover__seed1416__gpu_full__0292c93e__git3e52372c__codebebd8b2d__20260717T012339903058Z,msl_ncam_nlb_443669122edr_f0251238ncam00352m1,test_msl,ALL,boundary_f1,0.5,0,0,138713
segformer__pretrained__mit-b2__in_rover__seed1416__gpu_full__0292c93e__git3e52372c__codebebd8b2d__20260717T012339903058Z,msl_ncam_nlb_448278207edr_f0300432ncam00380m1,test_msl,soil,iou,1.0,219849,219849,219849
segformer__pretrained__mit-b2__in_rover__seed1416__gpu_full__0292c93e__git3e52372c__codebebd8b2d__20260717T012339903058Z,msl_ncam_nlb_448278207edr_f0300432ncam00380m1,test_msl,bedrock,iou,,0,0,219849
segformer__pretrained__mit-b2__in_rover__seed1416__gpu_full__0292c93e__git3e52372c__codebebd8b2d__20260717T012339903058Z,msl_ncam_nlb_448278207edr_f0300432ncam00380m1,test_msl,sand,iou,,0,0,219849
segformer__pretrained__mit-b2__in_rover__seed1416__gpu_full__0292c93e__git3e52372c__codebebd8b2d__20260717T012339903058Z,msl_ncam_nlb_448278207edr_f0300432ncam00380m1,test_msl,big_rock,iou,,0,0,219849
segformer__pretrained__mit-b2__in_rover__seed1416__gpu_full__0292c93e__git3e52372c__codebebd8b2d__20260717T012339903058Z,msl_ncam_nlb_448278207edr_f0300432ncam00380m1,test_msl,ALL,pixel_acc,1.0,0,0,219849
segformer__pretrained__mit-b2__in_rover__seed1416__gpu_full__0292c93e__git3e52372c__codebebd8b2d__20260717T012339903058Z,msl_ncam_nlb_448278207edr_f0300432ncam00380m1,test_msl,ALL,boundary_f1,1.0,0,0,219849
segformer__pretrained__mit-b2__in_rover__seed1416__gpu_full__0292c93e__git3e52372c__codebebd8b2d__20260717T012339903058Z,msl_ncam_nlb_448279148edr_f0300484ncam00353m1,test_msl,soil,iou,1.0,173750,173750,173750
segformer__pretrained__mit-b2__in_rover__seed1416__gpu_full__0292c93e__git3e52372c__codebebd8b2d__20260717T012339903058Z,msl_ncam_nlb_448279148edr_f0300484ncam00353m1,test_msl,bedrock,iou,,0,0,173750
segformer__pretrained__mit-b2__in_rover__seed1416__gpu_full__0292c93e__git3e52372c__codebebd8b2d__20260717T012339903058Z,msl_ncam_nlb_448279148edr_f0300484ncam00353m1,test_msl,sand,iou,,0,0,173750
segformer__pretrained__mit-b2__in_rover__seed1416__gpu_full__0292c93e__git3e52372c__codebebd8b2d__20260717T012339903058Z,msl_ncam_nlb_448279148edr_f0300484ncam00353m1,test_msl,big_rock,iou,,0,0,173750
segformer__pretrained__mit-b2__in_rover__seed1416__gpu_full__0292c93e__git3e52372c__codebebd8b2d__20260717T012339903058Z,msl_ncam_nlb_448279148edr_f0300484ncam00353m1,test_msl,ALL,pixel_acc,1.0,0,0,173750
segformer__pretrained__mit-b2__in_rover__seed1416__gpu_full__0292c93e__git3e52372c__codebebd8b2d__20260717T012339903058Z,msl_ncam_nlb_448279148edr_f0300484ncam00353m1,test_msl,ALL,boundary_f1,1.0,0,0,173750
segformer__pretrained__mit-b2__in_rover__seed1416__gpu_full__0292c93e__git3e52372c__codebebd8b2d__20260717T012339903058Z,msl_ncam_nlb_448279299edr_f0300484ncam00299m1,test_msl,soil,iou,1.0,103574,103574,103574
segformer__pretrained__mit-b2__in_rover__seed1416__gpu_full__0292c93e__git3e52372c__codebebd8b2d__20260717T012339903058Z,msl_ncam_nlb_448279299edr_f0300484ncam00299m1,test_msl,bedrock,iou,,0,0,103574
segformer__pretrained__mit-b2__in_rover__seed1416__gpu_full__0292c93e__git3e52372c__codebebd8b2d__20260717T012339903058Z,msl_ncam_nlb_448279299edr_f0300484ncam00299m1,test_msl,sand,iou,,0,0,103574
segformer__pretrained__mit-b2__in_rover__seed1416__gpu_full__0292c93e__git3e52372c__codebebd8b2d__20260717T012339903058Z,msl_ncam_nlb_448279299edr_f0300484ncam00299m1,test_msl,big_rock,iou,,0,0,103574
segformer__pretrained__mit-b2__in_rover__seed1416__gpu_full__0292c93e__git3e52372c__codebebd8b2d__20260717T012339903058Z,msl_ncam_nlb_448279299edr_f0300484ncam00299m1,test_msl,ALL,pixel_acc,1.0,0,0,103574
segformer__pretrained__mit-b2__in_rover__seed1416__gpu_full__0292c93e__git3e52372c__codebebd8b2d__20260717T012339903058Z,msl_ncam_nlb_448279299edr_f0300484ncam00299m1,test_msl,ALL,boundary_f1,1.0,0,0,103574
segformer__pretrained__mit-b2__in_rover__seed1416__gpu_full__0292c93e__git3e52372c__codebebd8b2d__20260717T012339903058Z,msl_ncam_nlb_448279363edr_f0300484ncam00299m1,test_msl,soil,iou,,0,0,0
segformer__pretrained__mit-b2__in_rover__seed1416__gpu_full__0292c93e__git3e52372c__codebebd8b2d__20260717T012339903058Z,msl_ncam_nlb_448279363edr_f0300484ncam00299m1,test_msl,bedrock,iou,,0,0,0
segformer__pretrained__mit-b2__in_rover__seed1416__gpu_full__0292c93e__git3e52372c__codebebd8b2d__20260717T012339903058Z,msl_ncam_nlb_448279363edr_f0300484ncam00299m1,test_msl,sand,iou,,0,0,0
segformer__pretrained__mit-b2__in_rover__seed1416__gpu_full__0292c93e__git3e52372c__codebebd8b2d__20260717T012339903058Z,msl_ncam_nlb_448279363edr_f0300484ncam00299m1,test_msl,big_rock,iou,,0,0,0
segformer__pretrained__mit-b2__in_rover__seed1416__gpu_full__0292c93e__git3e52372c__codebebd8b2d__20260717T012339903058Z,msl_ncam_nlb_448279363edr_f0300484ncam00299m1,test_msl,ALL,pixel_acc,,0,0,0
segformer__pretrained__mit-b2__in_rover__seed1416__gpu_full__0292c93e__git3e52372c__codebebd8b2d__20260717T012339903058Z,msl_ncam_nlb_448279363edr_f0300484ncam00299m1,test_msl,ALL,boundary_f1,,0,0,0
segformer__pretrained__mit-b2__in_rover__seed1416__gpu_full__0292c93e__git3e52372c__codebebd8b2d__20260717T012339903058Z,msl_ncam_nlb_448279809edr_f0300484ncam00354m1,test_msl,soil,iou,1.0,235752,235752,235752
segformer__pretrained__mit-b2__in_rover__seed1416__gpu_full__0292c93e__git3e52372c__codebebd8b2d__20260717T012339903058Z,msl_ncam_nlb_448279809edr_f0300484ncam00354m1,test_msl,bedrock,iou,,0,0,235752
segformer__pretrained__mit-b2__in_rover__seed1416__gpu_full__0292c93e__git3e52372c__codebebd8b2d__20260717T012339903058Z,msl_ncam_nlb_448279809edr_f0300484ncam00354m1,test_msl,sand,iou,,0,0,235752
segformer__pretrained__mit-b2__in_rover__seed1416__gpu_full__0292c93e__git3e52372c__codebebd8b2d__20260717T012339903058Z,msl_ncam_nlb_448279809edr_f0300484ncam00354m1,test_msl,big_rock,iou,,0,0,235752
segformer__pretrained__mit-b2__in_rover__seed1416__gpu_full__0292c93e__git3e52372c__codebebd8b2d__20260717T012339903058Z,msl_ncam_nlb_448279809edr_f0300484ncam00354m1,test_msl,ALL,pixel_acc,1.0,0,0,235752
segformer__pretrained__mit-b2__in_rover__seed1416__gpu_full__0292c93e__git3e52372c__codebebd8b2d__20260717T012339903058Z,msl_ncam_nlb_448279809edr_f0300484ncam00354m1,test_msl,ALL,boundary_f1,1.0,0,0,235752
segformer__pretrained__mit-b2__in_rover__seed1416__gpu_full__0292c93e__git3e52372c__codebebd8b2d__20260717T012339903058Z,msl_ncam_nlb_448279926edr_f0300484ncam00250m1,test_msl,soil,iou,1.0,165154,165154,165154
segformer__pretrained__mit-b2__in_rover__seed1416__gpu_full__0292c93e__git3e52372c__codebebd8b2d__20260717T012339903058Z,msl_ncam_nlb_448279926edr_f0300484ncam00250m1,test_msl,bedrock,iou,,0,0,165154
segformer__pretrained__mit-b2__in_rover__seed1416__gpu_full__0292c93e__git3e52372c__codebebd8b2d__20260717T012339903058Z,msl_ncam_nlb_448279926edr_f0300484ncam00250m1,test_msl,sand,iou,,0,0,165154
segformer__pretrained__mit-b2__in_rover__seed1416__gpu_full__0292c93e__git3e52372c__codebebd8b2d__20260717T012339903058Z,msl_ncam_nlb_448279926edr_f0300484ncam00250m1,test_msl,big_rock,iou,,0,0,165154
segformer__pretrained__mit-b2__in_rover__seed1416__gpu_full__0292c93e__git3e52372c__codebebd8b2d__20260717T012339903058Z,msl_ncam_nlb_448279926edr_f0300484ncam00250m1,test_msl,ALL,pixel_acc,1.0,0,0,165154
segformer__pretrained__mit-b2__in_rover__seed1416__gpu_full__0292c93e__git3e52372c__codebebd8b2d__20260717T012339903058Z,msl_ncam_nlb_448279926edr_f0300484ncam00250m1,test_msl,ALL,boundary_f1,1.0,0,0,165154
segformer__pretrained__mit-b2__in_rover__seed1416__gpu_full__0292c93e__git3e52372c__codebebd8b2d__20260717T012339903058Z,msl_ncam_nlb_448279988edr_f0300484ncam00250m1,test_msl,soil,iou,1.0,181913,181913,181913
segformer__pretrained__mit-b2__in_rover__seed1416__gpu_full__0292c93e__git3e52372c__codebebd8b2d__20260717T012339903058Z,msl_ncam_nlb_448279988edr_f0300484ncam00250m1,test_msl,bedrock,iou,,0,0,181913
segformer__pretrained__mit-b2__in_rover__seed1416__gpu_full__0292c93e__git3e52372c__codebebd8b2d__20260717T012339903058Z,msl_ncam_nlb_448279988edr_f0300484ncam00250m1,test_msl,sand,iou,,0,0,181913
segformer__pretrained__mit-b2__in_rover__seed1416__gpu_full__0292c93e__git3e52372c__codebebd8b2d__20260717T012339903058Z,msl_ncam_nlb_448279988edr_f0300484ncam00250m1,test_msl,big_rock,iou,,0,0,181913
segformer__pretrained__mit-b2__in_rover__seed1416__gpu_full__0292c93e__git3e52372c__codebebd8b2d__20260717T012339903058Z,msl_ncam_nlb_448279988edr_f0300484ncam00250m1,test_msl,ALL,pixel_acc,1.0,0,0,181913
segformer__pretrained__mit-b2__in_rover__seed1416__gpu_full__0292c93e__git3e52372c__codebebd8b2d__20260717T012339903058Z,msl_ncam_nlb_448279988edr_f0300484ncam00250m1,test_msl,ALL,boundary_f1,1.0,0,0,181913
segformer__pretrained__mit-b2__in_rover__seed1416__gpu_full__0292c93e__git3e52372c__codebebd8b2d__20260717T012339903058Z,msl_ncam_nlb_448280142edr_f0300484ncam00250m1,test_msl,soil,iou,1.0,85498,85498,85498
segformer__pretrained__mit-b2__in_rover__seed1416__gpu_full__0292c93e__git3e52372c__codebebd8b2d__20260717T012339903058Z,msl_ncam_nlb_448280142edr_f0300484ncam00250m1,test_msl,bedrock,iou,,0,0,85498
segformer__pretrained__mit-b2__in_rover__seed1416__gpu_full__0292c93e__git3e52372c__codebebd8b2d__20260717T012339903058Z,msl_ncam_nlb_448280142edr_f0300484ncam00250m1,test_msl,sand,iou,,0,0,85498
segformer__pretrained__mit-b2__in_rover__seed1416__gpu_full__0292c93e__git3e52372c__codebebd8b2d__20260717T012339903058Z,msl_ncam_nlb_448280142edr_f0300484ncam00250m1,test_msl,big_rock,iou,,0,0,85498
segformer__pretrained__mit-b2__in_rover__seed1416__gpu_full__0292c93e__git3e52372c__codebebd8b2d__20260717T012339903058Z,msl_ncam_nlb_448280142edr_f0300484ncam00250m1,test_msl,ALL,pixel_acc,1.0,0,0,85498
segformer__pretrained__mit-b2__in_rover__seed1416__gpu_full__0292c93e__git3e52372c__codebebd8b2d__20260717T012339903058Z,msl_ncam_nlb_448280142edr_f0300484ncam00250m1,test_msl,ALL,boundary_f1,1.0,0,0,85498
segformer__pretrained__mit-b2__in_rover__seed1416__gpu_full__0292c93e__git3e52372c__codebebd8b2d__20260717T012339903058Z,msl_ncam_nlb_453776957edr_f0320204ncam00498m1,test_msl,soil,iou,1.0,194007,194007,201171
segformer__pretrained__mit-b2__in_rover__seed1416__gpu_full__0292c93e__git3e52372c__codebebd8b2d__20260717T012339903058Z,msl_ncam_nlb_453776957edr_f0320204ncam00498m1,test_msl,bedrock,iou,,0,0,201171
segformer__pretrained__mit-b2__in_rover__seed1416__gpu_full__0292c93e__git3e52372c__codebebd8b2d__20260717T012339903058Z,msl_ncam_nlb_453776957edr_f0320204ncam00498m1,test_msl,sand,iou,0.9746221309945885,5223,5359,201171
segformer__pretrained__mit-b2__in_rover__seed1416__gpu_full__0292c93e__git3e52372c__codebebd8b2d__20260717T012339903058Z,msl_ncam_nlb_453776957edr_f0320204ncam00498m1,test_msl,big_rock,iou,0.9299330242143226,1805,1941,201171
segformer__pretrained__mit-b2__in_rover__seed1416__gpu_full__0292c93e__git3e52372c__codebebd8b2d__20260717T012339903058Z,msl_ncam_nlb_453776957edr_f0320204ncam00498m1,test_msl,ALL,pixel_acc,0.999323958224595,0,0,201171
segformer__pretrained__mit-b2__in_rover__seed1416__gpu_full__0292c93e__git3e52372c__codebebd8b2d__20260717T012339903058Z,msl_ncam_nlb_453776957edr_f0320204ncam00498m1,test_msl,ALL,boundary_f1,0.9288080072535462,0,0,201171
segformer__pretrained__mit-b2__in_rover__seed1416__gpu_full__0292c93e__git3e52372c__codebebd8b2d__20260717T012339903058Z,msl_ncam_nlb_453777056edr_f0320204ncam00497m1,test_msl,soil,iou,1.0,241876,241876,241876
segformer__pretrained__mit-b2__in_rover__seed1416__gpu_full__0292c93e__git3e52372c__codebebd8b2d__20260717T012339903058Z,msl_ncam_nlb_453777056edr_f0320204ncam00497m1,test_msl,bedrock,iou,,0,0,241876
segformer__pretrained__mit-b2__in_rover__seed1416__gpu_full__0292c93e__git3e52372c__codebebd8b2d__20260717T012339903058Z,msl_ncam_nlb_453777056edr_f0320204ncam00497m1,test_msl,sand,iou,,0,0,241876
segformer__pretrained__mit-b2__in_rover__seed1416__gpu_full__0292c93e__git3e52372c__codebebd8b2d__20260717T012339903058Z,msl_ncam_nlb_453777056edr_f0320204ncam00497m1,test_msl,big_rock,iou,,0,0,241876
segformer__pretrained__mit-b2__in_rover__seed1416__gpu_full__0292c93e__git3e52372c__codebebd8b2d__20260717T012339903058Z,msl_ncam_nlb_453777056edr_f0320204ncam00497m1,test_msl,ALL,pixel_acc,1.0,0,0,241876
segformer__pretrained__mit-b2__in_rover__seed1416__gpu_full__0292c93e__git3e52372c__codebebd8b2d__20260717T012339903058Z,msl_ncam_nlb_453777056edr_f0320204ncam00497m1,test_msl,ALL,boundary_f1,1.0,0,0,241876
segformer__pretrained__mit-b2__in_rover__seed1416__gpu_full__0292c93e__git3e52372c__codebebd8b2d__20260717T012339903058Z,msl_ncam_nlb_453780775edr_f0320478ncam00353m1,test_msl,soil,iou,1.0,178148,178148,178148
segformer__pretrained__mit-b2__in_rover__seed1416__gpu_full__0292c93e__git3e52372c__codebebd8b2d__20260717T012339903058Z,msl_ncam_nlb_453780775edr_f0320478ncam00353m1,test_msl,bedrock,iou,,0,0,178148
segformer__pretrained__mit-b2__in_rover__seed1416__gpu_full__0292c93e__git3e52372c__codebebd8b2d__20260717T012339903058Z,msl_ncam_nlb_453780775edr_f0320478ncam00353m1,test_msl,sand,iou,,0,0,178148
segformer__pretrained__mit-b2__in_rover__seed1416__gpu_full__0292c93e__git3e52372c__codebebd8b2d__20260717T012339903058Z,msl_ncam_nlb_453780775edr_f0320478ncam00353m1,test_msl,big_rock,iou,,0,0,178148
segformer__pretrained__mit-b2__in_rover__seed1416__gpu_full__0292c93e__git3e52372c__codebebd8b2d__20260717T012339903058Z,msl_ncam_nlb_453780775edr_f0320478ncam00353m1,test_msl,ALL,pixel_acc,1.0,0,0,178148
segformer__pretrained__mit-b2__in_rover__seed1416__gpu_full__0292c93e__git3e52372c__codebebd8b2d__20260717T012339903058Z,msl_ncam_nlb_453780775edr_f0320478ncam00353m1,test_msl,ALL,boundary_f1,1.0,0,0,178148
segformer__pretrained__mit-b2__in_rover__seed1416__gpu_full__0292c93e__git3e52372c__codebebd8b2d__20260717T012339903058Z,msl_ncam_nlb_453780853edr_f0320478ncam00281m1,test_msl,soil,iou,1.0,186845,186845,187378
segformer__pretrained__mit-b2__in_rover__seed1416__gpu_full__0292c93e__git3e52372c__codebebd8b2d__20260717T012339903058Z,msl_ncam_nlb_453780853edr_f0320478ncam00281m1,test_msl,bedrock,iou,,0,0,187378
segformer__pretrained__mit-b2__in_rover__seed1416__gpu_full__0292c93e__git3e52372c__codebebd8b2d__20260717T012339903058Z,msl_ncam_nlb_453780853edr_f0320478ncam00281m1,test_msl,sand,iou,,0,0,187378
segformer__pretrained__mit-b2__in_rover__seed1416__gpu_full__0292c93e__git3e52372c__codebebd8b2d__20260717T012339903058Z,msl_ncam_nlb_453780853edr_f0320478ncam00281m1,test_msl,big_rock,iou,1.0,533,533,187378
segformer__pretrained__mit-b2__in_rover__seed1416__gpu_full__0292c93e__git3e52372c__codebebd8b2d__20260717T012339903058Z,msl_ncam_nlb_453780853edr_f0320478ncam00281m1,test_msl,ALL,pixel_acc,1.0,0,0,187378
segformer__pretrained__mit-b2__in_rover__seed1416__gpu_full__0292c93e__git3e52372c__codebebd8b2d__20260717T012339903058Z,msl_ncam_nlb_453780853edr_f0320478ncam00281m1,test_msl,ALL,boundary_f1,1.0,0,0,187378
segformer__pretrained__mit-b2__in_rover__seed1416__gpu_full__0292c93e__git3e52372c__codebebd8b2d__20260717T012339903058Z,msl_ncam_nlb_453781520edr_f0320478ncam00282m1,test_msl,soil,iou,1.0,44638,44638,44638
segformer__pretrained__mit-b2__in_rover__seed1416__gpu_full__0292c93e__git3e52372c__codebebd8b2d__20260717T012339903058Z,msl_ncam_nlb_453781520edr_f0320478ncam00282m1,test_msl,bedrock,iou,,0,0,44638
segformer__pretrained__mit-b2__in_rover__seed1416__gpu_full__0292c93e__git3e52372c__codebebd8b2d__20260717T012339903058Z,msl_ncam_nlb_453781520edr_f0320478ncam00282m1,test_msl,sand,iou,,0,0,44638
segformer__pretrained__mit-b2__in_rover__seed1416__gpu_full__0292c93e__git3e52372c__codebebd8b2d__20260717T012339903058Z,msl_ncam_nlb_453781520edr_f0320478ncam00282m1,test_msl,big_rock,iou,,0,0,44638
segformer__pretrained__mit-b2__in_rover__seed1416__gpu_full__0292c93e__git3e52372c__codebebd8b2d__20260717T012339903058Z,msl_ncam_nlb_453781520edr_f0320478ncam00282m1,test_msl,ALL,pixel_acc,1.0,0,0,44638
segformer__pretrained__mit-b2__in_rover__seed1416__gpu_full__0292c93e__git3e52372c__codebebd8b2d__20260717T012339903058Z,msl_ncam_nlb_453781520edr_f0320478ncam00282m1,test_msl,ALL,boundary_f1,1.0,0,0,44638
segformer__pretrained__mit-b2__in_rover__seed1416__gpu_full__0292c93e__git3e52372c__codebebd8b2d__20260717T012339903058Z,msl_ncam_nlb_453781583edr_f0320478ncam00282m1,test_msl,soil,iou,,0,0,0
segformer__pretrained__mit-b2__in_rover__seed1416__gpu_full__0292c93e__git3e52372c__codebebd8b2d__20260717T012339903058Z,msl_ncam_nlb_453781583edr_f0320478ncam00282m1,test_msl,bedrock,iou,,0,0,0
segformer__pretrained__mit-b2__in_rover__seed1416__gpu_full__0292c93e__git3e52372c__codebebd8b2d__20260717T012339903058Z,msl_ncam_nlb_453781583edr_f0320478ncam00282m1,test_msl,sand,iou,,0,0,0
segformer__pretrained__mit-b2__in_rover__seed1416__gpu_full__0292c93e__git3e52372c__codebebd8b2d__20260717T012339903058Z,msl_ncam_nlb_453781583edr_f0320478ncam00282m1,test_msl,big_rock,iou,,0,0,0
segformer__pretrained__mit-b2__in_rover__seed1416__gpu_full__0292c93e__git3e52372c__codebebd8b2d__20260717T012339903058Z,msl_ncam_nlb_453781583edr_f0320478ncam00282m1,test_msl,ALL,pixel_acc,,0,0,0
segformer__pretrained__mit-b2__in_rover__seed1416__gpu_full__0292c93e__git3e52372c__codebebd8b2d__20260717T012339903058Z,msl_ncam_nlb_453781583edr_f0320478ncam00282m1,test_msl,ALL,boundary_f1,,0,0,0
segformer__pretrained__mit-b2__in_rover__seed1416__gpu_full__0292c93e__git3e52372c__codebebd8b2d__20260717T012339903058Z,msl_ncam_nlb_453781647edr_f0320478ncam00282m1,test_msl,soil,iou,1.0,198856,198856,198856
segformer__pretrained__mit-b2__in_rover__seed1416__gpu_full__0292c93e__git3e52372c__codebebd8b2d__20260717T012339903058Z,msl_ncam_nlb_453781647edr_f0320478ncam00282m1,test_msl,bedrock,iou,,0,0,198856
segformer__pretrained__mit-b2__in_rover__seed1416__gpu_full__0292c93e__git3e52372c__codebebd8b2d__20260717T012339903058Z,msl_ncam_nlb_453781647edr_f0320478ncam00282m1,test_msl,sand,iou,,0,0,198856
segformer__pretrained__mit-b2__in_rover__seed1416__gpu_full__0292c93e__git3e52372c__codebebd8b2d__20260717T012339903058Z,msl_ncam_nlb_453781647edr_f0320478ncam00282m1,test_msl,big_rock,iou,,0,0,198856
segformer__pretrained__mit-b2__in_rover__seed1416__gpu_full__0292c93e__git3e52372c__codebebd8b2d__20260717T012339903058Z,msl_ncam_nlb_453781647edr_f0320478ncam00282m1,test_msl,ALL,pixel_acc,1.0,0,0,198856
segformer__pretrained__mit-b2__in_rover__seed1416__gpu_full__0292c93e__git3e52372c__codebebd8b2d__20260717T012339903058Z,msl_ncam_nlb_453781647edr_f0320478ncam00282m1,test_msl,ALL,boundary_f1,1.0,0,0,198856
segformer__pretrained__mit-b2__in_rover__seed1416__gpu_full__0292c93e__git3e52372c__codebebd8b2d__20260717T012339903058Z,msl_ncam_nlb_454576834edr_f0330660ncam00291m1,test_msl,soil,iou,1.0,96212,96212,96212
segformer__pretrained__mit-b2__in_rover__seed1416__gpu_full__0292c93e__git3e52372c__codebebd8b2d__20260717T012339903058Z,msl_ncam_nlb_454576834edr_f0330660ncam00291m1,test_msl,bedrock,iou,,0,0,96212
segformer__pretrained__mit-b2__in_rover__seed1416__gpu_full__0292c93e__git3e52372c__codebebd8b2d__20260717T012339903058Z,msl_ncam_nlb_454576834edr_f0330660ncam00291m1,test_msl,sand,iou,,0,0,96212
segformer__pretrained__mit-b2__in_rover__seed1416__gpu_full__0292c93e__git3e52372c__codebebd8b2d__20260717T012339903058Z,msl_ncam_nlb_454576834edr_f0330660ncam00291m1,test_msl,big_rock,iou,,0,0,96212
segformer__pretrained__mit-b2__in_rover__seed1416__gpu_full__0292c93e__git3e52372c__codebebd8b2d__20260717T012339903058Z,msl_ncam_nlb_454576834edr_f0330660ncam00291m1,test_msl,ALL,pixel_acc,1.0,0,0,96212
segformer__pretrained__mit-b2__in_rover__seed1416__gpu_full__0292c93e__git3e52372c__codebebd8b2d__20260717T012339903058Z,msl_ncam_nlb_454576834edr_f0330660ncam00291m1,test_msl,ALL,boundary_f1,1.0,0,0,96212
segformer__pretrained__mit-b2__in_rover__seed1416__gpu_full__0292c93e__git3e52372c__codebebd8b2d__20260717T012339903058Z,msl_ncam_nlb_454577689edr_f0330660ncam00350m1,test_msl,soil,iou,1.0,220994,220994,220994
segformer__pretrained__mit-b2__in_rover__seed1416__gpu_full__0292c93e__git3e52372c__codebebd8b2d__20260717T012339903058Z,msl_ncam_nlb_454577689edr_f0330660ncam00350m1,test_msl,bedrock,iou,,0,0,220994
segformer__pretrained__mit-b2__in_rover__seed1416__gpu_full__0292c93e__git3e52372c__codebebd8b2d__20260717T012339903058Z,msl_ncam_nlb_454577689edr_f0330660ncam00350m1,test_msl,sand,iou,,0,0,220994
segformer__pretrained__mit-b2__in_rover__seed1416__gpu_full__0292c93e__git3e52372c__codebebd8b2d__20260717T012339903058Z,msl_ncam_nlb_454577689edr_f0330660ncam00350m1,test_msl,big_rock,iou,,0,0,220994
segformer__pretrained__mit-b2__in_rover__seed1416__gpu_full__0292c93e__git3e52372c__codebebd8b2d__20260717T012339903058Z,msl_ncam_nlb_454577689edr_f0330660ncam00350m1,test_msl,ALL,pixel_acc,1.0,0,0,220994
segformer__pretrained__mit-b2__in_rover__seed1416__gpu_full__0292c93e__git3e52372c__codebebd8b2d__20260717T012339903058Z,msl_ncam_nlb_454577689edr_f0330660ncam00350m1,test_msl,ALL,boundary_f1,1.0,0,0,220994
segformer__pretrained__mit-b2__in_rover__seed1416__gpu_full__0292c93e__git3e52372c__codebebd8b2d__20260717T012339903058Z,msl_ncam_nlb_454577808edr_f0330660ncam00350m1,test_msl,soil,iou,1.0,149819,149819,149819
segformer__pretrained__mit-b2__in_rover__seed1416__gpu_full__0292c93e__git3e52372c__codebebd8b2d__20260717T012339903058Z,msl_ncam_nlb_454577808edr_f0330660ncam00350m1,test_msl,bedrock,iou,,0,0,149819
segformer__pretrained__mit-b2__in_rover__seed1416__gpu_full__0292c93e__git3e52372c__codebebd8b2d__20260717T012339903058Z,msl_ncam_nlb_454577808edr_f0330660ncam00350m1,test_msl,sand,iou,,0,0,149819
segformer__pretrained__mit-b2__in_rover__seed1416__gpu_full__0292c93e__git3e52372c__codebebd8b2d__20260717T012339903058Z,msl_ncam_nlb_454577808edr_f0330660ncam00350m1,test_msl,big_rock,iou,,0,0,149819
segformer__pretrained__mit-b2__in_rover__seed1416__gpu_full__0292c93e__git3e52372c__codebebd8b2d__20260717T012339903058Z,msl_ncam_nlb_454577808edr_f0330660ncam00350m1,test_msl,ALL,pixel_acc,1.0,0,0,149819
segformer__pretrained__mit-b2__in_rover__seed1416__gpu_full__0292c93e__git3e52372c__codebebd8b2d__20260717T012339903058Z,msl_ncam_nlb_454577808edr_f0330660ncam00350m1,test_msl,ALL,boundary_f1,1.0,0,0,149819
segformer__pretrained__mit-b2__in_rover__seed1416__gpu_full__0292c93e__git3e52372c__codebebd8b2d__20260717T012339903058Z,msl_ncam_nlb_454577843edr_f0330660ncam00292m1,test_msl,soil,iou,1.0,190037,190037,190037
segformer__pretrained__mit-b2__in_rover__seed1416__gpu_full__0292c93e__git3e52372c__codebebd8b2d__20260717T012339903058Z,msl_ncam_nlb_454577843edr_f0330660ncam00292m1,test_msl,bedrock,iou,,0,0,190037
segformer__pretrained__mit-b2__in_rover__seed1416__gpu_full__0292c93e__git3e52372c__codebebd8b2d__20260717T012339903058Z,msl_ncam_nlb_454577843edr_f0330660ncam00292m1,test_msl,sand,iou,,0,0,190037
segformer__pretrained__mit-b2__in_rover__seed1416__gpu_full__0292c93e__git3e52372c__codebebd8b2d__20260717T012339903058Z,msl_ncam_nlb_454577843edr_f0330660ncam00292m1,test_msl,big_rock,iou,,0,0,190037
segformer__pretrained__mit-b2__in_rover__seed1416__gpu_full__0292c93e__git3e52372c__codebebd8b2d__20260717T012339903058Z,msl_ncam_nlb_454577843edr_f0330660ncam00292m1,test_msl,ALL,pixel_acc,1.0,0,0,190037
segformer__pretrained__mit-b2__in_rover__seed1416__gpu_full__0292c93e__git3e52372c__codebebd8b2d__20260717T012339903058Z,msl_ncam_nlb_454577843edr_f0330660ncam00292m1,test_msl,ALL,boundary_f1,1.0,0,0,190037
segformer__pretrained__mit-b2__in_rover__seed1416__gpu_full__0292c93e__git3e52372c__codebebd8b2d__20260717T012339903058Z,msl_ncam_nlb_454577912edr_f0330660ncam00292m1,test_msl,soil,iou,1.0,152116,152116,152116
segformer__pretrained__mit-b2__in_rover__seed1416__gpu_full__0292c93e__git3e52372c__codebebd8b2d__20260717T012339903058Z,msl_ncam_nlb_454577912edr_f0330660ncam00292m1,test_msl,bedrock,iou,,0,0,152116
segformer__pretrained__mit-b2__in_rover__seed1416__gpu_full__0292c93e__git3e52372c__codebebd8b2d__20260717T012339903058Z,msl_ncam_nlb_454577912edr_f0330660ncam00292m1,test_msl,sand,iou,,0,0,152116
segformer__pretrained__mit-b2__in_rover__seed1416__gpu_full__0292c93e__git3e52372c__codebebd8b2d__20260717T012339903058Z,msl_ncam_nlb_454577912edr_f0330660ncam00292m1,test_msl,big_rock,iou,,0,0,152116
segformer__pretrained__mit-b2__in_rover__seed1416__gpu_full__0292c93e__git3e52372c__codebebd8b2d__20260717T012339903058Z,msl_ncam_nlb_454577912edr_f0330660ncam00292m1,test_msl,ALL,pixel_acc,1.0,0,0,152116
segformer__pretrained__mit-b2__in_rover__seed1416__gpu_full__0292c93e__git3e52372c__codebebd8b2d__20260717T012339903058Z,msl_ncam_nlb_454577912edr_f0330660ncam00292m1,test_msl,ALL,boundary_f1,1.0,0,0,152116
segformer__pretrained__mit-b2__in_rover__seed1416__gpu_full__0292c93e__git3e52372c__codebebd8b2d__20260717T012339903058Z,msl_ncam_nlb_455641497edr_f0340774ncam00251m1,test_msl,soil,iou,1.0,200625,200625,200625
segformer__pretrained__mit-b2__in_rover__seed1416__gpu_full__0292c93e__git3e52372c__codebebd8b2d__20260717T012339903058Z,msl_ncam_nlb_455641497edr_f0340774ncam00251m1,test_msl,bedrock,iou,,0,0,200625
segformer__pretrained__mit-b2__in_rover__seed1416__gpu_full__0292c93e__git3e52372c__codebebd8b2d__20260717T012339903058Z,msl_ncam_nlb_455641497edr_f0340774ncam00251m1,test_msl,sand,iou,,0,0,200625
segformer__pretrained__mit-b2__in_rover__seed1416__gpu_full__0292c93e__git3e52372c__codebebd8b2d__20260717T012339903058Z,msl_ncam_nlb_455641497edr_f0340774ncam00251m1,test_msl,big_rock,iou,,0,0,200625
segformer__pretrained__mit-b2__in_rover__seed1416__gpu_full__0292c93e__git3e52372c__codebebd8b2d__20260717T012339903058Z,msl_ncam_nlb_455641497edr_f0340774ncam00251m1,test_msl,ALL,pixel_acc,1.0,0,0,200625
segformer__pretrained__mit-b2__in_rover__seed1416__gpu_full__0292c93e__git3e52372c__codebebd8b2d__20260717T012339903058Z,msl_ncam_nlb_455641497edr_f0340774ncam00251m1,test_msl,ALL,boundary_f1,1.0,0,0,200625
segformer__pretrained__mit-b2__in_rover__seed1416__gpu_full__0292c93e__git3e52372c__codebebd8b2d__20260717T012339903058Z,msl_ncam_nlb_455642279edr_f0340774ncam00354m1,test_msl,soil,iou,,0,0,0
segformer__pretrained__mit-b2__in_rover__seed1416__gpu_full__0292c93e__git3e52372c__codebebd8b2d__20260717T012339903058Z,msl_ncam_nlb_455642279edr_f0340774ncam00354m1,test_msl,bedrock,iou,,0,0,0
segformer__pretrained__mit-b2__in_rover__seed1416__gpu_full__0292c93e__git3e52372c__codebebd8b2d__20260717T012339903058Z,msl_ncam_nlb_455642279edr_f0340774ncam00354m1,test_msl,sand,iou,,0,0,0
segformer__pretrained__mit-b2__in_rover__seed1416__gpu_full__0292c93e__git3e52372c__codebebd8b2d__20260717T012339903058Z,msl_ncam_nlb_455642279edr_f0340774ncam00354m1,test_msl,big_rock,iou,,0,0,0
segformer__pretrained__mit-b2__in_rover__seed1416__gpu_full__0292c93e__git3e52372c__codebebd8b2d__20260717T012339903058Z,msl_ncam_nlb_455642279edr_f0340774ncam00354m1,test_msl,ALL,pixel_acc,,0,0,0
segformer__pretrained__mit-b2__in_rover__seed1416__gpu_full__0292c93e__git3e52372c__codebebd8b2d__20260717T012339903058Z,msl_ncam_nlb_455642279edr_f0340774ncam00354m1,test_msl,ALL,boundary_f1,,0,0,0
segformer__pretrained__mit-b2__in_rover__seed1416__gpu_full__0292c93e__git3e52372c__codebebd8b2d__20260717T012339903058Z,msl_ncam_nlb_455642442edr_f0340774ncam00252m1,test_msl,soil,iou,1.0,411,411,411
segformer__pretrained__mit-b2__in_rover__seed1416__gpu_full__0292c93e__git3e52372c__codebebd8b2d__20260717T012339903058Z,msl_ncam_nlb_455642442edr_f0340774ncam00252m1,test_msl,bedrock,iou,,0,0,411
segformer__pretrained__mit-b2__in_rover__seed1416__gpu_full__0292c93e__git3e52372c__codebebd8b2d__20260717T012339903058Z,msl_ncam_nlb_455642442edr_f0340774ncam00252m1,test_msl,sand,iou,,0,0,411
segformer__pretrained__mit-b2__in_rover__seed1416__gpu_full__0292c93e__git3e52372c__codebebd8b2d__20260717T012339903058Z,msl_ncam_nlb_455642442edr_f0340774ncam00252m1,test_msl,big_rock,iou,,0,0,411
segformer__pretrained__mit-b2__in_rover__seed1416__gpu_full__0292c93e__git3e52372c__codebebd8b2d__20260717T012339903058Z,msl_ncam_nlb_455642442edr_f0340774ncam00252m1,test_msl,ALL,pixel_acc,1.0,0,0,411
segformer__pretrained__mit-b2__in_rover__seed1416__gpu_full__0292c93e__git3e52372c__codebebd8b2d__20260717T012339903058Z,msl_ncam_nlb_455642442edr_f0340774ncam00252m1,test_msl,ALL,boundary_f1,1.0,0,0,411
segformer__pretrained__mit-b2__in_rover__seed1416__gpu_full__0292c93e__git3e52372c__codebebd8b2d__20260717T012339903058Z,msl_ncam_nlb_455642480edr_f0340774ncam00252m1,test_msl,soil,iou,1.0,162032,162032,162032
segformer__pretrained__mit-b2__in_rover__seed1416__gpu_full__0292c93e__git3e52372c__codebebd8b2d__20260717T012339903058Z,msl_ncam_nlb_455642480edr_f0340774ncam00252m1,test_msl,bedrock,iou,,0,0,162032
segformer__pretrained__mit-b2__in_rover__seed1416__gpu_full__0292c93e__git3e52372c__codebebd8b2d__20260717T012339903058Z,msl_ncam_nlb_455642480edr_f0340774ncam00252m1,test_msl,sand,iou,,0,0,162032
segformer__pretrained__mit-b2__in_rover__seed1416__gpu_full__0292c93e__git3e52372c__codebebd8b2d__20260717T012339903058Z,msl_ncam_nlb_455642480edr_f0340774ncam00252m1,test_msl,big_rock,iou,,0,0,162032
segformer__pretrained__mit-b2__in_rover__seed1416__gpu_full__0292c93e__git3e52372c__codebebd8b2d__20260717T012339903058Z,msl_ncam_nlb_455642480edr_f0340774ncam00252m1,test_msl,ALL,pixel_acc,1.0,0,0,162032
segformer__pretrained__mit-b2__in_rover__seed1416__gpu_full__0292c93e__git3e52372c__codebebd8b2d__20260717T012339903058Z,msl_ncam_nlb_455642480edr_f0340774ncam00252m1,test_msl,ALL,boundary_f1,1.0,0,0,162032
segformer__pretrained__mit-b2__in_rover__seed1416__gpu_full__0292c93e__git3e52372c__codebebd8b2d__20260717T012339903058Z,msl_ncam_nlb_455642594edr_f0340774ncam00252m1,test_msl,soil,iou,1.0,59579,59579,59579
segformer__pretrained__mit-b2__in_rover__seed1416__gpu_full__0292c93e__git3e52372c__codebebd8b2d__20260717T012339903058Z,msl_ncam_nlb_455642594edr_f0340774ncam00252m1,test_msl,bedrock,iou,,0,0,59579
segformer__pretrained__mit-b2__in_rover__seed1416__gpu_full__0292c93e__git3e52372c__codebebd8b2d__20260717T012339903058Z,msl_ncam_nlb_455642594edr_f0340774ncam00252m1,test_msl,sand,iou,,0,0,59579
segformer__pretrained__mit-b2__in_rover__seed1416__gpu_full__0292c93e__git3e52372c__codebebd8b2d__20260717T012339903058Z,msl_ncam_nlb_455642594edr_f0340774ncam00252m1,test_msl,big_rock,iou,,0,0,59579
segformer__pretrained__mit-b2__in_rover__seed1416__gpu_full__0292c93e__git3e52372c__codebebd8b2d__20260717T012339903058Z,msl_ncam_nlb_455642594edr_f0340774ncam00252m1,test_msl,ALL,pixel_acc,1.0,0,0,59579
segformer__pretrained__mit-b2__in_rover__seed1416__gpu_full__0292c93e__git3e52372c__codebebd8b2d__20260717T012339903058Z,msl_ncam_nlb_455642594edr_f0340774ncam00252m1,test_msl,ALL,boundary_f1,1.0,0,0,59579
segformer__pretrained__mit-b2__in_rover__seed1416__gpu_full__0292c93e__git3e52372c__codebebd8b2d__20260717T012339903058Z,msl_ncam_nlb_457064543edr_f0371542ncam00273m1,test_msl,soil,iou,0.9770268484946347,66558,68123,68123
segformer__pretrained__mit-b2__in_rover__seed1416__gpu_full__0292c93e__git3e52372c__codebebd8b2d__20260717T012339903058Z,msl_ncam_nlb_457064543edr_f0371542ncam00273m1,test_msl,bedrock,iou,,0,0,68123
segformer__pretrained__mit-b2__in_rover__seed1416__gpu_full__0292c93e__git3e52372c__codebebd8b2d__20260717T012339903058Z,msl_ncam_nlb_457064543edr_f0371542ncam00273m1,test_msl,sand,iou,0.0,0,1565,68123
segformer__pretrained__mit-b2__in_rover__seed1416__gpu_full__0292c93e__git3e52372c__codebebd8b2d__20260717T012339903058Z,msl_ncam_nlb_457064543edr_f0371542ncam00273m1,test_msl,big_rock,iou,,0,0,68123
segformer__pretrained__mit-b2__in_rover__seed1416__gpu_full__0292c93e__git3e52372c__codebebd8b2d__20260717T012339903058Z,msl_ncam_nlb_457064543edr_f0371542ncam00273m1,test_msl,ALL,pixel_acc,0.9770268484946347,0,0,68123
segformer__pretrained__mit-b2__in_rover__seed1416__gpu_full__0292c93e__git3e52372c__codebebd8b2d__20260717T012339903058Z,msl_ncam_nlb_457064543edr_f0371542ncam00273m1,test_msl,ALL,boundary_f1,0.4633726321367068,0,0,68123
segformer__pretrained__mit-b2__in_rover__seed1416__gpu_full__0292c93e__git3e52372c__codebebd8b2d__20260717T012339903058Z,msl_ncam_nlb_457064954edr_f0371542ncam00354m1,test_msl,soil,iou,,0,0,0
segformer__pretrained__mit-b2__in_rover__seed1416__gpu_full__0292c93e__git3e52372c__codebebd8b2d__20260717T012339903058Z,msl_ncam_nlb_457064954edr_f0371542ncam00354m1,test_msl,bedrock,iou,,0,0,0
segformer__pretrained__mit-b2__in_rover__seed1416__gpu_full__0292c93e__git3e52372c__codebebd8b2d__20260717T012339903058Z,msl_ncam_nlb_457064954edr_f0371542ncam00354m1,test_msl,sand,iou,,0,0,0
segformer__pretrained__mit-b2__in_rover__seed1416__gpu_full__0292c93e__git3e52372c__codebebd8b2d__20260717T012339903058Z,msl_ncam_nlb_457064954edr_f0371542ncam00354m1,test_msl,big_rock,iou,,0,0,0
segformer__pretrained__mit-b2__in_rover__seed1416__gpu_full__0292c93e__git3e52372c__codebebd8b2d__20260717T012339903058Z,msl_ncam_nlb_457064954edr_f0371542ncam00354m1,test_msl,ALL,pixel_acc,,0,0,0
segformer__pretrained__mit-b2__in_rover__seed1416__gpu_full__0292c93e__git3e52372c__codebebd8b2d__20260717T012339903058Z,msl_ncam_nlb_457064954edr_f0371542ncam00354m1,test_msl,ALL,boundary_f1,,0,0,0
segformer__pretrained__mit-b2__in_rover__seed1416__gpu_full__0292c93e__git3e52372c__codebebd8b2d__20260717T012339903058Z,msl_ncam_nlb_457065016edr_f0371542ncam00354m1,test_msl,soil,iou,1.0,169467,169467,169467
segformer__pretrained__mit-b2__in_rover__seed1416__gpu_full__0292c93e__git3e52372c__codebebd8b2d__20260717T012339903058Z,msl_ncam_nlb_457065016edr_f0371542ncam00354m1,test_msl,bedrock,iou,,0,0,169467
segformer__pretrained__mit-b2__in_rover__seed1416__gpu_full__0292c93e__git3e52372c__codebebd8b2d__20260717T012339903058Z,msl_ncam_nlb_457065016edr_f0371542ncam00354m1,test_msl,sand,iou,,0,0,169467
segformer__pretrained__mit-b2__in_rover__seed1416__gpu_full__0292c93e__git3e52372c__codebebd8b2d__20260717T012339903058Z,msl_ncam_nlb_457065016edr_f0371542ncam00354m1,test_msl,big_rock,iou,,0,0,169467
segformer__pretrained__mit-b2__in_rover__seed1416__gpu_full__0292c93e__git3e52372c__codebebd8b2d__20260717T012339903058Z,msl_ncam_nlb_457065016edr_f0371542ncam00354m1,test_msl,ALL,pixel_acc,1.0,0,0,169467
segformer__pretrained__mit-b2__in_rover__seed1416__gpu_full__0292c93e__git3e52372c__codebebd8b2d__20260717T012339903058Z,msl_ncam_nlb_457065016edr_f0371542ncam00354m1,test_msl,ALL,boundary_f1,1.0,0,0,169467
segformer__pretrained__mit-b2__in_rover__seed1416__gpu_full__0292c93e__git3e52372c__codebebd8b2d__20260717T012339903058Z,msl_ncam_nlb_457065086edr_f0371542ncam00354m1,test_msl,soil,iou,0.9797642928786359,78146,79760,79831
segformer__pretrained__mit-b2__in_rover__seed1416__gpu_full__0292c93e__git3e52372c__codebebd8b2d__20260717T012339903058Z,msl_ncam_nlb_457065086edr_f0371542ncam00354m1,test_msl,bedrock,iou,,0,0,79831
segformer__pretrained__mit-b2__in_rover__seed1416__gpu_full__0292c93e__git3e52372c__codebebd8b2d__20260717T012339903058Z,msl_ncam_nlb_457065086edr_f0371542ncam00354m1,test_msl,sand,iou,0.042136498516320474,71,1685,79831
segformer__pretrained__mit-b2__in_rover__seed1416__gpu_full__0292c93e__git3e52372c__codebebd8b2d__20260717T012339903058Z,msl_ncam_nlb_457065086edr_f0371542ncam00354m1,test_msl,big_rock,iou,,0,0,79831
segformer__pretrained__mit-b2__in_rover__seed1416__gpu_full__0292c93e__git3e52372c__codebebd8b2d__20260717T012339903058Z,msl_ncam_nlb_457065086edr_f0371542ncam00354m1,test_msl,ALL,pixel_acc,0.9797822900878105,0,0,79831
segformer__pretrained__mit-b2__in_rover__seed1416__gpu_full__0292c93e__git3e52372c__codebebd8b2d__20260717T012339903058Z,msl_ncam_nlb_457065086edr_f0371542ncam00354m1,test_msl,ALL,boundary_f1,0.5276325110250332,0,0,79831
segformer__pretrained__mit-b2__in_rover__seed1416__gpu_full__0292c93e__git3e52372c__codebebd8b2d__20260717T012339903058Z,msl_ncam_nlb_457072541edr_f0371542ncam00274m1,test_msl,soil,iou,1.0,53194,53194,53194
segformer__pretrained__mit-b2__in_rover__seed1416__gpu_full__0292c93e__git3e52372c__codebebd8b2d__20260717T012339903058Z,msl_ncam_nlb_457072541edr_f0371542ncam00274m1,test_msl,bedrock,iou,,0,0,53194
segformer__pretrained__mit-b2__in_rover__seed1416__gpu_full__0292c93e__git3e52372c__codebebd8b2d__20260717T012339903058Z,msl_ncam_nlb_457072541edr_f0371542ncam00274m1,test_msl,sand,iou,,0,0,53194
segformer__pretrained__mit-b2__in_rover__seed1416__gpu_full__0292c93e__git3e52372c__codebebd8b2d__20260717T012339903058Z,msl_ncam_nlb_457072541edr_f0371542ncam00274m1,test_msl,big_rock,iou,,0,0,53194
segformer__pretrained__mit-b2__in_rover__seed1416__gpu_full__0292c93e__git3e52372c__codebebd8b2d__20260717T012339903058Z,msl_ncam_nlb_457072541edr_f0371542ncam00274m1,test_msl,ALL,pixel_acc,1.0,0,0,53194
segformer__pretrained__mit-b2__in_rover__seed1416__gpu_full__0292c93e__git3e52372c__codebebd8b2d__20260717T012339903058Z,msl_ncam_nlb_457072541edr_f0371542ncam00274m1,test_msl,ALL,boundary_f1,1.0,0,0,53194
segformer__pretrained__mit-b2__in_rover__seed1416__gpu_full__0292c93e__git3e52372c__codebebd8b2d__20260717T012339903058Z,msl_ncam_nlb_457072755edr_f0371542ncam00274m1,test_msl,soil,iou,1.0,71012,71012,71012
segformer__pretrained__mit-b2__in_rover__seed1416__gpu_full__0292c93e__git3e52372c__codebebd8b2d__20260717T012339903058Z,msl_ncam_nlb_457072755edr_f0371542ncam00274m1,test_msl,bedrock,iou,,0,0,71012
segformer__pretrained__mit-b2__in_rover__seed1416__gpu_full__0292c93e__git3e52372c__codebebd8b2d__20260717T012339903058Z,msl_ncam_nlb_457072755edr_f0371542ncam00274m1,test_msl,sand,iou,,0,0,71012
segformer__pretrained__mit-b2__in_rover__seed1416__gpu_full__0292c93e__git3e52372c__codebebd8b2d__20260717T012339903058Z,msl_ncam_nlb_457072755edr_f0371542ncam00274m1,test_msl,big_rock,iou,,0,0,71012
segformer__pretrained__mit-b2__in_rover__seed1416__gpu_full__0292c93e__git3e52372c__codebebd8b2d__20260717T012339903058Z,msl_ncam_nlb_457072755edr_f0371542ncam00274m1,test_msl,ALL,pixel_acc,1.0,0,0,71012
segformer__pretrained__mit-b2__in_rover__seed1416__gpu_full__0292c93e__git3e52372c__codebebd8b2d__20260717T012339903058Z,msl_ncam_nlb_457072755edr_f0371542ncam00274m1,test_msl,ALL,boundary_f1,1.0,0,0,71012
segformer__pretrained__mit-b2__in_rover__seed1416__gpu_full__0292c93e__git3e52372c__codebebd8b2d__20260717T012339903058Z,msl_ncam_nlb_457152468edr_f0380000ncam00346m1,test_msl,soil,iou,,0,0,89859
segformer__pretrained__mit-b2__in_rover__seed1416__gpu_full__0292c93e__git3e52372c__codebebd8b2d__20260717T012339903058Z,msl_ncam_nlb_457152468edr_f0380000ncam00346m1,test_msl,bedrock,iou,,0,0,89859
segformer__pretrained__mit-b2__in_rover__seed1416__gpu_full__0292c93e__git3e52372c__codebebd8b2d__20260717T012339903058Z,msl_ncam_nlb_457152468edr_f0380000ncam00346m1,test_msl,sand,iou,1.0,89859,89859,89859
segformer__pretrained__mit-b2__in_rover__seed1416__gpu_full__0292c93e__git3e52372c__codebebd8b2d__20260717T012339903058Z,msl_ncam_nlb_457152468edr_f0380000ncam00346m1,test_msl,big_rock,iou,,0,0,89859
segformer__pretrained__mit-b2__in_rover__seed1416__gpu_full__0292c93e__git3e52372c__codebebd8b2d__20260717T012339903058Z,msl_ncam_nlb_457152468edr_f0380000ncam00346m1,test_msl,ALL,pixel_acc,1.0,0,0,89859
segformer__pretrained__mit-b2__in_rover__seed1416__gpu_full__0292c93e__git3e52372c__codebebd8b2d__20260717T012339903058Z,msl_ncam_nlb_457152468edr_f0380000ncam00346m1,test_msl,ALL,boundary_f1,1.0,0,0,89859
segformer__pretrained__mit-b2__in_rover__seed1416__gpu_full__0292c93e__git3e52372c__codebebd8b2d__20260717T012339903058Z,msl_ncam_nlb_457152554edr_f0380000ncam00275m1,test_msl,soil,iou,0.8930807248764415,10842,12140,177280
segformer__pretrained__mit-b2__in_rover__seed1416__gpu_full__0292c93e__git3e52372c__codebebd8b2d__20260717T012339903058Z,msl_ncam_nlb_457152554edr_f0380000ncam00275m1,test_msl,bedrock,iou,,0,0,177280
segformer__pretrained__mit-b2__in_rover__seed1416__gpu_full__0292c93e__git3e52372c__codebebd8b2d__20260717T012339903058Z,msl_ncam_nlb_457152554edr_f0380000ncam00275m1,test_msl,sand,iou,0.9922013001838522,165140,166438,177280
segformer__pretrained__mit-b2__in_rover__seed1416__gpu_full__0292c93e__git3e52372c__codebebd8b2d__20260717T012339903058Z,msl_ncam_nlb_457152554edr_f0380000ncam00275m1,test_msl,big_rock,iou,,0,0,177280
segformer__pretrained__mit-b2__in_rover__seed1416__gpu_full__0292c93e__git3e52372c__codebebd8b2d__20260717T012339903058Z,msl_ncam_nlb_457152554edr_f0380000ncam00275m1,test_msl,ALL,pixel_acc,0.9926782490974729,0,0,177280
segformer__pretrained__mit-b2__in_rover__seed1416__gpu_full__0292c93e__git3e52372c__codebebd8b2d__20260717T012339903058Z,msl_ncam_nlb_457152554edr_f0380000ncam00275m1,test_msl,ALL,boundary_f1,0.8821366292346446,0,0,177280
segformer__pretrained__mit-b2__in_rover__seed1416__gpu_full__0292c93e__git3e52372c__codebebd8b2d__20260717T012339903058Z,msl_ncam_nlb_457153024edr_f0380000ncam00354m1,test_msl,soil,iou,,0,0,103858
segformer__pretrained__mit-b2__in_rover__seed1416__gpu_full__0292c93e__git3e52372c__codebebd8b2d__20260717T012339903058Z,msl_ncam_nlb_457153024edr_f0380000ncam00354m1,test_msl,bedrock,iou,,0,0,103858
segformer__pretrained__mit-b2__in_rover__seed1416__gpu_full__0292c93e__git3e52372c__codebebd8b2d__20260717T012339903058Z,msl_ncam_nlb_457153024edr_f0380000ncam00354m1,test_msl,sand,iou,1.0,103858,103858,103858
segformer__pretrained__mit-b2__in_rover__seed1416__gpu_full__0292c93e__git3e52372c__codebebd8b2d__20260717T012339903058Z,msl_ncam_nlb_457153024edr_f0380000ncam00354m1,test_msl,big_rock,iou,,0,0,103858
segformer__pretrained__mit-b2__in_rover__seed1416__gpu_full__0292c93e__git3e52372c__codebebd8b2d__20260717T012339903058Z,msl_ncam_nlb_457153024edr_f0380000ncam00354m1,test_msl,ALL,pixel_acc,1.0,0,0,103858
segformer__pretrained__mit-b2__in_rover__seed1416__gpu_full__0292c93e__git3e52372c__codebebd8b2d__20260717T012339903058Z,msl_ncam_nlb_457153024edr_f0380000ncam00354m1,test_msl,ALL,boundary_f1,1.0,0,0,103858
segformer__pretrained__mit-b2__in_rover__seed1416__gpu_full__0292c93e__git3e52372c__codebebd8b2d__20260717T012339903058Z,msl_ncam_nlb_457153056edr_f0380000ncam00354m1,test_msl,soil,iou,,0,0,167988
segformer__pretrained__mit-b2__in_rover__seed1416__gpu_full__0292c93e__git3e52372c__codebebd8b2d__20260717T012339903058Z,msl_ncam_nlb_457153056edr_f0380000ncam00354m1,test_msl,bedrock,iou,,0,0,167988
segformer__pretrained__mit-b2__in_rover__seed1416__gpu_full__0292c93e__git3e52372c__codebebd8b2d__20260717T012339903058Z,msl_ncam_nlb_457153056edr_f0380000ncam00354m1,test_msl,sand,iou,1.0,167988,167988,167988
segformer__pretrained__mit-b2__in_rover__seed1416__gpu_full__0292c93e__git3e52372c__codebebd8b2d__20260717T012339903058Z,msl_ncam_nlb_457153056edr_f0380000ncam00354m1,test_msl,big_rock,iou,,0,0,167988
segformer__pretrained__mit-b2__in_rover__seed1416__gpu_full__0292c93e__git3e52372c__codebebd8b2d__20260717T012339903058Z,msl_ncam_nlb_457153056edr_f0380000ncam00354m1,test_msl,ALL,pixel_acc,1.0,0,0,167988
segformer__pretrained__mit-b2__in_rover__seed1416__gpu_full__0292c93e__git3e52372c__codebebd8b2d__20260717T012339903058Z,msl_ncam_nlb_457153056edr_f0380000ncam00354m1,test_msl,ALL,boundary_f1,1.0,0,0,167988
segformer__pretrained__mit-b2__in_rover__seed1416__gpu_full__0292c93e__git3e52372c__codebebd8b2d__20260717T012339903058Z,msl_ncam_nlb_457153156edr_f0380000ncam00354m1,test_msl,soil,iou,,0,0,119229
segformer__pretrained__mit-b2__in_rover__seed1416__gpu_full__0292c93e__git3e52372c__codebebd8b2d__20260717T012339903058Z,msl_ncam_nlb_457153156edr_f0380000ncam00354m1,test_msl,bedrock,iou,0.0,0,107,119229
segformer__pretrained__mit-b2__in_rover__seed1416__gpu_full__0292c93e__git3e52372c__codebebd8b2d__20260717T012339903058Z,msl_ncam_nlb_457153156edr_f0380000ncam00354m1,test_msl,sand,iou,0.9991025673284184,119122,119229,119229
segformer__pretrained__mit-b2__in_rover__seed1416__gpu_full__0292c93e__git3e52372c__codebebd8b2d__20260717T012339903058Z,msl_ncam_nlb_457153156edr_f0380000ncam00354m1,test_msl,big_rock,iou,,0,0,119229
segformer__pretrained__mit-b2__in_rover__seed1416__gpu_full__0292c93e__git3e52372c__codebebd8b2d__20260717T012339903058Z,msl_ncam_nlb_457153156edr_f0380000ncam00354m1,test_msl,ALL,pixel_acc,0.9991025673284184,0,0,119229
segformer__pretrained__mit-b2__in_rover__seed1416__gpu_full__0292c93e__git3e52372c__codebebd8b2d__20260717T012339903058Z,msl_ncam_nlb_457153156edr_f0380000ncam00354m1,test_msl,ALL,boundary_f1,0.4971078528182337,0,0,119229
segformer__pretrained__mit-b2__in_rover__seed1416__gpu_full__0292c93e__git3e52372c__codebebd8b2d__20260717T012339903058Z,msl_ncam_nlb_457153643edr_f0380000ncam00276m1,test_msl,soil,iou,0.5864705454015874,8054,13733,99398
segformer__pretrained__mit-b2__in_rover__seed1416__gpu_full__0292c93e__git3e52372c__codebebd8b2d__20260717T012339903058Z,msl_ncam_nlb_457153643edr_f0380000ncam00276m1,test_msl,bedrock,iou,,0,0,99398
segformer__pretrained__mit-b2__in_rover__seed1416__gpu_full__0292c93e__git3e52372c__codebebd8b2d__20260717T012339903058Z,msl_ncam_nlb_457153643edr_f0380000ncam00276m1,test_msl,sand,iou,0.9378284287966369,85665,91344,99398
segformer__pretrained__mit-b2__in_rover__seed1416__gpu_full__0292c93e__git3e52372c__codebebd8b2d__20260717T012339903058Z,msl_ncam_nlb_457153643edr_f0380000ncam00276m1,test_msl,big_rock,iou,,0,0,99398
segformer__pretrained__mit-b2__in_rover__seed1416__gpu_full__0292c93e__git3e52372c__codebebd8b2d__20260717T012339903058Z,msl_ncam_nlb_457153643edr_f0380000ncam00276m1,test_msl,ALL,pixel_acc,0.9428660536429304,0,0,99398
segformer__pretrained__mit-b2__in_rover__seed1416__gpu_full__0292c93e__git3e52372c__codebebd8b2d__20260717T012339903058Z,msl_ncam_nlb_457153643edr_f0380000ncam00276m1,test_msl,ALL,boundary_f1,0.718413896522671,0,0,99398
segformer__pretrained__mit-b2__in_rover__seed1416__gpu_full__0292c93e__git3e52372c__codebebd8b2d__20260717T012339903058Z,msl_ncam_nlb_457153706edr_f0380000ncam00276m1,test_msl,soil,iou,0.6382823340392901,8740,13693,108607
segformer__pretrained__mit-b2__in_rover__seed1416__gpu_full__0292c93e__git3e52372c__codebebd8b2d__20260717T012339903058Z,msl_ncam_nlb_457153706edr_f0380000ncam00276m1,test_msl,bedrock,iou,,0,0,108607
segformer__pretrained__mit-b2__in_rover__seed1416__gpu_full__0292c93e__git3e52372c__codebebd8b2d__20260717T012339903058Z,msl_ncam_nlb_457153706edr_f0380000ncam00276m1,test_msl,sand,iou,0.9504040373697017,94914,99867,108607
segformer__pretrained__mit-b2__in_rover__seed1416__gpu_full__0292c93e__git3e52372c__codebebd8b2d__20260717T012339903058Z,msl_ncam_nlb_457153706edr_f0380000ncam00276m1,test_msl,big_rock,iou,,0,0,108607
segformer__pretrained__mit-b2__in_rover__seed1416__gpu_full__0292c93e__git3e52372c__codebebd8b2d__20260717T012339903058Z,msl_ncam_nlb_457153706edr_f0380000ncam00276m1,test_msl,ALL,pixel_acc,0.954395204728977,0,0,108607
segformer__pretrained__mit-b2__in_rover__seed1416__gpu_full__0292c93e__git3e52372c__codebebd8b2d__20260717T012339903058Z,msl_ncam_nlb_457153706edr_f0380000ncam00276m1,test_msl,ALL,boundary_f1,0.671445671390444,0,0,108607
segformer__pretrained__mit-b2__in_rover__seed1416__gpu_full__0292c93e__git3e52372c__codebebd8b2d__20260717T012339903058Z,msl_ncam_nlb_459278092edr_f0391396ncam00207m1,test_msl,soil,iou,,0,0,0
segformer__pretrained__mit-b2__in_rover__seed1416__gpu_full__0292c93e__git3e52372c__codebebd8b2d__20260717T012339903058Z,msl_ncam_nlb_459278092edr_f0391396ncam00207m1,test_msl,bedrock,iou,,0,0,0
segformer__pretrained__mit-b2__in_rover__seed1416__gpu_full__0292c93e__git3e52372c__codebebd8b2d__20260717T012339903058Z,msl_ncam_nlb_459278092edr_f0391396ncam00207m1,test_msl,sand,iou,,0,0,0
segformer__pretrained__mit-b2__in_rover__seed1416__gpu_full__0292c93e__git3e52372c__codebebd8b2d__20260717T012339903058Z,msl_ncam_nlb_459278092edr_f0391396ncam00207m1,test_msl,big_rock,iou,,0,0,0
segformer__pretrained__mit-b2__in_rover__seed1416__gpu_full__0292c93e__git3e52372c__codebebd8b2d__20260717T012339903058Z,msl_ncam_nlb_459278092edr_f0391396ncam00207m1,test_msl,ALL,pixel_acc,,0,0,0
segformer__pretrained__mit-b2__in_rover__seed1416__gpu_full__0292c93e__git3e52372c__codebebd8b2d__20260717T012339903058Z,msl_ncam_nlb_459278092edr_f0391396ncam00207m1,test_msl,ALL,boundary_f1,,0,0,0
segformer__pretrained__mit-b2__in_rover__seed1416__gpu_full__0292c93e__git3e52372c__codebebd8b2d__20260717T012339903058Z,msl_ncam_nlb_459290932edr_f0391552ncam00354m1,test_msl,soil,iou,1.0,91075,91075,91075
segformer__pretrained__mit-b2__in_rover__seed1416__gpu_full__0292c93e__git3e52372c__codebebd8b2d__20260717T012339903058Z,msl_ncam_nlb_459290932edr_f0391552ncam00354m1,test_msl,bedrock,iou,,0,0,91075
segformer__pretrained__mit-b2__in_rover__seed1416__gpu_full__0292c93e__git3e52372c__codebebd8b2d__20260717T012339903058Z,msl_ncam_nlb_459290932edr_f0391552ncam00354m1,test_msl,sand,iou,,0,0,91075
segformer__pretrained__mit-b2__in_rover__seed1416__gpu_full__0292c93e__git3e52372c__codebebd8b2d__20260717T012339903058Z,msl_ncam_nlb_459290932edr_f0391552ncam00354m1,test_msl,big_rock,iou,,0,0,91075
segformer__pretrained__mit-b2__in_rover__seed1416__gpu_full__0292c93e__git3e52372c__codebebd8b2d__20260717T012339903058Z,msl_ncam_nlb_459290932edr_f0391552ncam00354m1,test_msl,ALL,pixel_acc,1.0,0,0,91075
segformer__pretrained__mit-b2__in_rover__seed1416__gpu_full__0292c93e__git3e52372c__codebebd8b2d__20260717T012339903058Z,msl_ncam_nlb_459290932edr_f0391552ncam00354m1,test_msl,ALL,boundary_f1,1.0,0,0,91075
segformer__pretrained__mit-b2__in_rover__seed1416__gpu_full__0292c93e__git3e52372c__codebebd8b2d__20260717T012339903058Z,msl_ncam_nlb_459291038edr_f0391552ncam00252m1,test_msl,soil,iou,,0,0,0
segformer__pretrained__mit-b2__in_rover__seed1416__gpu_full__0292c93e__git3e52372c__codebebd8b2d__20260717T012339903058Z,msl_ncam_nlb_459291038edr_f0391552ncam00252m1,test_msl,bedrock,iou,,0,0,0
segformer__pretrained__mit-b2__in_rover__seed1416__gpu_full__0292c93e__git3e52372c__codebebd8b2d__20260717T012339903058Z,msl_ncam_nlb_459291038edr_f0391552ncam00252m1,test_msl,sand,iou,,0,0,0
segformer__pretrained__mit-b2__in_rover__seed1416__gpu_full__0292c93e__git3e52372c__codebebd8b2d__20260717T012339903058Z,msl_ncam_nlb_459291038edr_f0391552ncam00252m1,test_msl,big_rock,iou,,0,0,0
segformer__pretrained__mit-b2__in_rover__seed1416__gpu_full__0292c93e__git3e52372c__codebebd8b2d__20260717T012339903058Z,msl_ncam_nlb_459291038edr_f0391552ncam00252m1,test_msl,ALL,pixel_acc,,0,0,0
segformer__pretrained__mit-b2__in_rover__seed1416__gpu_full__0292c93e__git3e52372c__codebebd8b2d__20260717T012339903058Z,msl_ncam_nlb_459291038edr_f0391552ncam00252m1,test_msl,ALL,boundary_f1,,0,0,0
segformer__pretrained__mit-b2__in_rover__seed1416__gpu_full__0292c93e__git3e52372c__codebebd8b2d__20260717T012339903058Z,msl_ncam_nlb_459291152edr_f0391552ncam00252m1,test_msl,soil,iou,1.0,48046,48046,48046
segformer__pretrained__mit-b2__in_rover__seed1416__gpu_full__0292c93e__git3e52372c__codebebd8b2d__20260717T012339903058Z,msl_ncam_nlb_459291152edr_f0391552ncam00252m1,test_msl,bedrock,iou,,0,0,48046
segformer__pretrained__mit-b2__in_rover__seed1416__gpu_full__0292c93e__git3e52372c__codebebd8b2d__20260717T012339903058Z,msl_ncam_nlb_459291152edr_f0391552ncam00252m1,test_msl,sand,iou,,0,0,48046
segformer__pretrained__mit-b2__in_rover__seed1416__gpu_full__0292c93e__git3e52372c__codebebd8b2d__20260717T012339903058Z,msl_ncam_nlb_459291152edr_f0391552ncam00252m1,test_msl,big_rock,iou,,0,0,48046
segformer__pretrained__mit-b2__in_rover__seed1416__gpu_full__0292c93e__git3e52372c__codebebd8b2d__20260717T012339903058Z,msl_ncam_nlb_459291152edr_f0391552ncam00252m1,test_msl,ALL,pixel_acc,1.0,0,0,48046
segformer__pretrained__mit-b2__in_rover__seed1416__gpu_full__0292c93e__git3e52372c__codebebd8b2d__20260717T012339903058Z,msl_ncam_nlb_459291152edr_f0391552ncam00252m1,test_msl,ALL,boundary_f1,1.0,0,0,48046
segformer__pretrained__mit-b2__in_rover__seed1416__gpu_full__0292c93e__git3e52372c__codebebd8b2d__20260717T012339903058Z,msl_ncam_nlb_459291220edr_f0391552ncam00252m1,test_msl,soil,iou,1.0,132596,132596,132596
segformer__pretrained__mit-b2__in_rover__seed1416__gpu_full__0292c93e__git3e52372c__codebebd8b2d__20260717T012339903058Z,msl_ncam_nlb_459291220edr_f0391552ncam00252m1,test_msl,bedrock,iou,,0,0,132596
segformer__pretrained__mit-b2__in_rover__seed1416__gpu_full__0292c93e__git3e52372c__codebebd8b2d__20260717T012339903058Z,msl_ncam_nlb_459291220edr_f0391552ncam00252m1,test_msl,sand,iou,,0,0,132596
segformer__pretrained__mit-b2__in_rover__seed1416__gpu_full__0292c93e__git3e52372c__codebebd8b2d__20260717T012339903058Z,msl_ncam_nlb_459291220edr_f0391552ncam00252m1,test_msl,big_rock,iou,,0,0,132596
segformer__pretrained__mit-b2__in_rover__seed1416__gpu_full__0292c93e__git3e52372c__codebebd8b2d__20260717T012339903058Z,msl_ncam_nlb_459291220edr_f0391552ncam00252m1,test_msl,ALL,pixel_acc,1.0,0,0,132596
segformer__pretrained__mit-b2__in_rover__seed1416__gpu_full__0292c93e__git3e52372c__codebebd8b2d__20260717T012339903058Z,msl_ncam_nlb_459291220edr_f0391552ncam00252m1,test_msl,ALL,boundary_f1,1.0,0,0,132596
segformer__pretrained__mit-b2__in_rover__seed1416__gpu_full__0292c93e__git3e52372c__codebebd8b2d__20260717T012339903058Z,msl_ncam_nlb_462743799edr_f0410322ncam00271m1,test_msl,soil,iou,1.0,49308,49308,49308
segformer__pretrained__mit-b2__in_rover__seed1416__gpu_full__0292c93e__git3e52372c__codebebd8b2d__20260717T012339903058Z,msl_ncam_nlb_462743799edr_f0410322ncam00271m1,test_msl,bedrock,iou,,0,0,49308
segformer__pretrained__mit-b2__in_rover__seed1416__gpu_full__0292c93e__git3e52372c__codebebd8b2d__20260717T012339903058Z,msl_ncam_nlb_462743799edr_f0410322ncam00271m1,test_msl,sand,iou,,0,0,49308
segformer__pretrained__mit-b2__in_rover__seed1416__gpu_full__0292c93e__git3e52372c__codebebd8b2d__20260717T012339903058Z,msl_ncam_nlb_462743799edr_f0410322ncam00271m1,test_msl,big_rock,iou,,0,0,49308
segformer__pretrained__mit-b2__in_rover__seed1416__gpu_full__0292c93e__git3e52372c__codebebd8b2d__20260717T012339903058Z,msl_ncam_nlb_462743799edr_f0410322ncam00271m1,test_msl,ALL,pixel_acc,1.0,0,0,49308
segformer__pretrained__mit-b2__in_rover__seed1416__gpu_full__0292c93e__git3e52372c__codebebd8b2d__20260717T012339903058Z,msl_ncam_nlb_462743799edr_f0410322ncam00271m1,test_msl,ALL,boundary_f1,1.0,0,0,49308
segformer__pretrained__mit-b2__in_rover__seed1416__gpu_full__0292c93e__git3e52372c__codebebd8b2d__20260717T012339903058Z,msl_ncam_nlb_462744768edr_f0410322ncam00354m1,test_msl,soil,iou,,0,0,0
segformer__pretrained__mit-b2__in_rover__seed1416__gpu_full__0292c93e__git3e52372c__codebebd8b2d__20260717T012339903058Z,msl_ncam_nlb_462744768edr_f0410322ncam00354m1,test_msl,bedrock,iou,,0,0,0
segformer__pretrained__mit-b2__in_rover__seed1416__gpu_full__0292c93e__git3e52372c__codebebd8b2d__20260717T012339903058Z,msl_ncam_nlb_462744768edr_f0410322ncam00354m1,test_msl,sand,iou,,0,0,0
segformer__pretrained__mit-b2__in_rover__seed1416__gpu_full__0292c93e__git3e52372c__codebebd8b2d__20260717T012339903058Z,msl_ncam_nlb_462744768edr_f0410322ncam00354m1,test_msl,big_rock,iou,,0,0,0
segformer__pretrained__mit-b2__in_rover__seed1416__gpu_full__0292c93e__git3e52372c__codebebd8b2d__20260717T012339903058Z,msl_ncam_nlb_462744768edr_f0410322ncam00354m1,test_msl,ALL,pixel_acc,,0,0,0
segformer__pretrained__mit-b2__in_rover__seed1416__gpu_full__0292c93e__git3e52372c__codebebd8b2d__20260717T012339903058Z,msl_ncam_nlb_462744768edr_f0410322ncam00354m1,test_msl,ALL,boundary_f1,,0,0,0
segformer__pretrained__mit-b2__in_rover__seed1416__gpu_full__0292c93e__git3e52372c__codebebd8b2d__20260717T012339903058Z,msl_ncam_nlb_462744927edr_f0410322ncam00272m1,test_msl,soil,iou,,0,0,0
segformer__pretrained__mit-b2__in_rover__seed1416__gpu_full__0292c93e__git3e52372c__codebebd8b2d__20260717T012339903058Z,msl_ncam_nlb_462744927edr_f0410322ncam00272m1,test_msl,bedrock,iou,,0,0,0
segformer__pretrained__mit-b2__in_rover__seed1416__gpu_full__0292c93e__git3e52372c__codebebd8b2d__20260717T012339903058Z,msl_ncam_nlb_462744927edr_f0410322ncam00272m1,test_msl,sand,iou,,0,0,0
segformer__pretrained__mit-b2__in_rover__seed1416__gpu_full__0292c93e__git3e52372c__codebebd8b2d__20260717T012339903058Z,msl_ncam_nlb_462744927edr_f0410322ncam00272m1,test_msl,big_rock,iou,,0,0,0
segformer__pretrained__mit-b2__in_rover__seed1416__gpu_full__0292c93e__git3e52372c__codebebd8b2d__20260717T012339903058Z,msl_ncam_nlb_462744927edr_f0410322ncam00272m1,test_msl,ALL,pixel_acc,,0,0,0
segformer__pretrained__mit-b2__in_rover__seed1416__gpu_full__0292c93e__git3e52372c__codebebd8b2d__20260717T012339903058Z,msl_ncam_nlb_462744927edr_f0410322ncam00272m1,test_msl,ALL,boundary_f1,,0,0,0
segformer__pretrained__mit-b2__in_rover__seed1416__gpu_full__0292c93e__git3e52372c__codebebd8b2d__20260717T012339903058Z,msl_ncam_nlb_462744982edr_f0410322ncam00272m1,test_msl,soil,iou,1.0,109525,109525,109525
segformer__pretrained__mit-b2__in_rover__seed1416__gpu_full__0292c93e__git3e52372c__codebebd8b2d__20260717T012339903058Z,msl_ncam_nlb_462744982edr_f0410322ncam00272m1,test_msl,bedrock,iou,,0,0,109525
segformer__pretrained__mit-b2__in_rover__seed1416__gpu_full__0292c93e__git3e52372c__codebebd8b2d__20260717T012339903058Z,msl_ncam_nlb_462744982edr_f0410322ncam00272m1,test_msl,sand,iou,,0,0,109525
segformer__pretrained__mit-b2__in_rover__seed1416__gpu_full__0292c93e__git3e52372c__codebebd8b2d__20260717T012339903058Z,msl_ncam_nlb_462744982edr_f0410322ncam00272m1,test_msl,big_rock,iou,,0,0,109525
segformer__pretrained__mit-b2__in_rover__seed1416__gpu_full__0292c93e__git3e52372c__codebebd8b2d__20260717T012339903058Z,msl_ncam_nlb_462744982edr_f0410322ncam00272m1,test_msl,ALL,pixel_acc,1.0,0,0,109525
segformer__pretrained__mit-b2__in_rover__seed1416__gpu_full__0292c93e__git3e52372c__codebebd8b2d__20260717T012339903058Z,msl_ncam_nlb_462744982edr_f0410322ncam00272m1,test_msl,ALL,boundary_f1,1.0,0,0,109525
segformer__pretrained__mit-b2__in_rover__seed1416__gpu_full__0292c93e__git3e52372c__codebebd8b2d__20260717T012339903058Z,msl_ncam_nlb_463099226edr_f0410712ncam00385m1,test_msl,soil,iou,,0,0,121183
segformer__pretrained__mit-b2__in_rover__seed1416__gpu_full__0292c93e__git3e52372c__codebebd8b2d__20260717T012339903058Z,msl_ncam_nlb_463099226edr_f0410712ncam00385m1,test_msl,bedrock,iou,1.0,121183,121183,121183
segformer__pretrained__mit-b2__in_rover__seed1416__gpu_full__0292c93e__git3e52372c__codebebd8b2d__20260717T012339903058Z,msl_ncam_nlb_463099226edr_f0410712ncam00385m1,test_msl,sand,iou,,0,0,121183
segformer__pretrained__mit-b2__in_rover__seed1416__gpu_full__0292c93e__git3e52372c__codebebd8b2d__20260717T012339903058Z,msl_ncam_nlb_463099226edr_f0410712ncam00385m1,test_msl,big_rock,iou,,0,0,121183
segformer__pretrained__mit-b2__in_rover__seed1416__gpu_full__0292c93e__git3e52372c__codebebd8b2d__20260717T012339903058Z,msl_ncam_nlb_463099226edr_f0410712ncam00385m1,test_msl,ALL,pixel_acc,1.0,0,0,121183
segformer__pretrained__mit-b2__in_rover__seed1416__gpu_full__0292c93e__git3e52372c__codebebd8b2d__20260717T012339903058Z,msl_ncam_nlb_463099226edr_f0410712ncam00385m1,test_msl,ALL,boundary_f1,1.0,0,0,121183
segformer__pretrained__mit-b2__in_rover__seed1416__gpu_full__0292c93e__git3e52372c__codebebd8b2d__20260717T012339903058Z,msl_ncam_nlb_463107188edr_f0410748ncam00274m1,test_msl,soil,iou,,0,0,60277
segformer__pretrained__mit-b2__in_rover__seed1416__gpu_full__0292c93e__git3e52372c__codebebd8b2d__20260717T012339903058Z,msl_ncam_nlb_463107188edr_f0410748ncam00274m1,test_msl,bedrock,iou,0.9994607050056381,20386,20397,60277
segformer__pretrained__mit-b2__in_rover__seed1416__gpu_full__0292c93e__git3e52372c__codebebd8b2d__20260717T012339903058Z,msl_ncam_nlb_463107188edr_f0410748ncam00274m1,test_msl,sand,iou,0.9967912561730716,39763,39891,60277
segformer__pretrained__mit-b2__in_rover__seed1416__gpu_full__0292c93e__git3e52372c__codebebd8b2d__20260717T012339903058Z,msl_ncam_nlb_463107188edr_f0410748ncam00274m1,test_msl,big_rock,iou,0.0,0,117,60277
segformer__pretrained__mit-b2__in_rover__seed1416__gpu_full__0292c93e__git3e52372c__codebebd8b2d__20260717T012339903058Z,msl_ncam_nlb_463107188edr_f0410748ncam00274m1,test_msl,ALL,pixel_acc,0.9978764702954692,0,0,60277
segformer__pretrained__mit-b2__in_rover__seed1416__gpu_full__0292c93e__git3e52372c__codebebd8b2d__20260717T012339903058Z,msl_ncam_nlb_463107188edr_f0410748ncam00274m1,test_msl,ALL,boundary_f1,0.6620611031757765,0,0,60277
segformer__pretrained__mit-b2__in_rover__seed1416__gpu_full__0292c93e__git3e52372c__codebebd8b2d__20260717T012339903058Z,msl_ncam_nlb_463107249edr_f0410748ncam00274m1,test_msl,soil,iou,,0,0,0
segformer__pretrained__mit-b2__in_rover__seed1416__gpu_full__0292c93e__git3e52372c__codebebd8b2d__20260717T012339903058Z,msl_ncam_nlb_463107249edr_f0410748ncam00274m1,test_msl,bedrock,iou,,0,0,0
segformer__pretrained__mit-b2__in_rover__seed1416__gpu_full__0292c93e__git3e52372c__codebebd8b2d__20260717T012339903058Z,msl_ncam_nlb_463107249edr_f0410748ncam00274m1,test_msl,sand,iou,,0,0,0
segformer__pretrained__mit-b2__in_rover__seed1416__gpu_full__0292c93e__git3e52372c__codebebd8b2d__20260717T012339903058Z,msl_ncam_nlb_463107249edr_f0410748ncam00274m1,test_msl,big_rock,iou,,0,0,0
segformer__pretrained__mit-b2__in_rover__seed1416__gpu_full__0292c93e__git3e52372c__codebebd8b2d__20260717T012339903058Z,msl_ncam_nlb_463107249edr_f0410748ncam00274m1,test_msl,ALL,pixel_acc,,0,0,0
segformer__pretrained__mit-b2__in_rover__seed1416__gpu_full__0292c93e__git3e52372c__codebebd8b2d__20260717T012339903058Z,msl_ncam_nlb_463107249edr_f0410748ncam00274m1,test_msl,ALL,boundary_f1,,0,0,0
segformer__pretrained__mit-b2__in_rover__seed1416__gpu_full__0292c93e__git3e52372c__codebebd8b2d__20260717T012339903058Z,msl_ncam_nlb_463107562edr_f0410748ncam00354m1,test_msl,soil,iou,,0,0,80914
segformer__pretrained__mit-b2__in_rover__seed1416__gpu_full__0292c93e__git3e52372c__codebebd8b2d__20260717T012339903058Z,msl_ncam_nlb_463107562edr_f0410748ncam00354m1,test_msl,bedrock,iou,1.0,80914,80914,80914
segformer__pretrained__mit-b2__in_rover__seed1416__gpu_full__0292c93e__git3e52372c__codebebd8b2d__20260717T012339903058Z,msl_ncam_nlb_463107562edr_f0410748ncam00354m1,test_msl,sand,iou,,0,0,80914
segformer__pretrained__mit-b2__in_rover__seed1416__gpu_full__0292c93e__git3e52372c__codebebd8b2d__20260717T012339903058Z,msl_ncam_nlb_463107562edr_f0410748ncam00354m1,test_msl,big_rock,iou,,0,0,80914
segformer__pretrained__mit-b2__in_rover__seed1416__gpu_full__0292c93e__git3e52372c__codebebd8b2d__20260717T012339903058Z,msl_ncam_nlb_463107562edr_f0410748ncam00354m1,test_msl,ALL,pixel_acc,1.0,0,0,80914
segformer__pretrained__mit-b2__in_rover__seed1416__gpu_full__0292c93e__git3e52372c__codebebd8b2d__20260717T012339903058Z,msl_ncam_nlb_463107562edr_f0410748ncam00354m1,test_msl,ALL,boundary_f1,1.0,0,0,80914
segformer__pretrained__mit-b2__in_rover__seed1416__gpu_full__0292c93e__git3e52372c__codebebd8b2d__20260717T012339903058Z,msl_ncam_nlb_463107626edr_f0410748ncam00354m1,test_msl,soil,iou,,0,0,108883
segformer__pretrained__mit-b2__in_rover__seed1416__gpu_full__0292c93e__git3e52372c__codebebd8b2d__20260717T012339903058Z,msl_ncam_nlb_463107626edr_f0410748ncam00354m1,test_msl,bedrock,iou,1.0,108883,108883,108883
segformer__pretrained__mit-b2__in_rover__seed1416__gpu_full__0292c93e__git3e52372c__codebebd8b2d__20260717T012339903058Z,msl_ncam_nlb_463107626edr_f0410748ncam00354m1,test_msl,sand,iou,,0,0,108883
segformer__pretrained__mit-b2__in_rover__seed1416__gpu_full__0292c93e__git3e52372c__codebebd8b2d__20260717T012339903058Z,msl_ncam_nlb_463107626edr_f0410748ncam00354m1,test_msl,big_rock,iou,,0,0,108883
segformer__pretrained__mit-b2__in_rover__seed1416__gpu_full__0292c93e__git3e52372c__codebebd8b2d__20260717T012339903058Z,msl_ncam_nlb_463107626edr_f0410748ncam00354m1,test_msl,ALL,pixel_acc,1.0,0,0,108883
segformer__pretrained__mit-b2__in_rover__seed1416__gpu_full__0292c93e__git3e52372c__codebebd8b2d__20260717T012339903058Z,msl_ncam_nlb_463107626edr_f0410748ncam00354m1,test_msl,ALL,boundary_f1,1.0,0,0,108883
segformer__pretrained__mit-b2__in_rover__seed1416__gpu_full__0292c93e__git3e52372c__codebebd8b2d__20260717T012339903058Z,msl_ncam_nlb_463107697edr_f0410748ncam00354m1,test_msl,soil,iou,,0,0,88228
segformer__pretrained__mit-b2__in_rover__seed1416__gpu_full__0292c93e__git3e52372c__codebebd8b2d__20260717T012339903058Z,msl_ncam_nlb_463107697edr_f0410748ncam00354m1,test_msl,bedrock,iou,1.0,88228,88228,88228
segformer__pretrained__mit-b2__in_rover__seed1416__gpu_full__0292c93e__git3e52372c__codebebd8b2d__20260717T012339903058Z,msl_ncam_nlb_463107697edr_f0410748ncam00354m1,test_msl,sand,iou,,0,0,88228
segformer__pretrained__mit-b2__in_rover__seed1416__gpu_full__0292c93e__git3e52372c__codebebd8b2d__20260717T012339903058Z,msl_ncam_nlb_463107697edr_f0410748ncam00354m1,test_msl,big_rock,iou,,0,0,88228
segformer__pretrained__mit-b2__in_rover__seed1416__gpu_full__0292c93e__git3e52372c__codebebd8b2d__20260717T012339903058Z,msl_ncam_nlb_463107697edr_f0410748ncam00354m1,test_msl,ALL,pixel_acc,1.0,0,0,88228
segformer__pretrained__mit-b2__in_rover__seed1416__gpu_full__0292c93e__git3e52372c__codebebd8b2d__20260717T012339903058Z,msl_ncam_nlb_463107697edr_f0410748ncam00354m1,test_msl,ALL,boundary_f1,1.0,0,0,88228
segformer__pretrained__mit-b2__in_rover__seed1416__gpu_full__0292c93e__git3e52372c__codebebd8b2d__20260717T012339903058Z,msl_ncam_nlb_463107797edr_f0410748ncam07753m1,test_msl,soil,iou,,0,0,100367
segformer__pretrained__mit-b2__in_rover__seed1416__gpu_full__0292c93e__git3e52372c__codebebd8b2d__20260717T012339903058Z,msl_ncam_nlb_463107797edr_f0410748ncam07753m1,test_msl,bedrock,iou,1.0,100367,100367,100367
segformer__pretrained__mit-b2__in_rover__seed1416__gpu_full__0292c93e__git3e52372c__codebebd8b2d__20260717T012339903058Z,msl_ncam_nlb_463107797edr_f0410748ncam07753m1,test_msl,sand,iou,,0,0,100367
segformer__pretrained__mit-b2__in_rover__seed1416__gpu_full__0292c93e__git3e52372c__codebebd8b2d__20260717T012339903058Z,msl_ncam_nlb_463107797edr_f0410748ncam07753m1,test_msl,big_rock,iou,,0,0,100367
segformer__pretrained__mit-b2__in_rover__seed1416__gpu_full__0292c93e__git3e52372c__codebebd8b2d__20260717T012339903058Z,msl_ncam_nlb_463107797edr_f0410748ncam07753m1,test_msl,ALL,pixel_acc,1.0,0,0,100367
segformer__pretrained__mit-b2__in_rover__seed1416__gpu_full__0292c93e__git3e52372c__codebebd8b2d__20260717T012339903058Z,msl_ncam_nlb_463107797edr_f0410748ncam07753m1,test_msl,ALL,boundary_f1,1.0,0,0,100367
segformer__pretrained__mit-b2__in_rover__seed1416__gpu_full__0292c93e__git3e52372c__codebebd8b2d__20260717T012339903058Z,msl_ncam_nlb_463107836edr_f0410748ncam07753m1,test_msl,soil,iou,,0,0,0
segformer__pretrained__mit-b2__in_rover__seed1416__gpu_full__0292c93e__git3e52372c__codebebd8b2d__20260717T012339903058Z,msl_ncam_nlb_463107836edr_f0410748ncam07753m1,test_msl,bedrock,iou,,0,0,0
segformer__pretrained__mit-b2__in_rover__seed1416__gpu_full__0292c93e__git3e52372c__codebebd8b2d__20260717T012339903058Z,msl_ncam_nlb_463107836edr_f0410748ncam07753m1,test_msl,sand,iou,,0,0,0
segformer__pretrained__mit-b2__in_rover__seed1416__gpu_full__0292c93e__git3e52372c__codebebd8b2d__20260717T012339903058Z,msl_ncam_nlb_463107836edr_f0410748ncam07753m1,test_msl,big_rock,iou,,0,0,0
segformer__pretrained__mit-b2__in_rover__seed1416__gpu_full__0292c93e__git3e52372c__codebebd8b2d__20260717T012339903058Z,msl_ncam_nlb_463107836edr_f0410748ncam07753m1,test_msl,ALL,pixel_acc,,0,0,0
segformer__pretrained__mit-b2__in_rover__seed1416__gpu_full__0292c93e__git3e52372c__codebebd8b2d__20260717T012339903058Z,msl_ncam_nlb_463107836edr_f0410748ncam07753m1,test_msl,ALL,boundary_f1,,0,0,0
segformer__pretrained__mit-b2__in_rover__seed1416__gpu_full__0292c93e__git3e52372c__codebebd8b2d__20260717T012339903058Z,msl_ncam_nlb_463107949edr_f0410748ncam07753m1,test_msl,soil,iou,,0,0,56667
segformer__pretrained__mit-b2__in_rover__seed1416__gpu_full__0292c93e__git3e52372c__codebebd8b2d__20260717T012339903058Z,msl_ncam_nlb_463107949edr_f0410748ncam07753m1,test_msl,bedrock,iou,1.0,56667,56667,56667
segformer__pretrained__mit-b2__in_rover__seed1416__gpu_full__0292c93e__git3e52372c__codebebd8b2d__20260717T012339903058Z,msl_ncam_nlb_463107949edr_f0410748ncam07753m1,test_msl,sand,iou,,0,0,56667
segformer__pretrained__mit-b2__in_rover__seed1416__gpu_full__0292c93e__git3e52372c__codebebd8b2d__20260717T012339903058Z,msl_ncam_nlb_463107949edr_f0410748ncam07753m1,test_msl,big_rock,iou,,0,0,56667
segformer__pretrained__mit-b2__in_rover__seed1416__gpu_full__0292c93e__git3e52372c__codebebd8b2d__20260717T012339903058Z,msl_ncam_nlb_463107949edr_f0410748ncam07753m1,test_msl,ALL,pixel_acc,1.0,0,0,56667
segformer__pretrained__mit-b2__in_rover__seed1416__gpu_full__0292c93e__git3e52372c__codebebd8b2d__20260717T012339903058Z,msl_ncam_nlb_463107949edr_f0410748ncam07753m1,test_msl,ALL,boundary_f1,1.0,0,0,56667
segformer__pretrained__mit-b2__in_rover__seed1416__gpu_full__0292c93e__git3e52372c__codebebd8b2d__20260717T012339903058Z,msl_ncam_nlb_463803954edr_f0411768ncam00382m1,test_msl,soil,iou,,0,0,67455
segformer__pretrained__mit-b2__in_rover__seed1416__gpu_full__0292c93e__git3e52372c__codebebd8b2d__20260717T012339903058Z,msl_ncam_nlb_463803954edr_f0411768ncam00382m1,test_msl,bedrock,iou,,0,0,67455
segformer__pretrained__mit-b2__in_rover__seed1416__gpu_full__0292c93e__git3e52372c__codebebd8b2d__20260717T012339903058Z,msl_ncam_nlb_463803954edr_f0411768ncam00382m1,test_msl,sand,iou,1.0,67455,67455,67455
segformer__pretrained__mit-b2__in_rover__seed1416__gpu_full__0292c93e__git3e52372c__codebebd8b2d__20260717T012339903058Z,msl_ncam_nlb_463803954edr_f0411768ncam00382m1,test_msl,big_rock,iou,,0,0,67455
segformer__pretrained__mit-b2__in_rover__seed1416__gpu_full__0292c93e__git3e52372c__codebebd8b2d__20260717T012339903058Z,msl_ncam_nlb_463803954edr_f0411768ncam00382m1,test_msl,ALL,pixel_acc,1.0,0,0,67455
segformer__pretrained__mit-b2__in_rover__seed1416__gpu_full__0292c93e__git3e52372c__codebebd8b2d__20260717T012339903058Z,msl_ncam_nlb_463803954edr_f0411768ncam00382m1,test_msl,ALL,boundary_f1,1.0,0,0,67455
segformer__pretrained__mit-b2__in_rover__seed1416__gpu_full__0292c93e__git3e52372c__codebebd8b2d__20260717T012339903058Z,msl_ncam_nlb_463813170edr_f0420000ncam06094m1,test_msl,soil,iou,0.9601597187043714,32222,33559,89391
segformer__pretrained__mit-b2__in_rover__seed1416__gpu_full__0292c93e__git3e52372c__codebebd8b2d__20260717T012339903058Z,msl_ncam_nlb_463813170edr_f0420000ncam06094m1,test_msl,bedrock,iou,0.9556970600189676,7054,7381,89391
segformer__pretrained__mit-b2__in_rover__seed1416__gpu_full__0292c93e__git3e52372c__codebebd8b2d__20260717T012339903058Z,msl_ncam_nlb_463813170edr_f0420000ncam06094m1,test_msl,sand,iou,0.9731461396320399,48451,49788,89391
segformer__pretrained__mit-b2__in_rover__seed1416__gpu_full__0292c93e__git3e52372c__codebebd8b2d__20260717T012339903058Z,msl_ncam_nlb_463813170edr_f0420000ncam06094m1,test_msl,big_rock,iou,0.0,0,327,89391
segformer__pretrained__mit-b2__in_rover__seed1416__gpu_full__0292c93e__git3e52372c__codebebd8b2d__20260717T012339903058Z,msl_ncam_nlb_463813170edr_f0420000ncam06094m1,test_msl,ALL,pixel_acc,0.9813851506303767,0,0,89391
segformer__pretrained__mit-b2__in_rover__seed1416__gpu_full__0292c93e__git3e52372c__codebebd8b2d__20260717T012339903058Z,msl_ncam_nlb_463813170edr_f0420000ncam06094m1,test_msl,ALL,boundary_f1,0.6668187230562233,0,0,89391
segformer__pretrained__mit-b2__in_rover__seed1416__gpu_full__0292c93e__git3e52372c__codebebd8b2d__20260717T012339903058Z,msl_ncam_nlb_463813296edr_f0420000ncam06094m1,test_msl,soil,iou,1.0,188552,188552,188552
segformer__pretrained__mit-b2__in_rover__seed1416__gpu_full__0292c93e__git3e52372c__codebebd8b2d__20260717T012339903058Z,msl_ncam_nlb_463813296edr_f0420000ncam06094m1,test_msl,bedrock,iou,,0,0,188552
segformer__pretrained__mit-b2__in_rover__seed1416__gpu_full__0292c93e__git3e52372c__codebebd8b2d__20260717T012339903058Z,msl_ncam_nlb_463813296edr_f0420000ncam06094m1,test_msl,sand,iou,,0,0,188552
segformer__pretrained__mit-b2__in_rover__seed1416__gpu_full__0292c93e__git3e52372c__codebebd8b2d__20260717T012339903058Z,msl_ncam_nlb_463813296edr_f0420000ncam06094m1,test_msl,big_rock,iou,,0,0,188552
segformer__pretrained__mit-b2__in_rover__seed1416__gpu_full__0292c93e__git3e52372c__codebebd8b2d__20260717T012339903058Z,msl_ncam_nlb_463813296edr_f0420000ncam06094m1,test_msl,ALL,pixel_acc,1.0,0,0,188552
segformer__pretrained__mit-b2__in_rover__seed1416__gpu_full__0292c93e__git3e52372c__codebebd8b2d__20260717T012339903058Z,msl_ncam_nlb_463813296edr_f0420000ncam06094m1,test_msl,ALL,boundary_f1,1.0,0,0,188552
segformer__pretrained__mit-b2__in_rover__seed1416__gpu_full__0292c93e__git3e52372c__codebebd8b2d__20260717T012339903058Z,msl_ncam_nlb_463814148edr_f0420000ncam00354m1,test_msl,soil,iou,1.0,227875,227875,227875
segformer__pretrained__mit-b2__in_rover__seed1416__gpu_full__0292c93e__git3e52372c__codebebd8b2d__20260717T012339903058Z,msl_ncam_nlb_463814148edr_f0420000ncam00354m1,test_msl,bedrock,iou,,0,0,227875
segformer__pretrained__mit-b2__in_rover__seed1416__gpu_full__0292c93e__git3e52372c__codebebd8b2d__20260717T012339903058Z,msl_ncam_nlb_463814148edr_f0420000ncam00354m1,test_msl,sand,iou,,0,0,227875
segformer__pretrained__mit-b2__in_rover__seed1416__gpu_full__0292c93e__git3e52372c__codebebd8b2d__20260717T012339903058Z,msl_ncam_nlb_463814148edr_f0420000ncam00354m1,test_msl,big_rock,iou,,0,0,227875
segformer__pretrained__mit-b2__in_rover__seed1416__gpu_full__0292c93e__git3e52372c__codebebd8b2d__20260717T012339903058Z,msl_ncam_nlb_463814148edr_f0420000ncam00354m1,test_msl,ALL,pixel_acc,1.0,0,0,227875
segformer__pretrained__mit-b2__in_rover__seed1416__gpu_full__0292c93e__git3e52372c__codebebd8b2d__20260717T012339903058Z,msl_ncam_nlb_463814148edr_f0420000ncam00354m1,test_msl,ALL,boundary_f1,1.0,0,0,227875
segformer__pretrained__mit-b2__in_rover__seed1416__gpu_full__0292c93e__git3e52372c__codebebd8b2d__20260717T012339903058Z,msl_ncam_nlb_463814218edr_f0420000ncam00354m1,test_msl,soil,iou,1.0,152384,152384,152384
segformer__pretrained__mit-b2__in_rover__seed1416__gpu_full__0292c93e__git3e52372c__codebebd8b2d__20260717T012339903058Z,msl_ncam_nlb_463814218edr_f0420000ncam00354m1,test_msl,bedrock,iou,,0,0,152384
segformer__pretrained__mit-b2__in_rover__seed1416__gpu_full__0292c93e__git3e52372c__codebebd8b2d__20260717T012339903058Z,msl_ncam_nlb_463814218edr_f0420000ncam00354m1,test_msl,sand,iou,,0,0,152384
segformer__pretrained__mit-b2__in_rover__seed1416__gpu_full__0292c93e__git3e52372c__codebebd8b2d__20260717T012339903058Z,msl_ncam_nlb_463814218edr_f0420000ncam00354m1,test_msl,big_rock,iou,,0,0,152384
segformer__pretrained__mit-b2__in_rover__seed1416__gpu_full__0292c93e__git3e52372c__codebebd8b2d__20260717T012339903058Z,msl_ncam_nlb_463814218edr_f0420000ncam00354m1,test_msl,ALL,pixel_acc,1.0,0,0,152384
segformer__pretrained__mit-b2__in_rover__seed1416__gpu_full__0292c93e__git3e52372c__codebebd8b2d__20260717T012339903058Z,msl_ncam_nlb_463814218edr_f0420000ncam00354m1,test_msl,ALL,boundary_f1,1.0,0,0,152384
segformer__pretrained__mit-b2__in_rover__seed1416__gpu_full__0292c93e__git3e52372c__codebebd8b2d__20260717T012339903058Z,msl_ncam_nlb_463814255edr_f0420000ncam00278m1,test_msl,soil,iou,1.0,85416,85416,85416
segformer__pretrained__mit-b2__in_rover__seed1416__gpu_full__0292c93e__git3e52372c__codebebd8b2d__20260717T012339903058Z,msl_ncam_nlb_463814255edr_f0420000ncam00278m1,test_msl,bedrock,iou,,0,0,85416
segformer__pretrained__mit-b2__in_rover__seed1416__gpu_full__0292c93e__git3e52372c__codebebd8b2d__20260717T012339903058Z,msl_ncam_nlb_463814255edr_f0420000ncam00278m1,test_msl,sand,iou,,0,0,85416
segformer__pretrained__mit-b2__in_rover__seed1416__gpu_full__0292c93e__git3e52372c__codebebd8b2d__20260717T012339903058Z,msl_ncam_nlb_463814255edr_f0420000ncam00278m1,test_msl,big_rock,iou,,0,0,85416
segformer__pretrained__mit-b2__in_rover__seed1416__gpu_full__0292c93e__git3e52372c__codebebd8b2d__20260717T012339903058Z,msl_ncam_nlb_463814255edr_f0420000ncam00278m1,test_msl,ALL,pixel_acc,1.0,0,0,85416
segformer__pretrained__mit-b2__in_rover__seed1416__gpu_full__0292c93e__git3e52372c__codebebd8b2d__20260717T012339903058Z,msl_ncam_nlb_463814255edr_f0420000ncam00278m1,test_msl,ALL,boundary_f1,1.0,0,0,85416
segformer__pretrained__mit-b2__in_rover__seed1416__gpu_full__0292c93e__git3e52372c__codebebd8b2d__20260717T012339903058Z,msl_ncam_nlb_463814438edr_f0420000ncam00278m1,test_msl,soil,iou,,0,0,0
segformer__pretrained__mit-b2__in_rover__seed1416__gpu_full__0292c93e__git3e52372c__codebebd8b2d__20260717T012339903058Z,msl_ncam_nlb_463814438edr_f0420000ncam00278m1,test_msl,bedrock,iou,,0,0,0
segformer__pretrained__mit-b2__in_rover__seed1416__gpu_full__0292c93e__git3e52372c__codebebd8b2d__20260717T012339903058Z,msl_ncam_nlb_463814438edr_f0420000ncam00278m1,test_msl,sand,iou,,0,0,0
segformer__pretrained__mit-b2__in_rover__seed1416__gpu_full__0292c93e__git3e52372c__codebebd8b2d__20260717T012339903058Z,msl_ncam_nlb_463814438edr_f0420000ncam00278m1,test_msl,big_rock,iou,,0,0,0
segformer__pretrained__mit-b2__in_rover__seed1416__gpu_full__0292c93e__git3e52372c__codebebd8b2d__20260717T012339903058Z,msl_ncam_nlb_463814438edr_f0420000ncam00278m1,test_msl,ALL,pixel_acc,,0,0,0
segformer__pretrained__mit-b2__in_rover__seed1416__gpu_full__0292c93e__git3e52372c__codebebd8b2d__20260717T012339903058Z,msl_ncam_nlb_463814438edr_f0420000ncam00278m1,test_msl,ALL,boundary_f1,,0,0,0
segformer__pretrained__mit-b2__in_rover__seed1416__gpu_full__0292c93e__git3e52372c__codebebd8b2d__20260717T012339903058Z,msl_ncam_nlb_492664173edr_f0490294ncam00294m1,test_msl,soil,iou,,0,0,16308
segformer__pretrained__mit-b2__in_rover__seed1416__gpu_full__0292c93e__git3e52372c__codebebd8b2d__20260717T012339903058Z,msl_ncam_nlb_492664173edr_f0490294ncam00294m1,test_msl,bedrock,iou,1.0,16308,16308,16308
segformer__pretrained__mit-b2__in_rover__seed1416__gpu_full__0292c93e__git3e52372c__codebebd8b2d__20260717T012339903058Z,msl_ncam_nlb_492664173edr_f0490294ncam00294m1,test_msl,sand,iou,,0,0,16308
segformer__pretrained__mit-b2__in_rover__seed1416__gpu_full__0292c93e__git3e52372c__codebebd8b2d__20260717T012339903058Z,msl_ncam_nlb_492664173edr_f0490294ncam00294m1,test_msl,big_rock,iou,,0,0,16308
segformer__pretrained__mit-b2__in_rover__seed1416__gpu_full__0292c93e__git3e52372c__codebebd8b2d__20260717T012339903058Z,msl_ncam_nlb_492664173edr_f0490294ncam00294m1,test_msl,ALL,pixel_acc,1.0,0,0,16308
segformer__pretrained__mit-b2__in_rover__seed1416__gpu_full__0292c93e__git3e52372c__codebebd8b2d__20260717T012339903058Z,msl_ncam_nlb_492664173edr_f0490294ncam00294m1,test_msl,ALL,boundary_f1,1.0,0,0,16308
segformer__pretrained__mit-b2__in_rover__seed1416__gpu_full__0292c93e__git3e52372c__codebebd8b2d__20260717T012339903058Z,msl_ncam_nlb_492664235edr_f0490294ncam00294m1,test_msl,soil,iou,,0,0,30789
segformer__pretrained__mit-b2__in_rover__seed1416__gpu_full__0292c93e__git3e52372c__codebebd8b2d__20260717T012339903058Z,msl_ncam_nlb_492664235edr_f0490294ncam00294m1,test_msl,bedrock,iou,1.0,30789,30789,30789
segformer__pretrained__mit-b2__in_rover__seed1416__gpu_full__0292c93e__git3e52372c__codebebd8b2d__20260717T012339903058Z,msl_ncam_nlb_492664235edr_f0490294ncam00294m1,test_msl,sand,iou,,0,0,30789
segformer__pretrained__mit-b2__in_rover__seed1416__gpu_full__0292c93e__git3e52372c__codebebd8b2d__20260717T012339903058Z,msl_ncam_nlb_492664235edr_f0490294ncam00294m1,test_msl,big_rock,iou,,0,0,30789
segformer__pretrained__mit-b2__in_rover__seed1416__gpu_full__0292c93e__git3e52372c__codebebd8b2d__20260717T012339903058Z,msl_ncam_nlb_492664235edr_f0490294ncam00294m1,test_msl,ALL,pixel_acc,1.0,0,0,30789
segformer__pretrained__mit-b2__in_rover__seed1416__gpu_full__0292c93e__git3e52372c__codebebd8b2d__20260717T012339903058Z,msl_ncam_nlb_492664235edr_f0490294ncam00294m1,test_msl,ALL,boundary_f1,1.0,0,0,30789
segformer__pretrained__mit-b2__in_rover__seed1416__gpu_full__0292c93e__git3e52372c__codebebd8b2d__20260717T012339903058Z,msl_ncam_nlb_492664291edr_f0490294ncam00294m1,test_msl,soil,iou,,0,0,5776
segformer__pretrained__mit-b2__in_rover__seed1416__gpu_full__0292c93e__git3e52372c__codebebd8b2d__20260717T012339903058Z,msl_ncam_nlb_492664291edr_f0490294ncam00294m1,test_msl,bedrock,iou,1.0,5776,5776,5776
segformer__pretrained__mit-b2__in_rover__seed1416__gpu_full__0292c93e__git3e52372c__codebebd8b2d__20260717T012339903058Z,msl_ncam_nlb_492664291edr_f0490294ncam00294m1,test_msl,sand,iou,,0,0,5776
segformer__pretrained__mit-b2__in_rover__seed1416__gpu_full__0292c93e__git3e52372c__codebebd8b2d__20260717T012339903058Z,msl_ncam_nlb_492664291edr_f0490294ncam00294m1,test_msl,big_rock,iou,,0,0,5776
segformer__pretrained__mit-b2__in_rover__seed1416__gpu_full__0292c93e__git3e52372c__codebebd8b2d__20260717T012339903058Z,msl_ncam_nlb_492664291edr_f0490294ncam00294m1,test_msl,ALL,pixel_acc,1.0,0,0,5776
segformer__pretrained__mit-b2__in_rover__seed1416__gpu_full__0292c93e__git3e52372c__codebebd8b2d__20260717T012339903058Z,msl_ncam_nlb_492664291edr_f0490294ncam00294m1,test_msl,ALL,boundary_f1,1.0,0,0,5776
segformer__pretrained__mit-b2__in_rover__seed1416__gpu_full__0292c93e__git3e52372c__codebebd8b2d__20260717T012339903058Z,msl_ncam_nlb_492664491edr_f0490294ncam00354m1,test_msl,soil,iou,0.5683126768810384,11647,20494,101609
segformer__pretrained__mit-b2__in_rover__seed1416__gpu_full__0292c93e__git3e52372c__codebebd8b2d__20260717T012339903058Z,msl_ncam_nlb_492664491edr_f0490294ncam00354m1,test_msl,bedrock,iou,0.9016584780240546,81115,89962,101609
segformer__pretrained__mit-b2__in_rover__seed1416__gpu_full__0292c93e__git3e52372c__codebebd8b2d__20260717T012339903058Z,msl_ncam_nlb_492664491edr_f0490294ncam00354m1,test_msl,sand,iou,,0,0,101609
segformer__pretrained__mit-b2__in_rover__seed1416__gpu_full__0292c93e__git3e52372c__codebebd8b2d__20260717T012339903058Z,msl_ncam_nlb_492664491edr_f0490294ncam00354m1,test_msl,big_rock,iou,,0,0,101609
segformer__pretrained__mit-b2__in_rover__seed1416__gpu_full__0292c93e__git3e52372c__codebebd8b2d__20260717T012339903058Z,msl_ncam_nlb_492664491edr_f0490294ncam00354m1,test_msl,ALL,pixel_acc,0.9129309411567873,0,0,101609
segformer__pretrained__mit-b2__in_rover__seed1416__gpu_full__0292c93e__git3e52372c__codebebd8b2d__20260717T012339903058Z,msl_ncam_nlb_492664491edr_f0490294ncam00354m1,test_msl,ALL,boundary_f1,0.49486751896691966,0,0,101609
segformer__pretrained__mit-b2__in_rover__seed1416__gpu_full__0292c93e__git3e52372c__codebebd8b2d__20260717T012339903058Z,msl_ncam_nlb_492664554edr_f0490294ncam00354m1,test_msl,soil,iou,0.0,0,15267,43882
segformer__pretrained__mit-b2__in_rover__seed1416__gpu_full__0292c93e__git3e52372c__codebebd8b2d__20260717T012339903058Z,msl_ncam_nlb_492664554edr_f0490294ncam00354m1,test_msl,bedrock,iou,0.5317450670556298,13124,24681,43882
segformer__pretrained__mit-b2__in_rover__seed1416__gpu_full__0292c93e__git3e52372c__codebebd8b2d__20260717T012339903058Z,msl_ncam_nlb_492664554edr_f0490294ncam00354m1,test_msl,sand,iou,0.8067808968282902,15491,19201,43882
segformer__pretrained__mit-b2__in_rover__seed1416__gpu_full__0292c93e__git3e52372c__codebebd8b2d__20260717T012339903058Z,msl_ncam_nlb_492664554edr_f0490294ncam00354m1,test_msl,big_rock,iou,,0,0,43882
segformer__pretrained__mit-b2__in_rover__seed1416__gpu_full__0292c93e__git3e52372c__codebebd8b2d__20260717T012339903058Z,msl_ncam_nlb_492664554edr_f0490294ncam00354m1,test_msl,ALL,pixel_acc,0.6520896950913815,0,0,43882
segformer__pretrained__mit-b2__in_rover__seed1416__gpu_full__0292c93e__git3e52372c__codebebd8b2d__20260717T012339903058Z,msl_ncam_nlb_492664554edr_f0490294ncam00354m1,test_msl,ALL,boundary_f1,0.5271320422467521,0,0,43882
segformer__pretrained__mit-b2__in_rover__seed1416__gpu_full__0292c93e__git3e52372c__codebebd8b2d__20260717T012339903058Z,msl_ncam_nlb_492664625edr_f0490294ncam00354m1,test_msl,soil,iou,,0,0,48893
segformer__pretrained__mit-b2__in_rover__seed1416__gpu_full__0292c93e__git3e52372c__codebebd8b2d__20260717T012339903058Z,msl_ncam_nlb_492664625edr_f0490294ncam00354m1,test_msl,bedrock,iou,1.0,45924,45924,48893
segformer__pretrained__mit-b2__in_rover__seed1416__gpu_full__0292c93e__git3e52372c__codebebd8b2d__20260717T012339903058Z,msl_ncam_nlb_492664625edr_f0490294ncam00354m1,test_msl,sand,iou,1.0,2969,2969,48893
segformer__pretrained__mit-b2__in_rover__seed1416__gpu_full__0292c93e__git3e52372c__codebebd8b2d__20260717T012339903058Z,msl_ncam_nlb_492664625edr_f0490294ncam00354m1,test_msl,big_rock,iou,,0,0,48893
segformer__pretrained__mit-b2__in_rover__seed1416__gpu_full__0292c93e__git3e52372c__codebebd8b2d__20260717T012339903058Z,msl_ncam_nlb_492664625edr_f0490294ncam00354m1,test_msl,ALL,pixel_acc,1.0,0,0,48893
segformer__pretrained__mit-b2__in_rover__seed1416__gpu_full__0292c93e__git3e52372c__codebebd8b2d__20260717T012339903058Z,msl_ncam_nlb_492664625edr_f0490294ncam00354m1,test_msl,ALL,boundary_f1,1.0,0,0,48893
segformer__pretrained__mit-b2__in_rover__seed1416__gpu_full__0292c93e__git3e52372c__codebebd8b2d__20260717T012339903058Z,msl_ncam_nlb_492664724edr_f0490294ncam00296m1,test_msl,soil,iou,,0,0,0
segformer__pretrained__mit-b2__in_rover__seed1416__gpu_full__0292c93e__git3e52372c__codebebd8b2d__20260717T012339903058Z,msl_ncam_nlb_492664724edr_f0490294ncam00296m1,test_msl,bedrock,iou,,0,0,0
segformer__pretrained__mit-b2__in_rover__seed1416__gpu_full__0292c93e__git3e52372c__codebebd8b2d__20260717T012339903058Z,msl_ncam_nlb_492664724edr_f0490294ncam00296m1,test_msl,sand,iou,,0,0,0
segformer__pretrained__mit-b2__in_rover__seed1416__gpu_full__0292c93e__git3e52372c__codebebd8b2d__20260717T012339903058Z,msl_ncam_nlb_492664724edr_f0490294ncam00296m1,test_msl,big_rock,iou,,0,0,0
segformer__pretrained__mit-b2__in_rover__seed1416__gpu_full__0292c93e__git3e52372c__codebebd8b2d__20260717T012339903058Z,msl_ncam_nlb_492664724edr_f0490294ncam00296m1,test_msl,ALL,pixel_acc,,0,0,0
segformer__pretrained__mit-b2__in_rover__seed1416__gpu_full__0292c93e__git3e52372c__codebebd8b2d__20260717T012339903058Z,msl_ncam_nlb_492664724edr_f0490294ncam00296m1,test_msl,ALL,boundary_f1,,0,0,0
segformer__pretrained__mit-b2__in_rover__seed1416__gpu_full__0292c93e__git3e52372c__codebebd8b2d__20260717T012339903058Z,msl_ncam_nlb_492664901edr_f0490294ncam00295m1,test_msl,soil,iou,,0,0,9775
segformer__pretrained__mit-b2__in_rover__seed1416__gpu_full__0292c93e__git3e52372c__codebebd8b2d__20260717T012339903058Z,msl_ncam_nlb_492664901edr_f0490294ncam00295m1,test_msl,bedrock,iou,1.0,9775,9775,9775
segformer__pretrained__mit-b2__in_rover__seed1416__gpu_full__0292c93e__git3e52372c__codebebd8b2d__20260717T012339903058Z,msl_ncam_nlb_492664901edr_f0490294ncam00295m1,test_msl,sand,iou,,0,0,9775
segformer__pretrained__mit-b2__in_rover__seed1416__gpu_full__0292c93e__git3e52372c__codebebd8b2d__20260717T012339903058Z,msl_ncam_nlb_492664901edr_f0490294ncam00295m1,test_msl,big_rock,iou,,0,0,9775
segformer__pretrained__mit-b2__in_rover__seed1416__gpu_full__0292c93e__git3e52372c__codebebd8b2d__20260717T012339903058Z,msl_ncam_nlb_492664901edr_f0490294ncam00295m1,test_msl,ALL,pixel_acc,1.0,0,0,9775
segformer__pretrained__mit-b2__in_rover__seed1416__gpu_full__0292c93e__git3e52372c__codebebd8b2d__20260717T012339903058Z,msl_ncam_nlb_492664901edr_f0490294ncam00295m1,test_msl,ALL,boundary_f1,1.0,0,0,9775
segformer__pretrained__mit-b2__in_rover__seed1416__gpu_full__0292c93e__git3e52372c__codebebd8b2d__20260717T012339903058Z,msl_ncam_nlb_492665102edr_f0490294ncam00295m1,test_msl,soil,iou,,0,0,0
segformer__pretrained__mit-b2__in_rover__seed1416__gpu_full__0292c93e__git3e52372c__codebebd8b2d__20260717T012339903058Z,msl_ncam_nlb_492665102edr_f0490294ncam00295m1,test_msl,bedrock,iou,,0,0,0
segformer__pretrained__mit-b2__in_rover__seed1416__gpu_full__0292c93e__git3e52372c__codebebd8b2d__20260717T012339903058Z,msl_ncam_nlb_492665102edr_f0490294ncam00295m1,test_msl,sand,iou,,0,0,0
segformer__pretrained__mit-b2__in_rover__seed1416__gpu_full__0292c93e__git3e52372c__codebebd8b2d__20260717T012339903058Z,msl_ncam_nlb_492665102edr_f0490294ncam00295m1,test_msl,big_rock,iou,,0,0,0
segformer__pretrained__mit-b2__in_rover__seed1416__gpu_full__0292c93e__git3e52372c__codebebd8b2d__20260717T012339903058Z,msl_ncam_nlb_492665102edr_f0490294ncam00295m1,test_msl,ALL,pixel_acc,,0,0,0
segformer__pretrained__mit-b2__in_rover__seed1416__gpu_full__0292c93e__git3e52372c__codebebd8b2d__20260717T012339903058Z,msl_ncam_nlb_492665102edr_f0490294ncam00295m1,test_msl,ALL,boundary_f1,,0,0,0
segformer__pretrained__mit-b2__in_rover__seed1416__gpu_full__0292c93e__git3e52372c__codebebd8b2d__20260717T012339903058Z,msl_ncam_nlb_493996330edr_f0491846ncam00385m1,test_msl,soil,iou,,0,0,89098
segformer__pretrained__mit-b2__in_rover__seed1416__gpu_full__0292c93e__git3e52372c__codebebd8b2d__20260717T012339903058Z,msl_ncam_nlb_493996330edr_f0491846ncam00385m1,test_msl,bedrock,iou,0.9965858132898492,39114,39248,89098
segformer__pretrained__mit-b2__in_rover__seed1416__gpu_full__0292c93e__git3e52372c__codebebd8b2d__20260717T012339903058Z,msl_ncam_nlb_493996330edr_f0491846ncam00385m1,test_msl,sand,iou,1.0,49850,49850,89098
segformer__pretrained__mit-b2__in_rover__seed1416__gpu_full__0292c93e__git3e52372c__codebebd8b2d__20260717T012339903058Z,msl_ncam_nlb_493996330edr_f0491846ncam00385m1,test_msl,big_rock,iou,0.0,0,134,89098
segformer__pretrained__mit-b2__in_rover__seed1416__gpu_full__0292c93e__git3e52372c__codebebd8b2d__20260717T012339903058Z,msl_ncam_nlb_493996330edr_f0491846ncam00385m1,test_msl,ALL,pixel_acc,0.9984960380704393,0,0,89098
segformer__pretrained__mit-b2__in_rover__seed1416__gpu_full__0292c93e__git3e52372c__codebebd8b2d__20260717T012339903058Z,msl_ncam_nlb_493996330edr_f0491846ncam00385m1,test_msl,ALL,boundary_f1,0.6641615425491536,0,0,89098
segformer__pretrained__mit-b2__in_rover__seed1416__gpu_full__0292c93e__git3e52372c__codebebd8b2d__20260717T012339903058Z,msl_ncam_nlb_493996945edr_f0491876ncam00353m1,test_msl,soil,iou,,0,0,75892
segformer__pretrained__mit-b2__in_rover__seed1416__gpu_full__0292c93e__git3e52372c__codebebd8b2d__20260717T012339903058Z,msl_ncam_nlb_493996945edr_f0491876ncam00353m1,test_msl,bedrock,iou,0.7687503294154852,58342,75892,75892
segformer__pretrained__mit-b2__in_rover__seed1416__gpu_full__0292c93e__git3e52372c__codebebd8b2d__20260717T012339903058Z,msl_ncam_nlb_493996945edr_f0491876ncam00353m1,test_msl,sand,iou,0.0,0,17550,75892
segformer__pretrained__mit-b2__in_rover__seed1416__gpu_full__0292c93e__git3e52372c__codebebd8b2d__20260717T012339903058Z,msl_ncam_nlb_493996945edr_f0491876ncam00353m1,test_msl,big_rock,iou,,0,0,75892
segformer__pretrained__mit-b2__in_rover__seed1416__gpu_full__0292c93e__git3e52372c__codebebd8b2d__20260717T012339903058Z,msl_ncam_nlb_493996945edr_f0491876ncam00353m1,test_msl,ALL,pixel_acc,0.7687503294154852,0,0,75892
segformer__pretrained__mit-b2__in_rover__seed1416__gpu_full__0292c93e__git3e52372c__codebebd8b2d__20260717T012339903058Z,msl_ncam_nlb_493996945edr_f0491876ncam00353m1,test_msl,ALL,boundary_f1,0.3876561625955622,0,0,75892
segformer__pretrained__mit-b2__in_rover__seed1416__gpu_full__0292c93e__git3e52372c__codebebd8b2d__20260717T012339903058Z,msl_ncam_nlb_493997715edr_f0491876ncam00256m1,test_msl,soil,iou,,0,0,65259
segformer__pretrained__mit-b2__in_rover__seed1416__gpu_full__0292c93e__git3e52372c__codebebd8b2d__20260717T012339903058Z,msl_ncam_nlb_493997715edr_f0491876ncam00256m1,test_msl,bedrock,iou,0.9659671921602045,18137,18776,65259
segformer__pretrained__mit-b2__in_rover__seed1416__gpu_full__0292c93e__git3e52372c__codebebd8b2d__20260717T012339903058Z,msl_ncam_nlb_493997715edr_f0491876ncam00256m1,test_msl,sand,iou,1.0,46483,46483,65259
segformer__pretrained__mit-b2__in_rover__seed1416__gpu_full__0292c93e__git3e52372c__codebebd8b2d__20260717T012339903058Z,msl_ncam_nlb_493997715edr_f0491876ncam00256m1,test_msl,big_rock,iou,0.0,0,639,65259
segformer__pretrained__mit-b2__in_rover__seed1416__gpu_full__0292c93e__git3e52372c__codebebd8b2d__20260717T012339903058Z,msl_ncam_nlb_493997715edr_f0491876ncam00256m1,test_msl,ALL,pixel_acc,0.9902082471383258,0,0,65259
segformer__pretrained__mit-b2__in_rover__seed1416__gpu_full__0292c93e__git3e52372c__codebebd8b2d__20260717T012339903058Z,msl_ncam_nlb_493997715edr_f0491876ncam00256m1,test_msl,ALL,boundary_f1,0.65307985870876,0,0,65259
segformer__pretrained__mit-b2__in_rover__seed1416__gpu_full__0292c93e__git3e52372c__codebebd8b2d__20260717T012339903058Z,msl_ncam_nlb_493997775edr_f0491876ncam00256m1,test_msl,soil,iou,,0,0,41074
segformer__pretrained__mit-b2__in_rover__seed1416__gpu_full__0292c93e__git3e52372c__codebebd8b2d__20260717T012339903058Z,msl_ncam_nlb_493997775edr_f0491876ncam00256m1,test_msl,bedrock,iou,0.9595359094831719,30021,31287,41074
segformer__pretrained__mit-b2__in_rover__seed1416__gpu_full__0292c93e__git3e52372c__codebebd8b2d__20260717T012339903058Z,msl_ncam_nlb_493997775edr_f0491876ncam00256m1,test_msl,sand,iou,0.8854609608251154,9787,11053,41074
segformer__pretrained__mit-b2__in_rover__seed1416__gpu_full__0292c93e__git3e52372c__codebebd8b2d__20260717T012339903058Z,msl_ncam_nlb_493997775edr_f0491876ncam00256m1,test_msl,big_rock,iou,,0,0,41074
segformer__pretrained__mit-b2__in_rover__seed1416__gpu_full__0292c93e__git3e52372c__codebebd8b2d__20260717T012339903058Z,msl_ncam_nlb_493997775edr_f0491876ncam00256m1,test_msl,ALL,pixel_acc,0.9691775819253056,0,0,41074
segformer__pretrained__mit-b2__in_rover__seed1416__gpu_full__0292c93e__git3e52372c__codebebd8b2d__20260717T012339903058Z,msl_ncam_nlb_493997775edr_f0491876ncam00256m1,test_msl,ALL,boundary_f1,0.8373177433223742,0,0,41074
segformer__pretrained__mit-b2__in_rover__seed1416__gpu_full__0292c93e__git3e52372c__codebebd8b2d__20260717T012339903058Z,msl_ncam_nlb_493997895edr_f0491876ncam00354m1,test_msl,soil,iou,,0,0,92765
segformer__pretrained__mit-b2__in_rover__seed1416__gpu_full__0292c93e__git3e52372c__codebebd8b2d__20260717T012339903058Z,msl_ncam_nlb_493997895edr_f0491876ncam00354m1,test_msl,bedrock,iou,0.898500091655075,83326,92739,92765
segformer__pretrained__mit-b2__in_rover__seed1416__gpu_full__0292c93e__git3e52372c__codebebd8b2d__20260717T012339903058Z,msl_ncam_nlb_493997895edr_f0491876ncam00354m1,test_msl,sand,iou,0.0027545290814704948,26,9439,92765
segformer__pretrained__mit-b2__in_rover__seed1416__gpu_full__0292c93e__git3e52372c__codebebd8b2d__20260717T012339903058Z,msl_ncam_nlb_493997895edr_f0491876ncam00354m1,test_msl,big_rock,iou,,0,0,92765
segformer__pretrained__mit-b2__in_rover__seed1416__gpu_full__0292c93e__git3e52372c__codebebd8b2d__20260717T012339903058Z,msl_ncam_nlb_493997895edr_f0491876ncam00354m1,test_msl,ALL,pixel_acc,0.8985285398587829,0,0,92765
segformer__pretrained__mit-b2__in_rover__seed1416__gpu_full__0292c93e__git3e52372c__codebebd8b2d__20260717T012339903058Z,msl_ncam_nlb_493997895edr_f0491876ncam00354m1,test_msl,ALL,boundary_f1,0.46338368780229244,0,0,92765
segformer__pretrained__mit-b2__in_rover__seed1416__gpu_full__0292c93e__git3e52372c__codebebd8b2d__20260717T012339903058Z,msl_ncam_nlb_493997974edr_f0491876ncam00354m1,test_msl,soil,iou,,0,0,43129
segformer__pretrained__mit-b2__in_rover__seed1416__gpu_full__0292c93e__git3e52372c__codebebd8b2d__20260717T012339903058Z,msl_ncam_nlb_493997974edr_f0491876ncam00354m1,test_msl,bedrock,iou,1.0,18339,18339,43129
segformer__pretrained__mit-b2__in_rover__seed1416__gpu_full__0292c93e__git3e52372c__codebebd8b2d__20260717T012339903058Z,msl_ncam_nlb_493997974edr_f0491876ncam00354m1,test_msl,sand,iou,1.0,24790,24790,43129
segformer__pretrained__mit-b2__in_rover__seed1416__gpu_full__0292c93e__git3e52372c__codebebd8b2d__20260717T012339903058Z,msl_ncam_nlb_493997974edr_f0491876ncam00354m1,test_msl,big_rock,iou,,0,0,43129
segformer__pretrained__mit-b2__in_rover__seed1416__gpu_full__0292c93e__git3e52372c__codebebd8b2d__20260717T012339903058Z,msl_ncam_nlb_493997974edr_f0491876ncam00354m1,test_msl,ALL,pixel_acc,1.0,0,0,43129
segformer__pretrained__mit-b2__in_rover__seed1416__gpu_full__0292c93e__git3e52372c__codebebd8b2d__20260717T012339903058Z,msl_ncam_nlb_493997974edr_f0491876ncam00354m1,test_msl,ALL,boundary_f1,1.0,0,0,43129
segformer__pretrained__mit-b2__in_rover__seed1416__gpu_full__0292c93e__git3e52372c__codebebd8b2d__20260717T012339903058Z,msl_ncam_nlb_493998022edr_f0491876ncam00257m1,test_msl,soil,iou,,0,0,59414
segformer__pretrained__mit-b2__in_rover__seed1416__gpu_full__0292c93e__git3e52372c__codebebd8b2d__20260717T012339903058Z,msl_ncam_nlb_493998022edr_f0491876ncam00257m1,test_msl,bedrock,iou,0.5903543791270126,31202,52853,59414
segformer__pretrained__mit-b2__in_rover__seed1416__gpu_full__0292c93e__git3e52372c__codebebd8b2d__20260717T012339903058Z,msl_ncam_nlb_493998022edr_f0491876ncam00257m1,test_msl,sand,iou,0.8038470962999265,6561,8162,59414
segformer__pretrained__mit-b2__in_rover__seed1416__gpu_full__0292c93e__git3e52372c__codebebd8b2d__20260717T012339903058Z,msl_ncam_nlb_493998022edr_f0491876ncam00257m1,test_msl,big_rock,iou,0.0,0,20050,59414
segformer__pretrained__mit-b2__in_rover__seed1416__gpu_full__0292c93e__git3e52372c__codebebd8b2d__20260717T012339903058Z,msl_ncam_nlb_493998022edr_f0491876ncam00257m1,test_msl,ALL,pixel_acc,0.6355909381627226,0,0,59414
segformer__pretrained__mit-b2__in_rover__seed1416__gpu_full__0292c93e__git3e52372c__codebebd8b2d__20260717T012339903058Z,msl_ncam_nlb_493998022edr_f0491876ncam00257m1,test_msl,ALL,boundary_f1,0.5421860762072866,0,0,59414
segformer__pretrained__mit-b2__in_rover__seed1416__gpu_full__0292c93e__git3e52372c__codebebd8b2d__20260717T012339903058Z,msl_ncam_nlb_493998141edr_f0491876ncam00257m1,test_msl,soil,iou,,0,0,18319
segformer__pretrained__mit-b2__in_rover__seed1416__gpu_full__0292c93e__git3e52372c__codebebd8b2d__20260717T012339903058Z,msl_ncam_nlb_493998141edr_f0491876ncam00257m1,test_msl,bedrock,iou,1.0,5003,5003,18319
segformer__pretrained__mit-b2__in_rover__seed1416__gpu_full__0292c93e__git3e52372c__codebebd8b2d__20260717T012339903058Z,msl_ncam_nlb_493998141edr_f0491876ncam00257m1,test_msl,sand,iou,1.0,13316,13316,18319
segformer__pretrained__mit-b2__in_rover__seed1416__gpu_full__0292c93e__git3e52372c__codebebd8b2d__20260717T012339903058Z,msl_ncam_nlb_493998141edr_f0491876ncam00257m1,test_msl,big_rock,iou,,0,0,18319
segformer__pretrained__mit-b2__in_rover__seed1416__gpu_full__0292c93e__git3e52372c__codebebd8b2d__20260717T012339903058Z,msl_ncam_nlb_493998141edr_f0491876ncam00257m1,test_msl,ALL,pixel_acc,1.0,0,0,18319
segformer__pretrained__mit-b2__in_rover__seed1416__gpu_full__0292c93e__git3e52372c__codebebd8b2d__20260717T012339903058Z,msl_ncam_nlb_493998141edr_f0491876ncam00257m1,test_msl,ALL,boundary_f1,1.0,0,0,18319
segformer__pretrained__mit-b2__in_rover__seed1416__gpu_full__0292c93e__git3e52372c__codebebd8b2d__20260717T012339903058Z,msl_ncam_nlb_493998256edr_f0491876ncam00257m1,test_msl,soil,iou,,0,0,4103
segformer__pretrained__mit-b2__in_rover__seed1416__gpu_full__0292c93e__git3e52372c__codebebd8b2d__20260717T012339903058Z,msl_ncam_nlb_493998256edr_f0491876ncam00257m1,test_msl,bedrock,iou,0.9973935708079931,1148,1151,4103
segformer__pretrained__mit-b2__in_rover__seed1416__gpu_full__0292c93e__git3e52372c__codebebd8b2d__20260717T012339903058Z,msl_ncam_nlb_493998256edr_f0491876ncam00257m1,test_msl,sand,iou,0.9989847715736041,2952,2955,4103
segformer__pretrained__mit-b2__in_rover__seed1416__gpu_full__0292c93e__git3e52372c__codebebd8b2d__20260717T012339903058Z,msl_ncam_nlb_493998256edr_f0491876ncam00257m1,test_msl,big_rock,iou,,0,0,4103
segformer__pretrained__mit-b2__in_rover__seed1416__gpu_full__0292c93e__git3e52372c__codebebd8b2d__20260717T012339903058Z,msl_ncam_nlb_493998256edr_f0491876ncam00257m1,test_msl,ALL,pixel_acc,0.9992688276870583,0,0,4103
segformer__pretrained__mit-b2__in_rover__seed1416__gpu_full__0292c93e__git3e52372c__codebebd8b2d__20260717T012339903058Z,msl_ncam_nlb_493998256edr_f0491876ncam00257m1,test_msl,ALL,boundary_f1,0.9948453608247423,0,0,4103
segformer__pretrained__mit-b2__in_rover__seed1416__gpu_full__0292c93e__git3e52372c__codebebd8b2d__20260717T012339903058Z,msl_ncam_nlb_500655478edr_f0503000ncam00385m1,test_msl,soil,iou,,0,0,113066
segformer__pretrained__mit-b2__in_rover__seed1416__gpu_full__0292c93e__git3e52372c__codebebd8b2d__20260717T012339903058Z,msl_ncam_nlb_500655478edr_f0503000ncam00385m1,test_msl,bedrock,iou,1.0,113066,113066,113066
segformer__pretrained__mit-b2__in_rover__seed1416__gpu_full__0292c93e__git3e52372c__codebebd8b2d__20260717T012339903058Z,msl_ncam_nlb_500655478edr_f0503000ncam00385m1,test_msl,sand,iou,,0,0,113066
segformer__pretrained__mit-b2__in_rover__seed1416__gpu_full__0292c93e__git3e52372c__codebebd8b2d__20260717T012339903058Z,msl_ncam_nlb_500655478edr_f0503000ncam00385m1,test_msl,big_rock,iou,,0,0,113066
segformer__pretrained__mit-b2__in_rover__seed1416__gpu_full__0292c93e__git3e52372c__codebebd8b2d__20260717T012339903058Z,msl_ncam_nlb_500655478edr_f0503000ncam00385m1,test_msl,ALL,pixel_acc,1.0,0,0,113066
segformer__pretrained__mit-b2__in_rover__seed1416__gpu_full__0292c93e__git3e52372c__codebebd8b2d__20260717T012339903058Z,msl_ncam_nlb_500655478edr_f0503000ncam00385m1,test_msl,ALL,boundary_f1,1.0,0,0,113066
segformer__pretrained__mit-b2__in_rover__seed1416__gpu_full__0292c93e__git3e52372c__codebebd8b2d__20260717T012339903058Z,msl_ncam_nlb_500656502edr_f0503076ncam00353m1,test_msl,soil,iou,0.0,0,7316,33179
segformer__pretrained__mit-b2__in_rover__seed1416__gpu_full__0292c93e__git3e52372c__codebebd8b2d__20260717T012339903058Z,msl_ncam_nlb_500656502edr_f0503076ncam00353m1,test_msl,bedrock,iou,0.779499080743844,25863,33179,33179
segformer__pretrained__mit-b2__in_rover__seed1416__gpu_full__0292c93e__git3e52372c__codebebd8b2d__20260717T012339903058Z,msl_ncam_nlb_500656502edr_f0503076ncam00353m1,test_msl,sand,iou,,0,0,33179
segformer__pretrained__mit-b2__in_rover__seed1416__gpu_full__0292c93e__git3e52372c__codebebd8b2d__20260717T012339903058Z,msl_ncam_nlb_500656502edr_f0503076ncam00353m1,test_msl,big_rock,iou,,0,0,33179
segformer__pretrained__mit-b2__in_rover__seed1416__gpu_full__0292c93e__git3e52372c__codebebd8b2d__20260717T012339903058Z,msl_ncam_nlb_500656502edr_f0503076ncam00353m1,test_msl,ALL,pixel_acc,0.779499080743844,0,0,33179
segformer__pretrained__mit-b2__in_rover__seed1416__gpu_full__0292c93e__git3e52372c__codebebd8b2d__20260717T012339903058Z,msl_ncam_nlb_500656502edr_f0503076ncam00353m1,test_msl,ALL,boundary_f1,0.46972388180203456,0,0,33179
segformer__pretrained__mit-b2__in_rover__seed1416__gpu_full__0292c93e__git3e52372c__codebebd8b2d__20260717T012339903058Z,msl_ncam_nlb_500661494edr_f0503076ncam00354m1,test_msl,soil,iou,,0,0,127313
segformer__pretrained__mit-b2__in_rover__seed1416__gpu_full__0292c93e__git3e52372c__codebebd8b2d__20260717T012339903058Z,msl_ncam_nlb_500661494edr_f0503076ncam00354m1,test_msl,bedrock,iou,1.0,127313,127313,127313
segformer__pretrained__mit-b2__in_rover__seed1416__gpu_full__0292c93e__git3e52372c__codebebd8b2d__20260717T012339903058Z,msl_ncam_nlb_500661494edr_f0503076ncam00354m1,test_msl,sand,iou,,0,0,127313
segformer__pretrained__mit-b2__in_rover__seed1416__gpu_full__0292c93e__git3e52372c__codebebd8b2d__20260717T012339903058Z,msl_ncam_nlb_500661494edr_f0503076ncam00354m1,test_msl,big_rock,iou,,0,0,127313
segformer__pretrained__mit-b2__in_rover__seed1416__gpu_full__0292c93e__git3e52372c__codebebd8b2d__20260717T012339903058Z,msl_ncam_nlb_500661494edr_f0503076ncam00354m1,test_msl,ALL,pixel_acc,1.0,0,0,127313
segformer__pretrained__mit-b2__in_rover__seed1416__gpu_full__0292c93e__git3e52372c__codebebd8b2d__20260717T012339903058Z,msl_ncam_nlb_500661494edr_f0503076ncam00354m1,test_msl,ALL,boundary_f1,1.0,0,0,127313
segformer__pretrained__mit-b2__in_rover__seed1416__gpu_full__0292c93e__git3e52372c__codebebd8b2d__20260717T012339903058Z,msl_ncam_nlb_500661565edr_f0503076ncam00354m1,test_msl,soil,iou,,0,0,25550
segformer__pretrained__mit-b2__in_rover__seed1416__gpu_full__0292c93e__git3e52372c__codebebd8b2d__20260717T012339903058Z,msl_ncam_nlb_500661565edr_f0503076ncam00354m1,test_msl,bedrock,iou,1.0,25550,25550,25550
segformer__pretrained__mit-b2__in_rover__seed1416__gpu_full__0292c93e__git3e52372c__codebebd8b2d__20260717T012339903058Z,msl_ncam_nlb_500661565edr_f0503076ncam00354m1,test_msl,sand,iou,,0,0,25550
segformer__pretrained__mit-b2__in_rover__seed1416__gpu_full__0292c93e__git3e52372c__codebebd8b2d__20260717T012339903058Z,msl_ncam_nlb_500661565edr_f0503076ncam00354m1,test_msl,big_rock,iou,,0,0,25550
segformer__pretrained__mit-b2__in_rover__seed1416__gpu_full__0292c93e__git3e52372c__codebebd8b2d__20260717T012339903058Z,msl_ncam_nlb_500661565edr_f0503076ncam00354m1,test_msl,ALL,pixel_acc,1.0,0,0,25550
segformer__pretrained__mit-b2__in_rover__seed1416__gpu_full__0292c93e__git3e52372c__codebebd8b2d__20260717T012339903058Z,msl_ncam_nlb_500661565edr_f0503076ncam00354m1,test_msl,ALL,boundary_f1,1.0,0,0,25550
segformer__pretrained__mit-b2__in_rover__seed1416__gpu_full__0292c93e__git3e52372c__codebebd8b2d__20260717T012339903058Z,msl_ncam_nlb_500661664edr_f0503076ncam07753m1,test_msl,soil,iou,0.8673272112131465,14356,16552,129119
segformer__pretrained__mit-b2__in_rover__seed1416__gpu_full__0292c93e__git3e52372c__codebebd8b2d__20260717T012339903058Z,msl_ncam_nlb_500661664edr_f0503076ncam07753m1,test_msl,bedrock,iou,0.9808649129074701,112567,114763,129119
segformer__pretrained__mit-b2__in_rover__seed1416__gpu_full__0292c93e__git3e52372c__codebebd8b2d__20260717T012339903058Z,msl_ncam_nlb_500661664edr_f0503076ncam07753m1,test_msl,sand,iou,,0,0,129119
segformer__pretrained__mit-b2__in_rover__seed1416__gpu_full__0292c93e__git3e52372c__codebebd8b2d__20260717T012339903058Z,msl_ncam_nlb_500661664edr_f0503076ncam07753m1,test_msl,big_rock,iou,,0,0,129119
segformer__pretrained__mit-b2__in_rover__seed1416__gpu_full__0292c93e__git3e52372c__codebebd8b2d__20260717T012339903058Z,msl_ncam_nlb_500661664edr_f0503076ncam07753m1,test_msl,ALL,pixel_acc,0.9829924333366894,0,0,129119
segformer__pretrained__mit-b2__in_rover__seed1416__gpu_full__0292c93e__git3e52372c__codebebd8b2d__20260717T012339903058Z,msl_ncam_nlb_500661664edr_f0503076ncam07753m1,test_msl,ALL,boundary_f1,0.7172670348026193,0,0,129119
segformer__pretrained__mit-b2__in_rover__seed1416__gpu_full__0292c93e__git3e52372c__codebebd8b2d__20260717T012339903058Z,msl_ncam_nlb_500661727edr_f0503076ncam07753m1,test_msl,soil,iou,,0,0,163353
segformer__pretrained__mit-b2__in_rover__seed1416__gpu_full__0292c93e__git3e52372c__codebebd8b2d__20260717T012339903058Z,msl_ncam_nlb_500661727edr_f0503076ncam07753m1,test_msl,bedrock,iou,1.0,163353,163353,163353
segformer__pretrained__mit-b2__in_rover__seed1416__gpu_full__0292c93e__git3e52372c__codebebd8b2d__20260717T012339903058Z,msl_ncam_nlb_500661727edr_f0503076ncam07753m1,test_msl,sand,iou,,0,0,163353
segformer__pretrained__mit-b2__in_rover__seed1416__gpu_full__0292c93e__git3e52372c__codebebd8b2d__20260717T012339903058Z,msl_ncam_nlb_500661727edr_f0503076ncam07753m1,test_msl,big_rock,iou,,0,0,163353
segformer__pretrained__mit-b2__in_rover__seed1416__gpu_full__0292c93e__git3e52372c__codebebd8b2d__20260717T012339903058Z,msl_ncam_nlb_500661727edr_f0503076ncam07753m1,test_msl,ALL,pixel_acc,1.0,0,0,163353
segformer__pretrained__mit-b2__in_rover__seed1416__gpu_full__0292c93e__git3e52372c__codebebd8b2d__20260717T012339903058Z,msl_ncam_nlb_500661727edr_f0503076ncam07753m1,test_msl,ALL,boundary_f1,1.0,0,0,163353
segformer__pretrained__mit-b2__in_rover__seed1416__gpu_full__0292c93e__git3e52372c__codebebd8b2d__20260717T012339903058Z,msl_ncam_nlb_500661784edr_f0503076ncam07753m1,test_msl,soil,iou,,0,0,133546
segformer__pretrained__mit-b2__in_rover__seed1416__gpu_full__0292c93e__git3e52372c__codebebd8b2d__20260717T012339903058Z,msl_ncam_nlb_500661784edr_f0503076ncam07753m1,test_msl,bedrock,iou,1.0,133546,133546,133546
segformer__pretrained__mit-b2__in_rover__seed1416__gpu_full__0292c93e__git3e52372c__codebebd8b2d__20260717T012339903058Z,msl_ncam_nlb_500661784edr_f0503076ncam07753m1,test_msl,sand,iou,,0,0,133546
segformer__pretrained__mit-b2__in_rover__seed1416__gpu_full__0292c93e__git3e52372c__codebebd8b2d__20260717T012339903058Z,msl_ncam_nlb_500661784edr_f0503076ncam07753m1,test_msl,big_rock,iou,,0,0,133546
segformer__pretrained__mit-b2__in_rover__seed1416__gpu_full__0292c93e__git3e52372c__codebebd8b2d__20260717T012339903058Z,msl_ncam_nlb_500661784edr_f0503076ncam07753m1,test_msl,ALL,pixel_acc,1.0,0,0,133546
segformer__pretrained__mit-b2__in_rover__seed1416__gpu_full__0292c93e__git3e52372c__codebebd8b2d__20260717T012339903058Z,msl_ncam_nlb_500661784edr_f0503076ncam07753m1,test_msl,ALL,boundary_f1,1.0,0,0,133546
segformer__pretrained__mit-b2__in_rover__seed1416__gpu_full__0292c93e__git3e52372c__codebebd8b2d__20260717T012339903058Z,msl_ncam_nlb_502512171edr_f0511298ncam00320m1,test_msl,soil,iou,,0,0,142320
segformer__pretrained__mit-b2__in_rover__seed1416__gpu_full__0292c93e__git3e52372c__codebebd8b2d__20260717T012339903058Z,msl_ncam_nlb_502512171edr_f0511298ncam00320m1,test_msl,bedrock,iou,,0,0,142320
segformer__pretrained__mit-b2__in_rover__seed1416__gpu_full__0292c93e__git3e52372c__codebebd8b2d__20260717T012339903058Z,msl_ncam_nlb_502512171edr_f0511298ncam00320m1,test_msl,sand,iou,1.0,142320,142320,142320
segformer__pretrained__mit-b2__in_rover__seed1416__gpu_full__0292c93e__git3e52372c__codebebd8b2d__20260717T012339903058Z,msl_ncam_nlb_502512171edr_f0511298ncam00320m1,test_msl,big_rock,iou,,0,0,142320
segformer__pretrained__mit-b2__in_rover__seed1416__gpu_full__0292c93e__git3e52372c__codebebd8b2d__20260717T012339903058Z,msl_ncam_nlb_502512171edr_f0511298ncam00320m1,test_msl,ALL,pixel_acc,1.0,0,0,142320
segformer__pretrained__mit-b2__in_rover__seed1416__gpu_full__0292c93e__git3e52372c__codebebd8b2d__20260717T012339903058Z,msl_ncam_nlb_502512171edr_f0511298ncam00320m1,test_msl,ALL,boundary_f1,1.0,0,0,142320
segformer__pretrained__mit-b2__in_rover__seed1416__gpu_full__0292c93e__git3e52372c__codebebd8b2d__20260717T012339903058Z,msl_ncam_nlb_502515217edr_f0511406ncam00418m1,test_msl,soil,iou,,0,0,105136
segformer__pretrained__mit-b2__in_rover__seed1416__gpu_full__0292c93e__git3e52372c__codebebd8b2d__20260717T012339903058Z,msl_ncam_nlb_502515217edr_f0511406ncam00418m1,test_msl,bedrock,iou,0.9973204317082248,13399,13435,105136
segformer__pretrained__mit-b2__in_rover__seed1416__gpu_full__0292c93e__git3e52372c__codebebd8b2d__20260717T012339903058Z,msl_ncam_nlb_502515217edr_f0511406ncam00418m1,test_msl,sand,iou,0.9996075738251742,91701,91737,105136
segformer__pretrained__mit-b2__in_rover__seed1416__gpu_full__0292c93e__git3e52372c__codebebd8b2d__20260717T012339903058Z,msl_ncam_nlb_502515217edr_f0511406ncam00418m1,test_msl,big_rock,iou,,0,0,105136
segformer__pretrained__mit-b2__in_rover__seed1416__gpu_full__0292c93e__git3e52372c__codebebd8b2d__20260717T012339903058Z,msl_ncam_nlb_502515217edr_f0511406ncam00418m1,test_msl,ALL,pixel_acc,0.9996575863643281,0,0,105136
segformer__pretrained__mit-b2__in_rover__seed1416__gpu_full__0292c93e__git3e52372c__codebebd8b2d__20260717T012339903058Z,msl_ncam_nlb_502515217edr_f0511406ncam00418m1,test_msl,ALL,boundary_f1,0.9905042559491197,0,0,105136
segformer__pretrained__mit-b2__in_rover__seed1416__gpu_full__0292c93e__git3e52372c__codebebd8b2d__20260717T012339903058Z,msl_ncam_nlb_502516548edr_f0511430ncam00353m1,test_msl,soil,iou,,0,0,181365
segformer__pretrained__mit-b2__in_rover__seed1416__gpu_full__0292c93e__git3e52372c__codebebd8b2d__20260717T012339903058Z,msl_ncam_nlb_502516548edr_f0511430ncam00353m1,test_msl,bedrock,iou,,0,0,181365
segformer__pretrained__mit-b2__in_rover__seed1416__gpu_full__0292c93e__git3e52372c__codebebd8b2d__20260717T012339903058Z,msl_ncam_nlb_502516548edr_f0511430ncam00353m1,test_msl,sand,iou,1.0,181365,181365,181365
segformer__pretrained__mit-b2__in_rover__seed1416__gpu_full__0292c93e__git3e52372c__codebebd8b2d__20260717T012339903058Z,msl_ncam_nlb_502516548edr_f0511430ncam00353m1,test_msl,big_rock,iou,,0,0,181365
segformer__pretrained__mit-b2__in_rover__seed1416__gpu_full__0292c93e__git3e52372c__codebebd8b2d__20260717T012339903058Z,msl_ncam_nlb_502516548edr_f0511430ncam00353m1,test_msl,ALL,pixel_acc,1.0,0,0,181365
segformer__pretrained__mit-b2__in_rover__seed1416__gpu_full__0292c93e__git3e52372c__codebebd8b2d__20260717T012339903058Z,msl_ncam_nlb_502516548edr_f0511430ncam00353m1,test_msl,ALL,boundary_f1,1.0,0,0,181365
segformer__pretrained__mit-b2__in_rover__seed1416__gpu_full__0292c93e__git3e52372c__codebebd8b2d__20260717T012339903058Z,msl_ncam_nlb_502516765edr_f0511430ncam00419m1,test_msl,soil,iou,,0,0,160319
segformer__pretrained__mit-b2__in_rover__seed1416__gpu_full__0292c93e__git3e52372c__codebebd8b2d__20260717T012339903058Z,msl_ncam_nlb_502516765edr_f0511430ncam00419m1,test_msl,bedrock,iou,0.9030756925761652,12420,13753,160319
segformer__pretrained__mit-b2__in_rover__seed1416__gpu_full__0292c93e__git3e52372c__codebebd8b2d__20260717T012339903058Z,msl_ncam_nlb_502516765edr_f0511430ncam00419m1,test_msl,sand,iou,0.990987092542884,146566,147899,160319
segformer__pretrained__mit-b2__in_rover__seed1416__gpu_full__0292c93e__git3e52372c__codebebd8b2d__20260717T012339903058Z,msl_ncam_nlb_502516765edr_f0511430ncam00419m1,test_msl,big_rock,iou,,0,0,160319
segformer__pretrained__mit-b2__in_rover__seed1416__gpu_full__0292c93e__git3e52372c__codebebd8b2d__20260717T012339903058Z,msl_ncam_nlb_502516765edr_f0511430ncam00419m1,test_msl,ALL,pixel_acc,0.991685327378539,0,0,160319
segformer__pretrained__mit-b2__in_rover__seed1416__gpu_full__0292c93e__git3e52372c__codebebd8b2d__20260717T012339903058Z,msl_ncam_nlb_502516765edr_f0511430ncam00419m1,test_msl,ALL,boundary_f1,0.921570701580209,0,0,160319
segformer__pretrained__mit-b2__in_rover__seed1416__gpu_full__0292c93e__git3e52372c__codebebd8b2d__20260717T012339903058Z,msl_ncam_nlb_502516974edr_f0511430ncam09842m1,test_msl,soil,iou,,0,0,159008
segformer__pretrained__mit-b2__in_rover__seed1416__gpu_full__0292c93e__git3e52372c__codebebd8b2d__20260717T012339903058Z,msl_ncam_nlb_502516974edr_f0511430ncam09842m1,test_msl,bedrock,iou,0.9971722655808166,8816,8841,159008
segformer__pretrained__mit-b2__in_rover__seed1416__gpu_full__0292c93e__git3e52372c__codebebd8b2d__20260717T012339903058Z,msl_ncam_nlb_502516974edr_f0511430ncam09842m1,test_msl,sand,iou,0.9998335463939491,150167,150192,159008
segformer__pretrained__mit-b2__in_rover__seed1416__gpu_full__0292c93e__git3e52372c__codebebd8b2d__20260717T012339903058Z,msl_ncam_nlb_502516974edr_f0511430ncam09842m1,test_msl,big_rock,iou,,0,0,159008
segformer__pretrained__mit-b2__in_rover__seed1416__gpu_full__0292c93e__git3e52372c__codebebd8b2d__20260717T012339903058Z,msl_ncam_nlb_502516974edr_f0511430ncam09842m1,test_msl,ALL,pixel_acc,0.999842775206279,0,0,159008
segformer__pretrained__mit-b2__in_rover__seed1416__gpu_full__0292c93e__git3e52372c__codebebd8b2d__20260717T012339903058Z,msl_ncam_nlb_502516974edr_f0511430ncam09842m1,test_msl,ALL,boundary_f1,0.9931875951562347,0,0,159008
segformer__pretrained__mit-b2__in_rover__seed1416__gpu_full__0292c93e__git3e52372c__codebebd8b2d__20260717T012339903058Z,msl_ncam_nlb_502517100edr_f0511430ncam09842m1,test_msl,soil,iou,,0,0,195816
segformer__pretrained__mit-b2__in_rover__seed1416__gpu_full__0292c93e__git3e52372c__codebebd8b2d__20260717T012339903058Z,msl_ncam_nlb_502517100edr_f0511430ncam09842m1,test_msl,bedrock,iou,,0,0,195816
segformer__pretrained__mit-b2__in_rover__seed1416__gpu_full__0292c93e__git3e52372c__codebebd8b2d__20260717T012339903058Z,msl_ncam_nlb_502517100edr_f0511430ncam09842m1,test_msl,sand,iou,1.0,195816,195816,195816
segformer__pretrained__mit-b2__in_rover__seed1416__gpu_full__0292c93e__git3e52372c__codebebd8b2d__20260717T012339903058Z,msl_ncam_nlb_502517100edr_f0511430ncam09842m1,test_msl,big_rock,iou,,0,0,195816
segformer__pretrained__mit-b2__in_rover__seed1416__gpu_full__0292c93e__git3e52372c__codebebd8b2d__20260717T012339903058Z,msl_ncam_nlb_502517100edr_f0511430ncam09842m1,test_msl,ALL,pixel_acc,1.0,0,0,195816
segformer__pretrained__mit-b2__in_rover__seed1416__gpu_full__0292c93e__git3e52372c__codebebd8b2d__20260717T012339903058Z,msl_ncam_nlb_502517100edr_f0511430ncam09842m1,test_msl,ALL,boundary_f1,1.0,0,0,195816
segformer__pretrained__mit-b2__in_rover__seed1416__gpu_full__0292c93e__git3e52372c__codebebd8b2d__20260717T012339903058Z,msl_ncam_nlb_502517193edr_f0511430ncam09842m1,test_msl,soil,iou,,0,0,102176
segformer__pretrained__mit-b2__in_rover__seed1416__gpu_full__0292c93e__git3e52372c__codebebd8b2d__20260717T012339903058Z,msl_ncam_nlb_502517193edr_f0511430ncam09842m1,test_msl,bedrock,iou,0.9666423939803738,27877,28839,102176
segformer__pretrained__mit-b2__in_rover__seed1416__gpu_full__0292c93e__git3e52372c__codebebd8b2d__20260717T012339903058Z,msl_ncam_nlb_502517193edr_f0511430ncam09842m1,test_msl,sand,iou,0.9870523156435483,73337,74299,102176
segformer__pretrained__mit-b2__in_rover__seed1416__gpu_full__0292c93e__git3e52372c__codebebd8b2d__20260717T012339903058Z,msl_ncam_nlb_502517193edr_f0511430ncam09842m1,test_msl,big_rock,iou,,0,0,102176
segformer__pretrained__mit-b2__in_rover__seed1416__gpu_full__0292c93e__git3e52372c__codebebd8b2d__20260717T012339903058Z,msl_ncam_nlb_502517193edr_f0511430ncam09842m1,test_msl,ALL,pixel_acc,0.9905848731600376,0,0,102176
segformer__pretrained__mit-b2__in_rover__seed1416__gpu_full__0292c93e__git3e52372c__codebebd8b2d__20260717T012339903058Z,msl_ncam_nlb_502517193edr_f0511430ncam09842m1,test_msl,ALL,boundary_f1,0.9452120821319256,0,0,102176
segformer__pretrained__mit-b2__in_rover__seed1416__gpu_full__0292c93e__git3e52372c__codebebd8b2d__20260717T012339903058Z,msl_ncam_nlb_504390285edr_f0520004ncam00353m1,test_msl,soil,iou,,0,0,0
segformer__pretrained__mit-b2__in_rover__seed1416__gpu_full__0292c93e__git3e52372c__codebebd8b2d__20260717T012339903058Z,msl_ncam_nlb_504390285edr_f0520004ncam00353m1,test_msl,bedrock,iou,,0,0,0
segformer__pretrained__mit-b2__in_rover__seed1416__gpu_full__0292c93e__git3e52372c__codebebd8b2d__20260717T012339903058Z,msl_ncam_nlb_504390285edr_f0520004ncam00353m1,test_msl,sand,iou,,0,0,0
segformer__pretrained__mit-b2__in_rover__seed1416__gpu_full__0292c93e__git3e52372c__codebebd8b2d__20260717T012339903058Z,msl_ncam_nlb_504390285edr_f0520004ncam00353m1,test_msl,big_rock,iou,,0,0,0
segformer__pretrained__mit-b2__in_rover__seed1416__gpu_full__0292c93e__git3e52372c__codebebd8b2d__20260717T012339903058Z,msl_ncam_nlb_504390285edr_f0520004ncam00353m1,test_msl,ALL,pixel_acc,,0,0,0
segformer__pretrained__mit-b2__in_rover__seed1416__gpu_full__0292c93e__git3e52372c__codebebd8b2d__20260717T012339903058Z,msl_ncam_nlb_504390285edr_f0520004ncam00353m1,test_msl,ALL,boundary_f1,,0,0,0
segformer__pretrained__mit-b2__in_rover__seed1416__gpu_full__0292c93e__git3e52372c__codebebd8b2d__20260717T012339903058Z,msl_ncam_nlb_504390796edr_f0520004ncam00354m1,test_msl,soil,iou,,0,0,98057
segformer__pretrained__mit-b2__in_rover__seed1416__gpu_full__0292c93e__git3e52372c__codebebd8b2d__20260717T012339903058Z,msl_ncam_nlb_504390796edr_f0520004ncam00354m1,test_msl,bedrock,iou,0.8665666385337543,83167,95973,98057
segformer__pretrained__mit-b2__in_rover__seed1416__gpu_full__0292c93e__git3e52372c__codebebd8b2d__20260717T012339903058Z,msl_ncam_nlb_504390796edr_f0520004ncam00354m1,test_msl,sand,iou,0.13995970449966422,2084,14890,98057
segformer__pretrained__mit-b2__in_rover__seed1416__gpu_full__0292c93e__git3e52372c__codebebd8b2d__20260717T012339903058Z,msl_ncam_nlb_504390796edr_f0520004ncam00354m1,test_msl,big_rock,iou,,0,0,98057
segformer__pretrained__mit-b2__in_rover__seed1416__gpu_full__0292c93e__git3e52372c__codebebd8b2d__20260717T012339903058Z,msl_ncam_nlb_504390796edr_f0520004ncam00354m1,test_msl,ALL,pixel_acc,0.8694024903882436,0,0,98057
segformer__pretrained__mit-b2__in_rover__seed1416__gpu_full__0292c93e__git3e52372c__codebebd8b2d__20260717T012339903058Z,msl_ncam_nlb_504390796edr_f0520004ncam00354m1,test_msl,ALL,boundary_f1,0.5590268496152294,0,0,98057
segformer__pretrained__mit-b2__in_rover__seed1416__gpu_full__0292c93e__git3e52372c__codebebd8b2d__20260717T012339903058Z,msl_ncam_nlb_504390846edr_f0520004ncam00354m1,test_msl,soil,iou,,0,0,66198
segformer__pretrained__mit-b2__in_rover__seed1416__gpu_full__0292c93e__git3e52372c__codebebd8b2d__20260717T012339903058Z,msl_ncam_nlb_504390846edr_f0520004ncam00354m1,test_msl,bedrock,iou,0.7639829483613496,50539,66152,66198
segformer__pretrained__mit-b2__in_rover__seed1416__gpu_full__0292c93e__git3e52372c__codebebd8b2d__20260717T012339903058Z,msl_ncam_nlb_504390846edr_f0520004ncam00354m1,test_msl,sand,iou,0.002937607765502267,46,15659,66198
segformer__pretrained__mit-b2__in_rover__seed1416__gpu_full__0292c93e__git3e52372c__codebebd8b2d__20260717T012339903058Z,msl_ncam_nlb_504390846edr_f0520004ncam00354m1,test_msl,big_rock,iou,,0,0,66198
segformer__pretrained__mit-b2__in_rover__seed1416__gpu_full__0292c93e__git3e52372c__codebebd8b2d__20260717T012339903058Z,msl_ncam_nlb_504390846edr_f0520004ncam00354m1,test_msl,ALL,pixel_acc,0.7641469530801535,0,0,66198
segformer__pretrained__mit-b2__in_rover__seed1416__gpu_full__0292c93e__git3e52372c__codebebd8b2d__20260717T012339903058Z,msl_ncam_nlb_504390846edr_f0520004ncam00354m1,test_msl,ALL,boundary_f1,0.36288047512991833,0,0,66198
segformer__pretrained__mit-b2__in_rover__seed1416__gpu_full__0292c93e__git3e52372c__codebebd8b2d__20260717T012339903058Z,msl_ncam_nlb_504391195edr_f0520004ncam07753m1,test_msl,soil,iou,,0,0,173925
segformer__pretrained__mit-b2__in_rover__seed1416__gpu_full__0292c93e__git3e52372c__codebebd8b2d__20260717T012339903058Z,msl_ncam_nlb_504391195edr_f0520004ncam07753m1,test_msl,bedrock,iou,0.983232077764277,52598,53495,173925
segformer__pretrained__mit-b2__in_rover__seed1416__gpu_full__0292c93e__git3e52372c__codebebd8b2d__20260717T012339903058Z,msl_ncam_nlb_504391195edr_f0520004ncam07753m1,test_msl,sand,iou,0.9926067569461043,120430,121327,173925
segformer__pretrained__mit-b2__in_rover__seed1416__gpu_full__0292c93e__git3e52372c__codebebd8b2d__20260717T012339903058Z,msl_ncam_nlb_504391195edr_f0520004ncam07753m1,test_msl,big_rock,iou,,0,0,173925
segformer__pretrained__mit-b2__in_rover__seed1416__gpu_full__0292c93e__git3e52372c__codebebd8b2d__20260717T012339903058Z,msl_ncam_nlb_504391195edr_f0520004ncam07753m1,test_msl,ALL,pixel_acc,0.9948426045709358,0,0,173925
segformer__pretrained__mit-b2__in_rover__seed1416__gpu_full__0292c93e__git3e52372c__codebebd8b2d__20260717T012339903058Z,msl_ncam_nlb_504391195edr_f0520004ncam07753m1,test_msl,ALL,boundary_f1,0.9454102462943133,0,0,173925
segformer__pretrained__mit-b2__in_rover__seed1416__gpu_full__0292c93e__git3e52372c__codebebd8b2d__20260717T012339903058Z,msl_ncam_nlb_504391382edr_f0520004ncam07753m1,test_msl,soil,iou,,0,0,62981
segformer__pretrained__mit-b2__in_rover__seed1416__gpu_full__0292c93e__git3e52372c__codebebd8b2d__20260717T012339903058Z,msl_ncam_nlb_504391382edr_f0520004ncam07753m1,test_msl,bedrock,iou,0.9805867270487163,29448,30031,62981
segformer__pretrained__mit-b2__in_rover__seed1416__gpu_full__0292c93e__git3e52372c__codebebd8b2d__20260717T012339903058Z,msl_ncam_nlb_504391382edr_f0520004ncam07753m1,test_msl,sand,iou,0.982614141293651,32950,33533,62981
segformer__pretrained__mit-b2__in_rover__seed1416__gpu_full__0292c93e__git3e52372c__codebebd8b2d__20260717T012339903058Z,msl_ncam_nlb_504391382edr_f0520004ncam07753m1,test_msl,big_rock,iou,,0,0,62981
segformer__pretrained__mit-b2__in_rover__seed1416__gpu_full__0292c93e__git3e52372c__codebebd8b2d__20260717T012339903058Z,msl_ncam_nlb_504391382edr_f0520004ncam07753m1,test_msl,ALL,pixel_acc,0.9907432400247693,0,0,62981
segformer__pretrained__mit-b2__in_rover__seed1416__gpu_full__0292c93e__git3e52372c__codebebd8b2d__20260717T012339903058Z,msl_ncam_nlb_504391382edr_f0520004ncam07753m1,test_msl,ALL,boundary_f1,0.9468559118449347,0,0,62981
segformer__pretrained__mit-b2__in_rover__seed1416__gpu_full__0292c93e__git3e52372c__codebebd8b2d__20260717T012339903058Z,msl_ncam_nlb_505891855edr_f0521112ncam00319m1,test_msl,soil,iou,,0,0,93351
segformer__pretrained__mit-b2__in_rover__seed1416__gpu_full__0292c93e__git3e52372c__codebebd8b2d__20260717T012339903058Z,msl_ncam_nlb_505891855edr_f0521112ncam00319m1,test_msl,bedrock,iou,,0,0,93351
segformer__pretrained__mit-b2__in_rover__seed1416__gpu_full__0292c93e__git3e52372c__codebebd8b2d__20260717T012339903058Z,msl_ncam_nlb_505891855edr_f0521112ncam00319m1,test_msl,sand,iou,1.0,93351,93351,93351
segformer__pretrained__mit-b2__in_rover__seed1416__gpu_full__0292c93e__git3e52372c__codebebd8b2d__20260717T012339903058Z,msl_ncam_nlb_505891855edr_f0521112ncam00319m1,test_msl,big_rock,iou,,0,0,93351
segformer__pretrained__mit-b2__in_rover__seed1416__gpu_full__0292c93e__git3e52372c__codebebd8b2d__20260717T012339903058Z,msl_ncam_nlb_505891855edr_f0521112ncam00319m1,test_msl,ALL,pixel_acc,1.0,0,0,93351
segformer__pretrained__mit-b2__in_rover__seed1416__gpu_full__0292c93e__git3e52372c__codebebd8b2d__20260717T012339903058Z,msl_ncam_nlb_505891855edr_f0521112ncam00319m1,test_msl,ALL,boundary_f1,1.0,0,0,93351
segformer__pretrained__mit-b2__in_rover__seed1416__gpu_full__0292c93e__git3e52372c__codebebd8b2d__20260717T012339903058Z,msl_ncam_nlb_505898310edr_f0521162ncam12753m1,test_msl,soil,iou,,0,0,39614
segformer__pretrained__mit-b2__in_rover__seed1416__gpu_full__0292c93e__git3e52372c__codebebd8b2d__20260717T012339903058Z,msl_ncam_nlb_505898310edr_f0521162ncam12753m1,test_msl,bedrock,iou,0.8555056293229666,33890,39614,39614
segformer__pretrained__mit-b2__in_rover__seed1416__gpu_full__0292c93e__git3e52372c__codebebd8b2d__20260717T012339903058Z,msl_ncam_nlb_505898310edr_f0521162ncam12753m1,test_msl,sand,iou,0.0,0,5724,39614
segformer__pretrained__mit-b2__in_rover__seed1416__gpu_full__0292c93e__git3e52372c__codebebd8b2d__20260717T012339903058Z,msl_ncam_nlb_505898310edr_f0521162ncam12753m1,test_msl,big_rock,iou,,0,0,39614
segformer__pretrained__mit-b2__in_rover__seed1416__gpu_full__0292c93e__git3e52372c__codebebd8b2d__20260717T012339903058Z,msl_ncam_nlb_505898310edr_f0521162ncam12753m1,test_msl,ALL,pixel_acc,0.8555056293229666,0,0,39614
segformer__pretrained__mit-b2__in_rover__seed1416__gpu_full__0292c93e__git3e52372c__codebebd8b2d__20260717T012339903058Z,msl_ncam_nlb_505898310edr_f0521162ncam12753m1,test_msl,ALL,boundary_f1,0.4613887875471239,0,0,39614
segformer__pretrained__mit-b2__in_rover__seed1416__gpu_full__0292c93e__git3e52372c__codebebd8b2d__20260717T012339903058Z,msl_ncam_nlb_505898372edr_f0521162ncam12753m1,test_msl,soil,iou,,0,0,70730
segformer__pretrained__mit-b2__in_rover__seed1416__gpu_full__0292c93e__git3e52372c__codebebd8b2d__20260717T012339903058Z,msl_ncam_nlb_505898372edr_f0521162ncam12753m1,test_msl,bedrock,iou,0.9415285261815639,45779,48622,70730
segformer__pretrained__mit-b2__in_rover__seed1416__gpu_full__0292c93e__git3e52372c__codebebd8b2d__20260717T012339903058Z,msl_ncam_nlb_505898372edr_f0521162ncam12753m1,test_msl,sand,iou,0.8860566710753076,22108,24951,70730
segformer__pretrained__mit-b2__in_rover__seed1416__gpu_full__0292c93e__git3e52372c__codebebd8b2d__20260717T012339903058Z,msl_ncam_nlb_505898372edr_f0521162ncam12753m1,test_msl,big_rock,iou,,0,0,70730
segformer__pretrained__mit-b2__in_rover__seed1416__gpu_full__0292c93e__git3e52372c__codebebd8b2d__20260717T012339903058Z,msl_ncam_nlb_505898372edr_f0521162ncam12753m1,test_msl,ALL,pixel_acc,0.9598048918422168,0,0,70730
segformer__pretrained__mit-b2__in_rover__seed1416__gpu_full__0292c93e__git3e52372c__codebebd8b2d__20260717T012339903058Z,msl_ncam_nlb_505898372edr_f0521162ncam12753m1,test_msl,ALL,boundary_f1,0.8650696278186367,0,0,70730
segformer__pretrained__mit-b2__in_rover__seed1416__gpu_full__0292c93e__git3e52372c__codebebd8b2d__20260717T012339903058Z,msl_ncam_nlb_505898434edr_f0521162ncam12753m1,test_msl,soil,iou,,0,0,186871
segformer__pretrained__mit-b2__in_rover__seed1416__gpu_full__0292c93e__git3e52372c__codebebd8b2d__20260717T012339903058Z,msl_ncam_nlb_505898434edr_f0521162ncam12753m1,test_msl,bedrock,iou,,0,0,186871
segformer__pretrained__mit-b2__in_rover__seed1416__gpu_full__0292c93e__git3e52372c__codebebd8b2d__20260717T012339903058Z,msl_ncam_nlb_505898434edr_f0521162ncam12753m1,test_msl,sand,iou,1.0,186871,186871,186871
segformer__pretrained__mit-b2__in_rover__seed1416__gpu_full__0292c93e__git3e52372c__codebebd8b2d__20260717T012339903058Z,msl_ncam_nlb_505898434edr_f0521162ncam12753m1,test_msl,big_rock,iou,,0,0,186871
segformer__pretrained__mit-b2__in_rover__seed1416__gpu_full__0292c93e__git3e52372c__codebebd8b2d__20260717T012339903058Z,msl_ncam_nlb_505898434edr_f0521162ncam12753m1,test_msl,ALL,pixel_acc,1.0,0,0,186871
segformer__pretrained__mit-b2__in_rover__seed1416__gpu_full__0292c93e__git3e52372c__codebebd8b2d__20260717T012339903058Z,msl_ncam_nlb_505898434edr_f0521162ncam12753m1,test_msl,ALL,boundary_f1,1.0,0,0,186871
segformer__pretrained__mit-b2__in_rover__seed1416__gpu_full__0292c93e__git3e52372c__codebebd8b2d__20260717T012339903058Z,msl_ncam_nlb_505898562edr_f0521162ncam12753m1,test_msl,soil,iou,,0,0,0
segformer__pretrained__mit-b2__in_rover__seed1416__gpu_full__0292c93e__git3e52372c__codebebd8b2d__20260717T012339903058Z,msl_ncam_nlb_505898562edr_f0521162ncam12753m1,test_msl,bedrock,iou,,0,0,0
segformer__pretrained__mit-b2__in_rover__seed1416__gpu_full__0292c93e__git3e52372c__codebebd8b2d__20260717T012339903058Z,msl_ncam_nlb_505898562edr_f0521162ncam12753m1,test_msl,sand,iou,,0,0,0
segformer__pretrained__mit-b2__in_rover__seed1416__gpu_full__0292c93e__git3e52372c__codebebd8b2d__20260717T012339903058Z,msl_ncam_nlb_505898562edr_f0521162ncam12753m1,test_msl,big_rock,iou,,0,0,0
segformer__pretrained__mit-b2__in_rover__seed1416__gpu_full__0292c93e__git3e52372c__codebebd8b2d__20260717T012339903058Z,msl_ncam_nlb_505898562edr_f0521162ncam12753m1,test_msl,ALL,pixel_acc,,0,0,0
segformer__pretrained__mit-b2__in_rover__seed1416__gpu_full__0292c93e__git3e52372c__codebebd8b2d__20260717T012339903058Z,msl_ncam_nlb_505898562edr_f0521162ncam12753m1,test_msl,ALL,boundary_f1,,0,0,0
segformer__pretrained__mit-b2__in_rover__seed1416__gpu_full__0292c93e__git3e52372c__codebebd8b2d__20260717T012339903058Z,msl_ncam_nlb_505898711edr_f0521162ncam12753m1,test_msl,soil,iou,,0,0,84361
segformer__pretrained__mit-b2__in_rover__seed1416__gpu_full__0292c93e__git3e52372c__codebebd8b2d__20260717T012339903058Z,msl_ncam_nlb_505898711edr_f0521162ncam12753m1,test_msl,bedrock,iou,0.9945722618276086,12277,12344,84361
segformer__pretrained__mit-b2__in_rover__seed1416__gpu_full__0292c93e__git3e52372c__codebebd8b2d__20260717T012339903058Z,msl_ncam_nlb_505898711edr_f0521162ncam12753m1,test_msl,sand,iou,0.999070528827479,72017,72084,84361
segformer__pretrained__mit-b2__in_rover__seed1416__gpu_full__0292c93e__git3e52372c__codebebd8b2d__20260717T012339903058Z,msl_ncam_nlb_505898711edr_f0521162ncam12753m1,test_msl,big_rock,iou,,0,0,84361
segformer__pretrained__mit-b2__in_rover__seed1416__gpu_full__0292c93e__git3e52372c__codebebd8b2d__20260717T012339903058Z,msl_ncam_nlb_505898711edr_f0521162ncam12753m1,test_msl,ALL,pixel_acc,0.9992057941465843,0,0,84361
segformer__pretrained__mit-b2__in_rover__seed1416__gpu_full__0292c93e__git3e52372c__codebebd8b2d__20260717T012339903058Z,msl_ncam_nlb_505898711edr_f0521162ncam12753m1,test_msl,ALL,boundary_f1,0.9874146234253356,0,0,84361
segformer__pretrained__mit-b2__in_rover__seed1416__gpu_full__0292c93e__git3e52372c__codebebd8b2d__20260717T012339903058Z,msl_ncam_nlb_505898763edr_f0521162ncam00353m1,test_msl,soil,iou,,0,0,107150
segformer__pretrained__mit-b2__in_rover__seed1416__gpu_full__0292c93e__git3e52372c__codebebd8b2d__20260717T012339903058Z,msl_ncam_nlb_505898763edr_f0521162ncam00353m1,test_msl,bedrock,iou,0.9611767279090113,8789,9144,107150
segformer__pretrained__mit-b2__in_rover__seed1416__gpu_full__0292c93e__git3e52372c__codebebd8b2d__20260717T012339903058Z,msl_ncam_nlb_505898763edr_f0521162ncam00353m1,test_msl,sand,iou,0.9963908459653724,98006,98361,107150
segformer__pretrained__mit-b2__in_rover__seed1416__gpu_full__0292c93e__git3e52372c__codebebd8b2d__20260717T012339903058Z,msl_ncam_nlb_505898763edr_f0521162ncam00353m1,test_msl,big_rock,iou,,0,0,107150
segformer__pretrained__mit-b2__in_rover__seed1416__gpu_full__0292c93e__git3e52372c__codebebd8b2d__20260717T012339903058Z,msl_ncam_nlb_505898763edr_f0521162ncam00353m1,test_msl,ALL,pixel_acc,0.9966868875408306,0,0,107150
segformer__pretrained__mit-b2__in_rover__seed1416__gpu_full__0292c93e__git3e52372c__codebebd8b2d__20260717T012339903058Z,msl_ncam_nlb_505898763edr_f0521162ncam00353m1,test_msl,ALL,boundary_f1,0.9584072645831854,0,0,107150
segformer__pretrained__mit-b2__in_rover__seed1416__gpu_full__0292c93e__git3e52372c__codebebd8b2d__20260717T012339903058Z,msl_ncam_nlb_505900047edr_f0521162ncam00352m1,test_msl,soil,iou,,0,0,228276
segformer__pretrained__mit-b2__in_rover__seed1416__gpu_full__0292c93e__git3e52372c__codebebd8b2d__20260717T012339903058Z,msl_ncam_nlb_505900047edr_f0521162ncam00352m1,test_msl,bedrock,iou,0.0,0,836,228276
segformer__pretrained__mit-b2__in_rover__seed1416__gpu_full__0292c93e__git3e52372c__codebebd8b2d__20260717T012339903058Z,msl_ncam_nlb_505900047edr_f0521162ncam00352m1,test_msl,sand,iou,0.996337766563283,227440,228276,228276
segformer__pretrained__mit-b2__in_rover__seed1416__gpu_full__0292c93e__git3e52372c__codebebd8b2d__20260717T012339903058Z,msl_ncam_nlb_505900047edr_f0521162ncam00352m1,test_msl,big_rock,iou,,0,0,228276
segformer__pretrained__mit-b2__in_rover__seed1416__gpu_full__0292c93e__git3e52372c__codebebd8b2d__20260717T012339903058Z,msl_ncam_nlb_505900047edr_f0521162ncam00352m1,test_msl,ALL,pixel_acc,0.996337766563283,0,0,228276
segformer__pretrained__mit-b2__in_rover__seed1416__gpu_full__0292c93e__git3e52372c__codebebd8b2d__20260717T012339903058Z,msl_ncam_nlb_505900047edr_f0521162ncam00352m1,test_msl,ALL,boundary_f1,0.47267035877678787,0,0,228276
segformer__pretrained__mit-b2__in_rover__seed1416__gpu_full__0292c93e__git3e52372c__codebebd8b2d__20260717T012339903058Z,msl_ncam_nlb_512555058edr_f0532644ncam00264m1,test_msl,soil,iou,,0,0,77059
segformer__pretrained__mit-b2__in_rover__seed1416__gpu_full__0292c93e__git3e52372c__codebebd8b2d__20260717T012339903058Z,msl_ncam_nlb_512555058edr_f0532644ncam00264m1,test_msl,bedrock,iou,0.9966316038293346,33730,33844,77059
segformer__pretrained__mit-b2__in_rover__seed1416__gpu_full__0292c93e__git3e52372c__codebebd8b2d__20260717T012339903058Z,msl_ncam_nlb_512555058edr_f0532644ncam00264m1,test_msl,sand,iou,0.997944762608535,43215,43304,77059
segformer__pretrained__mit-b2__in_rover__seed1416__gpu_full__0292c93e__git3e52372c__codebebd8b2d__20260717T012339903058Z,msl_ncam_nlb_512555058edr_f0532644ncam00264m1,test_msl,big_rock,iou,0.0,0,25,77059
segformer__pretrained__mit-b2__in_rover__seed1416__gpu_full__0292c93e__git3e52372c__codebebd8b2d__20260717T012339903058Z,msl_ncam_nlb_512555058edr_f0532644ncam00264m1,test_msl,ALL,pixel_acc,0.9985206140749296,0,0,77059
segformer__pretrained__mit-b2__in_rover__seed1416__gpu_full__0292c93e__git3e52372c__codebebd8b2d__20260717T012339903058Z,msl_ncam_nlb_512555058edr_f0532644ncam00264m1,test_msl,ALL,boundary_f1,0.660626899467106,0,0,77059
segformer__pretrained__mit-b2__in_rover__seed1416__gpu_full__0292c93e__git3e52372c__codebebd8b2d__20260717T012339903058Z,msl_ncam_nlb_512555120edr_f0532644ncam00264m1,test_msl,soil,iou,,0,0,31610
segformer__pretrained__mit-b2__in_rover__seed1416__gpu_full__0292c93e__git3e52372c__codebebd8b2d__20260717T012339903058Z,msl_ncam_nlb_512555120edr_f0532644ncam00264m1,test_msl,bedrock,iou,1.0,31610,31610,31610
segformer__pretrained__mit-b2__in_rover__seed1416__gpu_full__0292c93e__git3e52372c__codebebd8b2d__20260717T012339903058Z,msl_ncam_nlb_512555120edr_f0532644ncam00264m1,test_msl,sand,iou,,0,0,31610
segformer__pretrained__mit-b2__in_rover__seed1416__gpu_full__0292c93e__git3e52372c__codebebd8b2d__20260717T012339903058Z,msl_ncam_nlb_512555120edr_f0532644ncam00264m1,test_msl,big_rock,iou,,0,0,31610
segformer__pretrained__mit-b2__in_rover__seed1416__gpu_full__0292c93e__git3e52372c__codebebd8b2d__20260717T012339903058Z,msl_ncam_nlb_512555120edr_f0532644ncam00264m1,test_msl,ALL,pixel_acc,1.0,0,0,31610
segformer__pretrained__mit-b2__in_rover__seed1416__gpu_full__0292c93e__git3e52372c__codebebd8b2d__20260717T012339903058Z,msl_ncam_nlb_512555120edr_f0532644ncam00264m1,test_msl,ALL,boundary_f1,1.0,0,0,31610
segformer__pretrained__mit-b2__in_rover__seed1416__gpu_full__0292c93e__git3e52372c__codebebd8b2d__20260717T012339903058Z,msl_ncam_nlb_512555645edr_f0532644ncam00354m1,test_msl,soil,iou,,0,0,29150
segformer__pretrained__mit-b2__in_rover__seed1416__gpu_full__0292c93e__git3e52372c__codebebd8b2d__20260717T012339903058Z,msl_ncam_nlb_512555645edr_f0532644ncam00354m1,test_msl,bedrock,iou,,0,0,29150
segformer__pretrained__mit-b2__in_rover__seed1416__gpu_full__0292c93e__git3e52372c__codebebd8b2d__20260717T012339903058Z,msl_ncam_nlb_512555645edr_f0532644ncam00354m1,test_msl,sand,iou,1.0,29150,29150,29150
segformer__pretrained__mit-b2__in_rover__seed1416__gpu_full__0292c93e__git3e52372c__codebebd8b2d__20260717T012339903058Z,msl_ncam_nlb_512555645edr_f0532644ncam00354m1,test_msl,big_rock,iou,,0,0,29150
segformer__pretrained__mit-b2__in_rover__seed1416__gpu_full__0292c93e__git3e52372c__codebebd8b2d__20260717T012339903058Z,msl_ncam_nlb_512555645edr_f0532644ncam00354m1,test_msl,ALL,pixel_acc,1.0,0,0,29150
segformer__pretrained__mit-b2__in_rover__seed1416__gpu_full__0292c93e__git3e52372c__codebebd8b2d__20260717T012339903058Z,msl_ncam_nlb_512555645edr_f0532644ncam00354m1,test_msl,ALL,boundary_f1,1.0,0,0,29150
segformer__pretrained__mit-b2__in_rover__seed1416__gpu_full__0292c93e__git3e52372c__codebebd8b2d__20260717T012339903058Z,msl_ncam_nlb_512555804edr_f0532644ncam07753m1,test_msl,soil,iou,,0,0,0
segformer__pretrained__mit-b2__in_rover__seed1416__gpu_full__0292c93e__git3e52372c__codebebd8b2d__20260717T012339903058Z,msl_ncam_nlb_512555804edr_f0532644ncam07753m1,test_msl,bedrock,iou,,0,0,0
segformer__pretrained__mit-b2__in_rover__seed1416__gpu_full__0292c93e__git3e52372c__codebebd8b2d__20260717T012339903058Z,msl_ncam_nlb_512555804edr_f0532644ncam07753m1,test_msl,sand,iou,,0,0,0
segformer__pretrained__mit-b2__in_rover__seed1416__gpu_full__0292c93e__git3e52372c__codebebd8b2d__20260717T012339903058Z,msl_ncam_nlb_512555804edr_f0532644ncam07753m1,test_msl,big_rock,iou,,0,0,0
segformer__pretrained__mit-b2__in_rover__seed1416__gpu_full__0292c93e__git3e52372c__codebebd8b2d__20260717T012339903058Z,msl_ncam_nlb_512555804edr_f0532644ncam07753m1,test_msl,ALL,pixel_acc,,0,0,0
segformer__pretrained__mit-b2__in_rover__seed1416__gpu_full__0292c93e__git3e52372c__codebebd8b2d__20260717T012339903058Z,msl_ncam_nlb_512555804edr_f0532644ncam07753m1,test_msl,ALL,boundary_f1,,0,0,0
segformer__pretrained__mit-b2__in_rover__seed1416__gpu_full__0292c93e__git3e52372c__codebebd8b2d__20260717T012339903058Z,msl_ncam_nlb_512555867edr_f0532644ncam07753m1,test_msl,soil,iou,,0,0,52439
segformer__pretrained__mit-b2__in_rover__seed1416__gpu_full__0292c93e__git3e52372c__codebebd8b2d__20260717T012339903058Z,msl_ncam_nlb_512555867edr_f0532644ncam07753m1,test_msl,bedrock,iou,0.9947660462004644,50556,50822,52439
segformer__pretrained__mit-b2__in_rover__seed1416__gpu_full__0292c93e__git3e52372c__codebebd8b2d__20260717T012339903058Z,msl_ncam_nlb_512555867edr_f0532644ncam07753m1,test_msl,sand,iou,0.6818906001062135,1284,1883,52439
segformer__pretrained__mit-b2__in_rover__seed1416__gpu_full__0292c93e__git3e52372c__codebebd8b2d__20260717T012339903058Z,msl_ncam_nlb_512555867edr_f0532644ncam07753m1,test_msl,big_rock,iou,0.0,0,333,52439
segformer__pretrained__mit-b2__in_rover__seed1416__gpu_full__0292c93e__git3e52372c__codebebd8b2d__20260717T012339903058Z,msl_ncam_nlb_512555867edr_f0532644ncam07753m1,test_msl,ALL,pixel_acc,0.9885772039893972,0,0,52439
segformer__pretrained__mit-b2__in_rover__seed1416__gpu_full__0292c93e__git3e52372c__codebebd8b2d__20260717T012339903058Z,msl_ncam_nlb_512555867edr_f0532644ncam07753m1,test_msl,ALL,boundary_f1,0.5782973379225326,0,0,52439
segformer__pretrained__mit-b2__in_rover__seed1416__gpu_full__0292c93e__git3e52372c__codebebd8b2d__20260717T012339903058Z,msl_ncam_nlb_520358689edr_f0550940ncam00299m1,test_msl,soil,iou,,0,0,27530
segformer__pretrained__mit-b2__in_rover__seed1416__gpu_full__0292c93e__git3e52372c__codebebd8b2d__20260717T012339903058Z,msl_ncam_nlb_520358689edr_f0550940ncam00299m1,test_msl,bedrock,iou,1.0,27530,27530,27530
segformer__pretrained__mit-b2__in_rover__seed1416__gpu_full__0292c93e__git3e52372c__codebebd8b2d__20260717T012339903058Z,msl_ncam_nlb_520358689edr_f0550940ncam00299m1,test_msl,sand,iou,,0,0,27530
segformer__pretrained__mit-b2__in_rover__seed1416__gpu_full__0292c93e__git3e52372c__codebebd8b2d__20260717T012339903058Z,msl_ncam_nlb_520358689edr_f0550940ncam00299m1,test_msl,big_rock,iou,,0,0,27530
segformer__pretrained__mit-b2__in_rover__seed1416__gpu_full__0292c93e__git3e52372c__codebebd8b2d__20260717T012339903058Z,msl_ncam_nlb_520358689edr_f0550940ncam00299m1,test_msl,ALL,pixel_acc,1.0,0,0,27530
segformer__pretrained__mit-b2__in_rover__seed1416__gpu_full__0292c93e__git3e52372c__codebebd8b2d__20260717T012339903058Z,msl_ncam_nlb_520358689edr_f0550940ncam00299m1,test_msl,ALL,boundary_f1,1.0,0,0,27530
segformer__pretrained__mit-b2__in_rover__seed1416__gpu_full__0292c93e__git3e52372c__codebebd8b2d__20260717T012339903058Z,msl_ncam_nlb_520358799edr_f0550940ncam00299m1,test_msl,soil,iou,,0,0,150778
segformer__pretrained__mit-b2__in_rover__seed1416__gpu_full__0292c93e__git3e52372c__codebebd8b2d__20260717T012339903058Z,msl_ncam_nlb_520358799edr_f0550940ncam00299m1,test_msl,bedrock,iou,1.0,150778,150778,150778
segformer__pretrained__mit-b2__in_rover__seed1416__gpu_full__0292c93e__git3e52372c__codebebd8b2d__20260717T012339903058Z,msl_ncam_nlb_520358799edr_f0550940ncam00299m1,test_msl,sand,iou,,0,0,150778
segformer__pretrained__mit-b2__in_rover__seed1416__gpu_full__0292c93e__git3e52372c__codebebd8b2d__20260717T012339903058Z,msl_ncam_nlb_520358799edr_f0550940ncam00299m1,test_msl,big_rock,iou,,0,0,150778
segformer__pretrained__mit-b2__in_rover__seed1416__gpu_full__0292c93e__git3e52372c__codebebd8b2d__20260717T012339903058Z,msl_ncam_nlb_520358799edr_f0550940ncam00299m1,test_msl,ALL,pixel_acc,1.0,0,0,150778
segformer__pretrained__mit-b2__in_rover__seed1416__gpu_full__0292c93e__git3e52372c__codebebd8b2d__20260717T012339903058Z,msl_ncam_nlb_520358799edr_f0550940ncam00299m1,test_msl,ALL,boundary_f1,1.0,0,0,150778
segformer__pretrained__mit-b2__in_rover__seed1416__gpu_full__0292c93e__git3e52372c__codebebd8b2d__20260717T012339903058Z,msl_ncam_nlb_520359057edr_f0550940ncam00654m1,test_msl,soil,iou,,0,0,36846
segformer__pretrained__mit-b2__in_rover__seed1416__gpu_full__0292c93e__git3e52372c__codebebd8b2d__20260717T012339903058Z,msl_ncam_nlb_520359057edr_f0550940ncam00654m1,test_msl,bedrock,iou,0.8093144439016446,29820,36846,36846
segformer__pretrained__mit-b2__in_rover__seed1416__gpu_full__0292c93e__git3e52372c__codebebd8b2d__20260717T012339903058Z,msl_ncam_nlb_520359057edr_f0550940ncam00654m1,test_msl,sand,iou,0.0,0,7026,36846
segformer__pretrained__mit-b2__in_rover__seed1416__gpu_full__0292c93e__git3e52372c__codebebd8b2d__20260717T012339903058Z,msl_ncam_nlb_520359057edr_f0550940ncam00654m1,test_msl,big_rock,iou,,0,0,36846
segformer__pretrained__mit-b2__in_rover__seed1416__gpu_full__0292c93e__git3e52372c__codebebd8b2d__20260717T012339903058Z,msl_ncam_nlb_520359057edr_f0550940ncam00654m1,test_msl,ALL,pixel_acc,0.8093144439016446,0,0,36846
segformer__pretrained__mit-b2__in_rover__seed1416__gpu_full__0292c93e__git3e52372c__codebebd8b2d__20260717T012339903058Z,msl_ncam_nlb_520359057edr_f0550940ncam00654m1,test_msl,ALL,boundary_f1,0.4054521852012116,0,0,36846
segformer__pretrained__mit-b2__in_rover__seed1416__gpu_full__0292c93e__git3e52372c__codebebd8b2d__20260717T012339903058Z,msl_ncam_nlb_520359112edr_f0550940ncam00654m1,test_msl,soil,iou,,0,0,51622
segformer__pretrained__mit-b2__in_rover__seed1416__gpu_full__0292c93e__git3e52372c__codebebd8b2d__20260717T012339903058Z,msl_ncam_nlb_520359112edr_f0550940ncam00654m1,test_msl,bedrock,iou,0.9766572391615977,50417,51622,51622
segformer__pretrained__mit-b2__in_rover__seed1416__gpu_full__0292c93e__git3e52372c__codebebd8b2d__20260717T012339903058Z,msl_ncam_nlb_520359112edr_f0550940ncam00654m1,test_msl,sand,iou,0.0,0,1205,51622
segformer__pretrained__mit-b2__in_rover__seed1416__gpu_full__0292c93e__git3e52372c__codebebd8b2d__20260717T012339903058Z,msl_ncam_nlb_520359112edr_f0550940ncam00654m1,test_msl,big_rock,iou,,0,0,51622
segformer__pretrained__mit-b2__in_rover__seed1416__gpu_full__0292c93e__git3e52372c__codebebd8b2d__20260717T012339903058Z,msl_ncam_nlb_520359112edr_f0550940ncam00654m1,test_msl,ALL,pixel_acc,0.9766572391615977,0,0,51622
segformer__pretrained__mit-b2__in_rover__seed1416__gpu_full__0292c93e__git3e52372c__codebebd8b2d__20260717T012339903058Z,msl_ncam_nlb_520359112edr_f0550940ncam00654m1,test_msl,ALL,boundary_f1,0.4903941938238224,0,0,51622
segformer__pretrained__mit-b2__in_rover__seed1416__gpu_full__0292c93e__git3e52372c__codebebd8b2d__20260717T012339903058Z,msl_ncam_nlb_520359279edr_f0550940ncam07753m1,test_msl,soil,iou,,0,0,52407
segformer__pretrained__mit-b2__in_rover__seed1416__gpu_full__0292c93e__git3e52372c__codebebd8b2d__20260717T012339903058Z,msl_ncam_nlb_520359279edr_f0550940ncam07753m1,test_msl,bedrock,iou,0.9570858854733146,50158,52407,52407
segformer__pretrained__mit-b2__in_rover__seed1416__gpu_full__0292c93e__git3e52372c__codebebd8b2d__20260717T012339903058Z,msl_ncam_nlb_520359279edr_f0550940ncam07753m1,test_msl,sand,iou,0.0,0,2249,52407
segformer__pretrained__mit-b2__in_rover__seed1416__gpu_full__0292c93e__git3e52372c__codebebd8b2d__20260717T012339903058Z,msl_ncam_nlb_520359279edr_f0550940ncam07753m1,test_msl,big_rock,iou,,0,0,52407
segformer__pretrained__mit-b2__in_rover__seed1416__gpu_full__0292c93e__git3e52372c__codebebd8b2d__20260717T012339903058Z,msl_ncam_nlb_520359279edr_f0550940ncam07753m1,test_msl,ALL,pixel_acc,0.9570858854733146,0,0,52407
segformer__pretrained__mit-b2__in_rover__seed1416__gpu_full__0292c93e__git3e52372c__codebebd8b2d__20260717T012339903058Z,msl_ncam_nlb_520359279edr_f0550940ncam07753m1,test_msl,ALL,boundary_f1,0.4879534021710352,0,0,52407
segformer__pretrained__mit-b2__in_rover__seed1416__gpu_full__0292c93e__git3e52372c__codebebd8b2d__20260717T012339903058Z,msl_ncam_nlb_520359399edr_f0550940ncam07753m1,test_msl,soil,iou,,0,0,6638
segformer__pretrained__mit-b2__in_rover__seed1416__gpu_full__0292c93e__git3e52372c__codebebd8b2d__20260717T012339903058Z,msl_ncam_nlb_520359399edr_f0550940ncam07753m1,test_msl,bedrock,iou,1.0,6638,6638,6638
segformer__pretrained__mit-b2__in_rover__seed1416__gpu_full__0292c93e__git3e52372c__codebebd8b2d__20260717T012339903058Z,msl_ncam_nlb_520359399edr_f0550940ncam07753m1,test_msl,sand,iou,,0,0,6638
segformer__pretrained__mit-b2__in_rover__seed1416__gpu_full__0292c93e__git3e52372c__codebebd8b2d__20260717T012339903058Z,msl_ncam_nlb_520359399edr_f0550940ncam07753m1,test_msl,big_rock,iou,,0,0,6638
segformer__pretrained__mit-b2__in_rover__seed1416__gpu_full__0292c93e__git3e52372c__codebebd8b2d__20260717T012339903058Z,msl_ncam_nlb_520359399edr_f0550940ncam07753m1,test_msl,ALL,pixel_acc,1.0,0,0,6638
segformer__pretrained__mit-b2__in_rover__seed1416__gpu_full__0292c93e__git3e52372c__codebebd8b2d__20260717T012339903058Z,msl_ncam_nlb_520359399edr_f0550940ncam07753m1,test_msl,ALL,boundary_f1,1.0,0,0,6638
segformer__pretrained__mit-b2__in_rover__seed1416__gpu_full__0292c93e__git3e52372c__codebebd8b2d__20260717T012339903058Z,msl_ncam_nlb_525148881edr_f0570774ncam00353m1,test_msl,soil,iou,,0,0,0
segformer__pretrained__mit-b2__in_rover__seed1416__gpu_full__0292c93e__git3e52372c__codebebd8b2d__20260717T012339903058Z,msl_ncam_nlb_525148881edr_f0570774ncam00353m1,test_msl,bedrock,iou,,0,0,0
segformer__pretrained__mit-b2__in_rover__seed1416__gpu_full__0292c93e__git3e52372c__codebebd8b2d__20260717T012339903058Z,msl_ncam_nlb_525148881edr_f0570774ncam00353m1,test_msl,sand,iou,,0,0,0
segformer__pretrained__mit-b2__in_rover__seed1416__gpu_full__0292c93e__git3e52372c__codebebd8b2d__20260717T012339903058Z,msl_ncam_nlb_525148881edr_f0570774ncam00353m1,test_msl,big_rock,iou,,0,0,0
segformer__pretrained__mit-b2__in_rover__seed1416__gpu_full__0292c93e__git3e52372c__codebebd8b2d__20260717T012339903058Z,msl_ncam_nlb_525148881edr_f0570774ncam00353m1,test_msl,ALL,pixel_acc,,0,0,0
segformer__pretrained__mit-b2__in_rover__seed1416__gpu_full__0292c93e__git3e52372c__codebebd8b2d__20260717T012339903058Z,msl_ncam_nlb_525148881edr_f0570774ncam00353m1,test_msl,ALL,boundary_f1,,0,0,0
segformer__pretrained__mit-b2__in_rover__seed1416__gpu_full__0292c93e__git3e52372c__codebebd8b2d__20260717T012339903058Z,msl_ncam_nlb_525149027edr_f0570774ncam00287m1,test_msl,soil,iou,,0,0,57576
segformer__pretrained__mit-b2__in_rover__seed1416__gpu_full__0292c93e__git3e52372c__codebebd8b2d__20260717T012339903058Z,msl_ncam_nlb_525149027edr_f0570774ncam00287m1,test_msl,bedrock,iou,1.0,57576,57576,57576
segformer__pretrained__mit-b2__in_rover__seed1416__gpu_full__0292c93e__git3e52372c__codebebd8b2d__20260717T012339903058Z,msl_ncam_nlb_525149027edr_f0570774ncam00287m1,test_msl,sand,iou,,0,0,57576
segformer__pretrained__mit-b2__in_rover__seed1416__gpu_full__0292c93e__git3e52372c__codebebd8b2d__20260717T012339903058Z,msl_ncam_nlb_525149027edr_f0570774ncam00287m1,test_msl,big_rock,iou,,0,0,57576
segformer__pretrained__mit-b2__in_rover__seed1416__gpu_full__0292c93e__git3e52372c__codebebd8b2d__20260717T012339903058Z,msl_ncam_nlb_525149027edr_f0570774ncam00287m1,test_msl,ALL,pixel_acc,1.0,0,0,57576
segformer__pretrained__mit-b2__in_rover__seed1416__gpu_full__0292c93e__git3e52372c__codebebd8b2d__20260717T012339903058Z,msl_ncam_nlb_525149027edr_f0570774ncam00287m1,test_msl,ALL,boundary_f1,1.0,0,0,57576
segformer__pretrained__mit-b2__in_rover__seed1416__gpu_full__0292c93e__git3e52372c__codebebd8b2d__20260717T012339903058Z,msl_ncam_nlb_525149336edr_f0570774ncam00654m1,test_msl,soil,iou,,0,0,38978
segformer__pretrained__mit-b2__in_rover__seed1416__gpu_full__0292c93e__git3e52372c__codebebd8b2d__20260717T012339903058Z,msl_ncam_nlb_525149336edr_f0570774ncam00654m1,test_msl,bedrock,iou,1.0,38978,38978,38978
segformer__pretrained__mit-b2__in_rover__seed1416__gpu_full__0292c93e__git3e52372c__codebebd8b2d__20260717T012339903058Z,msl_ncam_nlb_525149336edr_f0570774ncam00654m1,test_msl,sand,iou,,0,0,38978
segformer__pretrained__mit-b2__in_rover__seed1416__gpu_full__0292c93e__git3e52372c__codebebd8b2d__20260717T012339903058Z,msl_ncam_nlb_525149336edr_f0570774ncam00654m1,test_msl,big_rock,iou,,0,0,38978
segformer__pretrained__mit-b2__in_rover__seed1416__gpu_full__0292c93e__git3e52372c__codebebd8b2d__20260717T012339903058Z,msl_ncam_nlb_525149336edr_f0570774ncam00654m1,test_msl,ALL,pixel_acc,1.0,0,0,38978
segformer__pretrained__mit-b2__in_rover__seed1416__gpu_full__0292c93e__git3e52372c__codebebd8b2d__20260717T012339903058Z,msl_ncam_nlb_525149336edr_f0570774ncam00654m1,test_msl,ALL,boundary_f1,1.0,0,0,38978
segformer__pretrained__mit-b2__in_rover__seed1416__gpu_full__0292c93e__git3e52372c__codebebd8b2d__20260717T012339903058Z,msl_ncam_nlb_525149367edr_f0570774ncam00654m1,test_msl,soil,iou,,0,0,62531
segformer__pretrained__mit-b2__in_rover__seed1416__gpu_full__0292c93e__git3e52372c__codebebd8b2d__20260717T012339903058Z,msl_ncam_nlb_525149367edr_f0570774ncam00654m1,test_msl,bedrock,iou,0.9438358574147223,59019,62531,62531
segformer__pretrained__mit-b2__in_rover__seed1416__gpu_full__0292c93e__git3e52372c__codebebd8b2d__20260717T012339903058Z,msl_ncam_nlb_525149367edr_f0570774ncam00654m1,test_msl,sand,iou,0.0,0,3512,62531
segformer__pretrained__mit-b2__in_rover__seed1416__gpu_full__0292c93e__git3e52372c__codebebd8b2d__20260717T012339903058Z,msl_ncam_nlb_525149367edr_f0570774ncam00654m1,test_msl,big_rock,iou,,0,0,62531
segformer__pretrained__mit-b2__in_rover__seed1416__gpu_full__0292c93e__git3e52372c__codebebd8b2d__20260717T012339903058Z,msl_ncam_nlb_525149367edr_f0570774ncam00654m1,test_msl,ALL,pixel_acc,0.9438358574147223,0,0,62531
segformer__pretrained__mit-b2__in_rover__seed1416__gpu_full__0292c93e__git3e52372c__codebebd8b2d__20260717T012339903058Z,msl_ncam_nlb_525149367edr_f0570774ncam00654m1,test_msl,ALL,boundary_f1,0.47517624118794066,0,0,62531
segformer__pretrained__mit-b2__in_rover__seed1416__gpu_full__0292c93e__git3e52372c__codebebd8b2d__20260717T012339903058Z,msl_ncam_nlb_525149424edr_f0570774ncam00654m1,test_msl,soil,iou,,0,0,56706
segformer__pretrained__mit-b2__in_rover__seed1416__gpu_full__0292c93e__git3e52372c__codebebd8b2d__20260717T012339903058Z,msl_ncam_nlb_525149424edr_f0570774ncam00654m1,test_msl,bedrock,iou,0.9300765241359301,51290,55146,56706
segformer__pretrained__mit-b2__in_rover__seed1416__gpu_full__0292c93e__git3e52372c__codebebd8b2d__20260717T012339903058Z,msl_ncam_nlb_525149424edr_f0570774ncam00654m1,test_msl,sand,iou,0.2880354505169867,1560,5416,56706
segformer__pretrained__mit-b2__in_rover__seed1416__gpu_full__0292c93e__git3e52372c__codebebd8b2d__20260717T012339903058Z,msl_ncam_nlb_525149424edr_f0570774ncam00654m1,test_msl,big_rock,iou,,0,0,56706
segformer__pretrained__mit-b2__in_rover__seed1416__gpu_full__0292c93e__git3e52372c__codebebd8b2d__20260717T012339903058Z,msl_ncam_nlb_525149424edr_f0570774ncam00654m1,test_msl,ALL,pixel_acc,0.9320001410785455,0,0,56706
segformer__pretrained__mit-b2__in_rover__seed1416__gpu_full__0292c93e__git3e52372c__codebebd8b2d__20260717T012339903058Z,msl_ncam_nlb_525149424edr_f0570774ncam00654m1,test_msl,ALL,boundary_f1,0.7047208997540831,0,0,56706
segformer__pretrained__mit-b2__in_rover__seed1416__gpu_full__0292c93e__git3e52372c__codebebd8b2d__20260717T012339903058Z,msl_ncam_nlb_525149485edr_f0570774ncam07753m1,test_msl,soil,iou,,0,0,26086
segformer__pretrained__mit-b2__in_rover__seed1416__gpu_full__0292c93e__git3e52372c__codebebd8b2d__20260717T012339903058Z,msl_ncam_nlb_525149485edr_f0570774ncam07753m1,test_msl,bedrock,iou,0.8669017863988346,22614,26086,26086
segformer__pretrained__mit-b2__in_rover__seed1416__gpu_full__0292c93e__git3e52372c__codebebd8b2d__20260717T012339903058Z,msl_ncam_nlb_525149485edr_f0570774ncam07753m1,test_msl,sand,iou,0.0,0,3472,26086
segformer__pretrained__mit-b2__in_rover__seed1416__gpu_full__0292c93e__git3e52372c__codebebd8b2d__20260717T012339903058Z,msl_ncam_nlb_525149485edr_f0570774ncam07753m1,test_msl,big_rock,iou,,0,0,26086
segformer__pretrained__mit-b2__in_rover__seed1416__gpu_full__0292c93e__git3e52372c__codebebd8b2d__20260717T012339903058Z,msl_ncam_nlb_525149485edr_f0570774ncam07753m1,test_msl,ALL,pixel_acc,0.8669017863988346,0,0,26086
segformer__pretrained__mit-b2__in_rover__seed1416__gpu_full__0292c93e__git3e52372c__codebebd8b2d__20260717T012339903058Z,msl_ncam_nlb_525149485edr_f0570774ncam07753m1,test_msl,ALL,boundary_f1,0.473028306925405,0,0,26086
segformer__pretrained__mit-b2__in_rover__seed1416__gpu_full__0292c93e__git3e52372c__codebebd8b2d__20260717T012339903058Z,msl_ncam_nlb_525149600edr_f0570774ncam07753m1,test_msl,soil,iou,,0,0,0
segformer__pretrained__mit-b2__in_rover__seed1416__gpu_full__0292c93e__git3e52372c__codebebd8b2d__20260717T012339903058Z,msl_ncam_nlb_525149600edr_f0570774ncam07753m1,test_msl,bedrock,iou,,0,0,0
segformer__pretrained__mit-b2__in_rover__seed1416__gpu_full__0292c93e__git3e52372c__codebebd8b2d__20260717T012339903058Z,msl_ncam_nlb_525149600edr_f0570774ncam07753m1,test_msl,sand,iou,,0,0,0
segformer__pretrained__mit-b2__in_rover__seed1416__gpu_full__0292c93e__git3e52372c__codebebd8b2d__20260717T012339903058Z,msl_ncam_nlb_525149600edr_f0570774ncam07753m1,test_msl,big_rock,iou,,0,0,0
segformer__pretrained__mit-b2__in_rover__seed1416__gpu_full__0292c93e__git3e52372c__codebebd8b2d__20260717T012339903058Z,msl_ncam_nlb_525149600edr_f0570774ncam07753m1,test_msl,ALL,pixel_acc,,0,0,0
segformer__pretrained__mit-b2__in_rover__seed1416__gpu_full__0292c93e__git3e52372c__codebebd8b2d__20260717T012339903058Z,msl_ncam_nlb_525149600edr_f0570774ncam07753m1,test_msl,ALL,boundary_f1,,0,0,0
segformer__pretrained__mit-b2__in_rover__seed1416__gpu_full__0292c93e__git3e52372c__codebebd8b2d__20260717T012339903058Z,msl_ncam_nlb_525149717edr_f0570774ncam07753m1,test_msl,soil,iou,,0,0,41397
segformer__pretrained__mit-b2__in_rover__seed1416__gpu_full__0292c93e__git3e52372c__codebebd8b2d__20260717T012339903058Z,msl_ncam_nlb_525149717edr_f0570774ncam07753m1,test_msl,bedrock,iou,0.952218759813513,39419,41397,41397
segformer__pretrained__mit-b2__in_rover__seed1416__gpu_full__0292c93e__git3e52372c__codebebd8b2d__20260717T012339903058Z,msl_ncam_nlb_525149717edr_f0570774ncam07753m1,test_msl,sand,iou,0.0,0,1978,41397
segformer__pretrained__mit-b2__in_rover__seed1416__gpu_full__0292c93e__git3e52372c__codebebd8b2d__20260717T012339903058Z,msl_ncam_nlb_525149717edr_f0570774ncam07753m1,test_msl,big_rock,iou,,0,0,41397
segformer__pretrained__mit-b2__in_rover__seed1416__gpu_full__0292c93e__git3e52372c__codebebd8b2d__20260717T012339903058Z,msl_ncam_nlb_525149717edr_f0570774ncam07753m1,test_msl,ALL,pixel_acc,0.952218759813513,0,0,41397
segformer__pretrained__mit-b2__in_rover__seed1416__gpu_full__0292c93e__git3e52372c__codebebd8b2d__20260717T012339903058Z,msl_ncam_nlb_525149717edr_f0570774ncam07753m1,test_msl,ALL,boundary_f1,0.49305507566857854,0,0,41397
segformer__pretrained__mit-b2__in_rover__seed1416__gpu_full__0292c93e__git3e52372c__codebebd8b2d__20260717T012339903058Z,msl_ncam_nlb_527820640edr_f0580000ncam00253m1,test_msl,soil,iou,,0,0,92147
segformer__pretrained__mit-b2__in_rover__seed1416__gpu_full__0292c93e__git3e52372c__codebebd8b2d__20260717T012339903058Z,msl_ncam_nlb_527820640edr_f0580000ncam00253m1,test_msl,bedrock,iou,0.9586747262526181,88339,92147,92147
segformer__pretrained__mit-b2__in_rover__seed1416__gpu_full__0292c93e__git3e52372c__codebebd8b2d__20260717T012339903058Z,msl_ncam_nlb_527820640edr_f0580000ncam00253m1,test_msl,sand,iou,0.0,0,3808,92147
segformer__pretrained__mit-b2__in_rover__seed1416__gpu_full__0292c93e__git3e52372c__codebebd8b2d__20260717T012339903058Z,msl_ncam_nlb_527820640edr_f0580000ncam00253m1,test_msl,big_rock,iou,,0,0,92147
segformer__pretrained__mit-b2__in_rover__seed1416__gpu_full__0292c93e__git3e52372c__codebebd8b2d__20260717T012339903058Z,msl_ncam_nlb_527820640edr_f0580000ncam00253m1,test_msl,ALL,pixel_acc,0.9586747262526181,0,0,92147
segformer__pretrained__mit-b2__in_rover__seed1416__gpu_full__0292c93e__git3e52372c__codebebd8b2d__20260717T012339903058Z,msl_ncam_nlb_527820640edr_f0580000ncam00253m1,test_msl,ALL,boundary_f1,0.4814001060686416,0,0,92147
segformer__pretrained__mit-b2__in_rover__seed1416__gpu_full__0292c93e__git3e52372c__codebebd8b2d__20260717T012339903058Z,msl_ncam_nlb_527820910edr_f0580000ncam00654m1,test_msl,soil,iou,,0,0,42689
segformer__pretrained__mit-b2__in_rover__seed1416__gpu_full__0292c93e__git3e52372c__codebebd8b2d__20260717T012339903058Z,msl_ncam_nlb_527820910edr_f0580000ncam00654m1,test_msl,bedrock,iou,0.8956197845985043,31018,34633,42689
segformer__pretrained__mit-b2__in_rover__seed1416__gpu_full__0292c93e__git3e52372c__codebebd8b2d__20260717T012339903058Z,msl_ncam_nlb_527820910edr_f0580000ncam00654m1,test_msl,sand,iou,0.6902579042070088,8056,11671,42689
segformer__pretrained__mit-b2__in_rover__seed1416__gpu_full__0292c93e__git3e52372c__codebebd8b2d__20260717T012339903058Z,msl_ncam_nlb_527820910edr_f0580000ncam00654m1,test_msl,big_rock,iou,,0,0,42689
segformer__pretrained__mit-b2__in_rover__seed1416__gpu_full__0292c93e__git3e52372c__codebebd8b2d__20260717T012339903058Z,msl_ncam_nlb_527820910edr_f0580000ncam00654m1,test_msl,ALL,pixel_acc,0.9153177633582422,0,0,42689
segformer__pretrained__mit-b2__in_rover__seed1416__gpu_full__0292c93e__git3e52372c__codebebd8b2d__20260717T012339903058Z,msl_ncam_nlb_527820910edr_f0580000ncam00654m1,test_msl,ALL,boundary_f1,0.7855220050254992,0,0,42689
segformer__pretrained__mit-b2__in_rover__seed1416__gpu_full__0292c93e__git3e52372c__codebebd8b2d__20260717T012339903058Z,msl_ncam_nlb_527820942edr_f0580000ncam00654m1,test_msl,soil,iou,,0,0,75399
segformer__pretrained__mit-b2__in_rover__seed1416__gpu_full__0292c93e__git3e52372c__codebebd8b2d__20260717T012339903058Z,msl_ncam_nlb_527820942edr_f0580000ncam00654m1,test_msl,bedrock,iou,0.6567478296454357,44936,68422,75399
segformer__pretrained__mit-b2__in_rover__seed1416__gpu_full__0292c93e__git3e52372c__codebebd8b2d__20260717T012339903058Z,msl_ncam_nlb_527820942edr_f0580000ncam00654m1,test_msl,sand,iou,0.2290319403866986,6977,30463,75399
segformer__pretrained__mit-b2__in_rover__seed1416__gpu_full__0292c93e__git3e52372c__codebebd8b2d__20260717T012339903058Z,msl_ncam_nlb_527820942edr_f0580000ncam00654m1,test_msl,big_rock,iou,,0,0,75399
segformer__pretrained__mit-b2__in_rover__seed1416__gpu_full__0292c93e__git3e52372c__codebebd8b2d__20260717T012339903058Z,msl_ncam_nlb_527820942edr_f0580000ncam00654m1,test_msl,ALL,pixel_acc,0.6885104576983779,0,0,75399
segformer__pretrained__mit-b2__in_rover__seed1416__gpu_full__0292c93e__git3e52372c__codebebd8b2d__20260717T012339903058Z,msl_ncam_nlb_527820942edr_f0580000ncam00654m1,test_msl,ALL,boundary_f1,0.4444901382147017,0,0,75399
segformer__pretrained__mit-b2__in_rover__seed1416__gpu_full__0292c93e__git3e52372c__codebebd8b2d__20260717T012339903058Z,msl_ncam_nlb_527821074edr_f0580000ncam07753m1,test_msl,soil,iou,,0,0,3982
segformer__pretrained__mit-b2__in_rover__seed1416__gpu_full__0292c93e__git3e52372c__codebebd8b2d__20260717T012339903058Z,msl_ncam_nlb_527821074edr_f0580000ncam07753m1,test_msl,bedrock,iou,0.0,0,3982,3982
segformer__pretrained__mit-b2__in_rover__seed1416__gpu_full__0292c93e__git3e52372c__codebebd8b2d__20260717T012339903058Z,msl_ncam_nlb_527821074edr_f0580000ncam07753m1,test_msl,sand,iou,0.0,0,3982,3982
segformer__pretrained__mit-b2__in_rover__seed1416__gpu_full__0292c93e__git3e52372c__codebebd8b2d__20260717T012339903058Z,msl_ncam_nlb_527821074edr_f0580000ncam07753m1,test_msl,big_rock,iou,,0,0,3982
segformer__pretrained__mit-b2__in_rover__seed1416__gpu_full__0292c93e__git3e52372c__codebebd8b2d__20260717T012339903058Z,msl_ncam_nlb_527821074edr_f0580000ncam07753m1,test_msl,ALL,pixel_acc,0.0,0,0,3982
segformer__pretrained__mit-b2__in_rover__seed1416__gpu_full__0292c93e__git3e52372c__codebebd8b2d__20260717T012339903058Z,msl_ncam_nlb_527821074edr_f0580000ncam07753m1,test_msl,ALL,boundary_f1,0.0,0,0,3982
segformer__pretrained__mit-b2__in_rover__seed1416__gpu_full__0292c93e__git3e52372c__codebebd8b2d__20260717T012339903058Z,msl_ncam_nlb_527821213edr_f0580000ncam07753m1,test_msl,soil,iou,,0,0,13830
segformer__pretrained__mit-b2__in_rover__seed1416__gpu_full__0292c93e__git3e52372c__codebebd8b2d__20260717T012339903058Z,msl_ncam_nlb_527821213edr_f0580000ncam07753m1,test_msl,bedrock,iou,0.9446131597975416,13064,13830,13830
segformer__pretrained__mit-b2__in_rover__seed1416__gpu_full__0292c93e__git3e52372c__codebebd8b2d__20260717T012339903058Z,msl_ncam_nlb_527821213edr_f0580000ncam07753m1,test_msl,sand,iou,0.0,0,766,13830
segformer__pretrained__mit-b2__in_rover__seed1416__gpu_full__0292c93e__git3e52372c__codebebd8b2d__20260717T012339903058Z,msl_ncam_nlb_527821213edr_f0580000ncam07753m1,test_msl,big_rock,iou,,0,0,13830
segformer__pretrained__mit-b2__in_rover__seed1416__gpu_full__0292c93e__git3e52372c__codebebd8b2d__20260717T012339903058Z,msl_ncam_nlb_527821213edr_f0580000ncam07753m1,test_msl,ALL,pixel_acc,0.9446131597975416,0,0,13830
segformer__pretrained__mit-b2__in_rover__seed1416__gpu_full__0292c93e__git3e52372c__codebebd8b2d__20260717T012339903058Z,msl_ncam_nlb_527821213edr_f0580000ncam07753m1,test_msl,ALL,boundary_f1,0.4875061244487996,0,0,13830
segformer__pretrained__mit-b2__in_rover__seed1416__gpu_full__0292c93e__git3e52372c__codebebd8b2d__20260717T012339903058Z,msl_ncam_nlb_527821275edr_f0580000ncam07753m1,test_msl,soil,iou,,0,0,18660
segformer__pretrained__mit-b2__in_rover__seed1416__gpu_full__0292c93e__git3e52372c__codebebd8b2d__20260717T012339903058Z,msl_ncam_nlb_527821275edr_f0580000ncam07753m1,test_msl,bedrock,iou,1.0,18660,18660,18660
segformer__pretrained__mit-b2__in_rover__seed1416__gpu_full__0292c93e__git3e52372c__codebebd8b2d__20260717T012339903058Z,msl_ncam_nlb_527821275edr_f0580000ncam07753m1,test_msl,sand,iou,,0,0,18660
segformer__pretrained__mit-b2__in_rover__seed1416__gpu_full__0292c93e__git3e52372c__codebebd8b2d__20260717T012339903058Z,msl_ncam_nlb_527821275edr_f0580000ncam07753m1,test_msl,big_rock,iou,,0,0,18660
segformer__pretrained__mit-b2__in_rover__seed1416__gpu_full__0292c93e__git3e52372c__codebebd8b2d__20260717T012339903058Z,msl_ncam_nlb_527821275edr_f0580000ncam07753m1,test_msl,ALL,pixel_acc,1.0,0,0,18660
segformer__pretrained__mit-b2__in_rover__seed1416__gpu_full__0292c93e__git3e52372c__codebebd8b2d__20260717T012339903058Z,msl_ncam_nlb_527821275edr_f0580000ncam07753m1,test_msl,ALL,boundary_f1,1.0,0,0,18660
segformer__pretrained__mit-b2__in_rover__seed1416__gpu_full__0292c93e__git3e52372c__codebebd8b2d__20260717T012339903058Z,msl_ncam_nlb_528875763edr_f0581002ncam00207m1,test_msl,soil,iou,,0,0,55308
segformer__pretrained__mit-b2__in_rover__seed1416__gpu_full__0292c93e__git3e52372c__codebebd8b2d__20260717T012339903058Z,msl_ncam_nlb_528875763edr_f0581002ncam00207m1,test_msl,bedrock,iou,0.9149851739350546,50606,55308,55308
segformer__pretrained__mit-b2__in_rover__seed1416__gpu_full__0292c93e__git3e52372c__codebebd8b2d__20260717T012339903058Z,msl_ncam_nlb_528875763edr_f0581002ncam00207m1,test_msl,sand,iou,0.0,0,4702,55308
segformer__pretrained__mit-b2__in_rover__seed1416__gpu_full__0292c93e__git3e52372c__codebebd8b2d__20260717T012339903058Z,msl_ncam_nlb_528875763edr_f0581002ncam00207m1,test_msl,big_rock,iou,,0,0,55308
segformer__pretrained__mit-b2__in_rover__seed1416__gpu_full__0292c93e__git3e52372c__codebebd8b2d__20260717T012339903058Z,msl_ncam_nlb_528875763edr_f0581002ncam00207m1,test_msl,ALL,pixel_acc,0.9149851739350546,0,0,55308
segformer__pretrained__mit-b2__in_rover__seed1416__gpu_full__0292c93e__git3e52372c__codebebd8b2d__20260717T012339903058Z,msl_ncam_nlb_528875763edr_f0581002ncam00207m1,test_msl,ALL,boundary_f1,0.4767648552564754,0,0,55308
segformer__pretrained__mit-b2__in_rover__seed1416__gpu_full__0292c93e__git3e52372c__codebebd8b2d__20260717T012339903058Z,msl_ncam_nlb_528892751edr_f0581248ncam00346m1,test_msl,soil,iou,0.0,0,1554,25025
segformer__pretrained__mit-b2__in_rover__seed1416__gpu_full__0292c93e__git3e52372c__codebebd8b2d__20260717T012339903058Z,msl_ncam_nlb_528892751edr_f0581248ncam00346m1,test_msl,bedrock,iou,0.8542657342657343,21378,25025,25025
segformer__pretrained__mit-b2__in_rover__seed1416__gpu_full__0292c93e__git3e52372c__codebebd8b2d__20260717T012339903058Z,msl_ncam_nlb_528892751edr_f0581248ncam00346m1,test_msl,sand,iou,0.0,0,2093,25025
segformer__pretrained__mit-b2__in_rover__seed1416__gpu_full__0292c93e__git3e52372c__codebebd8b2d__20260717T012339903058Z,msl_ncam_nlb_528892751edr_f0581248ncam00346m1,test_msl,big_rock,iou,,0,0,25025
segformer__pretrained__mit-b2__in_rover__seed1416__gpu_full__0292c93e__git3e52372c__codebebd8b2d__20260717T012339903058Z,msl_ncam_nlb_528892751edr_f0581248ncam00346m1,test_msl,ALL,pixel_acc,0.8542657342657343,0,0,25025
segformer__pretrained__mit-b2__in_rover__seed1416__gpu_full__0292c93e__git3e52372c__codebebd8b2d__20260717T012339903058Z,msl_ncam_nlb_528892751edr_f0581248ncam00346m1,test_msl,ALL,boundary_f1,0.3006399554813578,0,0,25025
segformer__pretrained__mit-b2__in_rover__seed1416__gpu_full__0292c93e__git3e52372c__codebebd8b2d__20260717T012339903058Z,msl_ncam_nlb_528892900edr_f0581248ncam00262m1,test_msl,soil,iou,,0,0,58755
segformer__pretrained__mit-b2__in_rover__seed1416__gpu_full__0292c93e__git3e52372c__codebebd8b2d__20260717T012339903058Z,msl_ncam_nlb_528892900edr_f0581248ncam00262m1,test_msl,bedrock,iou,1.0,58755,58755,58755
segformer__pretrained__mit-b2__in_rover__seed1416__gpu_full__0292c93e__git3e52372c__codebebd8b2d__20260717T012339903058Z,msl_ncam_nlb_528892900edr_f0581248ncam00262m1,test_msl,sand,iou,,0,0,58755
segformer__pretrained__mit-b2__in_rover__seed1416__gpu_full__0292c93e__git3e52372c__codebebd8b2d__20260717T012339903058Z,msl_ncam_nlb_528892900edr_f0581248ncam00262m1,test_msl,big_rock,iou,,0,0,58755
segformer__pretrained__mit-b2__in_rover__seed1416__gpu_full__0292c93e__git3e52372c__codebebd8b2d__20260717T012339903058Z,msl_ncam_nlb_528892900edr_f0581248ncam00262m1,test_msl,ALL,pixel_acc,1.0,0,0,58755
segformer__pretrained__mit-b2__in_rover__seed1416__gpu_full__0292c93e__git3e52372c__codebebd8b2d__20260717T012339903058Z,msl_ncam_nlb_528892900edr_f0581248ncam00262m1,test_msl,ALL,boundary_f1,1.0,0,0,58755
segformer__pretrained__mit-b2__in_rover__seed1416__gpu_full__0292c93e__git3e52372c__codebebd8b2d__20260717T012339903058Z,msl_ncam_nlb_528893088edr_f0581248ncam07753m1,test_msl,soil,iou,,0,0,35879
segformer__pretrained__mit-b2__in_rover__seed1416__gpu_full__0292c93e__git3e52372c__codebebd8b2d__20260717T012339903058Z,msl_ncam_nlb_528893088edr_f0581248ncam07753m1,test_msl,bedrock,iou,1.0,35879,35879,35879
segformer__pretrained__mit-b2__in_rover__seed1416__gpu_full__0292c93e__git3e52372c__codebebd8b2d__20260717T012339903058Z,msl_ncam_nlb_528893088edr_f0581248ncam07753m1,test_msl,sand,iou,,0,0,35879
segformer__pretrained__mit-b2__in_rover__seed1416__gpu_full__0292c93e__git3e52372c__codebebd8b2d__20260717T012339903058Z,msl_ncam_nlb_528893088edr_f0581248ncam07753m1,test_msl,big_rock,iou,,0,0,35879
segformer__pretrained__mit-b2__in_rover__seed1416__gpu_full__0292c93e__git3e52372c__codebebd8b2d__20260717T012339903058Z,msl_ncam_nlb_528893088edr_f0581248ncam07753m1,test_msl,ALL,pixel_acc,1.0,0,0,35879
segformer__pretrained__mit-b2__in_rover__seed1416__gpu_full__0292c93e__git3e52372c__codebebd8b2d__20260717T012339903058Z,msl_ncam_nlb_528893088edr_f0581248ncam07753m1,test_msl,ALL,boundary_f1,1.0,0,0,35879
segformer__pretrained__mit-b2__in_rover__seed1416__gpu_full__0292c93e__git3e52372c__codebebd8b2d__20260717T012339903058Z,msl_ncam_nlb_528893506edr_f0581248ncam00654m1,test_msl,soil,iou,0.5749257799192096,11813,20547,66249
segformer__pretrained__mit-b2__in_rover__seed1416__gpu_full__0292c93e__git3e52372c__codebebd8b2d__20260717T012339903058Z,msl_ncam_nlb_528893506edr_f0581248ncam00654m1,test_msl,bedrock,iou,0.7976717112922003,37686,47245,66249
segformer__pretrained__mit-b2__in_rover__seed1416__gpu_full__0292c93e__git3e52372c__codebebd8b2d__20260717T012339903058Z,msl_ncam_nlb_528893506edr_f0581248ncam00654m1,test_msl,sand,iou,0.7941245870693724,6731,8476,66249
segformer__pretrained__mit-b2__in_rover__seed1416__gpu_full__0292c93e__git3e52372c__codebebd8b2d__20260717T012339903058Z,msl_ncam_nlb_528893506edr_f0581248ncam00654m1,test_msl,big_rock,iou,,0,0,66249
segformer__pretrained__mit-b2__in_rover__seed1416__gpu_full__0292c93e__git3e52372c__codebebd8b2d__20260717T012339903058Z,msl_ncam_nlb_528893506edr_f0581248ncam00654m1,test_msl,ALL,pixel_acc,0.848767528566469,0,0,66249
segformer__pretrained__mit-b2__in_rover__seed1416__gpu_full__0292c93e__git3e52372c__codebebd8b2d__20260717T012339903058Z,msl_ncam_nlb_528893506edr_f0581248ncam00654m1,test_msl,ALL,boundary_f1,0.6229698494603083,0,0,66249
segformer__pretrained__mit-b2__in_rover__seed1416__gpu_full__0292c93e__git3e52372c__codebebd8b2d__20260717T012339903058Z,msl_ncam_nlb_528893540edr_f0581248ncam00654m1,test_msl,soil,iou,,0,0,0
segformer__pretrained__mit-b2__in_rover__seed1416__gpu_full__0292c93e__git3e52372c__codebebd8b2d__20260717T012339903058Z,msl_ncam_nlb_528893540edr_f0581248ncam00654m1,test_msl,bedrock,iou,,0,0,0
segformer__pretrained__mit-b2__in_rover__seed1416__gpu_full__0292c93e__git3e52372c__codebebd8b2d__20260717T012339903058Z,msl_ncam_nlb_528893540edr_f0581248ncam00654m1,test_msl,sand,iou,,0,0,0
segformer__pretrained__mit-b2__in_rover__seed1416__gpu_full__0292c93e__git3e52372c__codebebd8b2d__20260717T012339903058Z,msl_ncam_nlb_528893540edr_f0581248ncam00654m1,test_msl,big_rock,iou,,0,0,0
segformer__pretrained__mit-b2__in_rover__seed1416__gpu_full__0292c93e__git3e52372c__codebebd8b2d__20260717T012339903058Z,msl_ncam_nlb_528893540edr_f0581248ncam00654m1,test_msl,ALL,pixel_acc,,0,0,0
segformer__pretrained__mit-b2__in_rover__seed1416__gpu_full__0292c93e__git3e52372c__codebebd8b2d__20260717T012339903058Z,msl_ncam_nlb_528893540edr_f0581248ncam00654m1,test_msl,ALL,boundary_f1,,0,0,0
segformer__pretrained__mit-b2__in_rover__seed1416__gpu_full__0292c93e__git3e52372c__codebebd8b2d__20260717T012339903058Z,msl_ncam_nlb_528893599edr_f0581248ncam00654m1,test_msl,soil,iou,0.12789090909090908,3517,27500,81400
segformer__pretrained__mit-b2__in_rover__seed1416__gpu_full__0292c93e__git3e52372c__codebebd8b2d__20260717T012339903058Z,msl_ncam_nlb_528893599edr_f0581248ncam00654m1,test_msl,bedrock,iou,0.692063736630587,53900,77883,81400
segformer__pretrained__mit-b2__in_rover__seed1416__gpu_full__0292c93e__git3e52372c__codebebd8b2d__20260717T012339903058Z,msl_ncam_nlb_528893599edr_f0581248ncam00654m1,test_msl,sand,iou,,0,0,81400
segformer__pretrained__mit-b2__in_rover__seed1416__gpu_full__0292c93e__git3e52372c__codebebd8b2d__20260717T012339903058Z,msl_ncam_nlb_528893599edr_f0581248ncam00654m1,test_msl,big_rock,iou,,0,0,81400
segformer__pretrained__mit-b2__in_rover__seed1416__gpu_full__0292c93e__git3e52372c__codebebd8b2d__20260717T012339903058Z,msl_ncam_nlb_528893599edr_f0581248ncam00654m1,test_msl,ALL,pixel_acc,0.7053685503685504,0,0,81400
segformer__pretrained__mit-b2__in_rover__seed1416__gpu_full__0292c93e__git3e52372c__codebebd8b2d__20260717T012339903058Z,msl_ncam_nlb_528893599edr_f0581248ncam00654m1,test_msl,ALL,boundary_f1,0.38426612569650614,0,0,81400
segformer__pretrained__mit-b2__in_rover__seed1416__gpu_full__0292c93e__git3e52372c__codebebd8b2d__20260717T012339903058Z,msl_ncam_nlb_537932733edr_f0600888ncam00320m1,test_msl,soil,iou,,0,0,71764
segformer__pretrained__mit-b2__in_rover__seed1416__gpu_full__0292c93e__git3e52372c__codebebd8b2d__20260717T012339903058Z,msl_ncam_nlb_537932733edr_f0600888ncam00320m1,test_msl,bedrock,iou,0.8993432324386065,6299,7004,71764
segformer__pretrained__mit-b2__in_rover__seed1416__gpu_full__0292c93e__git3e52372c__codebebd8b2d__20260717T012339903058Z,msl_ncam_nlb_537932733edr_f0600888ncam00320m1,test_msl,sand,iou,0.989230886733369,64760,65465,71764
segformer__pretrained__mit-b2__in_rover__seed1416__gpu_full__0292c93e__git3e52372c__codebebd8b2d__20260717T012339903058Z,msl_ncam_nlb_537932733edr_f0600888ncam00320m1,test_msl,big_rock,iou,,0,0,71764
segformer__pretrained__mit-b2__in_rover__seed1416__gpu_full__0292c93e__git3e52372c__codebebd8b2d__20260717T012339903058Z,msl_ncam_nlb_537932733edr_f0600888ncam00320m1,test_msl,ALL,pixel_acc,0.9901761328799955,0,0,71764
segformer__pretrained__mit-b2__in_rover__seed1416__gpu_full__0292c93e__git3e52372c__codebebd8b2d__20260717T012339903058Z,msl_ncam_nlb_537932733edr_f0600888ncam00320m1,test_msl,ALL,boundary_f1,0.942221553674472,0,0,71764
segformer__pretrained__mit-b2__in_rover__seed1416__gpu_full__0292c93e__git3e52372c__codebebd8b2d__20260717T012339903058Z,msl_ncam_nlb_537938493edr_f0601266ncam00653m1,test_msl,soil,iou,,0,0,106876
segformer__pretrained__mit-b2__in_rover__seed1416__gpu_full__0292c93e__git3e52372c__codebebd8b2d__20260717T012339903058Z,msl_ncam_nlb_537938493edr_f0601266ncam00653m1,test_msl,bedrock,iou,0.999552546013185,33508,33523,106876
segformer__pretrained__mit-b2__in_rover__seed1416__gpu_full__0292c93e__git3e52372c__codebebd8b2d__20260717T012339903058Z,msl_ncam_nlb_537938493edr_f0601266ncam00653m1,test_msl,sand,iou,0.999795551193981,73353,73368,106876
segformer__pretrained__mit-b2__in_rover__seed1416__gpu_full__0292c93e__git3e52372c__codebebd8b2d__20260717T012339903058Z,msl_ncam_nlb_537938493edr_f0601266ncam00653m1,test_msl,big_rock,iou,,0,0,106876
segformer__pretrained__mit-b2__in_rover__seed1416__gpu_full__0292c93e__git3e52372c__codebebd8b2d__20260717T012339903058Z,msl_ncam_nlb_537938493edr_f0601266ncam00653m1,test_msl,ALL,pixel_acc,0.9998596504360193,0,0,106876
segformer__pretrained__mit-b2__in_rover__seed1416__gpu_full__0292c93e__git3e52372c__codebebd8b2d__20260717T012339903058Z,msl_ncam_nlb_537938493edr_f0601266ncam00653m1,test_msl,ALL,boundary_f1,0.9993358423732566,0,0,106876
segformer__pretrained__mit-b2__in_rover__seed1416__gpu_full__0292c93e__git3e52372c__codebebd8b2d__20260717T012339903058Z,msl_ncam_nlb_537938609edr_f0601266ncam07753m1,test_msl,soil,iou,,0,0,30134
segformer__pretrained__mit-b2__in_rover__seed1416__gpu_full__0292c93e__git3e52372c__codebebd8b2d__20260717T012339903058Z,msl_ncam_nlb_537938609edr_f0601266ncam07753m1,test_msl,bedrock,iou,0.6443524829600779,2647,4108,30134
segformer__pretrained__mit-b2__in_rover__seed1416__gpu_full__0292c93e__git3e52372c__codebebd8b2d__20260717T012339903058Z,msl_ncam_nlb_537938609edr_f0601266ncam07753m1,test_msl,sand,iou,0.9468476006839597,26026,27487,30134
segformer__pretrained__mit-b2__in_rover__seed1416__gpu_full__0292c93e__git3e52372c__codebebd8b2d__20260717T012339903058Z,msl_ncam_nlb_537938609edr_f0601266ncam07753m1,test_msl,big_rock,iou,,0,0,30134
segformer__pretrained__mit-b2__in_rover__seed1416__gpu_full__0292c93e__git3e52372c__codebebd8b2d__20260717T012339903058Z,msl_ncam_nlb_537938609edr_f0601266ncam07753m1,test_msl,ALL,pixel_acc,0.9515165593681556,0,0,30134
segformer__pretrained__mit-b2__in_rover__seed1416__gpu_full__0292c93e__git3e52372c__codebebd8b2d__20260717T012339903058Z,msl_ncam_nlb_537938609edr_f0601266ncam07753m1,test_msl,ALL,boundary_f1,0.8151726892384468,0,0,30134
segformer__pretrained__mit-b2__in_rover__seed1416__gpu_full__0292c93e__git3e52372c__codebebd8b2d__20260717T012339903058Z,msl_ncam_nlb_541040424edr_f0610954ncam00305m1,test_msl,soil,iou,,0,0,93717
segformer__pretrained__mit-b2__in_rover__seed1416__gpu_full__0292c93e__git3e52372c__codebebd8b2d__20260717T012339903058Z,msl_ncam_nlb_541040424edr_f0610954ncam00305m1,test_msl,bedrock,iou,0.9981201308678127,55219,55323,93717
segformer__pretrained__mit-b2__in_rover__seed1416__gpu_full__0292c93e__git3e52372c__codebebd8b2d__20260717T012339903058Z,msl_ncam_nlb_541040424edr_f0610954ncam00305m1,test_msl,sand,iou,0.9972985609642059,38394,38498,93717
segformer__pretrained__mit-b2__in_rover__seed1416__gpu_full__0292c93e__git3e52372c__codebebd8b2d__20260717T012339903058Z,msl_ncam_nlb_541040424edr_f0610954ncam00305m1,test_msl,big_rock,iou,,0,0,93717
segformer__pretrained__mit-b2__in_rover__seed1416__gpu_full__0292c93e__git3e52372c__codebebd8b2d__20260717T012339903058Z,msl_ncam_nlb_541040424edr_f0610954ncam00305m1,test_msl,ALL,pixel_acc,0.9988902760438341,0,0,93717
segformer__pretrained__mit-b2__in_rover__seed1416__gpu_full__0292c93e__git3e52372c__codebebd8b2d__20260717T012339903058Z,msl_ncam_nlb_541040424edr_f0610954ncam00305m1,test_msl,ALL,boundary_f1,0.987434966195167,0,0,93717
segformer__pretrained__mit-b2__in_rover__seed1416__gpu_full__0292c93e__git3e52372c__codebebd8b2d__20260717T012339903058Z,msl_ncam_nlb_541042107edr_f0611086ncam00385m1,test_msl,soil,iou,,0,0,164400
segformer__pretrained__mit-b2__in_rover__seed1416__gpu_full__0292c93e__git3e52372c__codebebd8b2d__20260717T012339903058Z,msl_ncam_nlb_541042107edr_f0611086ncam00385m1,test_msl,bedrock,iou,0.0,0,394,164400
segformer__pretrained__mit-b2__in_rover__seed1416__gpu_full__0292c93e__git3e52372c__codebebd8b2d__20260717T012339903058Z,msl_ncam_nlb_541042107edr_f0611086ncam00385m1,test_msl,sand,iou,0.9976034063260341,164006,164400,164400
segformer__pretrained__mit-b2__in_rover__seed1416__gpu_full__0292c93e__git3e52372c__codebebd8b2d__20260717T012339903058Z,msl_ncam_nlb_541042107edr_f0611086ncam00385m1,test_msl,big_rock,iou,,0,0,164400
segformer__pretrained__mit-b2__in_rover__seed1416__gpu_full__0292c93e__git3e52372c__codebebd8b2d__20260717T012339903058Z,msl_ncam_nlb_541042107edr_f0611086ncam00385m1,test_msl,ALL,pixel_acc,0.9976034063260341,0,0,164400
segformer__pretrained__mit-b2__in_rover__seed1416__gpu_full__0292c93e__git3e52372c__codebebd8b2d__20260717T012339903058Z,msl_ncam_nlb_541042107edr_f0611086ncam00385m1,test_msl,ALL,boundary_f1,0.49495439320667967,0,0,164400
segformer__pretrained__mit-b2__in_rover__seed1416__gpu_full__0292c93e__git3e52372c__codebebd8b2d__20260717T012339903058Z,msl_ncam_nlb_541043499edr_f0611140ncam00346m1,test_msl,soil,iou,,0,0,119351
segformer__pretrained__mit-b2__in_rover__seed1416__gpu_full__0292c93e__git3e52372c__codebebd8b2d__20260717T012339903058Z,msl_ncam_nlb_541043499edr_f0611140ncam00346m1,test_msl,bedrock,iou,,0,0,119351
segformer__pretrained__mit-b2__in_rover__seed1416__gpu_full__0292c93e__git3e52372c__codebebd8b2d__20260717T012339903058Z,msl_ncam_nlb_541043499edr_f0611140ncam00346m1,test_msl,sand,iou,1.0,119351,119351,119351
segformer__pretrained__mit-b2__in_rover__seed1416__gpu_full__0292c93e__git3e52372c__codebebd8b2d__20260717T012339903058Z,msl_ncam_nlb_541043499edr_f0611140ncam00346m1,test_msl,big_rock,iou,,0,0,119351
segformer__pretrained__mit-b2__in_rover__seed1416__gpu_full__0292c93e__git3e52372c__codebebd8b2d__20260717T012339903058Z,msl_ncam_nlb_541043499edr_f0611140ncam00346m1,test_msl,ALL,pixel_acc,1.0,0,0,119351
segformer__pretrained__mit-b2__in_rover__seed1416__gpu_full__0292c93e__git3e52372c__codebebd8b2d__20260717T012339903058Z,msl_ncam_nlb_541043499edr_f0611140ncam00346m1,test_msl,ALL,boundary_f1,1.0,0,0,119351
segformer__pretrained__mit-b2__in_rover__seed1416__gpu_full__0292c93e__git3e52372c__codebebd8b2d__20260717T012339903058Z,msl_ncam_nlb_541043637edr_f0611140ncam00653m1,test_msl,soil,iou,,0,0,147407
segformer__pretrained__mit-b2__in_rover__seed1416__gpu_full__0292c93e__git3e52372c__codebebd8b2d__20260717T012339903058Z,msl_ncam_nlb_541043637edr_f0611140ncam00653m1,test_msl,bedrock,iou,0.9063246246601253,38333,42295,147407
segformer__pretrained__mit-b2__in_rover__seed1416__gpu_full__0292c93e__git3e52372c__codebebd8b2d__20260717T012339903058Z,msl_ncam_nlb_541043637edr_f0611140ncam00653m1,test_msl,sand,iou,0.9636760364523168,105112,109074,147407
segformer__pretrained__mit-b2__in_rover__seed1416__gpu_full__0292c93e__git3e52372c__codebebd8b2d__20260717T012339903058Z,msl_ncam_nlb_541043637edr_f0611140ncam00653m1,test_msl,big_rock,iou,,0,0,147407
segformer__pretrained__mit-b2__in_rover__seed1416__gpu_full__0292c93e__git3e52372c__codebebd8b2d__20260717T012339903058Z,msl_ncam_nlb_541043637edr_f0611140ncam00653m1,test_msl,ALL,pixel_acc,0.9731220362669344,0,0,147407
segformer__pretrained__mit-b2__in_rover__seed1416__gpu_full__0292c93e__git3e52372c__codebebd8b2d__20260717T012339903058Z,msl_ncam_nlb_541043637edr_f0611140ncam00653m1,test_msl,ALL,boundary_f1,0.8440863402384297,0,0,147407
segformer__pretrained__mit-b2__in_rover__seed1416__gpu_full__0292c93e__git3e52372c__codebebd8b2d__20260717T012339903058Z,msl_ncam_nlb_541049254edr_f0611140ncam12753m1,test_msl,soil,iou,,0,0,12239
segformer__pretrained__mit-b2__in_rover__seed1416__gpu_full__0292c93e__git3e52372c__codebebd8b2d__20260717T012339903058Z,msl_ncam_nlb_541049254edr_f0611140ncam12753m1,test_msl,bedrock,iou,0.4139981701738335,905,2186,12239
segformer__pretrained__mit-b2__in_rover__seed1416__gpu_full__0292c93e__git3e52372c__codebebd8b2d__20260717T012339903058Z,msl_ncam_nlb_541049254edr_f0611140ncam12753m1,test_msl,sand,iou,0.8869772366331392,10053,11334,12239
segformer__pretrained__mit-b2__in_rover__seed1416__gpu_full__0292c93e__git3e52372c__codebebd8b2d__20260717T012339903058Z,msl_ncam_nlb_541049254edr_f0611140ncam12753m1,test_msl,big_rock,iou,,0,0,12239
segformer__pretrained__mit-b2__in_rover__seed1416__gpu_full__0292c93e__git3e52372c__codebebd8b2d__20260717T012339903058Z,msl_ncam_nlb_541049254edr_f0611140ncam12753m1,test_msl,ALL,pixel_acc,0.895334586159,0,0,12239
segformer__pretrained__mit-b2__in_rover__seed1416__gpu_full__0292c93e__git3e52372c__codebebd8b2d__20260717T012339903058Z,msl_ncam_nlb_541049254edr_f0611140ncam12753m1,test_msl,ALL,boundary_f1,0.7142956237135439,0,0,12239
segformer__pretrained__mit-b2__in_rover__seed1416__gpu_full__0292c93e__git3e52372c__codebebd8b2d__20260717T012339903058Z,msl_ncam_nlb_541049316edr_f0611140ncam12753m1,test_msl,soil,iou,,0,0,134046
segformer__pretrained__mit-b2__in_rover__seed1416__gpu_full__0292c93e__git3e52372c__codebebd8b2d__20260717T012339903058Z,msl_ncam_nlb_541049316edr_f0611140ncam12753m1,test_msl,bedrock,iou,,0,0,134046
segformer__pretrained__mit-b2__in_rover__seed1416__gpu_full__0292c93e__git3e52372c__codebebd8b2d__20260717T012339903058Z,msl_ncam_nlb_541049316edr_f0611140ncam12753m1,test_msl,sand,iou,1.0,134046,134046,134046
segformer__pretrained__mit-b2__in_rover__seed1416__gpu_full__0292c93e__git3e52372c__codebebd8b2d__20260717T012339903058Z,msl_ncam_nlb_541049316edr_f0611140ncam12753m1,test_msl,big_rock,iou,,0,0,134046
segformer__pretrained__mit-b2__in_rover__seed1416__gpu_full__0292c93e__git3e52372c__codebebd8b2d__20260717T012339903058Z,msl_ncam_nlb_541049316edr_f0611140ncam12753m1,test_msl,ALL,pixel_acc,1.0,0,0,134046
segformer__pretrained__mit-b2__in_rover__seed1416__gpu_full__0292c93e__git3e52372c__codebebd8b2d__20260717T012339903058Z,msl_ncam_nlb_541049316edr_f0611140ncam12753m1,test_msl,ALL,boundary_f1,1.0,0,0,134046
segformer__pretrained__mit-b2__in_rover__seed1416__gpu_full__0292c93e__git3e52372c__codebebd8b2d__20260717T012339903058Z,msl_ncam_nlb_542730497edr_f0612232ncam00282m1,test_msl,soil,iou,,0,0,112532
segformer__pretrained__mit-b2__in_rover__seed1416__gpu_full__0292c93e__git3e52372c__codebebd8b2d__20260717T012339903058Z,msl_ncam_nlb_542730497edr_f0612232ncam00282m1,test_msl,bedrock,iou,0.0,0,123,112532
segformer__pretrained__mit-b2__in_rover__seed1416__gpu_full__0292c93e__git3e52372c__codebebd8b2d__20260717T012339903058Z,msl_ncam_nlb_542730497edr_f0612232ncam00282m1,test_msl,sand,iou,0.9989069775708243,112409,112532,112532
segformer__pretrained__mit-b2__in_rover__seed1416__gpu_full__0292c93e__git3e52372c__codebebd8b2d__20260717T012339903058Z,msl_ncam_nlb_542730497edr_f0612232ncam00282m1,test_msl,big_rock,iou,,0,0,112532
segformer__pretrained__mit-b2__in_rover__seed1416__gpu_full__0292c93e__git3e52372c__codebebd8b2d__20260717T012339903058Z,msl_ncam_nlb_542730497edr_f0612232ncam00282m1,test_msl,ALL,pixel_acc,0.9989069775708243,0,0,112532
segformer__pretrained__mit-b2__in_rover__seed1416__gpu_full__0292c93e__git3e52372c__codebebd8b2d__20260717T012339903058Z,msl_ncam_nlb_542730497edr_f0612232ncam00282m1,test_msl,ALL,boundary_f1,0.49844572317139135,0,0,112532
segformer__pretrained__mit-b2__in_rover__seed1416__gpu_full__0292c93e__git3e52372c__codebebd8b2d__20260717T012339903058Z,msl_ncam_nlb_542730580edr_f0612232ncam00282m1,test_msl,soil,iou,,0,0,0
segformer__pretrained__mit-b2__in_rover__seed1416__gpu_full__0292c93e__git3e52372c__codebebd8b2d__20260717T012339903058Z,msl_ncam_nlb_542730580edr_f0612232ncam00282m1,test_msl,bedrock,iou,,0,0,0
segformer__pretrained__mit-b2__in_rover__seed1416__gpu_full__0292c93e__git3e52372c__codebebd8b2d__20260717T012339903058Z,msl_ncam_nlb_542730580edr_f0612232ncam00282m1,test_msl,sand,iou,,0,0,0
segformer__pretrained__mit-b2__in_rover__seed1416__gpu_full__0292c93e__git3e52372c__codebebd8b2d__20260717T012339903058Z,msl_ncam_nlb_542730580edr_f0612232ncam00282m1,test_msl,big_rock,iou,,0,0,0
segformer__pretrained__mit-b2__in_rover__seed1416__gpu_full__0292c93e__git3e52372c__codebebd8b2d__20260717T012339903058Z,msl_ncam_nlb_542730580edr_f0612232ncam00282m1,test_msl,ALL,pixel_acc,,0,0,0
segformer__pretrained__mit-b2__in_rover__seed1416__gpu_full__0292c93e__git3e52372c__codebebd8b2d__20260717T012339903058Z,msl_ncam_nlb_542730580edr_f0612232ncam00282m1,test_msl,ALL,boundary_f1,,0,0,0
segformer__pretrained__mit-b2__in_rover__seed1416__gpu_full__0292c93e__git3e52372c__codebebd8b2d__20260717T012339903058Z,msl_ncam_nlb_542733799edr_f0612232ncam00353m1,test_msl,soil,iou,,0,0,135437
segformer__pretrained__mit-b2__in_rover__seed1416__gpu_full__0292c93e__git3e52372c__codebebd8b2d__20260717T012339903058Z,msl_ncam_nlb_542733799edr_f0612232ncam00353m1,test_msl,bedrock,iou,0.9434829637641968,3489,3698,135437
segformer__pretrained__mit-b2__in_rover__seed1416__gpu_full__0292c93e__git3e52372c__codebebd8b2d__20260717T012339903058Z,msl_ncam_nlb_542733799edr_f0612232ncam00353m1,test_msl,sand,iou,0.9984160426834814,131739,131948,135437
segformer__pretrained__mit-b2__in_rover__seed1416__gpu_full__0292c93e__git3e52372c__codebebd8b2d__20260717T012339903058Z,msl_ncam_nlb_542733799edr_f0612232ncam00353m1,test_msl,big_rock,iou,,0,0,135437
segformer__pretrained__mit-b2__in_rover__seed1416__gpu_full__0292c93e__git3e52372c__codebebd8b2d__20260717T012339903058Z,msl_ncam_nlb_542733799edr_f0612232ncam00353m1,test_msl,ALL,pixel_acc,0.9984568470949593,0,0,135437
segformer__pretrained__mit-b2__in_rover__seed1416__gpu_full__0292c93e__git3e52372c__codebebd8b2d__20260717T012339903058Z,msl_ncam_nlb_542733799edr_f0612232ncam00353m1,test_msl,ALL,boundary_f1,0.9448070408032259,0,0,135437
segformer__pretrained__mit-b2__in_rover__seed1416__gpu_full__0292c93e__git3e52372c__codebebd8b2d__20260717T012339903058Z,msl_ncam_nlb_542734078edr_f0612232ncam00654m1,test_msl,soil,iou,,0,0,143364
segformer__pretrained__mit-b2__in_rover__seed1416__gpu_full__0292c93e__git3e52372c__codebebd8b2d__20260717T012339903058Z,msl_ncam_nlb_542734078edr_f0612232ncam00654m1,test_msl,bedrock,iou,0.0,0,39,143364
segformer__pretrained__mit-b2__in_rover__seed1416__gpu_full__0292c93e__git3e52372c__codebebd8b2d__20260717T012339903058Z,msl_ncam_nlb_542734078edr_f0612232ncam00654m1,test_msl,sand,iou,0.999727965179543,143325,143364,143364
segformer__pretrained__mit-b2__in_rover__seed1416__gpu_full__0292c93e__git3e52372c__codebebd8b2d__20260717T012339903058Z,msl_ncam_nlb_542734078edr_f0612232ncam00654m1,test_msl,big_rock,iou,,0,0,143364
segformer__pretrained__mit-b2__in_rover__seed1416__gpu_full__0292c93e__git3e52372c__codebebd8b2d__20260717T012339903058Z,msl_ncam_nlb_542734078edr_f0612232ncam00654m1,test_msl,ALL,pixel_acc,0.999727965179543,0,0,143364
segformer__pretrained__mit-b2__in_rover__seed1416__gpu_full__0292c93e__git3e52372c__codebebd8b2d__20260717T012339903058Z,msl_ncam_nlb_542734078edr_f0612232ncam00654m1,test_msl,ALL,boundary_f1,0.4997043169722058,0,0,143364
segformer__pretrained__mit-b2__in_rover__seed1416__gpu_full__0292c93e__git3e52372c__codebebd8b2d__20260717T012339903058Z,msl_ncam_nlb_542734110edr_f0612232ncam00654m1,test_msl,soil,iou,,0,0,209285
segformer__pretrained__mit-b2__in_rover__seed1416__gpu_full__0292c93e__git3e52372c__codebebd8b2d__20260717T012339903058Z,msl_ncam_nlb_542734110edr_f0612232ncam00654m1,test_msl,bedrock,iou,0.0,0,71,209285
segformer__pretrained__mit-b2__in_rover__seed1416__gpu_full__0292c93e__git3e52372c__codebebd8b2d__20260717T012339903058Z,msl_ncam_nlb_542734110edr_f0612232ncam00654m1,test_msl,sand,iou,0.9996607496953914,209214,209285,209285
segformer__pretrained__mit-b2__in_rover__seed1416__gpu_full__0292c93e__git3e52372c__codebebd8b2d__20260717T012339903058Z,msl_ncam_nlb_542734110edr_f0612232ncam00654m1,test_msl,big_rock,iou,,0,0,209285
segformer__pretrained__mit-b2__in_rover__seed1416__gpu_full__0292c93e__git3e52372c__codebebd8b2d__20260717T012339903058Z,msl_ncam_nlb_542734110edr_f0612232ncam00654m1,test_msl,ALL,pixel_acc,0.9996607496953914,0,0,209285
segformer__pretrained__mit-b2__in_rover__seed1416__gpu_full__0292c93e__git3e52372c__codebebd8b2d__20260717T012339903058Z,msl_ncam_nlb_542734110edr_f0612232ncam00654m1,test_msl,ALL,boundary_f1,0.49873684210526315,0,0,209285
segformer__pretrained__mit-b2__in_rover__seed1416__gpu_full__0292c93e__git3e52372c__codebebd8b2d__20260717T012339903058Z,msl_ncam_nlb_542734199edr_f0612232ncam00654m1,test_msl,soil,iou,,0,0,176176
segformer__pretrained__mit-b2__in_rover__seed1416__gpu_full__0292c93e__git3e52372c__codebebd8b2d__20260717T012339903058Z,msl_ncam_nlb_542734199edr_f0612232ncam00654m1,test_msl,bedrock,iou,0.0,0,133,176176
segformer__pretrained__mit-b2__in_rover__seed1416__gpu_full__0292c93e__git3e52372c__codebebd8b2d__20260717T012339903058Z,msl_ncam_nlb_542734199edr_f0612232ncam00654m1,test_msl,sand,iou,0.9992450731087095,176043,176176,176176
segformer__pretrained__mit-b2__in_rover__seed1416__gpu_full__0292c93e__git3e52372c__codebebd8b2d__20260717T012339903058Z,msl_ncam_nlb_542734199edr_f0612232ncam00654m1,test_msl,big_rock,iou,,0,0,176176
segformer__pretrained__mit-b2__in_rover__seed1416__gpu_full__0292c93e__git3e52372c__codebebd8b2d__20260717T012339903058Z,msl_ncam_nlb_542734199edr_f0612232ncam00654m1,test_msl,ALL,pixel_acc,0.9992450731087095,0,0,176176
segformer__pretrained__mit-b2__in_rover__seed1416__gpu_full__0292c93e__git3e52372c__codebebd8b2d__20260717T012339903058Z,msl_ncam_nlb_542734199edr_f0612232ncam00654m1,test_msl,ALL,boundary_f1,0.4997923896869272,0,0,176176
segformer__pretrained__mit-b2__in_rover__seed1416__gpu_full__0292c93e__git3e52372c__codebebd8b2d__20260717T012339903058Z,msl_ncam_nlb_542734240edr_f0612232ncam00283m1,test_msl,soil,iou,,0,0,97181
segformer__pretrained__mit-b2__in_rover__seed1416__gpu_full__0292c93e__git3e52372c__codebebd8b2d__20260717T012339903058Z,msl_ncam_nlb_542734240edr_f0612232ncam00283m1,test_msl,bedrock,iou,0.0,0,661,97181
segformer__pretrained__mit-b2__in_rover__seed1416__gpu_full__0292c93e__git3e52372c__codebebd8b2d__20260717T012339903058Z,msl_ncam_nlb_542734240edr_f0612232ncam00283m1,test_msl,sand,iou,0.9931982589189244,96520,97181,97181
segformer__pretrained__mit-b2__in_rover__seed1416__gpu_full__0292c93e__git3e52372c__codebebd8b2d__20260717T012339903058Z,msl_ncam_nlb_542734240edr_f0612232ncam00283m1,test_msl,big_rock,iou,,0,0,97181
segformer__pretrained__mit-b2__in_rover__seed1416__gpu_full__0292c93e__git3e52372c__codebebd8b2d__20260717T012339903058Z,msl_ncam_nlb_542734240edr_f0612232ncam00283m1,test_msl,ALL,pixel_acc,0.9931982589189244,0,0,97181
segformer__pretrained__mit-b2__in_rover__seed1416__gpu_full__0292c93e__git3e52372c__codebebd8b2d__20260717T012339903058Z,msl_ncam_nlb_542734240edr_f0612232ncam00283m1,test_msl,ALL,boundary_f1,0.49128471139170377,0,0,97181
segformer__pretrained__mit-b2__in_rover__seed1416__gpu_full__0292c93e__git3e52372c__codebebd8b2d__20260717T012339903058Z,msl_ncam_nlb_542734362edr_f0612232ncam00283m1,test_msl,soil,iou,,0,0,145077
segformer__pretrained__mit-b2__in_rover__seed1416__gpu_full__0292c93e__git3e52372c__codebebd8b2d__20260717T012339903058Z,msl_ncam_nlb_542734362edr_f0612232ncam00283m1,test_msl,bedrock,iou,0.0,0,14,145077
segformer__pretrained__mit-b2__in_rover__seed1416__gpu_full__0292c93e__git3e52372c__codebebd8b2d__20260717T012339903058Z,msl_ncam_nlb_542734362edr_f0612232ncam00283m1,test_msl,sand,iou,0.999903499520944,145063,145077,145077
segformer__pretrained__mit-b2__in_rover__seed1416__gpu_full__0292c93e__git3e52372c__codebebd8b2d__20260717T012339903058Z,msl_ncam_nlb_542734362edr_f0612232ncam00283m1,test_msl,big_rock,iou,,0,0,145077
segformer__pretrained__mit-b2__in_rover__seed1416__gpu_full__0292c93e__git3e52372c__codebebd8b2d__20260717T012339903058Z,msl_ncam_nlb_542734362edr_f0612232ncam00283m1,test_msl,ALL,pixel_acc,0.999903499520944,0,0,145077
segformer__pretrained__mit-b2__in_rover__seed1416__gpu_full__0292c93e__git3e52372c__codebebd8b2d__20260717T012339903058Z,msl_ncam_nlb_542734362edr_f0612232ncam00283m1,test_msl,ALL,boundary_f1,0.5,0,0,145077
segformer__pretrained__mit-b2__in_rover__seed1416__gpu_full__0292c93e__git3e52372c__codebebd8b2d__20260717T012339903058Z,msl_ncam_nlb_542738036edr_f0612232ccam15903m1,test_msl,soil,iou,,0,0,189972
segformer__pretrained__mit-b2__in_rover__seed1416__gpu_full__0292c93e__git3e52372c__codebebd8b2d__20260717T012339903058Z,msl_ncam_nlb_542738036edr_f0612232ccam15903m1,test_msl,bedrock,iou,0.0,0,9,189972
segformer__pretrained__mit-b2__in_rover__seed1416__gpu_full__0292c93e__git3e52372c__codebebd8b2d__20260717T012339903058Z,msl_ncam_nlb_542738036edr_f0612232ccam15903m1,test_msl,sand,iou,0.999952624597309,189963,189972,189972
segformer__pretrained__mit-b2__in_rover__seed1416__gpu_full__0292c93e__git3e52372c__codebebd8b2d__20260717T012339903058Z,msl_ncam_nlb_542738036edr_f0612232ccam15903m1,test_msl,big_rock,iou,,0,0,189972
segformer__pretrained__mit-b2__in_rover__seed1416__gpu_full__0292c93e__git3e52372c__codebebd8b2d__20260717T012339903058Z,msl_ncam_nlb_542738036edr_f0612232ccam15903m1,test_msl,ALL,pixel_acc,0.999952624597309,0,0,189972
segformer__pretrained__mit-b2__in_rover__seed1416__gpu_full__0292c93e__git3e52372c__codebebd8b2d__20260717T012339903058Z,msl_ncam_nlb_542738036edr_f0612232ccam15903m1,test_msl,ALL,boundary_f1,0.5,0,0,189972
segformer__pretrained__mit-b2__in_rover__seed1416__gpu_full__0292c93e__git3e52372c__codebebd8b2d__20260717T012339903058Z,msl_ncam_nlb_543351716edr_f0613076ncam00286m1,test_msl,soil,iou,,0,0,0
segformer__pretrained__mit-b2__in_rover__seed1416__gpu_full__0292c93e__git3e52372c__codebebd8b2d__20260717T012339903058Z,msl_ncam_nlb_543351716edr_f0613076ncam00286m1,test_msl,bedrock,iou,,0,0,0
segformer__pretrained__mit-b2__in_rover__seed1416__gpu_full__0292c93e__git3e52372c__codebebd8b2d__20260717T012339903058Z,msl_ncam_nlb_543351716edr_f0613076ncam00286m1,test_msl,sand,iou,,0,0,0
segformer__pretrained__mit-b2__in_rover__seed1416__gpu_full__0292c93e__git3e52372c__codebebd8b2d__20260717T012339903058Z,msl_ncam_nlb_543351716edr_f0613076ncam00286m1,test_msl,big_rock,iou,,0,0,0
segformer__pretrained__mit-b2__in_rover__seed1416__gpu_full__0292c93e__git3e52372c__codebebd8b2d__20260717T012339903058Z,msl_ncam_nlb_543351716edr_f0613076ncam00286m1,test_msl,ALL,pixel_acc,,0,0,0
segformer__pretrained__mit-b2__in_rover__seed1416__gpu_full__0292c93e__git3e52372c__codebebd8b2d__20260717T012339903058Z,msl_ncam_nlb_543351716edr_f0613076ncam00286m1,test_msl,ALL,boundary_f1,,0,0,0
segformer__pretrained__mit-b2__in_rover__seed1416__gpu_full__0292c93e__git3e52372c__codebebd8b2d__20260717T012339903058Z,msl_ncam_nlb_543357370edr_f0613076ncam00287m1,test_msl,soil,iou,,0,0,139163
segformer__pretrained__mit-b2__in_rover__seed1416__gpu_full__0292c93e__git3e52372c__codebebd8b2d__20260717T012339903058Z,msl_ncam_nlb_543357370edr_f0613076ncam00287m1,test_msl,bedrock,iou,0.0,0,51,139163
segformer__pretrained__mit-b2__in_rover__seed1416__gpu_full__0292c93e__git3e52372c__codebebd8b2d__20260717T012339903058Z,msl_ncam_nlb_543357370edr_f0613076ncam00287m1,test_msl,sand,iou,0.9996335232784577,139112,139163,139163
segformer__pretrained__mit-b2__in_rover__seed1416__gpu_full__0292c93e__git3e52372c__codebebd8b2d__20260717T012339903058Z,msl_ncam_nlb_543357370edr_f0613076ncam00287m1,test_msl,big_rock,iou,,0,0,139163
segformer__pretrained__mit-b2__in_rover__seed1416__gpu_full__0292c93e__git3e52372c__codebebd8b2d__20260717T012339903058Z,msl_ncam_nlb_543357370edr_f0613076ncam00287m1,test_msl,ALL,pixel_acc,0.9996335232784577,0,0,139163
segformer__pretrained__mit-b2__in_rover__seed1416__gpu_full__0292c93e__git3e52372c__codebebd8b2d__20260717T012339903058Z,msl_ncam_nlb_543357370edr_f0613076ncam00287m1,test_msl,ALL,boundary_f1,0.5,0,0,139163
segformer__pretrained__mit-b2__in_rover__seed1416__gpu_full__0292c93e__git3e52372c__codebebd8b2d__20260717T012339903058Z,msl_ncam_nlb_543357433edr_f0613076ncam00287m1,test_msl,soil,iou,,0,0,73935
segformer__pretrained__mit-b2__in_rover__seed1416__gpu_full__0292c93e__git3e52372c__codebebd8b2d__20260717T012339903058Z,msl_ncam_nlb_543357433edr_f0613076ncam00287m1,test_msl,bedrock,iou,0.0,0,461,73935
segformer__pretrained__mit-b2__in_rover__seed1416__gpu_full__0292c93e__git3e52372c__codebebd8b2d__20260717T012339903058Z,msl_ncam_nlb_543357433edr_f0613076ncam00287m1,test_msl,sand,iou,0.9937647933996078,73474,73935,73935
segformer__pretrained__mit-b2__in_rover__seed1416__gpu_full__0292c93e__git3e52372c__codebebd8b2d__20260717T012339903058Z,msl_ncam_nlb_543357433edr_f0613076ncam00287m1,test_msl,big_rock,iou,,0,0,73935
segformer__pretrained__mit-b2__in_rover__seed1416__gpu_full__0292c93e__git3e52372c__codebebd8b2d__20260717T012339903058Z,msl_ncam_nlb_543357433edr_f0613076ncam00287m1,test_msl,ALL,pixel_acc,0.9937647933996078,0,0,73935
segformer__pretrained__mit-b2__in_rover__seed1416__gpu_full__0292c93e__git3e52372c__codebebd8b2d__20260717T012339903058Z,msl_ncam_nlb_543357433edr_f0613076ncam00287m1,test_msl,ALL,boundary_f1,0.4948288755618037,0,0,73935
segformer__pretrained__mit-b2__in_rover__seed1416__gpu_full__0292c93e__git3e52372c__codebebd8b2d__20260717T012339903058Z,msl_ncam_nlb_543357548edr_f0613076ncam00287m1,test_msl,soil,iou,,0,0,0
segformer__pretrained__mit-b2__in_rover__seed1416__gpu_full__0292c93e__git3e52372c__codebebd8b2d__20260717T012339903058Z,msl_ncam_nlb_543357548edr_f0613076ncam00287m1,test_msl,bedrock,iou,,0,0,0
segformer__pretrained__mit-b2__in_rover__seed1416__gpu_full__0292c93e__git3e52372c__codebebd8b2d__20260717T012339903058Z,msl_ncam_nlb_543357548edr_f0613076ncam00287m1,test_msl,sand,iou,,0,0,0
segformer__pretrained__mit-b2__in_rover__seed1416__gpu_full__0292c93e__git3e52372c__codebebd8b2d__20260717T012339903058Z,msl_ncam_nlb_543357548edr_f0613076ncam00287m1,test_msl,big_rock,iou,,0,0,0
segformer__pretrained__mit-b2__in_rover__seed1416__gpu_full__0292c93e__git3e52372c__codebebd8b2d__20260717T012339903058Z,msl_ncam_nlb_543357548edr_f0613076ncam00287m1,test_msl,ALL,pixel_acc,,0,0,0
segformer__pretrained__mit-b2__in_rover__seed1416__gpu_full__0292c93e__git3e52372c__codebebd8b2d__20260717T012339903058Z,msl_ncam_nlb_543357548edr_f0613076ncam00287m1,test_msl,ALL,boundary_f1,,0,0,0
segformer__pretrained__mit-b2__in_rover__seed1416__gpu_full__0292c93e__git3e52372c__codebebd8b2d__20260717T012339903058Z,msl_ncam_nlb_548047620edr_f0630346ncam00320m1,test_msl,soil,iou,,0,0,96137
segformer__pretrained__mit-b2__in_rover__seed1416__gpu_full__0292c93e__git3e52372c__codebebd8b2d__20260717T012339903058Z,msl_ncam_nlb_548047620edr_f0630346ncam00320m1,test_msl,bedrock,iou,0.9965360755063123,82567,82854,96137
segformer__pretrained__mit-b2__in_rover__seed1416__gpu_full__0292c93e__git3e52372c__codebebd8b2d__20260717T012339903058Z,msl_ncam_nlb_548047620edr_f0630346ncam00320m1,test_msl,sand,iou,0.9788504053058217,13283,13570,96137
segformer__pretrained__mit-b2__in_rover__seed1416__gpu_full__0292c93e__git3e52372c__codebebd8b2d__20260717T012339903058Z,msl_ncam_nlb_548047620edr_f0630346ncam00320m1,test_msl,big_rock,iou,,0,0,96137
segformer__pretrained__mit-b2__in_rover__seed1416__gpu_full__0292c93e__git3e52372c__codebebd8b2d__20260717T012339903058Z,msl_ncam_nlb_548047620edr_f0630346ncam00320m1,test_msl,ALL,pixel_acc,0.9970146769714054,0,0,96137
segformer__pretrained__mit-b2__in_rover__seed1416__gpu_full__0292c93e__git3e52372c__codebebd8b2d__20260717T012339903058Z,msl_ncam_nlb_548047620edr_f0630346ncam00320m1,test_msl,ALL,boundary_f1,0.9752058596772781,0,0,96137
segformer__pretrained__mit-b2__in_rover__seed1416__gpu_full__0292c93e__git3e52372c__codebebd8b2d__20260717T012339903058Z,msl_ncam_nlb_548057490edr_f0630724ncam00385m1,test_msl,soil,iou,,0,0,65888
segformer__pretrained__mit-b2__in_rover__seed1416__gpu_full__0292c93e__git3e52372c__codebebd8b2d__20260717T012339903058Z,msl_ncam_nlb_548057490edr_f0630724ncam00385m1,test_msl,bedrock,iou,0.9121539582321515,60100,65888,65888
segformer__pretrained__mit-b2__in_rover__seed1416__gpu_full__0292c93e__git3e52372c__codebebd8b2d__20260717T012339903058Z,msl_ncam_nlb_548057490edr_f0630724ncam00385m1,test_msl,sand,iou,0.0,0,5788,65888
segformer__pretrained__mit-b2__in_rover__seed1416__gpu_full__0292c93e__git3e52372c__codebebd8b2d__20260717T012339903058Z,msl_ncam_nlb_548057490edr_f0630724ncam00385m1,test_msl,big_rock,iou,,0,0,65888
segformer__pretrained__mit-b2__in_rover__seed1416__gpu_full__0292c93e__git3e52372c__codebebd8b2d__20260717T012339903058Z,msl_ncam_nlb_548057490edr_f0630724ncam00385m1,test_msl,ALL,pixel_acc,0.9121539582321515,0,0,65888
segformer__pretrained__mit-b2__in_rover__seed1416__gpu_full__0292c93e__git3e52372c__codebebd8b2d__20260717T012339903058Z,msl_ncam_nlb_548057490edr_f0630724ncam00385m1,test_msl,ALL,boundary_f1,0.46822289156626506,0,0,65888
segformer__pretrained__mit-b2__in_rover__seed1416__gpu_full__0292c93e__git3e52372c__codebebd8b2d__20260717T012339903058Z,msl_ncam_nlb_548058260edr_f0630766ncam00375m1,test_msl,soil,iou,,0,0,41868
segformer__pretrained__mit-b2__in_rover__seed1416__gpu_full__0292c93e__git3e52372c__codebebd8b2d__20260717T012339903058Z,msl_ncam_nlb_548058260edr_f0630766ncam00375m1,test_msl,bedrock,iou,0.9623074166965245,26858,27910,41868
segformer__pretrained__mit-b2__in_rover__seed1416__gpu_full__0292c93e__git3e52372c__codebebd8b2d__20260717T012339903058Z,msl_ncam_nlb_548058260edr_f0630766ncam00375m1,test_msl,sand,iou,0.9299133910726183,13958,15010,41868
segformer__pretrained__mit-b2__in_rover__seed1416__gpu_full__0292c93e__git3e52372c__codebebd8b2d__20260717T012339903058Z,msl_ncam_nlb_548058260edr_f0630766ncam00375m1,test_msl,big_rock,iou,,0,0,41868
segformer__pretrained__mit-b2__in_rover__seed1416__gpu_full__0292c93e__git3e52372c__codebebd8b2d__20260717T012339903058Z,msl_ncam_nlb_548058260edr_f0630766ncam00375m1,test_msl,ALL,pixel_acc,0.9748734116747875,0,0,41868
segformer__pretrained__mit-b2__in_rover__seed1416__gpu_full__0292c93e__git3e52372c__codebebd8b2d__20260717T012339903058Z,msl_ncam_nlb_548058260edr_f0630766ncam00375m1,test_msl,ALL,boundary_f1,0.9449080672602466,0,0,41868
segformer__pretrained__mit-b2__in_rover__seed1416__gpu_full__0292c93e__git3e52372c__codebebd8b2d__20260717T012339903058Z,msl_ncam_nlb_548058358edr_f0630766ncam00273m1,test_msl,soil,iou,,0,0,43577
segformer__pretrained__mit-b2__in_rover__seed1416__gpu_full__0292c93e__git3e52372c__codebebd8b2d__20260717T012339903058Z,msl_ncam_nlb_548058358edr_f0630766ncam00273m1,test_msl,bedrock,iou,0.9383474139707397,22769,24265,43577
segformer__pretrained__mit-b2__in_rover__seed1416__gpu_full__0292c93e__git3e52372c__codebebd8b2d__20260717T012339903058Z,msl_ncam_nlb_548058358edr_f0630766ncam00273m1,test_msl,sand,iou,0.9281045751633987,19312,20808,43577
segformer__pretrained__mit-b2__in_rover__seed1416__gpu_full__0292c93e__git3e52372c__codebebd8b2d__20260717T012339903058Z,msl_ncam_nlb_548058358edr_f0630766ncam00273m1,test_msl,big_rock,iou,,0,0,43577
segformer__pretrained__mit-b2__in_rover__seed1416__gpu_full__0292c93e__git3e52372c__codebebd8b2d__20260717T012339903058Z,msl_ncam_nlb_548058358edr_f0630766ncam00273m1,test_msl,ALL,pixel_acc,0.9656699635128623,0,0,43577
segformer__pretrained__mit-b2__in_rover__seed1416__gpu_full__0292c93e__git3e52372c__codebebd8b2d__20260717T012339903058Z,msl_ncam_nlb_548058358edr_f0630766ncam00273m1,test_msl,ALL,boundary_f1,0.9162466965873848,0,0,43577
segformer__pretrained__mit-b2__in_rover__seed1416__gpu_full__0292c93e__git3e52372c__codebebd8b2d__20260717T012339903058Z,msl_ncam_nlb_548063838edr_f0630766ncam07753m1,test_msl,soil,iou,,0,0,13320
segformer__pretrained__mit-b2__in_rover__seed1416__gpu_full__0292c93e__git3e52372c__codebebd8b2d__20260717T012339903058Z,msl_ncam_nlb_548063838edr_f0630766ncam07753m1,test_msl,bedrock,iou,1.0,13320,13320,13320
segformer__pretrained__mit-b2__in_rover__seed1416__gpu_full__0292c93e__git3e52372c__codebebd8b2d__20260717T012339903058Z,msl_ncam_nlb_548063838edr_f0630766ncam07753m1,test_msl,sand,iou,,0,0,13320
segformer__pretrained__mit-b2__in_rover__seed1416__gpu_full__0292c93e__git3e52372c__codebebd8b2d__20260717T012339903058Z,msl_ncam_nlb_548063838edr_f0630766ncam07753m1,test_msl,big_rock,iou,,0,0,13320
segformer__pretrained__mit-b2__in_rover__seed1416__gpu_full__0292c93e__git3e52372c__codebebd8b2d__20260717T012339903058Z,msl_ncam_nlb_548063838edr_f0630766ncam07753m1,test_msl,ALL,pixel_acc,1.0,0,0,13320
segformer__pretrained__mit-b2__in_rover__seed1416__gpu_full__0292c93e__git3e52372c__codebebd8b2d__20260717T012339903058Z,msl_ncam_nlb_548063838edr_f0630766ncam07753m1,test_msl,ALL,boundary_f1,1.0,0,0,13320
segformer__pretrained__mit-b2__in_rover__seed1416__gpu_full__0292c93e__git3e52372c__codebebd8b2d__20260717T012339903058Z,msl_ncam_nlb_552665174edr_f0641980ncam00320m1,test_msl,soil,iou,,0,0,107820
segformer__pretrained__mit-b2__in_rover__seed1416__gpu_full__0292c93e__git3e52372c__codebebd8b2d__20260717T012339903058Z,msl_ncam_nlb_552665174edr_f0641980ncam00320m1,test_msl,bedrock,iou,1.0,20145,20145,107820
segformer__pretrained__mit-b2__in_rover__seed1416__gpu_full__0292c93e__git3e52372c__codebebd8b2d__20260717T012339903058Z,msl_ncam_nlb_552665174edr_f0641980ncam00320m1,test_msl,sand,iou,1.0,87675,87675,107820
segformer__pretrained__mit-b2__in_rover__seed1416__gpu_full__0292c93e__git3e52372c__codebebd8b2d__20260717T012339903058Z,msl_ncam_nlb_552665174edr_f0641980ncam00320m1,test_msl,big_rock,iou,,0,0,107820
segformer__pretrained__mit-b2__in_rover__seed1416__gpu_full__0292c93e__git3e52372c__codebebd8b2d__20260717T012339903058Z,msl_ncam_nlb_552665174edr_f0641980ncam00320m1,test_msl,ALL,pixel_acc,1.0,0,0,107820
segformer__pretrained__mit-b2__in_rover__seed1416__gpu_full__0292c93e__git3e52372c__codebebd8b2d__20260717T012339903058Z,msl_ncam_nlb_552665174edr_f0641980ncam00320m1,test_msl,ALL,boundary_f1,1.0,0,0,107820
segformer__pretrained__mit-b2__in_rover__seed1416__gpu_full__0292c93e__git3e52372c__codebebd8b2d__20260717T012339903058Z,msl_ncam_nlb_552676131edr_f0642004ncam00385m1,test_msl,soil,iou,,0,0,241952
segformer__pretrained__mit-b2__in_rover__seed1416__gpu_full__0292c93e__git3e52372c__codebebd8b2d__20260717T012339903058Z,msl_ncam_nlb_552676131edr_f0642004ncam00385m1,test_msl,bedrock,iou,,0,0,241952
segformer__pretrained__mit-b2__in_rover__seed1416__gpu_full__0292c93e__git3e52372c__codebebd8b2d__20260717T012339903058Z,msl_ncam_nlb_552676131edr_f0642004ncam00385m1,test_msl,sand,iou,1.0,241952,241952,241952
segformer__pretrained__mit-b2__in_rover__seed1416__gpu_full__0292c93e__git3e52372c__codebebd8b2d__20260717T012339903058Z,msl_ncam_nlb_552676131edr_f0642004ncam00385m1,test_msl,big_rock,iou,,0,0,241952
segformer__pretrained__mit-b2__in_rover__seed1416__gpu_full__0292c93e__git3e52372c__codebebd8b2d__20260717T012339903058Z,msl_ncam_nlb_552676131edr_f0642004ncam00385m1,test_msl,ALL,pixel_acc,1.0,0,0,241952
segformer__pretrained__mit-b2__in_rover__seed1416__gpu_full__0292c93e__git3e52372c__codebebd8b2d__20260717T012339903058Z,msl_ncam_nlb_552676131edr_f0642004ncam00385m1,test_msl,ALL,boundary_f1,1.0,0,0,241952
segformer__pretrained__mit-b2__in_rover__seed1416__gpu_full__0292c93e__git3e52372c__codebebd8b2d__20260717T012339903058Z,msl_ncam_nlb_552677384edr_f0642088ncam00376m1,test_msl,soil,iou,,0,0,93137
segformer__pretrained__mit-b2__in_rover__seed1416__gpu_full__0292c93e__git3e52372c__codebebd8b2d__20260717T012339903058Z,msl_ncam_nlb_552677384edr_f0642088ncam00376m1,test_msl,bedrock,iou,,0,0,93137
segformer__pretrained__mit-b2__in_rover__seed1416__gpu_full__0292c93e__git3e52372c__codebebd8b2d__20260717T012339903058Z,msl_ncam_nlb_552677384edr_f0642088ncam00376m1,test_msl,sand,iou,1.0,93137,93137,93137
segformer__pretrained__mit-b2__in_rover__seed1416__gpu_full__0292c93e__git3e52372c__codebebd8b2d__20260717T012339903058Z,msl_ncam_nlb_552677384edr_f0642088ncam00376m1,test_msl,big_rock,iou,,0,0,93137
segformer__pretrained__mit-b2__in_rover__seed1416__gpu_full__0292c93e__git3e52372c__codebebd8b2d__20260717T012339903058Z,msl_ncam_nlb_552677384edr_f0642088ncam00376m1,test_msl,ALL,pixel_acc,1.0,0,0,93137
segformer__pretrained__mit-b2__in_rover__seed1416__gpu_full__0292c93e__git3e52372c__codebebd8b2d__20260717T012339903058Z,msl_ncam_nlb_552677384edr_f0642088ncam00376m1,test_msl,ALL,boundary_f1,1.0,0,0,93137
segformer__pretrained__mit-b2__in_rover__seed1416__gpu_full__0292c93e__git3e52372c__codebebd8b2d__20260717T012339903058Z,msl_ncam_nlb_552677513edr_f0642088ncam00255m1,test_msl,soil,iou,,0,0,42984
segformer__pretrained__mit-b2__in_rover__seed1416__gpu_full__0292c93e__git3e52372c__codebebd8b2d__20260717T012339903058Z,msl_ncam_nlb_552677513edr_f0642088ncam00255m1,test_msl,bedrock,iou,0.9392905866302865,1377,1466,42984
segformer__pretrained__mit-b2__in_rover__seed1416__gpu_full__0292c93e__git3e52372c__codebebd8b2d__20260717T012339903058Z,msl_ncam_nlb_552677513edr_f0642088ncam00255m1,test_msl,sand,iou,0.999470389985556,41518,41540,42984
segformer__pretrained__mit-b2__in_rover__seed1416__gpu_full__0292c93e__git3e52372c__codebebd8b2d__20260717T012339903058Z,msl_ncam_nlb_552677513edr_f0642088ncam00255m1,test_msl,big_rock,iou,0.0,0,67,42984
segformer__pretrained__mit-b2__in_rover__seed1416__gpu_full__0292c93e__git3e52372c__codebebd8b2d__20260717T012339903058Z,msl_ncam_nlb_552677513edr_f0642088ncam00255m1,test_msl,ALL,pixel_acc,0.997929462125442,0,0,42984
segformer__pretrained__mit-b2__in_rover__seed1416__gpu_full__0292c93e__git3e52372c__codebebd8b2d__20260717T012339903058Z,msl_ncam_nlb_552677513edr_f0642088ncam00255m1,test_msl,ALL,boundary_f1,0.6571473695491542,0,0,42984
segformer__pretrained__mit-b2__in_rover__seed1416__gpu_full__0292c93e__git3e52372c__codebebd8b2d__20260717T012339903058Z,msl_ncam_nlb_552677608edr_f0642088ncam00255m1,test_msl,soil,iou,,0,0,238297
segformer__pretrained__mit-b2__in_rover__seed1416__gpu_full__0292c93e__git3e52372c__codebebd8b2d__20260717T012339903058Z,msl_ncam_nlb_552677608edr_f0642088ncam00255m1,test_msl,bedrock,iou,,0,0,238297
segformer__pretrained__mit-b2__in_rover__seed1416__gpu_full__0292c93e__git3e52372c__codebebd8b2d__20260717T012339903058Z,msl_ncam_nlb_552677608edr_f0642088ncam00255m1,test_msl,sand,iou,1.0,238297,238297,238297
segformer__pretrained__mit-b2__in_rover__seed1416__gpu_full__0292c93e__git3e52372c__codebebd8b2d__20260717T012339903058Z,msl_ncam_nlb_552677608edr_f0642088ncam00255m1,test_msl,big_rock,iou,,0,0,238297
segformer__pretrained__mit-b2__in_rover__seed1416__gpu_full__0292c93e__git3e52372c__codebebd8b2d__20260717T012339903058Z,msl_ncam_nlb_552677608edr_f0642088ncam00255m1,test_msl,ALL,pixel_acc,1.0,0,0,238297
segformer__pretrained__mit-b2__in_rover__seed1416__gpu_full__0292c93e__git3e52372c__codebebd8b2d__20260717T012339903058Z,msl_ncam_nlb_552677608edr_f0642088ncam00255m1,test_msl,ALL,boundary_f1,1.0,0,0,238297
segformer__pretrained__mit-b2__in_rover__seed1416__gpu_full__0292c93e__git3e52372c__codebebd8b2d__20260717T012339903058Z,msl_ncam_nlb_552677960edr_f0642088ncam00354m1,test_msl,soil,iou,,0,0,141082
segformer__pretrained__mit-b2__in_rover__seed1416__gpu_full__0292c93e__git3e52372c__codebebd8b2d__20260717T012339903058Z,msl_ncam_nlb_552677960edr_f0642088ncam00354m1,test_msl,bedrock,iou,,0,0,141082
segformer__pretrained__mit-b2__in_rover__seed1416__gpu_full__0292c93e__git3e52372c__codebebd8b2d__20260717T012339903058Z,msl_ncam_nlb_552677960edr_f0642088ncam00354m1,test_msl,sand,iou,1.0,141082,141082,141082
segformer__pretrained__mit-b2__in_rover__seed1416__gpu_full__0292c93e__git3e52372c__codebebd8b2d__20260717T012339903058Z,msl_ncam_nlb_552677960edr_f0642088ncam00354m1,test_msl,big_rock,iou,,0,0,141082
segformer__pretrained__mit-b2__in_rover__seed1416__gpu_full__0292c93e__git3e52372c__codebebd8b2d__20260717T012339903058Z,msl_ncam_nlb_552677960edr_f0642088ncam00354m1,test_msl,ALL,pixel_acc,1.0,0,0,141082
segformer__pretrained__mit-b2__in_rover__seed1416__gpu_full__0292c93e__git3e52372c__codebebd8b2d__20260717T012339903058Z,msl_ncam_nlb_552677960edr_f0642088ncam00354m1,test_msl,ALL,boundary_f1,1.0,0,0,141082
segformer__pretrained__mit-b2__in_rover__seed1416__gpu_full__0292c93e__git3e52372c__codebebd8b2d__20260717T012339903058Z,msl_ncam_nlb_552678040edr_f0642088ncam00354m1,test_msl,soil,iou,,0,0,124577
segformer__pretrained__mit-b2__in_rover__seed1416__gpu_full__0292c93e__git3e52372c__codebebd8b2d__20260717T012339903058Z,msl_ncam_nlb_552678040edr_f0642088ncam00354m1,test_msl,bedrock,iou,,0,0,124577
segformer__pretrained__mit-b2__in_rover__seed1416__gpu_full__0292c93e__git3e52372c__codebebd8b2d__20260717T012339903058Z,msl_ncam_nlb_552678040edr_f0642088ncam00354m1,test_msl,sand,iou,1.0,124577,124577,124577
segformer__pretrained__mit-b2__in_rover__seed1416__gpu_full__0292c93e__git3e52372c__codebebd8b2d__20260717T012339903058Z,msl_ncam_nlb_552678040edr_f0642088ncam00354m1,test_msl,big_rock,iou,,0,0,124577
segformer__pretrained__mit-b2__in_rover__seed1416__gpu_full__0292c93e__git3e52372c__codebebd8b2d__20260717T012339903058Z,msl_ncam_nlb_552678040edr_f0642088ncam00354m1,test_msl,ALL,pixel_acc,1.0,0,0,124577
segformer__pretrained__mit-b2__in_rover__seed1416__gpu_full__0292c93e__git3e52372c__codebebd8b2d__20260717T012339903058Z,msl_ncam_nlb_552678040edr_f0642088ncam00354m1,test_msl,ALL,boundary_f1,1.0,0,0,124577
segformer__pretrained__mit-b2__in_rover__seed1416__gpu_full__0292c93e__git3e52372c__codebebd8b2d__20260717T012339903058Z,msl_ncam_nlb_552682049edr_f0642088ncam07753m1,test_msl,soil,iou,,0,0,203617
segformer__pretrained__mit-b2__in_rover__seed1416__gpu_full__0292c93e__git3e52372c__codebebd8b2d__20260717T012339903058Z,msl_ncam_nlb_552682049edr_f0642088ncam07753m1,test_msl,bedrock,iou,,0,0,203617
segformer__pretrained__mit-b2__in_rover__seed1416__gpu_full__0292c93e__git3e52372c__codebebd8b2d__20260717T012339903058Z,msl_ncam_nlb_552682049edr_f0642088ncam07753m1,test_msl,sand,iou,1.0,203617,203617,203617
segformer__pretrained__mit-b2__in_rover__seed1416__gpu_full__0292c93e__git3e52372c__codebebd8b2d__20260717T012339903058Z,msl_ncam_nlb_552682049edr_f0642088ncam07753m1,test_msl,big_rock,iou,,0,0,203617
segformer__pretrained__mit-b2__in_rover__seed1416__gpu_full__0292c93e__git3e52372c__codebebd8b2d__20260717T012339903058Z,msl_ncam_nlb_552682049edr_f0642088ncam07753m1,test_msl,ALL,pixel_acc,1.0,0,0,203617
segformer__pretrained__mit-b2__in_rover__seed1416__gpu_full__0292c93e__git3e52372c__codebebd8b2d__20260717T012339903058Z,msl_ncam_nlb_552682049edr_f0642088ncam07753m1,test_msl,ALL,boundary_f1,1.0,0,0,203617
segformer__pretrained__mit-b2__in_rover__seed1416__gpu_full__0292c93e__git3e52372c__codebebd8b2d__20260717T012339903058Z,msl_ncam_nlb_552682173edr_f0642088ncam07753m1,test_msl,soil,iou,,0,0,37725
segformer__pretrained__mit-b2__in_rover__seed1416__gpu_full__0292c93e__git3e52372c__codebebd8b2d__20260717T012339903058Z,msl_ncam_nlb_552682173edr_f0642088ncam07753m1,test_msl,bedrock,iou,1.0,3020,3020,37725
segformer__pretrained__mit-b2__in_rover__seed1416__gpu_full__0292c93e__git3e52372c__codebebd8b2d__20260717T012339903058Z,msl_ncam_nlb_552682173edr_f0642088ncam07753m1,test_msl,sand,iou,1.0,34705,34705,37725
segformer__pretrained__mit-b2__in_rover__seed1416__gpu_full__0292c93e__git3e52372c__codebebd8b2d__20260717T012339903058Z,msl_ncam_nlb_552682173edr_f0642088ncam07753m1,test_msl,big_rock,iou,,0,0,37725
segformer__pretrained__mit-b2__in_rover__seed1416__gpu_full__0292c93e__git3e52372c__codebebd8b2d__20260717T012339903058Z,msl_ncam_nlb_552682173edr_f0642088ncam07753m1,test_msl,ALL,pixel_acc,1.0,0,0,37725
segformer__pretrained__mit-b2__in_rover__seed1416__gpu_full__0292c93e__git3e52372c__codebebd8b2d__20260717T012339903058Z,msl_ncam_nlb_552682173edr_f0642088ncam07753m1,test_msl,ALL,boundary_f1,1.0,0,0,37725
segformer__pretrained__mit-b2__in_rover__seed1416__gpu_full__0292c93e__git3e52372c__codebebd8b2d__20260717T012339903058Z,msl_ncam_nlb_556418003edr_f0651174ncam00320m1,test_msl,soil,iou,,0,0,95260
segformer__pretrained__mit-b2__in_rover__seed1416__gpu_full__0292c93e__git3e52372c__codebebd8b2d__20260717T012339903058Z,msl_ncam_nlb_556418003edr_f0651174ncam00320m1,test_msl,bedrock,iou,0.8624800425758382,8103,9395,95260
segformer__pretrained__mit-b2__in_rover__seed1416__gpu_full__0292c93e__git3e52372c__codebebd8b2d__20260717T012339903058Z,msl_ncam_nlb_556418003edr_f0651174ncam00320m1,test_msl,sand,iou,0.9851761763254816,85865,87157,95260
segformer__pretrained__mit-b2__in_rover__seed1416__gpu_full__0292c93e__git3e52372c__codebebd8b2d__20260717T012339903058Z,msl_ncam_nlb_556418003edr_f0651174ncam00320m1,test_msl,big_rock,iou,,0,0,95260
segformer__pretrained__mit-b2__in_rover__seed1416__gpu_full__0292c93e__git3e52372c__codebebd8b2d__20260717T012339903058Z,msl_ncam_nlb_556418003edr_f0651174ncam00320m1,test_msl,ALL,pixel_acc,0.9864371194625237,0,0,95260
segformer__pretrained__mit-b2__in_rover__seed1416__gpu_full__0292c93e__git3e52372c__codebebd8b2d__20260717T012339903058Z,msl_ncam_nlb_556418003edr_f0651174ncam00320m1,test_msl,ALL,boundary_f1,0.9304473803909826,0,0,95260
segformer__pretrained__mit-b2__in_rover__seed1416__gpu_full__0292c93e__git3e52372c__codebebd8b2d__20260717T012339903058Z,msl_ncam_nlb_556756244edr_f0651642ncam00285m1,test_msl,soil,iou,,0,0,71198
segformer__pretrained__mit-b2__in_rover__seed1416__gpu_full__0292c93e__git3e52372c__codebebd8b2d__20260717T012339903058Z,msl_ncam_nlb_556756244edr_f0651642ncam00285m1,test_msl,bedrock,iou,0.9629352302508424,10288,10684,71198
segformer__pretrained__mit-b2__in_rover__seed1416__gpu_full__0292c93e__git3e52372c__codebebd8b2d__20260717T012339903058Z,msl_ncam_nlb_556756244edr_f0651642ncam00285m1,test_msl,sand,iou,0.9934986044984403,60514,60910,71198
segformer__pretrained__mit-b2__in_rover__seed1416__gpu_full__0292c93e__git3e52372c__codebebd8b2d__20260717T012339903058Z,msl_ncam_nlb_556756244edr_f0651642ncam00285m1,test_msl,big_rock,iou,,0,0,71198
segformer__pretrained__mit-b2__in_rover__seed1416__gpu_full__0292c93e__git3e52372c__codebebd8b2d__20260717T012339903058Z,msl_ncam_nlb_556756244edr_f0651642ncam00285m1,test_msl,ALL,pixel_acc,0.9944380460125284,0,0,71198
segformer__pretrained__mit-b2__in_rover__seed1416__gpu_full__0292c93e__git3e52372c__codebebd8b2d__20260717T012339903058Z,msl_ncam_nlb_556756244edr_f0651642ncam00285m1,test_msl,ALL,boundary_f1,0.9770446548461353,0,0,71198
segformer__pretrained__mit-b2__in_rover__seed1416__gpu_full__0292c93e__git3e52372c__codebebd8b2d__20260717T012339903058Z,msl_ncam_nlb_556756308edr_f0651642ncam00285m1,test_msl,soil,iou,,0,0,120672
segformer__pretrained__mit-b2__in_rover__seed1416__gpu_full__0292c93e__git3e52372c__codebebd8b2d__20260717T012339903058Z,msl_ncam_nlb_556756308edr_f0651642ncam00285m1,test_msl,bedrock,iou,0.8649805447470817,4446,5140,120672
segformer__pretrained__mit-b2__in_rover__seed1416__gpu_full__0292c93e__git3e52372c__codebebd8b2d__20260717T012339903058Z,msl_ncam_nlb_556756308edr_f0651642ncam00285m1,test_msl,sand,iou,0.994947179589396,99833,100340,120672
segformer__pretrained__mit-b2__in_rover__seed1416__gpu_full__0292c93e__git3e52372c__codebebd8b2d__20260717T012339903058Z,msl_ncam_nlb_556756308edr_f0651642ncam00285m1,test_msl,big_rock,iou,0.9267370218995913,15192,16393,120672
segformer__pretrained__mit-b2__in_rover__seed1416__gpu_full__0292c93e__git3e52372c__codebebd8b2d__20260717T012339903058Z,msl_ncam_nlb_556756308edr_f0651642ncam00285m1,test_msl,ALL,pixel_acc,0.9900474012198356,0,0,120672
segformer__pretrained__mit-b2__in_rover__seed1416__gpu_full__0292c93e__git3e52372c__codebebd8b2d__20260717T012339903058Z,msl_ncam_nlb_556756308edr_f0651642ncam00285m1,test_msl,ALL,boundary_f1,0.8640659356700534,0,0,120672
segformer__pretrained__mit-b2__in_rover__seed1416__gpu_full__0292c93e__git3e52372c__codebebd8b2d__20260717T012339903058Z,msl_ncam_nlb_556756606edr_f0651642ncam00312m1,test_msl,soil,iou,,0,0,172993
segformer__pretrained__mit-b2__in_rover__seed1416__gpu_full__0292c93e__git3e52372c__codebebd8b2d__20260717T012339903058Z,msl_ncam_nlb_556756606edr_f0651642ncam00312m1,test_msl,bedrock,iou,0.9981019522776573,14724,14752,172993
segformer__pretrained__mit-b2__in_rover__seed1416__gpu_full__0292c93e__git3e52372c__codebebd8b2d__20260717T012339903058Z,msl_ncam_nlb_556756606edr_f0651642ncam00312m1,test_msl,sand,iou,0.99982308601179,158241,158269,172993
segformer__pretrained__mit-b2__in_rover__seed1416__gpu_full__0292c93e__git3e52372c__codebebd8b2d__20260717T012339903058Z,msl_ncam_nlb_556756606edr_f0651642ncam00312m1,test_msl,big_rock,iou,,0,0,172993
segformer__pretrained__mit-b2__in_rover__seed1416__gpu_full__0292c93e__git3e52372c__codebebd8b2d__20260717T012339903058Z,msl_ncam_nlb_556756606edr_f0651642ncam00312m1,test_msl,ALL,pixel_acc,0.9998381437399201,0,0,172993
segformer__pretrained__mit-b2__in_rover__seed1416__gpu_full__0292c93e__git3e52372c__codebebd8b2d__20260717T012339903058Z,msl_ncam_nlb_556756606edr_f0651642ncam00312m1,test_msl,ALL,boundary_f1,0.9972826086956521,0,0,172993
segformer__pretrained__mit-b2__in_rover__seed1416__gpu_full__0292c93e__git3e52372c__codebebd8b2d__20260717T012339903058Z,msl_ncam_nlb_556763962edr_f0651642ncam07753m1,test_msl,soil,iou,,0,0,156742
segformer__pretrained__mit-b2__in_rover__seed1416__gpu_full__0292c93e__git3e52372c__codebebd8b2d__20260717T012339903058Z,msl_ncam_nlb_556763962edr_f0651642ncam07753m1,test_msl,bedrock,iou,0.8597833014659019,6745,7845,156742
segformer__pretrained__mit-b2__in_rover__seed1416__gpu_full__0292c93e__git3e52372c__codebebd8b2d__20260717T012339903058Z,msl_ncam_nlb_556763962edr_f0651642ncam07753m1,test_msl,sand,iou,0.9926929923396425,148897,149993,156742
segformer__pretrained__mit-b2__in_rover__seed1416__gpu_full__0292c93e__git3e52372c__codebebd8b2d__20260717T012339903058Z,msl_ncam_nlb_556763962edr_f0651642ncam07753m1,test_msl,big_rock,iou,0.0,0,4,156742
segformer__pretrained__mit-b2__in_rover__seed1416__gpu_full__0292c93e__git3e52372c__codebebd8b2d__20260717T012339903058Z,msl_ncam_nlb_556763962edr_f0651642ncam07753m1,test_msl,ALL,pixel_acc,0.9929820979699123,0,0,156742
segformer__pretrained__mit-b2__in_rover__seed1416__gpu_full__0292c93e__git3e52372c__codebebd8b2d__20260717T012339903058Z,msl_ncam_nlb_556763962edr_f0651642ncam07753m1,test_msl,ALL,boundary_f1,0.6021749103898734,0,0,156742
segformer__pretrained__mit-b2__in_rover__seed1416__gpu_full__0292c93e__git3e52372c__codebebd8b2d__20260717T012339903058Z,msl_ncam_nlb_556764110edr_f0651642ncam07753m1,test_msl,soil,iou,,0,0,19514
segformer__pretrained__mit-b2__in_rover__seed1416__gpu_full__0292c93e__git3e52372c__codebebd8b2d__20260717T012339903058Z,msl_ncam_nlb_556764110edr_f0651642ncam07753m1,test_msl,bedrock,iou,0.12786885245901639,78,610,19514
segformer__pretrained__mit-b2__in_rover__seed1416__gpu_full__0292c93e__git3e52372c__codebebd8b2d__20260717T012339903058Z,msl_ncam_nlb_556764110edr_f0651642ncam07753m1,test_msl,sand,iou,0.9726281127804075,18904,19436,19514
segformer__pretrained__mit-b2__in_rover__seed1416__gpu_full__0292c93e__git3e52372c__codebebd8b2d__20260717T012339903058Z,msl_ncam_nlb_556764110edr_f0651642ncam07753m1,test_msl,big_rock,iou,,0,0,19514
segformer__pretrained__mit-b2__in_rover__seed1416__gpu_full__0292c93e__git3e52372c__codebebd8b2d__20260717T012339903058Z,msl_ncam_nlb_556764110edr_f0651642ncam07753m1,test_msl,ALL,pixel_acc,0.9727375217792354,0,0,19514
segformer__pretrained__mit-b2__in_rover__seed1416__gpu_full__0292c93e__git3e52372c__codebebd8b2d__20260717T012339903058Z,msl_ncam_nlb_556764110edr_f0651642ncam07753m1,test_msl,ALL,boundary_f1,0.6846690944808925,0,0,19514
segformer__pretrained__mit-b2__in_rover__seed1416__gpu_full__0292c93e__git3e52372c__codebebd8b2d__20260717T012339903058Z,msl_ncam_nlb_556764172edr_f0651642ncam07753m1,test_msl,soil,iou,,0,0,45242
segformer__pretrained__mit-b2__in_rover__seed1416__gpu_full__0292c93e__git3e52372c__codebebd8b2d__20260717T012339903058Z,msl_ncam_nlb_556764172edr_f0651642ncam07753m1,test_msl,bedrock,iou,0.815690488984417,6072,7444,45242
segformer__pretrained__mit-b2__in_rover__seed1416__gpu_full__0292c93e__git3e52372c__codebebd8b2d__20260717T012339903058Z,msl_ncam_nlb_556764172edr_f0651642ncam07753m1,test_msl,sand,iou,0.9888293001962066,37798,38225,45242
segformer__pretrained__mit-b2__in_rover__seed1416__gpu_full__0292c93e__git3e52372c__codebebd8b2d__20260717T012339903058Z,msl_ncam_nlb_556764172edr_f0651642ncam07753m1,test_msl,big_rock,iou,0.0,0,945,45242
segformer__pretrained__mit-b2__in_rover__seed1416__gpu_full__0292c93e__git3e52372c__codebebd8b2d__20260717T012339903058Z,msl_ncam_nlb_556764172edr_f0651642ncam07753m1,test_msl,ALL,pixel_acc,0.9696741965430352,0,0,45242
segformer__pretrained__mit-b2__in_rover__seed1416__gpu_full__0292c93e__git3e52372c__codebebd8b2d__20260717T012339903058Z,msl_ncam_nlb_556764172edr_f0651642ncam07753m1,test_msl,ALL,boundary_f1,0.6230270178349063,0,0,45242
segformer__pretrained__mit-b2__in_rover__seed1416__gpu_full__0292c93e__git3e52372c__codebebd8b2d__20260717T012339903058Z,msl_ncam_nlb_558363908edr_f0660000ncam00375m1,test_msl,soil,iou,,0,0,137927
segformer__pretrained__mit-b2__in_rover__seed1416__gpu_full__0292c93e__git3e52372c__codebebd8b2d__20260717T012339903058Z,msl_ncam_nlb_558363908edr_f0660000ncam00375m1,test_msl,bedrock,iou,1.0,137927,137927,137927
segformer__pretrained__mit-b2__in_rover__seed1416__gpu_full__0292c93e__git3e52372c__codebebd8b2d__20260717T012339903058Z,msl_ncam_nlb_558363908edr_f0660000ncam00375m1,test_msl,sand,iou,,0,0,137927
segformer__pretrained__mit-b2__in_rover__seed1416__gpu_full__0292c93e__git3e52372c__codebebd8b2d__20260717T012339903058Z,msl_ncam_nlb_558363908edr_f0660000ncam00375m1,test_msl,big_rock,iou,,0,0,137927
segformer__pretrained__mit-b2__in_rover__seed1416__gpu_full__0292c93e__git3e52372c__codebebd8b2d__20260717T012339903058Z,msl_ncam_nlb_558363908edr_f0660000ncam00375m1,test_msl,ALL,pixel_acc,1.0,0,0,137927
segformer__pretrained__mit-b2__in_rover__seed1416__gpu_full__0292c93e__git3e52372c__codebebd8b2d__20260717T012339903058Z,msl_ncam_nlb_558363908edr_f0660000ncam00375m1,test_msl,ALL,boundary_f1,1.0,0,0,137927
segformer__pretrained__mit-b2__in_rover__seed1416__gpu_full__0292c93e__git3e52372c__codebebd8b2d__20260717T012339903058Z,msl_ncam_nlb_558364034edr_f0660000ncam00252m1,test_msl,soil,iou,,0,0,216388
segformer__pretrained__mit-b2__in_rover__seed1416__gpu_full__0292c93e__git3e52372c__codebebd8b2d__20260717T012339903058Z,msl_ncam_nlb_558364034edr_f0660000ncam00252m1,test_msl,bedrock,iou,1.0,216388,216388,216388
segformer__pretrained__mit-b2__in_rover__seed1416__gpu_full__0292c93e__git3e52372c__codebebd8b2d__20260717T012339903058Z,msl_ncam_nlb_558364034edr_f0660000ncam00252m1,test_msl,sand,iou,,0,0,216388
segformer__pretrained__mit-b2__in_rover__seed1416__gpu_full__0292c93e__git3e52372c__codebebd8b2d__20260717T012339903058Z,msl_ncam_nlb_558364034edr_f0660000ncam00252m1,test_msl,big_rock,iou,,0,0,216388
segformer__pretrained__mit-b2__in_rover__seed1416__gpu_full__0292c93e__git3e52372c__codebebd8b2d__20260717T012339903058Z,msl_ncam_nlb_558364034edr_f0660000ncam00252m1,test_msl,ALL,pixel_acc,1.0,0,0,216388
segformer__pretrained__mit-b2__in_rover__seed1416__gpu_full__0292c93e__git3e52372c__codebebd8b2d__20260717T012339903058Z,msl_ncam_nlb_558364034edr_f0660000ncam00252m1,test_msl,ALL,boundary_f1,1.0,0,0,216388
segformer__pretrained__mit-b2__in_rover__seed1416__gpu_full__0292c93e__git3e52372c__codebebd8b2d__20260717T012339903058Z,msl_ncam_nlb_558364090edr_f0660000ncam00252m1,test_msl,soil,iou,,0,0,0
segformer__pretrained__mit-b2__in_rover__seed1416__gpu_full__0292c93e__git3e52372c__codebebd8b2d__20260717T012339903058Z,msl_ncam_nlb_558364090edr_f0660000ncam00252m1,test_msl,bedrock,iou,,0,0,0
segformer__pretrained__mit-b2__in_rover__seed1416__gpu_full__0292c93e__git3e52372c__codebebd8b2d__20260717T012339903058Z,msl_ncam_nlb_558364090edr_f0660000ncam00252m1,test_msl,sand,iou,,0,0,0
segformer__pretrained__mit-b2__in_rover__seed1416__gpu_full__0292c93e__git3e52372c__codebebd8b2d__20260717T012339903058Z,msl_ncam_nlb_558364090edr_f0660000ncam00252m1,test_msl,big_rock,iou,,0,0,0
segformer__pretrained__mit-b2__in_rover__seed1416__gpu_full__0292c93e__git3e52372c__codebebd8b2d__20260717T012339903058Z,msl_ncam_nlb_558364090edr_f0660000ncam00252m1,test_msl,ALL,pixel_acc,,0,0,0
segformer__pretrained__mit-b2__in_rover__seed1416__gpu_full__0292c93e__git3e52372c__codebebd8b2d__20260717T012339903058Z,msl_ncam_nlb_558364090edr_f0660000ncam00252m1,test_msl,ALL,boundary_f1,,0,0,0
segformer__pretrained__mit-b2__in_rover__seed1416__gpu_full__0292c93e__git3e52372c__codebebd8b2d__20260717T012339903058Z,msl_ncam_nlb_558364829edr_f0660000ncam00253m1,test_msl,soil,iou,0.0,0,1311,110732
segformer__pretrained__mit-b2__in_rover__seed1416__gpu_full__0292c93e__git3e52372c__codebebd8b2d__20260717T012339903058Z,msl_ncam_nlb_558364829edr_f0660000ncam00253m1,test_msl,bedrock,iou,0.9881606039807824,109421,110732,110732
segformer__pretrained__mit-b2__in_rover__seed1416__gpu_full__0292c93e__git3e52372c__codebebd8b2d__20260717T012339903058Z,msl_ncam_nlb_558364829edr_f0660000ncam00253m1,test_msl,sand,iou,,0,0,110732
segformer__pretrained__mit-b2__in_rover__seed1416__gpu_full__0292c93e__git3e52372c__codebebd8b2d__20260717T012339903058Z,msl_ncam_nlb_558364829edr_f0660000ncam00253m1,test_msl,big_rock,iou,,0,0,110732
segformer__pretrained__mit-b2__in_rover__seed1416__gpu_full__0292c93e__git3e52372c__codebebd8b2d__20260717T012339903058Z,msl_ncam_nlb_558364829edr_f0660000ncam00253m1,test_msl,ALL,pixel_acc,0.9881606039807824,0,0,110732
segformer__pretrained__mit-b2__in_rover__seed1416__gpu_full__0292c93e__git3e52372c__codebebd8b2d__20260717T012339903058Z,msl_ncam_nlb_558364829edr_f0660000ncam00253m1,test_msl,ALL,boundary_f1,0.4826183917093008,0,0,110732
segformer__pretrained__mit-b2__in_rover__seed1416__gpu_full__0292c93e__git3e52372c__codebebd8b2d__20260717T012339903058Z,msl_ncam_nlb_558364943edr_f0660000ncam00253m1,test_msl,soil,iou,,0,0,3436
segformer__pretrained__mit-b2__in_rover__seed1416__gpu_full__0292c93e__git3e52372c__codebebd8b2d__20260717T012339903058Z,msl_ncam_nlb_558364943edr_f0660000ncam00253m1,test_msl,bedrock,iou,1.0,3436,3436,3436
segformer__pretrained__mit-b2__in_rover__seed1416__gpu_full__0292c93e__git3e52372c__codebebd8b2d__20260717T012339903058Z,msl_ncam_nlb_558364943edr_f0660000ncam00253m1,test_msl,sand,iou,,0,0,3436
segformer__pretrained__mit-b2__in_rover__seed1416__gpu_full__0292c93e__git3e52372c__codebebd8b2d__20260717T012339903058Z,msl_ncam_nlb_558364943edr_f0660000ncam00253m1,test_msl,big_rock,iou,,0,0,3436
segformer__pretrained__mit-b2__in_rover__seed1416__gpu_full__0292c93e__git3e52372c__codebebd8b2d__20260717T012339903058Z,msl_ncam_nlb_558364943edr_f0660000ncam00253m1,test_msl,ALL,pixel_acc,1.0,0,0,3436
segformer__pretrained__mit-b2__in_rover__seed1416__gpu_full__0292c93e__git3e52372c__codebebd8b2d__20260717T012339903058Z,msl_ncam_nlb_558364943edr_f0660000ncam00253m1,test_msl,ALL,boundary_f1,1.0,0,0,3436
segformer__pretrained__mit-b2__in_rover__seed1416__gpu_full__0292c93e__git3e52372c__codebebd8b2d__20260717T012339903058Z,msl_ncam_nlb_558365006edr_f0660000ncam00253m1,test_msl,soil,iou,0.0,0,136,47526
segformer__pretrained__mit-b2__in_rover__seed1416__gpu_full__0292c93e__git3e52372c__codebebd8b2d__20260717T012339903058Z,msl_ncam_nlb_558365006edr_f0660000ncam00253m1,test_msl,bedrock,iou,0.9971384084501115,47390,47526,47526
segformer__pretrained__mit-b2__in_rover__seed1416__gpu_full__0292c93e__git3e52372c__codebebd8b2d__20260717T012339903058Z,msl_ncam_nlb_558365006edr_f0660000ncam00253m1,test_msl,sand,iou,,0,0,47526
segformer__pretrained__mit-b2__in_rover__seed1416__gpu_full__0292c93e__git3e52372c__codebebd8b2d__20260717T012339903058Z,msl_ncam_nlb_558365006edr_f0660000ncam00253m1,test_msl,big_rock,iou,,0,0,47526
segformer__pretrained__mit-b2__in_rover__seed1416__gpu_full__0292c93e__git3e52372c__codebebd8b2d__20260717T012339903058Z,msl_ncam_nlb_558365006edr_f0660000ncam00253m1,test_msl,ALL,pixel_acc,0.9971384084501115,0,0,47526
segformer__pretrained__mit-b2__in_rover__seed1416__gpu_full__0292c93e__git3e52372c__codebebd8b2d__20260717T012339903058Z,msl_ncam_nlb_558365006edr_f0660000ncam00253m1,test_msl,ALL,boundary_f1,0.4961896697713802,0,0,47526
segformer__pretrained__mit-b2__in_rover__seed1416__gpu_full__0292c93e__git3e52372c__codebebd8b2d__20260717T012339903058Z,msl_ncam_nlb_558365068edr_f0660000ncam00253m1,test_msl,soil,iou,,0,0,142185
segformer__pretrained__mit-b2__in_rover__seed1416__gpu_full__0292c93e__git3e52372c__codebebd8b2d__20260717T012339903058Z,msl_ncam_nlb_558365068edr_f0660000ncam00253m1,test_msl,bedrock,iou,1.0,142185,142185,142185
segformer__pretrained__mit-b2__in_rover__seed1416__gpu_full__0292c93e__git3e52372c__codebebd8b2d__20260717T012339903058Z,msl_ncam_nlb_558365068edr_f0660000ncam00253m1,test_msl,sand,iou,,0,0,142185
segformer__pretrained__mit-b2__in_rover__seed1416__gpu_full__0292c93e__git3e52372c__codebebd8b2d__20260717T012339903058Z,msl_ncam_nlb_558365068edr_f0660000ncam00253m1,test_msl,big_rock,iou,,0,0,142185
segformer__pretrained__mit-b2__in_rover__seed1416__gpu_full__0292c93e__git3e52372c__codebebd8b2d__20260717T012339903058Z,msl_ncam_nlb_558365068edr_f0660000ncam00253m1,test_msl,ALL,pixel_acc,1.0,0,0,142185
segformer__pretrained__mit-b2__in_rover__seed1416__gpu_full__0292c93e__git3e52372c__codebebd8b2d__20260717T012339903058Z,msl_ncam_nlb_558365068edr_f0660000ncam00253m1,test_msl,ALL,boundary_f1,1.0,0,0,142185
segformer__pretrained__mit-b2__in_rover__seed1416__gpu_full__0292c93e__git3e52372c__codebebd8b2d__20260717T012339903058Z,msl_ncam_nlb_560302217edr_f0660952ncam00320m1,test_msl,soil,iou,,0,0,41827
segformer__pretrained__mit-b2__in_rover__seed1416__gpu_full__0292c93e__git3e52372c__codebebd8b2d__20260717T012339903058Z,msl_ncam_nlb_560302217edr_f0660952ncam00320m1,test_msl,bedrock,iou,1.0,41827,41827,41827
segformer__pretrained__mit-b2__in_rover__seed1416__gpu_full__0292c93e__git3e52372c__codebebd8b2d__20260717T012339903058Z,msl_ncam_nlb_560302217edr_f0660952ncam00320m1,test_msl,sand,iou,,0,0,41827
segformer__pretrained__mit-b2__in_rover__seed1416__gpu_full__0292c93e__git3e52372c__codebebd8b2d__20260717T012339903058Z,msl_ncam_nlb_560302217edr_f0660952ncam00320m1,test_msl,big_rock,iou,,0,0,41827
segformer__pretrained__mit-b2__in_rover__seed1416__gpu_full__0292c93e__git3e52372c__codebebd8b2d__20260717T012339903058Z,msl_ncam_nlb_560302217edr_f0660952ncam00320m1,test_msl,ALL,pixel_acc,1.0,0,0,41827
segformer__pretrained__mit-b2__in_rover__seed1416__gpu_full__0292c93e__git3e52372c__codebebd8b2d__20260717T012339903058Z,msl_ncam_nlb_560302217edr_f0660952ncam00320m1,test_msl,ALL,boundary_f1,1.0,0,0,41827
segformer__pretrained__mit-b2__in_rover__seed1416__gpu_full__0292c93e__git3e52372c__codebebd8b2d__20260717T012339903058Z,msl_ncam_nlb_560310464edr_f0661030ncam00385m1,test_msl,soil,iou,,0,0,158565
segformer__pretrained__mit-b2__in_rover__seed1416__gpu_full__0292c93e__git3e52372c__codebebd8b2d__20260717T012339903058Z,msl_ncam_nlb_560310464edr_f0661030ncam00385m1,test_msl,bedrock,iou,1.0,158565,158565,158565
segformer__pretrained__mit-b2__in_rover__seed1416__gpu_full__0292c93e__git3e52372c__codebebd8b2d__20260717T012339903058Z,msl_ncam_nlb_560310464edr_f0661030ncam00385m1,test_msl,sand,iou,,0,0,158565
segformer__pretrained__mit-b2__in_rover__seed1416__gpu_full__0292c93e__git3e52372c__codebebd8b2d__20260717T012339903058Z,msl_ncam_nlb_560310464edr_f0661030ncam00385m1,test_msl,big_rock,iou,,0,0,158565
segformer__pretrained__mit-b2__in_rover__seed1416__gpu_full__0292c93e__git3e52372c__codebebd8b2d__20260717T012339903058Z,msl_ncam_nlb_560310464edr_f0661030ncam00385m1,test_msl,ALL,pixel_acc,1.0,0,0,158565
segformer__pretrained__mit-b2__in_rover__seed1416__gpu_full__0292c93e__git3e52372c__codebebd8b2d__20260717T012339903058Z,msl_ncam_nlb_560310464edr_f0661030ncam00385m1,test_msl,ALL,boundary_f1,1.0,0,0,158565
segformer__pretrained__mit-b2__in_rover__seed1416__gpu_full__0292c93e__git3e52372c__codebebd8b2d__20260717T012339903058Z,msl_ncam_nlb_560311677edr_f0661112ncam00353m1,test_msl,soil,iou,0.0,0,206,58722
segformer__pretrained__mit-b2__in_rover__seed1416__gpu_full__0292c93e__git3e52372c__codebebd8b2d__20260717T012339903058Z,msl_ncam_nlb_560311677edr_f0661112ncam00353m1,test_msl,bedrock,iou,0.9964919450972378,58516,58722,58722
segformer__pretrained__mit-b2__in_rover__seed1416__gpu_full__0292c93e__git3e52372c__codebebd8b2d__20260717T012339903058Z,msl_ncam_nlb_560311677edr_f0661112ncam00353m1,test_msl,sand,iou,,0,0,58722
segformer__pretrained__mit-b2__in_rover__seed1416__gpu_full__0292c93e__git3e52372c__codebebd8b2d__20260717T012339903058Z,msl_ncam_nlb_560311677edr_f0661112ncam00353m1,test_msl,big_rock,iou,,0,0,58722
segformer__pretrained__mit-b2__in_rover__seed1416__gpu_full__0292c93e__git3e52372c__codebebd8b2d__20260717T012339903058Z,msl_ncam_nlb_560311677edr_f0661112ncam00353m1,test_msl,ALL,pixel_acc,0.9964919450972378,0,0,58722
segformer__pretrained__mit-b2__in_rover__seed1416__gpu_full__0292c93e__git3e52372c__codebebd8b2d__20260717T012339903058Z,msl_ncam_nlb_560311677edr_f0661112ncam00353m1,test_msl,ALL,boundary_f1,0.4872396597242593,0,0,58722
segformer__pretrained__mit-b2__in_rover__seed1416__gpu_full__0292c93e__git3e52372c__codebebd8b2d__20260717T012339903058Z,msl_ncam_nlb_560311785edr_f0661112ncam00273m1,test_msl,soil,iou,,0,0,67364
segformer__pretrained__mit-b2__in_rover__seed1416__gpu_full__0292c93e__git3e52372c__codebebd8b2d__20260717T012339903058Z,msl_ncam_nlb_560311785edr_f0661112ncam00273m1,test_msl,bedrock,iou,1.0,67364,67364,67364
segformer__pretrained__mit-b2__in_rover__seed1416__gpu_full__0292c93e__git3e52372c__codebebd8b2d__20260717T012339903058Z,msl_ncam_nlb_560311785edr_f0661112ncam00273m1,test_msl,sand,iou,,0,0,67364
segformer__pretrained__mit-b2__in_rover__seed1416__gpu_full__0292c93e__git3e52372c__codebebd8b2d__20260717T012339903058Z,msl_ncam_nlb_560311785edr_f0661112ncam00273m1,test_msl,big_rock,iou,,0,0,67364
segformer__pretrained__mit-b2__in_rover__seed1416__gpu_full__0292c93e__git3e52372c__codebebd8b2d__20260717T012339903058Z,msl_ncam_nlb_560311785edr_f0661112ncam00273m1,test_msl,ALL,pixel_acc,1.0,0,0,67364
segformer__pretrained__mit-b2__in_rover__seed1416__gpu_full__0292c93e__git3e52372c__codebebd8b2d__20260717T012339903058Z,msl_ncam_nlb_560311785edr_f0661112ncam00273m1,test_msl,ALL,boundary_f1,1.0,0,0,67364
segformer__pretrained__mit-b2__in_rover__seed1416__gpu_full__0292c93e__git3e52372c__codebebd8b2d__20260717T012339903058Z,msl_ncam_nlb_560311842edr_f0661112ncam00273m1,test_msl,soil,iou,,0,0,94786
segformer__pretrained__mit-b2__in_rover__seed1416__gpu_full__0292c93e__git3e52372c__codebebd8b2d__20260717T012339903058Z,msl_ncam_nlb_560311842edr_f0661112ncam00273m1,test_msl,bedrock,iou,1.0,94786,94786,94786
segformer__pretrained__mit-b2__in_rover__seed1416__gpu_full__0292c93e__git3e52372c__codebebd8b2d__20260717T012339903058Z,msl_ncam_nlb_560311842edr_f0661112ncam00273m1,test_msl,sand,iou,,0,0,94786
segformer__pretrained__mit-b2__in_rover__seed1416__gpu_full__0292c93e__git3e52372c__codebebd8b2d__20260717T012339903058Z,msl_ncam_nlb_560311842edr_f0661112ncam00273m1,test_msl,big_rock,iou,,0,0,94786
segformer__pretrained__mit-b2__in_rover__seed1416__gpu_full__0292c93e__git3e52372c__codebebd8b2d__20260717T012339903058Z,msl_ncam_nlb_560311842edr_f0661112ncam00273m1,test_msl,ALL,pixel_acc,1.0,0,0,94786
segformer__pretrained__mit-b2__in_rover__seed1416__gpu_full__0292c93e__git3e52372c__codebebd8b2d__20260717T012339903058Z,msl_ncam_nlb_560311842edr_f0661112ncam00273m1,test_msl,ALL,boundary_f1,1.0,0,0,94786
segformer__pretrained__mit-b2__in_rover__seed1416__gpu_full__0292c93e__git3e52372c__codebebd8b2d__20260717T012339903058Z,msl_ncam_nlb_560311891edr_f0661112ncam00273m1,test_msl,soil,iou,,0,0,80347
segformer__pretrained__mit-b2__in_rover__seed1416__gpu_full__0292c93e__git3e52372c__codebebd8b2d__20260717T012339903058Z,msl_ncam_nlb_560311891edr_f0661112ncam00273m1,test_msl,bedrock,iou,1.0,80347,80347,80347
segformer__pretrained__mit-b2__in_rover__seed1416__gpu_full__0292c93e__git3e52372c__codebebd8b2d__20260717T012339903058Z,msl_ncam_nlb_560311891edr_f0661112ncam00273m1,test_msl,sand,iou,,0,0,80347
segformer__pretrained__mit-b2__in_rover__seed1416__gpu_full__0292c93e__git3e52372c__codebebd8b2d__20260717T012339903058Z,msl_ncam_nlb_560311891edr_f0661112ncam00273m1,test_msl,big_rock,iou,,0,0,80347
segformer__pretrained__mit-b2__in_rover__seed1416__gpu_full__0292c93e__git3e52372c__codebebd8b2d__20260717T012339903058Z,msl_ncam_nlb_560311891edr_f0661112ncam00273m1,test_msl,ALL,pixel_acc,1.0,0,0,80347
segformer__pretrained__mit-b2__in_rover__seed1416__gpu_full__0292c93e__git3e52372c__codebebd8b2d__20260717T012339903058Z,msl_ncam_nlb_560311891edr_f0661112ncam00273m1,test_msl,ALL,boundary_f1,1.0,0,0,80347
segformer__pretrained__mit-b2__in_rover__seed1416__gpu_full__0292c93e__git3e52372c__codebebd8b2d__20260717T012339903058Z,msl_ncam_nlb_560312189edr_f0661112ncam00354m1,test_msl,soil,iou,,0,0,115548
segformer__pretrained__mit-b2__in_rover__seed1416__gpu_full__0292c93e__git3e52372c__codebebd8b2d__20260717T012339903058Z,msl_ncam_nlb_560312189edr_f0661112ncam00354m1,test_msl,bedrock,iou,1.0,115548,115548,115548
segformer__pretrained__mit-b2__in_rover__seed1416__gpu_full__0292c93e__git3e52372c__codebebd8b2d__20260717T012339903058Z,msl_ncam_nlb_560312189edr_f0661112ncam00354m1,test_msl,sand,iou,,0,0,115548
segformer__pretrained__mit-b2__in_rover__seed1416__gpu_full__0292c93e__git3e52372c__codebebd8b2d__20260717T012339903058Z,msl_ncam_nlb_560312189edr_f0661112ncam00354m1,test_msl,big_rock,iou,,0,0,115548
segformer__pretrained__mit-b2__in_rover__seed1416__gpu_full__0292c93e__git3e52372c__codebebd8b2d__20260717T012339903058Z,msl_ncam_nlb_560312189edr_f0661112ncam00354m1,test_msl,ALL,pixel_acc,1.0,0,0,115548
segformer__pretrained__mit-b2__in_rover__seed1416__gpu_full__0292c93e__git3e52372c__codebebd8b2d__20260717T012339903058Z,msl_ncam_nlb_560312189edr_f0661112ncam00354m1,test_msl,ALL,boundary_f1,1.0,0,0,115548
segformer__pretrained__mit-b2__in_rover__seed1416__gpu_full__0292c93e__git3e52372c__codebebd8b2d__20260717T012339903058Z,msl_ncam_nlb_560316500edr_f0661112ncam00274m1,test_msl,soil,iou,,0,0,167888
segformer__pretrained__mit-b2__in_rover__seed1416__gpu_full__0292c93e__git3e52372c__codebebd8b2d__20260717T012339903058Z,msl_ncam_nlb_560316500edr_f0661112ncam00274m1,test_msl,bedrock,iou,1.0,167888,167888,167888
segformer__pretrained__mit-b2__in_rover__seed1416__gpu_full__0292c93e__git3e52372c__codebebd8b2d__20260717T012339903058Z,msl_ncam_nlb_560316500edr_f0661112ncam00274m1,test_msl,sand,iou,,0,0,167888
segformer__pretrained__mit-b2__in_rover__seed1416__gpu_full__0292c93e__git3e52372c__codebebd8b2d__20260717T012339903058Z,msl_ncam_nlb_560316500edr_f0661112ncam00274m1,test_msl,big_rock,iou,,0,0,167888
segformer__pretrained__mit-b2__in_rover__seed1416__gpu_full__0292c93e__git3e52372c__codebebd8b2d__20260717T012339903058Z,msl_ncam_nlb_560316500edr_f0661112ncam00274m1,test_msl,ALL,pixel_acc,1.0,0,0,167888
segformer__pretrained__mit-b2__in_rover__seed1416__gpu_full__0292c93e__git3e52372c__codebebd8b2d__20260717T012339903058Z,msl_ncam_nlb_560316500edr_f0661112ncam00274m1,test_msl,ALL,boundary_f1,1.0,0,0,167888
segformer__pretrained__mit-b2__in_rover__seed1416__gpu_full__0292c93e__git3e52372c__codebebd8b2d__20260717T012339903058Z,msl_ncam_nlb_560316562edr_f0661112ncam00274m1,test_msl,soil,iou,,0,0,130575
segformer__pretrained__mit-b2__in_rover__seed1416__gpu_full__0292c93e__git3e52372c__codebebd8b2d__20260717T012339903058Z,msl_ncam_nlb_560316562edr_f0661112ncam00274m1,test_msl,bedrock,iou,1.0,130575,130575,130575
segformer__pretrained__mit-b2__in_rover__seed1416__gpu_full__0292c93e__git3e52372c__codebebd8b2d__20260717T012339903058Z,msl_ncam_nlb_560316562edr_f0661112ncam00274m1,test_msl,sand,iou,,0,0,130575
segformer__pretrained__mit-b2__in_rover__seed1416__gpu_full__0292c93e__git3e52372c__codebebd8b2d__20260717T012339903058Z,msl_ncam_nlb_560316562edr_f0661112ncam00274m1,test_msl,big_rock,iou,,0,0,130575
segformer__pretrained__mit-b2__in_rover__seed1416__gpu_full__0292c93e__git3e52372c__codebebd8b2d__20260717T012339903058Z,msl_ncam_nlb_560316562edr_f0661112ncam00274m1,test_msl,ALL,pixel_acc,1.0,0,0,130575
segformer__pretrained__mit-b2__in_rover__seed1416__gpu_full__0292c93e__git3e52372c__codebebd8b2d__20260717T012339903058Z,msl_ncam_nlb_560316562edr_f0661112ncam00274m1,test_msl,ALL,boundary_f1,1.0,0,0,130575
segformer__pretrained__mit-b2__in_rover__seed1416__gpu_full__0292c93e__git3e52372c__codebebd8b2d__20260717T012339903058Z,msl_ncam_nlb_560316739edr_f0661112ncam00274m1,test_msl,soil,iou,,0,0,49617
segformer__pretrained__mit-b2__in_rover__seed1416__gpu_full__0292c93e__git3e52372c__codebebd8b2d__20260717T012339903058Z,msl_ncam_nlb_560316739edr_f0661112ncam00274m1,test_msl,bedrock,iou,1.0,49617,49617,49617
segformer__pretrained__mit-b2__in_rover__seed1416__gpu_full__0292c93e__git3e52372c__codebebd8b2d__20260717T012339903058Z,msl_ncam_nlb_560316739edr_f0661112ncam00274m1,test_msl,sand,iou,,0,0,49617
segformer__pretrained__mit-b2__in_rover__seed1416__gpu_full__0292c93e__git3e52372c__codebebd8b2d__20260717T012339903058Z,msl_ncam_nlb_560316739edr_f0661112ncam00274m1,test_msl,big_rock,iou,,0,0,49617
segformer__pretrained__mit-b2__in_rover__seed1416__gpu_full__0292c93e__git3e52372c__codebebd8b2d__20260717T012339903058Z,msl_ncam_nlb_560316739edr_f0661112ncam00274m1,test_msl,ALL,pixel_acc,1.0,0,0,49617
segformer__pretrained__mit-b2__in_rover__seed1416__gpu_full__0292c93e__git3e52372c__codebebd8b2d__20260717T012339903058Z,msl_ncam_nlb_560316739edr_f0661112ncam00274m1,test_msl,ALL,boundary_f1,1.0,0,0,49617
segformer__pretrained__mit-b2__in_rover__seed1416__gpu_full__0292c93e__git3e52372c__codebebd8b2d__20260717T012339903058Z,msl_ncam_nlb_565016252edr_f0670180ncam00385m1,test_msl,soil,iou,1.0,119731,119731,119731
segformer__pretrained__mit-b2__in_rover__seed1416__gpu_full__0292c93e__git3e52372c__codebebd8b2d__20260717T012339903058Z,msl_ncam_nlb_565016252edr_f0670180ncam00385m1,test_msl,bedrock,iou,,0,0,119731
segformer__pretrained__mit-b2__in_rover__seed1416__gpu_full__0292c93e__git3e52372c__codebebd8b2d__20260717T012339903058Z,msl_ncam_nlb_565016252edr_f0670180ncam00385m1,test_msl,sand,iou,,0,0,119731
segformer__pretrained__mit-b2__in_rover__seed1416__gpu_full__0292c93e__git3e52372c__codebebd8b2d__20260717T012339903058Z,msl_ncam_nlb_565016252edr_f0670180ncam00385m1,test_msl,big_rock,iou,,0,0,119731
segformer__pretrained__mit-b2__in_rover__seed1416__gpu_full__0292c93e__git3e52372c__codebebd8b2d__20260717T012339903058Z,msl_ncam_nlb_565016252edr_f0670180ncam00385m1,test_msl,ALL,pixel_acc,1.0,0,0,119731
segformer__pretrained__mit-b2__in_rover__seed1416__gpu_full__0292c93e__git3e52372c__codebebd8b2d__20260717T012339903058Z,msl_ncam_nlb_565016252edr_f0670180ncam00385m1,test_msl,ALL,boundary_f1,1.0,0,0,119731
segformer__pretrained__mit-b2__in_rover__seed1416__gpu_full__0292c93e__git3e52372c__codebebd8b2d__20260717T012339903058Z,msl_ncam_nlb_565022734edr_f0670216ncam00375m1,test_msl,soil,iou,0.9120341434668476,51073,55999,61281
segformer__pretrained__mit-b2__in_rover__seed1416__gpu_full__0292c93e__git3e52372c__codebebd8b2d__20260717T012339903058Z,msl_ncam_nlb_565022734edr_f0670216ncam00375m1,test_msl,bedrock,iou,0.5174373040752351,5282,10208,61281
segformer__pretrained__mit-b2__in_rover__seed1416__gpu_full__0292c93e__git3e52372c__codebebd8b2d__20260717T012339903058Z,msl_ncam_nlb_565022734edr_f0670216ncam00375m1,test_msl,sand,iou,,0,0,61281
segformer__pretrained__mit-b2__in_rover__seed1416__gpu_full__0292c93e__git3e52372c__codebebd8b2d__20260717T012339903058Z,msl_ncam_nlb_565022734edr_f0670216ncam00375m1,test_msl,big_rock,iou,,0,0,61281
segformer__pretrained__mit-b2__in_rover__seed1416__gpu_full__0292c93e__git3e52372c__codebebd8b2d__20260717T012339903058Z,msl_ncam_nlb_565022734edr_f0670216ncam00375m1,test_msl,ALL,pixel_acc,0.9196161942527048,0,0,61281
segformer__pretrained__mit-b2__in_rover__seed1416__gpu_full__0292c93e__git3e52372c__codebebd8b2d__20260717T012339903058Z,msl_ncam_nlb_565022734edr_f0670216ncam00375m1,test_msl,ALL,boundary_f1,0.7685317084186587,0,0,61281
segformer__pretrained__mit-b2__in_rover__seed1416__gpu_full__0292c93e__git3e52372c__codebebd8b2d__20260717T012339903058Z,msl_ncam_nlb_565022803edr_f0670216ncam00252m1,test_msl,soil,iou,0.9167881553287767,48422,52817,61883
segformer__pretrained__mit-b2__in_rover__seed1416__gpu_full__0292c93e__git3e52372c__codebebd8b2d__20260717T012339903058Z,msl_ncam_nlb_565022803edr_f0670216ncam00252m1,test_msl,bedrock,iou,,0,0,61883
segformer__pretrained__mit-b2__in_rover__seed1416__gpu_full__0292c93e__git3e52372c__codebebd8b2d__20260717T012339903058Z,msl_ncam_nlb_565022803edr_f0670216ncam00252m1,test_msl,sand,iou,0.6735012257633163,9066,13461,61883
segformer__pretrained__mit-b2__in_rover__seed1416__gpu_full__0292c93e__git3e52372c__codebebd8b2d__20260717T012339903058Z,msl_ncam_nlb_565022803edr_f0670216ncam00252m1,test_msl,big_rock,iou,,0,0,61883
segformer__pretrained__mit-b2__in_rover__seed1416__gpu_full__0292c93e__git3e52372c__codebebd8b2d__20260717T012339903058Z,msl_ncam_nlb_565022803edr_f0670216ncam00252m1,test_msl,ALL,pixel_acc,0.9289788794984083,0,0,61883
segformer__pretrained__mit-b2__in_rover__seed1416__gpu_full__0292c93e__git3e52372c__codebebd8b2d__20260717T012339903058Z,msl_ncam_nlb_565022803edr_f0670216ncam00252m1,test_msl,ALL,boundary_f1,0.7363321696611298,0,0,61883
segformer__pretrained__mit-b2__in_rover__seed1416__gpu_full__0292c93e__git3e52372c__codebebd8b2d__20260717T012339903058Z,msl_ncam_nlb_565022931edr_f0670216ncam00252m1,test_msl,soil,iou,1.0,213200,213200,213200
segformer__pretrained__mit-b2__in_rover__seed1416__gpu_full__0292c93e__git3e52372c__codebebd8b2d__20260717T012339903058Z,msl_ncam_nlb_565022931edr_f0670216ncam00252m1,test_msl,bedrock,iou,,0,0,213200
segformer__pretrained__mit-b2__in_rover__seed1416__gpu_full__0292c93e__git3e52372c__codebebd8b2d__20260717T012339903058Z,msl_ncam_nlb_565022931edr_f0670216ncam00252m1,test_msl,sand,iou,,0,0,213200
segformer__pretrained__mit-b2__in_rover__seed1416__gpu_full__0292c93e__git3e52372c__codebebd8b2d__20260717T012339903058Z,msl_ncam_nlb_565022931edr_f0670216ncam00252m1,test_msl,big_rock,iou,,0,0,213200
segformer__pretrained__mit-b2__in_rover__seed1416__gpu_full__0292c93e__git3e52372c__codebebd8b2d__20260717T012339903058Z,msl_ncam_nlb_565022931edr_f0670216ncam00252m1,test_msl,ALL,pixel_acc,1.0,0,0,213200
segformer__pretrained__mit-b2__in_rover__seed1416__gpu_full__0292c93e__git3e52372c__codebebd8b2d__20260717T012339903058Z,msl_ncam_nlb_565022931edr_f0670216ncam00252m1,test_msl,ALL,boundary_f1,1.0,0,0,213200
segformer__pretrained__mit-b2__in_rover__seed1416__gpu_full__0292c93e__git3e52372c__codebebd8b2d__20260717T012339903058Z,msl_ncam_nlb_565023199edr_f0670216ncam00312m1,test_msl,soil,iou,0.9978226008150535,135646,135942,135942
segformer__pretrained__mit-b2__in_rover__seed1416__gpu_full__0292c93e__git3e52372c__codebebd8b2d__20260717T012339903058Z,msl_ncam_nlb_565023199edr_f0670216ncam00312m1,test_msl,bedrock,iou,0.0,0,296,135942
segformer__pretrained__mit-b2__in_rover__seed1416__gpu_full__0292c93e__git3e52372c__codebebd8b2d__20260717T012339903058Z,msl_ncam_nlb_565023199edr_f0670216ncam00312m1,test_msl,sand,iou,,0,0,135942
segformer__pretrained__mit-b2__in_rover__seed1416__gpu_full__0292c93e__git3e52372c__codebebd8b2d__20260717T012339903058Z,msl_ncam_nlb_565023199edr_f0670216ncam00312m1,test_msl,big_rock,iou,,0,0,135942
segformer__pretrained__mit-b2__in_rover__seed1416__gpu_full__0292c93e__git3e52372c__codebebd8b2d__20260717T012339903058Z,msl_ncam_nlb_565023199edr_f0670216ncam00312m1,test_msl,ALL,pixel_acc,0.9978226008150535,0,0,135942
segformer__pretrained__mit-b2__in_rover__seed1416__gpu_full__0292c93e__git3e52372c__codebebd8b2d__20260717T012339903058Z,msl_ncam_nlb_565023199edr_f0670216ncam00312m1,test_msl,ALL,boundary_f1,0.48533163265306123,0,0,135942
segformer__pretrained__mit-b2__in_rover__seed1416__gpu_full__0292c93e__git3e52372c__codebebd8b2d__20260717T012339903058Z,msl_ncam_nlb_565023322edr_f0670216ncam00253m1,test_msl,soil,iou,1.0,197483,197483,197483
segformer__pretrained__mit-b2__in_rover__seed1416__gpu_full__0292c93e__git3e52372c__codebebd8b2d__20260717T012339903058Z,msl_ncam_nlb_565023322edr_f0670216ncam00253m1,test_msl,bedrock,iou,,0,0,197483
segformer__pretrained__mit-b2__in_rover__seed1416__gpu_full__0292c93e__git3e52372c__codebebd8b2d__20260717T012339903058Z,msl_ncam_nlb_565023322edr_f0670216ncam00253m1,test_msl,sand,iou,,0,0,197483
segformer__pretrained__mit-b2__in_rover__seed1416__gpu_full__0292c93e__git3e52372c__codebebd8b2d__20260717T012339903058Z,msl_ncam_nlb_565023322edr_f0670216ncam00253m1,test_msl,big_rock,iou,,0,0,197483
segformer__pretrained__mit-b2__in_rover__seed1416__gpu_full__0292c93e__git3e52372c__codebebd8b2d__20260717T012339903058Z,msl_ncam_nlb_565023322edr_f0670216ncam00253m1,test_msl,ALL,pixel_acc,1.0,0,0,197483
segformer__pretrained__mit-b2__in_rover__seed1416__gpu_full__0292c93e__git3e52372c__codebebd8b2d__20260717T012339903058Z,msl_ncam_nlb_565023322edr_f0670216ncam00253m1,test_msl,ALL,boundary_f1,1.0,0,0,197483
segformer__pretrained__mit-b2__in_rover__seed1416__gpu_full__0292c93e__git3e52372c__codebebd8b2d__20260717T012339903058Z,msl_ncam_nlb_565023592edr_f0670216ncam00253m1,test_msl,soil,iou,1.0,71215,71215,71215
segformer__pretrained__mit-b2__in_rover__seed1416__gpu_full__0292c93e__git3e52372c__codebebd8b2d__20260717T012339903058Z,msl_ncam_nlb_565023592edr_f0670216ncam00253m1,test_msl,bedrock,iou,,0,0,71215
segformer__pretrained__mit-b2__in_rover__seed1416__gpu_full__0292c93e__git3e52372c__codebebd8b2d__20260717T012339903058Z,msl_ncam_nlb_565023592edr_f0670216ncam00253m1,test_msl,sand,iou,,0,0,71215
segformer__pretrained__mit-b2__in_rover__seed1416__gpu_full__0292c93e__git3e52372c__codebebd8b2d__20260717T012339903058Z,msl_ncam_nlb_565023592edr_f0670216ncam00253m1,test_msl,big_rock,iou,,0,0,71215
segformer__pretrained__mit-b2__in_rover__seed1416__gpu_full__0292c93e__git3e52372c__codebebd8b2d__20260717T012339903058Z,msl_ncam_nlb_565023592edr_f0670216ncam00253m1,test_msl,ALL,pixel_acc,1.0,0,0,71215
segformer__pretrained__mit-b2__in_rover__seed1416__gpu_full__0292c93e__git3e52372c__codebebd8b2d__20260717T012339903058Z,msl_ncam_nlb_565023592edr_f0670216ncam00253m1,test_msl,ALL,boundary_f1,1.0,0,0,71215
segformer__pretrained__mit-b2__in_rover__seed1416__gpu_full__0292c93e__git3e52372c__codebebd8b2d__20260717T012339903058Z,msl_ncam_nlb_565365464edr_f0670550ncam00385m1,test_msl,soil,iou,0.9878394869029713,139234,140948,153367
segformer__pretrained__mit-b2__in_rover__seed1416__gpu_full__0292c93e__git3e52372c__codebebd8b2d__20260717T012339903058Z,msl_ncam_nlb_565365464edr_f0670550ncam00385m1,test_msl,bedrock,iou,0.8787235548008208,12419,14133,153367
segformer__pretrained__mit-b2__in_rover__seed1416__gpu_full__0292c93e__git3e52372c__codebebd8b2d__20260717T012339903058Z,msl_ncam_nlb_565365464edr_f0670550ncam00385m1,test_msl,sand,iou,,0,0,153367
segformer__pretrained__mit-b2__in_rover__seed1416__gpu_full__0292c93e__git3e52372c__codebebd8b2d__20260717T012339903058Z,msl_ncam_nlb_565365464edr_f0670550ncam00385m1,test_msl,big_rock,iou,,0,0,153367
segformer__pretrained__mit-b2__in_rover__seed1416__gpu_full__0292c93e__git3e52372c__codebebd8b2d__20260717T012339903058Z,msl_ncam_nlb_565365464edr_f0670550ncam00385m1,test_msl,ALL,pixel_acc,0.9888241929489394,0,0,153367
segformer__pretrained__mit-b2__in_rover__seed1416__gpu_full__0292c93e__git3e52372c__codebebd8b2d__20260717T012339903058Z,msl_ncam_nlb_565365464edr_f0670550ncam00385m1,test_msl,ALL,boundary_f1,0.9231766316389017,0,0,153367
segformer__pretrained__mit-b2__in_rover__seed1416__gpu_full__0292c93e__git3e52372c__codebebd8b2d__20260717T012339903058Z,msl_ncam_nlb_565366137edr_f0670604ncam00257m1,test_msl,soil,iou,0.9607643830046757,61438,63947,66635
segformer__pretrained__mit-b2__in_rover__seed1416__gpu_full__0292c93e__git3e52372c__codebebd8b2d__20260717T012339903058Z,msl_ncam_nlb_565366137edr_f0670604ncam00257m1,test_msl,bedrock,iou,0.5172214739272657,2688,5197,66635
segformer__pretrained__mit-b2__in_rover__seed1416__gpu_full__0292c93e__git3e52372c__codebebd8b2d__20260717T012339903058Z,msl_ncam_nlb_565366137edr_f0670604ncam00257m1,test_msl,sand,iou,,0,0,66635
segformer__pretrained__mit-b2__in_rover__seed1416__gpu_full__0292c93e__git3e52372c__codebebd8b2d__20260717T012339903058Z,msl_ncam_nlb_565366137edr_f0670604ncam00257m1,test_msl,big_rock,iou,,0,0,66635
segformer__pretrained__mit-b2__in_rover__seed1416__gpu_full__0292c93e__git3e52372c__codebebd8b2d__20260717T012339903058Z,msl_ncam_nlb_565366137edr_f0670604ncam00257m1,test_msl,ALL,pixel_acc,0.9623471148795678,0,0,66635
segformer__pretrained__mit-b2__in_rover__seed1416__gpu_full__0292c93e__git3e52372c__codebebd8b2d__20260717T012339903058Z,msl_ncam_nlb_565366137edr_f0670604ncam00257m1,test_msl,ALL,boundary_f1,0.7857224773280247,0,0,66635
segformer__pretrained__mit-b2__in_rover__seed1416__gpu_full__0292c93e__git3e52372c__codebebd8b2d__20260717T012339903058Z,msl_ncam_nlb_565367106edr_f0670650ncam00353m1,test_msl,soil,iou,0.6543537210003013,10859,16595,22563
segformer__pretrained__mit-b2__in_rover__seed1416__gpu_full__0292c93e__git3e52372c__codebebd8b2d__20260717T012339903058Z,msl_ncam_nlb_565367106edr_f0670650ncam00353m1,test_msl,bedrock,iou,0.5099111414900889,5968,11704,22563
segformer__pretrained__mit-b2__in_rover__seed1416__gpu_full__0292c93e__git3e52372c__codebebd8b2d__20260717T012339903058Z,msl_ncam_nlb_565367106edr_f0670650ncam00353m1,test_msl,sand,iou,,0,0,22563
segformer__pretrained__mit-b2__in_rover__seed1416__gpu_full__0292c93e__git3e52372c__codebebd8b2d__20260717T012339903058Z,msl_ncam_nlb_565367106edr_f0670650ncam00353m1,test_msl,big_rock,iou,,0,0,22563
segformer__pretrained__mit-b2__in_rover__seed1416__gpu_full__0292c93e__git3e52372c__codebebd8b2d__20260717T012339903058Z,msl_ncam_nlb_565367106edr_f0670650ncam00353m1,test_msl,ALL,pixel_acc,0.7457784869033374,0,0,22563
segformer__pretrained__mit-b2__in_rover__seed1416__gpu_full__0292c93e__git3e52372c__codebebd8b2d__20260717T012339903058Z,msl_ncam_nlb_565367106edr_f0670650ncam00353m1,test_msl,ALL,boundary_f1,0.6834572127601501,0,0,22563
segformer__pretrained__mit-b2__in_rover__seed1416__gpu_full__0292c93e__git3e52372c__codebebd8b2d__20260717T012339903058Z,msl_ncam_nlb_565373114edr_f0670650ncam12753m1,test_msl,soil,iou,1.0,145604,145604,145604
segformer__pretrained__mit-b2__in_rover__seed1416__gpu_full__0292c93e__git3e52372c__codebebd8b2d__20260717T012339903058Z,msl_ncam_nlb_565373114edr_f0670650ncam12753m1,test_msl,bedrock,iou,,0,0,145604
segformer__pretrained__mit-b2__in_rover__seed1416__gpu_full__0292c93e__git3e52372c__codebebd8b2d__20260717T012339903058Z,msl_ncam_nlb_565373114edr_f0670650ncam12753m1,test_msl,sand,iou,,0,0,145604
segformer__pretrained__mit-b2__in_rover__seed1416__gpu_full__0292c93e__git3e52372c__codebebd8b2d__20260717T012339903058Z,msl_ncam_nlb_565373114edr_f0670650ncam12753m1,test_msl,big_rock,iou,,0,0,145604
segformer__pretrained__mit-b2__in_rover__seed1416__gpu_full__0292c93e__git3e52372c__codebebd8b2d__20260717T012339903058Z,msl_ncam_nlb_565373114edr_f0670650ncam12753m1,test_msl,ALL,pixel_acc,1.0,0,0,145604
segformer__pretrained__mit-b2__in_rover__seed1416__gpu_full__0292c93e__git3e52372c__codebebd8b2d__20260717T012339903058Z,msl_ncam_nlb_565373114edr_f0670650ncam12753m1,test_msl,ALL,boundary_f1,1.0,0,0,145604
segformer__pretrained__mit-b2__in_rover__seed1416__gpu_full__0292c93e__git3e52372c__codebebd8b2d__20260717T012339903058Z,msl_ncam_nlb_565373298edr_f0670650ncam12753m1,test_msl,soil,iou,0.9981946403385049,35386,35450,37349
segformer__pretrained__mit-b2__in_rover__seed1416__gpu_full__0292c93e__git3e52372c__codebebd8b2d__20260717T012339903058Z,msl_ncam_nlb_565373298edr_f0670650ncam12753m1,test_msl,bedrock,iou,1.0,1899,1899,37349
segformer__pretrained__mit-b2__in_rover__seed1416__gpu_full__0292c93e__git3e52372c__codebebd8b2d__20260717T012339903058Z,msl_ncam_nlb_565373298edr_f0670650ncam12753m1,test_msl,sand,iou,0.0,0,64,37349
segformer__pretrained__mit-b2__in_rover__seed1416__gpu_full__0292c93e__git3e52372c__codebebd8b2d__20260717T012339903058Z,msl_ncam_nlb_565373298edr_f0670650ncam12753m1,test_msl,big_rock,iou,,0,0,37349
segformer__pretrained__mit-b2__in_rover__seed1416__gpu_full__0292c93e__git3e52372c__codebebd8b2d__20260717T012339903058Z,msl_ncam_nlb_565373298edr_f0670650ncam12753m1,test_msl,ALL,pixel_acc,0.9982864333717101,0,0,37349
segformer__pretrained__mit-b2__in_rover__seed1416__gpu_full__0292c93e__git3e52372c__codebebd8b2d__20260717T012339903058Z,msl_ncam_nlb_565373298edr_f0670650ncam12753m1,test_msl,ALL,boundary_f1,0.6666666666666666,0,0,37349
segformer__pretrained__mit-b2__in_rover__seed1416__gpu_full__0292c93e__git3e52372c__codebebd8b2d__20260717T012339903058Z,msl_ncam_nlb_565373360edr_f0670650ncam12753m1,test_msl,soil,iou,0.8213115880614793,35856,43657,50543
segformer__pretrained__mit-b2__in_rover__seed1416__gpu_full__0292c93e__git3e52372c__codebebd8b2d__20260717T012339903058Z,msl_ncam_nlb_565373360edr_f0670650ncam12753m1,test_msl,bedrock,iou,0.4688500034043712,6886,14687,50543
segformer__pretrained__mit-b2__in_rover__seed1416__gpu_full__0292c93e__git3e52372c__codebebd8b2d__20260717T012339903058Z,msl_ncam_nlb_565373360edr_f0670650ncam12753m1,test_msl,sand,iou,,0,0,50543
segformer__pretrained__mit-b2__in_rover__seed1416__gpu_full__0292c93e__git3e52372c__codebebd8b2d__20260717T012339903058Z,msl_ncam_nlb_565373360edr_f0670650ncam12753m1,test_msl,big_rock,iou,,0,0,50543
segformer__pretrained__mit-b2__in_rover__seed1416__gpu_full__0292c93e__git3e52372c__codebebd8b2d__20260717T012339903058Z,msl_ncam_nlb_565373360edr_f0670650ncam12753m1,test_msl,ALL,pixel_acc,0.8456561739508933,0,0,50543
segformer__pretrained__mit-b2__in_rover__seed1416__gpu_full__0292c93e__git3e52372c__codebebd8b2d__20260717T012339903058Z,msl_ncam_nlb_565373360edr_f0670650ncam12753m1,test_msl,ALL,boundary_f1,0.6796907790810369,0,0,50543
segformer__pretrained__mit-b2__in_rover__seed1416__gpu_full__0292c93e__git3e52372c__codebebd8b2d__20260717T012339903058Z,msl_ncam_nlb_565373417edr_f0670650ncam12753m1,test_msl,soil,iou,0.9456890219786429,66951,70796,70796
segformer__pretrained__mit-b2__in_rover__seed1416__gpu_full__0292c93e__git3e52372c__codebebd8b2d__20260717T012339903058Z,msl_ncam_nlb_565373417edr_f0670650ncam12753m1,test_msl,bedrock,iou,0.0,0,3845,70796
segformer__pretrained__mit-b2__in_rover__seed1416__gpu_full__0292c93e__git3e52372c__codebebd8b2d__20260717T012339903058Z,msl_ncam_nlb_565373417edr_f0670650ncam12753m1,test_msl,sand,iou,,0,0,70796
segformer__pretrained__mit-b2__in_rover__seed1416__gpu_full__0292c93e__git3e52372c__codebebd8b2d__20260717T012339903058Z,msl_ncam_nlb_565373417edr_f0670650ncam12753m1,test_msl,big_rock,iou,,0,0,70796
segformer__pretrained__mit-b2__in_rover__seed1416__gpu_full__0292c93e__git3e52372c__codebebd8b2d__20260717T012339903058Z,msl_ncam_nlb_565373417edr_f0670650ncam12753m1,test_msl,ALL,pixel_acc,0.9456890219786429,0,0,70796
segformer__pretrained__mit-b2__in_rover__seed1416__gpu_full__0292c93e__git3e52372c__codebebd8b2d__20260717T012339903058Z,msl_ncam_nlb_565373417edr_f0670650ncam12753m1,test_msl,ALL,boundary_f1,0.46806459387804294,0,0,70796
segformer__pretrained__mit-b2__in_rover__seed1416__gpu_full__0292c93e__git3e52372c__codebebd8b2d__20260717T012339903058Z,msl_ncam_nlb_565373904edr_f0670650ccam15903m1,test_msl,soil,iou,,0,0,0
segformer__pretrained__mit-b2__in_rover__seed1416__gpu_full__0292c93e__git3e52372c__codebebd8b2d__20260717T012339903058Z,msl_ncam_nlb_565373904edr_f0670650ccam15903m1,test_msl,bedrock,iou,,0,0,0
segformer__pretrained__mit-b2__in_rover__seed1416__gpu_full__0292c93e__git3e52372c__codebebd8b2d__20260717T012339903058Z,msl_ncam_nlb_565373904edr_f0670650ccam15903m1,test_msl,sand,iou,,0,0,0
segformer__pretrained__mit-b2__in_rover__seed1416__gpu_full__0292c93e__git3e52372c__codebebd8b2d__20260717T012339903058Z,msl_ncam_nlb_565373904edr_f0670650ccam15903m1,test_msl,big_rock,iou,,0,0,0
segformer__pretrained__mit-b2__in_rover__seed1416__gpu_full__0292c93e__git3e52372c__codebebd8b2d__20260717T012339903058Z,msl_ncam_nlb_565373904edr_f0670650ccam15903m1,test_msl,ALL,pixel_acc,,0,0,0
segformer__pretrained__mit-b2__in_rover__seed1416__gpu_full__0292c93e__git3e52372c__codebebd8b2d__20260717T012339903058Z,msl_ncam_nlb_565373904edr_f0670650ccam15903m1,test_msl,ALL,boundary_f1,,0,0,0
segformer__pretrained__mit-b2__in_rover__seed1416__gpu_full__0292c93e__git3e52372c__codebebd8b2d__20260717T012339903058Z,msl_ncam_nlb_565810401edr_f0670962ncam00386m1,test_msl,soil,iou,1.0,251102,251102,251102
segformer__pretrained__mit-b2__in_rover__seed1416__gpu_full__0292c93e__git3e52372c__codebebd8b2d__20260717T012339903058Z,msl_ncam_nlb_565810401edr_f0670962ncam00386m1,test_msl,bedrock,iou,,0,0,251102
segformer__pretrained__mit-b2__in_rover__seed1416__gpu_full__0292c93e__git3e52372c__codebebd8b2d__20260717T012339903058Z,msl_ncam_nlb_565810401edr_f0670962ncam00386m1,test_msl,sand,iou,,0,0,251102
segformer__pretrained__mit-b2__in_rover__seed1416__gpu_full__0292c93e__git3e52372c__codebebd8b2d__20260717T012339903058Z,msl_ncam_nlb_565810401edr_f0670962ncam00386m1,test_msl,big_rock,iou,,0,0,251102
segformer__pretrained__mit-b2__in_rover__seed1416__gpu_full__0292c93e__git3e52372c__codebebd8b2d__20260717T012339903058Z,msl_ncam_nlb_565810401edr_f0670962ncam00386m1,test_msl,ALL,pixel_acc,1.0,0,0,251102
segformer__pretrained__mit-b2__in_rover__seed1416__gpu_full__0292c93e__git3e52372c__codebebd8b2d__20260717T012339903058Z,msl_ncam_nlb_565810401edr_f0670962ncam00386m1,test_msl,ALL,boundary_f1,1.0,0,0,251102
segformer__pretrained__mit-b2__in_rover__seed1416__gpu_full__0292c93e__git3e52372c__codebebd8b2d__20260717T012339903058Z,msl_ncam_nlb_565811189edr_f0671016ncam00353m1,test_msl,soil,iou,,0,0,0
segformer__pretrained__mit-b2__in_rover__seed1416__gpu_full__0292c93e__git3e52372c__codebebd8b2d__20260717T012339903058Z,msl_ncam_nlb_565811189edr_f0671016ncam00353m1,test_msl,bedrock,iou,,0,0,0
segformer__pretrained__mit-b2__in_rover__seed1416__gpu_full__0292c93e__git3e52372c__codebebd8b2d__20260717T012339903058Z,msl_ncam_nlb_565811189edr_f0671016ncam00353m1,test_msl,sand,iou,,0,0,0
segformer__pretrained__mit-b2__in_rover__seed1416__gpu_full__0292c93e__git3e52372c__codebebd8b2d__20260717T012339903058Z,msl_ncam_nlb_565811189edr_f0671016ncam00353m1,test_msl,big_rock,iou,,0,0,0
segformer__pretrained__mit-b2__in_rover__seed1416__gpu_full__0292c93e__git3e52372c__codebebd8b2d__20260717T012339903058Z,msl_ncam_nlb_565811189edr_f0671016ncam00353m1,test_msl,ALL,pixel_acc,,0,0,0
segformer__pretrained__mit-b2__in_rover__seed1416__gpu_full__0292c93e__git3e52372c__codebebd8b2d__20260717T012339903058Z,msl_ncam_nlb_565811189edr_f0671016ncam00353m1,test_msl,ALL,boundary_f1,,0,0,0
segformer__pretrained__mit-b2__in_rover__seed1416__gpu_full__0292c93e__git3e52372c__codebebd8b2d__20260717T012339903058Z,msl_ncam_nlb_565811345edr_f0671016ncam00261m1,test_msl,soil,iou,1.0,108477,108477,108477
segformer__pretrained__mit-b2__in_rover__seed1416__gpu_full__0292c93e__git3e52372c__codebebd8b2d__20260717T012339903058Z,msl_ncam_nlb_565811345edr_f0671016ncam00261m1,test_msl,bedrock,iou,,0,0,108477
segformer__pretrained__mit-b2__in_rover__seed1416__gpu_full__0292c93e__git3e52372c__codebebd8b2d__20260717T012339903058Z,msl_ncam_nlb_565811345edr_f0671016ncam00261m1,test_msl,sand,iou,,0,0,108477
segformer__pretrained__mit-b2__in_rover__seed1416__gpu_full__0292c93e__git3e52372c__codebebd8b2d__20260717T012339903058Z,msl_ncam_nlb_565811345edr_f0671016ncam00261m1,test_msl,big_rock,iou,,0,0,108477
segformer__pretrained__mit-b2__in_rover__seed1416__gpu_full__0292c93e__git3e52372c__codebebd8b2d__20260717T012339903058Z,msl_ncam_nlb_565811345edr_f0671016ncam00261m1,test_msl,ALL,pixel_acc,1.0,0,0,108477
segformer__pretrained__mit-b2__in_rover__seed1416__gpu_full__0292c93e__git3e52372c__codebebd8b2d__20260717T012339903058Z,msl_ncam_nlb_565811345edr_f0671016ncam00261m1,test_msl,ALL,boundary_f1,1.0,0,0,108477
segformer__pretrained__mit-b2__in_rover__seed1416__gpu_full__0292c93e__git3e52372c__codebebd8b2d__20260717T012339903058Z,msl_ncam_nlb_565811572edr_f0671016ncam00261m1,test_msl,soil,iou,0.9963715666184129,105996,106382,107460
segformer__pretrained__mit-b2__in_rover__seed1416__gpu_full__0292c93e__git3e52372c__codebebd8b2d__20260717T012339903058Z,msl_ncam_nlb_565811572edr_f0671016ncam00261m1,test_msl,bedrock,iou,0.7363387978142076,1078,1464,107460
segformer__pretrained__mit-b2__in_rover__seed1416__gpu_full__0292c93e__git3e52372c__codebebd8b2d__20260717T012339903058Z,msl_ncam_nlb_565811572edr_f0671016ncam00261m1,test_msl,sand,iou,,0,0,107460
segformer__pretrained__mit-b2__in_rover__seed1416__gpu_full__0292c93e__git3e52372c__codebebd8b2d__20260717T012339903058Z,msl_ncam_nlb_565811572edr_f0671016ncam00261m1,test_msl,big_rock,iou,,0,0,107460
segformer__pretrained__mit-b2__in_rover__seed1416__gpu_full__0292c93e__git3e52372c__codebebd8b2d__20260717T012339903058Z,msl_ncam_nlb_565811572edr_f0671016ncam00261m1,test_msl,ALL,pixel_acc,0.9964079657546995,0,0,107460
segformer__pretrained__mit-b2__in_rover__seed1416__gpu_full__0292c93e__git3e52372c__codebebd8b2d__20260717T012339903058Z,msl_ncam_nlb_565811572edr_f0671016ncam00261m1,test_msl,ALL,boundary_f1,0.832687907048236,0,0,107460
segformer__pretrained__mit-b2__in_rover__seed1416__gpu_full__0292c93e__git3e52372c__codebebd8b2d__20260717T012339903058Z,msl_ncam_nlb_565811686edr_f0671016ncam00261m1,test_msl,soil,iou,1.0,54790,54790,54790
segformer__pretrained__mit-b2__in_rover__seed1416__gpu_full__0292c93e__git3e52372c__codebebd8b2d__20260717T012339903058Z,msl_ncam_nlb_565811686edr_f0671016ncam00261m1,test_msl,bedrock,iou,,0,0,54790
segformer__pretrained__mit-b2__in_rover__seed1416__gpu_full__0292c93e__git3e52372c__codebebd8b2d__20260717T012339903058Z,msl_ncam_nlb_565811686edr_f0671016ncam00261m1,test_msl,sand,iou,,0,0,54790
segformer__pretrained__mit-b2__in_rover__seed1416__gpu_full__0292c93e__git3e52372c__codebebd8b2d__20260717T012339903058Z,msl_ncam_nlb_565811686edr_f0671016ncam00261m1,test_msl,big_rock,iou,,0,0,54790
segformer__pretrained__mit-b2__in_rover__seed1416__gpu_full__0292c93e__git3e52372c__codebebd8b2d__20260717T012339903058Z,msl_ncam_nlb_565811686edr_f0671016ncam00261m1,test_msl,ALL,pixel_acc,1.0,0,0,54790
segformer__pretrained__mit-b2__in_rover__seed1416__gpu_full__0292c93e__git3e52372c__codebebd8b2d__20260717T012339903058Z,msl_ncam_nlb_565811686edr_f0671016ncam00261m1,test_msl,ALL,boundary_f1,1.0,0,0,54790
segformer__pretrained__mit-b2__in_rover__seed1416__gpu_full__0292c93e__git3e52372c__codebebd8b2d__20260717T012339903058Z,msl_ncam_nlb_565812047edr_f0671016ncam00312m1,test_msl,soil,iou,1.0,188747,188747,188747
segformer__pretrained__mit-b2__in_rover__seed1416__gpu_full__0292c93e__git3e52372c__codebebd8b2d__20260717T012339903058Z,msl_ncam_nlb_565812047edr_f0671016ncam00312m1,test_msl,bedrock,iou,,0,0,188747
segformer__pretrained__mit-b2__in_rover__seed1416__gpu_full__0292c93e__git3e52372c__codebebd8b2d__20260717T012339903058Z,msl_ncam_nlb_565812047edr_f0671016ncam00312m1,test_msl,sand,iou,,0,0,188747
segformer__pretrained__mit-b2__in_rover__seed1416__gpu_full__0292c93e__git3e52372c__codebebd8b2d__20260717T012339903058Z,msl_ncam_nlb_565812047edr_f0671016ncam00312m1,test_msl,big_rock,iou,,0,0,188747
segformer__pretrained__mit-b2__in_rover__seed1416__gpu_full__0292c93e__git3e52372c__codebebd8b2d__20260717T012339903058Z,msl_ncam_nlb_565812047edr_f0671016ncam00312m1,test_msl,ALL,pixel_acc,1.0,0,0,188747
segformer__pretrained__mit-b2__in_rover__seed1416__gpu_full__0292c93e__git3e52372c__codebebd8b2d__20260717T012339903058Z,msl_ncam_nlb_565812047edr_f0671016ncam00312m1,test_msl,ALL,boundary_f1,1.0,0,0,188747
segformer__pretrained__mit-b2__in_rover__seed1416__gpu_full__0292c93e__git3e52372c__codebebd8b2d__20260717T012339903058Z,msl_ncam_nlb_570072657edr_f0672848ncam00385m1,test_msl,soil,iou,,0,0,0
segformer__pretrained__mit-b2__in_rover__seed1416__gpu_full__0292c93e__git3e52372c__codebebd8b2d__20260717T012339903058Z,msl_ncam_nlb_570072657edr_f0672848ncam00385m1,test_msl,bedrock,iou,,0,0,0
segformer__pretrained__mit-b2__in_rover__seed1416__gpu_full__0292c93e__git3e52372c__codebebd8b2d__20260717T012339903058Z,msl_ncam_nlb_570072657edr_f0672848ncam00385m1,test_msl,sand,iou,,0,0,0
segformer__pretrained__mit-b2__in_rover__seed1416__gpu_full__0292c93e__git3e52372c__codebebd8b2d__20260717T012339903058Z,msl_ncam_nlb_570072657edr_f0672848ncam00385m1,test_msl,big_rock,iou,,0,0,0
segformer__pretrained__mit-b2__in_rover__seed1416__gpu_full__0292c93e__git3e52372c__codebebd8b2d__20260717T012339903058Z,msl_ncam_nlb_570072657edr_f0672848ncam00385m1,test_msl,ALL,pixel_acc,,0,0,0
segformer__pretrained__mit-b2__in_rover__seed1416__gpu_full__0292c93e__git3e52372c__codebebd8b2d__20260717T012339903058Z,msl_ncam_nlb_570072657edr_f0672848ncam00385m1,test_msl,ALL,boundary_f1,,0,0,0
segformer__pretrained__mit-b2__in_rover__seed1416__gpu_full__0292c93e__git3e52372c__codebebd8b2d__20260717T012339903058Z,msl_ncam_nlb_570073321edr_f0672884ncam00375m1,test_msl,soil,iou,1.0,148527,148527,148527
segformer__pretrained__mit-b2__in_rover__seed1416__gpu_full__0292c93e__git3e52372c__codebebd8b2d__20260717T012339903058Z,msl_ncam_nlb_570073321edr_f0672884ncam00375m1,test_msl,bedrock,iou,,0,0,148527
segformer__pretrained__mit-b2__in_rover__seed1416__gpu_full__0292c93e__git3e52372c__codebebd8b2d__20260717T012339903058Z,msl_ncam_nlb_570073321edr_f0672884ncam00375m1,test_msl,sand,iou,,0,0,148527
segformer__pretrained__mit-b2__in_rover__seed1416__gpu_full__0292c93e__git3e52372c__codebebd8b2d__20260717T012339903058Z,msl_ncam_nlb_570073321edr_f0672884ncam00375m1,test_msl,big_rock,iou,,0,0,148527
segformer__pretrained__mit-b2__in_rover__seed1416__gpu_full__0292c93e__git3e52372c__codebebd8b2d__20260717T012339903058Z,msl_ncam_nlb_570073321edr_f0672884ncam00375m1,test_msl,ALL,pixel_acc,1.0,0,0,148527
segformer__pretrained__mit-b2__in_rover__seed1416__gpu_full__0292c93e__git3e52372c__codebebd8b2d__20260717T012339903058Z,msl_ncam_nlb_570073321edr_f0672884ncam00375m1,test_msl,ALL,boundary_f1,1.0,0,0,148527
segformer__pretrained__mit-b2__in_rover__seed1416__gpu_full__0292c93e__git3e52372c__codebebd8b2d__20260717T012339903058Z,msl_ncam_nlb_570073400edr_f0672884ncam00284m1,test_msl,soil,iou,0.9998587640441503,141587,141607,141607
segformer__pretrained__mit-b2__in_rover__seed1416__gpu_full__0292c93e__git3e52372c__codebebd8b2d__20260717T012339903058Z,msl_ncam_nlb_570073400edr_f0672884ncam00284m1,test_msl,bedrock,iou,,0,0,141607
segformer__pretrained__mit-b2__in_rover__seed1416__gpu_full__0292c93e__git3e52372c__codebebd8b2d__20260717T012339903058Z,msl_ncam_nlb_570073400edr_f0672884ncam00284m1,test_msl,sand,iou,0.0,0,20,141607
segformer__pretrained__mit-b2__in_rover__seed1416__gpu_full__0292c93e__git3e52372c__codebebd8b2d__20260717T012339903058Z,msl_ncam_nlb_570073400edr_f0672884ncam00284m1,test_msl,big_rock,iou,,0,0,141607
segformer__pretrained__mit-b2__in_rover__seed1416__gpu_full__0292c93e__git3e52372c__codebebd8b2d__20260717T012339903058Z,msl_ncam_nlb_570073400edr_f0672884ncam00284m1,test_msl,ALL,pixel_acc,0.9998587640441503,0,0,141607
segformer__pretrained__mit-b2__in_rover__seed1416__gpu_full__0292c93e__git3e52372c__codebebd8b2d__20260717T012339903058Z,msl_ncam_nlb_570073400edr_f0672884ncam00284m1,test_msl,ALL,boundary_f1,0.5,0,0,141607
segformer__pretrained__mit-b2__in_rover__seed1416__gpu_full__0292c93e__git3e52372c__codebebd8b2d__20260717T012339903058Z,msl_ncam_nlb_570073456edr_f0672884ncam00284m1,test_msl,soil,iou,0.9906307627108938,86489,87307,96552
segformer__pretrained__mit-b2__in_rover__seed1416__gpu_full__0292c93e__git3e52372c__codebebd8b2d__20260717T012339903058Z,msl_ncam_nlb_570073456edr_f0672884ncam00284m1,test_msl,bedrock,iou,0.9187121136837921,9245,10063,96552
segformer__pretrained__mit-b2__in_rover__seed1416__gpu_full__0292c93e__git3e52372c__codebebd8b2d__20260717T012339903058Z,msl_ncam_nlb_570073456edr_f0672884ncam00284m1,test_msl,sand,iou,,0,0,96552
segformer__pretrained__mit-b2__in_rover__seed1416__gpu_full__0292c93e__git3e52372c__codebebd8b2d__20260717T012339903058Z,msl_ncam_nlb_570073456edr_f0672884ncam00284m1,test_msl,big_rock,iou,,0,0,96552
segformer__pretrained__mit-b2__in_rover__seed1416__gpu_full__0292c93e__git3e52372c__codebebd8b2d__20260717T012339903058Z,msl_ncam_nlb_570073456edr_f0672884ncam00284m1,test_msl,ALL,pixel_acc,0.9915278813489105,0,0,96552
segformer__pretrained__mit-b2__in_rover__seed1416__gpu_full__0292c93e__git3e52372c__codebebd8b2d__20260717T012339903058Z,msl_ncam_nlb_570073456edr_f0672884ncam00284m1,test_msl,ALL,boundary_f1,0.9060686627252209,0,0,96552
segformer__pretrained__mit-b2__in_rover__seed1416__gpu_full__0292c93e__git3e52372c__codebebd8b2d__20260717T012339903058Z,msl_ncam_nlb_570074025edr_f0672884ncam00285m1,test_msl,soil,iou,0.9324724239978477,17330,18585,105810
segformer__pretrained__mit-b2__in_rover__seed1416__gpu_full__0292c93e__git3e52372c__codebebd8b2d__20260717T012339903058Z,msl_ncam_nlb_570074025edr_f0672884ncam00285m1,test_msl,bedrock,iou,0.9990722287128032,87225,87306,105810
segformer__pretrained__mit-b2__in_rover__seed1416__gpu_full__0292c93e__git3e52372c__codebebd8b2d__20260717T012339903058Z,msl_ncam_nlb_570074025edr_f0672884ncam00285m1,test_msl,sand,iou,0.0,0,1174,105810
segformer__pretrained__mit-b2__in_rover__seed1416__gpu_full__0292c93e__git3e52372c__codebebd8b2d__20260717T012339903058Z,msl_ncam_nlb_570074025edr_f0672884ncam00285m1,test_msl,big_rock,iou,,0,0,105810
segformer__pretrained__mit-b2__in_rover__seed1416__gpu_full__0292c93e__git3e52372c__codebebd8b2d__20260717T012339903058Z,msl_ncam_nlb_570074025edr_f0672884ncam00285m1,test_msl,ALL,pixel_acc,0.9881391172857008,0,0,105810
segformer__pretrained__mit-b2__in_rover__seed1416__gpu_full__0292c93e__git3e52372c__codebebd8b2d__20260717T012339903058Z,msl_ncam_nlb_570074025edr_f0672884ncam00285m1,test_msl,ALL,boundary_f1,0.6113176940281386,0,0,105810
segformer__pretrained__mit-b2__in_rover__seed1416__gpu_full__0292c93e__git3e52372c__codebebd8b2d__20260717T012339903058Z,msl_ncam_nlb_570074144edr_f0672884ncam00285m1,test_msl,soil,iou,,0,0,14959
segformer__pretrained__mit-b2__in_rover__seed1416__gpu_full__0292c93e__git3e52372c__codebebd8b2d__20260717T012339903058Z,msl_ncam_nlb_570074144edr_f0672884ncam00285m1,test_msl,bedrock,iou,1.0,14959,14959,14959
segformer__pretrained__mit-b2__in_rover__seed1416__gpu_full__0292c93e__git3e52372c__codebebd8b2d__20260717T012339903058Z,msl_ncam_nlb_570074144edr_f0672884ncam00285m1,test_msl,sand,iou,,0,0,14959
segformer__pretrained__mit-b2__in_rover__seed1416__gpu_full__0292c93e__git3e52372c__codebebd8b2d__20260717T012339903058Z,msl_ncam_nlb_570074144edr_f0672884ncam00285m1,test_msl,big_rock,iou,,0,0,14959
segformer__pretrained__mit-b2__in_rover__seed1416__gpu_full__0292c93e__git3e52372c__codebebd8b2d__20260717T012339903058Z,msl_ncam_nlb_570074144edr_f0672884ncam00285m1,test_msl,ALL,pixel_acc,1.0,0,0,14959
segformer__pretrained__mit-b2__in_rover__seed1416__gpu_full__0292c93e__git3e52372c__codebebd8b2d__20260717T012339903058Z,msl_ncam_nlb_570074144edr_f0672884ncam00285m1,test_msl,ALL,boundary_f1,1.0,0,0,14959
segformer__pretrained__mit-b2__in_rover__seed1416__gpu_full__0292c93e__git3e52372c__codebebd8b2d__20260717T012339903058Z,msl_ncam_nlb_570074258edr_f0672884ncam00285m1,test_msl,soil,iou,1.0,90077,90077,90077
segformer__pretrained__mit-b2__in_rover__seed1416__gpu_full__0292c93e__git3e52372c__codebebd8b2d__20260717T012339903058Z,msl_ncam_nlb_570074258edr_f0672884ncam00285m1,test_msl,bedrock,iou,,0,0,90077
segformer__pretrained__mit-b2__in_rover__seed1416__gpu_full__0292c93e__git3e52372c__codebebd8b2d__20260717T012339903058Z,msl_ncam_nlb_570074258edr_f0672884ncam00285m1,test_msl,sand,iou,,0,0,90077
segformer__pretrained__mit-b2__in_rover__seed1416__gpu_full__0292c93e__git3e52372c__codebebd8b2d__20260717T012339903058Z,msl_ncam_nlb_570074258edr_f0672884ncam00285m1,test_msl,big_rock,iou,,0,0,90077
segformer__pretrained__mit-b2__in_rover__seed1416__gpu_full__0292c93e__git3e52372c__codebebd8b2d__20260717T012339903058Z,msl_ncam_nlb_570074258edr_f0672884ncam00285m1,test_msl,ALL,pixel_acc,1.0,0,0,90077
segformer__pretrained__mit-b2__in_rover__seed1416__gpu_full__0292c93e__git3e52372c__codebebd8b2d__20260717T012339903058Z,msl_ncam_nlb_570074258edr_f0672884ncam00285m1,test_msl,ALL,boundary_f1,1.0,0,0,90077
segformer__pretrained__mit-b2__in_rover__seed1416__gpu_full__0292c93e__git3e52372c__codebebd8b2d__20260717T012339903058Z,msl_ncam_nlb_574061102edr_f0681232ncam00320m1,test_msl,soil,iou,0.5123359580052493,13664,26670,26670
segformer__pretrained__mit-b2__in_rover__seed1416__gpu_full__0292c93e__git3e52372c__codebebd8b2d__20260717T012339903058Z,msl_ncam_nlb_574061102edr_f0681232ncam00320m1,test_msl,bedrock,iou,0.0,0,13006,26670
segformer__pretrained__mit-b2__in_rover__seed1416__gpu_full__0292c93e__git3e52372c__codebebd8b2d__20260717T012339903058Z,msl_ncam_nlb_574061102edr_f0681232ncam00320m1,test_msl,sand,iou,,0,0,26670
segformer__pretrained__mit-b2__in_rover__seed1416__gpu_full__0292c93e__git3e52372c__codebebd8b2d__20260717T012339903058Z,msl_ncam_nlb_574061102edr_f0681232ncam00320m1,test_msl,big_rock,iou,,0,0,26670
segformer__pretrained__mit-b2__in_rover__seed1416__gpu_full__0292c93e__git3e52372c__codebebd8b2d__20260717T012339903058Z,msl_ncam_nlb_574061102edr_f0681232ncam00320m1,test_msl,ALL,pixel_acc,0.5123359580052493,0,0,26670
segformer__pretrained__mit-b2__in_rover__seed1416__gpu_full__0292c93e__git3e52372c__codebebd8b2d__20260717T012339903058Z,msl_ncam_nlb_574061102edr_f0681232ncam00320m1,test_msl,ALL,boundary_f1,0.33889438045093573,0,0,26670
segformer__pretrained__mit-b2__in_rover__seed1416__gpu_full__0292c93e__git3e52372c__codebebd8b2d__20260717T012339903058Z,msl_ncam_nlb_574071379edr_f0681556ncam00379m1,test_msl,soil,iou,0.8817669035235514,12037,13651,116837
segformer__pretrained__mit-b2__in_rover__seed1416__gpu_full__0292c93e__git3e52372c__codebebd8b2d__20260717T012339903058Z,msl_ncam_nlb_574071379edr_f0681556ncam00379m1,test_msl,bedrock,iou,0.9845992366412214,103186,104800,116837
segformer__pretrained__mit-b2__in_rover__seed1416__gpu_full__0292c93e__git3e52372c__codebebd8b2d__20260717T012339903058Z,msl_ncam_nlb_574071379edr_f0681556ncam00379m1,test_msl,sand,iou,,0,0,116837
segformer__pretrained__mit-b2__in_rover__seed1416__gpu_full__0292c93e__git3e52372c__codebebd8b2d__20260717T012339903058Z,msl_ncam_nlb_574071379edr_f0681556ncam00379m1,test_msl,big_rock,iou,,0,0,116837
segformer__pretrained__mit-b2__in_rover__seed1416__gpu_full__0292c93e__git3e52372c__codebebd8b2d__20260717T012339903058Z,msl_ncam_nlb_574071379edr_f0681556ncam00379m1,test_msl,ALL,pixel_acc,0.9861858828966851,0,0,116837
segformer__pretrained__mit-b2__in_rover__seed1416__gpu_full__0292c93e__git3e52372c__codebebd8b2d__20260717T012339903058Z,msl_ncam_nlb_574071379edr_f0681556ncam00379m1,test_msl,ALL,boundary_f1,0.7614188146585542,0,0,116837
segformer__pretrained__mit-b2__in_rover__seed1416__gpu_full__0292c93e__git3e52372c__codebebd8b2d__20260717T012339903058Z,msl_ncam_nlb_574072088edr_f0681616ncam00257m1,test_msl,soil,iou,,0,0,0
segformer__pretrained__mit-b2__in_rover__seed1416__gpu_full__0292c93e__git3e52372c__codebebd8b2d__20260717T012339903058Z,msl_ncam_nlb_574072088edr_f0681616ncam00257m1,test_msl,bedrock,iou,,0,0,0
segformer__pretrained__mit-b2__in_rover__seed1416__gpu_full__0292c93e__git3e52372c__codebebd8b2d__20260717T012339903058Z,msl_ncam_nlb_574072088edr_f0681616ncam00257m1,test_msl,sand,iou,,0,0,0
segformer__pretrained__mit-b2__in_rover__seed1416__gpu_full__0292c93e__git3e52372c__codebebd8b2d__20260717T012339903058Z,msl_ncam_nlb_574072088edr_f0681616ncam00257m1,test_msl,big_rock,iou,,0,0,0
segformer__pretrained__mit-b2__in_rover__seed1416__gpu_full__0292c93e__git3e52372c__codebebd8b2d__20260717T012339903058Z,msl_ncam_nlb_574072088edr_f0681616ncam00257m1,test_msl,ALL,pixel_acc,,0,0,0
segformer__pretrained__mit-b2__in_rover__seed1416__gpu_full__0292c93e__git3e52372c__codebebd8b2d__20260717T012339903058Z,msl_ncam_nlb_574072088edr_f0681616ncam00257m1,test_msl,ALL,boundary_f1,,0,0,0
segformer__pretrained__mit-b2__in_rover__seed1416__gpu_full__0292c93e__git3e52372c__codebebd8b2d__20260717T012339903058Z,msl_ncam_nlb_574078028edr_f0681626ncam00256m1,test_msl,soil,iou,,0,0,0
segformer__pretrained__mit-b2__in_rover__seed1416__gpu_full__0292c93e__git3e52372c__codebebd8b2d__20260717T012339903058Z,msl_ncam_nlb_574078028edr_f0681626ncam00256m1,test_msl,bedrock,iou,,0,0,0
segformer__pretrained__mit-b2__in_rover__seed1416__gpu_full__0292c93e__git3e52372c__codebebd8b2d__20260717T012339903058Z,msl_ncam_nlb_574078028edr_f0681626ncam00256m1,test_msl,sand,iou,,0,0,0
segformer__pretrained__mit-b2__in_rover__seed1416__gpu_full__0292c93e__git3e52372c__codebebd8b2d__20260717T012339903058Z,msl_ncam_nlb_574078028edr_f0681626ncam00256m1,test_msl,big_rock,iou,,0,0,0
segformer__pretrained__mit-b2__in_rover__seed1416__gpu_full__0292c93e__git3e52372c__codebebd8b2d__20260717T012339903058Z,msl_ncam_nlb_574078028edr_f0681626ncam00256m1,test_msl,ALL,pixel_acc,,0,0,0
segformer__pretrained__mit-b2__in_rover__seed1416__gpu_full__0292c93e__git3e52372c__codebebd8b2d__20260717T012339903058Z,msl_ncam_nlb_574078028edr_f0681626ncam00256m1,test_msl,ALL,boundary_f1,,0,0,0
segformer__pretrained__mit-b2__in_rover__seed1416__gpu_full__0292c93e__git3e52372c__codebebd8b2d__20260717T012339903058Z,msl_ncam_nlb_574078090edr_f0681626ncam00256m1,test_msl,soil,iou,1.0,2992,2992,2992
segformer__pretrained__mit-b2__in_rover__seed1416__gpu_full__0292c93e__git3e52372c__codebebd8b2d__20260717T012339903058Z,msl_ncam_nlb_574078090edr_f0681626ncam00256m1,test_msl,bedrock,iou,,0,0,2992
segformer__pretrained__mit-b2__in_rover__seed1416__gpu_full__0292c93e__git3e52372c__codebebd8b2d__20260717T012339903058Z,msl_ncam_nlb_574078090edr_f0681626ncam00256m1,test_msl,sand,iou,,0,0,2992
segformer__pretrained__mit-b2__in_rover__seed1416__gpu_full__0292c93e__git3e52372c__codebebd8b2d__20260717T012339903058Z,msl_ncam_nlb_574078090edr_f0681626ncam00256m1,test_msl,big_rock,iou,,0,0,2992
segformer__pretrained__mit-b2__in_rover__seed1416__gpu_full__0292c93e__git3e52372c__codebebd8b2d__20260717T012339903058Z,msl_ncam_nlb_574078090edr_f0681626ncam00256m1,test_msl,ALL,pixel_acc,1.0,0,0,2992
segformer__pretrained__mit-b2__in_rover__seed1416__gpu_full__0292c93e__git3e52372c__codebebd8b2d__20260717T012339903058Z,msl_ncam_nlb_574078090edr_f0681626ncam00256m1,test_msl,ALL,boundary_f1,1.0,0,0,2992
segformer__pretrained__mit-b2__in_rover__seed1416__gpu_full__0292c93e__git3e52372c__codebebd8b2d__20260717T012339903058Z,msl_ncam_nlb_574078155edr_f0681626ncam00256m1,test_msl,soil,iou,0.9298139800647578,29291,31502,31502
segformer__pretrained__mit-b2__in_rover__seed1416__gpu_full__0292c93e__git3e52372c__codebebd8b2d__20260717T012339903058Z,msl_ncam_nlb_574078155edr_f0681626ncam00256m1,test_msl,bedrock,iou,0.0,0,2211,31502
segformer__pretrained__mit-b2__in_rover__seed1416__gpu_full__0292c93e__git3e52372c__codebebd8b2d__20260717T012339903058Z,msl_ncam_nlb_574078155edr_f0681626ncam00256m1,test_msl,sand,iou,,0,0,31502
segformer__pretrained__mit-b2__in_rover__seed1416__gpu_full__0292c93e__git3e52372c__codebebd8b2d__20260717T012339903058Z,msl_ncam_nlb_574078155edr_f0681626ncam00256m1,test_msl,big_rock,iou,,0,0,31502
segformer__pretrained__mit-b2__in_rover__seed1416__gpu_full__0292c93e__git3e52372c__codebebd8b2d__20260717T012339903058Z,msl_ncam_nlb_574078155edr_f0681626ncam00256m1,test_msl,ALL,pixel_acc,0.9298139800647578,0,0,31502
segformer__pretrained__mit-b2__in_rover__seed1416__gpu_full__0292c93e__git3e52372c__codebebd8b2d__20260717T012339903058Z,msl_ncam_nlb_574078155edr_f0681626ncam00256m1,test_msl,ALL,boundary_f1,0.4652576722640417,0,0,31502
segformer__pretrained__mit-b2__in_rover__seed1416__gpu_full__0292c93e__git3e52372c__codebebd8b2d__20260717T012339903058Z,msl_ncam_nlb_574078440edr_f0681626ncam00354m1,test_msl,soil,iou,,0,0,160997
segformer__pretrained__mit-b2__in_rover__seed1416__gpu_full__0292c93e__git3e52372c__codebebd8b2d__20260717T012339903058Z,msl_ncam_nlb_574078440edr_f0681626ncam00354m1,test_msl,bedrock,iou,1.0,160997,160997,160997
segformer__pretrained__mit-b2__in_rover__seed1416__gpu_full__0292c93e__git3e52372c__codebebd8b2d__20260717T012339903058Z,msl_ncam_nlb_574078440edr_f0681626ncam00354m1,test_msl,sand,iou,,0,0,160997
segformer__pretrained__mit-b2__in_rover__seed1416__gpu_full__0292c93e__git3e52372c__codebebd8b2d__20260717T012339903058Z,msl_ncam_nlb_574078440edr_f0681626ncam00354m1,test_msl,big_rock,iou,,0,0,160997
segformer__pretrained__mit-b2__in_rover__seed1416__gpu_full__0292c93e__git3e52372c__codebebd8b2d__20260717T012339903058Z,msl_ncam_nlb_574078440edr_f0681626ncam00354m1,test_msl,ALL,pixel_acc,1.0,0,0,160997
segformer__pretrained__mit-b2__in_rover__seed1416__gpu_full__0292c93e__git3e52372c__codebebd8b2d__20260717T012339903058Z,msl_ncam_nlb_574078440edr_f0681626ncam00354m1,test_msl,ALL,boundary_f1,1.0,0,0,160997
segformer__pretrained__mit-b2__in_rover__seed1416__gpu_full__0292c93e__git3e52372c__codebebd8b2d__20260717T012339903058Z,msl_ncam_nlb_574078554edr_f0681626ncam00354m1,test_msl,soil,iou,0.9676339538144889,42782,44213,59636
segformer__pretrained__mit-b2__in_rover__seed1416__gpu_full__0292c93e__git3e52372c__codebebd8b2d__20260717T012339903058Z,msl_ncam_nlb_574078554edr_f0681626ncam00354m1,test_msl,bedrock,iou,0.9150943396226415,15423,16854,59636
segformer__pretrained__mit-b2__in_rover__seed1416__gpu_full__0292c93e__git3e52372c__codebebd8b2d__20260717T012339903058Z,msl_ncam_nlb_574078554edr_f0681626ncam00354m1,test_msl,sand,iou,,0,0,59636
segformer__pretrained__mit-b2__in_rover__seed1416__gpu_full__0292c93e__git3e52372c__codebebd8b2d__20260717T012339903058Z,msl_ncam_nlb_574078554edr_f0681626ncam00354m1,test_msl,big_rock,iou,,0,0,59636
segformer__pretrained__mit-b2__in_rover__seed1416__gpu_full__0292c93e__git3e52372c__codebebd8b2d__20260717T012339903058Z,msl_ncam_nlb_574078554edr_f0681626ncam00354m1,test_msl,ALL,pixel_acc,0.9760044268562613,0,0,59636
segformer__pretrained__mit-b2__in_rover__seed1416__gpu_full__0292c93e__git3e52372c__codebebd8b2d__20260717T012339903058Z,msl_ncam_nlb_574078554edr_f0681626ncam00354m1,test_msl,ALL,boundary_f1,0.8600716319277519,0,0,59636
segformer__pretrained__mit-b2__in_rover__seed1416__gpu_full__0292c93e__git3e52372c__codebebd8b2d__20260717T012339903058Z,msl_ncam_nlb_574078665edr_f0681626ncam07753m1,test_msl,soil,iou,1.0,42344,42344,92466
segformer__pretrained__mit-b2__in_rover__seed1416__gpu_full__0292c93e__git3e52372c__codebebd8b2d__20260717T012339903058Z,msl_ncam_nlb_574078665edr_f0681626ncam07753m1,test_msl,bedrock,iou,1.0,50122,50122,92466
segformer__pretrained__mit-b2__in_rover__seed1416__gpu_full__0292c93e__git3e52372c__codebebd8b2d__20260717T012339903058Z,msl_ncam_nlb_574078665edr_f0681626ncam07753m1,test_msl,sand,iou,,0,0,92466
segformer__pretrained__mit-b2__in_rover__seed1416__gpu_full__0292c93e__git3e52372c__codebebd8b2d__20260717T012339903058Z,msl_ncam_nlb_574078665edr_f0681626ncam07753m1,test_msl,big_rock,iou,,0,0,92466
segformer__pretrained__mit-b2__in_rover__seed1416__gpu_full__0292c93e__git3e52372c__codebebd8b2d__20260717T012339903058Z,msl_ncam_nlb_574078665edr_f0681626ncam07753m1,test_msl,ALL,pixel_acc,1.0,0,0,92466
segformer__pretrained__mit-b2__in_rover__seed1416__gpu_full__0292c93e__git3e52372c__codebebd8b2d__20260717T012339903058Z,msl_ncam_nlb_574078665edr_f0681626ncam07753m1,test_msl,ALL,boundary_f1,1.0,0,0,92466
segformer__pretrained__mit-b2__in_rover__seed1416__gpu_full__0292c93e__git3e52372c__codebebd8b2d__20260717T012339903058Z,msl_ncam_nlb_574078735edr_f0681626ncam07753m1,test_msl,soil,iou,0.0,0,457,13225
segformer__pretrained__mit-b2__in_rover__seed1416__gpu_full__0292c93e__git3e52372c__codebebd8b2d__20260717T012339903058Z,msl_ncam_nlb_574078735edr_f0681626ncam07753m1,test_msl,bedrock,iou,0.9654442344045369,12768,13225,13225
segformer__pretrained__mit-b2__in_rover__seed1416__gpu_full__0292c93e__git3e52372c__codebebd8b2d__20260717T012339903058Z,msl_ncam_nlb_574078735edr_f0681626ncam07753m1,test_msl,sand,iou,,0,0,13225
segformer__pretrained__mit-b2__in_rover__seed1416__gpu_full__0292c93e__git3e52372c__codebebd8b2d__20260717T012339903058Z,msl_ncam_nlb_574078735edr_f0681626ncam07753m1,test_msl,big_rock,iou,,0,0,13225
segformer__pretrained__mit-b2__in_rover__seed1416__gpu_full__0292c93e__git3e52372c__codebebd8b2d__20260717T012339903058Z,msl_ncam_nlb_574078735edr_f0681626ncam07753m1,test_msl,ALL,pixel_acc,0.9654442344045369,0,0,13225
segformer__pretrained__mit-b2__in_rover__seed1416__gpu_full__0292c93e__git3e52372c__codebebd8b2d__20260717T012339903058Z,msl_ncam_nlb_574078735edr_f0681626ncam07753m1,test_msl,ALL,boundary_f1,0.4782959970620639,0,0,13225
segformer__pretrained__mit-b2__in_rover__seed1416__gpu_full__0292c93e__git3e52372c__codebebd8b2d__20260717T012339903058Z,msl_ncam_nlb_577080310edr_f0691768ncam00320m1,test_msl,soil,iou,1.0,118491,118491,118491
segformer__pretrained__mit-b2__in_rover__seed1416__gpu_full__0292c93e__git3e52372c__codebebd8b2d__20260717T012339903058Z,msl_ncam_nlb_577080310edr_f0691768ncam00320m1,test_msl,bedrock,iou,,0,0,118491
segformer__pretrained__mit-b2__in_rover__seed1416__gpu_full__0292c93e__git3e52372c__codebebd8b2d__20260717T012339903058Z,msl_ncam_nlb_577080310edr_f0691768ncam00320m1,test_msl,sand,iou,,0,0,118491
segformer__pretrained__mit-b2__in_rover__seed1416__gpu_full__0292c93e__git3e52372c__codebebd8b2d__20260717T012339903058Z,msl_ncam_nlb_577080310edr_f0691768ncam00320m1,test_msl,big_rock,iou,,0,0,118491
segformer__pretrained__mit-b2__in_rover__seed1416__gpu_full__0292c93e__git3e52372c__codebebd8b2d__20260717T012339903058Z,msl_ncam_nlb_577080310edr_f0691768ncam00320m1,test_msl,ALL,pixel_acc,1.0,0,0,118491
segformer__pretrained__mit-b2__in_rover__seed1416__gpu_full__0292c93e__git3e52372c__codebebd8b2d__20260717T012339903058Z,msl_ncam_nlb_577080310edr_f0691768ncam00320m1,test_msl,ALL,boundary_f1,1.0,0,0,118491
segformer__pretrained__mit-b2__in_rover__seed1416__gpu_full__0292c93e__git3e52372c__codebebd8b2d__20260717T012339903058Z,msl_ncam_nlb_577089308edr_f0691828ncam00379m1,test_msl,soil,iou,,0,0,0
segformer__pretrained__mit-b2__in_rover__seed1416__gpu_full__0292c93e__git3e52372c__codebebd8b2d__20260717T012339903058Z,msl_ncam_nlb_577089308edr_f0691828ncam00379m1,test_msl,bedrock,iou,,0,0,0
segformer__pretrained__mit-b2__in_rover__seed1416__gpu_full__0292c93e__git3e52372c__codebebd8b2d__20260717T012339903058Z,msl_ncam_nlb_577089308edr_f0691828ncam00379m1,test_msl,sand,iou,,0,0,0
segformer__pretrained__mit-b2__in_rover__seed1416__gpu_full__0292c93e__git3e52372c__codebebd8b2d__20260717T012339903058Z,msl_ncam_nlb_577089308edr_f0691828ncam00379m1,test_msl,big_rock,iou,,0,0,0
segformer__pretrained__mit-b2__in_rover__seed1416__gpu_full__0292c93e__git3e52372c__codebebd8b2d__20260717T012339903058Z,msl_ncam_nlb_577089308edr_f0691828ncam00379m1,test_msl,ALL,pixel_acc,,0,0,0
segformer__pretrained__mit-b2__in_rover__seed1416__gpu_full__0292c93e__git3e52372c__codebebd8b2d__20260717T012339903058Z,msl_ncam_nlb_577089308edr_f0691828ncam00379m1,test_msl,ALL,boundary_f1,,0,0,0
segformer__pretrained__mit-b2__in_rover__seed1416__gpu_full__0292c93e__git3e52372c__codebebd8b2d__20260717T012339903058Z,msl_ncam_nlb_577089970edr_f0691858ncam00286m1,test_msl,soil,iou,0.9906036576981253,21612,21817,99131
segformer__pretrained__mit-b2__in_rover__seed1416__gpu_full__0292c93e__git3e52372c__codebebd8b2d__20260717T012339903058Z,msl_ncam_nlb_577089970edr_f0691858ncam00286m1,test_msl,bedrock,iou,0.9967670580228007,70296,70524,99131
segformer__pretrained__mit-b2__in_rover__seed1416__gpu_full__0292c93e__git3e52372c__codebebd8b2d__20260717T012339903058Z,msl_ncam_nlb_577089970edr_f0691858ncam00286m1,test_msl,sand,iou,0.9967227130236535,6995,7018,99131
segformer__pretrained__mit-b2__in_rover__seed1416__gpu_full__0292c93e__git3e52372c__codebebd8b2d__20260717T012339903058Z,msl_ncam_nlb_577089970edr_f0691858ncam00286m1,test_msl,big_rock,iou,,0,0,99131
segformer__pretrained__mit-b2__in_rover__seed1416__gpu_full__0292c93e__git3e52372c__codebebd8b2d__20260717T012339903058Z,msl_ncam_nlb_577089970edr_f0691858ncam00286m1,test_msl,ALL,pixel_acc,0.9977000131139603,0,0,99131
segformer__pretrained__mit-b2__in_rover__seed1416__gpu_full__0292c93e__git3e52372c__codebebd8b2d__20260717T012339903058Z,msl_ncam_nlb_577089970edr_f0691858ncam00286m1,test_msl,ALL,boundary_f1,0.9811225728526507,0,0,99131
segformer__pretrained__mit-b2__in_rover__seed1416__gpu_full__0292c93e__git3e52372c__codebebd8b2d__20260717T012339903058Z,msl_ncam_nlb_577090033edr_f0691858ncam00286m1,test_msl,soil,iou,0.0,0,1144,49689
segformer__pretrained__mit-b2__in_rover__seed1416__gpu_full__0292c93e__git3e52372c__codebebd8b2d__20260717T012339903058Z,msl_ncam_nlb_577090033edr_f0691858ncam00286m1,test_msl,bedrock,iou,0.9769767956690616,48545,49689,49689
segformer__pretrained__mit-b2__in_rover__seed1416__gpu_full__0292c93e__git3e52372c__codebebd8b2d__20260717T012339903058Z,msl_ncam_nlb_577090033edr_f0691858ncam00286m1,test_msl,sand,iou,,0,0,49689
segformer__pretrained__mit-b2__in_rover__seed1416__gpu_full__0292c93e__git3e52372c__codebebd8b2d__20260717T012339903058Z,msl_ncam_nlb_577090033edr_f0691858ncam00286m1,test_msl,big_rock,iou,,0,0,49689
segformer__pretrained__mit-b2__in_rover__seed1416__gpu_full__0292c93e__git3e52372c__codebebd8b2d__20260717T012339903058Z,msl_ncam_nlb_577090033edr_f0691858ncam00286m1,test_msl,ALL,pixel_acc,0.9769767956690616,0,0,49689
segformer__pretrained__mit-b2__in_rover__seed1416__gpu_full__0292c93e__git3e52372c__codebebd8b2d__20260717T012339903058Z,msl_ncam_nlb_577090033edr_f0691858ncam00286m1,test_msl,ALL,boundary_f1,0.4866857228825034,0,0,49689
segformer__pretrained__mit-b2__in_rover__seed1416__gpu_full__0292c93e__git3e52372c__codebebd8b2d__20260717T012339903058Z,msl_ncam_nlb_577090148edr_f0691858ncam00286m1,test_msl,soil,iou,0.0,0,6250,7622
segformer__pretrained__mit-b2__in_rover__seed1416__gpu_full__0292c93e__git3e52372c__codebebd8b2d__20260717T012339903058Z,msl_ncam_nlb_577090148edr_f0691858ncam00286m1,test_msl,bedrock,iou,0.180005247966413,1372,7622,7622
segformer__pretrained__mit-b2__in_rover__seed1416__gpu_full__0292c93e__git3e52372c__codebebd8b2d__20260717T012339903058Z,msl_ncam_nlb_577090148edr_f0691858ncam00286m1,test_msl,sand,iou,,0,0,7622
segformer__pretrained__mit-b2__in_rover__seed1416__gpu_full__0292c93e__git3e52372c__codebebd8b2d__20260717T012339903058Z,msl_ncam_nlb_577090148edr_f0691858ncam00286m1,test_msl,big_rock,iou,,0,0,7622
segformer__pretrained__mit-b2__in_rover__seed1416__gpu_full__0292c93e__git3e52372c__codebebd8b2d__20260717T012339903058Z,msl_ncam_nlb_577090148edr_f0691858ncam00286m1,test_msl,ALL,pixel_acc,0.180005247966413,0,0,7622
segformer__pretrained__mit-b2__in_rover__seed1416__gpu_full__0292c93e__git3e52372c__codebebd8b2d__20260717T012339903058Z,msl_ncam_nlb_577090148edr_f0691858ncam00286m1,test_msl,ALL,boundary_f1,0.24200426439232411,0,0,7622
segformer__pretrained__mit-b2__in_rover__seed1416__gpu_full__0292c93e__git3e52372c__codebebd8b2d__20260717T012339903058Z,msl_ncam_nlb_577090437edr_f0691858ncam00312m1,test_msl,soil,iou,,0,0,91551
segformer__pretrained__mit-b2__in_rover__seed1416__gpu_full__0292c93e__git3e52372c__codebebd8b2d__20260717T012339903058Z,msl_ncam_nlb_577090437edr_f0691858ncam00312m1,test_msl,bedrock,iou,,0,0,91551
segformer__pretrained__mit-b2__in_rover__seed1416__gpu_full__0292c93e__git3e52372c__codebebd8b2d__20260717T012339903058Z,msl_ncam_nlb_577090437edr_f0691858ncam00312m1,test_msl,sand,iou,1.0,91551,91551,91551
segformer__pretrained__mit-b2__in_rover__seed1416__gpu_full__0292c93e__git3e52372c__codebebd8b2d__20260717T012339903058Z,msl_ncam_nlb_577090437edr_f0691858ncam00312m1,test_msl,big_rock,iou,,0,0,91551
segformer__pretrained__mit-b2__in_rover__seed1416__gpu_full__0292c93e__git3e52372c__codebebd8b2d__20260717T012339903058Z,msl_ncam_nlb_577090437edr_f0691858ncam00312m1,test_msl,ALL,pixel_acc,1.0,0,0,91551
segformer__pretrained__mit-b2__in_rover__seed1416__gpu_full__0292c93e__git3e52372c__codebebd8b2d__20260717T012339903058Z,msl_ncam_nlb_577090437edr_f0691858ncam00312m1,test_msl,ALL,boundary_f1,1.0,0,0,91551
segformer__pretrained__mit-b2__in_rover__seed1416__gpu_full__0292c93e__git3e52372c__codebebd8b2d__20260717T012339903058Z,msl_ncam_nlb_577090635edr_f0691858ncam00287m1,test_msl,soil,iou,,0,0,29086
segformer__pretrained__mit-b2__in_rover__seed1416__gpu_full__0292c93e__git3e52372c__codebebd8b2d__20260717T012339903058Z,msl_ncam_nlb_577090635edr_f0691858ncam00287m1,test_msl,bedrock,iou,0.6134919007586631,2992,4877,29086
segformer__pretrained__mit-b2__in_rover__seed1416__gpu_full__0292c93e__git3e52372c__codebebd8b2d__20260717T012339903058Z,msl_ncam_nlb_577090635edr_f0691858ncam00287m1,test_msl,sand,iou,0.9277611711504561,24209,26094,29086
segformer__pretrained__mit-b2__in_rover__seed1416__gpu_full__0292c93e__git3e52372c__codebebd8b2d__20260717T012339903058Z,msl_ncam_nlb_577090635edr_f0691858ncam00287m1,test_msl,big_rock,iou,,0,0,29086
segformer__pretrained__mit-b2__in_rover__seed1416__gpu_full__0292c93e__git3e52372c__codebebd8b2d__20260717T012339903058Z,msl_ncam_nlb_577090635edr_f0691858ncam00287m1,test_msl,ALL,pixel_acc,0.9351921886818401,0,0,29086
segformer__pretrained__mit-b2__in_rover__seed1416__gpu_full__0292c93e__git3e52372c__codebebd8b2d__20260717T012339903058Z,msl_ncam_nlb_577090635edr_f0691858ncam00287m1,test_msl,ALL,boundary_f1,0.8347793957382899,0,0,29086
segformer__pretrained__mit-b2__in_rover__seed1416__gpu_full__0292c93e__git3e52372c__codebebd8b2d__20260717T012339903058Z,msl_ncam_nlb_577090699edr_f0691858ncam00287m1,test_msl,soil,iou,,0,0,84812
segformer__pretrained__mit-b2__in_rover__seed1416__gpu_full__0292c93e__git3e52372c__codebebd8b2d__20260717T012339903058Z,msl_ncam_nlb_577090699edr_f0691858ncam00287m1,test_msl,bedrock,iou,1.0,3640,3640,84812
segformer__pretrained__mit-b2__in_rover__seed1416__gpu_full__0292c93e__git3e52372c__codebebd8b2d__20260717T012339903058Z,msl_ncam_nlb_577090699edr_f0691858ncam00287m1,test_msl,sand,iou,1.0,81172,81172,84812
segformer__pretrained__mit-b2__in_rover__seed1416__gpu_full__0292c93e__git3e52372c__codebebd8b2d__20260717T012339903058Z,msl_ncam_nlb_577090699edr_f0691858ncam00287m1,test_msl,big_rock,iou,,0,0,84812
segformer__pretrained__mit-b2__in_rover__seed1416__gpu_full__0292c93e__git3e52372c__codebebd8b2d__20260717T012339903058Z,msl_ncam_nlb_577090699edr_f0691858ncam00287m1,test_msl,ALL,pixel_acc,1.0,0,0,84812
segformer__pretrained__mit-b2__in_rover__seed1416__gpu_full__0292c93e__git3e52372c__codebebd8b2d__20260717T012339903058Z,msl_ncam_nlb_577090699edr_f0691858ncam00287m1,test_msl,ALL,boundary_f1,1.0,0,0,84812
segformer__pretrained__mit-b2__in_rover__seed1416__gpu_full__0292c93e__git3e52372c__codebebd8b2d__20260717T012339903058Z,msl_ncam_nlb_577090763edr_f0691858ncam00287m1,test_msl,soil,iou,0.944451739986868,21576,22845,81680
segformer__pretrained__mit-b2__in_rover__seed1416__gpu_full__0292c93e__git3e52372c__codebebd8b2d__20260717T012339903058Z,msl_ncam_nlb_577090763edr_f0691858ncam00287m1,test_msl,bedrock,iou,0.991951972854222,22802,22987,81680
segformer__pretrained__mit-b2__in_rover__seed1416__gpu_full__0292c93e__git3e52372c__codebebd8b2d__20260717T012339903058Z,msl_ncam_nlb_577090763edr_f0691858ncam00287m1,test_msl,sand,iou,0.9707950534795377,36033,37117,81680
segformer__pretrained__mit-b2__in_rover__seed1416__gpu_full__0292c93e__git3e52372c__codebebd8b2d__20260717T012339903058Z,msl_ncam_nlb_577090763edr_f0691858ncam00287m1,test_msl,big_rock,iou,,0,0,81680
segformer__pretrained__mit-b2__in_rover__seed1416__gpu_full__0292c93e__git3e52372c__codebebd8b2d__20260717T012339903058Z,msl_ncam_nlb_577090763edr_f0691858ncam00287m1,test_msl,ALL,pixel_acc,0.9844637610186092,0,0,81680
segformer__pretrained__mit-b2__in_rover__seed1416__gpu_full__0292c93e__git3e52372c__codebebd8b2d__20260717T012339903058Z,msl_ncam_nlb_577090763edr_f0691858ncam00287m1,test_msl,ALL,boundary_f1,0.9277170788323493,0,0,81680
segformer__pretrained__mit-b2__in_rover__seed1416__gpu_full__0292c93e__git3e52372c__codebebd8b2d__20260717T012339903058Z,msl_ncam_nlb_577095146edr_f0691858ncam00376m1,test_msl,soil,iou,,0,0,131880
segformer__pretrained__mit-b2__in_rover__seed1416__gpu_full__0292c93e__git3e52372c__codebebd8b2d__20260717T012339903058Z,msl_ncam_nlb_577095146edr_f0691858ncam00376m1,test_msl,bedrock,iou,,0,0,131880
segformer__pretrained__mit-b2__in_rover__seed1416__gpu_full__0292c93e__git3e52372c__codebebd8b2d__20260717T012339903058Z,msl_ncam_nlb_577095146edr_f0691858ncam00376m1,test_msl,sand,iou,1.0,131880,131880,131880
segformer__pretrained__mit-b2__in_rover__seed1416__gpu_full__0292c93e__git3e52372c__codebebd8b2d__20260717T012339903058Z,msl_ncam_nlb_577095146edr_f0691858ncam00376m1,test_msl,big_rock,iou,,0,0,131880
segformer__pretrained__mit-b2__in_rover__seed1416__gpu_full__0292c93e__git3e52372c__codebebd8b2d__20260717T012339903058Z,msl_ncam_nlb_577095146edr_f0691858ncam00376m1,test_msl,ALL,pixel_acc,1.0,0,0,131880
segformer__pretrained__mit-b2__in_rover__seed1416__gpu_full__0292c93e__git3e52372c__codebebd8b2d__20260717T012339903058Z,msl_ncam_nlb_577095146edr_f0691858ncam00376m1,test_msl,ALL,boundary_f1,1.0,0,0,131880
segformer__pretrained__mit-b2__in_rover__seed1416__gpu_full__0292c93e__git3e52372c__codebebd8b2d__20260717T012339903058Z,msl_ncam_nlb_613564331edr_f0760274ncam00320m1,test_msl,soil,iou,1.0,100868,100868,100868
segformer__pretrained__mit-b2__in_rover__seed1416__gpu_full__0292c93e__git3e52372c__codebebd8b2d__20260717T012339903058Z,msl_ncam_nlb_613564331edr_f0760274ncam00320m1,test_msl,bedrock,iou,,0,0,100868
segformer__pretrained__mit-b2__in_rover__seed1416__gpu_full__0292c93e__git3e52372c__codebebd8b2d__20260717T012339903058Z,msl_ncam_nlb_613564331edr_f0760274ncam00320m1,test_msl,sand,iou,,0,0,100868
segformer__pretrained__mit-b2__in_rover__seed1416__gpu_full__0292c93e__git3e52372c__codebebd8b2d__20260717T012339903058Z,msl_ncam_nlb_613564331edr_f0760274ncam00320m1,test_msl,big_rock,iou,,0,0,100868
segformer__pretrained__mit-b2__in_rover__seed1416__gpu_full__0292c93e__git3e52372c__codebebd8b2d__20260717T012339903058Z,msl_ncam_nlb_613564331edr_f0760274ncam00320m1,test_msl,ALL,pixel_acc,1.0,0,0,100868
segformer__pretrained__mit-b2__in_rover__seed1416__gpu_full__0292c93e__git3e52372c__codebebd8b2d__20260717T012339903058Z,msl_ncam_nlb_613564331edr_f0760274ncam00320m1,test_msl,ALL,boundary_f1,1.0,0,0,100868
segformer__pretrained__mit-b2__in_rover__seed1416__gpu_full__0292c93e__git3e52372c__codebebd8b2d__20260717T012339903058Z,msl_ncam_nlb_613582793edr_f0760556ncam00385m1,test_msl,soil,iou,1.0,229198,229198,229198
segformer__pretrained__mit-b2__in_rover__seed1416__gpu_full__0292c93e__git3e52372c__codebebd8b2d__20260717T012339903058Z,msl_ncam_nlb_613582793edr_f0760556ncam00385m1,test_msl,bedrock,iou,,0,0,229198
segformer__pretrained__mit-b2__in_rover__seed1416__gpu_full__0292c93e__git3e52372c__codebebd8b2d__20260717T012339903058Z,msl_ncam_nlb_613582793edr_f0760556ncam00385m1,test_msl,sand,iou,,0,0,229198
segformer__pretrained__mit-b2__in_rover__seed1416__gpu_full__0292c93e__git3e52372c__codebebd8b2d__20260717T012339903058Z,msl_ncam_nlb_613582793edr_f0760556ncam00385m1,test_msl,big_rock,iou,,0,0,229198
segformer__pretrained__mit-b2__in_rover__seed1416__gpu_full__0292c93e__git3e52372c__codebebd8b2d__20260717T012339903058Z,msl_ncam_nlb_613582793edr_f0760556ncam00385m1,test_msl,ALL,pixel_acc,1.0,0,0,229198
segformer__pretrained__mit-b2__in_rover__seed1416__gpu_full__0292c93e__git3e52372c__codebebd8b2d__20260717T012339903058Z,msl_ncam_nlb_613582793edr_f0760556ncam00385m1,test_msl,ALL,boundary_f1,1.0,0,0,229198
segformer__pretrained__mit-b2__in_rover__seed1416__gpu_full__0292c93e__git3e52372c__codebebd8b2d__20260717T012339903058Z,msl_ncam_nlb_613583192edr_f0760568ncam00375m1,test_msl,soil,iou,1.0,148104,148104,148104
segformer__pretrained__mit-b2__in_rover__seed1416__gpu_full__0292c93e__git3e52372c__codebebd8b2d__20260717T012339903058Z,msl_ncam_nlb_613583192edr_f0760568ncam00375m1,test_msl,bedrock,iou,,0,0,148104
segformer__pretrained__mit-b2__in_rover__seed1416__gpu_full__0292c93e__git3e52372c__codebebd8b2d__20260717T012339903058Z,msl_ncam_nlb_613583192edr_f0760568ncam00375m1,test_msl,sand,iou,,0,0,148104
segformer__pretrained__mit-b2__in_rover__seed1416__gpu_full__0292c93e__git3e52372c__codebebd8b2d__20260717T012339903058Z,msl_ncam_nlb_613583192edr_f0760568ncam00375m1,test_msl,big_rock,iou,,0,0,148104
segformer__pretrained__mit-b2__in_rover__seed1416__gpu_full__0292c93e__git3e52372c__codebebd8b2d__20260717T012339903058Z,msl_ncam_nlb_613583192edr_f0760568ncam00375m1,test_msl,ALL,pixel_acc,1.0,0,0,148104
segformer__pretrained__mit-b2__in_rover__seed1416__gpu_full__0292c93e__git3e52372c__codebebd8b2d__20260717T012339903058Z,msl_ncam_nlb_613583192edr_f0760568ncam00375m1,test_msl,ALL,boundary_f1,1.0,0,0,148104
segformer__pretrained__mit-b2__in_rover__seed1416__gpu_full__0292c93e__git3e52372c__codebebd8b2d__20260717T012339903058Z,msl_ncam_nlb_613583340edr_f0760568ncam00280m1,test_msl,soil,iou,0.9893654215954781,237699,240254,240254
segformer__pretrained__mit-b2__in_rover__seed1416__gpu_full__0292c93e__git3e52372c__codebebd8b2d__20260717T012339903058Z,msl_ncam_nlb_613583340edr_f0760568ncam00280m1,test_msl,bedrock,iou,,0,0,240254
segformer__pretrained__mit-b2__in_rover__seed1416__gpu_full__0292c93e__git3e52372c__codebebd8b2d__20260717T012339903058Z,msl_ncam_nlb_613583340edr_f0760568ncam00280m1,test_msl,sand,iou,0.0,0,2555,240254
segformer__pretrained__mit-b2__in_rover__seed1416__gpu_full__0292c93e__git3e52372c__codebebd8b2d__20260717T012339903058Z,msl_ncam_nlb_613583340edr_f0760568ncam00280m1,test_msl,big_rock,iou,,0,0,240254
segformer__pretrained__mit-b2__in_rover__seed1416__gpu_full__0292c93e__git3e52372c__codebebd8b2d__20260717T012339903058Z,msl_ncam_nlb_613583340edr_f0760568ncam00280m1,test_msl,ALL,pixel_acc,0.9893654215954781,0,0,240254
segformer__pretrained__mit-b2__in_rover__seed1416__gpu_full__0292c93e__git3e52372c__codebebd8b2d__20260717T012339903058Z,msl_ncam_nlb_613583340edr_f0760568ncam00280m1,test_msl,ALL,boundary_f1,0.44338405984008256,0,0,240254
segformer__pretrained__mit-b2__in_rover__seed1416__gpu_full__0292c93e__git3e52372c__codebebd8b2d__20260717T012339903058Z,msl_ncam_nlb_613583373edr_f0760568ncam00280m1,test_msl,soil,iou,1.0,197718,197718,197718
segformer__pretrained__mit-b2__in_rover__seed1416__gpu_full__0292c93e__git3e52372c__codebebd8b2d__20260717T012339903058Z,msl_ncam_nlb_613583373edr_f0760568ncam00280m1,test_msl,bedrock,iou,,0,0,197718
segformer__pretrained__mit-b2__in_rover__seed1416__gpu_full__0292c93e__git3e52372c__codebebd8b2d__20260717T012339903058Z,msl_ncam_nlb_613583373edr_f0760568ncam00280m1,test_msl,sand,iou,,0,0,197718
segformer__pretrained__mit-b2__in_rover__seed1416__gpu_full__0292c93e__git3e52372c__codebebd8b2d__20260717T012339903058Z,msl_ncam_nlb_613583373edr_f0760568ncam00280m1,test_msl,big_rock,iou,,0,0,197718
segformer__pretrained__mit-b2__in_rover__seed1416__gpu_full__0292c93e__git3e52372c__codebebd8b2d__20260717T012339903058Z,msl_ncam_nlb_613583373edr_f0760568ncam00280m1,test_msl,ALL,pixel_acc,1.0,0,0,197718
segformer__pretrained__mit-b2__in_rover__seed1416__gpu_full__0292c93e__git3e52372c__codebebd8b2d__20260717T012339903058Z,msl_ncam_nlb_613583373edr_f0760568ncam00280m1,test_msl,ALL,boundary_f1,1.0,0,0,197718
segformer__pretrained__mit-b2__in_rover__seed1416__gpu_full__0292c93e__git3e52372c__codebebd8b2d__20260717T012339903058Z,msl_ncam_nlb_613583763edr_f0760568ncam00354m1,test_msl,soil,iou,1.0,224188,224188,224188
segformer__pretrained__mit-b2__in_rover__seed1416__gpu_full__0292c93e__git3e52372c__codebebd8b2d__20260717T012339903058Z,msl_ncam_nlb_613583763edr_f0760568ncam00354m1,test_msl,bedrock,iou,,0,0,224188
segformer__pretrained__mit-b2__in_rover__seed1416__gpu_full__0292c93e__git3e52372c__codebebd8b2d__20260717T012339903058Z,msl_ncam_nlb_613583763edr_f0760568ncam00354m1,test_msl,sand,iou,,0,0,224188
segformer__pretrained__mit-b2__in_rover__seed1416__gpu_full__0292c93e__git3e52372c__codebebd8b2d__20260717T012339903058Z,msl_ncam_nlb_613583763edr_f0760568ncam00354m1,test_msl,big_rock,iou,,0,0,224188
segformer__pretrained__mit-b2__in_rover__seed1416__gpu_full__0292c93e__git3e52372c__codebebd8b2d__20260717T012339903058Z,msl_ncam_nlb_613583763edr_f0760568ncam00354m1,test_msl,ALL,pixel_acc,1.0,0,0,224188
segformer__pretrained__mit-b2__in_rover__seed1416__gpu_full__0292c93e__git3e52372c__codebebd8b2d__20260717T012339903058Z,msl_ncam_nlb_613583763edr_f0760568ncam00354m1,test_msl,ALL,boundary_f1,1.0,0,0,224188
segformer__pretrained__mit-b2__in_rover__seed1416__gpu_full__0292c93e__git3e52372c__codebebd8b2d__20260717T012339903058Z,msl_ncam_nlb_613583877edr_f0760568ncam00354m1,test_msl,soil,iou,1.0,156354,156354,156354
segformer__pretrained__mit-b2__in_rover__seed1416__gpu_full__0292c93e__git3e52372c__codebebd8b2d__20260717T012339903058Z,msl_ncam_nlb_613583877edr_f0760568ncam00354m1,test_msl,bedrock,iou,,0,0,156354
segformer__pretrained__mit-b2__in_rover__seed1416__gpu_full__0292c93e__git3e52372c__codebebd8b2d__20260717T012339903058Z,msl_ncam_nlb_613583877edr_f0760568ncam00354m1,test_msl,sand,iou,,0,0,156354
segformer__pretrained__mit-b2__in_rover__seed1416__gpu_full__0292c93e__git3e52372c__codebebd8b2d__20260717T012339903058Z,msl_ncam_nlb_613583877edr_f0760568ncam00354m1,test_msl,big_rock,iou,,0,0,156354
segformer__pretrained__mit-b2__in_rover__seed1416__gpu_full__0292c93e__git3e52372c__codebebd8b2d__20260717T012339903058Z,msl_ncam_nlb_613583877edr_f0760568ncam00354m1,test_msl,ALL,pixel_acc,1.0,0,0,156354
segformer__pretrained__mit-b2__in_rover__seed1416__gpu_full__0292c93e__git3e52372c__codebebd8b2d__20260717T012339903058Z,msl_ncam_nlb_613583877edr_f0760568ncam00354m1,test_msl,ALL,boundary_f1,1.0,0,0,156354
segformer__pretrained__mit-b2__in_rover__seed1416__gpu_full__0292c93e__git3e52372c__codebebd8b2d__20260717T012339903058Z,msl_ncam_nlb_613584057edr_f0760568ncam00281m1,test_msl,soil,iou,1.0,150118,150118,150118
segformer__pretrained__mit-b2__in_rover__seed1416__gpu_full__0292c93e__git3e52372c__codebebd8b2d__20260717T012339903058Z,msl_ncam_nlb_613584057edr_f0760568ncam00281m1,test_msl,bedrock,iou,,0,0,150118
segformer__pretrained__mit-b2__in_rover__seed1416__gpu_full__0292c93e__git3e52372c__codebebd8b2d__20260717T012339903058Z,msl_ncam_nlb_613584057edr_f0760568ncam00281m1,test_msl,sand,iou,,0,0,150118
segformer__pretrained__mit-b2__in_rover__seed1416__gpu_full__0292c93e__git3e52372c__codebebd8b2d__20260717T012339903058Z,msl_ncam_nlb_613584057edr_f0760568ncam00281m1,test_msl,big_rock,iou,,0,0,150118
segformer__pretrained__mit-b2__in_rover__seed1416__gpu_full__0292c93e__git3e52372c__codebebd8b2d__20260717T012339903058Z,msl_ncam_nlb_613584057edr_f0760568ncam00281m1,test_msl,ALL,pixel_acc,1.0,0,0,150118
segformer__pretrained__mit-b2__in_rover__seed1416__gpu_full__0292c93e__git3e52372c__codebebd8b2d__20260717T012339903058Z,msl_ncam_nlb_613584057edr_f0760568ncam00281m1,test_msl,ALL,boundary_f1,1.0,0,0,150118
segformer__pretrained__mit-b2__in_rover__seed1416__gpu_full__0292c93e__git3e52372c__codebebd8b2d__20260717T012339903058Z,msl_ncam_nlb_613584326edr_f0760568ncam00281m1,test_msl,soil,iou,0.8858086237119617,95507,107819,107819
segformer__pretrained__mit-b2__in_rover__seed1416__gpu_full__0292c93e__git3e52372c__codebebd8b2d__20260717T012339903058Z,msl_ncam_nlb_613584326edr_f0760568ncam00281m1,test_msl,bedrock,iou,,0,0,107819
segformer__pretrained__mit-b2__in_rover__seed1416__gpu_full__0292c93e__git3e52372c__codebebd8b2d__20260717T012339903058Z,msl_ncam_nlb_613584326edr_f0760568ncam00281m1,test_msl,sand,iou,0.0,0,12312,107819
segformer__pretrained__mit-b2__in_rover__seed1416__gpu_full__0292c93e__git3e52372c__codebebd8b2d__20260717T012339903058Z,msl_ncam_nlb_613584326edr_f0760568ncam00281m1,test_msl,big_rock,iou,,0,0,107819
segformer__pretrained__mit-b2__in_rover__seed1416__gpu_full__0292c93e__git3e52372c__codebebd8b2d__20260717T012339903058Z,msl_ncam_nlb_613584326edr_f0760568ncam00281m1,test_msl,ALL,pixel_acc,0.8858086237119617,0,0,107819
segformer__pretrained__mit-b2__in_rover__seed1416__gpu_full__0292c93e__git3e52372c__codebebd8b2d__20260717T012339903058Z,msl_ncam_nlb_613584326edr_f0760568ncam00281m1,test_msl,ALL,boundary_f1,0.4095214962351227,0,0,107819
