run_id,name,split,scope,metric,value,inter,union,n_valid
dinov3_sat__finetuned__vitl16-sat493m__in_rover__seed1414__gpu_full__684c258f__gitc188b320__codebebd8b2d__20260713T043353711900Z,msl_ncam_nla_409036068edr_f0051606ncam00348m1,test_msl,soil,iou,,0,0,0
dinov3_sat__finetuned__vitl16-sat493m__in_rover__seed1414__gpu_full__684c258f__gitc188b320__codebebd8b2d__20260713T043353711900Z,msl_ncam_nla_409036068edr_f0051606ncam00348m1,test_msl,bedrock,iou,,0,0,0
dinov3_sat__finetuned__vitl16-sat493m__in_rover__seed1414__gpu_full__684c258f__gitc188b320__codebebd8b2d__20260713T043353711900Z,msl_ncam_nla_409036068edr_f0051606ncam00348m1,test_msl,sand,iou,,0,0,0
dinov3_sat__finetuned__vitl16-sat493m__in_rover__seed1414__gpu_full__684c258f__gitc188b320__codebebd8b2d__20260713T043353711900Z,msl_ncam_nla_409036068edr_f0051606ncam00348m1,test_msl,big_rock,iou,,0,0,0
dinov3_sat__finetuned__vitl16-sat493m__in_rover__seed1414__gpu_full__684c258f__gitc188b320__codebebd8b2d__20260713T043353711900Z,msl_ncam_nla_409036068edr_f0051606ncam00348m1,test_msl,ALL,pixel_acc,,0,0,0
dinov3_sat__finetuned__vitl16-sat493m__in_rover__seed1414__gpu_full__684c258f__gitc188b320__codebebd8b2d__20260713T043353711900Z,msl_ncam_nla_409036068edr_f0051606ncam00348m1,test_msl,ALL,boundary_f1,,0,0,0
dinov3_sat__finetuned__vitl16-sat493m__in_rover__seed1414__gpu_full__684c258f__gitc188b320__codebebd8b2d__20260713T043353711900Z,msl_ncam_nla_409036116edr_f0051606ncam00348m1,test_msl,soil,iou,0.0,0,4482,123986
dinov3_sat__finetuned__vitl16-sat493m__in_rover__seed1414__gpu_full__684c258f__gitc188b320__codebebd8b2d__20260713T043353711900Z,msl_ncam_nla_409036116edr_f0051606ncam00348m1,test_msl,bedrock,iou,0.9638507573435711,119504,123986,123986
dinov3_sat__finetuned__vitl16-sat493m__in_rover__seed1414__gpu_full__684c258f__gitc188b320__codebebd8b2d__20260713T043353711900Z,msl_ncam_nla_409036116edr_f0051606ncam00348m1,test_msl,sand,iou,,0,0,123986
dinov3_sat__finetuned__vitl16-sat493m__in_rover__seed1414__gpu_full__684c258f__gitc188b320__codebebd8b2d__20260713T043353711900Z,msl_ncam_nla_409036116edr_f0051606ncam00348m1,test_msl,big_rock,iou,,0,0,123986
dinov3_sat__finetuned__vitl16-sat493m__in_rover__seed1414__gpu_full__684c258f__gitc188b320__codebebd8b2d__20260713T043353711900Z,msl_ncam_nla_409036116edr_f0051606ncam00348m1,test_msl,ALL,pixel_acc,0.9638507573435711,0,0,123986
dinov3_sat__finetuned__vitl16-sat493m__in_rover__seed1414__gpu_full__684c258f__gitc188b320__codebebd8b2d__20260713T043353711900Z,msl_ncam_nla_409036116edr_f0051606ncam00348m1,test_msl,ALL,boundary_f1,0.4829444720232608,0,0,123986
dinov3_sat__finetuned__vitl16-sat493m__in_rover__seed1414__gpu_full__684c258f__gitc188b320__codebebd8b2d__20260713T043353711900Z,msl_ncam_nla_409036860edr_f0051662ncam00346m1,test_msl,soil,iou,0.5155658649737517,4223,8191,22748
dinov3_sat__finetuned__vitl16-sat493m__in_rover__seed1414__gpu_full__684c258f__gitc188b320__codebebd8b2d__20260713T043353711900Z,msl_ncam_nla_409036860edr_f0051662ncam00346m1,test_msl,bedrock,iou,0.7698509367206079,13273,17241,22748
dinov3_sat__finetuned__vitl16-sat493m__in_rover__seed1414__gpu_full__684c258f__gitc188b320__codebebd8b2d__20260713T043353711900Z,msl_ncam_nla_409036860edr_f0051662ncam00346m1,test_msl,sand,iou,0.985981308411215,1266,1284,22748
dinov3_sat__finetuned__vitl16-sat493m__in_rover__seed1414__gpu_full__684c258f__gitc188b320__codebebd8b2d__20260713T043353711900Z,msl_ncam_nla_409036860edr_f0051662ncam00346m1,test_msl,big_rock,iou,0.0,0,18,22748
dinov3_sat__finetuned__vitl16-sat493m__in_rover__seed1414__gpu_full__684c258f__gitc188b320__codebebd8b2d__20260713T043353711900Z,msl_ncam_nla_409036860edr_f0051662ncam00346m1,test_msl,ALL,pixel_acc,0.8247758044663267,0,0,22748
dinov3_sat__finetuned__vitl16-sat493m__in_rover__seed1414__gpu_full__684c258f__gitc188b320__codebebd8b2d__20260713T043353711900Z,msl_ncam_nla_409036860edr_f0051662ncam00346m1,test_msl,ALL,boundary_f1,0.6573108059997214,0,0,22748
dinov3_sat__finetuned__vitl16-sat493m__in_rover__seed1414__gpu_full__684c258f__gitc188b320__codebebd8b2d__20260713T043353711900Z,msl_ncam_nla_409036993edr_f0051662ncam05703m1,test_msl,soil,iou,,0,0,36839
dinov3_sat__finetuned__vitl16-sat493m__in_rover__seed1414__gpu_full__684c258f__gitc188b320__codebebd8b2d__20260713T043353711900Z,msl_ncam_nla_409036993edr_f0051662ncam05703m1,test_msl,bedrock,iou,0.9723662422975651,35821,36839,36839
dinov3_sat__finetuned__vitl16-sat493m__in_rover__seed1414__gpu_full__684c258f__gitc188b320__codebebd8b2d__20260713T043353711900Z,msl_ncam_nla_409036993edr_f0051662ncam05703m1,test_msl,sand,iou,,0,0,36839
dinov3_sat__finetuned__vitl16-sat493m__in_rover__seed1414__gpu_full__684c258f__gitc188b320__codebebd8b2d__20260713T043353711900Z,msl_ncam_nla_409036993edr_f0051662ncam05703m1,test_msl,big_rock,iou,0.0,0,1018,36839
dinov3_sat__finetuned__vitl16-sat493m__in_rover__seed1414__gpu_full__684c258f__gitc188b320__codebebd8b2d__20260713T043353711900Z,msl_ncam_nla_409036993edr_f0051662ncam05703m1,test_msl,ALL,pixel_acc,0.9723662422975651,0,0,36839
dinov3_sat__finetuned__vitl16-sat493m__in_rover__seed1414__gpu_full__684c258f__gitc188b320__codebebd8b2d__20260713T043353711900Z,msl_ncam_nla_409036993edr_f0051662ncam05703m1,test_msl,ALL,boundary_f1,0.47311112160485874,0,0,36839
dinov3_sat__finetuned__vitl16-sat493m__in_rover__seed1414__gpu_full__684c258f__gitc188b320__codebebd8b2d__20260713T043353711900Z,msl_ncam_nla_409037112edr_f0051662ncam05703m1,test_msl,soil,iou,,0,0,88991
dinov3_sat__finetuned__vitl16-sat493m__in_rover__seed1414__gpu_full__684c258f__gitc188b320__codebebd8b2d__20260713T043353711900Z,msl_ncam_nla_409037112edr_f0051662ncam05703m1,test_msl,bedrock,iou,1.0,88991,88991,88991
dinov3_sat__finetuned__vitl16-sat493m__in_rover__seed1414__gpu_full__684c258f__gitc188b320__codebebd8b2d__20260713T043353711900Z,msl_ncam_nla_409037112edr_f0051662ncam05703m1,test_msl,sand,iou,,0,0,88991
dinov3_sat__finetuned__vitl16-sat493m__in_rover__seed1414__gpu_full__684c258f__gitc188b320__codebebd8b2d__20260713T043353711900Z,msl_ncam_nla_409037112edr_f0051662ncam05703m1,test_msl,big_rock,iou,,0,0,88991
dinov3_sat__finetuned__vitl16-sat493m__in_rover__seed1414__gpu_full__684c258f__gitc188b320__codebebd8b2d__20260713T043353711900Z,msl_ncam_nla_409037112edr_f0051662ncam05703m1,test_msl,ALL,pixel_acc,1.0,0,0,88991
dinov3_sat__finetuned__vitl16-sat493m__in_rover__seed1414__gpu_full__684c258f__gitc188b320__codebebd8b2d__20260713T043353711900Z,msl_ncam_nla_409037112edr_f0051662ncam05703m1,test_msl,ALL,boundary_f1,1.0,0,0,88991
dinov3_sat__finetuned__vitl16-sat493m__in_rover__seed1414__gpu_full__684c258f__gitc188b320__codebebd8b2d__20260713T043353711900Z,msl_ncam_nla_601414440edr_f0731482ncam00375m1,test_msl,soil,iou,,0,0,0
dinov3_sat__finetuned__vitl16-sat493m__in_rover__seed1414__gpu_full__684c258f__gitc188b320__codebebd8b2d__20260713T043353711900Z,msl_ncam_nla_601414440edr_f0731482ncam00375m1,test_msl,bedrock,iou,,0,0,0
dinov3_sat__finetuned__vitl16-sat493m__in_rover__seed1414__gpu_full__684c258f__gitc188b320__codebebd8b2d__20260713T043353711900Z,msl_ncam_nla_601414440edr_f0731482ncam00375m1,test_msl,sand,iou,,0,0,0
dinov3_sat__finetuned__vitl16-sat493m__in_rover__seed1414__gpu_full__684c258f__gitc188b320__codebebd8b2d__20260713T043353711900Z,msl_ncam_nla_601414440edr_f0731482ncam00375m1,test_msl,big_rock,iou,,0,0,0
dinov3_sat__finetuned__vitl16-sat493m__in_rover__seed1414__gpu_full__684c258f__gitc188b320__codebebd8b2d__20260713T043353711900Z,msl_ncam_nla_601414440edr_f0731482ncam00375m1,test_msl,ALL,pixel_acc,,0,0,0
dinov3_sat__finetuned__vitl16-sat493m__in_rover__seed1414__gpu_full__684c258f__gitc188b320__codebebd8b2d__20260713T043353711900Z,msl_ncam_nla_601414440edr_f0731482ncam00375m1,test_msl,ALL,boundary_f1,,0,0,0
dinov3_sat__finetuned__vitl16-sat493m__in_rover__seed1414__gpu_full__684c258f__gitc188b320__codebebd8b2d__20260713T043353711900Z,msl_ncam_nla_601414568edr_f0731482ncam00253m1,test_msl,soil,iou,1.0,124196,124196,124196
dinov3_sat__finetuned__vitl16-sat493m__in_rover__seed1414__gpu_full__684c258f__gitc188b320__codebebd8b2d__20260713T043353711900Z,msl_ncam_nla_601414568edr_f0731482ncam00253m1,test_msl,bedrock,iou,,0,0,124196
dinov3_sat__finetuned__vitl16-sat493m__in_rover__seed1414__gpu_full__684c258f__gitc188b320__codebebd8b2d__20260713T043353711900Z,msl_ncam_nla_601414568edr_f0731482ncam00253m1,test_msl,sand,iou,,0,0,124196
dinov3_sat__finetuned__vitl16-sat493m__in_rover__seed1414__gpu_full__684c258f__gitc188b320__codebebd8b2d__20260713T043353711900Z,msl_ncam_nla_601414568edr_f0731482ncam00253m1,test_msl,big_rock,iou,,0,0,124196
dinov3_sat__finetuned__vitl16-sat493m__in_rover__seed1414__gpu_full__684c258f__gitc188b320__codebebd8b2d__20260713T043353711900Z,msl_ncam_nla_601414568edr_f0731482ncam00253m1,test_msl,ALL,pixel_acc,1.0,0,0,124196
dinov3_sat__finetuned__vitl16-sat493m__in_rover__seed1414__gpu_full__684c258f__gitc188b320__codebebd8b2d__20260713T043353711900Z,msl_ncam_nla_601414568edr_f0731482ncam00253m1,test_msl,ALL,boundary_f1,1.0,0,0,124196
dinov3_sat__finetuned__vitl16-sat493m__in_rover__seed1414__gpu_full__684c258f__gitc188b320__codebebd8b2d__20260713T043353711900Z,msl_ncam_nla_601414993edr_f0731482ncam00254m1,test_msl,soil,iou,0.6835996407814697,80688,118034,118034
dinov3_sat__finetuned__vitl16-sat493m__in_rover__seed1414__gpu_full__684c258f__gitc188b320__codebebd8b2d__20260713T043353711900Z,msl_ncam_nla_601414993edr_f0731482ncam00254m1,test_msl,bedrock,iou,0.0,0,37346,118034
dinov3_sat__finetuned__vitl16-sat493m__in_rover__seed1414__gpu_full__684c258f__gitc188b320__codebebd8b2d__20260713T043353711900Z,msl_ncam_nla_601414993edr_f0731482ncam00254m1,test_msl,sand,iou,,0,0,118034
dinov3_sat__finetuned__vitl16-sat493m__in_rover__seed1414__gpu_full__684c258f__gitc188b320__codebebd8b2d__20260713T043353711900Z,msl_ncam_nla_601414993edr_f0731482ncam00254m1,test_msl,big_rock,iou,,0,0,118034
dinov3_sat__finetuned__vitl16-sat493m__in_rover__seed1414__gpu_full__684c258f__gitc188b320__codebebd8b2d__20260713T043353711900Z,msl_ncam_nla_601414993edr_f0731482ncam00254m1,test_msl,ALL,pixel_acc,0.6835996407814697,0,0,118034
dinov3_sat__finetuned__vitl16-sat493m__in_rover__seed1414__gpu_full__684c258f__gitc188b320__codebebd8b2d__20260713T043353711900Z,msl_ncam_nla_601414993edr_f0731482ncam00254m1,test_msl,ALL,boundary_f1,0.41025641025641024,0,0,118034
dinov3_sat__finetuned__vitl16-sat493m__in_rover__seed1414__gpu_full__684c258f__gitc188b320__codebebd8b2d__20260713T043353711900Z,msl_ncam_nla_601415225edr_f0731482ncam00254m1,test_msl,soil,iou,1.0,84983,84983,84983
dinov3_sat__finetuned__vitl16-sat493m__in_rover__seed1414__gpu_full__684c258f__gitc188b320__codebebd8b2d__20260713T043353711900Z,msl_ncam_nla_601415225edr_f0731482ncam00254m1,test_msl,bedrock,iou,,0,0,84983
dinov3_sat__finetuned__vitl16-sat493m__in_rover__seed1414__gpu_full__684c258f__gitc188b320__codebebd8b2d__20260713T043353711900Z,msl_ncam_nla_601415225edr_f0731482ncam00254m1,test_msl,sand,iou,,0,0,84983
dinov3_sat__finetuned__vitl16-sat493m__in_rover__seed1414__gpu_full__684c258f__gitc188b320__codebebd8b2d__20260713T043353711900Z,msl_ncam_nla_601415225edr_f0731482ncam00254m1,test_msl,big_rock,iou,,0,0,84983
dinov3_sat__finetuned__vitl16-sat493m__in_rover__seed1414__gpu_full__684c258f__gitc188b320__codebebd8b2d__20260713T043353711900Z,msl_ncam_nla_601415225edr_f0731482ncam00254m1,test_msl,ALL,pixel_acc,1.0,0,0,84983
dinov3_sat__finetuned__vitl16-sat493m__in_rover__seed1414__gpu_full__684c258f__gitc188b320__codebebd8b2d__20260713T043353711900Z,msl_ncam_nla_601415225edr_f0731482ncam00254m1,test_msl,ALL,boundary_f1,1.0,0,0,84983
dinov3_sat__finetuned__vitl16-sat493m__in_rover__seed1414__gpu_full__684c258f__gitc188b320__codebebd8b2d__20260713T043353711900Z,msl_ncam_nla_601421002edr_f0731482ccam05295m1,test_msl,soil,iou,1.0,146635,146635,146635
dinov3_sat__finetuned__vitl16-sat493m__in_rover__seed1414__gpu_full__684c258f__gitc188b320__codebebd8b2d__20260713T043353711900Z,msl_ncam_nla_601421002edr_f0731482ccam05295m1,test_msl,bedrock,iou,,0,0,146635
dinov3_sat__finetuned__vitl16-sat493m__in_rover__seed1414__gpu_full__684c258f__gitc188b320__codebebd8b2d__20260713T043353711900Z,msl_ncam_nla_601421002edr_f0731482ccam05295m1,test_msl,sand,iou,,0,0,146635
dinov3_sat__finetuned__vitl16-sat493m__in_rover__seed1414__gpu_full__684c258f__gitc188b320__codebebd8b2d__20260713T043353711900Z,msl_ncam_nla_601421002edr_f0731482ccam05295m1,test_msl,big_rock,iou,,0,0,146635
dinov3_sat__finetuned__vitl16-sat493m__in_rover__seed1414__gpu_full__684c258f__gitc188b320__codebebd8b2d__20260713T043353711900Z,msl_ncam_nla_601421002edr_f0731482ccam05295m1,test_msl,ALL,pixel_acc,1.0,0,0,146635
dinov3_sat__finetuned__vitl16-sat493m__in_rover__seed1414__gpu_full__684c258f__gitc188b320__codebebd8b2d__20260713T043353711900Z,msl_ncam_nla_601421002edr_f0731482ccam05295m1,test_msl,ALL,boundary_f1,1.0,0,0,146635
dinov3_sat__finetuned__vitl16-sat493m__in_rover__seed1414__gpu_full__684c258f__gitc188b320__codebebd8b2d__20260713T043353711900Z,msl_ncam_nla_602651352edr_f0732676ncam00207m1,test_msl,soil,iou,1.0,115704,115704,115704
dinov3_sat__finetuned__vitl16-sat493m__in_rover__seed1414__gpu_full__684c258f__gitc188b320__codebebd8b2d__20260713T043353711900Z,msl_ncam_nla_602651352edr_f0732676ncam00207m1,test_msl,bedrock,iou,,0,0,115704
dinov3_sat__finetuned__vitl16-sat493m__in_rover__seed1414__gpu_full__684c258f__gitc188b320__codebebd8b2d__20260713T043353711900Z,msl_ncam_nla_602651352edr_f0732676ncam00207m1,test_msl,sand,iou,,0,0,115704
dinov3_sat__finetuned__vitl16-sat493m__in_rover__seed1414__gpu_full__684c258f__gitc188b320__codebebd8b2d__20260713T043353711900Z,msl_ncam_nla_602651352edr_f0732676ncam00207m1,test_msl,big_rock,iou,,0,0,115704
dinov3_sat__finetuned__vitl16-sat493m__in_rover__seed1414__gpu_full__684c258f__gitc188b320__codebebd8b2d__20260713T043353711900Z,msl_ncam_nla_602651352edr_f0732676ncam00207m1,test_msl,ALL,pixel_acc,1.0,0,0,115704
dinov3_sat__finetuned__vitl16-sat493m__in_rover__seed1414__gpu_full__684c258f__gitc188b320__codebebd8b2d__20260713T043353711900Z,msl_ncam_nla_602651352edr_f0732676ncam00207m1,test_msl,ALL,boundary_f1,1.0,0,0,115704
dinov3_sat__finetuned__vitl16-sat493m__in_rover__seed1414__gpu_full__684c258f__gitc188b320__codebebd8b2d__20260713T043353711900Z,msl_ncam_nla_602657189edr_f0732688ncam00382m1,test_msl,soil,iou,1.0,113944,113944,113944
dinov3_sat__finetuned__vitl16-sat493m__in_rover__seed1414__gpu_full__684c258f__gitc188b320__codebebd8b2d__20260713T043353711900Z,msl_ncam_nla_602657189edr_f0732688ncam00382m1,test_msl,bedrock,iou,,0,0,113944
dinov3_sat__finetuned__vitl16-sat493m__in_rover__seed1414__gpu_full__684c258f__gitc188b320__codebebd8b2d__20260713T043353711900Z,msl_ncam_nla_602657189edr_f0732688ncam00382m1,test_msl,sand,iou,,0,0,113944
dinov3_sat__finetuned__vitl16-sat493m__in_rover__seed1414__gpu_full__684c258f__gitc188b320__codebebd8b2d__20260713T043353711900Z,msl_ncam_nla_602657189edr_f0732688ncam00382m1,test_msl,big_rock,iou,,0,0,113944
dinov3_sat__finetuned__vitl16-sat493m__in_rover__seed1414__gpu_full__684c258f__gitc188b320__codebebd8b2d__20260713T043353711900Z,msl_ncam_nla_602657189edr_f0732688ncam00382m1,test_msl,ALL,pixel_acc,1.0,0,0,113944
dinov3_sat__finetuned__vitl16-sat493m__in_rover__seed1414__gpu_full__684c258f__gitc188b320__codebebd8b2d__20260713T043353711900Z,msl_ncam_nla_602657189edr_f0732688ncam00382m1,test_msl,ALL,boundary_f1,1.0,0,0,113944
dinov3_sat__finetuned__vitl16-sat493m__in_rover__seed1414__gpu_full__684c258f__gitc188b320__codebebd8b2d__20260713T043353711900Z,msl_ncam_nla_602664101edr_f0732958ncam00375m1,test_msl,soil,iou,1.0,167623,167623,167623
dinov3_sat__finetuned__vitl16-sat493m__in_rover__seed1414__gpu_full__684c258f__gitc188b320__codebebd8b2d__20260713T043353711900Z,msl_ncam_nla_602664101edr_f0732958ncam00375m1,test_msl,bedrock,iou,,0,0,167623
dinov3_sat__finetuned__vitl16-sat493m__in_rover__seed1414__gpu_full__684c258f__gitc188b320__codebebd8b2d__20260713T043353711900Z,msl_ncam_nla_602664101edr_f0732958ncam00375m1,test_msl,sand,iou,,0,0,167623
dinov3_sat__finetuned__vitl16-sat493m__in_rover__seed1414__gpu_full__684c258f__gitc188b320__codebebd8b2d__20260713T043353711900Z,msl_ncam_nla_602664101edr_f0732958ncam00375m1,test_msl,big_rock,iou,,0,0,167623
dinov3_sat__finetuned__vitl16-sat493m__in_rover__seed1414__gpu_full__684c258f__gitc188b320__codebebd8b2d__20260713T043353711900Z,msl_ncam_nla_602664101edr_f0732958ncam00375m1,test_msl,ALL,pixel_acc,1.0,0,0,167623
dinov3_sat__finetuned__vitl16-sat493m__in_rover__seed1414__gpu_full__684c258f__gitc188b320__codebebd8b2d__20260713T043353711900Z,msl_ncam_nla_602664101edr_f0732958ncam00375m1,test_msl,ALL,boundary_f1,1.0,0,0,167623
dinov3_sat__finetuned__vitl16-sat493m__in_rover__seed1414__gpu_full__684c258f__gitc188b320__codebebd8b2d__20260713T043353711900Z,msl_ncam_nla_602664178edr_f0732958ncam00271m1,test_msl,soil,iou,1.0,81139,81139,81139
dinov3_sat__finetuned__vitl16-sat493m__in_rover__seed1414__gpu_full__684c258f__gitc188b320__codebebd8b2d__20260713T043353711900Z,msl_ncam_nla_602664178edr_f0732958ncam00271m1,test_msl,bedrock,iou,,0,0,81139
dinov3_sat__finetuned__vitl16-sat493m__in_rover__seed1414__gpu_full__684c258f__gitc188b320__codebebd8b2d__20260713T043353711900Z,msl_ncam_nla_602664178edr_f0732958ncam00271m1,test_msl,sand,iou,,0,0,81139
dinov3_sat__finetuned__vitl16-sat493m__in_rover__seed1414__gpu_full__684c258f__gitc188b320__codebebd8b2d__20260713T043353711900Z,msl_ncam_nla_602664178edr_f0732958ncam00271m1,test_msl,big_rock,iou,,0,0,81139
dinov3_sat__finetuned__vitl16-sat493m__in_rover__seed1414__gpu_full__684c258f__gitc188b320__codebebd8b2d__20260713T043353711900Z,msl_ncam_nla_602664178edr_f0732958ncam00271m1,test_msl,ALL,pixel_acc,1.0,0,0,81139
dinov3_sat__finetuned__vitl16-sat493m__in_rover__seed1414__gpu_full__684c258f__gitc188b320__codebebd8b2d__20260713T043353711900Z,msl_ncam_nla_602664178edr_f0732958ncam00271m1,test_msl,ALL,boundary_f1,1.0,0,0,81139
dinov3_sat__finetuned__vitl16-sat493m__in_rover__seed1414__gpu_full__684c258f__gitc188b320__codebebd8b2d__20260713T043353711900Z,msl_ncam_nla_602664242edr_f0732958ncam00271m1,test_msl,soil,iou,1.0,137437,137437,137437
dinov3_sat__finetuned__vitl16-sat493m__in_rover__seed1414__gpu_full__684c258f__gitc188b320__codebebd8b2d__20260713T043353711900Z,msl_ncam_nla_602664242edr_f0732958ncam00271m1,test_msl,bedrock,iou,,0,0,137437
dinov3_sat__finetuned__vitl16-sat493m__in_rover__seed1414__gpu_full__684c258f__gitc188b320__codebebd8b2d__20260713T043353711900Z,msl_ncam_nla_602664242edr_f0732958ncam00271m1,test_msl,sand,iou,,0,0,137437
dinov3_sat__finetuned__vitl16-sat493m__in_rover__seed1414__gpu_full__684c258f__gitc188b320__codebebd8b2d__20260713T043353711900Z,msl_ncam_nla_602664242edr_f0732958ncam00271m1,test_msl,big_rock,iou,,0,0,137437
dinov3_sat__finetuned__vitl16-sat493m__in_rover__seed1414__gpu_full__684c258f__gitc188b320__codebebd8b2d__20260713T043353711900Z,msl_ncam_nla_602664242edr_f0732958ncam00271m1,test_msl,ALL,pixel_acc,1.0,0,0,137437
dinov3_sat__finetuned__vitl16-sat493m__in_rover__seed1414__gpu_full__684c258f__gitc188b320__codebebd8b2d__20260713T043353711900Z,msl_ncam_nla_602664242edr_f0732958ncam00271m1,test_msl,ALL,boundary_f1,1.0,0,0,137437
dinov3_sat__finetuned__vitl16-sat493m__in_rover__seed1414__gpu_full__684c258f__gitc188b320__codebebd8b2d__20260713T043353711900Z,msl_ncam_nla_602664684edr_f0732958ncam00312m1,test_msl,soil,iou,1.0,236351,236351,236351
dinov3_sat__finetuned__vitl16-sat493m__in_rover__seed1414__gpu_full__684c258f__gitc188b320__codebebd8b2d__20260713T043353711900Z,msl_ncam_nla_602664684edr_f0732958ncam00312m1,test_msl,bedrock,iou,,0,0,236351
dinov3_sat__finetuned__vitl16-sat493m__in_rover__seed1414__gpu_full__684c258f__gitc188b320__codebebd8b2d__20260713T043353711900Z,msl_ncam_nla_602664684edr_f0732958ncam00312m1,test_msl,sand,iou,,0,0,236351
dinov3_sat__finetuned__vitl16-sat493m__in_rover__seed1414__gpu_full__684c258f__gitc188b320__codebebd8b2d__20260713T043353711900Z,msl_ncam_nla_602664684edr_f0732958ncam00312m1,test_msl,big_rock,iou,,0,0,236351
dinov3_sat__finetuned__vitl16-sat493m__in_rover__seed1414__gpu_full__684c258f__gitc188b320__codebebd8b2d__20260713T043353711900Z,msl_ncam_nla_602664684edr_f0732958ncam00312m1,test_msl,ALL,pixel_acc,1.0,0,0,236351
dinov3_sat__finetuned__vitl16-sat493m__in_rover__seed1414__gpu_full__684c258f__gitc188b320__codebebd8b2d__20260713T043353711900Z,msl_ncam_nla_602664684edr_f0732958ncam00312m1,test_msl,ALL,boundary_f1,1.0,0,0,236351
dinov3_sat__finetuned__vitl16-sat493m__in_rover__seed1414__gpu_full__684c258f__gitc188b320__codebebd8b2d__20260713T043353711900Z,msl_ncam_nla_602664993edr_f0732958ncam00272m1,test_msl,soil,iou,1.0,59718,59718,59718
dinov3_sat__finetuned__vitl16-sat493m__in_rover__seed1414__gpu_full__684c258f__gitc188b320__codebebd8b2d__20260713T043353711900Z,msl_ncam_nla_602664993edr_f0732958ncam00272m1,test_msl,bedrock,iou,,0,0,59718
dinov3_sat__finetuned__vitl16-sat493m__in_rover__seed1414__gpu_full__684c258f__gitc188b320__codebebd8b2d__20260713T043353711900Z,msl_ncam_nla_602664993edr_f0732958ncam00272m1,test_msl,sand,iou,,0,0,59718
dinov3_sat__finetuned__vitl16-sat493m__in_rover__seed1414__gpu_full__684c258f__gitc188b320__codebebd8b2d__20260713T043353711900Z,msl_ncam_nla_602664993edr_f0732958ncam00272m1,test_msl,big_rock,iou,,0,0,59718
dinov3_sat__finetuned__vitl16-sat493m__in_rover__seed1414__gpu_full__684c258f__gitc188b320__codebebd8b2d__20260713T043353711900Z,msl_ncam_nla_602664993edr_f0732958ncam00272m1,test_msl,ALL,pixel_acc,1.0,0,0,59718
dinov3_sat__finetuned__vitl16-sat493m__in_rover__seed1414__gpu_full__684c258f__gitc188b320__codebebd8b2d__20260713T043353711900Z,msl_ncam_nla_602664993edr_f0732958ncam00272m1,test_msl,ALL,boundary_f1,1.0,0,0,59718
dinov3_sat__finetuned__vitl16-sat493m__in_rover__seed1414__gpu_full__684c258f__gitc188b320__codebebd8b2d__20260713T043353711900Z,msl_ncam_nla_602665055edr_f0732958ncam00272m1,test_msl,soil,iou,1.0,83469,83469,83469
dinov3_sat__finetuned__vitl16-sat493m__in_rover__seed1414__gpu_full__684c258f__gitc188b320__codebebd8b2d__20260713T043353711900Z,msl_ncam_nla_602665055edr_f0732958ncam00272m1,test_msl,bedrock,iou,,0,0,83469
dinov3_sat__finetuned__vitl16-sat493m__in_rover__seed1414__gpu_full__684c258f__gitc188b320__codebebd8b2d__20260713T043353711900Z,msl_ncam_nla_602665055edr_f0732958ncam00272m1,test_msl,sand,iou,,0,0,83469
dinov3_sat__finetuned__vitl16-sat493m__in_rover__seed1414__gpu_full__684c258f__gitc188b320__codebebd8b2d__20260713T043353711900Z,msl_ncam_nla_602665055edr_f0732958ncam00272m1,test_msl,big_rock,iou,,0,0,83469
dinov3_sat__finetuned__vitl16-sat493m__in_rover__seed1414__gpu_full__684c258f__gitc188b320__codebebd8b2d__20260713T043353711900Z,msl_ncam_nla_602665055edr_f0732958ncam00272m1,test_msl,ALL,pixel_acc,1.0,0,0,83469
dinov3_sat__finetuned__vitl16-sat493m__in_rover__seed1414__gpu_full__684c258f__gitc188b320__codebebd8b2d__20260713T043353711900Z,msl_ncam_nla_602665055edr_f0732958ncam00272m1,test_msl,ALL,boundary_f1,1.0,0,0,83469
dinov3_sat__finetuned__vitl16-sat493m__in_rover__seed1414__gpu_full__684c258f__gitc188b320__codebebd8b2d__20260713T043353711900Z,msl_ncam_nlb_427501146edr_f0080590ncam00385m1,test_msl,soil,iou,1.0,221229,221229,221229
dinov3_sat__finetuned__vitl16-sat493m__in_rover__seed1414__gpu_full__684c258f__gitc188b320__codebebd8b2d__20260713T043353711900Z,msl_ncam_nlb_427501146edr_f0080590ncam00385m1,test_msl,bedrock,iou,,0,0,221229
dinov3_sat__finetuned__vitl16-sat493m__in_rover__seed1414__gpu_full__684c258f__gitc188b320__codebebd8b2d__20260713T043353711900Z,msl_ncam_nlb_427501146edr_f0080590ncam00385m1,test_msl,sand,iou,,0,0,221229
dinov3_sat__finetuned__vitl16-sat493m__in_rover__seed1414__gpu_full__684c258f__gitc188b320__codebebd8b2d__20260713T043353711900Z,msl_ncam_nlb_427501146edr_f0080590ncam00385m1,test_msl,big_rock,iou,,0,0,221229
dinov3_sat__finetuned__vitl16-sat493m__in_rover__seed1414__gpu_full__684c258f__gitc188b320__codebebd8b2d__20260713T043353711900Z,msl_ncam_nlb_427501146edr_f0080590ncam00385m1,test_msl,ALL,pixel_acc,1.0,0,0,221229
dinov3_sat__finetuned__vitl16-sat493m__in_rover__seed1414__gpu_full__684c258f__gitc188b320__codebebd8b2d__20260713T043353711900Z,msl_ncam_nlb_427501146edr_f0080590ncam00385m1,test_msl,ALL,boundary_f1,1.0,0,0,221229
dinov3_sat__finetuned__vitl16-sat493m__in_rover__seed1414__gpu_full__684c258f__gitc188b320__codebebd8b2d__20260713T043353711900Z,msl_ncam_nlb_427503509edr_f0080610ncam00253m1,test_msl,soil,iou,1.0,91532,91532,91532
dinov3_sat__finetuned__vitl16-sat493m__in_rover__seed1414__gpu_full__684c258f__gitc188b320__codebebd8b2d__20260713T043353711900Z,msl_ncam_nlb_427503509edr_f0080610ncam00253m1,test_msl,bedrock,iou,,0,0,91532
dinov3_sat__finetuned__vitl16-sat493m__in_rover__seed1414__gpu_full__684c258f__gitc188b320__codebebd8b2d__20260713T043353711900Z,msl_ncam_nlb_427503509edr_f0080610ncam00253m1,test_msl,sand,iou,,0,0,91532
dinov3_sat__finetuned__vitl16-sat493m__in_rover__seed1414__gpu_full__684c258f__gitc188b320__codebebd8b2d__20260713T043353711900Z,msl_ncam_nlb_427503509edr_f0080610ncam00253m1,test_msl,big_rock,iou,,0,0,91532
dinov3_sat__finetuned__vitl16-sat493m__in_rover__seed1414__gpu_full__684c258f__gitc188b320__codebebd8b2d__20260713T043353711900Z,msl_ncam_nlb_427503509edr_f0080610ncam00253m1,test_msl,ALL,pixel_acc,1.0,0,0,91532
dinov3_sat__finetuned__vitl16-sat493m__in_rover__seed1414__gpu_full__684c258f__gitc188b320__codebebd8b2d__20260713T043353711900Z,msl_ncam_nlb_427503509edr_f0080610ncam00253m1,test_msl,ALL,boundary_f1,1.0,0,0,91532
dinov3_sat__finetuned__vitl16-sat493m__in_rover__seed1414__gpu_full__684c258f__gitc188b320__codebebd8b2d__20260713T043353711900Z,msl_ncam_nlb_427503571edr_f0080610ncam00253m1,test_msl,soil,iou,1.0,70082,70082,70082
dinov3_sat__finetuned__vitl16-sat493m__in_rover__seed1414__gpu_full__684c258f__gitc188b320__codebebd8b2d__20260713T043353711900Z,msl_ncam_nlb_427503571edr_f0080610ncam00253m1,test_msl,bedrock,iou,,0,0,70082
dinov3_sat__finetuned__vitl16-sat493m__in_rover__seed1414__gpu_full__684c258f__gitc188b320__codebebd8b2d__20260713T043353711900Z,msl_ncam_nlb_427503571edr_f0080610ncam00253m1,test_msl,sand,iou,,0,0,70082
dinov3_sat__finetuned__vitl16-sat493m__in_rover__seed1414__gpu_full__684c258f__gitc188b320__codebebd8b2d__20260713T043353711900Z,msl_ncam_nlb_427503571edr_f0080610ncam00253m1,test_msl,big_rock,iou,,0,0,70082
dinov3_sat__finetuned__vitl16-sat493m__in_rover__seed1414__gpu_full__684c258f__gitc188b320__codebebd8b2d__20260713T043353711900Z,msl_ncam_nlb_427503571edr_f0080610ncam00253m1,test_msl,ALL,pixel_acc,1.0,0,0,70082
dinov3_sat__finetuned__vitl16-sat493m__in_rover__seed1414__gpu_full__684c258f__gitc188b320__codebebd8b2d__20260713T043353711900Z,msl_ncam_nlb_427503571edr_f0080610ncam00253m1,test_msl,ALL,boundary_f1,1.0,0,0,70082
dinov3_sat__finetuned__vitl16-sat493m__in_rover__seed1414__gpu_full__684c258f__gitc188b320__codebebd8b2d__20260713T043353711900Z,msl_ncam_nlb_428295522edr_f0100474ncam00385m1,test_msl,soil,iou,1.0,233287,233287,233287
dinov3_sat__finetuned__vitl16-sat493m__in_rover__seed1414__gpu_full__684c258f__gitc188b320__codebebd8b2d__20260713T043353711900Z,msl_ncam_nlb_428295522edr_f0100474ncam00385m1,test_msl,bedrock,iou,,0,0,233287
dinov3_sat__finetuned__vitl16-sat493m__in_rover__seed1414__gpu_full__684c258f__gitc188b320__codebebd8b2d__20260713T043353711900Z,msl_ncam_nlb_428295522edr_f0100474ncam00385m1,test_msl,sand,iou,,0,0,233287
dinov3_sat__finetuned__vitl16-sat493m__in_rover__seed1414__gpu_full__684c258f__gitc188b320__codebebd8b2d__20260713T043353711900Z,msl_ncam_nlb_428295522edr_f0100474ncam00385m1,test_msl,big_rock,iou,,0,0,233287
dinov3_sat__finetuned__vitl16-sat493m__in_rover__seed1414__gpu_full__684c258f__gitc188b320__codebebd8b2d__20260713T043353711900Z,msl_ncam_nlb_428295522edr_f0100474ncam00385m1,test_msl,ALL,pixel_acc,1.0,0,0,233287
dinov3_sat__finetuned__vitl16-sat493m__in_rover__seed1414__gpu_full__684c258f__gitc188b320__codebebd8b2d__20260713T043353711900Z,msl_ncam_nlb_428295522edr_f0100474ncam00385m1,test_msl,ALL,boundary_f1,1.0,0,0,233287
dinov3_sat__finetuned__vitl16-sat493m__in_rover__seed1414__gpu_full__684c258f__gitc188b320__codebebd8b2d__20260713T043353711900Z,msl_ncam_nlb_428304492edr_f0100508ncam05114m1,test_msl,soil,iou,1.0,88012,88012,88012
dinov3_sat__finetuned__vitl16-sat493m__in_rover__seed1414__gpu_full__684c258f__gitc188b320__codebebd8b2d__20260713T043353711900Z,msl_ncam_nlb_428304492edr_f0100508ncam05114m1,test_msl,bedrock,iou,,0,0,88012
dinov3_sat__finetuned__vitl16-sat493m__in_rover__seed1414__gpu_full__684c258f__gitc188b320__codebebd8b2d__20260713T043353711900Z,msl_ncam_nlb_428304492edr_f0100508ncam05114m1,test_msl,sand,iou,,0,0,88012
dinov3_sat__finetuned__vitl16-sat493m__in_rover__seed1414__gpu_full__684c258f__gitc188b320__codebebd8b2d__20260713T043353711900Z,msl_ncam_nlb_428304492edr_f0100508ncam05114m1,test_msl,big_rock,iou,,0,0,88012
dinov3_sat__finetuned__vitl16-sat493m__in_rover__seed1414__gpu_full__684c258f__gitc188b320__codebebd8b2d__20260713T043353711900Z,msl_ncam_nlb_428304492edr_f0100508ncam05114m1,test_msl,ALL,pixel_acc,1.0,0,0,88012
dinov3_sat__finetuned__vitl16-sat493m__in_rover__seed1414__gpu_full__684c258f__gitc188b320__codebebd8b2d__20260713T043353711900Z,msl_ncam_nlb_428304492edr_f0100508ncam05114m1,test_msl,ALL,boundary_f1,1.0,0,0,88012
dinov3_sat__finetuned__vitl16-sat493m__in_rover__seed1414__gpu_full__684c258f__gitc188b320__codebebd8b2d__20260713T043353711900Z,msl_ncam_nlb_428304547edr_f0100508ncam05114m1,test_msl,soil,iou,,0,0,0
dinov3_sat__finetuned__vitl16-sat493m__in_rover__seed1414__gpu_full__684c258f__gitc188b320__codebebd8b2d__20260713T043353711900Z,msl_ncam_nlb_428304547edr_f0100508ncam05114m1,test_msl,bedrock,iou,,0,0,0
dinov3_sat__finetuned__vitl16-sat493m__in_rover__seed1414__gpu_full__684c258f__gitc188b320__codebebd8b2d__20260713T043353711900Z,msl_ncam_nlb_428304547edr_f0100508ncam05114m1,test_msl,sand,iou,,0,0,0
dinov3_sat__finetuned__vitl16-sat493m__in_rover__seed1414__gpu_full__684c258f__gitc188b320__codebebd8b2d__20260713T043353711900Z,msl_ncam_nlb_428304547edr_f0100508ncam05114m1,test_msl,big_rock,iou,,0,0,0
dinov3_sat__finetuned__vitl16-sat493m__in_rover__seed1414__gpu_full__684c258f__gitc188b320__codebebd8b2d__20260713T043353711900Z,msl_ncam_nlb_428304547edr_f0100508ncam05114m1,test_msl,ALL,pixel_acc,,0,0,0
dinov3_sat__finetuned__vitl16-sat493m__in_rover__seed1414__gpu_full__684c258f__gitc188b320__codebebd8b2d__20260713T043353711900Z,msl_ncam_nlb_428304547edr_f0100508ncam05114m1,test_msl,ALL,boundary_f1,,0,0,0
dinov3_sat__finetuned__vitl16-sat493m__in_rover__seed1414__gpu_full__684c258f__gitc188b320__codebebd8b2d__20260713T043353711900Z,msl_ncam_nlb_428304609edr_f0100508ncam05114m1,test_msl,soil,iou,0.9998941569040337,179492,179511,181034
dinov3_sat__finetuned__vitl16-sat493m__in_rover__seed1414__gpu_full__684c258f__gitc188b320__codebebd8b2d__20260713T043353711900Z,msl_ncam_nlb_428304609edr_f0100508ncam05114m1,test_msl,bedrock,iou,,0,0,181034
dinov3_sat__finetuned__vitl16-sat493m__in_rover__seed1414__gpu_full__684c258f__gitc188b320__codebebd8b2d__20260713T043353711900Z,msl_ncam_nlb_428304609edr_f0100508ncam05114m1,test_msl,sand,iou,,0,0,181034
dinov3_sat__finetuned__vitl16-sat493m__in_rover__seed1414__gpu_full__684c258f__gitc188b320__codebebd8b2d__20260713T043353711900Z,msl_ncam_nlb_428304609edr_f0100508ncam05114m1,test_msl,big_rock,iou,0.9876783398184177,1523,1542,181034
dinov3_sat__finetuned__vitl16-sat493m__in_rover__seed1414__gpu_full__684c258f__gitc188b320__codebebd8b2d__20260713T043353711900Z,msl_ncam_nlb_428304609edr_f0100508ncam05114m1,test_msl,ALL,pixel_acc,0.9998950473391739,0,0,181034
dinov3_sat__finetuned__vitl16-sat493m__in_rover__seed1414__gpu_full__684c258f__gitc188b320__codebebd8b2d__20260713T043353711900Z,msl_ncam_nlb_428304609edr_f0100508ncam05114m1,test_msl,ALL,boundary_f1,0.9815533980582525,0,0,181034
dinov3_sat__finetuned__vitl16-sat493m__in_rover__seed1414__gpu_full__684c258f__gitc188b320__codebebd8b2d__20260713T043353711900Z,msl_ncam_nlb_431505395edr_f0141388ncam00385m1,test_msl,soil,iou,1.0,184315,184315,184315
dinov3_sat__finetuned__vitl16-sat493m__in_rover__seed1414__gpu_full__684c258f__gitc188b320__codebebd8b2d__20260713T043353711900Z,msl_ncam_nlb_431505395edr_f0141388ncam00385m1,test_msl,bedrock,iou,,0,0,184315
dinov3_sat__finetuned__vitl16-sat493m__in_rover__seed1414__gpu_full__684c258f__gitc188b320__codebebd8b2d__20260713T043353711900Z,msl_ncam_nlb_431505395edr_f0141388ncam00385m1,test_msl,sand,iou,,0,0,184315
dinov3_sat__finetuned__vitl16-sat493m__in_rover__seed1414__gpu_full__684c258f__gitc188b320__codebebd8b2d__20260713T043353711900Z,msl_ncam_nlb_431505395edr_f0141388ncam00385m1,test_msl,big_rock,iou,,0,0,184315
dinov3_sat__finetuned__vitl16-sat493m__in_rover__seed1414__gpu_full__684c258f__gitc188b320__codebebd8b2d__20260713T043353711900Z,msl_ncam_nlb_431505395edr_f0141388ncam00385m1,test_msl,ALL,pixel_acc,1.0,0,0,184315
dinov3_sat__finetuned__vitl16-sat493m__in_rover__seed1414__gpu_full__684c258f__gitc188b320__codebebd8b2d__20260713T043353711900Z,msl_ncam_nlb_431505395edr_f0141388ncam00385m1,test_msl,ALL,boundary_f1,1.0,0,0,184315
dinov3_sat__finetuned__vitl16-sat493m__in_rover__seed1414__gpu_full__684c258f__gitc188b320__codebebd8b2d__20260713T043353711900Z,msl_ncam_nlb_431511171edr_f0150000ncam00290m1,test_msl,soil,iou,1.0,93104,93104,93104
dinov3_sat__finetuned__vitl16-sat493m__in_rover__seed1414__gpu_full__684c258f__gitc188b320__codebebd8b2d__20260713T043353711900Z,msl_ncam_nlb_431511171edr_f0150000ncam00290m1,test_msl,bedrock,iou,,0,0,93104
dinov3_sat__finetuned__vitl16-sat493m__in_rover__seed1414__gpu_full__684c258f__gitc188b320__codebebd8b2d__20260713T043353711900Z,msl_ncam_nlb_431511171edr_f0150000ncam00290m1,test_msl,sand,iou,,0,0,93104
dinov3_sat__finetuned__vitl16-sat493m__in_rover__seed1414__gpu_full__684c258f__gitc188b320__codebebd8b2d__20260713T043353711900Z,msl_ncam_nlb_431511171edr_f0150000ncam00290m1,test_msl,big_rock,iou,,0,0,93104
dinov3_sat__finetuned__vitl16-sat493m__in_rover__seed1414__gpu_full__684c258f__gitc188b320__codebebd8b2d__20260713T043353711900Z,msl_ncam_nlb_431511171edr_f0150000ncam00290m1,test_msl,ALL,pixel_acc,1.0,0,0,93104
dinov3_sat__finetuned__vitl16-sat493m__in_rover__seed1414__gpu_full__684c258f__gitc188b320__codebebd8b2d__20260713T043353711900Z,msl_ncam_nlb_431511171edr_f0150000ncam00290m1,test_msl,ALL,boundary_f1,1.0,0,0,93104
dinov3_sat__finetuned__vitl16-sat493m__in_rover__seed1414__gpu_full__684c258f__gitc188b320__codebebd8b2d__20260713T043353711900Z,msl_ncam_nlb_431511237edr_f0150000ncam00290m1,test_msl,soil,iou,1.0,137132,137132,137132
dinov3_sat__finetuned__vitl16-sat493m__in_rover__seed1414__gpu_full__684c258f__gitc188b320__codebebd8b2d__20260713T043353711900Z,msl_ncam_nlb_431511237edr_f0150000ncam00290m1,test_msl,bedrock,iou,,0,0,137132
dinov3_sat__finetuned__vitl16-sat493m__in_rover__seed1414__gpu_full__684c258f__gitc188b320__codebebd8b2d__20260713T043353711900Z,msl_ncam_nlb_431511237edr_f0150000ncam00290m1,test_msl,sand,iou,,0,0,137132
dinov3_sat__finetuned__vitl16-sat493m__in_rover__seed1414__gpu_full__684c258f__gitc188b320__codebebd8b2d__20260713T043353711900Z,msl_ncam_nlb_431511237edr_f0150000ncam00290m1,test_msl,big_rock,iou,,0,0,137132
dinov3_sat__finetuned__vitl16-sat493m__in_rover__seed1414__gpu_full__684c258f__gitc188b320__codebebd8b2d__20260713T043353711900Z,msl_ncam_nlb_431511237edr_f0150000ncam00290m1,test_msl,ALL,pixel_acc,1.0,0,0,137132
dinov3_sat__finetuned__vitl16-sat493m__in_rover__seed1414__gpu_full__684c258f__gitc188b320__codebebd8b2d__20260713T043353711900Z,msl_ncam_nlb_431511237edr_f0150000ncam00290m1,test_msl,ALL,boundary_f1,1.0,0,0,137132
dinov3_sat__finetuned__vitl16-sat493m__in_rover__seed1414__gpu_full__684c258f__gitc188b320__codebebd8b2d__20260713T043353711900Z,msl_ncam_nlb_431511659edr_f0150000ncam00291m1,test_msl,soil,iou,1.0,196725,196725,196725
dinov3_sat__finetuned__vitl16-sat493m__in_rover__seed1414__gpu_full__684c258f__gitc188b320__codebebd8b2d__20260713T043353711900Z,msl_ncam_nlb_431511659edr_f0150000ncam00291m1,test_msl,bedrock,iou,,0,0,196725
dinov3_sat__finetuned__vitl16-sat493m__in_rover__seed1414__gpu_full__684c258f__gitc188b320__codebebd8b2d__20260713T043353711900Z,msl_ncam_nlb_431511659edr_f0150000ncam00291m1,test_msl,sand,iou,,0,0,196725
dinov3_sat__finetuned__vitl16-sat493m__in_rover__seed1414__gpu_full__684c258f__gitc188b320__codebebd8b2d__20260713T043353711900Z,msl_ncam_nlb_431511659edr_f0150000ncam00291m1,test_msl,big_rock,iou,,0,0,196725
dinov3_sat__finetuned__vitl16-sat493m__in_rover__seed1414__gpu_full__684c258f__gitc188b320__codebebd8b2d__20260713T043353711900Z,msl_ncam_nlb_431511659edr_f0150000ncam00291m1,test_msl,ALL,pixel_acc,1.0,0,0,196725
dinov3_sat__finetuned__vitl16-sat493m__in_rover__seed1414__gpu_full__684c258f__gitc188b320__codebebd8b2d__20260713T043353711900Z,msl_ncam_nlb_431511659edr_f0150000ncam00291m1,test_msl,ALL,boundary_f1,1.0,0,0,196725
dinov3_sat__finetuned__vitl16-sat493m__in_rover__seed1414__gpu_full__684c258f__gitc188b320__codebebd8b2d__20260713T043353711900Z,msl_ncam_nlb_431511807edr_f0150000ncam00291m1,test_msl,soil,iou,,0,0,0
dinov3_sat__finetuned__vitl16-sat493m__in_rover__seed1414__gpu_full__684c258f__gitc188b320__codebebd8b2d__20260713T043353711900Z,msl_ncam_nlb_431511807edr_f0150000ncam00291m1,test_msl,bedrock,iou,,0,0,0
dinov3_sat__finetuned__vitl16-sat493m__in_rover__seed1414__gpu_full__684c258f__gitc188b320__codebebd8b2d__20260713T043353711900Z,msl_ncam_nlb_431511807edr_f0150000ncam00291m1,test_msl,sand,iou,,0,0,0
dinov3_sat__finetuned__vitl16-sat493m__in_rover__seed1414__gpu_full__684c258f__gitc188b320__codebebd8b2d__20260713T043353711900Z,msl_ncam_nlb_431511807edr_f0150000ncam00291m1,test_msl,big_rock,iou,,0,0,0
dinov3_sat__finetuned__vitl16-sat493m__in_rover__seed1414__gpu_full__684c258f__gitc188b320__codebebd8b2d__20260713T043353711900Z,msl_ncam_nlb_431511807edr_f0150000ncam00291m1,test_msl,ALL,pixel_acc,,0,0,0
dinov3_sat__finetuned__vitl16-sat493m__in_rover__seed1414__gpu_full__684c258f__gitc188b320__codebebd8b2d__20260713T043353711900Z,msl_ncam_nlb_431511807edr_f0150000ncam00291m1,test_msl,ALL,boundary_f1,,0,0,0
dinov3_sat__finetuned__vitl16-sat493m__in_rover__seed1414__gpu_full__684c258f__gitc188b320__codebebd8b2d__20260713T043353711900Z,msl_ncam_nlb_431511862edr_f0150000ncam00354m1,test_msl,soil,iou,1.0,215849,215849,215849
dinov3_sat__finetuned__vitl16-sat493m__in_rover__seed1414__gpu_full__684c258f__gitc188b320__codebebd8b2d__20260713T043353711900Z,msl_ncam_nlb_431511862edr_f0150000ncam00354m1,test_msl,bedrock,iou,,0,0,215849
dinov3_sat__finetuned__vitl16-sat493m__in_rover__seed1414__gpu_full__684c258f__gitc188b320__codebebd8b2d__20260713T043353711900Z,msl_ncam_nlb_431511862edr_f0150000ncam00354m1,test_msl,sand,iou,,0,0,215849
dinov3_sat__finetuned__vitl16-sat493m__in_rover__seed1414__gpu_full__684c258f__gitc188b320__codebebd8b2d__20260713T043353711900Z,msl_ncam_nlb_431511862edr_f0150000ncam00354m1,test_msl,big_rock,iou,,0,0,215849
dinov3_sat__finetuned__vitl16-sat493m__in_rover__seed1414__gpu_full__684c258f__gitc188b320__codebebd8b2d__20260713T043353711900Z,msl_ncam_nlb_431511862edr_f0150000ncam00354m1,test_msl,ALL,pixel_acc,1.0,0,0,215849
dinov3_sat__finetuned__vitl16-sat493m__in_rover__seed1414__gpu_full__684c258f__gitc188b320__codebebd8b2d__20260713T043353711900Z,msl_ncam_nlb_431511862edr_f0150000ncam00354m1,test_msl,ALL,boundary_f1,1.0,0,0,215849
dinov3_sat__finetuned__vitl16-sat493m__in_rover__seed1414__gpu_full__684c258f__gitc188b320__codebebd8b2d__20260713T043353711900Z,msl_ncam_nlb_436380021edr_f0211362ncam00278m1,test_msl,soil,iou,1.0,86938,86938,86938
dinov3_sat__finetuned__vitl16-sat493m__in_rover__seed1414__gpu_full__684c258f__gitc188b320__codebebd8b2d__20260713T043353711900Z,msl_ncam_nlb_436380021edr_f0211362ncam00278m1,test_msl,bedrock,iou,,0,0,86938
dinov3_sat__finetuned__vitl16-sat493m__in_rover__seed1414__gpu_full__684c258f__gitc188b320__codebebd8b2d__20260713T043353711900Z,msl_ncam_nlb_436380021edr_f0211362ncam00278m1,test_msl,sand,iou,,0,0,86938
dinov3_sat__finetuned__vitl16-sat493m__in_rover__seed1414__gpu_full__684c258f__gitc188b320__codebebd8b2d__20260713T043353711900Z,msl_ncam_nlb_436380021edr_f0211362ncam00278m1,test_msl,big_rock,iou,,0,0,86938
dinov3_sat__finetuned__vitl16-sat493m__in_rover__seed1414__gpu_full__684c258f__gitc188b320__codebebd8b2d__20260713T043353711900Z,msl_ncam_nlb_436380021edr_f0211362ncam00278m1,test_msl,ALL,pixel_acc,1.0,0,0,86938
dinov3_sat__finetuned__vitl16-sat493m__in_rover__seed1414__gpu_full__684c258f__gitc188b320__codebebd8b2d__20260713T043353711900Z,msl_ncam_nlb_436380021edr_f0211362ncam00278m1,test_msl,ALL,boundary_f1,1.0,0,0,86938
dinov3_sat__finetuned__vitl16-sat493m__in_rover__seed1414__gpu_full__684c258f__gitc188b320__codebebd8b2d__20260713T043353711900Z,msl_ncam_nlb_436380133edr_f0211362ncam00278m1,test_msl,soil,iou,0.3916346329855391,4279,10926,32983
dinov3_sat__finetuned__vitl16-sat493m__in_rover__seed1414__gpu_full__684c258f__gitc188b320__codebebd8b2d__20260713T043353711900Z,msl_ncam_nlb_436380133edr_f0211362ncam00278m1,test_msl,bedrock,iou,0.7684294871794872,22057,28704,32983
dinov3_sat__finetuned__vitl16-sat493m__in_rover__seed1414__gpu_full__684c258f__gitc188b320__codebebd8b2d__20260713T043353711900Z,msl_ncam_nlb_436380133edr_f0211362ncam00278m1,test_msl,sand,iou,,0,0,32983
dinov3_sat__finetuned__vitl16-sat493m__in_rover__seed1414__gpu_full__684c258f__gitc188b320__codebebd8b2d__20260713T043353711900Z,msl_ncam_nlb_436380133edr_f0211362ncam00278m1,test_msl,big_rock,iou,,0,0,32983
dinov3_sat__finetuned__vitl16-sat493m__in_rover__seed1414__gpu_full__684c258f__gitc188b320__codebebd8b2d__20260713T043353711900Z,msl_ncam_nlb_436380133edr_f0211362ncam00278m1,test_msl,ALL,pixel_acc,0.7984719400903496,0,0,32983
dinov3_sat__finetuned__vitl16-sat493m__in_rover__seed1414__gpu_full__684c258f__gitc188b320__codebebd8b2d__20260713T043353711900Z,msl_ncam_nlb_436380133edr_f0211362ncam00278m1,test_msl,ALL,boundary_f1,0.7472799867235319,0,0,32983
dinov3_sat__finetuned__vitl16-sat493m__in_rover__seed1414__gpu_full__684c258f__gitc188b320__codebebd8b2d__20260713T043353711900Z,msl_ncam_nlb_436383872edr_f0211362ncam00354m1,test_msl,soil,iou,0.0,0,10222,31991
dinov3_sat__finetuned__vitl16-sat493m__in_rover__seed1414__gpu_full__684c258f__gitc188b320__codebebd8b2d__20260713T043353711900Z,msl_ncam_nlb_436383872edr_f0211362ncam00354m1,test_msl,bedrock,iou,0.680472632928011,21769,31991,31991
dinov3_sat__finetuned__vitl16-sat493m__in_rover__seed1414__gpu_full__684c258f__gitc188b320__codebebd8b2d__20260713T043353711900Z,msl_ncam_nlb_436383872edr_f0211362ncam00354m1,test_msl,sand,iou,,0,0,31991
dinov3_sat__finetuned__vitl16-sat493m__in_rover__seed1414__gpu_full__684c258f__gitc188b320__codebebd8b2d__20260713T043353711900Z,msl_ncam_nlb_436383872edr_f0211362ncam00354m1,test_msl,big_rock,iou,,0,0,31991
dinov3_sat__finetuned__vitl16-sat493m__in_rover__seed1414__gpu_full__684c258f__gitc188b320__codebebd8b2d__20260713T043353711900Z,msl_ncam_nlb_436383872edr_f0211362ncam00354m1,test_msl,ALL,pixel_acc,0.680472632928011,0,0,31991
dinov3_sat__finetuned__vitl16-sat493m__in_rover__seed1414__gpu_full__684c258f__gitc188b320__codebebd8b2d__20260713T043353711900Z,msl_ncam_nlb_436383872edr_f0211362ncam00354m1,test_msl,ALL,boundary_f1,0.37564196625091706,0,0,31991
dinov3_sat__finetuned__vitl16-sat493m__in_rover__seed1414__gpu_full__684c258f__gitc188b320__codebebd8b2d__20260713T043353711900Z,msl_ncam_nlb_436383928edr_f0211362ncam00354m1,test_msl,soil,iou,,0,0,58335
dinov3_sat__finetuned__vitl16-sat493m__in_rover__seed1414__gpu_full__684c258f__gitc188b320__codebebd8b2d__20260713T043353711900Z,msl_ncam_nlb_436383928edr_f0211362ncam00354m1,test_msl,bedrock,iou,1.0,58335,58335,58335
dinov3_sat__finetuned__vitl16-sat493m__in_rover__seed1414__gpu_full__684c258f__gitc188b320__codebebd8b2d__20260713T043353711900Z,msl_ncam_nlb_436383928edr_f0211362ncam00354m1,test_msl,sand,iou,,0,0,58335
dinov3_sat__finetuned__vitl16-sat493m__in_rover__seed1414__gpu_full__684c258f__gitc188b320__codebebd8b2d__20260713T043353711900Z,msl_ncam_nlb_436383928edr_f0211362ncam00354m1,test_msl,big_rock,iou,,0,0,58335
dinov3_sat__finetuned__vitl16-sat493m__in_rover__seed1414__gpu_full__684c258f__gitc188b320__codebebd8b2d__20260713T043353711900Z,msl_ncam_nlb_436383928edr_f0211362ncam00354m1,test_msl,ALL,pixel_acc,1.0,0,0,58335
dinov3_sat__finetuned__vitl16-sat493m__in_rover__seed1414__gpu_full__684c258f__gitc188b320__codebebd8b2d__20260713T043353711900Z,msl_ncam_nlb_436383928edr_f0211362ncam00354m1,test_msl,ALL,boundary_f1,1.0,0,0,58335
dinov3_sat__finetuned__vitl16-sat493m__in_rover__seed1414__gpu_full__684c258f__gitc188b320__codebebd8b2d__20260713T043353711900Z,msl_ncam_nlb_436384026edr_f0211362ncam00279m1,test_msl,soil,iou,0.9915606763429597,66266,66830,164119
dinov3_sat__finetuned__vitl16-sat493m__in_rover__seed1414__gpu_full__684c258f__gitc188b320__codebebd8b2d__20260713T043353711900Z,msl_ncam_nlb_436384026edr_f0211362ncam00279m1,test_msl,bedrock,iou,0.9942362523376902,97289,97853,164119
dinov3_sat__finetuned__vitl16-sat493m__in_rover__seed1414__gpu_full__684c258f__gitc188b320__codebebd8b2d__20260713T043353711900Z,msl_ncam_nlb_436384026edr_f0211362ncam00279m1,test_msl,sand,iou,,0,0,164119
dinov3_sat__finetuned__vitl16-sat493m__in_rover__seed1414__gpu_full__684c258f__gitc188b320__codebebd8b2d__20260713T043353711900Z,msl_ncam_nlb_436384026edr_f0211362ncam00279m1,test_msl,big_rock,iou,,0,0,164119
dinov3_sat__finetuned__vitl16-sat493m__in_rover__seed1414__gpu_full__684c258f__gitc188b320__codebebd8b2d__20260713T043353711900Z,msl_ncam_nlb_436384026edr_f0211362ncam00279m1,test_msl,ALL,pixel_acc,0.9965634691900389,0,0,164119
dinov3_sat__finetuned__vitl16-sat493m__in_rover__seed1414__gpu_full__684c258f__gitc188b320__codebebd8b2d__20260713T043353711900Z,msl_ncam_nlb_436384026edr_f0211362ncam00279m1,test_msl,ALL,boundary_f1,0.9567157725052463,0,0,164119
dinov3_sat__finetuned__vitl16-sat493m__in_rover__seed1414__gpu_full__684c258f__gitc188b320__codebebd8b2d__20260713T043353711900Z,msl_ncam_nlb_436384140edr_f0211362ncam00279m1,test_msl,soil,iou,,0,0,0
dinov3_sat__finetuned__vitl16-sat493m__in_rover__seed1414__gpu_full__684c258f__gitc188b320__codebebd8b2d__20260713T043353711900Z,msl_ncam_nlb_436384140edr_f0211362ncam00279m1,test_msl,bedrock,iou,,0,0,0
dinov3_sat__finetuned__vitl16-sat493m__in_rover__seed1414__gpu_full__684c258f__gitc188b320__codebebd8b2d__20260713T043353711900Z,msl_ncam_nlb_436384140edr_f0211362ncam00279m1,test_msl,sand,iou,,0,0,0
dinov3_sat__finetuned__vitl16-sat493m__in_rover__seed1414__gpu_full__684c258f__gitc188b320__codebebd8b2d__20260713T043353711900Z,msl_ncam_nlb_436384140edr_f0211362ncam00279m1,test_msl,big_rock,iou,,0,0,0
dinov3_sat__finetuned__vitl16-sat493m__in_rover__seed1414__gpu_full__684c258f__gitc188b320__codebebd8b2d__20260713T043353711900Z,msl_ncam_nlb_436384140edr_f0211362ncam00279m1,test_msl,ALL,pixel_acc,,0,0,0
dinov3_sat__finetuned__vitl16-sat493m__in_rover__seed1414__gpu_full__684c258f__gitc188b320__codebebd8b2d__20260713T043353711900Z,msl_ncam_nlb_436384140edr_f0211362ncam00279m1,test_msl,ALL,boundary_f1,,0,0,0
dinov3_sat__finetuned__vitl16-sat493m__in_rover__seed1414__gpu_full__684c258f__gitc188b320__codebebd8b2d__20260713T043353711900Z,msl_ncam_nlb_436384203edr_f0211362ncam00279m1,test_msl,soil,iou,0.8322190385227635,5228,6282,14096
dinov3_sat__finetuned__vitl16-sat493m__in_rover__seed1414__gpu_full__684c258f__gitc188b320__codebebd8b2d__20260713T043353711900Z,msl_ncam_nlb_436384203edr_f0211362ncam00279m1,test_msl,bedrock,iou,0.8811456923770862,7814,8868,14096
dinov3_sat__finetuned__vitl16-sat493m__in_rover__seed1414__gpu_full__684c258f__gitc188b320__codebebd8b2d__20260713T043353711900Z,msl_ncam_nlb_436384203edr_f0211362ncam00279m1,test_msl,sand,iou,,0,0,14096
dinov3_sat__finetuned__vitl16-sat493m__in_rover__seed1414__gpu_full__684c258f__gitc188b320__codebebd8b2d__20260713T043353711900Z,msl_ncam_nlb_436384203edr_f0211362ncam00279m1,test_msl,big_rock,iou,,0,0,14096
dinov3_sat__finetuned__vitl16-sat493m__in_rover__seed1414__gpu_full__684c258f__gitc188b320__codebebd8b2d__20260713T043353711900Z,msl_ncam_nlb_436384203edr_f0211362ncam00279m1,test_msl,ALL,pixel_acc,0.9252270147559591,0,0,14096
dinov3_sat__finetuned__vitl16-sat493m__in_rover__seed1414__gpu_full__684c258f__gitc188b320__codebebd8b2d__20260713T043353711900Z,msl_ncam_nlb_436384203edr_f0211362ncam00279m1,test_msl,ALL,boundary_f1,0.8888671106817483,0,0,14096
dinov3_sat__finetuned__vitl16-sat493m__in_rover__seed1414__gpu_full__684c258f__gitc188b320__codebebd8b2d__20260713T043353711900Z,msl_ncam_nlb_439225105edr_f0240000ncam00346m1,test_msl,soil,iou,,0,0,0
dinov3_sat__finetuned__vitl16-sat493m__in_rover__seed1414__gpu_full__684c258f__gitc188b320__codebebd8b2d__20260713T043353711900Z,msl_ncam_nlb_439225105edr_f0240000ncam00346m1,test_msl,bedrock,iou,,0,0,0
dinov3_sat__finetuned__vitl16-sat493m__in_rover__seed1414__gpu_full__684c258f__gitc188b320__codebebd8b2d__20260713T043353711900Z,msl_ncam_nlb_439225105edr_f0240000ncam00346m1,test_msl,sand,iou,,0,0,0
dinov3_sat__finetuned__vitl16-sat493m__in_rover__seed1414__gpu_full__684c258f__gitc188b320__codebebd8b2d__20260713T043353711900Z,msl_ncam_nlb_439225105edr_f0240000ncam00346m1,test_msl,big_rock,iou,,0,0,0
dinov3_sat__finetuned__vitl16-sat493m__in_rover__seed1414__gpu_full__684c258f__gitc188b320__codebebd8b2d__20260713T043353711900Z,msl_ncam_nlb_439225105edr_f0240000ncam00346m1,test_msl,ALL,pixel_acc,,0,0,0
dinov3_sat__finetuned__vitl16-sat493m__in_rover__seed1414__gpu_full__684c258f__gitc188b320__codebebd8b2d__20260713T043353711900Z,msl_ncam_nlb_439225105edr_f0240000ncam00346m1,test_msl,ALL,boundary_f1,,0,0,0
dinov3_sat__finetuned__vitl16-sat493m__in_rover__seed1414__gpu_full__684c258f__gitc188b320__codebebd8b2d__20260713T043353711900Z,msl_ncam_nlb_439225164edr_f0240000ncam05113m1,test_msl,soil,iou,0.975607500404615,84392,86502,96800
dinov3_sat__finetuned__vitl16-sat493m__in_rover__seed1414__gpu_full__684c258f__gitc188b320__codebebd8b2d__20260713T043353711900Z,msl_ncam_nlb_439225164edr_f0240000ncam05113m1,test_msl,bedrock,iou,0.8299484203739523,10298,12408,96800
dinov3_sat__finetuned__vitl16-sat493m__in_rover__seed1414__gpu_full__684c258f__gitc188b320__codebebd8b2d__20260713T043353711900Z,msl_ncam_nlb_439225164edr_f0240000ncam05113m1,test_msl,sand,iou,,0,0,96800
dinov3_sat__finetuned__vitl16-sat493m__in_rover__seed1414__gpu_full__684c258f__gitc188b320__codebebd8b2d__20260713T043353711900Z,msl_ncam_nlb_439225164edr_f0240000ncam05113m1,test_msl,big_rock,iou,,0,0,96800
dinov3_sat__finetuned__vitl16-sat493m__in_rover__seed1414__gpu_full__684c258f__gitc188b320__codebebd8b2d__20260713T043353711900Z,msl_ncam_nlb_439225164edr_f0240000ncam05113m1,test_msl,ALL,pixel_acc,0.978202479338843,0,0,96800
dinov3_sat__finetuned__vitl16-sat493m__in_rover__seed1414__gpu_full__684c258f__gitc188b320__codebebd8b2d__20260713T043353711900Z,msl_ncam_nlb_439225164edr_f0240000ncam05113m1,test_msl,ALL,boundary_f1,0.8821276372711475,0,0,96800
dinov3_sat__finetuned__vitl16-sat493m__in_rover__seed1414__gpu_full__684c258f__gitc188b320__codebebd8b2d__20260713T043353711900Z,msl_ncam_nlb_439225290edr_f0240000ncam05113m1,test_msl,soil,iou,1.0,8548,8548,8548
dinov3_sat__finetuned__vitl16-sat493m__in_rover__seed1414__gpu_full__684c258f__gitc188b320__codebebd8b2d__20260713T043353711900Z,msl_ncam_nlb_439225290edr_f0240000ncam05113m1,test_msl,bedrock,iou,,0,0,8548
dinov3_sat__finetuned__vitl16-sat493m__in_rover__seed1414__gpu_full__684c258f__gitc188b320__codebebd8b2d__20260713T043353711900Z,msl_ncam_nlb_439225290edr_f0240000ncam05113m1,test_msl,sand,iou,,0,0,8548
dinov3_sat__finetuned__vitl16-sat493m__in_rover__seed1414__gpu_full__684c258f__gitc188b320__codebebd8b2d__20260713T043353711900Z,msl_ncam_nlb_439225290edr_f0240000ncam05113m1,test_msl,big_rock,iou,,0,0,8548
dinov3_sat__finetuned__vitl16-sat493m__in_rover__seed1414__gpu_full__684c258f__gitc188b320__codebebd8b2d__20260713T043353711900Z,msl_ncam_nlb_439225290edr_f0240000ncam05113m1,test_msl,ALL,pixel_acc,1.0,0,0,8548
dinov3_sat__finetuned__vitl16-sat493m__in_rover__seed1414__gpu_full__684c258f__gitc188b320__codebebd8b2d__20260713T043353711900Z,msl_ncam_nlb_439225290edr_f0240000ncam05113m1,test_msl,ALL,boundary_f1,1.0,0,0,8548
dinov3_sat__finetuned__vitl16-sat493m__in_rover__seed1414__gpu_full__684c258f__gitc188b320__codebebd8b2d__20260713T043353711900Z,msl_ncam_nlb_439225843edr_f0240000ncam00267m1,test_msl,soil,iou,1.0,59790,59790,59790
dinov3_sat__finetuned__vitl16-sat493m__in_rover__seed1414__gpu_full__684c258f__gitc188b320__codebebd8b2d__20260713T043353711900Z,msl_ncam_nlb_439225843edr_f0240000ncam00267m1,test_msl,bedrock,iou,,0,0,59790
dinov3_sat__finetuned__vitl16-sat493m__in_rover__seed1414__gpu_full__684c258f__gitc188b320__codebebd8b2d__20260713T043353711900Z,msl_ncam_nlb_439225843edr_f0240000ncam00267m1,test_msl,sand,iou,,0,0,59790
dinov3_sat__finetuned__vitl16-sat493m__in_rover__seed1414__gpu_full__684c258f__gitc188b320__codebebd8b2d__20260713T043353711900Z,msl_ncam_nlb_439225843edr_f0240000ncam00267m1,test_msl,big_rock,iou,,0,0,59790
dinov3_sat__finetuned__vitl16-sat493m__in_rover__seed1414__gpu_full__684c258f__gitc188b320__codebebd8b2d__20260713T043353711900Z,msl_ncam_nlb_439225843edr_f0240000ncam00267m1,test_msl,ALL,pixel_acc,1.0,0,0,59790
dinov3_sat__finetuned__vitl16-sat493m__in_rover__seed1414__gpu_full__684c258f__gitc188b320__codebebd8b2d__20260713T043353711900Z,msl_ncam_nlb_439225843edr_f0240000ncam00267m1,test_msl,ALL,boundary_f1,1.0,0,0,59790
dinov3_sat__finetuned__vitl16-sat493m__in_rover__seed1414__gpu_full__684c258f__gitc188b320__codebebd8b2d__20260713T043353711900Z,msl_ncam_nlb_439225957edr_f0240000ncam00267m1,test_msl,soil,iou,1.0,32088,32088,32088
dinov3_sat__finetuned__vitl16-sat493m__in_rover__seed1414__gpu_full__684c258f__gitc188b320__codebebd8b2d__20260713T043353711900Z,msl_ncam_nlb_439225957edr_f0240000ncam00267m1,test_msl,bedrock,iou,,0,0,32088
dinov3_sat__finetuned__vitl16-sat493m__in_rover__seed1414__gpu_full__684c258f__gitc188b320__codebebd8b2d__20260713T043353711900Z,msl_ncam_nlb_439225957edr_f0240000ncam00267m1,test_msl,sand,iou,,0,0,32088
dinov3_sat__finetuned__vitl16-sat493m__in_rover__seed1414__gpu_full__684c258f__gitc188b320__codebebd8b2d__20260713T043353711900Z,msl_ncam_nlb_439225957edr_f0240000ncam00267m1,test_msl,big_rock,iou,,0,0,32088
dinov3_sat__finetuned__vitl16-sat493m__in_rover__seed1414__gpu_full__684c258f__gitc188b320__codebebd8b2d__20260713T043353711900Z,msl_ncam_nlb_439225957edr_f0240000ncam00267m1,test_msl,ALL,pixel_acc,1.0,0,0,32088
dinov3_sat__finetuned__vitl16-sat493m__in_rover__seed1414__gpu_full__684c258f__gitc188b320__codebebd8b2d__20260713T043353711900Z,msl_ncam_nlb_439225957edr_f0240000ncam00267m1,test_msl,ALL,boundary_f1,1.0,0,0,32088
dinov3_sat__finetuned__vitl16-sat493m__in_rover__seed1414__gpu_full__684c258f__gitc188b320__codebebd8b2d__20260713T043353711900Z,msl_ncam_nlb_439226019edr_f0240000ncam00267m1,test_msl,soil,iou,1.0,11757,11757,11757
dinov3_sat__finetuned__vitl16-sat493m__in_rover__seed1414__gpu_full__684c258f__gitc188b320__codebebd8b2d__20260713T043353711900Z,msl_ncam_nlb_439226019edr_f0240000ncam00267m1,test_msl,bedrock,iou,,0,0,11757
dinov3_sat__finetuned__vitl16-sat493m__in_rover__seed1414__gpu_full__684c258f__gitc188b320__codebebd8b2d__20260713T043353711900Z,msl_ncam_nlb_439226019edr_f0240000ncam00267m1,test_msl,sand,iou,,0,0,11757
dinov3_sat__finetuned__vitl16-sat493m__in_rover__seed1414__gpu_full__684c258f__gitc188b320__codebebd8b2d__20260713T043353711900Z,msl_ncam_nlb_439226019edr_f0240000ncam00267m1,test_msl,big_rock,iou,,0,0,11757
dinov3_sat__finetuned__vitl16-sat493m__in_rover__seed1414__gpu_full__684c258f__gitc188b320__codebebd8b2d__20260713T043353711900Z,msl_ncam_nlb_439226019edr_f0240000ncam00267m1,test_msl,ALL,pixel_acc,1.0,0,0,11757
dinov3_sat__finetuned__vitl16-sat493m__in_rover__seed1414__gpu_full__684c258f__gitc188b320__codebebd8b2d__20260713T043353711900Z,msl_ncam_nlb_439226019edr_f0240000ncam00267m1,test_msl,ALL,boundary_f1,1.0,0,0,11757
dinov3_sat__finetuned__vitl16-sat493m__in_rover__seed1414__gpu_full__684c258f__gitc188b320__codebebd8b2d__20260713T043353711900Z,msl_ncam_nlb_439226061edr_f0240000ncam00350m1,test_msl,soil,iou,1.0,23535,23535,23535
dinov3_sat__finetuned__vitl16-sat493m__in_rover__seed1414__gpu_full__684c258f__gitc188b320__codebebd8b2d__20260713T043353711900Z,msl_ncam_nlb_439226061edr_f0240000ncam00350m1,test_msl,bedrock,iou,,0,0,23535
dinov3_sat__finetuned__vitl16-sat493m__in_rover__seed1414__gpu_full__684c258f__gitc188b320__codebebd8b2d__20260713T043353711900Z,msl_ncam_nlb_439226061edr_f0240000ncam00350m1,test_msl,sand,iou,,0,0,23535
dinov3_sat__finetuned__vitl16-sat493m__in_rover__seed1414__gpu_full__684c258f__gitc188b320__codebebd8b2d__20260713T043353711900Z,msl_ncam_nlb_439226061edr_f0240000ncam00350m1,test_msl,big_rock,iou,,0,0,23535
dinov3_sat__finetuned__vitl16-sat493m__in_rover__seed1414__gpu_full__684c258f__gitc188b320__codebebd8b2d__20260713T043353711900Z,msl_ncam_nlb_439226061edr_f0240000ncam00350m1,test_msl,ALL,pixel_acc,1.0,0,0,23535
dinov3_sat__finetuned__vitl16-sat493m__in_rover__seed1414__gpu_full__684c258f__gitc188b320__codebebd8b2d__20260713T043353711900Z,msl_ncam_nlb_439226061edr_f0240000ncam00350m1,test_msl,ALL,boundary_f1,1.0,0,0,23535
dinov3_sat__finetuned__vitl16-sat493m__in_rover__seed1414__gpu_full__684c258f__gitc188b320__codebebd8b2d__20260713T043353711900Z,msl_ncam_nlb_439226140edr_f0240000ncam00350m1,test_msl,soil,iou,1.0,178948,178948,178948
dinov3_sat__finetuned__vitl16-sat493m__in_rover__seed1414__gpu_full__684c258f__gitc188b320__codebebd8b2d__20260713T043353711900Z,msl_ncam_nlb_439226140edr_f0240000ncam00350m1,test_msl,bedrock,iou,,0,0,178948
dinov3_sat__finetuned__vitl16-sat493m__in_rover__seed1414__gpu_full__684c258f__gitc188b320__codebebd8b2d__20260713T043353711900Z,msl_ncam_nlb_439226140edr_f0240000ncam00350m1,test_msl,sand,iou,,0,0,178948
dinov3_sat__finetuned__vitl16-sat493m__in_rover__seed1414__gpu_full__684c258f__gitc188b320__codebebd8b2d__20260713T043353711900Z,msl_ncam_nlb_439226140edr_f0240000ncam00350m1,test_msl,big_rock,iou,,0,0,178948
dinov3_sat__finetuned__vitl16-sat493m__in_rover__seed1414__gpu_full__684c258f__gitc188b320__codebebd8b2d__20260713T043353711900Z,msl_ncam_nlb_439226140edr_f0240000ncam00350m1,test_msl,ALL,pixel_acc,1.0,0,0,178948
dinov3_sat__finetuned__vitl16-sat493m__in_rover__seed1414__gpu_full__684c258f__gitc188b320__codebebd8b2d__20260713T043353711900Z,msl_ncam_nlb_439226140edr_f0240000ncam00350m1,test_msl,ALL,boundary_f1,1.0,0,0,178948
dinov3_sat__finetuned__vitl16-sat493m__in_rover__seed1414__gpu_full__684c258f__gitc188b320__codebebd8b2d__20260713T043353711900Z,msl_ncam_nlb_442591818edr_f0250254ncam00470m1,test_msl,soil,iou,1.0,18461,18461,18461
dinov3_sat__finetuned__vitl16-sat493m__in_rover__seed1414__gpu_full__684c258f__gitc188b320__codebebd8b2d__20260713T043353711900Z,msl_ncam_nlb_442591818edr_f0250254ncam00470m1,test_msl,bedrock,iou,,0,0,18461
dinov3_sat__finetuned__vitl16-sat493m__in_rover__seed1414__gpu_full__684c258f__gitc188b320__codebebd8b2d__20260713T043353711900Z,msl_ncam_nlb_442591818edr_f0250254ncam00470m1,test_msl,sand,iou,,0,0,18461
dinov3_sat__finetuned__vitl16-sat493m__in_rover__seed1414__gpu_full__684c258f__gitc188b320__codebebd8b2d__20260713T043353711900Z,msl_ncam_nlb_442591818edr_f0250254ncam00470m1,test_msl,big_rock,iou,,0,0,18461
dinov3_sat__finetuned__vitl16-sat493m__in_rover__seed1414__gpu_full__684c258f__gitc188b320__codebebd8b2d__20260713T043353711900Z,msl_ncam_nlb_442591818edr_f0250254ncam00470m1,test_msl,ALL,pixel_acc,1.0,0,0,18461
dinov3_sat__finetuned__vitl16-sat493m__in_rover__seed1414__gpu_full__684c258f__gitc188b320__codebebd8b2d__20260713T043353711900Z,msl_ncam_nlb_442591818edr_f0250254ncam00470m1,test_msl,ALL,boundary_f1,1.0,0,0,18461
dinov3_sat__finetuned__vitl16-sat493m__in_rover__seed1414__gpu_full__684c258f__gitc188b320__codebebd8b2d__20260713T043353711900Z,msl_ncam_nlb_442592358edr_f0250272ncam00385m1,test_msl,soil,iou,1.0,134437,134437,134437
dinov3_sat__finetuned__vitl16-sat493m__in_rover__seed1414__gpu_full__684c258f__gitc188b320__codebebd8b2d__20260713T043353711900Z,msl_ncam_nlb_442592358edr_f0250272ncam00385m1,test_msl,bedrock,iou,,0,0,134437
dinov3_sat__finetuned__vitl16-sat493m__in_rover__seed1414__gpu_full__684c258f__gitc188b320__codebebd8b2d__20260713T043353711900Z,msl_ncam_nlb_442592358edr_f0250272ncam00385m1,test_msl,sand,iou,,0,0,134437
dinov3_sat__finetuned__vitl16-sat493m__in_rover__seed1414__gpu_full__684c258f__gitc188b320__codebebd8b2d__20260713T043353711900Z,msl_ncam_nlb_442592358edr_f0250272ncam00385m1,test_msl,big_rock,iou,,0,0,134437
dinov3_sat__finetuned__vitl16-sat493m__in_rover__seed1414__gpu_full__684c258f__gitc188b320__codebebd8b2d__20260713T043353711900Z,msl_ncam_nlb_442592358edr_f0250272ncam00385m1,test_msl,ALL,pixel_acc,1.0,0,0,134437
dinov3_sat__finetuned__vitl16-sat493m__in_rover__seed1414__gpu_full__684c258f__gitc188b320__codebebd8b2d__20260713T043353711900Z,msl_ncam_nlb_442592358edr_f0250272ncam00385m1,test_msl,ALL,boundary_f1,1.0,0,0,134437
dinov3_sat__finetuned__vitl16-sat493m__in_rover__seed1414__gpu_full__684c258f__gitc188b320__codebebd8b2d__20260713T043353711900Z,msl_ncam_nlb_442593301edr_f0250312ncam00353m1,test_msl,soil,iou,1.0,106977,106977,106977
dinov3_sat__finetuned__vitl16-sat493m__in_rover__seed1414__gpu_full__684c258f__gitc188b320__codebebd8b2d__20260713T043353711900Z,msl_ncam_nlb_442593301edr_f0250312ncam00353m1,test_msl,bedrock,iou,,0,0,106977
dinov3_sat__finetuned__vitl16-sat493m__in_rover__seed1414__gpu_full__684c258f__gitc188b320__codebebd8b2d__20260713T043353711900Z,msl_ncam_nlb_442593301edr_f0250312ncam00353m1,test_msl,sand,iou,,0,0,106977
dinov3_sat__finetuned__vitl16-sat493m__in_rover__seed1414__gpu_full__684c258f__gitc188b320__codebebd8b2d__20260713T043353711900Z,msl_ncam_nlb_442593301edr_f0250312ncam00353m1,test_msl,big_rock,iou,,0,0,106977
dinov3_sat__finetuned__vitl16-sat493m__in_rover__seed1414__gpu_full__684c258f__gitc188b320__codebebd8b2d__20260713T043353711900Z,msl_ncam_nlb_442593301edr_f0250312ncam00353m1,test_msl,ALL,pixel_acc,1.0,0,0,106977
dinov3_sat__finetuned__vitl16-sat493m__in_rover__seed1414__gpu_full__684c258f__gitc188b320__codebebd8b2d__20260713T043353711900Z,msl_ncam_nlb_442593301edr_f0250312ncam00353m1,test_msl,ALL,boundary_f1,1.0,0,0,106977
dinov3_sat__finetuned__vitl16-sat493m__in_rover__seed1414__gpu_full__684c258f__gitc188b320__codebebd8b2d__20260713T043353711900Z,msl_ncam_nlb_442598077edr_f0250312ncam00281m1,test_msl,soil,iou,1.0,8175,8175,8175
dinov3_sat__finetuned__vitl16-sat493m__in_rover__seed1414__gpu_full__684c258f__gitc188b320__codebebd8b2d__20260713T043353711900Z,msl_ncam_nlb_442598077edr_f0250312ncam00281m1,test_msl,bedrock,iou,,0,0,8175
dinov3_sat__finetuned__vitl16-sat493m__in_rover__seed1414__gpu_full__684c258f__gitc188b320__codebebd8b2d__20260713T043353711900Z,msl_ncam_nlb_442598077edr_f0250312ncam00281m1,test_msl,sand,iou,,0,0,8175
dinov3_sat__finetuned__vitl16-sat493m__in_rover__seed1414__gpu_full__684c258f__gitc188b320__codebebd8b2d__20260713T043353711900Z,msl_ncam_nlb_442598077edr_f0250312ncam00281m1,test_msl,big_rock,iou,,0,0,8175
dinov3_sat__finetuned__vitl16-sat493m__in_rover__seed1414__gpu_full__684c258f__gitc188b320__codebebd8b2d__20260713T043353711900Z,msl_ncam_nlb_442598077edr_f0250312ncam00281m1,test_msl,ALL,pixel_acc,1.0,0,0,8175
dinov3_sat__finetuned__vitl16-sat493m__in_rover__seed1414__gpu_full__684c258f__gitc188b320__codebebd8b2d__20260713T043353711900Z,msl_ncam_nlb_442598077edr_f0250312ncam00281m1,test_msl,ALL,boundary_f1,1.0,0,0,8175
dinov3_sat__finetuned__vitl16-sat493m__in_rover__seed1414__gpu_full__684c258f__gitc188b320__codebebd8b2d__20260713T043353711900Z,msl_ncam_nlb_442598204edr_f0250312ncam00281m1,test_msl,soil,iou,0.9807783871479712,111234,113414,113414
dinov3_sat__finetuned__vitl16-sat493m__in_rover__seed1414__gpu_full__684c258f__gitc188b320__codebebd8b2d__20260713T043353711900Z,msl_ncam_nlb_442598204edr_f0250312ncam00281m1,test_msl,bedrock,iou,0.0,0,902,113414
dinov3_sat__finetuned__vitl16-sat493m__in_rover__seed1414__gpu_full__684c258f__gitc188b320__codebebd8b2d__20260713T043353711900Z,msl_ncam_nlb_442598204edr_f0250312ncam00281m1,test_msl,sand,iou,0.0,0,1278,113414
dinov3_sat__finetuned__vitl16-sat493m__in_rover__seed1414__gpu_full__684c258f__gitc188b320__codebebd8b2d__20260713T043353711900Z,msl_ncam_nlb_442598204edr_f0250312ncam00281m1,test_msl,big_rock,iou,,0,0,113414
dinov3_sat__finetuned__vitl16-sat493m__in_rover__seed1414__gpu_full__684c258f__gitc188b320__codebebd8b2d__20260713T043353711900Z,msl_ncam_nlb_442598204edr_f0250312ncam00281m1,test_msl,ALL,pixel_acc,0.9807783871479712,0,0,113414
dinov3_sat__finetuned__vitl16-sat493m__in_rover__seed1414__gpu_full__684c258f__gitc188b320__codebebd8b2d__20260713T043353711900Z,msl_ncam_nlb_442598204edr_f0250312ncam00281m1,test_msl,ALL,boundary_f1,0.30353491089687407,0,0,113414
dinov3_sat__finetuned__vitl16-sat493m__in_rover__seed1414__gpu_full__684c258f__gitc188b320__codebebd8b2d__20260713T043353711900Z,msl_ncam_nlb_442600163edr_f0250312ncam00350m1,test_msl,soil,iou,1.0,151293,151293,151293
dinov3_sat__finetuned__vitl16-sat493m__in_rover__seed1414__gpu_full__684c258f__gitc188b320__codebebd8b2d__20260713T043353711900Z,msl_ncam_nlb_442600163edr_f0250312ncam00350m1,test_msl,bedrock,iou,,0,0,151293
dinov3_sat__finetuned__vitl16-sat493m__in_rover__seed1414__gpu_full__684c258f__gitc188b320__codebebd8b2d__20260713T043353711900Z,msl_ncam_nlb_442600163edr_f0250312ncam00350m1,test_msl,sand,iou,,0,0,151293
dinov3_sat__finetuned__vitl16-sat493m__in_rover__seed1414__gpu_full__684c258f__gitc188b320__codebebd8b2d__20260713T043353711900Z,msl_ncam_nlb_442600163edr_f0250312ncam00350m1,test_msl,big_rock,iou,,0,0,151293
dinov3_sat__finetuned__vitl16-sat493m__in_rover__seed1414__gpu_full__684c258f__gitc188b320__codebebd8b2d__20260713T043353711900Z,msl_ncam_nlb_442600163edr_f0250312ncam00350m1,test_msl,ALL,pixel_acc,1.0,0,0,151293
dinov3_sat__finetuned__vitl16-sat493m__in_rover__seed1414__gpu_full__684c258f__gitc188b320__codebebd8b2d__20260713T043353711900Z,msl_ncam_nlb_442600163edr_f0250312ncam00350m1,test_msl,ALL,boundary_f1,1.0,0,0,151293
dinov3_sat__finetuned__vitl16-sat493m__in_rover__seed1414__gpu_full__684c258f__gitc188b320__codebebd8b2d__20260713T043353711900Z,msl_ncam_nlb_442600208edr_f0250312ncam00282m1,test_msl,soil,iou,1.0,68473,68473,68473
dinov3_sat__finetuned__vitl16-sat493m__in_rover__seed1414__gpu_full__684c258f__gitc188b320__codebebd8b2d__20260713T043353711900Z,msl_ncam_nlb_442600208edr_f0250312ncam00282m1,test_msl,bedrock,iou,,0,0,68473
dinov3_sat__finetuned__vitl16-sat493m__in_rover__seed1414__gpu_full__684c258f__gitc188b320__codebebd8b2d__20260713T043353711900Z,msl_ncam_nlb_442600208edr_f0250312ncam00282m1,test_msl,sand,iou,,0,0,68473
dinov3_sat__finetuned__vitl16-sat493m__in_rover__seed1414__gpu_full__684c258f__gitc188b320__codebebd8b2d__20260713T043353711900Z,msl_ncam_nlb_442600208edr_f0250312ncam00282m1,test_msl,big_rock,iou,,0,0,68473
dinov3_sat__finetuned__vitl16-sat493m__in_rover__seed1414__gpu_full__684c258f__gitc188b320__codebebd8b2d__20260713T043353711900Z,msl_ncam_nlb_442600208edr_f0250312ncam00282m1,test_msl,ALL,pixel_acc,1.0,0,0,68473
dinov3_sat__finetuned__vitl16-sat493m__in_rover__seed1414__gpu_full__684c258f__gitc188b320__codebebd8b2d__20260713T043353711900Z,msl_ncam_nlb_442600208edr_f0250312ncam00282m1,test_msl,ALL,boundary_f1,1.0,0,0,68473
dinov3_sat__finetuned__vitl16-sat493m__in_rover__seed1414__gpu_full__684c258f__gitc188b320__codebebd8b2d__20260713T043353711900Z,msl_ncam_nlb_442600301edr_f0250312ncam00282m1,test_msl,soil,iou,0.9861834787190445,50535,51243,51243
dinov3_sat__finetuned__vitl16-sat493m__in_rover__seed1414__gpu_full__684c258f__gitc188b320__codebebd8b2d__20260713T043353711900Z,msl_ncam_nlb_442600301edr_f0250312ncam00282m1,test_msl,bedrock,iou,0.0,0,708,51243
dinov3_sat__finetuned__vitl16-sat493m__in_rover__seed1414__gpu_full__684c258f__gitc188b320__codebebd8b2d__20260713T043353711900Z,msl_ncam_nlb_442600301edr_f0250312ncam00282m1,test_msl,sand,iou,,0,0,51243
dinov3_sat__finetuned__vitl16-sat493m__in_rover__seed1414__gpu_full__684c258f__gitc188b320__codebebd8b2d__20260713T043353711900Z,msl_ncam_nlb_442600301edr_f0250312ncam00282m1,test_msl,big_rock,iou,,0,0,51243
dinov3_sat__finetuned__vitl16-sat493m__in_rover__seed1414__gpu_full__684c258f__gitc188b320__codebebd8b2d__20260713T043353711900Z,msl_ncam_nlb_442600301edr_f0250312ncam00282m1,test_msl,ALL,pixel_acc,0.9861834787190445,0,0,51243
dinov3_sat__finetuned__vitl16-sat493m__in_rover__seed1414__gpu_full__684c258f__gitc188b320__codebebd8b2d__20260713T043353711900Z,msl_ncam_nlb_442600301edr_f0250312ncam00282m1,test_msl,ALL,boundary_f1,0.4700854700854701,0,0,51243
dinov3_sat__finetuned__vitl16-sat493m__in_rover__seed1414__gpu_full__684c258f__gitc188b320__codebebd8b2d__20260713T043353711900Z,msl_ncam_nlb_442600416edr_f0250312ncam00282m1,test_msl,soil,iou,1.0,7457,7457,8486
dinov3_sat__finetuned__vitl16-sat493m__in_rover__seed1414__gpu_full__684c258f__gitc188b320__codebebd8b2d__20260713T043353711900Z,msl_ncam_nlb_442600416edr_f0250312ncam00282m1,test_msl,bedrock,iou,,0,0,8486
dinov3_sat__finetuned__vitl16-sat493m__in_rover__seed1414__gpu_full__684c258f__gitc188b320__codebebd8b2d__20260713T043353711900Z,msl_ncam_nlb_442600416edr_f0250312ncam00282m1,test_msl,sand,iou,1.0,1029,1029,8486
dinov3_sat__finetuned__vitl16-sat493m__in_rover__seed1414__gpu_full__684c258f__gitc188b320__codebebd8b2d__20260713T043353711900Z,msl_ncam_nlb_442600416edr_f0250312ncam00282m1,test_msl,big_rock,iou,,0,0,8486
dinov3_sat__finetuned__vitl16-sat493m__in_rover__seed1414__gpu_full__684c258f__gitc188b320__codebebd8b2d__20260713T043353711900Z,msl_ncam_nlb_442600416edr_f0250312ncam00282m1,test_msl,ALL,pixel_acc,1.0,0,0,8486
dinov3_sat__finetuned__vitl16-sat493m__in_rover__seed1414__gpu_full__684c258f__gitc188b320__codebebd8b2d__20260713T043353711900Z,msl_ncam_nlb_442600416edr_f0250312ncam00282m1,test_msl,ALL,boundary_f1,1.0,0,0,8486
dinov3_sat__finetuned__vitl16-sat493m__in_rover__seed1414__gpu_full__684c258f__gitc188b320__codebebd8b2d__20260713T043353711900Z,msl_ncam_nlb_442600447edr_f0250312ncam00282m1,test_msl,soil,iou,1.0,14865,14865,14865
dinov3_sat__finetuned__vitl16-sat493m__in_rover__seed1414__gpu_full__684c258f__gitc188b320__codebebd8b2d__20260713T043353711900Z,msl_ncam_nlb_442600447edr_f0250312ncam00282m1,test_msl,bedrock,iou,,0,0,14865
dinov3_sat__finetuned__vitl16-sat493m__in_rover__seed1414__gpu_full__684c258f__gitc188b320__codebebd8b2d__20260713T043353711900Z,msl_ncam_nlb_442600447edr_f0250312ncam00282m1,test_msl,sand,iou,,0,0,14865
dinov3_sat__finetuned__vitl16-sat493m__in_rover__seed1414__gpu_full__684c258f__gitc188b320__codebebd8b2d__20260713T043353711900Z,msl_ncam_nlb_442600447edr_f0250312ncam00282m1,test_msl,big_rock,iou,,0,0,14865
dinov3_sat__finetuned__vitl16-sat493m__in_rover__seed1414__gpu_full__684c258f__gitc188b320__codebebd8b2d__20260713T043353711900Z,msl_ncam_nlb_442600447edr_f0250312ncam00282m1,test_msl,ALL,pixel_acc,1.0,0,0,14865
dinov3_sat__finetuned__vitl16-sat493m__in_rover__seed1414__gpu_full__684c258f__gitc188b320__codebebd8b2d__20260713T043353711900Z,msl_ncam_nlb_442600447edr_f0250312ncam00282m1,test_msl,ALL,boundary_f1,1.0,0,0,14865
dinov3_sat__finetuned__vitl16-sat493m__in_rover__seed1414__gpu_full__684c258f__gitc188b320__codebebd8b2d__20260713T043353711900Z,msl_ncam_nlb_443659348edr_f0251082ncam00470m1,test_msl,soil,iou,1.0,97953,97953,97953
dinov3_sat__finetuned__vitl16-sat493m__in_rover__seed1414__gpu_full__684c258f__gitc188b320__codebebd8b2d__20260713T043353711900Z,msl_ncam_nlb_443659348edr_f0251082ncam00470m1,test_msl,bedrock,iou,,0,0,97953
dinov3_sat__finetuned__vitl16-sat493m__in_rover__seed1414__gpu_full__684c258f__gitc188b320__codebebd8b2d__20260713T043353711900Z,msl_ncam_nlb_443659348edr_f0251082ncam00470m1,test_msl,sand,iou,,0,0,97953
dinov3_sat__finetuned__vitl16-sat493m__in_rover__seed1414__gpu_full__684c258f__gitc188b320__codebebd8b2d__20260713T043353711900Z,msl_ncam_nlb_443659348edr_f0251082ncam00470m1,test_msl,big_rock,iou,,0,0,97953
dinov3_sat__finetuned__vitl16-sat493m__in_rover__seed1414__gpu_full__684c258f__gitc188b320__codebebd8b2d__20260713T043353711900Z,msl_ncam_nlb_443659348edr_f0251082ncam00470m1,test_msl,ALL,pixel_acc,1.0,0,0,97953
dinov3_sat__finetuned__vitl16-sat493m__in_rover__seed1414__gpu_full__684c258f__gitc188b320__codebebd8b2d__20260713T043353711900Z,msl_ncam_nlb_443659348edr_f0251082ncam00470m1,test_msl,ALL,boundary_f1,1.0,0,0,97953
dinov3_sat__finetuned__vitl16-sat493m__in_rover__seed1414__gpu_full__684c258f__gitc188b320__codebebd8b2d__20260713T043353711900Z,msl_ncam_nlb_443663198edr_f0251238ncam00353m1,test_msl,soil,iou,1.0,159090,159090,159090
dinov3_sat__finetuned__vitl16-sat493m__in_rover__seed1414__gpu_full__684c258f__gitc188b320__codebebd8b2d__20260713T043353711900Z,msl_ncam_nlb_443663198edr_f0251238ncam00353m1,test_msl,bedrock,iou,,0,0,159090
dinov3_sat__finetuned__vitl16-sat493m__in_rover__seed1414__gpu_full__684c258f__gitc188b320__codebebd8b2d__20260713T043353711900Z,msl_ncam_nlb_443663198edr_f0251238ncam00353m1,test_msl,sand,iou,,0,0,159090
dinov3_sat__finetuned__vitl16-sat493m__in_rover__seed1414__gpu_full__684c258f__gitc188b320__codebebd8b2d__20260713T043353711900Z,msl_ncam_nlb_443663198edr_f0251238ncam00353m1,test_msl,big_rock,iou,,0,0,159090
dinov3_sat__finetuned__vitl16-sat493m__in_rover__seed1414__gpu_full__684c258f__gitc188b320__codebebd8b2d__20260713T043353711900Z,msl_ncam_nlb_443663198edr_f0251238ncam00353m1,test_msl,ALL,pixel_acc,1.0,0,0,159090
dinov3_sat__finetuned__vitl16-sat493m__in_rover__seed1414__gpu_full__684c258f__gitc188b320__codebebd8b2d__20260713T043353711900Z,msl_ncam_nlb_443663198edr_f0251238ncam00353m1,test_msl,ALL,boundary_f1,1.0,0,0,159090
dinov3_sat__finetuned__vitl16-sat493m__in_rover__seed1414__gpu_full__684c258f__gitc188b320__codebebd8b2d__20260713T043353711900Z,msl_ncam_nlb_443663262edr_f0251238ncam00289m1,test_msl,soil,iou,1.0,68719,68719,68719
dinov3_sat__finetuned__vitl16-sat493m__in_rover__seed1414__gpu_full__684c258f__gitc188b320__codebebd8b2d__20260713T043353711900Z,msl_ncam_nlb_443663262edr_f0251238ncam00289m1,test_msl,bedrock,iou,,0,0,68719
dinov3_sat__finetuned__vitl16-sat493m__in_rover__seed1414__gpu_full__684c258f__gitc188b320__codebebd8b2d__20260713T043353711900Z,msl_ncam_nlb_443663262edr_f0251238ncam00289m1,test_msl,sand,iou,,0,0,68719
dinov3_sat__finetuned__vitl16-sat493m__in_rover__seed1414__gpu_full__684c258f__gitc188b320__codebebd8b2d__20260713T043353711900Z,msl_ncam_nlb_443663262edr_f0251238ncam00289m1,test_msl,big_rock,iou,,0,0,68719
dinov3_sat__finetuned__vitl16-sat493m__in_rover__seed1414__gpu_full__684c258f__gitc188b320__codebebd8b2d__20260713T043353711900Z,msl_ncam_nlb_443663262edr_f0251238ncam00289m1,test_msl,ALL,pixel_acc,1.0,0,0,68719
dinov3_sat__finetuned__vitl16-sat493m__in_rover__seed1414__gpu_full__684c258f__gitc188b320__codebebd8b2d__20260713T043353711900Z,msl_ncam_nlb_443663262edr_f0251238ncam00289m1,test_msl,ALL,boundary_f1,1.0,0,0,68719
dinov3_sat__finetuned__vitl16-sat493m__in_rover__seed1414__gpu_full__684c258f__gitc188b320__codebebd8b2d__20260713T043353711900Z,msl_ncam_nlb_443663326edr_f0251238ncam00289m1,test_msl,soil,iou,1.0,163565,163565,163565
dinov3_sat__finetuned__vitl16-sat493m__in_rover__seed1414__gpu_full__684c258f__gitc188b320__codebebd8b2d__20260713T043353711900Z,msl_ncam_nlb_443663326edr_f0251238ncam00289m1,test_msl,bedrock,iou,,0,0,163565
dinov3_sat__finetuned__vitl16-sat493m__in_rover__seed1414__gpu_full__684c258f__gitc188b320__codebebd8b2d__20260713T043353711900Z,msl_ncam_nlb_443663326edr_f0251238ncam00289m1,test_msl,sand,iou,,0,0,163565
dinov3_sat__finetuned__vitl16-sat493m__in_rover__seed1414__gpu_full__684c258f__gitc188b320__codebebd8b2d__20260713T043353711900Z,msl_ncam_nlb_443663326edr_f0251238ncam00289m1,test_msl,big_rock,iou,,0,0,163565
dinov3_sat__finetuned__vitl16-sat493m__in_rover__seed1414__gpu_full__684c258f__gitc188b320__codebebd8b2d__20260713T043353711900Z,msl_ncam_nlb_443663326edr_f0251238ncam00289m1,test_msl,ALL,pixel_acc,1.0,0,0,163565
dinov3_sat__finetuned__vitl16-sat493m__in_rover__seed1414__gpu_full__684c258f__gitc188b320__codebebd8b2d__20260713T043353711900Z,msl_ncam_nlb_443663326edr_f0251238ncam00289m1,test_msl,ALL,boundary_f1,1.0,0,0,163565
dinov3_sat__finetuned__vitl16-sat493m__in_rover__seed1414__gpu_full__684c258f__gitc188b320__codebebd8b2d__20260713T043353711900Z,msl_ncam_nlb_443668744edr_f0251238ncam00292m1,test_msl,soil,iou,1.0,56933,56933,56933
dinov3_sat__finetuned__vitl16-sat493m__in_rover__seed1414__gpu_full__684c258f__gitc188b320__codebebd8b2d__20260713T043353711900Z,msl_ncam_nlb_443668744edr_f0251238ncam00292m1,test_msl,bedrock,iou,,0,0,56933
dinov3_sat__finetuned__vitl16-sat493m__in_rover__seed1414__gpu_full__684c258f__gitc188b320__codebebd8b2d__20260713T043353711900Z,msl_ncam_nlb_443668744edr_f0251238ncam00292m1,test_msl,sand,iou,,0,0,56933
dinov3_sat__finetuned__vitl16-sat493m__in_rover__seed1414__gpu_full__684c258f__gitc188b320__codebebd8b2d__20260713T043353711900Z,msl_ncam_nlb_443668744edr_f0251238ncam00292m1,test_msl,big_rock,iou,,0,0,56933
dinov3_sat__finetuned__vitl16-sat493m__in_rover__seed1414__gpu_full__684c258f__gitc188b320__codebebd8b2d__20260713T043353711900Z,msl_ncam_nlb_443668744edr_f0251238ncam00292m1,test_msl,ALL,pixel_acc,1.0,0,0,56933
dinov3_sat__finetuned__vitl16-sat493m__in_rover__seed1414__gpu_full__684c258f__gitc188b320__codebebd8b2d__20260713T043353711900Z,msl_ncam_nlb_443668744edr_f0251238ncam00292m1,test_msl,ALL,boundary_f1,1.0,0,0,56933
dinov3_sat__finetuned__vitl16-sat493m__in_rover__seed1414__gpu_full__684c258f__gitc188b320__codebebd8b2d__20260713T043353711900Z,msl_ncam_nlb_443668806edr_f0251238ncam00292m1,test_msl,soil,iou,1.0,80428,80428,80428
dinov3_sat__finetuned__vitl16-sat493m__in_rover__seed1414__gpu_full__684c258f__gitc188b320__codebebd8b2d__20260713T043353711900Z,msl_ncam_nlb_443668806edr_f0251238ncam00292m1,test_msl,bedrock,iou,,0,0,80428
dinov3_sat__finetuned__vitl16-sat493m__in_rover__seed1414__gpu_full__684c258f__gitc188b320__codebebd8b2d__20260713T043353711900Z,msl_ncam_nlb_443668806edr_f0251238ncam00292m1,test_msl,sand,iou,,0,0,80428
dinov3_sat__finetuned__vitl16-sat493m__in_rover__seed1414__gpu_full__684c258f__gitc188b320__codebebd8b2d__20260713T043353711900Z,msl_ncam_nlb_443668806edr_f0251238ncam00292m1,test_msl,big_rock,iou,,0,0,80428
dinov3_sat__finetuned__vitl16-sat493m__in_rover__seed1414__gpu_full__684c258f__gitc188b320__codebebd8b2d__20260713T043353711900Z,msl_ncam_nlb_443668806edr_f0251238ncam00292m1,test_msl,ALL,pixel_acc,1.0,0,0,80428
dinov3_sat__finetuned__vitl16-sat493m__in_rover__seed1414__gpu_full__684c258f__gitc188b320__codebebd8b2d__20260713T043353711900Z,msl_ncam_nlb_443668806edr_f0251238ncam00292m1,test_msl,ALL,boundary_f1,1.0,0,0,80428
dinov3_sat__finetuned__vitl16-sat493m__in_rover__seed1414__gpu_full__684c258f__gitc188b320__codebebd8b2d__20260713T043353711900Z,msl_ncam_nlb_443668921edr_f0251238ncam00292m1,test_msl,soil,iou,0.995071215634316,75103,75475,75475
dinov3_sat__finetuned__vitl16-sat493m__in_rover__seed1414__gpu_full__684c258f__gitc188b320__codebebd8b2d__20260713T043353711900Z,msl_ncam_nlb_443668921edr_f0251238ncam00292m1,test_msl,bedrock,iou,,0,0,75475
dinov3_sat__finetuned__vitl16-sat493m__in_rover__seed1414__gpu_full__684c258f__gitc188b320__codebebd8b2d__20260713T043353711900Z,msl_ncam_nlb_443668921edr_f0251238ncam00292m1,test_msl,sand,iou,,0,0,75475
dinov3_sat__finetuned__vitl16-sat493m__in_rover__seed1414__gpu_full__684c258f__gitc188b320__codebebd8b2d__20260713T043353711900Z,msl_ncam_nlb_443668921edr_f0251238ncam00292m1,test_msl,big_rock,iou,0.0,0,372,75475
dinov3_sat__finetuned__vitl16-sat493m__in_rover__seed1414__gpu_full__684c258f__gitc188b320__codebebd8b2d__20260713T043353711900Z,msl_ncam_nlb_443668921edr_f0251238ncam00292m1,test_msl,ALL,pixel_acc,0.995071215634316,0,0,75475
dinov3_sat__finetuned__vitl16-sat493m__in_rover__seed1414__gpu_full__684c258f__gitc188b320__codebebd8b2d__20260713T043353711900Z,msl_ncam_nlb_443668921edr_f0251238ncam00292m1,test_msl,ALL,boundary_f1,0.49254028247463694,0,0,75475
dinov3_sat__finetuned__vitl16-sat493m__in_rover__seed1414__gpu_full__684c258f__gitc188b320__codebebd8b2d__20260713T043353711900Z,msl_ncam_nlb_443669058edr_f0251238ncam00352m1,test_msl,soil,iou,1.0,191983,191983,191983
dinov3_sat__finetuned__vitl16-sat493m__in_rover__seed1414__gpu_full__684c258f__gitc188b320__codebebd8b2d__20260713T043353711900Z,msl_ncam_nlb_443669058edr_f0251238ncam00352m1,test_msl,bedrock,iou,,0,0,191983
dinov3_sat__finetuned__vitl16-sat493m__in_rover__seed1414__gpu_full__684c258f__gitc188b320__codebebd8b2d__20260713T043353711900Z,msl_ncam_nlb_443669058edr_f0251238ncam00352m1,test_msl,sand,iou,,0,0,191983
dinov3_sat__finetuned__vitl16-sat493m__in_rover__seed1414__gpu_full__684c258f__gitc188b320__codebebd8b2d__20260713T043353711900Z,msl_ncam_nlb_443669058edr_f0251238ncam00352m1,test_msl,big_rock,iou,,0,0,191983
dinov3_sat__finetuned__vitl16-sat493m__in_rover__seed1414__gpu_full__684c258f__gitc188b320__codebebd8b2d__20260713T043353711900Z,msl_ncam_nlb_443669058edr_f0251238ncam00352m1,test_msl,ALL,pixel_acc,1.0,0,0,191983
dinov3_sat__finetuned__vitl16-sat493m__in_rover__seed1414__gpu_full__684c258f__gitc188b320__codebebd8b2d__20260713T043353711900Z,msl_ncam_nlb_443669058edr_f0251238ncam00352m1,test_msl,ALL,boundary_f1,1.0,0,0,191983
dinov3_sat__finetuned__vitl16-sat493m__in_rover__seed1414__gpu_full__684c258f__gitc188b320__codebebd8b2d__20260713T043353711900Z,msl_ncam_nlb_443669122edr_f0251238ncam00352m1,test_msl,soil,iou,1.0,138713,138713,138713
dinov3_sat__finetuned__vitl16-sat493m__in_rover__seed1414__gpu_full__684c258f__gitc188b320__codebebd8b2d__20260713T043353711900Z,msl_ncam_nlb_443669122edr_f0251238ncam00352m1,test_msl,bedrock,iou,,0,0,138713
dinov3_sat__finetuned__vitl16-sat493m__in_rover__seed1414__gpu_full__684c258f__gitc188b320__codebebd8b2d__20260713T043353711900Z,msl_ncam_nlb_443669122edr_f0251238ncam00352m1,test_msl,sand,iou,,0,0,138713
dinov3_sat__finetuned__vitl16-sat493m__in_rover__seed1414__gpu_full__684c258f__gitc188b320__codebebd8b2d__20260713T043353711900Z,msl_ncam_nlb_443669122edr_f0251238ncam00352m1,test_msl,big_rock,iou,,0,0,138713
dinov3_sat__finetuned__vitl16-sat493m__in_rover__seed1414__gpu_full__684c258f__gitc188b320__codebebd8b2d__20260713T043353711900Z,msl_ncam_nlb_443669122edr_f0251238ncam00352m1,test_msl,ALL,pixel_acc,1.0,0,0,138713
dinov3_sat__finetuned__vitl16-sat493m__in_rover__seed1414__gpu_full__684c258f__gitc188b320__codebebd8b2d__20260713T043353711900Z,msl_ncam_nlb_443669122edr_f0251238ncam00352m1,test_msl,ALL,boundary_f1,1.0,0,0,138713
dinov3_sat__finetuned__vitl16-sat493m__in_rover__seed1414__gpu_full__684c258f__gitc188b320__codebebd8b2d__20260713T043353711900Z,msl_ncam_nlb_448278207edr_f0300432ncam00380m1,test_msl,soil,iou,1.0,219849,219849,219849
dinov3_sat__finetuned__vitl16-sat493m__in_rover__seed1414__gpu_full__684c258f__gitc188b320__codebebd8b2d__20260713T043353711900Z,msl_ncam_nlb_448278207edr_f0300432ncam00380m1,test_msl,bedrock,iou,,0,0,219849
dinov3_sat__finetuned__vitl16-sat493m__in_rover__seed1414__gpu_full__684c258f__gitc188b320__codebebd8b2d__20260713T043353711900Z,msl_ncam_nlb_448278207edr_f0300432ncam00380m1,test_msl,sand,iou,,0,0,219849
dinov3_sat__finetuned__vitl16-sat493m__in_rover__seed1414__gpu_full__684c258f__gitc188b320__codebebd8b2d__20260713T043353711900Z,msl_ncam_nlb_448278207edr_f0300432ncam00380m1,test_msl,big_rock,iou,,0,0,219849
dinov3_sat__finetuned__vitl16-sat493m__in_rover__seed1414__gpu_full__684c258f__gitc188b320__codebebd8b2d__20260713T043353711900Z,msl_ncam_nlb_448278207edr_f0300432ncam00380m1,test_msl,ALL,pixel_acc,1.0,0,0,219849
dinov3_sat__finetuned__vitl16-sat493m__in_rover__seed1414__gpu_full__684c258f__gitc188b320__codebebd8b2d__20260713T043353711900Z,msl_ncam_nlb_448278207edr_f0300432ncam00380m1,test_msl,ALL,boundary_f1,1.0,0,0,219849
dinov3_sat__finetuned__vitl16-sat493m__in_rover__seed1414__gpu_full__684c258f__gitc188b320__codebebd8b2d__20260713T043353711900Z,msl_ncam_nlb_448279148edr_f0300484ncam00353m1,test_msl,soil,iou,1.0,173750,173750,173750
dinov3_sat__finetuned__vitl16-sat493m__in_rover__seed1414__gpu_full__684c258f__gitc188b320__codebebd8b2d__20260713T043353711900Z,msl_ncam_nlb_448279148edr_f0300484ncam00353m1,test_msl,bedrock,iou,,0,0,173750
dinov3_sat__finetuned__vitl16-sat493m__in_rover__seed1414__gpu_full__684c258f__gitc188b320__codebebd8b2d__20260713T043353711900Z,msl_ncam_nlb_448279148edr_f0300484ncam00353m1,test_msl,sand,iou,,0,0,173750
dinov3_sat__finetuned__vitl16-sat493m__in_rover__seed1414__gpu_full__684c258f__gitc188b320__codebebd8b2d__20260713T043353711900Z,msl_ncam_nlb_448279148edr_f0300484ncam00353m1,test_msl,big_rock,iou,,0,0,173750
dinov3_sat__finetuned__vitl16-sat493m__in_rover__seed1414__gpu_full__684c258f__gitc188b320__codebebd8b2d__20260713T043353711900Z,msl_ncam_nlb_448279148edr_f0300484ncam00353m1,test_msl,ALL,pixel_acc,1.0,0,0,173750
dinov3_sat__finetuned__vitl16-sat493m__in_rover__seed1414__gpu_full__684c258f__gitc188b320__codebebd8b2d__20260713T043353711900Z,msl_ncam_nlb_448279148edr_f0300484ncam00353m1,test_msl,ALL,boundary_f1,1.0,0,0,173750
dinov3_sat__finetuned__vitl16-sat493m__in_rover__seed1414__gpu_full__684c258f__gitc188b320__codebebd8b2d__20260713T043353711900Z,msl_ncam_nlb_448279299edr_f0300484ncam00299m1,test_msl,soil,iou,1.0,103574,103574,103574
dinov3_sat__finetuned__vitl16-sat493m__in_rover__seed1414__gpu_full__684c258f__gitc188b320__codebebd8b2d__20260713T043353711900Z,msl_ncam_nlb_448279299edr_f0300484ncam00299m1,test_msl,bedrock,iou,,0,0,103574
dinov3_sat__finetuned__vitl16-sat493m__in_rover__seed1414__gpu_full__684c258f__gitc188b320__codebebd8b2d__20260713T043353711900Z,msl_ncam_nlb_448279299edr_f0300484ncam00299m1,test_msl,sand,iou,,0,0,103574
dinov3_sat__finetuned__vitl16-sat493m__in_rover__seed1414__gpu_full__684c258f__gitc188b320__codebebd8b2d__20260713T043353711900Z,msl_ncam_nlb_448279299edr_f0300484ncam00299m1,test_msl,big_rock,iou,,0,0,103574
dinov3_sat__finetuned__vitl16-sat493m__in_rover__seed1414__gpu_full__684c258f__gitc188b320__codebebd8b2d__20260713T043353711900Z,msl_ncam_nlb_448279299edr_f0300484ncam00299m1,test_msl,ALL,pixel_acc,1.0,0,0,103574
dinov3_sat__finetuned__vitl16-sat493m__in_rover__seed1414__gpu_full__684c258f__gitc188b320__codebebd8b2d__20260713T043353711900Z,msl_ncam_nlb_448279299edr_f0300484ncam00299m1,test_msl,ALL,boundary_f1,1.0,0,0,103574
dinov3_sat__finetuned__vitl16-sat493m__in_rover__seed1414__gpu_full__684c258f__gitc188b320__codebebd8b2d__20260713T043353711900Z,msl_ncam_nlb_448279363edr_f0300484ncam00299m1,test_msl,soil,iou,,0,0,0
dinov3_sat__finetuned__vitl16-sat493m__in_rover__seed1414__gpu_full__684c258f__gitc188b320__codebebd8b2d__20260713T043353711900Z,msl_ncam_nlb_448279363edr_f0300484ncam00299m1,test_msl,bedrock,iou,,0,0,0
dinov3_sat__finetuned__vitl16-sat493m__in_rover__seed1414__gpu_full__684c258f__gitc188b320__codebebd8b2d__20260713T043353711900Z,msl_ncam_nlb_448279363edr_f0300484ncam00299m1,test_msl,sand,iou,,0,0,0
dinov3_sat__finetuned__vitl16-sat493m__in_rover__seed1414__gpu_full__684c258f__gitc188b320__codebebd8b2d__20260713T043353711900Z,msl_ncam_nlb_448279363edr_f0300484ncam00299m1,test_msl,big_rock,iou,,0,0,0
dinov3_sat__finetuned__vitl16-sat493m__in_rover__seed1414__gpu_full__684c258f__gitc188b320__codebebd8b2d__20260713T043353711900Z,msl_ncam_nlb_448279363edr_f0300484ncam00299m1,test_msl,ALL,pixel_acc,,0,0,0
dinov3_sat__finetuned__vitl16-sat493m__in_rover__seed1414__gpu_full__684c258f__gitc188b320__codebebd8b2d__20260713T043353711900Z,msl_ncam_nlb_448279363edr_f0300484ncam00299m1,test_msl,ALL,boundary_f1,,0,0,0
dinov3_sat__finetuned__vitl16-sat493m__in_rover__seed1414__gpu_full__684c258f__gitc188b320__codebebd8b2d__20260713T043353711900Z,msl_ncam_nlb_448279809edr_f0300484ncam00354m1,test_msl,soil,iou,1.0,235752,235752,235752
dinov3_sat__finetuned__vitl16-sat493m__in_rover__seed1414__gpu_full__684c258f__gitc188b320__codebebd8b2d__20260713T043353711900Z,msl_ncam_nlb_448279809edr_f0300484ncam00354m1,test_msl,bedrock,iou,,0,0,235752
dinov3_sat__finetuned__vitl16-sat493m__in_rover__seed1414__gpu_full__684c258f__gitc188b320__codebebd8b2d__20260713T043353711900Z,msl_ncam_nlb_448279809edr_f0300484ncam00354m1,test_msl,sand,iou,,0,0,235752
dinov3_sat__finetuned__vitl16-sat493m__in_rover__seed1414__gpu_full__684c258f__gitc188b320__codebebd8b2d__20260713T043353711900Z,msl_ncam_nlb_448279809edr_f0300484ncam00354m1,test_msl,big_rock,iou,,0,0,235752
dinov3_sat__finetuned__vitl16-sat493m__in_rover__seed1414__gpu_full__684c258f__gitc188b320__codebebd8b2d__20260713T043353711900Z,msl_ncam_nlb_448279809edr_f0300484ncam00354m1,test_msl,ALL,pixel_acc,1.0,0,0,235752
dinov3_sat__finetuned__vitl16-sat493m__in_rover__seed1414__gpu_full__684c258f__gitc188b320__codebebd8b2d__20260713T043353711900Z,msl_ncam_nlb_448279809edr_f0300484ncam00354m1,test_msl,ALL,boundary_f1,1.0,0,0,235752
dinov3_sat__finetuned__vitl16-sat493m__in_rover__seed1414__gpu_full__684c258f__gitc188b320__codebebd8b2d__20260713T043353711900Z,msl_ncam_nlb_448279926edr_f0300484ncam00250m1,test_msl,soil,iou,1.0,165154,165154,165154
dinov3_sat__finetuned__vitl16-sat493m__in_rover__seed1414__gpu_full__684c258f__gitc188b320__codebebd8b2d__20260713T043353711900Z,msl_ncam_nlb_448279926edr_f0300484ncam00250m1,test_msl,bedrock,iou,,0,0,165154
dinov3_sat__finetuned__vitl16-sat493m__in_rover__seed1414__gpu_full__684c258f__gitc188b320__codebebd8b2d__20260713T043353711900Z,msl_ncam_nlb_448279926edr_f0300484ncam00250m1,test_msl,sand,iou,,0,0,165154
dinov3_sat__finetuned__vitl16-sat493m__in_rover__seed1414__gpu_full__684c258f__gitc188b320__codebebd8b2d__20260713T043353711900Z,msl_ncam_nlb_448279926edr_f0300484ncam00250m1,test_msl,big_rock,iou,,0,0,165154
dinov3_sat__finetuned__vitl16-sat493m__in_rover__seed1414__gpu_full__684c258f__gitc188b320__codebebd8b2d__20260713T043353711900Z,msl_ncam_nlb_448279926edr_f0300484ncam00250m1,test_msl,ALL,pixel_acc,1.0,0,0,165154
dinov3_sat__finetuned__vitl16-sat493m__in_rover__seed1414__gpu_full__684c258f__gitc188b320__codebebd8b2d__20260713T043353711900Z,msl_ncam_nlb_448279926edr_f0300484ncam00250m1,test_msl,ALL,boundary_f1,1.0,0,0,165154
dinov3_sat__finetuned__vitl16-sat493m__in_rover__seed1414__gpu_full__684c258f__gitc188b320__codebebd8b2d__20260713T043353711900Z,msl_ncam_nlb_448279988edr_f0300484ncam00250m1,test_msl,soil,iou,1.0,181913,181913,181913
dinov3_sat__finetuned__vitl16-sat493m__in_rover__seed1414__gpu_full__684c258f__gitc188b320__codebebd8b2d__20260713T043353711900Z,msl_ncam_nlb_448279988edr_f0300484ncam00250m1,test_msl,bedrock,iou,,0,0,181913
dinov3_sat__finetuned__vitl16-sat493m__in_rover__seed1414__gpu_full__684c258f__gitc188b320__codebebd8b2d__20260713T043353711900Z,msl_ncam_nlb_448279988edr_f0300484ncam00250m1,test_msl,sand,iou,,0,0,181913
dinov3_sat__finetuned__vitl16-sat493m__in_rover__seed1414__gpu_full__684c258f__gitc188b320__codebebd8b2d__20260713T043353711900Z,msl_ncam_nlb_448279988edr_f0300484ncam00250m1,test_msl,big_rock,iou,,0,0,181913
dinov3_sat__finetuned__vitl16-sat493m__in_rover__seed1414__gpu_full__684c258f__gitc188b320__codebebd8b2d__20260713T043353711900Z,msl_ncam_nlb_448279988edr_f0300484ncam00250m1,test_msl,ALL,pixel_acc,1.0,0,0,181913
dinov3_sat__finetuned__vitl16-sat493m__in_rover__seed1414__gpu_full__684c258f__gitc188b320__codebebd8b2d__20260713T043353711900Z,msl_ncam_nlb_448279988edr_f0300484ncam00250m1,test_msl,ALL,boundary_f1,1.0,0,0,181913
dinov3_sat__finetuned__vitl16-sat493m__in_rover__seed1414__gpu_full__684c258f__gitc188b320__codebebd8b2d__20260713T043353711900Z,msl_ncam_nlb_448280142edr_f0300484ncam00250m1,test_msl,soil,iou,1.0,85498,85498,85498
dinov3_sat__finetuned__vitl16-sat493m__in_rover__seed1414__gpu_full__684c258f__gitc188b320__codebebd8b2d__20260713T043353711900Z,msl_ncam_nlb_448280142edr_f0300484ncam00250m1,test_msl,bedrock,iou,,0,0,85498
dinov3_sat__finetuned__vitl16-sat493m__in_rover__seed1414__gpu_full__684c258f__gitc188b320__codebebd8b2d__20260713T043353711900Z,msl_ncam_nlb_448280142edr_f0300484ncam00250m1,test_msl,sand,iou,,0,0,85498
dinov3_sat__finetuned__vitl16-sat493m__in_rover__seed1414__gpu_full__684c258f__gitc188b320__codebebd8b2d__20260713T043353711900Z,msl_ncam_nlb_448280142edr_f0300484ncam00250m1,test_msl,big_rock,iou,,0,0,85498
dinov3_sat__finetuned__vitl16-sat493m__in_rover__seed1414__gpu_full__684c258f__gitc188b320__codebebd8b2d__20260713T043353711900Z,msl_ncam_nlb_448280142edr_f0300484ncam00250m1,test_msl,ALL,pixel_acc,1.0,0,0,85498
dinov3_sat__finetuned__vitl16-sat493m__in_rover__seed1414__gpu_full__684c258f__gitc188b320__codebebd8b2d__20260713T043353711900Z,msl_ncam_nlb_448280142edr_f0300484ncam00250m1,test_msl,ALL,boundary_f1,1.0,0,0,85498
dinov3_sat__finetuned__vitl16-sat493m__in_rover__seed1414__gpu_full__684c258f__gitc188b320__codebebd8b2d__20260713T043353711900Z,msl_ncam_nlb_453776957edr_f0320204ncam00498m1,test_msl,soil,iou,1.0,194007,194007,201171
dinov3_sat__finetuned__vitl16-sat493m__in_rover__seed1414__gpu_full__684c258f__gitc188b320__codebebd8b2d__20260713T043353711900Z,msl_ncam_nlb_453776957edr_f0320204ncam00498m1,test_msl,bedrock,iou,,0,0,201171
dinov3_sat__finetuned__vitl16-sat493m__in_rover__seed1414__gpu_full__684c258f__gitc188b320__codebebd8b2d__20260713T043353711900Z,msl_ncam_nlb_453776957edr_f0320204ncam00498m1,test_msl,sand,iou,0.8356036573987684,4478,5359,201171
dinov3_sat__finetuned__vitl16-sat493m__in_rover__seed1414__gpu_full__684c258f__gitc188b320__codebebd8b2d__20260713T043353711900Z,msl_ncam_nlb_453776957edr_f0320204ncam00498m1,test_msl,big_rock,iou,0.6720029784065525,1805,2686,201171
dinov3_sat__finetuned__vitl16-sat493m__in_rover__seed1414__gpu_full__684c258f__gitc188b320__codebebd8b2d__20260713T043353711900Z,msl_ncam_nlb_453776957edr_f0320204ncam00498m1,test_msl,ALL,pixel_acc,0.9956206411460896,0,0,201171
dinov3_sat__finetuned__vitl16-sat493m__in_rover__seed1414__gpu_full__684c258f__gitc188b320__codebebd8b2d__20260713T043353711900Z,msl_ncam_nlb_453776957edr_f0320204ncam00498m1,test_msl,ALL,boundary_f1,0.7997039828983287,0,0,201171
dinov3_sat__finetuned__vitl16-sat493m__in_rover__seed1414__gpu_full__684c258f__gitc188b320__codebebd8b2d__20260713T043353711900Z,msl_ncam_nlb_453777056edr_f0320204ncam00497m1,test_msl,soil,iou,1.0,241876,241876,241876
dinov3_sat__finetuned__vitl16-sat493m__in_rover__seed1414__gpu_full__684c258f__gitc188b320__codebebd8b2d__20260713T043353711900Z,msl_ncam_nlb_453777056edr_f0320204ncam00497m1,test_msl,bedrock,iou,,0,0,241876
dinov3_sat__finetuned__vitl16-sat493m__in_rover__seed1414__gpu_full__684c258f__gitc188b320__codebebd8b2d__20260713T043353711900Z,msl_ncam_nlb_453777056edr_f0320204ncam00497m1,test_msl,sand,iou,,0,0,241876
dinov3_sat__finetuned__vitl16-sat493m__in_rover__seed1414__gpu_full__684c258f__gitc188b320__codebebd8b2d__20260713T043353711900Z,msl_ncam_nlb_453777056edr_f0320204ncam00497m1,test_msl,big_rock,iou,,0,0,241876
dinov3_sat__finetuned__vitl16-sat493m__in_rover__seed1414__gpu_full__684c258f__gitc188b320__codebebd8b2d__20260713T043353711900Z,msl_ncam_nlb_453777056edr_f0320204ncam00497m1,test_msl,ALL,pixel_acc,1.0,0,0,241876
dinov3_sat__finetuned__vitl16-sat493m__in_rover__seed1414__gpu_full__684c258f__gitc188b320__codebebd8b2d__20260713T043353711900Z,msl_ncam_nlb_453777056edr_f0320204ncam00497m1,test_msl,ALL,boundary_f1,1.0,0,0,241876
dinov3_sat__finetuned__vitl16-sat493m__in_rover__seed1414__gpu_full__684c258f__gitc188b320__codebebd8b2d__20260713T043353711900Z,msl_ncam_nlb_453780775edr_f0320478ncam00353m1,test_msl,soil,iou,1.0,178148,178148,178148
dinov3_sat__finetuned__vitl16-sat493m__in_rover__seed1414__gpu_full__684c258f__gitc188b320__codebebd8b2d__20260713T043353711900Z,msl_ncam_nlb_453780775edr_f0320478ncam00353m1,test_msl,bedrock,iou,,0,0,178148
dinov3_sat__finetuned__vitl16-sat493m__in_rover__seed1414__gpu_full__684c258f__gitc188b320__codebebd8b2d__20260713T043353711900Z,msl_ncam_nlb_453780775edr_f0320478ncam00353m1,test_msl,sand,iou,,0,0,178148
dinov3_sat__finetuned__vitl16-sat493m__in_rover__seed1414__gpu_full__684c258f__gitc188b320__codebebd8b2d__20260713T043353711900Z,msl_ncam_nlb_453780775edr_f0320478ncam00353m1,test_msl,big_rock,iou,,0,0,178148
dinov3_sat__finetuned__vitl16-sat493m__in_rover__seed1414__gpu_full__684c258f__gitc188b320__codebebd8b2d__20260713T043353711900Z,msl_ncam_nlb_453780775edr_f0320478ncam00353m1,test_msl,ALL,pixel_acc,1.0,0,0,178148
dinov3_sat__finetuned__vitl16-sat493m__in_rover__seed1414__gpu_full__684c258f__gitc188b320__codebebd8b2d__20260713T043353711900Z,msl_ncam_nlb_453780775edr_f0320478ncam00353m1,test_msl,ALL,boundary_f1,1.0,0,0,178148
dinov3_sat__finetuned__vitl16-sat493m__in_rover__seed1414__gpu_full__684c258f__gitc188b320__codebebd8b2d__20260713T043353711900Z,msl_ncam_nlb_453780853edr_f0320478ncam00281m1,test_msl,soil,iou,0.998396964920249,186845,187145,187378
dinov3_sat__finetuned__vitl16-sat493m__in_rover__seed1414__gpu_full__684c258f__gitc188b320__codebebd8b2d__20260713T043353711900Z,msl_ncam_nlb_453780853edr_f0320478ncam00281m1,test_msl,bedrock,iou,,0,0,187378
dinov3_sat__finetuned__vitl16-sat493m__in_rover__seed1414__gpu_full__684c258f__gitc188b320__codebebd8b2d__20260713T043353711900Z,msl_ncam_nlb_453780853edr_f0320478ncam00281m1,test_msl,sand,iou,,0,0,187378
dinov3_sat__finetuned__vitl16-sat493m__in_rover__seed1414__gpu_full__684c258f__gitc188b320__codebebd8b2d__20260713T043353711900Z,msl_ncam_nlb_453780853edr_f0320478ncam00281m1,test_msl,big_rock,iou,0.4371482176360225,233,533,187378
dinov3_sat__finetuned__vitl16-sat493m__in_rover__seed1414__gpu_full__684c258f__gitc188b320__codebebd8b2d__20260713T043353711900Z,msl_ncam_nlb_453780853edr_f0320478ncam00281m1,test_msl,ALL,pixel_acc,0.998398958255505,0,0,187378
dinov3_sat__finetuned__vitl16-sat493m__in_rover__seed1414__gpu_full__684c258f__gitc188b320__codebebd8b2d__20260713T043353711900Z,msl_ncam_nlb_453780853edr_f0320478ncam00281m1,test_msl,ALL,boundary_f1,0.8702603118945171,0,0,187378
dinov3_sat__finetuned__vitl16-sat493m__in_rover__seed1414__gpu_full__684c258f__gitc188b320__codebebd8b2d__20260713T043353711900Z,msl_ncam_nlb_453781520edr_f0320478ncam00282m1,test_msl,soil,iou,1.0,44638,44638,44638
dinov3_sat__finetuned__vitl16-sat493m__in_rover__seed1414__gpu_full__684c258f__gitc188b320__codebebd8b2d__20260713T043353711900Z,msl_ncam_nlb_453781520edr_f0320478ncam00282m1,test_msl,bedrock,iou,,0,0,44638
dinov3_sat__finetuned__vitl16-sat493m__in_rover__seed1414__gpu_full__684c258f__gitc188b320__codebebd8b2d__20260713T043353711900Z,msl_ncam_nlb_453781520edr_f0320478ncam00282m1,test_msl,sand,iou,,0,0,44638
dinov3_sat__finetuned__vitl16-sat493m__in_rover__seed1414__gpu_full__684c258f__gitc188b320__codebebd8b2d__20260713T043353711900Z,msl_ncam_nlb_453781520edr_f0320478ncam00282m1,test_msl,big_rock,iou,,0,0,44638
dinov3_sat__finetuned__vitl16-sat493m__in_rover__seed1414__gpu_full__684c258f__gitc188b320__codebebd8b2d__20260713T043353711900Z,msl_ncam_nlb_453781520edr_f0320478ncam00282m1,test_msl,ALL,pixel_acc,1.0,0,0,44638
dinov3_sat__finetuned__vitl16-sat493m__in_rover__seed1414__gpu_full__684c258f__gitc188b320__codebebd8b2d__20260713T043353711900Z,msl_ncam_nlb_453781520edr_f0320478ncam00282m1,test_msl,ALL,boundary_f1,1.0,0,0,44638
dinov3_sat__finetuned__vitl16-sat493m__in_rover__seed1414__gpu_full__684c258f__gitc188b320__codebebd8b2d__20260713T043353711900Z,msl_ncam_nlb_453781583edr_f0320478ncam00282m1,test_msl,soil,iou,,0,0,0
dinov3_sat__finetuned__vitl16-sat493m__in_rover__seed1414__gpu_full__684c258f__gitc188b320__codebebd8b2d__20260713T043353711900Z,msl_ncam_nlb_453781583edr_f0320478ncam00282m1,test_msl,bedrock,iou,,0,0,0
dinov3_sat__finetuned__vitl16-sat493m__in_rover__seed1414__gpu_full__684c258f__gitc188b320__codebebd8b2d__20260713T043353711900Z,msl_ncam_nlb_453781583edr_f0320478ncam00282m1,test_msl,sand,iou,,0,0,0
dinov3_sat__finetuned__vitl16-sat493m__in_rover__seed1414__gpu_full__684c258f__gitc188b320__codebebd8b2d__20260713T043353711900Z,msl_ncam_nlb_453781583edr_f0320478ncam00282m1,test_msl,big_rock,iou,,0,0,0
dinov3_sat__finetuned__vitl16-sat493m__in_rover__seed1414__gpu_full__684c258f__gitc188b320__codebebd8b2d__20260713T043353711900Z,msl_ncam_nlb_453781583edr_f0320478ncam00282m1,test_msl,ALL,pixel_acc,,0,0,0
dinov3_sat__finetuned__vitl16-sat493m__in_rover__seed1414__gpu_full__684c258f__gitc188b320__codebebd8b2d__20260713T043353711900Z,msl_ncam_nlb_453781583edr_f0320478ncam00282m1,test_msl,ALL,boundary_f1,,0,0,0
dinov3_sat__finetuned__vitl16-sat493m__in_rover__seed1414__gpu_full__684c258f__gitc188b320__codebebd8b2d__20260713T043353711900Z,msl_ncam_nlb_453781647edr_f0320478ncam00282m1,test_msl,soil,iou,1.0,198856,198856,198856
dinov3_sat__finetuned__vitl16-sat493m__in_rover__seed1414__gpu_full__684c258f__gitc188b320__codebebd8b2d__20260713T043353711900Z,msl_ncam_nlb_453781647edr_f0320478ncam00282m1,test_msl,bedrock,iou,,0,0,198856
dinov3_sat__finetuned__vitl16-sat493m__in_rover__seed1414__gpu_full__684c258f__gitc188b320__codebebd8b2d__20260713T043353711900Z,msl_ncam_nlb_453781647edr_f0320478ncam00282m1,test_msl,sand,iou,,0,0,198856
dinov3_sat__finetuned__vitl16-sat493m__in_rover__seed1414__gpu_full__684c258f__gitc188b320__codebebd8b2d__20260713T043353711900Z,msl_ncam_nlb_453781647edr_f0320478ncam00282m1,test_msl,big_rock,iou,,0,0,198856
dinov3_sat__finetuned__vitl16-sat493m__in_rover__seed1414__gpu_full__684c258f__gitc188b320__codebebd8b2d__20260713T043353711900Z,msl_ncam_nlb_453781647edr_f0320478ncam00282m1,test_msl,ALL,pixel_acc,1.0,0,0,198856
dinov3_sat__finetuned__vitl16-sat493m__in_rover__seed1414__gpu_full__684c258f__gitc188b320__codebebd8b2d__20260713T043353711900Z,msl_ncam_nlb_453781647edr_f0320478ncam00282m1,test_msl,ALL,boundary_f1,1.0,0,0,198856
dinov3_sat__finetuned__vitl16-sat493m__in_rover__seed1414__gpu_full__684c258f__gitc188b320__codebebd8b2d__20260713T043353711900Z,msl_ncam_nlb_454576834edr_f0330660ncam00291m1,test_msl,soil,iou,1.0,96212,96212,96212
dinov3_sat__finetuned__vitl16-sat493m__in_rover__seed1414__gpu_full__684c258f__gitc188b320__codebebd8b2d__20260713T043353711900Z,msl_ncam_nlb_454576834edr_f0330660ncam00291m1,test_msl,bedrock,iou,,0,0,96212
dinov3_sat__finetuned__vitl16-sat493m__in_rover__seed1414__gpu_full__684c258f__gitc188b320__codebebd8b2d__20260713T043353711900Z,msl_ncam_nlb_454576834edr_f0330660ncam00291m1,test_msl,sand,iou,,0,0,96212
dinov3_sat__finetuned__vitl16-sat493m__in_rover__seed1414__gpu_full__684c258f__gitc188b320__codebebd8b2d__20260713T043353711900Z,msl_ncam_nlb_454576834edr_f0330660ncam00291m1,test_msl,big_rock,iou,,0,0,96212
dinov3_sat__finetuned__vitl16-sat493m__in_rover__seed1414__gpu_full__684c258f__gitc188b320__codebebd8b2d__20260713T043353711900Z,msl_ncam_nlb_454576834edr_f0330660ncam00291m1,test_msl,ALL,pixel_acc,1.0,0,0,96212
dinov3_sat__finetuned__vitl16-sat493m__in_rover__seed1414__gpu_full__684c258f__gitc188b320__codebebd8b2d__20260713T043353711900Z,msl_ncam_nlb_454576834edr_f0330660ncam00291m1,test_msl,ALL,boundary_f1,1.0,0,0,96212
dinov3_sat__finetuned__vitl16-sat493m__in_rover__seed1414__gpu_full__684c258f__gitc188b320__codebebd8b2d__20260713T043353711900Z,msl_ncam_nlb_454577689edr_f0330660ncam00350m1,test_msl,soil,iou,1.0,220994,220994,220994
dinov3_sat__finetuned__vitl16-sat493m__in_rover__seed1414__gpu_full__684c258f__gitc188b320__codebebd8b2d__20260713T043353711900Z,msl_ncam_nlb_454577689edr_f0330660ncam00350m1,test_msl,bedrock,iou,,0,0,220994
dinov3_sat__finetuned__vitl16-sat493m__in_rover__seed1414__gpu_full__684c258f__gitc188b320__codebebd8b2d__20260713T043353711900Z,msl_ncam_nlb_454577689edr_f0330660ncam00350m1,test_msl,sand,iou,,0,0,220994
dinov3_sat__finetuned__vitl16-sat493m__in_rover__seed1414__gpu_full__684c258f__gitc188b320__codebebd8b2d__20260713T043353711900Z,msl_ncam_nlb_454577689edr_f0330660ncam00350m1,test_msl,big_rock,iou,,0,0,220994
dinov3_sat__finetuned__vitl16-sat493m__in_rover__seed1414__gpu_full__684c258f__gitc188b320__codebebd8b2d__20260713T043353711900Z,msl_ncam_nlb_454577689edr_f0330660ncam00350m1,test_msl,ALL,pixel_acc,1.0,0,0,220994
dinov3_sat__finetuned__vitl16-sat493m__in_rover__seed1414__gpu_full__684c258f__gitc188b320__codebebd8b2d__20260713T043353711900Z,msl_ncam_nlb_454577689edr_f0330660ncam00350m1,test_msl,ALL,boundary_f1,1.0,0,0,220994
dinov3_sat__finetuned__vitl16-sat493m__in_rover__seed1414__gpu_full__684c258f__gitc188b320__codebebd8b2d__20260713T043353711900Z,msl_ncam_nlb_454577808edr_f0330660ncam00350m1,test_msl,soil,iou,1.0,149819,149819,149819
dinov3_sat__finetuned__vitl16-sat493m__in_rover__seed1414__gpu_full__684c258f__gitc188b320__codebebd8b2d__20260713T043353711900Z,msl_ncam_nlb_454577808edr_f0330660ncam00350m1,test_msl,bedrock,iou,,0,0,149819
dinov3_sat__finetuned__vitl16-sat493m__in_rover__seed1414__gpu_full__684c258f__gitc188b320__codebebd8b2d__20260713T043353711900Z,msl_ncam_nlb_454577808edr_f0330660ncam00350m1,test_msl,sand,iou,,0,0,149819
dinov3_sat__finetuned__vitl16-sat493m__in_rover__seed1414__gpu_full__684c258f__gitc188b320__codebebd8b2d__20260713T043353711900Z,msl_ncam_nlb_454577808edr_f0330660ncam00350m1,test_msl,big_rock,iou,,0,0,149819
dinov3_sat__finetuned__vitl16-sat493m__in_rover__seed1414__gpu_full__684c258f__gitc188b320__codebebd8b2d__20260713T043353711900Z,msl_ncam_nlb_454577808edr_f0330660ncam00350m1,test_msl,ALL,pixel_acc,1.0,0,0,149819
dinov3_sat__finetuned__vitl16-sat493m__in_rover__seed1414__gpu_full__684c258f__gitc188b320__codebebd8b2d__20260713T043353711900Z,msl_ncam_nlb_454577808edr_f0330660ncam00350m1,test_msl,ALL,boundary_f1,1.0,0,0,149819
dinov3_sat__finetuned__vitl16-sat493m__in_rover__seed1414__gpu_full__684c258f__gitc188b320__codebebd8b2d__20260713T043353711900Z,msl_ncam_nlb_454577843edr_f0330660ncam00292m1,test_msl,soil,iou,1.0,190037,190037,190037
dinov3_sat__finetuned__vitl16-sat493m__in_rover__seed1414__gpu_full__684c258f__gitc188b320__codebebd8b2d__20260713T043353711900Z,msl_ncam_nlb_454577843edr_f0330660ncam00292m1,test_msl,bedrock,iou,,0,0,190037
dinov3_sat__finetuned__vitl16-sat493m__in_rover__seed1414__gpu_full__684c258f__gitc188b320__codebebd8b2d__20260713T043353711900Z,msl_ncam_nlb_454577843edr_f0330660ncam00292m1,test_msl,sand,iou,,0,0,190037
dinov3_sat__finetuned__vitl16-sat493m__in_rover__seed1414__gpu_full__684c258f__gitc188b320__codebebd8b2d__20260713T043353711900Z,msl_ncam_nlb_454577843edr_f0330660ncam00292m1,test_msl,big_rock,iou,,0,0,190037
dinov3_sat__finetuned__vitl16-sat493m__in_rover__seed1414__gpu_full__684c258f__gitc188b320__codebebd8b2d__20260713T043353711900Z,msl_ncam_nlb_454577843edr_f0330660ncam00292m1,test_msl,ALL,pixel_acc,1.0,0,0,190037
dinov3_sat__finetuned__vitl16-sat493m__in_rover__seed1414__gpu_full__684c258f__gitc188b320__codebebd8b2d__20260713T043353711900Z,msl_ncam_nlb_454577843edr_f0330660ncam00292m1,test_msl,ALL,boundary_f1,1.0,0,0,190037
dinov3_sat__finetuned__vitl16-sat493m__in_rover__seed1414__gpu_full__684c258f__gitc188b320__codebebd8b2d__20260713T043353711900Z,msl_ncam_nlb_454577912edr_f0330660ncam00292m1,test_msl,soil,iou,1.0,152116,152116,152116
dinov3_sat__finetuned__vitl16-sat493m__in_rover__seed1414__gpu_full__684c258f__gitc188b320__codebebd8b2d__20260713T043353711900Z,msl_ncam_nlb_454577912edr_f0330660ncam00292m1,test_msl,bedrock,iou,,0,0,152116
dinov3_sat__finetuned__vitl16-sat493m__in_rover__seed1414__gpu_full__684c258f__gitc188b320__codebebd8b2d__20260713T043353711900Z,msl_ncam_nlb_454577912edr_f0330660ncam00292m1,test_msl,sand,iou,,0,0,152116
dinov3_sat__finetuned__vitl16-sat493m__in_rover__seed1414__gpu_full__684c258f__gitc188b320__codebebd8b2d__20260713T043353711900Z,msl_ncam_nlb_454577912edr_f0330660ncam00292m1,test_msl,big_rock,iou,,0,0,152116
dinov3_sat__finetuned__vitl16-sat493m__in_rover__seed1414__gpu_full__684c258f__gitc188b320__codebebd8b2d__20260713T043353711900Z,msl_ncam_nlb_454577912edr_f0330660ncam00292m1,test_msl,ALL,pixel_acc,1.0,0,0,152116
dinov3_sat__finetuned__vitl16-sat493m__in_rover__seed1414__gpu_full__684c258f__gitc188b320__codebebd8b2d__20260713T043353711900Z,msl_ncam_nlb_454577912edr_f0330660ncam00292m1,test_msl,ALL,boundary_f1,1.0,0,0,152116
dinov3_sat__finetuned__vitl16-sat493m__in_rover__seed1414__gpu_full__684c258f__gitc188b320__codebebd8b2d__20260713T043353711900Z,msl_ncam_nlb_455641497edr_f0340774ncam00251m1,test_msl,soil,iou,1.0,200625,200625,200625
dinov3_sat__finetuned__vitl16-sat493m__in_rover__seed1414__gpu_full__684c258f__gitc188b320__codebebd8b2d__20260713T043353711900Z,msl_ncam_nlb_455641497edr_f0340774ncam00251m1,test_msl,bedrock,iou,,0,0,200625
dinov3_sat__finetuned__vitl16-sat493m__in_rover__seed1414__gpu_full__684c258f__gitc188b320__codebebd8b2d__20260713T043353711900Z,msl_ncam_nlb_455641497edr_f0340774ncam00251m1,test_msl,sand,iou,,0,0,200625
dinov3_sat__finetuned__vitl16-sat493m__in_rover__seed1414__gpu_full__684c258f__gitc188b320__codebebd8b2d__20260713T043353711900Z,msl_ncam_nlb_455641497edr_f0340774ncam00251m1,test_msl,big_rock,iou,,0,0,200625
dinov3_sat__finetuned__vitl16-sat493m__in_rover__seed1414__gpu_full__684c258f__gitc188b320__codebebd8b2d__20260713T043353711900Z,msl_ncam_nlb_455641497edr_f0340774ncam00251m1,test_msl,ALL,pixel_acc,1.0,0,0,200625
dinov3_sat__finetuned__vitl16-sat493m__in_rover__seed1414__gpu_full__684c258f__gitc188b320__codebebd8b2d__20260713T043353711900Z,msl_ncam_nlb_455641497edr_f0340774ncam00251m1,test_msl,ALL,boundary_f1,1.0,0,0,200625
dinov3_sat__finetuned__vitl16-sat493m__in_rover__seed1414__gpu_full__684c258f__gitc188b320__codebebd8b2d__20260713T043353711900Z,msl_ncam_nlb_455642279edr_f0340774ncam00354m1,test_msl,soil,iou,,0,0,0
dinov3_sat__finetuned__vitl16-sat493m__in_rover__seed1414__gpu_full__684c258f__gitc188b320__codebebd8b2d__20260713T043353711900Z,msl_ncam_nlb_455642279edr_f0340774ncam00354m1,test_msl,bedrock,iou,,0,0,0
dinov3_sat__finetuned__vitl16-sat493m__in_rover__seed1414__gpu_full__684c258f__gitc188b320__codebebd8b2d__20260713T043353711900Z,msl_ncam_nlb_455642279edr_f0340774ncam00354m1,test_msl,sand,iou,,0,0,0
dinov3_sat__finetuned__vitl16-sat493m__in_rover__seed1414__gpu_full__684c258f__gitc188b320__codebebd8b2d__20260713T043353711900Z,msl_ncam_nlb_455642279edr_f0340774ncam00354m1,test_msl,big_rock,iou,,0,0,0
dinov3_sat__finetuned__vitl16-sat493m__in_rover__seed1414__gpu_full__684c258f__gitc188b320__codebebd8b2d__20260713T043353711900Z,msl_ncam_nlb_455642279edr_f0340774ncam00354m1,test_msl,ALL,pixel_acc,,0,0,0
dinov3_sat__finetuned__vitl16-sat493m__in_rover__seed1414__gpu_full__684c258f__gitc188b320__codebebd8b2d__20260713T043353711900Z,msl_ncam_nlb_455642279edr_f0340774ncam00354m1,test_msl,ALL,boundary_f1,,0,0,0
dinov3_sat__finetuned__vitl16-sat493m__in_rover__seed1414__gpu_full__684c258f__gitc188b320__codebebd8b2d__20260713T043353711900Z,msl_ncam_nlb_455642442edr_f0340774ncam00252m1,test_msl,soil,iou,1.0,411,411,411
dinov3_sat__finetuned__vitl16-sat493m__in_rover__seed1414__gpu_full__684c258f__gitc188b320__codebebd8b2d__20260713T043353711900Z,msl_ncam_nlb_455642442edr_f0340774ncam00252m1,test_msl,bedrock,iou,,0,0,411
dinov3_sat__finetuned__vitl16-sat493m__in_rover__seed1414__gpu_full__684c258f__gitc188b320__codebebd8b2d__20260713T043353711900Z,msl_ncam_nlb_455642442edr_f0340774ncam00252m1,test_msl,sand,iou,,0,0,411
dinov3_sat__finetuned__vitl16-sat493m__in_rover__seed1414__gpu_full__684c258f__gitc188b320__codebebd8b2d__20260713T043353711900Z,msl_ncam_nlb_455642442edr_f0340774ncam00252m1,test_msl,big_rock,iou,,0,0,411
dinov3_sat__finetuned__vitl16-sat493m__in_rover__seed1414__gpu_full__684c258f__gitc188b320__codebebd8b2d__20260713T043353711900Z,msl_ncam_nlb_455642442edr_f0340774ncam00252m1,test_msl,ALL,pixel_acc,1.0,0,0,411
dinov3_sat__finetuned__vitl16-sat493m__in_rover__seed1414__gpu_full__684c258f__gitc188b320__codebebd8b2d__20260713T043353711900Z,msl_ncam_nlb_455642442edr_f0340774ncam00252m1,test_msl,ALL,boundary_f1,1.0,0,0,411
dinov3_sat__finetuned__vitl16-sat493m__in_rover__seed1414__gpu_full__684c258f__gitc188b320__codebebd8b2d__20260713T043353711900Z,msl_ncam_nlb_455642480edr_f0340774ncam00252m1,test_msl,soil,iou,1.0,162032,162032,162032
dinov3_sat__finetuned__vitl16-sat493m__in_rover__seed1414__gpu_full__684c258f__gitc188b320__codebebd8b2d__20260713T043353711900Z,msl_ncam_nlb_455642480edr_f0340774ncam00252m1,test_msl,bedrock,iou,,0,0,162032
dinov3_sat__finetuned__vitl16-sat493m__in_rover__seed1414__gpu_full__684c258f__gitc188b320__codebebd8b2d__20260713T043353711900Z,msl_ncam_nlb_455642480edr_f0340774ncam00252m1,test_msl,sand,iou,,0,0,162032
dinov3_sat__finetuned__vitl16-sat493m__in_rover__seed1414__gpu_full__684c258f__gitc188b320__codebebd8b2d__20260713T043353711900Z,msl_ncam_nlb_455642480edr_f0340774ncam00252m1,test_msl,big_rock,iou,,0,0,162032
dinov3_sat__finetuned__vitl16-sat493m__in_rover__seed1414__gpu_full__684c258f__gitc188b320__codebebd8b2d__20260713T043353711900Z,msl_ncam_nlb_455642480edr_f0340774ncam00252m1,test_msl,ALL,pixel_acc,1.0,0,0,162032
dinov3_sat__finetuned__vitl16-sat493m__in_rover__seed1414__gpu_full__684c258f__gitc188b320__codebebd8b2d__20260713T043353711900Z,msl_ncam_nlb_455642480edr_f0340774ncam00252m1,test_msl,ALL,boundary_f1,1.0,0,0,162032
dinov3_sat__finetuned__vitl16-sat493m__in_rover__seed1414__gpu_full__684c258f__gitc188b320__codebebd8b2d__20260713T043353711900Z,msl_ncam_nlb_455642594edr_f0340774ncam00252m1,test_msl,soil,iou,1.0,59579,59579,59579
dinov3_sat__finetuned__vitl16-sat493m__in_rover__seed1414__gpu_full__684c258f__gitc188b320__codebebd8b2d__20260713T043353711900Z,msl_ncam_nlb_455642594edr_f0340774ncam00252m1,test_msl,bedrock,iou,,0,0,59579
dinov3_sat__finetuned__vitl16-sat493m__in_rover__seed1414__gpu_full__684c258f__gitc188b320__codebebd8b2d__20260713T043353711900Z,msl_ncam_nlb_455642594edr_f0340774ncam00252m1,test_msl,sand,iou,,0,0,59579
dinov3_sat__finetuned__vitl16-sat493m__in_rover__seed1414__gpu_full__684c258f__gitc188b320__codebebd8b2d__20260713T043353711900Z,msl_ncam_nlb_455642594edr_f0340774ncam00252m1,test_msl,big_rock,iou,,0,0,59579
dinov3_sat__finetuned__vitl16-sat493m__in_rover__seed1414__gpu_full__684c258f__gitc188b320__codebebd8b2d__20260713T043353711900Z,msl_ncam_nlb_455642594edr_f0340774ncam00252m1,test_msl,ALL,pixel_acc,1.0,0,0,59579
dinov3_sat__finetuned__vitl16-sat493m__in_rover__seed1414__gpu_full__684c258f__gitc188b320__codebebd8b2d__20260713T043353711900Z,msl_ncam_nlb_455642594edr_f0340774ncam00252m1,test_msl,ALL,boundary_f1,1.0,0,0,59579
dinov3_sat__finetuned__vitl16-sat493m__in_rover__seed1414__gpu_full__684c258f__gitc188b320__codebebd8b2d__20260713T043353711900Z,msl_ncam_nlb_457064543edr_f0371542ncam00273m1,test_msl,soil,iou,0.9773711801935417,66558,68099,68123
dinov3_sat__finetuned__vitl16-sat493m__in_rover__seed1414__gpu_full__684c258f__gitc188b320__codebebd8b2d__20260713T043353711900Z,msl_ncam_nlb_457064543edr_f0371542ncam00273m1,test_msl,bedrock,iou,,0,0,68123
dinov3_sat__finetuned__vitl16-sat493m__in_rover__seed1414__gpu_full__684c258f__gitc188b320__codebebd8b2d__20260713T043353711900Z,msl_ncam_nlb_457064543edr_f0371542ncam00273m1,test_msl,sand,iou,0.015335463258785943,24,1565,68123
dinov3_sat__finetuned__vitl16-sat493m__in_rover__seed1414__gpu_full__684c258f__gitc188b320__codebebd8b2d__20260713T043353711900Z,msl_ncam_nlb_457064543edr_f0371542ncam00273m1,test_msl,big_rock,iou,,0,0,68123
dinov3_sat__finetuned__vitl16-sat493m__in_rover__seed1414__gpu_full__684c258f__gitc188b320__codebebd8b2d__20260713T043353711900Z,msl_ncam_nlb_457064543edr_f0371542ncam00273m1,test_msl,ALL,pixel_acc,0.9773791524154838,0,0,68123
dinov3_sat__finetuned__vitl16-sat493m__in_rover__seed1414__gpu_full__684c258f__gitc188b320__codebebd8b2d__20260713T043353711900Z,msl_ncam_nlb_457064543edr_f0371542ncam00273m1,test_msl,ALL,boundary_f1,0.5148306081229846,0,0,68123
dinov3_sat__finetuned__vitl16-sat493m__in_rover__seed1414__gpu_full__684c258f__gitc188b320__codebebd8b2d__20260713T043353711900Z,msl_ncam_nlb_457064954edr_f0371542ncam00354m1,test_msl,soil,iou,,0,0,0
dinov3_sat__finetuned__vitl16-sat493m__in_rover__seed1414__gpu_full__684c258f__gitc188b320__codebebd8b2d__20260713T043353711900Z,msl_ncam_nlb_457064954edr_f0371542ncam00354m1,test_msl,bedrock,iou,,0,0,0
dinov3_sat__finetuned__vitl16-sat493m__in_rover__seed1414__gpu_full__684c258f__gitc188b320__codebebd8b2d__20260713T043353711900Z,msl_ncam_nlb_457064954edr_f0371542ncam00354m1,test_msl,sand,iou,,0,0,0
dinov3_sat__finetuned__vitl16-sat493m__in_rover__seed1414__gpu_full__684c258f__gitc188b320__codebebd8b2d__20260713T043353711900Z,msl_ncam_nlb_457064954edr_f0371542ncam00354m1,test_msl,big_rock,iou,,0,0,0
dinov3_sat__finetuned__vitl16-sat493m__in_rover__seed1414__gpu_full__684c258f__gitc188b320__codebebd8b2d__20260713T043353711900Z,msl_ncam_nlb_457064954edr_f0371542ncam00354m1,test_msl,ALL,pixel_acc,,0,0,0
dinov3_sat__finetuned__vitl16-sat493m__in_rover__seed1414__gpu_full__684c258f__gitc188b320__codebebd8b2d__20260713T043353711900Z,msl_ncam_nlb_457064954edr_f0371542ncam00354m1,test_msl,ALL,boundary_f1,,0,0,0
dinov3_sat__finetuned__vitl16-sat493m__in_rover__seed1414__gpu_full__684c258f__gitc188b320__codebebd8b2d__20260713T043353711900Z,msl_ncam_nlb_457065016edr_f0371542ncam00354m1,test_msl,soil,iou,1.0,169467,169467,169467
dinov3_sat__finetuned__vitl16-sat493m__in_rover__seed1414__gpu_full__684c258f__gitc188b320__codebebd8b2d__20260713T043353711900Z,msl_ncam_nlb_457065016edr_f0371542ncam00354m1,test_msl,bedrock,iou,,0,0,169467
dinov3_sat__finetuned__vitl16-sat493m__in_rover__seed1414__gpu_full__684c258f__gitc188b320__codebebd8b2d__20260713T043353711900Z,msl_ncam_nlb_457065016edr_f0371542ncam00354m1,test_msl,sand,iou,,0,0,169467
dinov3_sat__finetuned__vitl16-sat493m__in_rover__seed1414__gpu_full__684c258f__gitc188b320__codebebd8b2d__20260713T043353711900Z,msl_ncam_nlb_457065016edr_f0371542ncam00354m1,test_msl,big_rock,iou,,0,0,169467
dinov3_sat__finetuned__vitl16-sat493m__in_rover__seed1414__gpu_full__684c258f__gitc188b320__codebebd8b2d__20260713T043353711900Z,msl_ncam_nlb_457065016edr_f0371542ncam00354m1,test_msl,ALL,pixel_acc,1.0,0,0,169467
dinov3_sat__finetuned__vitl16-sat493m__in_rover__seed1414__gpu_full__684c258f__gitc188b320__codebebd8b2d__20260713T043353711900Z,msl_ncam_nlb_457065016edr_f0371542ncam00354m1,test_msl,ALL,boundary_f1,1.0,0,0,169467
dinov3_sat__finetuned__vitl16-sat493m__in_rover__seed1414__gpu_full__684c258f__gitc188b320__codebebd8b2d__20260713T043353711900Z,msl_ncam_nlb_457065086edr_f0371542ncam00354m1,test_msl,soil,iou,0.9841321814472458,78146,79406,79831
dinov3_sat__finetuned__vitl16-sat493m__in_rover__seed1414__gpu_full__684c258f__gitc188b320__codebebd8b2d__20260713T043353711900Z,msl_ncam_nlb_457065086edr_f0371542ncam00354m1,test_msl,bedrock,iou,,0,0,79831
dinov3_sat__finetuned__vitl16-sat493m__in_rover__seed1414__gpu_full__684c258f__gitc188b320__codebebd8b2d__20260713T043353711900Z,msl_ncam_nlb_457065086edr_f0371542ncam00354m1,test_msl,sand,iou,0.2522255192878338,425,1685,79831
dinov3_sat__finetuned__vitl16-sat493m__in_rover__seed1414__gpu_full__684c258f__gitc188b320__codebebd8b2d__20260713T043353711900Z,msl_ncam_nlb_457065086edr_f0371542ncam00354m1,test_msl,big_rock,iou,,0,0,79831
dinov3_sat__finetuned__vitl16-sat493m__in_rover__seed1414__gpu_full__684c258f__gitc188b320__codebebd8b2d__20260713T043353711900Z,msl_ncam_nlb_457065086edr_f0371542ncam00354m1,test_msl,ALL,pixel_acc,0.9842166576893688,0,0,79831
dinov3_sat__finetuned__vitl16-sat493m__in_rover__seed1414__gpu_full__684c258f__gitc188b320__codebebd8b2d__20260713T043353711900Z,msl_ncam_nlb_457065086edr_f0371542ncam00354m1,test_msl,ALL,boundary_f1,0.6950269255874674,0,0,79831
dinov3_sat__finetuned__vitl16-sat493m__in_rover__seed1414__gpu_full__684c258f__gitc188b320__codebebd8b2d__20260713T043353711900Z,msl_ncam_nlb_457072541edr_f0371542ncam00274m1,test_msl,soil,iou,1.0,53194,53194,53194
dinov3_sat__finetuned__vitl16-sat493m__in_rover__seed1414__gpu_full__684c258f__gitc188b320__codebebd8b2d__20260713T043353711900Z,msl_ncam_nlb_457072541edr_f0371542ncam00274m1,test_msl,bedrock,iou,,0,0,53194
dinov3_sat__finetuned__vitl16-sat493m__in_rover__seed1414__gpu_full__684c258f__gitc188b320__codebebd8b2d__20260713T043353711900Z,msl_ncam_nlb_457072541edr_f0371542ncam00274m1,test_msl,sand,iou,,0,0,53194
dinov3_sat__finetuned__vitl16-sat493m__in_rover__seed1414__gpu_full__684c258f__gitc188b320__codebebd8b2d__20260713T043353711900Z,msl_ncam_nlb_457072541edr_f0371542ncam00274m1,test_msl,big_rock,iou,,0,0,53194
dinov3_sat__finetuned__vitl16-sat493m__in_rover__seed1414__gpu_full__684c258f__gitc188b320__codebebd8b2d__20260713T043353711900Z,msl_ncam_nlb_457072541edr_f0371542ncam00274m1,test_msl,ALL,pixel_acc,1.0,0,0,53194
dinov3_sat__finetuned__vitl16-sat493m__in_rover__seed1414__gpu_full__684c258f__gitc188b320__codebebd8b2d__20260713T043353711900Z,msl_ncam_nlb_457072541edr_f0371542ncam00274m1,test_msl,ALL,boundary_f1,1.0,0,0,53194
dinov3_sat__finetuned__vitl16-sat493m__in_rover__seed1414__gpu_full__684c258f__gitc188b320__codebebd8b2d__20260713T043353711900Z,msl_ncam_nlb_457072755edr_f0371542ncam00274m1,test_msl,soil,iou,1.0,71012,71012,71012
dinov3_sat__finetuned__vitl16-sat493m__in_rover__seed1414__gpu_full__684c258f__gitc188b320__codebebd8b2d__20260713T043353711900Z,msl_ncam_nlb_457072755edr_f0371542ncam00274m1,test_msl,bedrock,iou,,0,0,71012
dinov3_sat__finetuned__vitl16-sat493m__in_rover__seed1414__gpu_full__684c258f__gitc188b320__codebebd8b2d__20260713T043353711900Z,msl_ncam_nlb_457072755edr_f0371542ncam00274m1,test_msl,sand,iou,,0,0,71012
dinov3_sat__finetuned__vitl16-sat493m__in_rover__seed1414__gpu_full__684c258f__gitc188b320__codebebd8b2d__20260713T043353711900Z,msl_ncam_nlb_457072755edr_f0371542ncam00274m1,test_msl,big_rock,iou,,0,0,71012
dinov3_sat__finetuned__vitl16-sat493m__in_rover__seed1414__gpu_full__684c258f__gitc188b320__codebebd8b2d__20260713T043353711900Z,msl_ncam_nlb_457072755edr_f0371542ncam00274m1,test_msl,ALL,pixel_acc,1.0,0,0,71012
dinov3_sat__finetuned__vitl16-sat493m__in_rover__seed1414__gpu_full__684c258f__gitc188b320__codebebd8b2d__20260713T043353711900Z,msl_ncam_nlb_457072755edr_f0371542ncam00274m1,test_msl,ALL,boundary_f1,1.0,0,0,71012
dinov3_sat__finetuned__vitl16-sat493m__in_rover__seed1414__gpu_full__684c258f__gitc188b320__codebebd8b2d__20260713T043353711900Z,msl_ncam_nlb_457152468edr_f0380000ncam00346m1,test_msl,soil,iou,,0,0,89859
dinov3_sat__finetuned__vitl16-sat493m__in_rover__seed1414__gpu_full__684c258f__gitc188b320__codebebd8b2d__20260713T043353711900Z,msl_ncam_nlb_457152468edr_f0380000ncam00346m1,test_msl,bedrock,iou,,0,0,89859
dinov3_sat__finetuned__vitl16-sat493m__in_rover__seed1414__gpu_full__684c258f__gitc188b320__codebebd8b2d__20260713T043353711900Z,msl_ncam_nlb_457152468edr_f0380000ncam00346m1,test_msl,sand,iou,1.0,89859,89859,89859
dinov3_sat__finetuned__vitl16-sat493m__in_rover__seed1414__gpu_full__684c258f__gitc188b320__codebebd8b2d__20260713T043353711900Z,msl_ncam_nlb_457152468edr_f0380000ncam00346m1,test_msl,big_rock,iou,,0,0,89859
dinov3_sat__finetuned__vitl16-sat493m__in_rover__seed1414__gpu_full__684c258f__gitc188b320__codebebd8b2d__20260713T043353711900Z,msl_ncam_nlb_457152468edr_f0380000ncam00346m1,test_msl,ALL,pixel_acc,1.0,0,0,89859
dinov3_sat__finetuned__vitl16-sat493m__in_rover__seed1414__gpu_full__684c258f__gitc188b320__codebebd8b2d__20260713T043353711900Z,msl_ncam_nlb_457152468edr_f0380000ncam00346m1,test_msl,ALL,boundary_f1,1.0,0,0,89859
dinov3_sat__finetuned__vitl16-sat493m__in_rover__seed1414__gpu_full__684c258f__gitc188b320__codebebd8b2d__20260713T043353711900Z,msl_ncam_nlb_457152554edr_f0380000ncam00275m1,test_msl,soil,iou,0.8656507413509061,10509,12140,177280
dinov3_sat__finetuned__vitl16-sat493m__in_rover__seed1414__gpu_full__684c258f__gitc188b320__codebebd8b2d__20260713T043353711900Z,msl_ncam_nlb_457152554edr_f0380000ncam00275m1,test_msl,bedrock,iou,,0,0,177280
dinov3_sat__finetuned__vitl16-sat493m__in_rover__seed1414__gpu_full__684c258f__gitc188b320__codebebd8b2d__20260713T043353711900Z,msl_ncam_nlb_457152554edr_f0380000ncam00275m1,test_msl,sand,iou,0.9902201222035006,165140,166771,177280
dinov3_sat__finetuned__vitl16-sat493m__in_rover__seed1414__gpu_full__684c258f__gitc188b320__codebebd8b2d__20260713T043353711900Z,msl_ncam_nlb_457152554edr_f0380000ncam00275m1,test_msl,big_rock,iou,,0,0,177280
dinov3_sat__finetuned__vitl16-sat493m__in_rover__seed1414__gpu_full__684c258f__gitc188b320__codebebd8b2d__20260713T043353711900Z,msl_ncam_nlb_457152554edr_f0380000ncam00275m1,test_msl,ALL,pixel_acc,0.9907998646209386,0,0,177280
dinov3_sat__finetuned__vitl16-sat493m__in_rover__seed1414__gpu_full__684c258f__gitc188b320__codebebd8b2d__20260713T043353711900Z,msl_ncam_nlb_457152554edr_f0380000ncam00275m1,test_msl,ALL,boundary_f1,0.8438157098556895,0,0,177280
dinov3_sat__finetuned__vitl16-sat493m__in_rover__seed1414__gpu_full__684c258f__gitc188b320__codebebd8b2d__20260713T043353711900Z,msl_ncam_nlb_457153024edr_f0380000ncam00354m1,test_msl,soil,iou,,0,0,103858
dinov3_sat__finetuned__vitl16-sat493m__in_rover__seed1414__gpu_full__684c258f__gitc188b320__codebebd8b2d__20260713T043353711900Z,msl_ncam_nlb_457153024edr_f0380000ncam00354m1,test_msl,bedrock,iou,,0,0,103858
dinov3_sat__finetuned__vitl16-sat493m__in_rover__seed1414__gpu_full__684c258f__gitc188b320__codebebd8b2d__20260713T043353711900Z,msl_ncam_nlb_457153024edr_f0380000ncam00354m1,test_msl,sand,iou,1.0,103858,103858,103858
dinov3_sat__finetuned__vitl16-sat493m__in_rover__seed1414__gpu_full__684c258f__gitc188b320__codebebd8b2d__20260713T043353711900Z,msl_ncam_nlb_457153024edr_f0380000ncam00354m1,test_msl,big_rock,iou,,0,0,103858
dinov3_sat__finetuned__vitl16-sat493m__in_rover__seed1414__gpu_full__684c258f__gitc188b320__codebebd8b2d__20260713T043353711900Z,msl_ncam_nlb_457153024edr_f0380000ncam00354m1,test_msl,ALL,pixel_acc,1.0,0,0,103858
dinov3_sat__finetuned__vitl16-sat493m__in_rover__seed1414__gpu_full__684c258f__gitc188b320__codebebd8b2d__20260713T043353711900Z,msl_ncam_nlb_457153024edr_f0380000ncam00354m1,test_msl,ALL,boundary_f1,1.0,0,0,103858
dinov3_sat__finetuned__vitl16-sat493m__in_rover__seed1414__gpu_full__684c258f__gitc188b320__codebebd8b2d__20260713T043353711900Z,msl_ncam_nlb_457153056edr_f0380000ncam00354m1,test_msl,soil,iou,,0,0,167988
dinov3_sat__finetuned__vitl16-sat493m__in_rover__seed1414__gpu_full__684c258f__gitc188b320__codebebd8b2d__20260713T043353711900Z,msl_ncam_nlb_457153056edr_f0380000ncam00354m1,test_msl,bedrock,iou,,0,0,167988
dinov3_sat__finetuned__vitl16-sat493m__in_rover__seed1414__gpu_full__684c258f__gitc188b320__codebebd8b2d__20260713T043353711900Z,msl_ncam_nlb_457153056edr_f0380000ncam00354m1,test_msl,sand,iou,1.0,167988,167988,167988
dinov3_sat__finetuned__vitl16-sat493m__in_rover__seed1414__gpu_full__684c258f__gitc188b320__codebebd8b2d__20260713T043353711900Z,msl_ncam_nlb_457153056edr_f0380000ncam00354m1,test_msl,big_rock,iou,,0,0,167988
dinov3_sat__finetuned__vitl16-sat493m__in_rover__seed1414__gpu_full__684c258f__gitc188b320__codebebd8b2d__20260713T043353711900Z,msl_ncam_nlb_457153056edr_f0380000ncam00354m1,test_msl,ALL,pixel_acc,1.0,0,0,167988
dinov3_sat__finetuned__vitl16-sat493m__in_rover__seed1414__gpu_full__684c258f__gitc188b320__codebebd8b2d__20260713T043353711900Z,msl_ncam_nlb_457153056edr_f0380000ncam00354m1,test_msl,ALL,boundary_f1,1.0,0,0,167988
dinov3_sat__finetuned__vitl16-sat493m__in_rover__seed1414__gpu_full__684c258f__gitc188b320__codebebd8b2d__20260713T043353711900Z,msl_ncam_nlb_457153156edr_f0380000ncam00354m1,test_msl,soil,iou,,0,0,119229
dinov3_sat__finetuned__vitl16-sat493m__in_rover__seed1414__gpu_full__684c258f__gitc188b320__codebebd8b2d__20260713T043353711900Z,msl_ncam_nlb_457153156edr_f0380000ncam00354m1,test_msl,bedrock,iou,,0,0,119229
dinov3_sat__finetuned__vitl16-sat493m__in_rover__seed1414__gpu_full__684c258f__gitc188b320__codebebd8b2d__20260713T043353711900Z,msl_ncam_nlb_457153156edr_f0380000ncam00354m1,test_msl,sand,iou,1.0,119229,119229,119229
dinov3_sat__finetuned__vitl16-sat493m__in_rover__seed1414__gpu_full__684c258f__gitc188b320__codebebd8b2d__20260713T043353711900Z,msl_ncam_nlb_457153156edr_f0380000ncam00354m1,test_msl,big_rock,iou,,0,0,119229
dinov3_sat__finetuned__vitl16-sat493m__in_rover__seed1414__gpu_full__684c258f__gitc188b320__codebebd8b2d__20260713T043353711900Z,msl_ncam_nlb_457153156edr_f0380000ncam00354m1,test_msl,ALL,pixel_acc,1.0,0,0,119229
dinov3_sat__finetuned__vitl16-sat493m__in_rover__seed1414__gpu_full__684c258f__gitc188b320__codebebd8b2d__20260713T043353711900Z,msl_ncam_nlb_457153156edr_f0380000ncam00354m1,test_msl,ALL,boundary_f1,1.0,0,0,119229
dinov3_sat__finetuned__vitl16-sat493m__in_rover__seed1414__gpu_full__684c258f__gitc188b320__codebebd8b2d__20260713T043353711900Z,msl_ncam_nlb_457153643edr_f0380000ncam00276m1,test_msl,soil,iou,0.6176363503968543,8482,13733,99398
dinov3_sat__finetuned__vitl16-sat493m__in_rover__seed1414__gpu_full__684c258f__gitc188b320__codebebd8b2d__20260713T043353711900Z,msl_ncam_nlb_457153643edr_f0380000ncam00276m1,test_msl,bedrock,iou,,0,0,99398
dinov3_sat__finetuned__vitl16-sat493m__in_rover__seed1414__gpu_full__684c258f__gitc188b320__codebebd8b2d__20260713T043353711900Z,msl_ncam_nlb_457153643edr_f0380000ncam00276m1,test_msl,sand,iou,0.9422433895023978,85665,90916,99398
dinov3_sat__finetuned__vitl16-sat493m__in_rover__seed1414__gpu_full__684c258f__gitc188b320__codebebd8b2d__20260713T043353711900Z,msl_ncam_nlb_457153643edr_f0380000ncam00276m1,test_msl,big_rock,iou,,0,0,99398
dinov3_sat__finetuned__vitl16-sat493m__in_rover__seed1414__gpu_full__684c258f__gitc188b320__codebebd8b2d__20260713T043353711900Z,msl_ncam_nlb_457153643edr_f0380000ncam00276m1,test_msl,ALL,pixel_acc,0.9471719752912533,0,0,99398
dinov3_sat__finetuned__vitl16-sat493m__in_rover__seed1414__gpu_full__684c258f__gitc188b320__codebebd8b2d__20260713T043353711900Z,msl_ncam_nlb_457153643edr_f0380000ncam00276m1,test_msl,ALL,boundary_f1,0.696868049052269,0,0,99398
dinov3_sat__finetuned__vitl16-sat493m__in_rover__seed1414__gpu_full__684c258f__gitc188b320__codebebd8b2d__20260713T043353711900Z,msl_ncam_nlb_457153706edr_f0380000ncam00276m1,test_msl,soil,iou,0.7947856569049879,10883,13693,108607
dinov3_sat__finetuned__vitl16-sat493m__in_rover__seed1414__gpu_full__684c258f__gitc188b320__codebebd8b2d__20260713T043353711900Z,msl_ncam_nlb_457153706edr_f0380000ncam00276m1,test_msl,bedrock,iou,,0,0,108607
dinov3_sat__finetuned__vitl16-sat493m__in_rover__seed1414__gpu_full__684c258f__gitc188b320__codebebd8b2d__20260713T043353711900Z,msl_ncam_nlb_457153706edr_f0380000ncam00276m1,test_msl,sand,iou,0.9712455486881422,94914,97724,108607
dinov3_sat__finetuned__vitl16-sat493m__in_rover__seed1414__gpu_full__684c258f__gitc188b320__codebebd8b2d__20260713T043353711900Z,msl_ncam_nlb_457153706edr_f0380000ncam00276m1,test_msl,big_rock,iou,,0,0,108607
dinov3_sat__finetuned__vitl16-sat493m__in_rover__seed1414__gpu_full__684c258f__gitc188b320__codebebd8b2d__20260713T043353711900Z,msl_ncam_nlb_457153706edr_f0380000ncam00276m1,test_msl,ALL,pixel_acc,0.9741268978979255,0,0,108607
dinov3_sat__finetuned__vitl16-sat493m__in_rover__seed1414__gpu_full__684c258f__gitc188b320__codebebd8b2d__20260713T043353711900Z,msl_ncam_nlb_457153706edr_f0380000ncam00276m1,test_msl,ALL,boundary_f1,0.7580119516423613,0,0,108607
dinov3_sat__finetuned__vitl16-sat493m__in_rover__seed1414__gpu_full__684c258f__gitc188b320__codebebd8b2d__20260713T043353711900Z,msl_ncam_nlb_459278092edr_f0391396ncam00207m1,test_msl,soil,iou,,0,0,0
dinov3_sat__finetuned__vitl16-sat493m__in_rover__seed1414__gpu_full__684c258f__gitc188b320__codebebd8b2d__20260713T043353711900Z,msl_ncam_nlb_459278092edr_f0391396ncam00207m1,test_msl,bedrock,iou,,0,0,0
dinov3_sat__finetuned__vitl16-sat493m__in_rover__seed1414__gpu_full__684c258f__gitc188b320__codebebd8b2d__20260713T043353711900Z,msl_ncam_nlb_459278092edr_f0391396ncam00207m1,test_msl,sand,iou,,0,0,0
dinov3_sat__finetuned__vitl16-sat493m__in_rover__seed1414__gpu_full__684c258f__gitc188b320__codebebd8b2d__20260713T043353711900Z,msl_ncam_nlb_459278092edr_f0391396ncam00207m1,test_msl,big_rock,iou,,0,0,0
dinov3_sat__finetuned__vitl16-sat493m__in_rover__seed1414__gpu_full__684c258f__gitc188b320__codebebd8b2d__20260713T043353711900Z,msl_ncam_nlb_459278092edr_f0391396ncam00207m1,test_msl,ALL,pixel_acc,,0,0,0
dinov3_sat__finetuned__vitl16-sat493m__in_rover__seed1414__gpu_full__684c258f__gitc188b320__codebebd8b2d__20260713T043353711900Z,msl_ncam_nlb_459278092edr_f0391396ncam00207m1,test_msl,ALL,boundary_f1,,0,0,0
dinov3_sat__finetuned__vitl16-sat493m__in_rover__seed1414__gpu_full__684c258f__gitc188b320__codebebd8b2d__20260713T043353711900Z,msl_ncam_nlb_459290932edr_f0391552ncam00354m1,test_msl,soil,iou,1.0,91075,91075,91075
dinov3_sat__finetuned__vitl16-sat493m__in_rover__seed1414__gpu_full__684c258f__gitc188b320__codebebd8b2d__20260713T043353711900Z,msl_ncam_nlb_459290932edr_f0391552ncam00354m1,test_msl,bedrock,iou,,0,0,91075
dinov3_sat__finetuned__vitl16-sat493m__in_rover__seed1414__gpu_full__684c258f__gitc188b320__codebebd8b2d__20260713T043353711900Z,msl_ncam_nlb_459290932edr_f0391552ncam00354m1,test_msl,sand,iou,,0,0,91075
dinov3_sat__finetuned__vitl16-sat493m__in_rover__seed1414__gpu_full__684c258f__gitc188b320__codebebd8b2d__20260713T043353711900Z,msl_ncam_nlb_459290932edr_f0391552ncam00354m1,test_msl,big_rock,iou,,0,0,91075
dinov3_sat__finetuned__vitl16-sat493m__in_rover__seed1414__gpu_full__684c258f__gitc188b320__codebebd8b2d__20260713T043353711900Z,msl_ncam_nlb_459290932edr_f0391552ncam00354m1,test_msl,ALL,pixel_acc,1.0,0,0,91075
dinov3_sat__finetuned__vitl16-sat493m__in_rover__seed1414__gpu_full__684c258f__gitc188b320__codebebd8b2d__20260713T043353711900Z,msl_ncam_nlb_459290932edr_f0391552ncam00354m1,test_msl,ALL,boundary_f1,1.0,0,0,91075
dinov3_sat__finetuned__vitl16-sat493m__in_rover__seed1414__gpu_full__684c258f__gitc188b320__codebebd8b2d__20260713T043353711900Z,msl_ncam_nlb_459291038edr_f0391552ncam00252m1,test_msl,soil,iou,,0,0,0
dinov3_sat__finetuned__vitl16-sat493m__in_rover__seed1414__gpu_full__684c258f__gitc188b320__codebebd8b2d__20260713T043353711900Z,msl_ncam_nlb_459291038edr_f0391552ncam00252m1,test_msl,bedrock,iou,,0,0,0
dinov3_sat__finetuned__vitl16-sat493m__in_rover__seed1414__gpu_full__684c258f__gitc188b320__codebebd8b2d__20260713T043353711900Z,msl_ncam_nlb_459291038edr_f0391552ncam00252m1,test_msl,sand,iou,,0,0,0
dinov3_sat__finetuned__vitl16-sat493m__in_rover__seed1414__gpu_full__684c258f__gitc188b320__codebebd8b2d__20260713T043353711900Z,msl_ncam_nlb_459291038edr_f0391552ncam00252m1,test_msl,big_rock,iou,,0,0,0
dinov3_sat__finetuned__vitl16-sat493m__in_rover__seed1414__gpu_full__684c258f__gitc188b320__codebebd8b2d__20260713T043353711900Z,msl_ncam_nlb_459291038edr_f0391552ncam00252m1,test_msl,ALL,pixel_acc,,0,0,0
dinov3_sat__finetuned__vitl16-sat493m__in_rover__seed1414__gpu_full__684c258f__gitc188b320__codebebd8b2d__20260713T043353711900Z,msl_ncam_nlb_459291038edr_f0391552ncam00252m1,test_msl,ALL,boundary_f1,,0,0,0
dinov3_sat__finetuned__vitl16-sat493m__in_rover__seed1414__gpu_full__684c258f__gitc188b320__codebebd8b2d__20260713T043353711900Z,msl_ncam_nlb_459291152edr_f0391552ncam00252m1,test_msl,soil,iou,1.0,48046,48046,48046
dinov3_sat__finetuned__vitl16-sat493m__in_rover__seed1414__gpu_full__684c258f__gitc188b320__codebebd8b2d__20260713T043353711900Z,msl_ncam_nlb_459291152edr_f0391552ncam00252m1,test_msl,bedrock,iou,,0,0,48046
dinov3_sat__finetuned__vitl16-sat493m__in_rover__seed1414__gpu_full__684c258f__gitc188b320__codebebd8b2d__20260713T043353711900Z,msl_ncam_nlb_459291152edr_f0391552ncam00252m1,test_msl,sand,iou,,0,0,48046
dinov3_sat__finetuned__vitl16-sat493m__in_rover__seed1414__gpu_full__684c258f__gitc188b320__codebebd8b2d__20260713T043353711900Z,msl_ncam_nlb_459291152edr_f0391552ncam00252m1,test_msl,big_rock,iou,,0,0,48046
dinov3_sat__finetuned__vitl16-sat493m__in_rover__seed1414__gpu_full__684c258f__gitc188b320__codebebd8b2d__20260713T043353711900Z,msl_ncam_nlb_459291152edr_f0391552ncam00252m1,test_msl,ALL,pixel_acc,1.0,0,0,48046
dinov3_sat__finetuned__vitl16-sat493m__in_rover__seed1414__gpu_full__684c258f__gitc188b320__codebebd8b2d__20260713T043353711900Z,msl_ncam_nlb_459291152edr_f0391552ncam00252m1,test_msl,ALL,boundary_f1,1.0,0,0,48046
dinov3_sat__finetuned__vitl16-sat493m__in_rover__seed1414__gpu_full__684c258f__gitc188b320__codebebd8b2d__20260713T043353711900Z,msl_ncam_nlb_459291220edr_f0391552ncam00252m1,test_msl,soil,iou,1.0,132596,132596,132596
dinov3_sat__finetuned__vitl16-sat493m__in_rover__seed1414__gpu_full__684c258f__gitc188b320__codebebd8b2d__20260713T043353711900Z,msl_ncam_nlb_459291220edr_f0391552ncam00252m1,test_msl,bedrock,iou,,0,0,132596
dinov3_sat__finetuned__vitl16-sat493m__in_rover__seed1414__gpu_full__684c258f__gitc188b320__codebebd8b2d__20260713T043353711900Z,msl_ncam_nlb_459291220edr_f0391552ncam00252m1,test_msl,sand,iou,,0,0,132596
dinov3_sat__finetuned__vitl16-sat493m__in_rover__seed1414__gpu_full__684c258f__gitc188b320__codebebd8b2d__20260713T043353711900Z,msl_ncam_nlb_459291220edr_f0391552ncam00252m1,test_msl,big_rock,iou,,0,0,132596
dinov3_sat__finetuned__vitl16-sat493m__in_rover__seed1414__gpu_full__684c258f__gitc188b320__codebebd8b2d__20260713T043353711900Z,msl_ncam_nlb_459291220edr_f0391552ncam00252m1,test_msl,ALL,pixel_acc,1.0,0,0,132596
dinov3_sat__finetuned__vitl16-sat493m__in_rover__seed1414__gpu_full__684c258f__gitc188b320__codebebd8b2d__20260713T043353711900Z,msl_ncam_nlb_459291220edr_f0391552ncam00252m1,test_msl,ALL,boundary_f1,1.0,0,0,132596
dinov3_sat__finetuned__vitl16-sat493m__in_rover__seed1414__gpu_full__684c258f__gitc188b320__codebebd8b2d__20260713T043353711900Z,msl_ncam_nlb_462743799edr_f0410322ncam00271m1,test_msl,soil,iou,1.0,49308,49308,49308
dinov3_sat__finetuned__vitl16-sat493m__in_rover__seed1414__gpu_full__684c258f__gitc188b320__codebebd8b2d__20260713T043353711900Z,msl_ncam_nlb_462743799edr_f0410322ncam00271m1,test_msl,bedrock,iou,,0,0,49308
dinov3_sat__finetuned__vitl16-sat493m__in_rover__seed1414__gpu_full__684c258f__gitc188b320__codebebd8b2d__20260713T043353711900Z,msl_ncam_nlb_462743799edr_f0410322ncam00271m1,test_msl,sand,iou,,0,0,49308
dinov3_sat__finetuned__vitl16-sat493m__in_rover__seed1414__gpu_full__684c258f__gitc188b320__codebebd8b2d__20260713T043353711900Z,msl_ncam_nlb_462743799edr_f0410322ncam00271m1,test_msl,big_rock,iou,,0,0,49308
dinov3_sat__finetuned__vitl16-sat493m__in_rover__seed1414__gpu_full__684c258f__gitc188b320__codebebd8b2d__20260713T043353711900Z,msl_ncam_nlb_462743799edr_f0410322ncam00271m1,test_msl,ALL,pixel_acc,1.0,0,0,49308
dinov3_sat__finetuned__vitl16-sat493m__in_rover__seed1414__gpu_full__684c258f__gitc188b320__codebebd8b2d__20260713T043353711900Z,msl_ncam_nlb_462743799edr_f0410322ncam00271m1,test_msl,ALL,boundary_f1,1.0,0,0,49308
dinov3_sat__finetuned__vitl16-sat493m__in_rover__seed1414__gpu_full__684c258f__gitc188b320__codebebd8b2d__20260713T043353711900Z,msl_ncam_nlb_462744768edr_f0410322ncam00354m1,test_msl,soil,iou,,0,0,0
dinov3_sat__finetuned__vitl16-sat493m__in_rover__seed1414__gpu_full__684c258f__gitc188b320__codebebd8b2d__20260713T043353711900Z,msl_ncam_nlb_462744768edr_f0410322ncam00354m1,test_msl,bedrock,iou,,0,0,0
dinov3_sat__finetuned__vitl16-sat493m__in_rover__seed1414__gpu_full__684c258f__gitc188b320__codebebd8b2d__20260713T043353711900Z,msl_ncam_nlb_462744768edr_f0410322ncam00354m1,test_msl,sand,iou,,0,0,0
dinov3_sat__finetuned__vitl16-sat493m__in_rover__seed1414__gpu_full__684c258f__gitc188b320__codebebd8b2d__20260713T043353711900Z,msl_ncam_nlb_462744768edr_f0410322ncam00354m1,test_msl,big_rock,iou,,0,0,0
dinov3_sat__finetuned__vitl16-sat493m__in_rover__seed1414__gpu_full__684c258f__gitc188b320__codebebd8b2d__20260713T043353711900Z,msl_ncam_nlb_462744768edr_f0410322ncam00354m1,test_msl,ALL,pixel_acc,,0,0,0
dinov3_sat__finetuned__vitl16-sat493m__in_rover__seed1414__gpu_full__684c258f__gitc188b320__codebebd8b2d__20260713T043353711900Z,msl_ncam_nlb_462744768edr_f0410322ncam00354m1,test_msl,ALL,boundary_f1,,0,0,0
dinov3_sat__finetuned__vitl16-sat493m__in_rover__seed1414__gpu_full__684c258f__gitc188b320__codebebd8b2d__20260713T043353711900Z,msl_ncam_nlb_462744927edr_f0410322ncam00272m1,test_msl,soil,iou,,0,0,0
dinov3_sat__finetuned__vitl16-sat493m__in_rover__seed1414__gpu_full__684c258f__gitc188b320__codebebd8b2d__20260713T043353711900Z,msl_ncam_nlb_462744927edr_f0410322ncam00272m1,test_msl,bedrock,iou,,0,0,0
dinov3_sat__finetuned__vitl16-sat493m__in_rover__seed1414__gpu_full__684c258f__gitc188b320__codebebd8b2d__20260713T043353711900Z,msl_ncam_nlb_462744927edr_f0410322ncam00272m1,test_msl,sand,iou,,0,0,0
dinov3_sat__finetuned__vitl16-sat493m__in_rover__seed1414__gpu_full__684c258f__gitc188b320__codebebd8b2d__20260713T043353711900Z,msl_ncam_nlb_462744927edr_f0410322ncam00272m1,test_msl,big_rock,iou,,0,0,0
dinov3_sat__finetuned__vitl16-sat493m__in_rover__seed1414__gpu_full__684c258f__gitc188b320__codebebd8b2d__20260713T043353711900Z,msl_ncam_nlb_462744927edr_f0410322ncam00272m1,test_msl,ALL,pixel_acc,,0,0,0
dinov3_sat__finetuned__vitl16-sat493m__in_rover__seed1414__gpu_full__684c258f__gitc188b320__codebebd8b2d__20260713T043353711900Z,msl_ncam_nlb_462744927edr_f0410322ncam00272m1,test_msl,ALL,boundary_f1,,0,0,0
dinov3_sat__finetuned__vitl16-sat493m__in_rover__seed1414__gpu_full__684c258f__gitc188b320__codebebd8b2d__20260713T043353711900Z,msl_ncam_nlb_462744982edr_f0410322ncam00272m1,test_msl,soil,iou,1.0,109525,109525,109525
dinov3_sat__finetuned__vitl16-sat493m__in_rover__seed1414__gpu_full__684c258f__gitc188b320__codebebd8b2d__20260713T043353711900Z,msl_ncam_nlb_462744982edr_f0410322ncam00272m1,test_msl,bedrock,iou,,0,0,109525
dinov3_sat__finetuned__vitl16-sat493m__in_rover__seed1414__gpu_full__684c258f__gitc188b320__codebebd8b2d__20260713T043353711900Z,msl_ncam_nlb_462744982edr_f0410322ncam00272m1,test_msl,sand,iou,,0,0,109525
dinov3_sat__finetuned__vitl16-sat493m__in_rover__seed1414__gpu_full__684c258f__gitc188b320__codebebd8b2d__20260713T043353711900Z,msl_ncam_nlb_462744982edr_f0410322ncam00272m1,test_msl,big_rock,iou,,0,0,109525
dinov3_sat__finetuned__vitl16-sat493m__in_rover__seed1414__gpu_full__684c258f__gitc188b320__codebebd8b2d__20260713T043353711900Z,msl_ncam_nlb_462744982edr_f0410322ncam00272m1,test_msl,ALL,pixel_acc,1.0,0,0,109525
dinov3_sat__finetuned__vitl16-sat493m__in_rover__seed1414__gpu_full__684c258f__gitc188b320__codebebd8b2d__20260713T043353711900Z,msl_ncam_nlb_462744982edr_f0410322ncam00272m1,test_msl,ALL,boundary_f1,1.0,0,0,109525
dinov3_sat__finetuned__vitl16-sat493m__in_rover__seed1414__gpu_full__684c258f__gitc188b320__codebebd8b2d__20260713T043353711900Z,msl_ncam_nlb_463099226edr_f0410712ncam00385m1,test_msl,soil,iou,,0,0,121183
dinov3_sat__finetuned__vitl16-sat493m__in_rover__seed1414__gpu_full__684c258f__gitc188b320__codebebd8b2d__20260713T043353711900Z,msl_ncam_nlb_463099226edr_f0410712ncam00385m1,test_msl,bedrock,iou,1.0,121183,121183,121183
dinov3_sat__finetuned__vitl16-sat493m__in_rover__seed1414__gpu_full__684c258f__gitc188b320__codebebd8b2d__20260713T043353711900Z,msl_ncam_nlb_463099226edr_f0410712ncam00385m1,test_msl,sand,iou,,0,0,121183
dinov3_sat__finetuned__vitl16-sat493m__in_rover__seed1414__gpu_full__684c258f__gitc188b320__codebebd8b2d__20260713T043353711900Z,msl_ncam_nlb_463099226edr_f0410712ncam00385m1,test_msl,big_rock,iou,,0,0,121183
dinov3_sat__finetuned__vitl16-sat493m__in_rover__seed1414__gpu_full__684c258f__gitc188b320__codebebd8b2d__20260713T043353711900Z,msl_ncam_nlb_463099226edr_f0410712ncam00385m1,test_msl,ALL,pixel_acc,1.0,0,0,121183
dinov3_sat__finetuned__vitl16-sat493m__in_rover__seed1414__gpu_full__684c258f__gitc188b320__codebebd8b2d__20260713T043353711900Z,msl_ncam_nlb_463099226edr_f0410712ncam00385m1,test_msl,ALL,boundary_f1,1.0,0,0,121183
dinov3_sat__finetuned__vitl16-sat493m__in_rover__seed1414__gpu_full__684c258f__gitc188b320__codebebd8b2d__20260713T043353711900Z,msl_ncam_nlb_463107188edr_f0410748ncam00274m1,test_msl,soil,iou,,0,0,60277
dinov3_sat__finetuned__vitl16-sat493m__in_rover__seed1414__gpu_full__684c258f__gitc188b320__codebebd8b2d__20260713T043353711900Z,msl_ncam_nlb_463107188edr_f0410748ncam00274m1,test_msl,bedrock,iou,1.0,20386,20386,60277
dinov3_sat__finetuned__vitl16-sat493m__in_rover__seed1414__gpu_full__684c258f__gitc188b320__codebebd8b2d__20260713T043353711900Z,msl_ncam_nlb_463107188edr_f0410748ncam00274m1,test_msl,sand,iou,1.0,39891,39891,60277
dinov3_sat__finetuned__vitl16-sat493m__in_rover__seed1414__gpu_full__684c258f__gitc188b320__codebebd8b2d__20260713T043353711900Z,msl_ncam_nlb_463107188edr_f0410748ncam00274m1,test_msl,big_rock,iou,,0,0,60277
dinov3_sat__finetuned__vitl16-sat493m__in_rover__seed1414__gpu_full__684c258f__gitc188b320__codebebd8b2d__20260713T043353711900Z,msl_ncam_nlb_463107188edr_f0410748ncam00274m1,test_msl,ALL,pixel_acc,1.0,0,0,60277
dinov3_sat__finetuned__vitl16-sat493m__in_rover__seed1414__gpu_full__684c258f__gitc188b320__codebebd8b2d__20260713T043353711900Z,msl_ncam_nlb_463107188edr_f0410748ncam00274m1,test_msl,ALL,boundary_f1,1.0,0,0,60277
dinov3_sat__finetuned__vitl16-sat493m__in_rover__seed1414__gpu_full__684c258f__gitc188b320__codebebd8b2d__20260713T043353711900Z,msl_ncam_nlb_463107249edr_f0410748ncam00274m1,test_msl,soil,iou,,0,0,0
dinov3_sat__finetuned__vitl16-sat493m__in_rover__seed1414__gpu_full__684c258f__gitc188b320__codebebd8b2d__20260713T043353711900Z,msl_ncam_nlb_463107249edr_f0410748ncam00274m1,test_msl,bedrock,iou,,0,0,0
dinov3_sat__finetuned__vitl16-sat493m__in_rover__seed1414__gpu_full__684c258f__gitc188b320__codebebd8b2d__20260713T043353711900Z,msl_ncam_nlb_463107249edr_f0410748ncam00274m1,test_msl,sand,iou,,0,0,0
dinov3_sat__finetuned__vitl16-sat493m__in_rover__seed1414__gpu_full__684c258f__gitc188b320__codebebd8b2d__20260713T043353711900Z,msl_ncam_nlb_463107249edr_f0410748ncam00274m1,test_msl,big_rock,iou,,0,0,0
dinov3_sat__finetuned__vitl16-sat493m__in_rover__seed1414__gpu_full__684c258f__gitc188b320__codebebd8b2d__20260713T043353711900Z,msl_ncam_nlb_463107249edr_f0410748ncam00274m1,test_msl,ALL,pixel_acc,,0,0,0
dinov3_sat__finetuned__vitl16-sat493m__in_rover__seed1414__gpu_full__684c258f__gitc188b320__codebebd8b2d__20260713T043353711900Z,msl_ncam_nlb_463107249edr_f0410748ncam00274m1,test_msl,ALL,boundary_f1,,0,0,0
dinov3_sat__finetuned__vitl16-sat493m__in_rover__seed1414__gpu_full__684c258f__gitc188b320__codebebd8b2d__20260713T043353711900Z,msl_ncam_nlb_463107562edr_f0410748ncam00354m1,test_msl,soil,iou,,0,0,80914
dinov3_sat__finetuned__vitl16-sat493m__in_rover__seed1414__gpu_full__684c258f__gitc188b320__codebebd8b2d__20260713T043353711900Z,msl_ncam_nlb_463107562edr_f0410748ncam00354m1,test_msl,bedrock,iou,0.9902241886447339,80123,80914,80914
dinov3_sat__finetuned__vitl16-sat493m__in_rover__seed1414__gpu_full__684c258f__gitc188b320__codebebd8b2d__20260713T043353711900Z,msl_ncam_nlb_463107562edr_f0410748ncam00354m1,test_msl,sand,iou,,0,0,80914
dinov3_sat__finetuned__vitl16-sat493m__in_rover__seed1414__gpu_full__684c258f__gitc188b320__codebebd8b2d__20260713T043353711900Z,msl_ncam_nlb_463107562edr_f0410748ncam00354m1,test_msl,big_rock,iou,0.0,0,791,80914
dinov3_sat__finetuned__vitl16-sat493m__in_rover__seed1414__gpu_full__684c258f__gitc188b320__codebebd8b2d__20260713T043353711900Z,msl_ncam_nlb_463107562edr_f0410748ncam00354m1,test_msl,ALL,pixel_acc,0.9902241886447339,0,0,80914
dinov3_sat__finetuned__vitl16-sat493m__in_rover__seed1414__gpu_full__684c258f__gitc188b320__codebebd8b2d__20260713T043353711900Z,msl_ncam_nlb_463107562edr_f0410748ncam00354m1,test_msl,ALL,boundary_f1,0.49214868346770096,0,0,80914
dinov3_sat__finetuned__vitl16-sat493m__in_rover__seed1414__gpu_full__684c258f__gitc188b320__codebebd8b2d__20260713T043353711900Z,msl_ncam_nlb_463107626edr_f0410748ncam00354m1,test_msl,soil,iou,,0,0,108883
dinov3_sat__finetuned__vitl16-sat493m__in_rover__seed1414__gpu_full__684c258f__gitc188b320__codebebd8b2d__20260713T043353711900Z,msl_ncam_nlb_463107626edr_f0410748ncam00354m1,test_msl,bedrock,iou,1.0,108883,108883,108883
dinov3_sat__finetuned__vitl16-sat493m__in_rover__seed1414__gpu_full__684c258f__gitc188b320__codebebd8b2d__20260713T043353711900Z,msl_ncam_nlb_463107626edr_f0410748ncam00354m1,test_msl,sand,iou,,0,0,108883
dinov3_sat__finetuned__vitl16-sat493m__in_rover__seed1414__gpu_full__684c258f__gitc188b320__codebebd8b2d__20260713T043353711900Z,msl_ncam_nlb_463107626edr_f0410748ncam00354m1,test_msl,big_rock,iou,,0,0,108883
dinov3_sat__finetuned__vitl16-sat493m__in_rover__seed1414__gpu_full__684c258f__gitc188b320__codebebd8b2d__20260713T043353711900Z,msl_ncam_nlb_463107626edr_f0410748ncam00354m1,test_msl,ALL,pixel_acc,1.0,0,0,108883
dinov3_sat__finetuned__vitl16-sat493m__in_rover__seed1414__gpu_full__684c258f__gitc188b320__codebebd8b2d__20260713T043353711900Z,msl_ncam_nlb_463107626edr_f0410748ncam00354m1,test_msl,ALL,boundary_f1,1.0,0,0,108883
dinov3_sat__finetuned__vitl16-sat493m__in_rover__seed1414__gpu_full__684c258f__gitc188b320__codebebd8b2d__20260713T043353711900Z,msl_ncam_nlb_463107697edr_f0410748ncam00354m1,test_msl,soil,iou,,0,0,88228
dinov3_sat__finetuned__vitl16-sat493m__in_rover__seed1414__gpu_full__684c258f__gitc188b320__codebebd8b2d__20260713T043353711900Z,msl_ncam_nlb_463107697edr_f0410748ncam00354m1,test_msl,bedrock,iou,1.0,88228,88228,88228
dinov3_sat__finetuned__vitl16-sat493m__in_rover__seed1414__gpu_full__684c258f__gitc188b320__codebebd8b2d__20260713T043353711900Z,msl_ncam_nlb_463107697edr_f0410748ncam00354m1,test_msl,sand,iou,,0,0,88228
dinov3_sat__finetuned__vitl16-sat493m__in_rover__seed1414__gpu_full__684c258f__gitc188b320__codebebd8b2d__20260713T043353711900Z,msl_ncam_nlb_463107697edr_f0410748ncam00354m1,test_msl,big_rock,iou,,0,0,88228
dinov3_sat__finetuned__vitl16-sat493m__in_rover__seed1414__gpu_full__684c258f__gitc188b320__codebebd8b2d__20260713T043353711900Z,msl_ncam_nlb_463107697edr_f0410748ncam00354m1,test_msl,ALL,pixel_acc,1.0,0,0,88228
dinov3_sat__finetuned__vitl16-sat493m__in_rover__seed1414__gpu_full__684c258f__gitc188b320__codebebd8b2d__20260713T043353711900Z,msl_ncam_nlb_463107697edr_f0410748ncam00354m1,test_msl,ALL,boundary_f1,1.0,0,0,88228
dinov3_sat__finetuned__vitl16-sat493m__in_rover__seed1414__gpu_full__684c258f__gitc188b320__codebebd8b2d__20260713T043353711900Z,msl_ncam_nlb_463107797edr_f0410748ncam07753m1,test_msl,soil,iou,,0,0,100367
dinov3_sat__finetuned__vitl16-sat493m__in_rover__seed1414__gpu_full__684c258f__gitc188b320__codebebd8b2d__20260713T043353711900Z,msl_ncam_nlb_463107797edr_f0410748ncam07753m1,test_msl,bedrock,iou,1.0,100367,100367,100367
dinov3_sat__finetuned__vitl16-sat493m__in_rover__seed1414__gpu_full__684c258f__gitc188b320__codebebd8b2d__20260713T043353711900Z,msl_ncam_nlb_463107797edr_f0410748ncam07753m1,test_msl,sand,iou,,0,0,100367
dinov3_sat__finetuned__vitl16-sat493m__in_rover__seed1414__gpu_full__684c258f__gitc188b320__codebebd8b2d__20260713T043353711900Z,msl_ncam_nlb_463107797edr_f0410748ncam07753m1,test_msl,big_rock,iou,,0,0,100367
dinov3_sat__finetuned__vitl16-sat493m__in_rover__seed1414__gpu_full__684c258f__gitc188b320__codebebd8b2d__20260713T043353711900Z,msl_ncam_nlb_463107797edr_f0410748ncam07753m1,test_msl,ALL,pixel_acc,1.0,0,0,100367
dinov3_sat__finetuned__vitl16-sat493m__in_rover__seed1414__gpu_full__684c258f__gitc188b320__codebebd8b2d__20260713T043353711900Z,msl_ncam_nlb_463107797edr_f0410748ncam07753m1,test_msl,ALL,boundary_f1,1.0,0,0,100367
dinov3_sat__finetuned__vitl16-sat493m__in_rover__seed1414__gpu_full__684c258f__gitc188b320__codebebd8b2d__20260713T043353711900Z,msl_ncam_nlb_463107836edr_f0410748ncam07753m1,test_msl,soil,iou,,0,0,0
dinov3_sat__finetuned__vitl16-sat493m__in_rover__seed1414__gpu_full__684c258f__gitc188b320__codebebd8b2d__20260713T043353711900Z,msl_ncam_nlb_463107836edr_f0410748ncam07753m1,test_msl,bedrock,iou,,0,0,0
dinov3_sat__finetuned__vitl16-sat493m__in_rover__seed1414__gpu_full__684c258f__gitc188b320__codebebd8b2d__20260713T043353711900Z,msl_ncam_nlb_463107836edr_f0410748ncam07753m1,test_msl,sand,iou,,0,0,0
dinov3_sat__finetuned__vitl16-sat493m__in_rover__seed1414__gpu_full__684c258f__gitc188b320__codebebd8b2d__20260713T043353711900Z,msl_ncam_nlb_463107836edr_f0410748ncam07753m1,test_msl,big_rock,iou,,0,0,0
dinov3_sat__finetuned__vitl16-sat493m__in_rover__seed1414__gpu_full__684c258f__gitc188b320__codebebd8b2d__20260713T043353711900Z,msl_ncam_nlb_463107836edr_f0410748ncam07753m1,test_msl,ALL,pixel_acc,,0,0,0
dinov3_sat__finetuned__vitl16-sat493m__in_rover__seed1414__gpu_full__684c258f__gitc188b320__codebebd8b2d__20260713T043353711900Z,msl_ncam_nlb_463107836edr_f0410748ncam07753m1,test_msl,ALL,boundary_f1,,0,0,0
dinov3_sat__finetuned__vitl16-sat493m__in_rover__seed1414__gpu_full__684c258f__gitc188b320__codebebd8b2d__20260713T043353711900Z,msl_ncam_nlb_463107949edr_f0410748ncam07753m1,test_msl,soil,iou,,0,0,56667
dinov3_sat__finetuned__vitl16-sat493m__in_rover__seed1414__gpu_full__684c258f__gitc188b320__codebebd8b2d__20260713T043353711900Z,msl_ncam_nlb_463107949edr_f0410748ncam07753m1,test_msl,bedrock,iou,1.0,56667,56667,56667
dinov3_sat__finetuned__vitl16-sat493m__in_rover__seed1414__gpu_full__684c258f__gitc188b320__codebebd8b2d__20260713T043353711900Z,msl_ncam_nlb_463107949edr_f0410748ncam07753m1,test_msl,sand,iou,,0,0,56667
dinov3_sat__finetuned__vitl16-sat493m__in_rover__seed1414__gpu_full__684c258f__gitc188b320__codebebd8b2d__20260713T043353711900Z,msl_ncam_nlb_463107949edr_f0410748ncam07753m1,test_msl,big_rock,iou,,0,0,56667
dinov3_sat__finetuned__vitl16-sat493m__in_rover__seed1414__gpu_full__684c258f__gitc188b320__codebebd8b2d__20260713T043353711900Z,msl_ncam_nlb_463107949edr_f0410748ncam07753m1,test_msl,ALL,pixel_acc,1.0,0,0,56667
dinov3_sat__finetuned__vitl16-sat493m__in_rover__seed1414__gpu_full__684c258f__gitc188b320__codebebd8b2d__20260713T043353711900Z,msl_ncam_nlb_463107949edr_f0410748ncam07753m1,test_msl,ALL,boundary_f1,1.0,0,0,56667
dinov3_sat__finetuned__vitl16-sat493m__in_rover__seed1414__gpu_full__684c258f__gitc188b320__codebebd8b2d__20260713T043353711900Z,msl_ncam_nlb_463803954edr_f0411768ncam00382m1,test_msl,soil,iou,,0,0,67455
dinov3_sat__finetuned__vitl16-sat493m__in_rover__seed1414__gpu_full__684c258f__gitc188b320__codebebd8b2d__20260713T043353711900Z,msl_ncam_nlb_463803954edr_f0411768ncam00382m1,test_msl,bedrock,iou,,0,0,67455
dinov3_sat__finetuned__vitl16-sat493m__in_rover__seed1414__gpu_full__684c258f__gitc188b320__codebebd8b2d__20260713T043353711900Z,msl_ncam_nlb_463803954edr_f0411768ncam00382m1,test_msl,sand,iou,1.0,67455,67455,67455
dinov3_sat__finetuned__vitl16-sat493m__in_rover__seed1414__gpu_full__684c258f__gitc188b320__codebebd8b2d__20260713T043353711900Z,msl_ncam_nlb_463803954edr_f0411768ncam00382m1,test_msl,big_rock,iou,,0,0,67455
dinov3_sat__finetuned__vitl16-sat493m__in_rover__seed1414__gpu_full__684c258f__gitc188b320__codebebd8b2d__20260713T043353711900Z,msl_ncam_nlb_463803954edr_f0411768ncam00382m1,test_msl,ALL,pixel_acc,1.0,0,0,67455
dinov3_sat__finetuned__vitl16-sat493m__in_rover__seed1414__gpu_full__684c258f__gitc188b320__codebebd8b2d__20260713T043353711900Z,msl_ncam_nlb_463803954edr_f0411768ncam00382m1,test_msl,ALL,boundary_f1,1.0,0,0,67455
dinov3_sat__finetuned__vitl16-sat493m__in_rover__seed1414__gpu_full__684c258f__gitc188b320__codebebd8b2d__20260713T043353711900Z,msl_ncam_nlb_463813170edr_f0420000ncam06094m1,test_msl,soil,iou,0.6520754492088561,21883,33559,89391
dinov3_sat__finetuned__vitl16-sat493m__in_rover__seed1414__gpu_full__684c258f__gitc188b320__codebebd8b2d__20260713T043353711900Z,msl_ncam_nlb_463813170edr_f0420000ncam06094m1,test_msl,bedrock,iou,0.9542067470532448,7043,7381,89391
dinov3_sat__finetuned__vitl16-sat493m__in_rover__seed1414__gpu_full__684c258f__gitc188b320__codebebd8b2d__20260713T043353711900Z,msl_ncam_nlb_463813170edr_f0420000ncam06094m1,test_msl,sand,iou,0.8058110333128212,48451,60127,89391
dinov3_sat__finetuned__vitl16-sat493m__in_rover__seed1414__gpu_full__684c258f__gitc188b320__codebebd8b2d__20260713T043353711900Z,msl_ncam_nlb_463813170edr_f0420000ncam06094m1,test_msl,big_rock,iou,0.0,0,338,89391
dinov3_sat__finetuned__vitl16-sat493m__in_rover__seed1414__gpu_full__684c258f__gitc188b320__codebebd8b2d__20260713T043353711900Z,msl_ncam_nlb_463813170edr_f0420000ncam06094m1,test_msl,ALL,pixel_acc,0.8656016824960007,0,0,89391
dinov3_sat__finetuned__vitl16-sat493m__in_rover__seed1414__gpu_full__684c258f__gitc188b320__codebebd8b2d__20260713T043353711900Z,msl_ncam_nlb_463813170edr_f0420000ncam06094m1,test_msl,ALL,boundary_f1,0.56493787595529,0,0,89391
dinov3_sat__finetuned__vitl16-sat493m__in_rover__seed1414__gpu_full__684c258f__gitc188b320__codebebd8b2d__20260713T043353711900Z,msl_ncam_nlb_463813296edr_f0420000ncam06094m1,test_msl,soil,iou,1.0,188552,188552,188552
dinov3_sat__finetuned__vitl16-sat493m__in_rover__seed1414__gpu_full__684c258f__gitc188b320__codebebd8b2d__20260713T043353711900Z,msl_ncam_nlb_463813296edr_f0420000ncam06094m1,test_msl,bedrock,iou,,0,0,188552
dinov3_sat__finetuned__vitl16-sat493m__in_rover__seed1414__gpu_full__684c258f__gitc188b320__codebebd8b2d__20260713T043353711900Z,msl_ncam_nlb_463813296edr_f0420000ncam06094m1,test_msl,sand,iou,,0,0,188552
dinov3_sat__finetuned__vitl16-sat493m__in_rover__seed1414__gpu_full__684c258f__gitc188b320__codebebd8b2d__20260713T043353711900Z,msl_ncam_nlb_463813296edr_f0420000ncam06094m1,test_msl,big_rock,iou,,0,0,188552
dinov3_sat__finetuned__vitl16-sat493m__in_rover__seed1414__gpu_full__684c258f__gitc188b320__codebebd8b2d__20260713T043353711900Z,msl_ncam_nlb_463813296edr_f0420000ncam06094m1,test_msl,ALL,pixel_acc,1.0,0,0,188552
dinov3_sat__finetuned__vitl16-sat493m__in_rover__seed1414__gpu_full__684c258f__gitc188b320__codebebd8b2d__20260713T043353711900Z,msl_ncam_nlb_463813296edr_f0420000ncam06094m1,test_msl,ALL,boundary_f1,1.0,0,0,188552
dinov3_sat__finetuned__vitl16-sat493m__in_rover__seed1414__gpu_full__684c258f__gitc188b320__codebebd8b2d__20260713T043353711900Z,msl_ncam_nlb_463814148edr_f0420000ncam00354m1,test_msl,soil,iou,1.0,227875,227875,227875
dinov3_sat__finetuned__vitl16-sat493m__in_rover__seed1414__gpu_full__684c258f__gitc188b320__codebebd8b2d__20260713T043353711900Z,msl_ncam_nlb_463814148edr_f0420000ncam00354m1,test_msl,bedrock,iou,,0,0,227875
dinov3_sat__finetuned__vitl16-sat493m__in_rover__seed1414__gpu_full__684c258f__gitc188b320__codebebd8b2d__20260713T043353711900Z,msl_ncam_nlb_463814148edr_f0420000ncam00354m1,test_msl,sand,iou,,0,0,227875
dinov3_sat__finetuned__vitl16-sat493m__in_rover__seed1414__gpu_full__684c258f__gitc188b320__codebebd8b2d__20260713T043353711900Z,msl_ncam_nlb_463814148edr_f0420000ncam00354m1,test_msl,big_rock,iou,,0,0,227875
dinov3_sat__finetuned__vitl16-sat493m__in_rover__seed1414__gpu_full__684c258f__gitc188b320__codebebd8b2d__20260713T043353711900Z,msl_ncam_nlb_463814148edr_f0420000ncam00354m1,test_msl,ALL,pixel_acc,1.0,0,0,227875
dinov3_sat__finetuned__vitl16-sat493m__in_rover__seed1414__gpu_full__684c258f__gitc188b320__codebebd8b2d__20260713T043353711900Z,msl_ncam_nlb_463814148edr_f0420000ncam00354m1,test_msl,ALL,boundary_f1,1.0,0,0,227875
dinov3_sat__finetuned__vitl16-sat493m__in_rover__seed1414__gpu_full__684c258f__gitc188b320__codebebd8b2d__20260713T043353711900Z,msl_ncam_nlb_463814218edr_f0420000ncam00354m1,test_msl,soil,iou,1.0,152384,152384,152384
dinov3_sat__finetuned__vitl16-sat493m__in_rover__seed1414__gpu_full__684c258f__gitc188b320__codebebd8b2d__20260713T043353711900Z,msl_ncam_nlb_463814218edr_f0420000ncam00354m1,test_msl,bedrock,iou,,0,0,152384
dinov3_sat__finetuned__vitl16-sat493m__in_rover__seed1414__gpu_full__684c258f__gitc188b320__codebebd8b2d__20260713T043353711900Z,msl_ncam_nlb_463814218edr_f0420000ncam00354m1,test_msl,sand,iou,,0,0,152384
dinov3_sat__finetuned__vitl16-sat493m__in_rover__seed1414__gpu_full__684c258f__gitc188b320__codebebd8b2d__20260713T043353711900Z,msl_ncam_nlb_463814218edr_f0420000ncam00354m1,test_msl,big_rock,iou,,0,0,152384
dinov3_sat__finetuned__vitl16-sat493m__in_rover__seed1414__gpu_full__684c258f__gitc188b320__codebebd8b2d__20260713T043353711900Z,msl_ncam_nlb_463814218edr_f0420000ncam00354m1,test_msl,ALL,pixel_acc,1.0,0,0,152384
dinov3_sat__finetuned__vitl16-sat493m__in_rover__seed1414__gpu_full__684c258f__gitc188b320__codebebd8b2d__20260713T043353711900Z,msl_ncam_nlb_463814218edr_f0420000ncam00354m1,test_msl,ALL,boundary_f1,1.0,0,0,152384
dinov3_sat__finetuned__vitl16-sat493m__in_rover__seed1414__gpu_full__684c258f__gitc188b320__codebebd8b2d__20260713T043353711900Z,msl_ncam_nlb_463814255edr_f0420000ncam00278m1,test_msl,soil,iou,1.0,85416,85416,85416
dinov3_sat__finetuned__vitl16-sat493m__in_rover__seed1414__gpu_full__684c258f__gitc188b320__codebebd8b2d__20260713T043353711900Z,msl_ncam_nlb_463814255edr_f0420000ncam00278m1,test_msl,bedrock,iou,,0,0,85416
dinov3_sat__finetuned__vitl16-sat493m__in_rover__seed1414__gpu_full__684c258f__gitc188b320__codebebd8b2d__20260713T043353711900Z,msl_ncam_nlb_463814255edr_f0420000ncam00278m1,test_msl,sand,iou,,0,0,85416
dinov3_sat__finetuned__vitl16-sat493m__in_rover__seed1414__gpu_full__684c258f__gitc188b320__codebebd8b2d__20260713T043353711900Z,msl_ncam_nlb_463814255edr_f0420000ncam00278m1,test_msl,big_rock,iou,,0,0,85416
dinov3_sat__finetuned__vitl16-sat493m__in_rover__seed1414__gpu_full__684c258f__gitc188b320__codebebd8b2d__20260713T043353711900Z,msl_ncam_nlb_463814255edr_f0420000ncam00278m1,test_msl,ALL,pixel_acc,1.0,0,0,85416
dinov3_sat__finetuned__vitl16-sat493m__in_rover__seed1414__gpu_full__684c258f__gitc188b320__codebebd8b2d__20260713T043353711900Z,msl_ncam_nlb_463814255edr_f0420000ncam00278m1,test_msl,ALL,boundary_f1,1.0,0,0,85416
dinov3_sat__finetuned__vitl16-sat493m__in_rover__seed1414__gpu_full__684c258f__gitc188b320__codebebd8b2d__20260713T043353711900Z,msl_ncam_nlb_463814438edr_f0420000ncam00278m1,test_msl,soil,iou,,0,0,0
dinov3_sat__finetuned__vitl16-sat493m__in_rover__seed1414__gpu_full__684c258f__gitc188b320__codebebd8b2d__20260713T043353711900Z,msl_ncam_nlb_463814438edr_f0420000ncam00278m1,test_msl,bedrock,iou,,0,0,0
dinov3_sat__finetuned__vitl16-sat493m__in_rover__seed1414__gpu_full__684c258f__gitc188b320__codebebd8b2d__20260713T043353711900Z,msl_ncam_nlb_463814438edr_f0420000ncam00278m1,test_msl,sand,iou,,0,0,0
dinov3_sat__finetuned__vitl16-sat493m__in_rover__seed1414__gpu_full__684c258f__gitc188b320__codebebd8b2d__20260713T043353711900Z,msl_ncam_nlb_463814438edr_f0420000ncam00278m1,test_msl,big_rock,iou,,0,0,0
dinov3_sat__finetuned__vitl16-sat493m__in_rover__seed1414__gpu_full__684c258f__gitc188b320__codebebd8b2d__20260713T043353711900Z,msl_ncam_nlb_463814438edr_f0420000ncam00278m1,test_msl,ALL,pixel_acc,,0,0,0
dinov3_sat__finetuned__vitl16-sat493m__in_rover__seed1414__gpu_full__684c258f__gitc188b320__codebebd8b2d__20260713T043353711900Z,msl_ncam_nlb_463814438edr_f0420000ncam00278m1,test_msl,ALL,boundary_f1,,0,0,0
dinov3_sat__finetuned__vitl16-sat493m__in_rover__seed1414__gpu_full__684c258f__gitc188b320__codebebd8b2d__20260713T043353711900Z,msl_ncam_nlb_492664173edr_f0490294ncam00294m1,test_msl,soil,iou,,0,0,16308
dinov3_sat__finetuned__vitl16-sat493m__in_rover__seed1414__gpu_full__684c258f__gitc188b320__codebebd8b2d__20260713T043353711900Z,msl_ncam_nlb_492664173edr_f0490294ncam00294m1,test_msl,bedrock,iou,1.0,16308,16308,16308
dinov3_sat__finetuned__vitl16-sat493m__in_rover__seed1414__gpu_full__684c258f__gitc188b320__codebebd8b2d__20260713T043353711900Z,msl_ncam_nlb_492664173edr_f0490294ncam00294m1,test_msl,sand,iou,,0,0,16308
dinov3_sat__finetuned__vitl16-sat493m__in_rover__seed1414__gpu_full__684c258f__gitc188b320__codebebd8b2d__20260713T043353711900Z,msl_ncam_nlb_492664173edr_f0490294ncam00294m1,test_msl,big_rock,iou,,0,0,16308
dinov3_sat__finetuned__vitl16-sat493m__in_rover__seed1414__gpu_full__684c258f__gitc188b320__codebebd8b2d__20260713T043353711900Z,msl_ncam_nlb_492664173edr_f0490294ncam00294m1,test_msl,ALL,pixel_acc,1.0,0,0,16308
dinov3_sat__finetuned__vitl16-sat493m__in_rover__seed1414__gpu_full__684c258f__gitc188b320__codebebd8b2d__20260713T043353711900Z,msl_ncam_nlb_492664173edr_f0490294ncam00294m1,test_msl,ALL,boundary_f1,1.0,0,0,16308
dinov3_sat__finetuned__vitl16-sat493m__in_rover__seed1414__gpu_full__684c258f__gitc188b320__codebebd8b2d__20260713T043353711900Z,msl_ncam_nlb_492664235edr_f0490294ncam00294m1,test_msl,soil,iou,,0,0,30789
dinov3_sat__finetuned__vitl16-sat493m__in_rover__seed1414__gpu_full__684c258f__gitc188b320__codebebd8b2d__20260713T043353711900Z,msl_ncam_nlb_492664235edr_f0490294ncam00294m1,test_msl,bedrock,iou,1.0,30789,30789,30789
dinov3_sat__finetuned__vitl16-sat493m__in_rover__seed1414__gpu_full__684c258f__gitc188b320__codebebd8b2d__20260713T043353711900Z,msl_ncam_nlb_492664235edr_f0490294ncam00294m1,test_msl,sand,iou,,0,0,30789
dinov3_sat__finetuned__vitl16-sat493m__in_rover__seed1414__gpu_full__684c258f__gitc188b320__codebebd8b2d__20260713T043353711900Z,msl_ncam_nlb_492664235edr_f0490294ncam00294m1,test_msl,big_rock,iou,,0,0,30789
dinov3_sat__finetuned__vitl16-sat493m__in_rover__seed1414__gpu_full__684c258f__gitc188b320__codebebd8b2d__20260713T043353711900Z,msl_ncam_nlb_492664235edr_f0490294ncam00294m1,test_msl,ALL,pixel_acc,1.0,0,0,30789
dinov3_sat__finetuned__vitl16-sat493m__in_rover__seed1414__gpu_full__684c258f__gitc188b320__codebebd8b2d__20260713T043353711900Z,msl_ncam_nlb_492664235edr_f0490294ncam00294m1,test_msl,ALL,boundary_f1,1.0,0,0,30789
dinov3_sat__finetuned__vitl16-sat493m__in_rover__seed1414__gpu_full__684c258f__gitc188b320__codebebd8b2d__20260713T043353711900Z,msl_ncam_nlb_492664291edr_f0490294ncam00294m1,test_msl,soil,iou,,0,0,5776
dinov3_sat__finetuned__vitl16-sat493m__in_rover__seed1414__gpu_full__684c258f__gitc188b320__codebebd8b2d__20260713T043353711900Z,msl_ncam_nlb_492664291edr_f0490294ncam00294m1,test_msl,bedrock,iou,1.0,5776,5776,5776
dinov3_sat__finetuned__vitl16-sat493m__in_rover__seed1414__gpu_full__684c258f__gitc188b320__codebebd8b2d__20260713T043353711900Z,msl_ncam_nlb_492664291edr_f0490294ncam00294m1,test_msl,sand,iou,,0,0,5776
dinov3_sat__finetuned__vitl16-sat493m__in_rover__seed1414__gpu_full__684c258f__gitc188b320__codebebd8b2d__20260713T043353711900Z,msl_ncam_nlb_492664291edr_f0490294ncam00294m1,test_msl,big_rock,iou,,0,0,5776
dinov3_sat__finetuned__vitl16-sat493m__in_rover__seed1414__gpu_full__684c258f__gitc188b320__codebebd8b2d__20260713T043353711900Z,msl_ncam_nlb_492664291edr_f0490294ncam00294m1,test_msl,ALL,pixel_acc,1.0,0,0,5776
dinov3_sat__finetuned__vitl16-sat493m__in_rover__seed1414__gpu_full__684c258f__gitc188b320__codebebd8b2d__20260713T043353711900Z,msl_ncam_nlb_492664291edr_f0490294ncam00294m1,test_msl,ALL,boundary_f1,1.0,0,0,5776
dinov3_sat__finetuned__vitl16-sat493m__in_rover__seed1414__gpu_full__684c258f__gitc188b320__codebebd8b2d__20260713T043353711900Z,msl_ncam_nlb_492664491edr_f0490294ncam00354m1,test_msl,soil,iou,0.011125207377769104,228,20494,101609
dinov3_sat__finetuned__vitl16-sat493m__in_rover__seed1414__gpu_full__684c258f__gitc188b320__codebebd8b2d__20260713T043353711900Z,msl_ncam_nlb_492664491edr_f0490294ncam00354m1,test_msl,bedrock,iou,0.8001006105680551,81115,101381,101609
dinov3_sat__finetuned__vitl16-sat493m__in_rover__seed1414__gpu_full__684c258f__gitc188b320__codebebd8b2d__20260713T043353711900Z,msl_ncam_nlb_492664491edr_f0490294ncam00354m1,test_msl,sand,iou,,0,0,101609
dinov3_sat__finetuned__vitl16-sat493m__in_rover__seed1414__gpu_full__684c258f__gitc188b320__codebebd8b2d__20260713T043353711900Z,msl_ncam_nlb_492664491edr_f0490294ncam00354m1,test_msl,big_rock,iou,,0,0,101609
dinov3_sat__finetuned__vitl16-sat493m__in_rover__seed1414__gpu_full__684c258f__gitc188b320__codebebd8b2d__20260713T043353711900Z,msl_ncam_nlb_492664491edr_f0490294ncam00354m1,test_msl,ALL,pixel_acc,0.8005491639520121,0,0,101609
dinov3_sat__finetuned__vitl16-sat493m__in_rover__seed1414__gpu_full__684c258f__gitc188b320__codebebd8b2d__20260713T043353711900Z,msl_ncam_nlb_492664491edr_f0490294ncam00354m1,test_msl,ALL,boundary_f1,0.4524234518742276,0,0,101609
dinov3_sat__finetuned__vitl16-sat493m__in_rover__seed1414__gpu_full__684c258f__gitc188b320__codebebd8b2d__20260713T043353711900Z,msl_ncam_nlb_492664554edr_f0490294ncam00354m1,test_msl,soil,iou,0.0,0,15267,43882
dinov3_sat__finetuned__vitl16-sat493m__in_rover__seed1414__gpu_full__684c258f__gitc188b320__codebebd8b2d__20260713T043353711900Z,msl_ncam_nlb_492664554edr_f0490294ncam00354m1,test_msl,bedrock,iou,0.4694177015854837,13116,27941,43882
dinov3_sat__finetuned__vitl16-sat493m__in_rover__seed1414__gpu_full__684c258f__gitc188b320__codebebd8b2d__20260713T043353711900Z,msl_ncam_nlb_492664554edr_f0490294ncam00354m1,test_msl,sand,iou,0.9711598746081505,15490,15950,43882
dinov3_sat__finetuned__vitl16-sat493m__in_rover__seed1414__gpu_full__684c258f__gitc188b320__codebebd8b2d__20260713T043353711900Z,msl_ncam_nlb_492664554edr_f0490294ncam00354m1,test_msl,big_rock,iou,,0,0,43882
dinov3_sat__finetuned__vitl16-sat493m__in_rover__seed1414__gpu_full__684c258f__gitc188b320__codebebd8b2d__20260713T043353711900Z,msl_ncam_nlb_492664554edr_f0490294ncam00354m1,test_msl,ALL,pixel_acc,0.6518845996080398,0,0,43882
dinov3_sat__finetuned__vitl16-sat493m__in_rover__seed1414__gpu_full__684c258f__gitc188b320__codebebd8b2d__20260713T043353711900Z,msl_ncam_nlb_492664554edr_f0490294ncam00354m1,test_msl,ALL,boundary_f1,0.5663355871537531,0,0,43882
dinov3_sat__finetuned__vitl16-sat493m__in_rover__seed1414__gpu_full__684c258f__gitc188b320__codebebd8b2d__20260713T043353711900Z,msl_ncam_nlb_492664625edr_f0490294ncam00354m1,test_msl,soil,iou,,0,0,48893
dinov3_sat__finetuned__vitl16-sat493m__in_rover__seed1414__gpu_full__684c258f__gitc188b320__codebebd8b2d__20260713T043353711900Z,msl_ncam_nlb_492664625edr_f0490294ncam00354m1,test_msl,bedrock,iou,0.9976321334694676,45924,46033,48893
dinov3_sat__finetuned__vitl16-sat493m__in_rover__seed1414__gpu_full__684c258f__gitc188b320__codebebd8b2d__20260713T043353711900Z,msl_ncam_nlb_492664625edr_f0490294ncam00354m1,test_msl,sand,iou,0.9632873021219266,2860,2969,48893
dinov3_sat__finetuned__vitl16-sat493m__in_rover__seed1414__gpu_full__684c258f__gitc188b320__codebebd8b2d__20260713T043353711900Z,msl_ncam_nlb_492664625edr_f0490294ncam00354m1,test_msl,big_rock,iou,,0,0,48893
dinov3_sat__finetuned__vitl16-sat493m__in_rover__seed1414__gpu_full__684c258f__gitc188b320__codebebd8b2d__20260713T043353711900Z,msl_ncam_nlb_492664625edr_f0490294ncam00354m1,test_msl,ALL,pixel_acc,0.9977706420141943,0,0,48893
dinov3_sat__finetuned__vitl16-sat493m__in_rover__seed1414__gpu_full__684c258f__gitc188b320__codebebd8b2d__20260713T043353711900Z,msl_ncam_nlb_492664625edr_f0490294ncam00354m1,test_msl,ALL,boundary_f1,0.9638135700067377,0,0,48893
dinov3_sat__finetuned__vitl16-sat493m__in_rover__seed1414__gpu_full__684c258f__gitc188b320__codebebd8b2d__20260713T043353711900Z,msl_ncam_nlb_492664724edr_f0490294ncam00296m1,test_msl,soil,iou,,0,0,0
dinov3_sat__finetuned__vitl16-sat493m__in_rover__seed1414__gpu_full__684c258f__gitc188b320__codebebd8b2d__20260713T043353711900Z,msl_ncam_nlb_492664724edr_f0490294ncam00296m1,test_msl,bedrock,iou,,0,0,0
dinov3_sat__finetuned__vitl16-sat493m__in_rover__seed1414__gpu_full__684c258f__gitc188b320__codebebd8b2d__20260713T043353711900Z,msl_ncam_nlb_492664724edr_f0490294ncam00296m1,test_msl,sand,iou,,0,0,0
dinov3_sat__finetuned__vitl16-sat493m__in_rover__seed1414__gpu_full__684c258f__gitc188b320__codebebd8b2d__20260713T043353711900Z,msl_ncam_nlb_492664724edr_f0490294ncam00296m1,test_msl,big_rock,iou,,0,0,0
dinov3_sat__finetuned__vitl16-sat493m__in_rover__seed1414__gpu_full__684c258f__gitc188b320__codebebd8b2d__20260713T043353711900Z,msl_ncam_nlb_492664724edr_f0490294ncam00296m1,test_msl,ALL,pixel_acc,,0,0,0
dinov3_sat__finetuned__vitl16-sat493m__in_rover__seed1414__gpu_full__684c258f__gitc188b320__codebebd8b2d__20260713T043353711900Z,msl_ncam_nlb_492664724edr_f0490294ncam00296m1,test_msl,ALL,boundary_f1,,0,0,0
dinov3_sat__finetuned__vitl16-sat493m__in_rover__seed1414__gpu_full__684c258f__gitc188b320__codebebd8b2d__20260713T043353711900Z,msl_ncam_nlb_492664901edr_f0490294ncam00295m1,test_msl,soil,iou,,0,0,9775
dinov3_sat__finetuned__vitl16-sat493m__in_rover__seed1414__gpu_full__684c258f__gitc188b320__codebebd8b2d__20260713T043353711900Z,msl_ncam_nlb_492664901edr_f0490294ncam00295m1,test_msl,bedrock,iou,1.0,9775,9775,9775
dinov3_sat__finetuned__vitl16-sat493m__in_rover__seed1414__gpu_full__684c258f__gitc188b320__codebebd8b2d__20260713T043353711900Z,msl_ncam_nlb_492664901edr_f0490294ncam00295m1,test_msl,sand,iou,,0,0,9775
dinov3_sat__finetuned__vitl16-sat493m__in_rover__seed1414__gpu_full__684c258f__gitc188b320__codebebd8b2d__20260713T043353711900Z,msl_ncam_nlb_492664901edr_f0490294ncam00295m1,test_msl,big_rock,iou,,0,0,9775
dinov3_sat__finetuned__vitl16-sat493m__in_rover__seed1414__gpu_full__684c258f__gitc188b320__codebebd8b2d__20260713T043353711900Z,msl_ncam_nlb_492664901edr_f0490294ncam00295m1,test_msl,ALL,pixel_acc,1.0,0,0,9775
dinov3_sat__finetuned__vitl16-sat493m__in_rover__seed1414__gpu_full__684c258f__gitc188b320__codebebd8b2d__20260713T043353711900Z,msl_ncam_nlb_492664901edr_f0490294ncam00295m1,test_msl,ALL,boundary_f1,1.0,0,0,9775
dinov3_sat__finetuned__vitl16-sat493m__in_rover__seed1414__gpu_full__684c258f__gitc188b320__codebebd8b2d__20260713T043353711900Z,msl_ncam_nlb_492665102edr_f0490294ncam00295m1,test_msl,soil,iou,,0,0,0
dinov3_sat__finetuned__vitl16-sat493m__in_rover__seed1414__gpu_full__684c258f__gitc188b320__codebebd8b2d__20260713T043353711900Z,msl_ncam_nlb_492665102edr_f0490294ncam00295m1,test_msl,bedrock,iou,,0,0,0
dinov3_sat__finetuned__vitl16-sat493m__in_rover__seed1414__gpu_full__684c258f__gitc188b320__codebebd8b2d__20260713T043353711900Z,msl_ncam_nlb_492665102edr_f0490294ncam00295m1,test_msl,sand,iou,,0,0,0
dinov3_sat__finetuned__vitl16-sat493m__in_rover__seed1414__gpu_full__684c258f__gitc188b320__codebebd8b2d__20260713T043353711900Z,msl_ncam_nlb_492665102edr_f0490294ncam00295m1,test_msl,big_rock,iou,,0,0,0
dinov3_sat__finetuned__vitl16-sat493m__in_rover__seed1414__gpu_full__684c258f__gitc188b320__codebebd8b2d__20260713T043353711900Z,msl_ncam_nlb_492665102edr_f0490294ncam00295m1,test_msl,ALL,pixel_acc,,0,0,0
dinov3_sat__finetuned__vitl16-sat493m__in_rover__seed1414__gpu_full__684c258f__gitc188b320__codebebd8b2d__20260713T043353711900Z,msl_ncam_nlb_492665102edr_f0490294ncam00295m1,test_msl,ALL,boundary_f1,,0,0,0
dinov3_sat__finetuned__vitl16-sat493m__in_rover__seed1414__gpu_full__684c258f__gitc188b320__codebebd8b2d__20260713T043353711900Z,msl_ncam_nlb_493996330edr_f0491846ncam00385m1,test_msl,soil,iou,,0,0,89098
dinov3_sat__finetuned__vitl16-sat493m__in_rover__seed1414__gpu_full__684c258f__gitc188b320__codebebd8b2d__20260713T043353711900Z,msl_ncam_nlb_493996330edr_f0491846ncam00385m1,test_msl,bedrock,iou,0.9996943453897096,39248,39260,89098
dinov3_sat__finetuned__vitl16-sat493m__in_rover__seed1414__gpu_full__684c258f__gitc188b320__codebebd8b2d__20260713T043353711900Z,msl_ncam_nlb_493996330edr_f0491846ncam00385m1,test_msl,sand,iou,0.9997592778335005,49838,49850,89098
dinov3_sat__finetuned__vitl16-sat493m__in_rover__seed1414__gpu_full__684c258f__gitc188b320__codebebd8b2d__20260713T043353711900Z,msl_ncam_nlb_493996330edr_f0491846ncam00385m1,test_msl,big_rock,iou,,0,0,89098
dinov3_sat__finetuned__vitl16-sat493m__in_rover__seed1414__gpu_full__684c258f__gitc188b320__codebebd8b2d__20260713T043353711900Z,msl_ncam_nlb_493996330edr_f0491846ncam00385m1,test_msl,ALL,pixel_acc,0.9998653168421289,0,0,89098
dinov3_sat__finetuned__vitl16-sat493m__in_rover__seed1414__gpu_full__684c258f__gitc188b320__codebebd8b2d__20260713T043353711900Z,msl_ncam_nlb_493996330edr_f0491846ncam00385m1,test_msl,ALL,boundary_f1,0.9986388384754992,0,0,89098
dinov3_sat__finetuned__vitl16-sat493m__in_rover__seed1414__gpu_full__684c258f__gitc188b320__codebebd8b2d__20260713T043353711900Z,msl_ncam_nlb_493996945edr_f0491876ncam00353m1,test_msl,soil,iou,,0,0,75892
dinov3_sat__finetuned__vitl16-sat493m__in_rover__seed1414__gpu_full__684c258f__gitc188b320__codebebd8b2d__20260713T043353711900Z,msl_ncam_nlb_493996945edr_f0491876ncam00353m1,test_msl,bedrock,iou,0.7687503294154852,58342,75892,75892
dinov3_sat__finetuned__vitl16-sat493m__in_rover__seed1414__gpu_full__684c258f__gitc188b320__codebebd8b2d__20260713T043353711900Z,msl_ncam_nlb_493996945edr_f0491876ncam00353m1,test_msl,sand,iou,0.0,0,17550,75892
dinov3_sat__finetuned__vitl16-sat493m__in_rover__seed1414__gpu_full__684c258f__gitc188b320__codebebd8b2d__20260713T043353711900Z,msl_ncam_nlb_493996945edr_f0491876ncam00353m1,test_msl,big_rock,iou,,0,0,75892
dinov3_sat__finetuned__vitl16-sat493m__in_rover__seed1414__gpu_full__684c258f__gitc188b320__codebebd8b2d__20260713T043353711900Z,msl_ncam_nlb_493996945edr_f0491876ncam00353m1,test_msl,ALL,pixel_acc,0.7687503294154852,0,0,75892
dinov3_sat__finetuned__vitl16-sat493m__in_rover__seed1414__gpu_full__684c258f__gitc188b320__codebebd8b2d__20260713T043353711900Z,msl_ncam_nlb_493996945edr_f0491876ncam00353m1,test_msl,ALL,boundary_f1,0.3876561625955622,0,0,75892
dinov3_sat__finetuned__vitl16-sat493m__in_rover__seed1414__gpu_full__684c258f__gitc188b320__codebebd8b2d__20260713T043353711900Z,msl_ncam_nlb_493997715edr_f0491876ncam00256m1,test_msl,soil,iou,,0,0,65259
dinov3_sat__finetuned__vitl16-sat493m__in_rover__seed1414__gpu_full__684c258f__gitc188b320__codebebd8b2d__20260713T043353711900Z,msl_ncam_nlb_493997715edr_f0491876ncam00256m1,test_msl,bedrock,iou,0.8864688552188552,16850,19008,65259
dinov3_sat__finetuned__vitl16-sat493m__in_rover__seed1414__gpu_full__684c258f__gitc188b320__codebebd8b2d__20260713T043353711900Z,msl_ncam_nlb_493997715edr_f0491876ncam00256m1,test_msl,sand,iou,0.995008927995181,46251,46483,65259
dinov3_sat__finetuned__vitl16-sat493m__in_rover__seed1414__gpu_full__684c258f__gitc188b320__codebebd8b2d__20260713T043353711900Z,msl_ncam_nlb_493997715edr_f0491876ncam00256m1,test_msl,big_rock,iou,0.0,0,1926,65259
dinov3_sat__finetuned__vitl16-sat493m__in_rover__seed1414__gpu_full__684c258f__gitc188b320__codebebd8b2d__20260713T043353711900Z,msl_ncam_nlb_493997715edr_f0491876ncam00256m1,test_msl,ALL,pixel_acc,0.9669317642011064,0,0,65259
dinov3_sat__finetuned__vitl16-sat493m__in_rover__seed1414__gpu_full__684c258f__gitc188b320__codebebd8b2d__20260713T043353711900Z,msl_ncam_nlb_493997715edr_f0491876ncam00256m1,test_msl,ALL,boundary_f1,0.6131211376750748,0,0,65259
dinov3_sat__finetuned__vitl16-sat493m__in_rover__seed1414__gpu_full__684c258f__gitc188b320__codebebd8b2d__20260713T043353711900Z,msl_ncam_nlb_493997775edr_f0491876ncam00256m1,test_msl,soil,iou,,0,0,41074
dinov3_sat__finetuned__vitl16-sat493m__in_rover__seed1414__gpu_full__684c258f__gitc188b320__codebebd8b2d__20260713T043353711900Z,msl_ncam_nlb_493997775edr_f0491876ncam00256m1,test_msl,bedrock,iou,0.9219076280555214,30021,32564,41074
dinov3_sat__finetuned__vitl16-sat493m__in_rover__seed1414__gpu_full__684c258f__gitc188b320__codebebd8b2d__20260713T043353711900Z,msl_ncam_nlb_493997775edr_f0491876ncam00256m1,test_msl,sand,iou,0.76992671672849,8510,11053,41074
dinov3_sat__finetuned__vitl16-sat493m__in_rover__seed1414__gpu_full__684c258f__gitc188b320__codebebd8b2d__20260713T043353711900Z,msl_ncam_nlb_493997775edr_f0491876ncam00256m1,test_msl,big_rock,iou,,0,0,41074
dinov3_sat__finetuned__vitl16-sat493m__in_rover__seed1414__gpu_full__684c258f__gitc188b320__codebebd8b2d__20260713T043353711900Z,msl_ncam_nlb_493997775edr_f0491876ncam00256m1,test_msl,ALL,pixel_acc,0.9380873545308468,0,0,41074
dinov3_sat__finetuned__vitl16-sat493m__in_rover__seed1414__gpu_full__684c258f__gitc188b320__codebebd8b2d__20260713T043353711900Z,msl_ncam_nlb_493997775edr_f0491876ncam00256m1,test_msl,ALL,boundary_f1,0.8728870365891771,0,0,41074
dinov3_sat__finetuned__vitl16-sat493m__in_rover__seed1414__gpu_full__684c258f__gitc188b320__codebebd8b2d__20260713T043353711900Z,msl_ncam_nlb_493997895edr_f0491876ncam00354m1,test_msl,soil,iou,,0,0,92765
dinov3_sat__finetuned__vitl16-sat493m__in_rover__seed1414__gpu_full__684c258f__gitc188b320__codebebd8b2d__20260713T043353711900Z,msl_ncam_nlb_493997895edr_f0491876ncam00354m1,test_msl,bedrock,iou,0.90926550343187,83326,91641,92765
dinov3_sat__finetuned__vitl16-sat493m__in_rover__seed1414__gpu_full__684c258f__gitc188b320__codebebd8b2d__20260713T043353711900Z,msl_ncam_nlb_493997895edr_f0491876ncam00354m1,test_msl,sand,iou,0.11908041106049369,1124,9439,92765
dinov3_sat__finetuned__vitl16-sat493m__in_rover__seed1414__gpu_full__684c258f__gitc188b320__codebebd8b2d__20260713T043353711900Z,msl_ncam_nlb_493997895edr_f0491876ncam00354m1,test_msl,big_rock,iou,,0,0,92765
dinov3_sat__finetuned__vitl16-sat493m__in_rover__seed1414__gpu_full__684c258f__gitc188b320__codebebd8b2d__20260713T043353711900Z,msl_ncam_nlb_493997895edr_f0491876ncam00354m1,test_msl,ALL,pixel_acc,0.9103649005551663,0,0,92765
dinov3_sat__finetuned__vitl16-sat493m__in_rover__seed1414__gpu_full__684c258f__gitc188b320__codebebd8b2d__20260713T043353711900Z,msl_ncam_nlb_493997895edr_f0491876ncam00354m1,test_msl,ALL,boundary_f1,0.5237570198886627,0,0,92765
dinov3_sat__finetuned__vitl16-sat493m__in_rover__seed1414__gpu_full__684c258f__gitc188b320__codebebd8b2d__20260713T043353711900Z,msl_ncam_nlb_493997974edr_f0491876ncam00354m1,test_msl,soil,iou,,0,0,43129
dinov3_sat__finetuned__vitl16-sat493m__in_rover__seed1414__gpu_full__684c258f__gitc188b320__codebebd8b2d__20260713T043353711900Z,msl_ncam_nlb_493997974edr_f0491876ncam00354m1,test_msl,bedrock,iou,0.9932384535688968,18215,18339,43129
dinov3_sat__finetuned__vitl16-sat493m__in_rover__seed1414__gpu_full__684c258f__gitc188b320__codebebd8b2d__20260713T043353711900Z,msl_ncam_nlb_493997974edr_f0491876ncam00354m1,test_msl,sand,iou,0.9950228787027374,24790,24914,43129
dinov3_sat__finetuned__vitl16-sat493m__in_rover__seed1414__gpu_full__684c258f__gitc188b320__codebebd8b2d__20260713T043353711900Z,msl_ncam_nlb_493997974edr_f0491876ncam00354m1,test_msl,big_rock,iou,,0,0,43129
dinov3_sat__finetuned__vitl16-sat493m__in_rover__seed1414__gpu_full__684c258f__gitc188b320__codebebd8b2d__20260713T043353711900Z,msl_ncam_nlb_493997974edr_f0491876ncam00354m1,test_msl,ALL,pixel_acc,0.9971249043566973,0,0,43129
dinov3_sat__finetuned__vitl16-sat493m__in_rover__seed1414__gpu_full__684c258f__gitc188b320__codebebd8b2d__20260713T043353711900Z,msl_ncam_nlb_493997974edr_f0491876ncam00354m1,test_msl,ALL,boundary_f1,0.9778752237732948,0,0,43129
dinov3_sat__finetuned__vitl16-sat493m__in_rover__seed1414__gpu_full__684c258f__gitc188b320__codebebd8b2d__20260713T043353711900Z,msl_ncam_nlb_493998022edr_f0491876ncam00257m1,test_msl,soil,iou,,0,0,59414
dinov3_sat__finetuned__vitl16-sat493m__in_rover__seed1414__gpu_full__684c258f__gitc188b320__codebebd8b2d__20260713T043353711900Z,msl_ncam_nlb_493998022edr_f0491876ncam00257m1,test_msl,bedrock,iou,0.8863373980806696,49135,55436,59414
dinov3_sat__finetuned__vitl16-sat493m__in_rover__seed1414__gpu_full__684c258f__gitc188b320__codebebd8b2d__20260713T043353711900Z,msl_ncam_nlb_493998022edr_f0491876ncam00257m1,test_msl,sand,iou,0.48738054398431757,3978,8162,59414
dinov3_sat__finetuned__vitl16-sat493m__in_rover__seed1414__gpu_full__684c258f__gitc188b320__codebebd8b2d__20260713T043353711900Z,msl_ncam_nlb_493998022edr_f0491876ncam00257m1,test_msl,big_rock,iou,0.0,0,2117,59414
dinov3_sat__finetuned__vitl16-sat493m__in_rover__seed1414__gpu_full__684c258f__gitc188b320__codebebd8b2d__20260713T043353711900Z,msl_ncam_nlb_493998022edr_f0491876ncam00257m1,test_msl,ALL,pixel_acc,0.8939475544484465,0,0,59414
dinov3_sat__finetuned__vitl16-sat493m__in_rover__seed1414__gpu_full__684c258f__gitc188b320__codebebd8b2d__20260713T043353711900Z,msl_ncam_nlb_493998022edr_f0491876ncam00257m1,test_msl,ALL,boundary_f1,0.46526034445811354,0,0,59414
dinov3_sat__finetuned__vitl16-sat493m__in_rover__seed1414__gpu_full__684c258f__gitc188b320__codebebd8b2d__20260713T043353711900Z,msl_ncam_nlb_493998141edr_f0491876ncam00257m1,test_msl,soil,iou,,0,0,18319
dinov3_sat__finetuned__vitl16-sat493m__in_rover__seed1414__gpu_full__684c258f__gitc188b320__codebebd8b2d__20260713T043353711900Z,msl_ncam_nlb_493998141edr_f0491876ncam00257m1,test_msl,bedrock,iou,0.9358398802843247,5003,5346,18319
dinov3_sat__finetuned__vitl16-sat493m__in_rover__seed1414__gpu_full__684c258f__gitc188b320__codebebd8b2d__20260713T043353711900Z,msl_ncam_nlb_493998141edr_f0491876ncam00257m1,test_msl,sand,iou,0.9742415139681586,12973,13316,18319
dinov3_sat__finetuned__vitl16-sat493m__in_rover__seed1414__gpu_full__684c258f__gitc188b320__codebebd8b2d__20260713T043353711900Z,msl_ncam_nlb_493998141edr_f0491876ncam00257m1,test_msl,big_rock,iou,,0,0,18319
dinov3_sat__finetuned__vitl16-sat493m__in_rover__seed1414__gpu_full__684c258f__gitc188b320__codebebd8b2d__20260713T043353711900Z,msl_ncam_nlb_493998141edr_f0491876ncam00257m1,test_msl,ALL,pixel_acc,0.9812762705387849,0,0,18319
dinov3_sat__finetuned__vitl16-sat493m__in_rover__seed1414__gpu_full__684c258f__gitc188b320__codebebd8b2d__20260713T043353711900Z,msl_ncam_nlb_493998141edr_f0491876ncam00257m1,test_msl,ALL,boundary_f1,0.9196737726403317,0,0,18319
dinov3_sat__finetuned__vitl16-sat493m__in_rover__seed1414__gpu_full__684c258f__gitc188b320__codebebd8b2d__20260713T043353711900Z,msl_ncam_nlb_493998256edr_f0491876ncam00257m1,test_msl,soil,iou,,0,0,4103
dinov3_sat__finetuned__vitl16-sat493m__in_rover__seed1414__gpu_full__684c258f__gitc188b320__codebebd8b2d__20260713T043353711900Z,msl_ncam_nlb_493998256edr_f0491876ncam00257m1,test_msl,bedrock,iou,0.9871023215821152,1148,1163,4103
dinov3_sat__finetuned__vitl16-sat493m__in_rover__seed1414__gpu_full__684c258f__gitc188b320__codebebd8b2d__20260713T043353711900Z,msl_ncam_nlb_493998256edr_f0491876ncam00257m1,test_msl,sand,iou,0.9949238578680203,2940,2955,4103
dinov3_sat__finetuned__vitl16-sat493m__in_rover__seed1414__gpu_full__684c258f__gitc188b320__codebebd8b2d__20260713T043353711900Z,msl_ncam_nlb_493998256edr_f0491876ncam00257m1,test_msl,big_rock,iou,,0,0,4103
dinov3_sat__finetuned__vitl16-sat493m__in_rover__seed1414__gpu_full__684c258f__gitc188b320__codebebd8b2d__20260713T043353711900Z,msl_ncam_nlb_493998256edr_f0491876ncam00257m1,test_msl,ALL,pixel_acc,0.9963441384352912,0,0,4103
dinov3_sat__finetuned__vitl16-sat493m__in_rover__seed1414__gpu_full__684c258f__gitc188b320__codebebd8b2d__20260713T043353711900Z,msl_ncam_nlb_493998256edr_f0491876ncam00257m1,test_msl,ALL,boundary_f1,0.9752475247524752,0,0,4103
dinov3_sat__finetuned__vitl16-sat493m__in_rover__seed1414__gpu_full__684c258f__gitc188b320__codebebd8b2d__20260713T043353711900Z,msl_ncam_nlb_500655478edr_f0503000ncam00385m1,test_msl,soil,iou,,0,0,113066
dinov3_sat__finetuned__vitl16-sat493m__in_rover__seed1414__gpu_full__684c258f__gitc188b320__codebebd8b2d__20260713T043353711900Z,msl_ncam_nlb_500655478edr_f0503000ncam00385m1,test_msl,bedrock,iou,1.0,113066,113066,113066
dinov3_sat__finetuned__vitl16-sat493m__in_rover__seed1414__gpu_full__684c258f__gitc188b320__codebebd8b2d__20260713T043353711900Z,msl_ncam_nlb_500655478edr_f0503000ncam00385m1,test_msl,sand,iou,,0,0,113066
dinov3_sat__finetuned__vitl16-sat493m__in_rover__seed1414__gpu_full__684c258f__gitc188b320__codebebd8b2d__20260713T043353711900Z,msl_ncam_nlb_500655478edr_f0503000ncam00385m1,test_msl,big_rock,iou,,0,0,113066
dinov3_sat__finetuned__vitl16-sat493m__in_rover__seed1414__gpu_full__684c258f__gitc188b320__codebebd8b2d__20260713T043353711900Z,msl_ncam_nlb_500655478edr_f0503000ncam00385m1,test_msl,ALL,pixel_acc,1.0,0,0,113066
dinov3_sat__finetuned__vitl16-sat493m__in_rover__seed1414__gpu_full__684c258f__gitc188b320__codebebd8b2d__20260713T043353711900Z,msl_ncam_nlb_500655478edr_f0503000ncam00385m1,test_msl,ALL,boundary_f1,1.0,0,0,113066
dinov3_sat__finetuned__vitl16-sat493m__in_rover__seed1414__gpu_full__684c258f__gitc188b320__codebebd8b2d__20260713T043353711900Z,msl_ncam_nlb_500656502edr_f0503076ncam00353m1,test_msl,soil,iou,0.4345270639693822,3179,7316,33179
dinov3_sat__finetuned__vitl16-sat493m__in_rover__seed1414__gpu_full__684c258f__gitc188b320__codebebd8b2d__20260713T043353711900Z,msl_ncam_nlb_500656502edr_f0503076ncam00353m1,test_msl,bedrock,iou,0.8621,25863,30000,33179
dinov3_sat__finetuned__vitl16-sat493m__in_rover__seed1414__gpu_full__684c258f__gitc188b320__codebebd8b2d__20260713T043353711900Z,msl_ncam_nlb_500656502edr_f0503076ncam00353m1,test_msl,sand,iou,,0,0,33179
dinov3_sat__finetuned__vitl16-sat493m__in_rover__seed1414__gpu_full__684c258f__gitc188b320__codebebd8b2d__20260713T043353711900Z,msl_ncam_nlb_500656502edr_f0503076ncam00353m1,test_msl,big_rock,iou,,0,0,33179
dinov3_sat__finetuned__vitl16-sat493m__in_rover__seed1414__gpu_full__684c258f__gitc188b320__codebebd8b2d__20260713T043353711900Z,msl_ncam_nlb_500656502edr_f0503076ncam00353m1,test_msl,ALL,pixel_acc,0.8753126977907713,0,0,33179
dinov3_sat__finetuned__vitl16-sat493m__in_rover__seed1414__gpu_full__684c258f__gitc188b320__codebebd8b2d__20260713T043353711900Z,msl_ncam_nlb_500656502edr_f0503076ncam00353m1,test_msl,ALL,boundary_f1,0.6345992381061627,0,0,33179
dinov3_sat__finetuned__vitl16-sat493m__in_rover__seed1414__gpu_full__684c258f__gitc188b320__codebebd8b2d__20260713T043353711900Z,msl_ncam_nlb_500661494edr_f0503076ncam00354m1,test_msl,soil,iou,,0,0,127313
dinov3_sat__finetuned__vitl16-sat493m__in_rover__seed1414__gpu_full__684c258f__gitc188b320__codebebd8b2d__20260713T043353711900Z,msl_ncam_nlb_500661494edr_f0503076ncam00354m1,test_msl,bedrock,iou,1.0,127313,127313,127313
dinov3_sat__finetuned__vitl16-sat493m__in_rover__seed1414__gpu_full__684c258f__gitc188b320__codebebd8b2d__20260713T043353711900Z,msl_ncam_nlb_500661494edr_f0503076ncam00354m1,test_msl,sand,iou,,0,0,127313
dinov3_sat__finetuned__vitl16-sat493m__in_rover__seed1414__gpu_full__684c258f__gitc188b320__codebebd8b2d__20260713T043353711900Z,msl_ncam_nlb_500661494edr_f0503076ncam00354m1,test_msl,big_rock,iou,,0,0,127313
dinov3_sat__finetuned__vitl16-sat493m__in_rover__seed1414__gpu_full__684c258f__gitc188b320__codebebd8b2d__20260713T043353711900Z,msl_ncam_nlb_500661494edr_f0503076ncam00354m1,test_msl,ALL,pixel_acc,1.0,0,0,127313
dinov3_sat__finetuned__vitl16-sat493m__in_rover__seed1414__gpu_full__684c258f__gitc188b320__codebebd8b2d__20260713T043353711900Z,msl_ncam_nlb_500661494edr_f0503076ncam00354m1,test_msl,ALL,boundary_f1,1.0,0,0,127313
dinov3_sat__finetuned__vitl16-sat493m__in_rover__seed1414__gpu_full__684c258f__gitc188b320__codebebd8b2d__20260713T043353711900Z,msl_ncam_nlb_500661565edr_f0503076ncam00354m1,test_msl,soil,iou,,0,0,25550
dinov3_sat__finetuned__vitl16-sat493m__in_rover__seed1414__gpu_full__684c258f__gitc188b320__codebebd8b2d__20260713T043353711900Z,msl_ncam_nlb_500661565edr_f0503076ncam00354m1,test_msl,bedrock,iou,1.0,25550,25550,25550
dinov3_sat__finetuned__vitl16-sat493m__in_rover__seed1414__gpu_full__684c258f__gitc188b320__codebebd8b2d__20260713T043353711900Z,msl_ncam_nlb_500661565edr_f0503076ncam00354m1,test_msl,sand,iou,,0,0,25550
dinov3_sat__finetuned__vitl16-sat493m__in_rover__seed1414__gpu_full__684c258f__gitc188b320__codebebd8b2d__20260713T043353711900Z,msl_ncam_nlb_500661565edr_f0503076ncam00354m1,test_msl,big_rock,iou,,0,0,25550
dinov3_sat__finetuned__vitl16-sat493m__in_rover__seed1414__gpu_full__684c258f__gitc188b320__codebebd8b2d__20260713T043353711900Z,msl_ncam_nlb_500661565edr_f0503076ncam00354m1,test_msl,ALL,pixel_acc,1.0,0,0,25550
dinov3_sat__finetuned__vitl16-sat493m__in_rover__seed1414__gpu_full__684c258f__gitc188b320__codebebd8b2d__20260713T043353711900Z,msl_ncam_nlb_500661565edr_f0503076ncam00354m1,test_msl,ALL,boundary_f1,1.0,0,0,25550
dinov3_sat__finetuned__vitl16-sat493m__in_rover__seed1414__gpu_full__684c258f__gitc188b320__codebebd8b2d__20260713T043353711900Z,msl_ncam_nlb_500661664edr_f0503076ncam07753m1,test_msl,soil,iou,0.0,0,16552,129119
dinov3_sat__finetuned__vitl16-sat493m__in_rover__seed1414__gpu_full__684c258f__gitc188b320__codebebd8b2d__20260713T043353711900Z,msl_ncam_nlb_500661664edr_f0503076ncam07753m1,test_msl,bedrock,iou,0.8718081769530434,112567,129119,129119
dinov3_sat__finetuned__vitl16-sat493m__in_rover__seed1414__gpu_full__684c258f__gitc188b320__codebebd8b2d__20260713T043353711900Z,msl_ncam_nlb_500661664edr_f0503076ncam07753m1,test_msl,sand,iou,,0,0,129119
dinov3_sat__finetuned__vitl16-sat493m__in_rover__seed1414__gpu_full__684c258f__gitc188b320__codebebd8b2d__20260713T043353711900Z,msl_ncam_nlb_500661664edr_f0503076ncam07753m1,test_msl,big_rock,iou,,0,0,129119
dinov3_sat__finetuned__vitl16-sat493m__in_rover__seed1414__gpu_full__684c258f__gitc188b320__codebebd8b2d__20260713T043353711900Z,msl_ncam_nlb_500661664edr_f0503076ncam07753m1,test_msl,ALL,pixel_acc,0.8718081769530434,0,0,129119
dinov3_sat__finetuned__vitl16-sat493m__in_rover__seed1414__gpu_full__684c258f__gitc188b320__codebebd8b2d__20260713T043353711900Z,msl_ncam_nlb_500661664edr_f0503076ncam07753m1,test_msl,ALL,boundary_f1,0.43821391484942884,0,0,129119
dinov3_sat__finetuned__vitl16-sat493m__in_rover__seed1414__gpu_full__684c258f__gitc188b320__codebebd8b2d__20260713T043353711900Z,msl_ncam_nlb_500661727edr_f0503076ncam07753m1,test_msl,soil,iou,,0,0,163353
dinov3_sat__finetuned__vitl16-sat493m__in_rover__seed1414__gpu_full__684c258f__gitc188b320__codebebd8b2d__20260713T043353711900Z,msl_ncam_nlb_500661727edr_f0503076ncam07753m1,test_msl,bedrock,iou,1.0,163353,163353,163353
dinov3_sat__finetuned__vitl16-sat493m__in_rover__seed1414__gpu_full__684c258f__gitc188b320__codebebd8b2d__20260713T043353711900Z,msl_ncam_nlb_500661727edr_f0503076ncam07753m1,test_msl,sand,iou,,0,0,163353
dinov3_sat__finetuned__vitl16-sat493m__in_rover__seed1414__gpu_full__684c258f__gitc188b320__codebebd8b2d__20260713T043353711900Z,msl_ncam_nlb_500661727edr_f0503076ncam07753m1,test_msl,big_rock,iou,,0,0,163353
dinov3_sat__finetuned__vitl16-sat493m__in_rover__seed1414__gpu_full__684c258f__gitc188b320__codebebd8b2d__20260713T043353711900Z,msl_ncam_nlb_500661727edr_f0503076ncam07753m1,test_msl,ALL,pixel_acc,1.0,0,0,163353
dinov3_sat__finetuned__vitl16-sat493m__in_rover__seed1414__gpu_full__684c258f__gitc188b320__codebebd8b2d__20260713T043353711900Z,msl_ncam_nlb_500661727edr_f0503076ncam07753m1,test_msl,ALL,boundary_f1,1.0,0,0,163353
dinov3_sat__finetuned__vitl16-sat493m__in_rover__seed1414__gpu_full__684c258f__gitc188b320__codebebd8b2d__20260713T043353711900Z,msl_ncam_nlb_500661784edr_f0503076ncam07753m1,test_msl,soil,iou,,0,0,133546
dinov3_sat__finetuned__vitl16-sat493m__in_rover__seed1414__gpu_full__684c258f__gitc188b320__codebebd8b2d__20260713T043353711900Z,msl_ncam_nlb_500661784edr_f0503076ncam07753m1,test_msl,bedrock,iou,1.0,133546,133546,133546
dinov3_sat__finetuned__vitl16-sat493m__in_rover__seed1414__gpu_full__684c258f__gitc188b320__codebebd8b2d__20260713T043353711900Z,msl_ncam_nlb_500661784edr_f0503076ncam07753m1,test_msl,sand,iou,,0,0,133546
dinov3_sat__finetuned__vitl16-sat493m__in_rover__seed1414__gpu_full__684c258f__gitc188b320__codebebd8b2d__20260713T043353711900Z,msl_ncam_nlb_500661784edr_f0503076ncam07753m1,test_msl,big_rock,iou,,0,0,133546
dinov3_sat__finetuned__vitl16-sat493m__in_rover__seed1414__gpu_full__684c258f__gitc188b320__codebebd8b2d__20260713T043353711900Z,msl_ncam_nlb_500661784edr_f0503076ncam07753m1,test_msl,ALL,pixel_acc,1.0,0,0,133546
dinov3_sat__finetuned__vitl16-sat493m__in_rover__seed1414__gpu_full__684c258f__gitc188b320__codebebd8b2d__20260713T043353711900Z,msl_ncam_nlb_500661784edr_f0503076ncam07753m1,test_msl,ALL,boundary_f1,1.0,0,0,133546
dinov3_sat__finetuned__vitl16-sat493m__in_rover__seed1414__gpu_full__684c258f__gitc188b320__codebebd8b2d__20260713T043353711900Z,msl_ncam_nlb_502512171edr_f0511298ncam00320m1,test_msl,soil,iou,,0,0,142320
dinov3_sat__finetuned__vitl16-sat493m__in_rover__seed1414__gpu_full__684c258f__gitc188b320__codebebd8b2d__20260713T043353711900Z,msl_ncam_nlb_502512171edr_f0511298ncam00320m1,test_msl,bedrock,iou,,0,0,142320
dinov3_sat__finetuned__vitl16-sat493m__in_rover__seed1414__gpu_full__684c258f__gitc188b320__codebebd8b2d__20260713T043353711900Z,msl_ncam_nlb_502512171edr_f0511298ncam00320m1,test_msl,sand,iou,1.0,142320,142320,142320
dinov3_sat__finetuned__vitl16-sat493m__in_rover__seed1414__gpu_full__684c258f__gitc188b320__codebebd8b2d__20260713T043353711900Z,msl_ncam_nlb_502512171edr_f0511298ncam00320m1,test_msl,big_rock,iou,,0,0,142320
dinov3_sat__finetuned__vitl16-sat493m__in_rover__seed1414__gpu_full__684c258f__gitc188b320__codebebd8b2d__20260713T043353711900Z,msl_ncam_nlb_502512171edr_f0511298ncam00320m1,test_msl,ALL,pixel_acc,1.0,0,0,142320
dinov3_sat__finetuned__vitl16-sat493m__in_rover__seed1414__gpu_full__684c258f__gitc188b320__codebebd8b2d__20260713T043353711900Z,msl_ncam_nlb_502512171edr_f0511298ncam00320m1,test_msl,ALL,boundary_f1,1.0,0,0,142320
dinov3_sat__finetuned__vitl16-sat493m__in_rover__seed1414__gpu_full__684c258f__gitc188b320__codebebd8b2d__20260713T043353711900Z,msl_ncam_nlb_502515217edr_f0511406ncam00418m1,test_msl,soil,iou,,0,0,105136
dinov3_sat__finetuned__vitl16-sat493m__in_rover__seed1414__gpu_full__684c258f__gitc188b320__codebebd8b2d__20260713T043353711900Z,msl_ncam_nlb_502515217edr_f0511406ncam00418m1,test_msl,bedrock,iou,0.9778864399357758,13399,13702,105136
dinov3_sat__finetuned__vitl16-sat493m__in_rover__seed1414__gpu_full__684c258f__gitc188b320__codebebd8b2d__20260713T043353711900Z,msl_ncam_nlb_502515217edr_f0511406ncam00418m1,test_msl,sand,iou,0.9966970796952157,91434,91737,105136
dinov3_sat__finetuned__vitl16-sat493m__in_rover__seed1414__gpu_full__684c258f__gitc188b320__codebebd8b2d__20260713T043353711900Z,msl_ncam_nlb_502515217edr_f0511406ncam00418m1,test_msl,big_rock,iou,,0,0,105136
dinov3_sat__finetuned__vitl16-sat493m__in_rover__seed1414__gpu_full__684c258f__gitc188b320__codebebd8b2d__20260713T043353711900Z,msl_ncam_nlb_502515217edr_f0511406ncam00418m1,test_msl,ALL,pixel_acc,0.9971180185664282,0,0,105136
dinov3_sat__finetuned__vitl16-sat493m__in_rover__seed1414__gpu_full__684c258f__gitc188b320__codebebd8b2d__20260713T043353711900Z,msl_ncam_nlb_502515217edr_f0511406ncam00418m1,test_msl,ALL,boundary_f1,0.9418154265158465,0,0,105136
dinov3_sat__finetuned__vitl16-sat493m__in_rover__seed1414__gpu_full__684c258f__gitc188b320__codebebd8b2d__20260713T043353711900Z,msl_ncam_nlb_502516548edr_f0511430ncam00353m1,test_msl,soil,iou,,0,0,181365
dinov3_sat__finetuned__vitl16-sat493m__in_rover__seed1414__gpu_full__684c258f__gitc188b320__codebebd8b2d__20260713T043353711900Z,msl_ncam_nlb_502516548edr_f0511430ncam00353m1,test_msl,bedrock,iou,,0,0,181365
dinov3_sat__finetuned__vitl16-sat493m__in_rover__seed1414__gpu_full__684c258f__gitc188b320__codebebd8b2d__20260713T043353711900Z,msl_ncam_nlb_502516548edr_f0511430ncam00353m1,test_msl,sand,iou,1.0,181365,181365,181365
dinov3_sat__finetuned__vitl16-sat493m__in_rover__seed1414__gpu_full__684c258f__gitc188b320__codebebd8b2d__20260713T043353711900Z,msl_ncam_nlb_502516548edr_f0511430ncam00353m1,test_msl,big_rock,iou,,0,0,181365
dinov3_sat__finetuned__vitl16-sat493m__in_rover__seed1414__gpu_full__684c258f__gitc188b320__codebebd8b2d__20260713T043353711900Z,msl_ncam_nlb_502516548edr_f0511430ncam00353m1,test_msl,ALL,pixel_acc,1.0,0,0,181365
dinov3_sat__finetuned__vitl16-sat493m__in_rover__seed1414__gpu_full__684c258f__gitc188b320__codebebd8b2d__20260713T043353711900Z,msl_ncam_nlb_502516548edr_f0511430ncam00353m1,test_msl,ALL,boundary_f1,1.0,0,0,181365
dinov3_sat__finetuned__vitl16-sat493m__in_rover__seed1414__gpu_full__684c258f__gitc188b320__codebebd8b2d__20260713T043353711900Z,msl_ncam_nlb_502516765edr_f0511430ncam00419m1,test_msl,soil,iou,,0,0,160319
dinov3_sat__finetuned__vitl16-sat493m__in_rover__seed1414__gpu_full__684c258f__gitc188b320__codebebd8b2d__20260713T043353711900Z,msl_ncam_nlb_502516765edr_f0511430ncam00419m1,test_msl,bedrock,iou,0.9014370735955871,12420,13778,160319
dinov3_sat__finetuned__vitl16-sat493m__in_rover__seed1414__gpu_full__684c258f__gitc188b320__codebebd8b2d__20260713T043353711900Z,msl_ncam_nlb_502516765edr_f0511430ncam00419m1,test_msl,sand,iou,0.9908180582694948,146541,147899,160319
dinov3_sat__finetuned__vitl16-sat493m__in_rover__seed1414__gpu_full__684c258f__gitc188b320__codebebd8b2d__20260713T043353711900Z,msl_ncam_nlb_502516765edr_f0511430ncam00419m1,test_msl,big_rock,iou,,0,0,160319
dinov3_sat__finetuned__vitl16-sat493m__in_rover__seed1414__gpu_full__684c258f__gitc188b320__codebebd8b2d__20260713T043353711900Z,msl_ncam_nlb_502516765edr_f0511430ncam00419m1,test_msl,ALL,pixel_acc,0.9915293882821126,0,0,160319
dinov3_sat__finetuned__vitl16-sat493m__in_rover__seed1414__gpu_full__684c258f__gitc188b320__codebebd8b2d__20260713T043353711900Z,msl_ncam_nlb_502516765edr_f0511430ncam00419m1,test_msl,ALL,boundary_f1,0.9178065055792615,0,0,160319
dinov3_sat__finetuned__vitl16-sat493m__in_rover__seed1414__gpu_full__684c258f__gitc188b320__codebebd8b2d__20260713T043353711900Z,msl_ncam_nlb_502516974edr_f0511430ncam09842m1,test_msl,soil,iou,,0,0,159008
dinov3_sat__finetuned__vitl16-sat493m__in_rover__seed1414__gpu_full__684c258f__gitc188b320__codebebd8b2d__20260713T043353711900Z,msl_ncam_nlb_502516974edr_f0511430ncam09842m1,test_msl,bedrock,iou,0.9443075934454321,8817,9337,159008
dinov3_sat__finetuned__vitl16-sat493m__in_rover__seed1414__gpu_full__684c258f__gitc188b320__codebebd8b2d__20260713T043353711900Z,msl_ncam_nlb_502516974edr_f0511430ncam09842m1,test_msl,sand,iou,0.9965377419419272,149671,150191,159008
dinov3_sat__finetuned__vitl16-sat493m__in_rover__seed1414__gpu_full__684c258f__gitc188b320__codebebd8b2d__20260713T043353711900Z,msl_ncam_nlb_502516974edr_f0511430ncam09842m1,test_msl,big_rock,iou,,0,0,159008
dinov3_sat__finetuned__vitl16-sat493m__in_rover__seed1414__gpu_full__684c258f__gitc188b320__codebebd8b2d__20260713T043353711900Z,msl_ncam_nlb_502516974edr_f0511430ncam09842m1,test_msl,ALL,pixel_acc,0.9967297242906017,0,0,159008
dinov3_sat__finetuned__vitl16-sat493m__in_rover__seed1414__gpu_full__684c258f__gitc188b320__codebebd8b2d__20260713T043353711900Z,msl_ncam_nlb_502516974edr_f0511430ncam09842m1,test_msl,ALL,boundary_f1,0.9217230675216959,0,0,159008
dinov3_sat__finetuned__vitl16-sat493m__in_rover__seed1414__gpu_full__684c258f__gitc188b320__codebebd8b2d__20260713T043353711900Z,msl_ncam_nlb_502517100edr_f0511430ncam09842m1,test_msl,soil,iou,,0,0,195816
dinov3_sat__finetuned__vitl16-sat493m__in_rover__seed1414__gpu_full__684c258f__gitc188b320__codebebd8b2d__20260713T043353711900Z,msl_ncam_nlb_502517100edr_f0511430ncam09842m1,test_msl,bedrock,iou,,0,0,195816
dinov3_sat__finetuned__vitl16-sat493m__in_rover__seed1414__gpu_full__684c258f__gitc188b320__codebebd8b2d__20260713T043353711900Z,msl_ncam_nlb_502517100edr_f0511430ncam09842m1,test_msl,sand,iou,1.0,195816,195816,195816
dinov3_sat__finetuned__vitl16-sat493m__in_rover__seed1414__gpu_full__684c258f__gitc188b320__codebebd8b2d__20260713T043353711900Z,msl_ncam_nlb_502517100edr_f0511430ncam09842m1,test_msl,big_rock,iou,,0,0,195816
dinov3_sat__finetuned__vitl16-sat493m__in_rover__seed1414__gpu_full__684c258f__gitc188b320__codebebd8b2d__20260713T043353711900Z,msl_ncam_nlb_502517100edr_f0511430ncam09842m1,test_msl,ALL,pixel_acc,1.0,0,0,195816
dinov3_sat__finetuned__vitl16-sat493m__in_rover__seed1414__gpu_full__684c258f__gitc188b320__codebebd8b2d__20260713T043353711900Z,msl_ncam_nlb_502517100edr_f0511430ncam09842m1,test_msl,ALL,boundary_f1,1.0,0,0,195816
dinov3_sat__finetuned__vitl16-sat493m__in_rover__seed1414__gpu_full__684c258f__gitc188b320__codebebd8b2d__20260713T043353711900Z,msl_ncam_nlb_502517193edr_f0511430ncam09842m1,test_msl,soil,iou,,0,0,102176
dinov3_sat__finetuned__vitl16-sat493m__in_rover__seed1414__gpu_full__684c258f__gitc188b320__codebebd8b2d__20260713T043353711900Z,msl_ncam_nlb_502517193edr_f0511430ncam09842m1,test_msl,bedrock,iou,0.9666423939803738,27877,28839,102176
dinov3_sat__finetuned__vitl16-sat493m__in_rover__seed1414__gpu_full__684c258f__gitc188b320__codebebd8b2d__20260713T043353711900Z,msl_ncam_nlb_502517193edr_f0511430ncam09842m1,test_msl,sand,iou,0.9870523156435483,73337,74299,102176
dinov3_sat__finetuned__vitl16-sat493m__in_rover__seed1414__gpu_full__684c258f__gitc188b320__codebebd8b2d__20260713T043353711900Z,msl_ncam_nlb_502517193edr_f0511430ncam09842m1,test_msl,big_rock,iou,,0,0,102176
dinov3_sat__finetuned__vitl16-sat493m__in_rover__seed1414__gpu_full__684c258f__gitc188b320__codebebd8b2d__20260713T043353711900Z,msl_ncam_nlb_502517193edr_f0511430ncam09842m1,test_msl,ALL,pixel_acc,0.9905848731600376,0,0,102176
dinov3_sat__finetuned__vitl16-sat493m__in_rover__seed1414__gpu_full__684c258f__gitc188b320__codebebd8b2d__20260713T043353711900Z,msl_ncam_nlb_502517193edr_f0511430ncam09842m1,test_msl,ALL,boundary_f1,0.9452120821319256,0,0,102176
dinov3_sat__finetuned__vitl16-sat493m__in_rover__seed1414__gpu_full__684c258f__gitc188b320__codebebd8b2d__20260713T043353711900Z,msl_ncam_nlb_504390285edr_f0520004ncam00353m1,test_msl,soil,iou,,0,0,0
dinov3_sat__finetuned__vitl16-sat493m__in_rover__seed1414__gpu_full__684c258f__gitc188b320__codebebd8b2d__20260713T043353711900Z,msl_ncam_nlb_504390285edr_f0520004ncam00353m1,test_msl,bedrock,iou,,0,0,0
dinov3_sat__finetuned__vitl16-sat493m__in_rover__seed1414__gpu_full__684c258f__gitc188b320__codebebd8b2d__20260713T043353711900Z,msl_ncam_nlb_504390285edr_f0520004ncam00353m1,test_msl,sand,iou,,0,0,0
dinov3_sat__finetuned__vitl16-sat493m__in_rover__seed1414__gpu_full__684c258f__gitc188b320__codebebd8b2d__20260713T043353711900Z,msl_ncam_nlb_504390285edr_f0520004ncam00353m1,test_msl,big_rock,iou,,0,0,0
dinov3_sat__finetuned__vitl16-sat493m__in_rover__seed1414__gpu_full__684c258f__gitc188b320__codebebd8b2d__20260713T043353711900Z,msl_ncam_nlb_504390285edr_f0520004ncam00353m1,test_msl,ALL,pixel_acc,,0,0,0
dinov3_sat__finetuned__vitl16-sat493m__in_rover__seed1414__gpu_full__684c258f__gitc188b320__codebebd8b2d__20260713T043353711900Z,msl_ncam_nlb_504390285edr_f0520004ncam00353m1,test_msl,ALL,boundary_f1,,0,0,0
dinov3_sat__finetuned__vitl16-sat493m__in_rover__seed1414__gpu_full__684c258f__gitc188b320__codebebd8b2d__20260713T043353711900Z,msl_ncam_nlb_504390796edr_f0520004ncam00354m1,test_msl,soil,iou,,0,0,98057
dinov3_sat__finetuned__vitl16-sat493m__in_rover__seed1414__gpu_full__684c258f__gitc188b320__codebebd8b2d__20260713T043353711900Z,msl_ncam_nlb_504390796edr_f0520004ncam00354m1,test_msl,bedrock,iou,0.8712965679084775,83167,95452,98057
dinov3_sat__finetuned__vitl16-sat493m__in_rover__seed1414__gpu_full__684c258f__gitc188b320__codebebd8b2d__20260713T043353711900Z,msl_ncam_nlb_504390796edr_f0520004ncam00354m1,test_msl,sand,iou,0.17494963062458024,2605,14890,98057
dinov3_sat__finetuned__vitl16-sat493m__in_rover__seed1414__gpu_full__684c258f__gitc188b320__codebebd8b2d__20260713T043353711900Z,msl_ncam_nlb_504390796edr_f0520004ncam00354m1,test_msl,big_rock,iou,,0,0,98057
dinov3_sat__finetuned__vitl16-sat493m__in_rover__seed1414__gpu_full__684c258f__gitc188b320__codebebd8b2d__20260713T043353711900Z,msl_ncam_nlb_504390796edr_f0520004ncam00354m1,test_msl,ALL,pixel_acc,0.8747157265672008,0,0,98057
dinov3_sat__finetuned__vitl16-sat493m__in_rover__seed1414__gpu_full__684c258f__gitc188b320__codebebd8b2d__20260713T043353711900Z,msl_ncam_nlb_504390796edr_f0520004ncam00354m1,test_msl,ALL,boundary_f1,0.561347623685515,0,0,98057
dinov3_sat__finetuned__vitl16-sat493m__in_rover__seed1414__gpu_full__684c258f__gitc188b320__codebebd8b2d__20260713T043353711900Z,msl_ncam_nlb_504390846edr_f0520004ncam00354m1,test_msl,soil,iou,,0,0,66198
dinov3_sat__finetuned__vitl16-sat493m__in_rover__seed1414__gpu_full__684c258f__gitc188b320__codebebd8b2d__20260713T043353711900Z,msl_ncam_nlb_504390846edr_f0520004ncam00354m1,test_msl,bedrock,iou,0.8429910595142781,50539,59952,66198
dinov3_sat__finetuned__vitl16-sat493m__in_rover__seed1414__gpu_full__684c258f__gitc188b320__codebebd8b2d__20260713T043353711900Z,msl_ncam_nlb_504390846edr_f0520004ncam00354m1,test_msl,sand,iou,0.3832300913212849,6001,15659,66198
dinov3_sat__finetuned__vitl16-sat493m__in_rover__seed1414__gpu_full__684c258f__gitc188b320__codebebd8b2d__20260713T043353711900Z,msl_ncam_nlb_504390846edr_f0520004ncam00354m1,test_msl,big_rock,iou,0.0,0,245,66198
dinov3_sat__finetuned__vitl16-sat493m__in_rover__seed1414__gpu_full__684c258f__gitc188b320__codebebd8b2d__20260713T043353711900Z,msl_ncam_nlb_504390846edr_f0520004ncam00354m1,test_msl,ALL,pixel_acc,0.8541043536058491,0,0,66198
dinov3_sat__finetuned__vitl16-sat493m__in_rover__seed1414__gpu_full__684c258f__gitc188b320__codebebd8b2d__20260713T043353711900Z,msl_ncam_nlb_504390846edr_f0520004ncam00354m1,test_msl,ALL,boundary_f1,0.4029979028814104,0,0,66198
dinov3_sat__finetuned__vitl16-sat493m__in_rover__seed1414__gpu_full__684c258f__gitc188b320__codebebd8b2d__20260713T043353711900Z,msl_ncam_nlb_504391195edr_f0520004ncam07753m1,test_msl,soil,iou,,0,0,173925
dinov3_sat__finetuned__vitl16-sat493m__in_rover__seed1414__gpu_full__684c258f__gitc188b320__codebebd8b2d__20260713T043353711900Z,msl_ncam_nlb_504391195edr_f0520004ncam07753m1,test_msl,bedrock,iou,0.983232077764277,52598,53495,173925
dinov3_sat__finetuned__vitl16-sat493m__in_rover__seed1414__gpu_full__684c258f__gitc188b320__codebebd8b2d__20260713T043353711900Z,msl_ncam_nlb_504391195edr_f0520004ncam07753m1,test_msl,sand,iou,0.9926067569461043,120430,121327,173925
dinov3_sat__finetuned__vitl16-sat493m__in_rover__seed1414__gpu_full__684c258f__gitc188b320__codebebd8b2d__20260713T043353711900Z,msl_ncam_nlb_504391195edr_f0520004ncam07753m1,test_msl,big_rock,iou,,0,0,173925
dinov3_sat__finetuned__vitl16-sat493m__in_rover__seed1414__gpu_full__684c258f__gitc188b320__codebebd8b2d__20260713T043353711900Z,msl_ncam_nlb_504391195edr_f0520004ncam07753m1,test_msl,ALL,pixel_acc,0.9948426045709358,0,0,173925
dinov3_sat__finetuned__vitl16-sat493m__in_rover__seed1414__gpu_full__684c258f__gitc188b320__codebebd8b2d__20260713T043353711900Z,msl_ncam_nlb_504391195edr_f0520004ncam07753m1,test_msl,ALL,boundary_f1,0.9454102462943133,0,0,173925
dinov3_sat__finetuned__vitl16-sat493m__in_rover__seed1414__gpu_full__684c258f__gitc188b320__codebebd8b2d__20260713T043353711900Z,msl_ncam_nlb_504391382edr_f0520004ncam07753m1,test_msl,soil,iou,,0,0,62981
dinov3_sat__finetuned__vitl16-sat493m__in_rover__seed1414__gpu_full__684c258f__gitc188b320__codebebd8b2d__20260713T043353711900Z,msl_ncam_nlb_504391382edr_f0520004ncam07753m1,test_msl,bedrock,iou,0.9598748329476189,29448,30679,62981
dinov3_sat__finetuned__vitl16-sat493m__in_rover__seed1414__gpu_full__684c258f__gitc188b320__codebebd8b2d__20260713T043353711900Z,msl_ncam_nlb_504391382edr_f0520004ncam07753m1,test_msl,sand,iou,0.9632898935377091,32302,33533,62981
dinov3_sat__finetuned__vitl16-sat493m__in_rover__seed1414__gpu_full__684c258f__gitc188b320__codebebd8b2d__20260713T043353711900Z,msl_ncam_nlb_504391382edr_f0520004ncam07753m1,test_msl,big_rock,iou,,0,0,62981
dinov3_sat__finetuned__vitl16-sat493m__in_rover__seed1414__gpu_full__684c258f__gitc188b320__codebebd8b2d__20260713T043353711900Z,msl_ncam_nlb_504391382edr_f0520004ncam07753m1,test_msl,ALL,pixel_acc,0.9804544227624205,0,0,62981
dinov3_sat__finetuned__vitl16-sat493m__in_rover__seed1414__gpu_full__684c258f__gitc188b320__codebebd8b2d__20260713T043353711900Z,msl_ncam_nlb_504391382edr_f0520004ncam07753m1,test_msl,ALL,boundary_f1,0.9029548306865517,0,0,62981
dinov3_sat__finetuned__vitl16-sat493m__in_rover__seed1414__gpu_full__684c258f__gitc188b320__codebebd8b2d__20260713T043353711900Z,msl_ncam_nlb_505891855edr_f0521112ncam00319m1,test_msl,soil,iou,,0,0,93351
dinov3_sat__finetuned__vitl16-sat493m__in_rover__seed1414__gpu_full__684c258f__gitc188b320__codebebd8b2d__20260713T043353711900Z,msl_ncam_nlb_505891855edr_f0521112ncam00319m1,test_msl,bedrock,iou,,0,0,93351
dinov3_sat__finetuned__vitl16-sat493m__in_rover__seed1414__gpu_full__684c258f__gitc188b320__codebebd8b2d__20260713T043353711900Z,msl_ncam_nlb_505891855edr_f0521112ncam00319m1,test_msl,sand,iou,1.0,93351,93351,93351
dinov3_sat__finetuned__vitl16-sat493m__in_rover__seed1414__gpu_full__684c258f__gitc188b320__codebebd8b2d__20260713T043353711900Z,msl_ncam_nlb_505891855edr_f0521112ncam00319m1,test_msl,big_rock,iou,,0,0,93351
dinov3_sat__finetuned__vitl16-sat493m__in_rover__seed1414__gpu_full__684c258f__gitc188b320__codebebd8b2d__20260713T043353711900Z,msl_ncam_nlb_505891855edr_f0521112ncam00319m1,test_msl,ALL,pixel_acc,1.0,0,0,93351
dinov3_sat__finetuned__vitl16-sat493m__in_rover__seed1414__gpu_full__684c258f__gitc188b320__codebebd8b2d__20260713T043353711900Z,msl_ncam_nlb_505891855edr_f0521112ncam00319m1,test_msl,ALL,boundary_f1,1.0,0,0,93351
dinov3_sat__finetuned__vitl16-sat493m__in_rover__seed1414__gpu_full__684c258f__gitc188b320__codebebd8b2d__20260713T043353711900Z,msl_ncam_nlb_505898310edr_f0521162ncam12753m1,test_msl,soil,iou,,0,0,39614
dinov3_sat__finetuned__vitl16-sat493m__in_rover__seed1414__gpu_full__684c258f__gitc188b320__codebebd8b2d__20260713T043353711900Z,msl_ncam_nlb_505898310edr_f0521162ncam12753m1,test_msl,bedrock,iou,0.9307626816072067,33890,36411,39614
dinov3_sat__finetuned__vitl16-sat493m__in_rover__seed1414__gpu_full__684c258f__gitc188b320__codebebd8b2d__20260713T043353711900Z,msl_ncam_nlb_505898310edr_f0521162ncam12753m1,test_msl,sand,iou,0.5595737246680643,3203,5724,39614
dinov3_sat__finetuned__vitl16-sat493m__in_rover__seed1414__gpu_full__684c258f__gitc188b320__codebebd8b2d__20260713T043353711900Z,msl_ncam_nlb_505898310edr_f0521162ncam12753m1,test_msl,big_rock,iou,,0,0,39614
dinov3_sat__finetuned__vitl16-sat493m__in_rover__seed1414__gpu_full__684c258f__gitc188b320__codebebd8b2d__20260713T043353711900Z,msl_ncam_nlb_505898310edr_f0521162ncam12753m1,test_msl,ALL,pixel_acc,0.9363608825162821,0,0,39614
dinov3_sat__finetuned__vitl16-sat493m__in_rover__seed1414__gpu_full__684c258f__gitc188b320__codebebd8b2d__20260713T043353711900Z,msl_ncam_nlb_505898310edr_f0521162ncam12753m1,test_msl,ALL,boundary_f1,0.724110637894615,0,0,39614
dinov3_sat__finetuned__vitl16-sat493m__in_rover__seed1414__gpu_full__684c258f__gitc188b320__codebebd8b2d__20260713T043353711900Z,msl_ncam_nlb_505898372edr_f0521162ncam12753m1,test_msl,soil,iou,,0,0,70730
dinov3_sat__finetuned__vitl16-sat493m__in_rover__seed1414__gpu_full__684c258f__gitc188b320__codebebd8b2d__20260713T043353711900Z,msl_ncam_nlb_505898372edr_f0521162ncam12753m1,test_msl,bedrock,iou,0.93523871784919,45779,48949,70730
dinov3_sat__finetuned__vitl16-sat493m__in_rover__seed1414__gpu_full__684c258f__gitc188b320__codebebd8b2d__20260713T043353711900Z,msl_ncam_nlb_505898372edr_f0521162ncam12753m1,test_msl,sand,iou,0.8729509839284999,21781,24951,70730
dinov3_sat__finetuned__vitl16-sat493m__in_rover__seed1414__gpu_full__684c258f__gitc188b320__codebebd8b2d__20260713T043353711900Z,msl_ncam_nlb_505898372edr_f0521162ncam12753m1,test_msl,big_rock,iou,,0,0,70730
dinov3_sat__finetuned__vitl16-sat493m__in_rover__seed1414__gpu_full__684c258f__gitc188b320__codebebd8b2d__20260713T043353711900Z,msl_ncam_nlb_505898372edr_f0521162ncam12753m1,test_msl,ALL,pixel_acc,0.9551816767990952,0,0,70730
dinov3_sat__finetuned__vitl16-sat493m__in_rover__seed1414__gpu_full__684c258f__gitc188b320__codebebd8b2d__20260713T043353711900Z,msl_ncam_nlb_505898372edr_f0521162ncam12753m1,test_msl,ALL,boundary_f1,0.8609839866924394,0,0,70730
dinov3_sat__finetuned__vitl16-sat493m__in_rover__seed1414__gpu_full__684c258f__gitc188b320__codebebd8b2d__20260713T043353711900Z,msl_ncam_nlb_505898434edr_f0521162ncam12753m1,test_msl,soil,iou,0.0,0,38,186871
dinov3_sat__finetuned__vitl16-sat493m__in_rover__seed1414__gpu_full__684c258f__gitc188b320__codebebd8b2d__20260713T043353711900Z,msl_ncam_nlb_505898434edr_f0521162ncam12753m1,test_msl,bedrock,iou,,0,0,186871
dinov3_sat__finetuned__vitl16-sat493m__in_rover__seed1414__gpu_full__684c258f__gitc188b320__codebebd8b2d__20260713T043353711900Z,msl_ncam_nlb_505898434edr_f0521162ncam12753m1,test_msl,sand,iou,0.9997966511657774,186833,186871,186871
dinov3_sat__finetuned__vitl16-sat493m__in_rover__seed1414__gpu_full__684c258f__gitc188b320__codebebd8b2d__20260713T043353711900Z,msl_ncam_nlb_505898434edr_f0521162ncam12753m1,test_msl,big_rock,iou,,0,0,186871
dinov3_sat__finetuned__vitl16-sat493m__in_rover__seed1414__gpu_full__684c258f__gitc188b320__codebebd8b2d__20260713T043353711900Z,msl_ncam_nlb_505898434edr_f0521162ncam12753m1,test_msl,ALL,pixel_acc,0.9997966511657774,0,0,186871
dinov3_sat__finetuned__vitl16-sat493m__in_rover__seed1414__gpu_full__684c258f__gitc188b320__codebebd8b2d__20260713T043353711900Z,msl_ncam_nlb_505898434edr_f0521162ncam12753m1,test_msl,ALL,boundary_f1,0.5,0,0,186871
dinov3_sat__finetuned__vitl16-sat493m__in_rover__seed1414__gpu_full__684c258f__gitc188b320__codebebd8b2d__20260713T043353711900Z,msl_ncam_nlb_505898562edr_f0521162ncam12753m1,test_msl,soil,iou,,0,0,0
dinov3_sat__finetuned__vitl16-sat493m__in_rover__seed1414__gpu_full__684c258f__gitc188b320__codebebd8b2d__20260713T043353711900Z,msl_ncam_nlb_505898562edr_f0521162ncam12753m1,test_msl,bedrock,iou,,0,0,0
dinov3_sat__finetuned__vitl16-sat493m__in_rover__seed1414__gpu_full__684c258f__gitc188b320__codebebd8b2d__20260713T043353711900Z,msl_ncam_nlb_505898562edr_f0521162ncam12753m1,test_msl,sand,iou,,0,0,0
dinov3_sat__finetuned__vitl16-sat493m__in_rover__seed1414__gpu_full__684c258f__gitc188b320__codebebd8b2d__20260713T043353711900Z,msl_ncam_nlb_505898562edr_f0521162ncam12753m1,test_msl,big_rock,iou,,0,0,0
dinov3_sat__finetuned__vitl16-sat493m__in_rover__seed1414__gpu_full__684c258f__gitc188b320__codebebd8b2d__20260713T043353711900Z,msl_ncam_nlb_505898562edr_f0521162ncam12753m1,test_msl,ALL,pixel_acc,,0,0,0
dinov3_sat__finetuned__vitl16-sat493m__in_rover__seed1414__gpu_full__684c258f__gitc188b320__codebebd8b2d__20260713T043353711900Z,msl_ncam_nlb_505898562edr_f0521162ncam12753m1,test_msl,ALL,boundary_f1,,0,0,0
dinov3_sat__finetuned__vitl16-sat493m__in_rover__seed1414__gpu_full__684c258f__gitc188b320__codebebd8b2d__20260713T043353711900Z,msl_ncam_nlb_505898711edr_f0521162ncam12753m1,test_msl,soil,iou,0.0,0,7841,84361
dinov3_sat__finetuned__vitl16-sat493m__in_rover__seed1414__gpu_full__684c258f__gitc188b320__codebebd8b2d__20260713T043353711900Z,msl_ncam_nlb_505898711edr_f0521162ncam12753m1,test_msl,bedrock,iou,0.36276733635774466,4478,12344,84361
dinov3_sat__finetuned__vitl16-sat493m__in_rover__seed1414__gpu_full__684c258f__gitc188b320__codebebd8b2d__20260713T043353711900Z,msl_ncam_nlb_505898711edr_f0521162ncam12753m1,test_msl,sand,iou,0.9996529802059909,72017,72042,84361
dinov3_sat__finetuned__vitl16-sat493m__in_rover__seed1414__gpu_full__684c258f__gitc188b320__codebebd8b2d__20260713T043353711900Z,msl_ncam_nlb_505898711edr_f0521162ncam12753m1,test_msl,big_rock,iou,,0,0,84361
dinov3_sat__finetuned__vitl16-sat493m__in_rover__seed1414__gpu_full__684c258f__gitc188b320__codebebd8b2d__20260713T043353711900Z,msl_ncam_nlb_505898711edr_f0521162ncam12753m1,test_msl,ALL,pixel_acc,0.9067578620452579,0,0,84361
dinov3_sat__finetuned__vitl16-sat493m__in_rover__seed1414__gpu_full__684c258f__gitc188b320__codebebd8b2d__20260713T043353711900Z,msl_ncam_nlb_505898711edr_f0521162ncam12753m1,test_msl,ALL,boundary_f1,0.5598512875476654,0,0,84361
dinov3_sat__finetuned__vitl16-sat493m__in_rover__seed1414__gpu_full__684c258f__gitc188b320__codebebd8b2d__20260713T043353711900Z,msl_ncam_nlb_505898763edr_f0521162ncam00353m1,test_msl,soil,iou,,0,0,107150
dinov3_sat__finetuned__vitl16-sat493m__in_rover__seed1414__gpu_full__684c258f__gitc188b320__codebebd8b2d__20260713T043353711900Z,msl_ncam_nlb_505898763edr_f0521162ncam00353m1,test_msl,bedrock,iou,0.9339071299543088,8789,9411,107150
dinov3_sat__finetuned__vitl16-sat493m__in_rover__seed1414__gpu_full__684c258f__gitc188b320__codebebd8b2d__20260713T043353711900Z,msl_ncam_nlb_505898763edr_f0521162ncam00353m1,test_msl,sand,iou,0.9936763554660892,97739,98361,107150
dinov3_sat__finetuned__vitl16-sat493m__in_rover__seed1414__gpu_full__684c258f__gitc188b320__codebebd8b2d__20260713T043353711900Z,msl_ncam_nlb_505898763edr_f0521162ncam00353m1,test_msl,big_rock,iou,,0,0,107150
dinov3_sat__finetuned__vitl16-sat493m__in_rover__seed1414__gpu_full__684c258f__gitc188b320__codebebd8b2d__20260713T043353711900Z,msl_ncam_nlb_505898763edr_f0521162ncam00353m1,test_msl,ALL,pixel_acc,0.9941950536630891,0,0,107150
dinov3_sat__finetuned__vitl16-sat493m__in_rover__seed1414__gpu_full__684c258f__gitc188b320__codebebd8b2d__20260713T043353711900Z,msl_ncam_nlb_505898763edr_f0521162ncam00353m1,test_msl,ALL,boundary_f1,0.8949073908827399,0,0,107150
dinov3_sat__finetuned__vitl16-sat493m__in_rover__seed1414__gpu_full__684c258f__gitc188b320__codebebd8b2d__20260713T043353711900Z,msl_ncam_nlb_505900047edr_f0521162ncam00352m1,test_msl,soil,iou,,0,0,228276
dinov3_sat__finetuned__vitl16-sat493m__in_rover__seed1414__gpu_full__684c258f__gitc188b320__codebebd8b2d__20260713T043353711900Z,msl_ncam_nlb_505900047edr_f0521162ncam00352m1,test_msl,bedrock,iou,0.0,0,3947,228276
dinov3_sat__finetuned__vitl16-sat493m__in_rover__seed1414__gpu_full__684c258f__gitc188b320__codebebd8b2d__20260713T043353711900Z,msl_ncam_nlb_505900047edr_f0521162ncam00352m1,test_msl,sand,iou,0.9827095270637298,224329,228276,228276
dinov3_sat__finetuned__vitl16-sat493m__in_rover__seed1414__gpu_full__684c258f__gitc188b320__codebebd8b2d__20260713T043353711900Z,msl_ncam_nlb_505900047edr_f0521162ncam00352m1,test_msl,big_rock,iou,,0,0,228276
dinov3_sat__finetuned__vitl16-sat493m__in_rover__seed1414__gpu_full__684c258f__gitc188b320__codebebd8b2d__20260713T043353711900Z,msl_ncam_nlb_505900047edr_f0521162ncam00352m1,test_msl,ALL,pixel_acc,0.9827095270637298,0,0,228276
dinov3_sat__finetuned__vitl16-sat493m__in_rover__seed1414__gpu_full__684c258f__gitc188b320__codebebd8b2d__20260713T043353711900Z,msl_ncam_nlb_505900047edr_f0521162ncam00352m1,test_msl,ALL,boundary_f1,0.44012783862782257,0,0,228276
dinov3_sat__finetuned__vitl16-sat493m__in_rover__seed1414__gpu_full__684c258f__gitc188b320__codebebd8b2d__20260713T043353711900Z,msl_ncam_nlb_512555058edr_f0532644ncam00264m1,test_msl,soil,iou,,0,0,77059
dinov3_sat__finetuned__vitl16-sat493m__in_rover__seed1414__gpu_full__684c258f__gitc188b320__codebebd8b2d__20260713T043353711900Z,msl_ncam_nlb_512555058edr_f0532644ncam00264m1,test_msl,bedrock,iou,0.9813556317220187,33213,33844,77059
dinov3_sat__finetuned__vitl16-sat493m__in_rover__seed1414__gpu_full__684c258f__gitc188b320__codebebd8b2d__20260713T043353711900Z,msl_ncam_nlb_512555058edr_f0532644ncam00264m1,test_msl,sand,iou,0.996173439985247,43215,43381,77059
dinov3_sat__finetuned__vitl16-sat493m__in_rover__seed1414__gpu_full__684c258f__gitc188b320__codebebd8b2d__20260713T043353711900Z,msl_ncam_nlb_512555058edr_f0532644ncam00264m1,test_msl,big_rock,iou,0.0,0,465,77059
dinov3_sat__finetuned__vitl16-sat493m__in_rover__seed1414__gpu_full__684c258f__gitc188b320__codebebd8b2d__20260713T043353711900Z,msl_ncam_nlb_512555058edr_f0532644ncam00264m1,test_msl,ALL,pixel_acc,0.9918114691340402,0,0,77059
dinov3_sat__finetuned__vitl16-sat493m__in_rover__seed1414__gpu_full__684c258f__gitc188b320__codebebd8b2d__20260713T043353711900Z,msl_ncam_nlb_512555058edr_f0532644ncam00264m1,test_msl,ALL,boundary_f1,0.6480478509333817,0,0,77059
dinov3_sat__finetuned__vitl16-sat493m__in_rover__seed1414__gpu_full__684c258f__gitc188b320__codebebd8b2d__20260713T043353711900Z,msl_ncam_nlb_512555120edr_f0532644ncam00264m1,test_msl,soil,iou,,0,0,31610
dinov3_sat__finetuned__vitl16-sat493m__in_rover__seed1414__gpu_full__684c258f__gitc188b320__codebebd8b2d__20260713T043353711900Z,msl_ncam_nlb_512555120edr_f0532644ncam00264m1,test_msl,bedrock,iou,1.0,31610,31610,31610
dinov3_sat__finetuned__vitl16-sat493m__in_rover__seed1414__gpu_full__684c258f__gitc188b320__codebebd8b2d__20260713T043353711900Z,msl_ncam_nlb_512555120edr_f0532644ncam00264m1,test_msl,sand,iou,,0,0,31610
dinov3_sat__finetuned__vitl16-sat493m__in_rover__seed1414__gpu_full__684c258f__gitc188b320__codebebd8b2d__20260713T043353711900Z,msl_ncam_nlb_512555120edr_f0532644ncam00264m1,test_msl,big_rock,iou,,0,0,31610
dinov3_sat__finetuned__vitl16-sat493m__in_rover__seed1414__gpu_full__684c258f__gitc188b320__codebebd8b2d__20260713T043353711900Z,msl_ncam_nlb_512555120edr_f0532644ncam00264m1,test_msl,ALL,pixel_acc,1.0,0,0,31610
dinov3_sat__finetuned__vitl16-sat493m__in_rover__seed1414__gpu_full__684c258f__gitc188b320__codebebd8b2d__20260713T043353711900Z,msl_ncam_nlb_512555120edr_f0532644ncam00264m1,test_msl,ALL,boundary_f1,1.0,0,0,31610
dinov3_sat__finetuned__vitl16-sat493m__in_rover__seed1414__gpu_full__684c258f__gitc188b320__codebebd8b2d__20260713T043353711900Z,msl_ncam_nlb_512555645edr_f0532644ncam00354m1,test_msl,soil,iou,,0,0,29150
dinov3_sat__finetuned__vitl16-sat493m__in_rover__seed1414__gpu_full__684c258f__gitc188b320__codebebd8b2d__20260713T043353711900Z,msl_ncam_nlb_512555645edr_f0532644ncam00354m1,test_msl,bedrock,iou,0.0,0,3333,29150
dinov3_sat__finetuned__vitl16-sat493m__in_rover__seed1414__gpu_full__684c258f__gitc188b320__codebebd8b2d__20260713T043353711900Z,msl_ncam_nlb_512555645edr_f0532644ncam00354m1,test_msl,sand,iou,0.8856603773584906,25817,29150,29150
dinov3_sat__finetuned__vitl16-sat493m__in_rover__seed1414__gpu_full__684c258f__gitc188b320__codebebd8b2d__20260713T043353711900Z,msl_ncam_nlb_512555645edr_f0532644ncam00354m1,test_msl,big_rock,iou,,0,0,29150
dinov3_sat__finetuned__vitl16-sat493m__in_rover__seed1414__gpu_full__684c258f__gitc188b320__codebebd8b2d__20260713T043353711900Z,msl_ncam_nlb_512555645edr_f0532644ncam00354m1,test_msl,ALL,pixel_acc,0.8856603773584906,0,0,29150
dinov3_sat__finetuned__vitl16-sat493m__in_rover__seed1414__gpu_full__684c258f__gitc188b320__codebebd8b2d__20260713T043353711900Z,msl_ncam_nlb_512555645edr_f0532644ncam00354m1,test_msl,ALL,boundary_f1,0.4101332535929878,0,0,29150
dinov3_sat__finetuned__vitl16-sat493m__in_rover__seed1414__gpu_full__684c258f__gitc188b320__codebebd8b2d__20260713T043353711900Z,msl_ncam_nlb_512555804edr_f0532644ncam07753m1,test_msl,soil,iou,,0,0,0
dinov3_sat__finetuned__vitl16-sat493m__in_rover__seed1414__gpu_full__684c258f__gitc188b320__codebebd8b2d__20260713T043353711900Z,msl_ncam_nlb_512555804edr_f0532644ncam07753m1,test_msl,bedrock,iou,,0,0,0
dinov3_sat__finetuned__vitl16-sat493m__in_rover__seed1414__gpu_full__684c258f__gitc188b320__codebebd8b2d__20260713T043353711900Z,msl_ncam_nlb_512555804edr_f0532644ncam07753m1,test_msl,sand,iou,,0,0,0
dinov3_sat__finetuned__vitl16-sat493m__in_rover__seed1414__gpu_full__684c258f__gitc188b320__codebebd8b2d__20260713T043353711900Z,msl_ncam_nlb_512555804edr_f0532644ncam07753m1,test_msl,big_rock,iou,,0,0,0
dinov3_sat__finetuned__vitl16-sat493m__in_rover__seed1414__gpu_full__684c258f__gitc188b320__codebebd8b2d__20260713T043353711900Z,msl_ncam_nlb_512555804edr_f0532644ncam07753m1,test_msl,ALL,pixel_acc,,0,0,0
dinov3_sat__finetuned__vitl16-sat493m__in_rover__seed1414__gpu_full__684c258f__gitc188b320__codebebd8b2d__20260713T043353711900Z,msl_ncam_nlb_512555804edr_f0532644ncam07753m1,test_msl,ALL,boundary_f1,,0,0,0
dinov3_sat__finetuned__vitl16-sat493m__in_rover__seed1414__gpu_full__684c258f__gitc188b320__codebebd8b2d__20260713T043353711900Z,msl_ncam_nlb_512555867edr_f0532644ncam07753m1,test_msl,soil,iou,,0,0,52439
dinov3_sat__finetuned__vitl16-sat493m__in_rover__seed1414__gpu_full__684c258f__gitc188b320__codebebd8b2d__20260713T043353711900Z,msl_ncam_nlb_512555867edr_f0532644ncam07753m1,test_msl,bedrock,iou,0.9873833053396351,50556,51202,52439
dinov3_sat__finetuned__vitl16-sat493m__in_rover__seed1414__gpu_full__684c258f__gitc188b320__codebebd8b2d__20260713T043353711900Z,msl_ncam_nlb_512555867edr_f0532644ncam07753m1,test_msl,sand,iou,0.6569304301646309,1237,1883,52439
dinov3_sat__finetuned__vitl16-sat493m__in_rover__seed1414__gpu_full__684c258f__gitc188b320__codebebd8b2d__20260713T043353711900Z,msl_ncam_nlb_512555867edr_f0532644ncam07753m1,test_msl,big_rock,iou,,0,0,52439
dinov3_sat__finetuned__vitl16-sat493m__in_rover__seed1414__gpu_full__684c258f__gitc188b320__codebebd8b2d__20260713T043353711900Z,msl_ncam_nlb_512555867edr_f0532644ncam07753m1,test_msl,ALL,pixel_acc,0.9876809245027556,0,0,52439
dinov3_sat__finetuned__vitl16-sat493m__in_rover__seed1414__gpu_full__684c258f__gitc188b320__codebebd8b2d__20260713T043353711900Z,msl_ncam_nlb_512555867edr_f0532644ncam07753m1,test_msl,ALL,boundary_f1,0.7986897577105858,0,0,52439
dinov3_sat__finetuned__vitl16-sat493m__in_rover__seed1414__gpu_full__684c258f__gitc188b320__codebebd8b2d__20260713T043353711900Z,msl_ncam_nlb_520358689edr_f0550940ncam00299m1,test_msl,soil,iou,,0,0,27530
dinov3_sat__finetuned__vitl16-sat493m__in_rover__seed1414__gpu_full__684c258f__gitc188b320__codebebd8b2d__20260713T043353711900Z,msl_ncam_nlb_520358689edr_f0550940ncam00299m1,test_msl,bedrock,iou,1.0,27530,27530,27530
dinov3_sat__finetuned__vitl16-sat493m__in_rover__seed1414__gpu_full__684c258f__gitc188b320__codebebd8b2d__20260713T043353711900Z,msl_ncam_nlb_520358689edr_f0550940ncam00299m1,test_msl,sand,iou,,0,0,27530
dinov3_sat__finetuned__vitl16-sat493m__in_rover__seed1414__gpu_full__684c258f__gitc188b320__codebebd8b2d__20260713T043353711900Z,msl_ncam_nlb_520358689edr_f0550940ncam00299m1,test_msl,big_rock,iou,,0,0,27530
dinov3_sat__finetuned__vitl16-sat493m__in_rover__seed1414__gpu_full__684c258f__gitc188b320__codebebd8b2d__20260713T043353711900Z,msl_ncam_nlb_520358689edr_f0550940ncam00299m1,test_msl,ALL,pixel_acc,1.0,0,0,27530
dinov3_sat__finetuned__vitl16-sat493m__in_rover__seed1414__gpu_full__684c258f__gitc188b320__codebebd8b2d__20260713T043353711900Z,msl_ncam_nlb_520358689edr_f0550940ncam00299m1,test_msl,ALL,boundary_f1,1.0,0,0,27530
dinov3_sat__finetuned__vitl16-sat493m__in_rover__seed1414__gpu_full__684c258f__gitc188b320__codebebd8b2d__20260713T043353711900Z,msl_ncam_nlb_520358799edr_f0550940ncam00299m1,test_msl,soil,iou,,0,0,150778
dinov3_sat__finetuned__vitl16-sat493m__in_rover__seed1414__gpu_full__684c258f__gitc188b320__codebebd8b2d__20260713T043353711900Z,msl_ncam_nlb_520358799edr_f0550940ncam00299m1,test_msl,bedrock,iou,1.0,150778,150778,150778
dinov3_sat__finetuned__vitl16-sat493m__in_rover__seed1414__gpu_full__684c258f__gitc188b320__codebebd8b2d__20260713T043353711900Z,msl_ncam_nlb_520358799edr_f0550940ncam00299m1,test_msl,sand,iou,,0,0,150778
dinov3_sat__finetuned__vitl16-sat493m__in_rover__seed1414__gpu_full__684c258f__gitc188b320__codebebd8b2d__20260713T043353711900Z,msl_ncam_nlb_520358799edr_f0550940ncam00299m1,test_msl,big_rock,iou,,0,0,150778
dinov3_sat__finetuned__vitl16-sat493m__in_rover__seed1414__gpu_full__684c258f__gitc188b320__codebebd8b2d__20260713T043353711900Z,msl_ncam_nlb_520358799edr_f0550940ncam00299m1,test_msl,ALL,pixel_acc,1.0,0,0,150778
dinov3_sat__finetuned__vitl16-sat493m__in_rover__seed1414__gpu_full__684c258f__gitc188b320__codebebd8b2d__20260713T043353711900Z,msl_ncam_nlb_520358799edr_f0550940ncam00299m1,test_msl,ALL,boundary_f1,1.0,0,0,150778
dinov3_sat__finetuned__vitl16-sat493m__in_rover__seed1414__gpu_full__684c258f__gitc188b320__codebebd8b2d__20260713T043353711900Z,msl_ncam_nlb_520359057edr_f0550940ncam00654m1,test_msl,soil,iou,,0,0,36846
dinov3_sat__finetuned__vitl16-sat493m__in_rover__seed1414__gpu_full__684c258f__gitc188b320__codebebd8b2d__20260713T043353711900Z,msl_ncam_nlb_520359057edr_f0550940ncam00654m1,test_msl,bedrock,iou,0.8093144439016446,29820,36846,36846
dinov3_sat__finetuned__vitl16-sat493m__in_rover__seed1414__gpu_full__684c258f__gitc188b320__codebebd8b2d__20260713T043353711900Z,msl_ncam_nlb_520359057edr_f0550940ncam00654m1,test_msl,sand,iou,0.0,0,7026,36846
dinov3_sat__finetuned__vitl16-sat493m__in_rover__seed1414__gpu_full__684c258f__gitc188b320__codebebd8b2d__20260713T043353711900Z,msl_ncam_nlb_520359057edr_f0550940ncam00654m1,test_msl,big_rock,iou,,0,0,36846
dinov3_sat__finetuned__vitl16-sat493m__in_rover__seed1414__gpu_full__684c258f__gitc188b320__codebebd8b2d__20260713T043353711900Z,msl_ncam_nlb_520359057edr_f0550940ncam00654m1,test_msl,ALL,pixel_acc,0.8093144439016446,0,0,36846
dinov3_sat__finetuned__vitl16-sat493m__in_rover__seed1414__gpu_full__684c258f__gitc188b320__codebebd8b2d__20260713T043353711900Z,msl_ncam_nlb_520359057edr_f0550940ncam00654m1,test_msl,ALL,boundary_f1,0.4054521852012116,0,0,36846
dinov3_sat__finetuned__vitl16-sat493m__in_rover__seed1414__gpu_full__684c258f__gitc188b320__codebebd8b2d__20260713T043353711900Z,msl_ncam_nlb_520359112edr_f0550940ncam00654m1,test_msl,soil,iou,,0,0,51622
dinov3_sat__finetuned__vitl16-sat493m__in_rover__seed1414__gpu_full__684c258f__gitc188b320__codebebd8b2d__20260713T043353711900Z,msl_ncam_nlb_520359112edr_f0550940ncam00654m1,test_msl,bedrock,iou,0.9766572391615977,50417,51622,51622
dinov3_sat__finetuned__vitl16-sat493m__in_rover__seed1414__gpu_full__684c258f__gitc188b320__codebebd8b2d__20260713T043353711900Z,msl_ncam_nlb_520359112edr_f0550940ncam00654m1,test_msl,sand,iou,0.0,0,1205,51622
dinov3_sat__finetuned__vitl16-sat493m__in_rover__seed1414__gpu_full__684c258f__gitc188b320__codebebd8b2d__20260713T043353711900Z,msl_ncam_nlb_520359112edr_f0550940ncam00654m1,test_msl,big_rock,iou,,0,0,51622
dinov3_sat__finetuned__vitl16-sat493m__in_rover__seed1414__gpu_full__684c258f__gitc188b320__codebebd8b2d__20260713T043353711900Z,msl_ncam_nlb_520359112edr_f0550940ncam00654m1,test_msl,ALL,pixel_acc,0.9766572391615977,0,0,51622
dinov3_sat__finetuned__vitl16-sat493m__in_rover__seed1414__gpu_full__684c258f__gitc188b320__codebebd8b2d__20260713T043353711900Z,msl_ncam_nlb_520359112edr_f0550940ncam00654m1,test_msl,ALL,boundary_f1,0.4903941938238224,0,0,51622
dinov3_sat__finetuned__vitl16-sat493m__in_rover__seed1414__gpu_full__684c258f__gitc188b320__codebebd8b2d__20260713T043353711900Z,msl_ncam_nlb_520359279edr_f0550940ncam07753m1,test_msl,soil,iou,,0,0,52407
dinov3_sat__finetuned__vitl16-sat493m__in_rover__seed1414__gpu_full__684c258f__gitc188b320__codebebd8b2d__20260713T043353711900Z,msl_ncam_nlb_520359279edr_f0550940ncam07753m1,test_msl,bedrock,iou,0.9570858854733146,50158,52407,52407
dinov3_sat__finetuned__vitl16-sat493m__in_rover__seed1414__gpu_full__684c258f__gitc188b320__codebebd8b2d__20260713T043353711900Z,msl_ncam_nlb_520359279edr_f0550940ncam07753m1,test_msl,sand,iou,0.0,0,2249,52407
dinov3_sat__finetuned__vitl16-sat493m__in_rover__seed1414__gpu_full__684c258f__gitc188b320__codebebd8b2d__20260713T043353711900Z,msl_ncam_nlb_520359279edr_f0550940ncam07753m1,test_msl,big_rock,iou,,0,0,52407
dinov3_sat__finetuned__vitl16-sat493m__in_rover__seed1414__gpu_full__684c258f__gitc188b320__codebebd8b2d__20260713T043353711900Z,msl_ncam_nlb_520359279edr_f0550940ncam07753m1,test_msl,ALL,pixel_acc,0.9570858854733146,0,0,52407
dinov3_sat__finetuned__vitl16-sat493m__in_rover__seed1414__gpu_full__684c258f__gitc188b320__codebebd8b2d__20260713T043353711900Z,msl_ncam_nlb_520359279edr_f0550940ncam07753m1,test_msl,ALL,boundary_f1,0.4879534021710352,0,0,52407
dinov3_sat__finetuned__vitl16-sat493m__in_rover__seed1414__gpu_full__684c258f__gitc188b320__codebebd8b2d__20260713T043353711900Z,msl_ncam_nlb_520359399edr_f0550940ncam07753m1,test_msl,soil,iou,,0,0,6638
dinov3_sat__finetuned__vitl16-sat493m__in_rover__seed1414__gpu_full__684c258f__gitc188b320__codebebd8b2d__20260713T043353711900Z,msl_ncam_nlb_520359399edr_f0550940ncam07753m1,test_msl,bedrock,iou,1.0,6638,6638,6638
dinov3_sat__finetuned__vitl16-sat493m__in_rover__seed1414__gpu_full__684c258f__gitc188b320__codebebd8b2d__20260713T043353711900Z,msl_ncam_nlb_520359399edr_f0550940ncam07753m1,test_msl,sand,iou,,0,0,6638
dinov3_sat__finetuned__vitl16-sat493m__in_rover__seed1414__gpu_full__684c258f__gitc188b320__codebebd8b2d__20260713T043353711900Z,msl_ncam_nlb_520359399edr_f0550940ncam07753m1,test_msl,big_rock,iou,,0,0,6638
dinov3_sat__finetuned__vitl16-sat493m__in_rover__seed1414__gpu_full__684c258f__gitc188b320__codebebd8b2d__20260713T043353711900Z,msl_ncam_nlb_520359399edr_f0550940ncam07753m1,test_msl,ALL,pixel_acc,1.0,0,0,6638
dinov3_sat__finetuned__vitl16-sat493m__in_rover__seed1414__gpu_full__684c258f__gitc188b320__codebebd8b2d__20260713T043353711900Z,msl_ncam_nlb_520359399edr_f0550940ncam07753m1,test_msl,ALL,boundary_f1,1.0,0,0,6638
dinov3_sat__finetuned__vitl16-sat493m__in_rover__seed1414__gpu_full__684c258f__gitc188b320__codebebd8b2d__20260713T043353711900Z,msl_ncam_nlb_525148881edr_f0570774ncam00353m1,test_msl,soil,iou,,0,0,0
dinov3_sat__finetuned__vitl16-sat493m__in_rover__seed1414__gpu_full__684c258f__gitc188b320__codebebd8b2d__20260713T043353711900Z,msl_ncam_nlb_525148881edr_f0570774ncam00353m1,test_msl,bedrock,iou,,0,0,0
dinov3_sat__finetuned__vitl16-sat493m__in_rover__seed1414__gpu_full__684c258f__gitc188b320__codebebd8b2d__20260713T043353711900Z,msl_ncam_nlb_525148881edr_f0570774ncam00353m1,test_msl,sand,iou,,0,0,0
dinov3_sat__finetuned__vitl16-sat493m__in_rover__seed1414__gpu_full__684c258f__gitc188b320__codebebd8b2d__20260713T043353711900Z,msl_ncam_nlb_525148881edr_f0570774ncam00353m1,test_msl,big_rock,iou,,0,0,0
dinov3_sat__finetuned__vitl16-sat493m__in_rover__seed1414__gpu_full__684c258f__gitc188b320__codebebd8b2d__20260713T043353711900Z,msl_ncam_nlb_525148881edr_f0570774ncam00353m1,test_msl,ALL,pixel_acc,,0,0,0
dinov3_sat__finetuned__vitl16-sat493m__in_rover__seed1414__gpu_full__684c258f__gitc188b320__codebebd8b2d__20260713T043353711900Z,msl_ncam_nlb_525148881edr_f0570774ncam00353m1,test_msl,ALL,boundary_f1,,0,0,0
dinov3_sat__finetuned__vitl16-sat493m__in_rover__seed1414__gpu_full__684c258f__gitc188b320__codebebd8b2d__20260713T043353711900Z,msl_ncam_nlb_525149027edr_f0570774ncam00287m1,test_msl,soil,iou,,0,0,57576
dinov3_sat__finetuned__vitl16-sat493m__in_rover__seed1414__gpu_full__684c258f__gitc188b320__codebebd8b2d__20260713T043353711900Z,msl_ncam_nlb_525149027edr_f0570774ncam00287m1,test_msl,bedrock,iou,1.0,57576,57576,57576
dinov3_sat__finetuned__vitl16-sat493m__in_rover__seed1414__gpu_full__684c258f__gitc188b320__codebebd8b2d__20260713T043353711900Z,msl_ncam_nlb_525149027edr_f0570774ncam00287m1,test_msl,sand,iou,,0,0,57576
dinov3_sat__finetuned__vitl16-sat493m__in_rover__seed1414__gpu_full__684c258f__gitc188b320__codebebd8b2d__20260713T043353711900Z,msl_ncam_nlb_525149027edr_f0570774ncam00287m1,test_msl,big_rock,iou,,0,0,57576
dinov3_sat__finetuned__vitl16-sat493m__in_rover__seed1414__gpu_full__684c258f__gitc188b320__codebebd8b2d__20260713T043353711900Z,msl_ncam_nlb_525149027edr_f0570774ncam00287m1,test_msl,ALL,pixel_acc,1.0,0,0,57576
dinov3_sat__finetuned__vitl16-sat493m__in_rover__seed1414__gpu_full__684c258f__gitc188b320__codebebd8b2d__20260713T043353711900Z,msl_ncam_nlb_525149027edr_f0570774ncam00287m1,test_msl,ALL,boundary_f1,1.0,0,0,57576
dinov3_sat__finetuned__vitl16-sat493m__in_rover__seed1414__gpu_full__684c258f__gitc188b320__codebebd8b2d__20260713T043353711900Z,msl_ncam_nlb_525149336edr_f0570774ncam00654m1,test_msl,soil,iou,,0,0,38978
dinov3_sat__finetuned__vitl16-sat493m__in_rover__seed1414__gpu_full__684c258f__gitc188b320__codebebd8b2d__20260713T043353711900Z,msl_ncam_nlb_525149336edr_f0570774ncam00654m1,test_msl,bedrock,iou,1.0,38978,38978,38978
dinov3_sat__finetuned__vitl16-sat493m__in_rover__seed1414__gpu_full__684c258f__gitc188b320__codebebd8b2d__20260713T043353711900Z,msl_ncam_nlb_525149336edr_f0570774ncam00654m1,test_msl,sand,iou,,0,0,38978
dinov3_sat__finetuned__vitl16-sat493m__in_rover__seed1414__gpu_full__684c258f__gitc188b320__codebebd8b2d__20260713T043353711900Z,msl_ncam_nlb_525149336edr_f0570774ncam00654m1,test_msl,big_rock,iou,,0,0,38978
dinov3_sat__finetuned__vitl16-sat493m__in_rover__seed1414__gpu_full__684c258f__gitc188b320__codebebd8b2d__20260713T043353711900Z,msl_ncam_nlb_525149336edr_f0570774ncam00654m1,test_msl,ALL,pixel_acc,1.0,0,0,38978
dinov3_sat__finetuned__vitl16-sat493m__in_rover__seed1414__gpu_full__684c258f__gitc188b320__codebebd8b2d__20260713T043353711900Z,msl_ncam_nlb_525149336edr_f0570774ncam00654m1,test_msl,ALL,boundary_f1,1.0,0,0,38978
dinov3_sat__finetuned__vitl16-sat493m__in_rover__seed1414__gpu_full__684c258f__gitc188b320__codebebd8b2d__20260713T043353711900Z,msl_ncam_nlb_525149367edr_f0570774ncam00654m1,test_msl,soil,iou,,0,0,62531
dinov3_sat__finetuned__vitl16-sat493m__in_rover__seed1414__gpu_full__684c258f__gitc188b320__codebebd8b2d__20260713T043353711900Z,msl_ncam_nlb_525149367edr_f0570774ncam00654m1,test_msl,bedrock,iou,0.9438358574147223,59019,62531,62531
dinov3_sat__finetuned__vitl16-sat493m__in_rover__seed1414__gpu_full__684c258f__gitc188b320__codebebd8b2d__20260713T043353711900Z,msl_ncam_nlb_525149367edr_f0570774ncam00654m1,test_msl,sand,iou,0.0,0,3512,62531
dinov3_sat__finetuned__vitl16-sat493m__in_rover__seed1414__gpu_full__684c258f__gitc188b320__codebebd8b2d__20260713T043353711900Z,msl_ncam_nlb_525149367edr_f0570774ncam00654m1,test_msl,big_rock,iou,,0,0,62531
dinov3_sat__finetuned__vitl16-sat493m__in_rover__seed1414__gpu_full__684c258f__gitc188b320__codebebd8b2d__20260713T043353711900Z,msl_ncam_nlb_525149367edr_f0570774ncam00654m1,test_msl,ALL,pixel_acc,0.9438358574147223,0,0,62531
dinov3_sat__finetuned__vitl16-sat493m__in_rover__seed1414__gpu_full__684c258f__gitc188b320__codebebd8b2d__20260713T043353711900Z,msl_ncam_nlb_525149367edr_f0570774ncam00654m1,test_msl,ALL,boundary_f1,0.47517624118794066,0,0,62531
dinov3_sat__finetuned__vitl16-sat493m__in_rover__seed1414__gpu_full__684c258f__gitc188b320__codebebd8b2d__20260713T043353711900Z,msl_ncam_nlb_525149424edr_f0570774ncam00654m1,test_msl,soil,iou,,0,0,56706
dinov3_sat__finetuned__vitl16-sat493m__in_rover__seed1414__gpu_full__684c258f__gitc188b320__codebebd8b2d__20260713T043353711900Z,msl_ncam_nlb_525149424edr_f0570774ncam00654m1,test_msl,bedrock,iou,0.9137716016390522,51290,56130,56706
dinov3_sat__finetuned__vitl16-sat493m__in_rover__seed1414__gpu_full__684c258f__gitc188b320__codebebd8b2d__20260713T043353711900Z,msl_ncam_nlb_525149424edr_f0570774ncam00654m1,test_msl,sand,iou,0.10635155096011817,576,5416,56706
dinov3_sat__finetuned__vitl16-sat493m__in_rover__seed1414__gpu_full__684c258f__gitc188b320__codebebd8b2d__20260713T043353711900Z,msl_ncam_nlb_525149424edr_f0570774ncam00654m1,test_msl,big_rock,iou,,0,0,56706
dinov3_sat__finetuned__vitl16-sat493m__in_rover__seed1414__gpu_full__684c258f__gitc188b320__codebebd8b2d__20260713T043353711900Z,msl_ncam_nlb_525149424edr_f0570774ncam00654m1,test_msl,ALL,pixel_acc,0.9146474799844814,0,0,56706
dinov3_sat__finetuned__vitl16-sat493m__in_rover__seed1414__gpu_full__684c258f__gitc188b320__codebebd8b2d__20260713T043353711900Z,msl_ncam_nlb_525149424edr_f0570774ncam00654m1,test_msl,ALL,boundary_f1,0.5743401510525549,0,0,56706
dinov3_sat__finetuned__vitl16-sat493m__in_rover__seed1414__gpu_full__684c258f__gitc188b320__codebebd8b2d__20260713T043353711900Z,msl_ncam_nlb_525149485edr_f0570774ncam07753m1,test_msl,soil,iou,,0,0,26086
dinov3_sat__finetuned__vitl16-sat493m__in_rover__seed1414__gpu_full__684c258f__gitc188b320__codebebd8b2d__20260713T043353711900Z,msl_ncam_nlb_525149485edr_f0570774ncam07753m1,test_msl,bedrock,iou,0.8669017863988346,22614,26086,26086
dinov3_sat__finetuned__vitl16-sat493m__in_rover__seed1414__gpu_full__684c258f__gitc188b320__codebebd8b2d__20260713T043353711900Z,msl_ncam_nlb_525149485edr_f0570774ncam07753m1,test_msl,sand,iou,0.0,0,3472,26086
dinov3_sat__finetuned__vitl16-sat493m__in_rover__seed1414__gpu_full__684c258f__gitc188b320__codebebd8b2d__20260713T043353711900Z,msl_ncam_nlb_525149485edr_f0570774ncam07753m1,test_msl,big_rock,iou,,0,0,26086
dinov3_sat__finetuned__vitl16-sat493m__in_rover__seed1414__gpu_full__684c258f__gitc188b320__codebebd8b2d__20260713T043353711900Z,msl_ncam_nlb_525149485edr_f0570774ncam07753m1,test_msl,ALL,pixel_acc,0.8669017863988346,0,0,26086
dinov3_sat__finetuned__vitl16-sat493m__in_rover__seed1414__gpu_full__684c258f__gitc188b320__codebebd8b2d__20260713T043353711900Z,msl_ncam_nlb_525149485edr_f0570774ncam07753m1,test_msl,ALL,boundary_f1,0.473028306925405,0,0,26086
dinov3_sat__finetuned__vitl16-sat493m__in_rover__seed1414__gpu_full__684c258f__gitc188b320__codebebd8b2d__20260713T043353711900Z,msl_ncam_nlb_525149600edr_f0570774ncam07753m1,test_msl,soil,iou,,0,0,0
dinov3_sat__finetuned__vitl16-sat493m__in_rover__seed1414__gpu_full__684c258f__gitc188b320__codebebd8b2d__20260713T043353711900Z,msl_ncam_nlb_525149600edr_f0570774ncam07753m1,test_msl,bedrock,iou,,0,0,0
dinov3_sat__finetuned__vitl16-sat493m__in_rover__seed1414__gpu_full__684c258f__gitc188b320__codebebd8b2d__20260713T043353711900Z,msl_ncam_nlb_525149600edr_f0570774ncam07753m1,test_msl,sand,iou,,0,0,0
dinov3_sat__finetuned__vitl16-sat493m__in_rover__seed1414__gpu_full__684c258f__gitc188b320__codebebd8b2d__20260713T043353711900Z,msl_ncam_nlb_525149600edr_f0570774ncam07753m1,test_msl,big_rock,iou,,0,0,0
dinov3_sat__finetuned__vitl16-sat493m__in_rover__seed1414__gpu_full__684c258f__gitc188b320__codebebd8b2d__20260713T043353711900Z,msl_ncam_nlb_525149600edr_f0570774ncam07753m1,test_msl,ALL,pixel_acc,,0,0,0
dinov3_sat__finetuned__vitl16-sat493m__in_rover__seed1414__gpu_full__684c258f__gitc188b320__codebebd8b2d__20260713T043353711900Z,msl_ncam_nlb_525149600edr_f0570774ncam07753m1,test_msl,ALL,boundary_f1,,0,0,0
dinov3_sat__finetuned__vitl16-sat493m__in_rover__seed1414__gpu_full__684c258f__gitc188b320__codebebd8b2d__20260713T043353711900Z,msl_ncam_nlb_525149717edr_f0570774ncam07753m1,test_msl,soil,iou,,0,0,41397
dinov3_sat__finetuned__vitl16-sat493m__in_rover__seed1414__gpu_full__684c258f__gitc188b320__codebebd8b2d__20260713T043353711900Z,msl_ncam_nlb_525149717edr_f0570774ncam07753m1,test_msl,bedrock,iou,0.952218759813513,39419,41397,41397
dinov3_sat__finetuned__vitl16-sat493m__in_rover__seed1414__gpu_full__684c258f__gitc188b320__codebebd8b2d__20260713T043353711900Z,msl_ncam_nlb_525149717edr_f0570774ncam07753m1,test_msl,sand,iou,0.0,0,1978,41397
dinov3_sat__finetuned__vitl16-sat493m__in_rover__seed1414__gpu_full__684c258f__gitc188b320__codebebd8b2d__20260713T043353711900Z,msl_ncam_nlb_525149717edr_f0570774ncam07753m1,test_msl,big_rock,iou,,0,0,41397
dinov3_sat__finetuned__vitl16-sat493m__in_rover__seed1414__gpu_full__684c258f__gitc188b320__codebebd8b2d__20260713T043353711900Z,msl_ncam_nlb_525149717edr_f0570774ncam07753m1,test_msl,ALL,pixel_acc,0.952218759813513,0,0,41397
dinov3_sat__finetuned__vitl16-sat493m__in_rover__seed1414__gpu_full__684c258f__gitc188b320__codebebd8b2d__20260713T043353711900Z,msl_ncam_nlb_525149717edr_f0570774ncam07753m1,test_msl,ALL,boundary_f1,0.49305507566857854,0,0,41397
dinov3_sat__finetuned__vitl16-sat493m__in_rover__seed1414__gpu_full__684c258f__gitc188b320__codebebd8b2d__20260713T043353711900Z,msl_ncam_nlb_527820640edr_f0580000ncam00253m1,test_msl,soil,iou,,0,0,92147
dinov3_sat__finetuned__vitl16-sat493m__in_rover__seed1414__gpu_full__684c258f__gitc188b320__codebebd8b2d__20260713T043353711900Z,msl_ncam_nlb_527820640edr_f0580000ncam00253m1,test_msl,bedrock,iou,0.9586747262526181,88339,92147,92147
dinov3_sat__finetuned__vitl16-sat493m__in_rover__seed1414__gpu_full__684c258f__gitc188b320__codebebd8b2d__20260713T043353711900Z,msl_ncam_nlb_527820640edr_f0580000ncam00253m1,test_msl,sand,iou,0.0,0,3808,92147
dinov3_sat__finetuned__vitl16-sat493m__in_rover__seed1414__gpu_full__684c258f__gitc188b320__codebebd8b2d__20260713T043353711900Z,msl_ncam_nlb_527820640edr_f0580000ncam00253m1,test_msl,big_rock,iou,,0,0,92147
dinov3_sat__finetuned__vitl16-sat493m__in_rover__seed1414__gpu_full__684c258f__gitc188b320__codebebd8b2d__20260713T043353711900Z,msl_ncam_nlb_527820640edr_f0580000ncam00253m1,test_msl,ALL,pixel_acc,0.9586747262526181,0,0,92147
dinov3_sat__finetuned__vitl16-sat493m__in_rover__seed1414__gpu_full__684c258f__gitc188b320__codebebd8b2d__20260713T043353711900Z,msl_ncam_nlb_527820640edr_f0580000ncam00253m1,test_msl,ALL,boundary_f1,0.4814001060686416,0,0,92147
dinov3_sat__finetuned__vitl16-sat493m__in_rover__seed1414__gpu_full__684c258f__gitc188b320__codebebd8b2d__20260713T043353711900Z,msl_ncam_nlb_527820910edr_f0580000ncam00654m1,test_msl,soil,iou,,0,0,42689
dinov3_sat__finetuned__vitl16-sat493m__in_rover__seed1414__gpu_full__684c258f__gitc188b320__codebebd8b2d__20260713T043353711900Z,msl_ncam_nlb_527820910edr_f0580000ncam00654m1,test_msl,bedrock,iou,0.9277937305575497,31018,33432,42689
dinov3_sat__finetuned__vitl16-sat493m__in_rover__seed1414__gpu_full__684c258f__gitc188b320__codebebd8b2d__20260713T043353711900Z,msl_ncam_nlb_527820910edr_f0580000ncam00654m1,test_msl,sand,iou,0.7931625396281381,9257,11671,42689
dinov3_sat__finetuned__vitl16-sat493m__in_rover__seed1414__gpu_full__684c258f__gitc188b320__codebebd8b2d__20260713T043353711900Z,msl_ncam_nlb_527820910edr_f0580000ncam00654m1,test_msl,big_rock,iou,,0,0,42689
dinov3_sat__finetuned__vitl16-sat493m__in_rover__seed1414__gpu_full__684c258f__gitc188b320__codebebd8b2d__20260713T043353711900Z,msl_ncam_nlb_527820910edr_f0580000ncam00654m1,test_msl,ALL,pixel_acc,0.9434514746187542,0,0,42689
dinov3_sat__finetuned__vitl16-sat493m__in_rover__seed1414__gpu_full__684c258f__gitc188b320__codebebd8b2d__20260713T043353711900Z,msl_ncam_nlb_527820910edr_f0580000ncam00654m1,test_msl,ALL,boundary_f1,0.8588850332763491,0,0,42689
dinov3_sat__finetuned__vitl16-sat493m__in_rover__seed1414__gpu_full__684c258f__gitc188b320__codebebd8b2d__20260713T043353711900Z,msl_ncam_nlb_527820942edr_f0580000ncam00654m1,test_msl,soil,iou,,0,0,75399
dinov3_sat__finetuned__vitl16-sat493m__in_rover__seed1414__gpu_full__684c258f__gitc188b320__codebebd8b2d__20260713T043353711900Z,msl_ncam_nlb_527820942edr_f0580000ncam00654m1,test_msl,bedrock,iou,0.739188366699018,44936,60791,75399
dinov3_sat__finetuned__vitl16-sat493m__in_rover__seed1414__gpu_full__684c258f__gitc188b320__codebebd8b2d__20260713T043353711900Z,msl_ncam_nlb_527820942edr_f0580000ncam00654m1,test_msl,sand,iou,0.4795325476807931,14608,30463,75399
dinov3_sat__finetuned__vitl16-sat493m__in_rover__seed1414__gpu_full__684c258f__gitc188b320__codebebd8b2d__20260713T043353711900Z,msl_ncam_nlb_527820942edr_f0580000ncam00654m1,test_msl,big_rock,iou,,0,0,75399
dinov3_sat__finetuned__vitl16-sat493m__in_rover__seed1414__gpu_full__684c258f__gitc188b320__codebebd8b2d__20260713T043353711900Z,msl_ncam_nlb_527820942edr_f0580000ncam00654m1,test_msl,ALL,pixel_acc,0.7897186965344368,0,0,75399
dinov3_sat__finetuned__vitl16-sat493m__in_rover__seed1414__gpu_full__684c258f__gitc188b320__codebebd8b2d__20260713T043353711900Z,msl_ncam_nlb_527820942edr_f0580000ncam00654m1,test_msl,ALL,boundary_f1,0.6002803223340747,0,0,75399
dinov3_sat__finetuned__vitl16-sat493m__in_rover__seed1414__gpu_full__684c258f__gitc188b320__codebebd8b2d__20260713T043353711900Z,msl_ncam_nlb_527821074edr_f0580000ncam07753m1,test_msl,soil,iou,,0,0,3982
dinov3_sat__finetuned__vitl16-sat493m__in_rover__seed1414__gpu_full__684c258f__gitc188b320__codebebd8b2d__20260713T043353711900Z,msl_ncam_nlb_527821074edr_f0580000ncam07753m1,test_msl,bedrock,iou,0.0,0,3982,3982
dinov3_sat__finetuned__vitl16-sat493m__in_rover__seed1414__gpu_full__684c258f__gitc188b320__codebebd8b2d__20260713T043353711900Z,msl_ncam_nlb_527821074edr_f0580000ncam07753m1,test_msl,sand,iou,0.0,0,3982,3982
dinov3_sat__finetuned__vitl16-sat493m__in_rover__seed1414__gpu_full__684c258f__gitc188b320__codebebd8b2d__20260713T043353711900Z,msl_ncam_nlb_527821074edr_f0580000ncam07753m1,test_msl,big_rock,iou,,0,0,3982
dinov3_sat__finetuned__vitl16-sat493m__in_rover__seed1414__gpu_full__684c258f__gitc188b320__codebebd8b2d__20260713T043353711900Z,msl_ncam_nlb_527821074edr_f0580000ncam07753m1,test_msl,ALL,pixel_acc,0.0,0,0,3982
dinov3_sat__finetuned__vitl16-sat493m__in_rover__seed1414__gpu_full__684c258f__gitc188b320__codebebd8b2d__20260713T043353711900Z,msl_ncam_nlb_527821074edr_f0580000ncam07753m1,test_msl,ALL,boundary_f1,0.0,0,0,3982
dinov3_sat__finetuned__vitl16-sat493m__in_rover__seed1414__gpu_full__684c258f__gitc188b320__codebebd8b2d__20260713T043353711900Z,msl_ncam_nlb_527821213edr_f0580000ncam07753m1,test_msl,soil,iou,,0,0,13830
dinov3_sat__finetuned__vitl16-sat493m__in_rover__seed1414__gpu_full__684c258f__gitc188b320__codebebd8b2d__20260713T043353711900Z,msl_ncam_nlb_527821213edr_f0580000ncam07753m1,test_msl,bedrock,iou,0.9446131597975416,13064,13830,13830
dinov3_sat__finetuned__vitl16-sat493m__in_rover__seed1414__gpu_full__684c258f__gitc188b320__codebebd8b2d__20260713T043353711900Z,msl_ncam_nlb_527821213edr_f0580000ncam07753m1,test_msl,sand,iou,0.0,0,766,13830
dinov3_sat__finetuned__vitl16-sat493m__in_rover__seed1414__gpu_full__684c258f__gitc188b320__codebebd8b2d__20260713T043353711900Z,msl_ncam_nlb_527821213edr_f0580000ncam07753m1,test_msl,big_rock,iou,,0,0,13830
dinov3_sat__finetuned__vitl16-sat493m__in_rover__seed1414__gpu_full__684c258f__gitc188b320__codebebd8b2d__20260713T043353711900Z,msl_ncam_nlb_527821213edr_f0580000ncam07753m1,test_msl,ALL,pixel_acc,0.9446131597975416,0,0,13830
dinov3_sat__finetuned__vitl16-sat493m__in_rover__seed1414__gpu_full__684c258f__gitc188b320__codebebd8b2d__20260713T043353711900Z,msl_ncam_nlb_527821213edr_f0580000ncam07753m1,test_msl,ALL,boundary_f1,0.4875061244487996,0,0,13830
dinov3_sat__finetuned__vitl16-sat493m__in_rover__seed1414__gpu_full__684c258f__gitc188b320__codebebd8b2d__20260713T043353711900Z,msl_ncam_nlb_527821275edr_f0580000ncam07753m1,test_msl,soil,iou,,0,0,18660
dinov3_sat__finetuned__vitl16-sat493m__in_rover__seed1414__gpu_full__684c258f__gitc188b320__codebebd8b2d__20260713T043353711900Z,msl_ncam_nlb_527821275edr_f0580000ncam07753m1,test_msl,bedrock,iou,1.0,18660,18660,18660
dinov3_sat__finetuned__vitl16-sat493m__in_rover__seed1414__gpu_full__684c258f__gitc188b320__codebebd8b2d__20260713T043353711900Z,msl_ncam_nlb_527821275edr_f0580000ncam07753m1,test_msl,sand,iou,,0,0,18660
dinov3_sat__finetuned__vitl16-sat493m__in_rover__seed1414__gpu_full__684c258f__gitc188b320__codebebd8b2d__20260713T043353711900Z,msl_ncam_nlb_527821275edr_f0580000ncam07753m1,test_msl,big_rock,iou,,0,0,18660
dinov3_sat__finetuned__vitl16-sat493m__in_rover__seed1414__gpu_full__684c258f__gitc188b320__codebebd8b2d__20260713T043353711900Z,msl_ncam_nlb_527821275edr_f0580000ncam07753m1,test_msl,ALL,pixel_acc,1.0,0,0,18660
dinov3_sat__finetuned__vitl16-sat493m__in_rover__seed1414__gpu_full__684c258f__gitc188b320__codebebd8b2d__20260713T043353711900Z,msl_ncam_nlb_527821275edr_f0580000ncam07753m1,test_msl,ALL,boundary_f1,1.0,0,0,18660
dinov3_sat__finetuned__vitl16-sat493m__in_rover__seed1414__gpu_full__684c258f__gitc188b320__codebebd8b2d__20260713T043353711900Z,msl_ncam_nlb_528875763edr_f0581002ncam00207m1,test_msl,soil,iou,,0,0,55308
dinov3_sat__finetuned__vitl16-sat493m__in_rover__seed1414__gpu_full__684c258f__gitc188b320__codebebd8b2d__20260713T043353711900Z,msl_ncam_nlb_528875763edr_f0581002ncam00207m1,test_msl,bedrock,iou,0.9149851739350546,50606,55308,55308
dinov3_sat__finetuned__vitl16-sat493m__in_rover__seed1414__gpu_full__684c258f__gitc188b320__codebebd8b2d__20260713T043353711900Z,msl_ncam_nlb_528875763edr_f0581002ncam00207m1,test_msl,sand,iou,0.0,0,4702,55308
dinov3_sat__finetuned__vitl16-sat493m__in_rover__seed1414__gpu_full__684c258f__gitc188b320__codebebd8b2d__20260713T043353711900Z,msl_ncam_nlb_528875763edr_f0581002ncam00207m1,test_msl,big_rock,iou,,0,0,55308
dinov3_sat__finetuned__vitl16-sat493m__in_rover__seed1414__gpu_full__684c258f__gitc188b320__codebebd8b2d__20260713T043353711900Z,msl_ncam_nlb_528875763edr_f0581002ncam00207m1,test_msl,ALL,pixel_acc,0.9149851739350546,0,0,55308
dinov3_sat__finetuned__vitl16-sat493m__in_rover__seed1414__gpu_full__684c258f__gitc188b320__codebebd8b2d__20260713T043353711900Z,msl_ncam_nlb_528875763edr_f0581002ncam00207m1,test_msl,ALL,boundary_f1,0.4767648552564754,0,0,55308
dinov3_sat__finetuned__vitl16-sat493m__in_rover__seed1414__gpu_full__684c258f__gitc188b320__codebebd8b2d__20260713T043353711900Z,msl_ncam_nlb_528892751edr_f0581248ncam00346m1,test_msl,soil,iou,0.0,0,1554,25025
dinov3_sat__finetuned__vitl16-sat493m__in_rover__seed1414__gpu_full__684c258f__gitc188b320__codebebd8b2d__20260713T043353711900Z,msl_ncam_nlb_528892751edr_f0581248ncam00346m1,test_msl,bedrock,iou,0.8542657342657343,21378,25025,25025
dinov3_sat__finetuned__vitl16-sat493m__in_rover__seed1414__gpu_full__684c258f__gitc188b320__codebebd8b2d__20260713T043353711900Z,msl_ncam_nlb_528892751edr_f0581248ncam00346m1,test_msl,sand,iou,0.0,0,2093,25025
dinov3_sat__finetuned__vitl16-sat493m__in_rover__seed1414__gpu_full__684c258f__gitc188b320__codebebd8b2d__20260713T043353711900Z,msl_ncam_nlb_528892751edr_f0581248ncam00346m1,test_msl,big_rock,iou,,0,0,25025
dinov3_sat__finetuned__vitl16-sat493m__in_rover__seed1414__gpu_full__684c258f__gitc188b320__codebebd8b2d__20260713T043353711900Z,msl_ncam_nlb_528892751edr_f0581248ncam00346m1,test_msl,ALL,pixel_acc,0.8542657342657343,0,0,25025
dinov3_sat__finetuned__vitl16-sat493m__in_rover__seed1414__gpu_full__684c258f__gitc188b320__codebebd8b2d__20260713T043353711900Z,msl_ncam_nlb_528892751edr_f0581248ncam00346m1,test_msl,ALL,boundary_f1,0.3006399554813578,0,0,25025
dinov3_sat__finetuned__vitl16-sat493m__in_rover__seed1414__gpu_full__684c258f__gitc188b320__codebebd8b2d__20260713T043353711900Z,msl_ncam_nlb_528892900edr_f0581248ncam00262m1,test_msl,soil,iou,,0,0,58755
dinov3_sat__finetuned__vitl16-sat493m__in_rover__seed1414__gpu_full__684c258f__gitc188b320__codebebd8b2d__20260713T043353711900Z,msl_ncam_nlb_528892900edr_f0581248ncam00262m1,test_msl,bedrock,iou,1.0,58755,58755,58755
dinov3_sat__finetuned__vitl16-sat493m__in_rover__seed1414__gpu_full__684c258f__gitc188b320__codebebd8b2d__20260713T043353711900Z,msl_ncam_nlb_528892900edr_f0581248ncam00262m1,test_msl,sand,iou,,0,0,58755
dinov3_sat__finetuned__vitl16-sat493m__in_rover__seed1414__gpu_full__684c258f__gitc188b320__codebebd8b2d__20260713T043353711900Z,msl_ncam_nlb_528892900edr_f0581248ncam00262m1,test_msl,big_rock,iou,,0,0,58755
dinov3_sat__finetuned__vitl16-sat493m__in_rover__seed1414__gpu_full__684c258f__gitc188b320__codebebd8b2d__20260713T043353711900Z,msl_ncam_nlb_528892900edr_f0581248ncam00262m1,test_msl,ALL,pixel_acc,1.0,0,0,58755
dinov3_sat__finetuned__vitl16-sat493m__in_rover__seed1414__gpu_full__684c258f__gitc188b320__codebebd8b2d__20260713T043353711900Z,msl_ncam_nlb_528892900edr_f0581248ncam00262m1,test_msl,ALL,boundary_f1,1.0,0,0,58755
dinov3_sat__finetuned__vitl16-sat493m__in_rover__seed1414__gpu_full__684c258f__gitc188b320__codebebd8b2d__20260713T043353711900Z,msl_ncam_nlb_528893088edr_f0581248ncam07753m1,test_msl,soil,iou,,0,0,35879
dinov3_sat__finetuned__vitl16-sat493m__in_rover__seed1414__gpu_full__684c258f__gitc188b320__codebebd8b2d__20260713T043353711900Z,msl_ncam_nlb_528893088edr_f0581248ncam07753m1,test_msl,bedrock,iou,1.0,35879,35879,35879
dinov3_sat__finetuned__vitl16-sat493m__in_rover__seed1414__gpu_full__684c258f__gitc188b320__codebebd8b2d__20260713T043353711900Z,msl_ncam_nlb_528893088edr_f0581248ncam07753m1,test_msl,sand,iou,,0,0,35879
dinov3_sat__finetuned__vitl16-sat493m__in_rover__seed1414__gpu_full__684c258f__gitc188b320__codebebd8b2d__20260713T043353711900Z,msl_ncam_nlb_528893088edr_f0581248ncam07753m1,test_msl,big_rock,iou,,0,0,35879
dinov3_sat__finetuned__vitl16-sat493m__in_rover__seed1414__gpu_full__684c258f__gitc188b320__codebebd8b2d__20260713T043353711900Z,msl_ncam_nlb_528893088edr_f0581248ncam07753m1,test_msl,ALL,pixel_acc,1.0,0,0,35879
dinov3_sat__finetuned__vitl16-sat493m__in_rover__seed1414__gpu_full__684c258f__gitc188b320__codebebd8b2d__20260713T043353711900Z,msl_ncam_nlb_528893088edr_f0581248ncam07753m1,test_msl,ALL,boundary_f1,1.0,0,0,35879
dinov3_sat__finetuned__vitl16-sat493m__in_rover__seed1414__gpu_full__684c258f__gitc188b320__codebebd8b2d__20260713T043353711900Z,msl_ncam_nlb_528893506edr_f0581248ncam00654m1,test_msl,soil,iou,0.21302379909475835,4377,20547,66249
dinov3_sat__finetuned__vitl16-sat493m__in_rover__seed1414__gpu_full__684c258f__gitc188b320__codebebd8b2d__20260713T043353711900Z,msl_ncam_nlb_528893506edr_f0581248ncam00654m1,test_msl,bedrock,iou,0.8251806437486315,37686,45670,66249
dinov3_sat__finetuned__vitl16-sat493m__in_rover__seed1414__gpu_full__684c258f__gitc188b320__codebebd8b2d__20260713T043353711900Z,msl_ncam_nlb_528893506edr_f0581248ncam00654m1,test_msl,sand,iou,0.4139420831387202,7090,17128,66249
dinov3_sat__finetuned__vitl16-sat493m__in_rover__seed1414__gpu_full__684c258f__gitc188b320__codebebd8b2d__20260713T043353711900Z,msl_ncam_nlb_528893506edr_f0581248ncam00654m1,test_msl,big_rock,iou,,0,0,66249
dinov3_sat__finetuned__vitl16-sat493m__in_rover__seed1414__gpu_full__684c258f__gitc188b320__codebebd8b2d__20260713T043353711900Z,msl_ncam_nlb_528893506edr_f0581248ncam00654m1,test_msl,ALL,pixel_acc,0.7419432746154659,0,0,66249
dinov3_sat__finetuned__vitl16-sat493m__in_rover__seed1414__gpu_full__684c258f__gitc188b320__codebebd8b2d__20260713T043353711900Z,msl_ncam_nlb_528893506edr_f0581248ncam00654m1,test_msl,ALL,boundary_f1,0.44883582123087534,0,0,66249
dinov3_sat__finetuned__vitl16-sat493m__in_rover__seed1414__gpu_full__684c258f__gitc188b320__codebebd8b2d__20260713T043353711900Z,msl_ncam_nlb_528893540edr_f0581248ncam00654m1,test_msl,soil,iou,,0,0,0
dinov3_sat__finetuned__vitl16-sat493m__in_rover__seed1414__gpu_full__684c258f__gitc188b320__codebebd8b2d__20260713T043353711900Z,msl_ncam_nlb_528893540edr_f0581248ncam00654m1,test_msl,bedrock,iou,,0,0,0
dinov3_sat__finetuned__vitl16-sat493m__in_rover__seed1414__gpu_full__684c258f__gitc188b320__codebebd8b2d__20260713T043353711900Z,msl_ncam_nlb_528893540edr_f0581248ncam00654m1,test_msl,sand,iou,,0,0,0
dinov3_sat__finetuned__vitl16-sat493m__in_rover__seed1414__gpu_full__684c258f__gitc188b320__codebebd8b2d__20260713T043353711900Z,msl_ncam_nlb_528893540edr_f0581248ncam00654m1,test_msl,big_rock,iou,,0,0,0
dinov3_sat__finetuned__vitl16-sat493m__in_rover__seed1414__gpu_full__684c258f__gitc188b320__codebebd8b2d__20260713T043353711900Z,msl_ncam_nlb_528893540edr_f0581248ncam00654m1,test_msl,ALL,pixel_acc,,0,0,0
dinov3_sat__finetuned__vitl16-sat493m__in_rover__seed1414__gpu_full__684c258f__gitc188b320__codebebd8b2d__20260713T043353711900Z,msl_ncam_nlb_528893540edr_f0581248ncam00654m1,test_msl,ALL,boundary_f1,,0,0,0
dinov3_sat__finetuned__vitl16-sat493m__in_rover__seed1414__gpu_full__684c258f__gitc188b320__codebebd8b2d__20260713T043353711900Z,msl_ncam_nlb_528893599edr_f0581248ncam00654m1,test_msl,soil,iou,0.02898181818181818,797,27500,81400
dinov3_sat__finetuned__vitl16-sat493m__in_rover__seed1414__gpu_full__684c258f__gitc188b320__codebebd8b2d__20260713T043353711900Z,msl_ncam_nlb_528893599edr_f0581248ncam00654m1,test_msl,bedrock,iou,0.6687096013796012,53900,80603,81400
dinov3_sat__finetuned__vitl16-sat493m__in_rover__seed1414__gpu_full__684c258f__gitc188b320__codebebd8b2d__20260713T043353711900Z,msl_ncam_nlb_528893599edr_f0581248ncam00654m1,test_msl,sand,iou,,0,0,81400
dinov3_sat__finetuned__vitl16-sat493m__in_rover__seed1414__gpu_full__684c258f__gitc188b320__codebebd8b2d__20260713T043353711900Z,msl_ncam_nlb_528893599edr_f0581248ncam00654m1,test_msl,big_rock,iou,,0,0,81400
dinov3_sat__finetuned__vitl16-sat493m__in_rover__seed1414__gpu_full__684c258f__gitc188b320__codebebd8b2d__20260713T043353711900Z,msl_ncam_nlb_528893599edr_f0581248ncam00654m1,test_msl,ALL,pixel_acc,0.671953316953317,0,0,81400
dinov3_sat__finetuned__vitl16-sat493m__in_rover__seed1414__gpu_full__684c258f__gitc188b320__codebebd8b2d__20260713T043353711900Z,msl_ncam_nlb_528893599edr_f0581248ncam00654m1,test_msl,ALL,boundary_f1,0.3767472711544751,0,0,81400
dinov3_sat__finetuned__vitl16-sat493m__in_rover__seed1414__gpu_full__684c258f__gitc188b320__codebebd8b2d__20260713T043353711900Z,msl_ncam_nlb_537932733edr_f0600888ncam00320m1,test_msl,soil,iou,,0,0,71764
dinov3_sat__finetuned__vitl16-sat493m__in_rover__seed1414__gpu_full__684c258f__gitc188b320__codebebd8b2d__20260713T043353711900Z,msl_ncam_nlb_537932733edr_f0600888ncam00320m1,test_msl,bedrock,iou,0.8993432324386065,6299,7004,71764
dinov3_sat__finetuned__vitl16-sat493m__in_rover__seed1414__gpu_full__684c258f__gitc188b320__codebebd8b2d__20260713T043353711900Z,msl_ncam_nlb_537932733edr_f0600888ncam00320m1,test_msl,sand,iou,0.989230886733369,64760,65465,71764
dinov3_sat__finetuned__vitl16-sat493m__in_rover__seed1414__gpu_full__684c258f__gitc188b320__codebebd8b2d__20260713T043353711900Z,msl_ncam_nlb_537932733edr_f0600888ncam00320m1,test_msl,big_rock,iou,,0,0,71764
dinov3_sat__finetuned__vitl16-sat493m__in_rover__seed1414__gpu_full__684c258f__gitc188b320__codebebd8b2d__20260713T043353711900Z,msl_ncam_nlb_537932733edr_f0600888ncam00320m1,test_msl,ALL,pixel_acc,0.9901761328799955,0,0,71764
dinov3_sat__finetuned__vitl16-sat493m__in_rover__seed1414__gpu_full__684c258f__gitc188b320__codebebd8b2d__20260713T043353711900Z,msl_ncam_nlb_537932733edr_f0600888ncam00320m1,test_msl,ALL,boundary_f1,0.942221553674472,0,0,71764
dinov3_sat__finetuned__vitl16-sat493m__in_rover__seed1414__gpu_full__684c258f__gitc188b320__codebebd8b2d__20260713T043353711900Z,msl_ncam_nlb_537938493edr_f0601266ncam00653m1,test_msl,soil,iou,,0,0,106876
dinov3_sat__finetuned__vitl16-sat493m__in_rover__seed1414__gpu_full__684c258f__gitc188b320__codebebd8b2d__20260713T043353711900Z,msl_ncam_nlb_537938493edr_f0601266ncam00653m1,test_msl,bedrock,iou,0.9985084867106165,33473,33523,106876
dinov3_sat__finetuned__vitl16-sat493m__in_rover__seed1414__gpu_full__684c258f__gitc188b320__codebebd8b2d__20260713T043353711900Z,msl_ncam_nlb_537938493edr_f0601266ncam00653m1,test_msl,sand,iou,0.9993188289306977,73353,73403,106876
dinov3_sat__finetuned__vitl16-sat493m__in_rover__seed1414__gpu_full__684c258f__gitc188b320__codebebd8b2d__20260713T043353711900Z,msl_ncam_nlb_537938493edr_f0601266ncam00653m1,test_msl,big_rock,iou,,0,0,106876
dinov3_sat__finetuned__vitl16-sat493m__in_rover__seed1414__gpu_full__684c258f__gitc188b320__codebebd8b2d__20260713T043353711900Z,msl_ncam_nlb_537938493edr_f0601266ncam00653m1,test_msl,ALL,pixel_acc,0.9995321681200644,0,0,106876
dinov3_sat__finetuned__vitl16-sat493m__in_rover__seed1414__gpu_full__684c258f__gitc188b320__codebebd8b2d__20260713T043353711900Z,msl_ncam_nlb_537938493edr_f0601266ncam00653m1,test_msl,ALL,boundary_f1,0.99708636353104,0,0,106876
dinov3_sat__finetuned__vitl16-sat493m__in_rover__seed1414__gpu_full__684c258f__gitc188b320__codebebd8b2d__20260713T043353711900Z,msl_ncam_nlb_537938609edr_f0601266ncam07753m1,test_msl,soil,iou,,0,0,30134
dinov3_sat__finetuned__vitl16-sat493m__in_rover__seed1414__gpu_full__684c258f__gitc188b320__codebebd8b2d__20260713T043353711900Z,msl_ncam_nlb_537938609edr_f0601266ncam07753m1,test_msl,bedrock,iou,0.7444011684518014,3058,4108,30134
dinov3_sat__finetuned__vitl16-sat493m__in_rover__seed1414__gpu_full__684c258f__gitc188b320__codebebd8b2d__20260713T043353711900Z,msl_ncam_nlb_537938609edr_f0601266ncam07753m1,test_msl,sand,iou,0.9612202688728024,26026,27076,30134
dinov3_sat__finetuned__vitl16-sat493m__in_rover__seed1414__gpu_full__684c258f__gitc188b320__codebebd8b2d__20260713T043353711900Z,msl_ncam_nlb_537938609edr_f0601266ncam07753m1,test_msl,big_rock,iou,,0,0,30134
dinov3_sat__finetuned__vitl16-sat493m__in_rover__seed1414__gpu_full__684c258f__gitc188b320__codebebd8b2d__20260713T043353711900Z,msl_ncam_nlb_537938609edr_f0601266ncam07753m1,test_msl,ALL,pixel_acc,0.9651556381495985,0,0,30134
dinov3_sat__finetuned__vitl16-sat493m__in_rover__seed1414__gpu_full__684c258f__gitc188b320__codebebd8b2d__20260713T043353711900Z,msl_ncam_nlb_537938609edr_f0601266ncam07753m1,test_msl,ALL,boundary_f1,0.8761311959020842,0,0,30134
dinov3_sat__finetuned__vitl16-sat493m__in_rover__seed1414__gpu_full__684c258f__gitc188b320__codebebd8b2d__20260713T043353711900Z,msl_ncam_nlb_541040424edr_f0610954ncam00305m1,test_msl,soil,iou,,0,0,93717
dinov3_sat__finetuned__vitl16-sat493m__in_rover__seed1414__gpu_full__684c258f__gitc188b320__codebebd8b2d__20260713T043353711900Z,msl_ncam_nlb_541040424edr_f0610954ncam00305m1,test_msl,bedrock,iou,0.7780086736537767,43055,55340,93717
dinov3_sat__finetuned__vitl16-sat493m__in_rover__seed1414__gpu_full__684c258f__gitc188b320__codebebd8b2d__20260713T043353711900Z,msl_ncam_nlb_541040424edr_f0610954ncam00305m1,test_msl,sand,iou,0.9963652413220137,38377,38517,93717
dinov3_sat__finetuned__vitl16-sat493m__in_rover__seed1414__gpu_full__684c258f__gitc188b320__codebebd8b2d__20260713T043353711900Z,msl_ncam_nlb_541040424edr_f0610954ncam00305m1,test_msl,big_rock,iou,0.0,0,12145,93717
dinov3_sat__finetuned__vitl16-sat493m__in_rover__seed1414__gpu_full__684c258f__gitc188b320__codebebd8b2d__20260713T043353711900Z,msl_ncam_nlb_541040424edr_f0610954ncam00305m1,test_msl,ALL,pixel_acc,0.8689138576779026,0,0,93717
dinov3_sat__finetuned__vitl16-sat493m__in_rover__seed1414__gpu_full__684c258f__gitc188b320__codebebd8b2d__20260713T043353711900Z,msl_ncam_nlb_541040424edr_f0610954ncam00305m1,test_msl,ALL,boundary_f1,0.5902496635134282,0,0,93717
dinov3_sat__finetuned__vitl16-sat493m__in_rover__seed1414__gpu_full__684c258f__gitc188b320__codebebd8b2d__20260713T043353711900Z,msl_ncam_nlb_541042107edr_f0611086ncam00385m1,test_msl,soil,iou,,0,0,164400
dinov3_sat__finetuned__vitl16-sat493m__in_rover__seed1414__gpu_full__684c258f__gitc188b320__codebebd8b2d__20260713T043353711900Z,msl_ncam_nlb_541042107edr_f0611086ncam00385m1,test_msl,bedrock,iou,0.0,0,1209,164400
dinov3_sat__finetuned__vitl16-sat493m__in_rover__seed1414__gpu_full__684c258f__gitc188b320__codebebd8b2d__20260713T043353711900Z,msl_ncam_nlb_541042107edr_f0611086ncam00385m1,test_msl,sand,iou,0.9926459854014599,163191,164400,164400
dinov3_sat__finetuned__vitl16-sat493m__in_rover__seed1414__gpu_full__684c258f__gitc188b320__codebebd8b2d__20260713T043353711900Z,msl_ncam_nlb_541042107edr_f0611086ncam00385m1,test_msl,big_rock,iou,,0,0,164400
dinov3_sat__finetuned__vitl16-sat493m__in_rover__seed1414__gpu_full__684c258f__gitc188b320__codebebd8b2d__20260713T043353711900Z,msl_ncam_nlb_541042107edr_f0611086ncam00385m1,test_msl,ALL,pixel_acc,0.9926459854014599,0,0,164400
dinov3_sat__finetuned__vitl16-sat493m__in_rover__seed1414__gpu_full__684c258f__gitc188b320__codebebd8b2d__20260713T043353711900Z,msl_ncam_nlb_541042107edr_f0611086ncam00385m1,test_msl,ALL,boundary_f1,0.4867511168424774,0,0,164400
dinov3_sat__finetuned__vitl16-sat493m__in_rover__seed1414__gpu_full__684c258f__gitc188b320__codebebd8b2d__20260713T043353711900Z,msl_ncam_nlb_541043499edr_f0611140ncam00346m1,test_msl,soil,iou,,0,0,119351
dinov3_sat__finetuned__vitl16-sat493m__in_rover__seed1414__gpu_full__684c258f__gitc188b320__codebebd8b2d__20260713T043353711900Z,msl_ncam_nlb_541043499edr_f0611140ncam00346m1,test_msl,bedrock,iou,,0,0,119351
dinov3_sat__finetuned__vitl16-sat493m__in_rover__seed1414__gpu_full__684c258f__gitc188b320__codebebd8b2d__20260713T043353711900Z,msl_ncam_nlb_541043499edr_f0611140ncam00346m1,test_msl,sand,iou,1.0,119351,119351,119351
dinov3_sat__finetuned__vitl16-sat493m__in_rover__seed1414__gpu_full__684c258f__gitc188b320__codebebd8b2d__20260713T043353711900Z,msl_ncam_nlb_541043499edr_f0611140ncam00346m1,test_msl,big_rock,iou,,0,0,119351
dinov3_sat__finetuned__vitl16-sat493m__in_rover__seed1414__gpu_full__684c258f__gitc188b320__codebebd8b2d__20260713T043353711900Z,msl_ncam_nlb_541043499edr_f0611140ncam00346m1,test_msl,ALL,pixel_acc,1.0,0,0,119351
dinov3_sat__finetuned__vitl16-sat493m__in_rover__seed1414__gpu_full__684c258f__gitc188b320__codebebd8b2d__20260713T043353711900Z,msl_ncam_nlb_541043499edr_f0611140ncam00346m1,test_msl,ALL,boundary_f1,1.0,0,0,119351
dinov3_sat__finetuned__vitl16-sat493m__in_rover__seed1414__gpu_full__684c258f__gitc188b320__codebebd8b2d__20260713T043353711900Z,msl_ncam_nlb_541043637edr_f0611140ncam00653m1,test_msl,soil,iou,,0,0,147407
dinov3_sat__finetuned__vitl16-sat493m__in_rover__seed1414__gpu_full__684c258f__gitc188b320__codebebd8b2d__20260713T043353711900Z,msl_ncam_nlb_541043637edr_f0611140ncam00653m1,test_msl,bedrock,iou,0.9031482703365067,38326,42436,147407
dinov3_sat__finetuned__vitl16-sat493m__in_rover__seed1414__gpu_full__684c258f__gitc188b320__codebebd8b2d__20260713T043353711900Z,msl_ncam_nlb_541043637edr_f0611140ncam00653m1,test_msl,sand,iou,0.9623215775432935,104971,109081,147407
dinov3_sat__finetuned__vitl16-sat493m__in_rover__seed1414__gpu_full__684c258f__gitc188b320__codebebd8b2d__20260713T043353711900Z,msl_ncam_nlb_541043637edr_f0611140ncam00653m1,test_msl,big_rock,iou,,0,0,147407
dinov3_sat__finetuned__vitl16-sat493m__in_rover__seed1414__gpu_full__684c258f__gitc188b320__codebebd8b2d__20260713T043353711900Z,msl_ncam_nlb_541043637edr_f0611140ncam00653m1,test_msl,ALL,pixel_acc,0.9721180133914943,0,0,147407
dinov3_sat__finetuned__vitl16-sat493m__in_rover__seed1414__gpu_full__684c258f__gitc188b320__codebebd8b2d__20260713T043353711900Z,msl_ncam_nlb_541043637edr_f0611140ncam00653m1,test_msl,ALL,boundary_f1,0.8405709687421946,0,0,147407
dinov3_sat__finetuned__vitl16-sat493m__in_rover__seed1414__gpu_full__684c258f__gitc188b320__codebebd8b2d__20260713T043353711900Z,msl_ncam_nlb_541049254edr_f0611140ncam12753m1,test_msl,soil,iou,,0,0,12239
dinov3_sat__finetuned__vitl16-sat493m__in_rover__seed1414__gpu_full__684c258f__gitc188b320__codebebd8b2d__20260713T043353711900Z,msl_ncam_nlb_541049254edr_f0611140ncam12753m1,test_msl,bedrock,iou,0.3698406211687781,905,2447,12239
dinov3_sat__finetuned__vitl16-sat493m__in_rover__seed1414__gpu_full__684c258f__gitc188b320__codebebd8b2d__20260713T043353711900Z,msl_ncam_nlb_541049254edr_f0611140ncam12753m1,test_msl,sand,iou,0.8639491794600318,9792,11334,12239
dinov3_sat__finetuned__vitl16-sat493m__in_rover__seed1414__gpu_full__684c258f__gitc188b320__codebebd8b2d__20260713T043353711900Z,msl_ncam_nlb_541049254edr_f0611140ncam12753m1,test_msl,big_rock,iou,,0,0,12239
dinov3_sat__finetuned__vitl16-sat493m__in_rover__seed1414__gpu_full__684c258f__gitc188b320__codebebd8b2d__20260713T043353711900Z,msl_ncam_nlb_541049254edr_f0611140ncam12753m1,test_msl,ALL,pixel_acc,0.8740093144864777,0,0,12239
dinov3_sat__finetuned__vitl16-sat493m__in_rover__seed1414__gpu_full__684c258f__gitc188b320__codebebd8b2d__20260713T043353711900Z,msl_ncam_nlb_541049254edr_f0611140ncam12753m1,test_msl,ALL,boundary_f1,0.6627800993283872,0,0,12239
dinov3_sat__finetuned__vitl16-sat493m__in_rover__seed1414__gpu_full__684c258f__gitc188b320__codebebd8b2d__20260713T043353711900Z,msl_ncam_nlb_541049316edr_f0611140ncam12753m1,test_msl,soil,iou,,0,0,134046
dinov3_sat__finetuned__vitl16-sat493m__in_rover__seed1414__gpu_full__684c258f__gitc188b320__codebebd8b2d__20260713T043353711900Z,msl_ncam_nlb_541049316edr_f0611140ncam12753m1,test_msl,bedrock,iou,,0,0,134046
dinov3_sat__finetuned__vitl16-sat493m__in_rover__seed1414__gpu_full__684c258f__gitc188b320__codebebd8b2d__20260713T043353711900Z,msl_ncam_nlb_541049316edr_f0611140ncam12753m1,test_msl,sand,iou,1.0,134046,134046,134046
dinov3_sat__finetuned__vitl16-sat493m__in_rover__seed1414__gpu_full__684c258f__gitc188b320__codebebd8b2d__20260713T043353711900Z,msl_ncam_nlb_541049316edr_f0611140ncam12753m1,test_msl,big_rock,iou,,0,0,134046
dinov3_sat__finetuned__vitl16-sat493m__in_rover__seed1414__gpu_full__684c258f__gitc188b320__codebebd8b2d__20260713T043353711900Z,msl_ncam_nlb_541049316edr_f0611140ncam12753m1,test_msl,ALL,pixel_acc,1.0,0,0,134046
dinov3_sat__finetuned__vitl16-sat493m__in_rover__seed1414__gpu_full__684c258f__gitc188b320__codebebd8b2d__20260713T043353711900Z,msl_ncam_nlb_541049316edr_f0611140ncam12753m1,test_msl,ALL,boundary_f1,1.0,0,0,134046
dinov3_sat__finetuned__vitl16-sat493m__in_rover__seed1414__gpu_full__684c258f__gitc188b320__codebebd8b2d__20260713T043353711900Z,msl_ncam_nlb_542730497edr_f0612232ncam00282m1,test_msl,soil,iou,,0,0,112532
dinov3_sat__finetuned__vitl16-sat493m__in_rover__seed1414__gpu_full__684c258f__gitc188b320__codebebd8b2d__20260713T043353711900Z,msl_ncam_nlb_542730497edr_f0612232ncam00282m1,test_msl,bedrock,iou,0.0,0,738,112532
dinov3_sat__finetuned__vitl16-sat493m__in_rover__seed1414__gpu_full__684c258f__gitc188b320__codebebd8b2d__20260713T043353711900Z,msl_ncam_nlb_542730497edr_f0612232ncam00282m1,test_msl,sand,iou,0.9934418654249458,111794,112532,112532
dinov3_sat__finetuned__vitl16-sat493m__in_rover__seed1414__gpu_full__684c258f__gitc188b320__codebebd8b2d__20260713T043353711900Z,msl_ncam_nlb_542730497edr_f0612232ncam00282m1,test_msl,big_rock,iou,,0,0,112532
dinov3_sat__finetuned__vitl16-sat493m__in_rover__seed1414__gpu_full__684c258f__gitc188b320__codebebd8b2d__20260713T043353711900Z,msl_ncam_nlb_542730497edr_f0612232ncam00282m1,test_msl,ALL,pixel_acc,0.9934418654249458,0,0,112532
dinov3_sat__finetuned__vitl16-sat493m__in_rover__seed1414__gpu_full__684c258f__gitc188b320__codebebd8b2d__20260713T043353711900Z,msl_ncam_nlb_542730497edr_f0612232ncam00282m1,test_msl,ALL,boundary_f1,0.49180595706677627,0,0,112532
dinov3_sat__finetuned__vitl16-sat493m__in_rover__seed1414__gpu_full__684c258f__gitc188b320__codebebd8b2d__20260713T043353711900Z,msl_ncam_nlb_542730580edr_f0612232ncam00282m1,test_msl,soil,iou,,0,0,0
dinov3_sat__finetuned__vitl16-sat493m__in_rover__seed1414__gpu_full__684c258f__gitc188b320__codebebd8b2d__20260713T043353711900Z,msl_ncam_nlb_542730580edr_f0612232ncam00282m1,test_msl,bedrock,iou,,0,0,0
dinov3_sat__finetuned__vitl16-sat493m__in_rover__seed1414__gpu_full__684c258f__gitc188b320__codebebd8b2d__20260713T043353711900Z,msl_ncam_nlb_542730580edr_f0612232ncam00282m1,test_msl,sand,iou,,0,0,0
dinov3_sat__finetuned__vitl16-sat493m__in_rover__seed1414__gpu_full__684c258f__gitc188b320__codebebd8b2d__20260713T043353711900Z,msl_ncam_nlb_542730580edr_f0612232ncam00282m1,test_msl,big_rock,iou,,0,0,0
dinov3_sat__finetuned__vitl16-sat493m__in_rover__seed1414__gpu_full__684c258f__gitc188b320__codebebd8b2d__20260713T043353711900Z,msl_ncam_nlb_542730580edr_f0612232ncam00282m1,test_msl,ALL,pixel_acc,,0,0,0
dinov3_sat__finetuned__vitl16-sat493m__in_rover__seed1414__gpu_full__684c258f__gitc188b320__codebebd8b2d__20260713T043353711900Z,msl_ncam_nlb_542730580edr_f0612232ncam00282m1,test_msl,ALL,boundary_f1,,0,0,0
dinov3_sat__finetuned__vitl16-sat493m__in_rover__seed1414__gpu_full__684c258f__gitc188b320__codebebd8b2d__20260713T043353711900Z,msl_ncam_nlb_542733799edr_f0612232ncam00353m1,test_msl,soil,iou,,0,0,135437
dinov3_sat__finetuned__vitl16-sat493m__in_rover__seed1414__gpu_full__684c258f__gitc188b320__codebebd8b2d__20260713T043353711900Z,msl_ncam_nlb_542733799edr_f0612232ncam00353m1,test_msl,bedrock,iou,0.9832491358681201,3698,3761,135437
dinov3_sat__finetuned__vitl16-sat493m__in_rover__seed1414__gpu_full__684c258f__gitc188b320__codebebd8b2d__20260713T043353711900Z,msl_ncam_nlb_542733799edr_f0612232ncam00353m1,test_msl,sand,iou,0.9995217817047344,131676,131739,135437
dinov3_sat__finetuned__vitl16-sat493m__in_rover__seed1414__gpu_full__684c258f__gitc188b320__codebebd8b2d__20260713T043353711900Z,msl_ncam_nlb_542733799edr_f0612232ncam00353m1,test_msl,big_rock,iou,,0,0,135437
dinov3_sat__finetuned__vitl16-sat493m__in_rover__seed1414__gpu_full__684c258f__gitc188b320__codebebd8b2d__20260713T043353711900Z,msl_ncam_nlb_542733799edr_f0612232ncam00353m1,test_msl,ALL,pixel_acc,0.999534839076471,0,0,135437
dinov3_sat__finetuned__vitl16-sat493m__in_rover__seed1414__gpu_full__684c258f__gitc188b320__codebebd8b2d__20260713T043353711900Z,msl_ncam_nlb_542733799edr_f0612232ncam00353m1,test_msl,ALL,boundary_f1,0.9577931331417955,0,0,135437
dinov3_sat__finetuned__vitl16-sat493m__in_rover__seed1414__gpu_full__684c258f__gitc188b320__codebebd8b2d__20260713T043353711900Z,msl_ncam_nlb_542734078edr_f0612232ncam00654m1,test_msl,soil,iou,,0,0,143364
dinov3_sat__finetuned__vitl16-sat493m__in_rover__seed1414__gpu_full__684c258f__gitc188b320__codebebd8b2d__20260713T043353711900Z,msl_ncam_nlb_542734078edr_f0612232ncam00654m1,test_msl,bedrock,iou,,0,0,143364
dinov3_sat__finetuned__vitl16-sat493m__in_rover__seed1414__gpu_full__684c258f__gitc188b320__codebebd8b2d__20260713T043353711900Z,msl_ncam_nlb_542734078edr_f0612232ncam00654m1,test_msl,sand,iou,1.0,143364,143364,143364
dinov3_sat__finetuned__vitl16-sat493m__in_rover__seed1414__gpu_full__684c258f__gitc188b320__codebebd8b2d__20260713T043353711900Z,msl_ncam_nlb_542734078edr_f0612232ncam00654m1,test_msl,big_rock,iou,,0,0,143364
dinov3_sat__finetuned__vitl16-sat493m__in_rover__seed1414__gpu_full__684c258f__gitc188b320__codebebd8b2d__20260713T043353711900Z,msl_ncam_nlb_542734078edr_f0612232ncam00654m1,test_msl,ALL,pixel_acc,1.0,0,0,143364
dinov3_sat__finetuned__vitl16-sat493m__in_rover__seed1414__gpu_full__684c258f__gitc188b320__codebebd8b2d__20260713T043353711900Z,msl_ncam_nlb_542734078edr_f0612232ncam00654m1,test_msl,ALL,boundary_f1,1.0,0,0,143364
dinov3_sat__finetuned__vitl16-sat493m__in_rover__seed1414__gpu_full__684c258f__gitc188b320__codebebd8b2d__20260713T043353711900Z,msl_ncam_nlb_542734110edr_f0612232ncam00654m1,test_msl,soil,iou,,0,0,209285
dinov3_sat__finetuned__vitl16-sat493m__in_rover__seed1414__gpu_full__684c258f__gitc188b320__codebebd8b2d__20260713T043353711900Z,msl_ncam_nlb_542734110edr_f0612232ncam00654m1,test_msl,bedrock,iou,0.0,0,192,209285
dinov3_sat__finetuned__vitl16-sat493m__in_rover__seed1414__gpu_full__684c258f__gitc188b320__codebebd8b2d__20260713T043353711900Z,msl_ncam_nlb_542734110edr_f0612232ncam00654m1,test_msl,sand,iou,0.9990825907255656,209093,209285,209285
dinov3_sat__finetuned__vitl16-sat493m__in_rover__seed1414__gpu_full__684c258f__gitc188b320__codebebd8b2d__20260713T043353711900Z,msl_ncam_nlb_542734110edr_f0612232ncam00654m1,test_msl,big_rock,iou,,0,0,209285
dinov3_sat__finetuned__vitl16-sat493m__in_rover__seed1414__gpu_full__684c258f__gitc188b320__codebebd8b2d__20260713T043353711900Z,msl_ncam_nlb_542734110edr_f0612232ncam00654m1,test_msl,ALL,pixel_acc,0.9990825907255656,0,0,209285
dinov3_sat__finetuned__vitl16-sat493m__in_rover__seed1414__gpu_full__684c258f__gitc188b320__codebebd8b2d__20260713T043353711900Z,msl_ncam_nlb_542734110edr_f0612232ncam00654m1,test_msl,ALL,boundary_f1,0.4949462599187908,0,0,209285
dinov3_sat__finetuned__vitl16-sat493m__in_rover__seed1414__gpu_full__684c258f__gitc188b320__codebebd8b2d__20260713T043353711900Z,msl_ncam_nlb_542734199edr_f0612232ncam00654m1,test_msl,soil,iou,,0,0,176176
dinov3_sat__finetuned__vitl16-sat493m__in_rover__seed1414__gpu_full__684c258f__gitc188b320__codebebd8b2d__20260713T043353711900Z,msl_ncam_nlb_542734199edr_f0612232ncam00654m1,test_msl,bedrock,iou,0.0,0,262,176176
dinov3_sat__finetuned__vitl16-sat493m__in_rover__seed1414__gpu_full__684c258f__gitc188b320__codebebd8b2d__20260713T043353711900Z,msl_ncam_nlb_542734199edr_f0612232ncam00654m1,test_msl,sand,iou,0.998512850785578,175914,176176,176176
dinov3_sat__finetuned__vitl16-sat493m__in_rover__seed1414__gpu_full__684c258f__gitc188b320__codebebd8b2d__20260713T043353711900Z,msl_ncam_nlb_542734199edr_f0612232ncam00654m1,test_msl,big_rock,iou,,0,0,176176
dinov3_sat__finetuned__vitl16-sat493m__in_rover__seed1414__gpu_full__684c258f__gitc188b320__codebebd8b2d__20260713T043353711900Z,msl_ncam_nlb_542734199edr_f0612232ncam00654m1,test_msl,ALL,pixel_acc,0.998512850785578,0,0,176176
dinov3_sat__finetuned__vitl16-sat493m__in_rover__seed1414__gpu_full__684c258f__gitc188b320__codebebd8b2d__20260713T043353711900Z,msl_ncam_nlb_542734199edr_f0612232ncam00654m1,test_msl,ALL,boundary_f1,0.49867056455091513,0,0,176176
dinov3_sat__finetuned__vitl16-sat493m__in_rover__seed1414__gpu_full__684c258f__gitc188b320__codebebd8b2d__20260713T043353711900Z,msl_ncam_nlb_542734240edr_f0612232ncam00283m1,test_msl,soil,iou,,0,0,97181
dinov3_sat__finetuned__vitl16-sat493m__in_rover__seed1414__gpu_full__684c258f__gitc188b320__codebebd8b2d__20260713T043353711900Z,msl_ncam_nlb_542734240edr_f0612232ncam00283m1,test_msl,bedrock,iou,0.0,0,1237,97181
dinov3_sat__finetuned__vitl16-sat493m__in_rover__seed1414__gpu_full__684c258f__gitc188b320__codebebd8b2d__20260713T043353711900Z,msl_ncam_nlb_542734240edr_f0612232ncam00283m1,test_msl,sand,iou,0.9872711744065198,95944,97181,97181
dinov3_sat__finetuned__vitl16-sat493m__in_rover__seed1414__gpu_full__684c258f__gitc188b320__codebebd8b2d__20260713T043353711900Z,msl_ncam_nlb_542734240edr_f0612232ncam00283m1,test_msl,big_rock,iou,,0,0,97181
dinov3_sat__finetuned__vitl16-sat493m__in_rover__seed1414__gpu_full__684c258f__gitc188b320__codebebd8b2d__20260713T043353711900Z,msl_ncam_nlb_542734240edr_f0612232ncam00283m1,test_msl,ALL,pixel_acc,0.9872711744065198,0,0,97181
dinov3_sat__finetuned__vitl16-sat493m__in_rover__seed1414__gpu_full__684c258f__gitc188b320__codebebd8b2d__20260713T043353711900Z,msl_ncam_nlb_542734240edr_f0612232ncam00283m1,test_msl,ALL,boundary_f1,0.48531352358507046,0,0,97181
dinov3_sat__finetuned__vitl16-sat493m__in_rover__seed1414__gpu_full__684c258f__gitc188b320__codebebd8b2d__20260713T043353711900Z,msl_ncam_nlb_542734362edr_f0612232ncam00283m1,test_msl,soil,iou,,0,0,145077
dinov3_sat__finetuned__vitl16-sat493m__in_rover__seed1414__gpu_full__684c258f__gitc188b320__codebebd8b2d__20260713T043353711900Z,msl_ncam_nlb_542734362edr_f0612232ncam00283m1,test_msl,bedrock,iou,0.0,0,498,145077
dinov3_sat__finetuned__vitl16-sat493m__in_rover__seed1414__gpu_full__684c258f__gitc188b320__codebebd8b2d__20260713T043353711900Z,msl_ncam_nlb_542734362edr_f0612232ncam00283m1,test_msl,sand,iou,0.9965673401021526,144579,145077,145077
dinov3_sat__finetuned__vitl16-sat493m__in_rover__seed1414__gpu_full__684c258f__gitc188b320__codebebd8b2d__20260713T043353711900Z,msl_ncam_nlb_542734362edr_f0612232ncam00283m1,test_msl,big_rock,iou,,0,0,145077
dinov3_sat__finetuned__vitl16-sat493m__in_rover__seed1414__gpu_full__684c258f__gitc188b320__codebebd8b2d__20260713T043353711900Z,msl_ncam_nlb_542734362edr_f0612232ncam00283m1,test_msl,ALL,pixel_acc,0.9965673401021526,0,0,145077
dinov3_sat__finetuned__vitl16-sat493m__in_rover__seed1414__gpu_full__684c258f__gitc188b320__codebebd8b2d__20260713T043353711900Z,msl_ncam_nlb_542734362edr_f0612232ncam00283m1,test_msl,ALL,boundary_f1,0.4975319194305416,0,0,145077
dinov3_sat__finetuned__vitl16-sat493m__in_rover__seed1414__gpu_full__684c258f__gitc188b320__codebebd8b2d__20260713T043353711900Z,msl_ncam_nlb_542738036edr_f0612232ccam15903m1,test_msl,soil,iou,,0,0,189972
dinov3_sat__finetuned__vitl16-sat493m__in_rover__seed1414__gpu_full__684c258f__gitc188b320__codebebd8b2d__20260713T043353711900Z,msl_ncam_nlb_542738036edr_f0612232ccam15903m1,test_msl,bedrock,iou,0.0,0,582,189972
dinov3_sat__finetuned__vitl16-sat493m__in_rover__seed1414__gpu_full__684c258f__gitc188b320__codebebd8b2d__20260713T043353711900Z,msl_ncam_nlb_542738036edr_f0612232ccam15903m1,test_msl,sand,iou,0.9969363906259869,189390,189972,189972
dinov3_sat__finetuned__vitl16-sat493m__in_rover__seed1414__gpu_full__684c258f__gitc188b320__codebebd8b2d__20260713T043353711900Z,msl_ncam_nlb_542738036edr_f0612232ccam15903m1,test_msl,big_rock,iou,,0,0,189972
dinov3_sat__finetuned__vitl16-sat493m__in_rover__seed1414__gpu_full__684c258f__gitc188b320__codebebd8b2d__20260713T043353711900Z,msl_ncam_nlb_542738036edr_f0612232ccam15903m1,test_msl,ALL,pixel_acc,0.9969363906259869,0,0,189972
dinov3_sat__finetuned__vitl16-sat493m__in_rover__seed1414__gpu_full__684c258f__gitc188b320__codebebd8b2d__20260713T043353711900Z,msl_ncam_nlb_542738036edr_f0612232ccam15903m1,test_msl,ALL,boundary_f1,0.4959718871544651,0,0,189972
dinov3_sat__finetuned__vitl16-sat493m__in_rover__seed1414__gpu_full__684c258f__gitc188b320__codebebd8b2d__20260713T043353711900Z,msl_ncam_nlb_543351716edr_f0613076ncam00286m1,test_msl,soil,iou,,0,0,0
dinov3_sat__finetuned__vitl16-sat493m__in_rover__seed1414__gpu_full__684c258f__gitc188b320__codebebd8b2d__20260713T043353711900Z,msl_ncam_nlb_543351716edr_f0613076ncam00286m1,test_msl,bedrock,iou,,0,0,0
dinov3_sat__finetuned__vitl16-sat493m__in_rover__seed1414__gpu_full__684c258f__gitc188b320__codebebd8b2d__20260713T043353711900Z,msl_ncam_nlb_543351716edr_f0613076ncam00286m1,test_msl,sand,iou,,0,0,0
dinov3_sat__finetuned__vitl16-sat493m__in_rover__seed1414__gpu_full__684c258f__gitc188b320__codebebd8b2d__20260713T043353711900Z,msl_ncam_nlb_543351716edr_f0613076ncam00286m1,test_msl,big_rock,iou,,0,0,0
dinov3_sat__finetuned__vitl16-sat493m__in_rover__seed1414__gpu_full__684c258f__gitc188b320__codebebd8b2d__20260713T043353711900Z,msl_ncam_nlb_543351716edr_f0613076ncam00286m1,test_msl,ALL,pixel_acc,,0,0,0
dinov3_sat__finetuned__vitl16-sat493m__in_rover__seed1414__gpu_full__684c258f__gitc188b320__codebebd8b2d__20260713T043353711900Z,msl_ncam_nlb_543351716edr_f0613076ncam00286m1,test_msl,ALL,boundary_f1,,0,0,0
dinov3_sat__finetuned__vitl16-sat493m__in_rover__seed1414__gpu_full__684c258f__gitc188b320__codebebd8b2d__20260713T043353711900Z,msl_ncam_nlb_543357370edr_f0613076ncam00287m1,test_msl,soil,iou,,0,0,139163
dinov3_sat__finetuned__vitl16-sat493m__in_rover__seed1414__gpu_full__684c258f__gitc188b320__codebebd8b2d__20260713T043353711900Z,msl_ncam_nlb_543357370edr_f0613076ncam00287m1,test_msl,bedrock,iou,0.0,0,4,139163
dinov3_sat__finetuned__vitl16-sat493m__in_rover__seed1414__gpu_full__684c258f__gitc188b320__codebebd8b2d__20260713T043353711900Z,msl_ncam_nlb_543357370edr_f0613076ncam00287m1,test_msl,sand,iou,0.9999712567277221,139159,139163,139163
dinov3_sat__finetuned__vitl16-sat493m__in_rover__seed1414__gpu_full__684c258f__gitc188b320__codebebd8b2d__20260713T043353711900Z,msl_ncam_nlb_543357370edr_f0613076ncam00287m1,test_msl,big_rock,iou,,0,0,139163
dinov3_sat__finetuned__vitl16-sat493m__in_rover__seed1414__gpu_full__684c258f__gitc188b320__codebebd8b2d__20260713T043353711900Z,msl_ncam_nlb_543357370edr_f0613076ncam00287m1,test_msl,ALL,pixel_acc,0.9999712567277221,0,0,139163
dinov3_sat__finetuned__vitl16-sat493m__in_rover__seed1414__gpu_full__684c258f__gitc188b320__codebebd8b2d__20260713T043353711900Z,msl_ncam_nlb_543357370edr_f0613076ncam00287m1,test_msl,ALL,boundary_f1,0.5,0,0,139163
dinov3_sat__finetuned__vitl16-sat493m__in_rover__seed1414__gpu_full__684c258f__gitc188b320__codebebd8b2d__20260713T043353711900Z,msl_ncam_nlb_543357433edr_f0613076ncam00287m1,test_msl,soil,iou,,0,0,73935
dinov3_sat__finetuned__vitl16-sat493m__in_rover__seed1414__gpu_full__684c258f__gitc188b320__codebebd8b2d__20260713T043353711900Z,msl_ncam_nlb_543357433edr_f0613076ncam00287m1,test_msl,bedrock,iou,0.0,0,1628,73935
dinov3_sat__finetuned__vitl16-sat493m__in_rover__seed1414__gpu_full__684c258f__gitc188b320__codebebd8b2d__20260713T043353711900Z,msl_ncam_nlb_543357433edr_f0613076ncam00287m1,test_msl,sand,iou,0.9779806586866843,72307,73935,73935
dinov3_sat__finetuned__vitl16-sat493m__in_rover__seed1414__gpu_full__684c258f__gitc188b320__codebebd8b2d__20260713T043353711900Z,msl_ncam_nlb_543357433edr_f0613076ncam00287m1,test_msl,big_rock,iou,,0,0,73935
dinov3_sat__finetuned__vitl16-sat493m__in_rover__seed1414__gpu_full__684c258f__gitc188b320__codebebd8b2d__20260713T043353711900Z,msl_ncam_nlb_543357433edr_f0613076ncam00287m1,test_msl,ALL,pixel_acc,0.9779806586866843,0,0,73935
dinov3_sat__finetuned__vitl16-sat493m__in_rover__seed1414__gpu_full__684c258f__gitc188b320__codebebd8b2d__20260713T043353711900Z,msl_ncam_nlb_543357433edr_f0613076ncam00287m1,test_msl,ALL,boundary_f1,0.477737703466065,0,0,73935
dinov3_sat__finetuned__vitl16-sat493m__in_rover__seed1414__gpu_full__684c258f__gitc188b320__codebebd8b2d__20260713T043353711900Z,msl_ncam_nlb_543357548edr_f0613076ncam00287m1,test_msl,soil,iou,,0,0,0
dinov3_sat__finetuned__vitl16-sat493m__in_rover__seed1414__gpu_full__684c258f__gitc188b320__codebebd8b2d__20260713T043353711900Z,msl_ncam_nlb_543357548edr_f0613076ncam00287m1,test_msl,bedrock,iou,,0,0,0
dinov3_sat__finetuned__vitl16-sat493m__in_rover__seed1414__gpu_full__684c258f__gitc188b320__codebebd8b2d__20260713T043353711900Z,msl_ncam_nlb_543357548edr_f0613076ncam00287m1,test_msl,sand,iou,,0,0,0
dinov3_sat__finetuned__vitl16-sat493m__in_rover__seed1414__gpu_full__684c258f__gitc188b320__codebebd8b2d__20260713T043353711900Z,msl_ncam_nlb_543357548edr_f0613076ncam00287m1,test_msl,big_rock,iou,,0,0,0
dinov3_sat__finetuned__vitl16-sat493m__in_rover__seed1414__gpu_full__684c258f__gitc188b320__codebebd8b2d__20260713T043353711900Z,msl_ncam_nlb_543357548edr_f0613076ncam00287m1,test_msl,ALL,pixel_acc,,0,0,0
dinov3_sat__finetuned__vitl16-sat493m__in_rover__seed1414__gpu_full__684c258f__gitc188b320__codebebd8b2d__20260713T043353711900Z,msl_ncam_nlb_543357548edr_f0613076ncam00287m1,test_msl,ALL,boundary_f1,,0,0,0
dinov3_sat__finetuned__vitl16-sat493m__in_rover__seed1414__gpu_full__684c258f__gitc188b320__codebebd8b2d__20260713T043353711900Z,msl_ncam_nlb_548047620edr_f0630346ncam00320m1,test_msl,soil,iou,,0,0,96137
dinov3_sat__finetuned__vitl16-sat493m__in_rover__seed1414__gpu_full__684c258f__gitc188b320__codebebd8b2d__20260713T043353711900Z,msl_ncam_nlb_548047620edr_f0630346ncam00320m1,test_msl,bedrock,iou,0.9967285545281152,82567,82838,96137
dinov3_sat__finetuned__vitl16-sat493m__in_rover__seed1414__gpu_full__684c258f__gitc188b320__codebebd8b2d__20260713T043353711900Z,msl_ncam_nlb_548047620edr_f0630346ncam00320m1,test_msl,sand,iou,0.9800294767870302,13299,13570,96137
dinov3_sat__finetuned__vitl16-sat493m__in_rover__seed1414__gpu_full__684c258f__gitc188b320__codebebd8b2d__20260713T043353711900Z,msl_ncam_nlb_548047620edr_f0630346ncam00320m1,test_msl,big_rock,iou,,0,0,96137
dinov3_sat__finetuned__vitl16-sat493m__in_rover__seed1414__gpu_full__684c258f__gitc188b320__codebebd8b2d__20260713T043353711900Z,msl_ncam_nlb_548047620edr_f0630346ncam00320m1,test_msl,ALL,pixel_acc,0.9971811061297939,0,0,96137
dinov3_sat__finetuned__vitl16-sat493m__in_rover__seed1414__gpu_full__684c258f__gitc188b320__codebebd8b2d__20260713T043353711900Z,msl_ncam_nlb_548047620edr_f0630346ncam00320m1,test_msl,ALL,boundary_f1,0.9800578021181572,0,0,96137
dinov3_sat__finetuned__vitl16-sat493m__in_rover__seed1414__gpu_full__684c258f__gitc188b320__codebebd8b2d__20260713T043353711900Z,msl_ncam_nlb_548057490edr_f0630724ncam00385m1,test_msl,soil,iou,,0,0,65888
dinov3_sat__finetuned__vitl16-sat493m__in_rover__seed1414__gpu_full__684c258f__gitc188b320__codebebd8b2d__20260713T043353711900Z,msl_ncam_nlb_548057490edr_f0630724ncam00385m1,test_msl,bedrock,iou,0.9111370811073336,60033,65888,65888
dinov3_sat__finetuned__vitl16-sat493m__in_rover__seed1414__gpu_full__684c258f__gitc188b320__codebebd8b2d__20260713T043353711900Z,msl_ncam_nlb_548057490edr_f0630724ncam00385m1,test_msl,sand,iou,0.0,0,5788,65888
dinov3_sat__finetuned__vitl16-sat493m__in_rover__seed1414__gpu_full__684c258f__gitc188b320__codebebd8b2d__20260713T043353711900Z,msl_ncam_nlb_548057490edr_f0630724ncam00385m1,test_msl,big_rock,iou,0.0,0,67,65888
dinov3_sat__finetuned__vitl16-sat493m__in_rover__seed1414__gpu_full__684c258f__gitc188b320__codebebd8b2d__20260713T043353711900Z,msl_ncam_nlb_548057490edr_f0630724ncam00385m1,test_msl,ALL,pixel_acc,0.9111370811073336,0,0,65888
dinov3_sat__finetuned__vitl16-sat493m__in_rover__seed1414__gpu_full__684c258f__gitc188b320__codebebd8b2d__20260713T043353711900Z,msl_ncam_nlb_548057490edr_f0630724ncam00385m1,test_msl,ALL,boundary_f1,0.3113580617710367,0,0,65888
dinov3_sat__finetuned__vitl16-sat493m__in_rover__seed1414__gpu_full__684c258f__gitc188b320__codebebd8b2d__20260713T043353711900Z,msl_ncam_nlb_548058260edr_f0630766ncam00375m1,test_msl,soil,iou,,0,0,41868
dinov3_sat__finetuned__vitl16-sat493m__in_rover__seed1414__gpu_full__684c258f__gitc188b320__codebebd8b2d__20260713T043353711900Z,msl_ncam_nlb_548058260edr_f0630766ncam00375m1,test_msl,bedrock,iou,0.9227241847826086,27165,29440,41868
dinov3_sat__finetuned__vitl16-sat493m__in_rover__seed1414__gpu_full__684c258f__gitc188b320__codebebd8b2d__20260713T043353711900Z,msl_ncam_nlb_548058260edr_f0630766ncam00375m1,test_msl,sand,iou,0.8452696728558797,12428,14703,41868
dinov3_sat__finetuned__vitl16-sat493m__in_rover__seed1414__gpu_full__684c258f__gitc188b320__codebebd8b2d__20260713T043353711900Z,msl_ncam_nlb_548058260edr_f0630766ncam00375m1,test_msl,big_rock,iou,,0,0,41868
dinov3_sat__finetuned__vitl16-sat493m__in_rover__seed1414__gpu_full__684c258f__gitc188b320__codebebd8b2d__20260713T043353711900Z,msl_ncam_nlb_548058260edr_f0630766ncam00375m1,test_msl,ALL,pixel_acc,0.9456625585172447,0,0,41868
dinov3_sat__finetuned__vitl16-sat493m__in_rover__seed1414__gpu_full__684c258f__gitc188b320__codebebd8b2d__20260713T043353711900Z,msl_ncam_nlb_548058260edr_f0630766ncam00375m1,test_msl,ALL,boundary_f1,0.8683297121119862,0,0,41868
dinov3_sat__finetuned__vitl16-sat493m__in_rover__seed1414__gpu_full__684c258f__gitc188b320__codebebd8b2d__20260713T043353711900Z,msl_ncam_nlb_548058358edr_f0630766ncam00273m1,test_msl,soil,iou,,0,0,43577
dinov3_sat__finetuned__vitl16-sat493m__in_rover__seed1414__gpu_full__684c258f__gitc188b320__codebebd8b2d__20260713T043353711900Z,msl_ncam_nlb_548058358edr_f0630766ncam00273m1,test_msl,bedrock,iou,0.9214150905513392,22946,24903,43577
dinov3_sat__finetuned__vitl16-sat493m__in_rover__seed1414__gpu_full__684c258f__gitc188b320__codebebd8b2d__20260713T043353711900Z,msl_ncam_nlb_548058358edr_f0630766ncam00273m1,test_msl,sand,iou,0.9073417229483505,18674,20581,43577
dinov3_sat__finetuned__vitl16-sat493m__in_rover__seed1414__gpu_full__684c258f__gitc188b320__codebebd8b2d__20260713T043353711900Z,msl_ncam_nlb_548058358edr_f0630766ncam00273m1,test_msl,big_rock,iou,0.0,0,50,43577
dinov3_sat__finetuned__vitl16-sat493m__in_rover__seed1414__gpu_full__684c258f__gitc188b320__codebebd8b2d__20260713T043353711900Z,msl_ncam_nlb_548058358edr_f0630766ncam00273m1,test_msl,ALL,pixel_acc,0.9550909883654222,0,0,43577
dinov3_sat__finetuned__vitl16-sat493m__in_rover__seed1414__gpu_full__684c258f__gitc188b320__codebebd8b2d__20260713T043353711900Z,msl_ncam_nlb_548058358edr_f0630766ncam00273m1,test_msl,ALL,boundary_f1,0.6036639719623657,0,0,43577
dinov3_sat__finetuned__vitl16-sat493m__in_rover__seed1414__gpu_full__684c258f__gitc188b320__codebebd8b2d__20260713T043353711900Z,msl_ncam_nlb_548063838edr_f0630766ncam07753m1,test_msl,soil,iou,,0,0,13320
dinov3_sat__finetuned__vitl16-sat493m__in_rover__seed1414__gpu_full__684c258f__gitc188b320__codebebd8b2d__20260713T043353711900Z,msl_ncam_nlb_548063838edr_f0630766ncam07753m1,test_msl,bedrock,iou,1.0,13320,13320,13320
dinov3_sat__finetuned__vitl16-sat493m__in_rover__seed1414__gpu_full__684c258f__gitc188b320__codebebd8b2d__20260713T043353711900Z,msl_ncam_nlb_548063838edr_f0630766ncam07753m1,test_msl,sand,iou,,0,0,13320
dinov3_sat__finetuned__vitl16-sat493m__in_rover__seed1414__gpu_full__684c258f__gitc188b320__codebebd8b2d__20260713T043353711900Z,msl_ncam_nlb_548063838edr_f0630766ncam07753m1,test_msl,big_rock,iou,,0,0,13320
dinov3_sat__finetuned__vitl16-sat493m__in_rover__seed1414__gpu_full__684c258f__gitc188b320__codebebd8b2d__20260713T043353711900Z,msl_ncam_nlb_548063838edr_f0630766ncam07753m1,test_msl,ALL,pixel_acc,1.0,0,0,13320
dinov3_sat__finetuned__vitl16-sat493m__in_rover__seed1414__gpu_full__684c258f__gitc188b320__codebebd8b2d__20260713T043353711900Z,msl_ncam_nlb_548063838edr_f0630766ncam07753m1,test_msl,ALL,boundary_f1,1.0,0,0,13320
dinov3_sat__finetuned__vitl16-sat493m__in_rover__seed1414__gpu_full__684c258f__gitc188b320__codebebd8b2d__20260713T043353711900Z,msl_ncam_nlb_552665174edr_f0641980ncam00320m1,test_msl,soil,iou,,0,0,107820
dinov3_sat__finetuned__vitl16-sat493m__in_rover__seed1414__gpu_full__684c258f__gitc188b320__codebebd8b2d__20260713T043353711900Z,msl_ncam_nlb_552665174edr_f0641980ncam00320m1,test_msl,bedrock,iou,1.0,20145,20145,107820
dinov3_sat__finetuned__vitl16-sat493m__in_rover__seed1414__gpu_full__684c258f__gitc188b320__codebebd8b2d__20260713T043353711900Z,msl_ncam_nlb_552665174edr_f0641980ncam00320m1,test_msl,sand,iou,1.0,87675,87675,107820
dinov3_sat__finetuned__vitl16-sat493m__in_rover__seed1414__gpu_full__684c258f__gitc188b320__codebebd8b2d__20260713T043353711900Z,msl_ncam_nlb_552665174edr_f0641980ncam00320m1,test_msl,big_rock,iou,,0,0,107820
dinov3_sat__finetuned__vitl16-sat493m__in_rover__seed1414__gpu_full__684c258f__gitc188b320__codebebd8b2d__20260713T043353711900Z,msl_ncam_nlb_552665174edr_f0641980ncam00320m1,test_msl,ALL,pixel_acc,1.0,0,0,107820
dinov3_sat__finetuned__vitl16-sat493m__in_rover__seed1414__gpu_full__684c258f__gitc188b320__codebebd8b2d__20260713T043353711900Z,msl_ncam_nlb_552665174edr_f0641980ncam00320m1,test_msl,ALL,boundary_f1,1.0,0,0,107820
dinov3_sat__finetuned__vitl16-sat493m__in_rover__seed1414__gpu_full__684c258f__gitc188b320__codebebd8b2d__20260713T043353711900Z,msl_ncam_nlb_552676131edr_f0642004ncam00385m1,test_msl,soil,iou,,0,0,241952
dinov3_sat__finetuned__vitl16-sat493m__in_rover__seed1414__gpu_full__684c258f__gitc188b320__codebebd8b2d__20260713T043353711900Z,msl_ncam_nlb_552676131edr_f0642004ncam00385m1,test_msl,bedrock,iou,,0,0,241952
dinov3_sat__finetuned__vitl16-sat493m__in_rover__seed1414__gpu_full__684c258f__gitc188b320__codebebd8b2d__20260713T043353711900Z,msl_ncam_nlb_552676131edr_f0642004ncam00385m1,test_msl,sand,iou,1.0,241952,241952,241952
dinov3_sat__finetuned__vitl16-sat493m__in_rover__seed1414__gpu_full__684c258f__gitc188b320__codebebd8b2d__20260713T043353711900Z,msl_ncam_nlb_552676131edr_f0642004ncam00385m1,test_msl,big_rock,iou,,0,0,241952
dinov3_sat__finetuned__vitl16-sat493m__in_rover__seed1414__gpu_full__684c258f__gitc188b320__codebebd8b2d__20260713T043353711900Z,msl_ncam_nlb_552676131edr_f0642004ncam00385m1,test_msl,ALL,pixel_acc,1.0,0,0,241952
dinov3_sat__finetuned__vitl16-sat493m__in_rover__seed1414__gpu_full__684c258f__gitc188b320__codebebd8b2d__20260713T043353711900Z,msl_ncam_nlb_552676131edr_f0642004ncam00385m1,test_msl,ALL,boundary_f1,1.0,0,0,241952
dinov3_sat__finetuned__vitl16-sat493m__in_rover__seed1414__gpu_full__684c258f__gitc188b320__codebebd8b2d__20260713T043353711900Z,msl_ncam_nlb_552677384edr_f0642088ncam00376m1,test_msl,soil,iou,,0,0,93137
dinov3_sat__finetuned__vitl16-sat493m__in_rover__seed1414__gpu_full__684c258f__gitc188b320__codebebd8b2d__20260713T043353711900Z,msl_ncam_nlb_552677384edr_f0642088ncam00376m1,test_msl,bedrock,iou,,0,0,93137
dinov3_sat__finetuned__vitl16-sat493m__in_rover__seed1414__gpu_full__684c258f__gitc188b320__codebebd8b2d__20260713T043353711900Z,msl_ncam_nlb_552677384edr_f0642088ncam00376m1,test_msl,sand,iou,1.0,93137,93137,93137
dinov3_sat__finetuned__vitl16-sat493m__in_rover__seed1414__gpu_full__684c258f__gitc188b320__codebebd8b2d__20260713T043353711900Z,msl_ncam_nlb_552677384edr_f0642088ncam00376m1,test_msl,big_rock,iou,,0,0,93137
dinov3_sat__finetuned__vitl16-sat493m__in_rover__seed1414__gpu_full__684c258f__gitc188b320__codebebd8b2d__20260713T043353711900Z,msl_ncam_nlb_552677384edr_f0642088ncam00376m1,test_msl,ALL,pixel_acc,1.0,0,0,93137
dinov3_sat__finetuned__vitl16-sat493m__in_rover__seed1414__gpu_full__684c258f__gitc188b320__codebebd8b2d__20260713T043353711900Z,msl_ncam_nlb_552677384edr_f0642088ncam00376m1,test_msl,ALL,boundary_f1,1.0,0,0,93137
dinov3_sat__finetuned__vitl16-sat493m__in_rover__seed1414__gpu_full__684c258f__gitc188b320__codebebd8b2d__20260713T043353711900Z,msl_ncam_nlb_552677513edr_f0642088ncam00255m1,test_msl,soil,iou,,0,0,42984
dinov3_sat__finetuned__vitl16-sat493m__in_rover__seed1414__gpu_full__684c258f__gitc188b320__codebebd8b2d__20260713T043353711900Z,msl_ncam_nlb_552677513edr_f0642088ncam00255m1,test_msl,bedrock,iou,0.8963165075034106,1314,1466,42984
dinov3_sat__finetuned__vitl16-sat493m__in_rover__seed1414__gpu_full__684c258f__gitc188b320__codebebd8b2d__20260713T043353711900Z,msl_ncam_nlb_552677513edr_f0642088ncam00255m1,test_msl,sand,iou,0.9985088985088985,41518,41580,42984
dinov3_sat__finetuned__vitl16-sat493m__in_rover__seed1414__gpu_full__684c258f__gitc188b320__codebebd8b2d__20260713T043353711900Z,msl_ncam_nlb_552677513edr_f0642088ncam00255m1,test_msl,big_rock,iou,0.0,0,90,42984
dinov3_sat__finetuned__vitl16-sat493m__in_rover__seed1414__gpu_full__684c258f__gitc188b320__codebebd8b2d__20260713T043353711900Z,msl_ncam_nlb_552677513edr_f0642088ncam00255m1,test_msl,ALL,pixel_acc,0.996463800483901,0,0,42984
dinov3_sat__finetuned__vitl16-sat493m__in_rover__seed1414__gpu_full__684c258f__gitc188b320__codebebd8b2d__20260713T043353711900Z,msl_ncam_nlb_552677513edr_f0642088ncam00255m1,test_msl,ALL,boundary_f1,0.64025786201907,0,0,42984
dinov3_sat__finetuned__vitl16-sat493m__in_rover__seed1414__gpu_full__684c258f__gitc188b320__codebebd8b2d__20260713T043353711900Z,msl_ncam_nlb_552677608edr_f0642088ncam00255m1,test_msl,soil,iou,,0,0,238297
dinov3_sat__finetuned__vitl16-sat493m__in_rover__seed1414__gpu_full__684c258f__gitc188b320__codebebd8b2d__20260713T043353711900Z,msl_ncam_nlb_552677608edr_f0642088ncam00255m1,test_msl,bedrock,iou,,0,0,238297
dinov3_sat__finetuned__vitl16-sat493m__in_rover__seed1414__gpu_full__684c258f__gitc188b320__codebebd8b2d__20260713T043353711900Z,msl_ncam_nlb_552677608edr_f0642088ncam00255m1,test_msl,sand,iou,1.0,238297,238297,238297
dinov3_sat__finetuned__vitl16-sat493m__in_rover__seed1414__gpu_full__684c258f__gitc188b320__codebebd8b2d__20260713T043353711900Z,msl_ncam_nlb_552677608edr_f0642088ncam00255m1,test_msl,big_rock,iou,,0,0,238297
dinov3_sat__finetuned__vitl16-sat493m__in_rover__seed1414__gpu_full__684c258f__gitc188b320__codebebd8b2d__20260713T043353711900Z,msl_ncam_nlb_552677608edr_f0642088ncam00255m1,test_msl,ALL,pixel_acc,1.0,0,0,238297
dinov3_sat__finetuned__vitl16-sat493m__in_rover__seed1414__gpu_full__684c258f__gitc188b320__codebebd8b2d__20260713T043353711900Z,msl_ncam_nlb_552677608edr_f0642088ncam00255m1,test_msl,ALL,boundary_f1,1.0,0,0,238297
dinov3_sat__finetuned__vitl16-sat493m__in_rover__seed1414__gpu_full__684c258f__gitc188b320__codebebd8b2d__20260713T043353711900Z,msl_ncam_nlb_552677960edr_f0642088ncam00354m1,test_msl,soil,iou,,0,0,141082
dinov3_sat__finetuned__vitl16-sat493m__in_rover__seed1414__gpu_full__684c258f__gitc188b320__codebebd8b2d__20260713T043353711900Z,msl_ncam_nlb_552677960edr_f0642088ncam00354m1,test_msl,bedrock,iou,,0,0,141082
dinov3_sat__finetuned__vitl16-sat493m__in_rover__seed1414__gpu_full__684c258f__gitc188b320__codebebd8b2d__20260713T043353711900Z,msl_ncam_nlb_552677960edr_f0642088ncam00354m1,test_msl,sand,iou,1.0,141082,141082,141082
dinov3_sat__finetuned__vitl16-sat493m__in_rover__seed1414__gpu_full__684c258f__gitc188b320__codebebd8b2d__20260713T043353711900Z,msl_ncam_nlb_552677960edr_f0642088ncam00354m1,test_msl,big_rock,iou,,0,0,141082
dinov3_sat__finetuned__vitl16-sat493m__in_rover__seed1414__gpu_full__684c258f__gitc188b320__codebebd8b2d__20260713T043353711900Z,msl_ncam_nlb_552677960edr_f0642088ncam00354m1,test_msl,ALL,pixel_acc,1.0,0,0,141082
dinov3_sat__finetuned__vitl16-sat493m__in_rover__seed1414__gpu_full__684c258f__gitc188b320__codebebd8b2d__20260713T043353711900Z,msl_ncam_nlb_552677960edr_f0642088ncam00354m1,test_msl,ALL,boundary_f1,1.0,0,0,141082
dinov3_sat__finetuned__vitl16-sat493m__in_rover__seed1414__gpu_full__684c258f__gitc188b320__codebebd8b2d__20260713T043353711900Z,msl_ncam_nlb_552678040edr_f0642088ncam00354m1,test_msl,soil,iou,,0,0,124577
dinov3_sat__finetuned__vitl16-sat493m__in_rover__seed1414__gpu_full__684c258f__gitc188b320__codebebd8b2d__20260713T043353711900Z,msl_ncam_nlb_552678040edr_f0642088ncam00354m1,test_msl,bedrock,iou,,0,0,124577
dinov3_sat__finetuned__vitl16-sat493m__in_rover__seed1414__gpu_full__684c258f__gitc188b320__codebebd8b2d__20260713T043353711900Z,msl_ncam_nlb_552678040edr_f0642088ncam00354m1,test_msl,sand,iou,1.0,124577,124577,124577
dinov3_sat__finetuned__vitl16-sat493m__in_rover__seed1414__gpu_full__684c258f__gitc188b320__codebebd8b2d__20260713T043353711900Z,msl_ncam_nlb_552678040edr_f0642088ncam00354m1,test_msl,big_rock,iou,,0,0,124577
dinov3_sat__finetuned__vitl16-sat493m__in_rover__seed1414__gpu_full__684c258f__gitc188b320__codebebd8b2d__20260713T043353711900Z,msl_ncam_nlb_552678040edr_f0642088ncam00354m1,test_msl,ALL,pixel_acc,1.0,0,0,124577
dinov3_sat__finetuned__vitl16-sat493m__in_rover__seed1414__gpu_full__684c258f__gitc188b320__codebebd8b2d__20260713T043353711900Z,msl_ncam_nlb_552678040edr_f0642088ncam00354m1,test_msl,ALL,boundary_f1,1.0,0,0,124577
dinov3_sat__finetuned__vitl16-sat493m__in_rover__seed1414__gpu_full__684c258f__gitc188b320__codebebd8b2d__20260713T043353711900Z,msl_ncam_nlb_552682049edr_f0642088ncam07753m1,test_msl,soil,iou,,0,0,203617
dinov3_sat__finetuned__vitl16-sat493m__in_rover__seed1414__gpu_full__684c258f__gitc188b320__codebebd8b2d__20260713T043353711900Z,msl_ncam_nlb_552682049edr_f0642088ncam07753m1,test_msl,bedrock,iou,,0,0,203617
dinov3_sat__finetuned__vitl16-sat493m__in_rover__seed1414__gpu_full__684c258f__gitc188b320__codebebd8b2d__20260713T043353711900Z,msl_ncam_nlb_552682049edr_f0642088ncam07753m1,test_msl,sand,iou,1.0,203617,203617,203617
dinov3_sat__finetuned__vitl16-sat493m__in_rover__seed1414__gpu_full__684c258f__gitc188b320__codebebd8b2d__20260713T043353711900Z,msl_ncam_nlb_552682049edr_f0642088ncam07753m1,test_msl,big_rock,iou,,0,0,203617
dinov3_sat__finetuned__vitl16-sat493m__in_rover__seed1414__gpu_full__684c258f__gitc188b320__codebebd8b2d__20260713T043353711900Z,msl_ncam_nlb_552682049edr_f0642088ncam07753m1,test_msl,ALL,pixel_acc,1.0,0,0,203617
dinov3_sat__finetuned__vitl16-sat493m__in_rover__seed1414__gpu_full__684c258f__gitc188b320__codebebd8b2d__20260713T043353711900Z,msl_ncam_nlb_552682049edr_f0642088ncam07753m1,test_msl,ALL,boundary_f1,1.0,0,0,203617
dinov3_sat__finetuned__vitl16-sat493m__in_rover__seed1414__gpu_full__684c258f__gitc188b320__codebebd8b2d__20260713T043353711900Z,msl_ncam_nlb_552682173edr_f0642088ncam07753m1,test_msl,soil,iou,,0,0,37725
dinov3_sat__finetuned__vitl16-sat493m__in_rover__seed1414__gpu_full__684c258f__gitc188b320__codebebd8b2d__20260713T043353711900Z,msl_ncam_nlb_552682173edr_f0642088ncam07753m1,test_msl,bedrock,iou,0.99933818663137,3020,3022,37725
dinov3_sat__finetuned__vitl16-sat493m__in_rover__seed1414__gpu_full__684c258f__gitc188b320__codebebd8b2d__20260713T043353711900Z,msl_ncam_nlb_552682173edr_f0642088ncam07753m1,test_msl,sand,iou,0.9999423714162224,34703,34705,37725
dinov3_sat__finetuned__vitl16-sat493m__in_rover__seed1414__gpu_full__684c258f__gitc188b320__codebebd8b2d__20260713T043353711900Z,msl_ncam_nlb_552682173edr_f0642088ncam07753m1,test_msl,big_rock,iou,,0,0,37725
dinov3_sat__finetuned__vitl16-sat493m__in_rover__seed1414__gpu_full__684c258f__gitc188b320__codebebd8b2d__20260713T043353711900Z,msl_ncam_nlb_552682173edr_f0642088ncam07753m1,test_msl,ALL,pixel_acc,0.9999469847581179,0,0,37725
dinov3_sat__finetuned__vitl16-sat493m__in_rover__seed1414__gpu_full__684c258f__gitc188b320__codebebd8b2d__20260713T043353711900Z,msl_ncam_nlb_552682173edr_f0642088ncam07753m1,test_msl,ALL,boundary_f1,0.9986033519553073,0,0,37725
dinov3_sat__finetuned__vitl16-sat493m__in_rover__seed1414__gpu_full__684c258f__gitc188b320__codebebd8b2d__20260713T043353711900Z,msl_ncam_nlb_556418003edr_f0651174ncam00320m1,test_msl,soil,iou,,0,0,95260
dinov3_sat__finetuned__vitl16-sat493m__in_rover__seed1414__gpu_full__684c258f__gitc188b320__codebebd8b2d__20260713T043353711900Z,msl_ncam_nlb_556418003edr_f0651174ncam00320m1,test_msl,bedrock,iou,0.8449293695973012,8015,9486,95260
dinov3_sat__finetuned__vitl16-sat493m__in_rover__seed1414__gpu_full__684c258f__gitc188b320__codebebd8b2d__20260713T043353711900Z,msl_ncam_nlb_556418003edr_f0651174ncam00320m1,test_msl,sand,iou,0.9831394349246375,85774,87245,95260
dinov3_sat__finetuned__vitl16-sat493m__in_rover__seed1414__gpu_full__684c258f__gitc188b320__codebebd8b2d__20260713T043353711900Z,msl_ncam_nlb_556418003edr_f0651174ncam00320m1,test_msl,big_rock,iou,,0,0,95260
dinov3_sat__finetuned__vitl16-sat493m__in_rover__seed1414__gpu_full__684c258f__gitc188b320__codebebd8b2d__20260713T043353711900Z,msl_ncam_nlb_556418003edr_f0651174ncam00320m1,test_msl,ALL,pixel_acc,0.9845580516481209,0,0,95260
dinov3_sat__finetuned__vitl16-sat493m__in_rover__seed1414__gpu_full__684c258f__gitc188b320__codebebd8b2d__20260713T043353711900Z,msl_ncam_nlb_556418003edr_f0651174ncam00320m1,test_msl,ALL,boundary_f1,0.9061148625259647,0,0,95260
dinov3_sat__finetuned__vitl16-sat493m__in_rover__seed1414__gpu_full__684c258f__gitc188b320__codebebd8b2d__20260713T043353711900Z,msl_ncam_nlb_556756244edr_f0651642ncam00285m1,test_msl,soil,iou,,0,0,71198
dinov3_sat__finetuned__vitl16-sat493m__in_rover__seed1414__gpu_full__684c258f__gitc188b320__codebebd8b2d__20260713T043353711900Z,msl_ncam_nlb_556756244edr_f0651642ncam00285m1,test_msl,bedrock,iou,0.9326824732682474,10031,10755,71198
dinov3_sat__finetuned__vitl16-sat493m__in_rover__seed1414__gpu_full__684c258f__gitc188b320__codebebd8b2d__20260713T043353711900Z,msl_ncam_nlb_556756244edr_f0651642ncam00285m1,test_msl,sand,iou,0.9881635522422221,60443,61167,71198
dinov3_sat__finetuned__vitl16-sat493m__in_rover__seed1414__gpu_full__684c258f__gitc188b320__codebebd8b2d__20260713T043353711900Z,msl_ncam_nlb_556756244edr_f0651642ncam00285m1,test_msl,big_rock,iou,,0,0,71198
dinov3_sat__finetuned__vitl16-sat493m__in_rover__seed1414__gpu_full__684c258f__gitc188b320__codebebd8b2d__20260713T043353711900Z,msl_ncam_nlb_556756244edr_f0651642ncam00285m1,test_msl,ALL,pixel_acc,0.9898311750330065,0,0,71198
dinov3_sat__finetuned__vitl16-sat493m__in_rover__seed1414__gpu_full__684c258f__gitc188b320__codebebd8b2d__20260713T043353711900Z,msl_ncam_nlb_556756244edr_f0651642ncam00285m1,test_msl,ALL,boundary_f1,0.9487520662291109,0,0,71198
dinov3_sat__finetuned__vitl16-sat493m__in_rover__seed1414__gpu_full__684c258f__gitc188b320__codebebd8b2d__20260713T043353711900Z,msl_ncam_nlb_556756308edr_f0651642ncam00285m1,test_msl,soil,iou,,0,0,120672
dinov3_sat__finetuned__vitl16-sat493m__in_rover__seed1414__gpu_full__684c258f__gitc188b320__codebebd8b2d__20260713T043353711900Z,msl_ncam_nlb_556756308edr_f0651642ncam00285m1,test_msl,bedrock,iou,0.9749430523917996,5136,5268,120672
dinov3_sat__finetuned__vitl16-sat493m__in_rover__seed1414__gpu_full__684c258f__gitc188b320__codebebd8b2d__20260713T043353711900Z,msl_ncam_nlb_556756308edr_f0651642ncam00285m1,test_msl,sand,iou,0.9958843635711367,99936,100349,120672
dinov3_sat__finetuned__vitl16-sat493m__in_rover__seed1414__gpu_full__684c258f__gitc188b320__codebebd8b2d__20260713T043353711900Z,msl_ncam_nlb_556756308edr_f0651642ncam00285m1,test_msl,big_rock,iou,0.9772316821465429,15151,15504,120672
dinov3_sat__finetuned__vitl16-sat493m__in_rover__seed1414__gpu_full__684c258f__gitc188b320__codebebd8b2d__20260713T043353711900Z,msl_ncam_nlb_556756308edr_f0651642ncam00285m1,test_msl,ALL,pixel_acc,0.9962791699814373,0,0,120672
dinov3_sat__finetuned__vitl16-sat493m__in_rover__seed1414__gpu_full__684c258f__gitc188b320__codebebd8b2d__20260713T043353711900Z,msl_ncam_nlb_556756308edr_f0651642ncam00285m1,test_msl,ALL,boundary_f1,0.9184767309416294,0,0,120672
dinov3_sat__finetuned__vitl16-sat493m__in_rover__seed1414__gpu_full__684c258f__gitc188b320__codebebd8b2d__20260713T043353711900Z,msl_ncam_nlb_556756606edr_f0651642ncam00312m1,test_msl,soil,iou,,0,0,172993
dinov3_sat__finetuned__vitl16-sat493m__in_rover__seed1414__gpu_full__684c258f__gitc188b320__codebebd8b2d__20260713T043353711900Z,msl_ncam_nlb_556756606edr_f0651642ncam00312m1,test_msl,bedrock,iou,0.9970262233035956,14752,14796,172993
dinov3_sat__finetuned__vitl16-sat493m__in_rover__seed1414__gpu_full__684c258f__gitc188b320__codebebd8b2d__20260713T043353711900Z,msl_ncam_nlb_556756606edr_f0651642ncam00312m1,test_msl,sand,iou,0.9997219431120885,158197,158241,172993
dinov3_sat__finetuned__vitl16-sat493m__in_rover__seed1414__gpu_full__684c258f__gitc188b320__codebebd8b2d__20260713T043353711900Z,msl_ncam_nlb_556756606edr_f0651642ncam00312m1,test_msl,big_rock,iou,,0,0,172993
dinov3_sat__finetuned__vitl16-sat493m__in_rover__seed1414__gpu_full__684c258f__gitc188b320__codebebd8b2d__20260713T043353711900Z,msl_ncam_nlb_556756606edr_f0651642ncam00312m1,test_msl,ALL,pixel_acc,0.9997456544484459,0,0,172993
dinov3_sat__finetuned__vitl16-sat493m__in_rover__seed1414__gpu_full__684c258f__gitc188b320__codebebd8b2d__20260713T043353711900Z,msl_ncam_nlb_556756606edr_f0651642ncam00312m1,test_msl,ALL,boundary_f1,0.9920174165457185,0,0,172993
dinov3_sat__finetuned__vitl16-sat493m__in_rover__seed1414__gpu_full__684c258f__gitc188b320__codebebd8b2d__20260713T043353711900Z,msl_ncam_nlb_556763962edr_f0651642ncam07753m1,test_msl,soil,iou,,0,0,156742
dinov3_sat__finetuned__vitl16-sat493m__in_rover__seed1414__gpu_full__684c258f__gitc188b320__codebebd8b2d__20260713T043353711900Z,msl_ncam_nlb_556763962edr_f0651642ncam07753m1,test_msl,bedrock,iou,0.8628796543398145,6790,7869,156742
dinov3_sat__finetuned__vitl16-sat493m__in_rover__seed1414__gpu_full__684c258f__gitc188b320__codebebd8b2d__20260713T043353711900Z,msl_ncam_nlb_556763962edr_f0651642ncam07753m1,test_msl,sand,iou,0.9928043640631669,148873,149952,156742
dinov3_sat__finetuned__vitl16-sat493m__in_rover__seed1414__gpu_full__684c258f__gitc188b320__codebebd8b2d__20260713T043353711900Z,msl_ncam_nlb_556763962edr_f0651642ncam07753m1,test_msl,big_rock,iou,,0,0,156742
dinov3_sat__finetuned__vitl16-sat493m__in_rover__seed1414__gpu_full__684c258f__gitc188b320__codebebd8b2d__20260713T043353711900Z,msl_ncam_nlb_556763962edr_f0651642ncam07753m1,test_msl,ALL,pixel_acc,0.9931160760995776,0,0,156742
dinov3_sat__finetuned__vitl16-sat493m__in_rover__seed1414__gpu_full__684c258f__gitc188b320__codebebd8b2d__20260713T043353711900Z,msl_ncam_nlb_556763962edr_f0651642ncam07753m1,test_msl,ALL,boundary_f1,0.8719590180948049,0,0,156742
dinov3_sat__finetuned__vitl16-sat493m__in_rover__seed1414__gpu_full__684c258f__gitc188b320__codebebd8b2d__20260713T043353711900Z,msl_ncam_nlb_556764110edr_f0651642ncam07753m1,test_msl,soil,iou,,0,0,19514
dinov3_sat__finetuned__vitl16-sat493m__in_rover__seed1414__gpu_full__684c258f__gitc188b320__codebebd8b2d__20260713T043353711900Z,msl_ncam_nlb_556764110edr_f0651642ncam07753m1,test_msl,bedrock,iou,0.2442622950819672,149,610,19514
dinov3_sat__finetuned__vitl16-sat493m__in_rover__seed1414__gpu_full__684c258f__gitc188b320__codebebd8b2d__20260713T043353711900Z,msl_ncam_nlb_556764110edr_f0651642ncam07753m1,test_msl,sand,iou,0.9761941647301833,18904,19365,19514
dinov3_sat__finetuned__vitl16-sat493m__in_rover__seed1414__gpu_full__684c258f__gitc188b320__codebebd8b2d__20260713T043353711900Z,msl_ncam_nlb_556764110edr_f0651642ncam07753m1,test_msl,big_rock,iou,,0,0,19514
dinov3_sat__finetuned__vitl16-sat493m__in_rover__seed1414__gpu_full__684c258f__gitc188b320__codebebd8b2d__20260713T043353711900Z,msl_ncam_nlb_556764110edr_f0651642ncam07753m1,test_msl,ALL,pixel_acc,0.9763759352259916,0,0,19514
dinov3_sat__finetuned__vitl16-sat493m__in_rover__seed1414__gpu_full__684c258f__gitc188b320__codebebd8b2d__20260713T043353711900Z,msl_ncam_nlb_556764110edr_f0651642ncam07753m1,test_msl,ALL,boundary_f1,0.7545613120993135,0,0,19514
dinov3_sat__finetuned__vitl16-sat493m__in_rover__seed1414__gpu_full__684c258f__gitc188b320__codebebd8b2d__20260713T043353711900Z,msl_ncam_nlb_556764172edr_f0651642ncam07753m1,test_msl,soil,iou,,0,0,45242
dinov3_sat__finetuned__vitl16-sat493m__in_rover__seed1414__gpu_full__684c258f__gitc188b320__codebebd8b2d__20260713T043353711900Z,msl_ncam_nlb_556764172edr_f0651642ncam07753m1,test_msl,bedrock,iou,0.7410117056856187,7090,9568,45242
dinov3_sat__finetuned__vitl16-sat493m__in_rover__seed1414__gpu_full__684c258f__gitc188b320__codebebd8b2d__20260713T043353711900Z,msl_ncam_nlb_556764172edr_f0651642ncam07753m1,test_msl,sand,iou,0.9350492765778989,35674,38152,45242
dinov3_sat__finetuned__vitl16-sat493m__in_rover__seed1414__gpu_full__684c258f__gitc188b320__codebebd8b2d__20260713T043353711900Z,msl_ncam_nlb_556764172edr_f0651642ncam07753m1,test_msl,big_rock,iou,,0,0,45242
dinov3_sat__finetuned__vitl16-sat493m__in_rover__seed1414__gpu_full__684c258f__gitc188b320__codebebd8b2d__20260713T043353711900Z,msl_ncam_nlb_556764172edr_f0651642ncam07753m1,test_msl,ALL,pixel_acc,0.9452278855930331,0,0,45242
dinov3_sat__finetuned__vitl16-sat493m__in_rover__seed1414__gpu_full__684c258f__gitc188b320__codebebd8b2d__20260713T043353711900Z,msl_ncam_nlb_556764172edr_f0651642ncam07753m1,test_msl,ALL,boundary_f1,0.8540072027117902,0,0,45242
dinov3_sat__finetuned__vitl16-sat493m__in_rover__seed1414__gpu_full__684c258f__gitc188b320__codebebd8b2d__20260713T043353711900Z,msl_ncam_nlb_558363908edr_f0660000ncam00375m1,test_msl,soil,iou,,0,0,137927
dinov3_sat__finetuned__vitl16-sat493m__in_rover__seed1414__gpu_full__684c258f__gitc188b320__codebebd8b2d__20260713T043353711900Z,msl_ncam_nlb_558363908edr_f0660000ncam00375m1,test_msl,bedrock,iou,1.0,137927,137927,137927
dinov3_sat__finetuned__vitl16-sat493m__in_rover__seed1414__gpu_full__684c258f__gitc188b320__codebebd8b2d__20260713T043353711900Z,msl_ncam_nlb_558363908edr_f0660000ncam00375m1,test_msl,sand,iou,,0,0,137927
dinov3_sat__finetuned__vitl16-sat493m__in_rover__seed1414__gpu_full__684c258f__gitc188b320__codebebd8b2d__20260713T043353711900Z,msl_ncam_nlb_558363908edr_f0660000ncam00375m1,test_msl,big_rock,iou,,0,0,137927
dinov3_sat__finetuned__vitl16-sat493m__in_rover__seed1414__gpu_full__684c258f__gitc188b320__codebebd8b2d__20260713T043353711900Z,msl_ncam_nlb_558363908edr_f0660000ncam00375m1,test_msl,ALL,pixel_acc,1.0,0,0,137927
dinov3_sat__finetuned__vitl16-sat493m__in_rover__seed1414__gpu_full__684c258f__gitc188b320__codebebd8b2d__20260713T043353711900Z,msl_ncam_nlb_558363908edr_f0660000ncam00375m1,test_msl,ALL,boundary_f1,1.0,0,0,137927
dinov3_sat__finetuned__vitl16-sat493m__in_rover__seed1414__gpu_full__684c258f__gitc188b320__codebebd8b2d__20260713T043353711900Z,msl_ncam_nlb_558364034edr_f0660000ncam00252m1,test_msl,soil,iou,,0,0,216388
dinov3_sat__finetuned__vitl16-sat493m__in_rover__seed1414__gpu_full__684c258f__gitc188b320__codebebd8b2d__20260713T043353711900Z,msl_ncam_nlb_558364034edr_f0660000ncam00252m1,test_msl,bedrock,iou,1.0,216388,216388,216388
dinov3_sat__finetuned__vitl16-sat493m__in_rover__seed1414__gpu_full__684c258f__gitc188b320__codebebd8b2d__20260713T043353711900Z,msl_ncam_nlb_558364034edr_f0660000ncam00252m1,test_msl,sand,iou,,0,0,216388
dinov3_sat__finetuned__vitl16-sat493m__in_rover__seed1414__gpu_full__684c258f__gitc188b320__codebebd8b2d__20260713T043353711900Z,msl_ncam_nlb_558364034edr_f0660000ncam00252m1,test_msl,big_rock,iou,,0,0,216388
dinov3_sat__finetuned__vitl16-sat493m__in_rover__seed1414__gpu_full__684c258f__gitc188b320__codebebd8b2d__20260713T043353711900Z,msl_ncam_nlb_558364034edr_f0660000ncam00252m1,test_msl,ALL,pixel_acc,1.0,0,0,216388
dinov3_sat__finetuned__vitl16-sat493m__in_rover__seed1414__gpu_full__684c258f__gitc188b320__codebebd8b2d__20260713T043353711900Z,msl_ncam_nlb_558364034edr_f0660000ncam00252m1,test_msl,ALL,boundary_f1,1.0,0,0,216388
dinov3_sat__finetuned__vitl16-sat493m__in_rover__seed1414__gpu_full__684c258f__gitc188b320__codebebd8b2d__20260713T043353711900Z,msl_ncam_nlb_558364090edr_f0660000ncam00252m1,test_msl,soil,iou,,0,0,0
dinov3_sat__finetuned__vitl16-sat493m__in_rover__seed1414__gpu_full__684c258f__gitc188b320__codebebd8b2d__20260713T043353711900Z,msl_ncam_nlb_558364090edr_f0660000ncam00252m1,test_msl,bedrock,iou,,0,0,0
dinov3_sat__finetuned__vitl16-sat493m__in_rover__seed1414__gpu_full__684c258f__gitc188b320__codebebd8b2d__20260713T043353711900Z,msl_ncam_nlb_558364090edr_f0660000ncam00252m1,test_msl,sand,iou,,0,0,0
dinov3_sat__finetuned__vitl16-sat493m__in_rover__seed1414__gpu_full__684c258f__gitc188b320__codebebd8b2d__20260713T043353711900Z,msl_ncam_nlb_558364090edr_f0660000ncam00252m1,test_msl,big_rock,iou,,0,0,0
dinov3_sat__finetuned__vitl16-sat493m__in_rover__seed1414__gpu_full__684c258f__gitc188b320__codebebd8b2d__20260713T043353711900Z,msl_ncam_nlb_558364090edr_f0660000ncam00252m1,test_msl,ALL,pixel_acc,,0,0,0
dinov3_sat__finetuned__vitl16-sat493m__in_rover__seed1414__gpu_full__684c258f__gitc188b320__codebebd8b2d__20260713T043353711900Z,msl_ncam_nlb_558364090edr_f0660000ncam00252m1,test_msl,ALL,boundary_f1,,0,0,0
dinov3_sat__finetuned__vitl16-sat493m__in_rover__seed1414__gpu_full__684c258f__gitc188b320__codebebd8b2d__20260713T043353711900Z,msl_ncam_nlb_558364829edr_f0660000ncam00253m1,test_msl,soil,iou,0.0,0,1311,110732
dinov3_sat__finetuned__vitl16-sat493m__in_rover__seed1414__gpu_full__684c258f__gitc188b320__codebebd8b2d__20260713T043353711900Z,msl_ncam_nlb_558364829edr_f0660000ncam00253m1,test_msl,bedrock,iou,0.9881606039807824,109421,110732,110732
dinov3_sat__finetuned__vitl16-sat493m__in_rover__seed1414__gpu_full__684c258f__gitc188b320__codebebd8b2d__20260713T043353711900Z,msl_ncam_nlb_558364829edr_f0660000ncam00253m1,test_msl,sand,iou,,0,0,110732
dinov3_sat__finetuned__vitl16-sat493m__in_rover__seed1414__gpu_full__684c258f__gitc188b320__codebebd8b2d__20260713T043353711900Z,msl_ncam_nlb_558364829edr_f0660000ncam00253m1,test_msl,big_rock,iou,,0,0,110732
dinov3_sat__finetuned__vitl16-sat493m__in_rover__seed1414__gpu_full__684c258f__gitc188b320__codebebd8b2d__20260713T043353711900Z,msl_ncam_nlb_558364829edr_f0660000ncam00253m1,test_msl,ALL,pixel_acc,0.9881606039807824,0,0,110732
dinov3_sat__finetuned__vitl16-sat493m__in_rover__seed1414__gpu_full__684c258f__gitc188b320__codebebd8b2d__20260713T043353711900Z,msl_ncam_nlb_558364829edr_f0660000ncam00253m1,test_msl,ALL,boundary_f1,0.4826183917093008,0,0,110732
dinov3_sat__finetuned__vitl16-sat493m__in_rover__seed1414__gpu_full__684c258f__gitc188b320__codebebd8b2d__20260713T043353711900Z,msl_ncam_nlb_558364943edr_f0660000ncam00253m1,test_msl,soil,iou,,0,0,3436
dinov3_sat__finetuned__vitl16-sat493m__in_rover__seed1414__gpu_full__684c258f__gitc188b320__codebebd8b2d__20260713T043353711900Z,msl_ncam_nlb_558364943edr_f0660000ncam00253m1,test_msl,bedrock,iou,1.0,3436,3436,3436
dinov3_sat__finetuned__vitl16-sat493m__in_rover__seed1414__gpu_full__684c258f__gitc188b320__codebebd8b2d__20260713T043353711900Z,msl_ncam_nlb_558364943edr_f0660000ncam00253m1,test_msl,sand,iou,,0,0,3436
dinov3_sat__finetuned__vitl16-sat493m__in_rover__seed1414__gpu_full__684c258f__gitc188b320__codebebd8b2d__20260713T043353711900Z,msl_ncam_nlb_558364943edr_f0660000ncam00253m1,test_msl,big_rock,iou,,0,0,3436
dinov3_sat__finetuned__vitl16-sat493m__in_rover__seed1414__gpu_full__684c258f__gitc188b320__codebebd8b2d__20260713T043353711900Z,msl_ncam_nlb_558364943edr_f0660000ncam00253m1,test_msl,ALL,pixel_acc,1.0,0,0,3436
dinov3_sat__finetuned__vitl16-sat493m__in_rover__seed1414__gpu_full__684c258f__gitc188b320__codebebd8b2d__20260713T043353711900Z,msl_ncam_nlb_558364943edr_f0660000ncam00253m1,test_msl,ALL,boundary_f1,1.0,0,0,3436
dinov3_sat__finetuned__vitl16-sat493m__in_rover__seed1414__gpu_full__684c258f__gitc188b320__codebebd8b2d__20260713T043353711900Z,msl_ncam_nlb_558365006edr_f0660000ncam00253m1,test_msl,soil,iou,0.0,0,136,47526
dinov3_sat__finetuned__vitl16-sat493m__in_rover__seed1414__gpu_full__684c258f__gitc188b320__codebebd8b2d__20260713T043353711900Z,msl_ncam_nlb_558365006edr_f0660000ncam00253m1,test_msl,bedrock,iou,0.9971384084501115,47390,47526,47526
dinov3_sat__finetuned__vitl16-sat493m__in_rover__seed1414__gpu_full__684c258f__gitc188b320__codebebd8b2d__20260713T043353711900Z,msl_ncam_nlb_558365006edr_f0660000ncam00253m1,test_msl,sand,iou,,0,0,47526
dinov3_sat__finetuned__vitl16-sat493m__in_rover__seed1414__gpu_full__684c258f__gitc188b320__codebebd8b2d__20260713T043353711900Z,msl_ncam_nlb_558365006edr_f0660000ncam00253m1,test_msl,big_rock,iou,,0,0,47526
dinov3_sat__finetuned__vitl16-sat493m__in_rover__seed1414__gpu_full__684c258f__gitc188b320__codebebd8b2d__20260713T043353711900Z,msl_ncam_nlb_558365006edr_f0660000ncam00253m1,test_msl,ALL,pixel_acc,0.9971384084501115,0,0,47526
dinov3_sat__finetuned__vitl16-sat493m__in_rover__seed1414__gpu_full__684c258f__gitc188b320__codebebd8b2d__20260713T043353711900Z,msl_ncam_nlb_558365006edr_f0660000ncam00253m1,test_msl,ALL,boundary_f1,0.4961896697713802,0,0,47526
dinov3_sat__finetuned__vitl16-sat493m__in_rover__seed1414__gpu_full__684c258f__gitc188b320__codebebd8b2d__20260713T043353711900Z,msl_ncam_nlb_558365068edr_f0660000ncam00253m1,test_msl,soil,iou,,0,0,142185
dinov3_sat__finetuned__vitl16-sat493m__in_rover__seed1414__gpu_full__684c258f__gitc188b320__codebebd8b2d__20260713T043353711900Z,msl_ncam_nlb_558365068edr_f0660000ncam00253m1,test_msl,bedrock,iou,1.0,142185,142185,142185
dinov3_sat__finetuned__vitl16-sat493m__in_rover__seed1414__gpu_full__684c258f__gitc188b320__codebebd8b2d__20260713T043353711900Z,msl_ncam_nlb_558365068edr_f0660000ncam00253m1,test_msl,sand,iou,,0,0,142185
dinov3_sat__finetuned__vitl16-sat493m__in_rover__seed1414__gpu_full__684c258f__gitc188b320__codebebd8b2d__20260713T043353711900Z,msl_ncam_nlb_558365068edr_f0660000ncam00253m1,test_msl,big_rock,iou,,0,0,142185
dinov3_sat__finetuned__vitl16-sat493m__in_rover__seed1414__gpu_full__684c258f__gitc188b320__codebebd8b2d__20260713T043353711900Z,msl_ncam_nlb_558365068edr_f0660000ncam00253m1,test_msl,ALL,pixel_acc,1.0,0,0,142185
dinov3_sat__finetuned__vitl16-sat493m__in_rover__seed1414__gpu_full__684c258f__gitc188b320__codebebd8b2d__20260713T043353711900Z,msl_ncam_nlb_558365068edr_f0660000ncam00253m1,test_msl,ALL,boundary_f1,1.0,0,0,142185
dinov3_sat__finetuned__vitl16-sat493m__in_rover__seed1414__gpu_full__684c258f__gitc188b320__codebebd8b2d__20260713T043353711900Z,msl_ncam_nlb_560302217edr_f0660952ncam00320m1,test_msl,soil,iou,,0,0,41827
dinov3_sat__finetuned__vitl16-sat493m__in_rover__seed1414__gpu_full__684c258f__gitc188b320__codebebd8b2d__20260713T043353711900Z,msl_ncam_nlb_560302217edr_f0660952ncam00320m1,test_msl,bedrock,iou,1.0,41827,41827,41827
dinov3_sat__finetuned__vitl16-sat493m__in_rover__seed1414__gpu_full__684c258f__gitc188b320__codebebd8b2d__20260713T043353711900Z,msl_ncam_nlb_560302217edr_f0660952ncam00320m1,test_msl,sand,iou,,0,0,41827
dinov3_sat__finetuned__vitl16-sat493m__in_rover__seed1414__gpu_full__684c258f__gitc188b320__codebebd8b2d__20260713T043353711900Z,msl_ncam_nlb_560302217edr_f0660952ncam00320m1,test_msl,big_rock,iou,,0,0,41827
dinov3_sat__finetuned__vitl16-sat493m__in_rover__seed1414__gpu_full__684c258f__gitc188b320__codebebd8b2d__20260713T043353711900Z,msl_ncam_nlb_560302217edr_f0660952ncam00320m1,test_msl,ALL,pixel_acc,1.0,0,0,41827
dinov3_sat__finetuned__vitl16-sat493m__in_rover__seed1414__gpu_full__684c258f__gitc188b320__codebebd8b2d__20260713T043353711900Z,msl_ncam_nlb_560302217edr_f0660952ncam00320m1,test_msl,ALL,boundary_f1,1.0,0,0,41827
dinov3_sat__finetuned__vitl16-sat493m__in_rover__seed1414__gpu_full__684c258f__gitc188b320__codebebd8b2d__20260713T043353711900Z,msl_ncam_nlb_560310464edr_f0661030ncam00385m1,test_msl,soil,iou,,0,0,158565
dinov3_sat__finetuned__vitl16-sat493m__in_rover__seed1414__gpu_full__684c258f__gitc188b320__codebebd8b2d__20260713T043353711900Z,msl_ncam_nlb_560310464edr_f0661030ncam00385m1,test_msl,bedrock,iou,1.0,158565,158565,158565
dinov3_sat__finetuned__vitl16-sat493m__in_rover__seed1414__gpu_full__684c258f__gitc188b320__codebebd8b2d__20260713T043353711900Z,msl_ncam_nlb_560310464edr_f0661030ncam00385m1,test_msl,sand,iou,,0,0,158565
dinov3_sat__finetuned__vitl16-sat493m__in_rover__seed1414__gpu_full__684c258f__gitc188b320__codebebd8b2d__20260713T043353711900Z,msl_ncam_nlb_560310464edr_f0661030ncam00385m1,test_msl,big_rock,iou,,0,0,158565
dinov3_sat__finetuned__vitl16-sat493m__in_rover__seed1414__gpu_full__684c258f__gitc188b320__codebebd8b2d__20260713T043353711900Z,msl_ncam_nlb_560310464edr_f0661030ncam00385m1,test_msl,ALL,pixel_acc,1.0,0,0,158565
dinov3_sat__finetuned__vitl16-sat493m__in_rover__seed1414__gpu_full__684c258f__gitc188b320__codebebd8b2d__20260713T043353711900Z,msl_ncam_nlb_560310464edr_f0661030ncam00385m1,test_msl,ALL,boundary_f1,1.0,0,0,158565
dinov3_sat__finetuned__vitl16-sat493m__in_rover__seed1414__gpu_full__684c258f__gitc188b320__codebebd8b2d__20260713T043353711900Z,msl_ncam_nlb_560311677edr_f0661112ncam00353m1,test_msl,soil,iou,0.0,0,206,58722
dinov3_sat__finetuned__vitl16-sat493m__in_rover__seed1414__gpu_full__684c258f__gitc188b320__codebebd8b2d__20260713T043353711900Z,msl_ncam_nlb_560311677edr_f0661112ncam00353m1,test_msl,bedrock,iou,0.9964919450972378,58516,58722,58722
dinov3_sat__finetuned__vitl16-sat493m__in_rover__seed1414__gpu_full__684c258f__gitc188b320__codebebd8b2d__20260713T043353711900Z,msl_ncam_nlb_560311677edr_f0661112ncam00353m1,test_msl,sand,iou,,0,0,58722
dinov3_sat__finetuned__vitl16-sat493m__in_rover__seed1414__gpu_full__684c258f__gitc188b320__codebebd8b2d__20260713T043353711900Z,msl_ncam_nlb_560311677edr_f0661112ncam00353m1,test_msl,big_rock,iou,,0,0,58722
dinov3_sat__finetuned__vitl16-sat493m__in_rover__seed1414__gpu_full__684c258f__gitc188b320__codebebd8b2d__20260713T043353711900Z,msl_ncam_nlb_560311677edr_f0661112ncam00353m1,test_msl,ALL,pixel_acc,0.9964919450972378,0,0,58722
dinov3_sat__finetuned__vitl16-sat493m__in_rover__seed1414__gpu_full__684c258f__gitc188b320__codebebd8b2d__20260713T043353711900Z,msl_ncam_nlb_560311677edr_f0661112ncam00353m1,test_msl,ALL,boundary_f1,0.4872396597242593,0,0,58722
dinov3_sat__finetuned__vitl16-sat493m__in_rover__seed1414__gpu_full__684c258f__gitc188b320__codebebd8b2d__20260713T043353711900Z,msl_ncam_nlb_560311785edr_f0661112ncam00273m1,test_msl,soil,iou,,0,0,67364
dinov3_sat__finetuned__vitl16-sat493m__in_rover__seed1414__gpu_full__684c258f__gitc188b320__codebebd8b2d__20260713T043353711900Z,msl_ncam_nlb_560311785edr_f0661112ncam00273m1,test_msl,bedrock,iou,1.0,67364,67364,67364
dinov3_sat__finetuned__vitl16-sat493m__in_rover__seed1414__gpu_full__684c258f__gitc188b320__codebebd8b2d__20260713T043353711900Z,msl_ncam_nlb_560311785edr_f0661112ncam00273m1,test_msl,sand,iou,,0,0,67364
dinov3_sat__finetuned__vitl16-sat493m__in_rover__seed1414__gpu_full__684c258f__gitc188b320__codebebd8b2d__20260713T043353711900Z,msl_ncam_nlb_560311785edr_f0661112ncam00273m1,test_msl,big_rock,iou,,0,0,67364
dinov3_sat__finetuned__vitl16-sat493m__in_rover__seed1414__gpu_full__684c258f__gitc188b320__codebebd8b2d__20260713T043353711900Z,msl_ncam_nlb_560311785edr_f0661112ncam00273m1,test_msl,ALL,pixel_acc,1.0,0,0,67364
dinov3_sat__finetuned__vitl16-sat493m__in_rover__seed1414__gpu_full__684c258f__gitc188b320__codebebd8b2d__20260713T043353711900Z,msl_ncam_nlb_560311785edr_f0661112ncam00273m1,test_msl,ALL,boundary_f1,1.0,0,0,67364
dinov3_sat__finetuned__vitl16-sat493m__in_rover__seed1414__gpu_full__684c258f__gitc188b320__codebebd8b2d__20260713T043353711900Z,msl_ncam_nlb_560311842edr_f0661112ncam00273m1,test_msl,soil,iou,0.0,0,5864,94786
dinov3_sat__finetuned__vitl16-sat493m__in_rover__seed1414__gpu_full__684c258f__gitc188b320__codebebd8b2d__20260713T043353711900Z,msl_ncam_nlb_560311842edr_f0661112ncam00273m1,test_msl,bedrock,iou,0.938134323634292,88922,94786,94786
dinov3_sat__finetuned__vitl16-sat493m__in_rover__seed1414__gpu_full__684c258f__gitc188b320__codebebd8b2d__20260713T043353711900Z,msl_ncam_nlb_560311842edr_f0661112ncam00273m1,test_msl,sand,iou,,0,0,94786
dinov3_sat__finetuned__vitl16-sat493m__in_rover__seed1414__gpu_full__684c258f__gitc188b320__codebebd8b2d__20260713T043353711900Z,msl_ncam_nlb_560311842edr_f0661112ncam00273m1,test_msl,big_rock,iou,,0,0,94786
dinov3_sat__finetuned__vitl16-sat493m__in_rover__seed1414__gpu_full__684c258f__gitc188b320__codebebd8b2d__20260713T043353711900Z,msl_ncam_nlb_560311842edr_f0661112ncam00273m1,test_msl,ALL,pixel_acc,0.938134323634292,0,0,94786
dinov3_sat__finetuned__vitl16-sat493m__in_rover__seed1414__gpu_full__684c258f__gitc188b320__codebebd8b2d__20260713T043353711900Z,msl_ncam_nlb_560311842edr_f0661112ncam00273m1,test_msl,ALL,boundary_f1,0.43571557942254735,0,0,94786
dinov3_sat__finetuned__vitl16-sat493m__in_rover__seed1414__gpu_full__684c258f__gitc188b320__codebebd8b2d__20260713T043353711900Z,msl_ncam_nlb_560311891edr_f0661112ncam00273m1,test_msl,soil,iou,,0,0,80347
dinov3_sat__finetuned__vitl16-sat493m__in_rover__seed1414__gpu_full__684c258f__gitc188b320__codebebd8b2d__20260713T043353711900Z,msl_ncam_nlb_560311891edr_f0661112ncam00273m1,test_msl,bedrock,iou,1.0,80347,80347,80347
dinov3_sat__finetuned__vitl16-sat493m__in_rover__seed1414__gpu_full__684c258f__gitc188b320__codebebd8b2d__20260713T043353711900Z,msl_ncam_nlb_560311891edr_f0661112ncam00273m1,test_msl,sand,iou,,0,0,80347
dinov3_sat__finetuned__vitl16-sat493m__in_rover__seed1414__gpu_full__684c258f__gitc188b320__codebebd8b2d__20260713T043353711900Z,msl_ncam_nlb_560311891edr_f0661112ncam00273m1,test_msl,big_rock,iou,,0,0,80347
dinov3_sat__finetuned__vitl16-sat493m__in_rover__seed1414__gpu_full__684c258f__gitc188b320__codebebd8b2d__20260713T043353711900Z,msl_ncam_nlb_560311891edr_f0661112ncam00273m1,test_msl,ALL,pixel_acc,1.0,0,0,80347
dinov3_sat__finetuned__vitl16-sat493m__in_rover__seed1414__gpu_full__684c258f__gitc188b320__codebebd8b2d__20260713T043353711900Z,msl_ncam_nlb_560311891edr_f0661112ncam00273m1,test_msl,ALL,boundary_f1,1.0,0,0,80347
dinov3_sat__finetuned__vitl16-sat493m__in_rover__seed1414__gpu_full__684c258f__gitc188b320__codebebd8b2d__20260713T043353711900Z,msl_ncam_nlb_560312189edr_f0661112ncam00354m1,test_msl,soil,iou,,0,0,115548
dinov3_sat__finetuned__vitl16-sat493m__in_rover__seed1414__gpu_full__684c258f__gitc188b320__codebebd8b2d__20260713T043353711900Z,msl_ncam_nlb_560312189edr_f0661112ncam00354m1,test_msl,bedrock,iou,1.0,115548,115548,115548
dinov3_sat__finetuned__vitl16-sat493m__in_rover__seed1414__gpu_full__684c258f__gitc188b320__codebebd8b2d__20260713T043353711900Z,msl_ncam_nlb_560312189edr_f0661112ncam00354m1,test_msl,sand,iou,,0,0,115548
dinov3_sat__finetuned__vitl16-sat493m__in_rover__seed1414__gpu_full__684c258f__gitc188b320__codebebd8b2d__20260713T043353711900Z,msl_ncam_nlb_560312189edr_f0661112ncam00354m1,test_msl,big_rock,iou,,0,0,115548
dinov3_sat__finetuned__vitl16-sat493m__in_rover__seed1414__gpu_full__684c258f__gitc188b320__codebebd8b2d__20260713T043353711900Z,msl_ncam_nlb_560312189edr_f0661112ncam00354m1,test_msl,ALL,pixel_acc,1.0,0,0,115548
dinov3_sat__finetuned__vitl16-sat493m__in_rover__seed1414__gpu_full__684c258f__gitc188b320__codebebd8b2d__20260713T043353711900Z,msl_ncam_nlb_560312189edr_f0661112ncam00354m1,test_msl,ALL,boundary_f1,1.0,0,0,115548
dinov3_sat__finetuned__vitl16-sat493m__in_rover__seed1414__gpu_full__684c258f__gitc188b320__codebebd8b2d__20260713T043353711900Z,msl_ncam_nlb_560316500edr_f0661112ncam00274m1,test_msl,soil,iou,,0,0,167888
dinov3_sat__finetuned__vitl16-sat493m__in_rover__seed1414__gpu_full__684c258f__gitc188b320__codebebd8b2d__20260713T043353711900Z,msl_ncam_nlb_560316500edr_f0661112ncam00274m1,test_msl,bedrock,iou,1.0,167888,167888,167888
dinov3_sat__finetuned__vitl16-sat493m__in_rover__seed1414__gpu_full__684c258f__gitc188b320__codebebd8b2d__20260713T043353711900Z,msl_ncam_nlb_560316500edr_f0661112ncam00274m1,test_msl,sand,iou,,0,0,167888
dinov3_sat__finetuned__vitl16-sat493m__in_rover__seed1414__gpu_full__684c258f__gitc188b320__codebebd8b2d__20260713T043353711900Z,msl_ncam_nlb_560316500edr_f0661112ncam00274m1,test_msl,big_rock,iou,,0,0,167888
dinov3_sat__finetuned__vitl16-sat493m__in_rover__seed1414__gpu_full__684c258f__gitc188b320__codebebd8b2d__20260713T043353711900Z,msl_ncam_nlb_560316500edr_f0661112ncam00274m1,test_msl,ALL,pixel_acc,1.0,0,0,167888
dinov3_sat__finetuned__vitl16-sat493m__in_rover__seed1414__gpu_full__684c258f__gitc188b320__codebebd8b2d__20260713T043353711900Z,msl_ncam_nlb_560316500edr_f0661112ncam00274m1,test_msl,ALL,boundary_f1,1.0,0,0,167888
dinov3_sat__finetuned__vitl16-sat493m__in_rover__seed1414__gpu_full__684c258f__gitc188b320__codebebd8b2d__20260713T043353711900Z,msl_ncam_nlb_560316562edr_f0661112ncam00274m1,test_msl,soil,iou,,0,0,130575
dinov3_sat__finetuned__vitl16-sat493m__in_rover__seed1414__gpu_full__684c258f__gitc188b320__codebebd8b2d__20260713T043353711900Z,msl_ncam_nlb_560316562edr_f0661112ncam00274m1,test_msl,bedrock,iou,1.0,130575,130575,130575
dinov3_sat__finetuned__vitl16-sat493m__in_rover__seed1414__gpu_full__684c258f__gitc188b320__codebebd8b2d__20260713T043353711900Z,msl_ncam_nlb_560316562edr_f0661112ncam00274m1,test_msl,sand,iou,,0,0,130575
dinov3_sat__finetuned__vitl16-sat493m__in_rover__seed1414__gpu_full__684c258f__gitc188b320__codebebd8b2d__20260713T043353711900Z,msl_ncam_nlb_560316562edr_f0661112ncam00274m1,test_msl,big_rock,iou,,0,0,130575
dinov3_sat__finetuned__vitl16-sat493m__in_rover__seed1414__gpu_full__684c258f__gitc188b320__codebebd8b2d__20260713T043353711900Z,msl_ncam_nlb_560316562edr_f0661112ncam00274m1,test_msl,ALL,pixel_acc,1.0,0,0,130575
dinov3_sat__finetuned__vitl16-sat493m__in_rover__seed1414__gpu_full__684c258f__gitc188b320__codebebd8b2d__20260713T043353711900Z,msl_ncam_nlb_560316562edr_f0661112ncam00274m1,test_msl,ALL,boundary_f1,1.0,0,0,130575
dinov3_sat__finetuned__vitl16-sat493m__in_rover__seed1414__gpu_full__684c258f__gitc188b320__codebebd8b2d__20260713T043353711900Z,msl_ncam_nlb_560316739edr_f0661112ncam00274m1,test_msl,soil,iou,,0,0,49617
dinov3_sat__finetuned__vitl16-sat493m__in_rover__seed1414__gpu_full__684c258f__gitc188b320__codebebd8b2d__20260713T043353711900Z,msl_ncam_nlb_560316739edr_f0661112ncam00274m1,test_msl,bedrock,iou,1.0,49617,49617,49617
dinov3_sat__finetuned__vitl16-sat493m__in_rover__seed1414__gpu_full__684c258f__gitc188b320__codebebd8b2d__20260713T043353711900Z,msl_ncam_nlb_560316739edr_f0661112ncam00274m1,test_msl,sand,iou,,0,0,49617
dinov3_sat__finetuned__vitl16-sat493m__in_rover__seed1414__gpu_full__684c258f__gitc188b320__codebebd8b2d__20260713T043353711900Z,msl_ncam_nlb_560316739edr_f0661112ncam00274m1,test_msl,big_rock,iou,,0,0,49617
dinov3_sat__finetuned__vitl16-sat493m__in_rover__seed1414__gpu_full__684c258f__gitc188b320__codebebd8b2d__20260713T043353711900Z,msl_ncam_nlb_560316739edr_f0661112ncam00274m1,test_msl,ALL,pixel_acc,1.0,0,0,49617
dinov3_sat__finetuned__vitl16-sat493m__in_rover__seed1414__gpu_full__684c258f__gitc188b320__codebebd8b2d__20260713T043353711900Z,msl_ncam_nlb_560316739edr_f0661112ncam00274m1,test_msl,ALL,boundary_f1,1.0,0,0,49617
dinov3_sat__finetuned__vitl16-sat493m__in_rover__seed1414__gpu_full__684c258f__gitc188b320__codebebd8b2d__20260713T043353711900Z,msl_ncam_nlb_565016252edr_f0670180ncam00385m1,test_msl,soil,iou,1.0,119731,119731,119731
dinov3_sat__finetuned__vitl16-sat493m__in_rover__seed1414__gpu_full__684c258f__gitc188b320__codebebd8b2d__20260713T043353711900Z,msl_ncam_nlb_565016252edr_f0670180ncam00385m1,test_msl,bedrock,iou,,0,0,119731
dinov3_sat__finetuned__vitl16-sat493m__in_rover__seed1414__gpu_full__684c258f__gitc188b320__codebebd8b2d__20260713T043353711900Z,msl_ncam_nlb_565016252edr_f0670180ncam00385m1,test_msl,sand,iou,,0,0,119731
dinov3_sat__finetuned__vitl16-sat493m__in_rover__seed1414__gpu_full__684c258f__gitc188b320__codebebd8b2d__20260713T043353711900Z,msl_ncam_nlb_565016252edr_f0670180ncam00385m1,test_msl,big_rock,iou,,0,0,119731
dinov3_sat__finetuned__vitl16-sat493m__in_rover__seed1414__gpu_full__684c258f__gitc188b320__codebebd8b2d__20260713T043353711900Z,msl_ncam_nlb_565016252edr_f0670180ncam00385m1,test_msl,ALL,pixel_acc,1.0,0,0,119731
dinov3_sat__finetuned__vitl16-sat493m__in_rover__seed1414__gpu_full__684c258f__gitc188b320__codebebd8b2d__20260713T043353711900Z,msl_ncam_nlb_565016252edr_f0670180ncam00385m1,test_msl,ALL,boundary_f1,1.0,0,0,119731
dinov3_sat__finetuned__vitl16-sat493m__in_rover__seed1414__gpu_full__684c258f__gitc188b320__codebebd8b2d__20260713T043353711900Z,msl_ncam_nlb_565022734edr_f0670216ncam00375m1,test_msl,soil,iou,0.9954622297357416,55940,56195,61281
dinov3_sat__finetuned__vitl16-sat493m__in_rover__seed1414__gpu_full__684c258f__gitc188b320__codebebd8b2d__20260713T043353711900Z,msl_ncam_nlb_565022734edr_f0670216ncam00375m1,test_msl,bedrock,iou,0.9522561318105224,5086,5341,61281
dinov3_sat__finetuned__vitl16-sat493m__in_rover__seed1414__gpu_full__684c258f__gitc188b320__codebebd8b2d__20260713T043353711900Z,msl_ncam_nlb_565022734edr_f0670216ncam00375m1,test_msl,sand,iou,,0,0,61281
dinov3_sat__finetuned__vitl16-sat493m__in_rover__seed1414__gpu_full__684c258f__gitc188b320__codebebd8b2d__20260713T043353711900Z,msl_ncam_nlb_565022734edr_f0670216ncam00375m1,test_msl,big_rock,iou,,0,0,61281
dinov3_sat__finetuned__vitl16-sat493m__in_rover__seed1414__gpu_full__684c258f__gitc188b320__codebebd8b2d__20260713T043353711900Z,msl_ncam_nlb_565022734edr_f0670216ncam00375m1,test_msl,ALL,pixel_acc,0.9958388407499877,0,0,61281
dinov3_sat__finetuned__vitl16-sat493m__in_rover__seed1414__gpu_full__684c258f__gitc188b320__codebebd8b2d__20260713T043353711900Z,msl_ncam_nlb_565022734edr_f0670216ncam00375m1,test_msl,ALL,boundary_f1,0.9597437439714991,0,0,61281
dinov3_sat__finetuned__vitl16-sat493m__in_rover__seed1414__gpu_full__684c258f__gitc188b320__codebebd8b2d__20260713T043353711900Z,msl_ncam_nlb_565022803edr_f0670216ncam00252m1,test_msl,soil,iou,0.8868335744766579,48422,54601,61883
dinov3_sat__finetuned__vitl16-sat493m__in_rover__seed1414__gpu_full__684c258f__gitc188b320__codebebd8b2d__20260713T043353711900Z,msl_ncam_nlb_565022803edr_f0670216ncam00252m1,test_msl,bedrock,iou,,0,0,61883
dinov3_sat__finetuned__vitl16-sat493m__in_rover__seed1414__gpu_full__684c258f__gitc188b320__codebebd8b2d__20260713T043353711900Z,msl_ncam_nlb_565022803edr_f0670216ncam00252m1,test_msl,sand,iou,0.5409702102369809,7282,13461,61883
dinov3_sat__finetuned__vitl16-sat493m__in_rover__seed1414__gpu_full__684c258f__gitc188b320__codebebd8b2d__20260713T043353711900Z,msl_ncam_nlb_565022803edr_f0670216ncam00252m1,test_msl,big_rock,iou,,0,0,61883
dinov3_sat__finetuned__vitl16-sat493m__in_rover__seed1414__gpu_full__684c258f__gitc188b320__codebebd8b2d__20260713T043353711900Z,msl_ncam_nlb_565022803edr_f0670216ncam00252m1,test_msl,ALL,pixel_acc,0.9001502835996962,0,0,61883
dinov3_sat__finetuned__vitl16-sat493m__in_rover__seed1414__gpu_full__684c258f__gitc188b320__codebebd8b2d__20260713T043353711900Z,msl_ncam_nlb_565022803edr_f0670216ncam00252m1,test_msl,ALL,boundary_f1,0.6010536380072091,0,0,61883
dinov3_sat__finetuned__vitl16-sat493m__in_rover__seed1414__gpu_full__684c258f__gitc188b320__codebebd8b2d__20260713T043353711900Z,msl_ncam_nlb_565022931edr_f0670216ncam00252m1,test_msl,soil,iou,1.0,213200,213200,213200
dinov3_sat__finetuned__vitl16-sat493m__in_rover__seed1414__gpu_full__684c258f__gitc188b320__codebebd8b2d__20260713T043353711900Z,msl_ncam_nlb_565022931edr_f0670216ncam00252m1,test_msl,bedrock,iou,,0,0,213200
dinov3_sat__finetuned__vitl16-sat493m__in_rover__seed1414__gpu_full__684c258f__gitc188b320__codebebd8b2d__20260713T043353711900Z,msl_ncam_nlb_565022931edr_f0670216ncam00252m1,test_msl,sand,iou,,0,0,213200
dinov3_sat__finetuned__vitl16-sat493m__in_rover__seed1414__gpu_full__684c258f__gitc188b320__codebebd8b2d__20260713T043353711900Z,msl_ncam_nlb_565022931edr_f0670216ncam00252m1,test_msl,big_rock,iou,,0,0,213200
dinov3_sat__finetuned__vitl16-sat493m__in_rover__seed1414__gpu_full__684c258f__gitc188b320__codebebd8b2d__20260713T043353711900Z,msl_ncam_nlb_565022931edr_f0670216ncam00252m1,test_msl,ALL,pixel_acc,1.0,0,0,213200
dinov3_sat__finetuned__vitl16-sat493m__in_rover__seed1414__gpu_full__684c258f__gitc188b320__codebebd8b2d__20260713T043353711900Z,msl_ncam_nlb_565022931edr_f0670216ncam00252m1,test_msl,ALL,boundary_f1,1.0,0,0,213200
dinov3_sat__finetuned__vitl16-sat493m__in_rover__seed1414__gpu_full__684c258f__gitc188b320__codebebd8b2d__20260713T043353711900Z,msl_ncam_nlb_565023199edr_f0670216ncam00312m1,test_msl,soil,iou,1.0,135942,135942,135942
dinov3_sat__finetuned__vitl16-sat493m__in_rover__seed1414__gpu_full__684c258f__gitc188b320__codebebd8b2d__20260713T043353711900Z,msl_ncam_nlb_565023199edr_f0670216ncam00312m1,test_msl,bedrock,iou,,0,0,135942
dinov3_sat__finetuned__vitl16-sat493m__in_rover__seed1414__gpu_full__684c258f__gitc188b320__codebebd8b2d__20260713T043353711900Z,msl_ncam_nlb_565023199edr_f0670216ncam00312m1,test_msl,sand,iou,,0,0,135942
dinov3_sat__finetuned__vitl16-sat493m__in_rover__seed1414__gpu_full__684c258f__gitc188b320__codebebd8b2d__20260713T043353711900Z,msl_ncam_nlb_565023199edr_f0670216ncam00312m1,test_msl,big_rock,iou,,0,0,135942
dinov3_sat__finetuned__vitl16-sat493m__in_rover__seed1414__gpu_full__684c258f__gitc188b320__codebebd8b2d__20260713T043353711900Z,msl_ncam_nlb_565023199edr_f0670216ncam00312m1,test_msl,ALL,pixel_acc,1.0,0,0,135942
dinov3_sat__finetuned__vitl16-sat493m__in_rover__seed1414__gpu_full__684c258f__gitc188b320__codebebd8b2d__20260713T043353711900Z,msl_ncam_nlb_565023199edr_f0670216ncam00312m1,test_msl,ALL,boundary_f1,1.0,0,0,135942
dinov3_sat__finetuned__vitl16-sat493m__in_rover__seed1414__gpu_full__684c258f__gitc188b320__codebebd8b2d__20260713T043353711900Z,msl_ncam_nlb_565023322edr_f0670216ncam00253m1,test_msl,soil,iou,1.0,197483,197483,197483
dinov3_sat__finetuned__vitl16-sat493m__in_rover__seed1414__gpu_full__684c258f__gitc188b320__codebebd8b2d__20260713T043353711900Z,msl_ncam_nlb_565023322edr_f0670216ncam00253m1,test_msl,bedrock,iou,,0,0,197483
dinov3_sat__finetuned__vitl16-sat493m__in_rover__seed1414__gpu_full__684c258f__gitc188b320__codebebd8b2d__20260713T043353711900Z,msl_ncam_nlb_565023322edr_f0670216ncam00253m1,test_msl,sand,iou,,0,0,197483
dinov3_sat__finetuned__vitl16-sat493m__in_rover__seed1414__gpu_full__684c258f__gitc188b320__codebebd8b2d__20260713T043353711900Z,msl_ncam_nlb_565023322edr_f0670216ncam00253m1,test_msl,big_rock,iou,,0,0,197483
dinov3_sat__finetuned__vitl16-sat493m__in_rover__seed1414__gpu_full__684c258f__gitc188b320__codebebd8b2d__20260713T043353711900Z,msl_ncam_nlb_565023322edr_f0670216ncam00253m1,test_msl,ALL,pixel_acc,1.0,0,0,197483
dinov3_sat__finetuned__vitl16-sat493m__in_rover__seed1414__gpu_full__684c258f__gitc188b320__codebebd8b2d__20260713T043353711900Z,msl_ncam_nlb_565023322edr_f0670216ncam00253m1,test_msl,ALL,boundary_f1,1.0,0,0,197483
dinov3_sat__finetuned__vitl16-sat493m__in_rover__seed1414__gpu_full__684c258f__gitc188b320__codebebd8b2d__20260713T043353711900Z,msl_ncam_nlb_565023592edr_f0670216ncam00253m1,test_msl,soil,iou,1.0,71215,71215,71215
dinov3_sat__finetuned__vitl16-sat493m__in_rover__seed1414__gpu_full__684c258f__gitc188b320__codebebd8b2d__20260713T043353711900Z,msl_ncam_nlb_565023592edr_f0670216ncam00253m1,test_msl,bedrock,iou,,0,0,71215
dinov3_sat__finetuned__vitl16-sat493m__in_rover__seed1414__gpu_full__684c258f__gitc188b320__codebebd8b2d__20260713T043353711900Z,msl_ncam_nlb_565023592edr_f0670216ncam00253m1,test_msl,sand,iou,,0,0,71215
dinov3_sat__finetuned__vitl16-sat493m__in_rover__seed1414__gpu_full__684c258f__gitc188b320__codebebd8b2d__20260713T043353711900Z,msl_ncam_nlb_565023592edr_f0670216ncam00253m1,test_msl,big_rock,iou,,0,0,71215
dinov3_sat__finetuned__vitl16-sat493m__in_rover__seed1414__gpu_full__684c258f__gitc188b320__codebebd8b2d__20260713T043353711900Z,msl_ncam_nlb_565023592edr_f0670216ncam00253m1,test_msl,ALL,pixel_acc,1.0,0,0,71215
dinov3_sat__finetuned__vitl16-sat493m__in_rover__seed1414__gpu_full__684c258f__gitc188b320__codebebd8b2d__20260713T043353711900Z,msl_ncam_nlb_565023592edr_f0670216ncam00253m1,test_msl,ALL,boundary_f1,1.0,0,0,71215
dinov3_sat__finetuned__vitl16-sat493m__in_rover__seed1414__gpu_full__684c258f__gitc188b320__codebebd8b2d__20260713T043353711900Z,msl_ncam_nlb_565365464edr_f0670550ncam00385m1,test_msl,soil,iou,0.9517865565634677,139234,146287,153367
dinov3_sat__finetuned__vitl16-sat493m__in_rover__seed1414__gpu_full__684c258f__gitc188b320__codebebd8b2d__20260713T043353711900Z,msl_ncam_nlb_565365464edr_f0670550ncam00385m1,test_msl,bedrock,iou,0.5009552112078115,7080,14133,153367
dinov3_sat__finetuned__vitl16-sat493m__in_rover__seed1414__gpu_full__684c258f__gitc188b320__codebebd8b2d__20260713T043353711900Z,msl_ncam_nlb_565365464edr_f0670550ncam00385m1,test_msl,sand,iou,,0,0,153367
dinov3_sat__finetuned__vitl16-sat493m__in_rover__seed1414__gpu_full__684c258f__gitc188b320__codebebd8b2d__20260713T043353711900Z,msl_ncam_nlb_565365464edr_f0670550ncam00385m1,test_msl,big_rock,iou,,0,0,153367
dinov3_sat__finetuned__vitl16-sat493m__in_rover__seed1414__gpu_full__684c258f__gitc188b320__codebebd8b2d__20260713T043353711900Z,msl_ncam_nlb_565365464edr_f0670550ncam00385m1,test_msl,ALL,pixel_acc,0.9540122712187107,0,0,153367
dinov3_sat__finetuned__vitl16-sat493m__in_rover__seed1414__gpu_full__684c258f__gitc188b320__codebebd8b2d__20260713T043353711900Z,msl_ncam_nlb_565365464edr_f0670550ncam00385m1,test_msl,ALL,boundary_f1,0.6924393063156018,0,0,153367
dinov3_sat__finetuned__vitl16-sat493m__in_rover__seed1414__gpu_full__684c258f__gitc188b320__codebebd8b2d__20260713T043353711900Z,msl_ncam_nlb_565366137edr_f0670604ncam00257m1,test_msl,soil,iou,0.9220079537780446,61438,66635,66635
dinov3_sat__finetuned__vitl16-sat493m__in_rover__seed1414__gpu_full__684c258f__gitc188b320__codebebd8b2d__20260713T043353711900Z,msl_ncam_nlb_565366137edr_f0670604ncam00257m1,test_msl,bedrock,iou,0.0,0,5197,66635
dinov3_sat__finetuned__vitl16-sat493m__in_rover__seed1414__gpu_full__684c258f__gitc188b320__codebebd8b2d__20260713T043353711900Z,msl_ncam_nlb_565366137edr_f0670604ncam00257m1,test_msl,sand,iou,,0,0,66635
dinov3_sat__finetuned__vitl16-sat493m__in_rover__seed1414__gpu_full__684c258f__gitc188b320__codebebd8b2d__20260713T043353711900Z,msl_ncam_nlb_565366137edr_f0670604ncam00257m1,test_msl,big_rock,iou,,0,0,66635
dinov3_sat__finetuned__vitl16-sat493m__in_rover__seed1414__gpu_full__684c258f__gitc188b320__codebebd8b2d__20260713T043353711900Z,msl_ncam_nlb_565366137edr_f0670604ncam00257m1,test_msl,ALL,pixel_acc,0.9220079537780446,0,0,66635
dinov3_sat__finetuned__vitl16-sat493m__in_rover__seed1414__gpu_full__684c258f__gitc188b320__codebebd8b2d__20260713T043353711900Z,msl_ncam_nlb_565366137edr_f0670604ncam00257m1,test_msl,ALL,boundary_f1,0.42423349056603776,0,0,66635
dinov3_sat__finetuned__vitl16-sat493m__in_rover__seed1414__gpu_full__684c258f__gitc188b320__codebebd8b2d__20260713T043353711900Z,msl_ncam_nlb_565367106edr_f0670650ncam00353m1,test_msl,soil,iou,0.5468875906526994,10859,19856,22563
dinov3_sat__finetuned__vitl16-sat493m__in_rover__seed1414__gpu_full__684c258f__gitc188b320__codebebd8b2d__20260713T043353711900Z,msl_ncam_nlb_565367106edr_f0670650ncam00353m1,test_msl,bedrock,iou,0.23128844839371154,2707,11704,22563
dinov3_sat__finetuned__vitl16-sat493m__in_rover__seed1414__gpu_full__684c258f__gitc188b320__codebebd8b2d__20260713T043353711900Z,msl_ncam_nlb_565367106edr_f0670650ncam00353m1,test_msl,sand,iou,,0,0,22563
dinov3_sat__finetuned__vitl16-sat493m__in_rover__seed1414__gpu_full__684c258f__gitc188b320__codebebd8b2d__20260713T043353711900Z,msl_ncam_nlb_565367106edr_f0670650ncam00353m1,test_msl,big_rock,iou,,0,0,22563
dinov3_sat__finetuned__vitl16-sat493m__in_rover__seed1414__gpu_full__684c258f__gitc188b320__codebebd8b2d__20260713T043353711900Z,msl_ncam_nlb_565367106edr_f0670650ncam00353m1,test_msl,ALL,pixel_acc,0.601249833798697,0,0,22563
dinov3_sat__finetuned__vitl16-sat493m__in_rover__seed1414__gpu_full__684c258f__gitc188b320__codebebd8b2d__20260713T043353711900Z,msl_ncam_nlb_565367106edr_f0670650ncam00353m1,test_msl,ALL,boundary_f1,0.5739498734704641,0,0,22563
dinov3_sat__finetuned__vitl16-sat493m__in_rover__seed1414__gpu_full__684c258f__gitc188b320__codebebd8b2d__20260713T043353711900Z,msl_ncam_nlb_565373114edr_f0670650ncam12753m1,test_msl,soil,iou,1.0,145604,145604,145604
dinov3_sat__finetuned__vitl16-sat493m__in_rover__seed1414__gpu_full__684c258f__gitc188b320__codebebd8b2d__20260713T043353711900Z,msl_ncam_nlb_565373114edr_f0670650ncam12753m1,test_msl,bedrock,iou,,0,0,145604
dinov3_sat__finetuned__vitl16-sat493m__in_rover__seed1414__gpu_full__684c258f__gitc188b320__codebebd8b2d__20260713T043353711900Z,msl_ncam_nlb_565373114edr_f0670650ncam12753m1,test_msl,sand,iou,,0,0,145604
dinov3_sat__finetuned__vitl16-sat493m__in_rover__seed1414__gpu_full__684c258f__gitc188b320__codebebd8b2d__20260713T043353711900Z,msl_ncam_nlb_565373114edr_f0670650ncam12753m1,test_msl,big_rock,iou,,0,0,145604
dinov3_sat__finetuned__vitl16-sat493m__in_rover__seed1414__gpu_full__684c258f__gitc188b320__codebebd8b2d__20260713T043353711900Z,msl_ncam_nlb_565373114edr_f0670650ncam12753m1,test_msl,ALL,pixel_acc,1.0,0,0,145604
dinov3_sat__finetuned__vitl16-sat493m__in_rover__seed1414__gpu_full__684c258f__gitc188b320__codebebd8b2d__20260713T043353711900Z,msl_ncam_nlb_565373114edr_f0670650ncam12753m1,test_msl,ALL,boundary_f1,1.0,0,0,145604
dinov3_sat__finetuned__vitl16-sat493m__in_rover__seed1414__gpu_full__684c258f__gitc188b320__codebebd8b2d__20260713T043353711900Z,msl_ncam_nlb_565373298edr_f0670650ncam12753m1,test_msl,soil,iou,0.9971509167842031,35349,35450,37349
dinov3_sat__finetuned__vitl16-sat493m__in_rover__seed1414__gpu_full__684c258f__gitc188b320__codebebd8b2d__20260713T043353711900Z,msl_ncam_nlb_565373298edr_f0670650ncam12753m1,test_msl,bedrock,iou,0.9495,1899,2000,37349
dinov3_sat__finetuned__vitl16-sat493m__in_rover__seed1414__gpu_full__684c258f__gitc188b320__codebebd8b2d__20260713T043353711900Z,msl_ncam_nlb_565373298edr_f0670650ncam12753m1,test_msl,sand,iou,,0,0,37349
dinov3_sat__finetuned__vitl16-sat493m__in_rover__seed1414__gpu_full__684c258f__gitc188b320__codebebd8b2d__20260713T043353711900Z,msl_ncam_nlb_565373298edr_f0670650ncam12753m1,test_msl,big_rock,iou,,0,0,37349
dinov3_sat__finetuned__vitl16-sat493m__in_rover__seed1414__gpu_full__684c258f__gitc188b320__codebebd8b2d__20260713T043353711900Z,msl_ncam_nlb_565373298edr_f0670650ncam12753m1,test_msl,ALL,pixel_acc,0.99729577766473,0,0,37349
dinov3_sat__finetuned__vitl16-sat493m__in_rover__seed1414__gpu_full__684c258f__gitc188b320__codebebd8b2d__20260713T043353711900Z,msl_ncam_nlb_565373298edr_f0670650ncam12753m1,test_msl,ALL,boundary_f1,0.9576165496710624,0,0,37349
dinov3_sat__finetuned__vitl16-sat493m__in_rover__seed1414__gpu_full__684c258f__gitc188b320__codebebd8b2d__20260713T043353711900Z,msl_ncam_nlb_565373360edr_f0670650ncam12753m1,test_msl,soil,iou,0.7830359392537279,34185,43657,50543
dinov3_sat__finetuned__vitl16-sat493m__in_rover__seed1414__gpu_full__684c258f__gitc188b320__codebebd8b2d__20260713T043353711900Z,msl_ncam_nlb_565373360edr_f0670650ncam12753m1,test_msl,bedrock,iou,0.4209561071035579,6886,16358,50543
dinov3_sat__finetuned__vitl16-sat493m__in_rover__seed1414__gpu_full__684c258f__gitc188b320__codebebd8b2d__20260713T043353711900Z,msl_ncam_nlb_565373360edr_f0670650ncam12753m1,test_msl,sand,iou,,0,0,50543
dinov3_sat__finetuned__vitl16-sat493m__in_rover__seed1414__gpu_full__684c258f__gitc188b320__codebebd8b2d__20260713T043353711900Z,msl_ncam_nlb_565373360edr_f0670650ncam12753m1,test_msl,big_rock,iou,,0,0,50543
dinov3_sat__finetuned__vitl16-sat493m__in_rover__seed1414__gpu_full__684c258f__gitc188b320__codebebd8b2d__20260713T043353711900Z,msl_ncam_nlb_565373360edr_f0670650ncam12753m1,test_msl,ALL,pixel_acc,0.8125952159547316,0,0,50543
dinov3_sat__finetuned__vitl16-sat493m__in_rover__seed1414__gpu_full__684c258f__gitc188b320__codebebd8b2d__20260713T043353711900Z,msl_ncam_nlb_565373360edr_f0670650ncam12753m1,test_msl,ALL,boundary_f1,0.6488212157436053,0,0,50543
dinov3_sat__finetuned__vitl16-sat493m__in_rover__seed1414__gpu_full__684c258f__gitc188b320__codebebd8b2d__20260713T043353711900Z,msl_ncam_nlb_565373417edr_f0670650ncam12753m1,test_msl,soil,iou,0.9456890219786429,66951,70796,70796
dinov3_sat__finetuned__vitl16-sat493m__in_rover__seed1414__gpu_full__684c258f__gitc188b320__codebebd8b2d__20260713T043353711900Z,msl_ncam_nlb_565373417edr_f0670650ncam12753m1,test_msl,bedrock,iou,0.0,0,3845,70796
dinov3_sat__finetuned__vitl16-sat493m__in_rover__seed1414__gpu_full__684c258f__gitc188b320__codebebd8b2d__20260713T043353711900Z,msl_ncam_nlb_565373417edr_f0670650ncam12753m1,test_msl,sand,iou,,0,0,70796
dinov3_sat__finetuned__vitl16-sat493m__in_rover__seed1414__gpu_full__684c258f__gitc188b320__codebebd8b2d__20260713T043353711900Z,msl_ncam_nlb_565373417edr_f0670650ncam12753m1,test_msl,big_rock,iou,,0,0,70796
dinov3_sat__finetuned__vitl16-sat493m__in_rover__seed1414__gpu_full__684c258f__gitc188b320__codebebd8b2d__20260713T043353711900Z,msl_ncam_nlb_565373417edr_f0670650ncam12753m1,test_msl,ALL,pixel_acc,0.9456890219786429,0,0,70796
dinov3_sat__finetuned__vitl16-sat493m__in_rover__seed1414__gpu_full__684c258f__gitc188b320__codebebd8b2d__20260713T043353711900Z,msl_ncam_nlb_565373417edr_f0670650ncam12753m1,test_msl,ALL,boundary_f1,0.46806459387804294,0,0,70796
dinov3_sat__finetuned__vitl16-sat493m__in_rover__seed1414__gpu_full__684c258f__gitc188b320__codebebd8b2d__20260713T043353711900Z,msl_ncam_nlb_565373904edr_f0670650ccam15903m1,test_msl,soil,iou,,0,0,0
dinov3_sat__finetuned__vitl16-sat493m__in_rover__seed1414__gpu_full__684c258f__gitc188b320__codebebd8b2d__20260713T043353711900Z,msl_ncam_nlb_565373904edr_f0670650ccam15903m1,test_msl,bedrock,iou,,0,0,0
dinov3_sat__finetuned__vitl16-sat493m__in_rover__seed1414__gpu_full__684c258f__gitc188b320__codebebd8b2d__20260713T043353711900Z,msl_ncam_nlb_565373904edr_f0670650ccam15903m1,test_msl,sand,iou,,0,0,0
dinov3_sat__finetuned__vitl16-sat493m__in_rover__seed1414__gpu_full__684c258f__gitc188b320__codebebd8b2d__20260713T043353711900Z,msl_ncam_nlb_565373904edr_f0670650ccam15903m1,test_msl,big_rock,iou,,0,0,0
dinov3_sat__finetuned__vitl16-sat493m__in_rover__seed1414__gpu_full__684c258f__gitc188b320__codebebd8b2d__20260713T043353711900Z,msl_ncam_nlb_565373904edr_f0670650ccam15903m1,test_msl,ALL,pixel_acc,,0,0,0
dinov3_sat__finetuned__vitl16-sat493m__in_rover__seed1414__gpu_full__684c258f__gitc188b320__codebebd8b2d__20260713T043353711900Z,msl_ncam_nlb_565373904edr_f0670650ccam15903m1,test_msl,ALL,boundary_f1,,0,0,0
dinov3_sat__finetuned__vitl16-sat493m__in_rover__seed1414__gpu_full__684c258f__gitc188b320__codebebd8b2d__20260713T043353711900Z,msl_ncam_nlb_565810401edr_f0670962ncam00386m1,test_msl,soil,iou,1.0,251102,251102,251102
dinov3_sat__finetuned__vitl16-sat493m__in_rover__seed1414__gpu_full__684c258f__gitc188b320__codebebd8b2d__20260713T043353711900Z,msl_ncam_nlb_565810401edr_f0670962ncam00386m1,test_msl,bedrock,iou,,0,0,251102
dinov3_sat__finetuned__vitl16-sat493m__in_rover__seed1414__gpu_full__684c258f__gitc188b320__codebebd8b2d__20260713T043353711900Z,msl_ncam_nlb_565810401edr_f0670962ncam00386m1,test_msl,sand,iou,,0,0,251102
dinov3_sat__finetuned__vitl16-sat493m__in_rover__seed1414__gpu_full__684c258f__gitc188b320__codebebd8b2d__20260713T043353711900Z,msl_ncam_nlb_565810401edr_f0670962ncam00386m1,test_msl,big_rock,iou,,0,0,251102
dinov3_sat__finetuned__vitl16-sat493m__in_rover__seed1414__gpu_full__684c258f__gitc188b320__codebebd8b2d__20260713T043353711900Z,msl_ncam_nlb_565810401edr_f0670962ncam00386m1,test_msl,ALL,pixel_acc,1.0,0,0,251102
dinov3_sat__finetuned__vitl16-sat493m__in_rover__seed1414__gpu_full__684c258f__gitc188b320__codebebd8b2d__20260713T043353711900Z,msl_ncam_nlb_565810401edr_f0670962ncam00386m1,test_msl,ALL,boundary_f1,1.0,0,0,251102
dinov3_sat__finetuned__vitl16-sat493m__in_rover__seed1414__gpu_full__684c258f__gitc188b320__codebebd8b2d__20260713T043353711900Z,msl_ncam_nlb_565811189edr_f0671016ncam00353m1,test_msl,soil,iou,,0,0,0
dinov3_sat__finetuned__vitl16-sat493m__in_rover__seed1414__gpu_full__684c258f__gitc188b320__codebebd8b2d__20260713T043353711900Z,msl_ncam_nlb_565811189edr_f0671016ncam00353m1,test_msl,bedrock,iou,,0,0,0
dinov3_sat__finetuned__vitl16-sat493m__in_rover__seed1414__gpu_full__684c258f__gitc188b320__codebebd8b2d__20260713T043353711900Z,msl_ncam_nlb_565811189edr_f0671016ncam00353m1,test_msl,sand,iou,,0,0,0
dinov3_sat__finetuned__vitl16-sat493m__in_rover__seed1414__gpu_full__684c258f__gitc188b320__codebebd8b2d__20260713T043353711900Z,msl_ncam_nlb_565811189edr_f0671016ncam00353m1,test_msl,big_rock,iou,,0,0,0
dinov3_sat__finetuned__vitl16-sat493m__in_rover__seed1414__gpu_full__684c258f__gitc188b320__codebebd8b2d__20260713T043353711900Z,msl_ncam_nlb_565811189edr_f0671016ncam00353m1,test_msl,ALL,pixel_acc,,0,0,0
dinov3_sat__finetuned__vitl16-sat493m__in_rover__seed1414__gpu_full__684c258f__gitc188b320__codebebd8b2d__20260713T043353711900Z,msl_ncam_nlb_565811189edr_f0671016ncam00353m1,test_msl,ALL,boundary_f1,,0,0,0
dinov3_sat__finetuned__vitl16-sat493m__in_rover__seed1414__gpu_full__684c258f__gitc188b320__codebebd8b2d__20260713T043353711900Z,msl_ncam_nlb_565811345edr_f0671016ncam00261m1,test_msl,soil,iou,1.0,108477,108477,108477
dinov3_sat__finetuned__vitl16-sat493m__in_rover__seed1414__gpu_full__684c258f__gitc188b320__codebebd8b2d__20260713T043353711900Z,msl_ncam_nlb_565811345edr_f0671016ncam00261m1,test_msl,bedrock,iou,,0,0,108477
dinov3_sat__finetuned__vitl16-sat493m__in_rover__seed1414__gpu_full__684c258f__gitc188b320__codebebd8b2d__20260713T043353711900Z,msl_ncam_nlb_565811345edr_f0671016ncam00261m1,test_msl,sand,iou,,0,0,108477
dinov3_sat__finetuned__vitl16-sat493m__in_rover__seed1414__gpu_full__684c258f__gitc188b320__codebebd8b2d__20260713T043353711900Z,msl_ncam_nlb_565811345edr_f0671016ncam00261m1,test_msl,big_rock,iou,,0,0,108477
dinov3_sat__finetuned__vitl16-sat493m__in_rover__seed1414__gpu_full__684c258f__gitc188b320__codebebd8b2d__20260713T043353711900Z,msl_ncam_nlb_565811345edr_f0671016ncam00261m1,test_msl,ALL,pixel_acc,1.0,0,0,108477
dinov3_sat__finetuned__vitl16-sat493m__in_rover__seed1414__gpu_full__684c258f__gitc188b320__codebebd8b2d__20260713T043353711900Z,msl_ncam_nlb_565811345edr_f0671016ncam00261m1,test_msl,ALL,boundary_f1,1.0,0,0,108477
dinov3_sat__finetuned__vitl16-sat493m__in_rover__seed1414__gpu_full__684c258f__gitc188b320__codebebd8b2d__20260713T043353711900Z,msl_ncam_nlb_565811572edr_f0671016ncam00261m1,test_msl,soil,iou,0.9945775135094707,106382,106962,107460
dinov3_sat__finetuned__vitl16-sat493m__in_rover__seed1414__gpu_full__684c258f__gitc188b320__codebebd8b2d__20260713T043353711900Z,msl_ncam_nlb_565811572edr_f0671016ncam00261m1,test_msl,bedrock,iou,0.4619666048237477,498,1078,107460
dinov3_sat__finetuned__vitl16-sat493m__in_rover__seed1414__gpu_full__684c258f__gitc188b320__codebebd8b2d__20260713T043353711900Z,msl_ncam_nlb_565811572edr_f0671016ncam00261m1,test_msl,sand,iou,,0,0,107460
dinov3_sat__finetuned__vitl16-sat493m__in_rover__seed1414__gpu_full__684c258f__gitc188b320__codebebd8b2d__20260713T043353711900Z,msl_ncam_nlb_565811572edr_f0671016ncam00261m1,test_msl,big_rock,iou,,0,0,107460
dinov3_sat__finetuned__vitl16-sat493m__in_rover__seed1414__gpu_full__684c258f__gitc188b320__codebebd8b2d__20260713T043353711900Z,msl_ncam_nlb_565811572edr_f0671016ncam00261m1,test_msl,ALL,pixel_acc,0.9946026428438489,0,0,107460
dinov3_sat__finetuned__vitl16-sat493m__in_rover__seed1414__gpu_full__684c258f__gitc188b320__codebebd8b2d__20260713T043353711900Z,msl_ncam_nlb_565811572edr_f0671016ncam00261m1,test_msl,ALL,boundary_f1,0.861812002501533,0,0,107460
dinov3_sat__finetuned__vitl16-sat493m__in_rover__seed1414__gpu_full__684c258f__gitc188b320__codebebd8b2d__20260713T043353711900Z,msl_ncam_nlb_565811686edr_f0671016ncam00261m1,test_msl,soil,iou,1.0,54790,54790,54790
dinov3_sat__finetuned__vitl16-sat493m__in_rover__seed1414__gpu_full__684c258f__gitc188b320__codebebd8b2d__20260713T043353711900Z,msl_ncam_nlb_565811686edr_f0671016ncam00261m1,test_msl,bedrock,iou,,0,0,54790
dinov3_sat__finetuned__vitl16-sat493m__in_rover__seed1414__gpu_full__684c258f__gitc188b320__codebebd8b2d__20260713T043353711900Z,msl_ncam_nlb_565811686edr_f0671016ncam00261m1,test_msl,sand,iou,,0,0,54790
dinov3_sat__finetuned__vitl16-sat493m__in_rover__seed1414__gpu_full__684c258f__gitc188b320__codebebd8b2d__20260713T043353711900Z,msl_ncam_nlb_565811686edr_f0671016ncam00261m1,test_msl,big_rock,iou,,0,0,54790
dinov3_sat__finetuned__vitl16-sat493m__in_rover__seed1414__gpu_full__684c258f__gitc188b320__codebebd8b2d__20260713T043353711900Z,msl_ncam_nlb_565811686edr_f0671016ncam00261m1,test_msl,ALL,pixel_acc,1.0,0,0,54790
dinov3_sat__finetuned__vitl16-sat493m__in_rover__seed1414__gpu_full__684c258f__gitc188b320__codebebd8b2d__20260713T043353711900Z,msl_ncam_nlb_565811686edr_f0671016ncam00261m1,test_msl,ALL,boundary_f1,1.0,0,0,54790
dinov3_sat__finetuned__vitl16-sat493m__in_rover__seed1414__gpu_full__684c258f__gitc188b320__codebebd8b2d__20260713T043353711900Z,msl_ncam_nlb_565812047edr_f0671016ncam00312m1,test_msl,soil,iou,1.0,188747,188747,188747
dinov3_sat__finetuned__vitl16-sat493m__in_rover__seed1414__gpu_full__684c258f__gitc188b320__codebebd8b2d__20260713T043353711900Z,msl_ncam_nlb_565812047edr_f0671016ncam00312m1,test_msl,bedrock,iou,,0,0,188747
dinov3_sat__finetuned__vitl16-sat493m__in_rover__seed1414__gpu_full__684c258f__gitc188b320__codebebd8b2d__20260713T043353711900Z,msl_ncam_nlb_565812047edr_f0671016ncam00312m1,test_msl,sand,iou,,0,0,188747
dinov3_sat__finetuned__vitl16-sat493m__in_rover__seed1414__gpu_full__684c258f__gitc188b320__codebebd8b2d__20260713T043353711900Z,msl_ncam_nlb_565812047edr_f0671016ncam00312m1,test_msl,big_rock,iou,,0,0,188747
dinov3_sat__finetuned__vitl16-sat493m__in_rover__seed1414__gpu_full__684c258f__gitc188b320__codebebd8b2d__20260713T043353711900Z,msl_ncam_nlb_565812047edr_f0671016ncam00312m1,test_msl,ALL,pixel_acc,1.0,0,0,188747
dinov3_sat__finetuned__vitl16-sat493m__in_rover__seed1414__gpu_full__684c258f__gitc188b320__codebebd8b2d__20260713T043353711900Z,msl_ncam_nlb_565812047edr_f0671016ncam00312m1,test_msl,ALL,boundary_f1,1.0,0,0,188747
dinov3_sat__finetuned__vitl16-sat493m__in_rover__seed1414__gpu_full__684c258f__gitc188b320__codebebd8b2d__20260713T043353711900Z,msl_ncam_nlb_570072657edr_f0672848ncam00385m1,test_msl,soil,iou,,0,0,0
dinov3_sat__finetuned__vitl16-sat493m__in_rover__seed1414__gpu_full__684c258f__gitc188b320__codebebd8b2d__20260713T043353711900Z,msl_ncam_nlb_570072657edr_f0672848ncam00385m1,test_msl,bedrock,iou,,0,0,0
dinov3_sat__finetuned__vitl16-sat493m__in_rover__seed1414__gpu_full__684c258f__gitc188b320__codebebd8b2d__20260713T043353711900Z,msl_ncam_nlb_570072657edr_f0672848ncam00385m1,test_msl,sand,iou,,0,0,0
dinov3_sat__finetuned__vitl16-sat493m__in_rover__seed1414__gpu_full__684c258f__gitc188b320__codebebd8b2d__20260713T043353711900Z,msl_ncam_nlb_570072657edr_f0672848ncam00385m1,test_msl,big_rock,iou,,0,0,0
dinov3_sat__finetuned__vitl16-sat493m__in_rover__seed1414__gpu_full__684c258f__gitc188b320__codebebd8b2d__20260713T043353711900Z,msl_ncam_nlb_570072657edr_f0672848ncam00385m1,test_msl,ALL,pixel_acc,,0,0,0
dinov3_sat__finetuned__vitl16-sat493m__in_rover__seed1414__gpu_full__684c258f__gitc188b320__codebebd8b2d__20260713T043353711900Z,msl_ncam_nlb_570072657edr_f0672848ncam00385m1,test_msl,ALL,boundary_f1,,0,0,0
dinov3_sat__finetuned__vitl16-sat493m__in_rover__seed1414__gpu_full__684c258f__gitc188b320__codebebd8b2d__20260713T043353711900Z,msl_ncam_nlb_570073321edr_f0672884ncam00375m1,test_msl,soil,iou,1.0,148527,148527,148527
dinov3_sat__finetuned__vitl16-sat493m__in_rover__seed1414__gpu_full__684c258f__gitc188b320__codebebd8b2d__20260713T043353711900Z,msl_ncam_nlb_570073321edr_f0672884ncam00375m1,test_msl,bedrock,iou,,0,0,148527
dinov3_sat__finetuned__vitl16-sat493m__in_rover__seed1414__gpu_full__684c258f__gitc188b320__codebebd8b2d__20260713T043353711900Z,msl_ncam_nlb_570073321edr_f0672884ncam00375m1,test_msl,sand,iou,,0,0,148527
dinov3_sat__finetuned__vitl16-sat493m__in_rover__seed1414__gpu_full__684c258f__gitc188b320__codebebd8b2d__20260713T043353711900Z,msl_ncam_nlb_570073321edr_f0672884ncam00375m1,test_msl,big_rock,iou,,0,0,148527
dinov3_sat__finetuned__vitl16-sat493m__in_rover__seed1414__gpu_full__684c258f__gitc188b320__codebebd8b2d__20260713T043353711900Z,msl_ncam_nlb_570073321edr_f0672884ncam00375m1,test_msl,ALL,pixel_acc,1.0,0,0,148527
dinov3_sat__finetuned__vitl16-sat493m__in_rover__seed1414__gpu_full__684c258f__gitc188b320__codebebd8b2d__20260713T043353711900Z,msl_ncam_nlb_570073321edr_f0672884ncam00375m1,test_msl,ALL,boundary_f1,1.0,0,0,148527
dinov3_sat__finetuned__vitl16-sat493m__in_rover__seed1414__gpu_full__684c258f__gitc188b320__codebebd8b2d__20260713T043353711900Z,msl_ncam_nlb_570073400edr_f0672884ncam00284m1,test_msl,soil,iou,1.0,141607,141607,141607
dinov3_sat__finetuned__vitl16-sat493m__in_rover__seed1414__gpu_full__684c258f__gitc188b320__codebebd8b2d__20260713T043353711900Z,msl_ncam_nlb_570073400edr_f0672884ncam00284m1,test_msl,bedrock,iou,,0,0,141607
dinov3_sat__finetuned__vitl16-sat493m__in_rover__seed1414__gpu_full__684c258f__gitc188b320__codebebd8b2d__20260713T043353711900Z,msl_ncam_nlb_570073400edr_f0672884ncam00284m1,test_msl,sand,iou,,0,0,141607
dinov3_sat__finetuned__vitl16-sat493m__in_rover__seed1414__gpu_full__684c258f__gitc188b320__codebebd8b2d__20260713T043353711900Z,msl_ncam_nlb_570073400edr_f0672884ncam00284m1,test_msl,big_rock,iou,,0,0,141607
dinov3_sat__finetuned__vitl16-sat493m__in_rover__seed1414__gpu_full__684c258f__gitc188b320__codebebd8b2d__20260713T043353711900Z,msl_ncam_nlb_570073400edr_f0672884ncam00284m1,test_msl,ALL,pixel_acc,1.0,0,0,141607
dinov3_sat__finetuned__vitl16-sat493m__in_rover__seed1414__gpu_full__684c258f__gitc188b320__codebebd8b2d__20260713T043353711900Z,msl_ncam_nlb_570073400edr_f0672884ncam00284m1,test_msl,ALL,boundary_f1,1.0,0,0,141607
dinov3_sat__finetuned__vitl16-sat493m__in_rover__seed1414__gpu_full__684c258f__gitc188b320__codebebd8b2d__20260713T043353711900Z,msl_ncam_nlb_570073456edr_f0672884ncam00284m1,test_msl,soil,iou,0.9980430528375733,87210,87381,96552
dinov3_sat__finetuned__vitl16-sat493m__in_rover__seed1414__gpu_full__684c258f__gitc188b320__codebebd8b2d__20260713T043353711900Z,msl_ncam_nlb_570073456edr_f0672884ncam00284m1,test_msl,bedrock,iou,0.9816955684007708,9171,9342,96552
dinov3_sat__finetuned__vitl16-sat493m__in_rover__seed1414__gpu_full__684c258f__gitc188b320__codebebd8b2d__20260713T043353711900Z,msl_ncam_nlb_570073456edr_f0672884ncam00284m1,test_msl,sand,iou,,0,0,96552
dinov3_sat__finetuned__vitl16-sat493m__in_rover__seed1414__gpu_full__684c258f__gitc188b320__codebebd8b2d__20260713T043353711900Z,msl_ncam_nlb_570073456edr_f0672884ncam00284m1,test_msl,big_rock,iou,,0,0,96552
dinov3_sat__finetuned__vitl16-sat493m__in_rover__seed1414__gpu_full__684c258f__gitc188b320__codebebd8b2d__20260713T043353711900Z,msl_ncam_nlb_570073456edr_f0672884ncam00284m1,test_msl,ALL,pixel_acc,0.9982289336316182,0,0,96552
dinov3_sat__finetuned__vitl16-sat493m__in_rover__seed1414__gpu_full__684c258f__gitc188b320__codebebd8b2d__20260713T043353711900Z,msl_ncam_nlb_570073456edr_f0672884ncam00284m1,test_msl,ALL,boundary_f1,0.9705216371925356,0,0,96552
dinov3_sat__finetuned__vitl16-sat493m__in_rover__seed1414__gpu_full__684c258f__gitc188b320__codebebd8b2d__20260713T043353711900Z,msl_ncam_nlb_570074025edr_f0672884ncam00285m1,test_msl,soil,iou,0.880980539726911,16388,18602,105810
dinov3_sat__finetuned__vitl16-sat493m__in_rover__seed1414__gpu_full__684c258f__gitc188b320__codebebd8b2d__20260713T043353711900Z,msl_ncam_nlb_570074025edr_f0672884ncam00285m1,test_msl,bedrock,iou,0.9998051017483519,87208,87225,105810
dinov3_sat__finetuned__vitl16-sat493m__in_rover__seed1414__gpu_full__684c258f__gitc188b320__codebebd8b2d__20260713T043353711900Z,msl_ncam_nlb_570074025edr_f0672884ncam00285m1,test_msl,sand,iou,0.0,0,2197,105810
dinov3_sat__finetuned__vitl16-sat493m__in_rover__seed1414__gpu_full__684c258f__gitc188b320__codebebd8b2d__20260713T043353711900Z,msl_ncam_nlb_570074025edr_f0672884ncam00285m1,test_msl,big_rock,iou,,0,0,105810
dinov3_sat__finetuned__vitl16-sat493m__in_rover__seed1414__gpu_full__684c258f__gitc188b320__codebebd8b2d__20260713T043353711900Z,msl_ncam_nlb_570074025edr_f0672884ncam00285m1,test_msl,ALL,pixel_acc,0.9790757017295152,0,0,105810
dinov3_sat__finetuned__vitl16-sat493m__in_rover__seed1414__gpu_full__684c258f__gitc188b320__codebebd8b2d__20260713T043353711900Z,msl_ncam_nlb_570074025edr_f0672884ncam00285m1,test_msl,ALL,boundary_f1,0.5896456562736709,0,0,105810
dinov3_sat__finetuned__vitl16-sat493m__in_rover__seed1414__gpu_full__684c258f__gitc188b320__codebebd8b2d__20260713T043353711900Z,msl_ncam_nlb_570074144edr_f0672884ncam00285m1,test_msl,soil,iou,0.0,0,23,14959
dinov3_sat__finetuned__vitl16-sat493m__in_rover__seed1414__gpu_full__684c258f__gitc188b320__codebebd8b2d__20260713T043353711900Z,msl_ncam_nlb_570074144edr_f0672884ncam00285m1,test_msl,bedrock,iou,0.9984624640684537,14936,14959,14959
dinov3_sat__finetuned__vitl16-sat493m__in_rover__seed1414__gpu_full__684c258f__gitc188b320__codebebd8b2d__20260713T043353711900Z,msl_ncam_nlb_570074144edr_f0672884ncam00285m1,test_msl,sand,iou,,0,0,14959
dinov3_sat__finetuned__vitl16-sat493m__in_rover__seed1414__gpu_full__684c258f__gitc188b320__codebebd8b2d__20260713T043353711900Z,msl_ncam_nlb_570074144edr_f0672884ncam00285m1,test_msl,big_rock,iou,,0,0,14959
dinov3_sat__finetuned__vitl16-sat493m__in_rover__seed1414__gpu_full__684c258f__gitc188b320__codebebd8b2d__20260713T043353711900Z,msl_ncam_nlb_570074144edr_f0672884ncam00285m1,test_msl,ALL,pixel_acc,0.9984624640684537,0,0,14959
dinov3_sat__finetuned__vitl16-sat493m__in_rover__seed1414__gpu_full__684c258f__gitc188b320__codebebd8b2d__20260713T043353711900Z,msl_ncam_nlb_570074144edr_f0672884ncam00285m1,test_msl,ALL,boundary_f1,0.4936948297604036,0,0,14959
dinov3_sat__finetuned__vitl16-sat493m__in_rover__seed1414__gpu_full__684c258f__gitc188b320__codebebd8b2d__20260713T043353711900Z,msl_ncam_nlb_570074258edr_f0672884ncam00285m1,test_msl,soil,iou,0.9745217980172519,87782,90077,90077
dinov3_sat__finetuned__vitl16-sat493m__in_rover__seed1414__gpu_full__684c258f__gitc188b320__codebebd8b2d__20260713T043353711900Z,msl_ncam_nlb_570074258edr_f0672884ncam00285m1,test_msl,bedrock,iou,,0,0,90077
dinov3_sat__finetuned__vitl16-sat493m__in_rover__seed1414__gpu_full__684c258f__gitc188b320__codebebd8b2d__20260713T043353711900Z,msl_ncam_nlb_570074258edr_f0672884ncam00285m1,test_msl,sand,iou,0.0,0,2295,90077
dinov3_sat__finetuned__vitl16-sat493m__in_rover__seed1414__gpu_full__684c258f__gitc188b320__codebebd8b2d__20260713T043353711900Z,msl_ncam_nlb_570074258edr_f0672884ncam00285m1,test_msl,big_rock,iou,,0,0,90077
dinov3_sat__finetuned__vitl16-sat493m__in_rover__seed1414__gpu_full__684c258f__gitc188b320__codebebd8b2d__20260713T043353711900Z,msl_ncam_nlb_570074258edr_f0672884ncam00285m1,test_msl,ALL,pixel_acc,0.9745217980172519,0,0,90077
dinov3_sat__finetuned__vitl16-sat493m__in_rover__seed1414__gpu_full__684c258f__gitc188b320__codebebd8b2d__20260713T043353711900Z,msl_ncam_nlb_570074258edr_f0672884ncam00285m1,test_msl,ALL,boundary_f1,0.47547336823213115,0,0,90077
dinov3_sat__finetuned__vitl16-sat493m__in_rover__seed1414__gpu_full__684c258f__gitc188b320__codebebd8b2d__20260713T043353711900Z,msl_ncam_nlb_574061102edr_f0681232ncam00320m1,test_msl,soil,iou,0.8958005249343832,23891,26670,26670
dinov3_sat__finetuned__vitl16-sat493m__in_rover__seed1414__gpu_full__684c258f__gitc188b320__codebebd8b2d__20260713T043353711900Z,msl_ncam_nlb_574061102edr_f0681232ncam00320m1,test_msl,bedrock,iou,0.0,0,2779,26670
dinov3_sat__finetuned__vitl16-sat493m__in_rover__seed1414__gpu_full__684c258f__gitc188b320__codebebd8b2d__20260713T043353711900Z,msl_ncam_nlb_574061102edr_f0681232ncam00320m1,test_msl,sand,iou,,0,0,26670
dinov3_sat__finetuned__vitl16-sat493m__in_rover__seed1414__gpu_full__684c258f__gitc188b320__codebebd8b2d__20260713T043353711900Z,msl_ncam_nlb_574061102edr_f0681232ncam00320m1,test_msl,big_rock,iou,,0,0,26670
dinov3_sat__finetuned__vitl16-sat493m__in_rover__seed1414__gpu_full__684c258f__gitc188b320__codebebd8b2d__20260713T043353711900Z,msl_ncam_nlb_574061102edr_f0681232ncam00320m1,test_msl,ALL,pixel_acc,0.8958005249343832,0,0,26670
dinov3_sat__finetuned__vitl16-sat493m__in_rover__seed1414__gpu_full__684c258f__gitc188b320__codebebd8b2d__20260713T043353711900Z,msl_ncam_nlb_574061102edr_f0681232ncam00320m1,test_msl,ALL,boundary_f1,0.46172030556332605,0,0,26670
dinov3_sat__finetuned__vitl16-sat493m__in_rover__seed1414__gpu_full__684c258f__gitc188b320__codebebd8b2d__20260713T043353711900Z,msl_ncam_nlb_574071379edr_f0681556ncam00379m1,test_msl,soil,iou,0.907699069665226,12391,13651,116837
dinov3_sat__finetuned__vitl16-sat493m__in_rover__seed1414__gpu_full__684c258f__gitc188b320__codebebd8b2d__20260713T043353711900Z,msl_ncam_nlb_574071379edr_f0681556ncam00379m1,test_msl,bedrock,iou,0.9879363498841507,103186,104446,116837
dinov3_sat__finetuned__vitl16-sat493m__in_rover__seed1414__gpu_full__684c258f__gitc188b320__codebebd8b2d__20260713T043353711900Z,msl_ncam_nlb_574071379edr_f0681556ncam00379m1,test_msl,sand,iou,,0,0,116837
dinov3_sat__finetuned__vitl16-sat493m__in_rover__seed1414__gpu_full__684c258f__gitc188b320__codebebd8b2d__20260713T043353711900Z,msl_ncam_nlb_574071379edr_f0681556ncam00379m1,test_msl,big_rock,iou,,0,0,116837
dinov3_sat__finetuned__vitl16-sat493m__in_rover__seed1414__gpu_full__684c258f__gitc188b320__codebebd8b2d__20260713T043353711900Z,msl_ncam_nlb_574071379edr_f0681556ncam00379m1,test_msl,ALL,pixel_acc,0.989215745012282,0,0,116837
dinov3_sat__finetuned__vitl16-sat493m__in_rover__seed1414__gpu_full__684c258f__gitc188b320__codebebd8b2d__20260713T043353711900Z,msl_ncam_nlb_574071379edr_f0681556ncam00379m1,test_msl,ALL,boundary_f1,0.8270669393730852,0,0,116837
dinov3_sat__finetuned__vitl16-sat493m__in_rover__seed1414__gpu_full__684c258f__gitc188b320__codebebd8b2d__20260713T043353711900Z,msl_ncam_nlb_574072088edr_f0681616ncam00257m1,test_msl,soil,iou,,0,0,0
dinov3_sat__finetuned__vitl16-sat493m__in_rover__seed1414__gpu_full__684c258f__gitc188b320__codebebd8b2d__20260713T043353711900Z,msl_ncam_nlb_574072088edr_f0681616ncam00257m1,test_msl,bedrock,iou,,0,0,0
dinov3_sat__finetuned__vitl16-sat493m__in_rover__seed1414__gpu_full__684c258f__gitc188b320__codebebd8b2d__20260713T043353711900Z,msl_ncam_nlb_574072088edr_f0681616ncam00257m1,test_msl,sand,iou,,0,0,0
dinov3_sat__finetuned__vitl16-sat493m__in_rover__seed1414__gpu_full__684c258f__gitc188b320__codebebd8b2d__20260713T043353711900Z,msl_ncam_nlb_574072088edr_f0681616ncam00257m1,test_msl,big_rock,iou,,0,0,0
dinov3_sat__finetuned__vitl16-sat493m__in_rover__seed1414__gpu_full__684c258f__gitc188b320__codebebd8b2d__20260713T043353711900Z,msl_ncam_nlb_574072088edr_f0681616ncam00257m1,test_msl,ALL,pixel_acc,,0,0,0
dinov3_sat__finetuned__vitl16-sat493m__in_rover__seed1414__gpu_full__684c258f__gitc188b320__codebebd8b2d__20260713T043353711900Z,msl_ncam_nlb_574072088edr_f0681616ncam00257m1,test_msl,ALL,boundary_f1,,0,0,0
dinov3_sat__finetuned__vitl16-sat493m__in_rover__seed1414__gpu_full__684c258f__gitc188b320__codebebd8b2d__20260713T043353711900Z,msl_ncam_nlb_574078028edr_f0681626ncam00256m1,test_msl,soil,iou,,0,0,0
dinov3_sat__finetuned__vitl16-sat493m__in_rover__seed1414__gpu_full__684c258f__gitc188b320__codebebd8b2d__20260713T043353711900Z,msl_ncam_nlb_574078028edr_f0681626ncam00256m1,test_msl,bedrock,iou,,0,0,0
dinov3_sat__finetuned__vitl16-sat493m__in_rover__seed1414__gpu_full__684c258f__gitc188b320__codebebd8b2d__20260713T043353711900Z,msl_ncam_nlb_574078028edr_f0681626ncam00256m1,test_msl,sand,iou,,0,0,0
dinov3_sat__finetuned__vitl16-sat493m__in_rover__seed1414__gpu_full__684c258f__gitc188b320__codebebd8b2d__20260713T043353711900Z,msl_ncam_nlb_574078028edr_f0681626ncam00256m1,test_msl,big_rock,iou,,0,0,0
dinov3_sat__finetuned__vitl16-sat493m__in_rover__seed1414__gpu_full__684c258f__gitc188b320__codebebd8b2d__20260713T043353711900Z,msl_ncam_nlb_574078028edr_f0681626ncam00256m1,test_msl,ALL,pixel_acc,,0,0,0
dinov3_sat__finetuned__vitl16-sat493m__in_rover__seed1414__gpu_full__684c258f__gitc188b320__codebebd8b2d__20260713T043353711900Z,msl_ncam_nlb_574078028edr_f0681626ncam00256m1,test_msl,ALL,boundary_f1,,0,0,0
dinov3_sat__finetuned__vitl16-sat493m__in_rover__seed1414__gpu_full__684c258f__gitc188b320__codebebd8b2d__20260713T043353711900Z,msl_ncam_nlb_574078090edr_f0681626ncam00256m1,test_msl,soil,iou,1.0,2992,2992,2992
dinov3_sat__finetuned__vitl16-sat493m__in_rover__seed1414__gpu_full__684c258f__gitc188b320__codebebd8b2d__20260713T043353711900Z,msl_ncam_nlb_574078090edr_f0681626ncam00256m1,test_msl,bedrock,iou,,0,0,2992
dinov3_sat__finetuned__vitl16-sat493m__in_rover__seed1414__gpu_full__684c258f__gitc188b320__codebebd8b2d__20260713T043353711900Z,msl_ncam_nlb_574078090edr_f0681626ncam00256m1,test_msl,sand,iou,,0,0,2992
dinov3_sat__finetuned__vitl16-sat493m__in_rover__seed1414__gpu_full__684c258f__gitc188b320__codebebd8b2d__20260713T043353711900Z,msl_ncam_nlb_574078090edr_f0681626ncam00256m1,test_msl,big_rock,iou,,0,0,2992
dinov3_sat__finetuned__vitl16-sat493m__in_rover__seed1414__gpu_full__684c258f__gitc188b320__codebebd8b2d__20260713T043353711900Z,msl_ncam_nlb_574078090edr_f0681626ncam00256m1,test_msl,ALL,pixel_acc,1.0,0,0,2992
dinov3_sat__finetuned__vitl16-sat493m__in_rover__seed1414__gpu_full__684c258f__gitc188b320__codebebd8b2d__20260713T043353711900Z,msl_ncam_nlb_574078090edr_f0681626ncam00256m1,test_msl,ALL,boundary_f1,1.0,0,0,2992
dinov3_sat__finetuned__vitl16-sat493m__in_rover__seed1414__gpu_full__684c258f__gitc188b320__codebebd8b2d__20260713T043353711900Z,msl_ncam_nlb_574078155edr_f0681626ncam00256m1,test_msl,soil,iou,1.0,31502,31502,31502
dinov3_sat__finetuned__vitl16-sat493m__in_rover__seed1414__gpu_full__684c258f__gitc188b320__codebebd8b2d__20260713T043353711900Z,msl_ncam_nlb_574078155edr_f0681626ncam00256m1,test_msl,bedrock,iou,,0,0,31502
dinov3_sat__finetuned__vitl16-sat493m__in_rover__seed1414__gpu_full__684c258f__gitc188b320__codebebd8b2d__20260713T043353711900Z,msl_ncam_nlb_574078155edr_f0681626ncam00256m1,test_msl,sand,iou,,0,0,31502
dinov3_sat__finetuned__vitl16-sat493m__in_rover__seed1414__gpu_full__684c258f__gitc188b320__codebebd8b2d__20260713T043353711900Z,msl_ncam_nlb_574078155edr_f0681626ncam00256m1,test_msl,big_rock,iou,,0,0,31502
dinov3_sat__finetuned__vitl16-sat493m__in_rover__seed1414__gpu_full__684c258f__gitc188b320__codebebd8b2d__20260713T043353711900Z,msl_ncam_nlb_574078155edr_f0681626ncam00256m1,test_msl,ALL,pixel_acc,1.0,0,0,31502
dinov3_sat__finetuned__vitl16-sat493m__in_rover__seed1414__gpu_full__684c258f__gitc188b320__codebebd8b2d__20260713T043353711900Z,msl_ncam_nlb_574078155edr_f0681626ncam00256m1,test_msl,ALL,boundary_f1,1.0,0,0,31502
dinov3_sat__finetuned__vitl16-sat493m__in_rover__seed1414__gpu_full__684c258f__gitc188b320__codebebd8b2d__20260713T043353711900Z,msl_ncam_nlb_574078440edr_f0681626ncam00354m1,test_msl,soil,iou,,0,0,160997
dinov3_sat__finetuned__vitl16-sat493m__in_rover__seed1414__gpu_full__684c258f__gitc188b320__codebebd8b2d__20260713T043353711900Z,msl_ncam_nlb_574078440edr_f0681626ncam00354m1,test_msl,bedrock,iou,1.0,160997,160997,160997
dinov3_sat__finetuned__vitl16-sat493m__in_rover__seed1414__gpu_full__684c258f__gitc188b320__codebebd8b2d__20260713T043353711900Z,msl_ncam_nlb_574078440edr_f0681626ncam00354m1,test_msl,sand,iou,,0,0,160997
dinov3_sat__finetuned__vitl16-sat493m__in_rover__seed1414__gpu_full__684c258f__gitc188b320__codebebd8b2d__20260713T043353711900Z,msl_ncam_nlb_574078440edr_f0681626ncam00354m1,test_msl,big_rock,iou,,0,0,160997
dinov3_sat__finetuned__vitl16-sat493m__in_rover__seed1414__gpu_full__684c258f__gitc188b320__codebebd8b2d__20260713T043353711900Z,msl_ncam_nlb_574078440edr_f0681626ncam00354m1,test_msl,ALL,pixel_acc,1.0,0,0,160997
dinov3_sat__finetuned__vitl16-sat493m__in_rover__seed1414__gpu_full__684c258f__gitc188b320__codebebd8b2d__20260713T043353711900Z,msl_ncam_nlb_574078440edr_f0681626ncam00354m1,test_msl,ALL,boundary_f1,1.0,0,0,160997
dinov3_sat__finetuned__vitl16-sat493m__in_rover__seed1414__gpu_full__684c258f__gitc188b320__codebebd8b2d__20260713T043353711900Z,msl_ncam_nlb_574078554edr_f0681626ncam00354m1,test_msl,soil,iou,1.0,44213,44213,59636
dinov3_sat__finetuned__vitl16-sat493m__in_rover__seed1414__gpu_full__684c258f__gitc188b320__codebebd8b2d__20260713T043353711900Z,msl_ncam_nlb_574078554edr_f0681626ncam00354m1,test_msl,bedrock,iou,1.0,15423,15423,59636
dinov3_sat__finetuned__vitl16-sat493m__in_rover__seed1414__gpu_full__684c258f__gitc188b320__codebebd8b2d__20260713T043353711900Z,msl_ncam_nlb_574078554edr_f0681626ncam00354m1,test_msl,sand,iou,,0,0,59636
dinov3_sat__finetuned__vitl16-sat493m__in_rover__seed1414__gpu_full__684c258f__gitc188b320__codebebd8b2d__20260713T043353711900Z,msl_ncam_nlb_574078554edr_f0681626ncam00354m1,test_msl,big_rock,iou,,0,0,59636
dinov3_sat__finetuned__vitl16-sat493m__in_rover__seed1414__gpu_full__684c258f__gitc188b320__codebebd8b2d__20260713T043353711900Z,msl_ncam_nlb_574078554edr_f0681626ncam00354m1,test_msl,ALL,pixel_acc,1.0,0,0,59636
dinov3_sat__finetuned__vitl16-sat493m__in_rover__seed1414__gpu_full__684c258f__gitc188b320__codebebd8b2d__20260713T043353711900Z,msl_ncam_nlb_574078554edr_f0681626ncam00354m1,test_msl,ALL,boundary_f1,1.0,0,0,59636
dinov3_sat__finetuned__vitl16-sat493m__in_rover__seed1414__gpu_full__684c258f__gitc188b320__codebebd8b2d__20260713T043353711900Z,msl_ncam_nlb_574078665edr_f0681626ncam07753m1,test_msl,soil,iou,0.9378723781257614,42344,45149,92466
dinov3_sat__finetuned__vitl16-sat493m__in_rover__seed1414__gpu_full__684c258f__gitc188b320__codebebd8b2d__20260713T043353711900Z,msl_ncam_nlb_574078665edr_f0681626ncam07753m1,test_msl,bedrock,iou,0.9440365508160089,47317,50122,92466
dinov3_sat__finetuned__vitl16-sat493m__in_rover__seed1414__gpu_full__684c258f__gitc188b320__codebebd8b2d__20260713T043353711900Z,msl_ncam_nlb_574078665edr_f0681626ncam07753m1,test_msl,sand,iou,,0,0,92466
dinov3_sat__finetuned__vitl16-sat493m__in_rover__seed1414__gpu_full__684c258f__gitc188b320__codebebd8b2d__20260713T043353711900Z,msl_ncam_nlb_574078665edr_f0681626ncam07753m1,test_msl,big_rock,iou,,0,0,92466
dinov3_sat__finetuned__vitl16-sat493m__in_rover__seed1414__gpu_full__684c258f__gitc188b320__codebebd8b2d__20260713T043353711900Z,msl_ncam_nlb_574078665edr_f0681626ncam07753m1,test_msl,ALL,pixel_acc,0.9696645253390436,0,0,92466
dinov3_sat__finetuned__vitl16-sat493m__in_rover__seed1414__gpu_full__684c258f__gitc188b320__codebebd8b2d__20260713T043353711900Z,msl_ncam_nlb_574078665edr_f0681626ncam07753m1,test_msl,ALL,boundary_f1,0.9121578147952698,0,0,92466
dinov3_sat__finetuned__vitl16-sat493m__in_rover__seed1414__gpu_full__684c258f__gitc188b320__codebebd8b2d__20260713T043353711900Z,msl_ncam_nlb_574078735edr_f0681626ncam07753m1,test_msl,soil,iou,0.0,0,2421,13225
dinov3_sat__finetuned__vitl16-sat493m__in_rover__seed1414__gpu_full__684c258f__gitc188b320__codebebd8b2d__20260713T043353711900Z,msl_ncam_nlb_574078735edr_f0681626ncam07753m1,test_msl,bedrock,iou,0.816937618147448,10804,13225,13225
dinov3_sat__finetuned__vitl16-sat493m__in_rover__seed1414__gpu_full__684c258f__gitc188b320__codebebd8b2d__20260713T043353711900Z,msl_ncam_nlb_574078735edr_f0681626ncam07753m1,test_msl,sand,iou,,0,0,13225
dinov3_sat__finetuned__vitl16-sat493m__in_rover__seed1414__gpu_full__684c258f__gitc188b320__codebebd8b2d__20260713T043353711900Z,msl_ncam_nlb_574078735edr_f0681626ncam07753m1,test_msl,big_rock,iou,,0,0,13225
dinov3_sat__finetuned__vitl16-sat493m__in_rover__seed1414__gpu_full__684c258f__gitc188b320__codebebd8b2d__20260713T043353711900Z,msl_ncam_nlb_574078735edr_f0681626ncam07753m1,test_msl,ALL,pixel_acc,0.816937618147448,0,0,13225
dinov3_sat__finetuned__vitl16-sat493m__in_rover__seed1414__gpu_full__684c258f__gitc188b320__codebebd8b2d__20260713T043353711900Z,msl_ncam_nlb_574078735edr_f0681626ncam07753m1,test_msl,ALL,boundary_f1,0.39416986754333816,0,0,13225
dinov3_sat__finetuned__vitl16-sat493m__in_rover__seed1414__gpu_full__684c258f__gitc188b320__codebebd8b2d__20260713T043353711900Z,msl_ncam_nlb_577080310edr_f0691768ncam00320m1,test_msl,soil,iou,1.0,118491,118491,118491
dinov3_sat__finetuned__vitl16-sat493m__in_rover__seed1414__gpu_full__684c258f__gitc188b320__codebebd8b2d__20260713T043353711900Z,msl_ncam_nlb_577080310edr_f0691768ncam00320m1,test_msl,bedrock,iou,,0,0,118491
dinov3_sat__finetuned__vitl16-sat493m__in_rover__seed1414__gpu_full__684c258f__gitc188b320__codebebd8b2d__20260713T043353711900Z,msl_ncam_nlb_577080310edr_f0691768ncam00320m1,test_msl,sand,iou,,0,0,118491
dinov3_sat__finetuned__vitl16-sat493m__in_rover__seed1414__gpu_full__684c258f__gitc188b320__codebebd8b2d__20260713T043353711900Z,msl_ncam_nlb_577080310edr_f0691768ncam00320m1,test_msl,big_rock,iou,,0,0,118491
dinov3_sat__finetuned__vitl16-sat493m__in_rover__seed1414__gpu_full__684c258f__gitc188b320__codebebd8b2d__20260713T043353711900Z,msl_ncam_nlb_577080310edr_f0691768ncam00320m1,test_msl,ALL,pixel_acc,1.0,0,0,118491
dinov3_sat__finetuned__vitl16-sat493m__in_rover__seed1414__gpu_full__684c258f__gitc188b320__codebebd8b2d__20260713T043353711900Z,msl_ncam_nlb_577080310edr_f0691768ncam00320m1,test_msl,ALL,boundary_f1,1.0,0,0,118491
dinov3_sat__finetuned__vitl16-sat493m__in_rover__seed1414__gpu_full__684c258f__gitc188b320__codebebd8b2d__20260713T043353711900Z,msl_ncam_nlb_577089308edr_f0691828ncam00379m1,test_msl,soil,iou,,0,0,0
dinov3_sat__finetuned__vitl16-sat493m__in_rover__seed1414__gpu_full__684c258f__gitc188b320__codebebd8b2d__20260713T043353711900Z,msl_ncam_nlb_577089308edr_f0691828ncam00379m1,test_msl,bedrock,iou,,0,0,0
dinov3_sat__finetuned__vitl16-sat493m__in_rover__seed1414__gpu_full__684c258f__gitc188b320__codebebd8b2d__20260713T043353711900Z,msl_ncam_nlb_577089308edr_f0691828ncam00379m1,test_msl,sand,iou,,0,0,0
dinov3_sat__finetuned__vitl16-sat493m__in_rover__seed1414__gpu_full__684c258f__gitc188b320__codebebd8b2d__20260713T043353711900Z,msl_ncam_nlb_577089308edr_f0691828ncam00379m1,test_msl,big_rock,iou,,0,0,0
dinov3_sat__finetuned__vitl16-sat493m__in_rover__seed1414__gpu_full__684c258f__gitc188b320__codebebd8b2d__20260713T043353711900Z,msl_ncam_nlb_577089308edr_f0691828ncam00379m1,test_msl,ALL,pixel_acc,,0,0,0
dinov3_sat__finetuned__vitl16-sat493m__in_rover__seed1414__gpu_full__684c258f__gitc188b320__codebebd8b2d__20260713T043353711900Z,msl_ncam_nlb_577089308edr_f0691828ncam00379m1,test_msl,ALL,boundary_f1,,0,0,0
dinov3_sat__finetuned__vitl16-sat493m__in_rover__seed1414__gpu_full__684c258f__gitc188b320__codebebd8b2d__20260713T043353711900Z,msl_ncam_nlb_577089970edr_f0691858ncam00286m1,test_msl,soil,iou,0.9949585223887437,21709,21819,99131
dinov3_sat__finetuned__vitl16-sat493m__in_rover__seed1414__gpu_full__684c258f__gitc188b320__codebebd8b2d__20260713T043353711900Z,msl_ncam_nlb_577089970edr_f0691858ncam00286m1,test_msl,bedrock,iou,0.9981398651047213,70294,70425,99131
dinov3_sat__finetuned__vitl16-sat493m__in_rover__seed1414__gpu_full__684c258f__gitc188b320__codebebd8b2d__20260713T043353711900Z,msl_ncam_nlb_577089970edr_f0691858ncam00286m1,test_msl,sand,iou,0.9970076944998575,6997,7018,99131
dinov3_sat__finetuned__vitl16-sat493m__in_rover__seed1414__gpu_full__684c258f__gitc188b320__codebebd8b2d__20260713T043353711900Z,msl_ncam_nlb_577089970edr_f0691858ncam00286m1,test_msl,big_rock,iou,,0,0,99131
dinov3_sat__finetuned__vitl16-sat493m__in_rover__seed1414__gpu_full__684c258f__gitc188b320__codebebd8b2d__20260713T043353711900Z,msl_ncam_nlb_577089970edr_f0691858ncam00286m1,test_msl,ALL,pixel_acc,0.9986785163067052,0,0,99131
dinov3_sat__finetuned__vitl16-sat493m__in_rover__seed1414__gpu_full__684c258f__gitc188b320__codebebd8b2d__20260713T043353711900Z,msl_ncam_nlb_577089970edr_f0691858ncam00286m1,test_msl,ALL,boundary_f1,0.9875803576047052,0,0,99131
dinov3_sat__finetuned__vitl16-sat493m__in_rover__seed1414__gpu_full__684c258f__gitc188b320__codebebd8b2d__20260713T043353711900Z,msl_ncam_nlb_577090033edr_f0691858ncam00286m1,test_msl,soil,iou,0.0,0,1144,49689
dinov3_sat__finetuned__vitl16-sat493m__in_rover__seed1414__gpu_full__684c258f__gitc188b320__codebebd8b2d__20260713T043353711900Z,msl_ncam_nlb_577090033edr_f0691858ncam00286m1,test_msl,bedrock,iou,0.9769767956690616,48545,49689,49689
dinov3_sat__finetuned__vitl16-sat493m__in_rover__seed1414__gpu_full__684c258f__gitc188b320__codebebd8b2d__20260713T043353711900Z,msl_ncam_nlb_577090033edr_f0691858ncam00286m1,test_msl,sand,iou,,0,0,49689
dinov3_sat__finetuned__vitl16-sat493m__in_rover__seed1414__gpu_full__684c258f__gitc188b320__codebebd8b2d__20260713T043353711900Z,msl_ncam_nlb_577090033edr_f0691858ncam00286m1,test_msl,big_rock,iou,,0,0,49689
dinov3_sat__finetuned__vitl16-sat493m__in_rover__seed1414__gpu_full__684c258f__gitc188b320__codebebd8b2d__20260713T043353711900Z,msl_ncam_nlb_577090033edr_f0691858ncam00286m1,test_msl,ALL,pixel_acc,0.9769767956690616,0,0,49689
dinov3_sat__finetuned__vitl16-sat493m__in_rover__seed1414__gpu_full__684c258f__gitc188b320__codebebd8b2d__20260713T043353711900Z,msl_ncam_nlb_577090033edr_f0691858ncam00286m1,test_msl,ALL,boundary_f1,0.4866857228825034,0,0,49689
dinov3_sat__finetuned__vitl16-sat493m__in_rover__seed1414__gpu_full__684c258f__gitc188b320__codebebd8b2d__20260713T043353711900Z,msl_ncam_nlb_577090148edr_f0691858ncam00286m1,test_msl,soil,iou,0.0,0,6250,7622
dinov3_sat__finetuned__vitl16-sat493m__in_rover__seed1414__gpu_full__684c258f__gitc188b320__codebebd8b2d__20260713T043353711900Z,msl_ncam_nlb_577090148edr_f0691858ncam00286m1,test_msl,bedrock,iou,0.180005247966413,1372,7622,7622
dinov3_sat__finetuned__vitl16-sat493m__in_rover__seed1414__gpu_full__684c258f__gitc188b320__codebebd8b2d__20260713T043353711900Z,msl_ncam_nlb_577090148edr_f0691858ncam00286m1,test_msl,sand,iou,,0,0,7622
dinov3_sat__finetuned__vitl16-sat493m__in_rover__seed1414__gpu_full__684c258f__gitc188b320__codebebd8b2d__20260713T043353711900Z,msl_ncam_nlb_577090148edr_f0691858ncam00286m1,test_msl,big_rock,iou,,0,0,7622
dinov3_sat__finetuned__vitl16-sat493m__in_rover__seed1414__gpu_full__684c258f__gitc188b320__codebebd8b2d__20260713T043353711900Z,msl_ncam_nlb_577090148edr_f0691858ncam00286m1,test_msl,ALL,pixel_acc,0.180005247966413,0,0,7622
dinov3_sat__finetuned__vitl16-sat493m__in_rover__seed1414__gpu_full__684c258f__gitc188b320__codebebd8b2d__20260713T043353711900Z,msl_ncam_nlb_577090148edr_f0691858ncam00286m1,test_msl,ALL,boundary_f1,0.24200426439232411,0,0,7622
dinov3_sat__finetuned__vitl16-sat493m__in_rover__seed1414__gpu_full__684c258f__gitc188b320__codebebd8b2d__20260713T043353711900Z,msl_ncam_nlb_577090437edr_f0691858ncam00312m1,test_msl,soil,iou,,0,0,91551
dinov3_sat__finetuned__vitl16-sat493m__in_rover__seed1414__gpu_full__684c258f__gitc188b320__codebebd8b2d__20260713T043353711900Z,msl_ncam_nlb_577090437edr_f0691858ncam00312m1,test_msl,bedrock,iou,,0,0,91551
dinov3_sat__finetuned__vitl16-sat493m__in_rover__seed1414__gpu_full__684c258f__gitc188b320__codebebd8b2d__20260713T043353711900Z,msl_ncam_nlb_577090437edr_f0691858ncam00312m1,test_msl,sand,iou,1.0,91551,91551,91551
dinov3_sat__finetuned__vitl16-sat493m__in_rover__seed1414__gpu_full__684c258f__gitc188b320__codebebd8b2d__20260713T043353711900Z,msl_ncam_nlb_577090437edr_f0691858ncam00312m1,test_msl,big_rock,iou,,0,0,91551
dinov3_sat__finetuned__vitl16-sat493m__in_rover__seed1414__gpu_full__684c258f__gitc188b320__codebebd8b2d__20260713T043353711900Z,msl_ncam_nlb_577090437edr_f0691858ncam00312m1,test_msl,ALL,pixel_acc,1.0,0,0,91551
dinov3_sat__finetuned__vitl16-sat493m__in_rover__seed1414__gpu_full__684c258f__gitc188b320__codebebd8b2d__20260713T043353711900Z,msl_ncam_nlb_577090437edr_f0691858ncam00312m1,test_msl,ALL,boundary_f1,1.0,0,0,91551
dinov3_sat__finetuned__vitl16-sat493m__in_rover__seed1414__gpu_full__684c258f__gitc188b320__codebebd8b2d__20260713T043353711900Z,msl_ncam_nlb_577090635edr_f0691858ncam00287m1,test_msl,soil,iou,,0,0,29086
dinov3_sat__finetuned__vitl16-sat493m__in_rover__seed1414__gpu_full__684c258f__gitc188b320__codebebd8b2d__20260713T043353711900Z,msl_ncam_nlb_577090635edr_f0691858ncam00287m1,test_msl,bedrock,iou,0.46394789889905413,2992,6449,29086
dinov3_sat__finetuned__vitl16-sat493m__in_rover__seed1414__gpu_full__684c258f__gitc188b320__codebebd8b2d__20260713T043353711900Z,msl_ncam_nlb_577090635edr_f0691858ncam00287m1,test_msl,sand,iou,0.8675174369586878,22637,26094,29086
dinov3_sat__finetuned__vitl16-sat493m__in_rover__seed1414__gpu_full__684c258f__gitc188b320__codebebd8b2d__20260713T043353711900Z,msl_ncam_nlb_577090635edr_f0691858ncam00287m1,test_msl,big_rock,iou,,0,0,29086
dinov3_sat__finetuned__vitl16-sat493m__in_rover__seed1414__gpu_full__684c258f__gitc188b320__codebebd8b2d__20260713T043353711900Z,msl_ncam_nlb_577090635edr_f0691858ncam00287m1,test_msl,ALL,pixel_acc,0.8811455683146531,0,0,29086
dinov3_sat__finetuned__vitl16-sat493m__in_rover__seed1414__gpu_full__684c258f__gitc188b320__codebebd8b2d__20260713T043353711900Z,msl_ncam_nlb_577090635edr_f0691858ncam00287m1,test_msl,ALL,boundary_f1,0.7147911569565699,0,0,29086
dinov3_sat__finetuned__vitl16-sat493m__in_rover__seed1414__gpu_full__684c258f__gitc188b320__codebebd8b2d__20260713T043353711900Z,msl_ncam_nlb_577090699edr_f0691858ncam00287m1,test_msl,soil,iou,,0,0,84812
dinov3_sat__finetuned__vitl16-sat493m__in_rover__seed1414__gpu_full__684c258f__gitc188b320__codebebd8b2d__20260713T043353711900Z,msl_ncam_nlb_577090699edr_f0691858ncam00287m1,test_msl,bedrock,iou,0.9983516483516484,3634,3640,84812
dinov3_sat__finetuned__vitl16-sat493m__in_rover__seed1414__gpu_full__684c258f__gitc188b320__codebebd8b2d__20260713T043353711900Z,msl_ncam_nlb_577090699edr_f0691858ncam00287m1,test_msl,sand,iou,0.99992608834906,81172,81178,84812
dinov3_sat__finetuned__vitl16-sat493m__in_rover__seed1414__gpu_full__684c258f__gitc188b320__codebebd8b2d__20260713T043353711900Z,msl_ncam_nlb_577090699edr_f0691858ncam00287m1,test_msl,big_rock,iou,,0,0,84812
dinov3_sat__finetuned__vitl16-sat493m__in_rover__seed1414__gpu_full__684c258f__gitc188b320__codebebd8b2d__20260713T043353711900Z,msl_ncam_nlb_577090699edr_f0691858ncam00287m1,test_msl,ALL,pixel_acc,0.9999292552940622,0,0,84812
dinov3_sat__finetuned__vitl16-sat493m__in_rover__seed1414__gpu_full__684c258f__gitc188b320__codebebd8b2d__20260713T043353711900Z,msl_ncam_nlb_577090699edr_f0691858ncam00287m1,test_msl,ALL,boundary_f1,0.9993744787322769,0,0,84812
dinov3_sat__finetuned__vitl16-sat493m__in_rover__seed1414__gpu_full__684c258f__gitc188b320__codebebd8b2d__20260713T043353711900Z,msl_ncam_nlb_577090763edr_f0691858ncam00287m1,test_msl,soil,iou,1.0,22845,22845,81680
dinov3_sat__finetuned__vitl16-sat493m__in_rover__seed1414__gpu_full__684c258f__gitc188b320__codebebd8b2d__20260713T043353711900Z,msl_ncam_nlb_577090763edr_f0691858ncam00287m1,test_msl,bedrock,iou,1.0,22802,22802,81680
dinov3_sat__finetuned__vitl16-sat493m__in_rover__seed1414__gpu_full__684c258f__gitc188b320__codebebd8b2d__20260713T043353711900Z,msl_ncam_nlb_577090763edr_f0691858ncam00287m1,test_msl,sand,iou,1.0,36033,36033,81680
dinov3_sat__finetuned__vitl16-sat493m__in_rover__seed1414__gpu_full__684c258f__gitc188b320__codebebd8b2d__20260713T043353711900Z,msl_ncam_nlb_577090763edr_f0691858ncam00287m1,test_msl,big_rock,iou,,0,0,81680
dinov3_sat__finetuned__vitl16-sat493m__in_rover__seed1414__gpu_full__684c258f__gitc188b320__codebebd8b2d__20260713T043353711900Z,msl_ncam_nlb_577090763edr_f0691858ncam00287m1,test_msl,ALL,pixel_acc,1.0,0,0,81680
dinov3_sat__finetuned__vitl16-sat493m__in_rover__seed1414__gpu_full__684c258f__gitc188b320__codebebd8b2d__20260713T043353711900Z,msl_ncam_nlb_577090763edr_f0691858ncam00287m1,test_msl,ALL,boundary_f1,1.0,0,0,81680
dinov3_sat__finetuned__vitl16-sat493m__in_rover__seed1414__gpu_full__684c258f__gitc188b320__codebebd8b2d__20260713T043353711900Z,msl_ncam_nlb_577095146edr_f0691858ncam00376m1,test_msl,soil,iou,,0,0,131880
dinov3_sat__finetuned__vitl16-sat493m__in_rover__seed1414__gpu_full__684c258f__gitc188b320__codebebd8b2d__20260713T043353711900Z,msl_ncam_nlb_577095146edr_f0691858ncam00376m1,test_msl,bedrock,iou,,0,0,131880
dinov3_sat__finetuned__vitl16-sat493m__in_rover__seed1414__gpu_full__684c258f__gitc188b320__codebebd8b2d__20260713T043353711900Z,msl_ncam_nlb_577095146edr_f0691858ncam00376m1,test_msl,sand,iou,1.0,131880,131880,131880
dinov3_sat__finetuned__vitl16-sat493m__in_rover__seed1414__gpu_full__684c258f__gitc188b320__codebebd8b2d__20260713T043353711900Z,msl_ncam_nlb_577095146edr_f0691858ncam00376m1,test_msl,big_rock,iou,,0,0,131880
dinov3_sat__finetuned__vitl16-sat493m__in_rover__seed1414__gpu_full__684c258f__gitc188b320__codebebd8b2d__20260713T043353711900Z,msl_ncam_nlb_577095146edr_f0691858ncam00376m1,test_msl,ALL,pixel_acc,1.0,0,0,131880
dinov3_sat__finetuned__vitl16-sat493m__in_rover__seed1414__gpu_full__684c258f__gitc188b320__codebebd8b2d__20260713T043353711900Z,msl_ncam_nlb_577095146edr_f0691858ncam00376m1,test_msl,ALL,boundary_f1,1.0,0,0,131880
dinov3_sat__finetuned__vitl16-sat493m__in_rover__seed1414__gpu_full__684c258f__gitc188b320__codebebd8b2d__20260713T043353711900Z,msl_ncam_nlb_613564331edr_f0760274ncam00320m1,test_msl,soil,iou,1.0,100868,100868,100868
dinov3_sat__finetuned__vitl16-sat493m__in_rover__seed1414__gpu_full__684c258f__gitc188b320__codebebd8b2d__20260713T043353711900Z,msl_ncam_nlb_613564331edr_f0760274ncam00320m1,test_msl,bedrock,iou,,0,0,100868
dinov3_sat__finetuned__vitl16-sat493m__in_rover__seed1414__gpu_full__684c258f__gitc188b320__codebebd8b2d__20260713T043353711900Z,msl_ncam_nlb_613564331edr_f0760274ncam00320m1,test_msl,sand,iou,,0,0,100868
dinov3_sat__finetuned__vitl16-sat493m__in_rover__seed1414__gpu_full__684c258f__gitc188b320__codebebd8b2d__20260713T043353711900Z,msl_ncam_nlb_613564331edr_f0760274ncam00320m1,test_msl,big_rock,iou,,0,0,100868
dinov3_sat__finetuned__vitl16-sat493m__in_rover__seed1414__gpu_full__684c258f__gitc188b320__codebebd8b2d__20260713T043353711900Z,msl_ncam_nlb_613564331edr_f0760274ncam00320m1,test_msl,ALL,pixel_acc,1.0,0,0,100868
dinov3_sat__finetuned__vitl16-sat493m__in_rover__seed1414__gpu_full__684c258f__gitc188b320__codebebd8b2d__20260713T043353711900Z,msl_ncam_nlb_613564331edr_f0760274ncam00320m1,test_msl,ALL,boundary_f1,1.0,0,0,100868
dinov3_sat__finetuned__vitl16-sat493m__in_rover__seed1414__gpu_full__684c258f__gitc188b320__codebebd8b2d__20260713T043353711900Z,msl_ncam_nlb_613582793edr_f0760556ncam00385m1,test_msl,soil,iou,1.0,229198,229198,229198
dinov3_sat__finetuned__vitl16-sat493m__in_rover__seed1414__gpu_full__684c258f__gitc188b320__codebebd8b2d__20260713T043353711900Z,msl_ncam_nlb_613582793edr_f0760556ncam00385m1,test_msl,bedrock,iou,,0,0,229198
dinov3_sat__finetuned__vitl16-sat493m__in_rover__seed1414__gpu_full__684c258f__gitc188b320__codebebd8b2d__20260713T043353711900Z,msl_ncam_nlb_613582793edr_f0760556ncam00385m1,test_msl,sand,iou,,0,0,229198
dinov3_sat__finetuned__vitl16-sat493m__in_rover__seed1414__gpu_full__684c258f__gitc188b320__codebebd8b2d__20260713T043353711900Z,msl_ncam_nlb_613582793edr_f0760556ncam00385m1,test_msl,big_rock,iou,,0,0,229198
dinov3_sat__finetuned__vitl16-sat493m__in_rover__seed1414__gpu_full__684c258f__gitc188b320__codebebd8b2d__20260713T043353711900Z,msl_ncam_nlb_613582793edr_f0760556ncam00385m1,test_msl,ALL,pixel_acc,1.0,0,0,229198
dinov3_sat__finetuned__vitl16-sat493m__in_rover__seed1414__gpu_full__684c258f__gitc188b320__codebebd8b2d__20260713T043353711900Z,msl_ncam_nlb_613582793edr_f0760556ncam00385m1,test_msl,ALL,boundary_f1,1.0,0,0,229198
dinov3_sat__finetuned__vitl16-sat493m__in_rover__seed1414__gpu_full__684c258f__gitc188b320__codebebd8b2d__20260713T043353711900Z,msl_ncam_nlb_613583192edr_f0760568ncam00375m1,test_msl,soil,iou,1.0,148104,148104,148104
dinov3_sat__finetuned__vitl16-sat493m__in_rover__seed1414__gpu_full__684c258f__gitc188b320__codebebd8b2d__20260713T043353711900Z,msl_ncam_nlb_613583192edr_f0760568ncam00375m1,test_msl,bedrock,iou,,0,0,148104
dinov3_sat__finetuned__vitl16-sat493m__in_rover__seed1414__gpu_full__684c258f__gitc188b320__codebebd8b2d__20260713T043353711900Z,msl_ncam_nlb_613583192edr_f0760568ncam00375m1,test_msl,sand,iou,,0,0,148104
dinov3_sat__finetuned__vitl16-sat493m__in_rover__seed1414__gpu_full__684c258f__gitc188b320__codebebd8b2d__20260713T043353711900Z,msl_ncam_nlb_613583192edr_f0760568ncam00375m1,test_msl,big_rock,iou,,0,0,148104
dinov3_sat__finetuned__vitl16-sat493m__in_rover__seed1414__gpu_full__684c258f__gitc188b320__codebebd8b2d__20260713T043353711900Z,msl_ncam_nlb_613583192edr_f0760568ncam00375m1,test_msl,ALL,pixel_acc,1.0,0,0,148104
dinov3_sat__finetuned__vitl16-sat493m__in_rover__seed1414__gpu_full__684c258f__gitc188b320__codebebd8b2d__20260713T043353711900Z,msl_ncam_nlb_613583192edr_f0760568ncam00375m1,test_msl,ALL,boundary_f1,1.0,0,0,148104
dinov3_sat__finetuned__vitl16-sat493m__in_rover__seed1414__gpu_full__684c258f__gitc188b320__codebebd8b2d__20260713T043353711900Z,msl_ncam_nlb_613583340edr_f0760568ncam00280m1,test_msl,soil,iou,0.9999625396455418,240245,240254,240254
dinov3_sat__finetuned__vitl16-sat493m__in_rover__seed1414__gpu_full__684c258f__gitc188b320__codebebd8b2d__20260713T043353711900Z,msl_ncam_nlb_613583340edr_f0760568ncam00280m1,test_msl,bedrock,iou,,0,0,240254
dinov3_sat__finetuned__vitl16-sat493m__in_rover__seed1414__gpu_full__684c258f__gitc188b320__codebebd8b2d__20260713T043353711900Z,msl_ncam_nlb_613583340edr_f0760568ncam00280m1,test_msl,sand,iou,0.0,0,9,240254
dinov3_sat__finetuned__vitl16-sat493m__in_rover__seed1414__gpu_full__684c258f__gitc188b320__codebebd8b2d__20260713T043353711900Z,msl_ncam_nlb_613583340edr_f0760568ncam00280m1,test_msl,big_rock,iou,,0,0,240254
dinov3_sat__finetuned__vitl16-sat493m__in_rover__seed1414__gpu_full__684c258f__gitc188b320__codebebd8b2d__20260713T043353711900Z,msl_ncam_nlb_613583340edr_f0760568ncam00280m1,test_msl,ALL,pixel_acc,0.9999625396455418,0,0,240254
dinov3_sat__finetuned__vitl16-sat493m__in_rover__seed1414__gpu_full__684c258f__gitc188b320__codebebd8b2d__20260713T043353711900Z,msl_ncam_nlb_613583340edr_f0760568ncam00280m1,test_msl,ALL,boundary_f1,0.5,0,0,240254
dinov3_sat__finetuned__vitl16-sat493m__in_rover__seed1414__gpu_full__684c258f__gitc188b320__codebebd8b2d__20260713T043353711900Z,msl_ncam_nlb_613583373edr_f0760568ncam00280m1,test_msl,soil,iou,1.0,197718,197718,197718
dinov3_sat__finetuned__vitl16-sat493m__in_rover__seed1414__gpu_full__684c258f__gitc188b320__codebebd8b2d__20260713T043353711900Z,msl_ncam_nlb_613583373edr_f0760568ncam00280m1,test_msl,bedrock,iou,,0,0,197718
dinov3_sat__finetuned__vitl16-sat493m__in_rover__seed1414__gpu_full__684c258f__gitc188b320__codebebd8b2d__20260713T043353711900Z,msl_ncam_nlb_613583373edr_f0760568ncam00280m1,test_msl,sand,iou,,0,0,197718
dinov3_sat__finetuned__vitl16-sat493m__in_rover__seed1414__gpu_full__684c258f__gitc188b320__codebebd8b2d__20260713T043353711900Z,msl_ncam_nlb_613583373edr_f0760568ncam00280m1,test_msl,big_rock,iou,,0,0,197718
dinov3_sat__finetuned__vitl16-sat493m__in_rover__seed1414__gpu_full__684c258f__gitc188b320__codebebd8b2d__20260713T043353711900Z,msl_ncam_nlb_613583373edr_f0760568ncam00280m1,test_msl,ALL,pixel_acc,1.0,0,0,197718
dinov3_sat__finetuned__vitl16-sat493m__in_rover__seed1414__gpu_full__684c258f__gitc188b320__codebebd8b2d__20260713T043353711900Z,msl_ncam_nlb_613583373edr_f0760568ncam00280m1,test_msl,ALL,boundary_f1,1.0,0,0,197718
dinov3_sat__finetuned__vitl16-sat493m__in_rover__seed1414__gpu_full__684c258f__gitc188b320__codebebd8b2d__20260713T043353711900Z,msl_ncam_nlb_613583763edr_f0760568ncam00354m1,test_msl,soil,iou,1.0,224188,224188,224188
dinov3_sat__finetuned__vitl16-sat493m__in_rover__seed1414__gpu_full__684c258f__gitc188b320__codebebd8b2d__20260713T043353711900Z,msl_ncam_nlb_613583763edr_f0760568ncam00354m1,test_msl,bedrock,iou,,0,0,224188
dinov3_sat__finetuned__vitl16-sat493m__in_rover__seed1414__gpu_full__684c258f__gitc188b320__codebebd8b2d__20260713T043353711900Z,msl_ncam_nlb_613583763edr_f0760568ncam00354m1,test_msl,sand,iou,,0,0,224188
dinov3_sat__finetuned__vitl16-sat493m__in_rover__seed1414__gpu_full__684c258f__gitc188b320__codebebd8b2d__20260713T043353711900Z,msl_ncam_nlb_613583763edr_f0760568ncam00354m1,test_msl,big_rock,iou,,0,0,224188
dinov3_sat__finetuned__vitl16-sat493m__in_rover__seed1414__gpu_full__684c258f__gitc188b320__codebebd8b2d__20260713T043353711900Z,msl_ncam_nlb_613583763edr_f0760568ncam00354m1,test_msl,ALL,pixel_acc,1.0,0,0,224188
dinov3_sat__finetuned__vitl16-sat493m__in_rover__seed1414__gpu_full__684c258f__gitc188b320__codebebd8b2d__20260713T043353711900Z,msl_ncam_nlb_613583763edr_f0760568ncam00354m1,test_msl,ALL,boundary_f1,1.0,0,0,224188
dinov3_sat__finetuned__vitl16-sat493m__in_rover__seed1414__gpu_full__684c258f__gitc188b320__codebebd8b2d__20260713T043353711900Z,msl_ncam_nlb_613583877edr_f0760568ncam00354m1,test_msl,soil,iou,1.0,156354,156354,156354
dinov3_sat__finetuned__vitl16-sat493m__in_rover__seed1414__gpu_full__684c258f__gitc188b320__codebebd8b2d__20260713T043353711900Z,msl_ncam_nlb_613583877edr_f0760568ncam00354m1,test_msl,bedrock,iou,,0,0,156354
dinov3_sat__finetuned__vitl16-sat493m__in_rover__seed1414__gpu_full__684c258f__gitc188b320__codebebd8b2d__20260713T043353711900Z,msl_ncam_nlb_613583877edr_f0760568ncam00354m1,test_msl,sand,iou,,0,0,156354
dinov3_sat__finetuned__vitl16-sat493m__in_rover__seed1414__gpu_full__684c258f__gitc188b320__codebebd8b2d__20260713T043353711900Z,msl_ncam_nlb_613583877edr_f0760568ncam00354m1,test_msl,big_rock,iou,,0,0,156354
dinov3_sat__finetuned__vitl16-sat493m__in_rover__seed1414__gpu_full__684c258f__gitc188b320__codebebd8b2d__20260713T043353711900Z,msl_ncam_nlb_613583877edr_f0760568ncam00354m1,test_msl,ALL,pixel_acc,1.0,0,0,156354
dinov3_sat__finetuned__vitl16-sat493m__in_rover__seed1414__gpu_full__684c258f__gitc188b320__codebebd8b2d__20260713T043353711900Z,msl_ncam_nlb_613583877edr_f0760568ncam00354m1,test_msl,ALL,boundary_f1,1.0,0,0,156354
dinov3_sat__finetuned__vitl16-sat493m__in_rover__seed1414__gpu_full__684c258f__gitc188b320__codebebd8b2d__20260713T043353711900Z,msl_ncam_nlb_613584057edr_f0760568ncam00281m1,test_msl,soil,iou,1.0,150118,150118,150118
dinov3_sat__finetuned__vitl16-sat493m__in_rover__seed1414__gpu_full__684c258f__gitc188b320__codebebd8b2d__20260713T043353711900Z,msl_ncam_nlb_613584057edr_f0760568ncam00281m1,test_msl,bedrock,iou,,0,0,150118
dinov3_sat__finetuned__vitl16-sat493m__in_rover__seed1414__gpu_full__684c258f__gitc188b320__codebebd8b2d__20260713T043353711900Z,msl_ncam_nlb_613584057edr_f0760568ncam00281m1,test_msl,sand,iou,,0,0,150118
dinov3_sat__finetuned__vitl16-sat493m__in_rover__seed1414__gpu_full__684c258f__gitc188b320__codebebd8b2d__20260713T043353711900Z,msl_ncam_nlb_613584057edr_f0760568ncam00281m1,test_msl,big_rock,iou,,0,0,150118
dinov3_sat__finetuned__vitl16-sat493m__in_rover__seed1414__gpu_full__684c258f__gitc188b320__codebebd8b2d__20260713T043353711900Z,msl_ncam_nlb_613584057edr_f0760568ncam00281m1,test_msl,ALL,pixel_acc,1.0,0,0,150118
dinov3_sat__finetuned__vitl16-sat493m__in_rover__seed1414__gpu_full__684c258f__gitc188b320__codebebd8b2d__20260713T043353711900Z,msl_ncam_nlb_613584057edr_f0760568ncam00281m1,test_msl,ALL,boundary_f1,1.0,0,0,150118
dinov3_sat__finetuned__vitl16-sat493m__in_rover__seed1414__gpu_full__684c258f__gitc188b320__codebebd8b2d__20260713T043353711900Z,msl_ncam_nlb_613584326edr_f0760568ncam00281m1,test_msl,soil,iou,0.8560948506422571,90907,106188,107819
dinov3_sat__finetuned__vitl16-sat493m__in_rover__seed1414__gpu_full__684c258f__gitc188b320__codebebd8b2d__20260713T043353711900Z,msl_ncam_nlb_613584326edr_f0760568ncam00281m1,test_msl,bedrock,iou,,0,0,107819
dinov3_sat__finetuned__vitl16-sat493m__in_rover__seed1414__gpu_full__684c258f__gitc188b320__codebebd8b2d__20260713T043353711900Z,msl_ncam_nlb_613584326edr_f0760568ncam00281m1,test_msl,sand,iou,0.09644039735099338,1631,16912,107819
dinov3_sat__finetuned__vitl16-sat493m__in_rover__seed1414__gpu_full__684c258f__gitc188b320__codebebd8b2d__20260713T043353711900Z,msl_ncam_nlb_613584326edr_f0760568ncam00281m1,test_msl,big_rock,iou,,0,0,107819
dinov3_sat__finetuned__vitl16-sat493m__in_rover__seed1414__gpu_full__684c258f__gitc188b320__codebebd8b2d__20260713T043353711900Z,msl_ncam_nlb_613584326edr_f0760568ncam00281m1,test_msl,ALL,pixel_acc,0.8582717331824632,0,0,107819
dinov3_sat__finetuned__vitl16-sat493m__in_rover__seed1414__gpu_full__684c258f__gitc188b320__codebebd8b2d__20260713T043353711900Z,msl_ncam_nlb_613584326edr_f0760568ncam00281m1,test_msl,ALL,boundary_f1,0.4473335441173333,0,0,107819
