run_id,name,split,scope,metric,value,inter,union,n_valid
unet__scratch__resnet34__in_rover__seed1416__gpu_full__57fe1694__gitc2c2860f__codebebd8b2d__20260715T233432076608Z,msl_ncam_nla_409036068edr_f0051606ncam00348m1,test_msl,soil,iou,,0,0,0
unet__scratch__resnet34__in_rover__seed1416__gpu_full__57fe1694__gitc2c2860f__codebebd8b2d__20260715T233432076608Z,msl_ncam_nla_409036068edr_f0051606ncam00348m1,test_msl,bedrock,iou,,0,0,0
unet__scratch__resnet34__in_rover__seed1416__gpu_full__57fe1694__gitc2c2860f__codebebd8b2d__20260715T233432076608Z,msl_ncam_nla_409036068edr_f0051606ncam00348m1,test_msl,sand,iou,,0,0,0
unet__scratch__resnet34__in_rover__seed1416__gpu_full__57fe1694__gitc2c2860f__codebebd8b2d__20260715T233432076608Z,msl_ncam_nla_409036068edr_f0051606ncam00348m1,test_msl,big_rock,iou,,0,0,0
unet__scratch__resnet34__in_rover__seed1416__gpu_full__57fe1694__gitc2c2860f__codebebd8b2d__20260715T233432076608Z,msl_ncam_nla_409036068edr_f0051606ncam00348m1,test_msl,ALL,pixel_acc,,0,0,0
unet__scratch__resnet34__in_rover__seed1416__gpu_full__57fe1694__gitc2c2860f__codebebd8b2d__20260715T233432076608Z,msl_ncam_nla_409036068edr_f0051606ncam00348m1,test_msl,ALL,boundary_f1,,0,0,0
unet__scratch__resnet34__in_rover__seed1416__gpu_full__57fe1694__gitc2c2860f__codebebd8b2d__20260715T233432076608Z,msl_ncam_nla_409036116edr_f0051606ncam00348m1,test_msl,soil,iou,0.0,0,4482,123986
unet__scratch__resnet34__in_rover__seed1416__gpu_full__57fe1694__gitc2c2860f__codebebd8b2d__20260715T233432076608Z,msl_ncam_nla_409036116edr_f0051606ncam00348m1,test_msl,bedrock,iou,0.9638507573435711,119504,123986,123986
unet__scratch__resnet34__in_rover__seed1416__gpu_full__57fe1694__gitc2c2860f__codebebd8b2d__20260715T233432076608Z,msl_ncam_nla_409036116edr_f0051606ncam00348m1,test_msl,sand,iou,,0,0,123986
unet__scratch__resnet34__in_rover__seed1416__gpu_full__57fe1694__gitc2c2860f__codebebd8b2d__20260715T233432076608Z,msl_ncam_nla_409036116edr_f0051606ncam00348m1,test_msl,big_rock,iou,,0,0,123986
unet__scratch__resnet34__in_rover__seed1416__gpu_full__57fe1694__gitc2c2860f__codebebd8b2d__20260715T233432076608Z,msl_ncam_nla_409036116edr_f0051606ncam00348m1,test_msl,ALL,pixel_acc,0.9638507573435711,0,0,123986
unet__scratch__resnet34__in_rover__seed1416__gpu_full__57fe1694__gitc2c2860f__codebebd8b2d__20260715T233432076608Z,msl_ncam_nla_409036116edr_f0051606ncam00348m1,test_msl,ALL,boundary_f1,0.4829444720232608,0,0,123986
unet__scratch__resnet34__in_rover__seed1416__gpu_full__57fe1694__gitc2c2860f__codebebd8b2d__20260715T233432076608Z,msl_ncam_nla_409036860edr_f0051662ncam00346m1,test_msl,soil,iou,0.6261750701989989,5129,8191,22748
unet__scratch__resnet34__in_rover__seed1416__gpu_full__57fe1694__gitc2c2860f__codebebd8b2d__20260715T233432076608Z,msl_ncam_nla_409036860edr_f0051662ncam00346m1,test_msl,bedrock,iou,0.9615952732644018,13020,13540,22748
unet__scratch__resnet34__in_rover__seed1416__gpu_full__57fe1694__gitc2c2860f__codebebd8b2d__20260715T233432076608Z,msl_ncam_nla_409036860edr_f0051662ncam00346m1,test_msl,sand,iou,0.21526646497556434,925,4297,22748
unet__scratch__resnet34__in_rover__seed1416__gpu_full__57fe1694__gitc2c2860f__codebebd8b2d__20260715T233432076608Z,msl_ncam_nla_409036860edr_f0051662ncam00346m1,test_msl,big_rock,iou,0.0,0,394,22748
unet__scratch__resnet34__in_rover__seed1416__gpu_full__57fe1694__gitc2c2860f__codebebd8b2d__20260715T233432076608Z,msl_ncam_nla_409036860edr_f0051662ncam00346m1,test_msl,ALL,pixel_acc,0.8384912959381045,0,0,22748
unet__scratch__resnet34__in_rover__seed1416__gpu_full__57fe1694__gitc2c2860f__codebebd8b2d__20260715T233432076608Z,msl_ncam_nla_409036860edr_f0051662ncam00346m1,test_msl,ALL,boundary_f1,0.4805153516186826,0,0,22748
unet__scratch__resnet34__in_rover__seed1416__gpu_full__57fe1694__gitc2c2860f__codebebd8b2d__20260715T233432076608Z,msl_ncam_nla_409036993edr_f0051662ncam05703m1,test_msl,soil,iou,,0,0,36839
unet__scratch__resnet34__in_rover__seed1416__gpu_full__57fe1694__gitc2c2860f__codebebd8b2d__20260715T233432076608Z,msl_ncam_nla_409036993edr_f0051662ncam05703m1,test_msl,bedrock,iou,0.9998099839843644,36832,36839,36839
unet__scratch__resnet34__in_rover__seed1416__gpu_full__57fe1694__gitc2c2860f__codebebd8b2d__20260715T233432076608Z,msl_ncam_nla_409036993edr_f0051662ncam05703m1,test_msl,sand,iou,,0,0,36839
unet__scratch__resnet34__in_rover__seed1416__gpu_full__57fe1694__gitc2c2860f__codebebd8b2d__20260715T233432076608Z,msl_ncam_nla_409036993edr_f0051662ncam05703m1,test_msl,big_rock,iou,0.0,0,7,36839
unet__scratch__resnet34__in_rover__seed1416__gpu_full__57fe1694__gitc2c2860f__codebebd8b2d__20260715T233432076608Z,msl_ncam_nla_409036993edr_f0051662ncam05703m1,test_msl,ALL,pixel_acc,0.9998099839843644,0,0,36839
unet__scratch__resnet34__in_rover__seed1416__gpu_full__57fe1694__gitc2c2860f__codebebd8b2d__20260715T233432076608Z,msl_ncam_nla_409036993edr_f0051662ncam05703m1,test_msl,ALL,boundary_f1,0.5,0,0,36839
unet__scratch__resnet34__in_rover__seed1416__gpu_full__57fe1694__gitc2c2860f__codebebd8b2d__20260715T233432076608Z,msl_ncam_nla_409037112edr_f0051662ncam05703m1,test_msl,soil,iou,,0,0,88991
unet__scratch__resnet34__in_rover__seed1416__gpu_full__57fe1694__gitc2c2860f__codebebd8b2d__20260715T233432076608Z,msl_ncam_nla_409037112edr_f0051662ncam05703m1,test_msl,bedrock,iou,1.0,88991,88991,88991
unet__scratch__resnet34__in_rover__seed1416__gpu_full__57fe1694__gitc2c2860f__codebebd8b2d__20260715T233432076608Z,msl_ncam_nla_409037112edr_f0051662ncam05703m1,test_msl,sand,iou,,0,0,88991
unet__scratch__resnet34__in_rover__seed1416__gpu_full__57fe1694__gitc2c2860f__codebebd8b2d__20260715T233432076608Z,msl_ncam_nla_409037112edr_f0051662ncam05703m1,test_msl,big_rock,iou,,0,0,88991
unet__scratch__resnet34__in_rover__seed1416__gpu_full__57fe1694__gitc2c2860f__codebebd8b2d__20260715T233432076608Z,msl_ncam_nla_409037112edr_f0051662ncam05703m1,test_msl,ALL,pixel_acc,1.0,0,0,88991
unet__scratch__resnet34__in_rover__seed1416__gpu_full__57fe1694__gitc2c2860f__codebebd8b2d__20260715T233432076608Z,msl_ncam_nla_409037112edr_f0051662ncam05703m1,test_msl,ALL,boundary_f1,1.0,0,0,88991
unet__scratch__resnet34__in_rover__seed1416__gpu_full__57fe1694__gitc2c2860f__codebebd8b2d__20260715T233432076608Z,msl_ncam_nla_601414440edr_f0731482ncam00375m1,test_msl,soil,iou,,0,0,0
unet__scratch__resnet34__in_rover__seed1416__gpu_full__57fe1694__gitc2c2860f__codebebd8b2d__20260715T233432076608Z,msl_ncam_nla_601414440edr_f0731482ncam00375m1,test_msl,bedrock,iou,,0,0,0
unet__scratch__resnet34__in_rover__seed1416__gpu_full__57fe1694__gitc2c2860f__codebebd8b2d__20260715T233432076608Z,msl_ncam_nla_601414440edr_f0731482ncam00375m1,test_msl,sand,iou,,0,0,0
unet__scratch__resnet34__in_rover__seed1416__gpu_full__57fe1694__gitc2c2860f__codebebd8b2d__20260715T233432076608Z,msl_ncam_nla_601414440edr_f0731482ncam00375m1,test_msl,big_rock,iou,,0,0,0
unet__scratch__resnet34__in_rover__seed1416__gpu_full__57fe1694__gitc2c2860f__codebebd8b2d__20260715T233432076608Z,msl_ncam_nla_601414440edr_f0731482ncam00375m1,test_msl,ALL,pixel_acc,,0,0,0
unet__scratch__resnet34__in_rover__seed1416__gpu_full__57fe1694__gitc2c2860f__codebebd8b2d__20260715T233432076608Z,msl_ncam_nla_601414440edr_f0731482ncam00375m1,test_msl,ALL,boundary_f1,,0,0,0
unet__scratch__resnet34__in_rover__seed1416__gpu_full__57fe1694__gitc2c2860f__codebebd8b2d__20260715T233432076608Z,msl_ncam_nla_601414568edr_f0731482ncam00253m1,test_msl,soil,iou,1.0,124196,124196,124196
unet__scratch__resnet34__in_rover__seed1416__gpu_full__57fe1694__gitc2c2860f__codebebd8b2d__20260715T233432076608Z,msl_ncam_nla_601414568edr_f0731482ncam00253m1,test_msl,bedrock,iou,,0,0,124196
unet__scratch__resnet34__in_rover__seed1416__gpu_full__57fe1694__gitc2c2860f__codebebd8b2d__20260715T233432076608Z,msl_ncam_nla_601414568edr_f0731482ncam00253m1,test_msl,sand,iou,,0,0,124196
unet__scratch__resnet34__in_rover__seed1416__gpu_full__57fe1694__gitc2c2860f__codebebd8b2d__20260715T233432076608Z,msl_ncam_nla_601414568edr_f0731482ncam00253m1,test_msl,big_rock,iou,,0,0,124196
unet__scratch__resnet34__in_rover__seed1416__gpu_full__57fe1694__gitc2c2860f__codebebd8b2d__20260715T233432076608Z,msl_ncam_nla_601414568edr_f0731482ncam00253m1,test_msl,ALL,pixel_acc,1.0,0,0,124196
unet__scratch__resnet34__in_rover__seed1416__gpu_full__57fe1694__gitc2c2860f__codebebd8b2d__20260715T233432076608Z,msl_ncam_nla_601414568edr_f0731482ncam00253m1,test_msl,ALL,boundary_f1,1.0,0,0,124196
unet__scratch__resnet34__in_rover__seed1416__gpu_full__57fe1694__gitc2c2860f__codebebd8b2d__20260715T233432076608Z,msl_ncam_nla_601414993edr_f0731482ncam00254m1,test_msl,soil,iou,0.6835996407814697,80688,118034,118034
unet__scratch__resnet34__in_rover__seed1416__gpu_full__57fe1694__gitc2c2860f__codebebd8b2d__20260715T233432076608Z,msl_ncam_nla_601414993edr_f0731482ncam00254m1,test_msl,bedrock,iou,0.0,0,37346,118034
unet__scratch__resnet34__in_rover__seed1416__gpu_full__57fe1694__gitc2c2860f__codebebd8b2d__20260715T233432076608Z,msl_ncam_nla_601414993edr_f0731482ncam00254m1,test_msl,sand,iou,,0,0,118034
unet__scratch__resnet34__in_rover__seed1416__gpu_full__57fe1694__gitc2c2860f__codebebd8b2d__20260715T233432076608Z,msl_ncam_nla_601414993edr_f0731482ncam00254m1,test_msl,big_rock,iou,,0,0,118034
unet__scratch__resnet34__in_rover__seed1416__gpu_full__57fe1694__gitc2c2860f__codebebd8b2d__20260715T233432076608Z,msl_ncam_nla_601414993edr_f0731482ncam00254m1,test_msl,ALL,pixel_acc,0.6835996407814697,0,0,118034
unet__scratch__resnet34__in_rover__seed1416__gpu_full__57fe1694__gitc2c2860f__codebebd8b2d__20260715T233432076608Z,msl_ncam_nla_601414993edr_f0731482ncam00254m1,test_msl,ALL,boundary_f1,0.41025641025641024,0,0,118034
unet__scratch__resnet34__in_rover__seed1416__gpu_full__57fe1694__gitc2c2860f__codebebd8b2d__20260715T233432076608Z,msl_ncam_nla_601415225edr_f0731482ncam00254m1,test_msl,soil,iou,1.0,84983,84983,84983
unet__scratch__resnet34__in_rover__seed1416__gpu_full__57fe1694__gitc2c2860f__codebebd8b2d__20260715T233432076608Z,msl_ncam_nla_601415225edr_f0731482ncam00254m1,test_msl,bedrock,iou,,0,0,84983
unet__scratch__resnet34__in_rover__seed1416__gpu_full__57fe1694__gitc2c2860f__codebebd8b2d__20260715T233432076608Z,msl_ncam_nla_601415225edr_f0731482ncam00254m1,test_msl,sand,iou,,0,0,84983
unet__scratch__resnet34__in_rover__seed1416__gpu_full__57fe1694__gitc2c2860f__codebebd8b2d__20260715T233432076608Z,msl_ncam_nla_601415225edr_f0731482ncam00254m1,test_msl,big_rock,iou,,0,0,84983
unet__scratch__resnet34__in_rover__seed1416__gpu_full__57fe1694__gitc2c2860f__codebebd8b2d__20260715T233432076608Z,msl_ncam_nla_601415225edr_f0731482ncam00254m1,test_msl,ALL,pixel_acc,1.0,0,0,84983
unet__scratch__resnet34__in_rover__seed1416__gpu_full__57fe1694__gitc2c2860f__codebebd8b2d__20260715T233432076608Z,msl_ncam_nla_601415225edr_f0731482ncam00254m1,test_msl,ALL,boundary_f1,1.0,0,0,84983
unet__scratch__resnet34__in_rover__seed1416__gpu_full__57fe1694__gitc2c2860f__codebebd8b2d__20260715T233432076608Z,msl_ncam_nla_601421002edr_f0731482ccam05295m1,test_msl,soil,iou,1.0,146635,146635,146635
unet__scratch__resnet34__in_rover__seed1416__gpu_full__57fe1694__gitc2c2860f__codebebd8b2d__20260715T233432076608Z,msl_ncam_nla_601421002edr_f0731482ccam05295m1,test_msl,bedrock,iou,,0,0,146635
unet__scratch__resnet34__in_rover__seed1416__gpu_full__57fe1694__gitc2c2860f__codebebd8b2d__20260715T233432076608Z,msl_ncam_nla_601421002edr_f0731482ccam05295m1,test_msl,sand,iou,,0,0,146635
unet__scratch__resnet34__in_rover__seed1416__gpu_full__57fe1694__gitc2c2860f__codebebd8b2d__20260715T233432076608Z,msl_ncam_nla_601421002edr_f0731482ccam05295m1,test_msl,big_rock,iou,,0,0,146635
unet__scratch__resnet34__in_rover__seed1416__gpu_full__57fe1694__gitc2c2860f__codebebd8b2d__20260715T233432076608Z,msl_ncam_nla_601421002edr_f0731482ccam05295m1,test_msl,ALL,pixel_acc,1.0,0,0,146635
unet__scratch__resnet34__in_rover__seed1416__gpu_full__57fe1694__gitc2c2860f__codebebd8b2d__20260715T233432076608Z,msl_ncam_nla_601421002edr_f0731482ccam05295m1,test_msl,ALL,boundary_f1,1.0,0,0,146635
unet__scratch__resnet34__in_rover__seed1416__gpu_full__57fe1694__gitc2c2860f__codebebd8b2d__20260715T233432076608Z,msl_ncam_nla_602651352edr_f0732676ncam00207m1,test_msl,soil,iou,1.0,115704,115704,115704
unet__scratch__resnet34__in_rover__seed1416__gpu_full__57fe1694__gitc2c2860f__codebebd8b2d__20260715T233432076608Z,msl_ncam_nla_602651352edr_f0732676ncam00207m1,test_msl,bedrock,iou,,0,0,115704
unet__scratch__resnet34__in_rover__seed1416__gpu_full__57fe1694__gitc2c2860f__codebebd8b2d__20260715T233432076608Z,msl_ncam_nla_602651352edr_f0732676ncam00207m1,test_msl,sand,iou,,0,0,115704
unet__scratch__resnet34__in_rover__seed1416__gpu_full__57fe1694__gitc2c2860f__codebebd8b2d__20260715T233432076608Z,msl_ncam_nla_602651352edr_f0732676ncam00207m1,test_msl,big_rock,iou,,0,0,115704
unet__scratch__resnet34__in_rover__seed1416__gpu_full__57fe1694__gitc2c2860f__codebebd8b2d__20260715T233432076608Z,msl_ncam_nla_602651352edr_f0732676ncam00207m1,test_msl,ALL,pixel_acc,1.0,0,0,115704
unet__scratch__resnet34__in_rover__seed1416__gpu_full__57fe1694__gitc2c2860f__codebebd8b2d__20260715T233432076608Z,msl_ncam_nla_602651352edr_f0732676ncam00207m1,test_msl,ALL,boundary_f1,1.0,0,0,115704
unet__scratch__resnet34__in_rover__seed1416__gpu_full__57fe1694__gitc2c2860f__codebebd8b2d__20260715T233432076608Z,msl_ncam_nla_602657189edr_f0732688ncam00382m1,test_msl,soil,iou,1.0,113944,113944,113944
unet__scratch__resnet34__in_rover__seed1416__gpu_full__57fe1694__gitc2c2860f__codebebd8b2d__20260715T233432076608Z,msl_ncam_nla_602657189edr_f0732688ncam00382m1,test_msl,bedrock,iou,,0,0,113944
unet__scratch__resnet34__in_rover__seed1416__gpu_full__57fe1694__gitc2c2860f__codebebd8b2d__20260715T233432076608Z,msl_ncam_nla_602657189edr_f0732688ncam00382m1,test_msl,sand,iou,,0,0,113944
unet__scratch__resnet34__in_rover__seed1416__gpu_full__57fe1694__gitc2c2860f__codebebd8b2d__20260715T233432076608Z,msl_ncam_nla_602657189edr_f0732688ncam00382m1,test_msl,big_rock,iou,,0,0,113944
unet__scratch__resnet34__in_rover__seed1416__gpu_full__57fe1694__gitc2c2860f__codebebd8b2d__20260715T233432076608Z,msl_ncam_nla_602657189edr_f0732688ncam00382m1,test_msl,ALL,pixel_acc,1.0,0,0,113944
unet__scratch__resnet34__in_rover__seed1416__gpu_full__57fe1694__gitc2c2860f__codebebd8b2d__20260715T233432076608Z,msl_ncam_nla_602657189edr_f0732688ncam00382m1,test_msl,ALL,boundary_f1,1.0,0,0,113944
unet__scratch__resnet34__in_rover__seed1416__gpu_full__57fe1694__gitc2c2860f__codebebd8b2d__20260715T233432076608Z,msl_ncam_nla_602664101edr_f0732958ncam00375m1,test_msl,soil,iou,1.0,167623,167623,167623
unet__scratch__resnet34__in_rover__seed1416__gpu_full__57fe1694__gitc2c2860f__codebebd8b2d__20260715T233432076608Z,msl_ncam_nla_602664101edr_f0732958ncam00375m1,test_msl,bedrock,iou,,0,0,167623
unet__scratch__resnet34__in_rover__seed1416__gpu_full__57fe1694__gitc2c2860f__codebebd8b2d__20260715T233432076608Z,msl_ncam_nla_602664101edr_f0732958ncam00375m1,test_msl,sand,iou,,0,0,167623
unet__scratch__resnet34__in_rover__seed1416__gpu_full__57fe1694__gitc2c2860f__codebebd8b2d__20260715T233432076608Z,msl_ncam_nla_602664101edr_f0732958ncam00375m1,test_msl,big_rock,iou,,0,0,167623
unet__scratch__resnet34__in_rover__seed1416__gpu_full__57fe1694__gitc2c2860f__codebebd8b2d__20260715T233432076608Z,msl_ncam_nla_602664101edr_f0732958ncam00375m1,test_msl,ALL,pixel_acc,1.0,0,0,167623
unet__scratch__resnet34__in_rover__seed1416__gpu_full__57fe1694__gitc2c2860f__codebebd8b2d__20260715T233432076608Z,msl_ncam_nla_602664101edr_f0732958ncam00375m1,test_msl,ALL,boundary_f1,1.0,0,0,167623
unet__scratch__resnet34__in_rover__seed1416__gpu_full__57fe1694__gitc2c2860f__codebebd8b2d__20260715T233432076608Z,msl_ncam_nla_602664178edr_f0732958ncam00271m1,test_msl,soil,iou,1.0,81139,81139,81139
unet__scratch__resnet34__in_rover__seed1416__gpu_full__57fe1694__gitc2c2860f__codebebd8b2d__20260715T233432076608Z,msl_ncam_nla_602664178edr_f0732958ncam00271m1,test_msl,bedrock,iou,,0,0,81139
unet__scratch__resnet34__in_rover__seed1416__gpu_full__57fe1694__gitc2c2860f__codebebd8b2d__20260715T233432076608Z,msl_ncam_nla_602664178edr_f0732958ncam00271m1,test_msl,sand,iou,,0,0,81139
unet__scratch__resnet34__in_rover__seed1416__gpu_full__57fe1694__gitc2c2860f__codebebd8b2d__20260715T233432076608Z,msl_ncam_nla_602664178edr_f0732958ncam00271m1,test_msl,big_rock,iou,,0,0,81139
unet__scratch__resnet34__in_rover__seed1416__gpu_full__57fe1694__gitc2c2860f__codebebd8b2d__20260715T233432076608Z,msl_ncam_nla_602664178edr_f0732958ncam00271m1,test_msl,ALL,pixel_acc,1.0,0,0,81139
unet__scratch__resnet34__in_rover__seed1416__gpu_full__57fe1694__gitc2c2860f__codebebd8b2d__20260715T233432076608Z,msl_ncam_nla_602664178edr_f0732958ncam00271m1,test_msl,ALL,boundary_f1,1.0,0,0,81139
unet__scratch__resnet34__in_rover__seed1416__gpu_full__57fe1694__gitc2c2860f__codebebd8b2d__20260715T233432076608Z,msl_ncam_nla_602664242edr_f0732958ncam00271m1,test_msl,soil,iou,1.0,137437,137437,137437
unet__scratch__resnet34__in_rover__seed1416__gpu_full__57fe1694__gitc2c2860f__codebebd8b2d__20260715T233432076608Z,msl_ncam_nla_602664242edr_f0732958ncam00271m1,test_msl,bedrock,iou,,0,0,137437
unet__scratch__resnet34__in_rover__seed1416__gpu_full__57fe1694__gitc2c2860f__codebebd8b2d__20260715T233432076608Z,msl_ncam_nla_602664242edr_f0732958ncam00271m1,test_msl,sand,iou,,0,0,137437
unet__scratch__resnet34__in_rover__seed1416__gpu_full__57fe1694__gitc2c2860f__codebebd8b2d__20260715T233432076608Z,msl_ncam_nla_602664242edr_f0732958ncam00271m1,test_msl,big_rock,iou,,0,0,137437
unet__scratch__resnet34__in_rover__seed1416__gpu_full__57fe1694__gitc2c2860f__codebebd8b2d__20260715T233432076608Z,msl_ncam_nla_602664242edr_f0732958ncam00271m1,test_msl,ALL,pixel_acc,1.0,0,0,137437
unet__scratch__resnet34__in_rover__seed1416__gpu_full__57fe1694__gitc2c2860f__codebebd8b2d__20260715T233432076608Z,msl_ncam_nla_602664242edr_f0732958ncam00271m1,test_msl,ALL,boundary_f1,1.0,0,0,137437
unet__scratch__resnet34__in_rover__seed1416__gpu_full__57fe1694__gitc2c2860f__codebebd8b2d__20260715T233432076608Z,msl_ncam_nla_602664684edr_f0732958ncam00312m1,test_msl,soil,iou,1.0,236351,236351,236351
unet__scratch__resnet34__in_rover__seed1416__gpu_full__57fe1694__gitc2c2860f__codebebd8b2d__20260715T233432076608Z,msl_ncam_nla_602664684edr_f0732958ncam00312m1,test_msl,bedrock,iou,,0,0,236351
unet__scratch__resnet34__in_rover__seed1416__gpu_full__57fe1694__gitc2c2860f__codebebd8b2d__20260715T233432076608Z,msl_ncam_nla_602664684edr_f0732958ncam00312m1,test_msl,sand,iou,,0,0,236351
unet__scratch__resnet34__in_rover__seed1416__gpu_full__57fe1694__gitc2c2860f__codebebd8b2d__20260715T233432076608Z,msl_ncam_nla_602664684edr_f0732958ncam00312m1,test_msl,big_rock,iou,,0,0,236351
unet__scratch__resnet34__in_rover__seed1416__gpu_full__57fe1694__gitc2c2860f__codebebd8b2d__20260715T233432076608Z,msl_ncam_nla_602664684edr_f0732958ncam00312m1,test_msl,ALL,pixel_acc,1.0,0,0,236351
unet__scratch__resnet34__in_rover__seed1416__gpu_full__57fe1694__gitc2c2860f__codebebd8b2d__20260715T233432076608Z,msl_ncam_nla_602664684edr_f0732958ncam00312m1,test_msl,ALL,boundary_f1,1.0,0,0,236351
unet__scratch__resnet34__in_rover__seed1416__gpu_full__57fe1694__gitc2c2860f__codebebd8b2d__20260715T233432076608Z,msl_ncam_nla_602664993edr_f0732958ncam00272m1,test_msl,soil,iou,1.0,59718,59718,59718
unet__scratch__resnet34__in_rover__seed1416__gpu_full__57fe1694__gitc2c2860f__codebebd8b2d__20260715T233432076608Z,msl_ncam_nla_602664993edr_f0732958ncam00272m1,test_msl,bedrock,iou,,0,0,59718
unet__scratch__resnet34__in_rover__seed1416__gpu_full__57fe1694__gitc2c2860f__codebebd8b2d__20260715T233432076608Z,msl_ncam_nla_602664993edr_f0732958ncam00272m1,test_msl,sand,iou,,0,0,59718
unet__scratch__resnet34__in_rover__seed1416__gpu_full__57fe1694__gitc2c2860f__codebebd8b2d__20260715T233432076608Z,msl_ncam_nla_602664993edr_f0732958ncam00272m1,test_msl,big_rock,iou,,0,0,59718
unet__scratch__resnet34__in_rover__seed1416__gpu_full__57fe1694__gitc2c2860f__codebebd8b2d__20260715T233432076608Z,msl_ncam_nla_602664993edr_f0732958ncam00272m1,test_msl,ALL,pixel_acc,1.0,0,0,59718
unet__scratch__resnet34__in_rover__seed1416__gpu_full__57fe1694__gitc2c2860f__codebebd8b2d__20260715T233432076608Z,msl_ncam_nla_602664993edr_f0732958ncam00272m1,test_msl,ALL,boundary_f1,1.0,0,0,59718
unet__scratch__resnet34__in_rover__seed1416__gpu_full__57fe1694__gitc2c2860f__codebebd8b2d__20260715T233432076608Z,msl_ncam_nla_602665055edr_f0732958ncam00272m1,test_msl,soil,iou,1.0,83469,83469,83469
unet__scratch__resnet34__in_rover__seed1416__gpu_full__57fe1694__gitc2c2860f__codebebd8b2d__20260715T233432076608Z,msl_ncam_nla_602665055edr_f0732958ncam00272m1,test_msl,bedrock,iou,,0,0,83469
unet__scratch__resnet34__in_rover__seed1416__gpu_full__57fe1694__gitc2c2860f__codebebd8b2d__20260715T233432076608Z,msl_ncam_nla_602665055edr_f0732958ncam00272m1,test_msl,sand,iou,,0,0,83469
unet__scratch__resnet34__in_rover__seed1416__gpu_full__57fe1694__gitc2c2860f__codebebd8b2d__20260715T233432076608Z,msl_ncam_nla_602665055edr_f0732958ncam00272m1,test_msl,big_rock,iou,,0,0,83469
unet__scratch__resnet34__in_rover__seed1416__gpu_full__57fe1694__gitc2c2860f__codebebd8b2d__20260715T233432076608Z,msl_ncam_nla_602665055edr_f0732958ncam00272m1,test_msl,ALL,pixel_acc,1.0,0,0,83469
unet__scratch__resnet34__in_rover__seed1416__gpu_full__57fe1694__gitc2c2860f__codebebd8b2d__20260715T233432076608Z,msl_ncam_nla_602665055edr_f0732958ncam00272m1,test_msl,ALL,boundary_f1,1.0,0,0,83469
unet__scratch__resnet34__in_rover__seed1416__gpu_full__57fe1694__gitc2c2860f__codebebd8b2d__20260715T233432076608Z,msl_ncam_nlb_427501146edr_f0080590ncam00385m1,test_msl,soil,iou,1.0,221229,221229,221229
unet__scratch__resnet34__in_rover__seed1416__gpu_full__57fe1694__gitc2c2860f__codebebd8b2d__20260715T233432076608Z,msl_ncam_nlb_427501146edr_f0080590ncam00385m1,test_msl,bedrock,iou,,0,0,221229
unet__scratch__resnet34__in_rover__seed1416__gpu_full__57fe1694__gitc2c2860f__codebebd8b2d__20260715T233432076608Z,msl_ncam_nlb_427501146edr_f0080590ncam00385m1,test_msl,sand,iou,,0,0,221229
unet__scratch__resnet34__in_rover__seed1416__gpu_full__57fe1694__gitc2c2860f__codebebd8b2d__20260715T233432076608Z,msl_ncam_nlb_427501146edr_f0080590ncam00385m1,test_msl,big_rock,iou,,0,0,221229
unet__scratch__resnet34__in_rover__seed1416__gpu_full__57fe1694__gitc2c2860f__codebebd8b2d__20260715T233432076608Z,msl_ncam_nlb_427501146edr_f0080590ncam00385m1,test_msl,ALL,pixel_acc,1.0,0,0,221229
unet__scratch__resnet34__in_rover__seed1416__gpu_full__57fe1694__gitc2c2860f__codebebd8b2d__20260715T233432076608Z,msl_ncam_nlb_427501146edr_f0080590ncam00385m1,test_msl,ALL,boundary_f1,1.0,0,0,221229
unet__scratch__resnet34__in_rover__seed1416__gpu_full__57fe1694__gitc2c2860f__codebebd8b2d__20260715T233432076608Z,msl_ncam_nlb_427503509edr_f0080610ncam00253m1,test_msl,soil,iou,1.0,91532,91532,91532
unet__scratch__resnet34__in_rover__seed1416__gpu_full__57fe1694__gitc2c2860f__codebebd8b2d__20260715T233432076608Z,msl_ncam_nlb_427503509edr_f0080610ncam00253m1,test_msl,bedrock,iou,,0,0,91532
unet__scratch__resnet34__in_rover__seed1416__gpu_full__57fe1694__gitc2c2860f__codebebd8b2d__20260715T233432076608Z,msl_ncam_nlb_427503509edr_f0080610ncam00253m1,test_msl,sand,iou,,0,0,91532
unet__scratch__resnet34__in_rover__seed1416__gpu_full__57fe1694__gitc2c2860f__codebebd8b2d__20260715T233432076608Z,msl_ncam_nlb_427503509edr_f0080610ncam00253m1,test_msl,big_rock,iou,,0,0,91532
unet__scratch__resnet34__in_rover__seed1416__gpu_full__57fe1694__gitc2c2860f__codebebd8b2d__20260715T233432076608Z,msl_ncam_nlb_427503509edr_f0080610ncam00253m1,test_msl,ALL,pixel_acc,1.0,0,0,91532
unet__scratch__resnet34__in_rover__seed1416__gpu_full__57fe1694__gitc2c2860f__codebebd8b2d__20260715T233432076608Z,msl_ncam_nlb_427503509edr_f0080610ncam00253m1,test_msl,ALL,boundary_f1,1.0,0,0,91532
unet__scratch__resnet34__in_rover__seed1416__gpu_full__57fe1694__gitc2c2860f__codebebd8b2d__20260715T233432076608Z,msl_ncam_nlb_427503571edr_f0080610ncam00253m1,test_msl,soil,iou,1.0,70082,70082,70082
unet__scratch__resnet34__in_rover__seed1416__gpu_full__57fe1694__gitc2c2860f__codebebd8b2d__20260715T233432076608Z,msl_ncam_nlb_427503571edr_f0080610ncam00253m1,test_msl,bedrock,iou,,0,0,70082
unet__scratch__resnet34__in_rover__seed1416__gpu_full__57fe1694__gitc2c2860f__codebebd8b2d__20260715T233432076608Z,msl_ncam_nlb_427503571edr_f0080610ncam00253m1,test_msl,sand,iou,,0,0,70082
unet__scratch__resnet34__in_rover__seed1416__gpu_full__57fe1694__gitc2c2860f__codebebd8b2d__20260715T233432076608Z,msl_ncam_nlb_427503571edr_f0080610ncam00253m1,test_msl,big_rock,iou,,0,0,70082
unet__scratch__resnet34__in_rover__seed1416__gpu_full__57fe1694__gitc2c2860f__codebebd8b2d__20260715T233432076608Z,msl_ncam_nlb_427503571edr_f0080610ncam00253m1,test_msl,ALL,pixel_acc,1.0,0,0,70082
unet__scratch__resnet34__in_rover__seed1416__gpu_full__57fe1694__gitc2c2860f__codebebd8b2d__20260715T233432076608Z,msl_ncam_nlb_427503571edr_f0080610ncam00253m1,test_msl,ALL,boundary_f1,1.0,0,0,70082
unet__scratch__resnet34__in_rover__seed1416__gpu_full__57fe1694__gitc2c2860f__codebebd8b2d__20260715T233432076608Z,msl_ncam_nlb_428295522edr_f0100474ncam00385m1,test_msl,soil,iou,1.0,233287,233287,233287
unet__scratch__resnet34__in_rover__seed1416__gpu_full__57fe1694__gitc2c2860f__codebebd8b2d__20260715T233432076608Z,msl_ncam_nlb_428295522edr_f0100474ncam00385m1,test_msl,bedrock,iou,,0,0,233287
unet__scratch__resnet34__in_rover__seed1416__gpu_full__57fe1694__gitc2c2860f__codebebd8b2d__20260715T233432076608Z,msl_ncam_nlb_428295522edr_f0100474ncam00385m1,test_msl,sand,iou,,0,0,233287
unet__scratch__resnet34__in_rover__seed1416__gpu_full__57fe1694__gitc2c2860f__codebebd8b2d__20260715T233432076608Z,msl_ncam_nlb_428295522edr_f0100474ncam00385m1,test_msl,big_rock,iou,,0,0,233287
unet__scratch__resnet34__in_rover__seed1416__gpu_full__57fe1694__gitc2c2860f__codebebd8b2d__20260715T233432076608Z,msl_ncam_nlb_428295522edr_f0100474ncam00385m1,test_msl,ALL,pixel_acc,1.0,0,0,233287
unet__scratch__resnet34__in_rover__seed1416__gpu_full__57fe1694__gitc2c2860f__codebebd8b2d__20260715T233432076608Z,msl_ncam_nlb_428295522edr_f0100474ncam00385m1,test_msl,ALL,boundary_f1,1.0,0,0,233287
unet__scratch__resnet34__in_rover__seed1416__gpu_full__57fe1694__gitc2c2860f__codebebd8b2d__20260715T233432076608Z,msl_ncam_nlb_428304492edr_f0100508ncam05114m1,test_msl,soil,iou,1.0,88012,88012,88012
unet__scratch__resnet34__in_rover__seed1416__gpu_full__57fe1694__gitc2c2860f__codebebd8b2d__20260715T233432076608Z,msl_ncam_nlb_428304492edr_f0100508ncam05114m1,test_msl,bedrock,iou,,0,0,88012
unet__scratch__resnet34__in_rover__seed1416__gpu_full__57fe1694__gitc2c2860f__codebebd8b2d__20260715T233432076608Z,msl_ncam_nlb_428304492edr_f0100508ncam05114m1,test_msl,sand,iou,,0,0,88012
unet__scratch__resnet34__in_rover__seed1416__gpu_full__57fe1694__gitc2c2860f__codebebd8b2d__20260715T233432076608Z,msl_ncam_nlb_428304492edr_f0100508ncam05114m1,test_msl,big_rock,iou,,0,0,88012
unet__scratch__resnet34__in_rover__seed1416__gpu_full__57fe1694__gitc2c2860f__codebebd8b2d__20260715T233432076608Z,msl_ncam_nlb_428304492edr_f0100508ncam05114m1,test_msl,ALL,pixel_acc,1.0,0,0,88012
unet__scratch__resnet34__in_rover__seed1416__gpu_full__57fe1694__gitc2c2860f__codebebd8b2d__20260715T233432076608Z,msl_ncam_nlb_428304492edr_f0100508ncam05114m1,test_msl,ALL,boundary_f1,1.0,0,0,88012
unet__scratch__resnet34__in_rover__seed1416__gpu_full__57fe1694__gitc2c2860f__codebebd8b2d__20260715T233432076608Z,msl_ncam_nlb_428304547edr_f0100508ncam05114m1,test_msl,soil,iou,,0,0,0
unet__scratch__resnet34__in_rover__seed1416__gpu_full__57fe1694__gitc2c2860f__codebebd8b2d__20260715T233432076608Z,msl_ncam_nlb_428304547edr_f0100508ncam05114m1,test_msl,bedrock,iou,,0,0,0
unet__scratch__resnet34__in_rover__seed1416__gpu_full__57fe1694__gitc2c2860f__codebebd8b2d__20260715T233432076608Z,msl_ncam_nlb_428304547edr_f0100508ncam05114m1,test_msl,sand,iou,,0,0,0
unet__scratch__resnet34__in_rover__seed1416__gpu_full__57fe1694__gitc2c2860f__codebebd8b2d__20260715T233432076608Z,msl_ncam_nlb_428304547edr_f0100508ncam05114m1,test_msl,big_rock,iou,,0,0,0
unet__scratch__resnet34__in_rover__seed1416__gpu_full__57fe1694__gitc2c2860f__codebebd8b2d__20260715T233432076608Z,msl_ncam_nlb_428304547edr_f0100508ncam05114m1,test_msl,ALL,pixel_acc,,0,0,0
unet__scratch__resnet34__in_rover__seed1416__gpu_full__57fe1694__gitc2c2860f__codebebd8b2d__20260715T233432076608Z,msl_ncam_nlb_428304547edr_f0100508ncam05114m1,test_msl,ALL,boundary_f1,,0,0,0
unet__scratch__resnet34__in_rover__seed1416__gpu_full__57fe1694__gitc2c2860f__codebebd8b2d__20260715T233432076608Z,msl_ncam_nlb_428304609edr_f0100508ncam05114m1,test_msl,soil,iou,1.0,179511,179511,181034
unet__scratch__resnet34__in_rover__seed1416__gpu_full__57fe1694__gitc2c2860f__codebebd8b2d__20260715T233432076608Z,msl_ncam_nlb_428304609edr_f0100508ncam05114m1,test_msl,bedrock,iou,,0,0,181034
unet__scratch__resnet34__in_rover__seed1416__gpu_full__57fe1694__gitc2c2860f__codebebd8b2d__20260715T233432076608Z,msl_ncam_nlb_428304609edr_f0100508ncam05114m1,test_msl,sand,iou,,0,0,181034
unet__scratch__resnet34__in_rover__seed1416__gpu_full__57fe1694__gitc2c2860f__codebebd8b2d__20260715T233432076608Z,msl_ncam_nlb_428304609edr_f0100508ncam05114m1,test_msl,big_rock,iou,1.0,1523,1523,181034
unet__scratch__resnet34__in_rover__seed1416__gpu_full__57fe1694__gitc2c2860f__codebebd8b2d__20260715T233432076608Z,msl_ncam_nlb_428304609edr_f0100508ncam05114m1,test_msl,ALL,pixel_acc,1.0,0,0,181034
unet__scratch__resnet34__in_rover__seed1416__gpu_full__57fe1694__gitc2c2860f__codebebd8b2d__20260715T233432076608Z,msl_ncam_nlb_428304609edr_f0100508ncam05114m1,test_msl,ALL,boundary_f1,1.0,0,0,181034
unet__scratch__resnet34__in_rover__seed1416__gpu_full__57fe1694__gitc2c2860f__codebebd8b2d__20260715T233432076608Z,msl_ncam_nlb_431505395edr_f0141388ncam00385m1,test_msl,soil,iou,1.0,184315,184315,184315
unet__scratch__resnet34__in_rover__seed1416__gpu_full__57fe1694__gitc2c2860f__codebebd8b2d__20260715T233432076608Z,msl_ncam_nlb_431505395edr_f0141388ncam00385m1,test_msl,bedrock,iou,,0,0,184315
unet__scratch__resnet34__in_rover__seed1416__gpu_full__57fe1694__gitc2c2860f__codebebd8b2d__20260715T233432076608Z,msl_ncam_nlb_431505395edr_f0141388ncam00385m1,test_msl,sand,iou,,0,0,184315
unet__scratch__resnet34__in_rover__seed1416__gpu_full__57fe1694__gitc2c2860f__codebebd8b2d__20260715T233432076608Z,msl_ncam_nlb_431505395edr_f0141388ncam00385m1,test_msl,big_rock,iou,,0,0,184315
unet__scratch__resnet34__in_rover__seed1416__gpu_full__57fe1694__gitc2c2860f__codebebd8b2d__20260715T233432076608Z,msl_ncam_nlb_431505395edr_f0141388ncam00385m1,test_msl,ALL,pixel_acc,1.0,0,0,184315
unet__scratch__resnet34__in_rover__seed1416__gpu_full__57fe1694__gitc2c2860f__codebebd8b2d__20260715T233432076608Z,msl_ncam_nlb_431505395edr_f0141388ncam00385m1,test_msl,ALL,boundary_f1,1.0,0,0,184315
unet__scratch__resnet34__in_rover__seed1416__gpu_full__57fe1694__gitc2c2860f__codebebd8b2d__20260715T233432076608Z,msl_ncam_nlb_431511171edr_f0150000ncam00290m1,test_msl,soil,iou,1.0,93104,93104,93104
unet__scratch__resnet34__in_rover__seed1416__gpu_full__57fe1694__gitc2c2860f__codebebd8b2d__20260715T233432076608Z,msl_ncam_nlb_431511171edr_f0150000ncam00290m1,test_msl,bedrock,iou,,0,0,93104
unet__scratch__resnet34__in_rover__seed1416__gpu_full__57fe1694__gitc2c2860f__codebebd8b2d__20260715T233432076608Z,msl_ncam_nlb_431511171edr_f0150000ncam00290m1,test_msl,sand,iou,,0,0,93104
unet__scratch__resnet34__in_rover__seed1416__gpu_full__57fe1694__gitc2c2860f__codebebd8b2d__20260715T233432076608Z,msl_ncam_nlb_431511171edr_f0150000ncam00290m1,test_msl,big_rock,iou,,0,0,93104
unet__scratch__resnet34__in_rover__seed1416__gpu_full__57fe1694__gitc2c2860f__codebebd8b2d__20260715T233432076608Z,msl_ncam_nlb_431511171edr_f0150000ncam00290m1,test_msl,ALL,pixel_acc,1.0,0,0,93104
unet__scratch__resnet34__in_rover__seed1416__gpu_full__57fe1694__gitc2c2860f__codebebd8b2d__20260715T233432076608Z,msl_ncam_nlb_431511171edr_f0150000ncam00290m1,test_msl,ALL,boundary_f1,1.0,0,0,93104
unet__scratch__resnet34__in_rover__seed1416__gpu_full__57fe1694__gitc2c2860f__codebebd8b2d__20260715T233432076608Z,msl_ncam_nlb_431511237edr_f0150000ncam00290m1,test_msl,soil,iou,1.0,137132,137132,137132
unet__scratch__resnet34__in_rover__seed1416__gpu_full__57fe1694__gitc2c2860f__codebebd8b2d__20260715T233432076608Z,msl_ncam_nlb_431511237edr_f0150000ncam00290m1,test_msl,bedrock,iou,,0,0,137132
unet__scratch__resnet34__in_rover__seed1416__gpu_full__57fe1694__gitc2c2860f__codebebd8b2d__20260715T233432076608Z,msl_ncam_nlb_431511237edr_f0150000ncam00290m1,test_msl,sand,iou,,0,0,137132
unet__scratch__resnet34__in_rover__seed1416__gpu_full__57fe1694__gitc2c2860f__codebebd8b2d__20260715T233432076608Z,msl_ncam_nlb_431511237edr_f0150000ncam00290m1,test_msl,big_rock,iou,,0,0,137132
unet__scratch__resnet34__in_rover__seed1416__gpu_full__57fe1694__gitc2c2860f__codebebd8b2d__20260715T233432076608Z,msl_ncam_nlb_431511237edr_f0150000ncam00290m1,test_msl,ALL,pixel_acc,1.0,0,0,137132
unet__scratch__resnet34__in_rover__seed1416__gpu_full__57fe1694__gitc2c2860f__codebebd8b2d__20260715T233432076608Z,msl_ncam_nlb_431511237edr_f0150000ncam00290m1,test_msl,ALL,boundary_f1,1.0,0,0,137132
unet__scratch__resnet34__in_rover__seed1416__gpu_full__57fe1694__gitc2c2860f__codebebd8b2d__20260715T233432076608Z,msl_ncam_nlb_431511659edr_f0150000ncam00291m1,test_msl,soil,iou,1.0,196725,196725,196725
unet__scratch__resnet34__in_rover__seed1416__gpu_full__57fe1694__gitc2c2860f__codebebd8b2d__20260715T233432076608Z,msl_ncam_nlb_431511659edr_f0150000ncam00291m1,test_msl,bedrock,iou,,0,0,196725
unet__scratch__resnet34__in_rover__seed1416__gpu_full__57fe1694__gitc2c2860f__codebebd8b2d__20260715T233432076608Z,msl_ncam_nlb_431511659edr_f0150000ncam00291m1,test_msl,sand,iou,,0,0,196725
unet__scratch__resnet34__in_rover__seed1416__gpu_full__57fe1694__gitc2c2860f__codebebd8b2d__20260715T233432076608Z,msl_ncam_nlb_431511659edr_f0150000ncam00291m1,test_msl,big_rock,iou,,0,0,196725
unet__scratch__resnet34__in_rover__seed1416__gpu_full__57fe1694__gitc2c2860f__codebebd8b2d__20260715T233432076608Z,msl_ncam_nlb_431511659edr_f0150000ncam00291m1,test_msl,ALL,pixel_acc,1.0,0,0,196725
unet__scratch__resnet34__in_rover__seed1416__gpu_full__57fe1694__gitc2c2860f__codebebd8b2d__20260715T233432076608Z,msl_ncam_nlb_431511659edr_f0150000ncam00291m1,test_msl,ALL,boundary_f1,1.0,0,0,196725
unet__scratch__resnet34__in_rover__seed1416__gpu_full__57fe1694__gitc2c2860f__codebebd8b2d__20260715T233432076608Z,msl_ncam_nlb_431511807edr_f0150000ncam00291m1,test_msl,soil,iou,,0,0,0
unet__scratch__resnet34__in_rover__seed1416__gpu_full__57fe1694__gitc2c2860f__codebebd8b2d__20260715T233432076608Z,msl_ncam_nlb_431511807edr_f0150000ncam00291m1,test_msl,bedrock,iou,,0,0,0
unet__scratch__resnet34__in_rover__seed1416__gpu_full__57fe1694__gitc2c2860f__codebebd8b2d__20260715T233432076608Z,msl_ncam_nlb_431511807edr_f0150000ncam00291m1,test_msl,sand,iou,,0,0,0
unet__scratch__resnet34__in_rover__seed1416__gpu_full__57fe1694__gitc2c2860f__codebebd8b2d__20260715T233432076608Z,msl_ncam_nlb_431511807edr_f0150000ncam00291m1,test_msl,big_rock,iou,,0,0,0
unet__scratch__resnet34__in_rover__seed1416__gpu_full__57fe1694__gitc2c2860f__codebebd8b2d__20260715T233432076608Z,msl_ncam_nlb_431511807edr_f0150000ncam00291m1,test_msl,ALL,pixel_acc,,0,0,0
unet__scratch__resnet34__in_rover__seed1416__gpu_full__57fe1694__gitc2c2860f__codebebd8b2d__20260715T233432076608Z,msl_ncam_nlb_431511807edr_f0150000ncam00291m1,test_msl,ALL,boundary_f1,,0,0,0
unet__scratch__resnet34__in_rover__seed1416__gpu_full__57fe1694__gitc2c2860f__codebebd8b2d__20260715T233432076608Z,msl_ncam_nlb_431511862edr_f0150000ncam00354m1,test_msl,soil,iou,1.0,215849,215849,215849
unet__scratch__resnet34__in_rover__seed1416__gpu_full__57fe1694__gitc2c2860f__codebebd8b2d__20260715T233432076608Z,msl_ncam_nlb_431511862edr_f0150000ncam00354m1,test_msl,bedrock,iou,,0,0,215849
unet__scratch__resnet34__in_rover__seed1416__gpu_full__57fe1694__gitc2c2860f__codebebd8b2d__20260715T233432076608Z,msl_ncam_nlb_431511862edr_f0150000ncam00354m1,test_msl,sand,iou,,0,0,215849
unet__scratch__resnet34__in_rover__seed1416__gpu_full__57fe1694__gitc2c2860f__codebebd8b2d__20260715T233432076608Z,msl_ncam_nlb_431511862edr_f0150000ncam00354m1,test_msl,big_rock,iou,,0,0,215849
unet__scratch__resnet34__in_rover__seed1416__gpu_full__57fe1694__gitc2c2860f__codebebd8b2d__20260715T233432076608Z,msl_ncam_nlb_431511862edr_f0150000ncam00354m1,test_msl,ALL,pixel_acc,1.0,0,0,215849
unet__scratch__resnet34__in_rover__seed1416__gpu_full__57fe1694__gitc2c2860f__codebebd8b2d__20260715T233432076608Z,msl_ncam_nlb_431511862edr_f0150000ncam00354m1,test_msl,ALL,boundary_f1,1.0,0,0,215849
unet__scratch__resnet34__in_rover__seed1416__gpu_full__57fe1694__gitc2c2860f__codebebd8b2d__20260715T233432076608Z,msl_ncam_nlb_436380021edr_f0211362ncam00278m1,test_msl,soil,iou,0.9994823897490165,86893,86938,86938
unet__scratch__resnet34__in_rover__seed1416__gpu_full__57fe1694__gitc2c2860f__codebebd8b2d__20260715T233432076608Z,msl_ncam_nlb_436380021edr_f0211362ncam00278m1,test_msl,bedrock,iou,0.0,0,45,86938
unet__scratch__resnet34__in_rover__seed1416__gpu_full__57fe1694__gitc2c2860f__codebebd8b2d__20260715T233432076608Z,msl_ncam_nlb_436380021edr_f0211362ncam00278m1,test_msl,sand,iou,,0,0,86938
unet__scratch__resnet34__in_rover__seed1416__gpu_full__57fe1694__gitc2c2860f__codebebd8b2d__20260715T233432076608Z,msl_ncam_nlb_436380021edr_f0211362ncam00278m1,test_msl,big_rock,iou,,0,0,86938
unet__scratch__resnet34__in_rover__seed1416__gpu_full__57fe1694__gitc2c2860f__codebebd8b2d__20260715T233432076608Z,msl_ncam_nlb_436380021edr_f0211362ncam00278m1,test_msl,ALL,pixel_acc,0.9994823897490165,0,0,86938
unet__scratch__resnet34__in_rover__seed1416__gpu_full__57fe1694__gitc2c2860f__codebebd8b2d__20260715T233432076608Z,msl_ncam_nlb_436380021edr_f0211362ncam00278m1,test_msl,ALL,boundary_f1,0.5,0,0,86938
unet__scratch__resnet34__in_rover__seed1416__gpu_full__57fe1694__gitc2c2860f__codebebd8b2d__20260715T233432076608Z,msl_ncam_nlb_436380133edr_f0211362ncam00278m1,test_msl,soil,iou,0.9609498680738786,10926,11370,32983
unet__scratch__resnet34__in_rover__seed1416__gpu_full__57fe1694__gitc2c2860f__codebebd8b2d__20260715T233432076608Z,msl_ncam_nlb_436380133edr_f0211362ncam00278m1,test_msl,bedrock,iou,0.9798703359477717,21613,22057,32983
unet__scratch__resnet34__in_rover__seed1416__gpu_full__57fe1694__gitc2c2860f__codebebd8b2d__20260715T233432076608Z,msl_ncam_nlb_436380133edr_f0211362ncam00278m1,test_msl,sand,iou,,0,0,32983
unet__scratch__resnet34__in_rover__seed1416__gpu_full__57fe1694__gitc2c2860f__codebebd8b2d__20260715T233432076608Z,msl_ncam_nlb_436380133edr_f0211362ncam00278m1,test_msl,big_rock,iou,,0,0,32983
unet__scratch__resnet34__in_rover__seed1416__gpu_full__57fe1694__gitc2c2860f__codebebd8b2d__20260715T233432076608Z,msl_ncam_nlb_436380133edr_f0211362ncam00278m1,test_msl,ALL,pixel_acc,0.9865385198435558,0,0,32983
unet__scratch__resnet34__in_rover__seed1416__gpu_full__57fe1694__gitc2c2860f__codebebd8b2d__20260715T233432076608Z,msl_ncam_nlb_436380133edr_f0211362ncam00278m1,test_msl,ALL,boundary_f1,0.9262231701103544,0,0,32983
unet__scratch__resnet34__in_rover__seed1416__gpu_full__57fe1694__gitc2c2860f__codebebd8b2d__20260715T233432076608Z,msl_ncam_nlb_436383872edr_f0211362ncam00354m1,test_msl,soil,iou,0.03036219857463634,311,10243,31991
unet__scratch__resnet34__in_rover__seed1416__gpu_full__57fe1694__gitc2c2860f__codebebd8b2d__20260715T233432076608Z,msl_ncam_nlb_436383872edr_f0211362ncam00354m1,test_msl,bedrock,iou,0.686489898989899,21748,31680,31991
unet__scratch__resnet34__in_rover__seed1416__gpu_full__57fe1694__gitc2c2860f__codebebd8b2d__20260715T233432076608Z,msl_ncam_nlb_436383872edr_f0211362ncam00354m1,test_msl,sand,iou,,0,0,31991
unet__scratch__resnet34__in_rover__seed1416__gpu_full__57fe1694__gitc2c2860f__codebebd8b2d__20260715T233432076608Z,msl_ncam_nlb_436383872edr_f0211362ncam00354m1,test_msl,big_rock,iou,,0,0,31991
unet__scratch__resnet34__in_rover__seed1416__gpu_full__57fe1694__gitc2c2860f__codebebd8b2d__20260715T233432076608Z,msl_ncam_nlb_436383872edr_f0211362ncam00354m1,test_msl,ALL,pixel_acc,0.6895376824731956,0,0,31991
unet__scratch__resnet34__in_rover__seed1416__gpu_full__57fe1694__gitc2c2860f__codebebd8b2d__20260715T233432076608Z,msl_ncam_nlb_436383872edr_f0211362ncam00354m1,test_msl,ALL,boundary_f1,0.45029779348481025,0,0,31991
unet__scratch__resnet34__in_rover__seed1416__gpu_full__57fe1694__gitc2c2860f__codebebd8b2d__20260715T233432076608Z,msl_ncam_nlb_436383928edr_f0211362ncam00354m1,test_msl,soil,iou,,0,0,58335
unet__scratch__resnet34__in_rover__seed1416__gpu_full__57fe1694__gitc2c2860f__codebebd8b2d__20260715T233432076608Z,msl_ncam_nlb_436383928edr_f0211362ncam00354m1,test_msl,bedrock,iou,1.0,58335,58335,58335
unet__scratch__resnet34__in_rover__seed1416__gpu_full__57fe1694__gitc2c2860f__codebebd8b2d__20260715T233432076608Z,msl_ncam_nlb_436383928edr_f0211362ncam00354m1,test_msl,sand,iou,,0,0,58335
unet__scratch__resnet34__in_rover__seed1416__gpu_full__57fe1694__gitc2c2860f__codebebd8b2d__20260715T233432076608Z,msl_ncam_nlb_436383928edr_f0211362ncam00354m1,test_msl,big_rock,iou,,0,0,58335
unet__scratch__resnet34__in_rover__seed1416__gpu_full__57fe1694__gitc2c2860f__codebebd8b2d__20260715T233432076608Z,msl_ncam_nlb_436383928edr_f0211362ncam00354m1,test_msl,ALL,pixel_acc,1.0,0,0,58335
unet__scratch__resnet34__in_rover__seed1416__gpu_full__57fe1694__gitc2c2860f__codebebd8b2d__20260715T233432076608Z,msl_ncam_nlb_436383928edr_f0211362ncam00354m1,test_msl,ALL,boundary_f1,1.0,0,0,58335
unet__scratch__resnet34__in_rover__seed1416__gpu_full__57fe1694__gitc2c2860f__codebebd8b2d__20260715T233432076608Z,msl_ncam_nlb_436384026edr_f0211362ncam00279m1,test_msl,soil,iou,0.9871865878302523,65949,66805,164119
unet__scratch__resnet34__in_rover__seed1416__gpu_full__57fe1694__gitc2c2860f__codebebd8b2d__20260715T233432076608Z,msl_ncam_nlb_436384026edr_f0211362ncam00279m1,test_msl,bedrock,iou,0.9912804319038403,97314,98170,164119
unet__scratch__resnet34__in_rover__seed1416__gpu_full__57fe1694__gitc2c2860f__codebebd8b2d__20260715T233432076608Z,msl_ncam_nlb_436384026edr_f0211362ncam00279m1,test_msl,sand,iou,,0,0,164119
unet__scratch__resnet34__in_rover__seed1416__gpu_full__57fe1694__gitc2c2860f__codebebd8b2d__20260715T233432076608Z,msl_ncam_nlb_436384026edr_f0211362ncam00279m1,test_msl,big_rock,iou,,0,0,164119
unet__scratch__resnet34__in_rover__seed1416__gpu_full__57fe1694__gitc2c2860f__codebebd8b2d__20260715T233432076608Z,msl_ncam_nlb_436384026edr_f0211362ncam00279m1,test_msl,ALL,pixel_acc,0.9947842723877187,0,0,164119
unet__scratch__resnet34__in_rover__seed1416__gpu_full__57fe1694__gitc2c2860f__codebebd8b2d__20260715T233432076608Z,msl_ncam_nlb_436384026edr_f0211362ncam00279m1,test_msl,ALL,boundary_f1,0.9317714102572351,0,0,164119
unet__scratch__resnet34__in_rover__seed1416__gpu_full__57fe1694__gitc2c2860f__codebebd8b2d__20260715T233432076608Z,msl_ncam_nlb_436384140edr_f0211362ncam00279m1,test_msl,soil,iou,,0,0,0
unet__scratch__resnet34__in_rover__seed1416__gpu_full__57fe1694__gitc2c2860f__codebebd8b2d__20260715T233432076608Z,msl_ncam_nlb_436384140edr_f0211362ncam00279m1,test_msl,bedrock,iou,,0,0,0
unet__scratch__resnet34__in_rover__seed1416__gpu_full__57fe1694__gitc2c2860f__codebebd8b2d__20260715T233432076608Z,msl_ncam_nlb_436384140edr_f0211362ncam00279m1,test_msl,sand,iou,,0,0,0
unet__scratch__resnet34__in_rover__seed1416__gpu_full__57fe1694__gitc2c2860f__codebebd8b2d__20260715T233432076608Z,msl_ncam_nlb_436384140edr_f0211362ncam00279m1,test_msl,big_rock,iou,,0,0,0
unet__scratch__resnet34__in_rover__seed1416__gpu_full__57fe1694__gitc2c2860f__codebebd8b2d__20260715T233432076608Z,msl_ncam_nlb_436384140edr_f0211362ncam00279m1,test_msl,ALL,pixel_acc,,0,0,0
unet__scratch__resnet34__in_rover__seed1416__gpu_full__57fe1694__gitc2c2860f__codebebd8b2d__20260715T233432076608Z,msl_ncam_nlb_436384140edr_f0211362ncam00279m1,test_msl,ALL,boundary_f1,,0,0,0
unet__scratch__resnet34__in_rover__seed1416__gpu_full__57fe1694__gitc2c2860f__codebebd8b2d__20260715T233432076608Z,msl_ncam_nlb_436384203edr_f0211362ncam00279m1,test_msl,soil,iou,0.9977055449330784,5218,5230,14096
unet__scratch__resnet34__in_rover__seed1416__gpu_full__57fe1694__gitc2c2860f__codebebd8b2d__20260715T233432076608Z,msl_ncam_nlb_436384203edr_f0211362ncam00279m1,test_msl,bedrock,iou,0.9986483442216716,8866,8878,14096
unet__scratch__resnet34__in_rover__seed1416__gpu_full__57fe1694__gitc2c2860f__codebebd8b2d__20260715T233432076608Z,msl_ncam_nlb_436384203edr_f0211362ncam00279m1,test_msl,sand,iou,,0,0,14096
unet__scratch__resnet34__in_rover__seed1416__gpu_full__57fe1694__gitc2c2860f__codebebd8b2d__20260715T233432076608Z,msl_ncam_nlb_436384203edr_f0211362ncam00279m1,test_msl,big_rock,iou,,0,0,14096
unet__scratch__resnet34__in_rover__seed1416__gpu_full__57fe1694__gitc2c2860f__codebebd8b2d__20260715T233432076608Z,msl_ncam_nlb_436384203edr_f0211362ncam00279m1,test_msl,ALL,pixel_acc,0.9991486946651532,0,0,14096
unet__scratch__resnet34__in_rover__seed1416__gpu_full__57fe1694__gitc2c2860f__codebebd8b2d__20260715T233432076608Z,msl_ncam_nlb_436384203edr_f0211362ncam00279m1,test_msl,ALL,boundary_f1,0.9944034383296009,0,0,14096
unet__scratch__resnet34__in_rover__seed1416__gpu_full__57fe1694__gitc2c2860f__codebebd8b2d__20260715T233432076608Z,msl_ncam_nlb_439225105edr_f0240000ncam00346m1,test_msl,soil,iou,,0,0,0
unet__scratch__resnet34__in_rover__seed1416__gpu_full__57fe1694__gitc2c2860f__codebebd8b2d__20260715T233432076608Z,msl_ncam_nlb_439225105edr_f0240000ncam00346m1,test_msl,bedrock,iou,,0,0,0
unet__scratch__resnet34__in_rover__seed1416__gpu_full__57fe1694__gitc2c2860f__codebebd8b2d__20260715T233432076608Z,msl_ncam_nlb_439225105edr_f0240000ncam00346m1,test_msl,sand,iou,,0,0,0
unet__scratch__resnet34__in_rover__seed1416__gpu_full__57fe1694__gitc2c2860f__codebebd8b2d__20260715T233432076608Z,msl_ncam_nlb_439225105edr_f0240000ncam00346m1,test_msl,big_rock,iou,,0,0,0
unet__scratch__resnet34__in_rover__seed1416__gpu_full__57fe1694__gitc2c2860f__codebebd8b2d__20260715T233432076608Z,msl_ncam_nlb_439225105edr_f0240000ncam00346m1,test_msl,ALL,pixel_acc,,0,0,0
unet__scratch__resnet34__in_rover__seed1416__gpu_full__57fe1694__gitc2c2860f__codebebd8b2d__20260715T233432076608Z,msl_ncam_nlb_439225105edr_f0240000ncam00346m1,test_msl,ALL,boundary_f1,,0,0,0
unet__scratch__resnet34__in_rover__seed1416__gpu_full__57fe1694__gitc2c2860f__codebebd8b2d__20260715T233432076608Z,msl_ncam_nlb_439225164edr_f0240000ncam05113m1,test_msl,soil,iou,0.8936157024793389,86502,96800,96800
unet__scratch__resnet34__in_rover__seed1416__gpu_full__57fe1694__gitc2c2860f__codebebd8b2d__20260715T233432076608Z,msl_ncam_nlb_439225164edr_f0240000ncam05113m1,test_msl,bedrock,iou,0.0,0,10298,96800
unet__scratch__resnet34__in_rover__seed1416__gpu_full__57fe1694__gitc2c2860f__codebebd8b2d__20260715T233432076608Z,msl_ncam_nlb_439225164edr_f0240000ncam05113m1,test_msl,sand,iou,,0,0,96800
unet__scratch__resnet34__in_rover__seed1416__gpu_full__57fe1694__gitc2c2860f__codebebd8b2d__20260715T233432076608Z,msl_ncam_nlb_439225164edr_f0240000ncam05113m1,test_msl,big_rock,iou,,0,0,96800
unet__scratch__resnet34__in_rover__seed1416__gpu_full__57fe1694__gitc2c2860f__codebebd8b2d__20260715T233432076608Z,msl_ncam_nlb_439225164edr_f0240000ncam05113m1,test_msl,ALL,pixel_acc,0.8936157024793389,0,0,96800
unet__scratch__resnet34__in_rover__seed1416__gpu_full__57fe1694__gitc2c2860f__codebebd8b2d__20260715T233432076608Z,msl_ncam_nlb_439225164edr_f0240000ncam05113m1,test_msl,ALL,boundary_f1,0.37939988459319096,0,0,96800
unet__scratch__resnet34__in_rover__seed1416__gpu_full__57fe1694__gitc2c2860f__codebebd8b2d__20260715T233432076608Z,msl_ncam_nlb_439225290edr_f0240000ncam05113m1,test_msl,soil,iou,1.0,8548,8548,8548
unet__scratch__resnet34__in_rover__seed1416__gpu_full__57fe1694__gitc2c2860f__codebebd8b2d__20260715T233432076608Z,msl_ncam_nlb_439225290edr_f0240000ncam05113m1,test_msl,bedrock,iou,,0,0,8548
unet__scratch__resnet34__in_rover__seed1416__gpu_full__57fe1694__gitc2c2860f__codebebd8b2d__20260715T233432076608Z,msl_ncam_nlb_439225290edr_f0240000ncam05113m1,test_msl,sand,iou,,0,0,8548
unet__scratch__resnet34__in_rover__seed1416__gpu_full__57fe1694__gitc2c2860f__codebebd8b2d__20260715T233432076608Z,msl_ncam_nlb_439225290edr_f0240000ncam05113m1,test_msl,big_rock,iou,,0,0,8548
unet__scratch__resnet34__in_rover__seed1416__gpu_full__57fe1694__gitc2c2860f__codebebd8b2d__20260715T233432076608Z,msl_ncam_nlb_439225290edr_f0240000ncam05113m1,test_msl,ALL,pixel_acc,1.0,0,0,8548
unet__scratch__resnet34__in_rover__seed1416__gpu_full__57fe1694__gitc2c2860f__codebebd8b2d__20260715T233432076608Z,msl_ncam_nlb_439225290edr_f0240000ncam05113m1,test_msl,ALL,boundary_f1,1.0,0,0,8548
unet__scratch__resnet34__in_rover__seed1416__gpu_full__57fe1694__gitc2c2860f__codebebd8b2d__20260715T233432076608Z,msl_ncam_nlb_439225843edr_f0240000ncam00267m1,test_msl,soil,iou,1.0,59790,59790,59790
unet__scratch__resnet34__in_rover__seed1416__gpu_full__57fe1694__gitc2c2860f__codebebd8b2d__20260715T233432076608Z,msl_ncam_nlb_439225843edr_f0240000ncam00267m1,test_msl,bedrock,iou,,0,0,59790
unet__scratch__resnet34__in_rover__seed1416__gpu_full__57fe1694__gitc2c2860f__codebebd8b2d__20260715T233432076608Z,msl_ncam_nlb_439225843edr_f0240000ncam00267m1,test_msl,sand,iou,,0,0,59790
unet__scratch__resnet34__in_rover__seed1416__gpu_full__57fe1694__gitc2c2860f__codebebd8b2d__20260715T233432076608Z,msl_ncam_nlb_439225843edr_f0240000ncam00267m1,test_msl,big_rock,iou,,0,0,59790
unet__scratch__resnet34__in_rover__seed1416__gpu_full__57fe1694__gitc2c2860f__codebebd8b2d__20260715T233432076608Z,msl_ncam_nlb_439225843edr_f0240000ncam00267m1,test_msl,ALL,pixel_acc,1.0,0,0,59790
unet__scratch__resnet34__in_rover__seed1416__gpu_full__57fe1694__gitc2c2860f__codebebd8b2d__20260715T233432076608Z,msl_ncam_nlb_439225843edr_f0240000ncam00267m1,test_msl,ALL,boundary_f1,1.0,0,0,59790
unet__scratch__resnet34__in_rover__seed1416__gpu_full__57fe1694__gitc2c2860f__codebebd8b2d__20260715T233432076608Z,msl_ncam_nlb_439225957edr_f0240000ncam00267m1,test_msl,soil,iou,1.0,32088,32088,32088
unet__scratch__resnet34__in_rover__seed1416__gpu_full__57fe1694__gitc2c2860f__codebebd8b2d__20260715T233432076608Z,msl_ncam_nlb_439225957edr_f0240000ncam00267m1,test_msl,bedrock,iou,,0,0,32088
unet__scratch__resnet34__in_rover__seed1416__gpu_full__57fe1694__gitc2c2860f__codebebd8b2d__20260715T233432076608Z,msl_ncam_nlb_439225957edr_f0240000ncam00267m1,test_msl,sand,iou,,0,0,32088
unet__scratch__resnet34__in_rover__seed1416__gpu_full__57fe1694__gitc2c2860f__codebebd8b2d__20260715T233432076608Z,msl_ncam_nlb_439225957edr_f0240000ncam00267m1,test_msl,big_rock,iou,,0,0,32088
unet__scratch__resnet34__in_rover__seed1416__gpu_full__57fe1694__gitc2c2860f__codebebd8b2d__20260715T233432076608Z,msl_ncam_nlb_439225957edr_f0240000ncam00267m1,test_msl,ALL,pixel_acc,1.0,0,0,32088
unet__scratch__resnet34__in_rover__seed1416__gpu_full__57fe1694__gitc2c2860f__codebebd8b2d__20260715T233432076608Z,msl_ncam_nlb_439225957edr_f0240000ncam00267m1,test_msl,ALL,boundary_f1,1.0,0,0,32088
unet__scratch__resnet34__in_rover__seed1416__gpu_full__57fe1694__gitc2c2860f__codebebd8b2d__20260715T233432076608Z,msl_ncam_nlb_439226019edr_f0240000ncam00267m1,test_msl,soil,iou,1.0,11757,11757,11757
unet__scratch__resnet34__in_rover__seed1416__gpu_full__57fe1694__gitc2c2860f__codebebd8b2d__20260715T233432076608Z,msl_ncam_nlb_439226019edr_f0240000ncam00267m1,test_msl,bedrock,iou,,0,0,11757
unet__scratch__resnet34__in_rover__seed1416__gpu_full__57fe1694__gitc2c2860f__codebebd8b2d__20260715T233432076608Z,msl_ncam_nlb_439226019edr_f0240000ncam00267m1,test_msl,sand,iou,,0,0,11757
unet__scratch__resnet34__in_rover__seed1416__gpu_full__57fe1694__gitc2c2860f__codebebd8b2d__20260715T233432076608Z,msl_ncam_nlb_439226019edr_f0240000ncam00267m1,test_msl,big_rock,iou,,0,0,11757
unet__scratch__resnet34__in_rover__seed1416__gpu_full__57fe1694__gitc2c2860f__codebebd8b2d__20260715T233432076608Z,msl_ncam_nlb_439226019edr_f0240000ncam00267m1,test_msl,ALL,pixel_acc,1.0,0,0,11757
unet__scratch__resnet34__in_rover__seed1416__gpu_full__57fe1694__gitc2c2860f__codebebd8b2d__20260715T233432076608Z,msl_ncam_nlb_439226019edr_f0240000ncam00267m1,test_msl,ALL,boundary_f1,1.0,0,0,11757
unet__scratch__resnet34__in_rover__seed1416__gpu_full__57fe1694__gitc2c2860f__codebebd8b2d__20260715T233432076608Z,msl_ncam_nlb_439226061edr_f0240000ncam00350m1,test_msl,soil,iou,1.0,23535,23535,23535
unet__scratch__resnet34__in_rover__seed1416__gpu_full__57fe1694__gitc2c2860f__codebebd8b2d__20260715T233432076608Z,msl_ncam_nlb_439226061edr_f0240000ncam00350m1,test_msl,bedrock,iou,,0,0,23535
unet__scratch__resnet34__in_rover__seed1416__gpu_full__57fe1694__gitc2c2860f__codebebd8b2d__20260715T233432076608Z,msl_ncam_nlb_439226061edr_f0240000ncam00350m1,test_msl,sand,iou,,0,0,23535
unet__scratch__resnet34__in_rover__seed1416__gpu_full__57fe1694__gitc2c2860f__codebebd8b2d__20260715T233432076608Z,msl_ncam_nlb_439226061edr_f0240000ncam00350m1,test_msl,big_rock,iou,,0,0,23535
unet__scratch__resnet34__in_rover__seed1416__gpu_full__57fe1694__gitc2c2860f__codebebd8b2d__20260715T233432076608Z,msl_ncam_nlb_439226061edr_f0240000ncam00350m1,test_msl,ALL,pixel_acc,1.0,0,0,23535
unet__scratch__resnet34__in_rover__seed1416__gpu_full__57fe1694__gitc2c2860f__codebebd8b2d__20260715T233432076608Z,msl_ncam_nlb_439226061edr_f0240000ncam00350m1,test_msl,ALL,boundary_f1,1.0,0,0,23535
unet__scratch__resnet34__in_rover__seed1416__gpu_full__57fe1694__gitc2c2860f__codebebd8b2d__20260715T233432076608Z,msl_ncam_nlb_439226140edr_f0240000ncam00350m1,test_msl,soil,iou,1.0,178948,178948,178948
unet__scratch__resnet34__in_rover__seed1416__gpu_full__57fe1694__gitc2c2860f__codebebd8b2d__20260715T233432076608Z,msl_ncam_nlb_439226140edr_f0240000ncam00350m1,test_msl,bedrock,iou,,0,0,178948
unet__scratch__resnet34__in_rover__seed1416__gpu_full__57fe1694__gitc2c2860f__codebebd8b2d__20260715T233432076608Z,msl_ncam_nlb_439226140edr_f0240000ncam00350m1,test_msl,sand,iou,,0,0,178948
unet__scratch__resnet34__in_rover__seed1416__gpu_full__57fe1694__gitc2c2860f__codebebd8b2d__20260715T233432076608Z,msl_ncam_nlb_439226140edr_f0240000ncam00350m1,test_msl,big_rock,iou,,0,0,178948
unet__scratch__resnet34__in_rover__seed1416__gpu_full__57fe1694__gitc2c2860f__codebebd8b2d__20260715T233432076608Z,msl_ncam_nlb_439226140edr_f0240000ncam00350m1,test_msl,ALL,pixel_acc,1.0,0,0,178948
unet__scratch__resnet34__in_rover__seed1416__gpu_full__57fe1694__gitc2c2860f__codebebd8b2d__20260715T233432076608Z,msl_ncam_nlb_439226140edr_f0240000ncam00350m1,test_msl,ALL,boundary_f1,1.0,0,0,178948
unet__scratch__resnet34__in_rover__seed1416__gpu_full__57fe1694__gitc2c2860f__codebebd8b2d__20260715T233432076608Z,msl_ncam_nlb_442591818edr_f0250254ncam00470m1,test_msl,soil,iou,1.0,18461,18461,18461
unet__scratch__resnet34__in_rover__seed1416__gpu_full__57fe1694__gitc2c2860f__codebebd8b2d__20260715T233432076608Z,msl_ncam_nlb_442591818edr_f0250254ncam00470m1,test_msl,bedrock,iou,,0,0,18461
unet__scratch__resnet34__in_rover__seed1416__gpu_full__57fe1694__gitc2c2860f__codebebd8b2d__20260715T233432076608Z,msl_ncam_nlb_442591818edr_f0250254ncam00470m1,test_msl,sand,iou,,0,0,18461
unet__scratch__resnet34__in_rover__seed1416__gpu_full__57fe1694__gitc2c2860f__codebebd8b2d__20260715T233432076608Z,msl_ncam_nlb_442591818edr_f0250254ncam00470m1,test_msl,big_rock,iou,,0,0,18461
unet__scratch__resnet34__in_rover__seed1416__gpu_full__57fe1694__gitc2c2860f__codebebd8b2d__20260715T233432076608Z,msl_ncam_nlb_442591818edr_f0250254ncam00470m1,test_msl,ALL,pixel_acc,1.0,0,0,18461
unet__scratch__resnet34__in_rover__seed1416__gpu_full__57fe1694__gitc2c2860f__codebebd8b2d__20260715T233432076608Z,msl_ncam_nlb_442591818edr_f0250254ncam00470m1,test_msl,ALL,boundary_f1,1.0,0,0,18461
unet__scratch__resnet34__in_rover__seed1416__gpu_full__57fe1694__gitc2c2860f__codebebd8b2d__20260715T233432076608Z,msl_ncam_nlb_442592358edr_f0250272ncam00385m1,test_msl,soil,iou,1.0,134437,134437,134437
unet__scratch__resnet34__in_rover__seed1416__gpu_full__57fe1694__gitc2c2860f__codebebd8b2d__20260715T233432076608Z,msl_ncam_nlb_442592358edr_f0250272ncam00385m1,test_msl,bedrock,iou,,0,0,134437
unet__scratch__resnet34__in_rover__seed1416__gpu_full__57fe1694__gitc2c2860f__codebebd8b2d__20260715T233432076608Z,msl_ncam_nlb_442592358edr_f0250272ncam00385m1,test_msl,sand,iou,,0,0,134437
unet__scratch__resnet34__in_rover__seed1416__gpu_full__57fe1694__gitc2c2860f__codebebd8b2d__20260715T233432076608Z,msl_ncam_nlb_442592358edr_f0250272ncam00385m1,test_msl,big_rock,iou,,0,0,134437
unet__scratch__resnet34__in_rover__seed1416__gpu_full__57fe1694__gitc2c2860f__codebebd8b2d__20260715T233432076608Z,msl_ncam_nlb_442592358edr_f0250272ncam00385m1,test_msl,ALL,pixel_acc,1.0,0,0,134437
unet__scratch__resnet34__in_rover__seed1416__gpu_full__57fe1694__gitc2c2860f__codebebd8b2d__20260715T233432076608Z,msl_ncam_nlb_442592358edr_f0250272ncam00385m1,test_msl,ALL,boundary_f1,1.0,0,0,134437
unet__scratch__resnet34__in_rover__seed1416__gpu_full__57fe1694__gitc2c2860f__codebebd8b2d__20260715T233432076608Z,msl_ncam_nlb_442593301edr_f0250312ncam00353m1,test_msl,soil,iou,1.0,106977,106977,106977
unet__scratch__resnet34__in_rover__seed1416__gpu_full__57fe1694__gitc2c2860f__codebebd8b2d__20260715T233432076608Z,msl_ncam_nlb_442593301edr_f0250312ncam00353m1,test_msl,bedrock,iou,,0,0,106977
unet__scratch__resnet34__in_rover__seed1416__gpu_full__57fe1694__gitc2c2860f__codebebd8b2d__20260715T233432076608Z,msl_ncam_nlb_442593301edr_f0250312ncam00353m1,test_msl,sand,iou,,0,0,106977
unet__scratch__resnet34__in_rover__seed1416__gpu_full__57fe1694__gitc2c2860f__codebebd8b2d__20260715T233432076608Z,msl_ncam_nlb_442593301edr_f0250312ncam00353m1,test_msl,big_rock,iou,,0,0,106977
unet__scratch__resnet34__in_rover__seed1416__gpu_full__57fe1694__gitc2c2860f__codebebd8b2d__20260715T233432076608Z,msl_ncam_nlb_442593301edr_f0250312ncam00353m1,test_msl,ALL,pixel_acc,1.0,0,0,106977
unet__scratch__resnet34__in_rover__seed1416__gpu_full__57fe1694__gitc2c2860f__codebebd8b2d__20260715T233432076608Z,msl_ncam_nlb_442593301edr_f0250312ncam00353m1,test_msl,ALL,boundary_f1,1.0,0,0,106977
unet__scratch__resnet34__in_rover__seed1416__gpu_full__57fe1694__gitc2c2860f__codebebd8b2d__20260715T233432076608Z,msl_ncam_nlb_442598077edr_f0250312ncam00281m1,test_msl,soil,iou,1.0,8175,8175,8175
unet__scratch__resnet34__in_rover__seed1416__gpu_full__57fe1694__gitc2c2860f__codebebd8b2d__20260715T233432076608Z,msl_ncam_nlb_442598077edr_f0250312ncam00281m1,test_msl,bedrock,iou,,0,0,8175
unet__scratch__resnet34__in_rover__seed1416__gpu_full__57fe1694__gitc2c2860f__codebebd8b2d__20260715T233432076608Z,msl_ncam_nlb_442598077edr_f0250312ncam00281m1,test_msl,sand,iou,,0,0,8175
unet__scratch__resnet34__in_rover__seed1416__gpu_full__57fe1694__gitc2c2860f__codebebd8b2d__20260715T233432076608Z,msl_ncam_nlb_442598077edr_f0250312ncam00281m1,test_msl,big_rock,iou,,0,0,8175
unet__scratch__resnet34__in_rover__seed1416__gpu_full__57fe1694__gitc2c2860f__codebebd8b2d__20260715T233432076608Z,msl_ncam_nlb_442598077edr_f0250312ncam00281m1,test_msl,ALL,pixel_acc,1.0,0,0,8175
unet__scratch__resnet34__in_rover__seed1416__gpu_full__57fe1694__gitc2c2860f__codebebd8b2d__20260715T233432076608Z,msl_ncam_nlb_442598077edr_f0250312ncam00281m1,test_msl,ALL,boundary_f1,1.0,0,0,8175
unet__scratch__resnet34__in_rover__seed1416__gpu_full__57fe1694__gitc2c2860f__codebebd8b2d__20260715T233432076608Z,msl_ncam_nlb_442598204edr_f0250312ncam00281m1,test_msl,soil,iou,0.9807783871479712,111234,113414,113414
unet__scratch__resnet34__in_rover__seed1416__gpu_full__57fe1694__gitc2c2860f__codebebd8b2d__20260715T233432076608Z,msl_ncam_nlb_442598204edr_f0250312ncam00281m1,test_msl,bedrock,iou,0.0,0,902,113414
unet__scratch__resnet34__in_rover__seed1416__gpu_full__57fe1694__gitc2c2860f__codebebd8b2d__20260715T233432076608Z,msl_ncam_nlb_442598204edr_f0250312ncam00281m1,test_msl,sand,iou,0.0,0,1278,113414
unet__scratch__resnet34__in_rover__seed1416__gpu_full__57fe1694__gitc2c2860f__codebebd8b2d__20260715T233432076608Z,msl_ncam_nlb_442598204edr_f0250312ncam00281m1,test_msl,big_rock,iou,,0,0,113414
unet__scratch__resnet34__in_rover__seed1416__gpu_full__57fe1694__gitc2c2860f__codebebd8b2d__20260715T233432076608Z,msl_ncam_nlb_442598204edr_f0250312ncam00281m1,test_msl,ALL,pixel_acc,0.9807783871479712,0,0,113414
unet__scratch__resnet34__in_rover__seed1416__gpu_full__57fe1694__gitc2c2860f__codebebd8b2d__20260715T233432076608Z,msl_ncam_nlb_442598204edr_f0250312ncam00281m1,test_msl,ALL,boundary_f1,0.30353491089687407,0,0,113414
unet__scratch__resnet34__in_rover__seed1416__gpu_full__57fe1694__gitc2c2860f__codebebd8b2d__20260715T233432076608Z,msl_ncam_nlb_442600163edr_f0250312ncam00350m1,test_msl,soil,iou,1.0,151293,151293,151293
unet__scratch__resnet34__in_rover__seed1416__gpu_full__57fe1694__gitc2c2860f__codebebd8b2d__20260715T233432076608Z,msl_ncam_nlb_442600163edr_f0250312ncam00350m1,test_msl,bedrock,iou,,0,0,151293
unet__scratch__resnet34__in_rover__seed1416__gpu_full__57fe1694__gitc2c2860f__codebebd8b2d__20260715T233432076608Z,msl_ncam_nlb_442600163edr_f0250312ncam00350m1,test_msl,sand,iou,,0,0,151293
unet__scratch__resnet34__in_rover__seed1416__gpu_full__57fe1694__gitc2c2860f__codebebd8b2d__20260715T233432076608Z,msl_ncam_nlb_442600163edr_f0250312ncam00350m1,test_msl,big_rock,iou,,0,0,151293
unet__scratch__resnet34__in_rover__seed1416__gpu_full__57fe1694__gitc2c2860f__codebebd8b2d__20260715T233432076608Z,msl_ncam_nlb_442600163edr_f0250312ncam00350m1,test_msl,ALL,pixel_acc,1.0,0,0,151293
unet__scratch__resnet34__in_rover__seed1416__gpu_full__57fe1694__gitc2c2860f__codebebd8b2d__20260715T233432076608Z,msl_ncam_nlb_442600163edr_f0250312ncam00350m1,test_msl,ALL,boundary_f1,1.0,0,0,151293
unet__scratch__resnet34__in_rover__seed1416__gpu_full__57fe1694__gitc2c2860f__codebebd8b2d__20260715T233432076608Z,msl_ncam_nlb_442600208edr_f0250312ncam00282m1,test_msl,soil,iou,1.0,68473,68473,68473
unet__scratch__resnet34__in_rover__seed1416__gpu_full__57fe1694__gitc2c2860f__codebebd8b2d__20260715T233432076608Z,msl_ncam_nlb_442600208edr_f0250312ncam00282m1,test_msl,bedrock,iou,,0,0,68473
unet__scratch__resnet34__in_rover__seed1416__gpu_full__57fe1694__gitc2c2860f__codebebd8b2d__20260715T233432076608Z,msl_ncam_nlb_442600208edr_f0250312ncam00282m1,test_msl,sand,iou,,0,0,68473
unet__scratch__resnet34__in_rover__seed1416__gpu_full__57fe1694__gitc2c2860f__codebebd8b2d__20260715T233432076608Z,msl_ncam_nlb_442600208edr_f0250312ncam00282m1,test_msl,big_rock,iou,,0,0,68473
unet__scratch__resnet34__in_rover__seed1416__gpu_full__57fe1694__gitc2c2860f__codebebd8b2d__20260715T233432076608Z,msl_ncam_nlb_442600208edr_f0250312ncam00282m1,test_msl,ALL,pixel_acc,1.0,0,0,68473
unet__scratch__resnet34__in_rover__seed1416__gpu_full__57fe1694__gitc2c2860f__codebebd8b2d__20260715T233432076608Z,msl_ncam_nlb_442600208edr_f0250312ncam00282m1,test_msl,ALL,boundary_f1,1.0,0,0,68473
unet__scratch__resnet34__in_rover__seed1416__gpu_full__57fe1694__gitc2c2860f__codebebd8b2d__20260715T233432076608Z,msl_ncam_nlb_442600301edr_f0250312ncam00282m1,test_msl,soil,iou,0.9861834787190445,50535,51243,51243
unet__scratch__resnet34__in_rover__seed1416__gpu_full__57fe1694__gitc2c2860f__codebebd8b2d__20260715T233432076608Z,msl_ncam_nlb_442600301edr_f0250312ncam00282m1,test_msl,bedrock,iou,0.0,0,708,51243
unet__scratch__resnet34__in_rover__seed1416__gpu_full__57fe1694__gitc2c2860f__codebebd8b2d__20260715T233432076608Z,msl_ncam_nlb_442600301edr_f0250312ncam00282m1,test_msl,sand,iou,,0,0,51243
unet__scratch__resnet34__in_rover__seed1416__gpu_full__57fe1694__gitc2c2860f__codebebd8b2d__20260715T233432076608Z,msl_ncam_nlb_442600301edr_f0250312ncam00282m1,test_msl,big_rock,iou,,0,0,51243
unet__scratch__resnet34__in_rover__seed1416__gpu_full__57fe1694__gitc2c2860f__codebebd8b2d__20260715T233432076608Z,msl_ncam_nlb_442600301edr_f0250312ncam00282m1,test_msl,ALL,pixel_acc,0.9861834787190445,0,0,51243
unet__scratch__resnet34__in_rover__seed1416__gpu_full__57fe1694__gitc2c2860f__codebebd8b2d__20260715T233432076608Z,msl_ncam_nlb_442600301edr_f0250312ncam00282m1,test_msl,ALL,boundary_f1,0.4700854700854701,0,0,51243
unet__scratch__resnet34__in_rover__seed1416__gpu_full__57fe1694__gitc2c2860f__codebebd8b2d__20260715T233432076608Z,msl_ncam_nlb_442600416edr_f0250312ncam00282m1,test_msl,soil,iou,1.0,7457,7457,8486
unet__scratch__resnet34__in_rover__seed1416__gpu_full__57fe1694__gitc2c2860f__codebebd8b2d__20260715T233432076608Z,msl_ncam_nlb_442600416edr_f0250312ncam00282m1,test_msl,bedrock,iou,,0,0,8486
unet__scratch__resnet34__in_rover__seed1416__gpu_full__57fe1694__gitc2c2860f__codebebd8b2d__20260715T233432076608Z,msl_ncam_nlb_442600416edr_f0250312ncam00282m1,test_msl,sand,iou,1.0,1029,1029,8486
unet__scratch__resnet34__in_rover__seed1416__gpu_full__57fe1694__gitc2c2860f__codebebd8b2d__20260715T233432076608Z,msl_ncam_nlb_442600416edr_f0250312ncam00282m1,test_msl,big_rock,iou,,0,0,8486
unet__scratch__resnet34__in_rover__seed1416__gpu_full__57fe1694__gitc2c2860f__codebebd8b2d__20260715T233432076608Z,msl_ncam_nlb_442600416edr_f0250312ncam00282m1,test_msl,ALL,pixel_acc,1.0,0,0,8486
unet__scratch__resnet34__in_rover__seed1416__gpu_full__57fe1694__gitc2c2860f__codebebd8b2d__20260715T233432076608Z,msl_ncam_nlb_442600416edr_f0250312ncam00282m1,test_msl,ALL,boundary_f1,1.0,0,0,8486
unet__scratch__resnet34__in_rover__seed1416__gpu_full__57fe1694__gitc2c2860f__codebebd8b2d__20260715T233432076608Z,msl_ncam_nlb_442600447edr_f0250312ncam00282m1,test_msl,soil,iou,0.8587958291288261,12766,14865,14865
unet__scratch__resnet34__in_rover__seed1416__gpu_full__57fe1694__gitc2c2860f__codebebd8b2d__20260715T233432076608Z,msl_ncam_nlb_442600447edr_f0250312ncam00282m1,test_msl,bedrock,iou,,0,0,14865
unet__scratch__resnet34__in_rover__seed1416__gpu_full__57fe1694__gitc2c2860f__codebebd8b2d__20260715T233432076608Z,msl_ncam_nlb_442600447edr_f0250312ncam00282m1,test_msl,sand,iou,0.0,0,2099,14865
unet__scratch__resnet34__in_rover__seed1416__gpu_full__57fe1694__gitc2c2860f__codebebd8b2d__20260715T233432076608Z,msl_ncam_nlb_442600447edr_f0250312ncam00282m1,test_msl,big_rock,iou,,0,0,14865
unet__scratch__resnet34__in_rover__seed1416__gpu_full__57fe1694__gitc2c2860f__codebebd8b2d__20260715T233432076608Z,msl_ncam_nlb_442600447edr_f0250312ncam00282m1,test_msl,ALL,pixel_acc,0.8587958291288261,0,0,14865
unet__scratch__resnet34__in_rover__seed1416__gpu_full__57fe1694__gitc2c2860f__codebebd8b2d__20260715T233432076608Z,msl_ncam_nlb_442600447edr_f0250312ncam00282m1,test_msl,ALL,boundary_f1,0.40764705882352936,0,0,14865
unet__scratch__resnet34__in_rover__seed1416__gpu_full__57fe1694__gitc2c2860f__codebebd8b2d__20260715T233432076608Z,msl_ncam_nlb_443659348edr_f0251082ncam00470m1,test_msl,soil,iou,1.0,97953,97953,97953
unet__scratch__resnet34__in_rover__seed1416__gpu_full__57fe1694__gitc2c2860f__codebebd8b2d__20260715T233432076608Z,msl_ncam_nlb_443659348edr_f0251082ncam00470m1,test_msl,bedrock,iou,,0,0,97953
unet__scratch__resnet34__in_rover__seed1416__gpu_full__57fe1694__gitc2c2860f__codebebd8b2d__20260715T233432076608Z,msl_ncam_nlb_443659348edr_f0251082ncam00470m1,test_msl,sand,iou,,0,0,97953
unet__scratch__resnet34__in_rover__seed1416__gpu_full__57fe1694__gitc2c2860f__codebebd8b2d__20260715T233432076608Z,msl_ncam_nlb_443659348edr_f0251082ncam00470m1,test_msl,big_rock,iou,,0,0,97953
unet__scratch__resnet34__in_rover__seed1416__gpu_full__57fe1694__gitc2c2860f__codebebd8b2d__20260715T233432076608Z,msl_ncam_nlb_443659348edr_f0251082ncam00470m1,test_msl,ALL,pixel_acc,1.0,0,0,97953
unet__scratch__resnet34__in_rover__seed1416__gpu_full__57fe1694__gitc2c2860f__codebebd8b2d__20260715T233432076608Z,msl_ncam_nlb_443659348edr_f0251082ncam00470m1,test_msl,ALL,boundary_f1,1.0,0,0,97953
unet__scratch__resnet34__in_rover__seed1416__gpu_full__57fe1694__gitc2c2860f__codebebd8b2d__20260715T233432076608Z,msl_ncam_nlb_443663198edr_f0251238ncam00353m1,test_msl,soil,iou,1.0,159090,159090,159090
unet__scratch__resnet34__in_rover__seed1416__gpu_full__57fe1694__gitc2c2860f__codebebd8b2d__20260715T233432076608Z,msl_ncam_nlb_443663198edr_f0251238ncam00353m1,test_msl,bedrock,iou,,0,0,159090
unet__scratch__resnet34__in_rover__seed1416__gpu_full__57fe1694__gitc2c2860f__codebebd8b2d__20260715T233432076608Z,msl_ncam_nlb_443663198edr_f0251238ncam00353m1,test_msl,sand,iou,,0,0,159090
unet__scratch__resnet34__in_rover__seed1416__gpu_full__57fe1694__gitc2c2860f__codebebd8b2d__20260715T233432076608Z,msl_ncam_nlb_443663198edr_f0251238ncam00353m1,test_msl,big_rock,iou,,0,0,159090
unet__scratch__resnet34__in_rover__seed1416__gpu_full__57fe1694__gitc2c2860f__codebebd8b2d__20260715T233432076608Z,msl_ncam_nlb_443663198edr_f0251238ncam00353m1,test_msl,ALL,pixel_acc,1.0,0,0,159090
unet__scratch__resnet34__in_rover__seed1416__gpu_full__57fe1694__gitc2c2860f__codebebd8b2d__20260715T233432076608Z,msl_ncam_nlb_443663198edr_f0251238ncam00353m1,test_msl,ALL,boundary_f1,1.0,0,0,159090
unet__scratch__resnet34__in_rover__seed1416__gpu_full__57fe1694__gitc2c2860f__codebebd8b2d__20260715T233432076608Z,msl_ncam_nlb_443663262edr_f0251238ncam00289m1,test_msl,soil,iou,1.0,68719,68719,68719
unet__scratch__resnet34__in_rover__seed1416__gpu_full__57fe1694__gitc2c2860f__codebebd8b2d__20260715T233432076608Z,msl_ncam_nlb_443663262edr_f0251238ncam00289m1,test_msl,bedrock,iou,,0,0,68719
unet__scratch__resnet34__in_rover__seed1416__gpu_full__57fe1694__gitc2c2860f__codebebd8b2d__20260715T233432076608Z,msl_ncam_nlb_443663262edr_f0251238ncam00289m1,test_msl,sand,iou,,0,0,68719
unet__scratch__resnet34__in_rover__seed1416__gpu_full__57fe1694__gitc2c2860f__codebebd8b2d__20260715T233432076608Z,msl_ncam_nlb_443663262edr_f0251238ncam00289m1,test_msl,big_rock,iou,,0,0,68719
unet__scratch__resnet34__in_rover__seed1416__gpu_full__57fe1694__gitc2c2860f__codebebd8b2d__20260715T233432076608Z,msl_ncam_nlb_443663262edr_f0251238ncam00289m1,test_msl,ALL,pixel_acc,1.0,0,0,68719
unet__scratch__resnet34__in_rover__seed1416__gpu_full__57fe1694__gitc2c2860f__codebebd8b2d__20260715T233432076608Z,msl_ncam_nlb_443663262edr_f0251238ncam00289m1,test_msl,ALL,boundary_f1,1.0,0,0,68719
unet__scratch__resnet34__in_rover__seed1416__gpu_full__57fe1694__gitc2c2860f__codebebd8b2d__20260715T233432076608Z,msl_ncam_nlb_443663326edr_f0251238ncam00289m1,test_msl,soil,iou,1.0,163565,163565,163565
unet__scratch__resnet34__in_rover__seed1416__gpu_full__57fe1694__gitc2c2860f__codebebd8b2d__20260715T233432076608Z,msl_ncam_nlb_443663326edr_f0251238ncam00289m1,test_msl,bedrock,iou,,0,0,163565
unet__scratch__resnet34__in_rover__seed1416__gpu_full__57fe1694__gitc2c2860f__codebebd8b2d__20260715T233432076608Z,msl_ncam_nlb_443663326edr_f0251238ncam00289m1,test_msl,sand,iou,,0,0,163565
unet__scratch__resnet34__in_rover__seed1416__gpu_full__57fe1694__gitc2c2860f__codebebd8b2d__20260715T233432076608Z,msl_ncam_nlb_443663326edr_f0251238ncam00289m1,test_msl,big_rock,iou,,0,0,163565
unet__scratch__resnet34__in_rover__seed1416__gpu_full__57fe1694__gitc2c2860f__codebebd8b2d__20260715T233432076608Z,msl_ncam_nlb_443663326edr_f0251238ncam00289m1,test_msl,ALL,pixel_acc,1.0,0,0,163565
unet__scratch__resnet34__in_rover__seed1416__gpu_full__57fe1694__gitc2c2860f__codebebd8b2d__20260715T233432076608Z,msl_ncam_nlb_443663326edr_f0251238ncam00289m1,test_msl,ALL,boundary_f1,1.0,0,0,163565
unet__scratch__resnet34__in_rover__seed1416__gpu_full__57fe1694__gitc2c2860f__codebebd8b2d__20260715T233432076608Z,msl_ncam_nlb_443668744edr_f0251238ncam00292m1,test_msl,soil,iou,1.0,56933,56933,56933
unet__scratch__resnet34__in_rover__seed1416__gpu_full__57fe1694__gitc2c2860f__codebebd8b2d__20260715T233432076608Z,msl_ncam_nlb_443668744edr_f0251238ncam00292m1,test_msl,bedrock,iou,,0,0,56933
unet__scratch__resnet34__in_rover__seed1416__gpu_full__57fe1694__gitc2c2860f__codebebd8b2d__20260715T233432076608Z,msl_ncam_nlb_443668744edr_f0251238ncam00292m1,test_msl,sand,iou,,0,0,56933
unet__scratch__resnet34__in_rover__seed1416__gpu_full__57fe1694__gitc2c2860f__codebebd8b2d__20260715T233432076608Z,msl_ncam_nlb_443668744edr_f0251238ncam00292m1,test_msl,big_rock,iou,,0,0,56933
unet__scratch__resnet34__in_rover__seed1416__gpu_full__57fe1694__gitc2c2860f__codebebd8b2d__20260715T233432076608Z,msl_ncam_nlb_443668744edr_f0251238ncam00292m1,test_msl,ALL,pixel_acc,1.0,0,0,56933
unet__scratch__resnet34__in_rover__seed1416__gpu_full__57fe1694__gitc2c2860f__codebebd8b2d__20260715T233432076608Z,msl_ncam_nlb_443668744edr_f0251238ncam00292m1,test_msl,ALL,boundary_f1,1.0,0,0,56933
unet__scratch__resnet34__in_rover__seed1416__gpu_full__57fe1694__gitc2c2860f__codebebd8b2d__20260715T233432076608Z,msl_ncam_nlb_443668806edr_f0251238ncam00292m1,test_msl,soil,iou,1.0,80428,80428,80428
unet__scratch__resnet34__in_rover__seed1416__gpu_full__57fe1694__gitc2c2860f__codebebd8b2d__20260715T233432076608Z,msl_ncam_nlb_443668806edr_f0251238ncam00292m1,test_msl,bedrock,iou,,0,0,80428
unet__scratch__resnet34__in_rover__seed1416__gpu_full__57fe1694__gitc2c2860f__codebebd8b2d__20260715T233432076608Z,msl_ncam_nlb_443668806edr_f0251238ncam00292m1,test_msl,sand,iou,,0,0,80428
unet__scratch__resnet34__in_rover__seed1416__gpu_full__57fe1694__gitc2c2860f__codebebd8b2d__20260715T233432076608Z,msl_ncam_nlb_443668806edr_f0251238ncam00292m1,test_msl,big_rock,iou,,0,0,80428
unet__scratch__resnet34__in_rover__seed1416__gpu_full__57fe1694__gitc2c2860f__codebebd8b2d__20260715T233432076608Z,msl_ncam_nlb_443668806edr_f0251238ncam00292m1,test_msl,ALL,pixel_acc,1.0,0,0,80428
unet__scratch__resnet34__in_rover__seed1416__gpu_full__57fe1694__gitc2c2860f__codebebd8b2d__20260715T233432076608Z,msl_ncam_nlb_443668806edr_f0251238ncam00292m1,test_msl,ALL,boundary_f1,1.0,0,0,80428
unet__scratch__resnet34__in_rover__seed1416__gpu_full__57fe1694__gitc2c2860f__codebebd8b2d__20260715T233432076608Z,msl_ncam_nlb_443668921edr_f0251238ncam00292m1,test_msl,soil,iou,0.995071215634316,75103,75475,75475
unet__scratch__resnet34__in_rover__seed1416__gpu_full__57fe1694__gitc2c2860f__codebebd8b2d__20260715T233432076608Z,msl_ncam_nlb_443668921edr_f0251238ncam00292m1,test_msl,bedrock,iou,,0,0,75475
unet__scratch__resnet34__in_rover__seed1416__gpu_full__57fe1694__gitc2c2860f__codebebd8b2d__20260715T233432076608Z,msl_ncam_nlb_443668921edr_f0251238ncam00292m1,test_msl,sand,iou,,0,0,75475
unet__scratch__resnet34__in_rover__seed1416__gpu_full__57fe1694__gitc2c2860f__codebebd8b2d__20260715T233432076608Z,msl_ncam_nlb_443668921edr_f0251238ncam00292m1,test_msl,big_rock,iou,0.0,0,372,75475
unet__scratch__resnet34__in_rover__seed1416__gpu_full__57fe1694__gitc2c2860f__codebebd8b2d__20260715T233432076608Z,msl_ncam_nlb_443668921edr_f0251238ncam00292m1,test_msl,ALL,pixel_acc,0.995071215634316,0,0,75475
unet__scratch__resnet34__in_rover__seed1416__gpu_full__57fe1694__gitc2c2860f__codebebd8b2d__20260715T233432076608Z,msl_ncam_nlb_443668921edr_f0251238ncam00292m1,test_msl,ALL,boundary_f1,0.49254028247463694,0,0,75475
unet__scratch__resnet34__in_rover__seed1416__gpu_full__57fe1694__gitc2c2860f__codebebd8b2d__20260715T233432076608Z,msl_ncam_nlb_443669058edr_f0251238ncam00352m1,test_msl,soil,iou,1.0,191983,191983,191983
unet__scratch__resnet34__in_rover__seed1416__gpu_full__57fe1694__gitc2c2860f__codebebd8b2d__20260715T233432076608Z,msl_ncam_nlb_443669058edr_f0251238ncam00352m1,test_msl,bedrock,iou,,0,0,191983
unet__scratch__resnet34__in_rover__seed1416__gpu_full__57fe1694__gitc2c2860f__codebebd8b2d__20260715T233432076608Z,msl_ncam_nlb_443669058edr_f0251238ncam00352m1,test_msl,sand,iou,,0,0,191983
unet__scratch__resnet34__in_rover__seed1416__gpu_full__57fe1694__gitc2c2860f__codebebd8b2d__20260715T233432076608Z,msl_ncam_nlb_443669058edr_f0251238ncam00352m1,test_msl,big_rock,iou,,0,0,191983
unet__scratch__resnet34__in_rover__seed1416__gpu_full__57fe1694__gitc2c2860f__codebebd8b2d__20260715T233432076608Z,msl_ncam_nlb_443669058edr_f0251238ncam00352m1,test_msl,ALL,pixel_acc,1.0,0,0,191983
unet__scratch__resnet34__in_rover__seed1416__gpu_full__57fe1694__gitc2c2860f__codebebd8b2d__20260715T233432076608Z,msl_ncam_nlb_443669058edr_f0251238ncam00352m1,test_msl,ALL,boundary_f1,1.0,0,0,191983
unet__scratch__resnet34__in_rover__seed1416__gpu_full__57fe1694__gitc2c2860f__codebebd8b2d__20260715T233432076608Z,msl_ncam_nlb_443669122edr_f0251238ncam00352m1,test_msl,soil,iou,1.0,138713,138713,138713
unet__scratch__resnet34__in_rover__seed1416__gpu_full__57fe1694__gitc2c2860f__codebebd8b2d__20260715T233432076608Z,msl_ncam_nlb_443669122edr_f0251238ncam00352m1,test_msl,bedrock,iou,,0,0,138713
unet__scratch__resnet34__in_rover__seed1416__gpu_full__57fe1694__gitc2c2860f__codebebd8b2d__20260715T233432076608Z,msl_ncam_nlb_443669122edr_f0251238ncam00352m1,test_msl,sand,iou,,0,0,138713
unet__scratch__resnet34__in_rover__seed1416__gpu_full__57fe1694__gitc2c2860f__codebebd8b2d__20260715T233432076608Z,msl_ncam_nlb_443669122edr_f0251238ncam00352m1,test_msl,big_rock,iou,,0,0,138713
unet__scratch__resnet34__in_rover__seed1416__gpu_full__57fe1694__gitc2c2860f__codebebd8b2d__20260715T233432076608Z,msl_ncam_nlb_443669122edr_f0251238ncam00352m1,test_msl,ALL,pixel_acc,1.0,0,0,138713
unet__scratch__resnet34__in_rover__seed1416__gpu_full__57fe1694__gitc2c2860f__codebebd8b2d__20260715T233432076608Z,msl_ncam_nlb_443669122edr_f0251238ncam00352m1,test_msl,ALL,boundary_f1,1.0,0,0,138713
unet__scratch__resnet34__in_rover__seed1416__gpu_full__57fe1694__gitc2c2860f__codebebd8b2d__20260715T233432076608Z,msl_ncam_nlb_448278207edr_f0300432ncam00380m1,test_msl,soil,iou,1.0,219849,219849,219849
unet__scratch__resnet34__in_rover__seed1416__gpu_full__57fe1694__gitc2c2860f__codebebd8b2d__20260715T233432076608Z,msl_ncam_nlb_448278207edr_f0300432ncam00380m1,test_msl,bedrock,iou,,0,0,219849
unet__scratch__resnet34__in_rover__seed1416__gpu_full__57fe1694__gitc2c2860f__codebebd8b2d__20260715T233432076608Z,msl_ncam_nlb_448278207edr_f0300432ncam00380m1,test_msl,sand,iou,,0,0,219849
unet__scratch__resnet34__in_rover__seed1416__gpu_full__57fe1694__gitc2c2860f__codebebd8b2d__20260715T233432076608Z,msl_ncam_nlb_448278207edr_f0300432ncam00380m1,test_msl,big_rock,iou,,0,0,219849
unet__scratch__resnet34__in_rover__seed1416__gpu_full__57fe1694__gitc2c2860f__codebebd8b2d__20260715T233432076608Z,msl_ncam_nlb_448278207edr_f0300432ncam00380m1,test_msl,ALL,pixel_acc,1.0,0,0,219849
unet__scratch__resnet34__in_rover__seed1416__gpu_full__57fe1694__gitc2c2860f__codebebd8b2d__20260715T233432076608Z,msl_ncam_nlb_448278207edr_f0300432ncam00380m1,test_msl,ALL,boundary_f1,1.0,0,0,219849
unet__scratch__resnet34__in_rover__seed1416__gpu_full__57fe1694__gitc2c2860f__codebebd8b2d__20260715T233432076608Z,msl_ncam_nlb_448279148edr_f0300484ncam00353m1,test_msl,soil,iou,1.0,173750,173750,173750
unet__scratch__resnet34__in_rover__seed1416__gpu_full__57fe1694__gitc2c2860f__codebebd8b2d__20260715T233432076608Z,msl_ncam_nlb_448279148edr_f0300484ncam00353m1,test_msl,bedrock,iou,,0,0,173750
unet__scratch__resnet34__in_rover__seed1416__gpu_full__57fe1694__gitc2c2860f__codebebd8b2d__20260715T233432076608Z,msl_ncam_nlb_448279148edr_f0300484ncam00353m1,test_msl,sand,iou,,0,0,173750
unet__scratch__resnet34__in_rover__seed1416__gpu_full__57fe1694__gitc2c2860f__codebebd8b2d__20260715T233432076608Z,msl_ncam_nlb_448279148edr_f0300484ncam00353m1,test_msl,big_rock,iou,,0,0,173750
unet__scratch__resnet34__in_rover__seed1416__gpu_full__57fe1694__gitc2c2860f__codebebd8b2d__20260715T233432076608Z,msl_ncam_nlb_448279148edr_f0300484ncam00353m1,test_msl,ALL,pixel_acc,1.0,0,0,173750
unet__scratch__resnet34__in_rover__seed1416__gpu_full__57fe1694__gitc2c2860f__codebebd8b2d__20260715T233432076608Z,msl_ncam_nlb_448279148edr_f0300484ncam00353m1,test_msl,ALL,boundary_f1,1.0,0,0,173750
unet__scratch__resnet34__in_rover__seed1416__gpu_full__57fe1694__gitc2c2860f__codebebd8b2d__20260715T233432076608Z,msl_ncam_nlb_448279299edr_f0300484ncam00299m1,test_msl,soil,iou,1.0,103574,103574,103574
unet__scratch__resnet34__in_rover__seed1416__gpu_full__57fe1694__gitc2c2860f__codebebd8b2d__20260715T233432076608Z,msl_ncam_nlb_448279299edr_f0300484ncam00299m1,test_msl,bedrock,iou,,0,0,103574
unet__scratch__resnet34__in_rover__seed1416__gpu_full__57fe1694__gitc2c2860f__codebebd8b2d__20260715T233432076608Z,msl_ncam_nlb_448279299edr_f0300484ncam00299m1,test_msl,sand,iou,,0,0,103574
unet__scratch__resnet34__in_rover__seed1416__gpu_full__57fe1694__gitc2c2860f__codebebd8b2d__20260715T233432076608Z,msl_ncam_nlb_448279299edr_f0300484ncam00299m1,test_msl,big_rock,iou,,0,0,103574
unet__scratch__resnet34__in_rover__seed1416__gpu_full__57fe1694__gitc2c2860f__codebebd8b2d__20260715T233432076608Z,msl_ncam_nlb_448279299edr_f0300484ncam00299m1,test_msl,ALL,pixel_acc,1.0,0,0,103574
unet__scratch__resnet34__in_rover__seed1416__gpu_full__57fe1694__gitc2c2860f__codebebd8b2d__20260715T233432076608Z,msl_ncam_nlb_448279299edr_f0300484ncam00299m1,test_msl,ALL,boundary_f1,1.0,0,0,103574
unet__scratch__resnet34__in_rover__seed1416__gpu_full__57fe1694__gitc2c2860f__codebebd8b2d__20260715T233432076608Z,msl_ncam_nlb_448279363edr_f0300484ncam00299m1,test_msl,soil,iou,,0,0,0
unet__scratch__resnet34__in_rover__seed1416__gpu_full__57fe1694__gitc2c2860f__codebebd8b2d__20260715T233432076608Z,msl_ncam_nlb_448279363edr_f0300484ncam00299m1,test_msl,bedrock,iou,,0,0,0
unet__scratch__resnet34__in_rover__seed1416__gpu_full__57fe1694__gitc2c2860f__codebebd8b2d__20260715T233432076608Z,msl_ncam_nlb_448279363edr_f0300484ncam00299m1,test_msl,sand,iou,,0,0,0
unet__scratch__resnet34__in_rover__seed1416__gpu_full__57fe1694__gitc2c2860f__codebebd8b2d__20260715T233432076608Z,msl_ncam_nlb_448279363edr_f0300484ncam00299m1,test_msl,big_rock,iou,,0,0,0
unet__scratch__resnet34__in_rover__seed1416__gpu_full__57fe1694__gitc2c2860f__codebebd8b2d__20260715T233432076608Z,msl_ncam_nlb_448279363edr_f0300484ncam00299m1,test_msl,ALL,pixel_acc,,0,0,0
unet__scratch__resnet34__in_rover__seed1416__gpu_full__57fe1694__gitc2c2860f__codebebd8b2d__20260715T233432076608Z,msl_ncam_nlb_448279363edr_f0300484ncam00299m1,test_msl,ALL,boundary_f1,,0,0,0
unet__scratch__resnet34__in_rover__seed1416__gpu_full__57fe1694__gitc2c2860f__codebebd8b2d__20260715T233432076608Z,msl_ncam_nlb_448279809edr_f0300484ncam00354m1,test_msl,soil,iou,1.0,235752,235752,235752
unet__scratch__resnet34__in_rover__seed1416__gpu_full__57fe1694__gitc2c2860f__codebebd8b2d__20260715T233432076608Z,msl_ncam_nlb_448279809edr_f0300484ncam00354m1,test_msl,bedrock,iou,,0,0,235752
unet__scratch__resnet34__in_rover__seed1416__gpu_full__57fe1694__gitc2c2860f__codebebd8b2d__20260715T233432076608Z,msl_ncam_nlb_448279809edr_f0300484ncam00354m1,test_msl,sand,iou,,0,0,235752
unet__scratch__resnet34__in_rover__seed1416__gpu_full__57fe1694__gitc2c2860f__codebebd8b2d__20260715T233432076608Z,msl_ncam_nlb_448279809edr_f0300484ncam00354m1,test_msl,big_rock,iou,,0,0,235752
unet__scratch__resnet34__in_rover__seed1416__gpu_full__57fe1694__gitc2c2860f__codebebd8b2d__20260715T233432076608Z,msl_ncam_nlb_448279809edr_f0300484ncam00354m1,test_msl,ALL,pixel_acc,1.0,0,0,235752
unet__scratch__resnet34__in_rover__seed1416__gpu_full__57fe1694__gitc2c2860f__codebebd8b2d__20260715T233432076608Z,msl_ncam_nlb_448279809edr_f0300484ncam00354m1,test_msl,ALL,boundary_f1,1.0,0,0,235752
unet__scratch__resnet34__in_rover__seed1416__gpu_full__57fe1694__gitc2c2860f__codebebd8b2d__20260715T233432076608Z,msl_ncam_nlb_448279926edr_f0300484ncam00250m1,test_msl,soil,iou,1.0,165154,165154,165154
unet__scratch__resnet34__in_rover__seed1416__gpu_full__57fe1694__gitc2c2860f__codebebd8b2d__20260715T233432076608Z,msl_ncam_nlb_448279926edr_f0300484ncam00250m1,test_msl,bedrock,iou,,0,0,165154
unet__scratch__resnet34__in_rover__seed1416__gpu_full__57fe1694__gitc2c2860f__codebebd8b2d__20260715T233432076608Z,msl_ncam_nlb_448279926edr_f0300484ncam00250m1,test_msl,sand,iou,,0,0,165154
unet__scratch__resnet34__in_rover__seed1416__gpu_full__57fe1694__gitc2c2860f__codebebd8b2d__20260715T233432076608Z,msl_ncam_nlb_448279926edr_f0300484ncam00250m1,test_msl,big_rock,iou,,0,0,165154
unet__scratch__resnet34__in_rover__seed1416__gpu_full__57fe1694__gitc2c2860f__codebebd8b2d__20260715T233432076608Z,msl_ncam_nlb_448279926edr_f0300484ncam00250m1,test_msl,ALL,pixel_acc,1.0,0,0,165154
unet__scratch__resnet34__in_rover__seed1416__gpu_full__57fe1694__gitc2c2860f__codebebd8b2d__20260715T233432076608Z,msl_ncam_nlb_448279926edr_f0300484ncam00250m1,test_msl,ALL,boundary_f1,1.0,0,0,165154
unet__scratch__resnet34__in_rover__seed1416__gpu_full__57fe1694__gitc2c2860f__codebebd8b2d__20260715T233432076608Z,msl_ncam_nlb_448279988edr_f0300484ncam00250m1,test_msl,soil,iou,1.0,181913,181913,181913
unet__scratch__resnet34__in_rover__seed1416__gpu_full__57fe1694__gitc2c2860f__codebebd8b2d__20260715T233432076608Z,msl_ncam_nlb_448279988edr_f0300484ncam00250m1,test_msl,bedrock,iou,,0,0,181913
unet__scratch__resnet34__in_rover__seed1416__gpu_full__57fe1694__gitc2c2860f__codebebd8b2d__20260715T233432076608Z,msl_ncam_nlb_448279988edr_f0300484ncam00250m1,test_msl,sand,iou,,0,0,181913
unet__scratch__resnet34__in_rover__seed1416__gpu_full__57fe1694__gitc2c2860f__codebebd8b2d__20260715T233432076608Z,msl_ncam_nlb_448279988edr_f0300484ncam00250m1,test_msl,big_rock,iou,,0,0,181913
unet__scratch__resnet34__in_rover__seed1416__gpu_full__57fe1694__gitc2c2860f__codebebd8b2d__20260715T233432076608Z,msl_ncam_nlb_448279988edr_f0300484ncam00250m1,test_msl,ALL,pixel_acc,1.0,0,0,181913
unet__scratch__resnet34__in_rover__seed1416__gpu_full__57fe1694__gitc2c2860f__codebebd8b2d__20260715T233432076608Z,msl_ncam_nlb_448279988edr_f0300484ncam00250m1,test_msl,ALL,boundary_f1,1.0,0,0,181913
unet__scratch__resnet34__in_rover__seed1416__gpu_full__57fe1694__gitc2c2860f__codebebd8b2d__20260715T233432076608Z,msl_ncam_nlb_448280142edr_f0300484ncam00250m1,test_msl,soil,iou,1.0,85498,85498,85498
unet__scratch__resnet34__in_rover__seed1416__gpu_full__57fe1694__gitc2c2860f__codebebd8b2d__20260715T233432076608Z,msl_ncam_nlb_448280142edr_f0300484ncam00250m1,test_msl,bedrock,iou,,0,0,85498
unet__scratch__resnet34__in_rover__seed1416__gpu_full__57fe1694__gitc2c2860f__codebebd8b2d__20260715T233432076608Z,msl_ncam_nlb_448280142edr_f0300484ncam00250m1,test_msl,sand,iou,,0,0,85498
unet__scratch__resnet34__in_rover__seed1416__gpu_full__57fe1694__gitc2c2860f__codebebd8b2d__20260715T233432076608Z,msl_ncam_nlb_448280142edr_f0300484ncam00250m1,test_msl,big_rock,iou,,0,0,85498
unet__scratch__resnet34__in_rover__seed1416__gpu_full__57fe1694__gitc2c2860f__codebebd8b2d__20260715T233432076608Z,msl_ncam_nlb_448280142edr_f0300484ncam00250m1,test_msl,ALL,pixel_acc,1.0,0,0,85498
unet__scratch__resnet34__in_rover__seed1416__gpu_full__57fe1694__gitc2c2860f__codebebd8b2d__20260715T233432076608Z,msl_ncam_nlb_448280142edr_f0300484ncam00250m1,test_msl,ALL,boundary_f1,1.0,0,0,85498
unet__scratch__resnet34__in_rover__seed1416__gpu_full__57fe1694__gitc2c2860f__codebebd8b2d__20260715T233432076608Z,msl_ncam_nlb_453776957edr_f0320204ncam00498m1,test_msl,soil,iou,1.0,194007,194007,201171
unet__scratch__resnet34__in_rover__seed1416__gpu_full__57fe1694__gitc2c2860f__codebebd8b2d__20260715T233432076608Z,msl_ncam_nlb_453776957edr_f0320204ncam00498m1,test_msl,bedrock,iou,,0,0,201171
unet__scratch__resnet34__in_rover__seed1416__gpu_full__57fe1694__gitc2c2860f__codebebd8b2d__20260715T233432076608Z,msl_ncam_nlb_453776957edr_f0320204ncam00498m1,test_msl,sand,iou,0.9781675685762269,5242,5359,201171
unet__scratch__resnet34__in_rover__seed1416__gpu_full__57fe1694__gitc2c2860f__codebebd8b2d__20260715T233432076608Z,msl_ncam_nlb_453776957edr_f0320204ncam00498m1,test_msl,big_rock,iou,0.9391259105098856,1805,1922,201171
unet__scratch__resnet34__in_rover__seed1416__gpu_full__57fe1694__gitc2c2860f__codebebd8b2d__20260715T233432076608Z,msl_ncam_nlb_453776957edr_f0320204ncam00498m1,test_msl,ALL,pixel_acc,0.9994184052373354,0,0,201171
unet__scratch__resnet34__in_rover__seed1416__gpu_full__57fe1694__gitc2c2860f__codebebd8b2d__20260715T233432076608Z,msl_ncam_nlb_453776957edr_f0320204ncam00498m1,test_msl,ALL,boundary_f1,0.9291406890524607,0,0,201171
unet__scratch__resnet34__in_rover__seed1416__gpu_full__57fe1694__gitc2c2860f__codebebd8b2d__20260715T233432076608Z,msl_ncam_nlb_453777056edr_f0320204ncam00497m1,test_msl,soil,iou,1.0,241876,241876,241876
unet__scratch__resnet34__in_rover__seed1416__gpu_full__57fe1694__gitc2c2860f__codebebd8b2d__20260715T233432076608Z,msl_ncam_nlb_453777056edr_f0320204ncam00497m1,test_msl,bedrock,iou,,0,0,241876
unet__scratch__resnet34__in_rover__seed1416__gpu_full__57fe1694__gitc2c2860f__codebebd8b2d__20260715T233432076608Z,msl_ncam_nlb_453777056edr_f0320204ncam00497m1,test_msl,sand,iou,,0,0,241876
unet__scratch__resnet34__in_rover__seed1416__gpu_full__57fe1694__gitc2c2860f__codebebd8b2d__20260715T233432076608Z,msl_ncam_nlb_453777056edr_f0320204ncam00497m1,test_msl,big_rock,iou,,0,0,241876
unet__scratch__resnet34__in_rover__seed1416__gpu_full__57fe1694__gitc2c2860f__codebebd8b2d__20260715T233432076608Z,msl_ncam_nlb_453777056edr_f0320204ncam00497m1,test_msl,ALL,pixel_acc,1.0,0,0,241876
unet__scratch__resnet34__in_rover__seed1416__gpu_full__57fe1694__gitc2c2860f__codebebd8b2d__20260715T233432076608Z,msl_ncam_nlb_453777056edr_f0320204ncam00497m1,test_msl,ALL,boundary_f1,1.0,0,0,241876
unet__scratch__resnet34__in_rover__seed1416__gpu_full__57fe1694__gitc2c2860f__codebebd8b2d__20260715T233432076608Z,msl_ncam_nlb_453780775edr_f0320478ncam00353m1,test_msl,soil,iou,1.0,178148,178148,178148
unet__scratch__resnet34__in_rover__seed1416__gpu_full__57fe1694__gitc2c2860f__codebebd8b2d__20260715T233432076608Z,msl_ncam_nlb_453780775edr_f0320478ncam00353m1,test_msl,bedrock,iou,,0,0,178148
unet__scratch__resnet34__in_rover__seed1416__gpu_full__57fe1694__gitc2c2860f__codebebd8b2d__20260715T233432076608Z,msl_ncam_nlb_453780775edr_f0320478ncam00353m1,test_msl,sand,iou,,0,0,178148
unet__scratch__resnet34__in_rover__seed1416__gpu_full__57fe1694__gitc2c2860f__codebebd8b2d__20260715T233432076608Z,msl_ncam_nlb_453780775edr_f0320478ncam00353m1,test_msl,big_rock,iou,,0,0,178148
unet__scratch__resnet34__in_rover__seed1416__gpu_full__57fe1694__gitc2c2860f__codebebd8b2d__20260715T233432076608Z,msl_ncam_nlb_453780775edr_f0320478ncam00353m1,test_msl,ALL,pixel_acc,1.0,0,0,178148
unet__scratch__resnet34__in_rover__seed1416__gpu_full__57fe1694__gitc2c2860f__codebebd8b2d__20260715T233432076608Z,msl_ncam_nlb_453780775edr_f0320478ncam00353m1,test_msl,ALL,boundary_f1,1.0,0,0,178148
unet__scratch__resnet34__in_rover__seed1416__gpu_full__57fe1694__gitc2c2860f__codebebd8b2d__20260715T233432076608Z,msl_ncam_nlb_453780853edr_f0320478ncam00281m1,test_msl,soil,iou,0.9985517005493918,186845,187116,187378
unet__scratch__resnet34__in_rover__seed1416__gpu_full__57fe1694__gitc2c2860f__codebebd8b2d__20260715T233432076608Z,msl_ncam_nlb_453780853edr_f0320478ncam00281m1,test_msl,bedrock,iou,,0,0,187378
unet__scratch__resnet34__in_rover__seed1416__gpu_full__57fe1694__gitc2c2860f__codebebd8b2d__20260715T233432076608Z,msl_ncam_nlb_453780853edr_f0320478ncam00281m1,test_msl,sand,iou,,0,0,187378
unet__scratch__resnet34__in_rover__seed1416__gpu_full__57fe1694__gitc2c2860f__codebebd8b2d__20260715T233432076608Z,msl_ncam_nlb_453780853edr_f0320478ncam00281m1,test_msl,big_rock,iou,0.4915572232645403,262,533,187378
unet__scratch__resnet34__in_rover__seed1416__gpu_full__57fe1694__gitc2c2860f__codebebd8b2d__20260715T233432076608Z,msl_ncam_nlb_453780853edr_f0320478ncam00281m1,test_msl,ALL,pixel_acc,0.9985537256241395,0,0,187378
unet__scratch__resnet34__in_rover__seed1416__gpu_full__57fe1694__gitc2c2860f__codebebd8b2d__20260715T233432076608Z,msl_ncam_nlb_453780853edr_f0320478ncam00281m1,test_msl,ALL,boundary_f1,0.8669298422749334,0,0,187378
unet__scratch__resnet34__in_rover__seed1416__gpu_full__57fe1694__gitc2c2860f__codebebd8b2d__20260715T233432076608Z,msl_ncam_nlb_453781520edr_f0320478ncam00282m1,test_msl,soil,iou,1.0,44638,44638,44638
unet__scratch__resnet34__in_rover__seed1416__gpu_full__57fe1694__gitc2c2860f__codebebd8b2d__20260715T233432076608Z,msl_ncam_nlb_453781520edr_f0320478ncam00282m1,test_msl,bedrock,iou,,0,0,44638
unet__scratch__resnet34__in_rover__seed1416__gpu_full__57fe1694__gitc2c2860f__codebebd8b2d__20260715T233432076608Z,msl_ncam_nlb_453781520edr_f0320478ncam00282m1,test_msl,sand,iou,,0,0,44638
unet__scratch__resnet34__in_rover__seed1416__gpu_full__57fe1694__gitc2c2860f__codebebd8b2d__20260715T233432076608Z,msl_ncam_nlb_453781520edr_f0320478ncam00282m1,test_msl,big_rock,iou,,0,0,44638
unet__scratch__resnet34__in_rover__seed1416__gpu_full__57fe1694__gitc2c2860f__codebebd8b2d__20260715T233432076608Z,msl_ncam_nlb_453781520edr_f0320478ncam00282m1,test_msl,ALL,pixel_acc,1.0,0,0,44638
unet__scratch__resnet34__in_rover__seed1416__gpu_full__57fe1694__gitc2c2860f__codebebd8b2d__20260715T233432076608Z,msl_ncam_nlb_453781520edr_f0320478ncam00282m1,test_msl,ALL,boundary_f1,1.0,0,0,44638
unet__scratch__resnet34__in_rover__seed1416__gpu_full__57fe1694__gitc2c2860f__codebebd8b2d__20260715T233432076608Z,msl_ncam_nlb_453781583edr_f0320478ncam00282m1,test_msl,soil,iou,,0,0,0
unet__scratch__resnet34__in_rover__seed1416__gpu_full__57fe1694__gitc2c2860f__codebebd8b2d__20260715T233432076608Z,msl_ncam_nlb_453781583edr_f0320478ncam00282m1,test_msl,bedrock,iou,,0,0,0
unet__scratch__resnet34__in_rover__seed1416__gpu_full__57fe1694__gitc2c2860f__codebebd8b2d__20260715T233432076608Z,msl_ncam_nlb_453781583edr_f0320478ncam00282m1,test_msl,sand,iou,,0,0,0
unet__scratch__resnet34__in_rover__seed1416__gpu_full__57fe1694__gitc2c2860f__codebebd8b2d__20260715T233432076608Z,msl_ncam_nlb_453781583edr_f0320478ncam00282m1,test_msl,big_rock,iou,,0,0,0
unet__scratch__resnet34__in_rover__seed1416__gpu_full__57fe1694__gitc2c2860f__codebebd8b2d__20260715T233432076608Z,msl_ncam_nlb_453781583edr_f0320478ncam00282m1,test_msl,ALL,pixel_acc,,0,0,0
unet__scratch__resnet34__in_rover__seed1416__gpu_full__57fe1694__gitc2c2860f__codebebd8b2d__20260715T233432076608Z,msl_ncam_nlb_453781583edr_f0320478ncam00282m1,test_msl,ALL,boundary_f1,,0,0,0
unet__scratch__resnet34__in_rover__seed1416__gpu_full__57fe1694__gitc2c2860f__codebebd8b2d__20260715T233432076608Z,msl_ncam_nlb_453781647edr_f0320478ncam00282m1,test_msl,soil,iou,1.0,198856,198856,198856
unet__scratch__resnet34__in_rover__seed1416__gpu_full__57fe1694__gitc2c2860f__codebebd8b2d__20260715T233432076608Z,msl_ncam_nlb_453781647edr_f0320478ncam00282m1,test_msl,bedrock,iou,,0,0,198856
unet__scratch__resnet34__in_rover__seed1416__gpu_full__57fe1694__gitc2c2860f__codebebd8b2d__20260715T233432076608Z,msl_ncam_nlb_453781647edr_f0320478ncam00282m1,test_msl,sand,iou,,0,0,198856
unet__scratch__resnet34__in_rover__seed1416__gpu_full__57fe1694__gitc2c2860f__codebebd8b2d__20260715T233432076608Z,msl_ncam_nlb_453781647edr_f0320478ncam00282m1,test_msl,big_rock,iou,,0,0,198856
unet__scratch__resnet34__in_rover__seed1416__gpu_full__57fe1694__gitc2c2860f__codebebd8b2d__20260715T233432076608Z,msl_ncam_nlb_453781647edr_f0320478ncam00282m1,test_msl,ALL,pixel_acc,1.0,0,0,198856
unet__scratch__resnet34__in_rover__seed1416__gpu_full__57fe1694__gitc2c2860f__codebebd8b2d__20260715T233432076608Z,msl_ncam_nlb_453781647edr_f0320478ncam00282m1,test_msl,ALL,boundary_f1,1.0,0,0,198856
unet__scratch__resnet34__in_rover__seed1416__gpu_full__57fe1694__gitc2c2860f__codebebd8b2d__20260715T233432076608Z,msl_ncam_nlb_454576834edr_f0330660ncam00291m1,test_msl,soil,iou,1.0,96212,96212,96212
unet__scratch__resnet34__in_rover__seed1416__gpu_full__57fe1694__gitc2c2860f__codebebd8b2d__20260715T233432076608Z,msl_ncam_nlb_454576834edr_f0330660ncam00291m1,test_msl,bedrock,iou,,0,0,96212
unet__scratch__resnet34__in_rover__seed1416__gpu_full__57fe1694__gitc2c2860f__codebebd8b2d__20260715T233432076608Z,msl_ncam_nlb_454576834edr_f0330660ncam00291m1,test_msl,sand,iou,,0,0,96212
unet__scratch__resnet34__in_rover__seed1416__gpu_full__57fe1694__gitc2c2860f__codebebd8b2d__20260715T233432076608Z,msl_ncam_nlb_454576834edr_f0330660ncam00291m1,test_msl,big_rock,iou,,0,0,96212
unet__scratch__resnet34__in_rover__seed1416__gpu_full__57fe1694__gitc2c2860f__codebebd8b2d__20260715T233432076608Z,msl_ncam_nlb_454576834edr_f0330660ncam00291m1,test_msl,ALL,pixel_acc,1.0,0,0,96212
unet__scratch__resnet34__in_rover__seed1416__gpu_full__57fe1694__gitc2c2860f__codebebd8b2d__20260715T233432076608Z,msl_ncam_nlb_454576834edr_f0330660ncam00291m1,test_msl,ALL,boundary_f1,1.0,0,0,96212
unet__scratch__resnet34__in_rover__seed1416__gpu_full__57fe1694__gitc2c2860f__codebebd8b2d__20260715T233432076608Z,msl_ncam_nlb_454577689edr_f0330660ncam00350m1,test_msl,soil,iou,1.0,220994,220994,220994
unet__scratch__resnet34__in_rover__seed1416__gpu_full__57fe1694__gitc2c2860f__codebebd8b2d__20260715T233432076608Z,msl_ncam_nlb_454577689edr_f0330660ncam00350m1,test_msl,bedrock,iou,,0,0,220994
unet__scratch__resnet34__in_rover__seed1416__gpu_full__57fe1694__gitc2c2860f__codebebd8b2d__20260715T233432076608Z,msl_ncam_nlb_454577689edr_f0330660ncam00350m1,test_msl,sand,iou,,0,0,220994
unet__scratch__resnet34__in_rover__seed1416__gpu_full__57fe1694__gitc2c2860f__codebebd8b2d__20260715T233432076608Z,msl_ncam_nlb_454577689edr_f0330660ncam00350m1,test_msl,big_rock,iou,,0,0,220994
unet__scratch__resnet34__in_rover__seed1416__gpu_full__57fe1694__gitc2c2860f__codebebd8b2d__20260715T233432076608Z,msl_ncam_nlb_454577689edr_f0330660ncam00350m1,test_msl,ALL,pixel_acc,1.0,0,0,220994
unet__scratch__resnet34__in_rover__seed1416__gpu_full__57fe1694__gitc2c2860f__codebebd8b2d__20260715T233432076608Z,msl_ncam_nlb_454577689edr_f0330660ncam00350m1,test_msl,ALL,boundary_f1,1.0,0,0,220994
unet__scratch__resnet34__in_rover__seed1416__gpu_full__57fe1694__gitc2c2860f__codebebd8b2d__20260715T233432076608Z,msl_ncam_nlb_454577808edr_f0330660ncam00350m1,test_msl,soil,iou,1.0,149819,149819,149819
unet__scratch__resnet34__in_rover__seed1416__gpu_full__57fe1694__gitc2c2860f__codebebd8b2d__20260715T233432076608Z,msl_ncam_nlb_454577808edr_f0330660ncam00350m1,test_msl,bedrock,iou,,0,0,149819
unet__scratch__resnet34__in_rover__seed1416__gpu_full__57fe1694__gitc2c2860f__codebebd8b2d__20260715T233432076608Z,msl_ncam_nlb_454577808edr_f0330660ncam00350m1,test_msl,sand,iou,,0,0,149819
unet__scratch__resnet34__in_rover__seed1416__gpu_full__57fe1694__gitc2c2860f__codebebd8b2d__20260715T233432076608Z,msl_ncam_nlb_454577808edr_f0330660ncam00350m1,test_msl,big_rock,iou,,0,0,149819
unet__scratch__resnet34__in_rover__seed1416__gpu_full__57fe1694__gitc2c2860f__codebebd8b2d__20260715T233432076608Z,msl_ncam_nlb_454577808edr_f0330660ncam00350m1,test_msl,ALL,pixel_acc,1.0,0,0,149819
unet__scratch__resnet34__in_rover__seed1416__gpu_full__57fe1694__gitc2c2860f__codebebd8b2d__20260715T233432076608Z,msl_ncam_nlb_454577808edr_f0330660ncam00350m1,test_msl,ALL,boundary_f1,1.0,0,0,149819
unet__scratch__resnet34__in_rover__seed1416__gpu_full__57fe1694__gitc2c2860f__codebebd8b2d__20260715T233432076608Z,msl_ncam_nlb_454577843edr_f0330660ncam00292m1,test_msl,soil,iou,1.0,190037,190037,190037
unet__scratch__resnet34__in_rover__seed1416__gpu_full__57fe1694__gitc2c2860f__codebebd8b2d__20260715T233432076608Z,msl_ncam_nlb_454577843edr_f0330660ncam00292m1,test_msl,bedrock,iou,,0,0,190037
unet__scratch__resnet34__in_rover__seed1416__gpu_full__57fe1694__gitc2c2860f__codebebd8b2d__20260715T233432076608Z,msl_ncam_nlb_454577843edr_f0330660ncam00292m1,test_msl,sand,iou,,0,0,190037
unet__scratch__resnet34__in_rover__seed1416__gpu_full__57fe1694__gitc2c2860f__codebebd8b2d__20260715T233432076608Z,msl_ncam_nlb_454577843edr_f0330660ncam00292m1,test_msl,big_rock,iou,,0,0,190037
unet__scratch__resnet34__in_rover__seed1416__gpu_full__57fe1694__gitc2c2860f__codebebd8b2d__20260715T233432076608Z,msl_ncam_nlb_454577843edr_f0330660ncam00292m1,test_msl,ALL,pixel_acc,1.0,0,0,190037
unet__scratch__resnet34__in_rover__seed1416__gpu_full__57fe1694__gitc2c2860f__codebebd8b2d__20260715T233432076608Z,msl_ncam_nlb_454577843edr_f0330660ncam00292m1,test_msl,ALL,boundary_f1,1.0,0,0,190037
unet__scratch__resnet34__in_rover__seed1416__gpu_full__57fe1694__gitc2c2860f__codebebd8b2d__20260715T233432076608Z,msl_ncam_nlb_454577912edr_f0330660ncam00292m1,test_msl,soil,iou,1.0,152116,152116,152116
unet__scratch__resnet34__in_rover__seed1416__gpu_full__57fe1694__gitc2c2860f__codebebd8b2d__20260715T233432076608Z,msl_ncam_nlb_454577912edr_f0330660ncam00292m1,test_msl,bedrock,iou,,0,0,152116
unet__scratch__resnet34__in_rover__seed1416__gpu_full__57fe1694__gitc2c2860f__codebebd8b2d__20260715T233432076608Z,msl_ncam_nlb_454577912edr_f0330660ncam00292m1,test_msl,sand,iou,,0,0,152116
unet__scratch__resnet34__in_rover__seed1416__gpu_full__57fe1694__gitc2c2860f__codebebd8b2d__20260715T233432076608Z,msl_ncam_nlb_454577912edr_f0330660ncam00292m1,test_msl,big_rock,iou,,0,0,152116
unet__scratch__resnet34__in_rover__seed1416__gpu_full__57fe1694__gitc2c2860f__codebebd8b2d__20260715T233432076608Z,msl_ncam_nlb_454577912edr_f0330660ncam00292m1,test_msl,ALL,pixel_acc,1.0,0,0,152116
unet__scratch__resnet34__in_rover__seed1416__gpu_full__57fe1694__gitc2c2860f__codebebd8b2d__20260715T233432076608Z,msl_ncam_nlb_454577912edr_f0330660ncam00292m1,test_msl,ALL,boundary_f1,1.0,0,0,152116
unet__scratch__resnet34__in_rover__seed1416__gpu_full__57fe1694__gitc2c2860f__codebebd8b2d__20260715T233432076608Z,msl_ncam_nlb_455641497edr_f0340774ncam00251m1,test_msl,soil,iou,1.0,200625,200625,200625
unet__scratch__resnet34__in_rover__seed1416__gpu_full__57fe1694__gitc2c2860f__codebebd8b2d__20260715T233432076608Z,msl_ncam_nlb_455641497edr_f0340774ncam00251m1,test_msl,bedrock,iou,,0,0,200625
unet__scratch__resnet34__in_rover__seed1416__gpu_full__57fe1694__gitc2c2860f__codebebd8b2d__20260715T233432076608Z,msl_ncam_nlb_455641497edr_f0340774ncam00251m1,test_msl,sand,iou,,0,0,200625
unet__scratch__resnet34__in_rover__seed1416__gpu_full__57fe1694__gitc2c2860f__codebebd8b2d__20260715T233432076608Z,msl_ncam_nlb_455641497edr_f0340774ncam00251m1,test_msl,big_rock,iou,,0,0,200625
unet__scratch__resnet34__in_rover__seed1416__gpu_full__57fe1694__gitc2c2860f__codebebd8b2d__20260715T233432076608Z,msl_ncam_nlb_455641497edr_f0340774ncam00251m1,test_msl,ALL,pixel_acc,1.0,0,0,200625
unet__scratch__resnet34__in_rover__seed1416__gpu_full__57fe1694__gitc2c2860f__codebebd8b2d__20260715T233432076608Z,msl_ncam_nlb_455641497edr_f0340774ncam00251m1,test_msl,ALL,boundary_f1,1.0,0,0,200625
unet__scratch__resnet34__in_rover__seed1416__gpu_full__57fe1694__gitc2c2860f__codebebd8b2d__20260715T233432076608Z,msl_ncam_nlb_455642279edr_f0340774ncam00354m1,test_msl,soil,iou,,0,0,0
unet__scratch__resnet34__in_rover__seed1416__gpu_full__57fe1694__gitc2c2860f__codebebd8b2d__20260715T233432076608Z,msl_ncam_nlb_455642279edr_f0340774ncam00354m1,test_msl,bedrock,iou,,0,0,0
unet__scratch__resnet34__in_rover__seed1416__gpu_full__57fe1694__gitc2c2860f__codebebd8b2d__20260715T233432076608Z,msl_ncam_nlb_455642279edr_f0340774ncam00354m1,test_msl,sand,iou,,0,0,0
unet__scratch__resnet34__in_rover__seed1416__gpu_full__57fe1694__gitc2c2860f__codebebd8b2d__20260715T233432076608Z,msl_ncam_nlb_455642279edr_f0340774ncam00354m1,test_msl,big_rock,iou,,0,0,0
unet__scratch__resnet34__in_rover__seed1416__gpu_full__57fe1694__gitc2c2860f__codebebd8b2d__20260715T233432076608Z,msl_ncam_nlb_455642279edr_f0340774ncam00354m1,test_msl,ALL,pixel_acc,,0,0,0
unet__scratch__resnet34__in_rover__seed1416__gpu_full__57fe1694__gitc2c2860f__codebebd8b2d__20260715T233432076608Z,msl_ncam_nlb_455642279edr_f0340774ncam00354m1,test_msl,ALL,boundary_f1,,0,0,0
unet__scratch__resnet34__in_rover__seed1416__gpu_full__57fe1694__gitc2c2860f__codebebd8b2d__20260715T233432076608Z,msl_ncam_nlb_455642442edr_f0340774ncam00252m1,test_msl,soil,iou,1.0,411,411,411
unet__scratch__resnet34__in_rover__seed1416__gpu_full__57fe1694__gitc2c2860f__codebebd8b2d__20260715T233432076608Z,msl_ncam_nlb_455642442edr_f0340774ncam00252m1,test_msl,bedrock,iou,,0,0,411
unet__scratch__resnet34__in_rover__seed1416__gpu_full__57fe1694__gitc2c2860f__codebebd8b2d__20260715T233432076608Z,msl_ncam_nlb_455642442edr_f0340774ncam00252m1,test_msl,sand,iou,,0,0,411
unet__scratch__resnet34__in_rover__seed1416__gpu_full__57fe1694__gitc2c2860f__codebebd8b2d__20260715T233432076608Z,msl_ncam_nlb_455642442edr_f0340774ncam00252m1,test_msl,big_rock,iou,,0,0,411
unet__scratch__resnet34__in_rover__seed1416__gpu_full__57fe1694__gitc2c2860f__codebebd8b2d__20260715T233432076608Z,msl_ncam_nlb_455642442edr_f0340774ncam00252m1,test_msl,ALL,pixel_acc,1.0,0,0,411
unet__scratch__resnet34__in_rover__seed1416__gpu_full__57fe1694__gitc2c2860f__codebebd8b2d__20260715T233432076608Z,msl_ncam_nlb_455642442edr_f0340774ncam00252m1,test_msl,ALL,boundary_f1,1.0,0,0,411
unet__scratch__resnet34__in_rover__seed1416__gpu_full__57fe1694__gitc2c2860f__codebebd8b2d__20260715T233432076608Z,msl_ncam_nlb_455642480edr_f0340774ncam00252m1,test_msl,soil,iou,1.0,162032,162032,162032
unet__scratch__resnet34__in_rover__seed1416__gpu_full__57fe1694__gitc2c2860f__codebebd8b2d__20260715T233432076608Z,msl_ncam_nlb_455642480edr_f0340774ncam00252m1,test_msl,bedrock,iou,,0,0,162032
unet__scratch__resnet34__in_rover__seed1416__gpu_full__57fe1694__gitc2c2860f__codebebd8b2d__20260715T233432076608Z,msl_ncam_nlb_455642480edr_f0340774ncam00252m1,test_msl,sand,iou,,0,0,162032
unet__scratch__resnet34__in_rover__seed1416__gpu_full__57fe1694__gitc2c2860f__codebebd8b2d__20260715T233432076608Z,msl_ncam_nlb_455642480edr_f0340774ncam00252m1,test_msl,big_rock,iou,,0,0,162032
unet__scratch__resnet34__in_rover__seed1416__gpu_full__57fe1694__gitc2c2860f__codebebd8b2d__20260715T233432076608Z,msl_ncam_nlb_455642480edr_f0340774ncam00252m1,test_msl,ALL,pixel_acc,1.0,0,0,162032
unet__scratch__resnet34__in_rover__seed1416__gpu_full__57fe1694__gitc2c2860f__codebebd8b2d__20260715T233432076608Z,msl_ncam_nlb_455642480edr_f0340774ncam00252m1,test_msl,ALL,boundary_f1,1.0,0,0,162032
unet__scratch__resnet34__in_rover__seed1416__gpu_full__57fe1694__gitc2c2860f__codebebd8b2d__20260715T233432076608Z,msl_ncam_nlb_455642594edr_f0340774ncam00252m1,test_msl,soil,iou,1.0,59579,59579,59579
unet__scratch__resnet34__in_rover__seed1416__gpu_full__57fe1694__gitc2c2860f__codebebd8b2d__20260715T233432076608Z,msl_ncam_nlb_455642594edr_f0340774ncam00252m1,test_msl,bedrock,iou,,0,0,59579
unet__scratch__resnet34__in_rover__seed1416__gpu_full__57fe1694__gitc2c2860f__codebebd8b2d__20260715T233432076608Z,msl_ncam_nlb_455642594edr_f0340774ncam00252m1,test_msl,sand,iou,,0,0,59579
unet__scratch__resnet34__in_rover__seed1416__gpu_full__57fe1694__gitc2c2860f__codebebd8b2d__20260715T233432076608Z,msl_ncam_nlb_455642594edr_f0340774ncam00252m1,test_msl,big_rock,iou,,0,0,59579
unet__scratch__resnet34__in_rover__seed1416__gpu_full__57fe1694__gitc2c2860f__codebebd8b2d__20260715T233432076608Z,msl_ncam_nlb_455642594edr_f0340774ncam00252m1,test_msl,ALL,pixel_acc,1.0,0,0,59579
unet__scratch__resnet34__in_rover__seed1416__gpu_full__57fe1694__gitc2c2860f__codebebd8b2d__20260715T233432076608Z,msl_ncam_nlb_455642594edr_f0340774ncam00252m1,test_msl,ALL,boundary_f1,1.0,0,0,59579
unet__scratch__resnet34__in_rover__seed1416__gpu_full__57fe1694__gitc2c2860f__codebebd8b2d__20260715T233432076608Z,msl_ncam_nlb_457064543edr_f0371542ncam00273m1,test_msl,soil,iou,0.9770268484946347,66558,68123,68123
unet__scratch__resnet34__in_rover__seed1416__gpu_full__57fe1694__gitc2c2860f__codebebd8b2d__20260715T233432076608Z,msl_ncam_nlb_457064543edr_f0371542ncam00273m1,test_msl,bedrock,iou,,0,0,68123
unet__scratch__resnet34__in_rover__seed1416__gpu_full__57fe1694__gitc2c2860f__codebebd8b2d__20260715T233432076608Z,msl_ncam_nlb_457064543edr_f0371542ncam00273m1,test_msl,sand,iou,0.0,0,1565,68123
unet__scratch__resnet34__in_rover__seed1416__gpu_full__57fe1694__gitc2c2860f__codebebd8b2d__20260715T233432076608Z,msl_ncam_nlb_457064543edr_f0371542ncam00273m1,test_msl,big_rock,iou,,0,0,68123
unet__scratch__resnet34__in_rover__seed1416__gpu_full__57fe1694__gitc2c2860f__codebebd8b2d__20260715T233432076608Z,msl_ncam_nlb_457064543edr_f0371542ncam00273m1,test_msl,ALL,pixel_acc,0.9770268484946347,0,0,68123
unet__scratch__resnet34__in_rover__seed1416__gpu_full__57fe1694__gitc2c2860f__codebebd8b2d__20260715T233432076608Z,msl_ncam_nlb_457064543edr_f0371542ncam00273m1,test_msl,ALL,boundary_f1,0.4633726321367068,0,0,68123
unet__scratch__resnet34__in_rover__seed1416__gpu_full__57fe1694__gitc2c2860f__codebebd8b2d__20260715T233432076608Z,msl_ncam_nlb_457064954edr_f0371542ncam00354m1,test_msl,soil,iou,,0,0,0
unet__scratch__resnet34__in_rover__seed1416__gpu_full__57fe1694__gitc2c2860f__codebebd8b2d__20260715T233432076608Z,msl_ncam_nlb_457064954edr_f0371542ncam00354m1,test_msl,bedrock,iou,,0,0,0
unet__scratch__resnet34__in_rover__seed1416__gpu_full__57fe1694__gitc2c2860f__codebebd8b2d__20260715T233432076608Z,msl_ncam_nlb_457064954edr_f0371542ncam00354m1,test_msl,sand,iou,,0,0,0
unet__scratch__resnet34__in_rover__seed1416__gpu_full__57fe1694__gitc2c2860f__codebebd8b2d__20260715T233432076608Z,msl_ncam_nlb_457064954edr_f0371542ncam00354m1,test_msl,big_rock,iou,,0,0,0
unet__scratch__resnet34__in_rover__seed1416__gpu_full__57fe1694__gitc2c2860f__codebebd8b2d__20260715T233432076608Z,msl_ncam_nlb_457064954edr_f0371542ncam00354m1,test_msl,ALL,pixel_acc,,0,0,0
unet__scratch__resnet34__in_rover__seed1416__gpu_full__57fe1694__gitc2c2860f__codebebd8b2d__20260715T233432076608Z,msl_ncam_nlb_457064954edr_f0371542ncam00354m1,test_msl,ALL,boundary_f1,,0,0,0
unet__scratch__resnet34__in_rover__seed1416__gpu_full__57fe1694__gitc2c2860f__codebebd8b2d__20260715T233432076608Z,msl_ncam_nlb_457065016edr_f0371542ncam00354m1,test_msl,soil,iou,1.0,169467,169467,169467
unet__scratch__resnet34__in_rover__seed1416__gpu_full__57fe1694__gitc2c2860f__codebebd8b2d__20260715T233432076608Z,msl_ncam_nlb_457065016edr_f0371542ncam00354m1,test_msl,bedrock,iou,,0,0,169467
unet__scratch__resnet34__in_rover__seed1416__gpu_full__57fe1694__gitc2c2860f__codebebd8b2d__20260715T233432076608Z,msl_ncam_nlb_457065016edr_f0371542ncam00354m1,test_msl,sand,iou,,0,0,169467
unet__scratch__resnet34__in_rover__seed1416__gpu_full__57fe1694__gitc2c2860f__codebebd8b2d__20260715T233432076608Z,msl_ncam_nlb_457065016edr_f0371542ncam00354m1,test_msl,big_rock,iou,,0,0,169467
unet__scratch__resnet34__in_rover__seed1416__gpu_full__57fe1694__gitc2c2860f__codebebd8b2d__20260715T233432076608Z,msl_ncam_nlb_457065016edr_f0371542ncam00354m1,test_msl,ALL,pixel_acc,1.0,0,0,169467
unet__scratch__resnet34__in_rover__seed1416__gpu_full__57fe1694__gitc2c2860f__codebebd8b2d__20260715T233432076608Z,msl_ncam_nlb_457065016edr_f0371542ncam00354m1,test_msl,ALL,boundary_f1,1.0,0,0,169467
unet__scratch__resnet34__in_rover__seed1416__gpu_full__57fe1694__gitc2c2860f__codebebd8b2d__20260715T233432076608Z,msl_ncam_nlb_457065086edr_f0371542ncam00354m1,test_msl,soil,iou,0.9860320744956027,78146,79253,79831
unet__scratch__resnet34__in_rover__seed1416__gpu_full__57fe1694__gitc2c2860f__codebebd8b2d__20260715T233432076608Z,msl_ncam_nlb_457065086edr_f0371542ncam00354m1,test_msl,bedrock,iou,,0,0,79831
unet__scratch__resnet34__in_rover__seed1416__gpu_full__57fe1694__gitc2c2860f__codebebd8b2d__20260715T233432076608Z,msl_ncam_nlb_457065086edr_f0371542ncam00354m1,test_msl,sand,iou,0.343026706231454,578,1685,79831
unet__scratch__resnet34__in_rover__seed1416__gpu_full__57fe1694__gitc2c2860f__codebebd8b2d__20260715T233432076608Z,msl_ncam_nlb_457065086edr_f0371542ncam00354m1,test_msl,big_rock,iou,,0,0,79831
unet__scratch__resnet34__in_rover__seed1416__gpu_full__57fe1694__gitc2c2860f__codebebd8b2d__20260715T233432076608Z,msl_ncam_nlb_457065086edr_f0371542ncam00354m1,test_msl,ALL,pixel_acc,0.9861332063985169,0,0,79831
unet__scratch__resnet34__in_rover__seed1416__gpu_full__57fe1694__gitc2c2860f__codebebd8b2d__20260715T233432076608Z,msl_ncam_nlb_457065086edr_f0371542ncam00354m1,test_msl,ALL,boundary_f1,0.751609944524803,0,0,79831
unet__scratch__resnet34__in_rover__seed1416__gpu_full__57fe1694__gitc2c2860f__codebebd8b2d__20260715T233432076608Z,msl_ncam_nlb_457072541edr_f0371542ncam00274m1,test_msl,soil,iou,1.0,53194,53194,53194
unet__scratch__resnet34__in_rover__seed1416__gpu_full__57fe1694__gitc2c2860f__codebebd8b2d__20260715T233432076608Z,msl_ncam_nlb_457072541edr_f0371542ncam00274m1,test_msl,bedrock,iou,,0,0,53194
unet__scratch__resnet34__in_rover__seed1416__gpu_full__57fe1694__gitc2c2860f__codebebd8b2d__20260715T233432076608Z,msl_ncam_nlb_457072541edr_f0371542ncam00274m1,test_msl,sand,iou,,0,0,53194
unet__scratch__resnet34__in_rover__seed1416__gpu_full__57fe1694__gitc2c2860f__codebebd8b2d__20260715T233432076608Z,msl_ncam_nlb_457072541edr_f0371542ncam00274m1,test_msl,big_rock,iou,,0,0,53194
unet__scratch__resnet34__in_rover__seed1416__gpu_full__57fe1694__gitc2c2860f__codebebd8b2d__20260715T233432076608Z,msl_ncam_nlb_457072541edr_f0371542ncam00274m1,test_msl,ALL,pixel_acc,1.0,0,0,53194
unet__scratch__resnet34__in_rover__seed1416__gpu_full__57fe1694__gitc2c2860f__codebebd8b2d__20260715T233432076608Z,msl_ncam_nlb_457072541edr_f0371542ncam00274m1,test_msl,ALL,boundary_f1,1.0,0,0,53194
unet__scratch__resnet34__in_rover__seed1416__gpu_full__57fe1694__gitc2c2860f__codebebd8b2d__20260715T233432076608Z,msl_ncam_nlb_457072755edr_f0371542ncam00274m1,test_msl,soil,iou,1.0,71012,71012,71012
unet__scratch__resnet34__in_rover__seed1416__gpu_full__57fe1694__gitc2c2860f__codebebd8b2d__20260715T233432076608Z,msl_ncam_nlb_457072755edr_f0371542ncam00274m1,test_msl,bedrock,iou,,0,0,71012
unet__scratch__resnet34__in_rover__seed1416__gpu_full__57fe1694__gitc2c2860f__codebebd8b2d__20260715T233432076608Z,msl_ncam_nlb_457072755edr_f0371542ncam00274m1,test_msl,sand,iou,,0,0,71012
unet__scratch__resnet34__in_rover__seed1416__gpu_full__57fe1694__gitc2c2860f__codebebd8b2d__20260715T233432076608Z,msl_ncam_nlb_457072755edr_f0371542ncam00274m1,test_msl,big_rock,iou,,0,0,71012
unet__scratch__resnet34__in_rover__seed1416__gpu_full__57fe1694__gitc2c2860f__codebebd8b2d__20260715T233432076608Z,msl_ncam_nlb_457072755edr_f0371542ncam00274m1,test_msl,ALL,pixel_acc,1.0,0,0,71012
unet__scratch__resnet34__in_rover__seed1416__gpu_full__57fe1694__gitc2c2860f__codebebd8b2d__20260715T233432076608Z,msl_ncam_nlb_457072755edr_f0371542ncam00274m1,test_msl,ALL,boundary_f1,1.0,0,0,71012
unet__scratch__resnet34__in_rover__seed1416__gpu_full__57fe1694__gitc2c2860f__codebebd8b2d__20260715T233432076608Z,msl_ncam_nlb_457152468edr_f0380000ncam00346m1,test_msl,soil,iou,,0,0,89859
unet__scratch__resnet34__in_rover__seed1416__gpu_full__57fe1694__gitc2c2860f__codebebd8b2d__20260715T233432076608Z,msl_ncam_nlb_457152468edr_f0380000ncam00346m1,test_msl,bedrock,iou,,0,0,89859
unet__scratch__resnet34__in_rover__seed1416__gpu_full__57fe1694__gitc2c2860f__codebebd8b2d__20260715T233432076608Z,msl_ncam_nlb_457152468edr_f0380000ncam00346m1,test_msl,sand,iou,1.0,89859,89859,89859
unet__scratch__resnet34__in_rover__seed1416__gpu_full__57fe1694__gitc2c2860f__codebebd8b2d__20260715T233432076608Z,msl_ncam_nlb_457152468edr_f0380000ncam00346m1,test_msl,big_rock,iou,,0,0,89859
unet__scratch__resnet34__in_rover__seed1416__gpu_full__57fe1694__gitc2c2860f__codebebd8b2d__20260715T233432076608Z,msl_ncam_nlb_457152468edr_f0380000ncam00346m1,test_msl,ALL,pixel_acc,1.0,0,0,89859
unet__scratch__resnet34__in_rover__seed1416__gpu_full__57fe1694__gitc2c2860f__codebebd8b2d__20260715T233432076608Z,msl_ncam_nlb_457152468edr_f0380000ncam00346m1,test_msl,ALL,boundary_f1,1.0,0,0,89859
unet__scratch__resnet34__in_rover__seed1416__gpu_full__57fe1694__gitc2c2860f__codebebd8b2d__20260715T233432076608Z,msl_ncam_nlb_457152554edr_f0380000ncam00275m1,test_msl,soil,iou,0.9587314662273476,11639,12140,177280
unet__scratch__resnet34__in_rover__seed1416__gpu_full__57fe1694__gitc2c2860f__codebebd8b2d__20260715T233432076608Z,msl_ncam_nlb_457152554edr_f0380000ncam00275m1,test_msl,bedrock,iou,,0,0,177280
unet__scratch__resnet34__in_rover__seed1416__gpu_full__57fe1694__gitc2c2860f__codebebd8b2d__20260715T233432076608Z,msl_ncam_nlb_457152554edr_f0380000ncam00275m1,test_msl,sand,iou,0.9969753865286977,165140,165641,177280
unet__scratch__resnet34__in_rover__seed1416__gpu_full__57fe1694__gitc2c2860f__codebebd8b2d__20260715T233432076608Z,msl_ncam_nlb_457152554edr_f0380000ncam00275m1,test_msl,big_rock,iou,,0,0,177280
unet__scratch__resnet34__in_rover__seed1416__gpu_full__57fe1694__gitc2c2860f__codebebd8b2d__20260715T233432076608Z,msl_ncam_nlb_457152554edr_f0380000ncam00275m1,test_msl,ALL,pixel_acc,0.9971739620938628,0,0,177280
unet__scratch__resnet34__in_rover__seed1416__gpu_full__57fe1694__gitc2c2860f__codebebd8b2d__20260715T233432076608Z,msl_ncam_nlb_457152554edr_f0380000ncam00275m1,test_msl,ALL,boundary_f1,0.9407096873046855,0,0,177280
unet__scratch__resnet34__in_rover__seed1416__gpu_full__57fe1694__gitc2c2860f__codebebd8b2d__20260715T233432076608Z,msl_ncam_nlb_457153024edr_f0380000ncam00354m1,test_msl,soil,iou,,0,0,103858
unet__scratch__resnet34__in_rover__seed1416__gpu_full__57fe1694__gitc2c2860f__codebebd8b2d__20260715T233432076608Z,msl_ncam_nlb_457153024edr_f0380000ncam00354m1,test_msl,bedrock,iou,,0,0,103858
unet__scratch__resnet34__in_rover__seed1416__gpu_full__57fe1694__gitc2c2860f__codebebd8b2d__20260715T233432076608Z,msl_ncam_nlb_457153024edr_f0380000ncam00354m1,test_msl,sand,iou,1.0,103858,103858,103858
unet__scratch__resnet34__in_rover__seed1416__gpu_full__57fe1694__gitc2c2860f__codebebd8b2d__20260715T233432076608Z,msl_ncam_nlb_457153024edr_f0380000ncam00354m1,test_msl,big_rock,iou,,0,0,103858
unet__scratch__resnet34__in_rover__seed1416__gpu_full__57fe1694__gitc2c2860f__codebebd8b2d__20260715T233432076608Z,msl_ncam_nlb_457153024edr_f0380000ncam00354m1,test_msl,ALL,pixel_acc,1.0,0,0,103858
unet__scratch__resnet34__in_rover__seed1416__gpu_full__57fe1694__gitc2c2860f__codebebd8b2d__20260715T233432076608Z,msl_ncam_nlb_457153024edr_f0380000ncam00354m1,test_msl,ALL,boundary_f1,1.0,0,0,103858
unet__scratch__resnet34__in_rover__seed1416__gpu_full__57fe1694__gitc2c2860f__codebebd8b2d__20260715T233432076608Z,msl_ncam_nlb_457153056edr_f0380000ncam00354m1,test_msl,soil,iou,,0,0,167988
unet__scratch__resnet34__in_rover__seed1416__gpu_full__57fe1694__gitc2c2860f__codebebd8b2d__20260715T233432076608Z,msl_ncam_nlb_457153056edr_f0380000ncam00354m1,test_msl,bedrock,iou,,0,0,167988
unet__scratch__resnet34__in_rover__seed1416__gpu_full__57fe1694__gitc2c2860f__codebebd8b2d__20260715T233432076608Z,msl_ncam_nlb_457153056edr_f0380000ncam00354m1,test_msl,sand,iou,1.0,167988,167988,167988
unet__scratch__resnet34__in_rover__seed1416__gpu_full__57fe1694__gitc2c2860f__codebebd8b2d__20260715T233432076608Z,msl_ncam_nlb_457153056edr_f0380000ncam00354m1,test_msl,big_rock,iou,,0,0,167988
unet__scratch__resnet34__in_rover__seed1416__gpu_full__57fe1694__gitc2c2860f__codebebd8b2d__20260715T233432076608Z,msl_ncam_nlb_457153056edr_f0380000ncam00354m1,test_msl,ALL,pixel_acc,1.0,0,0,167988
unet__scratch__resnet34__in_rover__seed1416__gpu_full__57fe1694__gitc2c2860f__codebebd8b2d__20260715T233432076608Z,msl_ncam_nlb_457153056edr_f0380000ncam00354m1,test_msl,ALL,boundary_f1,1.0,0,0,167988
unet__scratch__resnet34__in_rover__seed1416__gpu_full__57fe1694__gitc2c2860f__codebebd8b2d__20260715T233432076608Z,msl_ncam_nlb_457153156edr_f0380000ncam00354m1,test_msl,soil,iou,,0,0,119229
unet__scratch__resnet34__in_rover__seed1416__gpu_full__57fe1694__gitc2c2860f__codebebd8b2d__20260715T233432076608Z,msl_ncam_nlb_457153156edr_f0380000ncam00354m1,test_msl,bedrock,iou,,0,0,119229
unet__scratch__resnet34__in_rover__seed1416__gpu_full__57fe1694__gitc2c2860f__codebebd8b2d__20260715T233432076608Z,msl_ncam_nlb_457153156edr_f0380000ncam00354m1,test_msl,sand,iou,1.0,119229,119229,119229
unet__scratch__resnet34__in_rover__seed1416__gpu_full__57fe1694__gitc2c2860f__codebebd8b2d__20260715T233432076608Z,msl_ncam_nlb_457153156edr_f0380000ncam00354m1,test_msl,big_rock,iou,,0,0,119229
unet__scratch__resnet34__in_rover__seed1416__gpu_full__57fe1694__gitc2c2860f__codebebd8b2d__20260715T233432076608Z,msl_ncam_nlb_457153156edr_f0380000ncam00354m1,test_msl,ALL,pixel_acc,1.0,0,0,119229
unet__scratch__resnet34__in_rover__seed1416__gpu_full__57fe1694__gitc2c2860f__codebebd8b2d__20260715T233432076608Z,msl_ncam_nlb_457153156edr_f0380000ncam00354m1,test_msl,ALL,boundary_f1,1.0,0,0,119229
unet__scratch__resnet34__in_rover__seed1416__gpu_full__57fe1694__gitc2c2860f__codebebd8b2d__20260715T233432076608Z,msl_ncam_nlb_457153643edr_f0380000ncam00276m1,test_msl,soil,iou,0.6616908177382946,9087,13733,99398
unet__scratch__resnet34__in_rover__seed1416__gpu_full__57fe1694__gitc2c2860f__codebebd8b2d__20260715T233432076608Z,msl_ncam_nlb_457153643edr_f0380000ncam00276m1,test_msl,bedrock,iou,,0,0,99398
unet__scratch__resnet34__in_rover__seed1416__gpu_full__57fe1694__gitc2c2860f__codebebd8b2d__20260715T233432076608Z,msl_ncam_nlb_457153643edr_f0380000ncam00276m1,test_msl,sand,iou,0.9485555469433402,85665,90311,99398
unet__scratch__resnet34__in_rover__seed1416__gpu_full__57fe1694__gitc2c2860f__codebebd8b2d__20260715T233432076608Z,msl_ncam_nlb_457153643edr_f0380000ncam00276m1,test_msl,big_rock,iou,,0,0,99398
unet__scratch__resnet34__in_rover__seed1416__gpu_full__57fe1694__gitc2c2860f__codebebd8b2d__20260715T233432076608Z,msl_ncam_nlb_457153643edr_f0380000ncam00276m1,test_msl,ALL,pixel_acc,0.9532586168735789,0,0,99398
unet__scratch__resnet34__in_rover__seed1416__gpu_full__57fe1694__gitc2c2860f__codebebd8b2d__20260715T233432076608Z,msl_ncam_nlb_457153643edr_f0380000ncam00276m1,test_msl,ALL,boundary_f1,0.8044019097894339,0,0,99398
unet__scratch__resnet34__in_rover__seed1416__gpu_full__57fe1694__gitc2c2860f__codebebd8b2d__20260715T233432076608Z,msl_ncam_nlb_457153706edr_f0380000ncam00276m1,test_msl,soil,iou,0.8719053531001242,11939,13693,108607
unet__scratch__resnet34__in_rover__seed1416__gpu_full__57fe1694__gitc2c2860f__codebebd8b2d__20260715T233432076608Z,msl_ncam_nlb_457153706edr_f0380000ncam00276m1,test_msl,bedrock,iou,,0,0,108607
unet__scratch__resnet34__in_rover__seed1416__gpu_full__57fe1694__gitc2c2860f__codebebd8b2d__20260715T233432076608Z,msl_ncam_nlb_457153706edr_f0380000ncam00276m1,test_msl,sand,iou,0.9818554226838251,94914,96668,108607
unet__scratch__resnet34__in_rover__seed1416__gpu_full__57fe1694__gitc2c2860f__codebebd8b2d__20260715T233432076608Z,msl_ncam_nlb_457153706edr_f0380000ncam00276m1,test_msl,big_rock,iou,,0,0,108607
unet__scratch__resnet34__in_rover__seed1416__gpu_full__57fe1694__gitc2c2860f__codebebd8b2d__20260715T233432076608Z,msl_ncam_nlb_457153706edr_f0380000ncam00276m1,test_msl,ALL,pixel_acc,0.9838500280829044,0,0,108607
unet__scratch__resnet34__in_rover__seed1416__gpu_full__57fe1694__gitc2c2860f__codebebd8b2d__20260715T233432076608Z,msl_ncam_nlb_457153706edr_f0380000ncam00276m1,test_msl,ALL,boundary_f1,0.8851639285064321,0,0,108607
unet__scratch__resnet34__in_rover__seed1416__gpu_full__57fe1694__gitc2c2860f__codebebd8b2d__20260715T233432076608Z,msl_ncam_nlb_459278092edr_f0391396ncam00207m1,test_msl,soil,iou,,0,0,0
unet__scratch__resnet34__in_rover__seed1416__gpu_full__57fe1694__gitc2c2860f__codebebd8b2d__20260715T233432076608Z,msl_ncam_nlb_459278092edr_f0391396ncam00207m1,test_msl,bedrock,iou,,0,0,0
unet__scratch__resnet34__in_rover__seed1416__gpu_full__57fe1694__gitc2c2860f__codebebd8b2d__20260715T233432076608Z,msl_ncam_nlb_459278092edr_f0391396ncam00207m1,test_msl,sand,iou,,0,0,0
unet__scratch__resnet34__in_rover__seed1416__gpu_full__57fe1694__gitc2c2860f__codebebd8b2d__20260715T233432076608Z,msl_ncam_nlb_459278092edr_f0391396ncam00207m1,test_msl,big_rock,iou,,0,0,0
unet__scratch__resnet34__in_rover__seed1416__gpu_full__57fe1694__gitc2c2860f__codebebd8b2d__20260715T233432076608Z,msl_ncam_nlb_459278092edr_f0391396ncam00207m1,test_msl,ALL,pixel_acc,,0,0,0
unet__scratch__resnet34__in_rover__seed1416__gpu_full__57fe1694__gitc2c2860f__codebebd8b2d__20260715T233432076608Z,msl_ncam_nlb_459278092edr_f0391396ncam00207m1,test_msl,ALL,boundary_f1,,0,0,0
unet__scratch__resnet34__in_rover__seed1416__gpu_full__57fe1694__gitc2c2860f__codebebd8b2d__20260715T233432076608Z,msl_ncam_nlb_459290932edr_f0391552ncam00354m1,test_msl,soil,iou,1.0,91075,91075,91075
unet__scratch__resnet34__in_rover__seed1416__gpu_full__57fe1694__gitc2c2860f__codebebd8b2d__20260715T233432076608Z,msl_ncam_nlb_459290932edr_f0391552ncam00354m1,test_msl,bedrock,iou,,0,0,91075
unet__scratch__resnet34__in_rover__seed1416__gpu_full__57fe1694__gitc2c2860f__codebebd8b2d__20260715T233432076608Z,msl_ncam_nlb_459290932edr_f0391552ncam00354m1,test_msl,sand,iou,,0,0,91075
unet__scratch__resnet34__in_rover__seed1416__gpu_full__57fe1694__gitc2c2860f__codebebd8b2d__20260715T233432076608Z,msl_ncam_nlb_459290932edr_f0391552ncam00354m1,test_msl,big_rock,iou,,0,0,91075
unet__scratch__resnet34__in_rover__seed1416__gpu_full__57fe1694__gitc2c2860f__codebebd8b2d__20260715T233432076608Z,msl_ncam_nlb_459290932edr_f0391552ncam00354m1,test_msl,ALL,pixel_acc,1.0,0,0,91075
unet__scratch__resnet34__in_rover__seed1416__gpu_full__57fe1694__gitc2c2860f__codebebd8b2d__20260715T233432076608Z,msl_ncam_nlb_459290932edr_f0391552ncam00354m1,test_msl,ALL,boundary_f1,1.0,0,0,91075
unet__scratch__resnet34__in_rover__seed1416__gpu_full__57fe1694__gitc2c2860f__codebebd8b2d__20260715T233432076608Z,msl_ncam_nlb_459291038edr_f0391552ncam00252m1,test_msl,soil,iou,,0,0,0
unet__scratch__resnet34__in_rover__seed1416__gpu_full__57fe1694__gitc2c2860f__codebebd8b2d__20260715T233432076608Z,msl_ncam_nlb_459291038edr_f0391552ncam00252m1,test_msl,bedrock,iou,,0,0,0
unet__scratch__resnet34__in_rover__seed1416__gpu_full__57fe1694__gitc2c2860f__codebebd8b2d__20260715T233432076608Z,msl_ncam_nlb_459291038edr_f0391552ncam00252m1,test_msl,sand,iou,,0,0,0
unet__scratch__resnet34__in_rover__seed1416__gpu_full__57fe1694__gitc2c2860f__codebebd8b2d__20260715T233432076608Z,msl_ncam_nlb_459291038edr_f0391552ncam00252m1,test_msl,big_rock,iou,,0,0,0
unet__scratch__resnet34__in_rover__seed1416__gpu_full__57fe1694__gitc2c2860f__codebebd8b2d__20260715T233432076608Z,msl_ncam_nlb_459291038edr_f0391552ncam00252m1,test_msl,ALL,pixel_acc,,0,0,0
unet__scratch__resnet34__in_rover__seed1416__gpu_full__57fe1694__gitc2c2860f__codebebd8b2d__20260715T233432076608Z,msl_ncam_nlb_459291038edr_f0391552ncam00252m1,test_msl,ALL,boundary_f1,,0,0,0
unet__scratch__resnet34__in_rover__seed1416__gpu_full__57fe1694__gitc2c2860f__codebebd8b2d__20260715T233432076608Z,msl_ncam_nlb_459291152edr_f0391552ncam00252m1,test_msl,soil,iou,1.0,48046,48046,48046
unet__scratch__resnet34__in_rover__seed1416__gpu_full__57fe1694__gitc2c2860f__codebebd8b2d__20260715T233432076608Z,msl_ncam_nlb_459291152edr_f0391552ncam00252m1,test_msl,bedrock,iou,,0,0,48046
unet__scratch__resnet34__in_rover__seed1416__gpu_full__57fe1694__gitc2c2860f__codebebd8b2d__20260715T233432076608Z,msl_ncam_nlb_459291152edr_f0391552ncam00252m1,test_msl,sand,iou,,0,0,48046
unet__scratch__resnet34__in_rover__seed1416__gpu_full__57fe1694__gitc2c2860f__codebebd8b2d__20260715T233432076608Z,msl_ncam_nlb_459291152edr_f0391552ncam00252m1,test_msl,big_rock,iou,,0,0,48046
unet__scratch__resnet34__in_rover__seed1416__gpu_full__57fe1694__gitc2c2860f__codebebd8b2d__20260715T233432076608Z,msl_ncam_nlb_459291152edr_f0391552ncam00252m1,test_msl,ALL,pixel_acc,1.0,0,0,48046
unet__scratch__resnet34__in_rover__seed1416__gpu_full__57fe1694__gitc2c2860f__codebebd8b2d__20260715T233432076608Z,msl_ncam_nlb_459291152edr_f0391552ncam00252m1,test_msl,ALL,boundary_f1,1.0,0,0,48046
unet__scratch__resnet34__in_rover__seed1416__gpu_full__57fe1694__gitc2c2860f__codebebd8b2d__20260715T233432076608Z,msl_ncam_nlb_459291220edr_f0391552ncam00252m1,test_msl,soil,iou,1.0,132596,132596,132596
unet__scratch__resnet34__in_rover__seed1416__gpu_full__57fe1694__gitc2c2860f__codebebd8b2d__20260715T233432076608Z,msl_ncam_nlb_459291220edr_f0391552ncam00252m1,test_msl,bedrock,iou,,0,0,132596
unet__scratch__resnet34__in_rover__seed1416__gpu_full__57fe1694__gitc2c2860f__codebebd8b2d__20260715T233432076608Z,msl_ncam_nlb_459291220edr_f0391552ncam00252m1,test_msl,sand,iou,,0,0,132596
unet__scratch__resnet34__in_rover__seed1416__gpu_full__57fe1694__gitc2c2860f__codebebd8b2d__20260715T233432076608Z,msl_ncam_nlb_459291220edr_f0391552ncam00252m1,test_msl,big_rock,iou,,0,0,132596
unet__scratch__resnet34__in_rover__seed1416__gpu_full__57fe1694__gitc2c2860f__codebebd8b2d__20260715T233432076608Z,msl_ncam_nlb_459291220edr_f0391552ncam00252m1,test_msl,ALL,pixel_acc,1.0,0,0,132596
unet__scratch__resnet34__in_rover__seed1416__gpu_full__57fe1694__gitc2c2860f__codebebd8b2d__20260715T233432076608Z,msl_ncam_nlb_459291220edr_f0391552ncam00252m1,test_msl,ALL,boundary_f1,1.0,0,0,132596
unet__scratch__resnet34__in_rover__seed1416__gpu_full__57fe1694__gitc2c2860f__codebebd8b2d__20260715T233432076608Z,msl_ncam_nlb_462743799edr_f0410322ncam00271m1,test_msl,soil,iou,1.0,49308,49308,49308
unet__scratch__resnet34__in_rover__seed1416__gpu_full__57fe1694__gitc2c2860f__codebebd8b2d__20260715T233432076608Z,msl_ncam_nlb_462743799edr_f0410322ncam00271m1,test_msl,bedrock,iou,,0,0,49308
unet__scratch__resnet34__in_rover__seed1416__gpu_full__57fe1694__gitc2c2860f__codebebd8b2d__20260715T233432076608Z,msl_ncam_nlb_462743799edr_f0410322ncam00271m1,test_msl,sand,iou,,0,0,49308
unet__scratch__resnet34__in_rover__seed1416__gpu_full__57fe1694__gitc2c2860f__codebebd8b2d__20260715T233432076608Z,msl_ncam_nlb_462743799edr_f0410322ncam00271m1,test_msl,big_rock,iou,,0,0,49308
unet__scratch__resnet34__in_rover__seed1416__gpu_full__57fe1694__gitc2c2860f__codebebd8b2d__20260715T233432076608Z,msl_ncam_nlb_462743799edr_f0410322ncam00271m1,test_msl,ALL,pixel_acc,1.0,0,0,49308
unet__scratch__resnet34__in_rover__seed1416__gpu_full__57fe1694__gitc2c2860f__codebebd8b2d__20260715T233432076608Z,msl_ncam_nlb_462743799edr_f0410322ncam00271m1,test_msl,ALL,boundary_f1,1.0,0,0,49308
unet__scratch__resnet34__in_rover__seed1416__gpu_full__57fe1694__gitc2c2860f__codebebd8b2d__20260715T233432076608Z,msl_ncam_nlb_462744768edr_f0410322ncam00354m1,test_msl,soil,iou,,0,0,0
unet__scratch__resnet34__in_rover__seed1416__gpu_full__57fe1694__gitc2c2860f__codebebd8b2d__20260715T233432076608Z,msl_ncam_nlb_462744768edr_f0410322ncam00354m1,test_msl,bedrock,iou,,0,0,0
unet__scratch__resnet34__in_rover__seed1416__gpu_full__57fe1694__gitc2c2860f__codebebd8b2d__20260715T233432076608Z,msl_ncam_nlb_462744768edr_f0410322ncam00354m1,test_msl,sand,iou,,0,0,0
unet__scratch__resnet34__in_rover__seed1416__gpu_full__57fe1694__gitc2c2860f__codebebd8b2d__20260715T233432076608Z,msl_ncam_nlb_462744768edr_f0410322ncam00354m1,test_msl,big_rock,iou,,0,0,0
unet__scratch__resnet34__in_rover__seed1416__gpu_full__57fe1694__gitc2c2860f__codebebd8b2d__20260715T233432076608Z,msl_ncam_nlb_462744768edr_f0410322ncam00354m1,test_msl,ALL,pixel_acc,,0,0,0
unet__scratch__resnet34__in_rover__seed1416__gpu_full__57fe1694__gitc2c2860f__codebebd8b2d__20260715T233432076608Z,msl_ncam_nlb_462744768edr_f0410322ncam00354m1,test_msl,ALL,boundary_f1,,0,0,0
unet__scratch__resnet34__in_rover__seed1416__gpu_full__57fe1694__gitc2c2860f__codebebd8b2d__20260715T233432076608Z,msl_ncam_nlb_462744927edr_f0410322ncam00272m1,test_msl,soil,iou,,0,0,0
unet__scratch__resnet34__in_rover__seed1416__gpu_full__57fe1694__gitc2c2860f__codebebd8b2d__20260715T233432076608Z,msl_ncam_nlb_462744927edr_f0410322ncam00272m1,test_msl,bedrock,iou,,0,0,0
unet__scratch__resnet34__in_rover__seed1416__gpu_full__57fe1694__gitc2c2860f__codebebd8b2d__20260715T233432076608Z,msl_ncam_nlb_462744927edr_f0410322ncam00272m1,test_msl,sand,iou,,0,0,0
unet__scratch__resnet34__in_rover__seed1416__gpu_full__57fe1694__gitc2c2860f__codebebd8b2d__20260715T233432076608Z,msl_ncam_nlb_462744927edr_f0410322ncam00272m1,test_msl,big_rock,iou,,0,0,0
unet__scratch__resnet34__in_rover__seed1416__gpu_full__57fe1694__gitc2c2860f__codebebd8b2d__20260715T233432076608Z,msl_ncam_nlb_462744927edr_f0410322ncam00272m1,test_msl,ALL,pixel_acc,,0,0,0
unet__scratch__resnet34__in_rover__seed1416__gpu_full__57fe1694__gitc2c2860f__codebebd8b2d__20260715T233432076608Z,msl_ncam_nlb_462744927edr_f0410322ncam00272m1,test_msl,ALL,boundary_f1,,0,0,0
unet__scratch__resnet34__in_rover__seed1416__gpu_full__57fe1694__gitc2c2860f__codebebd8b2d__20260715T233432076608Z,msl_ncam_nlb_462744982edr_f0410322ncam00272m1,test_msl,soil,iou,1.0,109525,109525,109525
unet__scratch__resnet34__in_rover__seed1416__gpu_full__57fe1694__gitc2c2860f__codebebd8b2d__20260715T233432076608Z,msl_ncam_nlb_462744982edr_f0410322ncam00272m1,test_msl,bedrock,iou,,0,0,109525
unet__scratch__resnet34__in_rover__seed1416__gpu_full__57fe1694__gitc2c2860f__codebebd8b2d__20260715T233432076608Z,msl_ncam_nlb_462744982edr_f0410322ncam00272m1,test_msl,sand,iou,,0,0,109525
unet__scratch__resnet34__in_rover__seed1416__gpu_full__57fe1694__gitc2c2860f__codebebd8b2d__20260715T233432076608Z,msl_ncam_nlb_462744982edr_f0410322ncam00272m1,test_msl,big_rock,iou,,0,0,109525
unet__scratch__resnet34__in_rover__seed1416__gpu_full__57fe1694__gitc2c2860f__codebebd8b2d__20260715T233432076608Z,msl_ncam_nlb_462744982edr_f0410322ncam00272m1,test_msl,ALL,pixel_acc,1.0,0,0,109525
unet__scratch__resnet34__in_rover__seed1416__gpu_full__57fe1694__gitc2c2860f__codebebd8b2d__20260715T233432076608Z,msl_ncam_nlb_462744982edr_f0410322ncam00272m1,test_msl,ALL,boundary_f1,1.0,0,0,109525
unet__scratch__resnet34__in_rover__seed1416__gpu_full__57fe1694__gitc2c2860f__codebebd8b2d__20260715T233432076608Z,msl_ncam_nlb_463099226edr_f0410712ncam00385m1,test_msl,soil,iou,,0,0,121183
unet__scratch__resnet34__in_rover__seed1416__gpu_full__57fe1694__gitc2c2860f__codebebd8b2d__20260715T233432076608Z,msl_ncam_nlb_463099226edr_f0410712ncam00385m1,test_msl,bedrock,iou,1.0,121183,121183,121183
unet__scratch__resnet34__in_rover__seed1416__gpu_full__57fe1694__gitc2c2860f__codebebd8b2d__20260715T233432076608Z,msl_ncam_nlb_463099226edr_f0410712ncam00385m1,test_msl,sand,iou,,0,0,121183
unet__scratch__resnet34__in_rover__seed1416__gpu_full__57fe1694__gitc2c2860f__codebebd8b2d__20260715T233432076608Z,msl_ncam_nlb_463099226edr_f0410712ncam00385m1,test_msl,big_rock,iou,,0,0,121183
unet__scratch__resnet34__in_rover__seed1416__gpu_full__57fe1694__gitc2c2860f__codebebd8b2d__20260715T233432076608Z,msl_ncam_nlb_463099226edr_f0410712ncam00385m1,test_msl,ALL,pixel_acc,1.0,0,0,121183
unet__scratch__resnet34__in_rover__seed1416__gpu_full__57fe1694__gitc2c2860f__codebebd8b2d__20260715T233432076608Z,msl_ncam_nlb_463099226edr_f0410712ncam00385m1,test_msl,ALL,boundary_f1,1.0,0,0,121183
unet__scratch__resnet34__in_rover__seed1416__gpu_full__57fe1694__gitc2c2860f__codebebd8b2d__20260715T233432076608Z,msl_ncam_nlb_463107188edr_f0410748ncam00274m1,test_msl,soil,iou,,0,0,60277
unet__scratch__resnet34__in_rover__seed1416__gpu_full__57fe1694__gitc2c2860f__codebebd8b2d__20260715T233432076608Z,msl_ncam_nlb_463107188edr_f0410748ncam00274m1,test_msl,bedrock,iou,1.0,20386,20386,60277
unet__scratch__resnet34__in_rover__seed1416__gpu_full__57fe1694__gitc2c2860f__codebebd8b2d__20260715T233432076608Z,msl_ncam_nlb_463107188edr_f0410748ncam00274m1,test_msl,sand,iou,0.999799453510817,39883,39891,60277
unet__scratch__resnet34__in_rover__seed1416__gpu_full__57fe1694__gitc2c2860f__codebebd8b2d__20260715T233432076608Z,msl_ncam_nlb_463107188edr_f0410748ncam00274m1,test_msl,big_rock,iou,0.0,0,8,60277
unet__scratch__resnet34__in_rover__seed1416__gpu_full__57fe1694__gitc2c2860f__codebebd8b2d__20260715T233432076608Z,msl_ncam_nlb_463107188edr_f0410748ncam00274m1,test_msl,ALL,pixel_acc,0.9998672793934669,0,0,60277
unet__scratch__resnet34__in_rover__seed1416__gpu_full__57fe1694__gitc2c2860f__codebebd8b2d__20260715T233432076608Z,msl_ncam_nlb_463107188edr_f0410748ncam00274m1,test_msl,ALL,boundary_f1,0.6666666666666666,0,0,60277
unet__scratch__resnet34__in_rover__seed1416__gpu_full__57fe1694__gitc2c2860f__codebebd8b2d__20260715T233432076608Z,msl_ncam_nlb_463107249edr_f0410748ncam00274m1,test_msl,soil,iou,,0,0,0
unet__scratch__resnet34__in_rover__seed1416__gpu_full__57fe1694__gitc2c2860f__codebebd8b2d__20260715T233432076608Z,msl_ncam_nlb_463107249edr_f0410748ncam00274m1,test_msl,bedrock,iou,,0,0,0
unet__scratch__resnet34__in_rover__seed1416__gpu_full__57fe1694__gitc2c2860f__codebebd8b2d__20260715T233432076608Z,msl_ncam_nlb_463107249edr_f0410748ncam00274m1,test_msl,sand,iou,,0,0,0
unet__scratch__resnet34__in_rover__seed1416__gpu_full__57fe1694__gitc2c2860f__codebebd8b2d__20260715T233432076608Z,msl_ncam_nlb_463107249edr_f0410748ncam00274m1,test_msl,big_rock,iou,,0,0,0
unet__scratch__resnet34__in_rover__seed1416__gpu_full__57fe1694__gitc2c2860f__codebebd8b2d__20260715T233432076608Z,msl_ncam_nlb_463107249edr_f0410748ncam00274m1,test_msl,ALL,pixel_acc,,0,0,0
unet__scratch__resnet34__in_rover__seed1416__gpu_full__57fe1694__gitc2c2860f__codebebd8b2d__20260715T233432076608Z,msl_ncam_nlb_463107249edr_f0410748ncam00274m1,test_msl,ALL,boundary_f1,,0,0,0
unet__scratch__resnet34__in_rover__seed1416__gpu_full__57fe1694__gitc2c2860f__codebebd8b2d__20260715T233432076608Z,msl_ncam_nlb_463107562edr_f0410748ncam00354m1,test_msl,soil,iou,,0,0,80914
unet__scratch__resnet34__in_rover__seed1416__gpu_full__57fe1694__gitc2c2860f__codebebd8b2d__20260715T233432076608Z,msl_ncam_nlb_463107562edr_f0410748ncam00354m1,test_msl,bedrock,iou,1.0,80914,80914,80914
unet__scratch__resnet34__in_rover__seed1416__gpu_full__57fe1694__gitc2c2860f__codebebd8b2d__20260715T233432076608Z,msl_ncam_nlb_463107562edr_f0410748ncam00354m1,test_msl,sand,iou,,0,0,80914
unet__scratch__resnet34__in_rover__seed1416__gpu_full__57fe1694__gitc2c2860f__codebebd8b2d__20260715T233432076608Z,msl_ncam_nlb_463107562edr_f0410748ncam00354m1,test_msl,big_rock,iou,,0,0,80914
unet__scratch__resnet34__in_rover__seed1416__gpu_full__57fe1694__gitc2c2860f__codebebd8b2d__20260715T233432076608Z,msl_ncam_nlb_463107562edr_f0410748ncam00354m1,test_msl,ALL,pixel_acc,1.0,0,0,80914
unet__scratch__resnet34__in_rover__seed1416__gpu_full__57fe1694__gitc2c2860f__codebebd8b2d__20260715T233432076608Z,msl_ncam_nlb_463107562edr_f0410748ncam00354m1,test_msl,ALL,boundary_f1,1.0,0,0,80914
unet__scratch__resnet34__in_rover__seed1416__gpu_full__57fe1694__gitc2c2860f__codebebd8b2d__20260715T233432076608Z,msl_ncam_nlb_463107626edr_f0410748ncam00354m1,test_msl,soil,iou,,0,0,108883
unet__scratch__resnet34__in_rover__seed1416__gpu_full__57fe1694__gitc2c2860f__codebebd8b2d__20260715T233432076608Z,msl_ncam_nlb_463107626edr_f0410748ncam00354m1,test_msl,bedrock,iou,1.0,108883,108883,108883
unet__scratch__resnet34__in_rover__seed1416__gpu_full__57fe1694__gitc2c2860f__codebebd8b2d__20260715T233432076608Z,msl_ncam_nlb_463107626edr_f0410748ncam00354m1,test_msl,sand,iou,,0,0,108883
unet__scratch__resnet34__in_rover__seed1416__gpu_full__57fe1694__gitc2c2860f__codebebd8b2d__20260715T233432076608Z,msl_ncam_nlb_463107626edr_f0410748ncam00354m1,test_msl,big_rock,iou,,0,0,108883
unet__scratch__resnet34__in_rover__seed1416__gpu_full__57fe1694__gitc2c2860f__codebebd8b2d__20260715T233432076608Z,msl_ncam_nlb_463107626edr_f0410748ncam00354m1,test_msl,ALL,pixel_acc,1.0,0,0,108883
unet__scratch__resnet34__in_rover__seed1416__gpu_full__57fe1694__gitc2c2860f__codebebd8b2d__20260715T233432076608Z,msl_ncam_nlb_463107626edr_f0410748ncam00354m1,test_msl,ALL,boundary_f1,1.0,0,0,108883
unet__scratch__resnet34__in_rover__seed1416__gpu_full__57fe1694__gitc2c2860f__codebebd8b2d__20260715T233432076608Z,msl_ncam_nlb_463107697edr_f0410748ncam00354m1,test_msl,soil,iou,,0,0,88228
unet__scratch__resnet34__in_rover__seed1416__gpu_full__57fe1694__gitc2c2860f__codebebd8b2d__20260715T233432076608Z,msl_ncam_nlb_463107697edr_f0410748ncam00354m1,test_msl,bedrock,iou,1.0,88228,88228,88228
unet__scratch__resnet34__in_rover__seed1416__gpu_full__57fe1694__gitc2c2860f__codebebd8b2d__20260715T233432076608Z,msl_ncam_nlb_463107697edr_f0410748ncam00354m1,test_msl,sand,iou,,0,0,88228
unet__scratch__resnet34__in_rover__seed1416__gpu_full__57fe1694__gitc2c2860f__codebebd8b2d__20260715T233432076608Z,msl_ncam_nlb_463107697edr_f0410748ncam00354m1,test_msl,big_rock,iou,,0,0,88228
unet__scratch__resnet34__in_rover__seed1416__gpu_full__57fe1694__gitc2c2860f__codebebd8b2d__20260715T233432076608Z,msl_ncam_nlb_463107697edr_f0410748ncam00354m1,test_msl,ALL,pixel_acc,1.0,0,0,88228
unet__scratch__resnet34__in_rover__seed1416__gpu_full__57fe1694__gitc2c2860f__codebebd8b2d__20260715T233432076608Z,msl_ncam_nlb_463107697edr_f0410748ncam00354m1,test_msl,ALL,boundary_f1,1.0,0,0,88228
unet__scratch__resnet34__in_rover__seed1416__gpu_full__57fe1694__gitc2c2860f__codebebd8b2d__20260715T233432076608Z,msl_ncam_nlb_463107797edr_f0410748ncam07753m1,test_msl,soil,iou,,0,0,100367
unet__scratch__resnet34__in_rover__seed1416__gpu_full__57fe1694__gitc2c2860f__codebebd8b2d__20260715T233432076608Z,msl_ncam_nlb_463107797edr_f0410748ncam07753m1,test_msl,bedrock,iou,0.9798838263572688,98348,100367,100367
unet__scratch__resnet34__in_rover__seed1416__gpu_full__57fe1694__gitc2c2860f__codebebd8b2d__20260715T233432076608Z,msl_ncam_nlb_463107797edr_f0410748ncam07753m1,test_msl,sand,iou,,0,0,100367
unet__scratch__resnet34__in_rover__seed1416__gpu_full__57fe1694__gitc2c2860f__codebebd8b2d__20260715T233432076608Z,msl_ncam_nlb_463107797edr_f0410748ncam07753m1,test_msl,big_rock,iou,0.0,0,2019,100367
unet__scratch__resnet34__in_rover__seed1416__gpu_full__57fe1694__gitc2c2860f__codebebd8b2d__20260715T233432076608Z,msl_ncam_nlb_463107797edr_f0410748ncam07753m1,test_msl,ALL,pixel_acc,0.9798838263572688,0,0,100367
unet__scratch__resnet34__in_rover__seed1416__gpu_full__57fe1694__gitc2c2860f__codebebd8b2d__20260715T233432076608Z,msl_ncam_nlb_463107797edr_f0410748ncam07753m1,test_msl,ALL,boundary_f1,0.4856399351702352,0,0,100367
unet__scratch__resnet34__in_rover__seed1416__gpu_full__57fe1694__gitc2c2860f__codebebd8b2d__20260715T233432076608Z,msl_ncam_nlb_463107836edr_f0410748ncam07753m1,test_msl,soil,iou,,0,0,0
unet__scratch__resnet34__in_rover__seed1416__gpu_full__57fe1694__gitc2c2860f__codebebd8b2d__20260715T233432076608Z,msl_ncam_nlb_463107836edr_f0410748ncam07753m1,test_msl,bedrock,iou,,0,0,0
unet__scratch__resnet34__in_rover__seed1416__gpu_full__57fe1694__gitc2c2860f__codebebd8b2d__20260715T233432076608Z,msl_ncam_nlb_463107836edr_f0410748ncam07753m1,test_msl,sand,iou,,0,0,0
unet__scratch__resnet34__in_rover__seed1416__gpu_full__57fe1694__gitc2c2860f__codebebd8b2d__20260715T233432076608Z,msl_ncam_nlb_463107836edr_f0410748ncam07753m1,test_msl,big_rock,iou,,0,0,0
unet__scratch__resnet34__in_rover__seed1416__gpu_full__57fe1694__gitc2c2860f__codebebd8b2d__20260715T233432076608Z,msl_ncam_nlb_463107836edr_f0410748ncam07753m1,test_msl,ALL,pixel_acc,,0,0,0
unet__scratch__resnet34__in_rover__seed1416__gpu_full__57fe1694__gitc2c2860f__codebebd8b2d__20260715T233432076608Z,msl_ncam_nlb_463107836edr_f0410748ncam07753m1,test_msl,ALL,boundary_f1,,0,0,0
unet__scratch__resnet34__in_rover__seed1416__gpu_full__57fe1694__gitc2c2860f__codebebd8b2d__20260715T233432076608Z,msl_ncam_nlb_463107949edr_f0410748ncam07753m1,test_msl,soil,iou,,0,0,56667
unet__scratch__resnet34__in_rover__seed1416__gpu_full__57fe1694__gitc2c2860f__codebebd8b2d__20260715T233432076608Z,msl_ncam_nlb_463107949edr_f0410748ncam07753m1,test_msl,bedrock,iou,1.0,56667,56667,56667
unet__scratch__resnet34__in_rover__seed1416__gpu_full__57fe1694__gitc2c2860f__codebebd8b2d__20260715T233432076608Z,msl_ncam_nlb_463107949edr_f0410748ncam07753m1,test_msl,sand,iou,,0,0,56667
unet__scratch__resnet34__in_rover__seed1416__gpu_full__57fe1694__gitc2c2860f__codebebd8b2d__20260715T233432076608Z,msl_ncam_nlb_463107949edr_f0410748ncam07753m1,test_msl,big_rock,iou,,0,0,56667
unet__scratch__resnet34__in_rover__seed1416__gpu_full__57fe1694__gitc2c2860f__codebebd8b2d__20260715T233432076608Z,msl_ncam_nlb_463107949edr_f0410748ncam07753m1,test_msl,ALL,pixel_acc,1.0,0,0,56667
unet__scratch__resnet34__in_rover__seed1416__gpu_full__57fe1694__gitc2c2860f__codebebd8b2d__20260715T233432076608Z,msl_ncam_nlb_463107949edr_f0410748ncam07753m1,test_msl,ALL,boundary_f1,1.0,0,0,56667
unet__scratch__resnet34__in_rover__seed1416__gpu_full__57fe1694__gitc2c2860f__codebebd8b2d__20260715T233432076608Z,msl_ncam_nlb_463803954edr_f0411768ncam00382m1,test_msl,soil,iou,,0,0,67455
unet__scratch__resnet34__in_rover__seed1416__gpu_full__57fe1694__gitc2c2860f__codebebd8b2d__20260715T233432076608Z,msl_ncam_nlb_463803954edr_f0411768ncam00382m1,test_msl,bedrock,iou,,0,0,67455
unet__scratch__resnet34__in_rover__seed1416__gpu_full__57fe1694__gitc2c2860f__codebebd8b2d__20260715T233432076608Z,msl_ncam_nlb_463803954edr_f0411768ncam00382m1,test_msl,sand,iou,1.0,67455,67455,67455
unet__scratch__resnet34__in_rover__seed1416__gpu_full__57fe1694__gitc2c2860f__codebebd8b2d__20260715T233432076608Z,msl_ncam_nlb_463803954edr_f0411768ncam00382m1,test_msl,big_rock,iou,,0,0,67455
unet__scratch__resnet34__in_rover__seed1416__gpu_full__57fe1694__gitc2c2860f__codebebd8b2d__20260715T233432076608Z,msl_ncam_nlb_463803954edr_f0411768ncam00382m1,test_msl,ALL,pixel_acc,1.0,0,0,67455
unet__scratch__resnet34__in_rover__seed1416__gpu_full__57fe1694__gitc2c2860f__codebebd8b2d__20260715T233432076608Z,msl_ncam_nlb_463803954edr_f0411768ncam00382m1,test_msl,ALL,boundary_f1,1.0,0,0,67455
unet__scratch__resnet34__in_rover__seed1416__gpu_full__57fe1694__gitc2c2860f__codebebd8b2d__20260715T233432076608Z,msl_ncam_nlb_463813170edr_f0420000ncam06094m1,test_msl,soil,iou,0.8713906850621294,29243,33559,89391
unet__scratch__resnet34__in_rover__seed1416__gpu_full__57fe1694__gitc2c2860f__codebebd8b2d__20260715T233432076608Z,msl_ncam_nlb_463813170edr_f0420000ncam06094m1,test_msl,bedrock,iou,1.0,7381,7381,89391
unet__scratch__resnet34__in_rover__seed1416__gpu_full__57fe1694__gitc2c2860f__codebebd8b2d__20260715T233432076608Z,msl_ncam_nlb_463813170edr_f0420000ncam06094m1,test_msl,sand,iou,0.9182064547918206,48451,52767,89391
unet__scratch__resnet34__in_rover__seed1416__gpu_full__57fe1694__gitc2c2860f__codebebd8b2d__20260715T233432076608Z,msl_ncam_nlb_463813170edr_f0420000ncam06094m1,test_msl,big_rock,iou,,0,0,89391
unet__scratch__resnet34__in_rover__seed1416__gpu_full__57fe1694__gitc2c2860f__codebebd8b2d__20260715T233432076608Z,msl_ncam_nlb_463813170edr_f0420000ncam06094m1,test_msl,ALL,pixel_acc,0.9517177344475395,0,0,89391
unet__scratch__resnet34__in_rover__seed1416__gpu_full__57fe1694__gitc2c2860f__codebebd8b2d__20260715T233432076608Z,msl_ncam_nlb_463813170edr_f0420000ncam06094m1,test_msl,ALL,boundary_f1,0.8324016993124369,0,0,89391
unet__scratch__resnet34__in_rover__seed1416__gpu_full__57fe1694__gitc2c2860f__codebebd8b2d__20260715T233432076608Z,msl_ncam_nlb_463813296edr_f0420000ncam06094m1,test_msl,soil,iou,1.0,188552,188552,188552
unet__scratch__resnet34__in_rover__seed1416__gpu_full__57fe1694__gitc2c2860f__codebebd8b2d__20260715T233432076608Z,msl_ncam_nlb_463813296edr_f0420000ncam06094m1,test_msl,bedrock,iou,,0,0,188552
unet__scratch__resnet34__in_rover__seed1416__gpu_full__57fe1694__gitc2c2860f__codebebd8b2d__20260715T233432076608Z,msl_ncam_nlb_463813296edr_f0420000ncam06094m1,test_msl,sand,iou,,0,0,188552
unet__scratch__resnet34__in_rover__seed1416__gpu_full__57fe1694__gitc2c2860f__codebebd8b2d__20260715T233432076608Z,msl_ncam_nlb_463813296edr_f0420000ncam06094m1,test_msl,big_rock,iou,,0,0,188552
unet__scratch__resnet34__in_rover__seed1416__gpu_full__57fe1694__gitc2c2860f__codebebd8b2d__20260715T233432076608Z,msl_ncam_nlb_463813296edr_f0420000ncam06094m1,test_msl,ALL,pixel_acc,1.0,0,0,188552
unet__scratch__resnet34__in_rover__seed1416__gpu_full__57fe1694__gitc2c2860f__codebebd8b2d__20260715T233432076608Z,msl_ncam_nlb_463813296edr_f0420000ncam06094m1,test_msl,ALL,boundary_f1,1.0,0,0,188552
unet__scratch__resnet34__in_rover__seed1416__gpu_full__57fe1694__gitc2c2860f__codebebd8b2d__20260715T233432076608Z,msl_ncam_nlb_463814148edr_f0420000ncam00354m1,test_msl,soil,iou,1.0,227875,227875,227875
unet__scratch__resnet34__in_rover__seed1416__gpu_full__57fe1694__gitc2c2860f__codebebd8b2d__20260715T233432076608Z,msl_ncam_nlb_463814148edr_f0420000ncam00354m1,test_msl,bedrock,iou,,0,0,227875
unet__scratch__resnet34__in_rover__seed1416__gpu_full__57fe1694__gitc2c2860f__codebebd8b2d__20260715T233432076608Z,msl_ncam_nlb_463814148edr_f0420000ncam00354m1,test_msl,sand,iou,,0,0,227875
unet__scratch__resnet34__in_rover__seed1416__gpu_full__57fe1694__gitc2c2860f__codebebd8b2d__20260715T233432076608Z,msl_ncam_nlb_463814148edr_f0420000ncam00354m1,test_msl,big_rock,iou,,0,0,227875
unet__scratch__resnet34__in_rover__seed1416__gpu_full__57fe1694__gitc2c2860f__codebebd8b2d__20260715T233432076608Z,msl_ncam_nlb_463814148edr_f0420000ncam00354m1,test_msl,ALL,pixel_acc,1.0,0,0,227875
unet__scratch__resnet34__in_rover__seed1416__gpu_full__57fe1694__gitc2c2860f__codebebd8b2d__20260715T233432076608Z,msl_ncam_nlb_463814148edr_f0420000ncam00354m1,test_msl,ALL,boundary_f1,1.0,0,0,227875
unet__scratch__resnet34__in_rover__seed1416__gpu_full__57fe1694__gitc2c2860f__codebebd8b2d__20260715T233432076608Z,msl_ncam_nlb_463814218edr_f0420000ncam00354m1,test_msl,soil,iou,1.0,152384,152384,152384
unet__scratch__resnet34__in_rover__seed1416__gpu_full__57fe1694__gitc2c2860f__codebebd8b2d__20260715T233432076608Z,msl_ncam_nlb_463814218edr_f0420000ncam00354m1,test_msl,bedrock,iou,,0,0,152384
unet__scratch__resnet34__in_rover__seed1416__gpu_full__57fe1694__gitc2c2860f__codebebd8b2d__20260715T233432076608Z,msl_ncam_nlb_463814218edr_f0420000ncam00354m1,test_msl,sand,iou,,0,0,152384
unet__scratch__resnet34__in_rover__seed1416__gpu_full__57fe1694__gitc2c2860f__codebebd8b2d__20260715T233432076608Z,msl_ncam_nlb_463814218edr_f0420000ncam00354m1,test_msl,big_rock,iou,,0,0,152384
unet__scratch__resnet34__in_rover__seed1416__gpu_full__57fe1694__gitc2c2860f__codebebd8b2d__20260715T233432076608Z,msl_ncam_nlb_463814218edr_f0420000ncam00354m1,test_msl,ALL,pixel_acc,1.0,0,0,152384
unet__scratch__resnet34__in_rover__seed1416__gpu_full__57fe1694__gitc2c2860f__codebebd8b2d__20260715T233432076608Z,msl_ncam_nlb_463814218edr_f0420000ncam00354m1,test_msl,ALL,boundary_f1,1.0,0,0,152384
unet__scratch__resnet34__in_rover__seed1416__gpu_full__57fe1694__gitc2c2860f__codebebd8b2d__20260715T233432076608Z,msl_ncam_nlb_463814255edr_f0420000ncam00278m1,test_msl,soil,iou,1.0,85416,85416,85416
unet__scratch__resnet34__in_rover__seed1416__gpu_full__57fe1694__gitc2c2860f__codebebd8b2d__20260715T233432076608Z,msl_ncam_nlb_463814255edr_f0420000ncam00278m1,test_msl,bedrock,iou,,0,0,85416
unet__scratch__resnet34__in_rover__seed1416__gpu_full__57fe1694__gitc2c2860f__codebebd8b2d__20260715T233432076608Z,msl_ncam_nlb_463814255edr_f0420000ncam00278m1,test_msl,sand,iou,,0,0,85416
unet__scratch__resnet34__in_rover__seed1416__gpu_full__57fe1694__gitc2c2860f__codebebd8b2d__20260715T233432076608Z,msl_ncam_nlb_463814255edr_f0420000ncam00278m1,test_msl,big_rock,iou,,0,0,85416
unet__scratch__resnet34__in_rover__seed1416__gpu_full__57fe1694__gitc2c2860f__codebebd8b2d__20260715T233432076608Z,msl_ncam_nlb_463814255edr_f0420000ncam00278m1,test_msl,ALL,pixel_acc,1.0,0,0,85416
unet__scratch__resnet34__in_rover__seed1416__gpu_full__57fe1694__gitc2c2860f__codebebd8b2d__20260715T233432076608Z,msl_ncam_nlb_463814255edr_f0420000ncam00278m1,test_msl,ALL,boundary_f1,1.0,0,0,85416
unet__scratch__resnet34__in_rover__seed1416__gpu_full__57fe1694__gitc2c2860f__codebebd8b2d__20260715T233432076608Z,msl_ncam_nlb_463814438edr_f0420000ncam00278m1,test_msl,soil,iou,,0,0,0
unet__scratch__resnet34__in_rover__seed1416__gpu_full__57fe1694__gitc2c2860f__codebebd8b2d__20260715T233432076608Z,msl_ncam_nlb_463814438edr_f0420000ncam00278m1,test_msl,bedrock,iou,,0,0,0
unet__scratch__resnet34__in_rover__seed1416__gpu_full__57fe1694__gitc2c2860f__codebebd8b2d__20260715T233432076608Z,msl_ncam_nlb_463814438edr_f0420000ncam00278m1,test_msl,sand,iou,,0,0,0
unet__scratch__resnet34__in_rover__seed1416__gpu_full__57fe1694__gitc2c2860f__codebebd8b2d__20260715T233432076608Z,msl_ncam_nlb_463814438edr_f0420000ncam00278m1,test_msl,big_rock,iou,,0,0,0
unet__scratch__resnet34__in_rover__seed1416__gpu_full__57fe1694__gitc2c2860f__codebebd8b2d__20260715T233432076608Z,msl_ncam_nlb_463814438edr_f0420000ncam00278m1,test_msl,ALL,pixel_acc,,0,0,0
unet__scratch__resnet34__in_rover__seed1416__gpu_full__57fe1694__gitc2c2860f__codebebd8b2d__20260715T233432076608Z,msl_ncam_nlb_463814438edr_f0420000ncam00278m1,test_msl,ALL,boundary_f1,,0,0,0
unet__scratch__resnet34__in_rover__seed1416__gpu_full__57fe1694__gitc2c2860f__codebebd8b2d__20260715T233432076608Z,msl_ncam_nlb_492664173edr_f0490294ncam00294m1,test_msl,soil,iou,,0,0,16308
unet__scratch__resnet34__in_rover__seed1416__gpu_full__57fe1694__gitc2c2860f__codebebd8b2d__20260715T233432076608Z,msl_ncam_nlb_492664173edr_f0490294ncam00294m1,test_msl,bedrock,iou,1.0,16308,16308,16308
unet__scratch__resnet34__in_rover__seed1416__gpu_full__57fe1694__gitc2c2860f__codebebd8b2d__20260715T233432076608Z,msl_ncam_nlb_492664173edr_f0490294ncam00294m1,test_msl,sand,iou,,0,0,16308
unet__scratch__resnet34__in_rover__seed1416__gpu_full__57fe1694__gitc2c2860f__codebebd8b2d__20260715T233432076608Z,msl_ncam_nlb_492664173edr_f0490294ncam00294m1,test_msl,big_rock,iou,,0,0,16308
unet__scratch__resnet34__in_rover__seed1416__gpu_full__57fe1694__gitc2c2860f__codebebd8b2d__20260715T233432076608Z,msl_ncam_nlb_492664173edr_f0490294ncam00294m1,test_msl,ALL,pixel_acc,1.0,0,0,16308
unet__scratch__resnet34__in_rover__seed1416__gpu_full__57fe1694__gitc2c2860f__codebebd8b2d__20260715T233432076608Z,msl_ncam_nlb_492664173edr_f0490294ncam00294m1,test_msl,ALL,boundary_f1,1.0,0,0,16308
unet__scratch__resnet34__in_rover__seed1416__gpu_full__57fe1694__gitc2c2860f__codebebd8b2d__20260715T233432076608Z,msl_ncam_nlb_492664235edr_f0490294ncam00294m1,test_msl,soil,iou,,0,0,30789
unet__scratch__resnet34__in_rover__seed1416__gpu_full__57fe1694__gitc2c2860f__codebebd8b2d__20260715T233432076608Z,msl_ncam_nlb_492664235edr_f0490294ncam00294m1,test_msl,bedrock,iou,1.0,30789,30789,30789
unet__scratch__resnet34__in_rover__seed1416__gpu_full__57fe1694__gitc2c2860f__codebebd8b2d__20260715T233432076608Z,msl_ncam_nlb_492664235edr_f0490294ncam00294m1,test_msl,sand,iou,,0,0,30789
unet__scratch__resnet34__in_rover__seed1416__gpu_full__57fe1694__gitc2c2860f__codebebd8b2d__20260715T233432076608Z,msl_ncam_nlb_492664235edr_f0490294ncam00294m1,test_msl,big_rock,iou,,0,0,30789
unet__scratch__resnet34__in_rover__seed1416__gpu_full__57fe1694__gitc2c2860f__codebebd8b2d__20260715T233432076608Z,msl_ncam_nlb_492664235edr_f0490294ncam00294m1,test_msl,ALL,pixel_acc,1.0,0,0,30789
unet__scratch__resnet34__in_rover__seed1416__gpu_full__57fe1694__gitc2c2860f__codebebd8b2d__20260715T233432076608Z,msl_ncam_nlb_492664235edr_f0490294ncam00294m1,test_msl,ALL,boundary_f1,1.0,0,0,30789
unet__scratch__resnet34__in_rover__seed1416__gpu_full__57fe1694__gitc2c2860f__codebebd8b2d__20260715T233432076608Z,msl_ncam_nlb_492664291edr_f0490294ncam00294m1,test_msl,soil,iou,,0,0,5776
unet__scratch__resnet34__in_rover__seed1416__gpu_full__57fe1694__gitc2c2860f__codebebd8b2d__20260715T233432076608Z,msl_ncam_nlb_492664291edr_f0490294ncam00294m1,test_msl,bedrock,iou,1.0,5776,5776,5776
unet__scratch__resnet34__in_rover__seed1416__gpu_full__57fe1694__gitc2c2860f__codebebd8b2d__20260715T233432076608Z,msl_ncam_nlb_492664291edr_f0490294ncam00294m1,test_msl,sand,iou,,0,0,5776
unet__scratch__resnet34__in_rover__seed1416__gpu_full__57fe1694__gitc2c2860f__codebebd8b2d__20260715T233432076608Z,msl_ncam_nlb_492664291edr_f0490294ncam00294m1,test_msl,big_rock,iou,,0,0,5776
unet__scratch__resnet34__in_rover__seed1416__gpu_full__57fe1694__gitc2c2860f__codebebd8b2d__20260715T233432076608Z,msl_ncam_nlb_492664291edr_f0490294ncam00294m1,test_msl,ALL,pixel_acc,1.0,0,0,5776
unet__scratch__resnet34__in_rover__seed1416__gpu_full__57fe1694__gitc2c2860f__codebebd8b2d__20260715T233432076608Z,msl_ncam_nlb_492664291edr_f0490294ncam00294m1,test_msl,ALL,boundary_f1,1.0,0,0,5776
unet__scratch__resnet34__in_rover__seed1416__gpu_full__57fe1694__gitc2c2860f__codebebd8b2d__20260715T233432076608Z,msl_ncam_nlb_492664491edr_f0490294ncam00354m1,test_msl,soil,iou,0.7854493998243388,16097,20494,101609
unet__scratch__resnet34__in_rover__seed1416__gpu_full__57fe1694__gitc2c2860f__codebebd8b2d__20260715T233432076608Z,msl_ncam_nlb_492664491edr_f0490294ncam00354m1,test_msl,bedrock,iou,0.9492352521269002,81115,85453,101609
unet__scratch__resnet34__in_rover__seed1416__gpu_full__57fe1694__gitc2c2860f__codebebd8b2d__20260715T233432076608Z,msl_ncam_nlb_492664491edr_f0490294ncam00354m1,test_msl,sand,iou,0.0,0,59,101609
unet__scratch__resnet34__in_rover__seed1416__gpu_full__57fe1694__gitc2c2860f__codebebd8b2d__20260715T233432076608Z,msl_ncam_nlb_492664491edr_f0490294ncam00354m1,test_msl,big_rock,iou,,0,0,101609
unet__scratch__resnet34__in_rover__seed1416__gpu_full__57fe1694__gitc2c2860f__codebebd8b2d__20260715T233432076608Z,msl_ncam_nlb_492664491edr_f0490294ncam00354m1,test_msl,ALL,pixel_acc,0.95672627424736,0,0,101609
unet__scratch__resnet34__in_rover__seed1416__gpu_full__57fe1694__gitc2c2860f__codebebd8b2d__20260715T233432076608Z,msl_ncam_nlb_492664491edr_f0490294ncam00354m1,test_msl,ALL,boundary_f1,0.42905094502308344,0,0,101609
unet__scratch__resnet34__in_rover__seed1416__gpu_full__57fe1694__gitc2c2860f__codebebd8b2d__20260715T233432076608Z,msl_ncam_nlb_492664554edr_f0490294ncam00354m1,test_msl,soil,iou,0.10178817056396149,1554,15267,43882
unet__scratch__resnet34__in_rover__seed1416__gpu_full__57fe1694__gitc2c2860f__codebebd8b2d__20260715T233432076608Z,msl_ncam_nlb_492664554edr_f0490294ncam00354m1,test_msl,bedrock,iou,0.48878957169459963,13124,26850,43882
unet__scratch__resnet34__in_rover__seed1416__gpu_full__57fe1694__gitc2c2860f__codebebd8b2d__20260715T233432076608Z,msl_ncam_nlb_492664554edr_f0490294ncam00354m1,test_msl,sand,iou,0.9548668097462442,15127,15842,43882
unet__scratch__resnet34__in_rover__seed1416__gpu_full__57fe1694__gitc2c2860f__codebebd8b2d__20260715T233432076608Z,msl_ncam_nlb_492664554edr_f0490294ncam00354m1,test_msl,big_rock,iou,,0,0,43882
unet__scratch__resnet34__in_rover__seed1416__gpu_full__57fe1694__gitc2c2860f__codebebd8b2d__20260715T233432076608Z,msl_ncam_nlb_492664554edr_f0490294ncam00354m1,test_msl,ALL,pixel_acc,0.6792078756665603,0,0,43882
unet__scratch__resnet34__in_rover__seed1416__gpu_full__57fe1694__gitc2c2860f__codebebd8b2d__20260715T233432076608Z,msl_ncam_nlb_492664554edr_f0490294ncam00354m1,test_msl,ALL,boundary_f1,0.5830811818439541,0,0,43882
unet__scratch__resnet34__in_rover__seed1416__gpu_full__57fe1694__gitc2c2860f__codebebd8b2d__20260715T233432076608Z,msl_ncam_nlb_492664625edr_f0490294ncam00354m1,test_msl,soil,iou,,0,0,48893
unet__scratch__resnet34__in_rover__seed1416__gpu_full__57fe1694__gitc2c2860f__codebebd8b2d__20260715T233432076608Z,msl_ncam_nlb_492664625edr_f0490294ncam00354m1,test_msl,bedrock,iou,1.0,45924,45924,48893
unet__scratch__resnet34__in_rover__seed1416__gpu_full__57fe1694__gitc2c2860f__codebebd8b2d__20260715T233432076608Z,msl_ncam_nlb_492664625edr_f0490294ncam00354m1,test_msl,sand,iou,1.0,2969,2969,48893
unet__scratch__resnet34__in_rover__seed1416__gpu_full__57fe1694__gitc2c2860f__codebebd8b2d__20260715T233432076608Z,msl_ncam_nlb_492664625edr_f0490294ncam00354m1,test_msl,big_rock,iou,,0,0,48893
unet__scratch__resnet34__in_rover__seed1416__gpu_full__57fe1694__gitc2c2860f__codebebd8b2d__20260715T233432076608Z,msl_ncam_nlb_492664625edr_f0490294ncam00354m1,test_msl,ALL,pixel_acc,1.0,0,0,48893
unet__scratch__resnet34__in_rover__seed1416__gpu_full__57fe1694__gitc2c2860f__codebebd8b2d__20260715T233432076608Z,msl_ncam_nlb_492664625edr_f0490294ncam00354m1,test_msl,ALL,boundary_f1,1.0,0,0,48893
unet__scratch__resnet34__in_rover__seed1416__gpu_full__57fe1694__gitc2c2860f__codebebd8b2d__20260715T233432076608Z,msl_ncam_nlb_492664724edr_f0490294ncam00296m1,test_msl,soil,iou,,0,0,0
unet__scratch__resnet34__in_rover__seed1416__gpu_full__57fe1694__gitc2c2860f__codebebd8b2d__20260715T233432076608Z,msl_ncam_nlb_492664724edr_f0490294ncam00296m1,test_msl,bedrock,iou,,0,0,0
unet__scratch__resnet34__in_rover__seed1416__gpu_full__57fe1694__gitc2c2860f__codebebd8b2d__20260715T233432076608Z,msl_ncam_nlb_492664724edr_f0490294ncam00296m1,test_msl,sand,iou,,0,0,0
unet__scratch__resnet34__in_rover__seed1416__gpu_full__57fe1694__gitc2c2860f__codebebd8b2d__20260715T233432076608Z,msl_ncam_nlb_492664724edr_f0490294ncam00296m1,test_msl,big_rock,iou,,0,0,0
unet__scratch__resnet34__in_rover__seed1416__gpu_full__57fe1694__gitc2c2860f__codebebd8b2d__20260715T233432076608Z,msl_ncam_nlb_492664724edr_f0490294ncam00296m1,test_msl,ALL,pixel_acc,,0,0,0
unet__scratch__resnet34__in_rover__seed1416__gpu_full__57fe1694__gitc2c2860f__codebebd8b2d__20260715T233432076608Z,msl_ncam_nlb_492664724edr_f0490294ncam00296m1,test_msl,ALL,boundary_f1,,0,0,0
unet__scratch__resnet34__in_rover__seed1416__gpu_full__57fe1694__gitc2c2860f__codebebd8b2d__20260715T233432076608Z,msl_ncam_nlb_492664901edr_f0490294ncam00295m1,test_msl,soil,iou,,0,0,9775
unet__scratch__resnet34__in_rover__seed1416__gpu_full__57fe1694__gitc2c2860f__codebebd8b2d__20260715T233432076608Z,msl_ncam_nlb_492664901edr_f0490294ncam00295m1,test_msl,bedrock,iou,1.0,9775,9775,9775
unet__scratch__resnet34__in_rover__seed1416__gpu_full__57fe1694__gitc2c2860f__codebebd8b2d__20260715T233432076608Z,msl_ncam_nlb_492664901edr_f0490294ncam00295m1,test_msl,sand,iou,,0,0,9775
unet__scratch__resnet34__in_rover__seed1416__gpu_full__57fe1694__gitc2c2860f__codebebd8b2d__20260715T233432076608Z,msl_ncam_nlb_492664901edr_f0490294ncam00295m1,test_msl,big_rock,iou,,0,0,9775
unet__scratch__resnet34__in_rover__seed1416__gpu_full__57fe1694__gitc2c2860f__codebebd8b2d__20260715T233432076608Z,msl_ncam_nlb_492664901edr_f0490294ncam00295m1,test_msl,ALL,pixel_acc,1.0,0,0,9775
unet__scratch__resnet34__in_rover__seed1416__gpu_full__57fe1694__gitc2c2860f__codebebd8b2d__20260715T233432076608Z,msl_ncam_nlb_492664901edr_f0490294ncam00295m1,test_msl,ALL,boundary_f1,1.0,0,0,9775
unet__scratch__resnet34__in_rover__seed1416__gpu_full__57fe1694__gitc2c2860f__codebebd8b2d__20260715T233432076608Z,msl_ncam_nlb_492665102edr_f0490294ncam00295m1,test_msl,soil,iou,,0,0,0
unet__scratch__resnet34__in_rover__seed1416__gpu_full__57fe1694__gitc2c2860f__codebebd8b2d__20260715T233432076608Z,msl_ncam_nlb_492665102edr_f0490294ncam00295m1,test_msl,bedrock,iou,,0,0,0
unet__scratch__resnet34__in_rover__seed1416__gpu_full__57fe1694__gitc2c2860f__codebebd8b2d__20260715T233432076608Z,msl_ncam_nlb_492665102edr_f0490294ncam00295m1,test_msl,sand,iou,,0,0,0
unet__scratch__resnet34__in_rover__seed1416__gpu_full__57fe1694__gitc2c2860f__codebebd8b2d__20260715T233432076608Z,msl_ncam_nlb_492665102edr_f0490294ncam00295m1,test_msl,big_rock,iou,,0,0,0
unet__scratch__resnet34__in_rover__seed1416__gpu_full__57fe1694__gitc2c2860f__codebebd8b2d__20260715T233432076608Z,msl_ncam_nlb_492665102edr_f0490294ncam00295m1,test_msl,ALL,pixel_acc,,0,0,0
unet__scratch__resnet34__in_rover__seed1416__gpu_full__57fe1694__gitc2c2860f__codebebd8b2d__20260715T233432076608Z,msl_ncam_nlb_492665102edr_f0490294ncam00295m1,test_msl,ALL,boundary_f1,,0,0,0
unet__scratch__resnet34__in_rover__seed1416__gpu_full__57fe1694__gitc2c2860f__codebebd8b2d__20260715T233432076608Z,msl_ncam_nlb_493996330edr_f0491846ncam00385m1,test_msl,soil,iou,,0,0,89098
unet__scratch__resnet34__in_rover__seed1416__gpu_full__57fe1694__gitc2c2860f__codebebd8b2d__20260715T233432076608Z,msl_ncam_nlb_493996330edr_f0491846ncam00385m1,test_msl,bedrock,iou,0.9984713375796178,39190,39250,89098
unet__scratch__resnet34__in_rover__seed1416__gpu_full__57fe1694__gitc2c2860f__codebebd8b2d__20260715T233432076608Z,msl_ncam_nlb_493996330edr_f0491846ncam00385m1,test_msl,sand,iou,0.9999598796389167,49848,49850,89098
unet__scratch__resnet34__in_rover__seed1416__gpu_full__57fe1694__gitc2c2860f__codebebd8b2d__20260715T233432076608Z,msl_ncam_nlb_493996330edr_f0491846ncam00385m1,test_msl,big_rock,iou,0.0,0,58,89098
unet__scratch__resnet34__in_rover__seed1416__gpu_full__57fe1694__gitc2c2860f__codebebd8b2d__20260715T233432076608Z,msl_ncam_nlb_493996330edr_f0491846ncam00385m1,test_msl,ALL,pixel_acc,0.9993265842106445,0,0,89098
unet__scratch__resnet34__in_rover__seed1416__gpu_full__57fe1694__gitc2c2860f__codebebd8b2d__20260715T233432076608Z,msl_ncam_nlb_493996330edr_f0491846ncam00385m1,test_msl,ALL,boundary_f1,0.6660590167241631,0,0,89098
unet__scratch__resnet34__in_rover__seed1416__gpu_full__57fe1694__gitc2c2860f__codebebd8b2d__20260715T233432076608Z,msl_ncam_nlb_493996945edr_f0491876ncam00353m1,test_msl,soil,iou,,0,0,75892
unet__scratch__resnet34__in_rover__seed1416__gpu_full__57fe1694__gitc2c2860f__codebebd8b2d__20260715T233432076608Z,msl_ncam_nlb_493996945edr_f0491876ncam00353m1,test_msl,bedrock,iou,0.8886282633198281,58342,65654,75892
unet__scratch__resnet34__in_rover__seed1416__gpu_full__57fe1694__gitc2c2860f__codebebd8b2d__20260715T233432076608Z,msl_ncam_nlb_493996945edr_f0491876ncam00353m1,test_msl,sand,iou,0.5833618233618234,10238,17550,75892
unet__scratch__resnet34__in_rover__seed1416__gpu_full__57fe1694__gitc2c2860f__codebebd8b2d__20260715T233432076608Z,msl_ncam_nlb_493996945edr_f0491876ncam00353m1,test_msl,big_rock,iou,,0,0,75892
unet__scratch__resnet34__in_rover__seed1416__gpu_full__57fe1694__gitc2c2860f__codebebd8b2d__20260715T233432076608Z,msl_ncam_nlb_493996945edr_f0491876ncam00353m1,test_msl,ALL,pixel_acc,0.9036525588994887,0,0,75892
unet__scratch__resnet34__in_rover__seed1416__gpu_full__57fe1694__gitc2c2860f__codebebd8b2d__20260715T233432076608Z,msl_ncam_nlb_493996945edr_f0491876ncam00353m1,test_msl,ALL,boundary_f1,0.6537841548135312,0,0,75892
unet__scratch__resnet34__in_rover__seed1416__gpu_full__57fe1694__gitc2c2860f__codebebd8b2d__20260715T233432076608Z,msl_ncam_nlb_493997715edr_f0491876ncam00256m1,test_msl,soil,iou,,0,0,65259
unet__scratch__resnet34__in_rover__seed1416__gpu_full__57fe1694__gitc2c2860f__codebebd8b2d__20260715T233432076608Z,msl_ncam_nlb_493997715edr_f0491876ncam00256m1,test_msl,bedrock,iou,0.8661492664256857,16294,18812,65259
unet__scratch__resnet34__in_rover__seed1416__gpu_full__57fe1694__gitc2c2860f__codebebd8b2d__20260715T233432076608Z,msl_ncam_nlb_493997715edr_f0491876ncam00256m1,test_msl,sand,iou,0.999225523309597,46447,46483,65259
unet__scratch__resnet34__in_rover__seed1416__gpu_full__57fe1694__gitc2c2860f__codebebd8b2d__20260715T233432076608Z,msl_ncam_nlb_493997715edr_f0491876ncam00256m1,test_msl,big_rock,iou,0.0,0,2482,65259
unet__scratch__resnet34__in_rover__seed1416__gpu_full__57fe1694__gitc2c2860f__codebebd8b2d__20260715T233432076608Z,msl_ncam_nlb_493997715edr_f0491876ncam00256m1,test_msl,ALL,pixel_acc,0.9614152837156561,0,0,65259
unet__scratch__resnet34__in_rover__seed1416__gpu_full__57fe1694__gitc2c2860f__codebebd8b2d__20260715T233432076608Z,msl_ncam_nlb_493997715edr_f0491876ncam00256m1,test_msl,ALL,boundary_f1,0.6277719555648712,0,0,65259
unet__scratch__resnet34__in_rover__seed1416__gpu_full__57fe1694__gitc2c2860f__codebebd8b2d__20260715T233432076608Z,msl_ncam_nlb_493997775edr_f0491876ncam00256m1,test_msl,soil,iou,,0,0,41074
unet__scratch__resnet34__in_rover__seed1416__gpu_full__57fe1694__gitc2c2860f__codebebd8b2d__20260715T233432076608Z,msl_ncam_nlb_493997775edr_f0491876ncam00256m1,test_msl,bedrock,iou,0.9733488960217878,30021,30843,41074
unet__scratch__resnet34__in_rover__seed1416__gpu_full__57fe1694__gitc2c2860f__codebebd8b2d__20260715T233432076608Z,msl_ncam_nlb_493997775edr_f0491876ncam00256m1,test_msl,sand,iou,0.9256310503935583,10231,11053,41074
unet__scratch__resnet34__in_rover__seed1416__gpu_full__57fe1694__gitc2c2860f__codebebd8b2d__20260715T233432076608Z,msl_ncam_nlb_493997775edr_f0491876ncam00256m1,test_msl,big_rock,iou,,0,0,41074
unet__scratch__resnet34__in_rover__seed1416__gpu_full__57fe1694__gitc2c2860f__codebebd8b2d__20260715T233432076608Z,msl_ncam_nlb_493997775edr_f0491876ncam00256m1,test_msl,ALL,pixel_acc,0.9799873399230656,0,0,41074
unet__scratch__resnet34__in_rover__seed1416__gpu_full__57fe1694__gitc2c2860f__codebebd8b2d__20260715T233432076608Z,msl_ncam_nlb_493997775edr_f0491876ncam00256m1,test_msl,ALL,boundary_f1,0.8803382246216486,0,0,41074
unet__scratch__resnet34__in_rover__seed1416__gpu_full__57fe1694__gitc2c2860f__codebebd8b2d__20260715T233432076608Z,msl_ncam_nlb_493997895edr_f0491876ncam00354m1,test_msl,soil,iou,,0,0,92765
unet__scratch__resnet34__in_rover__seed1416__gpu_full__57fe1694__gitc2c2860f__codebebd8b2d__20260715T233432076608Z,msl_ncam_nlb_493997895edr_f0491876ncam00354m1,test_msl,bedrock,iou,0.8988199253554247,83326,92706,92765
unet__scratch__resnet34__in_rover__seed1416__gpu_full__57fe1694__gitc2c2860f__codebebd8b2d__20260715T233432076608Z,msl_ncam_nlb_493997895edr_f0491876ncam00354m1,test_msl,sand,iou,0.006250662146413815,59,9439,92765
unet__scratch__resnet34__in_rover__seed1416__gpu_full__57fe1694__gitc2c2860f__codebebd8b2d__20260715T233432076608Z,msl_ncam_nlb_493997895edr_f0491876ncam00354m1,test_msl,big_rock,iou,,0,0,92765
unet__scratch__resnet34__in_rover__seed1416__gpu_full__57fe1694__gitc2c2860f__codebebd8b2d__20260715T233432076608Z,msl_ncam_nlb_493997895edr_f0491876ncam00354m1,test_msl,ALL,pixel_acc,0.8988842774753409,0,0,92765
unet__scratch__resnet34__in_rover__seed1416__gpu_full__57fe1694__gitc2c2860f__codebebd8b2d__20260715T233432076608Z,msl_ncam_nlb_493997895edr_f0491876ncam00354m1,test_msl,ALL,boundary_f1,0.46890212259328096,0,0,92765
unet__scratch__resnet34__in_rover__seed1416__gpu_full__57fe1694__gitc2c2860f__codebebd8b2d__20260715T233432076608Z,msl_ncam_nlb_493997974edr_f0491876ncam00354m1,test_msl,soil,iou,,0,0,43129
unet__scratch__resnet34__in_rover__seed1416__gpu_full__57fe1694__gitc2c2860f__codebebd8b2d__20260715T233432076608Z,msl_ncam_nlb_493997974edr_f0491876ncam00354m1,test_msl,bedrock,iou,1.0,18339,18339,43129
unet__scratch__resnet34__in_rover__seed1416__gpu_full__57fe1694__gitc2c2860f__codebebd8b2d__20260715T233432076608Z,msl_ncam_nlb_493997974edr_f0491876ncam00354m1,test_msl,sand,iou,1.0,24790,24790,43129
unet__scratch__resnet34__in_rover__seed1416__gpu_full__57fe1694__gitc2c2860f__codebebd8b2d__20260715T233432076608Z,msl_ncam_nlb_493997974edr_f0491876ncam00354m1,test_msl,big_rock,iou,,0,0,43129
unet__scratch__resnet34__in_rover__seed1416__gpu_full__57fe1694__gitc2c2860f__codebebd8b2d__20260715T233432076608Z,msl_ncam_nlb_493997974edr_f0491876ncam00354m1,test_msl,ALL,pixel_acc,1.0,0,0,43129
unet__scratch__resnet34__in_rover__seed1416__gpu_full__57fe1694__gitc2c2860f__codebebd8b2d__20260715T233432076608Z,msl_ncam_nlb_493997974edr_f0491876ncam00354m1,test_msl,ALL,boundary_f1,1.0,0,0,43129
unet__scratch__resnet34__in_rover__seed1416__gpu_full__57fe1694__gitc2c2860f__codebebd8b2d__20260715T233432076608Z,msl_ncam_nlb_493998022edr_f0491876ncam00257m1,test_msl,soil,iou,,0,0,59414
unet__scratch__resnet34__in_rover__seed1416__gpu_full__57fe1694__gitc2c2860f__codebebd8b2d__20260715T233432076608Z,msl_ncam_nlb_493998022edr_f0491876ncam00257m1,test_msl,bedrock,iou,0.6495147990950395,34738,53483,59414
unet__scratch__resnet34__in_rover__seed1416__gpu_full__57fe1694__gitc2c2860f__codebebd8b2d__20260715T233432076608Z,msl_ncam_nlb_493998022edr_f0491876ncam00257m1,test_msl,sand,iou,0.7266601323205096,5931,8162,59414
unet__scratch__resnet34__in_rover__seed1416__gpu_full__57fe1694__gitc2c2860f__codebebd8b2d__20260715T233432076608Z,msl_ncam_nlb_493998022edr_f0491876ncam00257m1,test_msl,big_rock,iou,0.0,0,16514,59414
unet__scratch__resnet34__in_rover__seed1416__gpu_full__57fe1694__gitc2c2860f__codebebd8b2d__20260715T233432076608Z,msl_ncam_nlb_493998022edr_f0491876ncam00257m1,test_msl,ALL,pixel_acc,0.6845019692328408,0,0,59414
unet__scratch__resnet34__in_rover__seed1416__gpu_full__57fe1694__gitc2c2860f__codebebd8b2d__20260715T233432076608Z,msl_ncam_nlb_493998022edr_f0491876ncam00257m1,test_msl,ALL,boundary_f1,0.5192537561522447,0,0,59414
unet__scratch__resnet34__in_rover__seed1416__gpu_full__57fe1694__gitc2c2860f__codebebd8b2d__20260715T233432076608Z,msl_ncam_nlb_493998141edr_f0491876ncam00257m1,test_msl,soil,iou,,0,0,18319
unet__scratch__resnet34__in_rover__seed1416__gpu_full__57fe1694__gitc2c2860f__codebebd8b2d__20260715T233432076608Z,msl_ncam_nlb_493998141edr_f0491876ncam00257m1,test_msl,bedrock,iou,0.9748636009353079,5003,5132,18319
unet__scratch__resnet34__in_rover__seed1416__gpu_full__57fe1694__gitc2c2860f__codebebd8b2d__20260715T233432076608Z,msl_ncam_nlb_493998141edr_f0491876ncam00257m1,test_msl,sand,iou,0.9903124061279663,13187,13316,18319
unet__scratch__resnet34__in_rover__seed1416__gpu_full__57fe1694__gitc2c2860f__codebebd8b2d__20260715T233432076608Z,msl_ncam_nlb_493998141edr_f0491876ncam00257m1,test_msl,big_rock,iou,,0,0,18319
unet__scratch__resnet34__in_rover__seed1416__gpu_full__57fe1694__gitc2c2860f__codebebd8b2d__20260715T233432076608Z,msl_ncam_nlb_493998141edr_f0491876ncam00257m1,test_msl,ALL,pixel_acc,0.9929581309023419,0,0,18319
unet__scratch__resnet34__in_rover__seed1416__gpu_full__57fe1694__gitc2c2860f__codebebd8b2d__20260715T233432076608Z,msl_ncam_nlb_493998141edr_f0491876ncam00257m1,test_msl,ALL,boundary_f1,0.9647767596268825,0,0,18319
unet__scratch__resnet34__in_rover__seed1416__gpu_full__57fe1694__gitc2c2860f__codebebd8b2d__20260715T233432076608Z,msl_ncam_nlb_493998256edr_f0491876ncam00257m1,test_msl,soil,iou,,0,0,4103
unet__scratch__resnet34__in_rover__seed1416__gpu_full__57fe1694__gitc2c2860f__codebebd8b2d__20260715T233432076608Z,msl_ncam_nlb_493998256edr_f0491876ncam00257m1,test_msl,bedrock,iou,1.0,1148,1148,4103
unet__scratch__resnet34__in_rover__seed1416__gpu_full__57fe1694__gitc2c2860f__codebebd8b2d__20260715T233432076608Z,msl_ncam_nlb_493998256edr_f0491876ncam00257m1,test_msl,sand,iou,1.0,2955,2955,4103
unet__scratch__resnet34__in_rover__seed1416__gpu_full__57fe1694__gitc2c2860f__codebebd8b2d__20260715T233432076608Z,msl_ncam_nlb_493998256edr_f0491876ncam00257m1,test_msl,big_rock,iou,,0,0,4103
unet__scratch__resnet34__in_rover__seed1416__gpu_full__57fe1694__gitc2c2860f__codebebd8b2d__20260715T233432076608Z,msl_ncam_nlb_493998256edr_f0491876ncam00257m1,test_msl,ALL,pixel_acc,1.0,0,0,4103
unet__scratch__resnet34__in_rover__seed1416__gpu_full__57fe1694__gitc2c2860f__codebebd8b2d__20260715T233432076608Z,msl_ncam_nlb_493998256edr_f0491876ncam00257m1,test_msl,ALL,boundary_f1,1.0,0,0,4103
unet__scratch__resnet34__in_rover__seed1416__gpu_full__57fe1694__gitc2c2860f__codebebd8b2d__20260715T233432076608Z,msl_ncam_nlb_500655478edr_f0503000ncam00385m1,test_msl,soil,iou,,0,0,113066
unet__scratch__resnet34__in_rover__seed1416__gpu_full__57fe1694__gitc2c2860f__codebebd8b2d__20260715T233432076608Z,msl_ncam_nlb_500655478edr_f0503000ncam00385m1,test_msl,bedrock,iou,1.0,113066,113066,113066
unet__scratch__resnet34__in_rover__seed1416__gpu_full__57fe1694__gitc2c2860f__codebebd8b2d__20260715T233432076608Z,msl_ncam_nlb_500655478edr_f0503000ncam00385m1,test_msl,sand,iou,,0,0,113066
unet__scratch__resnet34__in_rover__seed1416__gpu_full__57fe1694__gitc2c2860f__codebebd8b2d__20260715T233432076608Z,msl_ncam_nlb_500655478edr_f0503000ncam00385m1,test_msl,big_rock,iou,,0,0,113066
unet__scratch__resnet34__in_rover__seed1416__gpu_full__57fe1694__gitc2c2860f__codebebd8b2d__20260715T233432076608Z,msl_ncam_nlb_500655478edr_f0503000ncam00385m1,test_msl,ALL,pixel_acc,1.0,0,0,113066
unet__scratch__resnet34__in_rover__seed1416__gpu_full__57fe1694__gitc2c2860f__codebebd8b2d__20260715T233432076608Z,msl_ncam_nlb_500655478edr_f0503000ncam00385m1,test_msl,ALL,boundary_f1,1.0,0,0,113066
unet__scratch__resnet34__in_rover__seed1416__gpu_full__57fe1694__gitc2c2860f__codebebd8b2d__20260715T233432076608Z,msl_ncam_nlb_500656502edr_f0503076ncam00353m1,test_msl,soil,iou,0.058228540185893934,426,7316,33179
unet__scratch__resnet34__in_rover__seed1416__gpu_full__57fe1694__gitc2c2860f__codebebd8b2d__20260715T233432076608Z,msl_ncam_nlb_500656502edr_f0503076ncam00353m1,test_msl,bedrock,iou,0.7896375904497298,25863,32753,33179
unet__scratch__resnet34__in_rover__seed1416__gpu_full__57fe1694__gitc2c2860f__codebebd8b2d__20260715T233432076608Z,msl_ncam_nlb_500656502edr_f0503076ncam00353m1,test_msl,sand,iou,,0,0,33179
unet__scratch__resnet34__in_rover__seed1416__gpu_full__57fe1694__gitc2c2860f__codebebd8b2d__20260715T233432076608Z,msl_ncam_nlb_500656502edr_f0503076ncam00353m1,test_msl,big_rock,iou,,0,0,33179
unet__scratch__resnet34__in_rover__seed1416__gpu_full__57fe1694__gitc2c2860f__codebebd8b2d__20260715T233432076608Z,msl_ncam_nlb_500656502edr_f0503076ncam00353m1,test_msl,ALL,pixel_acc,0.7923385273817777,0,0,33179
unet__scratch__resnet34__in_rover__seed1416__gpu_full__57fe1694__gitc2c2860f__codebebd8b2d__20260715T233432076608Z,msl_ncam_nlb_500656502edr_f0503076ncam00353m1,test_msl,ALL,boundary_f1,0.5958222168764147,0,0,33179
unet__scratch__resnet34__in_rover__seed1416__gpu_full__57fe1694__gitc2c2860f__codebebd8b2d__20260715T233432076608Z,msl_ncam_nlb_500661494edr_f0503076ncam00354m1,test_msl,soil,iou,,0,0,127313
unet__scratch__resnet34__in_rover__seed1416__gpu_full__57fe1694__gitc2c2860f__codebebd8b2d__20260715T233432076608Z,msl_ncam_nlb_500661494edr_f0503076ncam00354m1,test_msl,bedrock,iou,1.0,127313,127313,127313
unet__scratch__resnet34__in_rover__seed1416__gpu_full__57fe1694__gitc2c2860f__codebebd8b2d__20260715T233432076608Z,msl_ncam_nlb_500661494edr_f0503076ncam00354m1,test_msl,sand,iou,,0,0,127313
unet__scratch__resnet34__in_rover__seed1416__gpu_full__57fe1694__gitc2c2860f__codebebd8b2d__20260715T233432076608Z,msl_ncam_nlb_500661494edr_f0503076ncam00354m1,test_msl,big_rock,iou,,0,0,127313
unet__scratch__resnet34__in_rover__seed1416__gpu_full__57fe1694__gitc2c2860f__codebebd8b2d__20260715T233432076608Z,msl_ncam_nlb_500661494edr_f0503076ncam00354m1,test_msl,ALL,pixel_acc,1.0,0,0,127313
unet__scratch__resnet34__in_rover__seed1416__gpu_full__57fe1694__gitc2c2860f__codebebd8b2d__20260715T233432076608Z,msl_ncam_nlb_500661494edr_f0503076ncam00354m1,test_msl,ALL,boundary_f1,1.0,0,0,127313
unet__scratch__resnet34__in_rover__seed1416__gpu_full__57fe1694__gitc2c2860f__codebebd8b2d__20260715T233432076608Z,msl_ncam_nlb_500661565edr_f0503076ncam00354m1,test_msl,soil,iou,,0,0,25550
unet__scratch__resnet34__in_rover__seed1416__gpu_full__57fe1694__gitc2c2860f__codebebd8b2d__20260715T233432076608Z,msl_ncam_nlb_500661565edr_f0503076ncam00354m1,test_msl,bedrock,iou,1.0,25550,25550,25550
unet__scratch__resnet34__in_rover__seed1416__gpu_full__57fe1694__gitc2c2860f__codebebd8b2d__20260715T233432076608Z,msl_ncam_nlb_500661565edr_f0503076ncam00354m1,test_msl,sand,iou,,0,0,25550
unet__scratch__resnet34__in_rover__seed1416__gpu_full__57fe1694__gitc2c2860f__codebebd8b2d__20260715T233432076608Z,msl_ncam_nlb_500661565edr_f0503076ncam00354m1,test_msl,big_rock,iou,,0,0,25550
unet__scratch__resnet34__in_rover__seed1416__gpu_full__57fe1694__gitc2c2860f__codebebd8b2d__20260715T233432076608Z,msl_ncam_nlb_500661565edr_f0503076ncam00354m1,test_msl,ALL,pixel_acc,1.0,0,0,25550
unet__scratch__resnet34__in_rover__seed1416__gpu_full__57fe1694__gitc2c2860f__codebebd8b2d__20260715T233432076608Z,msl_ncam_nlb_500661565edr_f0503076ncam00354m1,test_msl,ALL,boundary_f1,1.0,0,0,25550
unet__scratch__resnet34__in_rover__seed1416__gpu_full__57fe1694__gitc2c2860f__codebebd8b2d__20260715T233432076608Z,msl_ncam_nlb_500661664edr_f0503076ncam07753m1,test_msl,soil,iou,0.33977767037216045,5624,16552,129119
unet__scratch__resnet34__in_rover__seed1416__gpu_full__57fe1694__gitc2c2860f__codebebd8b2d__20260715T233432076608Z,msl_ncam_nlb_500661664edr_f0503076ncam07753m1,test_msl,bedrock,iou,0.911510587473177,112567,123495,129119
unet__scratch__resnet34__in_rover__seed1416__gpu_full__57fe1694__gitc2c2860f__codebebd8b2d__20260715T233432076608Z,msl_ncam_nlb_500661664edr_f0503076ncam07753m1,test_msl,sand,iou,,0,0,129119
unet__scratch__resnet34__in_rover__seed1416__gpu_full__57fe1694__gitc2c2860f__codebebd8b2d__20260715T233432076608Z,msl_ncam_nlb_500661664edr_f0503076ncam07753m1,test_msl,big_rock,iou,,0,0,129119
unet__scratch__resnet34__in_rover__seed1416__gpu_full__57fe1694__gitc2c2860f__codebebd8b2d__20260715T233432076608Z,msl_ncam_nlb_500661664edr_f0503076ncam07753m1,test_msl,ALL,pixel_acc,0.9153648959486985,0,0,129119
unet__scratch__resnet34__in_rover__seed1416__gpu_full__57fe1694__gitc2c2860f__codebebd8b2d__20260715T233432076608Z,msl_ncam_nlb_500661664edr_f0503076ncam07753m1,test_msl,ALL,boundary_f1,0.5210244304121017,0,0,129119
unet__scratch__resnet34__in_rover__seed1416__gpu_full__57fe1694__gitc2c2860f__codebebd8b2d__20260715T233432076608Z,msl_ncam_nlb_500661727edr_f0503076ncam07753m1,test_msl,soil,iou,,0,0,163353
unet__scratch__resnet34__in_rover__seed1416__gpu_full__57fe1694__gitc2c2860f__codebebd8b2d__20260715T233432076608Z,msl_ncam_nlb_500661727edr_f0503076ncam07753m1,test_msl,bedrock,iou,1.0,163353,163353,163353
unet__scratch__resnet34__in_rover__seed1416__gpu_full__57fe1694__gitc2c2860f__codebebd8b2d__20260715T233432076608Z,msl_ncam_nlb_500661727edr_f0503076ncam07753m1,test_msl,sand,iou,,0,0,163353
unet__scratch__resnet34__in_rover__seed1416__gpu_full__57fe1694__gitc2c2860f__codebebd8b2d__20260715T233432076608Z,msl_ncam_nlb_500661727edr_f0503076ncam07753m1,test_msl,big_rock,iou,,0,0,163353
unet__scratch__resnet34__in_rover__seed1416__gpu_full__57fe1694__gitc2c2860f__codebebd8b2d__20260715T233432076608Z,msl_ncam_nlb_500661727edr_f0503076ncam07753m1,test_msl,ALL,pixel_acc,1.0,0,0,163353
unet__scratch__resnet34__in_rover__seed1416__gpu_full__57fe1694__gitc2c2860f__codebebd8b2d__20260715T233432076608Z,msl_ncam_nlb_500661727edr_f0503076ncam07753m1,test_msl,ALL,boundary_f1,1.0,0,0,163353
unet__scratch__resnet34__in_rover__seed1416__gpu_full__57fe1694__gitc2c2860f__codebebd8b2d__20260715T233432076608Z,msl_ncam_nlb_500661784edr_f0503076ncam07753m1,test_msl,soil,iou,,0,0,133546
unet__scratch__resnet34__in_rover__seed1416__gpu_full__57fe1694__gitc2c2860f__codebebd8b2d__20260715T233432076608Z,msl_ncam_nlb_500661784edr_f0503076ncam07753m1,test_msl,bedrock,iou,1.0,133546,133546,133546
unet__scratch__resnet34__in_rover__seed1416__gpu_full__57fe1694__gitc2c2860f__codebebd8b2d__20260715T233432076608Z,msl_ncam_nlb_500661784edr_f0503076ncam07753m1,test_msl,sand,iou,,0,0,133546
unet__scratch__resnet34__in_rover__seed1416__gpu_full__57fe1694__gitc2c2860f__codebebd8b2d__20260715T233432076608Z,msl_ncam_nlb_500661784edr_f0503076ncam07753m1,test_msl,big_rock,iou,,0,0,133546
unet__scratch__resnet34__in_rover__seed1416__gpu_full__57fe1694__gitc2c2860f__codebebd8b2d__20260715T233432076608Z,msl_ncam_nlb_500661784edr_f0503076ncam07753m1,test_msl,ALL,pixel_acc,1.0,0,0,133546
unet__scratch__resnet34__in_rover__seed1416__gpu_full__57fe1694__gitc2c2860f__codebebd8b2d__20260715T233432076608Z,msl_ncam_nlb_500661784edr_f0503076ncam07753m1,test_msl,ALL,boundary_f1,1.0,0,0,133546
unet__scratch__resnet34__in_rover__seed1416__gpu_full__57fe1694__gitc2c2860f__codebebd8b2d__20260715T233432076608Z,msl_ncam_nlb_502512171edr_f0511298ncam00320m1,test_msl,soil,iou,,0,0,142320
unet__scratch__resnet34__in_rover__seed1416__gpu_full__57fe1694__gitc2c2860f__codebebd8b2d__20260715T233432076608Z,msl_ncam_nlb_502512171edr_f0511298ncam00320m1,test_msl,bedrock,iou,,0,0,142320
unet__scratch__resnet34__in_rover__seed1416__gpu_full__57fe1694__gitc2c2860f__codebebd8b2d__20260715T233432076608Z,msl_ncam_nlb_502512171edr_f0511298ncam00320m1,test_msl,sand,iou,0.9996486790331647,142270,142320,142320
unet__scratch__resnet34__in_rover__seed1416__gpu_full__57fe1694__gitc2c2860f__codebebd8b2d__20260715T233432076608Z,msl_ncam_nlb_502512171edr_f0511298ncam00320m1,test_msl,big_rock,iou,0.0,0,50,142320
unet__scratch__resnet34__in_rover__seed1416__gpu_full__57fe1694__gitc2c2860f__codebebd8b2d__20260715T233432076608Z,msl_ncam_nlb_502512171edr_f0511298ncam00320m1,test_msl,ALL,pixel_acc,0.9996486790331647,0,0,142320
unet__scratch__resnet34__in_rover__seed1416__gpu_full__57fe1694__gitc2c2860f__codebebd8b2d__20260715T233432076608Z,msl_ncam_nlb_502512171edr_f0511298ncam00320m1,test_msl,ALL,boundary_f1,0.49923076915783043,0,0,142320
unet__scratch__resnet34__in_rover__seed1416__gpu_full__57fe1694__gitc2c2860f__codebebd8b2d__20260715T233432076608Z,msl_ncam_nlb_502515217edr_f0511406ncam00418m1,test_msl,soil,iou,,0,0,105136
unet__scratch__resnet34__in_rover__seed1416__gpu_full__57fe1694__gitc2c2860f__codebebd8b2d__20260715T233432076608Z,msl_ncam_nlb_502515217edr_f0511406ncam00418m1,test_msl,bedrock,iou,0.9893672007679244,13399,13543,105136
unet__scratch__resnet34__in_rover__seed1416__gpu_full__57fe1694__gitc2c2860f__codebebd8b2d__20260715T233432076608Z,msl_ncam_nlb_502515217edr_f0511406ncam00418m1,test_msl,sand,iou,0.9984302953006966,91593,91737,105136
unet__scratch__resnet34__in_rover__seed1416__gpu_full__57fe1694__gitc2c2860f__codebebd8b2d__20260715T233432076608Z,msl_ncam_nlb_502515217edr_f0511406ncam00418m1,test_msl,big_rock,iou,,0,0,105136
unet__scratch__resnet34__in_rover__seed1416__gpu_full__57fe1694__gitc2c2860f__codebebd8b2d__20260715T233432076608Z,msl_ncam_nlb_502515217edr_f0511406ncam00418m1,test_msl,ALL,pixel_acc,0.9986303454573124,0,0,105136
unet__scratch__resnet34__in_rover__seed1416__gpu_full__57fe1694__gitc2c2860f__codebebd8b2d__20260715T233432076608Z,msl_ncam_nlb_502515217edr_f0511406ncam00418m1,test_msl,ALL,boundary_f1,0.9656254295714337,0,0,105136
unet__scratch__resnet34__in_rover__seed1416__gpu_full__57fe1694__gitc2c2860f__codebebd8b2d__20260715T233432076608Z,msl_ncam_nlb_502516548edr_f0511430ncam00353m1,test_msl,soil,iou,,0,0,181365
unet__scratch__resnet34__in_rover__seed1416__gpu_full__57fe1694__gitc2c2860f__codebebd8b2d__20260715T233432076608Z,msl_ncam_nlb_502516548edr_f0511430ncam00353m1,test_msl,bedrock,iou,,0,0,181365
unet__scratch__resnet34__in_rover__seed1416__gpu_full__57fe1694__gitc2c2860f__codebebd8b2d__20260715T233432076608Z,msl_ncam_nlb_502516548edr_f0511430ncam00353m1,test_msl,sand,iou,1.0,181365,181365,181365
unet__scratch__resnet34__in_rover__seed1416__gpu_full__57fe1694__gitc2c2860f__codebebd8b2d__20260715T233432076608Z,msl_ncam_nlb_502516548edr_f0511430ncam00353m1,test_msl,big_rock,iou,,0,0,181365
unet__scratch__resnet34__in_rover__seed1416__gpu_full__57fe1694__gitc2c2860f__codebebd8b2d__20260715T233432076608Z,msl_ncam_nlb_502516548edr_f0511430ncam00353m1,test_msl,ALL,pixel_acc,1.0,0,0,181365
unet__scratch__resnet34__in_rover__seed1416__gpu_full__57fe1694__gitc2c2860f__codebebd8b2d__20260715T233432076608Z,msl_ncam_nlb_502516548edr_f0511430ncam00353m1,test_msl,ALL,boundary_f1,1.0,0,0,181365
unet__scratch__resnet34__in_rover__seed1416__gpu_full__57fe1694__gitc2c2860f__codebebd8b2d__20260715T233432076608Z,msl_ncam_nlb_502516765edr_f0511430ncam00419m1,test_msl,soil,iou,,0,0,160319
unet__scratch__resnet34__in_rover__seed1416__gpu_full__57fe1694__gitc2c2860f__codebebd8b2d__20260715T233432076608Z,msl_ncam_nlb_502516765edr_f0511430ncam00419m1,test_msl,bedrock,iou,0.8908973531310523,12420,13941,160319
unet__scratch__resnet34__in_rover__seed1416__gpu_full__57fe1694__gitc2c2860f__codebebd8b2d__20260715T233432076608Z,msl_ncam_nlb_502516765edr_f0511430ncam00419m1,test_msl,sand,iou,0.9897159548069967,146378,147899,160319
unet__scratch__resnet34__in_rover__seed1416__gpu_full__57fe1694__gitc2c2860f__codebebd8b2d__20260715T233432076608Z,msl_ncam_nlb_502516765edr_f0511430ncam00419m1,test_msl,big_rock,iou,,0,0,160319
unet__scratch__resnet34__in_rover__seed1416__gpu_full__57fe1694__gitc2c2860f__codebebd8b2d__20260715T233432076608Z,msl_ncam_nlb_502516765edr_f0511430ncam00419m1,test_msl,ALL,pixel_acc,0.9905126653734118,0,0,160319
unet__scratch__resnet34__in_rover__seed1416__gpu_full__57fe1694__gitc2c2860f__codebebd8b2d__20260715T233432076608Z,msl_ncam_nlb_502516765edr_f0511430ncam00419m1,test_msl,ALL,boundary_f1,0.8986256539634769,0,0,160319
unet__scratch__resnet34__in_rover__seed1416__gpu_full__57fe1694__gitc2c2860f__codebebd8b2d__20260715T233432076608Z,msl_ncam_nlb_502516974edr_f0511430ncam09842m1,test_msl,soil,iou,,0,0,159008
unet__scratch__resnet34__in_rover__seed1416__gpu_full__57fe1694__gitc2c2860f__codebebd8b2d__20260715T233432076608Z,msl_ncam_nlb_502516974edr_f0511430ncam09842m1,test_msl,bedrock,iou,0.992011701170117,8817,8888,159008
unet__scratch__resnet34__in_rover__seed1416__gpu_full__57fe1694__gitc2c2860f__codebebd8b2d__20260715T233432076608Z,msl_ncam_nlb_502516974edr_f0511430ncam09842m1,test_msl,sand,iou,0.9995272686113016,150120,150191,159008
unet__scratch__resnet34__in_rover__seed1416__gpu_full__57fe1694__gitc2c2860f__codebebd8b2d__20260715T233432076608Z,msl_ncam_nlb_502516974edr_f0511430ncam09842m1,test_msl,big_rock,iou,,0,0,159008
unet__scratch__resnet34__in_rover__seed1416__gpu_full__57fe1694__gitc2c2860f__codebebd8b2d__20260715T233432076608Z,msl_ncam_nlb_502516974edr_f0511430ncam09842m1,test_msl,ALL,pixel_acc,0.9995534815858321,0,0,159008
unet__scratch__resnet34__in_rover__seed1416__gpu_full__57fe1694__gitc2c2860f__codebebd8b2d__20260715T233432076608Z,msl_ncam_nlb_502516974edr_f0511430ncam09842m1,test_msl,ALL,boundary_f1,0.9841128502381989,0,0,159008
unet__scratch__resnet34__in_rover__seed1416__gpu_full__57fe1694__gitc2c2860f__codebebd8b2d__20260715T233432076608Z,msl_ncam_nlb_502517100edr_f0511430ncam09842m1,test_msl,soil,iou,,0,0,195816
unet__scratch__resnet34__in_rover__seed1416__gpu_full__57fe1694__gitc2c2860f__codebebd8b2d__20260715T233432076608Z,msl_ncam_nlb_502517100edr_f0511430ncam09842m1,test_msl,bedrock,iou,,0,0,195816
unet__scratch__resnet34__in_rover__seed1416__gpu_full__57fe1694__gitc2c2860f__codebebd8b2d__20260715T233432076608Z,msl_ncam_nlb_502517100edr_f0511430ncam09842m1,test_msl,sand,iou,1.0,195816,195816,195816
unet__scratch__resnet34__in_rover__seed1416__gpu_full__57fe1694__gitc2c2860f__codebebd8b2d__20260715T233432076608Z,msl_ncam_nlb_502517100edr_f0511430ncam09842m1,test_msl,big_rock,iou,,0,0,195816
unet__scratch__resnet34__in_rover__seed1416__gpu_full__57fe1694__gitc2c2860f__codebebd8b2d__20260715T233432076608Z,msl_ncam_nlb_502517100edr_f0511430ncam09842m1,test_msl,ALL,pixel_acc,1.0,0,0,195816
unet__scratch__resnet34__in_rover__seed1416__gpu_full__57fe1694__gitc2c2860f__codebebd8b2d__20260715T233432076608Z,msl_ncam_nlb_502517100edr_f0511430ncam09842m1,test_msl,ALL,boundary_f1,1.0,0,0,195816
unet__scratch__resnet34__in_rover__seed1416__gpu_full__57fe1694__gitc2c2860f__codebebd8b2d__20260715T233432076608Z,msl_ncam_nlb_502517193edr_f0511430ncam09842m1,test_msl,soil,iou,,0,0,102176
unet__scratch__resnet34__in_rover__seed1416__gpu_full__57fe1694__gitc2c2860f__codebebd8b2d__20260715T233432076608Z,msl_ncam_nlb_502517193edr_f0511430ncam09842m1,test_msl,bedrock,iou,0.9661733615221987,27877,28853,102176
unet__scratch__resnet34__in_rover__seed1416__gpu_full__57fe1694__gitc2c2860f__codebebd8b2d__20260715T233432076608Z,msl_ncam_nlb_502517193edr_f0511430ncam09842m1,test_msl,sand,iou,0.986863887804681,73323,74299,102176
unet__scratch__resnet34__in_rover__seed1416__gpu_full__57fe1694__gitc2c2860f__codebebd8b2d__20260715T233432076608Z,msl_ncam_nlb_502517193edr_f0511430ncam09842m1,test_msl,big_rock,iou,,0,0,102176
unet__scratch__resnet34__in_rover__seed1416__gpu_full__57fe1694__gitc2c2860f__codebebd8b2d__20260715T233432076608Z,msl_ncam_nlb_502517193edr_f0511430ncam09842m1,test_msl,ALL,pixel_acc,0.9904478546821172,0,0,102176
unet__scratch__resnet34__in_rover__seed1416__gpu_full__57fe1694__gitc2c2860f__codebebd8b2d__20260715T233432076608Z,msl_ncam_nlb_502517193edr_f0511430ncam09842m1,test_msl,ALL,boundary_f1,0.9439158144863855,0,0,102176
unet__scratch__resnet34__in_rover__seed1416__gpu_full__57fe1694__gitc2c2860f__codebebd8b2d__20260715T233432076608Z,msl_ncam_nlb_504390285edr_f0520004ncam00353m1,test_msl,soil,iou,,0,0,0
unet__scratch__resnet34__in_rover__seed1416__gpu_full__57fe1694__gitc2c2860f__codebebd8b2d__20260715T233432076608Z,msl_ncam_nlb_504390285edr_f0520004ncam00353m1,test_msl,bedrock,iou,,0,0,0
unet__scratch__resnet34__in_rover__seed1416__gpu_full__57fe1694__gitc2c2860f__codebebd8b2d__20260715T233432076608Z,msl_ncam_nlb_504390285edr_f0520004ncam00353m1,test_msl,sand,iou,,0,0,0
unet__scratch__resnet34__in_rover__seed1416__gpu_full__57fe1694__gitc2c2860f__codebebd8b2d__20260715T233432076608Z,msl_ncam_nlb_504390285edr_f0520004ncam00353m1,test_msl,big_rock,iou,,0,0,0
unet__scratch__resnet34__in_rover__seed1416__gpu_full__57fe1694__gitc2c2860f__codebebd8b2d__20260715T233432076608Z,msl_ncam_nlb_504390285edr_f0520004ncam00353m1,test_msl,ALL,pixel_acc,,0,0,0
unet__scratch__resnet34__in_rover__seed1416__gpu_full__57fe1694__gitc2c2860f__codebebd8b2d__20260715T233432076608Z,msl_ncam_nlb_504390285edr_f0520004ncam00353m1,test_msl,ALL,boundary_f1,,0,0,0
unet__scratch__resnet34__in_rover__seed1416__gpu_full__57fe1694__gitc2c2860f__codebebd8b2d__20260715T233432076608Z,msl_ncam_nlb_504390796edr_f0520004ncam00354m1,test_msl,soil,iou,,0,0,98057
unet__scratch__resnet34__in_rover__seed1416__gpu_full__57fe1694__gitc2c2860f__codebebd8b2d__20260715T233432076608Z,msl_ncam_nlb_504390796edr_f0520004ncam00354m1,test_msl,bedrock,iou,0.8524353245049403,83167,97564,98057
unet__scratch__resnet34__in_rover__seed1416__gpu_full__57fe1694__gitc2c2860f__codebebd8b2d__20260715T233432076608Z,msl_ncam_nlb_504390796edr_f0520004ncam00354m1,test_msl,sand,iou,0.033109469442578914,493,14890,98057
unet__scratch__resnet34__in_rover__seed1416__gpu_full__57fe1694__gitc2c2860f__codebebd8b2d__20260715T233432076608Z,msl_ncam_nlb_504390796edr_f0520004ncam00354m1,test_msl,big_rock,iou,,0,0,98057
unet__scratch__resnet34__in_rover__seed1416__gpu_full__57fe1694__gitc2c2860f__codebebd8b2d__20260715T233432076608Z,msl_ncam_nlb_504390796edr_f0520004ncam00354m1,test_msl,ALL,pixel_acc,0.8531772336498159,0,0,98057
unet__scratch__resnet34__in_rover__seed1416__gpu_full__57fe1694__gitc2c2860f__codebebd8b2d__20260715T233432076608Z,msl_ncam_nlb_504390796edr_f0520004ncam00354m1,test_msl,ALL,boundary_f1,0.4586322497468899,0,0,98057
unet__scratch__resnet34__in_rover__seed1416__gpu_full__57fe1694__gitc2c2860f__codebebd8b2d__20260715T233432076608Z,msl_ncam_nlb_504390846edr_f0520004ncam00354m1,test_msl,soil,iou,,0,0,66198
unet__scratch__resnet34__in_rover__seed1416__gpu_full__57fe1694__gitc2c2860f__codebebd8b2d__20260715T233432076608Z,msl_ncam_nlb_504390846edr_f0520004ncam00354m1,test_msl,bedrock,iou,0.8165029406062173,50535,61892,66198
unet__scratch__resnet34__in_rover__seed1416__gpu_full__57fe1694__gitc2c2860f__codebebd8b2d__20260715T233432076608Z,msl_ncam_nlb_504390846edr_f0520004ncam00354m1,test_msl,sand,iou,0.27491540573325673,4306,15663,66198
unet__scratch__resnet34__in_rover__seed1416__gpu_full__57fe1694__gitc2c2860f__codebebd8b2d__20260715T233432076608Z,msl_ncam_nlb_504390846edr_f0520004ncam00354m1,test_msl,big_rock,iou,,0,0,66198
unet__scratch__resnet34__in_rover__seed1416__gpu_full__57fe1694__gitc2c2860f__codebebd8b2d__20260715T233432076608Z,msl_ncam_nlb_504390846edr_f0520004ncam00354m1,test_msl,ALL,pixel_acc,0.8284389256473005,0,0,66198
unet__scratch__resnet34__in_rover__seed1416__gpu_full__57fe1694__gitc2c2860f__codebebd8b2d__20260715T233432076608Z,msl_ncam_nlb_504390846edr_f0520004ncam00354m1,test_msl,ALL,boundary_f1,0.569141316176003,0,0,66198
unet__scratch__resnet34__in_rover__seed1416__gpu_full__57fe1694__gitc2c2860f__codebebd8b2d__20260715T233432076608Z,msl_ncam_nlb_504391195edr_f0520004ncam07753m1,test_msl,soil,iou,,0,0,173925
unet__scratch__resnet34__in_rover__seed1416__gpu_full__57fe1694__gitc2c2860f__codebebd8b2d__20260715T233432076608Z,msl_ncam_nlb_504391195edr_f0520004ncam07753m1,test_msl,bedrock,iou,0.983232077764277,52598,53495,173925
unet__scratch__resnet34__in_rover__seed1416__gpu_full__57fe1694__gitc2c2860f__codebebd8b2d__20260715T233432076608Z,msl_ncam_nlb_504391195edr_f0520004ncam07753m1,test_msl,sand,iou,0.9926067569461043,120430,121327,173925
unet__scratch__resnet34__in_rover__seed1416__gpu_full__57fe1694__gitc2c2860f__codebebd8b2d__20260715T233432076608Z,msl_ncam_nlb_504391195edr_f0520004ncam07753m1,test_msl,big_rock,iou,,0,0,173925
unet__scratch__resnet34__in_rover__seed1416__gpu_full__57fe1694__gitc2c2860f__codebebd8b2d__20260715T233432076608Z,msl_ncam_nlb_504391195edr_f0520004ncam07753m1,test_msl,ALL,pixel_acc,0.9948426045709358,0,0,173925
unet__scratch__resnet34__in_rover__seed1416__gpu_full__57fe1694__gitc2c2860f__codebebd8b2d__20260715T233432076608Z,msl_ncam_nlb_504391195edr_f0520004ncam07753m1,test_msl,ALL,boundary_f1,0.9454102462943133,0,0,173925
unet__scratch__resnet34__in_rover__seed1416__gpu_full__57fe1694__gitc2c2860f__codebebd8b2d__20260715T233432076608Z,msl_ncam_nlb_504391382edr_f0520004ncam07753m1,test_msl,soil,iou,,0,0,62981
unet__scratch__resnet34__in_rover__seed1416__gpu_full__57fe1694__gitc2c2860f__codebebd8b2d__20260715T233432076608Z,msl_ncam_nlb_504391382edr_f0520004ncam07753m1,test_msl,bedrock,iou,0.9959746981023577,29444,29563,62981
unet__scratch__resnet34__in_rover__seed1416__gpu_full__57fe1694__gitc2c2860f__codebebd8b2d__20260715T233432076608Z,msl_ncam_nlb_504391382edr_f0520004ncam07753m1,test_msl,sand,iou,0.9964516802337716,33418,33537,62981
unet__scratch__resnet34__in_rover__seed1416__gpu_full__57fe1694__gitc2c2860f__codebebd8b2d__20260715T233432076608Z,msl_ncam_nlb_504391382edr_f0520004ncam07753m1,test_msl,big_rock,iou,,0,0,62981
unet__scratch__resnet34__in_rover__seed1416__gpu_full__57fe1694__gitc2c2860f__codebebd8b2d__20260715T233432076608Z,msl_ncam_nlb_504391382edr_f0520004ncam07753m1,test_msl,ALL,pixel_acc,0.9981105412743526,0,0,62981
unet__scratch__resnet34__in_rover__seed1416__gpu_full__57fe1694__gitc2c2860f__codebebd8b2d__20260715T233432076608Z,msl_ncam_nlb_504391382edr_f0520004ncam07753m1,test_msl,ALL,boundary_f1,0.9880631334848216,0,0,62981
unet__scratch__resnet34__in_rover__seed1416__gpu_full__57fe1694__gitc2c2860f__codebebd8b2d__20260715T233432076608Z,msl_ncam_nlb_505891855edr_f0521112ncam00319m1,test_msl,soil,iou,,0,0,93351
unet__scratch__resnet34__in_rover__seed1416__gpu_full__57fe1694__gitc2c2860f__codebebd8b2d__20260715T233432076608Z,msl_ncam_nlb_505891855edr_f0521112ncam00319m1,test_msl,bedrock,iou,,0,0,93351
unet__scratch__resnet34__in_rover__seed1416__gpu_full__57fe1694__gitc2c2860f__codebebd8b2d__20260715T233432076608Z,msl_ncam_nlb_505891855edr_f0521112ncam00319m1,test_msl,sand,iou,1.0,93351,93351,93351
unet__scratch__resnet34__in_rover__seed1416__gpu_full__57fe1694__gitc2c2860f__codebebd8b2d__20260715T233432076608Z,msl_ncam_nlb_505891855edr_f0521112ncam00319m1,test_msl,big_rock,iou,,0,0,93351
unet__scratch__resnet34__in_rover__seed1416__gpu_full__57fe1694__gitc2c2860f__codebebd8b2d__20260715T233432076608Z,msl_ncam_nlb_505891855edr_f0521112ncam00319m1,test_msl,ALL,pixel_acc,1.0,0,0,93351
unet__scratch__resnet34__in_rover__seed1416__gpu_full__57fe1694__gitc2c2860f__codebebd8b2d__20260715T233432076608Z,msl_ncam_nlb_505891855edr_f0521112ncam00319m1,test_msl,ALL,boundary_f1,1.0,0,0,93351
unet__scratch__resnet34__in_rover__seed1416__gpu_full__57fe1694__gitc2c2860f__codebebd8b2d__20260715T233432076608Z,msl_ncam_nlb_505898310edr_f0521162ncam12753m1,test_msl,soil,iou,,0,0,39614
unet__scratch__resnet34__in_rover__seed1416__gpu_full__57fe1694__gitc2c2860f__codebebd8b2d__20260715T233432076608Z,msl_ncam_nlb_505898310edr_f0521162ncam12753m1,test_msl,bedrock,iou,0.8708500359749204,33890,38916,39614
unet__scratch__resnet34__in_rover__seed1416__gpu_full__57fe1694__gitc2c2860f__codebebd8b2d__20260715T233432076608Z,msl_ncam_nlb_505898310edr_f0521162ncam12753m1,test_msl,sand,iou,0.12194269741439553,698,5724,39614
unet__scratch__resnet34__in_rover__seed1416__gpu_full__57fe1694__gitc2c2860f__codebebd8b2d__20260715T233432076608Z,msl_ncam_nlb_505898310edr_f0521162ncam12753m1,test_msl,big_rock,iou,,0,0,39614
unet__scratch__resnet34__in_rover__seed1416__gpu_full__57fe1694__gitc2c2860f__codebebd8b2d__20260715T233432076608Z,msl_ncam_nlb_505898310edr_f0521162ncam12753m1,test_msl,ALL,pixel_acc,0.8731256626445196,0,0,39614
unet__scratch__resnet34__in_rover__seed1416__gpu_full__57fe1694__gitc2c2860f__codebebd8b2d__20260715T233432076608Z,msl_ncam_nlb_505898310edr_f0521162ncam12753m1,test_msl,ALL,boundary_f1,0.49327206884783403,0,0,39614
unet__scratch__resnet34__in_rover__seed1416__gpu_full__57fe1694__gitc2c2860f__codebebd8b2d__20260715T233432076608Z,msl_ncam_nlb_505898372edr_f0521162ncam12753m1,test_msl,soil,iou,,0,0,70730
unet__scratch__resnet34__in_rover__seed1416__gpu_full__57fe1694__gitc2c2860f__codebebd8b2d__20260715T233432076608Z,msl_ncam_nlb_505898372edr_f0521162ncam12753m1,test_msl,bedrock,iou,0.7688909790221535,45779,59539,70730
unet__scratch__resnet34__in_rover__seed1416__gpu_full__57fe1694__gitc2c2860f__codebebd8b2d__20260715T233432076608Z,msl_ncam_nlb_505898372edr_f0521162ncam12753m1,test_msl,sand,iou,0.4485190974309647,11191,24951,70730
unet__scratch__resnet34__in_rover__seed1416__gpu_full__57fe1694__gitc2c2860f__codebebd8b2d__20260715T233432076608Z,msl_ncam_nlb_505898372edr_f0521162ncam12753m1,test_msl,big_rock,iou,,0,0,70730
unet__scratch__resnet34__in_rover__seed1416__gpu_full__57fe1694__gitc2c2860f__codebebd8b2d__20260715T233432076608Z,msl_ncam_nlb_505898372edr_f0521162ncam12753m1,test_msl,ALL,pixel_acc,0.8054573731090061,0,0,70730
unet__scratch__resnet34__in_rover__seed1416__gpu_full__57fe1694__gitc2c2860f__codebebd8b2d__20260715T233432076608Z,msl_ncam_nlb_505898372edr_f0521162ncam12753m1,test_msl,ALL,boundary_f1,0.5858824761721184,0,0,70730
unet__scratch__resnet34__in_rover__seed1416__gpu_full__57fe1694__gitc2c2860f__codebebd8b2d__20260715T233432076608Z,msl_ncam_nlb_505898434edr_f0521162ncam12753m1,test_msl,soil,iou,,0,0,186871
unet__scratch__resnet34__in_rover__seed1416__gpu_full__57fe1694__gitc2c2860f__codebebd8b2d__20260715T233432076608Z,msl_ncam_nlb_505898434edr_f0521162ncam12753m1,test_msl,bedrock,iou,0.0,0,10,186871
unet__scratch__resnet34__in_rover__seed1416__gpu_full__57fe1694__gitc2c2860f__codebebd8b2d__20260715T233432076608Z,msl_ncam_nlb_505898434edr_f0521162ncam12753m1,test_msl,sand,iou,0.9999464871488888,186861,186871,186871
unet__scratch__resnet34__in_rover__seed1416__gpu_full__57fe1694__gitc2c2860f__codebebd8b2d__20260715T233432076608Z,msl_ncam_nlb_505898434edr_f0521162ncam12753m1,test_msl,big_rock,iou,,0,0,186871
unet__scratch__resnet34__in_rover__seed1416__gpu_full__57fe1694__gitc2c2860f__codebebd8b2d__20260715T233432076608Z,msl_ncam_nlb_505898434edr_f0521162ncam12753m1,test_msl,ALL,pixel_acc,0.9999464871488888,0,0,186871
unet__scratch__resnet34__in_rover__seed1416__gpu_full__57fe1694__gitc2c2860f__codebebd8b2d__20260715T233432076608Z,msl_ncam_nlb_505898434edr_f0521162ncam12753m1,test_msl,ALL,boundary_f1,0.49976492712740955,0,0,186871
unet__scratch__resnet34__in_rover__seed1416__gpu_full__57fe1694__gitc2c2860f__codebebd8b2d__20260715T233432076608Z,msl_ncam_nlb_505898562edr_f0521162ncam12753m1,test_msl,soil,iou,,0,0,0
unet__scratch__resnet34__in_rover__seed1416__gpu_full__57fe1694__gitc2c2860f__codebebd8b2d__20260715T233432076608Z,msl_ncam_nlb_505898562edr_f0521162ncam12753m1,test_msl,bedrock,iou,,0,0,0
unet__scratch__resnet34__in_rover__seed1416__gpu_full__57fe1694__gitc2c2860f__codebebd8b2d__20260715T233432076608Z,msl_ncam_nlb_505898562edr_f0521162ncam12753m1,test_msl,sand,iou,,0,0,0
unet__scratch__resnet34__in_rover__seed1416__gpu_full__57fe1694__gitc2c2860f__codebebd8b2d__20260715T233432076608Z,msl_ncam_nlb_505898562edr_f0521162ncam12753m1,test_msl,big_rock,iou,,0,0,0
unet__scratch__resnet34__in_rover__seed1416__gpu_full__57fe1694__gitc2c2860f__codebebd8b2d__20260715T233432076608Z,msl_ncam_nlb_505898562edr_f0521162ncam12753m1,test_msl,ALL,pixel_acc,,0,0,0
unet__scratch__resnet34__in_rover__seed1416__gpu_full__57fe1694__gitc2c2860f__codebebd8b2d__20260715T233432076608Z,msl_ncam_nlb_505898562edr_f0521162ncam12753m1,test_msl,ALL,boundary_f1,,0,0,0
unet__scratch__resnet34__in_rover__seed1416__gpu_full__57fe1694__gitc2c2860f__codebebd8b2d__20260715T233432076608Z,msl_ncam_nlb_505898711edr_f0521162ncam12753m1,test_msl,soil,iou,0.0,0,4976,84361
unet__scratch__resnet34__in_rover__seed1416__gpu_full__57fe1694__gitc2c2860f__codebebd8b2d__20260715T233432076608Z,msl_ncam_nlb_505898711edr_f0521162ncam12753m1,test_msl,bedrock,iou,0.5148250162022034,6355,12344,84361
unet__scratch__resnet34__in_rover__seed1416__gpu_full__57fe1694__gitc2c2860f__codebebd8b2d__20260715T233432076608Z,msl_ncam_nlb_505898711edr_f0521162ncam12753m1,test_msl,sand,iou,0.98619650804519,72017,73025,84361
unet__scratch__resnet34__in_rover__seed1416__gpu_full__57fe1694__gitc2c2860f__codebebd8b2d__20260715T233432076608Z,msl_ncam_nlb_505898711edr_f0521162ncam12753m1,test_msl,big_rock,iou,0.0,0,5,84361
unet__scratch__resnet34__in_rover__seed1416__gpu_full__57fe1694__gitc2c2860f__codebebd8b2d__20260715T233432076608Z,msl_ncam_nlb_505898711edr_f0521162ncam12753m1,test_msl,ALL,pixel_acc,0.9290074797596045,0,0,84361
unet__scratch__resnet34__in_rover__seed1416__gpu_full__57fe1694__gitc2c2860f__codebebd8b2d__20260715T233432076608Z,msl_ncam_nlb_505898711edr_f0521162ncam12753m1,test_msl,ALL,boundary_f1,0.4011938917689729,0,0,84361
unet__scratch__resnet34__in_rover__seed1416__gpu_full__57fe1694__gitc2c2860f__codebebd8b2d__20260715T233432076608Z,msl_ncam_nlb_505898763edr_f0521162ncam00353m1,test_msl,soil,iou,,0,0,107150
unet__scratch__resnet34__in_rover__seed1416__gpu_full__57fe1694__gitc2c2860f__codebebd8b2d__20260715T233432076608Z,msl_ncam_nlb_505898763edr_f0521162ncam00353m1,test_msl,bedrock,iou,0.958974358974359,8789,9165,107150
unet__scratch__resnet34__in_rover__seed1416__gpu_full__57fe1694__gitc2c2860f__codebebd8b2d__20260715T233432076608Z,msl_ncam_nlb_505898763edr_f0521162ncam00353m1,test_msl,sand,iou,0.9961773467126198,97985,98361,107150
unet__scratch__resnet34__in_rover__seed1416__gpu_full__57fe1694__gitc2c2860f__codebebd8b2d__20260715T233432076608Z,msl_ncam_nlb_505898763edr_f0521162ncam00353m1,test_msl,big_rock,iou,,0,0,107150
unet__scratch__resnet34__in_rover__seed1416__gpu_full__57fe1694__gitc2c2860f__codebebd8b2d__20260715T233432076608Z,msl_ncam_nlb_505898763edr_f0521162ncam00353m1,test_msl,ALL,pixel_acc,0.9964909006066263,0,0,107150
unet__scratch__resnet34__in_rover__seed1416__gpu_full__57fe1694__gitc2c2860f__codebebd8b2d__20260715T233432076608Z,msl_ncam_nlb_505898763edr_f0521162ncam00353m1,test_msl,ALL,boundary_f1,0.9495279059602597,0,0,107150
unet__scratch__resnet34__in_rover__seed1416__gpu_full__57fe1694__gitc2c2860f__codebebd8b2d__20260715T233432076608Z,msl_ncam_nlb_505900047edr_f0521162ncam00352m1,test_msl,soil,iou,,0,0,228276
unet__scratch__resnet34__in_rover__seed1416__gpu_full__57fe1694__gitc2c2860f__codebebd8b2d__20260715T233432076608Z,msl_ncam_nlb_505900047edr_f0521162ncam00352m1,test_msl,bedrock,iou,0.0,0,7793,228276
unet__scratch__resnet34__in_rover__seed1416__gpu_full__57fe1694__gitc2c2860f__codebebd8b2d__20260715T233432076608Z,msl_ncam_nlb_505900047edr_f0521162ncam00352m1,test_msl,sand,iou,0.9657870297359337,220466,228276,228276
unet__scratch__resnet34__in_rover__seed1416__gpu_full__57fe1694__gitc2c2860f__codebebd8b2d__20260715T233432076608Z,msl_ncam_nlb_505900047edr_f0521162ncam00352m1,test_msl,big_rock,iou,0.0,0,17,228276
unet__scratch__resnet34__in_rover__seed1416__gpu_full__57fe1694__gitc2c2860f__codebebd8b2d__20260715T233432076608Z,msl_ncam_nlb_505900047edr_f0521162ncam00352m1,test_msl,ALL,pixel_acc,0.9657870297359337,0,0,228276
unet__scratch__resnet34__in_rover__seed1416__gpu_full__57fe1694__gitc2c2860f__codebebd8b2d__20260715T233432076608Z,msl_ncam_nlb_505900047edr_f0521162ncam00352m1,test_msl,ALL,boundary_f1,0.27474201983384433,0,0,228276
unet__scratch__resnet34__in_rover__seed1416__gpu_full__57fe1694__gitc2c2860f__codebebd8b2d__20260715T233432076608Z,msl_ncam_nlb_512555058edr_f0532644ncam00264m1,test_msl,soil,iou,,0,0,77059
unet__scratch__resnet34__in_rover__seed1416__gpu_full__57fe1694__gitc2c2860f__codebebd8b2d__20260715T233432076608Z,msl_ncam_nlb_512555058edr_f0532644ncam00264m1,test_msl,bedrock,iou,0.9971634558562817,33748,33844,77059
unet__scratch__resnet34__in_rover__seed1416__gpu_full__57fe1694__gitc2c2860f__codebebd8b2d__20260715T233432076608Z,msl_ncam_nlb_512555058edr_f0532644ncam00264m1,test_msl,sand,iou,1.0,43215,43215,77059
unet__scratch__resnet34__in_rover__seed1416__gpu_full__57fe1694__gitc2c2860f__codebebd8b2d__20260715T233432076608Z,msl_ncam_nlb_512555058edr_f0532644ncam00264m1,test_msl,big_rock,iou,0.0,0,96,77059
unet__scratch__resnet34__in_rover__seed1416__gpu_full__57fe1694__gitc2c2860f__codebebd8b2d__20260715T233432076608Z,msl_ncam_nlb_512555058edr_f0532644ncam00264m1,test_msl,ALL,pixel_acc,0.9987542013262565,0,0,77059
unet__scratch__resnet34__in_rover__seed1416__gpu_full__57fe1694__gitc2c2860f__codebebd8b2d__20260715T233432076608Z,msl_ncam_nlb_512555058edr_f0532644ncam00264m1,test_msl,ALL,boundary_f1,0.6645161290322581,0,0,77059
unet__scratch__resnet34__in_rover__seed1416__gpu_full__57fe1694__gitc2c2860f__codebebd8b2d__20260715T233432076608Z,msl_ncam_nlb_512555120edr_f0532644ncam00264m1,test_msl,soil,iou,,0,0,31610
unet__scratch__resnet34__in_rover__seed1416__gpu_full__57fe1694__gitc2c2860f__codebebd8b2d__20260715T233432076608Z,msl_ncam_nlb_512555120edr_f0532644ncam00264m1,test_msl,bedrock,iou,1.0,31610,31610,31610
unet__scratch__resnet34__in_rover__seed1416__gpu_full__57fe1694__gitc2c2860f__codebebd8b2d__20260715T233432076608Z,msl_ncam_nlb_512555120edr_f0532644ncam00264m1,test_msl,sand,iou,,0,0,31610
unet__scratch__resnet34__in_rover__seed1416__gpu_full__57fe1694__gitc2c2860f__codebebd8b2d__20260715T233432076608Z,msl_ncam_nlb_512555120edr_f0532644ncam00264m1,test_msl,big_rock,iou,,0,0,31610
unet__scratch__resnet34__in_rover__seed1416__gpu_full__57fe1694__gitc2c2860f__codebebd8b2d__20260715T233432076608Z,msl_ncam_nlb_512555120edr_f0532644ncam00264m1,test_msl,ALL,pixel_acc,1.0,0,0,31610
unet__scratch__resnet34__in_rover__seed1416__gpu_full__57fe1694__gitc2c2860f__codebebd8b2d__20260715T233432076608Z,msl_ncam_nlb_512555120edr_f0532644ncam00264m1,test_msl,ALL,boundary_f1,1.0,0,0,31610
unet__scratch__resnet34__in_rover__seed1416__gpu_full__57fe1694__gitc2c2860f__codebebd8b2d__20260715T233432076608Z,msl_ncam_nlb_512555645edr_f0532644ncam00354m1,test_msl,soil,iou,,0,0,29150
unet__scratch__resnet34__in_rover__seed1416__gpu_full__57fe1694__gitc2c2860f__codebebd8b2d__20260715T233432076608Z,msl_ncam_nlb_512555645edr_f0532644ncam00354m1,test_msl,bedrock,iou,0.0,0,9999,29150
unet__scratch__resnet34__in_rover__seed1416__gpu_full__57fe1694__gitc2c2860f__codebebd8b2d__20260715T233432076608Z,msl_ncam_nlb_512555645edr_f0532644ncam00354m1,test_msl,sand,iou,0.6569811320754717,19151,29150,29150
unet__scratch__resnet34__in_rover__seed1416__gpu_full__57fe1694__gitc2c2860f__codebebd8b2d__20260715T233432076608Z,msl_ncam_nlb_512555645edr_f0532644ncam00354m1,test_msl,big_rock,iou,,0,0,29150
unet__scratch__resnet34__in_rover__seed1416__gpu_full__57fe1694__gitc2c2860f__codebebd8b2d__20260715T233432076608Z,msl_ncam_nlb_512555645edr_f0532644ncam00354m1,test_msl,ALL,pixel_acc,0.6569811320754717,0,0,29150
unet__scratch__resnet34__in_rover__seed1416__gpu_full__57fe1694__gitc2c2860f__codebebd8b2d__20260715T233432076608Z,msl_ncam_nlb_512555645edr_f0532644ncam00354m1,test_msl,ALL,boundary_f1,0.4032329887333725,0,0,29150
unet__scratch__resnet34__in_rover__seed1416__gpu_full__57fe1694__gitc2c2860f__codebebd8b2d__20260715T233432076608Z,msl_ncam_nlb_512555804edr_f0532644ncam07753m1,test_msl,soil,iou,,0,0,0
unet__scratch__resnet34__in_rover__seed1416__gpu_full__57fe1694__gitc2c2860f__codebebd8b2d__20260715T233432076608Z,msl_ncam_nlb_512555804edr_f0532644ncam07753m1,test_msl,bedrock,iou,,0,0,0
unet__scratch__resnet34__in_rover__seed1416__gpu_full__57fe1694__gitc2c2860f__codebebd8b2d__20260715T233432076608Z,msl_ncam_nlb_512555804edr_f0532644ncam07753m1,test_msl,sand,iou,,0,0,0
unet__scratch__resnet34__in_rover__seed1416__gpu_full__57fe1694__gitc2c2860f__codebebd8b2d__20260715T233432076608Z,msl_ncam_nlb_512555804edr_f0532644ncam07753m1,test_msl,big_rock,iou,,0,0,0
unet__scratch__resnet34__in_rover__seed1416__gpu_full__57fe1694__gitc2c2860f__codebebd8b2d__20260715T233432076608Z,msl_ncam_nlb_512555804edr_f0532644ncam07753m1,test_msl,ALL,pixel_acc,,0,0,0
unet__scratch__resnet34__in_rover__seed1416__gpu_full__57fe1694__gitc2c2860f__codebebd8b2d__20260715T233432076608Z,msl_ncam_nlb_512555804edr_f0532644ncam07753m1,test_msl,ALL,boundary_f1,,0,0,0
unet__scratch__resnet34__in_rover__seed1416__gpu_full__57fe1694__gitc2c2860f__codebebd8b2d__20260715T233432076608Z,msl_ncam_nlb_512555867edr_f0532644ncam07753m1,test_msl,soil,iou,,0,0,52439
unet__scratch__resnet34__in_rover__seed1416__gpu_full__57fe1694__gitc2c2860f__codebebd8b2d__20260715T233432076608Z,msl_ncam_nlb_512555867edr_f0532644ncam07753m1,test_msl,bedrock,iou,0.9956084208038756,50556,50779,52439
unet__scratch__resnet34__in_rover__seed1416__gpu_full__57fe1694__gitc2c2860f__codebebd8b2d__20260715T233432076608Z,msl_ncam_nlb_512555867edr_f0532644ncam07753m1,test_msl,sand,iou,0.7020711630377058,1322,1883,52439
unet__scratch__resnet34__in_rover__seed1416__gpu_full__57fe1694__gitc2c2860f__codebebd8b2d__20260715T233432076608Z,msl_ncam_nlb_512555867edr_f0532644ncam07753m1,test_msl,big_rock,iou,0.0,0,338,52439
unet__scratch__resnet34__in_rover__seed1416__gpu_full__57fe1694__gitc2c2860f__codebebd8b2d__20260715T233432076608Z,msl_ncam_nlb_512555867edr_f0532644ncam07753m1,test_msl,ALL,pixel_acc,0.9893018554892351,0,0,52439
unet__scratch__resnet34__in_rover__seed1416__gpu_full__57fe1694__gitc2c2860f__codebebd8b2d__20260715T233432076608Z,msl_ncam_nlb_512555867edr_f0532644ncam07753m1,test_msl,ALL,boundary_f1,0.5850221759017303,0,0,52439
unet__scratch__resnet34__in_rover__seed1416__gpu_full__57fe1694__gitc2c2860f__codebebd8b2d__20260715T233432076608Z,msl_ncam_nlb_520358689edr_f0550940ncam00299m1,test_msl,soil,iou,,0,0,27530
unet__scratch__resnet34__in_rover__seed1416__gpu_full__57fe1694__gitc2c2860f__codebebd8b2d__20260715T233432076608Z,msl_ncam_nlb_520358689edr_f0550940ncam00299m1,test_msl,bedrock,iou,1.0,27530,27530,27530
unet__scratch__resnet34__in_rover__seed1416__gpu_full__57fe1694__gitc2c2860f__codebebd8b2d__20260715T233432076608Z,msl_ncam_nlb_520358689edr_f0550940ncam00299m1,test_msl,sand,iou,,0,0,27530
unet__scratch__resnet34__in_rover__seed1416__gpu_full__57fe1694__gitc2c2860f__codebebd8b2d__20260715T233432076608Z,msl_ncam_nlb_520358689edr_f0550940ncam00299m1,test_msl,big_rock,iou,,0,0,27530
unet__scratch__resnet34__in_rover__seed1416__gpu_full__57fe1694__gitc2c2860f__codebebd8b2d__20260715T233432076608Z,msl_ncam_nlb_520358689edr_f0550940ncam00299m1,test_msl,ALL,pixel_acc,1.0,0,0,27530
unet__scratch__resnet34__in_rover__seed1416__gpu_full__57fe1694__gitc2c2860f__codebebd8b2d__20260715T233432076608Z,msl_ncam_nlb_520358689edr_f0550940ncam00299m1,test_msl,ALL,boundary_f1,1.0,0,0,27530
unet__scratch__resnet34__in_rover__seed1416__gpu_full__57fe1694__gitc2c2860f__codebebd8b2d__20260715T233432076608Z,msl_ncam_nlb_520358799edr_f0550940ncam00299m1,test_msl,soil,iou,,0,0,150778
unet__scratch__resnet34__in_rover__seed1416__gpu_full__57fe1694__gitc2c2860f__codebebd8b2d__20260715T233432076608Z,msl_ncam_nlb_520358799edr_f0550940ncam00299m1,test_msl,bedrock,iou,1.0,150778,150778,150778
unet__scratch__resnet34__in_rover__seed1416__gpu_full__57fe1694__gitc2c2860f__codebebd8b2d__20260715T233432076608Z,msl_ncam_nlb_520358799edr_f0550940ncam00299m1,test_msl,sand,iou,,0,0,150778
unet__scratch__resnet34__in_rover__seed1416__gpu_full__57fe1694__gitc2c2860f__codebebd8b2d__20260715T233432076608Z,msl_ncam_nlb_520358799edr_f0550940ncam00299m1,test_msl,big_rock,iou,,0,0,150778
unet__scratch__resnet34__in_rover__seed1416__gpu_full__57fe1694__gitc2c2860f__codebebd8b2d__20260715T233432076608Z,msl_ncam_nlb_520358799edr_f0550940ncam00299m1,test_msl,ALL,pixel_acc,1.0,0,0,150778
unet__scratch__resnet34__in_rover__seed1416__gpu_full__57fe1694__gitc2c2860f__codebebd8b2d__20260715T233432076608Z,msl_ncam_nlb_520358799edr_f0550940ncam00299m1,test_msl,ALL,boundary_f1,1.0,0,0,150778
unet__scratch__resnet34__in_rover__seed1416__gpu_full__57fe1694__gitc2c2860f__codebebd8b2d__20260715T233432076608Z,msl_ncam_nlb_520359057edr_f0550940ncam00654m1,test_msl,soil,iou,,0,0,36846
unet__scratch__resnet34__in_rover__seed1416__gpu_full__57fe1694__gitc2c2860f__codebebd8b2d__20260715T233432076608Z,msl_ncam_nlb_520359057edr_f0550940ncam00654m1,test_msl,bedrock,iou,0.8093144439016446,29820,36846,36846
unet__scratch__resnet34__in_rover__seed1416__gpu_full__57fe1694__gitc2c2860f__codebebd8b2d__20260715T233432076608Z,msl_ncam_nlb_520359057edr_f0550940ncam00654m1,test_msl,sand,iou,0.0,0,7026,36846
unet__scratch__resnet34__in_rover__seed1416__gpu_full__57fe1694__gitc2c2860f__codebebd8b2d__20260715T233432076608Z,msl_ncam_nlb_520359057edr_f0550940ncam00654m1,test_msl,big_rock,iou,,0,0,36846
unet__scratch__resnet34__in_rover__seed1416__gpu_full__57fe1694__gitc2c2860f__codebebd8b2d__20260715T233432076608Z,msl_ncam_nlb_520359057edr_f0550940ncam00654m1,test_msl,ALL,pixel_acc,0.8093144439016446,0,0,36846
unet__scratch__resnet34__in_rover__seed1416__gpu_full__57fe1694__gitc2c2860f__codebebd8b2d__20260715T233432076608Z,msl_ncam_nlb_520359057edr_f0550940ncam00654m1,test_msl,ALL,boundary_f1,0.4054521852012116,0,0,36846
unet__scratch__resnet34__in_rover__seed1416__gpu_full__57fe1694__gitc2c2860f__codebebd8b2d__20260715T233432076608Z,msl_ncam_nlb_520359112edr_f0550940ncam00654m1,test_msl,soil,iou,,0,0,51622
unet__scratch__resnet34__in_rover__seed1416__gpu_full__57fe1694__gitc2c2860f__codebebd8b2d__20260715T233432076608Z,msl_ncam_nlb_520359112edr_f0550940ncam00654m1,test_msl,bedrock,iou,0.9766572391615977,50417,51622,51622
unet__scratch__resnet34__in_rover__seed1416__gpu_full__57fe1694__gitc2c2860f__codebebd8b2d__20260715T233432076608Z,msl_ncam_nlb_520359112edr_f0550940ncam00654m1,test_msl,sand,iou,0.0,0,1205,51622
unet__scratch__resnet34__in_rover__seed1416__gpu_full__57fe1694__gitc2c2860f__codebebd8b2d__20260715T233432076608Z,msl_ncam_nlb_520359112edr_f0550940ncam00654m1,test_msl,big_rock,iou,,0,0,51622
unet__scratch__resnet34__in_rover__seed1416__gpu_full__57fe1694__gitc2c2860f__codebebd8b2d__20260715T233432076608Z,msl_ncam_nlb_520359112edr_f0550940ncam00654m1,test_msl,ALL,pixel_acc,0.9766572391615977,0,0,51622
unet__scratch__resnet34__in_rover__seed1416__gpu_full__57fe1694__gitc2c2860f__codebebd8b2d__20260715T233432076608Z,msl_ncam_nlb_520359112edr_f0550940ncam00654m1,test_msl,ALL,boundary_f1,0.4903941938238224,0,0,51622
unet__scratch__resnet34__in_rover__seed1416__gpu_full__57fe1694__gitc2c2860f__codebebd8b2d__20260715T233432076608Z,msl_ncam_nlb_520359279edr_f0550940ncam07753m1,test_msl,soil,iou,,0,0,52407
unet__scratch__resnet34__in_rover__seed1416__gpu_full__57fe1694__gitc2c2860f__codebebd8b2d__20260715T233432076608Z,msl_ncam_nlb_520359279edr_f0550940ncam07753m1,test_msl,bedrock,iou,0.9570858854733146,50158,52407,52407
unet__scratch__resnet34__in_rover__seed1416__gpu_full__57fe1694__gitc2c2860f__codebebd8b2d__20260715T233432076608Z,msl_ncam_nlb_520359279edr_f0550940ncam07753m1,test_msl,sand,iou,0.0,0,2249,52407
unet__scratch__resnet34__in_rover__seed1416__gpu_full__57fe1694__gitc2c2860f__codebebd8b2d__20260715T233432076608Z,msl_ncam_nlb_520359279edr_f0550940ncam07753m1,test_msl,big_rock,iou,,0,0,52407
unet__scratch__resnet34__in_rover__seed1416__gpu_full__57fe1694__gitc2c2860f__codebebd8b2d__20260715T233432076608Z,msl_ncam_nlb_520359279edr_f0550940ncam07753m1,test_msl,ALL,pixel_acc,0.9570858854733146,0,0,52407
unet__scratch__resnet34__in_rover__seed1416__gpu_full__57fe1694__gitc2c2860f__codebebd8b2d__20260715T233432076608Z,msl_ncam_nlb_520359279edr_f0550940ncam07753m1,test_msl,ALL,boundary_f1,0.4879534021710352,0,0,52407
unet__scratch__resnet34__in_rover__seed1416__gpu_full__57fe1694__gitc2c2860f__codebebd8b2d__20260715T233432076608Z,msl_ncam_nlb_520359399edr_f0550940ncam07753m1,test_msl,soil,iou,,0,0,6638
unet__scratch__resnet34__in_rover__seed1416__gpu_full__57fe1694__gitc2c2860f__codebebd8b2d__20260715T233432076608Z,msl_ncam_nlb_520359399edr_f0550940ncam07753m1,test_msl,bedrock,iou,1.0,6638,6638,6638
unet__scratch__resnet34__in_rover__seed1416__gpu_full__57fe1694__gitc2c2860f__codebebd8b2d__20260715T233432076608Z,msl_ncam_nlb_520359399edr_f0550940ncam07753m1,test_msl,sand,iou,,0,0,6638
unet__scratch__resnet34__in_rover__seed1416__gpu_full__57fe1694__gitc2c2860f__codebebd8b2d__20260715T233432076608Z,msl_ncam_nlb_520359399edr_f0550940ncam07753m1,test_msl,big_rock,iou,,0,0,6638
unet__scratch__resnet34__in_rover__seed1416__gpu_full__57fe1694__gitc2c2860f__codebebd8b2d__20260715T233432076608Z,msl_ncam_nlb_520359399edr_f0550940ncam07753m1,test_msl,ALL,pixel_acc,1.0,0,0,6638
unet__scratch__resnet34__in_rover__seed1416__gpu_full__57fe1694__gitc2c2860f__codebebd8b2d__20260715T233432076608Z,msl_ncam_nlb_520359399edr_f0550940ncam07753m1,test_msl,ALL,boundary_f1,1.0,0,0,6638
unet__scratch__resnet34__in_rover__seed1416__gpu_full__57fe1694__gitc2c2860f__codebebd8b2d__20260715T233432076608Z,msl_ncam_nlb_525148881edr_f0570774ncam00353m1,test_msl,soil,iou,,0,0,0
unet__scratch__resnet34__in_rover__seed1416__gpu_full__57fe1694__gitc2c2860f__codebebd8b2d__20260715T233432076608Z,msl_ncam_nlb_525148881edr_f0570774ncam00353m1,test_msl,bedrock,iou,,0,0,0
unet__scratch__resnet34__in_rover__seed1416__gpu_full__57fe1694__gitc2c2860f__codebebd8b2d__20260715T233432076608Z,msl_ncam_nlb_525148881edr_f0570774ncam00353m1,test_msl,sand,iou,,0,0,0
unet__scratch__resnet34__in_rover__seed1416__gpu_full__57fe1694__gitc2c2860f__codebebd8b2d__20260715T233432076608Z,msl_ncam_nlb_525148881edr_f0570774ncam00353m1,test_msl,big_rock,iou,,0,0,0
unet__scratch__resnet34__in_rover__seed1416__gpu_full__57fe1694__gitc2c2860f__codebebd8b2d__20260715T233432076608Z,msl_ncam_nlb_525148881edr_f0570774ncam00353m1,test_msl,ALL,pixel_acc,,0,0,0
unet__scratch__resnet34__in_rover__seed1416__gpu_full__57fe1694__gitc2c2860f__codebebd8b2d__20260715T233432076608Z,msl_ncam_nlb_525148881edr_f0570774ncam00353m1,test_msl,ALL,boundary_f1,,0,0,0
unet__scratch__resnet34__in_rover__seed1416__gpu_full__57fe1694__gitc2c2860f__codebebd8b2d__20260715T233432076608Z,msl_ncam_nlb_525149027edr_f0570774ncam00287m1,test_msl,soil,iou,,0,0,57576
unet__scratch__resnet34__in_rover__seed1416__gpu_full__57fe1694__gitc2c2860f__codebebd8b2d__20260715T233432076608Z,msl_ncam_nlb_525149027edr_f0570774ncam00287m1,test_msl,bedrock,iou,1.0,57576,57576,57576
unet__scratch__resnet34__in_rover__seed1416__gpu_full__57fe1694__gitc2c2860f__codebebd8b2d__20260715T233432076608Z,msl_ncam_nlb_525149027edr_f0570774ncam00287m1,test_msl,sand,iou,,0,0,57576
unet__scratch__resnet34__in_rover__seed1416__gpu_full__57fe1694__gitc2c2860f__codebebd8b2d__20260715T233432076608Z,msl_ncam_nlb_525149027edr_f0570774ncam00287m1,test_msl,big_rock,iou,,0,0,57576
unet__scratch__resnet34__in_rover__seed1416__gpu_full__57fe1694__gitc2c2860f__codebebd8b2d__20260715T233432076608Z,msl_ncam_nlb_525149027edr_f0570774ncam00287m1,test_msl,ALL,pixel_acc,1.0,0,0,57576
unet__scratch__resnet34__in_rover__seed1416__gpu_full__57fe1694__gitc2c2860f__codebebd8b2d__20260715T233432076608Z,msl_ncam_nlb_525149027edr_f0570774ncam00287m1,test_msl,ALL,boundary_f1,1.0,0,0,57576
unet__scratch__resnet34__in_rover__seed1416__gpu_full__57fe1694__gitc2c2860f__codebebd8b2d__20260715T233432076608Z,msl_ncam_nlb_525149336edr_f0570774ncam00654m1,test_msl,soil,iou,,0,0,38978
unet__scratch__resnet34__in_rover__seed1416__gpu_full__57fe1694__gitc2c2860f__codebebd8b2d__20260715T233432076608Z,msl_ncam_nlb_525149336edr_f0570774ncam00654m1,test_msl,bedrock,iou,1.0,38978,38978,38978
unet__scratch__resnet34__in_rover__seed1416__gpu_full__57fe1694__gitc2c2860f__codebebd8b2d__20260715T233432076608Z,msl_ncam_nlb_525149336edr_f0570774ncam00654m1,test_msl,sand,iou,,0,0,38978
unet__scratch__resnet34__in_rover__seed1416__gpu_full__57fe1694__gitc2c2860f__codebebd8b2d__20260715T233432076608Z,msl_ncam_nlb_525149336edr_f0570774ncam00654m1,test_msl,big_rock,iou,,0,0,38978
unet__scratch__resnet34__in_rover__seed1416__gpu_full__57fe1694__gitc2c2860f__codebebd8b2d__20260715T233432076608Z,msl_ncam_nlb_525149336edr_f0570774ncam00654m1,test_msl,ALL,pixel_acc,1.0,0,0,38978
unet__scratch__resnet34__in_rover__seed1416__gpu_full__57fe1694__gitc2c2860f__codebebd8b2d__20260715T233432076608Z,msl_ncam_nlb_525149336edr_f0570774ncam00654m1,test_msl,ALL,boundary_f1,1.0,0,0,38978
unet__scratch__resnet34__in_rover__seed1416__gpu_full__57fe1694__gitc2c2860f__codebebd8b2d__20260715T233432076608Z,msl_ncam_nlb_525149367edr_f0570774ncam00654m1,test_msl,soil,iou,,0,0,62531
unet__scratch__resnet34__in_rover__seed1416__gpu_full__57fe1694__gitc2c2860f__codebebd8b2d__20260715T233432076608Z,msl_ncam_nlb_525149367edr_f0570774ncam00654m1,test_msl,bedrock,iou,0.9492400482509047,59019,62175,62531
unet__scratch__resnet34__in_rover__seed1416__gpu_full__57fe1694__gitc2c2860f__codebebd8b2d__20260715T233432076608Z,msl_ncam_nlb_525149367edr_f0570774ncam00654m1,test_msl,sand,iou,0.10136674259681093,356,3512,62531
unet__scratch__resnet34__in_rover__seed1416__gpu_full__57fe1694__gitc2c2860f__codebebd8b2d__20260715T233432076608Z,msl_ncam_nlb_525149367edr_f0570774ncam00654m1,test_msl,big_rock,iou,,0,0,62531
unet__scratch__resnet34__in_rover__seed1416__gpu_full__57fe1694__gitc2c2860f__codebebd8b2d__20260715T233432076608Z,msl_ncam_nlb_525149367edr_f0570774ncam00654m1,test_msl,ALL,pixel_acc,0.9495290335993347,0,0,62531
unet__scratch__resnet34__in_rover__seed1416__gpu_full__57fe1694__gitc2c2860f__codebebd8b2d__20260715T233432076608Z,msl_ncam_nlb_525149367edr_f0570774ncam00654m1,test_msl,ALL,boundary_f1,0.602305841576223,0,0,62531
unet__scratch__resnet34__in_rover__seed1416__gpu_full__57fe1694__gitc2c2860f__codebebd8b2d__20260715T233432076608Z,msl_ncam_nlb_525149424edr_f0570774ncam00654m1,test_msl,soil,iou,,0,0,56706
unet__scratch__resnet34__in_rover__seed1416__gpu_full__57fe1694__gitc2c2860f__codebebd8b2d__20260715T233432076608Z,msl_ncam_nlb_525149424edr_f0570774ncam00654m1,test_msl,bedrock,iou,0.9327659264917162,51290,54987,56706
unet__scratch__resnet34__in_rover__seed1416__gpu_full__57fe1694__gitc2c2860f__codebebd8b2d__20260715T233432076608Z,msl_ncam_nlb_525149424edr_f0570774ncam00654m1,test_msl,sand,iou,0.3173929098966027,1719,5416,56706
unet__scratch__resnet34__in_rover__seed1416__gpu_full__57fe1694__gitc2c2860f__codebebd8b2d__20260715T233432076608Z,msl_ncam_nlb_525149424edr_f0570774ncam00654m1,test_msl,big_rock,iou,,0,0,56706
unet__scratch__resnet34__in_rover__seed1416__gpu_full__57fe1694__gitc2c2860f__codebebd8b2d__20260715T233432076608Z,msl_ncam_nlb_525149424edr_f0570774ncam00654m1,test_msl,ALL,pixel_acc,0.9348040771699644,0,0,56706
unet__scratch__resnet34__in_rover__seed1416__gpu_full__57fe1694__gitc2c2860f__codebebd8b2d__20260715T233432076608Z,msl_ncam_nlb_525149424edr_f0570774ncam00654m1,test_msl,ALL,boundary_f1,0.7228305489467384,0,0,56706
unet__scratch__resnet34__in_rover__seed1416__gpu_full__57fe1694__gitc2c2860f__codebebd8b2d__20260715T233432076608Z,msl_ncam_nlb_525149485edr_f0570774ncam07753m1,test_msl,soil,iou,,0,0,26086
unet__scratch__resnet34__in_rover__seed1416__gpu_full__57fe1694__gitc2c2860f__codebebd8b2d__20260715T233432076608Z,msl_ncam_nlb_525149485edr_f0570774ncam07753m1,test_msl,bedrock,iou,0.8669017863988346,22614,26086,26086
unet__scratch__resnet34__in_rover__seed1416__gpu_full__57fe1694__gitc2c2860f__codebebd8b2d__20260715T233432076608Z,msl_ncam_nlb_525149485edr_f0570774ncam07753m1,test_msl,sand,iou,0.0,0,3472,26086
unet__scratch__resnet34__in_rover__seed1416__gpu_full__57fe1694__gitc2c2860f__codebebd8b2d__20260715T233432076608Z,msl_ncam_nlb_525149485edr_f0570774ncam07753m1,test_msl,big_rock,iou,,0,0,26086
unet__scratch__resnet34__in_rover__seed1416__gpu_full__57fe1694__gitc2c2860f__codebebd8b2d__20260715T233432076608Z,msl_ncam_nlb_525149485edr_f0570774ncam07753m1,test_msl,ALL,pixel_acc,0.8669017863988346,0,0,26086
unet__scratch__resnet34__in_rover__seed1416__gpu_full__57fe1694__gitc2c2860f__codebebd8b2d__20260715T233432076608Z,msl_ncam_nlb_525149485edr_f0570774ncam07753m1,test_msl,ALL,boundary_f1,0.473028306925405,0,0,26086
unet__scratch__resnet34__in_rover__seed1416__gpu_full__57fe1694__gitc2c2860f__codebebd8b2d__20260715T233432076608Z,msl_ncam_nlb_525149600edr_f0570774ncam07753m1,test_msl,soil,iou,,0,0,0
unet__scratch__resnet34__in_rover__seed1416__gpu_full__57fe1694__gitc2c2860f__codebebd8b2d__20260715T233432076608Z,msl_ncam_nlb_525149600edr_f0570774ncam07753m1,test_msl,bedrock,iou,,0,0,0
unet__scratch__resnet34__in_rover__seed1416__gpu_full__57fe1694__gitc2c2860f__codebebd8b2d__20260715T233432076608Z,msl_ncam_nlb_525149600edr_f0570774ncam07753m1,test_msl,sand,iou,,0,0,0
unet__scratch__resnet34__in_rover__seed1416__gpu_full__57fe1694__gitc2c2860f__codebebd8b2d__20260715T233432076608Z,msl_ncam_nlb_525149600edr_f0570774ncam07753m1,test_msl,big_rock,iou,,0,0,0
unet__scratch__resnet34__in_rover__seed1416__gpu_full__57fe1694__gitc2c2860f__codebebd8b2d__20260715T233432076608Z,msl_ncam_nlb_525149600edr_f0570774ncam07753m1,test_msl,ALL,pixel_acc,,0,0,0
unet__scratch__resnet34__in_rover__seed1416__gpu_full__57fe1694__gitc2c2860f__codebebd8b2d__20260715T233432076608Z,msl_ncam_nlb_525149600edr_f0570774ncam07753m1,test_msl,ALL,boundary_f1,,0,0,0
unet__scratch__resnet34__in_rover__seed1416__gpu_full__57fe1694__gitc2c2860f__codebebd8b2d__20260715T233432076608Z,msl_ncam_nlb_525149717edr_f0570774ncam07753m1,test_msl,soil,iou,,0,0,41397
unet__scratch__resnet34__in_rover__seed1416__gpu_full__57fe1694__gitc2c2860f__codebebd8b2d__20260715T233432076608Z,msl_ncam_nlb_525149717edr_f0570774ncam07753m1,test_msl,bedrock,iou,0.952218759813513,39419,41397,41397
unet__scratch__resnet34__in_rover__seed1416__gpu_full__57fe1694__gitc2c2860f__codebebd8b2d__20260715T233432076608Z,msl_ncam_nlb_525149717edr_f0570774ncam07753m1,test_msl,sand,iou,0.0,0,1978,41397
unet__scratch__resnet34__in_rover__seed1416__gpu_full__57fe1694__gitc2c2860f__codebebd8b2d__20260715T233432076608Z,msl_ncam_nlb_525149717edr_f0570774ncam07753m1,test_msl,big_rock,iou,,0,0,41397
unet__scratch__resnet34__in_rover__seed1416__gpu_full__57fe1694__gitc2c2860f__codebebd8b2d__20260715T233432076608Z,msl_ncam_nlb_525149717edr_f0570774ncam07753m1,test_msl,ALL,pixel_acc,0.952218759813513,0,0,41397
unet__scratch__resnet34__in_rover__seed1416__gpu_full__57fe1694__gitc2c2860f__codebebd8b2d__20260715T233432076608Z,msl_ncam_nlb_525149717edr_f0570774ncam07753m1,test_msl,ALL,boundary_f1,0.49305507566857854,0,0,41397
unet__scratch__resnet34__in_rover__seed1416__gpu_full__57fe1694__gitc2c2860f__codebebd8b2d__20260715T233432076608Z,msl_ncam_nlb_527820640edr_f0580000ncam00253m1,test_msl,soil,iou,,0,0,92147
unet__scratch__resnet34__in_rover__seed1416__gpu_full__57fe1694__gitc2c2860f__codebebd8b2d__20260715T233432076608Z,msl_ncam_nlb_527820640edr_f0580000ncam00253m1,test_msl,bedrock,iou,0.9586747262526181,88339,92147,92147
unet__scratch__resnet34__in_rover__seed1416__gpu_full__57fe1694__gitc2c2860f__codebebd8b2d__20260715T233432076608Z,msl_ncam_nlb_527820640edr_f0580000ncam00253m1,test_msl,sand,iou,0.0,0,3808,92147
unet__scratch__resnet34__in_rover__seed1416__gpu_full__57fe1694__gitc2c2860f__codebebd8b2d__20260715T233432076608Z,msl_ncam_nlb_527820640edr_f0580000ncam00253m1,test_msl,big_rock,iou,,0,0,92147
unet__scratch__resnet34__in_rover__seed1416__gpu_full__57fe1694__gitc2c2860f__codebebd8b2d__20260715T233432076608Z,msl_ncam_nlb_527820640edr_f0580000ncam00253m1,test_msl,ALL,pixel_acc,0.9586747262526181,0,0,92147
unet__scratch__resnet34__in_rover__seed1416__gpu_full__57fe1694__gitc2c2860f__codebebd8b2d__20260715T233432076608Z,msl_ncam_nlb_527820640edr_f0580000ncam00253m1,test_msl,ALL,boundary_f1,0.4814001060686416,0,0,92147
unet__scratch__resnet34__in_rover__seed1416__gpu_full__57fe1694__gitc2c2860f__codebebd8b2d__20260715T233432076608Z,msl_ncam_nlb_527820910edr_f0580000ncam00654m1,test_msl,soil,iou,,0,0,42689
unet__scratch__resnet34__in_rover__seed1416__gpu_full__57fe1694__gitc2c2860f__codebebd8b2d__20260715T233432076608Z,msl_ncam_nlb_527820910edr_f0580000ncam00654m1,test_msl,bedrock,iou,0.8861019854306528,31018,35005,42689
unet__scratch__resnet34__in_rover__seed1416__gpu_full__57fe1694__gitc2c2860f__codebebd8b2d__20260715T233432076608Z,msl_ncam_nlb_527820910edr_f0580000ncam00654m1,test_msl,sand,iou,0.6583840287893068,7684,11671,42689
unet__scratch__resnet34__in_rover__seed1416__gpu_full__57fe1694__gitc2c2860f__codebebd8b2d__20260715T233432076608Z,msl_ncam_nlb_527820910edr_f0580000ncam00654m1,test_msl,big_rock,iou,,0,0,42689
unet__scratch__resnet34__in_rover__seed1416__gpu_full__57fe1694__gitc2c2860f__codebebd8b2d__20260715T233432076608Z,msl_ncam_nlb_527820910edr_f0580000ncam00654m1,test_msl,ALL,pixel_acc,0.9066035746913725,0,0,42689
unet__scratch__resnet34__in_rover__seed1416__gpu_full__57fe1694__gitc2c2860f__codebebd8b2d__20260715T233432076608Z,msl_ncam_nlb_527820910edr_f0580000ncam00654m1,test_msl,ALL,boundary_f1,0.7406689458349326,0,0,42689
unet__scratch__resnet34__in_rover__seed1416__gpu_full__57fe1694__gitc2c2860f__codebebd8b2d__20260715T233432076608Z,msl_ncam_nlb_527820942edr_f0580000ncam00654m1,test_msl,soil,iou,,0,0,75399
unet__scratch__resnet34__in_rover__seed1416__gpu_full__57fe1694__gitc2c2860f__codebebd8b2d__20260715T233432076608Z,msl_ncam_nlb_527820942edr_f0580000ncam00654m1,test_msl,bedrock,iou,0.6379511059371362,44936,70438,75399
unet__scratch__resnet34__in_rover__seed1416__gpu_full__57fe1694__gitc2c2860f__codebebd8b2d__20260715T233432076608Z,msl_ncam_nlb_527820942edr_f0580000ncam00654m1,test_msl,sand,iou,0.16285329744279947,4961,30463,75399
unet__scratch__resnet34__in_rover__seed1416__gpu_full__57fe1694__gitc2c2860f__codebebd8b2d__20260715T233432076608Z,msl_ncam_nlb_527820942edr_f0580000ncam00654m1,test_msl,big_rock,iou,,0,0,75399
unet__scratch__resnet34__in_rover__seed1416__gpu_full__57fe1694__gitc2c2860f__codebebd8b2d__20260715T233432076608Z,msl_ncam_nlb_527820942edr_f0580000ncam00654m1,test_msl,ALL,pixel_acc,0.6617727025557368,0,0,75399
unet__scratch__resnet34__in_rover__seed1416__gpu_full__57fe1694__gitc2c2860f__codebebd8b2d__20260715T233432076608Z,msl_ncam_nlb_527820942edr_f0580000ncam00654m1,test_msl,ALL,boundary_f1,0.411688618370312,0,0,75399
unet__scratch__resnet34__in_rover__seed1416__gpu_full__57fe1694__gitc2c2860f__codebebd8b2d__20260715T233432076608Z,msl_ncam_nlb_527821074edr_f0580000ncam07753m1,test_msl,soil,iou,,0,0,3982
unet__scratch__resnet34__in_rover__seed1416__gpu_full__57fe1694__gitc2c2860f__codebebd8b2d__20260715T233432076608Z,msl_ncam_nlb_527821074edr_f0580000ncam07753m1,test_msl,bedrock,iou,0.0,0,3504,3982
unet__scratch__resnet34__in_rover__seed1416__gpu_full__57fe1694__gitc2c2860f__codebebd8b2d__20260715T233432076608Z,msl_ncam_nlb_527821074edr_f0580000ncam07753m1,test_msl,sand,iou,0.12004018081366148,478,3982,3982
unet__scratch__resnet34__in_rover__seed1416__gpu_full__57fe1694__gitc2c2860f__codebebd8b2d__20260715T233432076608Z,msl_ncam_nlb_527821074edr_f0580000ncam07753m1,test_msl,big_rock,iou,,0,0,3982
unet__scratch__resnet34__in_rover__seed1416__gpu_full__57fe1694__gitc2c2860f__codebebd8b2d__20260715T233432076608Z,msl_ncam_nlb_527821074edr_f0580000ncam07753m1,test_msl,ALL,pixel_acc,0.12004018081366148,0,0,3982
unet__scratch__resnet34__in_rover__seed1416__gpu_full__57fe1694__gitc2c2860f__codebebd8b2d__20260715T233432076608Z,msl_ncam_nlb_527821074edr_f0580000ncam07753m1,test_msl,ALL,boundary_f1,0.14628339652587954,0,0,3982
unet__scratch__resnet34__in_rover__seed1416__gpu_full__57fe1694__gitc2c2860f__codebebd8b2d__20260715T233432076608Z,msl_ncam_nlb_527821213edr_f0580000ncam07753m1,test_msl,soil,iou,,0,0,13830
unet__scratch__resnet34__in_rover__seed1416__gpu_full__57fe1694__gitc2c2860f__codebebd8b2d__20260715T233432076608Z,msl_ncam_nlb_527821213edr_f0580000ncam07753m1,test_msl,bedrock,iou,0.9446131597975416,13064,13830,13830
unet__scratch__resnet34__in_rover__seed1416__gpu_full__57fe1694__gitc2c2860f__codebebd8b2d__20260715T233432076608Z,msl_ncam_nlb_527821213edr_f0580000ncam07753m1,test_msl,sand,iou,0.0,0,766,13830
unet__scratch__resnet34__in_rover__seed1416__gpu_full__57fe1694__gitc2c2860f__codebebd8b2d__20260715T233432076608Z,msl_ncam_nlb_527821213edr_f0580000ncam07753m1,test_msl,big_rock,iou,,0,0,13830
unet__scratch__resnet34__in_rover__seed1416__gpu_full__57fe1694__gitc2c2860f__codebebd8b2d__20260715T233432076608Z,msl_ncam_nlb_527821213edr_f0580000ncam07753m1,test_msl,ALL,pixel_acc,0.9446131597975416,0,0,13830
unet__scratch__resnet34__in_rover__seed1416__gpu_full__57fe1694__gitc2c2860f__codebebd8b2d__20260715T233432076608Z,msl_ncam_nlb_527821213edr_f0580000ncam07753m1,test_msl,ALL,boundary_f1,0.4875061244487996,0,0,13830
unet__scratch__resnet34__in_rover__seed1416__gpu_full__57fe1694__gitc2c2860f__codebebd8b2d__20260715T233432076608Z,msl_ncam_nlb_527821275edr_f0580000ncam07753m1,test_msl,soil,iou,,0,0,18660
unet__scratch__resnet34__in_rover__seed1416__gpu_full__57fe1694__gitc2c2860f__codebebd8b2d__20260715T233432076608Z,msl_ncam_nlb_527821275edr_f0580000ncam07753m1,test_msl,bedrock,iou,1.0,18660,18660,18660
unet__scratch__resnet34__in_rover__seed1416__gpu_full__57fe1694__gitc2c2860f__codebebd8b2d__20260715T233432076608Z,msl_ncam_nlb_527821275edr_f0580000ncam07753m1,test_msl,sand,iou,,0,0,18660
unet__scratch__resnet34__in_rover__seed1416__gpu_full__57fe1694__gitc2c2860f__codebebd8b2d__20260715T233432076608Z,msl_ncam_nlb_527821275edr_f0580000ncam07753m1,test_msl,big_rock,iou,,0,0,18660
unet__scratch__resnet34__in_rover__seed1416__gpu_full__57fe1694__gitc2c2860f__codebebd8b2d__20260715T233432076608Z,msl_ncam_nlb_527821275edr_f0580000ncam07753m1,test_msl,ALL,pixel_acc,1.0,0,0,18660
unet__scratch__resnet34__in_rover__seed1416__gpu_full__57fe1694__gitc2c2860f__codebebd8b2d__20260715T233432076608Z,msl_ncam_nlb_527821275edr_f0580000ncam07753m1,test_msl,ALL,boundary_f1,1.0,0,0,18660
unet__scratch__resnet34__in_rover__seed1416__gpu_full__57fe1694__gitc2c2860f__codebebd8b2d__20260715T233432076608Z,msl_ncam_nlb_528875763edr_f0581002ncam00207m1,test_msl,soil,iou,,0,0,55308
unet__scratch__resnet34__in_rover__seed1416__gpu_full__57fe1694__gitc2c2860f__codebebd8b2d__20260715T233432076608Z,msl_ncam_nlb_528875763edr_f0581002ncam00207m1,test_msl,bedrock,iou,0.9149851739350546,50606,55308,55308
unet__scratch__resnet34__in_rover__seed1416__gpu_full__57fe1694__gitc2c2860f__codebebd8b2d__20260715T233432076608Z,msl_ncam_nlb_528875763edr_f0581002ncam00207m1,test_msl,sand,iou,0.0,0,4702,55308
unet__scratch__resnet34__in_rover__seed1416__gpu_full__57fe1694__gitc2c2860f__codebebd8b2d__20260715T233432076608Z,msl_ncam_nlb_528875763edr_f0581002ncam00207m1,test_msl,big_rock,iou,,0,0,55308
unet__scratch__resnet34__in_rover__seed1416__gpu_full__57fe1694__gitc2c2860f__codebebd8b2d__20260715T233432076608Z,msl_ncam_nlb_528875763edr_f0581002ncam00207m1,test_msl,ALL,pixel_acc,0.9149851739350546,0,0,55308
unet__scratch__resnet34__in_rover__seed1416__gpu_full__57fe1694__gitc2c2860f__codebebd8b2d__20260715T233432076608Z,msl_ncam_nlb_528875763edr_f0581002ncam00207m1,test_msl,ALL,boundary_f1,0.4767648552564754,0,0,55308
unet__scratch__resnet34__in_rover__seed1416__gpu_full__57fe1694__gitc2c2860f__codebebd8b2d__20260715T233432076608Z,msl_ncam_nlb_528892751edr_f0581248ncam00346m1,test_msl,soil,iou,0.0,0,1554,25025
unet__scratch__resnet34__in_rover__seed1416__gpu_full__57fe1694__gitc2c2860f__codebebd8b2d__20260715T233432076608Z,msl_ncam_nlb_528892751edr_f0581248ncam00346m1,test_msl,bedrock,iou,0.8542657342657343,21378,25025,25025
unet__scratch__resnet34__in_rover__seed1416__gpu_full__57fe1694__gitc2c2860f__codebebd8b2d__20260715T233432076608Z,msl_ncam_nlb_528892751edr_f0581248ncam00346m1,test_msl,sand,iou,0.0,0,2093,25025
unet__scratch__resnet34__in_rover__seed1416__gpu_full__57fe1694__gitc2c2860f__codebebd8b2d__20260715T233432076608Z,msl_ncam_nlb_528892751edr_f0581248ncam00346m1,test_msl,big_rock,iou,,0,0,25025
unet__scratch__resnet34__in_rover__seed1416__gpu_full__57fe1694__gitc2c2860f__codebebd8b2d__20260715T233432076608Z,msl_ncam_nlb_528892751edr_f0581248ncam00346m1,test_msl,ALL,pixel_acc,0.8542657342657343,0,0,25025
unet__scratch__resnet34__in_rover__seed1416__gpu_full__57fe1694__gitc2c2860f__codebebd8b2d__20260715T233432076608Z,msl_ncam_nlb_528892751edr_f0581248ncam00346m1,test_msl,ALL,boundary_f1,0.3006399554813578,0,0,25025
unet__scratch__resnet34__in_rover__seed1416__gpu_full__57fe1694__gitc2c2860f__codebebd8b2d__20260715T233432076608Z,msl_ncam_nlb_528892900edr_f0581248ncam00262m1,test_msl,soil,iou,,0,0,58755
unet__scratch__resnet34__in_rover__seed1416__gpu_full__57fe1694__gitc2c2860f__codebebd8b2d__20260715T233432076608Z,msl_ncam_nlb_528892900edr_f0581248ncam00262m1,test_msl,bedrock,iou,1.0,58755,58755,58755
unet__scratch__resnet34__in_rover__seed1416__gpu_full__57fe1694__gitc2c2860f__codebebd8b2d__20260715T233432076608Z,msl_ncam_nlb_528892900edr_f0581248ncam00262m1,test_msl,sand,iou,,0,0,58755
unet__scratch__resnet34__in_rover__seed1416__gpu_full__57fe1694__gitc2c2860f__codebebd8b2d__20260715T233432076608Z,msl_ncam_nlb_528892900edr_f0581248ncam00262m1,test_msl,big_rock,iou,,0,0,58755
unet__scratch__resnet34__in_rover__seed1416__gpu_full__57fe1694__gitc2c2860f__codebebd8b2d__20260715T233432076608Z,msl_ncam_nlb_528892900edr_f0581248ncam00262m1,test_msl,ALL,pixel_acc,1.0,0,0,58755
unet__scratch__resnet34__in_rover__seed1416__gpu_full__57fe1694__gitc2c2860f__codebebd8b2d__20260715T233432076608Z,msl_ncam_nlb_528892900edr_f0581248ncam00262m1,test_msl,ALL,boundary_f1,1.0,0,0,58755
unet__scratch__resnet34__in_rover__seed1416__gpu_full__57fe1694__gitc2c2860f__codebebd8b2d__20260715T233432076608Z,msl_ncam_nlb_528893088edr_f0581248ncam07753m1,test_msl,soil,iou,,0,0,35879
unet__scratch__resnet34__in_rover__seed1416__gpu_full__57fe1694__gitc2c2860f__codebebd8b2d__20260715T233432076608Z,msl_ncam_nlb_528893088edr_f0581248ncam07753m1,test_msl,bedrock,iou,1.0,35879,35879,35879
unet__scratch__resnet34__in_rover__seed1416__gpu_full__57fe1694__gitc2c2860f__codebebd8b2d__20260715T233432076608Z,msl_ncam_nlb_528893088edr_f0581248ncam07753m1,test_msl,sand,iou,,0,0,35879
unet__scratch__resnet34__in_rover__seed1416__gpu_full__57fe1694__gitc2c2860f__codebebd8b2d__20260715T233432076608Z,msl_ncam_nlb_528893088edr_f0581248ncam07753m1,test_msl,big_rock,iou,,0,0,35879
unet__scratch__resnet34__in_rover__seed1416__gpu_full__57fe1694__gitc2c2860f__codebebd8b2d__20260715T233432076608Z,msl_ncam_nlb_528893088edr_f0581248ncam07753m1,test_msl,ALL,pixel_acc,1.0,0,0,35879
unet__scratch__resnet34__in_rover__seed1416__gpu_full__57fe1694__gitc2c2860f__codebebd8b2d__20260715T233432076608Z,msl_ncam_nlb_528893088edr_f0581248ncam07753m1,test_msl,ALL,boundary_f1,1.0,0,0,35879
unet__scratch__resnet34__in_rover__seed1416__gpu_full__57fe1694__gitc2c2860f__codebebd8b2d__20260715T233432076608Z,msl_ncam_nlb_528893506edr_f0581248ncam00654m1,test_msl,soil,iou,0.4847422981457147,9960,20547,66249
unet__scratch__resnet34__in_rover__seed1416__gpu_full__57fe1694__gitc2c2860f__codebebd8b2d__20260715T233432076608Z,msl_ncam_nlb_528893506edr_f0581248ncam00654m1,test_msl,bedrock,iou,0.8586337328533017,37682,43886,66249
unet__scratch__resnet34__in_rover__seed1416__gpu_full__57fe1694__gitc2c2860f__codebebd8b2d__20260715T233432076608Z,msl_ncam_nlb_528893506edr_f0581248ncam00654m1,test_msl,sand,iou,0.5142730036331282,6936,13487,66249
unet__scratch__resnet34__in_rover__seed1416__gpu_full__57fe1694__gitc2c2860f__codebebd8b2d__20260715T233432076608Z,msl_ncam_nlb_528893506edr_f0581248ncam00654m1,test_msl,big_rock,iou,,0,0,66249
unet__scratch__resnet34__in_rover__seed1416__gpu_full__57fe1694__gitc2c2860f__codebebd8b2d__20260715T233432076608Z,msl_ncam_nlb_528893506edr_f0581248ncam00654m1,test_msl,ALL,pixel_acc,0.8238313031140093,0,0,66249
unet__scratch__resnet34__in_rover__seed1416__gpu_full__57fe1694__gitc2c2860f__codebebd8b2d__20260715T233432076608Z,msl_ncam_nlb_528893506edr_f0581248ncam00654m1,test_msl,ALL,boundary_f1,0.6411806822484036,0,0,66249
unet__scratch__resnet34__in_rover__seed1416__gpu_full__57fe1694__gitc2c2860f__codebebd8b2d__20260715T233432076608Z,msl_ncam_nlb_528893540edr_f0581248ncam00654m1,test_msl,soil,iou,,0,0,0
unet__scratch__resnet34__in_rover__seed1416__gpu_full__57fe1694__gitc2c2860f__codebebd8b2d__20260715T233432076608Z,msl_ncam_nlb_528893540edr_f0581248ncam00654m1,test_msl,bedrock,iou,,0,0,0
unet__scratch__resnet34__in_rover__seed1416__gpu_full__57fe1694__gitc2c2860f__codebebd8b2d__20260715T233432076608Z,msl_ncam_nlb_528893540edr_f0581248ncam00654m1,test_msl,sand,iou,,0,0,0
unet__scratch__resnet34__in_rover__seed1416__gpu_full__57fe1694__gitc2c2860f__codebebd8b2d__20260715T233432076608Z,msl_ncam_nlb_528893540edr_f0581248ncam00654m1,test_msl,big_rock,iou,,0,0,0
unet__scratch__resnet34__in_rover__seed1416__gpu_full__57fe1694__gitc2c2860f__codebebd8b2d__20260715T233432076608Z,msl_ncam_nlb_528893540edr_f0581248ncam00654m1,test_msl,ALL,pixel_acc,,0,0,0
unet__scratch__resnet34__in_rover__seed1416__gpu_full__57fe1694__gitc2c2860f__codebebd8b2d__20260715T233432076608Z,msl_ncam_nlb_528893540edr_f0581248ncam00654m1,test_msl,ALL,boundary_f1,,0,0,0
unet__scratch__resnet34__in_rover__seed1416__gpu_full__57fe1694__gitc2c2860f__codebebd8b2d__20260715T233432076608Z,msl_ncam_nlb_528893599edr_f0581248ncam00654m1,test_msl,soil,iou,0.2595272727272727,7137,27500,81400
unet__scratch__resnet34__in_rover__seed1416__gpu_full__57fe1694__gitc2c2860f__codebebd8b2d__20260715T233432076608Z,msl_ncam_nlb_528893599edr_f0581248ncam00654m1,test_msl,bedrock,iou,0.7257988500329908,53900,74263,81400
unet__scratch__resnet34__in_rover__seed1416__gpu_full__57fe1694__gitc2c2860f__codebebd8b2d__20260715T233432076608Z,msl_ncam_nlb_528893599edr_f0581248ncam00654m1,test_msl,sand,iou,,0,0,81400
unet__scratch__resnet34__in_rover__seed1416__gpu_full__57fe1694__gitc2c2860f__codebebd8b2d__20260715T233432076608Z,msl_ncam_nlb_528893599edr_f0581248ncam00654m1,test_msl,big_rock,iou,,0,0,81400
unet__scratch__resnet34__in_rover__seed1416__gpu_full__57fe1694__gitc2c2860f__codebebd8b2d__20260715T233432076608Z,msl_ncam_nlb_528893599edr_f0581248ncam00654m1,test_msl,ALL,pixel_acc,0.7498402948402948,0,0,81400
unet__scratch__resnet34__in_rover__seed1416__gpu_full__57fe1694__gitc2c2860f__codebebd8b2d__20260715T233432076608Z,msl_ncam_nlb_528893599edr_f0581248ncam00654m1,test_msl,ALL,boundary_f1,0.45628556607654863,0,0,81400
unet__scratch__resnet34__in_rover__seed1416__gpu_full__57fe1694__gitc2c2860f__codebebd8b2d__20260715T233432076608Z,msl_ncam_nlb_537932733edr_f0600888ncam00320m1,test_msl,soil,iou,,0,0,71764
unet__scratch__resnet34__in_rover__seed1416__gpu_full__57fe1694__gitc2c2860f__codebebd8b2d__20260715T233432076608Z,msl_ncam_nlb_537932733edr_f0600888ncam00320m1,test_msl,bedrock,iou,0.8992004568817819,6298,7004,71764
unet__scratch__resnet34__in_rover__seed1416__gpu_full__57fe1694__gitc2c2860f__codebebd8b2d__20260715T233432076608Z,msl_ncam_nlb_537932733edr_f0600888ncam00320m1,test_msl,sand,iou,0.9892157761280664,64760,65466,71764
unet__scratch__resnet34__in_rover__seed1416__gpu_full__57fe1694__gitc2c2860f__codebebd8b2d__20260715T233432076608Z,msl_ncam_nlb_537932733edr_f0600888ncam00320m1,test_msl,big_rock,iou,,0,0,71764
unet__scratch__resnet34__in_rover__seed1416__gpu_full__57fe1694__gitc2c2860f__codebebd8b2d__20260715T233432076608Z,msl_ncam_nlb_537932733edr_f0600888ncam00320m1,test_msl,ALL,pixel_acc,0.9901621983167047,0,0,71764
unet__scratch__resnet34__in_rover__seed1416__gpu_full__57fe1694__gitc2c2860f__codebebd8b2d__20260715T233432076608Z,msl_ncam_nlb_537932733edr_f0600888ncam00320m1,test_msl,ALL,boundary_f1,0.9421375555894651,0,0,71764
unet__scratch__resnet34__in_rover__seed1416__gpu_full__57fe1694__gitc2c2860f__codebebd8b2d__20260715T233432076608Z,msl_ncam_nlb_537938493edr_f0601266ncam00653m1,test_msl,soil,iou,,0,0,106876
unet__scratch__resnet34__in_rover__seed1416__gpu_full__57fe1694__gitc2c2860f__codebebd8b2d__20260715T233432076608Z,msl_ncam_nlb_537938493edr_f0601266ncam00653m1,test_msl,bedrock,iou,1.0,33523,33523,106876
unet__scratch__resnet34__in_rover__seed1416__gpu_full__57fe1694__gitc2c2860f__codebebd8b2d__20260715T233432076608Z,msl_ncam_nlb_537938493edr_f0601266ncam00653m1,test_msl,sand,iou,1.0,73353,73353,106876
unet__scratch__resnet34__in_rover__seed1416__gpu_full__57fe1694__gitc2c2860f__codebebd8b2d__20260715T233432076608Z,msl_ncam_nlb_537938493edr_f0601266ncam00653m1,test_msl,big_rock,iou,,0,0,106876
unet__scratch__resnet34__in_rover__seed1416__gpu_full__57fe1694__gitc2c2860f__codebebd8b2d__20260715T233432076608Z,msl_ncam_nlb_537938493edr_f0601266ncam00653m1,test_msl,ALL,pixel_acc,1.0,0,0,106876
unet__scratch__resnet34__in_rover__seed1416__gpu_full__57fe1694__gitc2c2860f__codebebd8b2d__20260715T233432076608Z,msl_ncam_nlb_537938493edr_f0601266ncam00653m1,test_msl,ALL,boundary_f1,1.0,0,0,106876
unet__scratch__resnet34__in_rover__seed1416__gpu_full__57fe1694__gitc2c2860f__codebebd8b2d__20260715T233432076608Z,msl_ncam_nlb_537938609edr_f0601266ncam07753m1,test_msl,soil,iou,,0,0,30134
unet__scratch__resnet34__in_rover__seed1416__gpu_full__57fe1694__gitc2c2860f__codebebd8b2d__20260715T233432076608Z,msl_ncam_nlb_537938609edr_f0601266ncam07753m1,test_msl,bedrock,iou,0.8502921129503408,3493,4108,30134
unet__scratch__resnet34__in_rover__seed1416__gpu_full__57fe1694__gitc2c2860f__codebebd8b2d__20260715T233432076608Z,msl_ncam_nlb_537938609edr_f0601266ncam07753m1,test_msl,sand,iou,0.976915280957922,26026,26641,30134
unet__scratch__resnet34__in_rover__seed1416__gpu_full__57fe1694__gitc2c2860f__codebebd8b2d__20260715T233432076608Z,msl_ncam_nlb_537938609edr_f0601266ncam07753m1,test_msl,big_rock,iou,,0,0,30134
unet__scratch__resnet34__in_rover__seed1416__gpu_full__57fe1694__gitc2c2860f__codebebd8b2d__20260715T233432076608Z,msl_ncam_nlb_537938609edr_f0601266ncam07753m1,test_msl,ALL,pixel_acc,0.979591159487622,0,0,30134
unet__scratch__resnet34__in_rover__seed1416__gpu_full__57fe1694__gitc2c2860f__codebebd8b2d__20260715T233432076608Z,msl_ncam_nlb_537938609edr_f0601266ncam07753m1,test_msl,ALL,boundary_f1,0.9445397417272757,0,0,30134
unet__scratch__resnet34__in_rover__seed1416__gpu_full__57fe1694__gitc2c2860f__codebebd8b2d__20260715T233432076608Z,msl_ncam_nlb_541040424edr_f0610954ncam00305m1,test_msl,soil,iou,0.0,0,3489,93717
unet__scratch__resnet34__in_rover__seed1416__gpu_full__57fe1694__gitc2c2860f__codebebd8b2d__20260715T233432076608Z,msl_ncam_nlb_541040424edr_f0610954ncam00305m1,test_msl,bedrock,iou,0.9968370445344129,55153,55328,93717
unet__scratch__resnet34__in_rover__seed1416__gpu_full__57fe1694__gitc2c2860f__codebebd8b2d__20260715T233432076608Z,msl_ncam_nlb_541040424edr_f0610954ncam00305m1,test_msl,sand,iou,0.9082549742843784,34966,38498,93717
unet__scratch__resnet34__in_rover__seed1416__gpu_full__57fe1694__gitc2c2860f__codebebd8b2d__20260715T233432076608Z,msl_ncam_nlb_541040424edr_f0610954ncam00305m1,test_msl,big_rock,iou,,0,0,93717
unet__scratch__resnet34__in_rover__seed1416__gpu_full__57fe1694__gitc2c2860f__codebebd8b2d__20260715T233432076608Z,msl_ncam_nlb_541040424edr_f0610954ncam00305m1,test_msl,ALL,pixel_acc,0.9616078192857219,0,0,93717
unet__scratch__resnet34__in_rover__seed1416__gpu_full__57fe1694__gitc2c2860f__codebebd8b2d__20260715T233432076608Z,msl_ncam_nlb_541040424edr_f0610954ncam00305m1,test_msl,ALL,boundary_f1,0.6262312813670959,0,0,93717
unet__scratch__resnet34__in_rover__seed1416__gpu_full__57fe1694__gitc2c2860f__codebebd8b2d__20260715T233432076608Z,msl_ncam_nlb_541042107edr_f0611086ncam00385m1,test_msl,soil,iou,,0,0,164400
unet__scratch__resnet34__in_rover__seed1416__gpu_full__57fe1694__gitc2c2860f__codebebd8b2d__20260715T233432076608Z,msl_ncam_nlb_541042107edr_f0611086ncam00385m1,test_msl,bedrock,iou,0.0,0,778,164400
unet__scratch__resnet34__in_rover__seed1416__gpu_full__57fe1694__gitc2c2860f__codebebd8b2d__20260715T233432076608Z,msl_ncam_nlb_541042107edr_f0611086ncam00385m1,test_msl,sand,iou,0.9952676399026764,163622,164400,164400
unet__scratch__resnet34__in_rover__seed1416__gpu_full__57fe1694__gitc2c2860f__codebebd8b2d__20260715T233432076608Z,msl_ncam_nlb_541042107edr_f0611086ncam00385m1,test_msl,big_rock,iou,,0,0,164400
unet__scratch__resnet34__in_rover__seed1416__gpu_full__57fe1694__gitc2c2860f__codebebd8b2d__20260715T233432076608Z,msl_ncam_nlb_541042107edr_f0611086ncam00385m1,test_msl,ALL,pixel_acc,0.9952676399026764,0,0,164400
unet__scratch__resnet34__in_rover__seed1416__gpu_full__57fe1694__gitc2c2860f__codebebd8b2d__20260715T233432076608Z,msl_ncam_nlb_541042107edr_f0611086ncam00385m1,test_msl,ALL,boundary_f1,0.4915642753195389,0,0,164400
unet__scratch__resnet34__in_rover__seed1416__gpu_full__57fe1694__gitc2c2860f__codebebd8b2d__20260715T233432076608Z,msl_ncam_nlb_541043499edr_f0611140ncam00346m1,test_msl,soil,iou,,0,0,119351
unet__scratch__resnet34__in_rover__seed1416__gpu_full__57fe1694__gitc2c2860f__codebebd8b2d__20260715T233432076608Z,msl_ncam_nlb_541043499edr_f0611140ncam00346m1,test_msl,bedrock,iou,,0,0,119351
unet__scratch__resnet34__in_rover__seed1416__gpu_full__57fe1694__gitc2c2860f__codebebd8b2d__20260715T233432076608Z,msl_ncam_nlb_541043499edr_f0611140ncam00346m1,test_msl,sand,iou,1.0,119351,119351,119351
unet__scratch__resnet34__in_rover__seed1416__gpu_full__57fe1694__gitc2c2860f__codebebd8b2d__20260715T233432076608Z,msl_ncam_nlb_541043499edr_f0611140ncam00346m1,test_msl,big_rock,iou,,0,0,119351
unet__scratch__resnet34__in_rover__seed1416__gpu_full__57fe1694__gitc2c2860f__codebebd8b2d__20260715T233432076608Z,msl_ncam_nlb_541043499edr_f0611140ncam00346m1,test_msl,ALL,pixel_acc,1.0,0,0,119351
unet__scratch__resnet34__in_rover__seed1416__gpu_full__57fe1694__gitc2c2860f__codebebd8b2d__20260715T233432076608Z,msl_ncam_nlb_541043499edr_f0611140ncam00346m1,test_msl,ALL,boundary_f1,1.0,0,0,119351
unet__scratch__resnet34__in_rover__seed1416__gpu_full__57fe1694__gitc2c2860f__codebebd8b2d__20260715T233432076608Z,msl_ncam_nlb_541043637edr_f0611140ncam00653m1,test_msl,soil,iou,,0,0,147407
unet__scratch__resnet34__in_rover__seed1416__gpu_full__57fe1694__gitc2c2860f__codebebd8b2d__20260715T233432076608Z,msl_ncam_nlb_541043637edr_f0611140ncam00653m1,test_msl,bedrock,iou,0.9351772876812477,38375,41035,147407
unet__scratch__resnet34__in_rover__seed1416__gpu_full__57fe1694__gitc2c2860f__codebebd8b2d__20260715T233432076608Z,msl_ncam_nlb_541043637edr_f0611140ncam00653m1,test_msl,sand,iou,0.9756034925526451,106372,109032,147407
unet__scratch__resnet34__in_rover__seed1416__gpu_full__57fe1694__gitc2c2860f__codebebd8b2d__20260715T233432076608Z,msl_ncam_nlb_541043637edr_f0611140ncam00653m1,test_msl,big_rock,iou,,0,0,147407
unet__scratch__resnet34__in_rover__seed1416__gpu_full__57fe1694__gitc2c2860f__codebebd8b2d__20260715T233432076608Z,msl_ncam_nlb_541043637edr_f0611140ncam00653m1,test_msl,ALL,pixel_acc,0.9819547239954683,0,0,147407
unet__scratch__resnet34__in_rover__seed1416__gpu_full__57fe1694__gitc2c2860f__codebebd8b2d__20260715T233432076608Z,msl_ncam_nlb_541043637edr_f0611140ncam00653m1,test_msl,ALL,boundary_f1,0.8664565032380578,0,0,147407
unet__scratch__resnet34__in_rover__seed1416__gpu_full__57fe1694__gitc2c2860f__codebebd8b2d__20260715T233432076608Z,msl_ncam_nlb_541049254edr_f0611140ncam12753m1,test_msl,soil,iou,,0,0,12239
unet__scratch__resnet34__in_rover__seed1416__gpu_full__57fe1694__gitc2c2860f__codebebd8b2d__20260715T233432076608Z,msl_ncam_nlb_541049254edr_f0611140ncam12753m1,test_msl,bedrock,iou,0.40820929183581417,905,2217,12239
unet__scratch__resnet34__in_rover__seed1416__gpu_full__57fe1694__gitc2c2860f__codebebd8b2d__20260715T233432076608Z,msl_ncam_nlb_541049254edr_f0611140ncam12753m1,test_msl,sand,iou,0.884242103405682,10022,11334,12239
unet__scratch__resnet34__in_rover__seed1416__gpu_full__57fe1694__gitc2c2860f__codebebd8b2d__20260715T233432076608Z,msl_ncam_nlb_541049254edr_f0611140ncam12753m1,test_msl,big_rock,iou,,0,0,12239
unet__scratch__resnet34__in_rover__seed1416__gpu_full__57fe1694__gitc2c2860f__codebebd8b2d__20260715T233432076608Z,msl_ncam_nlb_541049254edr_f0611140ncam12753m1,test_msl,ALL,pixel_acc,0.892801699485252,0,0,12239
unet__scratch__resnet34__in_rover__seed1416__gpu_full__57fe1694__gitc2c2860f__codebebd8b2d__20260715T233432076608Z,msl_ncam_nlb_541049254edr_f0611140ncam12753m1,test_msl,ALL,boundary_f1,0.7063706416569446,0,0,12239
unet__scratch__resnet34__in_rover__seed1416__gpu_full__57fe1694__gitc2c2860f__codebebd8b2d__20260715T233432076608Z,msl_ncam_nlb_541049316edr_f0611140ncam12753m1,test_msl,soil,iou,,0,0,134046
unet__scratch__resnet34__in_rover__seed1416__gpu_full__57fe1694__gitc2c2860f__codebebd8b2d__20260715T233432076608Z,msl_ncam_nlb_541049316edr_f0611140ncam12753m1,test_msl,bedrock,iou,,0,0,134046
unet__scratch__resnet34__in_rover__seed1416__gpu_full__57fe1694__gitc2c2860f__codebebd8b2d__20260715T233432076608Z,msl_ncam_nlb_541049316edr_f0611140ncam12753m1,test_msl,sand,iou,1.0,134046,134046,134046
unet__scratch__resnet34__in_rover__seed1416__gpu_full__57fe1694__gitc2c2860f__codebebd8b2d__20260715T233432076608Z,msl_ncam_nlb_541049316edr_f0611140ncam12753m1,test_msl,big_rock,iou,,0,0,134046
unet__scratch__resnet34__in_rover__seed1416__gpu_full__57fe1694__gitc2c2860f__codebebd8b2d__20260715T233432076608Z,msl_ncam_nlb_541049316edr_f0611140ncam12753m1,test_msl,ALL,pixel_acc,1.0,0,0,134046
unet__scratch__resnet34__in_rover__seed1416__gpu_full__57fe1694__gitc2c2860f__codebebd8b2d__20260715T233432076608Z,msl_ncam_nlb_541049316edr_f0611140ncam12753m1,test_msl,ALL,boundary_f1,1.0,0,0,134046
unet__scratch__resnet34__in_rover__seed1416__gpu_full__57fe1694__gitc2c2860f__codebebd8b2d__20260715T233432076608Z,msl_ncam_nlb_542730497edr_f0612232ncam00282m1,test_msl,soil,iou,,0,0,112532
unet__scratch__resnet34__in_rover__seed1416__gpu_full__57fe1694__gitc2c2860f__codebebd8b2d__20260715T233432076608Z,msl_ncam_nlb_542730497edr_f0612232ncam00282m1,test_msl,bedrock,iou,0.0,0,231,112532
unet__scratch__resnet34__in_rover__seed1416__gpu_full__57fe1694__gitc2c2860f__codebebd8b2d__20260715T233432076608Z,msl_ncam_nlb_542730497edr_f0612232ncam00282m1,test_msl,sand,iou,0.9979472505598408,112301,112532,112532
unet__scratch__resnet34__in_rover__seed1416__gpu_full__57fe1694__gitc2c2860f__codebebd8b2d__20260715T233432076608Z,msl_ncam_nlb_542730497edr_f0612232ncam00282m1,test_msl,big_rock,iou,,0,0,112532
unet__scratch__resnet34__in_rover__seed1416__gpu_full__57fe1694__gitc2c2860f__codebebd8b2d__20260715T233432076608Z,msl_ncam_nlb_542730497edr_f0612232ncam00282m1,test_msl,ALL,pixel_acc,0.9979472505598408,0,0,112532
unet__scratch__resnet34__in_rover__seed1416__gpu_full__57fe1694__gitc2c2860f__codebebd8b2d__20260715T233432076608Z,msl_ncam_nlb_542730497edr_f0612232ncam00282m1,test_msl,ALL,boundary_f1,0.4974395019580279,0,0,112532
unet__scratch__resnet34__in_rover__seed1416__gpu_full__57fe1694__gitc2c2860f__codebebd8b2d__20260715T233432076608Z,msl_ncam_nlb_542730580edr_f0612232ncam00282m1,test_msl,soil,iou,,0,0,0
unet__scratch__resnet34__in_rover__seed1416__gpu_full__57fe1694__gitc2c2860f__codebebd8b2d__20260715T233432076608Z,msl_ncam_nlb_542730580edr_f0612232ncam00282m1,test_msl,bedrock,iou,,0,0,0
unet__scratch__resnet34__in_rover__seed1416__gpu_full__57fe1694__gitc2c2860f__codebebd8b2d__20260715T233432076608Z,msl_ncam_nlb_542730580edr_f0612232ncam00282m1,test_msl,sand,iou,,0,0,0
unet__scratch__resnet34__in_rover__seed1416__gpu_full__57fe1694__gitc2c2860f__codebebd8b2d__20260715T233432076608Z,msl_ncam_nlb_542730580edr_f0612232ncam00282m1,test_msl,big_rock,iou,,0,0,0
unet__scratch__resnet34__in_rover__seed1416__gpu_full__57fe1694__gitc2c2860f__codebebd8b2d__20260715T233432076608Z,msl_ncam_nlb_542730580edr_f0612232ncam00282m1,test_msl,ALL,pixel_acc,,0,0,0
unet__scratch__resnet34__in_rover__seed1416__gpu_full__57fe1694__gitc2c2860f__codebebd8b2d__20260715T233432076608Z,msl_ncam_nlb_542730580edr_f0612232ncam00282m1,test_msl,ALL,boundary_f1,,0,0,0
unet__scratch__resnet34__in_rover__seed1416__gpu_full__57fe1694__gitc2c2860f__codebebd8b2d__20260715T233432076608Z,msl_ncam_nlb_542733799edr_f0612232ncam00353m1,test_msl,soil,iou,,0,0,135437
unet__scratch__resnet34__in_rover__seed1416__gpu_full__57fe1694__gitc2c2860f__codebebd8b2d__20260715T233432076608Z,msl_ncam_nlb_542733799edr_f0612232ncam00353m1,test_msl,bedrock,iou,0.984586262844781,3641,3698,135437
unet__scratch__resnet34__in_rover__seed1416__gpu_full__57fe1694__gitc2c2860f__codebebd8b2d__20260715T233432076608Z,msl_ncam_nlb_542733799edr_f0612232ncam00353m1,test_msl,sand,iou,0.9995675134298462,131739,131796,135437
unet__scratch__resnet34__in_rover__seed1416__gpu_full__57fe1694__gitc2c2860f__codebebd8b2d__20260715T233432076608Z,msl_ncam_nlb_542733799edr_f0612232ncam00353m1,test_msl,big_rock,iou,,0,0,135437
unet__scratch__resnet34__in_rover__seed1416__gpu_full__57fe1694__gitc2c2860f__codebebd8b2d__20260715T233432076608Z,msl_ncam_nlb_542733799edr_f0612232ncam00353m1,test_msl,ALL,pixel_acc,0.999579140116807,0,0,135437
unet__scratch__resnet34__in_rover__seed1416__gpu_full__57fe1694__gitc2c2860f__codebebd8b2d__20260715T233432076608Z,msl_ncam_nlb_542733799edr_f0612232ncam00353m1,test_msl,ALL,boundary_f1,0.993103874372506,0,0,135437
unet__scratch__resnet34__in_rover__seed1416__gpu_full__57fe1694__gitc2c2860f__codebebd8b2d__20260715T233432076608Z,msl_ncam_nlb_542734078edr_f0612232ncam00654m1,test_msl,soil,iou,,0,0,143364
unet__scratch__resnet34__in_rover__seed1416__gpu_full__57fe1694__gitc2c2860f__codebebd8b2d__20260715T233432076608Z,msl_ncam_nlb_542734078edr_f0612232ncam00654m1,test_msl,bedrock,iou,,0,0,143364
unet__scratch__resnet34__in_rover__seed1416__gpu_full__57fe1694__gitc2c2860f__codebebd8b2d__20260715T233432076608Z,msl_ncam_nlb_542734078edr_f0612232ncam00654m1,test_msl,sand,iou,1.0,143364,143364,143364
unet__scratch__resnet34__in_rover__seed1416__gpu_full__57fe1694__gitc2c2860f__codebebd8b2d__20260715T233432076608Z,msl_ncam_nlb_542734078edr_f0612232ncam00654m1,test_msl,big_rock,iou,,0,0,143364
unet__scratch__resnet34__in_rover__seed1416__gpu_full__57fe1694__gitc2c2860f__codebebd8b2d__20260715T233432076608Z,msl_ncam_nlb_542734078edr_f0612232ncam00654m1,test_msl,ALL,pixel_acc,1.0,0,0,143364
unet__scratch__resnet34__in_rover__seed1416__gpu_full__57fe1694__gitc2c2860f__codebebd8b2d__20260715T233432076608Z,msl_ncam_nlb_542734078edr_f0612232ncam00654m1,test_msl,ALL,boundary_f1,1.0,0,0,143364
unet__scratch__resnet34__in_rover__seed1416__gpu_full__57fe1694__gitc2c2860f__codebebd8b2d__20260715T233432076608Z,msl_ncam_nlb_542734110edr_f0612232ncam00654m1,test_msl,soil,iou,,0,0,209285
unet__scratch__resnet34__in_rover__seed1416__gpu_full__57fe1694__gitc2c2860f__codebebd8b2d__20260715T233432076608Z,msl_ncam_nlb_542734110edr_f0612232ncam00654m1,test_msl,bedrock,iou,,0,0,209285
unet__scratch__resnet34__in_rover__seed1416__gpu_full__57fe1694__gitc2c2860f__codebebd8b2d__20260715T233432076608Z,msl_ncam_nlb_542734110edr_f0612232ncam00654m1,test_msl,sand,iou,1.0,209285,209285,209285
unet__scratch__resnet34__in_rover__seed1416__gpu_full__57fe1694__gitc2c2860f__codebebd8b2d__20260715T233432076608Z,msl_ncam_nlb_542734110edr_f0612232ncam00654m1,test_msl,big_rock,iou,,0,0,209285
unet__scratch__resnet34__in_rover__seed1416__gpu_full__57fe1694__gitc2c2860f__codebebd8b2d__20260715T233432076608Z,msl_ncam_nlb_542734110edr_f0612232ncam00654m1,test_msl,ALL,pixel_acc,1.0,0,0,209285
unet__scratch__resnet34__in_rover__seed1416__gpu_full__57fe1694__gitc2c2860f__codebebd8b2d__20260715T233432076608Z,msl_ncam_nlb_542734110edr_f0612232ncam00654m1,test_msl,ALL,boundary_f1,1.0,0,0,209285
unet__scratch__resnet34__in_rover__seed1416__gpu_full__57fe1694__gitc2c2860f__codebebd8b2d__20260715T233432076608Z,msl_ncam_nlb_542734199edr_f0612232ncam00654m1,test_msl,soil,iou,,0,0,176176
unet__scratch__resnet34__in_rover__seed1416__gpu_full__57fe1694__gitc2c2860f__codebebd8b2d__20260715T233432076608Z,msl_ncam_nlb_542734199edr_f0612232ncam00654m1,test_msl,bedrock,iou,0.0,0,328,176176
unet__scratch__resnet34__in_rover__seed1416__gpu_full__57fe1694__gitc2c2860f__codebebd8b2d__20260715T233432076608Z,msl_ncam_nlb_542734199edr_f0612232ncam00654m1,test_msl,sand,iou,0.9981382254109527,175848,176176,176176
unet__scratch__resnet34__in_rover__seed1416__gpu_full__57fe1694__gitc2c2860f__codebebd8b2d__20260715T233432076608Z,msl_ncam_nlb_542734199edr_f0612232ncam00654m1,test_msl,big_rock,iou,,0,0,176176
unet__scratch__resnet34__in_rover__seed1416__gpu_full__57fe1694__gitc2c2860f__codebebd8b2d__20260715T233432076608Z,msl_ncam_nlb_542734199edr_f0612232ncam00654m1,test_msl,ALL,pixel_acc,0.9981382254109527,0,0,176176
unet__scratch__resnet34__in_rover__seed1416__gpu_full__57fe1694__gitc2c2860f__codebebd8b2d__20260715T233432076608Z,msl_ncam_nlb_542734199edr_f0612232ncam00654m1,test_msl,ALL,boundary_f1,0.49796199493125737,0,0,176176
unet__scratch__resnet34__in_rover__seed1416__gpu_full__57fe1694__gitc2c2860f__codebebd8b2d__20260715T233432076608Z,msl_ncam_nlb_542734240edr_f0612232ncam00283m1,test_msl,soil,iou,,0,0,97181
unet__scratch__resnet34__in_rover__seed1416__gpu_full__57fe1694__gitc2c2860f__codebebd8b2d__20260715T233432076608Z,msl_ncam_nlb_542734240edr_f0612232ncam00283m1,test_msl,bedrock,iou,0.0,0,1600,97181
unet__scratch__resnet34__in_rover__seed1416__gpu_full__57fe1694__gitc2c2860f__codebebd8b2d__20260715T233432076608Z,msl_ncam_nlb_542734240edr_f0612232ncam00283m1,test_msl,sand,iou,0.9835358763544314,95581,97181,97181
unet__scratch__resnet34__in_rover__seed1416__gpu_full__57fe1694__gitc2c2860f__codebebd8b2d__20260715T233432076608Z,msl_ncam_nlb_542734240edr_f0612232ncam00283m1,test_msl,big_rock,iou,,0,0,97181
unet__scratch__resnet34__in_rover__seed1416__gpu_full__57fe1694__gitc2c2860f__codebebd8b2d__20260715T233432076608Z,msl_ncam_nlb_542734240edr_f0612232ncam00283m1,test_msl,ALL,pixel_acc,0.9835358763544314,0,0,97181
unet__scratch__resnet34__in_rover__seed1416__gpu_full__57fe1694__gitc2c2860f__codebebd8b2d__20260715T233432076608Z,msl_ncam_nlb_542734240edr_f0612232ncam00283m1,test_msl,ALL,boundary_f1,0.4807576405348489,0,0,97181
unet__scratch__resnet34__in_rover__seed1416__gpu_full__57fe1694__gitc2c2860f__codebebd8b2d__20260715T233432076608Z,msl_ncam_nlb_542734362edr_f0612232ncam00283m1,test_msl,soil,iou,,0,0,145077
unet__scratch__resnet34__in_rover__seed1416__gpu_full__57fe1694__gitc2c2860f__codebebd8b2d__20260715T233432076608Z,msl_ncam_nlb_542734362edr_f0612232ncam00283m1,test_msl,bedrock,iou,0.0,0,136,145077
unet__scratch__resnet34__in_rover__seed1416__gpu_full__57fe1694__gitc2c2860f__codebebd8b2d__20260715T233432076608Z,msl_ncam_nlb_542734362edr_f0612232ncam00283m1,test_msl,sand,iou,0.999062566774885,144941,145077,145077
unet__scratch__resnet34__in_rover__seed1416__gpu_full__57fe1694__gitc2c2860f__codebebd8b2d__20260715T233432076608Z,msl_ncam_nlb_542734362edr_f0612232ncam00283m1,test_msl,big_rock,iou,,0,0,145077
unet__scratch__resnet34__in_rover__seed1416__gpu_full__57fe1694__gitc2c2860f__codebebd8b2d__20260715T233432076608Z,msl_ncam_nlb_542734362edr_f0612232ncam00283m1,test_msl,ALL,pixel_acc,0.999062566774885,0,0,145077
unet__scratch__resnet34__in_rover__seed1416__gpu_full__57fe1694__gitc2c2860f__codebebd8b2d__20260715T233432076608Z,msl_ncam_nlb_542734362edr_f0612232ncam00283m1,test_msl,ALL,boundary_f1,0.4981059858821523,0,0,145077
unet__scratch__resnet34__in_rover__seed1416__gpu_full__57fe1694__gitc2c2860f__codebebd8b2d__20260715T233432076608Z,msl_ncam_nlb_542738036edr_f0612232ccam15903m1,test_msl,soil,iou,,0,0,189972
unet__scratch__resnet34__in_rover__seed1416__gpu_full__57fe1694__gitc2c2860f__codebebd8b2d__20260715T233432076608Z,msl_ncam_nlb_542738036edr_f0612232ccam15903m1,test_msl,bedrock,iou,0.0,0,693,189972
unet__scratch__resnet34__in_rover__seed1416__gpu_full__57fe1694__gitc2c2860f__codebebd8b2d__20260715T233432076608Z,msl_ncam_nlb_542738036edr_f0612232ccam15903m1,test_msl,sand,iou,0.9963520939927989,189279,189972,189972
unet__scratch__resnet34__in_rover__seed1416__gpu_full__57fe1694__gitc2c2860f__codebebd8b2d__20260715T233432076608Z,msl_ncam_nlb_542738036edr_f0612232ccam15903m1,test_msl,big_rock,iou,,0,0,189972
unet__scratch__resnet34__in_rover__seed1416__gpu_full__57fe1694__gitc2c2860f__codebebd8b2d__20260715T233432076608Z,msl_ncam_nlb_542738036edr_f0612232ccam15903m1,test_msl,ALL,pixel_acc,0.9963520939927989,0,0,189972
unet__scratch__resnet34__in_rover__seed1416__gpu_full__57fe1694__gitc2c2860f__codebebd8b2d__20260715T233432076608Z,msl_ncam_nlb_542738036edr_f0612232ccam15903m1,test_msl,ALL,boundary_f1,0.49581883434917107,0,0,189972
unet__scratch__resnet34__in_rover__seed1416__gpu_full__57fe1694__gitc2c2860f__codebebd8b2d__20260715T233432076608Z,msl_ncam_nlb_543351716edr_f0613076ncam00286m1,test_msl,soil,iou,,0,0,0
unet__scratch__resnet34__in_rover__seed1416__gpu_full__57fe1694__gitc2c2860f__codebebd8b2d__20260715T233432076608Z,msl_ncam_nlb_543351716edr_f0613076ncam00286m1,test_msl,bedrock,iou,,0,0,0
unet__scratch__resnet34__in_rover__seed1416__gpu_full__57fe1694__gitc2c2860f__codebebd8b2d__20260715T233432076608Z,msl_ncam_nlb_543351716edr_f0613076ncam00286m1,test_msl,sand,iou,,0,0,0
unet__scratch__resnet34__in_rover__seed1416__gpu_full__57fe1694__gitc2c2860f__codebebd8b2d__20260715T233432076608Z,msl_ncam_nlb_543351716edr_f0613076ncam00286m1,test_msl,big_rock,iou,,0,0,0
unet__scratch__resnet34__in_rover__seed1416__gpu_full__57fe1694__gitc2c2860f__codebebd8b2d__20260715T233432076608Z,msl_ncam_nlb_543351716edr_f0613076ncam00286m1,test_msl,ALL,pixel_acc,,0,0,0
unet__scratch__resnet34__in_rover__seed1416__gpu_full__57fe1694__gitc2c2860f__codebebd8b2d__20260715T233432076608Z,msl_ncam_nlb_543351716edr_f0613076ncam00286m1,test_msl,ALL,boundary_f1,,0,0,0
unet__scratch__resnet34__in_rover__seed1416__gpu_full__57fe1694__gitc2c2860f__codebebd8b2d__20260715T233432076608Z,msl_ncam_nlb_543357370edr_f0613076ncam00287m1,test_msl,soil,iou,,0,0,139163
unet__scratch__resnet34__in_rover__seed1416__gpu_full__57fe1694__gitc2c2860f__codebebd8b2d__20260715T233432076608Z,msl_ncam_nlb_543357370edr_f0613076ncam00287m1,test_msl,bedrock,iou,0.0,0,142,139163
unet__scratch__resnet34__in_rover__seed1416__gpu_full__57fe1694__gitc2c2860f__codebebd8b2d__20260715T233432076608Z,msl_ncam_nlb_543357370edr_f0613076ncam00287m1,test_msl,sand,iou,0.9989796138341369,139021,139163,139163
unet__scratch__resnet34__in_rover__seed1416__gpu_full__57fe1694__gitc2c2860f__codebebd8b2d__20260715T233432076608Z,msl_ncam_nlb_543357370edr_f0613076ncam00287m1,test_msl,big_rock,iou,,0,0,139163
unet__scratch__resnet34__in_rover__seed1416__gpu_full__57fe1694__gitc2c2860f__codebebd8b2d__20260715T233432076608Z,msl_ncam_nlb_543357370edr_f0613076ncam00287m1,test_msl,ALL,pixel_acc,0.9989796138341369,0,0,139163
unet__scratch__resnet34__in_rover__seed1416__gpu_full__57fe1694__gitc2c2860f__codebebd8b2d__20260715T233432076608Z,msl_ncam_nlb_543357370edr_f0613076ncam00287m1,test_msl,ALL,boundary_f1,0.4984114376489277,0,0,139163
unet__scratch__resnet34__in_rover__seed1416__gpu_full__57fe1694__gitc2c2860f__codebebd8b2d__20260715T233432076608Z,msl_ncam_nlb_543357433edr_f0613076ncam00287m1,test_msl,soil,iou,,0,0,73935
unet__scratch__resnet34__in_rover__seed1416__gpu_full__57fe1694__gitc2c2860f__codebebd8b2d__20260715T233432076608Z,msl_ncam_nlb_543357433edr_f0613076ncam00287m1,test_msl,bedrock,iou,0.0,0,278,73935
unet__scratch__resnet34__in_rover__seed1416__gpu_full__57fe1694__gitc2c2860f__codebebd8b2d__20260715T233432076608Z,msl_ncam_nlb_543357433edr_f0613076ncam00287m1,test_msl,sand,iou,0.9962399404882667,73657,73935,73935
unet__scratch__resnet34__in_rover__seed1416__gpu_full__57fe1694__gitc2c2860f__codebebd8b2d__20260715T233432076608Z,msl_ncam_nlb_543357433edr_f0613076ncam00287m1,test_msl,big_rock,iou,,0,0,73935
unet__scratch__resnet34__in_rover__seed1416__gpu_full__57fe1694__gitc2c2860f__codebebd8b2d__20260715T233432076608Z,msl_ncam_nlb_543357433edr_f0613076ncam00287m1,test_msl,ALL,pixel_acc,0.9962399404882667,0,0,73935
unet__scratch__resnet34__in_rover__seed1416__gpu_full__57fe1694__gitc2c2860f__codebebd8b2d__20260715T233432076608Z,msl_ncam_nlb_543357433edr_f0613076ncam00287m1,test_msl,ALL,boundary_f1,0.49532381093063466,0,0,73935
unet__scratch__resnet34__in_rover__seed1416__gpu_full__57fe1694__gitc2c2860f__codebebd8b2d__20260715T233432076608Z,msl_ncam_nlb_543357548edr_f0613076ncam00287m1,test_msl,soil,iou,,0,0,0
unet__scratch__resnet34__in_rover__seed1416__gpu_full__57fe1694__gitc2c2860f__codebebd8b2d__20260715T233432076608Z,msl_ncam_nlb_543357548edr_f0613076ncam00287m1,test_msl,bedrock,iou,,0,0,0
unet__scratch__resnet34__in_rover__seed1416__gpu_full__57fe1694__gitc2c2860f__codebebd8b2d__20260715T233432076608Z,msl_ncam_nlb_543357548edr_f0613076ncam00287m1,test_msl,sand,iou,,0,0,0
unet__scratch__resnet34__in_rover__seed1416__gpu_full__57fe1694__gitc2c2860f__codebebd8b2d__20260715T233432076608Z,msl_ncam_nlb_543357548edr_f0613076ncam00287m1,test_msl,big_rock,iou,,0,0,0
unet__scratch__resnet34__in_rover__seed1416__gpu_full__57fe1694__gitc2c2860f__codebebd8b2d__20260715T233432076608Z,msl_ncam_nlb_543357548edr_f0613076ncam00287m1,test_msl,ALL,pixel_acc,,0,0,0
unet__scratch__resnet34__in_rover__seed1416__gpu_full__57fe1694__gitc2c2860f__codebebd8b2d__20260715T233432076608Z,msl_ncam_nlb_543357548edr_f0613076ncam00287m1,test_msl,ALL,boundary_f1,,0,0,0
unet__scratch__resnet34__in_rover__seed1416__gpu_full__57fe1694__gitc2c2860f__codebebd8b2d__20260715T233432076608Z,msl_ncam_nlb_548047620edr_f0630346ncam00320m1,test_msl,soil,iou,,0,0,96137
unet__scratch__resnet34__in_rover__seed1416__gpu_full__57fe1694__gitc2c2860f__codebebd8b2d__20260715T233432076608Z,msl_ncam_nlb_548047620edr_f0630346ncam00320m1,test_msl,bedrock,iou,0.9961032693931716,82567,82890,96137
unet__scratch__resnet34__in_rover__seed1416__gpu_full__57fe1694__gitc2c2860f__codebebd8b2d__20260715T233432076608Z,msl_ncam_nlb_548047620edr_f0630346ncam00320m1,test_msl,sand,iou,0.9761974944731024,13247,13570,96137
unet__scratch__resnet34__in_rover__seed1416__gpu_full__57fe1694__gitc2c2860f__codebebd8b2d__20260715T233432076608Z,msl_ncam_nlb_548047620edr_f0630346ncam00320m1,test_msl,big_rock,iou,,0,0,96137
unet__scratch__resnet34__in_rover__seed1416__gpu_full__57fe1694__gitc2c2860f__codebebd8b2d__20260715T233432076608Z,msl_ncam_nlb_548047620edr_f0630346ncam00320m1,test_msl,ALL,pixel_acc,0.9966402113650311,0,0,96137
unet__scratch__resnet34__in_rover__seed1416__gpu_full__57fe1694__gitc2c2860f__codebebd8b2d__20260715T233432076608Z,msl_ncam_nlb_548047620edr_f0630346ncam00320m1,test_msl,ALL,boundary_f1,0.9723366903581148,0,0,96137
unet__scratch__resnet34__in_rover__seed1416__gpu_full__57fe1694__gitc2c2860f__codebebd8b2d__20260715T233432076608Z,msl_ncam_nlb_548057490edr_f0630724ncam00385m1,test_msl,soil,iou,,0,0,65888
unet__scratch__resnet34__in_rover__seed1416__gpu_full__57fe1694__gitc2c2860f__codebebd8b2d__20260715T233432076608Z,msl_ncam_nlb_548057490edr_f0630724ncam00385m1,test_msl,bedrock,iou,0.9121539582321515,60100,65888,65888
unet__scratch__resnet34__in_rover__seed1416__gpu_full__57fe1694__gitc2c2860f__codebebd8b2d__20260715T233432076608Z,msl_ncam_nlb_548057490edr_f0630724ncam00385m1,test_msl,sand,iou,0.0,0,5788,65888
unet__scratch__resnet34__in_rover__seed1416__gpu_full__57fe1694__gitc2c2860f__codebebd8b2d__20260715T233432076608Z,msl_ncam_nlb_548057490edr_f0630724ncam00385m1,test_msl,big_rock,iou,,0,0,65888
unet__scratch__resnet34__in_rover__seed1416__gpu_full__57fe1694__gitc2c2860f__codebebd8b2d__20260715T233432076608Z,msl_ncam_nlb_548057490edr_f0630724ncam00385m1,test_msl,ALL,pixel_acc,0.9121539582321515,0,0,65888
unet__scratch__resnet34__in_rover__seed1416__gpu_full__57fe1694__gitc2c2860f__codebebd8b2d__20260715T233432076608Z,msl_ncam_nlb_548057490edr_f0630724ncam00385m1,test_msl,ALL,boundary_f1,0.46822289156626506,0,0,65888
unet__scratch__resnet34__in_rover__seed1416__gpu_full__57fe1694__gitc2c2860f__codebebd8b2d__20260715T233432076608Z,msl_ncam_nlb_548058260edr_f0630766ncam00375m1,test_msl,soil,iou,,0,0,41868
unet__scratch__resnet34__in_rover__seed1416__gpu_full__57fe1694__gitc2c2860f__codebebd8b2d__20260715T233432076608Z,msl_ncam_nlb_548058260edr_f0630766ncam00375m1,test_msl,bedrock,iou,0.9313607844481777,27165,29167,41868
unet__scratch__resnet34__in_rover__seed1416__gpu_full__57fe1694__gitc2c2860f__codebebd8b2d__20260715T233432076608Z,msl_ncam_nlb_548058260edr_f0630766ncam00375m1,test_msl,sand,iou,0.8638373121131742,12701,14703,41868
unet__scratch__resnet34__in_rover__seed1416__gpu_full__57fe1694__gitc2c2860f__codebebd8b2d__20260715T233432076608Z,msl_ncam_nlb_548058260edr_f0630766ncam00375m1,test_msl,big_rock,iou,,0,0,41868
unet__scratch__resnet34__in_rover__seed1416__gpu_full__57fe1694__gitc2c2860f__codebebd8b2d__20260715T233432076608Z,msl_ncam_nlb_548058260edr_f0630766ncam00375m1,test_msl,ALL,pixel_acc,0.9521830514951753,0,0,41868
unet__scratch__resnet34__in_rover__seed1416__gpu_full__57fe1694__gitc2c2860f__codebebd8b2d__20260715T233432076608Z,msl_ncam_nlb_548058260edr_f0630766ncam00375m1,test_msl,ALL,boundary_f1,0.9049927383817236,0,0,41868
unet__scratch__resnet34__in_rover__seed1416__gpu_full__57fe1694__gitc2c2860f__codebebd8b2d__20260715T233432076608Z,msl_ncam_nlb_548058358edr_f0630766ncam00273m1,test_msl,soil,iou,,0,0,43577
unet__scratch__resnet34__in_rover__seed1416__gpu_full__57fe1694__gitc2c2860f__codebebd8b2d__20260715T233432076608Z,msl_ncam_nlb_548058358edr_f0630766ncam00273m1,test_msl,bedrock,iou,0.943276363785401,23015,24399,43577
unet__scratch__resnet34__in_rover__seed1416__gpu_full__57fe1694__gitc2c2860f__codebebd8b2d__20260715T233432076608Z,msl_ncam_nlb_548058358edr_f0630766ncam00273m1,test_msl,sand,iou,0.9326913724345881,19178,20562,43577
unet__scratch__resnet34__in_rover__seed1416__gpu_full__57fe1694__gitc2c2860f__codebebd8b2d__20260715T233432076608Z,msl_ncam_nlb_548058358edr_f0630766ncam00273m1,test_msl,big_rock,iou,,0,0,43577
unet__scratch__resnet34__in_rover__seed1416__gpu_full__57fe1694__gitc2c2860f__codebebd8b2d__20260715T233432076608Z,msl_ncam_nlb_548058358edr_f0630766ncam00273m1,test_msl,ALL,pixel_acc,0.9682401266723272,0,0,43577
unet__scratch__resnet34__in_rover__seed1416__gpu_full__57fe1694__gitc2c2860f__codebebd8b2d__20260715T233432076608Z,msl_ncam_nlb_548058358edr_f0630766ncam00273m1,test_msl,ALL,boundary_f1,0.9297876950793169,0,0,43577
unet__scratch__resnet34__in_rover__seed1416__gpu_full__57fe1694__gitc2c2860f__codebebd8b2d__20260715T233432076608Z,msl_ncam_nlb_548063838edr_f0630766ncam07753m1,test_msl,soil,iou,,0,0,13320
unet__scratch__resnet34__in_rover__seed1416__gpu_full__57fe1694__gitc2c2860f__codebebd8b2d__20260715T233432076608Z,msl_ncam_nlb_548063838edr_f0630766ncam07753m1,test_msl,bedrock,iou,1.0,13320,13320,13320
unet__scratch__resnet34__in_rover__seed1416__gpu_full__57fe1694__gitc2c2860f__codebebd8b2d__20260715T233432076608Z,msl_ncam_nlb_548063838edr_f0630766ncam07753m1,test_msl,sand,iou,,0,0,13320
unet__scratch__resnet34__in_rover__seed1416__gpu_full__57fe1694__gitc2c2860f__codebebd8b2d__20260715T233432076608Z,msl_ncam_nlb_548063838edr_f0630766ncam07753m1,test_msl,big_rock,iou,,0,0,13320
unet__scratch__resnet34__in_rover__seed1416__gpu_full__57fe1694__gitc2c2860f__codebebd8b2d__20260715T233432076608Z,msl_ncam_nlb_548063838edr_f0630766ncam07753m1,test_msl,ALL,pixel_acc,1.0,0,0,13320
unet__scratch__resnet34__in_rover__seed1416__gpu_full__57fe1694__gitc2c2860f__codebebd8b2d__20260715T233432076608Z,msl_ncam_nlb_548063838edr_f0630766ncam07753m1,test_msl,ALL,boundary_f1,1.0,0,0,13320
unet__scratch__resnet34__in_rover__seed1416__gpu_full__57fe1694__gitc2c2860f__codebebd8b2d__20260715T233432076608Z,msl_ncam_nlb_552665174edr_f0641980ncam00320m1,test_msl,soil,iou,,0,0,107820
unet__scratch__resnet34__in_rover__seed1416__gpu_full__57fe1694__gitc2c2860f__codebebd8b2d__20260715T233432076608Z,msl_ncam_nlb_552665174edr_f0641980ncam00320m1,test_msl,bedrock,iou,1.0,20145,20145,107820
unet__scratch__resnet34__in_rover__seed1416__gpu_full__57fe1694__gitc2c2860f__codebebd8b2d__20260715T233432076608Z,msl_ncam_nlb_552665174edr_f0641980ncam00320m1,test_msl,sand,iou,1.0,87675,87675,107820
unet__scratch__resnet34__in_rover__seed1416__gpu_full__57fe1694__gitc2c2860f__codebebd8b2d__20260715T233432076608Z,msl_ncam_nlb_552665174edr_f0641980ncam00320m1,test_msl,big_rock,iou,,0,0,107820
unet__scratch__resnet34__in_rover__seed1416__gpu_full__57fe1694__gitc2c2860f__codebebd8b2d__20260715T233432076608Z,msl_ncam_nlb_552665174edr_f0641980ncam00320m1,test_msl,ALL,pixel_acc,1.0,0,0,107820
unet__scratch__resnet34__in_rover__seed1416__gpu_full__57fe1694__gitc2c2860f__codebebd8b2d__20260715T233432076608Z,msl_ncam_nlb_552665174edr_f0641980ncam00320m1,test_msl,ALL,boundary_f1,1.0,0,0,107820
unet__scratch__resnet34__in_rover__seed1416__gpu_full__57fe1694__gitc2c2860f__codebebd8b2d__20260715T233432076608Z,msl_ncam_nlb_552676131edr_f0642004ncam00385m1,test_msl,soil,iou,,0,0,241952
unet__scratch__resnet34__in_rover__seed1416__gpu_full__57fe1694__gitc2c2860f__codebebd8b2d__20260715T233432076608Z,msl_ncam_nlb_552676131edr_f0642004ncam00385m1,test_msl,bedrock,iou,,0,0,241952
unet__scratch__resnet34__in_rover__seed1416__gpu_full__57fe1694__gitc2c2860f__codebebd8b2d__20260715T233432076608Z,msl_ncam_nlb_552676131edr_f0642004ncam00385m1,test_msl,sand,iou,1.0,241952,241952,241952
unet__scratch__resnet34__in_rover__seed1416__gpu_full__57fe1694__gitc2c2860f__codebebd8b2d__20260715T233432076608Z,msl_ncam_nlb_552676131edr_f0642004ncam00385m1,test_msl,big_rock,iou,,0,0,241952
unet__scratch__resnet34__in_rover__seed1416__gpu_full__57fe1694__gitc2c2860f__codebebd8b2d__20260715T233432076608Z,msl_ncam_nlb_552676131edr_f0642004ncam00385m1,test_msl,ALL,pixel_acc,1.0,0,0,241952
unet__scratch__resnet34__in_rover__seed1416__gpu_full__57fe1694__gitc2c2860f__codebebd8b2d__20260715T233432076608Z,msl_ncam_nlb_552676131edr_f0642004ncam00385m1,test_msl,ALL,boundary_f1,1.0,0,0,241952
unet__scratch__resnet34__in_rover__seed1416__gpu_full__57fe1694__gitc2c2860f__codebebd8b2d__20260715T233432076608Z,msl_ncam_nlb_552677384edr_f0642088ncam00376m1,test_msl,soil,iou,,0,0,93137
unet__scratch__resnet34__in_rover__seed1416__gpu_full__57fe1694__gitc2c2860f__codebebd8b2d__20260715T233432076608Z,msl_ncam_nlb_552677384edr_f0642088ncam00376m1,test_msl,bedrock,iou,,0,0,93137
unet__scratch__resnet34__in_rover__seed1416__gpu_full__57fe1694__gitc2c2860f__codebebd8b2d__20260715T233432076608Z,msl_ncam_nlb_552677384edr_f0642088ncam00376m1,test_msl,sand,iou,1.0,93137,93137,93137
unet__scratch__resnet34__in_rover__seed1416__gpu_full__57fe1694__gitc2c2860f__codebebd8b2d__20260715T233432076608Z,msl_ncam_nlb_552677384edr_f0642088ncam00376m1,test_msl,big_rock,iou,,0,0,93137
unet__scratch__resnet34__in_rover__seed1416__gpu_full__57fe1694__gitc2c2860f__codebebd8b2d__20260715T233432076608Z,msl_ncam_nlb_552677384edr_f0642088ncam00376m1,test_msl,ALL,pixel_acc,1.0,0,0,93137
unet__scratch__resnet34__in_rover__seed1416__gpu_full__57fe1694__gitc2c2860f__codebebd8b2d__20260715T233432076608Z,msl_ncam_nlb_552677384edr_f0642088ncam00376m1,test_msl,ALL,boundary_f1,1.0,0,0,93137
unet__scratch__resnet34__in_rover__seed1416__gpu_full__57fe1694__gitc2c2860f__codebebd8b2d__20260715T233432076608Z,msl_ncam_nlb_552677513edr_f0642088ncam00255m1,test_msl,soil,iou,,0,0,42984
unet__scratch__resnet34__in_rover__seed1416__gpu_full__57fe1694__gitc2c2860f__codebebd8b2d__20260715T233432076608Z,msl_ncam_nlb_552677513edr_f0642088ncam00255m1,test_msl,bedrock,iou,0.9884038199181446,1449,1466,42984
unet__scratch__resnet34__in_rover__seed1416__gpu_full__57fe1694__gitc2c2860f__codebebd8b2d__20260715T233432076608Z,msl_ncam_nlb_552677513edr_f0642088ncam00255m1,test_msl,sand,iou,0.9995907066329601,41518,41535,42984
unet__scratch__resnet34__in_rover__seed1416__gpu_full__57fe1694__gitc2c2860f__codebebd8b2d__20260715T233432076608Z,msl_ncam_nlb_552677513edr_f0642088ncam00255m1,test_msl,big_rock,iou,,0,0,42984
unet__scratch__resnet34__in_rover__seed1416__gpu_full__57fe1694__gitc2c2860f__codebebd8b2d__20260715T233432076608Z,msl_ncam_nlb_552677513edr_f0642088ncam00255m1,test_msl,ALL,pixel_acc,0.9996045040014889,0,0,42984
unet__scratch__resnet34__in_rover__seed1416__gpu_full__57fe1694__gitc2c2860f__codebebd8b2d__20260715T233432076608Z,msl_ncam_nlb_552677513edr_f0642088ncam00255m1,test_msl,ALL,boundary_f1,0.9959010371471109,0,0,42984
unet__scratch__resnet34__in_rover__seed1416__gpu_full__57fe1694__gitc2c2860f__codebebd8b2d__20260715T233432076608Z,msl_ncam_nlb_552677608edr_f0642088ncam00255m1,test_msl,soil,iou,,0,0,238297
unet__scratch__resnet34__in_rover__seed1416__gpu_full__57fe1694__gitc2c2860f__codebebd8b2d__20260715T233432076608Z,msl_ncam_nlb_552677608edr_f0642088ncam00255m1,test_msl,bedrock,iou,,0,0,238297
unet__scratch__resnet34__in_rover__seed1416__gpu_full__57fe1694__gitc2c2860f__codebebd8b2d__20260715T233432076608Z,msl_ncam_nlb_552677608edr_f0642088ncam00255m1,test_msl,sand,iou,1.0,238297,238297,238297
unet__scratch__resnet34__in_rover__seed1416__gpu_full__57fe1694__gitc2c2860f__codebebd8b2d__20260715T233432076608Z,msl_ncam_nlb_552677608edr_f0642088ncam00255m1,test_msl,big_rock,iou,,0,0,238297
unet__scratch__resnet34__in_rover__seed1416__gpu_full__57fe1694__gitc2c2860f__codebebd8b2d__20260715T233432076608Z,msl_ncam_nlb_552677608edr_f0642088ncam00255m1,test_msl,ALL,pixel_acc,1.0,0,0,238297
unet__scratch__resnet34__in_rover__seed1416__gpu_full__57fe1694__gitc2c2860f__codebebd8b2d__20260715T233432076608Z,msl_ncam_nlb_552677608edr_f0642088ncam00255m1,test_msl,ALL,boundary_f1,1.0,0,0,238297
unet__scratch__resnet34__in_rover__seed1416__gpu_full__57fe1694__gitc2c2860f__codebebd8b2d__20260715T233432076608Z,msl_ncam_nlb_552677960edr_f0642088ncam00354m1,test_msl,soil,iou,,0,0,141082
unet__scratch__resnet34__in_rover__seed1416__gpu_full__57fe1694__gitc2c2860f__codebebd8b2d__20260715T233432076608Z,msl_ncam_nlb_552677960edr_f0642088ncam00354m1,test_msl,bedrock,iou,,0,0,141082
unet__scratch__resnet34__in_rover__seed1416__gpu_full__57fe1694__gitc2c2860f__codebebd8b2d__20260715T233432076608Z,msl_ncam_nlb_552677960edr_f0642088ncam00354m1,test_msl,sand,iou,1.0,141082,141082,141082
unet__scratch__resnet34__in_rover__seed1416__gpu_full__57fe1694__gitc2c2860f__codebebd8b2d__20260715T233432076608Z,msl_ncam_nlb_552677960edr_f0642088ncam00354m1,test_msl,big_rock,iou,,0,0,141082
unet__scratch__resnet34__in_rover__seed1416__gpu_full__57fe1694__gitc2c2860f__codebebd8b2d__20260715T233432076608Z,msl_ncam_nlb_552677960edr_f0642088ncam00354m1,test_msl,ALL,pixel_acc,1.0,0,0,141082
unet__scratch__resnet34__in_rover__seed1416__gpu_full__57fe1694__gitc2c2860f__codebebd8b2d__20260715T233432076608Z,msl_ncam_nlb_552677960edr_f0642088ncam00354m1,test_msl,ALL,boundary_f1,1.0,0,0,141082
unet__scratch__resnet34__in_rover__seed1416__gpu_full__57fe1694__gitc2c2860f__codebebd8b2d__20260715T233432076608Z,msl_ncam_nlb_552678040edr_f0642088ncam00354m1,test_msl,soil,iou,,0,0,124577
unet__scratch__resnet34__in_rover__seed1416__gpu_full__57fe1694__gitc2c2860f__codebebd8b2d__20260715T233432076608Z,msl_ncam_nlb_552678040edr_f0642088ncam00354m1,test_msl,bedrock,iou,,0,0,124577
unet__scratch__resnet34__in_rover__seed1416__gpu_full__57fe1694__gitc2c2860f__codebebd8b2d__20260715T233432076608Z,msl_ncam_nlb_552678040edr_f0642088ncam00354m1,test_msl,sand,iou,1.0,124577,124577,124577
unet__scratch__resnet34__in_rover__seed1416__gpu_full__57fe1694__gitc2c2860f__codebebd8b2d__20260715T233432076608Z,msl_ncam_nlb_552678040edr_f0642088ncam00354m1,test_msl,big_rock,iou,,0,0,124577
unet__scratch__resnet34__in_rover__seed1416__gpu_full__57fe1694__gitc2c2860f__codebebd8b2d__20260715T233432076608Z,msl_ncam_nlb_552678040edr_f0642088ncam00354m1,test_msl,ALL,pixel_acc,1.0,0,0,124577
unet__scratch__resnet34__in_rover__seed1416__gpu_full__57fe1694__gitc2c2860f__codebebd8b2d__20260715T233432076608Z,msl_ncam_nlb_552678040edr_f0642088ncam00354m1,test_msl,ALL,boundary_f1,1.0,0,0,124577
unet__scratch__resnet34__in_rover__seed1416__gpu_full__57fe1694__gitc2c2860f__codebebd8b2d__20260715T233432076608Z,msl_ncam_nlb_552682049edr_f0642088ncam07753m1,test_msl,soil,iou,,0,0,203617
unet__scratch__resnet34__in_rover__seed1416__gpu_full__57fe1694__gitc2c2860f__codebebd8b2d__20260715T233432076608Z,msl_ncam_nlb_552682049edr_f0642088ncam07753m1,test_msl,bedrock,iou,,0,0,203617
unet__scratch__resnet34__in_rover__seed1416__gpu_full__57fe1694__gitc2c2860f__codebebd8b2d__20260715T233432076608Z,msl_ncam_nlb_552682049edr_f0642088ncam07753m1,test_msl,sand,iou,1.0,203617,203617,203617
unet__scratch__resnet34__in_rover__seed1416__gpu_full__57fe1694__gitc2c2860f__codebebd8b2d__20260715T233432076608Z,msl_ncam_nlb_552682049edr_f0642088ncam07753m1,test_msl,big_rock,iou,,0,0,203617
unet__scratch__resnet34__in_rover__seed1416__gpu_full__57fe1694__gitc2c2860f__codebebd8b2d__20260715T233432076608Z,msl_ncam_nlb_552682049edr_f0642088ncam07753m1,test_msl,ALL,pixel_acc,1.0,0,0,203617
unet__scratch__resnet34__in_rover__seed1416__gpu_full__57fe1694__gitc2c2860f__codebebd8b2d__20260715T233432076608Z,msl_ncam_nlb_552682049edr_f0642088ncam07753m1,test_msl,ALL,boundary_f1,1.0,0,0,203617
unet__scratch__resnet34__in_rover__seed1416__gpu_full__57fe1694__gitc2c2860f__codebebd8b2d__20260715T233432076608Z,msl_ncam_nlb_552682173edr_f0642088ncam07753m1,test_msl,soil,iou,,0,0,37725
unet__scratch__resnet34__in_rover__seed1416__gpu_full__57fe1694__gitc2c2860f__codebebd8b2d__20260715T233432076608Z,msl_ncam_nlb_552682173edr_f0642088ncam07753m1,test_msl,bedrock,iou,1.0,3020,3020,37725
unet__scratch__resnet34__in_rover__seed1416__gpu_full__57fe1694__gitc2c2860f__codebebd8b2d__20260715T233432076608Z,msl_ncam_nlb_552682173edr_f0642088ncam07753m1,test_msl,sand,iou,1.0,34705,34705,37725
unet__scratch__resnet34__in_rover__seed1416__gpu_full__57fe1694__gitc2c2860f__codebebd8b2d__20260715T233432076608Z,msl_ncam_nlb_552682173edr_f0642088ncam07753m1,test_msl,big_rock,iou,,0,0,37725
unet__scratch__resnet34__in_rover__seed1416__gpu_full__57fe1694__gitc2c2860f__codebebd8b2d__20260715T233432076608Z,msl_ncam_nlb_552682173edr_f0642088ncam07753m1,test_msl,ALL,pixel_acc,1.0,0,0,37725
unet__scratch__resnet34__in_rover__seed1416__gpu_full__57fe1694__gitc2c2860f__codebebd8b2d__20260715T233432076608Z,msl_ncam_nlb_552682173edr_f0642088ncam07753m1,test_msl,ALL,boundary_f1,1.0,0,0,37725
unet__scratch__resnet34__in_rover__seed1416__gpu_full__57fe1694__gitc2c2860f__codebebd8b2d__20260715T233432076608Z,msl_ncam_nlb_556418003edr_f0651174ncam00320m1,test_msl,soil,iou,,0,0,95260
unet__scratch__resnet34__in_rover__seed1416__gpu_full__57fe1694__gitc2c2860f__codebebd8b2d__20260715T233432076608Z,msl_ncam_nlb_556418003edr_f0651174ncam00320m1,test_msl,bedrock,iou,0.8398944591029024,7958,9475,95260
unet__scratch__resnet34__in_rover__seed1416__gpu_full__57fe1694__gitc2c2860f__codebebd8b2d__20260715T233432076608Z,msl_ncam_nlb_556418003edr_f0651174ncam00320m1,test_msl,sand,iou,0.9826235366887357,85785,87302,95260
unet__scratch__resnet34__in_rover__seed1416__gpu_full__57fe1694__gitc2c2860f__codebebd8b2d__20260715T233432076608Z,msl_ncam_nlb_556418003edr_f0651174ncam00320m1,test_msl,big_rock,iou,,0,0,95260
unet__scratch__resnet34__in_rover__seed1416__gpu_full__57fe1694__gitc2c2860f__codebebd8b2d__20260715T233432076608Z,msl_ncam_nlb_556418003edr_f0651174ncam00320m1,test_msl,ALL,pixel_acc,0.9840751627125761,0,0,95260
unet__scratch__resnet34__in_rover__seed1416__gpu_full__57fe1694__gitc2c2860f__codebebd8b2d__20260715T233432076608Z,msl_ncam_nlb_556418003edr_f0651174ncam00320m1,test_msl,ALL,boundary_f1,0.9081486785341117,0,0,95260
unet__scratch__resnet34__in_rover__seed1416__gpu_full__57fe1694__gitc2c2860f__codebebd8b2d__20260715T233432076608Z,msl_ncam_nlb_556756244edr_f0651642ncam00285m1,test_msl,soil,iou,,0,0,71198
unet__scratch__resnet34__in_rover__seed1416__gpu_full__57fe1694__gitc2c2860f__codebebd8b2d__20260715T233432076608Z,msl_ncam_nlb_556756244edr_f0651642ncam00285m1,test_msl,bedrock,iou,0.9765050009435743,10349,10598,71198
unet__scratch__resnet34__in_rover__seed1416__gpu_full__57fe1694__gitc2c2860f__codebebd8b2d__20260715T233432076608Z,msl_ncam_nlb_556756244edr_f0651642ncam00285m1,test_msl,sand,iou,0.9959079031701424,60600,60849,71198
unet__scratch__resnet34__in_rover__seed1416__gpu_full__57fe1694__gitc2c2860f__codebebd8b2d__20260715T233432076608Z,msl_ncam_nlb_556756244edr_f0651642ncam00285m1,test_msl,big_rock,iou,,0,0,71198
unet__scratch__resnet34__in_rover__seed1416__gpu_full__57fe1694__gitc2c2860f__codebebd8b2d__20260715T233432076608Z,msl_ncam_nlb_556756244edr_f0651642ncam00285m1,test_msl,ALL,pixel_acc,0.996502710750302,0,0,71198
unet__scratch__resnet34__in_rover__seed1416__gpu_full__57fe1694__gitc2c2860f__codebebd8b2d__20260715T233432076608Z,msl_ncam_nlb_556756244edr_f0651642ncam00285m1,test_msl,ALL,boundary_f1,0.9824220113293836,0,0,71198
unet__scratch__resnet34__in_rover__seed1416__gpu_full__57fe1694__gitc2c2860f__codebebd8b2d__20260715T233432076608Z,msl_ncam_nlb_556756308edr_f0651642ncam00285m1,test_msl,soil,iou,,0,0,120672
unet__scratch__resnet34__in_rover__seed1416__gpu_full__57fe1694__gitc2c2860f__codebebd8b2d__20260715T233432076608Z,msl_ncam_nlb_556756308edr_f0651642ncam00285m1,test_msl,bedrock,iou,0.6954580745341615,3583,5152,120672
unet__scratch__resnet34__in_rover__seed1416__gpu_full__57fe1694__gitc2c2860f__codebebd8b2d__20260715T233432076608Z,msl_ncam_nlb_556756308edr_f0651642ncam00285m1,test_msl,sand,iou,0.9954561760133923,99900,100356,120672
unet__scratch__resnet34__in_rover__seed1416__gpu_full__57fe1694__gitc2c2860f__codebebd8b2d__20260715T233432076608Z,msl_ncam_nlb_556756308edr_f0651642ncam00285m1,test_msl,big_rock,iou,0.8852630965561448,15192,17161,120672
unet__scratch__resnet34__in_rover__seed1416__gpu_full__57fe1694__gitc2c2860f__codebebd8b2d__20260715T233432076608Z,msl_ncam_nlb_556756308edr_f0651642ncam00285m1,test_msl,ALL,pixel_acc,0.9834510076902678,0,0,120672
unet__scratch__resnet34__in_rover__seed1416__gpu_full__57fe1694__gitc2c2860f__codebebd8b2d__20260715T233432076608Z,msl_ncam_nlb_556756308edr_f0651642ncam00285m1,test_msl,ALL,boundary_f1,0.8355828531113098,0,0,120672
unet__scratch__resnet34__in_rover__seed1416__gpu_full__57fe1694__gitc2c2860f__codebebd8b2d__20260715T233432076608Z,msl_ncam_nlb_556756606edr_f0651642ncam00312m1,test_msl,soil,iou,,0,0,172993
unet__scratch__resnet34__in_rover__seed1416__gpu_full__57fe1694__gitc2c2860f__codebebd8b2d__20260715T233432076608Z,msl_ncam_nlb_556756606edr_f0651642ncam00312m1,test_msl,bedrock,iou,1.0,14752,14752,172993
unet__scratch__resnet34__in_rover__seed1416__gpu_full__57fe1694__gitc2c2860f__codebebd8b2d__20260715T233432076608Z,msl_ncam_nlb_556756606edr_f0651642ncam00312m1,test_msl,sand,iou,1.0,158241,158241,172993
unet__scratch__resnet34__in_rover__seed1416__gpu_full__57fe1694__gitc2c2860f__codebebd8b2d__20260715T233432076608Z,msl_ncam_nlb_556756606edr_f0651642ncam00312m1,test_msl,big_rock,iou,,0,0,172993
unet__scratch__resnet34__in_rover__seed1416__gpu_full__57fe1694__gitc2c2860f__codebebd8b2d__20260715T233432076608Z,msl_ncam_nlb_556756606edr_f0651642ncam00312m1,test_msl,ALL,pixel_acc,1.0,0,0,172993
unet__scratch__resnet34__in_rover__seed1416__gpu_full__57fe1694__gitc2c2860f__codebebd8b2d__20260715T233432076608Z,msl_ncam_nlb_556756606edr_f0651642ncam00312m1,test_msl,ALL,boundary_f1,1.0,0,0,172993
unet__scratch__resnet34__in_rover__seed1416__gpu_full__57fe1694__gitc2c2860f__codebebd8b2d__20260715T233432076608Z,msl_ncam_nlb_556763962edr_f0651642ncam07753m1,test_msl,soil,iou,0.0,0,231,156742
unet__scratch__resnet34__in_rover__seed1416__gpu_full__57fe1694__gitc2c2860f__codebebd8b2d__20260715T233432076608Z,msl_ncam_nlb_556763962edr_f0651642ncam07753m1,test_msl,bedrock,iou,0.9569432204456755,7601,7943,156742
unet__scratch__resnet34__in_rover__seed1416__gpu_full__57fe1694__gitc2c2860f__codebebd8b2d__20260715T233432076608Z,msl_ncam_nlb_556763962edr_f0651642ncam07753m1,test_msl,sand,iou,0.9992545833053522,148799,148910,156742
unet__scratch__resnet34__in_rover__seed1416__gpu_full__57fe1694__gitc2c2860f__codebebd8b2d__20260715T233432076608Z,msl_ncam_nlb_556763962edr_f0651642ncam07753m1,test_msl,big_rock,iou,,0,0,156742
unet__scratch__resnet34__in_rover__seed1416__gpu_full__57fe1694__gitc2c2860f__codebebd8b2d__20260715T233432076608Z,msl_ncam_nlb_556763962edr_f0651642ncam07753m1,test_msl,ALL,pixel_acc,0.9978180704597364,0,0,156742
unet__scratch__resnet34__in_rover__seed1416__gpu_full__57fe1694__gitc2c2860f__codebebd8b2d__20260715T233432076608Z,msl_ncam_nlb_556763962edr_f0651642ncam07753m1,test_msl,ALL,boundary_f1,0.6209116333739296,0,0,156742
unet__scratch__resnet34__in_rover__seed1416__gpu_full__57fe1694__gitc2c2860f__codebebd8b2d__20260715T233432076608Z,msl_ncam_nlb_556764110edr_f0651642ncam07753m1,test_msl,soil,iou,,0,0,19514
unet__scratch__resnet34__in_rover__seed1416__gpu_full__57fe1694__gitc2c2860f__codebebd8b2d__20260715T233432076608Z,msl_ncam_nlb_556764110edr_f0651642ncam07753m1,test_msl,bedrock,iou,0.12459016393442623,76,610,19514
unet__scratch__resnet34__in_rover__seed1416__gpu_full__57fe1694__gitc2c2860f__codebebd8b2d__20260715T233432076608Z,msl_ncam_nlb_556764110edr_f0651642ncam07753m1,test_msl,sand,iou,0.9725280378639778,18904,19438,19514
unet__scratch__resnet34__in_rover__seed1416__gpu_full__57fe1694__gitc2c2860f__codebebd8b2d__20260715T233432076608Z,msl_ncam_nlb_556764110edr_f0651642ncam07753m1,test_msl,big_rock,iou,,0,0,19514
unet__scratch__resnet34__in_rover__seed1416__gpu_full__57fe1694__gitc2c2860f__codebebd8b2d__20260715T233432076608Z,msl_ncam_nlb_556764110edr_f0651642ncam07753m1,test_msl,ALL,pixel_acc,0.9726350312596085,0,0,19514
unet__scratch__resnet34__in_rover__seed1416__gpu_full__57fe1694__gitc2c2860f__codebebd8b2d__20260715T233432076608Z,msl_ncam_nlb_556764110edr_f0651642ncam07753m1,test_msl,ALL,boundary_f1,0.6843699066528375,0,0,19514
unet__scratch__resnet34__in_rover__seed1416__gpu_full__57fe1694__gitc2c2860f__codebebd8b2d__20260715T233432076608Z,msl_ncam_nlb_556764172edr_f0651642ncam07753m1,test_msl,soil,iou,,0,0,45242
unet__scratch__resnet34__in_rover__seed1416__gpu_full__57fe1694__gitc2c2860f__codebebd8b2d__20260715T233432076608Z,msl_ncam_nlb_556764172edr_f0651642ncam07753m1,test_msl,bedrock,iou,0.8832937648381857,7069,8003,45242
unet__scratch__resnet34__in_rover__seed1416__gpu_full__57fe1694__gitc2c2860f__codebebd8b2d__20260715T233432076608Z,msl_ncam_nlb_556764172edr_f0651642ncam07753m1,test_msl,sand,iou,0.9755324443978728,37239,38173,45242
unet__scratch__resnet34__in_rover__seed1416__gpu_full__57fe1694__gitc2c2860f__codebebd8b2d__20260715T233432076608Z,msl_ncam_nlb_556764172edr_f0651642ncam07753m1,test_msl,big_rock,iou,,0,0,45242
unet__scratch__resnet34__in_rover__seed1416__gpu_full__57fe1694__gitc2c2860f__codebebd8b2d__20260715T233432076608Z,msl_ncam_nlb_556764172edr_f0651642ncam07753m1,test_msl,ALL,pixel_acc,0.9793554661597631,0,0,45242
unet__scratch__resnet34__in_rover__seed1416__gpu_full__57fe1694__gitc2c2860f__codebebd8b2d__20260715T233432076608Z,msl_ncam_nlb_556764172edr_f0651642ncam07753m1,test_msl,ALL,boundary_f1,0.9388166398183727,0,0,45242
unet__scratch__resnet34__in_rover__seed1416__gpu_full__57fe1694__gitc2c2860f__codebebd8b2d__20260715T233432076608Z,msl_ncam_nlb_558363908edr_f0660000ncam00375m1,test_msl,soil,iou,,0,0,137927
unet__scratch__resnet34__in_rover__seed1416__gpu_full__57fe1694__gitc2c2860f__codebebd8b2d__20260715T233432076608Z,msl_ncam_nlb_558363908edr_f0660000ncam00375m1,test_msl,bedrock,iou,1.0,137927,137927,137927
unet__scratch__resnet34__in_rover__seed1416__gpu_full__57fe1694__gitc2c2860f__codebebd8b2d__20260715T233432076608Z,msl_ncam_nlb_558363908edr_f0660000ncam00375m1,test_msl,sand,iou,,0,0,137927
unet__scratch__resnet34__in_rover__seed1416__gpu_full__57fe1694__gitc2c2860f__codebebd8b2d__20260715T233432076608Z,msl_ncam_nlb_558363908edr_f0660000ncam00375m1,test_msl,big_rock,iou,,0,0,137927
unet__scratch__resnet34__in_rover__seed1416__gpu_full__57fe1694__gitc2c2860f__codebebd8b2d__20260715T233432076608Z,msl_ncam_nlb_558363908edr_f0660000ncam00375m1,test_msl,ALL,pixel_acc,1.0,0,0,137927
unet__scratch__resnet34__in_rover__seed1416__gpu_full__57fe1694__gitc2c2860f__codebebd8b2d__20260715T233432076608Z,msl_ncam_nlb_558363908edr_f0660000ncam00375m1,test_msl,ALL,boundary_f1,1.0,0,0,137927
unet__scratch__resnet34__in_rover__seed1416__gpu_full__57fe1694__gitc2c2860f__codebebd8b2d__20260715T233432076608Z,msl_ncam_nlb_558364034edr_f0660000ncam00252m1,test_msl,soil,iou,,0,0,216388
unet__scratch__resnet34__in_rover__seed1416__gpu_full__57fe1694__gitc2c2860f__codebebd8b2d__20260715T233432076608Z,msl_ncam_nlb_558364034edr_f0660000ncam00252m1,test_msl,bedrock,iou,1.0,216388,216388,216388
unet__scratch__resnet34__in_rover__seed1416__gpu_full__57fe1694__gitc2c2860f__codebebd8b2d__20260715T233432076608Z,msl_ncam_nlb_558364034edr_f0660000ncam00252m1,test_msl,sand,iou,,0,0,216388
unet__scratch__resnet34__in_rover__seed1416__gpu_full__57fe1694__gitc2c2860f__codebebd8b2d__20260715T233432076608Z,msl_ncam_nlb_558364034edr_f0660000ncam00252m1,test_msl,big_rock,iou,,0,0,216388
unet__scratch__resnet34__in_rover__seed1416__gpu_full__57fe1694__gitc2c2860f__codebebd8b2d__20260715T233432076608Z,msl_ncam_nlb_558364034edr_f0660000ncam00252m1,test_msl,ALL,pixel_acc,1.0,0,0,216388
unet__scratch__resnet34__in_rover__seed1416__gpu_full__57fe1694__gitc2c2860f__codebebd8b2d__20260715T233432076608Z,msl_ncam_nlb_558364034edr_f0660000ncam00252m1,test_msl,ALL,boundary_f1,1.0,0,0,216388
unet__scratch__resnet34__in_rover__seed1416__gpu_full__57fe1694__gitc2c2860f__codebebd8b2d__20260715T233432076608Z,msl_ncam_nlb_558364090edr_f0660000ncam00252m1,test_msl,soil,iou,,0,0,0
unet__scratch__resnet34__in_rover__seed1416__gpu_full__57fe1694__gitc2c2860f__codebebd8b2d__20260715T233432076608Z,msl_ncam_nlb_558364090edr_f0660000ncam00252m1,test_msl,bedrock,iou,,0,0,0
unet__scratch__resnet34__in_rover__seed1416__gpu_full__57fe1694__gitc2c2860f__codebebd8b2d__20260715T233432076608Z,msl_ncam_nlb_558364090edr_f0660000ncam00252m1,test_msl,sand,iou,,0,0,0
unet__scratch__resnet34__in_rover__seed1416__gpu_full__57fe1694__gitc2c2860f__codebebd8b2d__20260715T233432076608Z,msl_ncam_nlb_558364090edr_f0660000ncam00252m1,test_msl,big_rock,iou,,0,0,0
unet__scratch__resnet34__in_rover__seed1416__gpu_full__57fe1694__gitc2c2860f__codebebd8b2d__20260715T233432076608Z,msl_ncam_nlb_558364090edr_f0660000ncam00252m1,test_msl,ALL,pixel_acc,,0,0,0
unet__scratch__resnet34__in_rover__seed1416__gpu_full__57fe1694__gitc2c2860f__codebebd8b2d__20260715T233432076608Z,msl_ncam_nlb_558364090edr_f0660000ncam00252m1,test_msl,ALL,boundary_f1,,0,0,0
unet__scratch__resnet34__in_rover__seed1416__gpu_full__57fe1694__gitc2c2860f__codebebd8b2d__20260715T233432076608Z,msl_ncam_nlb_558364829edr_f0660000ncam00253m1,test_msl,soil,iou,0.0,0,1311,110732
unet__scratch__resnet34__in_rover__seed1416__gpu_full__57fe1694__gitc2c2860f__codebebd8b2d__20260715T233432076608Z,msl_ncam_nlb_558364829edr_f0660000ncam00253m1,test_msl,bedrock,iou,0.9881606039807824,109421,110732,110732
unet__scratch__resnet34__in_rover__seed1416__gpu_full__57fe1694__gitc2c2860f__codebebd8b2d__20260715T233432076608Z,msl_ncam_nlb_558364829edr_f0660000ncam00253m1,test_msl,sand,iou,,0,0,110732
unet__scratch__resnet34__in_rover__seed1416__gpu_full__57fe1694__gitc2c2860f__codebebd8b2d__20260715T233432076608Z,msl_ncam_nlb_558364829edr_f0660000ncam00253m1,test_msl,big_rock,iou,,0,0,110732
unet__scratch__resnet34__in_rover__seed1416__gpu_full__57fe1694__gitc2c2860f__codebebd8b2d__20260715T233432076608Z,msl_ncam_nlb_558364829edr_f0660000ncam00253m1,test_msl,ALL,pixel_acc,0.9881606039807824,0,0,110732
unet__scratch__resnet34__in_rover__seed1416__gpu_full__57fe1694__gitc2c2860f__codebebd8b2d__20260715T233432076608Z,msl_ncam_nlb_558364829edr_f0660000ncam00253m1,test_msl,ALL,boundary_f1,0.4826183917093008,0,0,110732
unet__scratch__resnet34__in_rover__seed1416__gpu_full__57fe1694__gitc2c2860f__codebebd8b2d__20260715T233432076608Z,msl_ncam_nlb_558364943edr_f0660000ncam00253m1,test_msl,soil,iou,,0,0,3436
unet__scratch__resnet34__in_rover__seed1416__gpu_full__57fe1694__gitc2c2860f__codebebd8b2d__20260715T233432076608Z,msl_ncam_nlb_558364943edr_f0660000ncam00253m1,test_msl,bedrock,iou,1.0,3436,3436,3436
unet__scratch__resnet34__in_rover__seed1416__gpu_full__57fe1694__gitc2c2860f__codebebd8b2d__20260715T233432076608Z,msl_ncam_nlb_558364943edr_f0660000ncam00253m1,test_msl,sand,iou,,0,0,3436
unet__scratch__resnet34__in_rover__seed1416__gpu_full__57fe1694__gitc2c2860f__codebebd8b2d__20260715T233432076608Z,msl_ncam_nlb_558364943edr_f0660000ncam00253m1,test_msl,big_rock,iou,,0,0,3436
unet__scratch__resnet34__in_rover__seed1416__gpu_full__57fe1694__gitc2c2860f__codebebd8b2d__20260715T233432076608Z,msl_ncam_nlb_558364943edr_f0660000ncam00253m1,test_msl,ALL,pixel_acc,1.0,0,0,3436
unet__scratch__resnet34__in_rover__seed1416__gpu_full__57fe1694__gitc2c2860f__codebebd8b2d__20260715T233432076608Z,msl_ncam_nlb_558364943edr_f0660000ncam00253m1,test_msl,ALL,boundary_f1,1.0,0,0,3436
unet__scratch__resnet34__in_rover__seed1416__gpu_full__57fe1694__gitc2c2860f__codebebd8b2d__20260715T233432076608Z,msl_ncam_nlb_558365006edr_f0660000ncam00253m1,test_msl,soil,iou,0.0,0,136,47526
unet__scratch__resnet34__in_rover__seed1416__gpu_full__57fe1694__gitc2c2860f__codebebd8b2d__20260715T233432076608Z,msl_ncam_nlb_558365006edr_f0660000ncam00253m1,test_msl,bedrock,iou,0.9971384084501115,47390,47526,47526
unet__scratch__resnet34__in_rover__seed1416__gpu_full__57fe1694__gitc2c2860f__codebebd8b2d__20260715T233432076608Z,msl_ncam_nlb_558365006edr_f0660000ncam00253m1,test_msl,sand,iou,,0,0,47526
unet__scratch__resnet34__in_rover__seed1416__gpu_full__57fe1694__gitc2c2860f__codebebd8b2d__20260715T233432076608Z,msl_ncam_nlb_558365006edr_f0660000ncam00253m1,test_msl,big_rock,iou,,0,0,47526
unet__scratch__resnet34__in_rover__seed1416__gpu_full__57fe1694__gitc2c2860f__codebebd8b2d__20260715T233432076608Z,msl_ncam_nlb_558365006edr_f0660000ncam00253m1,test_msl,ALL,pixel_acc,0.9971384084501115,0,0,47526
unet__scratch__resnet34__in_rover__seed1416__gpu_full__57fe1694__gitc2c2860f__codebebd8b2d__20260715T233432076608Z,msl_ncam_nlb_558365006edr_f0660000ncam00253m1,test_msl,ALL,boundary_f1,0.4961896697713802,0,0,47526
unet__scratch__resnet34__in_rover__seed1416__gpu_full__57fe1694__gitc2c2860f__codebebd8b2d__20260715T233432076608Z,msl_ncam_nlb_558365068edr_f0660000ncam00253m1,test_msl,soil,iou,,0,0,142185
unet__scratch__resnet34__in_rover__seed1416__gpu_full__57fe1694__gitc2c2860f__codebebd8b2d__20260715T233432076608Z,msl_ncam_nlb_558365068edr_f0660000ncam00253m1,test_msl,bedrock,iou,1.0,142185,142185,142185
unet__scratch__resnet34__in_rover__seed1416__gpu_full__57fe1694__gitc2c2860f__codebebd8b2d__20260715T233432076608Z,msl_ncam_nlb_558365068edr_f0660000ncam00253m1,test_msl,sand,iou,,0,0,142185
unet__scratch__resnet34__in_rover__seed1416__gpu_full__57fe1694__gitc2c2860f__codebebd8b2d__20260715T233432076608Z,msl_ncam_nlb_558365068edr_f0660000ncam00253m1,test_msl,big_rock,iou,,0,0,142185
unet__scratch__resnet34__in_rover__seed1416__gpu_full__57fe1694__gitc2c2860f__codebebd8b2d__20260715T233432076608Z,msl_ncam_nlb_558365068edr_f0660000ncam00253m1,test_msl,ALL,pixel_acc,1.0,0,0,142185
unet__scratch__resnet34__in_rover__seed1416__gpu_full__57fe1694__gitc2c2860f__codebebd8b2d__20260715T233432076608Z,msl_ncam_nlb_558365068edr_f0660000ncam00253m1,test_msl,ALL,boundary_f1,1.0,0,0,142185
unet__scratch__resnet34__in_rover__seed1416__gpu_full__57fe1694__gitc2c2860f__codebebd8b2d__20260715T233432076608Z,msl_ncam_nlb_560302217edr_f0660952ncam00320m1,test_msl,soil,iou,,0,0,41827
unet__scratch__resnet34__in_rover__seed1416__gpu_full__57fe1694__gitc2c2860f__codebebd8b2d__20260715T233432076608Z,msl_ncam_nlb_560302217edr_f0660952ncam00320m1,test_msl,bedrock,iou,1.0,41827,41827,41827
unet__scratch__resnet34__in_rover__seed1416__gpu_full__57fe1694__gitc2c2860f__codebebd8b2d__20260715T233432076608Z,msl_ncam_nlb_560302217edr_f0660952ncam00320m1,test_msl,sand,iou,,0,0,41827
unet__scratch__resnet34__in_rover__seed1416__gpu_full__57fe1694__gitc2c2860f__codebebd8b2d__20260715T233432076608Z,msl_ncam_nlb_560302217edr_f0660952ncam00320m1,test_msl,big_rock,iou,,0,0,41827
unet__scratch__resnet34__in_rover__seed1416__gpu_full__57fe1694__gitc2c2860f__codebebd8b2d__20260715T233432076608Z,msl_ncam_nlb_560302217edr_f0660952ncam00320m1,test_msl,ALL,pixel_acc,1.0,0,0,41827
unet__scratch__resnet34__in_rover__seed1416__gpu_full__57fe1694__gitc2c2860f__codebebd8b2d__20260715T233432076608Z,msl_ncam_nlb_560302217edr_f0660952ncam00320m1,test_msl,ALL,boundary_f1,1.0,0,0,41827
unet__scratch__resnet34__in_rover__seed1416__gpu_full__57fe1694__gitc2c2860f__codebebd8b2d__20260715T233432076608Z,msl_ncam_nlb_560310464edr_f0661030ncam00385m1,test_msl,soil,iou,,0,0,158565
unet__scratch__resnet34__in_rover__seed1416__gpu_full__57fe1694__gitc2c2860f__codebebd8b2d__20260715T233432076608Z,msl_ncam_nlb_560310464edr_f0661030ncam00385m1,test_msl,bedrock,iou,1.0,158565,158565,158565
unet__scratch__resnet34__in_rover__seed1416__gpu_full__57fe1694__gitc2c2860f__codebebd8b2d__20260715T233432076608Z,msl_ncam_nlb_560310464edr_f0661030ncam00385m1,test_msl,sand,iou,,0,0,158565
unet__scratch__resnet34__in_rover__seed1416__gpu_full__57fe1694__gitc2c2860f__codebebd8b2d__20260715T233432076608Z,msl_ncam_nlb_560310464edr_f0661030ncam00385m1,test_msl,big_rock,iou,,0,0,158565
unet__scratch__resnet34__in_rover__seed1416__gpu_full__57fe1694__gitc2c2860f__codebebd8b2d__20260715T233432076608Z,msl_ncam_nlb_560310464edr_f0661030ncam00385m1,test_msl,ALL,pixel_acc,1.0,0,0,158565
unet__scratch__resnet34__in_rover__seed1416__gpu_full__57fe1694__gitc2c2860f__codebebd8b2d__20260715T233432076608Z,msl_ncam_nlb_560310464edr_f0661030ncam00385m1,test_msl,ALL,boundary_f1,1.0,0,0,158565
unet__scratch__resnet34__in_rover__seed1416__gpu_full__57fe1694__gitc2c2860f__codebebd8b2d__20260715T233432076608Z,msl_ncam_nlb_560311677edr_f0661112ncam00353m1,test_msl,soil,iou,0.0,0,206,58722
unet__scratch__resnet34__in_rover__seed1416__gpu_full__57fe1694__gitc2c2860f__codebebd8b2d__20260715T233432076608Z,msl_ncam_nlb_560311677edr_f0661112ncam00353m1,test_msl,bedrock,iou,0.9964919450972378,58516,58722,58722
unet__scratch__resnet34__in_rover__seed1416__gpu_full__57fe1694__gitc2c2860f__codebebd8b2d__20260715T233432076608Z,msl_ncam_nlb_560311677edr_f0661112ncam00353m1,test_msl,sand,iou,,0,0,58722
unet__scratch__resnet34__in_rover__seed1416__gpu_full__57fe1694__gitc2c2860f__codebebd8b2d__20260715T233432076608Z,msl_ncam_nlb_560311677edr_f0661112ncam00353m1,test_msl,big_rock,iou,,0,0,58722
unet__scratch__resnet34__in_rover__seed1416__gpu_full__57fe1694__gitc2c2860f__codebebd8b2d__20260715T233432076608Z,msl_ncam_nlb_560311677edr_f0661112ncam00353m1,test_msl,ALL,pixel_acc,0.9964919450972378,0,0,58722
unet__scratch__resnet34__in_rover__seed1416__gpu_full__57fe1694__gitc2c2860f__codebebd8b2d__20260715T233432076608Z,msl_ncam_nlb_560311677edr_f0661112ncam00353m1,test_msl,ALL,boundary_f1,0.4872396597242593,0,0,58722
unet__scratch__resnet34__in_rover__seed1416__gpu_full__57fe1694__gitc2c2860f__codebebd8b2d__20260715T233432076608Z,msl_ncam_nlb_560311785edr_f0661112ncam00273m1,test_msl,soil,iou,,0,0,67364
unet__scratch__resnet34__in_rover__seed1416__gpu_full__57fe1694__gitc2c2860f__codebebd8b2d__20260715T233432076608Z,msl_ncam_nlb_560311785edr_f0661112ncam00273m1,test_msl,bedrock,iou,1.0,67364,67364,67364
unet__scratch__resnet34__in_rover__seed1416__gpu_full__57fe1694__gitc2c2860f__codebebd8b2d__20260715T233432076608Z,msl_ncam_nlb_560311785edr_f0661112ncam00273m1,test_msl,sand,iou,,0,0,67364
unet__scratch__resnet34__in_rover__seed1416__gpu_full__57fe1694__gitc2c2860f__codebebd8b2d__20260715T233432076608Z,msl_ncam_nlb_560311785edr_f0661112ncam00273m1,test_msl,big_rock,iou,,0,0,67364
unet__scratch__resnet34__in_rover__seed1416__gpu_full__57fe1694__gitc2c2860f__codebebd8b2d__20260715T233432076608Z,msl_ncam_nlb_560311785edr_f0661112ncam00273m1,test_msl,ALL,pixel_acc,1.0,0,0,67364
unet__scratch__resnet34__in_rover__seed1416__gpu_full__57fe1694__gitc2c2860f__codebebd8b2d__20260715T233432076608Z,msl_ncam_nlb_560311785edr_f0661112ncam00273m1,test_msl,ALL,boundary_f1,1.0,0,0,67364
unet__scratch__resnet34__in_rover__seed1416__gpu_full__57fe1694__gitc2c2860f__codebebd8b2d__20260715T233432076608Z,msl_ncam_nlb_560311842edr_f0661112ncam00273m1,test_msl,soil,iou,0.0,0,148,94786
unet__scratch__resnet34__in_rover__seed1416__gpu_full__57fe1694__gitc2c2860f__codebebd8b2d__20260715T233432076608Z,msl_ncam_nlb_560311842edr_f0661112ncam00273m1,test_msl,bedrock,iou,0.9984385879771275,94638,94786,94786
unet__scratch__resnet34__in_rover__seed1416__gpu_full__57fe1694__gitc2c2860f__codebebd8b2d__20260715T233432076608Z,msl_ncam_nlb_560311842edr_f0661112ncam00273m1,test_msl,sand,iou,,0,0,94786
unet__scratch__resnet34__in_rover__seed1416__gpu_full__57fe1694__gitc2c2860f__codebebd8b2d__20260715T233432076608Z,msl_ncam_nlb_560311842edr_f0661112ncam00273m1,test_msl,big_rock,iou,,0,0,94786
unet__scratch__resnet34__in_rover__seed1416__gpu_full__57fe1694__gitc2c2860f__codebebd8b2d__20260715T233432076608Z,msl_ncam_nlb_560311842edr_f0661112ncam00273m1,test_msl,ALL,pixel_acc,0.9984385879771275,0,0,94786
unet__scratch__resnet34__in_rover__seed1416__gpu_full__57fe1694__gitc2c2860f__codebebd8b2d__20260715T233432076608Z,msl_ncam_nlb_560311842edr_f0661112ncam00273m1,test_msl,ALL,boundary_f1,0.4968412219360512,0,0,94786
unet__scratch__resnet34__in_rover__seed1416__gpu_full__57fe1694__gitc2c2860f__codebebd8b2d__20260715T233432076608Z,msl_ncam_nlb_560311891edr_f0661112ncam00273m1,test_msl,soil,iou,,0,0,80347
unet__scratch__resnet34__in_rover__seed1416__gpu_full__57fe1694__gitc2c2860f__codebebd8b2d__20260715T233432076608Z,msl_ncam_nlb_560311891edr_f0661112ncam00273m1,test_msl,bedrock,iou,1.0,80347,80347,80347
unet__scratch__resnet34__in_rover__seed1416__gpu_full__57fe1694__gitc2c2860f__codebebd8b2d__20260715T233432076608Z,msl_ncam_nlb_560311891edr_f0661112ncam00273m1,test_msl,sand,iou,,0,0,80347
unet__scratch__resnet34__in_rover__seed1416__gpu_full__57fe1694__gitc2c2860f__codebebd8b2d__20260715T233432076608Z,msl_ncam_nlb_560311891edr_f0661112ncam00273m1,test_msl,big_rock,iou,,0,0,80347
unet__scratch__resnet34__in_rover__seed1416__gpu_full__57fe1694__gitc2c2860f__codebebd8b2d__20260715T233432076608Z,msl_ncam_nlb_560311891edr_f0661112ncam00273m1,test_msl,ALL,pixel_acc,1.0,0,0,80347
unet__scratch__resnet34__in_rover__seed1416__gpu_full__57fe1694__gitc2c2860f__codebebd8b2d__20260715T233432076608Z,msl_ncam_nlb_560311891edr_f0661112ncam00273m1,test_msl,ALL,boundary_f1,1.0,0,0,80347
unet__scratch__resnet34__in_rover__seed1416__gpu_full__57fe1694__gitc2c2860f__codebebd8b2d__20260715T233432076608Z,msl_ncam_nlb_560312189edr_f0661112ncam00354m1,test_msl,soil,iou,,0,0,115548
unet__scratch__resnet34__in_rover__seed1416__gpu_full__57fe1694__gitc2c2860f__codebebd8b2d__20260715T233432076608Z,msl_ncam_nlb_560312189edr_f0661112ncam00354m1,test_msl,bedrock,iou,1.0,115548,115548,115548
unet__scratch__resnet34__in_rover__seed1416__gpu_full__57fe1694__gitc2c2860f__codebebd8b2d__20260715T233432076608Z,msl_ncam_nlb_560312189edr_f0661112ncam00354m1,test_msl,sand,iou,,0,0,115548
unet__scratch__resnet34__in_rover__seed1416__gpu_full__57fe1694__gitc2c2860f__codebebd8b2d__20260715T233432076608Z,msl_ncam_nlb_560312189edr_f0661112ncam00354m1,test_msl,big_rock,iou,,0,0,115548
unet__scratch__resnet34__in_rover__seed1416__gpu_full__57fe1694__gitc2c2860f__codebebd8b2d__20260715T233432076608Z,msl_ncam_nlb_560312189edr_f0661112ncam00354m1,test_msl,ALL,pixel_acc,1.0,0,0,115548
unet__scratch__resnet34__in_rover__seed1416__gpu_full__57fe1694__gitc2c2860f__codebebd8b2d__20260715T233432076608Z,msl_ncam_nlb_560312189edr_f0661112ncam00354m1,test_msl,ALL,boundary_f1,1.0,0,0,115548
unet__scratch__resnet34__in_rover__seed1416__gpu_full__57fe1694__gitc2c2860f__codebebd8b2d__20260715T233432076608Z,msl_ncam_nlb_560316500edr_f0661112ncam00274m1,test_msl,soil,iou,,0,0,167888
unet__scratch__resnet34__in_rover__seed1416__gpu_full__57fe1694__gitc2c2860f__codebebd8b2d__20260715T233432076608Z,msl_ncam_nlb_560316500edr_f0661112ncam00274m1,test_msl,bedrock,iou,1.0,167888,167888,167888
unet__scratch__resnet34__in_rover__seed1416__gpu_full__57fe1694__gitc2c2860f__codebebd8b2d__20260715T233432076608Z,msl_ncam_nlb_560316500edr_f0661112ncam00274m1,test_msl,sand,iou,,0,0,167888
unet__scratch__resnet34__in_rover__seed1416__gpu_full__57fe1694__gitc2c2860f__codebebd8b2d__20260715T233432076608Z,msl_ncam_nlb_560316500edr_f0661112ncam00274m1,test_msl,big_rock,iou,,0,0,167888
unet__scratch__resnet34__in_rover__seed1416__gpu_full__57fe1694__gitc2c2860f__codebebd8b2d__20260715T233432076608Z,msl_ncam_nlb_560316500edr_f0661112ncam00274m1,test_msl,ALL,pixel_acc,1.0,0,0,167888
unet__scratch__resnet34__in_rover__seed1416__gpu_full__57fe1694__gitc2c2860f__codebebd8b2d__20260715T233432076608Z,msl_ncam_nlb_560316500edr_f0661112ncam00274m1,test_msl,ALL,boundary_f1,1.0,0,0,167888
unet__scratch__resnet34__in_rover__seed1416__gpu_full__57fe1694__gitc2c2860f__codebebd8b2d__20260715T233432076608Z,msl_ncam_nlb_560316562edr_f0661112ncam00274m1,test_msl,soil,iou,,0,0,130575
unet__scratch__resnet34__in_rover__seed1416__gpu_full__57fe1694__gitc2c2860f__codebebd8b2d__20260715T233432076608Z,msl_ncam_nlb_560316562edr_f0661112ncam00274m1,test_msl,bedrock,iou,1.0,130575,130575,130575
unet__scratch__resnet34__in_rover__seed1416__gpu_full__57fe1694__gitc2c2860f__codebebd8b2d__20260715T233432076608Z,msl_ncam_nlb_560316562edr_f0661112ncam00274m1,test_msl,sand,iou,,0,0,130575
unet__scratch__resnet34__in_rover__seed1416__gpu_full__57fe1694__gitc2c2860f__codebebd8b2d__20260715T233432076608Z,msl_ncam_nlb_560316562edr_f0661112ncam00274m1,test_msl,big_rock,iou,,0,0,130575
unet__scratch__resnet34__in_rover__seed1416__gpu_full__57fe1694__gitc2c2860f__codebebd8b2d__20260715T233432076608Z,msl_ncam_nlb_560316562edr_f0661112ncam00274m1,test_msl,ALL,pixel_acc,1.0,0,0,130575
unet__scratch__resnet34__in_rover__seed1416__gpu_full__57fe1694__gitc2c2860f__codebebd8b2d__20260715T233432076608Z,msl_ncam_nlb_560316562edr_f0661112ncam00274m1,test_msl,ALL,boundary_f1,1.0,0,0,130575
unet__scratch__resnet34__in_rover__seed1416__gpu_full__57fe1694__gitc2c2860f__codebebd8b2d__20260715T233432076608Z,msl_ncam_nlb_560316739edr_f0661112ncam00274m1,test_msl,soil,iou,,0,0,49617
unet__scratch__resnet34__in_rover__seed1416__gpu_full__57fe1694__gitc2c2860f__codebebd8b2d__20260715T233432076608Z,msl_ncam_nlb_560316739edr_f0661112ncam00274m1,test_msl,bedrock,iou,1.0,49617,49617,49617
unet__scratch__resnet34__in_rover__seed1416__gpu_full__57fe1694__gitc2c2860f__codebebd8b2d__20260715T233432076608Z,msl_ncam_nlb_560316739edr_f0661112ncam00274m1,test_msl,sand,iou,,0,0,49617
unet__scratch__resnet34__in_rover__seed1416__gpu_full__57fe1694__gitc2c2860f__codebebd8b2d__20260715T233432076608Z,msl_ncam_nlb_560316739edr_f0661112ncam00274m1,test_msl,big_rock,iou,,0,0,49617
unet__scratch__resnet34__in_rover__seed1416__gpu_full__57fe1694__gitc2c2860f__codebebd8b2d__20260715T233432076608Z,msl_ncam_nlb_560316739edr_f0661112ncam00274m1,test_msl,ALL,pixel_acc,1.0,0,0,49617
unet__scratch__resnet34__in_rover__seed1416__gpu_full__57fe1694__gitc2c2860f__codebebd8b2d__20260715T233432076608Z,msl_ncam_nlb_560316739edr_f0661112ncam00274m1,test_msl,ALL,boundary_f1,1.0,0,0,49617
unet__scratch__resnet34__in_rover__seed1416__gpu_full__57fe1694__gitc2c2860f__codebebd8b2d__20260715T233432076608Z,msl_ncam_nlb_565016252edr_f0670180ncam00385m1,test_msl,soil,iou,1.0,119731,119731,119731
unet__scratch__resnet34__in_rover__seed1416__gpu_full__57fe1694__gitc2c2860f__codebebd8b2d__20260715T233432076608Z,msl_ncam_nlb_565016252edr_f0670180ncam00385m1,test_msl,bedrock,iou,,0,0,119731
unet__scratch__resnet34__in_rover__seed1416__gpu_full__57fe1694__gitc2c2860f__codebebd8b2d__20260715T233432076608Z,msl_ncam_nlb_565016252edr_f0670180ncam00385m1,test_msl,sand,iou,,0,0,119731
unet__scratch__resnet34__in_rover__seed1416__gpu_full__57fe1694__gitc2c2860f__codebebd8b2d__20260715T233432076608Z,msl_ncam_nlb_565016252edr_f0670180ncam00385m1,test_msl,big_rock,iou,,0,0,119731
unet__scratch__resnet34__in_rover__seed1416__gpu_full__57fe1694__gitc2c2860f__codebebd8b2d__20260715T233432076608Z,msl_ncam_nlb_565016252edr_f0670180ncam00385m1,test_msl,ALL,pixel_acc,1.0,0,0,119731
unet__scratch__resnet34__in_rover__seed1416__gpu_full__57fe1694__gitc2c2860f__codebebd8b2d__20260715T233432076608Z,msl_ncam_nlb_565016252edr_f0670180ncam00385m1,test_msl,ALL,boundary_f1,1.0,0,0,119731
unet__scratch__resnet34__in_rover__seed1416__gpu_full__57fe1694__gitc2c2860f__codebebd8b2d__20260715T233432076608Z,msl_ncam_nlb_565022734edr_f0670216ncam00375m1,test_msl,soil,iou,0.9569043591189488,55999,58521,61281
unet__scratch__resnet34__in_rover__seed1416__gpu_full__57fe1694__gitc2c2860f__codebebd8b2d__20260715T233432076608Z,msl_ncam_nlb_565022734edr_f0670216ncam00375m1,test_msl,bedrock,iou,0.5225293449450965,2760,5282,61281
unet__scratch__resnet34__in_rover__seed1416__gpu_full__57fe1694__gitc2c2860f__codebebd8b2d__20260715T233432076608Z,msl_ncam_nlb_565022734edr_f0670216ncam00375m1,test_msl,sand,iou,,0,0,61281
unet__scratch__resnet34__in_rover__seed1416__gpu_full__57fe1694__gitc2c2860f__codebebd8b2d__20260715T233432076608Z,msl_ncam_nlb_565022734edr_f0670216ncam00375m1,test_msl,big_rock,iou,,0,0,61281
unet__scratch__resnet34__in_rover__seed1416__gpu_full__57fe1694__gitc2c2860f__codebebd8b2d__20260715T233432076608Z,msl_ncam_nlb_565022734edr_f0670216ncam00375m1,test_msl,ALL,pixel_acc,0.9588453191038006,0,0,61281
unet__scratch__resnet34__in_rover__seed1416__gpu_full__57fe1694__gitc2c2860f__codebebd8b2d__20260715T233432076608Z,msl_ncam_nlb_565022734edr_f0670216ncam00375m1,test_msl,ALL,boundary_f1,0.8004140675458953,0,0,61281
unet__scratch__resnet34__in_rover__seed1416__gpu_full__57fe1694__gitc2c2860f__codebebd8b2d__20260715T233432076608Z,msl_ncam_nlb_565022803edr_f0670216ncam00252m1,test_msl,soil,iou,0.91195359436503,48422,53097,61883
unet__scratch__resnet34__in_rover__seed1416__gpu_full__57fe1694__gitc2c2860f__codebebd8b2d__20260715T233432076608Z,msl_ncam_nlb_565022803edr_f0670216ncam00252m1,test_msl,bedrock,iou,,0,0,61883
unet__scratch__resnet34__in_rover__seed1416__gpu_full__57fe1694__gitc2c2860f__codebebd8b2d__20260715T233432076608Z,msl_ncam_nlb_565022803edr_f0670216ncam00252m1,test_msl,sand,iou,0.652700393730035,8786,13461,61883
unet__scratch__resnet34__in_rover__seed1416__gpu_full__57fe1694__gitc2c2860f__codebebd8b2d__20260715T233432076608Z,msl_ncam_nlb_565022803edr_f0670216ncam00252m1,test_msl,big_rock,iou,,0,0,61883
unet__scratch__resnet34__in_rover__seed1416__gpu_full__57fe1694__gitc2c2860f__codebebd8b2d__20260715T233432076608Z,msl_ncam_nlb_565022803edr_f0670216ncam00252m1,test_msl,ALL,pixel_acc,0.9244542119806732,0,0,61883
unet__scratch__resnet34__in_rover__seed1416__gpu_full__57fe1694__gitc2c2860f__codebebd8b2d__20260715T233432076608Z,msl_ncam_nlb_565022803edr_f0670216ncam00252m1,test_msl,ALL,boundary_f1,0.6792213734942321,0,0,61883
unet__scratch__resnet34__in_rover__seed1416__gpu_full__57fe1694__gitc2c2860f__codebebd8b2d__20260715T233432076608Z,msl_ncam_nlb_565022931edr_f0670216ncam00252m1,test_msl,soil,iou,1.0,213200,213200,213200
unet__scratch__resnet34__in_rover__seed1416__gpu_full__57fe1694__gitc2c2860f__codebebd8b2d__20260715T233432076608Z,msl_ncam_nlb_565022931edr_f0670216ncam00252m1,test_msl,bedrock,iou,,0,0,213200
unet__scratch__resnet34__in_rover__seed1416__gpu_full__57fe1694__gitc2c2860f__codebebd8b2d__20260715T233432076608Z,msl_ncam_nlb_565022931edr_f0670216ncam00252m1,test_msl,sand,iou,,0,0,213200
unet__scratch__resnet34__in_rover__seed1416__gpu_full__57fe1694__gitc2c2860f__codebebd8b2d__20260715T233432076608Z,msl_ncam_nlb_565022931edr_f0670216ncam00252m1,test_msl,big_rock,iou,,0,0,213200
unet__scratch__resnet34__in_rover__seed1416__gpu_full__57fe1694__gitc2c2860f__codebebd8b2d__20260715T233432076608Z,msl_ncam_nlb_565022931edr_f0670216ncam00252m1,test_msl,ALL,pixel_acc,1.0,0,0,213200
unet__scratch__resnet34__in_rover__seed1416__gpu_full__57fe1694__gitc2c2860f__codebebd8b2d__20260715T233432076608Z,msl_ncam_nlb_565022931edr_f0670216ncam00252m1,test_msl,ALL,boundary_f1,1.0,0,0,213200
unet__scratch__resnet34__in_rover__seed1416__gpu_full__57fe1694__gitc2c2860f__codebebd8b2d__20260715T233432076608Z,msl_ncam_nlb_565023199edr_f0670216ncam00312m1,test_msl,soil,iou,1.0,135942,135942,135942
unet__scratch__resnet34__in_rover__seed1416__gpu_full__57fe1694__gitc2c2860f__codebebd8b2d__20260715T233432076608Z,msl_ncam_nlb_565023199edr_f0670216ncam00312m1,test_msl,bedrock,iou,,0,0,135942
unet__scratch__resnet34__in_rover__seed1416__gpu_full__57fe1694__gitc2c2860f__codebebd8b2d__20260715T233432076608Z,msl_ncam_nlb_565023199edr_f0670216ncam00312m1,test_msl,sand,iou,,0,0,135942
unet__scratch__resnet34__in_rover__seed1416__gpu_full__57fe1694__gitc2c2860f__codebebd8b2d__20260715T233432076608Z,msl_ncam_nlb_565023199edr_f0670216ncam00312m1,test_msl,big_rock,iou,,0,0,135942
unet__scratch__resnet34__in_rover__seed1416__gpu_full__57fe1694__gitc2c2860f__codebebd8b2d__20260715T233432076608Z,msl_ncam_nlb_565023199edr_f0670216ncam00312m1,test_msl,ALL,pixel_acc,1.0,0,0,135942
unet__scratch__resnet34__in_rover__seed1416__gpu_full__57fe1694__gitc2c2860f__codebebd8b2d__20260715T233432076608Z,msl_ncam_nlb_565023199edr_f0670216ncam00312m1,test_msl,ALL,boundary_f1,1.0,0,0,135942
unet__scratch__resnet34__in_rover__seed1416__gpu_full__57fe1694__gitc2c2860f__codebebd8b2d__20260715T233432076608Z,msl_ncam_nlb_565023322edr_f0670216ncam00253m1,test_msl,soil,iou,1.0,197483,197483,197483
unet__scratch__resnet34__in_rover__seed1416__gpu_full__57fe1694__gitc2c2860f__codebebd8b2d__20260715T233432076608Z,msl_ncam_nlb_565023322edr_f0670216ncam00253m1,test_msl,bedrock,iou,,0,0,197483
unet__scratch__resnet34__in_rover__seed1416__gpu_full__57fe1694__gitc2c2860f__codebebd8b2d__20260715T233432076608Z,msl_ncam_nlb_565023322edr_f0670216ncam00253m1,test_msl,sand,iou,,0,0,197483
unet__scratch__resnet34__in_rover__seed1416__gpu_full__57fe1694__gitc2c2860f__codebebd8b2d__20260715T233432076608Z,msl_ncam_nlb_565023322edr_f0670216ncam00253m1,test_msl,big_rock,iou,,0,0,197483
unet__scratch__resnet34__in_rover__seed1416__gpu_full__57fe1694__gitc2c2860f__codebebd8b2d__20260715T233432076608Z,msl_ncam_nlb_565023322edr_f0670216ncam00253m1,test_msl,ALL,pixel_acc,1.0,0,0,197483
unet__scratch__resnet34__in_rover__seed1416__gpu_full__57fe1694__gitc2c2860f__codebebd8b2d__20260715T233432076608Z,msl_ncam_nlb_565023322edr_f0670216ncam00253m1,test_msl,ALL,boundary_f1,1.0,0,0,197483
unet__scratch__resnet34__in_rover__seed1416__gpu_full__57fe1694__gitc2c2860f__codebebd8b2d__20260715T233432076608Z,msl_ncam_nlb_565023592edr_f0670216ncam00253m1,test_msl,soil,iou,1.0,71215,71215,71215
unet__scratch__resnet34__in_rover__seed1416__gpu_full__57fe1694__gitc2c2860f__codebebd8b2d__20260715T233432076608Z,msl_ncam_nlb_565023592edr_f0670216ncam00253m1,test_msl,bedrock,iou,,0,0,71215
unet__scratch__resnet34__in_rover__seed1416__gpu_full__57fe1694__gitc2c2860f__codebebd8b2d__20260715T233432076608Z,msl_ncam_nlb_565023592edr_f0670216ncam00253m1,test_msl,sand,iou,,0,0,71215
unet__scratch__resnet34__in_rover__seed1416__gpu_full__57fe1694__gitc2c2860f__codebebd8b2d__20260715T233432076608Z,msl_ncam_nlb_565023592edr_f0670216ncam00253m1,test_msl,big_rock,iou,,0,0,71215
unet__scratch__resnet34__in_rover__seed1416__gpu_full__57fe1694__gitc2c2860f__codebebd8b2d__20260715T233432076608Z,msl_ncam_nlb_565023592edr_f0670216ncam00253m1,test_msl,ALL,pixel_acc,1.0,0,0,71215
unet__scratch__resnet34__in_rover__seed1416__gpu_full__57fe1694__gitc2c2860f__codebebd8b2d__20260715T233432076608Z,msl_ncam_nlb_565023592edr_f0670216ncam00253m1,test_msl,ALL,boundary_f1,1.0,0,0,71215
unet__scratch__resnet34__in_rover__seed1416__gpu_full__57fe1694__gitc2c2860f__codebebd8b2d__20260715T233432076608Z,msl_ncam_nlb_565365464edr_f0670550ncam00385m1,test_msl,soil,iou,0.9078484941349834,139234,153367,153367
unet__scratch__resnet34__in_rover__seed1416__gpu_full__57fe1694__gitc2c2860f__codebebd8b2d__20260715T233432076608Z,msl_ncam_nlb_565365464edr_f0670550ncam00385m1,test_msl,bedrock,iou,0.0,0,14133,153367
unet__scratch__resnet34__in_rover__seed1416__gpu_full__57fe1694__gitc2c2860f__codebebd8b2d__20260715T233432076608Z,msl_ncam_nlb_565365464edr_f0670550ncam00385m1,test_msl,sand,iou,,0,0,153367
unet__scratch__resnet34__in_rover__seed1416__gpu_full__57fe1694__gitc2c2860f__codebebd8b2d__20260715T233432076608Z,msl_ncam_nlb_565365464edr_f0670550ncam00385m1,test_msl,big_rock,iou,,0,0,153367
unet__scratch__resnet34__in_rover__seed1416__gpu_full__57fe1694__gitc2c2860f__codebebd8b2d__20260715T233432076608Z,msl_ncam_nlb_565365464edr_f0670550ncam00385m1,test_msl,ALL,pixel_acc,0.9078484941349834,0,0,153367
unet__scratch__resnet34__in_rover__seed1416__gpu_full__57fe1694__gitc2c2860f__codebebd8b2d__20260715T233432076608Z,msl_ncam_nlb_565365464edr_f0670550ncam00385m1,test_msl,ALL,boundary_f1,0.43550394027374534,0,0,153367
unet__scratch__resnet34__in_rover__seed1416__gpu_full__57fe1694__gitc2c2860f__codebebd8b2d__20260715T233432076608Z,msl_ncam_nlb_565366137edr_f0670604ncam00257m1,test_msl,soil,iou,0.9220079537780446,61438,66635,66635
unet__scratch__resnet34__in_rover__seed1416__gpu_full__57fe1694__gitc2c2860f__codebebd8b2d__20260715T233432076608Z,msl_ncam_nlb_565366137edr_f0670604ncam00257m1,test_msl,bedrock,iou,0.0,0,5197,66635
unet__scratch__resnet34__in_rover__seed1416__gpu_full__57fe1694__gitc2c2860f__codebebd8b2d__20260715T233432076608Z,msl_ncam_nlb_565366137edr_f0670604ncam00257m1,test_msl,sand,iou,,0,0,66635
unet__scratch__resnet34__in_rover__seed1416__gpu_full__57fe1694__gitc2c2860f__codebebd8b2d__20260715T233432076608Z,msl_ncam_nlb_565366137edr_f0670604ncam00257m1,test_msl,big_rock,iou,,0,0,66635
unet__scratch__resnet34__in_rover__seed1416__gpu_full__57fe1694__gitc2c2860f__codebebd8b2d__20260715T233432076608Z,msl_ncam_nlb_565366137edr_f0670604ncam00257m1,test_msl,ALL,pixel_acc,0.9220079537780446,0,0,66635
unet__scratch__resnet34__in_rover__seed1416__gpu_full__57fe1694__gitc2c2860f__codebebd8b2d__20260715T233432076608Z,msl_ncam_nlb_565366137edr_f0670604ncam00257m1,test_msl,ALL,boundary_f1,0.42423349056603776,0,0,66635
unet__scratch__resnet34__in_rover__seed1416__gpu_full__57fe1694__gitc2c2860f__codebebd8b2d__20260715T233432076608Z,msl_ncam_nlb_565367106edr_f0670650ncam00353m1,test_msl,soil,iou,0.5112042180585632,10859,21242,22563
unet__scratch__resnet34__in_rover__seed1416__gpu_full__57fe1694__gitc2c2860f__codebebd8b2d__20260715T233432076608Z,msl_ncam_nlb_565367106edr_f0670650ncam00353m1,test_msl,bedrock,iou,0.1128673957621326,1321,11704,22563
unet__scratch__resnet34__in_rover__seed1416__gpu_full__57fe1694__gitc2c2860f__codebebd8b2d__20260715T233432076608Z,msl_ncam_nlb_565367106edr_f0670650ncam00353m1,test_msl,sand,iou,,0,0,22563
unet__scratch__resnet34__in_rover__seed1416__gpu_full__57fe1694__gitc2c2860f__codebebd8b2d__20260715T233432076608Z,msl_ncam_nlb_565367106edr_f0670650ncam00353m1,test_msl,big_rock,iou,,0,0,22563
unet__scratch__resnet34__in_rover__seed1416__gpu_full__57fe1694__gitc2c2860f__codebebd8b2d__20260715T233432076608Z,msl_ncam_nlb_565367106edr_f0670650ncam00353m1,test_msl,ALL,pixel_acc,0.5398218322031645,0,0,22563
unet__scratch__resnet34__in_rover__seed1416__gpu_full__57fe1694__gitc2c2860f__codebebd8b2d__20260715T233432076608Z,msl_ncam_nlb_565367106edr_f0670650ncam00353m1,test_msl,ALL,boundary_f1,0.47993119101366105,0,0,22563
unet__scratch__resnet34__in_rover__seed1416__gpu_full__57fe1694__gitc2c2860f__codebebd8b2d__20260715T233432076608Z,msl_ncam_nlb_565373114edr_f0670650ncam12753m1,test_msl,soil,iou,1.0,145604,145604,145604
unet__scratch__resnet34__in_rover__seed1416__gpu_full__57fe1694__gitc2c2860f__codebebd8b2d__20260715T233432076608Z,msl_ncam_nlb_565373114edr_f0670650ncam12753m1,test_msl,bedrock,iou,,0,0,145604
unet__scratch__resnet34__in_rover__seed1416__gpu_full__57fe1694__gitc2c2860f__codebebd8b2d__20260715T233432076608Z,msl_ncam_nlb_565373114edr_f0670650ncam12753m1,test_msl,sand,iou,,0,0,145604
unet__scratch__resnet34__in_rover__seed1416__gpu_full__57fe1694__gitc2c2860f__codebebd8b2d__20260715T233432076608Z,msl_ncam_nlb_565373114edr_f0670650ncam12753m1,test_msl,big_rock,iou,,0,0,145604
unet__scratch__resnet34__in_rover__seed1416__gpu_full__57fe1694__gitc2c2860f__codebebd8b2d__20260715T233432076608Z,msl_ncam_nlb_565373114edr_f0670650ncam12753m1,test_msl,ALL,pixel_acc,1.0,0,0,145604
unet__scratch__resnet34__in_rover__seed1416__gpu_full__57fe1694__gitc2c2860f__codebebd8b2d__20260715T233432076608Z,msl_ncam_nlb_565373114edr_f0670650ncam12753m1,test_msl,ALL,boundary_f1,1.0,0,0,145604
unet__scratch__resnet34__in_rover__seed1416__gpu_full__57fe1694__gitc2c2860f__codebebd8b2d__20260715T233432076608Z,msl_ncam_nlb_565373298edr_f0670650ncam12753m1,test_msl,soil,iou,0.9491552652012102,35450,37349,37349
unet__scratch__resnet34__in_rover__seed1416__gpu_full__57fe1694__gitc2c2860f__codebebd8b2d__20260715T233432076608Z,msl_ncam_nlb_565373298edr_f0670650ncam12753m1,test_msl,bedrock,iou,0.0,0,1899,37349
unet__scratch__resnet34__in_rover__seed1416__gpu_full__57fe1694__gitc2c2860f__codebebd8b2d__20260715T233432076608Z,msl_ncam_nlb_565373298edr_f0670650ncam12753m1,test_msl,sand,iou,,0,0,37349
unet__scratch__resnet34__in_rover__seed1416__gpu_full__57fe1694__gitc2c2860f__codebebd8b2d__20260715T233432076608Z,msl_ncam_nlb_565373298edr_f0670650ncam12753m1,test_msl,big_rock,iou,,0,0,37349
unet__scratch__resnet34__in_rover__seed1416__gpu_full__57fe1694__gitc2c2860f__codebebd8b2d__20260715T233432076608Z,msl_ncam_nlb_565373298edr_f0670650ncam12753m1,test_msl,ALL,pixel_acc,0.9491552652012102,0,0,37349
unet__scratch__resnet34__in_rover__seed1416__gpu_full__57fe1694__gitc2c2860f__codebebd8b2d__20260715T233432076608Z,msl_ncam_nlb_565373298edr_f0670650ncam12753m1,test_msl,ALL,boundary_f1,0.4562543513576236,0,0,37349
unet__scratch__resnet34__in_rover__seed1416__gpu_full__57fe1694__gitc2c2860f__codebebd8b2d__20260715T233432076608Z,msl_ncam_nlb_565373360edr_f0670650ncam12753m1,test_msl,soil,iou,0.9074604301715647,39617,43657,50543
unet__scratch__resnet34__in_rover__seed1416__gpu_full__57fe1694__gitc2c2860f__codebebd8b2d__20260715T233432076608Z,msl_ncam_nlb_565373360edr_f0670650ncam12753m1,test_msl,bedrock,iou,0.6302397949844408,6886,10926,50543
unet__scratch__resnet34__in_rover__seed1416__gpu_full__57fe1694__gitc2c2860f__codebebd8b2d__20260715T233432076608Z,msl_ncam_nlb_565373360edr_f0670650ncam12753m1,test_msl,sand,iou,,0,0,50543
unet__scratch__resnet34__in_rover__seed1416__gpu_full__57fe1694__gitc2c2860f__codebebd8b2d__20260715T233432076608Z,msl_ncam_nlb_565373360edr_f0670650ncam12753m1,test_msl,big_rock,iou,,0,0,50543
unet__scratch__resnet34__in_rover__seed1416__gpu_full__57fe1694__gitc2c2860f__codebebd8b2d__20260715T233432076608Z,msl_ncam_nlb_565373360edr_f0670650ncam12753m1,test_msl,ALL,pixel_acc,0.9200680608590704,0,0,50543
unet__scratch__resnet34__in_rover__seed1416__gpu_full__57fe1694__gitc2c2860f__codebebd8b2d__20260715T233432076608Z,msl_ncam_nlb_565373360edr_f0670650ncam12753m1,test_msl,ALL,boundary_f1,0.7571583754742955,0,0,50543
unet__scratch__resnet34__in_rover__seed1416__gpu_full__57fe1694__gitc2c2860f__codebebd8b2d__20260715T233432076608Z,msl_ncam_nlb_565373417edr_f0670650ncam12753m1,test_msl,soil,iou,0.9456890219786429,66951,70796,70796
unet__scratch__resnet34__in_rover__seed1416__gpu_full__57fe1694__gitc2c2860f__codebebd8b2d__20260715T233432076608Z,msl_ncam_nlb_565373417edr_f0670650ncam12753m1,test_msl,bedrock,iou,0.0,0,3845,70796
unet__scratch__resnet34__in_rover__seed1416__gpu_full__57fe1694__gitc2c2860f__codebebd8b2d__20260715T233432076608Z,msl_ncam_nlb_565373417edr_f0670650ncam12753m1,test_msl,sand,iou,,0,0,70796
unet__scratch__resnet34__in_rover__seed1416__gpu_full__57fe1694__gitc2c2860f__codebebd8b2d__20260715T233432076608Z,msl_ncam_nlb_565373417edr_f0670650ncam12753m1,test_msl,big_rock,iou,,0,0,70796
unet__scratch__resnet34__in_rover__seed1416__gpu_full__57fe1694__gitc2c2860f__codebebd8b2d__20260715T233432076608Z,msl_ncam_nlb_565373417edr_f0670650ncam12753m1,test_msl,ALL,pixel_acc,0.9456890219786429,0,0,70796
unet__scratch__resnet34__in_rover__seed1416__gpu_full__57fe1694__gitc2c2860f__codebebd8b2d__20260715T233432076608Z,msl_ncam_nlb_565373417edr_f0670650ncam12753m1,test_msl,ALL,boundary_f1,0.46806459387804294,0,0,70796
unet__scratch__resnet34__in_rover__seed1416__gpu_full__57fe1694__gitc2c2860f__codebebd8b2d__20260715T233432076608Z,msl_ncam_nlb_565373904edr_f0670650ccam15903m1,test_msl,soil,iou,,0,0,0
unet__scratch__resnet34__in_rover__seed1416__gpu_full__57fe1694__gitc2c2860f__codebebd8b2d__20260715T233432076608Z,msl_ncam_nlb_565373904edr_f0670650ccam15903m1,test_msl,bedrock,iou,,0,0,0
unet__scratch__resnet34__in_rover__seed1416__gpu_full__57fe1694__gitc2c2860f__codebebd8b2d__20260715T233432076608Z,msl_ncam_nlb_565373904edr_f0670650ccam15903m1,test_msl,sand,iou,,0,0,0
unet__scratch__resnet34__in_rover__seed1416__gpu_full__57fe1694__gitc2c2860f__codebebd8b2d__20260715T233432076608Z,msl_ncam_nlb_565373904edr_f0670650ccam15903m1,test_msl,big_rock,iou,,0,0,0
unet__scratch__resnet34__in_rover__seed1416__gpu_full__57fe1694__gitc2c2860f__codebebd8b2d__20260715T233432076608Z,msl_ncam_nlb_565373904edr_f0670650ccam15903m1,test_msl,ALL,pixel_acc,,0,0,0
unet__scratch__resnet34__in_rover__seed1416__gpu_full__57fe1694__gitc2c2860f__codebebd8b2d__20260715T233432076608Z,msl_ncam_nlb_565373904edr_f0670650ccam15903m1,test_msl,ALL,boundary_f1,,0,0,0
unet__scratch__resnet34__in_rover__seed1416__gpu_full__57fe1694__gitc2c2860f__codebebd8b2d__20260715T233432076608Z,msl_ncam_nlb_565810401edr_f0670962ncam00386m1,test_msl,soil,iou,1.0,251102,251102,251102
unet__scratch__resnet34__in_rover__seed1416__gpu_full__57fe1694__gitc2c2860f__codebebd8b2d__20260715T233432076608Z,msl_ncam_nlb_565810401edr_f0670962ncam00386m1,test_msl,bedrock,iou,,0,0,251102
unet__scratch__resnet34__in_rover__seed1416__gpu_full__57fe1694__gitc2c2860f__codebebd8b2d__20260715T233432076608Z,msl_ncam_nlb_565810401edr_f0670962ncam00386m1,test_msl,sand,iou,,0,0,251102
unet__scratch__resnet34__in_rover__seed1416__gpu_full__57fe1694__gitc2c2860f__codebebd8b2d__20260715T233432076608Z,msl_ncam_nlb_565810401edr_f0670962ncam00386m1,test_msl,big_rock,iou,,0,0,251102
unet__scratch__resnet34__in_rover__seed1416__gpu_full__57fe1694__gitc2c2860f__codebebd8b2d__20260715T233432076608Z,msl_ncam_nlb_565810401edr_f0670962ncam00386m1,test_msl,ALL,pixel_acc,1.0,0,0,251102
unet__scratch__resnet34__in_rover__seed1416__gpu_full__57fe1694__gitc2c2860f__codebebd8b2d__20260715T233432076608Z,msl_ncam_nlb_565810401edr_f0670962ncam00386m1,test_msl,ALL,boundary_f1,1.0,0,0,251102
unet__scratch__resnet34__in_rover__seed1416__gpu_full__57fe1694__gitc2c2860f__codebebd8b2d__20260715T233432076608Z,msl_ncam_nlb_565811189edr_f0671016ncam00353m1,test_msl,soil,iou,,0,0,0
unet__scratch__resnet34__in_rover__seed1416__gpu_full__57fe1694__gitc2c2860f__codebebd8b2d__20260715T233432076608Z,msl_ncam_nlb_565811189edr_f0671016ncam00353m1,test_msl,bedrock,iou,,0,0,0
unet__scratch__resnet34__in_rover__seed1416__gpu_full__57fe1694__gitc2c2860f__codebebd8b2d__20260715T233432076608Z,msl_ncam_nlb_565811189edr_f0671016ncam00353m1,test_msl,sand,iou,,0,0,0
unet__scratch__resnet34__in_rover__seed1416__gpu_full__57fe1694__gitc2c2860f__codebebd8b2d__20260715T233432076608Z,msl_ncam_nlb_565811189edr_f0671016ncam00353m1,test_msl,big_rock,iou,,0,0,0
unet__scratch__resnet34__in_rover__seed1416__gpu_full__57fe1694__gitc2c2860f__codebebd8b2d__20260715T233432076608Z,msl_ncam_nlb_565811189edr_f0671016ncam00353m1,test_msl,ALL,pixel_acc,,0,0,0
unet__scratch__resnet34__in_rover__seed1416__gpu_full__57fe1694__gitc2c2860f__codebebd8b2d__20260715T233432076608Z,msl_ncam_nlb_565811189edr_f0671016ncam00353m1,test_msl,ALL,boundary_f1,,0,0,0
unet__scratch__resnet34__in_rover__seed1416__gpu_full__57fe1694__gitc2c2860f__codebebd8b2d__20260715T233432076608Z,msl_ncam_nlb_565811345edr_f0671016ncam00261m1,test_msl,soil,iou,1.0,108477,108477,108477
unet__scratch__resnet34__in_rover__seed1416__gpu_full__57fe1694__gitc2c2860f__codebebd8b2d__20260715T233432076608Z,msl_ncam_nlb_565811345edr_f0671016ncam00261m1,test_msl,bedrock,iou,,0,0,108477
unet__scratch__resnet34__in_rover__seed1416__gpu_full__57fe1694__gitc2c2860f__codebebd8b2d__20260715T233432076608Z,msl_ncam_nlb_565811345edr_f0671016ncam00261m1,test_msl,sand,iou,,0,0,108477
unet__scratch__resnet34__in_rover__seed1416__gpu_full__57fe1694__gitc2c2860f__codebebd8b2d__20260715T233432076608Z,msl_ncam_nlb_565811345edr_f0671016ncam00261m1,test_msl,big_rock,iou,,0,0,108477
unet__scratch__resnet34__in_rover__seed1416__gpu_full__57fe1694__gitc2c2860f__codebebd8b2d__20260715T233432076608Z,msl_ncam_nlb_565811345edr_f0671016ncam00261m1,test_msl,ALL,pixel_acc,1.0,0,0,108477
unet__scratch__resnet34__in_rover__seed1416__gpu_full__57fe1694__gitc2c2860f__codebebd8b2d__20260715T233432076608Z,msl_ncam_nlb_565811345edr_f0671016ncam00261m1,test_msl,ALL,boundary_f1,1.0,0,0,108477
unet__scratch__resnet34__in_rover__seed1416__gpu_full__57fe1694__gitc2c2860f__codebebd8b2d__20260715T233432076608Z,msl_ncam_nlb_565811572edr_f0671016ncam00261m1,test_msl,soil,iou,1.0,106382,106382,107460
unet__scratch__resnet34__in_rover__seed1416__gpu_full__57fe1694__gitc2c2860f__codebebd8b2d__20260715T233432076608Z,msl_ncam_nlb_565811572edr_f0671016ncam00261m1,test_msl,bedrock,iou,1.0,1078,1078,107460
unet__scratch__resnet34__in_rover__seed1416__gpu_full__57fe1694__gitc2c2860f__codebebd8b2d__20260715T233432076608Z,msl_ncam_nlb_565811572edr_f0671016ncam00261m1,test_msl,sand,iou,,0,0,107460
unet__scratch__resnet34__in_rover__seed1416__gpu_full__57fe1694__gitc2c2860f__codebebd8b2d__20260715T233432076608Z,msl_ncam_nlb_565811572edr_f0671016ncam00261m1,test_msl,big_rock,iou,,0,0,107460
unet__scratch__resnet34__in_rover__seed1416__gpu_full__57fe1694__gitc2c2860f__codebebd8b2d__20260715T233432076608Z,msl_ncam_nlb_565811572edr_f0671016ncam00261m1,test_msl,ALL,pixel_acc,1.0,0,0,107460
unet__scratch__resnet34__in_rover__seed1416__gpu_full__57fe1694__gitc2c2860f__codebebd8b2d__20260715T233432076608Z,msl_ncam_nlb_565811572edr_f0671016ncam00261m1,test_msl,ALL,boundary_f1,1.0,0,0,107460
unet__scratch__resnet34__in_rover__seed1416__gpu_full__57fe1694__gitc2c2860f__codebebd8b2d__20260715T233432076608Z,msl_ncam_nlb_565811686edr_f0671016ncam00261m1,test_msl,soil,iou,1.0,54790,54790,54790
unet__scratch__resnet34__in_rover__seed1416__gpu_full__57fe1694__gitc2c2860f__codebebd8b2d__20260715T233432076608Z,msl_ncam_nlb_565811686edr_f0671016ncam00261m1,test_msl,bedrock,iou,,0,0,54790
unet__scratch__resnet34__in_rover__seed1416__gpu_full__57fe1694__gitc2c2860f__codebebd8b2d__20260715T233432076608Z,msl_ncam_nlb_565811686edr_f0671016ncam00261m1,test_msl,sand,iou,,0,0,54790
unet__scratch__resnet34__in_rover__seed1416__gpu_full__57fe1694__gitc2c2860f__codebebd8b2d__20260715T233432076608Z,msl_ncam_nlb_565811686edr_f0671016ncam00261m1,test_msl,big_rock,iou,,0,0,54790
unet__scratch__resnet34__in_rover__seed1416__gpu_full__57fe1694__gitc2c2860f__codebebd8b2d__20260715T233432076608Z,msl_ncam_nlb_565811686edr_f0671016ncam00261m1,test_msl,ALL,pixel_acc,1.0,0,0,54790
unet__scratch__resnet34__in_rover__seed1416__gpu_full__57fe1694__gitc2c2860f__codebebd8b2d__20260715T233432076608Z,msl_ncam_nlb_565811686edr_f0671016ncam00261m1,test_msl,ALL,boundary_f1,1.0,0,0,54790
unet__scratch__resnet34__in_rover__seed1416__gpu_full__57fe1694__gitc2c2860f__codebebd8b2d__20260715T233432076608Z,msl_ncam_nlb_565812047edr_f0671016ncam00312m1,test_msl,soil,iou,1.0,188747,188747,188747
unet__scratch__resnet34__in_rover__seed1416__gpu_full__57fe1694__gitc2c2860f__codebebd8b2d__20260715T233432076608Z,msl_ncam_nlb_565812047edr_f0671016ncam00312m1,test_msl,bedrock,iou,,0,0,188747
unet__scratch__resnet34__in_rover__seed1416__gpu_full__57fe1694__gitc2c2860f__codebebd8b2d__20260715T233432076608Z,msl_ncam_nlb_565812047edr_f0671016ncam00312m1,test_msl,sand,iou,,0,0,188747
unet__scratch__resnet34__in_rover__seed1416__gpu_full__57fe1694__gitc2c2860f__codebebd8b2d__20260715T233432076608Z,msl_ncam_nlb_565812047edr_f0671016ncam00312m1,test_msl,big_rock,iou,,0,0,188747
unet__scratch__resnet34__in_rover__seed1416__gpu_full__57fe1694__gitc2c2860f__codebebd8b2d__20260715T233432076608Z,msl_ncam_nlb_565812047edr_f0671016ncam00312m1,test_msl,ALL,pixel_acc,1.0,0,0,188747
unet__scratch__resnet34__in_rover__seed1416__gpu_full__57fe1694__gitc2c2860f__codebebd8b2d__20260715T233432076608Z,msl_ncam_nlb_565812047edr_f0671016ncam00312m1,test_msl,ALL,boundary_f1,1.0,0,0,188747
unet__scratch__resnet34__in_rover__seed1416__gpu_full__57fe1694__gitc2c2860f__codebebd8b2d__20260715T233432076608Z,msl_ncam_nlb_570072657edr_f0672848ncam00385m1,test_msl,soil,iou,,0,0,0
unet__scratch__resnet34__in_rover__seed1416__gpu_full__57fe1694__gitc2c2860f__codebebd8b2d__20260715T233432076608Z,msl_ncam_nlb_570072657edr_f0672848ncam00385m1,test_msl,bedrock,iou,,0,0,0
unet__scratch__resnet34__in_rover__seed1416__gpu_full__57fe1694__gitc2c2860f__codebebd8b2d__20260715T233432076608Z,msl_ncam_nlb_570072657edr_f0672848ncam00385m1,test_msl,sand,iou,,0,0,0
unet__scratch__resnet34__in_rover__seed1416__gpu_full__57fe1694__gitc2c2860f__codebebd8b2d__20260715T233432076608Z,msl_ncam_nlb_570072657edr_f0672848ncam00385m1,test_msl,big_rock,iou,,0,0,0
unet__scratch__resnet34__in_rover__seed1416__gpu_full__57fe1694__gitc2c2860f__codebebd8b2d__20260715T233432076608Z,msl_ncam_nlb_570072657edr_f0672848ncam00385m1,test_msl,ALL,pixel_acc,,0,0,0
unet__scratch__resnet34__in_rover__seed1416__gpu_full__57fe1694__gitc2c2860f__codebebd8b2d__20260715T233432076608Z,msl_ncam_nlb_570072657edr_f0672848ncam00385m1,test_msl,ALL,boundary_f1,,0,0,0
unet__scratch__resnet34__in_rover__seed1416__gpu_full__57fe1694__gitc2c2860f__codebebd8b2d__20260715T233432076608Z,msl_ncam_nlb_570073321edr_f0672884ncam00375m1,test_msl,soil,iou,1.0,148527,148527,148527
unet__scratch__resnet34__in_rover__seed1416__gpu_full__57fe1694__gitc2c2860f__codebebd8b2d__20260715T233432076608Z,msl_ncam_nlb_570073321edr_f0672884ncam00375m1,test_msl,bedrock,iou,,0,0,148527
unet__scratch__resnet34__in_rover__seed1416__gpu_full__57fe1694__gitc2c2860f__codebebd8b2d__20260715T233432076608Z,msl_ncam_nlb_570073321edr_f0672884ncam00375m1,test_msl,sand,iou,,0,0,148527
unet__scratch__resnet34__in_rover__seed1416__gpu_full__57fe1694__gitc2c2860f__codebebd8b2d__20260715T233432076608Z,msl_ncam_nlb_570073321edr_f0672884ncam00375m1,test_msl,big_rock,iou,,0,0,148527
unet__scratch__resnet34__in_rover__seed1416__gpu_full__57fe1694__gitc2c2860f__codebebd8b2d__20260715T233432076608Z,msl_ncam_nlb_570073321edr_f0672884ncam00375m1,test_msl,ALL,pixel_acc,1.0,0,0,148527
unet__scratch__resnet34__in_rover__seed1416__gpu_full__57fe1694__gitc2c2860f__codebebd8b2d__20260715T233432076608Z,msl_ncam_nlb_570073321edr_f0672884ncam00375m1,test_msl,ALL,boundary_f1,1.0,0,0,148527
unet__scratch__resnet34__in_rover__seed1416__gpu_full__57fe1694__gitc2c2860f__codebebd8b2d__20260715T233432076608Z,msl_ncam_nlb_570073400edr_f0672884ncam00284m1,test_msl,soil,iou,1.0,141607,141607,141607
unet__scratch__resnet34__in_rover__seed1416__gpu_full__57fe1694__gitc2c2860f__codebebd8b2d__20260715T233432076608Z,msl_ncam_nlb_570073400edr_f0672884ncam00284m1,test_msl,bedrock,iou,,0,0,141607
unet__scratch__resnet34__in_rover__seed1416__gpu_full__57fe1694__gitc2c2860f__codebebd8b2d__20260715T233432076608Z,msl_ncam_nlb_570073400edr_f0672884ncam00284m1,test_msl,sand,iou,,0,0,141607
unet__scratch__resnet34__in_rover__seed1416__gpu_full__57fe1694__gitc2c2860f__codebebd8b2d__20260715T233432076608Z,msl_ncam_nlb_570073400edr_f0672884ncam00284m1,test_msl,big_rock,iou,,0,0,141607
unet__scratch__resnet34__in_rover__seed1416__gpu_full__57fe1694__gitc2c2860f__codebebd8b2d__20260715T233432076608Z,msl_ncam_nlb_570073400edr_f0672884ncam00284m1,test_msl,ALL,pixel_acc,1.0,0,0,141607
unet__scratch__resnet34__in_rover__seed1416__gpu_full__57fe1694__gitc2c2860f__codebebd8b2d__20260715T233432076608Z,msl_ncam_nlb_570073400edr_f0672884ncam00284m1,test_msl,ALL,boundary_f1,1.0,0,0,141607
unet__scratch__resnet34__in_rover__seed1416__gpu_full__57fe1694__gitc2c2860f__codebebd8b2d__20260715T233432076608Z,msl_ncam_nlb_570073456edr_f0672884ncam00284m1,test_msl,soil,iou,0.9843730621356815,87307,88693,96552
unet__scratch__resnet34__in_rover__seed1416__gpu_full__57fe1694__gitc2c2860f__codebebd8b2d__20260715T233432076608Z,msl_ncam_nlb_570073456edr_f0672884ncam00284m1,test_msl,bedrock,iou,0.8500811249323958,7859,9245,96552
unet__scratch__resnet34__in_rover__seed1416__gpu_full__57fe1694__gitc2c2860f__codebebd8b2d__20260715T233432076608Z,msl_ncam_nlb_570073456edr_f0672884ncam00284m1,test_msl,sand,iou,,0,0,96552
unet__scratch__resnet34__in_rover__seed1416__gpu_full__57fe1694__gitc2c2860f__codebebd8b2d__20260715T233432076608Z,msl_ncam_nlb_570073456edr_f0672884ncam00284m1,test_msl,big_rock,iou,,0,0,96552
unet__scratch__resnet34__in_rover__seed1416__gpu_full__57fe1694__gitc2c2860f__codebebd8b2d__20260715T233432076608Z,msl_ncam_nlb_570073456edr_f0672884ncam00284m1,test_msl,ALL,pixel_acc,0.9856450410141685,0,0,96552
unet__scratch__resnet34__in_rover__seed1416__gpu_full__57fe1694__gitc2c2860f__codebebd8b2d__20260715T233432076608Z,msl_ncam_nlb_570073456edr_f0672884ncam00284m1,test_msl,ALL,boundary_f1,0.857769038965998,0,0,96552
unet__scratch__resnet34__in_rover__seed1416__gpu_full__57fe1694__gitc2c2860f__codebebd8b2d__20260715T233432076608Z,msl_ncam_nlb_570074025edr_f0672884ncam00285m1,test_msl,soil,iou,0.8616133518776078,18585,21570,105810
unet__scratch__resnet34__in_rover__seed1416__gpu_full__57fe1694__gitc2c2860f__codebebd8b2d__20260715T233432076608Z,msl_ncam_nlb_570074025edr_f0672884ncam00285m1,test_msl,bedrock,iou,0.9657781599312124,84240,87225,105810
unet__scratch__resnet34__in_rover__seed1416__gpu_full__57fe1694__gitc2c2860f__codebebd8b2d__20260715T233432076608Z,msl_ncam_nlb_570074025edr_f0672884ncam00285m1,test_msl,sand,iou,,0,0,105810
unet__scratch__resnet34__in_rover__seed1416__gpu_full__57fe1694__gitc2c2860f__codebebd8b2d__20260715T233432076608Z,msl_ncam_nlb_570074025edr_f0672884ncam00285m1,test_msl,big_rock,iou,,0,0,105810
unet__scratch__resnet34__in_rover__seed1416__gpu_full__57fe1694__gitc2c2860f__codebebd8b2d__20260715T233432076608Z,msl_ncam_nlb_570074025edr_f0672884ncam00285m1,test_msl,ALL,pixel_acc,0.9717890558548341,0,0,105810
unet__scratch__resnet34__in_rover__seed1416__gpu_full__57fe1694__gitc2c2860f__codebebd8b2d__20260715T233432076608Z,msl_ncam_nlb_570074025edr_f0672884ncam00285m1,test_msl,ALL,boundary_f1,0.8230880348910893,0,0,105810
unet__scratch__resnet34__in_rover__seed1416__gpu_full__57fe1694__gitc2c2860f__codebebd8b2d__20260715T233432076608Z,msl_ncam_nlb_570074144edr_f0672884ncam00285m1,test_msl,soil,iou,0.0,0,6200,14959
unet__scratch__resnet34__in_rover__seed1416__gpu_full__57fe1694__gitc2c2860f__codebebd8b2d__20260715T233432076608Z,msl_ncam_nlb_570074144edr_f0672884ncam00285m1,test_msl,bedrock,iou,0.5855337923657998,8759,14959,14959
unet__scratch__resnet34__in_rover__seed1416__gpu_full__57fe1694__gitc2c2860f__codebebd8b2d__20260715T233432076608Z,msl_ncam_nlb_570074144edr_f0672884ncam00285m1,test_msl,sand,iou,,0,0,14959
unet__scratch__resnet34__in_rover__seed1416__gpu_full__57fe1694__gitc2c2860f__codebebd8b2d__20260715T233432076608Z,msl_ncam_nlb_570074144edr_f0672884ncam00285m1,test_msl,big_rock,iou,,0,0,14959
unet__scratch__resnet34__in_rover__seed1416__gpu_full__57fe1694__gitc2c2860f__codebebd8b2d__20260715T233432076608Z,msl_ncam_nlb_570074144edr_f0672884ncam00285m1,test_msl,ALL,pixel_acc,0.5855337923657998,0,0,14959
unet__scratch__resnet34__in_rover__seed1416__gpu_full__57fe1694__gitc2c2860f__codebebd8b2d__20260715T233432076608Z,msl_ncam_nlb_570074144edr_f0672884ncam00285m1,test_msl,ALL,boundary_f1,0.36205213625385185,0,0,14959
unet__scratch__resnet34__in_rover__seed1416__gpu_full__57fe1694__gitc2c2860f__codebebd8b2d__20260715T233432076608Z,msl_ncam_nlb_570074258edr_f0672884ncam00285m1,test_msl,soil,iou,0.8006150293637666,72117,90077,90077
unet__scratch__resnet34__in_rover__seed1416__gpu_full__57fe1694__gitc2c2860f__codebebd8b2d__20260715T233432076608Z,msl_ncam_nlb_570074258edr_f0672884ncam00285m1,test_msl,bedrock,iou,,0,0,90077
unet__scratch__resnet34__in_rover__seed1416__gpu_full__57fe1694__gitc2c2860f__codebebd8b2d__20260715T233432076608Z,msl_ncam_nlb_570074258edr_f0672884ncam00285m1,test_msl,sand,iou,0.0,0,17960,90077
unet__scratch__resnet34__in_rover__seed1416__gpu_full__57fe1694__gitc2c2860f__codebebd8b2d__20260715T233432076608Z,msl_ncam_nlb_570074258edr_f0672884ncam00285m1,test_msl,big_rock,iou,,0,0,90077
unet__scratch__resnet34__in_rover__seed1416__gpu_full__57fe1694__gitc2c2860f__codebebd8b2d__20260715T233432076608Z,msl_ncam_nlb_570074258edr_f0672884ncam00285m1,test_msl,ALL,pixel_acc,0.8006150293637666,0,0,90077
unet__scratch__resnet34__in_rover__seed1416__gpu_full__57fe1694__gitc2c2860f__codebebd8b2d__20260715T233432076608Z,msl_ncam_nlb_570074258edr_f0672884ncam00285m1,test_msl,ALL,boundary_f1,0.30821560172481377,0,0,90077
unet__scratch__resnet34__in_rover__seed1416__gpu_full__57fe1694__gitc2c2860f__codebebd8b2d__20260715T233432076608Z,msl_ncam_nlb_574061102edr_f0681232ncam00320m1,test_msl,soil,iou,1.0,26670,26670,26670
unet__scratch__resnet34__in_rover__seed1416__gpu_full__57fe1694__gitc2c2860f__codebebd8b2d__20260715T233432076608Z,msl_ncam_nlb_574061102edr_f0681232ncam00320m1,test_msl,bedrock,iou,,0,0,26670
unet__scratch__resnet34__in_rover__seed1416__gpu_full__57fe1694__gitc2c2860f__codebebd8b2d__20260715T233432076608Z,msl_ncam_nlb_574061102edr_f0681232ncam00320m1,test_msl,sand,iou,,0,0,26670
unet__scratch__resnet34__in_rover__seed1416__gpu_full__57fe1694__gitc2c2860f__codebebd8b2d__20260715T233432076608Z,msl_ncam_nlb_574061102edr_f0681232ncam00320m1,test_msl,big_rock,iou,,0,0,26670
unet__scratch__resnet34__in_rover__seed1416__gpu_full__57fe1694__gitc2c2860f__codebebd8b2d__20260715T233432076608Z,msl_ncam_nlb_574061102edr_f0681232ncam00320m1,test_msl,ALL,pixel_acc,1.0,0,0,26670
unet__scratch__resnet34__in_rover__seed1416__gpu_full__57fe1694__gitc2c2860f__codebebd8b2d__20260715T233432076608Z,msl_ncam_nlb_574061102edr_f0681232ncam00320m1,test_msl,ALL,boundary_f1,1.0,0,0,26670
unet__scratch__resnet34__in_rover__seed1416__gpu_full__57fe1694__gitc2c2860f__codebebd8b2d__20260715T233432076608Z,msl_ncam_nlb_574071379edr_f0681556ncam00379m1,test_msl,soil,iou,0.8761995458208189,11961,13651,116837
unet__scratch__resnet34__in_rover__seed1416__gpu_full__57fe1694__gitc2c2860f__codebebd8b2d__20260715T233432076608Z,msl_ncam_nlb_574071379edr_f0681556ncam00379m1,test_msl,bedrock,iou,0.9838857317212708,103186,104876,116837
unet__scratch__resnet34__in_rover__seed1416__gpu_full__57fe1694__gitc2c2860f__codebebd8b2d__20260715T233432076608Z,msl_ncam_nlb_574071379edr_f0681556ncam00379m1,test_msl,sand,iou,,0,0,116837
unet__scratch__resnet34__in_rover__seed1416__gpu_full__57fe1694__gitc2c2860f__codebebd8b2d__20260715T233432076608Z,msl_ncam_nlb_574071379edr_f0681556ncam00379m1,test_msl,big_rock,iou,,0,0,116837
unet__scratch__resnet34__in_rover__seed1416__gpu_full__57fe1694__gitc2c2860f__codebebd8b2d__20260715T233432076608Z,msl_ncam_nlb_574071379edr_f0681556ncam00379m1,test_msl,ALL,pixel_acc,0.9855354040244101,0,0,116837
unet__scratch__resnet34__in_rover__seed1416__gpu_full__57fe1694__gitc2c2860f__codebebd8b2d__20260715T233432076608Z,msl_ncam_nlb_574071379edr_f0681556ncam00379m1,test_msl,ALL,boundary_f1,0.7836628661873766,0,0,116837
unet__scratch__resnet34__in_rover__seed1416__gpu_full__57fe1694__gitc2c2860f__codebebd8b2d__20260715T233432076608Z,msl_ncam_nlb_574072088edr_f0681616ncam00257m1,test_msl,soil,iou,,0,0,0
unet__scratch__resnet34__in_rover__seed1416__gpu_full__57fe1694__gitc2c2860f__codebebd8b2d__20260715T233432076608Z,msl_ncam_nlb_574072088edr_f0681616ncam00257m1,test_msl,bedrock,iou,,0,0,0
unet__scratch__resnet34__in_rover__seed1416__gpu_full__57fe1694__gitc2c2860f__codebebd8b2d__20260715T233432076608Z,msl_ncam_nlb_574072088edr_f0681616ncam00257m1,test_msl,sand,iou,,0,0,0
unet__scratch__resnet34__in_rover__seed1416__gpu_full__57fe1694__gitc2c2860f__codebebd8b2d__20260715T233432076608Z,msl_ncam_nlb_574072088edr_f0681616ncam00257m1,test_msl,big_rock,iou,,0,0,0
unet__scratch__resnet34__in_rover__seed1416__gpu_full__57fe1694__gitc2c2860f__codebebd8b2d__20260715T233432076608Z,msl_ncam_nlb_574072088edr_f0681616ncam00257m1,test_msl,ALL,pixel_acc,,0,0,0
unet__scratch__resnet34__in_rover__seed1416__gpu_full__57fe1694__gitc2c2860f__codebebd8b2d__20260715T233432076608Z,msl_ncam_nlb_574072088edr_f0681616ncam00257m1,test_msl,ALL,boundary_f1,,0,0,0
unet__scratch__resnet34__in_rover__seed1416__gpu_full__57fe1694__gitc2c2860f__codebebd8b2d__20260715T233432076608Z,msl_ncam_nlb_574078028edr_f0681626ncam00256m1,test_msl,soil,iou,,0,0,0
unet__scratch__resnet34__in_rover__seed1416__gpu_full__57fe1694__gitc2c2860f__codebebd8b2d__20260715T233432076608Z,msl_ncam_nlb_574078028edr_f0681626ncam00256m1,test_msl,bedrock,iou,,0,0,0
unet__scratch__resnet34__in_rover__seed1416__gpu_full__57fe1694__gitc2c2860f__codebebd8b2d__20260715T233432076608Z,msl_ncam_nlb_574078028edr_f0681626ncam00256m1,test_msl,sand,iou,,0,0,0
unet__scratch__resnet34__in_rover__seed1416__gpu_full__57fe1694__gitc2c2860f__codebebd8b2d__20260715T233432076608Z,msl_ncam_nlb_574078028edr_f0681626ncam00256m1,test_msl,big_rock,iou,,0,0,0
unet__scratch__resnet34__in_rover__seed1416__gpu_full__57fe1694__gitc2c2860f__codebebd8b2d__20260715T233432076608Z,msl_ncam_nlb_574078028edr_f0681626ncam00256m1,test_msl,ALL,pixel_acc,,0,0,0
unet__scratch__resnet34__in_rover__seed1416__gpu_full__57fe1694__gitc2c2860f__codebebd8b2d__20260715T233432076608Z,msl_ncam_nlb_574078028edr_f0681626ncam00256m1,test_msl,ALL,boundary_f1,,0,0,0
unet__scratch__resnet34__in_rover__seed1416__gpu_full__57fe1694__gitc2c2860f__codebebd8b2d__20260715T233432076608Z,msl_ncam_nlb_574078090edr_f0681626ncam00256m1,test_msl,soil,iou,1.0,2992,2992,2992
unet__scratch__resnet34__in_rover__seed1416__gpu_full__57fe1694__gitc2c2860f__codebebd8b2d__20260715T233432076608Z,msl_ncam_nlb_574078090edr_f0681626ncam00256m1,test_msl,bedrock,iou,,0,0,2992
unet__scratch__resnet34__in_rover__seed1416__gpu_full__57fe1694__gitc2c2860f__codebebd8b2d__20260715T233432076608Z,msl_ncam_nlb_574078090edr_f0681626ncam00256m1,test_msl,sand,iou,,0,0,2992
unet__scratch__resnet34__in_rover__seed1416__gpu_full__57fe1694__gitc2c2860f__codebebd8b2d__20260715T233432076608Z,msl_ncam_nlb_574078090edr_f0681626ncam00256m1,test_msl,big_rock,iou,,0,0,2992
unet__scratch__resnet34__in_rover__seed1416__gpu_full__57fe1694__gitc2c2860f__codebebd8b2d__20260715T233432076608Z,msl_ncam_nlb_574078090edr_f0681626ncam00256m1,test_msl,ALL,pixel_acc,1.0,0,0,2992
unet__scratch__resnet34__in_rover__seed1416__gpu_full__57fe1694__gitc2c2860f__codebebd8b2d__20260715T233432076608Z,msl_ncam_nlb_574078090edr_f0681626ncam00256m1,test_msl,ALL,boundary_f1,1.0,0,0,2992
unet__scratch__resnet34__in_rover__seed1416__gpu_full__57fe1694__gitc2c2860f__codebebd8b2d__20260715T233432076608Z,msl_ncam_nlb_574078155edr_f0681626ncam00256m1,test_msl,soil,iou,1.0,31502,31502,31502
unet__scratch__resnet34__in_rover__seed1416__gpu_full__57fe1694__gitc2c2860f__codebebd8b2d__20260715T233432076608Z,msl_ncam_nlb_574078155edr_f0681626ncam00256m1,test_msl,bedrock,iou,,0,0,31502
unet__scratch__resnet34__in_rover__seed1416__gpu_full__57fe1694__gitc2c2860f__codebebd8b2d__20260715T233432076608Z,msl_ncam_nlb_574078155edr_f0681626ncam00256m1,test_msl,sand,iou,,0,0,31502
unet__scratch__resnet34__in_rover__seed1416__gpu_full__57fe1694__gitc2c2860f__codebebd8b2d__20260715T233432076608Z,msl_ncam_nlb_574078155edr_f0681626ncam00256m1,test_msl,big_rock,iou,,0,0,31502
unet__scratch__resnet34__in_rover__seed1416__gpu_full__57fe1694__gitc2c2860f__codebebd8b2d__20260715T233432076608Z,msl_ncam_nlb_574078155edr_f0681626ncam00256m1,test_msl,ALL,pixel_acc,1.0,0,0,31502
unet__scratch__resnet34__in_rover__seed1416__gpu_full__57fe1694__gitc2c2860f__codebebd8b2d__20260715T233432076608Z,msl_ncam_nlb_574078155edr_f0681626ncam00256m1,test_msl,ALL,boundary_f1,1.0,0,0,31502
unet__scratch__resnet34__in_rover__seed1416__gpu_full__57fe1694__gitc2c2860f__codebebd8b2d__20260715T233432076608Z,msl_ncam_nlb_574078440edr_f0681626ncam00354m1,test_msl,soil,iou,,0,0,160997
unet__scratch__resnet34__in_rover__seed1416__gpu_full__57fe1694__gitc2c2860f__codebebd8b2d__20260715T233432076608Z,msl_ncam_nlb_574078440edr_f0681626ncam00354m1,test_msl,bedrock,iou,1.0,160997,160997,160997
unet__scratch__resnet34__in_rover__seed1416__gpu_full__57fe1694__gitc2c2860f__codebebd8b2d__20260715T233432076608Z,msl_ncam_nlb_574078440edr_f0681626ncam00354m1,test_msl,sand,iou,,0,0,160997
unet__scratch__resnet34__in_rover__seed1416__gpu_full__57fe1694__gitc2c2860f__codebebd8b2d__20260715T233432076608Z,msl_ncam_nlb_574078440edr_f0681626ncam00354m1,test_msl,big_rock,iou,,0,0,160997
unet__scratch__resnet34__in_rover__seed1416__gpu_full__57fe1694__gitc2c2860f__codebebd8b2d__20260715T233432076608Z,msl_ncam_nlb_574078440edr_f0681626ncam00354m1,test_msl,ALL,pixel_acc,1.0,0,0,160997
unet__scratch__resnet34__in_rover__seed1416__gpu_full__57fe1694__gitc2c2860f__codebebd8b2d__20260715T233432076608Z,msl_ncam_nlb_574078440edr_f0681626ncam00354m1,test_msl,ALL,boundary_f1,1.0,0,0,160997
unet__scratch__resnet34__in_rover__seed1416__gpu_full__57fe1694__gitc2c2860f__codebebd8b2d__20260715T233432076608Z,msl_ncam_nlb_574078554edr_f0681626ncam00354m1,test_msl,soil,iou,0.9839643551816167,43505,44214,59636
unet__scratch__resnet34__in_rover__seed1416__gpu_full__57fe1694__gitc2c2860f__codebebd8b2d__20260715T233432076608Z,msl_ncam_nlb_574078554edr_f0681626ncam00354m1,test_msl,bedrock,iou,0.956047362221809,15422,16131,59636
unet__scratch__resnet34__in_rover__seed1416__gpu_full__57fe1694__gitc2c2860f__codebebd8b2d__20260715T233432076608Z,msl_ncam_nlb_574078554edr_f0681626ncam00354m1,test_msl,sand,iou,,0,0,59636
unet__scratch__resnet34__in_rover__seed1416__gpu_full__57fe1694__gitc2c2860f__codebebd8b2d__20260715T233432076608Z,msl_ncam_nlb_574078554edr_f0681626ncam00354m1,test_msl,big_rock,iou,,0,0,59636
unet__scratch__resnet34__in_rover__seed1416__gpu_full__57fe1694__gitc2c2860f__codebebd8b2d__20260715T233432076608Z,msl_ncam_nlb_574078554edr_f0681626ncam00354m1,test_msl,ALL,pixel_acc,0.9881112079951707,0,0,59636
unet__scratch__resnet34__in_rover__seed1416__gpu_full__57fe1694__gitc2c2860f__codebebd8b2d__20260715T233432076608Z,msl_ncam_nlb_574078554edr_f0681626ncam00354m1,test_msl,ALL,boundary_f1,0.9305767561738947,0,0,59636
unet__scratch__resnet34__in_rover__seed1416__gpu_full__57fe1694__gitc2c2860f__codebebd8b2d__20260715T233432076608Z,msl_ncam_nlb_574078665edr_f0681626ncam07753m1,test_msl,soil,iou,0.9495021975065028,42344,44596,92466
unet__scratch__resnet34__in_rover__seed1416__gpu_full__57fe1694__gitc2c2860f__codebebd8b2d__20260715T233432076608Z,msl_ncam_nlb_574078665edr_f0681626ncam07753m1,test_msl,bedrock,iou,0.9550696301025497,47870,50122,92466
unet__scratch__resnet34__in_rover__seed1416__gpu_full__57fe1694__gitc2c2860f__codebebd8b2d__20260715T233432076608Z,msl_ncam_nlb_574078665edr_f0681626ncam07753m1,test_msl,sand,iou,,0,0,92466
unet__scratch__resnet34__in_rover__seed1416__gpu_full__57fe1694__gitc2c2860f__codebebd8b2d__20260715T233432076608Z,msl_ncam_nlb_574078665edr_f0681626ncam07753m1,test_msl,big_rock,iou,,0,0,92466
unet__scratch__resnet34__in_rover__seed1416__gpu_full__57fe1694__gitc2c2860f__codebebd8b2d__20260715T233432076608Z,msl_ncam_nlb_574078665edr_f0681626ncam07753m1,test_msl,ALL,pixel_acc,0.9756451019834318,0,0,92466
unet__scratch__resnet34__in_rover__seed1416__gpu_full__57fe1694__gitc2c2860f__codebebd8b2d__20260715T233432076608Z,msl_ncam_nlb_574078665edr_f0681626ncam07753m1,test_msl,ALL,boundary_f1,0.8979076642485547,0,0,92466
unet__scratch__resnet34__in_rover__seed1416__gpu_full__57fe1694__gitc2c2860f__codebebd8b2d__20260715T233432076608Z,msl_ncam_nlb_574078735edr_f0681626ncam07753m1,test_msl,soil,iou,0.0,0,3396,13225
unet__scratch__resnet34__in_rover__seed1416__gpu_full__57fe1694__gitc2c2860f__codebebd8b2d__20260715T233432076608Z,msl_ncam_nlb_574078735edr_f0681626ncam07753m1,test_msl,bedrock,iou,0.7432136105860113,9829,13225,13225
unet__scratch__resnet34__in_rover__seed1416__gpu_full__57fe1694__gitc2c2860f__codebebd8b2d__20260715T233432076608Z,msl_ncam_nlb_574078735edr_f0681626ncam07753m1,test_msl,sand,iou,,0,0,13225
unet__scratch__resnet34__in_rover__seed1416__gpu_full__57fe1694__gitc2c2860f__codebebd8b2d__20260715T233432076608Z,msl_ncam_nlb_574078735edr_f0681626ncam07753m1,test_msl,big_rock,iou,,0,0,13225
unet__scratch__resnet34__in_rover__seed1416__gpu_full__57fe1694__gitc2c2860f__codebebd8b2d__20260715T233432076608Z,msl_ncam_nlb_574078735edr_f0681626ncam07753m1,test_msl,ALL,pixel_acc,0.7432136105860113,0,0,13225
unet__scratch__resnet34__in_rover__seed1416__gpu_full__57fe1694__gitc2c2860f__codebebd8b2d__20260715T233432076608Z,msl_ncam_nlb_574078735edr_f0681626ncam07753m1,test_msl,ALL,boundary_f1,0.36035778896159765,0,0,13225
unet__scratch__resnet34__in_rover__seed1416__gpu_full__57fe1694__gitc2c2860f__codebebd8b2d__20260715T233432076608Z,msl_ncam_nlb_577080310edr_f0691768ncam00320m1,test_msl,soil,iou,1.0,118491,118491,118491
unet__scratch__resnet34__in_rover__seed1416__gpu_full__57fe1694__gitc2c2860f__codebebd8b2d__20260715T233432076608Z,msl_ncam_nlb_577080310edr_f0691768ncam00320m1,test_msl,bedrock,iou,,0,0,118491
unet__scratch__resnet34__in_rover__seed1416__gpu_full__57fe1694__gitc2c2860f__codebebd8b2d__20260715T233432076608Z,msl_ncam_nlb_577080310edr_f0691768ncam00320m1,test_msl,sand,iou,,0,0,118491
unet__scratch__resnet34__in_rover__seed1416__gpu_full__57fe1694__gitc2c2860f__codebebd8b2d__20260715T233432076608Z,msl_ncam_nlb_577080310edr_f0691768ncam00320m1,test_msl,big_rock,iou,,0,0,118491
unet__scratch__resnet34__in_rover__seed1416__gpu_full__57fe1694__gitc2c2860f__codebebd8b2d__20260715T233432076608Z,msl_ncam_nlb_577080310edr_f0691768ncam00320m1,test_msl,ALL,pixel_acc,1.0,0,0,118491
unet__scratch__resnet34__in_rover__seed1416__gpu_full__57fe1694__gitc2c2860f__codebebd8b2d__20260715T233432076608Z,msl_ncam_nlb_577080310edr_f0691768ncam00320m1,test_msl,ALL,boundary_f1,1.0,0,0,118491
unet__scratch__resnet34__in_rover__seed1416__gpu_full__57fe1694__gitc2c2860f__codebebd8b2d__20260715T233432076608Z,msl_ncam_nlb_577089308edr_f0691828ncam00379m1,test_msl,soil,iou,,0,0,0
unet__scratch__resnet34__in_rover__seed1416__gpu_full__57fe1694__gitc2c2860f__codebebd8b2d__20260715T233432076608Z,msl_ncam_nlb_577089308edr_f0691828ncam00379m1,test_msl,bedrock,iou,,0,0,0
unet__scratch__resnet34__in_rover__seed1416__gpu_full__57fe1694__gitc2c2860f__codebebd8b2d__20260715T233432076608Z,msl_ncam_nlb_577089308edr_f0691828ncam00379m1,test_msl,sand,iou,,0,0,0
unet__scratch__resnet34__in_rover__seed1416__gpu_full__57fe1694__gitc2c2860f__codebebd8b2d__20260715T233432076608Z,msl_ncam_nlb_577089308edr_f0691828ncam00379m1,test_msl,big_rock,iou,,0,0,0
unet__scratch__resnet34__in_rover__seed1416__gpu_full__57fe1694__gitc2c2860f__codebebd8b2d__20260715T233432076608Z,msl_ncam_nlb_577089308edr_f0691828ncam00379m1,test_msl,ALL,pixel_acc,,0,0,0
unet__scratch__resnet34__in_rover__seed1416__gpu_full__57fe1694__gitc2c2860f__codebebd8b2d__20260715T233432076608Z,msl_ncam_nlb_577089308edr_f0691828ncam00379m1,test_msl,ALL,boundary_f1,,0,0,0
unet__scratch__resnet34__in_rover__seed1416__gpu_full__57fe1694__gitc2c2860f__codebebd8b2d__20260715T233432076608Z,msl_ncam_nlb_577089970edr_f0691858ncam00286m1,test_msl,soil,iou,0.9985791548262902,21787,21818,99131
unet__scratch__resnet34__in_rover__seed1416__gpu_full__57fe1694__gitc2c2860f__codebebd8b2d__20260715T233432076608Z,msl_ncam_nlb_577089970edr_f0691858ncam00286m1,test_msl,bedrock,iou,0.9995165578921924,70295,70329,99131
unet__scratch__resnet34__in_rover__seed1416__gpu_full__57fe1694__gitc2c2860f__codebebd8b2d__20260715T233432076608Z,msl_ncam_nlb_577089970edr_f0691858ncam00286m1,test_msl,sand,iou,0.9995725277856939,7015,7018,99131
unet__scratch__resnet34__in_rover__seed1416__gpu_full__57fe1694__gitc2c2860f__codebebd8b2d__20260715T233432076608Z,msl_ncam_nlb_577089970edr_f0691858ncam00286m1,test_msl,big_rock,iou,,0,0,99131
unet__scratch__resnet34__in_rover__seed1416__gpu_full__57fe1694__gitc2c2860f__codebebd8b2d__20260715T233432076608Z,msl_ncam_nlb_577089970edr_f0691858ncam00286m1,test_msl,ALL,pixel_acc,0.9996570194994502,0,0,99131
unet__scratch__resnet34__in_rover__seed1416__gpu_full__57fe1694__gitc2c2860f__codebebd8b2d__20260715T233432076608Z,msl_ncam_nlb_577089970edr_f0691858ncam00286m1,test_msl,ALL,boundary_f1,0.9960756216831851,0,0,99131
unet__scratch__resnet34__in_rover__seed1416__gpu_full__57fe1694__gitc2c2860f__codebebd8b2d__20260715T233432076608Z,msl_ncam_nlb_577090033edr_f0691858ncam00286m1,test_msl,soil,iou,0.0,0,1144,49689
unet__scratch__resnet34__in_rover__seed1416__gpu_full__57fe1694__gitc2c2860f__codebebd8b2d__20260715T233432076608Z,msl_ncam_nlb_577090033edr_f0691858ncam00286m1,test_msl,bedrock,iou,0.9769767956690616,48545,49689,49689
unet__scratch__resnet34__in_rover__seed1416__gpu_full__57fe1694__gitc2c2860f__codebebd8b2d__20260715T233432076608Z,msl_ncam_nlb_577090033edr_f0691858ncam00286m1,test_msl,sand,iou,,0,0,49689
unet__scratch__resnet34__in_rover__seed1416__gpu_full__57fe1694__gitc2c2860f__codebebd8b2d__20260715T233432076608Z,msl_ncam_nlb_577090033edr_f0691858ncam00286m1,test_msl,big_rock,iou,,0,0,49689
unet__scratch__resnet34__in_rover__seed1416__gpu_full__57fe1694__gitc2c2860f__codebebd8b2d__20260715T233432076608Z,msl_ncam_nlb_577090033edr_f0691858ncam00286m1,test_msl,ALL,pixel_acc,0.9769767956690616,0,0,49689
unet__scratch__resnet34__in_rover__seed1416__gpu_full__57fe1694__gitc2c2860f__codebebd8b2d__20260715T233432076608Z,msl_ncam_nlb_577090033edr_f0691858ncam00286m1,test_msl,ALL,boundary_f1,0.4866857228825034,0,0,49689
unet__scratch__resnet34__in_rover__seed1416__gpu_full__57fe1694__gitc2c2860f__codebebd8b2d__20260715T233432076608Z,msl_ncam_nlb_577090148edr_f0691858ncam00286m1,test_msl,soil,iou,0.0,0,6250,7622
unet__scratch__resnet34__in_rover__seed1416__gpu_full__57fe1694__gitc2c2860f__codebebd8b2d__20260715T233432076608Z,msl_ncam_nlb_577090148edr_f0691858ncam00286m1,test_msl,bedrock,iou,0.180005247966413,1372,7622,7622
unet__scratch__resnet34__in_rover__seed1416__gpu_full__57fe1694__gitc2c2860f__codebebd8b2d__20260715T233432076608Z,msl_ncam_nlb_577090148edr_f0691858ncam00286m1,test_msl,sand,iou,,0,0,7622
unet__scratch__resnet34__in_rover__seed1416__gpu_full__57fe1694__gitc2c2860f__codebebd8b2d__20260715T233432076608Z,msl_ncam_nlb_577090148edr_f0691858ncam00286m1,test_msl,big_rock,iou,,0,0,7622
unet__scratch__resnet34__in_rover__seed1416__gpu_full__57fe1694__gitc2c2860f__codebebd8b2d__20260715T233432076608Z,msl_ncam_nlb_577090148edr_f0691858ncam00286m1,test_msl,ALL,pixel_acc,0.180005247966413,0,0,7622
unet__scratch__resnet34__in_rover__seed1416__gpu_full__57fe1694__gitc2c2860f__codebebd8b2d__20260715T233432076608Z,msl_ncam_nlb_577090148edr_f0691858ncam00286m1,test_msl,ALL,boundary_f1,0.24200426439232411,0,0,7622
unet__scratch__resnet34__in_rover__seed1416__gpu_full__57fe1694__gitc2c2860f__codebebd8b2d__20260715T233432076608Z,msl_ncam_nlb_577090437edr_f0691858ncam00312m1,test_msl,soil,iou,,0,0,91551
unet__scratch__resnet34__in_rover__seed1416__gpu_full__57fe1694__gitc2c2860f__codebebd8b2d__20260715T233432076608Z,msl_ncam_nlb_577090437edr_f0691858ncam00312m1,test_msl,bedrock,iou,0.0,0,31,91551
unet__scratch__resnet34__in_rover__seed1416__gpu_full__57fe1694__gitc2c2860f__codebebd8b2d__20260715T233432076608Z,msl_ncam_nlb_577090437edr_f0691858ncam00312m1,test_msl,sand,iou,0.9996613909187229,91520,91551,91551
unet__scratch__resnet34__in_rover__seed1416__gpu_full__57fe1694__gitc2c2860f__codebebd8b2d__20260715T233432076608Z,msl_ncam_nlb_577090437edr_f0691858ncam00312m1,test_msl,big_rock,iou,,0,0,91551
unet__scratch__resnet34__in_rover__seed1416__gpu_full__57fe1694__gitc2c2860f__codebebd8b2d__20260715T233432076608Z,msl_ncam_nlb_577090437edr_f0691858ncam00312m1,test_msl,ALL,pixel_acc,0.9996613909187229,0,0,91551
unet__scratch__resnet34__in_rover__seed1416__gpu_full__57fe1694__gitc2c2860f__codebebd8b2d__20260715T233432076608Z,msl_ncam_nlb_577090437edr_f0691858ncam00312m1,test_msl,ALL,boundary_f1,0.49910714285714286,0,0,91551
unet__scratch__resnet34__in_rover__seed1416__gpu_full__57fe1694__gitc2c2860f__codebebd8b2d__20260715T233432076608Z,msl_ncam_nlb_577090635edr_f0691858ncam00287m1,test_msl,soil,iou,,0,0,29086
unet__scratch__resnet34__in_rover__seed1416__gpu_full__57fe1694__gitc2c2860f__codebebd8b2d__20260715T233432076608Z,msl_ncam_nlb_577090635edr_f0691858ncam00287m1,test_msl,bedrock,iou,0.5217845939351691,2994,5738,29086
unet__scratch__resnet34__in_rover__seed1416__gpu_full__57fe1694__gitc2c2860f__codebebd8b2d__20260715T233432076608Z,msl_ncam_nlb_577090635edr_f0691858ncam00287m1,test_msl,sand,iou,0.8948336654913384,23348,26092,29086
unet__scratch__resnet34__in_rover__seed1416__gpu_full__57fe1694__gitc2c2860f__codebebd8b2d__20260715T233432076608Z,msl_ncam_nlb_577090635edr_f0691858ncam00287m1,test_msl,big_rock,iou,,0,0,29086
unet__scratch__resnet34__in_rover__seed1416__gpu_full__57fe1694__gitc2c2860f__codebebd8b2d__20260715T233432076608Z,msl_ncam_nlb_577090635edr_f0691858ncam00287m1,test_msl,ALL,pixel_acc,0.9056590799697449,0,0,29086
unet__scratch__resnet34__in_rover__seed1416__gpu_full__57fe1694__gitc2c2860f__codebebd8b2d__20260715T233432076608Z,msl_ncam_nlb_577090635edr_f0691858ncam00287m1,test_msl,ALL,boundary_f1,0.8244563187192038,0,0,29086
unet__scratch__resnet34__in_rover__seed1416__gpu_full__57fe1694__gitc2c2860f__codebebd8b2d__20260715T233432076608Z,msl_ncam_nlb_577090699edr_f0691858ncam00287m1,test_msl,soil,iou,,0,0,84812
unet__scratch__resnet34__in_rover__seed1416__gpu_full__57fe1694__gitc2c2860f__codebebd8b2d__20260715T233432076608Z,msl_ncam_nlb_577090699edr_f0691858ncam00287m1,test_msl,bedrock,iou,1.0,3640,3640,84812
unet__scratch__resnet34__in_rover__seed1416__gpu_full__57fe1694__gitc2c2860f__codebebd8b2d__20260715T233432076608Z,msl_ncam_nlb_577090699edr_f0691858ncam00287m1,test_msl,sand,iou,1.0,81172,81172,84812
unet__scratch__resnet34__in_rover__seed1416__gpu_full__57fe1694__gitc2c2860f__codebebd8b2d__20260715T233432076608Z,msl_ncam_nlb_577090699edr_f0691858ncam00287m1,test_msl,big_rock,iou,,0,0,84812
unet__scratch__resnet34__in_rover__seed1416__gpu_full__57fe1694__gitc2c2860f__codebebd8b2d__20260715T233432076608Z,msl_ncam_nlb_577090699edr_f0691858ncam00287m1,test_msl,ALL,pixel_acc,1.0,0,0,84812
unet__scratch__resnet34__in_rover__seed1416__gpu_full__57fe1694__gitc2c2860f__codebebd8b2d__20260715T233432076608Z,msl_ncam_nlb_577090699edr_f0691858ncam00287m1,test_msl,ALL,boundary_f1,1.0,0,0,84812
unet__scratch__resnet34__in_rover__seed1416__gpu_full__57fe1694__gitc2c2860f__codebebd8b2d__20260715T233432076608Z,msl_ncam_nlb_577090763edr_f0691858ncam00287m1,test_msl,soil,iou,1.0,22845,22845,81680
unet__scratch__resnet34__in_rover__seed1416__gpu_full__57fe1694__gitc2c2860f__codebebd8b2d__20260715T233432076608Z,msl_ncam_nlb_577090763edr_f0691858ncam00287m1,test_msl,bedrock,iou,0.9646332177003131,22802,23638,81680
unet__scratch__resnet34__in_rover__seed1416__gpu_full__57fe1694__gitc2c2860f__codebebd8b2d__20260715T233432076608Z,msl_ncam_nlb_577090763edr_f0691858ncam00287m1,test_msl,sand,iou,0.9767990453195682,35197,36033,81680
unet__scratch__resnet34__in_rover__seed1416__gpu_full__57fe1694__gitc2c2860f__codebebd8b2d__20260715T233432076608Z,msl_ncam_nlb_577090763edr_f0691858ncam00287m1,test_msl,big_rock,iou,,0,0,81680
unet__scratch__resnet34__in_rover__seed1416__gpu_full__57fe1694__gitc2c2860f__codebebd8b2d__20260715T233432076608Z,msl_ncam_nlb_577090763edr_f0691858ncam00287m1,test_msl,ALL,pixel_acc,0.9897649363369246,0,0,81680
unet__scratch__resnet34__in_rover__seed1416__gpu_full__57fe1694__gitc2c2860f__codebebd8b2d__20260715T233432076608Z,msl_ncam_nlb_577090763edr_f0691858ncam00287m1,test_msl,ALL,boundary_f1,0.9495890240610488,0,0,81680
unet__scratch__resnet34__in_rover__seed1416__gpu_full__57fe1694__gitc2c2860f__codebebd8b2d__20260715T233432076608Z,msl_ncam_nlb_577095146edr_f0691858ncam00376m1,test_msl,soil,iou,,0,0,131880
unet__scratch__resnet34__in_rover__seed1416__gpu_full__57fe1694__gitc2c2860f__codebebd8b2d__20260715T233432076608Z,msl_ncam_nlb_577095146edr_f0691858ncam00376m1,test_msl,bedrock,iou,,0,0,131880
unet__scratch__resnet34__in_rover__seed1416__gpu_full__57fe1694__gitc2c2860f__codebebd8b2d__20260715T233432076608Z,msl_ncam_nlb_577095146edr_f0691858ncam00376m1,test_msl,sand,iou,1.0,131880,131880,131880
unet__scratch__resnet34__in_rover__seed1416__gpu_full__57fe1694__gitc2c2860f__codebebd8b2d__20260715T233432076608Z,msl_ncam_nlb_577095146edr_f0691858ncam00376m1,test_msl,big_rock,iou,,0,0,131880
unet__scratch__resnet34__in_rover__seed1416__gpu_full__57fe1694__gitc2c2860f__codebebd8b2d__20260715T233432076608Z,msl_ncam_nlb_577095146edr_f0691858ncam00376m1,test_msl,ALL,pixel_acc,1.0,0,0,131880
unet__scratch__resnet34__in_rover__seed1416__gpu_full__57fe1694__gitc2c2860f__codebebd8b2d__20260715T233432076608Z,msl_ncam_nlb_577095146edr_f0691858ncam00376m1,test_msl,ALL,boundary_f1,1.0,0,0,131880
unet__scratch__resnet34__in_rover__seed1416__gpu_full__57fe1694__gitc2c2860f__codebebd8b2d__20260715T233432076608Z,msl_ncam_nlb_613564331edr_f0760274ncam00320m1,test_msl,soil,iou,1.0,100868,100868,100868
unet__scratch__resnet34__in_rover__seed1416__gpu_full__57fe1694__gitc2c2860f__codebebd8b2d__20260715T233432076608Z,msl_ncam_nlb_613564331edr_f0760274ncam00320m1,test_msl,bedrock,iou,,0,0,100868
unet__scratch__resnet34__in_rover__seed1416__gpu_full__57fe1694__gitc2c2860f__codebebd8b2d__20260715T233432076608Z,msl_ncam_nlb_613564331edr_f0760274ncam00320m1,test_msl,sand,iou,,0,0,100868
unet__scratch__resnet34__in_rover__seed1416__gpu_full__57fe1694__gitc2c2860f__codebebd8b2d__20260715T233432076608Z,msl_ncam_nlb_613564331edr_f0760274ncam00320m1,test_msl,big_rock,iou,,0,0,100868
unet__scratch__resnet34__in_rover__seed1416__gpu_full__57fe1694__gitc2c2860f__codebebd8b2d__20260715T233432076608Z,msl_ncam_nlb_613564331edr_f0760274ncam00320m1,test_msl,ALL,pixel_acc,1.0,0,0,100868
unet__scratch__resnet34__in_rover__seed1416__gpu_full__57fe1694__gitc2c2860f__codebebd8b2d__20260715T233432076608Z,msl_ncam_nlb_613564331edr_f0760274ncam00320m1,test_msl,ALL,boundary_f1,1.0,0,0,100868
unet__scratch__resnet34__in_rover__seed1416__gpu_full__57fe1694__gitc2c2860f__codebebd8b2d__20260715T233432076608Z,msl_ncam_nlb_613582793edr_f0760556ncam00385m1,test_msl,soil,iou,1.0,229198,229198,229198
unet__scratch__resnet34__in_rover__seed1416__gpu_full__57fe1694__gitc2c2860f__codebebd8b2d__20260715T233432076608Z,msl_ncam_nlb_613582793edr_f0760556ncam00385m1,test_msl,bedrock,iou,,0,0,229198
unet__scratch__resnet34__in_rover__seed1416__gpu_full__57fe1694__gitc2c2860f__codebebd8b2d__20260715T233432076608Z,msl_ncam_nlb_613582793edr_f0760556ncam00385m1,test_msl,sand,iou,,0,0,229198
unet__scratch__resnet34__in_rover__seed1416__gpu_full__57fe1694__gitc2c2860f__codebebd8b2d__20260715T233432076608Z,msl_ncam_nlb_613582793edr_f0760556ncam00385m1,test_msl,big_rock,iou,,0,0,229198
unet__scratch__resnet34__in_rover__seed1416__gpu_full__57fe1694__gitc2c2860f__codebebd8b2d__20260715T233432076608Z,msl_ncam_nlb_613582793edr_f0760556ncam00385m1,test_msl,ALL,pixel_acc,1.0,0,0,229198
unet__scratch__resnet34__in_rover__seed1416__gpu_full__57fe1694__gitc2c2860f__codebebd8b2d__20260715T233432076608Z,msl_ncam_nlb_613582793edr_f0760556ncam00385m1,test_msl,ALL,boundary_f1,1.0,0,0,229198
unet__scratch__resnet34__in_rover__seed1416__gpu_full__57fe1694__gitc2c2860f__codebebd8b2d__20260715T233432076608Z,msl_ncam_nlb_613583192edr_f0760568ncam00375m1,test_msl,soil,iou,1.0,148104,148104,148104
unet__scratch__resnet34__in_rover__seed1416__gpu_full__57fe1694__gitc2c2860f__codebebd8b2d__20260715T233432076608Z,msl_ncam_nlb_613583192edr_f0760568ncam00375m1,test_msl,bedrock,iou,,0,0,148104
unet__scratch__resnet34__in_rover__seed1416__gpu_full__57fe1694__gitc2c2860f__codebebd8b2d__20260715T233432076608Z,msl_ncam_nlb_613583192edr_f0760568ncam00375m1,test_msl,sand,iou,,0,0,148104
unet__scratch__resnet34__in_rover__seed1416__gpu_full__57fe1694__gitc2c2860f__codebebd8b2d__20260715T233432076608Z,msl_ncam_nlb_613583192edr_f0760568ncam00375m1,test_msl,big_rock,iou,,0,0,148104
unet__scratch__resnet34__in_rover__seed1416__gpu_full__57fe1694__gitc2c2860f__codebebd8b2d__20260715T233432076608Z,msl_ncam_nlb_613583192edr_f0760568ncam00375m1,test_msl,ALL,pixel_acc,1.0,0,0,148104
unet__scratch__resnet34__in_rover__seed1416__gpu_full__57fe1694__gitc2c2860f__codebebd8b2d__20260715T233432076608Z,msl_ncam_nlb_613583192edr_f0760568ncam00375m1,test_msl,ALL,boundary_f1,1.0,0,0,148104
unet__scratch__resnet34__in_rover__seed1416__gpu_full__57fe1694__gitc2c2860f__codebebd8b2d__20260715T233432076608Z,msl_ncam_nlb_613583340edr_f0760568ncam00280m1,test_msl,soil,iou,1.0,240254,240254,240254
unet__scratch__resnet34__in_rover__seed1416__gpu_full__57fe1694__gitc2c2860f__codebebd8b2d__20260715T233432076608Z,msl_ncam_nlb_613583340edr_f0760568ncam00280m1,test_msl,bedrock,iou,,0,0,240254
unet__scratch__resnet34__in_rover__seed1416__gpu_full__57fe1694__gitc2c2860f__codebebd8b2d__20260715T233432076608Z,msl_ncam_nlb_613583340edr_f0760568ncam00280m1,test_msl,sand,iou,,0,0,240254
unet__scratch__resnet34__in_rover__seed1416__gpu_full__57fe1694__gitc2c2860f__codebebd8b2d__20260715T233432076608Z,msl_ncam_nlb_613583340edr_f0760568ncam00280m1,test_msl,big_rock,iou,,0,0,240254
unet__scratch__resnet34__in_rover__seed1416__gpu_full__57fe1694__gitc2c2860f__codebebd8b2d__20260715T233432076608Z,msl_ncam_nlb_613583340edr_f0760568ncam00280m1,test_msl,ALL,pixel_acc,1.0,0,0,240254
unet__scratch__resnet34__in_rover__seed1416__gpu_full__57fe1694__gitc2c2860f__codebebd8b2d__20260715T233432076608Z,msl_ncam_nlb_613583340edr_f0760568ncam00280m1,test_msl,ALL,boundary_f1,1.0,0,0,240254
unet__scratch__resnet34__in_rover__seed1416__gpu_full__57fe1694__gitc2c2860f__codebebd8b2d__20260715T233432076608Z,msl_ncam_nlb_613583373edr_f0760568ncam00280m1,test_msl,soil,iou,1.0,197718,197718,197718
unet__scratch__resnet34__in_rover__seed1416__gpu_full__57fe1694__gitc2c2860f__codebebd8b2d__20260715T233432076608Z,msl_ncam_nlb_613583373edr_f0760568ncam00280m1,test_msl,bedrock,iou,,0,0,197718
unet__scratch__resnet34__in_rover__seed1416__gpu_full__57fe1694__gitc2c2860f__codebebd8b2d__20260715T233432076608Z,msl_ncam_nlb_613583373edr_f0760568ncam00280m1,test_msl,sand,iou,,0,0,197718
unet__scratch__resnet34__in_rover__seed1416__gpu_full__57fe1694__gitc2c2860f__codebebd8b2d__20260715T233432076608Z,msl_ncam_nlb_613583373edr_f0760568ncam00280m1,test_msl,big_rock,iou,,0,0,197718
unet__scratch__resnet34__in_rover__seed1416__gpu_full__57fe1694__gitc2c2860f__codebebd8b2d__20260715T233432076608Z,msl_ncam_nlb_613583373edr_f0760568ncam00280m1,test_msl,ALL,pixel_acc,1.0,0,0,197718
unet__scratch__resnet34__in_rover__seed1416__gpu_full__57fe1694__gitc2c2860f__codebebd8b2d__20260715T233432076608Z,msl_ncam_nlb_613583373edr_f0760568ncam00280m1,test_msl,ALL,boundary_f1,1.0,0,0,197718
unet__scratch__resnet34__in_rover__seed1416__gpu_full__57fe1694__gitc2c2860f__codebebd8b2d__20260715T233432076608Z,msl_ncam_nlb_613583763edr_f0760568ncam00354m1,test_msl,soil,iou,1.0,224188,224188,224188
unet__scratch__resnet34__in_rover__seed1416__gpu_full__57fe1694__gitc2c2860f__codebebd8b2d__20260715T233432076608Z,msl_ncam_nlb_613583763edr_f0760568ncam00354m1,test_msl,bedrock,iou,,0,0,224188
unet__scratch__resnet34__in_rover__seed1416__gpu_full__57fe1694__gitc2c2860f__codebebd8b2d__20260715T233432076608Z,msl_ncam_nlb_613583763edr_f0760568ncam00354m1,test_msl,sand,iou,,0,0,224188
unet__scratch__resnet34__in_rover__seed1416__gpu_full__57fe1694__gitc2c2860f__codebebd8b2d__20260715T233432076608Z,msl_ncam_nlb_613583763edr_f0760568ncam00354m1,test_msl,big_rock,iou,,0,0,224188
unet__scratch__resnet34__in_rover__seed1416__gpu_full__57fe1694__gitc2c2860f__codebebd8b2d__20260715T233432076608Z,msl_ncam_nlb_613583763edr_f0760568ncam00354m1,test_msl,ALL,pixel_acc,1.0,0,0,224188
unet__scratch__resnet34__in_rover__seed1416__gpu_full__57fe1694__gitc2c2860f__codebebd8b2d__20260715T233432076608Z,msl_ncam_nlb_613583763edr_f0760568ncam00354m1,test_msl,ALL,boundary_f1,1.0,0,0,224188
unet__scratch__resnet34__in_rover__seed1416__gpu_full__57fe1694__gitc2c2860f__codebebd8b2d__20260715T233432076608Z,msl_ncam_nlb_613583877edr_f0760568ncam00354m1,test_msl,soil,iou,1.0,156354,156354,156354
unet__scratch__resnet34__in_rover__seed1416__gpu_full__57fe1694__gitc2c2860f__codebebd8b2d__20260715T233432076608Z,msl_ncam_nlb_613583877edr_f0760568ncam00354m1,test_msl,bedrock,iou,,0,0,156354
unet__scratch__resnet34__in_rover__seed1416__gpu_full__57fe1694__gitc2c2860f__codebebd8b2d__20260715T233432076608Z,msl_ncam_nlb_613583877edr_f0760568ncam00354m1,test_msl,sand,iou,,0,0,156354
unet__scratch__resnet34__in_rover__seed1416__gpu_full__57fe1694__gitc2c2860f__codebebd8b2d__20260715T233432076608Z,msl_ncam_nlb_613583877edr_f0760568ncam00354m1,test_msl,big_rock,iou,,0,0,156354
unet__scratch__resnet34__in_rover__seed1416__gpu_full__57fe1694__gitc2c2860f__codebebd8b2d__20260715T233432076608Z,msl_ncam_nlb_613583877edr_f0760568ncam00354m1,test_msl,ALL,pixel_acc,1.0,0,0,156354
unet__scratch__resnet34__in_rover__seed1416__gpu_full__57fe1694__gitc2c2860f__codebebd8b2d__20260715T233432076608Z,msl_ncam_nlb_613583877edr_f0760568ncam00354m1,test_msl,ALL,boundary_f1,1.0,0,0,156354
unet__scratch__resnet34__in_rover__seed1416__gpu_full__57fe1694__gitc2c2860f__codebebd8b2d__20260715T233432076608Z,msl_ncam_nlb_613584057edr_f0760568ncam00281m1,test_msl,soil,iou,0.9906473574121691,148714,150118,150118
unet__scratch__resnet34__in_rover__seed1416__gpu_full__57fe1694__gitc2c2860f__codebebd8b2d__20260715T233432076608Z,msl_ncam_nlb_613584057edr_f0760568ncam00281m1,test_msl,bedrock,iou,,0,0,150118
unet__scratch__resnet34__in_rover__seed1416__gpu_full__57fe1694__gitc2c2860f__codebebd8b2d__20260715T233432076608Z,msl_ncam_nlb_613584057edr_f0760568ncam00281m1,test_msl,sand,iou,0.0,0,1404,150118
unet__scratch__resnet34__in_rover__seed1416__gpu_full__57fe1694__gitc2c2860f__codebebd8b2d__20260715T233432076608Z,msl_ncam_nlb_613584057edr_f0760568ncam00281m1,test_msl,big_rock,iou,,0,0,150118
unet__scratch__resnet34__in_rover__seed1416__gpu_full__57fe1694__gitc2c2860f__codebebd8b2d__20260715T233432076608Z,msl_ncam_nlb_613584057edr_f0760568ncam00281m1,test_msl,ALL,pixel_acc,0.9906473574121691,0,0,150118
unet__scratch__resnet34__in_rover__seed1416__gpu_full__57fe1694__gitc2c2860f__codebebd8b2d__20260715T233432076608Z,msl_ncam_nlb_613584057edr_f0760568ncam00281m1,test_msl,ALL,boundary_f1,0.47908516400842616,0,0,150118
unet__scratch__resnet34__in_rover__seed1416__gpu_full__57fe1694__gitc2c2860f__codebebd8b2d__20260715T233432076608Z,msl_ncam_nlb_613584326edr_f0760568ncam00281m1,test_msl,soil,iou,0.7274131274131274,77244,106190,107819
unet__scratch__resnet34__in_rover__seed1416__gpu_full__57fe1694__gitc2c2860f__codebebd8b2d__20260715T233432076608Z,msl_ncam_nlb_613584326edr_f0760568ncam00281m1,test_msl,bedrock,iou,,0,0,107819
unet__scratch__resnet34__in_rover__seed1416__gpu_full__57fe1694__gitc2c2860f__codebebd8b2d__20260715T233432076608Z,msl_ncam_nlb_613584326edr_f0760568ncam00281m1,test_msl,sand,iou,0.05327882256745707,1629,30575,107819
unet__scratch__resnet34__in_rover__seed1416__gpu_full__57fe1694__gitc2c2860f__codebebd8b2d__20260715T233432076608Z,msl_ncam_nlb_613584326edr_f0760568ncam00281m1,test_msl,big_rock,iou,,0,0,107819
unet__scratch__resnet34__in_rover__seed1416__gpu_full__57fe1694__gitc2c2860f__codebebd8b2d__20260715T233432076608Z,msl_ncam_nlb_613584326edr_f0760568ncam00281m1,test_msl,ALL,pixel_acc,0.7315315482428886,0,0,107819
unet__scratch__resnet34__in_rover__seed1416__gpu_full__57fe1694__gitc2c2860f__codebebd8b2d__20260715T233432076608Z,msl_ncam_nlb_613584326edr_f0760568ncam00281m1,test_msl,ALL,boundary_f1,0.45850033617455044,0,0,107819
